stage,bounds,benchmark,engine,kind,unit,main_median,branch_median,absolute_increase,increase_percent,p,unadjusted_p_below_005,samples_each,benchtime,note
full screen,explicit,BenchmarkWazeroCompile/ruby,wazero,time,ns/op,5216625897,5262270219,45644322,0.8749778669436381,0.008658008658008658,true,6,100ms,Measured increase; p-values are not adjusted for multiple comparisons.
full screen,explicit,BenchmarkWazeroCompile/esbuild,wazero,time,ns/op,3165120124,3192396287,27276163,0.8617733903106606,0.06493506493506493,false,6,100ms,Measured increase; p-values are not adjusted for multiple comparisons.
full screen,explicit,BenchmarkWazeroCompile/regexmatch,wazero,time,ns/op,270010222,273488331.5,3478109.5,1.2881399356799106,0.9372294372294372,false,6,100ms,Measured increase; p-values are not adjusted for multiple comparisons.
full screen,signals,BenchmarkWazeroCompile/sqlite3,wazero,time,ns/op,319942112.5,323324801,3382688.5,1.0572814168062994,0.6991341991341992,false,6,100ms,Measured increase; p-values are not adjusted for multiple comparisons.
full screen,explicit,BenchmarkWazeroCompile/lua,wazero,time,ns/op,75123553,78488248.5,3364695.5,4.4788822754429525,0.0021645021645021645,true,6,100ms,Measured increase; p-values are not adjusted for multiple comparisons.
full screen,signals,BenchmarkWazeroExec/coremark.coremark_run,wazero,time,ns/op,51959230,54447902.5,2488672.5,4.789663934588706,0.6991341991341992,false,6,100ms,Measured increase; p-values are not adjusted for multiple comparisons.
full screen,signals,BenchmarkPluginExec/ruby,wago,time,ns/op,18632097,19142940.5,510843.5,2.741739161190493,0.5887445887445888,false,6,100ms,Measured increase; p-values are not adjusted for multiple comparisons.
full screen,explicit,BenchmarkWazeroCompile/wasm3,wazero,time,ns/op,42753225,43070527,317302,0.7421709122528153,0.3939393939393939,false,6,100ms,Measured increase; p-values are not adjusted for multiple comparisons.
full screen,explicit,BenchmarkWazeroCompile/zstd,wazero,time,ns/op,26571802.5,26813432,241629.5,0.9093455364949321,0.8181818181818182,false,6,100ms,Measured increase; p-values are not adjusted for multiple comparisons.
full screen,explicit,BenchmarkWazeroCompile/zlib,wazero,time,ns/op,6075940.5,6177880.5,101940,1.677764948488214,0.025974025974025976,true,6,100ms,Measured increase; p-values are not adjusted for multiple comparisons.
full screen,signals,BenchmarkPluginExec/esbuild,wago,time,ns/op,24779512,24881443.5,101931.5,0.4113539443391767,0.3939393939393939,false,6,100ms,Measured increase; p-values are not adjusted for multiple comparisons.
full screen,explicit,BenchmarkWazeroCompile/json-as-simd,wazero,time,ns/op,6158720,6242830.5,84110.5,1.3657139795282047,0.30952380952380953,false,6,100ms,Measured increase; p-values are not adjusted for multiple comparisons.
full screen,explicit,BenchmarkWazeroCompile/coremark,wazero,time,ns/op,2590359,2662578,72219,2.787991934708667,0.17965367965367965,false,6,100ms,Measured increase; p-values are not adjusted for multiple comparisons.
full screen,explicit,BenchmarkWazeroCompile/lz4,wazero,time,ns/op,936597,988865.5,52268.5,5.580681979549373,0.04112554112554113,true,6,100ms,Measured increase; p-values are not adjusted for multiple comparisons.
full screen,explicit,BenchmarkWazeroCompile/isa_simd_i32x4,wazero,time,ns/op,985914,1018950.5,33036.5,3.350850074144396,0.06493506493506493,false,6,100ms,Measured increase; p-values are not adjusted for multiple comparisons.
full screen,explicit,BenchmarkWazeroCompile/raytrace,wazero,time,ns/op,1100259,1132558,32299,2.935581531257636,0.09307359307359307,false,6,100ms,Measured increase; p-values are not adjusted for multiple comparisons.
full screen,explicit,BenchmarkWazeroCompile/qoi,wazero,time,ns/op,822709,847223,24514,2.97966838821504,0.30952380952380953,false,6,100ms,Measured increase; p-values are not adjusted for multiple comparisons.
full screen,explicit,BenchmarkWazeroCompile/isa_ctl,wazero,time,ns/op,433277.5,455241.5,21964,5.06926854036962,0.0021645021645021645,true,6,100ms,Measured increase; p-values are not adjusted for multiple comparisons.
full screen,explicit,BenchmarkKernels/run#01,wago,time,ns/op,10692896,10711479.5,18583.5,0.17379295562212072,0.9372294372294372,false,6,100ms,Measured increase; p-values are not adjusted for multiple comparisons.
full screen,explicit,BenchmarkWazeroCompile/blake-as-simd,wazero,time,ns/op,2345494.5,2363537.5,18043,0.7692620895082047,0.30952380952380953,false,6,100ms,Measured increase; p-values are not adjusted for multiple comparisons.
full screen,signals,BenchmarkWazeroCompile/raytrace,wazero,time,ns/op,1109643.5,1126925.5,17282,1.557437140847484,0.48484848484848486,false,6,100ms,Measured increase; p-values are not adjusted for multiple comparisons.
full screen,explicit,BenchmarkWazeroCompile/blake-as,wazero,time,ns/op,776485.5,792276.5,15791,2.0336503386090277,0.06493506493506493,false,6,100ms,Measured increase; p-values are not adjusted for multiple comparisons.
full screen,explicit,BenchmarkWazeroCompile/spectralnorm,wazero,time,ns/op,365828.5,381049,15220.5,4.1605561075749975,0.09307359307359307,false,6,100ms,Measured increase; p-values are not adjusted for multiple comparisons.
full screen,explicit,BenchmarkWazeroCompile/utf-as-simd,wazero,time,ns/op,1977087.5,1991498,14410.5,0.7288751762377643,0.30952380952380953,false,6,100ms,Measured increase; p-values are not adjusted for multiple comparisons.
full screen,signals,BenchmarkWazeroCompile/blake-as-simd,wazero,time,ns/op,2362921.5,2376319.5,13398,0.5670099493360281,0.3939393939393939,false,6,100ms,Measured increase; p-values are not adjusted for multiple comparisons.
full screen,explicit,BenchmarkWazeroCompile/json-as,wazero,time,ns/op,5435061.5,5448211,13149.5,0.24193838468984374,0.3939393939393939,false,6,100ms,Measured increase; p-values are not adjusted for multiple comparisons.
full screen,explicit,BenchmarkWazeroCompile/utf-as,wazero,time,ns/op,658355,670545.5,12190.5,1.8516605782594509,0.0021645021645021645,true,6,100ms,Measured increase; p-values are not adjusted for multiple comparisons.
full screen,signals,BenchmarkWazeroCompile/isa_i32,wazero,time,ns/op,632244.5,644128.5,11884,1.8796525711176626,0.5887445887445888,false,6,100ms,Measured increase; p-values are not adjusted for multiple comparisons.
full screen,explicit,BenchmarkExec/blake-as-simd.hashN,wago,time,ns/op,517518.5,529217,11698.5,2.2604989000393205,0.06493506493506493,false,6,100ms,Measured increase; p-values are not adjusted for multiple comparisons.
full screen,explicit,BenchmarkWazeroCompile/isa_simd_i8x16,wazero,time,ns/op,757020.5,768180.5,11160,1.474200500514855,0.010822510822510822,true,6,100ms,Measured increase; p-values are not adjusted for multiple comparisons.
full screen,explicit,BenchmarkWazeroCompile/isa_simd_i16x8,wazero,time,ns/op,948107.5,958639.5,10532,1.1108444981186238,0.30952380952380953,false,6,100ms,Measured increase; p-values are not adjusted for multiple comparisons.
full screen,signals,BenchmarkWazeroExec/fib_rec.fib,wazero,time,ns/op,2025388.5,2035654.5,10266,0.5068657198359805,0.5887445887445888,false,6,100ms,Measured increase; p-values are not adjusted for multiple comparisons.
full screen,explicit,BenchmarkWazeroCompile/quicksort,wazero,time,ns/op,295590.5,305236.5,9646,3.2632983806989646,0.004329004329004329,true,6,100ms,Measured increase; p-values are not adjusted for multiple comparisons.
full screen,explicit,BenchmarkExecParallel/independent/fib_rec.fib,wago,time,ns/op,177059.5,186644,9584.5,5.413152075997041,0.30952380952380953,false,6,100ms,"Throughput time, not one-call latency."
full screen,signals,BenchmarkExec/blake3.blake3_hash,wago,time,ns/op,326295,335141.5,8846.5,2.7111969230297683,0.30952380952380953,false,6,100ms,Measured increase; p-values are not adjusted for multiple comparisons.
full screen,explicit,BenchmarkWazeroCompile/fannkuch,wazero,time,ns/op,609293,617219,7926,1.3008519710549837,0.30952380952380953,false,6,100ms,Measured increase; p-values are not adjusted for multiple comparisons.
full screen,explicit,BenchmarkWazeroCompile/isa_simd_f64x2,wazero,time,ns/op,550394.5,558217.5,7823,1.4213441449723696,0.04112554112554113,true,6,100ms,Measured increase; p-values are not adjusted for multiple comparisons.
full screen,signals,BenchmarkWazeroCompile/isa_i64,wazero,time,ns/op,618203,624296.5,6093.5,0.9856794612772779,0.24025974025974026,false,6,100ms,Measured increase; p-values are not adjusted for multiple comparisons.
full screen,signals,BenchmarkWazeroCompile/qoi,wazero,time,ns/op,820375.5,826073.5,5698,0.6945599911260203,0.3939393939393939,false,6,100ms,Measured increase; p-values are not adjusted for multiple comparisons.
full screen,signals,BenchmarkWazeroCompile/sha256,wazero,time,ns/op,391303,396587,5284,1.350360206796264,0.30952380952380953,false,6,100ms,Measured increase; p-values are not adjusted for multiple comparisons.
full screen,explicit,BenchmarkWazeroCompile/isa_f32,wazero,time,ns/op,392320.5,397384,5063.5,1.2906539423761965,0.3939393939393939,false,6,100ms,Measured increase; p-values are not adjusted for multiple comparisons.
full screen,explicit,BenchmarkWazeroCompile/isa_i64,wazero,time,ns/op,623529,628465,4936,0.7916231642794536,0.6991341991341992,false,6,100ms,Measured increase; p-values are not adjusted for multiple comparisons.
full screen,signals,BenchmarkExecParallel/independent/blake-as.hashN,wago,time,ns/op,91838,96518,4680,5.095929789411779,0.13203463203463203,false,6,100ms,"Throughput time, not one-call latency."
full screen,explicit,BenchmarkExecParallel/process/raytrace.render,wago,time,ns/op,361341.5,365986.5,4645,1.2854875512499975,0.13203463203463203,false,6,100ms,"Throughput time, not one-call latency."
full screen,explicit,BenchmarkKernels/hashN,wago,time,ns/op,300326,304907.5,4581.5,1.5255089469443206,0.30952380952380953,false,6,100ms,Measured increase; p-values are not adjusted for multiple comparisons.
full screen,signals,BenchmarkWazeroCompile/isa_call,wazero,time,ns/op,187739.5,192296,4556.5,2.427033202922124,0.09307359307359307,false,6,100ms,Measured increase; p-values are not adjusted for multiple comparisons.
full screen,signals,BenchmarkWazeroCompile/nbody,wazero,time,ns/op,357702.5,362152,4449.5,1.243910791789271,0.5887445887445888,false,6,100ms,Measured increase; p-values are not adjusted for multiple comparisons.
full screen,signals,BenchmarkWazeroCompile/many_funcs,wazero,time,ns/op,1021151.5,1025545,4393.5,0.43024957609130166,0.8181818181818182,false,6,100ms,Measured increase; p-values are not adjusted for multiple comparisons.
full screen,signals,BenchmarkExecCommuteSelfUpdate/blake-as-simd.hashN/on,wago,time,ns/op,510058.5,514286,4227.5,0.8288264973527637,0.24025974025974026,false,6,100ms,Measured increase; p-values are not adjusted for multiple comparisons.
full screen,signals,BenchmarkWazeroInstantiate/lz4,wazero,time,ns/op,85569.5,89694,4124.5,4.820058548898842,0.3939393939393939,false,6,100ms,Measured increase; p-values are not adjusted for multiple comparisons.
full screen,explicit,BenchmarkWazeroCompile/swar-pack-parse,wazero,time,ns/op,82630,86547,3917,4.740409052402272,0.04112554112554113,true,6,100ms,Measured increase; p-values are not adjusted for multiple comparisons.
full screen,signals,BenchmarkKernels/render,wago,time,ns/op,354522.5,358353.5,3831,1.0806084240069458,0.24025974025974026,false,6,100ms,Measured increase; p-values are not adjusted for multiple comparisons.
full screen,explicit,BenchmarkExec/utf-as-simd.validateN,wago,time,ns/op,148630,152307.5,3677.5,2.474264953239591,0.09307359307359307,false,6,100ms,Measured increase; p-values are not adjusted for multiple comparisons.
full screen,explicit,BenchmarkExecParallel/process/blake-as.hashN,wago,time,ns/op,645042,648694,3652,0.5661646838500456,0.3939393939393939,false,6,100ms,"Throughput time, not one-call latency."
full screen,signals,BenchmarkWazeroInstantiate/zstd,wazero,time,ns/op,89391.5,92821.5,3430,3.8370538585883462,0.8181818181818182,false,6,100ms,Measured increase; p-values are not adjusted for multiple comparisons.
full screen,signals,BenchmarkWazeroExec/utf-as-simd.validateN,wazero,time,ns/op,179267,182602,3335,1.8603535508487257,0.3939393939393939,false,6,100ms,Measured increase; p-values are not adjusted for multiple comparisons.
full screen,explicit,BenchmarkExecParallel/process/fib_rec.fib,wago,time,ns/op,177587,180875,3288,1.8514868768547244,0.3939393939393939,false,6,100ms,"Throughput time, not one-call latency."
full screen,explicit,BenchmarkWazeroCompile/matmul,wazero,time,ns/op,316911.5,320123.5,3212,1.0135321690756038,0.025974025974025976,true,6,100ms,Measured increase; p-values are not adjusted for multiple comparisons.
full screen,signals,BenchmarkWazeroInstantiate/qoi,wazero,time,ns/op,83542,86700.5,3158.5,3.7807330444566745,0.04112554112554113,true,6,100ms,Measured increase; p-values are not adjusted for multiple comparisons.
full screen,signals,BenchmarkExec/blake-as.hashN,wago,time,ns/op,651657.5,654731.5,3074,0.4717201904374635,0.6991341991341992,false,6,100ms,Measured increase; p-values are not adjusted for multiple comparisons.
full screen,explicit,BenchmarkWazeroInstantiate/sha256,wazero,time,ns/op,48363.5,51404.5,3041,6.287799683645723,0.04112554112554113,true,6,100ms,Measured increase; p-values are not adjusted for multiple comparisons.
full screen,explicit,BenchmarkWazeroExec/spectralnorm.run,wazero,time,ns/op,902561.5,905442.5,2881,0.3192026249734692,0.17965367965367965,false,6,100ms,Measured increase; p-values are not adjusted for multiple comparisons.
full screen,explicit,BenchmarkWazeroInstantiate/crc32,wazero,time,ns/op,49113.5,51897.5,2784,5.668502550215315,0.09307359307359307,false,6,100ms,Measured increase; p-values are not adjusted for multiple comparisons.
full screen,explicit,BenchmarkWazeroExec/blake-as-simd.hashN,wazero,time,ns/op,502725,505503,2778,0.5525883932567588,0.3939393939393939,false,6,100ms,Measured increase; p-values are not adjusted for multiple comparisons.
full screen,explicit,BenchmarkWazeroCompile/xjb-mulhi,wazero,time,ns/op,77577.5,80344,2766.5,3.566111308046782,0.30952380952380953,false,6,100ms,Measured increase; p-values are not adjusted for multiple comparisons.
full screen,signals,BenchmarkWazeroInstantiate/sha256,wazero,time,ns/op,49728,52367,2639,5.306869369369371,0.008658008658008658,true,6,100ms,Measured increase; p-values are not adjusted for multiple comparisons.
full screen,explicit,BenchmarkExec/blake-as.hashN,wago,time,ns/op,635148.5,637780,2631.5,0.4143125584016971,0.5887445887445888,false,6,100ms,Measured increase; p-values are not adjusted for multiple comparisons.
full screen,explicit,BenchmarkWazeroCompile/memory_tree,wazero,time,ns/op,85462,88077,2615,3.0598394608129853,0.025974025974025976,true,6,100ms,Measured increase; p-values are not adjusted for multiple comparisons.
full screen,signals,BenchmarkWazeroExec/nbody.step,wazero,time,ns/op,333962.5,336536,2573.5,0.7705955009918775,0.30952380952380953,false,6,100ms,Measured increase; p-values are not adjusted for multiple comparisons.
full screen,explicit,BenchmarkWazeroExec/utf-as.convertN,wazero,time,ns/op,193172,195615.5,2443.5,1.2649348766901936,0.3939393939393939,false,6,100ms,Measured increase; p-values are not adjusted for multiple comparisons.
full screen,explicit,BenchmarkKernels/render,wago,time,ns/op,356058,358408,2350,0.660004830673655,0.8181818181818182,false,6,100ms,Measured increase; p-values are not adjusted for multiple comparisons.
full screen,explicit,BenchmarkKernels/run,wago,time,ns/op,619442,621780,2338,0.3774364670138697,0.24025974025974026,false,6,100ms,Measured increase; p-values are not adjusted for multiple comparisons.
full screen,signals,BenchmarkWazeroInstantiate/raytrace,wazero,time,ns/op,48518,50807.5,2289.5,4.718867224535228,0.13203463203463203,false,6,100ms,Measured increase; p-values are not adjusted for multiple comparisons.
full screen,explicit,BenchmarkWazeroInstantiate/quicksort,wazero,time,ns/op,47639.5,49917.5,2278,4.781746239989926,0.5887445887445888,false,6,100ms,Measured increase; p-values are not adjusted for multiple comparisons.
full screen,explicit,BenchmarkExec/isa_i64.div_s,wago,time,ns/op,164881.5,167146,2264.5,1.373410600946734,0.9372294372294372,false,6,100ms,Measured increase; p-values are not adjusted for multiple comparisons.
full screen,explicit,BenchmarkWazeroCompile/isa_simd_v128,wazero,time,ns/op,184241,186486.5,2245.5,1.2187840925744098,0.04112554112554113,true,6,100ms,Measured increase; p-values are not adjusted for multiple comparisons.
full screen,signals,BenchmarkWazeroCompile/dispatch,wazero,time,ns/op,70323.5,72530,2206.5,3.1376424666007763,0.6991341991341992,false,6,100ms,Measured increase; p-values are not adjusted for multiple comparisons.
full screen,signals,BenchmarkKernels/run,wago,time,ns/op,615915.5,618082,2166.5,0.3517527972587198,0.3939393939393939,false,6,100ms,Measured increase; p-values are not adjusted for multiple comparisons.
full screen,signals,BenchmarkExecCommuteSelfUpdate/blake-as.hashN/on,wago,time,ns/op,652389,654532,2143,0.3284849989806604,0.24025974025974026,false,6,100ms,Measured increase; p-values are not adjusted for multiple comparisons.
full screen,signals,BenchmarkExecParallel/independent/utf-as.convertN,wago,time,ns/op,22959.5,25102.5,2143,9.33382695616194,0.04112554112554113,true,6,100ms,"Throughput time, not one-call latency."
full screen,signals,BenchmarkWazeroCompile/memory_tree,wazero,time,ns/op,85804.5,87945.5,2141,2.4952071278312893,0.9372294372294372,false,6,100ms,Measured increase; p-values are not adjusted for multiple comparisons.
full screen,signals,BenchmarkExec/spectralnorm.run,wago,time,ns/op,616202.5,618316,2113.5,0.34298789764728443,0.5887445887445888,false,6,100ms,Measured increase; p-values are not adjusted for multiple comparisons.
full screen,explicit,BenchmarkExecParallel/process/fannkuch.run,wago,time,ns/op,1059189,1061290,2101,0.19835931075569135,0.8181818181818182,false,6,100ms,"Throughput time, not one-call latency."
full screen,explicit,BenchmarkExecParallel/independent/utf-as.convertN,wago,time,ns/op,184195.5,186289,2093.5,1.136564139731977,0.8181818181818182,false,6,100ms,"Throughput time, not one-call latency."
full screen,explicit,BenchmarkExecParallel/process/matmul.run,wago,time,ns/op,141694,143761.5,2067.5,1.4591302384010518,0.17965367965367965,false,6,100ms,"Throughput time, not one-call latency."
full screen,signals,BenchmarkExecCommuteSelfUpdate/spectralnorm.run/off,wago,time,ns/op,614984,617030,2046,0.3326915822200238,0.9372294372294372,false,6,100ms,Measured increase; p-values are not adjusted for multiple comparisons.
full screen,signals,BenchmarkExecParallel/independent/blake-as-simd.hashN,wago,time,ns/op,73373,75418.5,2045.5,2.787810229921095,0.5887445887445888,false,6,100ms,"Throughput time, not one-call latency."
full screen,explicit,BenchmarkExecParallel/process/spectralnorm.run,wago,time,ns/op,621673.5,623666,1992.5,0.3205058603913402,0.5887445887445888,false,6,100ms,"Throughput time, not one-call latency."
full screen,explicit,BenchmarkExecParallel/independent/utf-as-simd.validateN,wago,time,ns/op,22887,24820.5,1933.5,8.448027264385892,0.004329004329004329,true,6,100ms,"Throughput time, not one-call latency."
full screen,explicit,BenchmarkWazeroCompile/isa_simd_i64x2,wazero,time,ns/op,717283,719131,1848,0.2576388956660125,0.3939393939393939,false,6,100ms,Measured increase; p-values are not adjusted for multiple comparisons.
full screen,explicit,BenchmarkWazeroExec/isa_i64.div_s,wazero,time,ns/op,163282,165092,1810,1.1085116546833085,0.8181818181818182,false,6,100ms,Measured increase; p-values are not adjusted for multiple comparisons.
full screen,explicit,BenchmarkExec/nbody.step,wago,time,ns/op,259868.5,261661,1792.5,0.6897719423477611,0.8181818181818182,false,6,100ms,Measured increase; p-values are not adjusted for multiple comparisons.
full screen,explicit,BenchmarkWazeroInstantiate/nbody,wazero,time,ns/op,47519,49296.5,1777.5,3.7406090195500674,0.30952380952380953,false,6,100ms,Measured increase; p-values are not adjusted for multiple comparisons.
full screen,signals,BenchmarkExecParallel/process/isa_i64.div_u,wago,time,ns/op,152679.5,154447.5,1768,1.1579812614005203,0.6991341991341992,false,6,100ms,"Throughput time, not one-call latency."
full screen,signals,BenchmarkExec/isa_i32.rem_s,wago,time,ns/op,169842.5,171597.5,1755,1.0333102727527077,0.09307359307359307,false,6,100ms,Measured increase; p-values are not adjusted for multiple comparisons.
full screen,explicit,BenchmarkExecParallel/independent/mandelbrot.render,wago,time,ns/op,32072,33823.5,1751.5,5.461149912696439,0.13203463203463203,false,6,100ms,"Throughput time, not one-call latency."
full screen,signals,BenchmarkExecParallel/process/isa_cvt.f64_convert_s,wago,time,ns/op,86939,88605.5,1666.5,1.9168612475413793,0.17965367965367965,false,6,100ms,"Throughput time, not one-call latency."
full screen,explicit,BenchmarkWazeroInstantiate/isa_mem,wazero,time,ns/op,47813.5,49474.5,1661,3.4739142710740634,0.30952380952380953,false,6,100ms,Measured increase; p-values are not adjusted for multiple comparisons.
full screen,explicit,BenchmarkKernels/sortN,wago,time,ns/op,56573,58226,1653,2.9218885333993194,0.3939393939393939,false,6,100ms,Measured increase; p-values are not adjusted for multiple comparisons.
full screen,explicit,BenchmarkCompile_wazero,wazero,time,ns/op,69873.5,71464.5,1591,2.276971956464191,0.06493506493506493,false,6,100ms,Measured increase; p-values are not adjusted for multiple comparisons.
full screen,explicit,BenchmarkExecParallel/independent/raytrace.render,wago,time,ns/op,363444,365033,1589,0.4372062821232481,0.6991341991341992,false,6,100ms,"Throughput time, not one-call latency."
full screen,explicit,BenchmarkExec/blake3.blake3_hash,wago,time,ns/op,318821,320349,1528,0.4792657949131307,0.6991341991341992,false,6,100ms,Measured increase; p-values are not adjusted for multiple comparisons.
full screen,explicit,BenchmarkWazeroExec/isa_f64.div,wazero,time,ns/op,169209.5,170721,1511.5,0.8932713588776009,0.8181818181818182,false,6,100ms,Measured increase; p-values are not adjusted for multiple comparisons.
full screen,explicit,BenchmarkWazeroCompile/linked_list,wazero,time,ns/op,71879.5,73364.5,1485,2.0659576096105248,0.13203463203463203,false,6,100ms,Measured increase; p-values are not adjusted for multiple comparisons.
full screen,explicit,BenchmarkWazeroCompile/branches,wazero,time,ns/op,49414.5,50883,1468.5,2.971799775369588,0.015151515151515152,true,6,100ms,Measured increase; p-values are not adjusted for multiple comparisons.
full screen,signals,BenchmarkWazeroInstantiate/nbody,wazero,time,ns/op,48005.5,49455.5,1450,3.0204872358375656,0.5887445887445888,false,6,100ms,Measured increase; p-values are not adjusted for multiple comparisons.
full screen,explicit,BenchmarkWazeroExec/utf-as-simd.validateN,wazero,time,ns/op,179480,180900.5,1420.5,0.7914530866949043,0.6991341991341992,false,6,100ms,Measured increase; p-values are not adjusted for multiple comparisons.
full screen,signals,BenchmarkExec/fannkuch.run,wago,time,ns/op,998211.5,999548.5,1337,0.13393955088676357,1,false,6,100ms,Measured increase; p-values are not adjusted for multiple comparisons.
full screen,signals,BenchmarkWazeroInstantiate/quicksort,wazero,time,ns/op,48038.5,49366.5,1328,2.7644493479188625,0.5887445887445888,false,6,100ms,Measured increase; p-values are not adjusted for multiple comparisons.
full screen,explicit,BenchmarkWazeroInstantiate/raytrace,wazero,time,ns/op,47713,49016,1303,2.7309119107999935,0.3939393939393939,false,6,100ms,Measured increase; p-values are not adjusted for multiple comparisons.
full screen,explicit,BenchmarkExec/isa_i64.rem_u,wago,time,ns/op,156939.5,158209.5,1270,0.8092290341182418,0.13203463203463203,false,6,100ms,Measured increase; p-values are not adjusted for multiple comparisons.
full screen,signals,BenchmarkWazeroCompile/spectralnorm,wazero,time,ns/op,362927,364183,1256,0.34607510601305513,0.5887445887445888,false,6,100ms,Measured increase; p-values are not adjusted for multiple comparisons.
full screen,signals,BenchmarkExecCommuteSelfUpdate/quicksort.sortN/off,wago,time,ns/op,62811,64039,1228,1.9550715638980476,0.24025974025974026,false,6,100ms,Measured increase; p-values are not adjusted for multiple comparisons.
full screen,signals,BenchmarkWazeroExec/blake-as-simd.hashN,wazero,time,ns/op,491474.5,492653.5,1179,0.2398903707109934,0.13203463203463203,false,6,100ms,Measured increase; p-values are not adjusted for multiple comparisons.
full screen,signals,BenchmarkExecParallel/independent/raytrace.render,wago,time,ns/op,49222,50382.5,1160.5,2.3576855877453173,0.5887445887445888,false,6,100ms,"Throughput time, not one-call latency."
full screen,signals,BenchmarkExec/isa_i32.rem_u,wago,time,ns/op,157687,158846.5,1159.5,0.7353174326355294,0.3939393939393939,false,6,100ms,Measured increase; p-values are not adjusted for multiple comparisons.
full screen,signals,BenchmarkExecParallel/process/fannkuch.run,wago,time,ns/op,1018643.5,1019792,1148.5,0.1127479829793332,0.8181818181818182,false,6,100ms,"Throughput time, not one-call latency."
full screen,signals,BenchmarkExecParallel/process/isa_i64.rem_u,wago,time,ns/op,158769.5,159855.5,1086,0.6840104680055026,0.3939393939393939,false,6,100ms,"Throughput time, not one-call latency."
full screen,signals,BenchmarkExecCommuteSelfUpdate/quicksort.sortN/on,wago,time,ns/op,61142,62196.5,1054.5,1.724673710379121,0.3939393939393939,false,6,100ms,Measured increase; p-values are not adjusted for multiple comparisons.
full screen,signals,BenchmarkWazeroExec/isa_f32.sqrt,wazero,time,ns/op,124963.5,125986,1022.5,0.8182389257663347,0.48484848484848486,false,6,100ms,Measured increase; p-values are not adjusted for multiple comparisons.
full screen,explicit,BenchmarkExec/isa_i32.rem_u,wago,time,ns/op,158287,159304.5,1017.5,0.6428196882877213,0.9372294372294372,false,6,100ms,Measured increase; p-values are not adjusted for multiple comparisons.
full screen,explicit,BenchmarkExecParallel/independent/quicksort.sortN,wago,time,ns/op,59014.5,60031.5,1017,1.7233052893780298,0.3939393939393939,false,6,100ms,"Throughput time, not one-call latency."
full screen,signals,BenchmarkWazeroCompile/xjb-mulhi,wazero,time,ns/op,78132.5,79119.5,987,1.2632387290820057,0.30952380952380953,false,6,100ms,Measured increase; p-values are not adjusted for multiple comparisons.
full screen,explicit,BenchmarkExec/isa_f32.max,wago,time,ns/op,30709,31678.5,969.5,3.1570549350353305,0.5887445887445888,false,6,100ms,Measured increase; p-values are not adjusted for multiple comparisons.
full screen,explicit,BenchmarkWazeroCompile/fib_rec,wazero,time,ns/op,50563,51516.5,953.5,1.8857662717797652,0.3939393939393939,false,6,100ms,Measured increase; p-values are not adjusted for multiple comparisons.
full screen,signals,BenchmarkExecParallel/process/isa_cvt.promote_demote,wago,time,ns/op,127637,128583,946,0.7411643959040148,0.3939393939393939,false,6,100ms,"Throughput time, not one-call latency."
full screen,explicit,BenchmarkWazeroExec/isa_f64.mul,wazero,time,ns/op,39006.5,39951,944.5,2.421391306577103,0.24025974025974026,false,6,100ms,Measured increase; p-values are not adjusted for multiple comparisons.
full screen,signals,BenchmarkExecParallel/process/isa_i32.div_u,wago,time,ns/op,156853,157781,928,0.5916367554334334,1,false,6,100ms,"Throughput time, not one-call latency."
full screen,explicit,BenchmarkExecCommuteSelfUpdate/spectralnorm.run/on,wago,time,ns/op,617626,618552,926,0.14992892138607772,0.5887445887445888,false,6,100ms,Measured increase; p-values are not adjusted for multiple comparisons.
full screen,signals,BenchmarkKernels/run#02,wago,time,ns/op,139634,140540,906,0.6488391079536582,0.9372294372294372,false,6,100ms,Measured increase; p-values are not adjusted for multiple comparisons.
full screen,signals,BenchmarkWazeroExec/isa_f32.div,wazero,time,ns/op,142499.5,143396.5,897,0.6294758928978794,0.17965367965367965,false,6,100ms,Measured increase; p-values are not adjusted for multiple comparisons.
full screen,explicit,BenchmarkExecCommuteSelfUpdate/quicksort.sortN/off,wago,time,ns/op,56569,57452.5,883.5,1.5618094716187247,0.17965367965367965,false,6,100ms,Measured increase; p-values are not adjusted for multiple comparisons.
full screen,explicit,BenchmarkWazeroExec/isa_f64.sub,wazero,time,ns/op,38869.5,39752,882.5,2.2704176796717324,0.3939393939393939,false,6,100ms,Measured increase; p-values are not adjusted for multiple comparisons.
full screen,explicit,BenchmarkExecParallel/independent/matmul.run,wago,time,ns/op,141029.5,141906.5,877,0.6218557110391876,0.3939393939393939,false,6,100ms,"Throughput time, not one-call latency."
full screen,explicit,BenchmarkWazeroExec/json-as-simd.deserializeN,wazero,time,ns/op,74982.5,75844,861.5,1.148934751441999,0.24025974025974026,false,6,100ms,Measured increase; p-values are not adjusted for multiple comparisons.
full screen,signals,BenchmarkWazeroExec/isa_i32.mul,wazero,time,ns/op,39150.5,40002,851.5,2.174940294504535,0.5887445887445888,false,6,100ms,Measured increase; p-values are not adjusted for multiple comparisons.
full screen,explicit,BenchmarkWazeroExec/fannkuch.run,wazero,time,ns/op,1347913,1348749,836,0.062021807045420374,0.48484848484848486,false,6,100ms,Measured increase; p-values are not adjusted for multiple comparisons.
full screen,explicit,BenchmarkWazeroCompile/sieve,wazero,time,ns/op,83716,84551,835,0.9974198480577234,0.5887445887445888,false,6,100ms,Measured increase; p-values are not adjusted for multiple comparisons.
full screen,signals,BenchmarkWazeroCompile/matmul,wazero,time,ns/op,315867.5,316695.5,828,0.26213523075340195,0.9372294372294372,false,6,100ms,Measured increase; p-values are not adjusted for multiple comparisons.
full screen,explicit,BenchmarkWazeroExec/isa_cvt.f32_convert_s,wazero,time,ns/op,84252,85067,815,0.9673360869771663,0.30952380952380953,false,6,100ms,Measured increase; p-values are not adjusted for multiple comparisons.
full screen,signals,BenchmarkWazeroExec/quicksort.sortN,wazero,time,ns/op,181286.5,182089.5,803,0.442945282743068,0.3939393939393939,false,6,100ms,Measured increase; p-values are not adjusted for multiple comparisons.
full screen,explicit,BenchmarkWazeroInstantiate/blake3,wazero,time,ns/op,48320.5,49088.5,768,1.589387527033037,0.48484848484848486,false,6,100ms,Measured increase; p-values are not adjusted for multiple comparisons.
full screen,signals,BenchmarkExec/isa_f64.sqrt,wago,time,ns/op,159502,160234.5,732.5,0.45924189038382135,0.24025974025974026,false,6,100ms,Measured increase; p-values are not adjusted for multiple comparisons.
full screen,explicit,BenchmarkCompileFullWorkers/tiny/p4,wago,time,ns/op,34359.5,35074.5,715,2.0809383140034,0.3939393939393939,false,6,100ms,Measured increase; p-values are not adjusted for multiple comparisons.
full screen,signals,BenchmarkExecParallel/process/isa_f64.div,wago,time,ns/op,171287,171994,707,0.41275753559815165,0.48484848484848486,false,6,100ms,"Throughput time, not one-call latency."
full screen,explicit,BenchmarkExec/utf-as-simd.convertN,wago,time,ns/op,51113,51815,702,1.373427503766167,0.004329004329004329,true,6,100ms,Measured increase; p-values are not adjusted for multiple comparisons.
full screen,signals,BenchmarkExec/blake3.blake3_keyed_hash,wago,time,ns/op,326389.5,327085.5,696,0.21324215392959367,0.8181818181818182,false,6,100ms,Measured increase; p-values are not adjusted for multiple comparisons.
full screen,signals,BenchmarkExecFibRec_wazero,wazero,time,ns/op,482787,483476,689,0.14271303908348631,0.9372294372294372,false,6,100ms,Measured increase; p-values are not adjusted for multiple comparisons.
full screen,explicit,BenchmarkExecParallel/process/utf-as.convertN,wago,time,ns/op,184131.5,184809,677.5,0.36794356207383583,0.5887445887445888,false,6,100ms,"Throughput time, not one-call latency."
full screen,explicit,BenchmarkWazeroExec/fib_rec.fib,wazero,time,ns/op,2013963,2014632.5,669.5,0.03324291459176898,1,false,6,100ms,Measured increase; p-values are not adjusted for multiple comparisons.
full screen,signals,BenchmarkWazeroCompile/swar-pack-parse,wazero,time,ns/op,82395,83064,669,0.8119424722373925,0.3939393939393939,false,6,100ms,Measured increase; p-values are not adjusted for multiple comparisons.
full screen,signals,BenchmarkExec/isa_f32.min,wago,time,ns/op,30530,31186,656,2.148706190632166,0.0021645021645021645,true,6,100ms,Measured increase; p-values are not adjusted for multiple comparisons.
full screen,explicit,BenchmarkCompileCompact/tiny,wago,time,ns/op,14241.5,14885,643.5,4.518484710177995,0.48484848484848486,false,6,100ms,Measured increase; p-values are not adjusted for multiple comparisons.
full screen,explicit,BenchmarkExec/sieve.count,wago,time,ns/op,76784.5,77424.5,640,0.8335015530478218,0.5887445887445888,false,6,100ms,Measured increase; p-values are not adjusted for multiple comparisons.
full screen,signals,BenchmarkKernels/step,wago,time,ns/op,262023.5,262651.5,628,0.2396731590868839,0.6991341991341992,false,6,100ms,Measured increase; p-values are not adjusted for multiple comparisons.
full screen,signals,BenchmarkExec/isa_i32.mul,wago,time,ns/op,39244.5,39871,626.5,1.596402043598455,0.5887445887445888,false,6,100ms,Measured increase; p-values are not adjusted for multiple comparisons.
full screen,explicit,BenchmarkExec/isa_i32.rem_s,wago,time,ns/op,171373.5,171985,611.5,0.3568229627101127,0.6991341991341992,false,6,100ms,Measured increase; p-values are not adjusted for multiple comparisons.
full screen,explicit,BenchmarkWazeroCompile/isa_mem,wazero,time,ns/op,419755,420364.5,609.5,0.14520374980644402,0.8181818181818182,false,6,100ms,Measured increase; p-values are not adjusted for multiple comparisons.
full screen,signals,BenchmarkExec/isa_f64.max,wago,time,ns/op,30757,31336.5,579.5,1.884123939265847,0.04112554112554113,true,6,100ms,Measured increase; p-values are not adjusted for multiple comparisons.
full screen,explicit,BenchmarkWazeroCompile/isa_var,wazero,time,ns/op,87917.5,88494.5,577,0.656297096709979,0.9372294372294372,false,6,100ms,Measured increase; p-values are not adjusted for multiple comparisons.
full screen,signals,BenchmarkExecParallel/independent/fannkuch.run,wago,time,ns/op,143806,144380.5,574.5,0.39949654395505796,0.8181818181818182,false,6,100ms,"Throughput time, not one-call latency."
full screen,explicit,BenchmarkExecParallel/process/isa_i64.div_u,wago,time,ns/op,20265,20838.5,573.5,2.830002467308157,0.17965367965367965,false,6,100ms,"Throughput time, not one-call latency."
full screen,explicit,BenchmarkExec/utf-as.convertN,wago,time,ns/op,178118,178690.5,572.5,0.3214161398623405,0.6991341991341992,false,6,100ms,Measured increase; p-values are not adjusted for multiple comparisons.
full screen,explicit,BenchmarkExecParallel/process/utf-as-simd.convertN,wago,time,ns/op,54058,54630.5,572.5,1.0590476895186551,0.24025974025974026,false,6,100ms,"Throughput time, not one-call latency."
full screen,signals,BenchmarkExecParallel/independent/utf-as-simd.validateN,wago,time,ns/op,22426,22990.5,564.5,2.5171675733523635,0.48484848484848486,false,6,100ms,"Throughput time, not one-call latency."
full screen,signals,BenchmarkExecParallel/independent/isa_i32.rem_s,wago,time,ns/op,22499,23057,558,2.4801102271212017,0.07142857142857142,false,6,100ms,"Throughput time, not one-call latency."
full screen,signals,BenchmarkExecParallel/process/isa_i32.rem_s,wago,time,ns/op,171154.5,171711,556.5,0.3251448252894251,0.8181818181818182,false,6,100ms,"Throughput time, not one-call latency."
full screen,signals,BenchmarkWazeroExec/json-as-simd.serializeN,wazero,time,ns/op,37928.5,38480.5,552,1.4553699724481506,0.3939393939393939,false,6,100ms,Measured increase; p-values are not adjusted for multiple comparisons.
full screen,explicit,BenchmarkExec/isa_i64.rem_s,wago,time,ns/op,169610,170154,544,0.3207358056718457,0.24025974025974026,false,6,100ms,Measured increase; p-values are not adjusted for multiple comparisons.
full screen,explicit,BenchmarkWazeroExec/isa_f32.mul,wazero,time,ns/op,38891,39435,544,1.3987812090200835,0.09307359307359307,false,6,100ms,Measured increase; p-values are not adjusted for multiple comparisons.
full screen,signals,BenchmarkWazeroExec/isa_cvt.f64_convert_u,wazero,time,ns/op,85416.5,85922,505.5,0.5918060327922525,0.17965367965367965,false,6,100ms,Measured increase; p-values are not adjusted for multiple comparisons.
full screen,signals,BenchmarkWazeroCompile/fib_iter,wazero,time,ns/op,52548,53051.5,503.5,0.9581715764634291,0.48484848484848486,false,6,100ms,Measured increase; p-values are not adjusted for multiple comparisons.
full screen,explicit,BenchmarkWazeroCompile/isa_bulk_mem,wazero,time,ns/op,228175.5,228674.5,499,0.2186913143610969,0.5887445887445888,false,6,100ms,Measured increase; p-values are not adjusted for multiple comparisons.
full screen,explicit,BenchmarkCompileFullWorkers/tiny/p8,wago,time,ns/op,34190.5,34688.5,498,1.4565449466957148,0.5887445887445888,false,6,100ms,Measured increase; p-values are not adjusted for multiple comparisons.
full screen,signals,BenchmarkExec/isa_cvt.f64_convert_u,wago,time,ns/op,86067.5,86550.5,483,0.5611874400906158,0.6991341991341992,false,6,100ms,Measured increase; p-values are not adjusted for multiple comparisons.
full screen,explicit,BenchmarkWazeroCompile/globals,wazero,time,ns/op,63090,63569,479,0.7592328419717909,1,false,6,100ms,Measured increase; p-values are not adjusted for multiple comparisons.
full screen,explicit,BenchmarkExec/blake3.blake3_derive_key,wago,time,ns/op,327007,327478.5,471.5,0.14418651588499198,0.48484848484848486,false,6,100ms,Measured increase; p-values are not adjusted for multiple comparisons.
full screen,signals,BenchmarkExec/isa_i64.rem_u,wago,time,ns/op,157565.5,158036,470.5,0.2986059765621274,0.9372294372294372,false,6,100ms,Measured increase; p-values are not adjusted for multiple comparisons.
full screen,explicit,BenchmarkExec/isa_cvt.reinterpret_f64,wago,time,ns/op,58422,58881,459,0.7856629351956412,0.8181818181818182,false,6,100ms,Measured increase; p-values are not adjusted for multiple comparisons.
full screen,explicit,BenchmarkWazeroExec/isa_f32.add,wazero,time,ns/op,38864.5,39323.5,459,1.181026386548134,0.24025974025974026,false,6,100ms,Measured increase; p-values are not adjusted for multiple comparisons.
full screen,signals,BenchmarkExecParallel/process/isa_f32.min,wago,time,ns/op,32179.5,32637.5,458,1.423266365232534,0.30952380952380953,false,6,100ms,"Throughput time, not one-call latency."
full screen,signals,BenchmarkExec/isa_f64.trunc,wago,time,ns/op,39244,39696.5,452.5,1.1530425033126068,0.3939393939393939,false,6,100ms,Measured increase; p-values are not adjusted for multiple comparisons.
full screen,signals,BenchmarkExecParallel/process/mandelbrot.render,wago,time,ns/op,237036.5,237481.5,445,0.18773480033664747,0.6991341991341992,false,6,100ms,"Throughput time, not one-call latency."
full screen,signals,BenchmarkExecParallel/process/isa_f64.floor,wago,time,ns/op,40570.5,41010,439.5,1.0832994417125708,0.3939393939393939,false,6,100ms,"Throughput time, not one-call latency."
full screen,explicit,BenchmarkWazeroExec/isa_call.call_indirect,wazero,time,ns/op,70955.5,71387.5,432,0.6088322962983783,0.5887445887445888,false,6,100ms,Measured increase; p-values are not adjusted for multiple comparisons.
full screen,signals,BenchmarkExecParallel/process/isa_i64.rem_s,wago,time,ns/op,171833.5,172261.5,428,0.2490783229114335,0.8181818181818182,false,6,100ms,"Throughput time, not one-call latency."
full screen,signals,BenchmarkExecParallel/process/isa_f64.ceil,wago,time,ns/op,40468.5,40890.5,422,1.0427863647034075,0.09307359307359307,false,6,100ms,"Throughput time, not one-call latency."
full screen,explicit,BenchmarkExec/isa_cvt.f64_convert_u,wago,time,ns/op,85675,86088,413,0.48205427487597596,0.24025974025974026,false,6,100ms,Measured increase; p-values are not adjusted for multiple comparisons.
full screen,signals,BenchmarkExec/isa_cvt.f32_convert_s,wago,time,ns/op,85372.5,85781.5,409,0.4790769861489297,0.48484848484848486,false,6,100ms,Measured increase; p-values are not adjusted for multiple comparisons.
full screen,signals,BenchmarkExec/blake3.blake3_derive_key,wago,time,ns/op,332826,333231,405,0.12168520488182732,0.9372294372294372,false,6,100ms,Measured increase; p-values are not adjusted for multiple comparisons.
full screen,signals,BenchmarkWazeroExec/isa_mem.load_i32_stride,wazero,time,ns/op,10965.5,11366,400.5,3.6523642332771056,0.5887445887445888,false,6,100ms,Measured increase; p-values are not adjusted for multiple comparisons.
full screen,signals,BenchmarkExecParallel/process/isa_f64.nearest,wago,time,ns/op,40661,41051,390,0.9591500454981361,0.6991341991341992,false,6,100ms,"Throughput time, not one-call latency."
full screen,signals,BenchmarkExecParallel/process/matmul.run,wago,time,ns/op,104239,104626,387,0.3712621955314299,0.5887445887445888,false,6,100ms,"Throughput time, not one-call latency."
full screen,explicit,BenchmarkExec/isa_i32.shl,wago,time,ns/op,13159,13540,381,2.895356790029635,0.06493506493506493,false,6,100ms,Measured increase; p-values are not adjusted for multiple comparisons.
full screen,signals,BenchmarkExecParallel/independent/isa_i64.div_u,wago,time,ns/op,20287.5,20643.5,356,1.754775107825024,0.8181818181818182,false,6,100ms,"Throughput time, not one-call latency."
full screen,explicit,BenchmarkWazeroInstantiate/lz4,wazero,time,ns/op,86030,86385,355,0.4126467511333276,1,false,6,100ms,Measured increase; p-values are not adjusted for multiple comparisons.
full screen,signals,BenchmarkWazeroExec/isa_i64.div_s,wazero,time,ns/op,162530.5,162873.5,343,0.21103731299663142,0.6147186147186147,false,6,100ms,Measured increase; p-values are not adjusted for multiple comparisons.
full screen,explicit,BenchmarkExecParallel/process/isa_i64.div_s,wago,time,ns/op,21898,22239,341,1.55721983742807,0.13203463203463203,false,6,100ms,"Throughput time, not one-call latency."
full screen,signals,BenchmarkExecParallel/independent/json-as.deserializeN,wago,time,ns/op,5979.5,6319,339.5,5.677732251860523,0.04112554112554113,true,6,100ms,"Throughput time, not one-call latency."
full screen,explicit,BenchmarkExec/isa_simd_f64x2.div,wago,time,ns/op,21126,21459.5,333.5,1.5786234971125523,0.3939393939393939,false,6,100ms,Measured increase; p-values are not adjusted for multiple comparisons.
full screen,signals,BenchmarkExecParallel/process/isa_f64.mul,wago,time,ns/op,40758,41088.5,330.5,0.8108837528828738,0.24025974025974026,false,6,100ms,"Throughput time, not one-call latency."
full screen,signals,BenchmarkExecParallel/process/isa_i32.shr_s,wago,time,ns/op,14346.5,14671,324.5,2.261875718816442,0.48484848484848486,false,6,100ms,"Throughput time, not one-call latency."
full screen,signals,BenchmarkWazeroExec/isa_f32.neg,wazero,time,ns/op,39135.5,39455,319.5,0.8163943222905035,0.3939393939393939,false,6,100ms,Measured increase; p-values are not adjusted for multiple comparisons.
full screen,signals,BenchmarkExecParallel/process/isa_f64.min,wago,time,ns/op,31701.5,32016.5,315,0.9936438338879805,0.17965367965367965,false,6,100ms,"Throughput time, not one-call latency."
full screen,signals,BenchmarkExecParallel/process/isa_cvt.reinterpret_f64,wago,time,ns/op,59879,60192,313,0.5227208203209877,0.24025974025974026,false,6,100ms,"Throughput time, not one-call latency."
full screen,signals,BenchmarkExec/isa_f32.abs,wago,time,ns/op,39071.5,39383,311.5,0.7972563121456888,0.17965367965367965,false,6,100ms,Measured increase; p-values are not adjusted for multiple comparisons.
full screen,signals,BenchmarkExecParallel/independent/mandelbrot.render,wago,time,ns/op,32376,32683,307,0.9482332592043452,0.3939393939393939,false,6,100ms,"Throughput time, not one-call latency."
full screen,signals,BenchmarkExecParallel/process/isa_bulk_mem.fill_4096,wago,time,ns/op,8195,8497.5,302.5,3.691275167785224,0.13203463203463203,false,6,100ms,"Throughput time, not one-call latency."
full screen,signals,BenchmarkWazeroInstantiate/json-as-simd,wazero,time,ns/op,14455,14754,299,2.0684884123140845,0.24025974025974026,false,6,100ms,Measured increase; p-values are not adjusted for multiple comparisons.
full screen,explicit,BenchmarkExecParallel/independent/isa_i64.div_s,wago,time,ns/op,21830.5,22122.5,292,1.337578158997732,0.13203463203463203,false,6,100ms,"Throughput time, not one-call latency."
full screen,explicit,BenchmarkExec/isa_cvt.f32_convert_s,wago,time,ns/op,85388,85678,290,0.3396261769803788,0.24025974025974026,false,6,100ms,Measured increase; p-values are not adjusted for multiple comparisons.
full screen,signals,BenchmarkWazeroExec/isa_mem.store_i32_stride,wazero,time,ns/op,9494.5,9784,289.5,3.0491337089894044,0.3939393939393939,false,6,100ms,Measured increase; p-values are not adjusted for multiple comparisons.
full screen,explicit,BenchmarkWazeroExec/isa_simd_i64x2.extmul_high_s,wazero,time,ns/op,18292,18577.5,285.5,1.5607916028865132,0.9372294372294372,false,6,100ms,Measured increase; p-values are not adjusted for multiple comparisons.
full screen,explicit,BenchmarkWazeroExec/isa_simd_i32x4.trunc_sat_f32x4_u,wazero,time,ns/op,9939,10220,281,2.8272462018311684,0.17965367965367965,false,6,100ms,Measured increase; p-values are not adjusted for multiple comparisons.
full screen,explicit,BenchmarkWazeroExec/isa_cvt.reinterpret_f64,wazero,time,ns/op,58337,58616.5,279.5,0.47911274148482175,0.24025974025974026,false,6,100ms,Measured increase; p-values are not adjusted for multiple comparisons.
full screen,explicit,BenchmarkWazeroInstantiate/isa_bulk_mem,wazero,time,ns/op,14872.5,15151.5,279,1.875945537065049,0.3939393939393939,false,6,100ms,Measured increase; p-values are not adjusted for multiple comparisons.
full screen,explicit,BenchmarkWazeroExec/isa_i32.add,wazero,time,ns/op,13017.5,13293.5,276,2.1202227770309223,0.30952380952380953,false,6,100ms,Measured increase; p-values are not adjusted for multiple comparisons.
full screen,explicit,BenchmarkWazeroInstantiate/isa_i32,wazero,time,ns/op,7689,7964,275,3.576537911301858,0.015151515151515152,true,6,100ms,Measured increase; p-values are not adjusted for multiple comparisons.
full screen,signals,BenchmarkWazeroExec/isa_cvt.f64_convert_s,wazero,time,ns/op,84528,84800,272,0.32178686352450914,0.3939393939393939,false,6,100ms,Measured increase; p-values are not adjusted for multiple comparisons.
full screen,signals,BenchmarkWazeroCompile/blake-as,wazero,time,ns/op,785151.5,785421.5,270,0.034388267741958245,1,false,6,100ms,Measured increase; p-values are not adjusted for multiple comparisons.
full screen,explicit,BenchmarkExecParallel/independent/isa_f32.sqrt,wago,time,ns/op,15674,15938.5,264.5,1.687507974990421,0.09307359307359307,false,6,100ms,"Throughput time, not one-call latency."
full screen,signals,BenchmarkExec/isa_i64.mul,wago,time,ns/op,39288,39552,264,0.6719609040928498,1,false,6,100ms,Measured increase; p-values are not adjusted for multiple comparisons.
full screen,signals,BenchmarkExecParallel/process/isa_f64.sub,wago,time,ns/op,40754,41006,252,0.6183442116111326,0.17965367965367965,false,6,100ms,"Throughput time, not one-call latency."
full screen,explicit,BenchmarkExec/isa_f64.ceil,wago,time,ns/op,39505.5,39755.5,250,0.6328232777714549,0.9372294372294372,false,6,100ms,Measured increase; p-values are not adjusted for multiple comparisons.
full screen,signals,BenchmarkExecParallel/process/quicksort.sortN,wago,time,ns/op,64961.5,65210.5,249,0.38330395695911346,0.6991341991341992,false,6,100ms,"Throughput time, not one-call latency."
full screen,explicit,BenchmarkExec/zstd.zstd_decompress_run,wago,time,ns/op,6028,6275,247,4.097544790975438,0.17965367965367965,false,6,100ms,Measured increase; p-values are not adjusted for multiple comparisons.
full screen,explicit,BenchmarkExecParallel/process/json-as.serializeN,wago,time,ns/op,23858,24104.5,246.5,1.033196412104953,0.30952380952380953,false,6,100ms,"Throughput time, not one-call latency."
full screen,signals,BenchmarkExecParallel/process/isa_i32.shl,wago,time,ns/op,14635,14877.5,242.5,1.65698667577725,0.5887445887445888,false,6,100ms,"Throughput time, not one-call latency."
full screen,signals,BenchmarkWazeroInstantiate/isa_simd_i8x16,wazero,time,ns/op,7748,7989,241,3.1104801239029367,0.13203463203463203,false,6,100ms,Measured increase; p-values are not adjusted for multiple comparisons.
full screen,signals,BenchmarkWazeroExec/isa_simd_f64x2.div,wazero,time,ns/op,21042.5,21282,239.5,1.1381727456338364,0.06493506493506493,false,6,100ms,Measured increase; p-values are not adjusted for multiple comparisons.
full screen,signals,BenchmarkExecParallel/independent/json-as-simd.serializeN,wago,time,ns/op,4436.5,4673,236.5,5.330778767046085,0.3939393939393939,false,6,100ms,"Throughput time, not one-call latency."
full screen,signals,BenchmarkExecParallel/independent/quicksort.sortN,wago,time,ns/op,9920,10153,233,2.3487903225806406,0.3939393939393939,false,6,100ms,"Throughput time, not one-call latency."
full screen,signals,BenchmarkExec/isa_call.call_indirect,wago,time,ns/op,35428,35657.5,229.5,0.6477927063339717,0.8181818181818182,false,6,100ms,Measured increase; p-values are not adjusted for multiple comparisons.
full screen,signals,BenchmarkExecParallel/process/isa_f32.neg,wago,time,ns/op,40534.5,40761.5,227,0.5600167758329277,0.48484848484848486,false,6,100ms,"Throughput time, not one-call latency."
full screen,signals,BenchmarkWazeroCompile/tiny,wazero,time,ns/op,52584.5,52811.5,227,0.43168614325515,0.6991341991341992,false,6,100ms,Measured increase; p-values are not adjusted for multiple comparisons.
full screen,signals,BenchmarkExecParallel/independent/isa_i64.rem_u,wago,time,ns/op,21190.5,21416.5,226,1.0665156556003863,0.9372294372294372,false,6,100ms,"Throughput time, not one-call latency."
full screen,signals,BenchmarkExecParallel/process/isa_f32.floor,wago,time,ns/op,40580.5,40806,225.5,0.555685612547907,0.6991341991341992,false,6,100ms,"Throughput time, not one-call latency."
full screen,signals,BenchmarkExecParallel/process/utf-as.convertN,wago,time,ns/op,163642,163866,224,0.13688417398955988,0.6991341991341992,false,6,100ms,"Throughput time, not one-call latency."
full screen,signals,BenchmarkExecParallel/process/json-as.deserializeN,wago,time,ns/op,38857,39079,222,0.5713256298736313,0.6991341991341992,false,6,100ms,"Throughput time, not one-call latency."
full screen,signals,BenchmarkExec/matmul.run,wago,time,ns/op,100854.5,101076,221.5,0.21962331874134655,0.9372294372294372,false,6,100ms,Measured increase; p-values are not adjusted for multiple comparisons.
full screen,explicit,BenchmarkWazeroInstantiate/xjb-mulhi,wazero,time,ns/op,7697.5,7919,221.5,2.8775576485872145,0.17965367965367965,false,6,100ms,Measured increase; p-values are not adjusted for multiple comparisons.
full screen,explicit,BenchmarkExec/isa_f64.max,wago,time,ns/op,30358.5,30578,219.5,0.7230264999917635,0.3939393939393939,false,6,100ms,Measured increase; p-values are not adjusted for multiple comparisons.
full screen,signals,BenchmarkExecParallel/process/isa_i64.ctz,wago,time,ns/op,14505.5,14724.5,219,1.509772155389344,0.3939393939393939,false,6,100ms,"Throughput time, not one-call latency."
full screen,signals,BenchmarkWazeroExec/json-as.serializeN,wazero,time,ns/op,29733,29949.5,216.5,0.7281471765378633,0.8181818181818182,false,6,100ms,Measured increase; p-values are not adjusted for multiple comparisons.
full screen,explicit,BenchmarkWazeroExec/isa_call.call_direct,wazero,time,ns/op,43368,43581,213,0.4911455451023894,0.24025974025974026,false,6,100ms,Measured increase; p-values are not adjusted for multiple comparisons.
full screen,explicit,BenchmarkExecParallel/independent/isa_cvt.f64_convert_s,wago,time,ns/op,11478,11690,212,1.8470116745077592,0.06493506493506493,false,6,100ms,"Throughput time, not one-call latency."
full screen,explicit,BenchmarkExec/isa_i64.shr_s,wago,time,ns/op,13160.5,13367.5,207,1.572888568063524,0.48484848484848486,false,6,100ms,Measured increase; p-values are not adjusted for multiple comparisons.
full screen,explicit,BenchmarkExecParallel/process/mandelbrot.render,wago,time,ns/op,32956.5,33162,205.5,0.6235492239770712,0.5887445887445888,false,6,100ms,"Throughput time, not one-call latency."
full screen,signals,BenchmarkExec/isa_i64.rem_s,wago,time,ns/op,169864,170067,203,0.11950737060235639,0.9372294372294372,false,6,100ms,Measured increase; p-values are not adjusted for multiple comparisons.
full screen,explicit,BenchmarkWazeroInstantiate/json-as-simd,wazero,time,ns/op,14285.5,14488,202.5,1.4175212628189326,0.3939393939393939,false,6,100ms,Measured increase; p-values are not adjusted for multiple comparisons.
full screen,explicit,BenchmarkExecParallel/process/isa_ctl.br_table,wago,time,ns/op,2813.5,3015,201.5,7.161897991825139,0.09307359307359307,false,6,100ms,"Throughput time, not one-call latency."
full screen,signals,BenchmarkExec/raytrace.render,wago,time,ns/op,355696.5,355897.5,201,0.05650884953887214,1,false,6,100ms,Measured increase; p-values are not adjusted for multiple comparisons.
full screen,explicit,BenchmarkWazeroCompile/arith,wazero,time,ns/op,52671.5,52870.5,199,0.37781342851446187,1,false,6,100ms,Measured increase; p-values are not adjusted for multiple comparisons.
full screen,explicit,BenchmarkExecParallel/independent/isa_f64.max,wago,time,ns/op,4513,4710.5,197.5,4.376246399290928,0.025974025974025976,true,6,100ms,"Throughput time, not one-call latency."
full screen,signals,BenchmarkWazeroExec/isa_f64.abs,wazero,time,ns/op,39234.5,39432,197.5,0.5033835017650201,0.24025974025974026,false,6,100ms,Measured increase; p-values are not adjusted for multiple comparisons.
full screen,signals,BenchmarkCompileWorkers/tiny/p2,wago,time,ns/op,11966.5,12157.5,191,1.5961225086700281,0.6991341991341992,false,6,100ms,Measured increase; p-values are not adjusted for multiple comparisons.
full screen,signals,BenchmarkExec/json-as-simd.serializeN,wago,time,ns/op,25287.5,25478.5,191,0.7553138902619771,0.3939393939393939,false,6,100ms,Measured increase; p-values are not adjusted for multiple comparisons.
full screen,explicit,BenchmarkExec/crc32.hashN,wago,time,ns/op,15792,15982,190,1.2031408308003977,0.13203463203463203,false,6,100ms,Measured increase; p-values are not adjusted for multiple comparisons.
full screen,signals,BenchmarkKernels/sortN,wago,time,ns/op,56512,56702,190,0.33621177802944935,0.6991341991341992,false,6,100ms,Measured increase; p-values are not adjusted for multiple comparisons.
full screen,signals,BenchmarkExecParallel/process/isa_i32.rotl,wago,time,ns/op,14415.5,14604.5,189,1.3110887586278652,0.6991341991341992,false,6,100ms,"Throughput time, not one-call latency."
full screen,signals,BenchmarkCompile_wazero,wazero,time,ns/op,71402,71589.5,187.5,0.26259768633931646,0.6991341991341992,false,6,100ms,Measured increase; p-values are not adjusted for multiple comparisons.
full screen,signals,BenchmarkExec/isa_f64.neg,wago,time,ns/op,39117,39303.5,186.5,0.4767748037937558,0.5887445887445888,false,6,100ms,Measured increase; p-values are not adjusted for multiple comparisons.
full screen,signals,BenchmarkExec/isa_i64.div_u,wago,time,ns/op,151906.5,152092.5,186,0.12244374006378234,0.8181818181818182,false,6,100ms,Measured increase; p-values are not adjusted for multiple comparisons.
full screen,signals,BenchmarkExecParallel/process/isa_f32.abs,wago,time,ns/op,40520,40705,185,0.4565646594274497,0.9372294372294372,false,6,100ms,"Throughput time, not one-call latency."
full screen,explicit,BenchmarkExec/sha256.hashN,wago,time,ns/op,37936,38119.5,183.5,0.48370940531421436,0.13203463203463203,false,6,100ms,Measured increase; p-values are not adjusted for multiple comparisons.
full screen,signals,BenchmarkWazeroExec/isa_i32.rotl,wazero,time,ns/op,27188,27371.5,183.5,0.6749301162277455,0.8181818181818182,false,6,100ms,Measured increase; p-values are not adjusted for multiple comparisons.
full screen,signals,BenchmarkExec/isa_i32.shr_u,wago,time,ns/op,13180.5,13359,178.5,1.3542733583703281,0.9372294372294372,false,6,100ms,Measured increase; p-values are not adjusted for multiple comparisons.
full screen,explicit,BenchmarkExec/isa_f32.ceil,wago,time,ns/op,38976,39151.5,175.5,0.45027709359606316,0.025974025974025976,true,6,100ms,Measured increase; p-values are not adjusted for multiple comparisons.
full screen,explicit,BenchmarkExecParallel/independent/isa_var.local_getset,wago,time,ns/op,14590,14765,175,1.199451679232344,0.09307359307359307,false,6,100ms,"Throughput time, not one-call latency."
full screen,explicit,BenchmarkExec/isa_i32.shr_u,wago,time,ns/op,13120,13294.5,174.5,1.3300304878048674,0.5887445887445888,false,6,100ms,Measured increase; p-values are not adjusted for multiple comparisons.
full screen,signals,BenchmarkWazeroExec/isa_i64.add,wazero,time,ns/op,13020,13193.5,173.5,1.3325652841781777,0.17965367965367965,false,6,100ms,Measured increase; p-values are not adjusted for multiple comparisons.
full screen,explicit,BenchmarkWazeroExec/isa_i32.rotl,wazero,time,ns/op,27160,27333,173,0.636966126656846,0.48484848484848486,false,6,100ms,Measured increase; p-values are not adjusted for multiple comparisons.
full screen,explicit,BenchmarkWazeroExec/isa_f64.neg,wazero,time,ns/op,39214.5,39387,172.5,0.4398883066212722,0.5887445887445888,false,6,100ms,Measured increase; p-values are not adjusted for multiple comparisons.
full screen,signals,BenchmarkCompileFull/tiny,wago,time,ns/op,16368,16540,172,1.050830889540566,0.8181818181818182,false,6,100ms,Measured increase; p-values are not adjusted for multiple comparisons.
full screen,explicit,BenchmarkWazeroInstantiate/zlib,wazero,time,ns/op,92202.5,92374,171.5,0.1860036333071191,0.8181818181818182,false,6,100ms,Measured increase; p-values are not adjusted for multiple comparisons.
full screen,signals,BenchmarkExec/quicksort.sortN,wago,time,ns/op,61203,61373.5,170.5,0.2785811153048101,1,false,6,100ms,Measured increase; p-values are not adjusted for multiple comparisons.
full screen,explicit,BenchmarkExec/isa_f32.floor,wago,time,ns/op,38974.5,39144.5,170,0.43618263223390574,0.3939393939393939,false,6,100ms,Measured increase; p-values are not adjusted for multiple comparisons.
full screen,explicit,BenchmarkExec/isa_i64.and,wago,time,ns/op,13092,13259.5,167.5,1.2794072716162619,0.8181818181818182,false,6,100ms,Measured increase; p-values are not adjusted for multiple comparisons.
full screen,signals,BenchmarkWazeroInstantiate/isa_i64,wazero,time,ns/op,7774,7940,166,2.1353228711088246,0.09307359307359307,false,6,100ms,Measured increase; p-values are not adjusted for multiple comparisons.
full screen,explicit,BenchmarkWazeroInstantiate/utf-as,wazero,time,ns/op,15532,15698,166,1.0687612670615465,0.30952380952380953,false,6,100ms,Measured increase; p-values are not adjusted for multiple comparisons.
full screen,explicit,BenchmarkExec/isa_f64.sqrt,wago,time,ns/op,159832,159997.5,165.5,0.10354622353470067,0.48484848484848486,false,6,100ms,Measured increase; p-values are not adjusted for multiple comparisons.
full screen,signals,BenchmarkWazeroInstantiate/coremark,wazero,time,ns/op,14717.5,14882.5,165,1.121114319687444,0.3939393939393939,false,6,100ms,Measured increase; p-values are not adjusted for multiple comparisons.
full screen,explicit,BenchmarkWazeroInstantiate/float,wazero,time,ns/op,7440.5,7605.5,165,2.2175929037027142,0.025974025974025976,true,6,100ms,Measured increase; p-values are not adjusted for multiple comparisons.
full screen,signals,BenchmarkExecParallel/independent/utf-as-simd.convertN,wago,time,ns/op,7405.5,7570,164.5,2.221321990412539,0.48484848484848486,false,6,100ms,"Throughput time, not one-call latency."
full screen,signals,BenchmarkCompileFullWorkers/tiny/auto,wago,time,ns/op,17343,17506,163,0.9398604624344165,0.6991341991341992,false,6,100ms,Measured increase; p-values are not adjusted for multiple comparisons.
full screen,explicit,BenchmarkValidateWorkers/tiny/p8,wago,time,ns/op,3236.5,3399.5,163,5.036304650084977,0.025974025974025976,true,6,100ms,Measured increase; p-values are not adjusted for multiple comparisons.
full screen,explicit,BenchmarkExec/isa_ctl.br_table,wago,time,ns/op,17661.5,17824,162.5,0.9200804008719476,0.19264069264069264,false,6,100ms,Measured increase; p-values are not adjusted for multiple comparisons.
full screen,signals,BenchmarkExecParallel/independent/json-as-simd.deserializeN,wago,time,ns/op,7494.5,7656.5,162,2.161585162452462,0.5887445887445888,false,6,100ms,"Throughput time, not one-call latency."
full screen,signals,BenchmarkExecParallel/process/isa_ctl.select,wago,time,ns/op,20997,21159,162,0.771538791255888,1,false,6,100ms,"Throughput time, not one-call latency."
full screen,explicit,BenchmarkWazeroExec/isa_simd_f64x2.sqrt,wazero,time,ns/op,16279.5,16440.5,161,0.9889738628336309,0.3939393939393939,false,6,100ms,Measured increase; p-values are not adjusted for multiple comparisons.
full screen,signals,BenchmarkWazeroInstantiate/isa_ctl,wazero,time,ns/op,7718.5,7877,158.5,2.05350780592084,0.30952380952380953,false,6,100ms,Measured increase; p-values are not adjusted for multiple comparisons.
full screen,explicit,BenchmarkExec/isa_simd_i64x2.extmul_low_s,wago,time,ns/op,6547.5,6705,157.5,2.405498281786933,0.09307359307359307,false,6,100ms,Measured increase; p-values are not adjusted for multiple comparisons.
full screen,signals,BenchmarkExecParallel/process/isa_simd_f64x2.min,wago,time,ns/op,10998,11154.5,156.5,1.4229859974540737,0.48484848484848486,false,6,100ms,"Throughput time, not one-call latency."
full screen,signals,BenchmarkExecParallel/independent/isa_cvt.f64_convert_s,wago,time,ns/op,11460.5,11615.5,155,1.3524715326556525,0.30952380952380953,false,6,100ms,"Throughput time, not one-call latency."
full screen,signals,BenchmarkInstantiate/globals,wago,time,ns/op,4646.5,4801.5,155,3.3358441837942454,0.24025974025974026,false,6,100ms,Measured increase; p-values are not adjusted for multiple comparisons.
full screen,signals,BenchmarkWazeroExec/isa_i32.and,wazero,time,ns/op,13006,13161,155,1.1917576503152283,0.30952380952380953,false,6,100ms,Measured increase; p-values are not adjusted for multiple comparisons.
full screen,explicit,BenchmarkWazeroExec/isa_i32.rotr,wazero,time,ns/op,27135.5,27290.5,155,0.5712074588638538,0.06493506493506493,false,6,100ms,Measured increase; p-values are not adjusted for multiple comparisons.
full screen,explicit,BenchmarkExec/json-as.deserializeN,wago,time,ns/op,40105,40259,154,0.38399202094501206,0.5887445887445888,false,6,100ms,Measured increase; p-values are not adjusted for multiple comparisons.
full screen,signals,BenchmarkExec/isa_simd_i8x16.gt_u,wago,time,ns/op,4972,5125,153,3.0772325020112623,0.16666666666666666,false,6,100ms,Measured increase; p-values are not adjusted for multiple comparisons.
full screen,signals,BenchmarkWazeroExec/isa_f32.mul,wazero,time,ns/op,38912.5,39065,152.5,0.3919049148731091,0.5887445887445888,false,6,100ms,Measured increase; p-values are not adjusted for multiple comparisons.
full screen,signals,BenchmarkWazeroExec/isa_simd_i16x8.extmul_high_s,wazero,time,ns/op,11344,11495.5,151.5,1.3355077574047858,0.45670995670995673,false,6,100ms,Measured increase; p-values are not adjusted for multiple comparisons.
full screen,signals,BenchmarkWazeroExec/json-as-simd.deserializeN,wazero,time,ns/op,74996,75147,151,0.20134407168381774,0.48484848484848486,false,6,100ms,Measured increase; p-values are not adjusted for multiple comparisons.
full screen,signals,BenchmarkWazeroInstantiate/isa_simd_f64x2,wazero,time,ns/op,7807,7957.5,150.5,1.9277571410272865,0.17965367965367965,false,6,100ms,Measured increase; p-values are not adjusted for multiple comparisons.
full screen,explicit,BenchmarkWazeroExec/memory_tree.run,wazero,time,ns/op,20487,20636,149,0.7272904768877764,0.6991341991341992,false,6,100ms,Measured increase; p-values are not adjusted for multiple comparisons.
full screen,explicit,BenchmarkExecFibRec_wago,wago,time,ns/op,333676,333823.5,147.5,0.044204557714677684,0.8181818181818182,false,6,100ms,Measured increase; p-values are not adjusted for multiple comparisons.
full screen,signals,BenchmarkExecParallel/independent/isa_f64.div,wago,time,ns/op,22379,22526.5,147.5,0.6591000491532162,0.06493506493506493,false,6,100ms,"Throughput time, not one-call latency."
full screen,explicit,BenchmarkCompileFullWorkers/tiny/auto,wago,time,ns/op,17431.5,17578,146.5,0.8404325502681997,0.5887445887445888,false,6,100ms,Measured increase; p-values are not adjusted for multiple comparisons.
full screen,explicit,BenchmarkExec/isa_simd_f32x4.ge,wago,time,ns/op,3281,3425,144,4.388905821395905,0.17965367965367965,false,6,100ms,Measured increase; p-values are not adjusted for multiple comparisons.
full screen,explicit,BenchmarkWazeroExec/isa_i32.div_s,wazero,time,ns/op,163025,163166,141,0.08648980217758062,0.6991341991341992,false,6,100ms,Measured increase; p-values are not adjusted for multiple comparisons.
full screen,explicit,BenchmarkInstantiate/sieve,wago,time,ns/op,3428,3566.5,138.5,4.040256709451584,0.30952380952380953,false,6,100ms,Measured increase; p-values are not adjusted for multiple comparisons.
full screen,explicit,BenchmarkWazeroExec/isa_simd_f32x4.min,wazero,time,ns/op,9764.5,9901.5,137,1.4030416303958182,0.30952380952380953,false,6,100ms,Measured increase; p-values are not adjusted for multiple comparisons.
full screen,explicit,BenchmarkWazeroExec/isa_f64.add,wazero,time,ns/op,38885,39021,136,0.34974926064035294,0.5086580086580087,false,6,100ms,Measured increase; p-values are not adjusted for multiple comparisons.
full screen,signals,BenchmarkExecParallel/process/isa_f32.mul,wago,time,ns/op,40559,40693,134,0.3303828989866586,0.24025974025974026,false,6,100ms,"Throughput time, not one-call latency."
full screen,explicit,BenchmarkWazeroExec/isa_i32.shl,wazero,time,ns/op,27170,27302.5,132.5,0.48767022451232656,0.17965367965367965,false,6,100ms,Measured increase; p-values are not adjusted for multiple comparisons.
full screen,explicit,BenchmarkWazeroExec/raytrace.render,wazero,time,ns/op,336170.5,336302,131.5,0.0391170551848008,0.6991341991341992,false,6,100ms,Measured increase; p-values are not adjusted for multiple comparisons.
full screen,explicit,BenchmarkWazeroExec/isa_simd_f32x4.pmin,wazero,time,ns/op,3712,3842.5,130.5,3.515625,0.3939393939393939,false,6,100ms,Measured increase; p-values are not adjusted for multiple comparisons.
full screen,explicit,BenchmarkExecParallel/process/isa_i64.rem_s,wago,time,ns/op,22622,22751.5,129.5,0.572451595791712,0.48484848484848486,false,6,100ms,"Throughput time, not one-call latency."
full screen,signals,BenchmarkWazeroInstantiate/arith,wazero,time,ns/op,7482.5,7611.5,129,1.7240227196792413,0.48484848484848486,false,6,100ms,Measured increase; p-values are not adjusted for multiple comparisons.
full screen,signals,BenchmarkExec/isa_simd_i16x8.mul,wago,time,ns/op,4969.5,5098,128.5,2.58577321662139,0.09307359307359307,false,6,100ms,Measured increase; p-values are not adjusted for multiple comparisons.
full screen,explicit,BenchmarkWazeroExec/isa_ctl.select,wazero,time,ns/op,19814.5,19942.5,128,0.645991571828719,0.8181818181818182,false,6,100ms,Measured increase; p-values are not adjusted for multiple comparisons.
full screen,signals,BenchmarkWazeroExec/isa_call.call_indirect,wazero,time,ns/op,71136,71262,126,0.1771255060728727,0.8181818181818182,false,6,100ms,Measured increase; p-values are not adjusted for multiple comparisons.
full screen,signals,BenchmarkExecParallel/process/isa_i32.rotr,wago,time,ns/op,14491.5,14616,124.5,0.8591243142531901,0.6991341991341992,false,6,100ms,"Throughput time, not one-call latency."
full screen,explicit,BenchmarkExec/isa_i64.add,wago,time,ns/op,13024,13147.5,123.5,0.9482493857493779,0.09307359307359307,false,6,100ms,Measured increase; p-values are not adjusted for multiple comparisons.
full screen,signals,BenchmarkExecParallel/process/linked_list.sum,wago,time,ns/op,9161,9284,123,1.3426481825128178,0.8528138528138528,false,6,100ms,"Throughput time, not one-call latency."
full screen,explicit,BenchmarkExec/isa_bulk_mem.copy_fwd_4096,wago,time,ns/op,20368,20490,122,0.5989787902592303,0.6991341991341992,false,6,100ms,Measured increase; p-values are not adjusted for multiple comparisons.
full screen,explicit,BenchmarkWazeroExec/isa_simd_i64x2.mul,wazero,time,ns/op,11878,11998.5,120.5,1.014480552281527,0.17965367965367965,false,6,100ms,Measured increase; p-values are not adjusted for multiple comparisons.
full screen,signals,BenchmarkWazeroExec/isa_i64.shl,wazero,time,ns/op,13661,13780,119,0.8710928921747962,0.13203463203463203,false,6,100ms,Measured increase; p-values are not adjusted for multiple comparisons.
full screen,explicit,BenchmarkWazeroExec/json-as.serializeN,wazero,time,ns/op,29579.5,29698.5,119,0.40230565087306935,0.17965367965367965,false,6,100ms,Measured increase; p-values are not adjusted for multiple comparisons.
full screen,signals,BenchmarkExec/isa_f32.trunc,wago,time,ns/op,39217.5,39336,118.5,0.302161025052583,1,false,6,100ms,Measured increase; p-values are not adjusted for multiple comparisons.
full screen,signals,BenchmarkExecParallel/process/isa_i64.sub,wago,time,ns/op,14213.5,14332,118.5,0.8337144264255913,0.24025974025974026,false,6,100ms,"Throughput time, not one-call latency."
full screen,signals,BenchmarkInstantiate/sieve,wago,time,ns/op,4603,4721,118,2.56354551379534,0.17965367965367965,false,6,100ms,Measured increase; p-values are not adjusted for multiple comparisons.
full screen,signals,BenchmarkExec/utf-as-simd.convertN,wago,time,ns/op,48438.5,48556,117.5,0.24257563714813468,0.9372294372294372,false,6,100ms,Measured increase; p-values are not adjusted for multiple comparisons.
full screen,signals,BenchmarkWazeroExec/isa_simd_i16x8.le_u,wazero,time,ns/op,3725.5,3842.5,117,3.140518051268293,0.8181818181818182,false,6,100ms,Measured increase; p-values are not adjusted for multiple comparisons.
full screen,signals,BenchmarkExecParallel/process/isa_f64.trunc,wago,time,ns/op,40519.5,40635,115.5,0.28504793988080035,0.9372294372294372,false,6,100ms,"Throughput time, not one-call latency."
full screen,signals,BenchmarkExecCommuteSelfUpdate/json-as.serializeN/off,wago,time,ns/op,20864,20978.5,114.5,0.5487921779141036,1,false,6,100ms,Measured increase; p-values are not adjusted for multiple comparisons.
full screen,signals,BenchmarkWazeroExec/isa_ctl.br_table,wazero,time,ns/op,19498,19612.5,114.5,0.5872397168940502,0.30952380952380953,false,6,100ms,Measured increase; p-values are not adjusted for multiple comparisons.
full screen,explicit,BenchmarkWazeroExec/isa_i32.shr_u,wazero,time,ns/op,27194,27308.5,114.5,0.4210487607560598,0.48484848484848486,false,6,100ms,Measured increase; p-values are not adjusted for multiple comparisons.
full screen,explicit,BenchmarkWazeroExec/isa_simd_i16x8.extend_high_u,wazero,time,ns/op,3266,3380.5,114.5,3.50581751377832,0.09307359307359307,false,6,100ms,Measured increase; p-values are not adjusted for multiple comparisons.
full screen,signals,BenchmarkExecParallel/process/isa_simd_i8x16.swizzle,wago,time,ns/op,7717.5,7831.5,114,1.4771622934888207,0.17965367965367965,false,6,100ms,"Throughput time, not one-call latency."
full screen,signals,BenchmarkExec/isa_f32.add,wago,time,ns/op,39108,39221.5,113.5,0.2902219494732572,0.48484848484848486,false,6,100ms,Measured increase; p-values are not adjusted for multiple comparisons.
full screen,signals,BenchmarkWazeroExec/isa_ctl.if_else,wazero,time,ns/op,9656.5,9769.5,113,1.1701962408740219,0.48484848484848486,false,6,100ms,Measured increase; p-values are not adjusted for multiple comparisons.
full screen,explicit,BenchmarkExecParallel/independent/utf-as-simd.convertN,wago,time,ns/op,7831.5,7943,111.5,1.4237374704718198,0.8181818181818182,false,6,100ms,"Throughput time, not one-call latency."
full screen,explicit,BenchmarkWazeroInstantiate/isa_simd_i64x2,wazero,time,ns/op,7682,7793.5,111.5,1.4514449362145188,0.329004329004329,false,6,100ms,Measured increase; p-values are not adjusted for multiple comparisons.
full screen,signals,BenchmarkWazeroExec/isa_i32.popcnt,wazero,time,ns/op,13261,13372,111,0.8370409471382345,0.30952380952380953,false,6,100ms,Measured increase; p-values are not adjusted for multiple comparisons.
full screen,explicit,BenchmarkWazeroExec/sha256.hashN,wazero,time,ns/op,50486.5,50597,110.5,0.2188703910946499,0.6991341991341992,false,6,100ms,Measured increase; p-values are not adjusted for multiple comparisons.
full screen,signals,BenchmarkExec/isa_i32.and,wago,time,ns/op,13077.5,13186.5,109,0.8334926400305864,0.13203463203463203,false,6,100ms,Measured increase; p-values are not adjusted for multiple comparisons.
full screen,explicit,BenchmarkWazeroInstantiate/memory,wazero,time,ns/op,11571.5,11680.5,109,0.9419694940154599,0.5887445887445888,false,6,100ms,Measured increase; p-values are not adjusted for multiple comparisons.
full screen,signals,BenchmarkExecParallel/process/isa_call.call_direct,wago,time,ns/op,14650,14758.5,108.5,0.7406143344709903,0.9372294372294372,false,6,100ms,"Throughput time, not one-call latency."
full screen,explicit,BenchmarkExecParallel/process/isa_ctl.if_else,wago,time,ns/op,1542,1650.5,108.5,7.036316472114135,0.17965367965367965,false,6,100ms,"Throughput time, not one-call latency."
full screen,signals,BenchmarkWazeroExec/isa_mem.load_i32,wazero,time,ns/op,9459,9567.5,108.5,1.1470557141346926,0.5887445887445888,false,6,100ms,Measured increase; p-values are not adjusted for multiple comparisons.
full screen,signals,BenchmarkWazeroExec/isa_f32.abs,wazero,time,ns/op,39309.5,39417.5,108,0.27474274666430265,0.6991341991341992,false,6,100ms,Measured increase; p-values are not adjusted for multiple comparisons.
full screen,explicit,BenchmarkExec/isa_simd_f32x4.sqrt,wago,time,ns/op,11386.5,11494,107.5,0.9441004698546474,0.5887445887445888,false,6,100ms,Measured increase; p-values are not adjusted for multiple comparisons.
full screen,explicit,BenchmarkExec/isa_simd_i32x4.trunc_sat_f64x2_s_zero,wago,time,ns/op,6536.5,6643.5,107,1.6369616767383244,0.30952380952380953,false,6,100ms,Measured increase; p-values are not adjusted for multiple comparisons.
full screen,signals,BenchmarkExecParallel/process/crc32.hashN,wago,time,ns/op,16381,16486,105,0.6409865087601441,0.6991341991341992,false,6,100ms,"Throughput time, not one-call latency."
full screen,explicit,BenchmarkExec/isa_simd_f64x2.gt,wago,time,ns/op,3281,3385,104,3.1697653154526106,0.13203463203463203,false,6,100ms,Measured increase; p-values are not adjusted for multiple comparisons.
full screen,signals,BenchmarkWazeroInstantiate/isa_f32,wazero,time,ns/op,7666.5,7770.5,104,1.3565512293745474,0.7835497835497836,false,6,100ms,Measured increase; p-values are not adjusted for multiple comparisons.
full screen,signals,BenchmarkExec/crc32.hashN,wago,time,ns/op,14799.5,14902.5,103,0.6959694584276477,0.3939393939393939,false,6,100ms,Measured increase; p-values are not adjusted for multiple comparisons.
full screen,signals,BenchmarkExec/isa_f32.mul,wago,time,ns/op,39406.5,39508.5,102,0.2588405466103394,0.6991341991341992,false,6,100ms,Measured increase; p-values are not adjusted for multiple comparisons.
full screen,explicit,BenchmarkWazeroInstantiate/fib_rec,wazero,time,ns/op,7438.5,7540.5,102,1.3712442024601756,0.06493506493506493,false,6,100ms,Measured increase; p-values are not adjusted for multiple comparisons.
full screen,signals,BenchmarkExec/isa_f32.sqrt,wago,time,ns/op,117984.5,118083.5,99,0.08390932707262877,1,false,6,100ms,Measured increase; p-values are not adjusted for multiple comparisons.
full screen,signals,BenchmarkWazeroExec/isa_simd_i32x4.trunc_sat_f32x4_u,wazero,time,ns/op,9988.5,10085.5,97,0.9711167843019508,0.24025974025974026,false,6,100ms,Measured increase; p-values are not adjusted for multiple comparisons.
full screen,signals,BenchmarkExecParallel/process/isa_f32.trunc,wago,time,ns/op,40891,40987.5,96.5,0.2359932503484874,0.6991341991341992,false,6,100ms,"Throughput time, not one-call latency."
full screen,explicit,BenchmarkWazeroExec/isa_simd_i64x2.extmul_low_s,wazero,time,ns/op,14875.5,14971.5,96,0.6453564586064386,0.9372294372294372,false,6,100ms,Measured increase; p-values are not adjusted for multiple comparisons.
full screen,signals,BenchmarkExecParallel/process/isa_f32.ceil,wago,time,ns/op,40635.5,40731,95.5,0.23501618043335615,0.8181818181818182,false,6,100ms,"Throughput time, not one-call latency."
full screen,explicit,BenchmarkWazeroExec/isa_simd_f32x4.ge,wazero,time,ns/op,3713.5,3809,95.5,2.571697859162514,0.33116883116883117,false,6,100ms,Measured increase; p-values are not adjusted for multiple comparisons.
full screen,signals,BenchmarkInstantiate/qoi,wago,time,ns/op,6070,6164.5,94.5,1.5568369028006623,0.8181818181818182,false,6,100ms,Measured increase; p-values are not adjusted for multiple comparisons.
full screen,signals,BenchmarkWazeroExec/isa_f32.min,wazero,time,ns/op,19270,19364.5,94.5,0.49039958484691226,1,false,6,100ms,Measured increase; p-values are not adjusted for multiple comparisons.
full screen,explicit,BenchmarkWazeroExec/isa_i64.add,wazero,time,ns/op,13021,13115.5,94.5,0.7257507103909155,0.8181818181818182,false,6,100ms,Measured increase; p-values are not adjusted for multiple comparisons.
full screen,explicit,BenchmarkExec/mandelbrot.render,wago,time,ns/op,230387.5,230481.5,94,0.04080082469752888,0.9372294372294372,false,6,100ms,Measured increase; p-values are not adjusted for multiple comparisons.
full screen,explicit,BenchmarkWazeroExec/isa_simd_i16x8.add_sat_s,wazero,time,ns/op,3255,3348.5,93.5,2.872503840245777,0.0670995670995671,false,6,100ms,Measured increase; p-values are not adjusted for multiple comparisons.
full screen,explicit,BenchmarkWazeroExec/zstd.zstd_decompress_run,wazero,time,ns/op,7933.5,8027,93.5,1.178546669187619,0.13203463203463203,false,6,100ms,Measured increase; p-values are not adjusted for multiple comparisons.
full screen,signals,BenchmarkExecParallel/independent/isa_i32.rem_u,wago,time,ns/op,20888.5,20981.5,93,0.44522105464730455,0.30952380952380953,false,6,100ms,"Throughput time, not one-call latency."
full screen,signals,BenchmarkExecParallel/process/isa_i32.xor,wago,time,ns/op,14443,14535,92,0.6369867756006453,1,false,6,100ms,"Throughput time, not one-call latency."
full screen,explicit,BenchmarkWazeroExec/isa_simd_i32x4.ge_s,wazero,time,ns/op,3290.5,3382,91.5,2.7807324114876186,0.17965367965367965,false,6,100ms,Measured increase; p-values are not adjusted for multiple comparisons.
full screen,signals,BenchmarkInstantiate_wazero,wazero,time,ns/op,8104,8195,91,1.1229022704837055,0.9372294372294372,false,6,100ms,Measured increase; p-values are not adjusted for multiple comparisons.
full screen,explicit,BenchmarkExecParallel/independent/isa_f64.min,wago,time,ns/op,4479,4569,90,2.009377093101139,0.3939393939393939,false,6,100ms,"Throughput time, not one-call latency."
full screen,explicit,BenchmarkExecParallel/independent/json-as.serializeN,wago,time,ns/op,3956,4046,90,2.275025278058651,0.8181818181818182,false,6,100ms,"Throughput time, not one-call latency."
full screen,explicit,BenchmarkWazeroExec/isa_i32.shr_s,wazero,time,ns/op,27197.5,27287.5,90,0.33091276771761713,0.6991341991341992,false,6,100ms,Measured increase; p-values are not adjusted for multiple comparisons.
full screen,explicit,BenchmarkExec/isa_i32.div_s,wago,time,ns/op,162874,162963,89,0.05464346672887643,0.9372294372294372,false,6,100ms,Measured increase; p-values are not adjusted for multiple comparisons.
full screen,explicit,BenchmarkExec/isa_simd_f32x4.demote_f64x2_zero,wago,time,ns/op,2464.5,2553.5,89,3.6112801785352033,0.13203463203463203,false,6,100ms,Measured increase; p-values are not adjusted for multiple comparisons.
full screen,explicit,BenchmarkWazeroExec/isa_i64.or,wazero,time,ns/op,13015,13103.5,88.5,0.6799846331156267,0.3874458874458874,false,6,100ms,Measured increase; p-values are not adjusted for multiple comparisons.
full screen,explicit,BenchmarkExecParallel/process/isa_bulk_mem.copy_back_4096,wago,time,ns/op,1608,1695.5,87.5,5.441542288557222,0.09307359307359307,false,6,100ms,"Throughput time, not one-call latency."
full screen,explicit,BenchmarkExec/lz4.lz4_compress_run,wago,time,ns/op,32923,33010,87,0.26425295386203196,0.5887445887445888,false,6,100ms,Measured increase; p-values are not adjusted for multiple comparisons.
full screen,explicit,BenchmarkWazeroExec/isa_i32.mul,wazero,time,ns/op,39097.5,39184.5,87,0.22252062152312568,0.8181818181818182,false,6,100ms,Measured increase; p-values are not adjusted for multiple comparisons.
full screen,explicit,BenchmarkWazeroInstantiate/isa_simd_v128,wazero,time,ns/op,7635.5,7722.5,87,1.1394145766485453,0.13203463203463203,false,6,100ms,Measured increase; p-values are not adjusted for multiple comparisons.
full screen,explicit,BenchmarkWazeroExec/isa_simd_i16x8.ne,wazero,time,ns/op,3251.5,3338,86.5,2.660310625864981,0.008658008658008658,true,6,100ms,Measured increase; p-values are not adjusted for multiple comparisons.
full screen,signals,BenchmarkWazeroExec/isa_i32.xor,wazero,time,ns/op,13006.5,13092,85.5,0.6573636258793591,0.24025974025974026,false,6,100ms,Measured increase; p-values are not adjusted for multiple comparisons.
full screen,signals,BenchmarkWazeroExec/isa_simd_i32x4.trunc_sat_f32x4_s,wazero,time,ns/op,7496,7581.5,85.5,1.1406083244396958,0.8181818181818182,false,6,100ms,Measured increase; p-values are not adjusted for multiple comparisons.
full screen,signals,BenchmarkExecParallel/process/isa_simd_f32x4.trunc,wago,time,ns/op,2836.5,2921.5,85,2.9966508020447646,0.13203463203463203,false,6,100ms,"Throughput time, not one-call latency."
full screen,signals,BenchmarkExec/isa_simd_i64x2.shr_s,wago,time,ns/op,9452.5,9537,84.5,0.8939434012166014,0.3939393939393939,false,6,100ms,Measured increase; p-values are not adjusted for multiple comparisons.
full screen,explicit,BenchmarkWazeroInstantiate/many_funcs,wazero,time,ns/op,7561.5,7646,84.5,1.1175031409111913,0.24025974025974026,false,6,100ms,Measured increase; p-values are not adjusted for multiple comparisons.
full screen,signals,BenchmarkWazeroExec/isa_i64.and,wazero,time,ns/op,13002,13086,84,0.6460544531610601,0.13203463203463203,false,6,100ms,Measured increase; p-values are not adjusted for multiple comparisons.
full screen,signals,BenchmarkWazeroExec/isa_simd_f64x2.min,wazero,time,ns/op,9788,9872,84,0.8581937065794909,0.09307359307359307,false,6,100ms,Measured increase; p-values are not adjusted for multiple comparisons.
full screen,signals,BenchmarkExecParallel/process/isa_simd_f64x2.abs,wago,time,ns/op,1794,1877.5,83.5,4.654403567447041,0.25757575757575757,false,6,100ms,"Throughput time, not one-call latency."
full screen,signals,BenchmarkWazeroExec/isa_bulk_mem.copy_back_4096,wazero,time,ns/op,9749.5,9832,82.5,0.84619724088415,0.48484848484848486,false,6,100ms,Measured increase; p-values are not adjusted for multiple comparisons.
full screen,explicit,BenchmarkWazeroInstantiate/isa_i64,wazero,time,ns/op,7660,7742.5,82.5,1.0770234986945182,0.6147186147186147,false,6,100ms,Measured increase; p-values are not adjusted for multiple comparisons.
full screen,signals,BenchmarkExec/isa_f64.abs,wago,time,ns/op,39055.5,39137.5,82,0.2099576244062984,0.6991341991341992,false,6,100ms,Measured increase; p-values are not adjusted for multiple comparisons.
full screen,signals,BenchmarkExec/isa_i32.ctz,wago,time,ns/op,13336.5,13418.5,82,0.6148539721816171,0.19264069264069264,false,6,100ms,Measured increase; p-values are not adjusted for multiple comparisons.
full screen,signals,BenchmarkExecParallel/process/isa_simd_f32x4.neg,wago,time,ns/op,1823.5,1905.5,82,4.496846723334258,0.3939393939393939,false,6,100ms,"Throughput time, not one-call latency."
full screen,signals,BenchmarkExec/isa_simd_i32x4.trunc_sat_f64x2_u_zero,wago,time,ns/op,9074.5,9156,81.5,0.8981211086010354,0.025974025974025976,true,6,100ms,Measured increase; p-values are not adjusted for multiple comparisons.
full screen,signals,BenchmarkInstantiate/memory,wago,time,ns/op,4524,4605.5,81.5,1.801503094606538,0.8181818181818182,false,6,100ms,Measured increase; p-values are not adjusted for multiple comparisons.
full screen,signals,BenchmarkExec/isa_simd_i64x2.extmul_low_s,wago,time,ns/op,6603,6684,81,1.2267151294865997,0.24025974025974026,false,6,100ms,Measured increase; p-values are not adjusted for multiple comparisons.
full screen,explicit,BenchmarkExecParallel/process/isa_cvt.promote_demote,wago,time,ns/op,16861,16941.5,80.5,0.4774331297076051,0.5887445887445888,false,6,100ms,"Throughput time, not one-call latency."
full screen,explicit,BenchmarkWazeroExec/isa_var.local_getset,wazero,time,ns/op,13142,13222.5,80.5,0.6125399482574956,0.9372294372294372,false,6,100ms,Measured increase; p-values are not adjusted for multiple comparisons.
full screen,explicit,BenchmarkExec/isa_i32.mul,wago,time,ns/op,39371,39451,80,0.20319524523126908,1,false,6,100ms,Measured increase; p-values are not adjusted for multiple comparisons.
full screen,signals,BenchmarkExecParallel/independent/isa_cvt.f64_convert_u,wago,time,ns/op,11585.5,11665.5,80,0.6905183203141929,0.13203463203463203,false,6,100ms,"Throughput time, not one-call latency."
full screen,explicit,BenchmarkExec/isa_simd_i16x8.gt_u,wago,time,ns/op,4905,4984,79,1.6106014271151992,0.09307359307359307,false,6,100ms,Measured increase; p-values are not adjusted for multiple comparisons.
full screen,explicit,BenchmarkWazeroExec/isa_mem.store_i64,wazero,time,ns/op,8300.5,8379.5,79,0.9517498945846636,0.7316017316017316,false,6,100ms,Measured increase; p-values are not adjusted for multiple comparisons.
full screen,signals,BenchmarkExecParallel/process/isa_simd_i32x4.mul,wago,time,ns/op,5840,5918.5,78.5,1.3441780821917826,0.5887445887445888,false,6,100ms,"Throughput time, not one-call latency."
full screen,explicit,BenchmarkWazeroExec/isa_f32.trunc,wazero,time,ns/op,40663.5,40741.5,78,0.19181821535283472,0.48484848484848486,false,6,100ms,Measured increase; p-values are not adjusted for multiple comparisons.
full screen,signals,BenchmarkExec/isa_simd_f32x4.min,wago,time,ns/op,9848.5,9926,77.5,0.7869218662740485,0.30952380952380953,false,6,100ms,Measured increase; p-values are not adjusted for multiple comparisons.
full screen,explicit,BenchmarkExecParallel/process/isa_call.call_direct,wago,time,ns/op,2152,2229.5,77.5,3.6013011152416396,0.8181818181818182,false,6,100ms,"Throughput time, not one-call latency."
full screen,signals,BenchmarkExec/zlib.zlib_inflate_run,wago,time,ns/op,8470.5,8547.5,77,0.9090372469157559,0.9372294372294372,false,6,100ms,Measured increase; p-values are not adjusted for multiple comparisons.
full screen,explicit,BenchmarkExecParallel/process/crc32.hashN,wago,time,ns/op,16738.5,16814,75.5,0.45105594886041267,0.3939393939393939,false,6,100ms,"Throughput time, not one-call latency."
full screen,explicit,BenchmarkExecParallel/process/isa_f64.div,wago,time,ns/op,22451,22526.5,75.5,0.3362879159057419,0.48484848484848486,false,6,100ms,"Throughput time, not one-call latency."
full screen,explicit,BenchmarkWazeroInstantiate/isa_simd_f32x4,wazero,time,ns/op,7728.5,7803,74.5,0.9639645468072722,0.012987012987012988,true,6,100ms,Measured increase; p-values are not adjusted for multiple comparisons.
full screen,signals,BenchmarkExec/isa_simd_i16x8.extadd_pairwise_s,wago,time,ns/op,2534,2608,74,2.920284135753759,0.17965367965367965,false,6,100ms,Measured increase; p-values are not adjusted for multiple comparisons.
full screen,explicit,BenchmarkExec/isa_i64.or,wago,time,ns/op,13090,13163.5,73.5,0.5614973262032086,0.6991341991341992,false,6,100ms,Measured increase; p-values are not adjusted for multiple comparisons.
full screen,signals,BenchmarkExec/isa_simd_i32x4.ge_u,wago,time,ns/op,3328.5,3401.5,73,2.193180111161186,0.015151515151515152,true,6,100ms,Measured increase; p-values are not adjusted for multiple comparisons.
full screen,explicit,BenchmarkWazeroExec/isa_f32.sub,wazero,time,ns/op,38954.5,39027.5,73,0.18739811831751663,0.7857142857142857,false,6,100ms,Measured increase; p-values are not adjusted for multiple comparisons.
full screen,explicit,BenchmarkExec/isa_simd_f64x2.ceil,wago,time,ns/op,2456,2528.5,72.5,2.95195439739413,0.13203463203463203,false,6,100ms,Measured increase; p-values are not adjusted for multiple comparisons.
full screen,explicit,BenchmarkExecParallel/independent/isa_i32.rotl,wago,time,ns/op,1917.5,1990,72.5,3.780964797913944,0.17965367965367965,false,6,100ms,"Throughput time, not one-call latency."
full screen,explicit,BenchmarkWazeroExec/isa_simd_i16x8.add_sat_u,wazero,time,ns/op,3256.5,3329,72.5,2.226316597574085,0.12121212121212122,false,6,100ms,Measured increase; p-values are not adjusted for multiple comparisons.
full screen,explicit,BenchmarkWazeroInstantiate/sieve,wazero,time,ns/op,28461.5,28534,72.5,0.2547300739595526,0.6991341991341992,false,6,100ms,Measured increase; p-values are not adjusted for multiple comparisons.
full screen,signals,BenchmarkWazeroExec/isa_i64.sub,wazero,time,ns/op,13008.5,13080.5,72,0.553484260291337,0.5887445887445888,false,6,100ms,Measured increase; p-values are not adjusted for multiple comparisons.
full screen,signals,BenchmarkExecParallel/process/isa_ctl.loop_baseline,wago,time,ns/op,7858.5,7930,71.5,0.9098428453267138,0.9372294372294372,false,6,100ms,"Throughput time, not one-call latency."
full screen,signals,BenchmarkExecParallel/process/isa_mem.load_i64,wago,time,ns/op,8169,8240.5,71.5,0.875260129758848,0.8181818181818182,false,6,100ms,"Throughput time, not one-call latency."
full screen,signals,BenchmarkWazeroExec/isa_simd_i16x8.lt_u,wazero,time,ns/op,5345.5,5416,70.5,1.318866336170621,0.22294372294372294,false,6,100ms,Measured increase; p-values are not adjusted for multiple comparisons.
full screen,signals,BenchmarkExecParallel/independent/isa_i32.rotr,wago,time,ns/op,2048,2118,70,3.41796875,0.5887445887445888,false,6,100ms,"Throughput time, not one-call latency."
full screen,explicit,BenchmarkExec/isa_i64.shl,wago,time,ns/op,13094.5,13164,69.5,0.5307571881324247,0.48484848484848486,false,6,100ms,Measured increase; p-values are not adjusted for multiple comparisons.
full screen,explicit,BenchmarkExecParallel/independent/isa_i64.rotr,wago,time,ns/op,1970.5,2039.5,69,3.501649327581835,0.008658008658008658,true,6,100ms,"Throughput time, not one-call latency."
full screen,explicit,BenchmarkExecParallel/process/isa_f32.nearest,wago,time,ns/op,5317,5385,68,1.2789166823396592,0.3939393939393939,false,6,100ms,"Throughput time, not one-call latency."
full screen,explicit,BenchmarkWazeroExec/isa_simd_f32x4.div,wazero,time,ns/op,17868,17936,68,0.380568614282506,0.3939393939393939,false,6,100ms,Measured increase; p-values are not adjusted for multiple comparisons.
full screen,explicit,BenchmarkWazeroExec/isa_simd_f64x2.div,wazero,time,ns/op,21075.5,21143.5,68,0.3226495219567749,0.48484848484848486,false,6,100ms,Measured increase; p-values are not adjusted for multiple comparisons.
full screen,explicit,BenchmarkExec/memory_tree.run,wago,time,ns/op,8812.5,8879,66.5,0.7546099290780095,0.045454545454545456,true,6,100ms,Measured increase; p-values are not adjusted for multiple comparisons.
full screen,signals,BenchmarkExecParallel/process/isa_f64.abs,wago,time,ns/op,40498,40564,66,0.1629710109141147,0.8181818181818182,false,6,100ms,"Throughput time, not one-call latency."
full screen,explicit,BenchmarkExec/isa_i32.popcnt,wago,time,ns/op,13249,13314.5,65.5,0.4943769341082316,0.17965367965367965,false,6,100ms,Measured increase; p-values are not adjusted for multiple comparisons.
full screen,explicit,BenchmarkWazeroExec/isa_f32.neg,wazero,time,ns/op,39099.5,39165,65.5,0.16752132380208895,0.30952380952380953,false,6,100ms,Measured increase; p-values are not adjusted for multiple comparisons.
full screen,signals,BenchmarkExec/isa_bulk_mem.fill_4096,wago,time,ns/op,7070.5,7135,64.5,0.9122410013436166,0.3939393939393939,false,6,100ms,Measured increase; p-values are not adjusted for multiple comparisons.
full screen,explicit,BenchmarkExec/zlib.zlib_inflate_run,wago,time,ns/op,9571.5,9636,64.5,0.6738755680927744,0.9372294372294372,false,6,100ms,Measured increase; p-values are not adjusted for multiple comparisons.
full screen,signals,BenchmarkValidateWorkers/tiny/p4,wago,time,ns/op,3251,3315,64,1.9686250384497006,0.008658008658008658,true,6,100ms,Measured increase; p-values are not adjusted for multiple comparisons.
full screen,explicit,BenchmarkWazeroExec/isa_simd_i32x4.max_s,wazero,time,ns/op,1636.5,1700.5,64,3.910785212343426,0.06277056277056277,false,6,100ms,Measured increase; p-values are not adjusted for multiple comparisons.
full screen,explicit,BenchmarkWazeroExec/isa_simd_i8x16.narrow_i16x8_s,wazero,time,ns/op,3262.5,3326.5,64,1.9616858237547996,0.07142857142857142,false,6,100ms,Measured increase; p-values are not adjusted for multiple comparisons.
full screen,explicit,BenchmarkExecParallel/process/isa_i64.shr_u,wago,time,ns/op,1959,2022.5,63.5,3.2414497192445157,0.24025974025974026,false,6,100ms,"Throughput time, not one-call latency."
full screen,signals,BenchmarkExecParallel/process/isa_simd_v128.andnot,wago,time,ns/op,1989.5,2053,63.5,3.191756722794681,0.24025974025974026,false,6,100ms,"Throughput time, not one-call latency."
full screen,signals,BenchmarkExecParallel/process/isa_simd_f64x2.convert_low_i32x4_s,wago,time,ns/op,2827.5,2890.5,63,2.2281167108753275,0.19264069264069264,false,6,100ms,"Throughput time, not one-call latency."
full screen,explicit,BenchmarkWazeroExec/isa_i64.shr_s,wazero,time,ns/op,13597.5,13660.5,63,0.4633204633204713,0.13203463203463203,false,6,100ms,Measured increase; p-values are not adjusted for multiple comparisons.
full screen,explicit,BenchmarkWazeroExec/isa_simd_i64x2.extend_high_u,wazero,time,ns/op,3264.5,3327.5,63,1.9298514320722937,0.19264069264069264,false,6,100ms,Measured increase; p-values are not adjusted for multiple comparisons.
full screen,signals,BenchmarkExec/isa_simd_i8x16.add_sat_s,wago,time,ns/op,3317.5,3380,62.5,1.8839487565938118,0.17965367965367965,false,6,100ms,Measured increase; p-values are not adjusted for multiple comparisons.
full screen,explicit,BenchmarkExecParallel/independent/json-as.deserializeN,wago,time,ns/op,6570,6632.5,62.5,0.9512937595129278,1,false,6,100ms,"Throughput time, not one-call latency."
full screen,explicit,BenchmarkWazeroExec/isa_simd_i16x8.avgr_u,wazero,time,ns/op,3247,3309.5,62.5,1.9248537111179465,0.04112554112554113,true,6,100ms,Measured increase; p-values are not adjusted for multiple comparisons.
full screen,signals,BenchmarkExec/isa_simd_f32x4.sub,wago,time,ns/op,4949.5,5011.5,62,1.2526517830083739,0.10173160173160173,false,6,100ms,Measured increase; p-values are not adjusted for multiple comparisons.
full screen,explicit,BenchmarkExec/isa_simd_i8x16.le_u,wago,time,ns/op,3281.5,3343,61.5,1.874142922444011,0.5887445887445888,false,6,100ms,Measured increase; p-values are not adjusted for multiple comparisons.
full screen,signals,BenchmarkExecParallel/process/isa_simd_i8x16.popcnt,wago,time,ns/op,5675.5,5737,61.5,1.0836049687252158,0.30952380952380953,false,6,100ms,"Throughput time, not one-call latency."
full screen,explicit,BenchmarkExec/isa_simd_i64x2.extmul_high_s,wago,time,ns/op,6547.5,6608.5,61,0.9316533027873275,0.24025974025974026,false,6,100ms,Measured increase; p-values are not adjusted for multiple comparisons.
full screen,signals,BenchmarkExec/isa_simd_i8x16.add_sat_u,wago,time,ns/op,3321.5,3382.5,61,1.8365196447388321,0.3939393939393939,false,6,100ms,Measured increase; p-values are not adjusted for multiple comparisons.
full screen,signals,BenchmarkWazeroExec/isa_simd_i8x16.gt_s,wazero,time,ns/op,1635.5,1696.5,61,3.7297462549678917,0.06493506493506493,false,6,100ms,Measured increase; p-values are not adjusted for multiple comparisons.
full screen,signals,BenchmarkExec/isa_simd_f32x4.lt,wago,time,ns/op,3331.5,3392,60.5,1.8159987993396465,0.45670995670995673,false,6,100ms,Measured increase; p-values are not adjusted for multiple comparisons.
full screen,signals,BenchmarkExec/isa_simd_f64x2.max,wago,time,ns/op,9838,9898.5,60.5,0.614962390729823,0.24025974025974026,false,6,100ms,Measured increase; p-values are not adjusted for multiple comparisons.
full screen,signals,BenchmarkExecCommuteSelfUpdate/json-as.deserializeN/off,wago,time,ns/op,36717.5,36778,60.5,0.16477156669163495,1,false,6,100ms,Measured increase; p-values are not adjusted for multiple comparisons.
full screen,explicit,BenchmarkWazeroInstantiate/branches,wazero,time,ns/op,7562,7622.5,60.5,0.8000528960592446,0.3939393939393939,false,6,100ms,Measured increase; p-values are not adjusted for multiple comparisons.
full screen,explicit,BenchmarkExec/isa_mem.load_i32,wago,time,ns/op,8585.5,8645.5,60,0.6988527167899328,0.19480519480519481,false,6,100ms,Measured increase; p-values are not adjusted for multiple comparisons.
full screen,explicit,BenchmarkExecParallel/process/isa_f32.sqrt,wago,time,ns/op,16036,16096,60,0.374158144175607,0.9372294372294372,false,6,100ms,"Throughput time, not one-call latency."
full screen,explicit,BenchmarkExec/isa_simd_f32x4.mul,wago,time,ns/op,4919,4978.5,59.5,1.2095954462289171,0.6991341991341992,false,6,100ms,Measured increase; p-values are not adjusted for multiple comparisons.
full screen,signals,BenchmarkWazeroExec/isa_f32.add,wazero,time,ns/op,38923.5,38983,59.5,0.15286395108353723,0.9372294372294372,false,6,100ms,Measured increase; p-values are not adjusted for multiple comparisons.
full screen,signals,BenchmarkExecParallel/independent/isa_f32.trunc,wago,time,ns/op,5263,5322,59,1.1210336310089275,0.24025974025974026,false,6,100ms,"Throughput time, not one-call latency."
full screen,signals,BenchmarkExecParallel/process/isa_simd_i32x4.extadd_pairwise_s,wago,time,ns/op,2884,2943,59,2.0457697642163764,0.06493506493506493,false,6,100ms,"Throughput time, not one-call latency."
full screen,signals,BenchmarkExec/isa_simd_f32x4.trunc,wago,time,ns/op,2504,2562.5,58.5,2.3362619808306784,0.0021645021645021645,true,6,100ms,Measured increase; p-values are not adjusted for multiple comparisons.
full screen,explicit,BenchmarkExecParallel/independent/isa_cvt.reinterpret_f32,wago,time,ns/op,6988,7046.5,58.5,0.837149398969661,0.30952380952380953,false,6,100ms,"Throughput time, not one-call latency."
full screen,signals,BenchmarkExecParallel/process/isa_var.local_getset,wago,time,ns/op,14776.5,14835,58.5,0.39589889351334673,1,false,6,100ms,"Throughput time, not one-call latency."
full screen,signals,BenchmarkWazeroExec/isa_i64.clz,wazero,time,ns/op,13243,13301.5,58.5,0.44174280752096173,0.17965367965367965,false,6,100ms,Measured increase; p-values are not adjusted for multiple comparisons.
full screen,signals,BenchmarkExec/isa_f64.ceil,wago,time,ns/op,39025,39083,58,0.14862267777064897,0.3939393939393939,false,6,100ms,Measured increase; p-values are not adjusted for multiple comparisons.
full screen,signals,BenchmarkExecParallel/process/isa_simd_i8x16.shr_s,wago,time,ns/op,4072.5,4130.5,58,1.4241866175567885,0.8181818181818182,false,6,100ms,"Throughput time, not one-call latency."
full screen,signals,BenchmarkExec/isa_simd_i16x8.eq,wago,time,ns/op,1694.5,1752,57.5,3.3933313661847153,0.07575757575757576,false,6,100ms,Measured increase; p-values are not adjusted for multiple comparisons.
full screen,explicit,BenchmarkWazeroInstantiate/swar-pack-parse,wazero,time,ns/op,7728.5,7785.5,57,0.7375299217183162,0.30952380952380953,false,6,100ms,Measured increase; p-values are not adjusted for multiple comparisons.
full screen,explicit,BenchmarkExecParallel/process/isa_i32.shl,wago,time,ns/op,1947.5,2004,56.5,2.9011553273427415,0.2532467532467532,false,6,100ms,"Throughput time, not one-call latency."
full screen,signals,BenchmarkExecParallel/process/isa_simd_f64x2.div,wago,time,ns/op,22436,22492.5,56.5,0.2518274202174986,0.512987012987013,false,6,100ms,"Throughput time, not one-call latency."
full screen,signals,BenchmarkInstantiate/isa_var,wago,time,ns/op,3407.5,3464,56.5,1.6581071166544392,0.6991341991341992,false,6,100ms,Measured increase; p-values are not adjusted for multiple comparisons.
full screen,explicit,BenchmarkWazeroExec/isa_f64.ceil,wazero,time,ns/op,39547,39603.5,56.5,0.14286797987204114,1,false,6,100ms,Measured increase; p-values are not adjusted for multiple comparisons.
full screen,signals,BenchmarkWazeroExec/isa_simd_i32x4.min_u,wazero,time,ns/op,1636,1692.5,56.5,3.453545232273836,0.17965367965367965,false,6,100ms,Measured increase; p-values are not adjusted for multiple comparisons.
full screen,explicit,BenchmarkWazeroInstantiate/fib_iter,wazero,time,ns/op,7447.5,7503.5,56,0.7519301779120413,0.6991341991341992,false,6,100ms,Measured increase; p-values are not adjusted for multiple comparisons.
full screen,explicit,BenchmarkExecParallel/process/isa_f64.min,wago,time,ns/op,4502.5,4558,55.5,1.232648528595215,0.5887445887445888,false,6,100ms,"Throughput time, not one-call latency."
full screen,signals,BenchmarkExec/isa_simd_i8x16.narrow_i16x8_s,wago,time,ns/op,3332,3387,55,1.6506602641056523,0.5670995670995671,false,6,100ms,Measured increase; p-values are not adjusted for multiple comparisons.
full screen,signals,BenchmarkExecParallel/independent/isa_f32.abs,wago,time,ns/op,5278.5,5333.5,55,1.0419626787913305,0.14285714285714285,false,6,100ms,"Throughput time, not one-call latency."
full screen,signals,BenchmarkExecParallel/process/isa_i64.mul,wago,time,ns/op,40829,40884,55,0.13470817311225236,0.8181818181818182,false,6,100ms,"Throughput time, not one-call latency."
full screen,signals,BenchmarkWazeroExec/isa_var.local_getset,wazero,time,ns/op,13077.5,13132.5,55,0.42056968074937195,0.3939393939393939,false,6,100ms,Measured increase; p-values are not adjusted for multiple comparisons.
full screen,explicit,BenchmarkWazeroExec/isa_simd_i32x4.shl,wazero,time,ns/op,2173.5,2228,54.5,2.507476420519894,0.11471861471861472,false,6,100ms,Measured increase; p-values are not adjusted for multiple comparisons.
full screen,explicit,BenchmarkExec/isa_f32.add,wago,time,ns/op,39292,39346,54,0.13743255624554251,0.9372294372294372,false,6,100ms,Measured increase; p-values are not adjusted for multiple comparisons.
full screen,signals,BenchmarkWazeroExec/isa_f64.min,wazero,time,ns/op,19230.5,19284.5,54,0.280803931255047,0.6991341991341992,false,6,100ms,Measured increase; p-values are not adjusted for multiple comparisons.
full screen,explicit,BenchmarkWazeroExec/isa_mem.load_f64,wazero,time,ns/op,10085,10138.5,53.5,0.5304908279623266,0.48484848484848486,false,6,100ms,Measured increase; p-values are not adjusted for multiple comparisons.
full screen,explicit,BenchmarkExec/isa_cvt.f64_convert_s,wago,time,ns/op,85317,85370,53,0.06212126539846263,0.8181818181818182,false,6,100ms,Measured increase; p-values are not adjusted for multiple comparisons.
full screen,explicit,BenchmarkExec/isa_simd_i32x4.max_s,wago,time,ns/op,1664,1717,53,3.1850961538461453,0.854978354978355,false,6,100ms,Measured increase; p-values are not adjusted for multiple comparisons.
full screen,signals,BenchmarkExecParallel/process/isa_simd_f32x4.eq,wago,time,ns/op,3934,3987,53,1.3472292831723465,0.6991341991341992,false,6,100ms,"Throughput time, not one-call latency."
full screen,signals,BenchmarkWazeroInstantiate/branches,wazero,time,ns/op,7667.5,7720.5,53,0.6912292142158494,0.3939393939393939,false,6,100ms,Measured increase; p-values are not adjusted for multiple comparisons.
full screen,signals,BenchmarkExecParallel/process/isa_simd_f64x2.floor,wago,time,ns/op,2844.5,2897,52.5,1.8456670768149053,0.13203463203463203,false,6,100ms,"Throughput time, not one-call latency."
full screen,signals,BenchmarkExecParallel/process/isa_simd_reduce.i8x16_bitmask,wago,time,ns/op,1730.5,1783,52.5,3.0338052585957787,0.22294372294372294,false,6,100ms,"Throughput time, not one-call latency."
full screen,signals,BenchmarkWazeroInstantiate/dispatch,wazero,time,ns/op,7794,7846.5,52.5,0.6735950731331819,0.5887445887445888,false,6,100ms,Measured increase; p-values are not adjusted for multiple comparisons.
full screen,signals,BenchmarkExecParallel/process/isa_simd_f32x4.convert_i32x4_s,wago,time,ns/op,2840,2892,52,1.8309859154929553,0.025974025974025976,true,6,100ms,"Throughput time, not one-call latency."
full screen,explicit,BenchmarkWazeroExec/isa_simd_f64x2.gt,wazero,time,ns/op,3727,3779,52,1.3952240407834715,0.14285714285714285,false,6,100ms,Measured increase; p-values are not adjusted for multiple comparisons.
full screen,signals,BenchmarkExec/isa_mem.store_i32,wago,time,ns/op,6799,6850.5,51.5,0.7574643329901543,0.08441558441558442,false,6,100ms,Measured increase; p-values are not adjusted for multiple comparisons.
full screen,explicit,BenchmarkWazeroExec/isa_f32.abs,wazero,time,ns/op,39069.5,39121,51.5,0.13181637850496752,0.8181818181818182,false,6,100ms,Measured increase; p-values are not adjusted for multiple comparisons.
full screen,signals,BenchmarkExec/isa_simd_i16x8.extmul_low_s,wago,time,ns/op,8210,8261,51,0.6211936662606554,0.24025974025974026,false,6,100ms,Measured increase; p-values are not adjusted for multiple comparisons.
full screen,signals,BenchmarkExecParallel/process/isa_simd_i8x16.avgr_u,wago,time,ns/op,3896.5,3947.5,51,1.3088669318619184,0.19264069264069264,false,6,100ms,"Throughput time, not one-call latency."
full screen,signals,BenchmarkWazeroInstantiate/many_funcs,wazero,time,ns/op,7560,7610.5,50.5,0.667989417989423,0.3939393939393939,false,6,100ms,Measured increase; p-values are not adjusted for multiple comparisons.
full screen,signals,BenchmarkExec/isa_cvt.i64_extend_s,wago,time,ns/op,13127,13177,50,0.38089433991010946,0.8528138528138528,false,6,100ms,Measured increase; p-values are not adjusted for multiple comparisons.
full screen,signals,BenchmarkWazeroExec/isa_i32.ctz,wazero,time,ns/op,13214,13264,50,0.3783865597094094,0.48484848484848486,false,6,100ms,Measured increase; p-values are not adjusted for multiple comparisons.
full screen,explicit,BenchmarkWazeroExec/isa_i64.xor,wazero,time,ns/op,13010,13060,50,0.3843197540353671,0.8181818181818182,false,6,100ms,Measured increase; p-values are not adjusted for multiple comparisons.
full screen,signals,BenchmarkWazeroExec/isa_simd_f32x4.max,wazero,time,ns/op,14609.5,14659.5,50,0.3422430610219296,0.17965367965367965,false,6,100ms,Measured increase; p-values are not adjusted for multiple comparisons.
full screen,explicit,BenchmarkExec/isa_simd_i16x8.mul,wago,time,ns/op,4888,4937.5,49.5,1.0126841243862428,0.09307359307359307,false,6,100ms,Measured increase; p-values are not adjusted for multiple comparisons.
full screen,signals,BenchmarkWazeroExec/isa_i32.rem_s,wazero,time,ns/op,168088.5,168138,49.5,0.029448772521623034,0.3939393939393939,false,6,100ms,Measured increase; p-values are not adjusted for multiple comparisons.
full screen,signals,BenchmarkWazeroExec/isa_simd_i16x8.extmul_low_s,wazero,time,ns/op,8115.5,8165,49.5,0.6099439344464219,0.24025974025974026,false,6,100ms,Measured increase; p-values are not adjusted for multiple comparisons.
full screen,explicit,BenchmarkWazeroExec/isa_simd_i64x2.ge_s,wazero,time,ns/op,5397.5,5447,49.5,0.917091245947188,0.30952380952380953,false,6,100ms,Measured increase; p-values are not adjusted for multiple comparisons.
full screen,signals,BenchmarkExec/isa_simd_i16x8.le_u,wago,time,ns/op,3345,3394,49,1.4648729446935738,0.45670995670995673,false,6,100ms,Measured increase; p-values are not adjusted for multiple comparisons.
full screen,signals,BenchmarkExec/isa_simd_i16x8.lt_u,wago,time,ns/op,4957,5005.5,48.5,0.9784143635263254,0.06060606060606061,false,6,100ms,Measured increase; p-values are not adjusted for multiple comparisons.
full screen,signals,BenchmarkExec/isa_simd_i32x4.extmul_high_u,wago,time,ns/op,6574,6622.5,48.5,0.7377547916032956,0.30952380952380953,false,6,100ms,Measured increase; p-values are not adjusted for multiple comparisons.
full screen,signals,BenchmarkExec/isa_simd_f64x2.min,wago,time,ns/op,9829,9877,48,0.48835079865703346,0.24025974025974026,false,6,100ms,Measured increase; p-values are not adjusted for multiple comparisons.
full screen,signals,BenchmarkExec/isa_simd_i16x8.max_u,wago,time,ns/op,1701.5,1749.5,48,2.821040258595353,0.29004329004329005,false,6,100ms,Measured increase; p-values are not adjusted for multiple comparisons.
full screen,explicit,BenchmarkExecParallel/independent/isa_call.call_indirect,wago,time,ns/op,5697,5745,48,0.8425487098472795,0.5887445887445888,false,6,100ms,"Throughput time, not one-call latency."
full screen,signals,BenchmarkExec/isa_i64.and,wago,time,ns/op,13060,13107.5,47.5,0.3637059724349134,0.2857142857142857,false,6,100ms,Measured increase; p-values are not adjusted for multiple comparisons.
full screen,explicit,BenchmarkExecParallel/process/isa_i32.shr_u,wago,time,ns/op,1950,1997.5,47.5,2.4358974358974272,0.5887445887445888,false,6,100ms,"Throughput time, not one-call latency."
full screen,explicit,BenchmarkWazeroExec/isa_simd_i32x4.eq,wazero,time,ns/op,1643,1690.5,47.5,2.891052951917228,0.30952380952380953,false,6,100ms,Measured increase; p-values are not adjusted for multiple comparisons.
full screen,explicit,BenchmarkWazeroExec/isa_simd_i32x4.extmul_high_u,wazero,time,ns/op,11465.5,11513,47.5,0.4142863372726957,1,false,6,100ms,Measured increase; p-values are not adjusted for multiple comparisons.
full screen,explicit,BenchmarkExec/isa_simd_i8x16.ge_s,wago,time,ns/op,3289,3336,47,1.429005776831871,0.3939393939393939,false,6,100ms,Measured increase; p-values are not adjusted for multiple comparisons.
full screen,explicit,BenchmarkExecParallel/process/isa_i64.rotr,wago,time,ns/op,1949.5,1996.5,47,2.4108745832264633,0.17965367965367965,false,6,100ms,"Throughput time, not one-call latency."
full screen,signals,BenchmarkExecParallel/process/isa_simd_f64x2.ge,wago,time,ns/op,3921.5,3968.5,47,1.1985209741170566,0.48484848484848486,false,6,100ms,"Throughput time, not one-call latency."
full screen,signals,BenchmarkInstantiate/lz4,wago,time,ns/op,7881,7928,47,0.5963710189062388,0.6991341991341992,false,6,100ms,Measured increase; p-values are not adjusted for multiple comparisons.
full screen,signals,BenchmarkWazeroExec/isa_simd_f64x2.pmax,wazero,time,ns/op,3745,3792,47,1.255006675567416,0.7316017316017316,false,6,100ms,Measured increase; p-values are not adjusted for multiple comparisons.
full screen,explicit,BenchmarkExec/isa_ctl.select,wago,time,ns/op,19621.5,19668,46.5,0.23698493998929315,0.5887445887445888,false,6,100ms,Measured increase; p-values are not adjusted for multiple comparisons.
full screen,signals,BenchmarkExecParallel/process/isa_simd_f64x2.promote_low_f32x4,wago,time,ns/op,2865,2911.5,46.5,1.6230366492146597,0.48484848484848486,false,6,100ms,"Throughput time, not one-call latency."
full screen,signals,BenchmarkExecParallel/process/isa_simd_i16x8.add_sat_u,wago,time,ns/op,3908.5,3955,46.5,1.189714724318791,0.19047619047619047,false,6,100ms,"Throughput time, not one-call latency."
full screen,signals,BenchmarkExecParallel/process/isa_simd_i16x8.gt_s,wago,time,ns/op,2009.5,2056,46.5,2.314008459815864,0.24025974025974026,false,6,100ms,"Throughput time, not one-call latency."
full screen,signals,BenchmarkWazeroExec/isa_simd_i16x8.ge_s,wazero,time,ns/op,3256,3302.5,46.5,1.4281326781326875,0.41774891774891776,false,6,100ms,Measured increase; p-values are not adjusted for multiple comparisons.
full screen,signals,BenchmarkExec/isa_simd_i8x16.max_u,wago,time,ns/op,1708,1754,46,2.693208430913341,0.17965367965367965,false,6,100ms,Measured increase; p-values are not adjusted for multiple comparisons.
full screen,signals,BenchmarkExecParallel/process/isa_bulk_mem.fill_256,wago,time,ns/op,2364,2410,46,1.9458544839255465,0.06493506493506493,false,6,100ms,"Throughput time, not one-call latency."
full screen,signals,BenchmarkExecParallel/process/isa_simd_i64x2.ge_s,wago,time,ns/op,5823,5868.5,45.5,0.7813841662373422,0.5887445887445888,false,6,100ms,"Throughput time, not one-call latency."
full screen,explicit,BenchmarkExecParallel/process/isa_simd_i8x16.shr_s,wago,time,ns/op,571.7,617.2,45.5,7.9587196081861045,0.48484848484848486,false,6,100ms,"Throughput time, not one-call latency."
full screen,signals,BenchmarkWazeroExec/isa_i64.ctz,wazero,time,ns/op,13209.5,13255,45.5,0.3444490707445347,0.512987012987013,false,6,100ms,Measured increase; p-values are not adjusted for multiple comparisons.
full screen,explicit,BenchmarkWazeroExec/isa_simd_f64x2.min,wazero,time,ns/op,9773,9818.5,45.5,0.46556840274225575,0.3939393939393939,false,6,100ms,Measured increase; p-values are not adjusted for multiple comparisons.
full screen,signals,BenchmarkExecParallel/process/isa_cvt.i64_extend_s,wago,time,ns/op,14405,14450,45,0.3123915307184921,0.7294372294372294,false,6,100ms,"Throughput time, not one-call latency."
full screen,signals,BenchmarkExecParallel/process/isa_f64.sqrt,wago,time,ns/op,161751,161796,45,0.027820538976586207,1,false,6,100ms,"Throughput time, not one-call latency."
full screen,signals,BenchmarkExec/isa_simd_i16x8.extend_high_s,wago,time,ns/op,1888,1932.5,44.5,2.356991525423724,0.004329004329004329,true,6,100ms,Measured increase; p-values are not adjusted for multiple comparisons.
full screen,signals,BenchmarkExec/isa_simd_i16x8.sub_sat_s,wago,time,ns/op,3342.5,3387,44.5,1.3313388182498054,0.3939393939393939,false,6,100ms,Measured increase; p-values are not adjusted for multiple comparisons.
full screen,signals,BenchmarkExecParallel/independent/isa_f64.neg,wago,time,ns/op,5307.5,5352,44.5,0.8384361752237446,0.8181818181818182,false,6,100ms,"Throughput time, not one-call latency."
full screen,signals,BenchmarkWazeroExec/isa_i64.rem_u,wazero,time,ns/op,157951,157995.5,44.5,0.028173294249489444,0.8181818181818182,false,6,100ms,Measured increase; p-values are not adjusted for multiple comparisons.
full screen,signals,BenchmarkExec/isa_call.call_direct,wago,time,ns/op,13636.5,13680.5,44,0.322663440032267,0.512987012987013,false,6,100ms,Measured increase; p-values are not adjusted for multiple comparisons.
full screen,explicit,BenchmarkInstantiate/qoi,wago,time,ns/op,3793.5,3837.5,44,1.1598787399499155,0.3939393939393939,false,6,100ms,Measured increase; p-values are not adjusted for multiple comparisons.
full screen,explicit,BenchmarkWazeroExec/isa_i32.clz,wazero,time,ns/op,13252,13296,44,0.3320253546634566,0.6991341991341992,false,6,100ms,Measured increase; p-values are not adjusted for multiple comparisons.
full screen,signals,BenchmarkExec/isa_simd_f32x4.ge,wago,time,ns/op,3334.5,3378,43.5,1.304543409806569,0.7294372294372294,false,6,100ms,Measured increase; p-values are not adjusted for multiple comparisons.
full screen,explicit,BenchmarkWazeroExec/isa_simd_f32x4.nearest,wazero,time,ns/op,2450.5,2494,43.5,1.775147928994092,0.6991341991341992,false,6,100ms,Measured increase; p-values are not adjusted for multiple comparisons.
full screen,explicit,BenchmarkWazeroExec/isa_simd_i8x16.max_s,wazero,time,ns/op,1632,1675.5,43.5,2.6654411764705843,0.12121212121212122,false,6,100ms,Measured increase; p-values are not adjusted for multiple comparisons.
full screen,explicit,BenchmarkExec/isa_i64.ctz,wago,time,ns/op,13257,13300,43,0.324356943501547,0.48484848484848486,false,6,100ms,Measured increase; p-values are not adjusted for multiple comparisons.
full screen,signals,BenchmarkExecParallel/process/isa_simd_i32x4.eq,wago,time,ns/op,1952.5,1995.5,43,2.2023047375160143,0.06493506493506493,false,6,100ms,"Throughput time, not one-call latency."
full screen,signals,BenchmarkWazeroExec/isa_simd_i16x8.mul,wazero,time,ns/op,4930.5,4973.5,43,0.8721225027887636,0.30952380952380953,false,6,100ms,Measured increase; p-values are not adjusted for multiple comparisons.
full screen,explicit,BenchmarkWazeroExec/isa_simd_i8x16.popcnt,wazero,time,ns/op,4677,4720,43,0.919392773145189,0.5887445887445888,false,6,100ms,Measured increase; p-values are not adjusted for multiple comparisons.
full screen,signals,BenchmarkExec/isa_simd_i8x16.popcnt,wago,time,ns/op,4748.5,4791,42.5,0.8950194798357458,0.3939393939393939,false,6,100ms,Measured increase; p-values are not adjusted for multiple comparisons.
full screen,explicit,BenchmarkExecParallel/independent/isa_i32.rotr,wago,time,ns/op,1986,2028.5,42.5,2.139979859013086,0.30952380952380953,false,6,100ms,"Throughput time, not one-call latency."
full screen,explicit,BenchmarkExecFibRec_wazero,wazero,time,ns/op,483138.5,483180.5,42,0.008693159414940865,0.9372294372294372,false,6,100ms,Measured increase; p-values are not adjusted for multiple comparisons.
full screen,explicit,BenchmarkWazeroExec/isa_ctl.br_if,wazero,time,ns/op,13259,13301,42,0.3167659702843384,0.07142857142857142,false,6,100ms,Measured increase; p-values are not adjusted for multiple comparisons.
full screen,explicit,BenchmarkWazeroExec/zlib.zlib_inflate_run,wazero,time,ns/op,16613.5,16655.5,42,0.25280645258374257,1,false,6,100ms,Measured increase; p-values are not adjusted for multiple comparisons.
full screen,explicit,BenchmarkInstantiate/nbody,wago,time,ns/op,3624.5,3666,41.5,1.1449855152434907,1,false,6,100ms,Measured increase; p-values are not adjusted for multiple comparisons.
full screen,signals,BenchmarkExec/isa_simd_f64x2.div,wago,time,ns/op,21207.5,21248.5,41,0.1933278321348597,0.9372294372294372,false,6,100ms,Measured increase; p-values are not adjusted for multiple comparisons.
full screen,explicit,BenchmarkWazeroExec/isa_simd_i16x8.mul,wazero,time,ns/op,4885.5,4926.5,41,0.8392180943608718,0.3939393939393939,false,6,100ms,Measured increase; p-values are not adjusted for multiple comparisons.
full screen,signals,BenchmarkExecParallel/process/isa_bulk_mem.copy_back_4096,wago,time,ns/op,11263,11303.5,40.5,0.359584480156272,0.9372294372294372,false,6,100ms,"Throughput time, not one-call latency."
full screen,signals,BenchmarkWazeroExec/isa_simd_i8x16.max_s,wazero,time,ns/op,1642,1682.5,40.5,2.466504263093783,0.461038961038961,false,6,100ms,Measured increase; p-values are not adjusted for multiple comparisons.
full screen,explicit,BenchmarkWazeroInstantiate/isa_f32,wazero,time,ns/op,7687.5,7728,40.5,0.5268292682926834,0.461038961038961,false,6,100ms,Measured increase; p-values are not adjusted for multiple comparisons.
full screen,explicit,BenchmarkExecParallel/process/isa_f32.div,wago,time,ns/op,18907.5,18947.5,40,0.21155626074309541,0.5887445887445888,false,6,100ms,"Throughput time, not one-call latency."
full screen,signals,BenchmarkExecParallel/process/isa_simd_i32x4.le_u,wago,time,ns/op,3947.5,3987.5,40,1.0132995566814351,0.13203463203463203,false,6,100ms,"Throughput time, not one-call latency."
full screen,explicit,BenchmarkWazeroExec/isa_simd_i32x4.le_s,wazero,time,ns/op,3713,3753,40,1.0772959870724463,0.02813852813852814,true,6,100ms,Measured increase; p-values are not adjusted for multiple comparisons.
full screen,signals,BenchmarkExec/float.run,wago,time,ns/op,3690.5,3730,39.5,1.070315675382738,0.37012987012987014,false,6,100ms,Measured increase; p-values are not adjusted for multiple comparisons.
full screen,explicit,BenchmarkExec/isa_i32.rotr,wago,time,ns/op,13081.5,13121,39.5,0.30195313993044426,0.021645021645021644,true,6,100ms,Measured increase; p-values are not adjusted for multiple comparisons.
full screen,signals,BenchmarkExec/isa_simd_i8x16.narrow_i16x8_u,wago,time,ns/op,3323.5,3363,39.5,1.188506092974273,0.6991341991341992,false,6,100ms,Measured increase; p-values are not adjusted for multiple comparisons.
full screen,explicit,BenchmarkWazeroExec/isa_simd_i32x4.trunc_sat_f64x2_s_zero,wazero,time,ns/op,6524.5,6563.5,39,0.5977469537895574,0.3939393939393939,false,6,100ms,Measured increase; p-values are not adjusted for multiple comparisons.
full screen,explicit,BenchmarkExec/isa_simd_i16x8.ge_u,wago,time,ns/op,3272.5,3311,38.5,1.17647058823529,0.7987012987012987,false,6,100ms,Measured increase; p-values are not adjusted for multiple comparisons.
full screen,explicit,BenchmarkExecParallel/independent/isa_f32.nearest,wago,time,ns/op,5350.5,5389,38.5,0.7195589197271257,0.6991341991341992,false,6,100ms,"Throughput time, not one-call latency."
full screen,explicit,BenchmarkExecParallel/independent/isa_f64.neg,wago,time,ns/op,5290.5,5329,38.5,0.727719497211976,0.13203463203463203,false,6,100ms,"Throughput time, not one-call latency."
full screen,explicit,BenchmarkWazeroExec/isa_bulk_mem.copy_back_4096,wazero,time,ns/op,9717.5,9756,38.5,0.3961924363262259,0.30952380952380953,false,6,100ms,Measured increase; p-values are not adjusted for multiple comparisons.
full screen,signals,BenchmarkExec/isa_simd_i64x2.gt_s,wago,time,ns/op,3326.5,3364,37.5,1.1273109875244325,0.6147186147186147,false,6,100ms,Measured increase; p-values are not adjusted for multiple comparisons.
full screen,signals,BenchmarkExec/isa_simd_i64x2.mul,wago,time,ns/op,11544.5,11582,37.5,0.3248300056303943,0.8181818181818182,false,6,100ms,Measured increase; p-values are not adjusted for multiple comparisons.
full screen,signals,BenchmarkExec/isa_simd_reduce.i32x4_bitmask,wago,time,ns/op,1357,1394.5,37.5,2.763448784082545,0.5584415584415584,false,6,100ms,Measured increase; p-values are not adjusted for multiple comparisons.
full screen,explicit,BenchmarkExecParallel/process/isa_f64.ceil,wago,time,ns/op,5314,5351.5,37.5,0.705683101241994,0.025974025974025976,true,6,100ms,"Throughput time, not one-call latency."
full screen,explicit,BenchmarkExecParallel/process/isa_i32.div_u,wago,time,ns/op,20393.5,20431,37.5,0.18388211930271403,0.8181818181818182,false,6,100ms,"Throughput time, not one-call latency."
full screen,signals,BenchmarkWazeroInstantiate/swar-pack-parse,wazero,time,ns/op,7772.5,7810,37.5,0.48247024766805424,0.8181818181818182,false,6,100ms,Measured increase; p-values are not adjusted for multiple comparisons.
full screen,explicit,BenchmarkExec/isa_simd_f64x2.convert_low_i32x4_s,wago,time,ns/op,2466.5,2503.5,37,1.500101358199868,0.06493506493506493,false,6,100ms,Measured increase; p-values are not adjusted for multiple comparisons.
full screen,signals,BenchmarkExecCommuteSelfUpdate/xjb-mulhi.runN/off,wago,time,ns/op,2104,2141,37,1.7585551330798532,0.30952380952380953,false,6,100ms,Measured increase; p-values are not adjusted for multiple comparisons.
full screen,signals,BenchmarkExecParallel/process/isa_simd_f32x4.add,wago,time,ns/op,6048,6085,37,0.6117724867724883,0.6991341991341992,false,6,100ms,"Throughput time, not one-call latency."
full screen,signals,BenchmarkExecParallel/process/isa_simd_i64x2.abs,wago,time,ns/op,4019,4056,37,0.920627021647169,0.30952380952380953,false,6,100ms,"Throughput time, not one-call latency."
full screen,signals,BenchmarkExec/isa_simd_i16x8.add_sat_s,wago,time,ns/op,3330,3366.5,36.5,1.0960960960960886,0.6190476190476191,false,6,100ms,Measured increase; p-values are not adjusted for multiple comparisons.
full screen,signals,BenchmarkExecParallel/process/isa_simd_i8x16.max_u,wago,time,ns/op,2009.5,2046,36.5,1.8163722318984776,0.3939393939393939,false,6,100ms,"Throughput time, not one-call latency."
full screen,signals,BenchmarkInstantiate/matmul,wago,time,ns/op,4688.5,4725,36.5,0.7785005865415418,0.6991341991341992,false,6,100ms,Measured increase; p-values are not adjusted for multiple comparisons.
full screen,signals,BenchmarkWazeroExec/isa_i32.or,wazero,time,ns/op,13152,13188.5,36.5,0.2775243309002473,0.6991341991341992,false,6,100ms,Measured increase; p-values are not adjusted for multiple comparisons.
full screen,signals,BenchmarkWazeroExec/isa_simd_i32x4.ne,wazero,time,ns/op,3262.5,3299,36.5,1.118773946360152,0.5627705627705628,false,6,100ms,Measured increase; p-values are not adjusted for multiple comparisons.
full screen,signals,BenchmarkExec/isa_i64.add,wago,time,ns/op,13110,13146,36,0.27459954233408634,0.48484848484848486,false,6,100ms,Measured increase; p-values are not adjusted for multiple comparisons.
full screen,explicit,BenchmarkInstantiate/spectralnorm,wago,time,ns/op,3588,3624,36,1.0033444816053505,0.9372294372294372,false,6,100ms,Measured increase; p-values are not adjusted for multiple comparisons.
full screen,explicit,BenchmarkWazeroExec/isa_simd_i16x8.extadd_pairwise_s,wazero,time,ns/op,2994.5,3030.5,36,1.2022040407413614,0.17965367965367965,false,6,100ms,Measured increase; p-values are not adjusted for multiple comparisons.
full screen,signals,BenchmarkWazeroExec/isa_simd_i32x4.shl,wazero,time,ns/op,2182.5,2218.5,36,1.6494845360824684,0.25757575757575757,false,6,100ms,Measured increase; p-values are not adjusted for multiple comparisons.
full screen,signals,BenchmarkWazeroExec/isa_simd_i64x2.ge_s,wazero,time,ns/op,5383.5,5419.5,36,0.668709947060453,0.06926406926406926,false,6,100ms,Measured increase; p-values are not adjusted for multiple comparisons.
full screen,explicit,BenchmarkWazeroExec/isa_simd_i8x16.narrow_i16x8_u,wazero,time,ns/op,3246.5,3282.5,36,1.108886493146466,0.07142857142857142,false,6,100ms,Measured increase; p-values are not adjusted for multiple comparisons.
full screen,explicit,BenchmarkExec/isa_simd_i8x16.min_s,wago,time,ns/op,1645.5,1681,35.5,2.1573989668793647,0.17965367965367965,false,6,100ms,Measured increase; p-values are not adjusted for multiple comparisons.
full screen,signals,BenchmarkExecParallel/independent/isa_i64.shr_u,wago,time,ns/op,2005,2040.5,35.5,1.7705735660847877,0.7316017316017316,false,6,100ms,"Throughput time, not one-call latency."
full screen,explicit,BenchmarkWazeroExec/isa_i64.shr_u,wazero,time,ns/op,13590,13625.5,35.5,0.2612214863870532,0.854978354978355,false,6,100ms,Measured increase; p-values are not adjusted for multiple comparisons.
full screen,explicit,BenchmarkExec/isa_simd_f64x2.nearest,wago,time,ns/op,2466,2501,35,1.4193025141930216,0.5670995670995671,false,6,100ms,Measured increase; p-values are not adjusted for multiple comparisons.
full screen,signals,BenchmarkExec/isa_simd_i16x8.gt_u,wago,time,ns/op,4953.5,4988.5,35,0.70657111133543,0.7316017316017316,false,6,100ms,Measured increase; p-values are not adjusted for multiple comparisons.
full screen,signals,BenchmarkWazeroExec/isa_simd_i16x8.extadd_pairwise_s,wazero,time,ns/op,3008,3043,35,1.1635638297872397,0.6991341991341992,false,6,100ms,Measured increase; p-values are not adjusted for multiple comparisons.
full screen,explicit,BenchmarkWazeroExec/isa_simd_i16x8.sub_sat_s,wazero,time,ns/op,3259,3294,35,1.0739490641300975,0.48484848484848486,false,6,100ms,Measured increase; p-values are not adjusted for multiple comparisons.
full screen,signals,BenchmarkExecParallel/process/isa_simd_i32x4.extmul_low_u,wago,time,ns/op,7776,7810.5,34.5,0.44367283950617065,0.6991341991341992,false,6,100ms,"Throughput time, not one-call latency."
full screen,explicit,BenchmarkWazeroExec/arith.run,wazero,time,ns/op,1327.5,1362,34.5,2.598870056497171,0.3939393939393939,false,6,100ms,Measured increase; p-values are not adjusted for multiple comparisons.
full screen,signals,BenchmarkWazeroExec/isa_simd_i8x16.popcnt,wazero,time,ns/op,4680.5,4715,34.5,0.7371007371007376,0.3939393939393939,false,6,100ms,Measured increase; p-values are not adjusted for multiple comparisons.
full screen,explicit,BenchmarkWazeroExec/isa_simd_i16x8.ge_u,wazero,time,ns/op,3253,3287,34,1.0451890562557686,0.07142857142857142,false,6,100ms,Measured increase; p-values are not adjusted for multiple comparisons.
full screen,signals,BenchmarkExec/isa_simd_f32x4.floor,wago,time,ns/op,2516.5,2549.5,33,1.3113451221935302,0.30952380952380953,false,6,100ms,Measured increase; p-values are not adjusted for multiple comparisons.
full screen,signals,BenchmarkExec/isa_simd_i32x4.trunc_sat_f64x2_s_zero,wago,time,ns/op,6585,6618,33,0.5011389521640153,0.7316017316017316,false,6,100ms,Measured increase; p-values are not adjusted for multiple comparisons.
full screen,signals,BenchmarkExecParallel/process/isa_simd_i32x4.max_s,wago,time,ns/op,2012.5,2045.5,33,1.6397515527950324,0.17965367965367965,false,6,100ms,"Throughput time, not one-call latency."
full screen,explicit,BenchmarkWazeroExec/isa_simd_i8x16.swizzle,wazero,time,ns/op,6516,6549,33,0.5064456721915356,0.7316017316017316,false,6,100ms,Measured increase; p-values are not adjusted for multiple comparisons.
full screen,explicit,BenchmarkExec/isa_f32.nearest,wago,time,ns/op,39200,39232.5,32.5,0.08290816326530503,0.6991341991341992,false,6,100ms,Measured increase; p-values are not adjusted for multiple comparisons.
full screen,explicit,BenchmarkExec/isa_simd_i16x8.add,wago,time,ns/op,1651,1683.5,32.5,1.9685039370078705,0.4199134199134199,false,6,100ms,Measured increase; p-values are not adjusted for multiple comparisons.
full screen,signals,BenchmarkExecParallel/independent/isa_f64.max,wago,time,ns/op,4658,4690.5,32.5,0.6977243452125359,0.6991341991341992,false,6,100ms,"Throughput time, not one-call latency."
full screen,signals,BenchmarkExecParallel/process/isa_simd_f32x4.convert_i32x4_u,wago,time,ns/op,10066,10098,32,0.3179018478044915,0.5887445887445888,false,6,100ms,"Throughput time, not one-call latency."
full screen,signals,BenchmarkExec/isa_cvt.i64_extend_u,wago,time,ns/op,6598.5,6630,31.5,0.47738122300522434,0.17965367965367965,false,6,100ms,Measured increase; p-values are not adjusted for multiple comparisons.
full screen,explicit,BenchmarkExec/isa_simd_i16x8.ne,wago,time,ns/op,3283.5,3315,31.5,0.9593421653723233,0.08874458874458875,false,6,100ms,Measured increase; p-values are not adjusted for multiple comparisons.
full screen,explicit,BenchmarkExecParallel/independent/isa_i32.shl,wago,time,ns/op,2031.5,2063,31.5,1.5505783903519532,0.3939393939393939,false,6,100ms,"Throughput time, not one-call latency."
full screen,explicit,BenchmarkWazeroCompile/crc32,wazero,time,ns/op,186655,186686.5,31.5,0.01687605475342302,0.9372294372294372,false,6,100ms,Measured increase; p-values are not adjusted for multiple comparisons.
full screen,explicit,BenchmarkWazeroExec/isa_simd_f32x4.trunc,wazero,time,ns/op,2449,2480.5,31.5,1.2862392813393297,0.03463203463203463,true,6,100ms,Measured increase; p-values are not adjusted for multiple comparisons.
full screen,explicit,BenchmarkWazeroExec/isa_simd_i8x16.gt_u,wazero,time,ns/op,4889.5,4921,31.5,0.6442376521116788,0.6991341991341992,false,6,100ms,Measured increase; p-values are not adjusted for multiple comparisons.
full screen,explicit,BenchmarkExec/isa_simd_f32x4.trunc,wago,time,ns/op,2460.5,2491.5,31,1.2599065230644246,0.5151515151515151,false,6,100ms,Measured increase; p-values are not adjusted for multiple comparisons.
full screen,signals,BenchmarkExec/isa_simd_f64x2.mul,wago,time,ns/op,4947,4978,31,0.6266424095411338,0.5151515151515151,false,6,100ms,Measured increase; p-values are not adjusted for multiple comparisons.
full screen,signals,BenchmarkExecParallel/process/isa_simd_i64x2.sub,wago,time,ns/op,2007,2038,31,1.5445939212755277,0.33116883116883117,false,6,100ms,"Throughput time, not one-call latency."
full screen,signals,BenchmarkExecParallel/process/isa_simd_reduce.i64x2_all_true,wago,time,ns/op,1699,1730,31,1.824602707474976,0.025974025974025976,true,6,100ms,"Throughput time, not one-call latency."
full screen,explicit,BenchmarkWazeroExec/isa_simd_i8x16.add_sat_u,wazero,time,ns/op,3264.5,3295.5,31,0.9496094348292239,0.06493506493506493,false,6,100ms,Measured increase; p-values are not adjusted for multiple comparisons.
full screen,explicit,BenchmarkExec/isa_simd_i16x8.abs,wago,time,ns/op,1648.5,1679,30.5,1.8501668183196873,0.017316017316017316,true,6,100ms,Measured increase; p-values are not adjusted for multiple comparisons.
full screen,explicit,BenchmarkExec/qoi.qoi_decode_run,wago,time,ns/op,6315,6345.5,30.5,0.4829770387965171,0.30952380952380953,false,6,100ms,Measured increase; p-values are not adjusted for multiple comparisons.
full screen,explicit,BenchmarkExec/isa_i32.and,wago,time,ns/op,13057,13087,30,0.229761813586582,0.12121212121212122,false,6,100ms,Measured increase; p-values are not adjusted for multiple comparisons.
full screen,signals,BenchmarkExecParallel/independent/crc32.hashN,wago,time,ns/op,2106.5,2136.5,30,1.4241633040588564,0.329004329004329,false,6,100ms,"Throughput time, not one-call latency."
full screen,signals,BenchmarkInstantiate/fib_rec,wago,time,ns/op,4666,4696,30,0.6429489927132437,1,false,6,100ms,Measured increase; p-values are not adjusted for multiple comparisons.
full screen,signals,BenchmarkExecParallel/process/isa_simd_i32x4.extend_low_s,wago,time,ns/op,2270,2299.5,29.5,1.299559471365641,0.3939393939393939,false,6,100ms,"Throughput time, not one-call latency."
full screen,signals,BenchmarkExecParallel/process/isa_simd_i8x16.le_s,wago,time,ns/op,3950.5,3980,29.5,0.7467409188710361,0.6991341991341992,false,6,100ms,"Throughput time, not one-call latency."
full screen,signals,BenchmarkExec/isa_simd_f32x4.nearest,wago,time,ns/op,2510.5,2539.5,29,1.155148376817361,0.14285714285714285,false,6,100ms,Measured increase; p-values are not adjusted for multiple comparisons.
full screen,explicit,BenchmarkExecParallel/independent/isa_f64.floor,wago,time,ns/op,5301,5330,29,0.5470665912091999,0.24025974025974026,false,6,100ms,"Throughput time, not one-call latency."
full screen,signals,BenchmarkExecParallel/process/isa_simd_f32x4.max,wago,time,ns/op,10900.5,10929.5,29,0.2660428420714567,0.9372294372294372,false,6,100ms,"Throughput time, not one-call latency."
full screen,explicit,BenchmarkWazeroExec/isa_simd_f32x4.ceil,wazero,time,ns/op,2447.5,2476.5,29,1.184882533197129,0.16666666666666666,false,6,100ms,Measured increase; p-values are not adjusted for multiple comparisons.
full screen,explicit,BenchmarkExec/isa_simd_i64x2.ne,wago,time,ns/op,4917,4945.5,28.5,0.5796217205613186,0.6233766233766234,false,6,100ms,Measured increase; p-values are not adjusted for multiple comparisons.
full screen,explicit,BenchmarkExec/swar-pack-parse.runN,wago,time,ns/op,1767,1795.5,28.5,1.6129032258064502,0.13203463203463203,false,6,100ms,Measured increase; p-values are not adjusted for multiple comparisons.
full screen,explicit,BenchmarkWazeroExec/isa_simd_i16x8.max_u,wazero,time,ns/op,1641,1669.5,28.5,1.7367458866544894,0.33116883116883117,false,6,100ms,Measured increase; p-values are not adjusted for multiple comparisons.
full screen,signals,BenchmarkExec/isa_simd_f64x2.eq,wago,time,ns/op,3334,3362,28,0.8398320335932796,0.3939393939393939,false,6,100ms,Measured increase; p-values are not adjusted for multiple comparisons.
full screen,explicit,BenchmarkExec/isa_simd_i64x2.extmul_high_u,wago,time,ns/op,6523,6551,28,0.4292503449333074,0.3939393939393939,false,6,100ms,Measured increase; p-values are not adjusted for multiple comparisons.
full screen,explicit,BenchmarkExecParallel/process/isa_i32.rem_s,wago,time,ns/op,22580,22608,28,0.12400354295836191,0.33116883116883117,false,6,100ms,"Throughput time, not one-call latency."
full screen,explicit,BenchmarkWazeroExec/isa_simd_i32x4.dot,wazero,time,ns/op,4883.5,4911.5,28,0.5733592710146507,0.41774891774891776,false,6,100ms,Measured increase; p-values are not adjusted for multiple comparisons.
full screen,signals,BenchmarkExec/isa_simd_i16x8.le_s,wago,time,ns/op,3331,3358.5,27.5,0.8255779045331701,0.015151515151515152,true,6,100ms,Measured increase; p-values are not adjusted for multiple comparisons.
full screen,explicit,BenchmarkExec/isa_simd_i64x2.le_s,wago,time,ns/op,4919.5,4947,27.5,0.5589998983636546,1,false,6,100ms,Measured increase; p-values are not adjusted for multiple comparisons.
full screen,explicit,BenchmarkExecParallel/independent/isa_f32.trunc,wago,time,ns/op,5316,5343.5,27.5,0.5173062452972221,0.24025974025974026,false,6,100ms,"Throughput time, not one-call latency."
full screen,explicit,BenchmarkWazeroExec/isa_simd_i8x16.sub_sat_u,wazero,time,ns/op,3281.5,3309,27.5,0.8380313880847146,0.22294372294372294,false,6,100ms,Measured increase; p-values are not adjusted for multiple comparisons.
full screen,explicit,BenchmarkExecParallel/process/isa_ctl.select,wago,time,ns/op,2771.5,2798.5,27,0.9742016958325772,0.5887445887445888,false,6,100ms,"Throughput time, not one-call latency."
full screen,signals,BenchmarkExecParallel/process/isa_simd_v128.or,wago,time,ns/op,1979.5,2006.5,27,1.3639808032331446,0.2554112554112554,false,6,100ms,"Throughput time, not one-call latency."
full screen,explicit,BenchmarkWazeroExec/isa_simd_f64x2.ne,wazero,time,ns/op,3246,3273,27,0.8317929759704246,0.08441558441558442,false,6,100ms,Measured increase; p-values are not adjusted for multiple comparisons.
full screen,explicit,BenchmarkWazeroExec/isa_simd_i8x16.gt_s,wazero,time,ns/op,1633,1660,27,1.6533986527862865,0.45670995670995673,false,6,100ms,Measured increase; p-values are not adjusted for multiple comparisons.
full screen,signals,BenchmarkExecParallel/independent/isa_cvt.promote_demote,wago,time,ns/op,16819,16845.5,26.5,0.1575599024912222,1,false,6,100ms,"Throughput time, not one-call latency."
full screen,explicit,BenchmarkInstantiate/isa_simd_i32x4,wago,time,ns/op,1411.5,1438,26.5,1.8774353524619203,0.9372294372294372,false,6,100ms,Measured increase; p-values are not adjusted for multiple comparisons.
full screen,signals,BenchmarkWazeroExec/isa_f32.nearest,wazero,time,ns/op,40848,40874.5,26.5,0.06487465726596753,0.9372294372294372,false,6,100ms,Measured increase; p-values are not adjusted for multiple comparisons.
full screen,signals,BenchmarkWazeroExec/isa_simd_f64x2.ceil,wazero,time,ns/op,2444.5,2471,26.5,1.0840662712211069,0.17965367965367965,false,6,100ms,Measured increase; p-values are not adjusted for multiple comparisons.
full screen,explicit,BenchmarkExec/isa_i32.rotl,wago,time,ns/op,13119,13145,26,0.19818583733515194,1,false,6,100ms,Measured increase; p-values are not adjusted for multiple comparisons.
full screen,explicit,BenchmarkExec/isa_simd_f64x2.min,wago,time,ns/op,9794.5,9820.5,26,0.26545510235336245,0.8181818181818182,false,6,100ms,Measured increase; p-values are not adjusted for multiple comparisons.
full screen,explicit,BenchmarkWazeroExec/isa_ctl.loop_baseline,wazero,time,ns/op,6531.5,6557.5,26,0.39807088723875506,0.8181818181818182,false,6,100ms,Measured increase; p-values are not adjusted for multiple comparisons.
full screen,explicit,BenchmarkWazeroExec/isa_simd_i32x4.shr_s,wazero,time,ns/op,2187.5,2213.5,26,1.1885714285714277,0.45670995670995673,false,6,100ms,Measured increase; p-values are not adjusted for multiple comparisons.
full screen,signals,BenchmarkWazeroExec/isa_simd_i8x16.shr_s,wazero,time,ns/op,5429.5,5455.5,26,0.47886545722442,1,false,6,100ms,Measured increase; p-values are not adjusted for multiple comparisons.
full screen,explicit,BenchmarkExec/isa_simd_f64x2.lt,wago,time,ns/op,3268,3293.5,25.5,0.7802937576499414,0.1645021645021645,false,6,100ms,Measured increase; p-values are not adjusted for multiple comparisons.
full screen,signals,BenchmarkExec/isa_simd_i16x8.extmul_high_s,wago,time,ns/op,8205,8230.5,25.5,0.3107861060329009,0.3939393939393939,false,6,100ms,Measured increase; p-values are not adjusted for multiple comparisons.
full screen,signals,BenchmarkExec/isa_simd_i64x2.extend_low_u,wago,time,ns/op,1228,1253.5,25.5,2.0765472312703537,0.6666666666666666,false,6,100ms,Measured increase; p-values are not adjusted for multiple comparisons.
full screen,signals,BenchmarkExecParallel/process/isa_simd_f64x2.convert_low_i32x4_u,wago,time,ns/op,4926,4951.5,25.5,0.5176613885505388,0.3939393939393939,false,6,100ms,"Throughput time, not one-call latency."
full screen,signals,BenchmarkExecParallel/process/isa_simd_reduce.i16x8_all_true,wago,time,ns/op,1682.5,1708,25.5,1.5156017830609159,0.09307359307359307,false,6,100ms,"Throughput time, not one-call latency."
full screen,signals,BenchmarkWazeroExec/isa_simd_i16x8.extend_low_u,wazero,time,ns/op,1660,1685.5,25.5,1.5361445783132588,0.6212121212121212,false,6,100ms,Measured increase; p-values are not adjusted for multiple comparisons.
full screen,explicit,BenchmarkWazeroExec/isa_simd_i64x2.shl,wazero,time,ns/op,2175.5,2201,25.5,1.1721443346357052,0.7813852813852814,false,6,100ms,Measured increase; p-values are not adjusted for multiple comparisons.
full screen,signals,BenchmarkExec/isa_simd_f32x4.eq,wago,time,ns/op,3332.5,3357.5,25,0.7501875468867159,0.16883116883116883,false,6,100ms,Measured increase; p-values are not adjusted for multiple comparisons.
full screen,explicit,BenchmarkExec/isa_simd_f32x4.pmin,wago,time,ns/op,3269,3294,25,0.7647598654022536,0.6991341991341992,false,6,100ms,Measured increase; p-values are not adjusted for multiple comparisons.
full screen,signals,BenchmarkExec/isa_simd_i16x8.q15mulr_sat_s,wago,time,ns/op,9070.5,9095.5,25,0.2756187641254515,0.6991341991341992,false,6,100ms,Measured increase; p-values are not adjusted for multiple comparisons.
full screen,explicit,BenchmarkWazeroExec/isa_simd_i64x2.extend_high_s,wazero,time,ns/op,3262.5,3287.5,25,0.766283524904221,0.24025974025974026,false,6,100ms,Measured increase; p-values are not adjusted for multiple comparisons.
full screen,explicit,BenchmarkWazeroInstantiate/isa_ctl,wazero,time,ns/op,7633,7658,25,0.32752521944190427,0.6190476190476191,false,6,100ms,Measured increase; p-values are not adjusted for multiple comparisons.
full screen,signals,BenchmarkExecParallel/independent/isa_simd_i32x4.extadd_pairwise_u,wago,time,ns/op,642.8,667.6500000000001,24.850000000000136,3.865899191039235,0.0021645021645021645,true,6,100ms,"Throughput time, not one-call latency."
full screen,explicit,BenchmarkExec/isa_bulk_mem.copy_back_4096,wago,time,ns/op,10278.5,10303,24.5,0.23836162864230293,0.8181818181818182,false,6,100ms,Measured increase; p-values are not adjusted for multiple comparisons.
full screen,signals,BenchmarkExec/isa_simd_f64x2.promote_low_f32x4,wago,time,ns/op,2521,2545.5,24.5,0.9718365727885869,0.9372294372294372,false,6,100ms,Measured increase; p-values are not adjusted for multiple comparisons.
full screen,signals,BenchmarkExec/isa_simd_i32x4.extadd_pairwise_u,wago,time,ns/op,4109.5,4134,24.5,0.5961795838909767,0.45670995670995673,false,6,100ms,Measured increase; p-values are not adjusted for multiple comparisons.
full screen,signals,BenchmarkExecParallel/process/isa_i32.popcnt,wago,time,ns/op,14355.5,14380,24.5,0.17066629514819187,0.5887445887445888,false,6,100ms,"Throughput time, not one-call latency."
full screen,signals,BenchmarkInstantiate/isa_simd_f64x2,wago,time,ns/op,3246.5,3271,24.5,0.7546588633913442,0.9372294372294372,false,6,100ms,Measured increase; p-values are not adjusted for multiple comparisons.
full screen,signals,BenchmarkInstantiate/quicksort,wago,time,ns/op,4854,4878.5,24.5,0.5047383601153754,0.9372294372294372,false,6,100ms,Measured increase; p-values are not adjusted for multiple comparisons.
full screen,explicit,BenchmarkWazeroExec/isa_simd_f64x2.le,wazero,time,ns/op,3252,3276.5,24.5,0.7533825338253308,0.7272727272727273,false,6,100ms,Measured increase; p-values are not adjusted for multiple comparisons.
full screen,explicit,BenchmarkWazeroExec/isa_simd_i32x4.gt_u,wazero,time,ns/op,4892.5,4917,24.5,0.5007664793050592,0.5887445887445888,false,6,100ms,Measured increase; p-values are not adjusted for multiple comparisons.
full screen,explicit,BenchmarkWazeroExec/isa_simd_i64x2.extend_low_s,wazero,time,ns/op,1633.5,1658,24.5,1.4998469543924031,0.13203463203463203,false,6,100ms,Measured increase; p-values are not adjusted for multiple comparisons.
full screen,explicit,BenchmarkExec/isa_simd_f64x2.convert_low_i32x4_u,wago,time,ns/op,4174.5,4198.5,24,0.5749191519942576,0.13203463203463203,false,6,100ms,Measured increase; p-values are not adjusted for multiple comparisons.
full screen,explicit,BenchmarkExecParallel/independent/isa_f64.trunc,wago,time,ns/op,5284,5308,24,0.4542013626040786,0.7878787878787878,false,6,100ms,"Throughput time, not one-call latency."
full screen,explicit,BenchmarkExecParallel/process/isa_bulk_mem.fill_4096,wago,time,ns/op,1149.5,1173.5,24,2.0878642888212173,0.30952380952380953,false,6,100ms,"Throughput time, not one-call latency."
full screen,signals,BenchmarkExecParallel/process/isa_simd_f32x4.nearest,wago,time,ns/op,2844.5,2868.5,24,0.8437335208296703,0.3939393939393939,false,6,100ms,"Throughput time, not one-call latency."
full screen,signals,BenchmarkExecParallel/process/isa_simd_i16x8.sub,wago,time,ns/op,1985,2009,24,1.2090680100755646,0.48484848484848486,false,6,100ms,"Throughput time, not one-call latency."
full screen,signals,BenchmarkExecParallel/process/isa_simd_i64x2.add,wago,time,ns/op,2009.5,2033.5,24,1.1943269470017448,0.2597402597402597,false,6,100ms,"Throughput time, not one-call latency."
full screen,explicit,BenchmarkExecParallel/independent/isa_ctl.if_else,wago,time,ns/op,1568.5,1592,23.5,1.498246732547015,0.7922077922077922,false,6,100ms,"Throughput time, not one-call latency."
full screen,explicit,BenchmarkCompileWorkers/tiny/p2,wago,time,ns/op,11792,11815,23,0.19504748982361875,0.8181818181818182,false,6,100ms,Measured increase; p-values are not adjusted for multiple comparisons.
full screen,signals,BenchmarkExec/isa_mem.load_i32,wago,time,ns/op,6970.5,6993.5,23,0.32996198264112486,0.8181818181818182,false,6,100ms,Measured increase; p-values are not adjusted for multiple comparisons.
full screen,signals,BenchmarkExec/isa_simd_i16x8.sub_sat_u,wago,time,ns/op,3318,3341,23,0.6931886678722021,0.16883116883116883,false,6,100ms,Measured increase; p-values are not adjusted for multiple comparisons.
full screen,signals,BenchmarkExecParallel/independent/isa_simd_i32x4.trunc_sat_f64x2_u_zero,wago,time,ns/op,1320,1343,23,1.7424242424242342,0.36796536796536794,false,6,100ms,"Throughput time, not one-call latency."
full screen,explicit,BenchmarkExecParallel/process/isa_simd_f32x4.max,wago,time,ns/op,1365,1388,23,1.684981684981679,0.24025974025974026,false,6,100ms,"Throughput time, not one-call latency."
full screen,explicit,BenchmarkWazeroExec/isa_f64.nearest,wazero,time,ns/op,39420,39443,23,0.05834601725012156,0.6991341991341992,false,6,100ms,Measured increase; p-values are not adjusted for multiple comparisons.
full screen,explicit,BenchmarkWazeroExec/isa_simd_i32x4.extend_high_u,wazero,time,ns/op,3260,3283,23,0.7055214723926451,0.6991341991341992,false,6,100ms,Measured increase; p-values are not adjusted for multiple comparisons.
full screen,signals,BenchmarkWazeroExec/isa_simd_i8x16.narrow_i16x8_s,wazero,time,ns/op,3267,3290,23,0.7040097949188917,0.45454545454545453,false,6,100ms,Measured increase; p-values are not adjusted for multiple comparisons.
full screen,signals,BenchmarkExec/isa_simd_i8x16.add,wago,time,ns/op,1702.5,1725,22.5,1.3215859030837107,0.5627705627705628,false,6,100ms,Measured increase; p-values are not adjusted for multiple comparisons.
full screen,explicit,BenchmarkExecParallel/independent/isa_simd_i32x4.trunc_sat_f32x4_u,wago,time,ns/op,1432,1454.5,22.5,1.5712290502793325,0.06493506493506493,false,6,100ms,"Throughput time, not one-call latency."
full screen,signals,BenchmarkExecParallel/process/isa_simd_i8x16.sub,wago,time,ns/op,2019,2041.5,22.5,1.1144130757800852,0.7337662337662337,false,6,100ms,"Throughput time, not one-call latency."
full screen,signals,BenchmarkExecParallel/independent/isa_simd_i8x16.shr_s,wago,time,ns/op,577.65,599.7,22.050000000000068,3.817190340171406,0.3939393939393939,false,6,100ms,"Throughput time, not one-call latency."
full screen,signals,BenchmarkExec/isa_simd_f64x2.sqrt,wago,time,ns/op,16355.5,16377.5,22,0.13451132646511432,0.6991341991341992,false,6,100ms,Measured increase; p-values are not adjusted for multiple comparisons.
full screen,signals,BenchmarkExecParallel/process/isa_simd_f32x4.floor,wago,time,ns/op,2867,2889,22,0.7673526334147196,0.24025974025974026,false,6,100ms,"Throughput time, not one-call latency."
full screen,explicit,BenchmarkValidateWorkers/tiny/p2,wago,time,ns/op,3240,3262,22,0.6790123456790198,0.512987012987013,false,6,100ms,Measured increase; p-values are not adjusted for multiple comparisons.
full screen,explicit,BenchmarkWazeroExec/isa_simd_i32x4.min_u,wazero,time,ns/op,1636.5,1658.5,22,1.3443324167430548,0.7380952380952381,false,6,100ms,Measured increase; p-values are not adjusted for multiple comparisons.
full screen,explicit,BenchmarkWazeroExec/isa_simd_i64x2.le_s,wazero,time,ns/op,4930.5,4952.5,22,0.4462022107291297,0.48484848484848486,false,6,100ms,Measured increase; p-values are not adjusted for multiple comparisons.
full screen,signals,BenchmarkWazeroInstantiate/isa_var,wazero,time,ns/op,7696,7718,22,0.28586278586277825,0.8181818181818182,false,6,100ms,Measured increase; p-values are not adjusted for multiple comparisons.
full screen,explicit,BenchmarkExec/float.run,wago,time,ns/op,3639,3660.5,21.5,0.5908216543006217,0.22294372294372294,false,6,100ms,Measured increase; p-values are not adjusted for multiple comparisons.
full screen,signals,BenchmarkExec/isa_simd_f64x2.add,wago,time,ns/op,4960,4981.5,21.5,0.4334677419354893,0.7316017316017316,false,6,100ms,Measured increase; p-values are not adjusted for multiple comparisons.
full screen,explicit,BenchmarkExec/isa_simd_i64x2.neg,wago,time,ns/op,1153.5,1175,21.5,1.8638925010836527,0.05844155844155844,false,6,100ms,Measured increase; p-values are not adjusted for multiple comparisons.
full screen,signals,BenchmarkExecParallel/process/isa_simd_f64x2.nearest,wago,time,ns/op,2848.5,2870,21.5,0.7547832192381865,0.5844155844155844,false,6,100ms,"Throughput time, not one-call latency."
full screen,signals,BenchmarkExecParallel/process/isa_simd_i16x8.avgr_u,wago,time,ns/op,3949.5,3971,21.5,0.544372705405749,0.512987012987013,false,6,100ms,"Throughput time, not one-call latency."
full screen,explicit,BenchmarkExec/isa_simd_f32x4.eq,wago,time,ns/op,3272.5,3293.5,21,0.6417112299465177,0.5086580086580087,false,6,100ms,Measured increase; p-values are not adjusted for multiple comparisons.
full screen,explicit,BenchmarkExec/isa_simd_i16x8.gt_s,wago,time,ns/op,1651.5,1672.5,21,1.2715712988192518,0.5562770562770563,false,6,100ms,Measured increase; p-values are not adjusted for multiple comparisons.
full screen,explicit,BenchmarkExec/isa_simd_i8x16.lt_s,wago,time,ns/op,1653,1674,21,1.2704174228675091,0.33116883116883117,false,6,100ms,Measured increase; p-values are not adjusted for multiple comparisons.
full screen,explicit,BenchmarkExecParallel/independent/isa_i64.rotl,wago,time,ns/op,1978,1999,21,1.0616784630940401,0.3939393939393939,false,6,100ms,"Throughput time, not one-call latency."
full screen,signals,BenchmarkExecParallel/process/isa_simd_i16x8.lt_u,wago,time,ns/op,5877,5898,21,0.35732516590096797,0.6991341991341992,false,6,100ms,"Throughput time, not one-call latency."
full screen,explicit,BenchmarkExec/isa_f64.nearest,wago,time,ns/op,39025.5,39046,20.5,0.05252975618506017,0.9372294372294372,false,6,100ms,Measured increase; p-values are not adjusted for multiple comparisons.
full screen,explicit,BenchmarkExec/isa_simd_f32x4.sub,wago,time,ns/op,4889,4909.5,20.5,0.41930865207608914,0.48484848484848486,false,6,100ms,Measured increase; p-values are not adjusted for multiple comparisons.
full screen,explicit,BenchmarkExec/isa_simd_i16x8.q15mulr_sat_s,wago,time,ns/op,9072,9092.5,20.5,0.22597001763668967,0.8181818181818182,false,6,100ms,Measured increase; p-values are not adjusted for multiple comparisons.
full screen,explicit,BenchmarkExec/isa_simd_i16x8.sub_sat_s,wago,time,ns/op,3269.5,3290,20.5,0.6270071876433692,0.5887445887445888,false,6,100ms,Measured increase; p-values are not adjusted for multiple comparisons.
full screen,explicit,BenchmarkExecParallel/independent/isa_simd_f32x4.min,wago,time,ns/op,1341.5,1362,20.5,1.5281401416324947,0.22294372294372294,false,6,100ms,"Throughput time, not one-call latency."
full screen,explicit,BenchmarkExecParallel/independent/isa_simd_f64x2.max,wago,time,ns/op,1386,1406.5,20.5,1.4790764790764799,0.22294372294372294,false,6,100ms,"Throughput time, not one-call latency."
full screen,explicit,BenchmarkExecParallel/process/isa_mem.load_i64,wago,time,ns/op,1297,1317.5,20.5,1.580570547417115,0.9372294372294372,false,6,100ms,"Throughput time, not one-call latency."
full screen,signals,BenchmarkWazeroExec/isa_simd_f64x2.max,wazero,time,ns/op,14705,14725.5,20.5,0.13940836450188065,0.5887445887445888,false,6,100ms,Measured increase; p-values are not adjusted for multiple comparisons.
full screen,explicit,BenchmarkExec/isa_simd_i16x8.lt_s,wago,time,ns/op,1665,1685,20,1.2012012012011963,0.9004329004329005,false,6,100ms,Measured increase; p-values are not adjusted for multiple comparisons.
full screen,signals,BenchmarkExec/isa_simd_i32x4.extend_low_s,wago,time,ns/op,1926.5,1946.5,20,1.0381520892810858,0.19480519480519481,false,6,100ms,Measured increase; p-values are not adjusted for multiple comparisons.
full screen,signals,BenchmarkExec/isa_simd_i64x2.extmul_high_u,wago,time,ns/op,6584.5,6604.5,20,0.30374364036753754,0.48484848484848486,false,6,100ms,Measured increase; p-values are not adjusted for multiple comparisons.
full screen,explicit,BenchmarkExecParallel/independent/isa_mem.load_i32,wago,time,ns/op,1256,1276,20,1.5923566878981,0.30952380952380953,false,6,100ms,"Throughput time, not one-call latency."
full screen,explicit,BenchmarkExecParallel/process/isa_i64.rotl,wago,time,ns/op,2018,2038,20,0.9910802775024763,0.8528138528138528,false,6,100ms,"Throughput time, not one-call latency."
full screen,explicit,BenchmarkWazeroExec/isa_simd_f32x4.gt,wazero,time,ns/op,3713,3733,20,0.5386479935362232,0.6688311688311688,false,6,100ms,Measured increase; p-values are not adjusted for multiple comparisons.
full screen,explicit,BenchmarkWazeroExec/isa_simd_i16x8.ge_s,wazero,time,ns/op,3266.5,3286.5,20,0.6122761365375817,0.29004329004329005,false,6,100ms,Measured increase; p-values are not adjusted for multiple comparisons.
full screen,signals,BenchmarkExec/isa_i64.rotr,wago,time,ns/op,13365.5,13385,19.5,0.14589802102427107,0.9372294372294372,false,6,100ms,Measured increase; p-values are not adjusted for multiple comparisons.
full screen,explicit,BenchmarkExec/isa_simd_i16x8.lt_u,wago,time,ns/op,4970.5,4990,19.5,0.39231465647320274,0.6991341991341992,false,6,100ms,Measured increase; p-values are not adjusted for multiple comparisons.
full screen,explicit,BenchmarkExecParallel/independent/isa_f32.ceil,wago,time,ns/op,5339,5358.5,19.5,0.3652369357557639,0.46320346320346323,false,6,100ms,"Throughput time, not one-call latency."
full screen,explicit,BenchmarkExec/isa_simd_i16x8.extend_high_s,wago,time,ns/op,1892,1911,19,1.004228329809731,0.13203463203463203,false,6,100ms,Measured increase; p-values are not adjusted for multiple comparisons.
full screen,explicit,BenchmarkExec/isa_simd_reduce.i8x16_all_true,wago,time,ns/op,1321.5,1340.5,19,1.4377601210745272,0.2878787878787879,false,6,100ms,Measured increase; p-values are not adjusted for multiple comparisons.
full screen,signals,BenchmarkExecParallel/process/isa_simd_i32x4.extend_high_s,wago,time,ns/op,2261.5,2280.5,19,0.8401503426929136,0.5887445887445888,false,6,100ms,"Throughput time, not one-call latency."
full screen,explicit,BenchmarkWazeroExec/isa_simd_f64x2.ge,wazero,time,ns/op,3714.5,3733.5,19,0.5115089514066584,0.9199134199134199,false,6,100ms,Measured increase; p-values are not adjusted for multiple comparisons.
full screen,signals,BenchmarkWazeroExec/isa_simd_i16x8.ge_u,wazero,time,ns/op,3256.5,3275.5,19,0.5834484876401147,0.2597402597402597,false,6,100ms,Measured increase; p-values are not adjusted for multiple comparisons.
full screen,signals,BenchmarkWazeroExec/isa_simd_v128.bitselect,wazero,time,ns/op,3290.5,3309.5,19,0.5774198450083645,0.10173160173160173,false,6,100ms,Measured increase; p-values are not adjusted for multiple comparisons.
full screen,explicit,BenchmarkWazeroInstantiate/json-as,wazero,time,ns/op,14287.5,14306.5,19,0.13298337707785546,0.8181818181818182,false,6,100ms,Measured increase; p-values are not adjusted for multiple comparisons.
full screen,signals,BenchmarkExec/isa_simd_i32x4.dot,wago,time,ns/op,4952,4970.5,18.5,0.3735864297253588,0.9372294372294372,false,6,100ms,Measured increase; p-values are not adjusted for multiple comparisons.
full screen,signals,BenchmarkExec/isa_simd_i32x4.extmul_low_u,wago,time,ns/op,6600,6618.5,18.5,0.2803030303030196,0.8181818181818182,false,6,100ms,Measured increase; p-values are not adjusted for multiple comparisons.
full screen,signals,BenchmarkExecParallel/process/isa_simd_i16x8.extend_high_s,wago,time,ns/op,2276.5,2295,18.5,0.8126509993410913,0.41774891774891776,false,6,100ms,"Throughput time, not one-call latency."
full screen,signals,BenchmarkExecParallel/process/isa_simd_i32x4.min_s,wago,time,ns/op,2015.5,2034,18.5,0.9178863805507254,0.3939393939393939,false,6,100ms,"Throughput time, not one-call latency."
full screen,explicit,BenchmarkInstantiate/isa_simd_i64x2,wago,time,ns/op,1404,1422.5,18.5,1.3176638176638278,0.7878787878787878,false,6,100ms,Measured increase; p-values are not adjusted for multiple comparisons.
full screen,explicit,BenchmarkWazeroExec/isa_simd_i32x4.lt_s,wazero,time,ns/op,2103,2121.5,18.5,0.879695672848313,0.6212121212121212,false,6,100ms,Measured increase; p-values are not adjusted for multiple comparisons.
full screen,signals,BenchmarkExec/isa_simd_i64x2.extmul_high_s,wago,time,ns/op,6569.5,6587.5,18,0.27399345460079605,0.4199134199134199,false,6,100ms,Measured increase; p-values are not adjusted for multiple comparisons.
full screen,signals,BenchmarkExecParallel/independent/isa_simd_f64x2.max,wago,time,ns/op,1401.5,1419.5,18,1.2843382090617306,0.14285714285714285,false,6,100ms,"Throughput time, not one-call latency."
full screen,explicit,BenchmarkExecParallel/process/isa_f64.floor,wago,time,ns/op,5307,5325,18,0.33917467495760967,0.8181818181818182,false,6,100ms,"Throughput time, not one-call latency."
full screen,signals,BenchmarkExecParallel/process/xjb-mulhi.runN,wago,time,ns/op,2303.5,2321.5,18,0.7814195789016765,0.33116883116883117,false,6,100ms,"Throughput time, not one-call latency."
full screen,signals,BenchmarkWazeroExec/isa_simd_i16x8.q15mulr_sat_s,wazero,time,ns/op,8127.5,8145.5,18,0.22147031682560048,0.6991341991341992,false,6,100ms,Measured increase; p-values are not adjusted for multiple comparisons.
full screen,explicit,BenchmarkWazeroExec/isa_simd_i32x4.le_u,wazero,time,ns/op,3719,3737,18,0.48400107555794936,0.48484848484848486,false,6,100ms,Measured increase; p-values are not adjusted for multiple comparisons.
full screen,signals,BenchmarkExecParallel/independent/isa_f32.add,wago,time,ns/op,5144.5,5162,17.5,0.3401691126445616,0.6991341991341992,false,6,100ms,"Throughput time, not one-call latency."
full screen,explicit,BenchmarkExecParallel/independent/isa_i32.div_u,wago,time,ns/op,20303,20320.5,17.5,0.08619415849875356,0.8181818181818182,false,6,100ms,"Throughput time, not one-call latency."
full screen,signals,BenchmarkInstantiate/isa_simd_reduce,wago,time,ns/op,3247.5,3265,17.5,0.5388760585065544,0.5562770562770563,false,6,100ms,Measured increase; p-values are not adjusted for multiple comparisons.
full screen,signals,BenchmarkWazeroExec/isa_mem.load_f64,wazero,time,ns/op,10090.5,10108,17.5,0.1734304543877796,0.8181818181818182,false,6,100ms,Measured increase; p-values are not adjusted for multiple comparisons.
full screen,explicit,BenchmarkWazeroExec/isa_simd_f32x4.sqrt,wazero,time,ns/op,11359.5,11377,17.5,0.15405607641181263,0.3939393939393939,false,6,100ms,Measured increase; p-values are not adjusted for multiple comparisons.
full screen,explicit,BenchmarkWazeroInstantiate/isa_cvt,wazero,time,ns/op,7674.5,7692,17.5,0.22802788455273948,0.6991341991341992,false,6,100ms,Measured increase; p-values are not adjusted for multiple comparisons.
full screen,explicit,BenchmarkExec/isa_i32.add,wago,time,ns/op,13041.5,13058.5,17,0.1303531035540484,0.9372294372294372,false,6,100ms,Measured increase; p-values are not adjusted for multiple comparisons.
full screen,explicit,BenchmarkExec/isa_simd_f64x2.add,wago,time,ns/op,4890.5,4907.5,17,0.347612718535939,0.9372294372294372,false,6,100ms,Measured increase; p-values are not adjusted for multiple comparisons.
full screen,explicit,BenchmarkExec/isa_simd_i64x2.lt_s,wago,time,ns/op,3266.5,3283.5,17,0.5204347160569389,0.4155844155844156,false,6,100ms,Measured increase; p-values are not adjusted for multiple comparisons.
full screen,explicit,BenchmarkExecParallel/independent/isa_mem.load_i32_stride,wago,time,ns/op,1563.5,1580.5,17,1.0873041253597782,0.14285714285714285,false,6,100ms,"Throughput time, not one-call latency."
full screen,signals,BenchmarkExecParallel/process/isa_bulk_mem.copy_fwd_256,wago,time,ns/op,2380.5,2397.5,17,0.7141356857802927,0.5086580086580087,false,6,100ms,"Throughput time, not one-call latency."
full screen,explicit,BenchmarkExecParallel/process/isa_simd_i32x4.trunc_sat_f64x2_u_zero,wago,time,ns/op,1291.5,1308.5,17,1.316298877274491,0.48484848484848486,false,6,100ms,"Throughput time, not one-call latency."
full screen,explicit,BenchmarkWazeroExec/isa_simd_i16x8.gt_u,wazero,time,ns/op,4872.5,4889.5,17,0.34889687018984095,0.22294372294372294,false,6,100ms,Measured increase; p-values are not adjusted for multiple comparisons.
full screen,explicit,BenchmarkWazeroExec/isa_simd_i64x2.extmul_low_u,wazero,time,ns/op,14901,14918,17,0.11408630293268107,0.8181818181818182,false,6,100ms,Measured increase; p-values are not adjusted for multiple comparisons.
full screen,signals,BenchmarkExec/isa_simd_f32x4.add,wago,time,ns/op,4943,4959.5,16.5,0.3338053813473518,0.37012987012987014,false,6,100ms,Measured increase; p-values are not adjusted for multiple comparisons.
full screen,explicit,BenchmarkExec/isa_simd_f64x2.floor,wago,time,ns/op,2462.5,2479,16.5,0.6700507614213258,0.6991341991341992,false,6,100ms,Measured increase; p-values are not adjusted for multiple comparisons.
full screen,explicit,BenchmarkExec/isa_simd_i32x4.extend_low_s,wago,time,ns/op,1887,1903.5,16.5,0.8744038155802825,0.8181818181818182,false,6,100ms,Measured increase; p-values are not adjusted for multiple comparisons.
full screen,explicit,BenchmarkExecParallel/independent/isa_simd_i32x4.trunc_sat_f32x4_s,wago,time,ns/op,1098.5,1115,16.5,1.502048247610377,0.2878787878787879,false,6,100ms,"Throughput time, not one-call latency."
full screen,signals,BenchmarkExecParallel/process/isa_simd_i8x16.eq,wago,time,ns/op,2034,2050.5,16.5,0.8112094395280156,0.8181818181818182,false,6,100ms,"Throughput time, not one-call latency."
full screen,explicit,BenchmarkInstantiate/isa_simd_i8x16,wago,time,ns/op,1429,1445.5,16.5,1.1546536039188204,0.9372294372294372,false,6,100ms,Measured increase; p-values are not adjusted for multiple comparisons.
full screen,signals,BenchmarkWazeroExec/isa_mem.store_i32,wazero,time,ns/op,8448,8464.5,16.5,0.1953125,0.8506493506493507,false,6,100ms,Measured increase; p-values are not adjusted for multiple comparisons.
full screen,signals,BenchmarkExec/isa_simd_i32x4.min_u,wago,time,ns/op,1698.5,1714.5,16,0.9420076538121824,0.6233766233766234,false,6,100ms,Measured increase; p-values are not adjusted for multiple comparisons.
full screen,signals,BenchmarkExecParallel/independent/isa_simd_f32x4.abs,wago,time,ns/op,245.5,261.35,15.850000000000023,6.456211812627299,0.09307359307359307,false,6,100ms,"Throughput time, not one-call latency."
full screen,explicit,BenchmarkExec/isa_simd_i32x4.shr_s,wago,time,ns/op,898.25,913.95,15.700000000000045,1.7478430281102186,0.5887445887445888,false,6,100ms,Measured increase; p-values are not adjusted for multiple comparisons.
full screen,explicit,BenchmarkExec/isa_simd_i16x8.min_s,wago,time,ns/op,1644,1659.5,15.5,0.9428223844282213,0.14935064935064934,false,6,100ms,Measured increase; p-values are not adjusted for multiple comparisons.
full screen,explicit,BenchmarkExec/isa_simd_i16x8.sub,wago,time,ns/op,1643.5,1659,15.5,0.9431092181320322,0.16233766233766234,false,6,100ms,Measured increase; p-values are not adjusted for multiple comparisons.
full screen,signals,BenchmarkExec/isa_simd_i32x4.max_u,wago,time,ns/op,1692,1707.5,15.5,0.9160756501181977,0.23376623376623376,false,6,100ms,Measured increase; p-values are not adjusted for multiple comparisons.
full screen,explicit,BenchmarkExecParallel/independent/isa_f32.abs,wago,time,ns/op,5292,5307.5,15.5,0.292894935752086,1,false,6,100ms,"Throughput time, not one-call latency."
full screen,signals,BenchmarkExecParallel/independent/isa_f32.nearest,wago,time,ns/op,5370.5,5386,15.5,0.28861372311703715,0.6991341991341992,false,6,100ms,"Throughput time, not one-call latency."
full screen,explicit,BenchmarkExecParallel/independent/isa_simd_f32x4.max,wago,time,ns/op,1386.5,1402,15.5,1.117922827262885,0.5887445887445888,false,6,100ms,"Throughput time, not one-call latency."
full screen,signals,BenchmarkExecParallel/independent/isa_simd_i64x2.mul,wago,time,ns/op,1614.5,1630,15.5,0.960049550944575,0.3939393939393939,false,6,100ms,"Throughput time, not one-call latency."
full screen,signals,BenchmarkExecParallel/process/isa_simd_reduce.i16x8_bitmask,wago,time,ns/op,1700,1715.5,15.5,0.9117647058823453,0.17965367965367965,false,6,100ms,"Throughput time, not one-call latency."
full screen,signals,BenchmarkInstantiate/raytrace,wago,time,ns/op,4083,4098.5,15.5,0.37962282635317646,0.9372294372294372,false,6,100ms,Measured increase; p-values are not adjusted for multiple comparisons.
full screen,signals,BenchmarkWazeroExec/isa_i64.rotr,wazero,time,ns/op,13643.5,13659,15.5,0.11360721222559711,0.5086580086580087,false,6,100ms,Measured increase; p-values are not adjusted for multiple comparisons.
full screen,explicit,BenchmarkWazeroExec/isa_simd_i8x16.max_u,wazero,time,ns/op,1635.5,1651,15.5,0.947722409049212,0.8484848484848485,false,6,100ms,Measured increase; p-values are not adjusted for multiple comparisons.
full screen,explicit,BenchmarkWazeroExec/isa_simd_reduce.i8x16_bitmask,wazero,time,ns/op,1349,1364.5,15.5,1.1489992587101483,1,false,6,100ms,Measured increase; p-values are not adjusted for multiple comparisons.
full screen,signals,BenchmarkWazeroInstantiate/float,wazero,time,ns/op,7500.5,7516,15.5,0.20665288980734609,1,false,6,100ms,Measured increase; p-values are not adjusted for multiple comparisons.
full screen,signals,BenchmarkExec/isa_simd_i16x8.lt_s,wago,time,ns/op,1711.5,1726.5,15,0.876424189307623,0.6666666666666666,false,6,100ms,Measured increase; p-values are not adjusted for multiple comparisons.
full screen,signals,BenchmarkExec/isa_simd_i64x2.abs,wago,time,ns/op,3353,3368,15,0.4473605726215357,0.19264069264069264,false,6,100ms,Measured increase; p-values are not adjusted for multiple comparisons.
full screen,explicit,BenchmarkExec/isa_simd_i8x16.ne,wago,time,ns/op,3311.5,3326.5,15,0.4529669334138564,0.7316017316017316,false,6,100ms,Measured increase; p-values are not adjusted for multiple comparisons.
full screen,explicit,BenchmarkExecParallel/independent/isa_f32.div,wago,time,ns/op,18916,18931,15,0.07929794882639563,0.7337662337662337,false,6,100ms,"Throughput time, not one-call latency."
full screen,signals,BenchmarkExecParallel/process/isa_simd_i32x4.sub,wago,time,ns/op,2029.5,2044.5,15,0.7390983000739038,0.6666666666666666,false,6,100ms,"Throughput time, not one-call latency."
full screen,explicit,BenchmarkExecParallel/process/isa_simd_i64x2.shr_s,wago,time,ns/op,1376.5,1391.5,15,1.0897203051216886,0.5887445887445888,false,6,100ms,"Throughput time, not one-call latency."
full screen,signals,BenchmarkExecParallel/process/isa_simd_i8x16.le_u,wago,time,ns/op,3921,3936,15,0.38255547054322214,0.48484848484848486,false,6,100ms,"Throughput time, not one-call latency."
full screen,signals,BenchmarkExecParallel/process/isa_simd_v128.and,wago,time,ns/op,2033.5,2048.5,15,0.7376444553725214,0.9372294372294372,false,6,100ms,"Throughput time, not one-call latency."
full screen,explicit,BenchmarkInstantiate/memory,wago,time,ns/op,1375,1390,15,1.090909090909098,0.5887445887445888,false,6,100ms,Measured increase; p-values are not adjusted for multiple comparisons.
full screen,explicit,BenchmarkExec/isa_f64.floor,wago,time,ns/op,39077.5,39092,14.5,0.037105751391464104,0.9372294372294372,false,6,100ms,Measured increase; p-values are not adjusted for multiple comparisons.
full screen,explicit,BenchmarkExec/isa_simd_f32x4.max,wago,time,ns/op,9793.5,9808,14.5,0.14805738500025534,0.9372294372294372,false,6,100ms,Measured increase; p-values are not adjusted for multiple comparisons.
full screen,explicit,BenchmarkExec/isa_simd_i16x8.le_s,wago,time,ns/op,3275,3289.5,14.5,0.4427480916030513,0.5887445887445888,false,6,100ms,Measured increase; p-values are not adjusted for multiple comparisons.
full screen,explicit,BenchmarkExec/isa_simd_i16x8.le_u,wago,time,ns/op,3272,3286.5,14.5,0.44315403422983124,0.24025974025974026,false,6,100ms,Measured increase; p-values are not adjusted for multiple comparisons.
full screen,signals,BenchmarkExec/isa_simd_i8x16.sub_sat_s,wago,time,ns/op,3327,3341.5,14.5,0.4358280733393505,0.6190476190476191,false,6,100ms,Measured increase; p-values are not adjusted for multiple comparisons.
full screen,signals,BenchmarkExecParallel/independent/isa_i32.ctz,wago,time,ns/op,1856,1870.5,14.5,0.78125,0.33116883116883117,false,6,100ms,"Throughput time, not one-call latency."
full screen,signals,BenchmarkExecParallel/process/isa_simd_i16x8.max_u,wago,time,ns/op,2029.5,2044,14.5,0.7144616900714551,0.48484848484848486,false,6,100ms,"Throughput time, not one-call latency."
full screen,explicit,BenchmarkInstantiate/matmul,wago,time,ns/op,3632.5,3647,14.5,0.3991741225051637,0.6991341991341992,false,6,100ms,Measured increase; p-values are not adjusted for multiple comparisons.
full screen,signals,BenchmarkWazeroExec/isa_ctl.loop_baseline,wazero,time,ns/op,6540.5,6555,14.5,0.22169558902225273,0.6666666666666666,false,6,100ms,Measured increase; p-values are not adjusted for multiple comparisons.
full screen,explicit,BenchmarkWazeroExec/isa_i64.popcnt,wazero,time,ns/op,13243,13257.5,14.5,0.10949180699237893,0.6991341991341992,false,6,100ms,Measured increase; p-values are not adjusted for multiple comparisons.
full screen,explicit,BenchmarkWazeroExec/isa_simd_f32x4.convert_i32x4_s,wazero,time,ns/op,2446.5,2461,14.5,0.5926834253014546,0.19047619047619047,false,6,100ms,Measured increase; p-values are not adjusted for multiple comparisons.
full screen,signals,BenchmarkWazeroExec/isa_simd_i16x8.extend_high_u,wazero,time,ns/op,3274,3288.5,14.5,0.442883323152099,0.6233766233766234,false,6,100ms,Measured increase; p-values are not adjusted for multiple comparisons.
full screen,explicit,BenchmarkWazeroExec/isa_simd_i8x16.sub,wazero,time,ns/op,1636,1650.5,14.5,0.8863080684596625,0.14285714285714285,false,6,100ms,Measured increase; p-values are not adjusted for multiple comparisons.
full screen,signals,BenchmarkWazeroInstantiate/mandelbrot,wazero,time,ns/op,7597.5,7612,14.5,0.19085225403092654,1,false,6,100ms,Measured increase; p-values are not adjusted for multiple comparisons.
full screen,signals,BenchmarkExec/isa_i32.add,wago,time,ns/op,13092,13106,14,0.10693553315002102,1,false,6,100ms,Measured increase; p-values are not adjusted for multiple comparisons.
full screen,explicit,BenchmarkExec/isa_simd_f32x4.nearest,wago,time,ns/op,2469.5,2483.5,14,0.5669163798339705,0.6991341991341992,false,6,100ms,Measured increase; p-values are not adjusted for multiple comparisons.
full screen,signals,BenchmarkExec/isa_simd_i32x4.extend_high_s,wago,time,ns/op,1945,1959,14,0.7197943444730015,0.5238095238095238,false,6,100ms,Measured increase; p-values are not adjusted for multiple comparisons.
full screen,signals,BenchmarkExec/isa_simd_v128.or,wago,time,ns/op,1696,1710,14,0.8254716981132004,0.3939393939393939,false,6,100ms,Measured increase; p-values are not adjusted for multiple comparisons.
full screen,explicit,BenchmarkExecParallel/independent/isa_i32.popcnt,wago,time,ns/op,1848,1862,14,0.7575757575757569,0.7770562770562771,false,6,100ms,"Throughput time, not one-call latency."
full screen,explicit,BenchmarkExecParallel/independent/isa_i64.ctz,wago,time,ns/op,1838.5,1852.5,14,0.7614903453902588,0.3939393939393939,false,6,100ms,"Throughput time, not one-call latency."
full screen,explicit,BenchmarkExecParallel/process/globals.accumulate,wago,time,ns/op,1015.5,1029.5,14,1.3786312161496728,0.45670995670995673,false,6,100ms,"Throughput time, not one-call latency."
full screen,signals,BenchmarkWazeroExec/isa_simd_f64x2.convert_low_i32x4_u,wazero,time,ns/op,3302.5,3316.5,14,0.42392127176380523,0.329004329004329,false,6,100ms,Measured increase; p-values are not adjusted for multiple comparisons.
full screen,explicit,BenchmarkWazeroExec/isa_simd_i32x4.mul,wazero,time,ns/op,4867.5,4881.5,14,0.287621982537245,0.8181818181818182,false,6,100ms,Measured increase; p-values are not adjusted for multiple comparisons.
full screen,signals,BenchmarkExecParallel/independent/float.run,wago,time,ns/op,573.45,587.15,13.699999999999932,2.389048740081945,0.13203463203463203,false,6,100ms,"Throughput time, not one-call latency."
full screen,signals,BenchmarkExec/isa_simd_f32x4.gt,wago,time,ns/op,3320,3333.5,13.5,0.4066265060240992,0.13203463203463203,false,6,100ms,Measured increase; p-values are not adjusted for multiple comparisons.
full screen,signals,BenchmarkExec/isa_simd_i16x8.extend_high_u,wago,time,ns/op,1212.5,1226,13.5,1.1134020618556617,0.816017316017316,false,6,100ms,Measured increase; p-values are not adjusted for multiple comparisons.
full screen,explicit,BenchmarkExec/isa_simd_i16x8.extmul_low_s,wago,time,ns/op,8176,8189.5,13.5,0.1651174168297409,0.6991341991341992,false,6,100ms,Measured increase; p-values are not adjusted for multiple comparisons.
full screen,signals,BenchmarkExec/isa_simd_i8x16.lt_s,wago,time,ns/op,1709.5,1723,13.5,0.7897045919859513,0.512987012987013,false,6,100ms,Measured increase; p-values are not adjusted for multiple comparisons.
full screen,explicit,BenchmarkExec/isa_simd_i8x16.lt_u,wago,time,ns/op,4921.5,4935,13.5,0.27430661383724964,0.9372294372294372,false,6,100ms,Measured increase; p-values are not adjusted for multiple comparisons.
full screen,explicit,BenchmarkExecParallel/process/isa_cvt.i64_extend_s,wago,time,ns/op,1775,1788.5,13.5,0.760563380281698,0.7316017316017316,false,6,100ms,"Throughput time, not one-call latency."
full screen,signals,BenchmarkInstantiate/mandelbrot,wago,time,ns/op,3193,3206.5,13.5,0.42279987472595426,0.8181818181818182,false,6,100ms,Measured increase; p-values are not adjusted for multiple comparisons.
full screen,signals,BenchmarkWazeroExec/isa_simd_f64x2.eq,wazero,time,ns/op,3264,3277.5,13.5,0.4136029411764719,0.4155844155844156,false,6,100ms,Measured increase; p-values are not adjusted for multiple comparisons.
full screen,signals,BenchmarkWazeroExec/isa_simd_i16x8.avgr_u,wazero,time,ns/op,3251.5,3265,13.5,0.4151929878517535,0.854978354978355,false,6,100ms,Measured increase; p-values are not adjusted for multiple comparisons.
full screen,explicit,BenchmarkExec/isa_f64.min,wago,time,ns/op,30226,30239,13,0.04300932971614824,0.8181818181818182,false,6,100ms,Measured increase; p-values are not adjusted for multiple comparisons.
full screen,explicit,BenchmarkExec/isa_i64.xor,wago,time,ns/op,13044.5,13057.5,13,0.09965886005596225,0.8484848484848485,false,6,100ms,Measured increase; p-values are not adjusted for multiple comparisons.
full screen,explicit,BenchmarkExec/isa_simd_i32x4.extadd_pairwise_u,wago,time,ns/op,4030.5,4043.5,13,0.3225406277136855,0.9372294372294372,false,6,100ms,Measured increase; p-values are not adjusted for multiple comparisons.
full screen,explicit,BenchmarkExec/isa_simd_i64x2.mul,wago,time,ns/op,11431,11444,13,0.11372583326043628,0.8181818181818182,false,6,100ms,Measured increase; p-values are not adjusted for multiple comparisons.
full screen,explicit,BenchmarkExec/isa_simd_i8x16.max_u,wago,time,ns/op,1644.5,1657.5,13,0.7905138339920903,0.8593073593073594,false,6,100ms,Measured increase; p-values are not adjusted for multiple comparisons.
full screen,signals,BenchmarkExec/isa_simd_reduce.v128_any_true,wago,time,ns/op,1745.5,1758.5,13,0.7447722715554272,0.04112554112554113,true,6,100ms,Measured increase; p-values are not adjusted for multiple comparisons.
full screen,signals,BenchmarkExec/qoi.qoi_decode_run,wago,time,ns/op,5730.5,5743.5,13,0.22685629526220108,0.9372294372294372,false,6,100ms,Measured increase; p-values are not adjusted for multiple comparisons.
full screen,signals,BenchmarkExecParallel/independent/isa_simd_i32x4.extmul_high_s,wago,time,ns/op,1122.5,1135.5,13,1.158129175946554,0.13852813852813853,false,6,100ms,"Throughput time, not one-call latency."
full screen,signals,BenchmarkExecParallel/process/isa_simd_i8x16.sub_sat_s,wago,time,ns/op,3936.5,3949.5,13,0.3302426012955717,0.9372294372294372,false,6,100ms,"Throughput time, not one-call latency."
full screen,signals,BenchmarkWazeroExec/isa_i32.add,wazero,time,ns/op,13052.5,13065.5,13,0.09959777820340854,0.8528138528138528,false,6,100ms,Measured increase; p-values are not adjusted for multiple comparisons.
full screen,signals,BenchmarkWazeroExec/isa_simd_f32x4.abs,wazero,time,ns/op,1305,1318,13,0.9961685823754785,0.48484848484848486,false,6,100ms,Measured increase; p-values are not adjusted for multiple comparisons.
full screen,signals,BenchmarkWazeroExec/isa_simd_i32x4.shr_u,wazero,time,ns/op,2174.5,2187.5,13,0.5978385835824218,0.7294372294372294,false,6,100ms,Measured increase; p-values are not adjusted for multiple comparisons.
full screen,explicit,BenchmarkWazeroExec/xjb-mulhi.runN,wazero,time,ns/op,2178.5,2191.5,13,0.596740876750057,0.5887445887445888,false,6,100ms,Measured increase; p-values are not adjusted for multiple comparisons.
full screen,explicit,BenchmarkExecParallel/independent/isa_simd_i64x2.extend_low_u,wago,time,ns/op,184.2,197.14999999999998,12.949999999999989,7.03040173724212,0.24025974025974026,false,6,100ms,"Throughput time, not one-call latency."
full screen,explicit,BenchmarkExec/isa_mem.store_i64,wago,time,ns/op,7979,7991.5,12.5,0.15666123574382684,0.48484848484848486,false,6,100ms,Measured increase; p-values are not adjusted for multiple comparisons.
full screen,signals,BenchmarkExec/isa_simd_i16x8.narrow_i32x4_u,wago,time,ns/op,3328.5,3341,12.5,0.3755445395823953,0.48484848484848486,false,6,100ms,Measured increase; p-values are not adjusted for multiple comparisons.
full screen,explicit,BenchmarkExec/lz4.lz4_decompress_run,wago,time,ns/op,3028,3040.5,12.5,0.41281373844122005,0.30952380952380953,false,6,100ms,Measured increase; p-values are not adjusted for multiple comparisons.
full screen,explicit,BenchmarkExecParallel/independent/isa_simd_f32x4.convert_i32x4_u,wago,time,ns/op,1224,1236.5,12.5,1.0212418300653558,0.13203463203463203,false,6,100ms,"Throughput time, not one-call latency."
full screen,signals,BenchmarkExecParallel/independent/isa_simd_f64x2.div,wago,time,ns/op,2857.5,2870,12.5,0.43744531933507247,0.06493506493506493,false,6,100ms,"Throughput time, not one-call latency."
full screen,signals,BenchmarkExecParallel/process/isa_simd_f64x2.neg,wago,time,ns/op,1845,1857.5,12.5,0.6775067750677488,1,false,6,100ms,"Throughput time, not one-call latency."
full screen,signals,BenchmarkWazeroExec/isa_simd_reduce.i32x4_all_true,wazero,time,ns/op,1893.5,1906,12.5,0.6601531555320728,0.29004329004329005,false,6,100ms,Measured increase; p-values are not adjusted for multiple comparisons.
full screen,signals,BenchmarkWazeroExec/isa_simd_reduce.i8x16_bitmask,wazero,time,ns/op,1348,1360.5,12.5,0.927299703264084,0.6991341991341992,false,6,100ms,Measured increase; p-values are not adjusted for multiple comparisons.
full screen,signals,BenchmarkExec/isa_simd_i64x2.extmul_low_u,wago,time,ns/op,6552,6564,12,0.1831501831501825,0.5541125541125541,false,6,100ms,Measured increase; p-values are not adjusted for multiple comparisons.
full screen,signals,BenchmarkExecParallel/process/isa_simd_i16x8.extadd_pairwise_u,wago,time,ns/op,2897,2909,12,0.4142216085605721,0.48484848484848486,false,6,100ms,"Throughput time, not one-call latency."
full screen,explicit,BenchmarkWazeroExec/isa_bulk_mem.copy_fwd_4096,wazero,time,ns/op,7155,7167,12,0.16771488469602414,1,false,6,100ms,Measured increase; p-values are not adjusted for multiple comparisons.
full screen,explicit,BenchmarkWazeroExec/isa_f32.min,wazero,time,ns/op,19215.5,19227.5,12,0.062449584970458716,0.6991341991341992,false,6,100ms,Measured increase; p-values are not adjusted for multiple comparisons.
full screen,explicit,BenchmarkWazeroExec/isa_simd_i16x8.lt_s,wazero,time,ns/op,2098,2110,12,0.5719733079122991,0.5887445887445888,false,6,100ms,Measured increase; p-values are not adjusted for multiple comparisons.
full screen,explicit,BenchmarkExec/globals.accumulate,wago,time,ns/op,840.1,851.95,11.850000000000023,1.4105463635281534,0.24025974025974026,false,6,100ms,Measured increase; p-values are not adjusted for multiple comparisons.
full screen,signals,BenchmarkExecParallel/independent/swar-pack-parse.runN,wago,time,ns/op,270.25,282.1,11.850000000000023,4.384828862164669,0.24025974025974026,false,6,100ms,"Throughput time, not one-call latency."
full screen,explicit,BenchmarkExecParallel/process/isa_simd_i64x2.ge_s,wago,time,ns/op,678.25,689.85,11.600000000000023,1.7102838186509484,0.13203463203463203,false,6,100ms,"Throughput time, not one-call latency."
full screen,signals,BenchmarkExec/isa_simd_f32x4.ceil,wago,time,ns/op,2537.5,2549,11.5,0.4532019704433399,0.6666666666666666,false,6,100ms,Measured increase; p-values are not adjusted for multiple comparisons.
full screen,explicit,BenchmarkExec/isa_simd_i16x8.extmul_low_u,wago,time,ns/op,6516.5,6528,11.5,0.1764751016650079,0.8181818181818182,false,6,100ms,Measured increase; p-values are not adjusted for multiple comparisons.
full screen,explicit,BenchmarkExec/isa_simd_i32x4.gt_u,wago,time,ns/op,4912,4923.5,11.5,0.2341205211726427,0.6666666666666666,false,6,100ms,Measured increase; p-values are not adjusted for multiple comparisons.
full screen,signals,BenchmarkExec/isa_simd_i8x16.swizzle,wago,time,ns/op,6599.5,6611,11.5,0.17425562542616735,0.4155844155844156,false,6,100ms,Measured increase; p-values are not adjusted for multiple comparisons.
full screen,signals,BenchmarkExecParallel/independent/isa_simd_f32x4.max,wago,time,ns/op,1391,1402.5,11.5,0.8267433501078392,0.25757575757575757,false,6,100ms,"Throughput time, not one-call latency."
full screen,explicit,BenchmarkExecParallel/independent/isa_simd_i16x8.extmul_high_s,wago,time,ns/op,1109,1120.5,11.5,1.0369702434625871,0.24242424242424243,false,6,100ms,"Throughput time, not one-call latency."
full screen,explicit,BenchmarkExecParallel/process/isa_i64.ctz,wago,time,ns/op,1840,1851.5,11.5,0.6250000000000089,0.3939393939393939,false,6,100ms,"Throughput time, not one-call latency."
full screen,signals,BenchmarkExecParallel/process/isa_simd_i32x4.ge_u,wago,time,ns/op,3939.5,3951,11.5,0.29191521766722683,0.48484848484848486,false,6,100ms,"Throughput time, not one-call latency."
full screen,signals,BenchmarkInstantiate/isa_simd_i16x8,wago,time,ns/op,3249,3260.5,11.5,0.35395506309634506,0.6991341991341992,false,6,100ms,Measured increase; p-values are not adjusted for multiple comparisons.
full screen,explicit,BenchmarkWazeroExec/isa_simd_i16x8.shl,wazero,time,ns/op,2171,2182.5,11.5,0.5297098111469278,0.5735930735930735,false,6,100ms,Measured increase; p-values are not adjusted for multiple comparisons.
full screen,explicit,BenchmarkWazeroInstantiate/arith,wazero,time,ns/op,7445,7456.5,11.5,0.15446608462055256,0.48484848484848486,false,6,100ms,Measured increase; p-values are not adjusted for multiple comparisons.
full screen,explicit,BenchmarkExecParallel/independent/isa_simd_i16x8.gt_u,wago,time,ns/op,687.6,698.9,11.299999999999955,1.6433973240255861,0.04112554112554113,true,6,100ms,"Throughput time, not one-call latency."
full screen,signals,BenchmarkExecParallel/independent/isa_f32.min,wago,time,ns/op,4700,4711,11,0.23404255319148248,0.9372294372294372,false,6,100ms,"Throughput time, not one-call latency."
full screen,explicit,BenchmarkExecParallel/process/isa_i32.popcnt,wago,time,ns/op,1850.5,1861.5,11,0.5944339367738527,0.9372294372294372,false,6,100ms,"Throughput time, not one-call latency."
full screen,signals,BenchmarkExecParallel/process/isa_i64.clz,wago,time,ns/op,14249,14260,11,0.07719839988771238,1,false,6,100ms,"Throughput time, not one-call latency."
full screen,explicit,BenchmarkExecParallel/process/isa_simd_f64x2.div,wago,time,ns/op,2860.5,2871.5,11,0.38454815591679736,0.6991341991341992,false,6,100ms,"Throughput time, not one-call latency."
full screen,explicit,BenchmarkExecParallel/process/isa_simd_i64x2.mul,wago,time,ns/op,1585,1596,11,0.6940063091482651,0.7857142857142857,false,6,100ms,"Throughput time, not one-call latency."
full screen,signals,BenchmarkWazeroExec/isa_simd_i32x4.dot,wazero,time,ns/op,4885.5,4896.5,11,0.2251560740968106,0.22294372294372294,false,6,100ms,Measured increase; p-values are not adjusted for multiple comparisons.
full screen,signals,BenchmarkExecParallel/independent/isa_simd_i32x4.trunc_sat_f64x2_s_zero,wago,time,ns/op,916.6500000000001,927.4,10.749999999999886,1.1727485954289962,0.24025974025974026,false,6,100ms,"Throughput time, not one-call latency."
full screen,signals,BenchmarkWazeroExec/globals.accumulate,wazero,time,ns/op,862.0999999999999,872.8,10.700000000000045,1.2411553184085378,0.30952380952380953,false,6,100ms,Measured increase; p-values are not adjusted for multiple comparisons.
full screen,signals,BenchmarkExec/isa_simd_i8x16.gt_s,wago,time,ns/op,1695,1705.5,10.5,0.6194690265486802,0.6991341991341992,false,6,100ms,Measured increase; p-values are not adjusted for multiple comparisons.
full screen,explicit,BenchmarkExecParallel/independent/isa_mem.store_i32_stride,wago,time,ns/op,1665.5,1676,10.5,0.6304413089162519,0.8181818181818182,false,6,100ms,"Throughput time, not one-call latency."
full screen,explicit,BenchmarkWazeroExec/isa_simd_i64x2.abs,wazero,time,ns/op,2111.5,2122,10.5,0.4972768174283715,0.9372294372294372,false,6,100ms,Measured increase; p-values are not adjusted for multiple comparisons.
full screen,explicit,BenchmarkWazeroExec/isa_simd_i64x2.sub,wazero,time,ns/op,1633,1643.5,10.5,0.6429883649724522,0.2878787878787879,false,6,100ms,Measured increase; p-values are not adjusted for multiple comparisons.
full screen,explicit,BenchmarkWazeroExec/isa_var.global_getset,wazero,time,ns/op,6645,6655.5,10.5,0.15801354401805412,0.8181818181818182,false,6,100ms,Measured increase; p-values are not adjusted for multiple comparisons.
full screen,explicit,BenchmarkExecParallel/process/isa_simd_i16x8.lt_u,wago,time,ns/op,689.45,699.55,10.099999999999909,1.4649358184059658,0.30952380952380953,false,6,100ms,"Throughput time, not one-call latency."
full screen,signals,BenchmarkExec/isa_simd_f64x2.floor,wago,time,ns/op,2507,2517,10,0.398883127243721,0.45670995670995673,false,6,100ms,Measured increase; p-values are not adjusted for multiple comparisons.
full screen,signals,BenchmarkExec/isa_simd_i64x2.ge_s,wago,time,ns/op,4948.5,4958.5,10,0.20208143881983442,0.5887445887445888,false,6,100ms,Measured increase; p-values are not adjusted for multiple comparisons.
full screen,explicit,BenchmarkExec/isa_simd_i8x16.ge_u,wago,time,ns/op,3282,3292,10,0.30469226081657474,0.7878787878787878,false,6,100ms,Measured increase; p-values are not adjusted for multiple comparisons.
full screen,explicit,BenchmarkExec/isa_simd_i8x16.le_s,wago,time,ns/op,3300,3310,10,0.3030303030302939,0.9372294372294372,false,6,100ms,Measured increase; p-values are not adjusted for multiple comparisons.
full screen,explicit,BenchmarkExecParallel/process/isa_f32.mul,wago,time,ns/op,5196.5,5206.5,10,0.1924372173578437,0.33116883116883117,false,6,100ms,"Throughput time, not one-call latency."
full screen,explicit,BenchmarkInstantiate/isa_f64,wago,time,ns/op,1402,1412,10,0.7132667617689048,0.8181818181818182,false,6,100ms,Measured increase; p-values are not adjusted for multiple comparisons.
full screen,signals,BenchmarkWazeroExec/isa_simd_i16x8.add,wazero,time,ns/op,1637,1647,10,0.6108735491753281,0.5887445887445888,false,6,100ms,Measured increase; p-values are not adjusted for multiple comparisons.
full screen,signals,BenchmarkWazeroExec/isa_simd_i16x8.eq,wazero,time,ns/op,1642.5,1652.5,10,0.60882800608828,1,false,6,100ms,Measured increase; p-values are not adjusted for multiple comparisons.
full screen,signals,BenchmarkWazeroExec/isa_simd_i16x8.extmul_low_u,wazero,time,ns/op,8115,8125,10,0.12322858903266454,0.8181818181818182,false,6,100ms,Measured increase; p-values are not adjusted for multiple comparisons.
full screen,explicit,BenchmarkWazeroInstantiate/isa_simd_reduce,wazero,time,ns/op,7692.5,7702.5,10,0.12999675008125156,0.9372294372294372,false,6,100ms,Measured increase; p-values are not adjusted for multiple comparisons.
full screen,signals,BenchmarkExecParallel/independent/isa_simd_i16x8.lt_u,wago,time,ns/op,698.95,708.7,9.75,1.3949495672079593,0.025974025974025976,true,6,100ms,"Throughput time, not one-call latency."
full screen,signals,BenchmarkExecParallel/independent/isa_simd_i8x16.swizzle,wago,time,ns/op,894.2,903.75,9.549999999999955,1.0679937374189263,0.30952380952380953,false,6,100ms,"Throughput time, not one-call latency."
full screen,explicit,BenchmarkExecCommuteSelfUpdate/json-as.deserializeN/off,wago,time,ns/op,40776,40785.5,9.5,0.02329801844223045,1,false,6,100ms,Measured increase; p-values are not adjusted for multiple comparisons.
full screen,signals,BenchmarkExecParallel/independent/isa_f64.add,wago,time,ns/op,5142,5151.5,9.5,0.18475301439129233,0.5584415584415584,false,6,100ms,"Throughput time, not one-call latency."
full screen,signals,BenchmarkExecParallel/independent/isa_i64.mul,wago,time,ns/op,5212,5221.5,9.5,0.18227168073676747,0.2554112554112554,false,6,100ms,"Throughput time, not one-call latency."
full screen,explicit,BenchmarkExecParallel/process/isa_i64.shl,wago,time,ns/op,1986,1995.5,9.5,0.478348439073506,0.5887445887445888,false,6,100ms,"Throughput time, not one-call latency."
full screen,signals,BenchmarkWazeroExec/isa_i64.or,wazero,time,ns/op,12998,13007.5,9.5,0.07308816741036228,1,false,6,100ms,Measured increase; p-values are not adjusted for multiple comparisons.
full screen,signals,BenchmarkWazeroExec/isa_simd_f32x4.sqrt,wazero,time,ns/op,11417.5,11427,9.5,0.08320560543026989,1,false,6,100ms,Measured increase; p-values are not adjusted for multiple comparisons.
full screen,explicit,BenchmarkWazeroExec/isa_simd_f64x2.eq,wazero,time,ns/op,3252.5,3262,9.5,0.29208301306686835,0.41774891774891776,false,6,100ms,Measured increase; p-values are not adjusted for multiple comparisons.
full screen,signals,BenchmarkWazeroExec/isa_simd_i32x4.shr_s,wazero,time,ns/op,2171,2180.5,9.5,0.4375863657300805,0.7316017316017316,false,6,100ms,Measured increase; p-values are not adjusted for multiple comparisons.
full screen,explicit,BenchmarkWazeroExec/isa_simd_reduce.i64x2_all_true,wazero,time,ns/op,1886,1895.5,9.5,0.5037115588547136,0.3939393939393939,false,6,100ms,Measured increase; p-values are not adjusted for multiple comparisons.
full screen,signals,BenchmarkWazeroExec/isa_simd_v128.andnot,wazero,time,ns/op,2096,2105.5,9.5,0.4532442748091503,0.25757575757575757,false,6,100ms,Measured increase; p-values are not adjusted for multiple comparisons.
full screen,explicit,BenchmarkWazeroExec/swar-pack-parse.runN,wazero,time,ns/op,1687.5,1697,9.5,0.5629629629629651,0.48484848484848486,false,6,100ms,Measured increase; p-values are not adjusted for multiple comparisons.
full screen,signals,BenchmarkExecParallel/independent/globals.accumulate,wago,time,ns/op,151.3,160.5,9.199999999999989,6.080634500991411,0.17965367965367965,false,6,100ms,"Throughput time, not one-call latency."
full screen,signals,BenchmarkExec/isa_simd_f32x4.pmin,wago,time,ns/op,3320,3329,9,0.2710843373493921,0.9805194805194806,false,6,100ms,Measured increase; p-values are not adjusted for multiple comparisons.
full screen,explicit,BenchmarkExec/isa_simd_i8x16.shr_u,wago,time,ns/op,1940,1949,9,0.46391752577319423,0.5887445887445888,false,6,100ms,Measured increase; p-values are not adjusted for multiple comparisons.
full screen,explicit,BenchmarkExec/isa_simd_reduce.i32x4_all_true,wago,time,ns/op,1330.5,1339.5,9,0.6764374295377573,0.23593073593073594,false,6,100ms,Measured increase; p-values are not adjusted for multiple comparisons.
full screen,signals,BenchmarkExecParallel/independent/isa_f32.sub,wago,time,ns/op,5193,5202,9,0.17331022530329143,0.48484848484848486,false,6,100ms,"Throughput time, not one-call latency."
full screen,signals,BenchmarkExecParallel/independent/isa_simd_f32x4.neg,wago,time,ns/op,253.55,262.55,9,3.549595740485101,0.17965367965367965,false,6,100ms,"Throughput time, not one-call latency."
full screen,signals,BenchmarkExecParallel/independent/isa_var.local_getset,wago,time,ns/op,1868.5,1877.5,9,0.4816697886004917,0.9696969696969697,false,6,100ms,"Throughput time, not one-call latency."
full screen,signals,BenchmarkExecParallel/process/isa_simd_i32x4.neg,wago,time,ns/op,1447,1456,9,0.621976503109889,0.7316017316017316,false,6,100ms,"Throughput time, not one-call latency."
full screen,signals,BenchmarkWazeroExec/isa_simd_f64x2.sub,wazero,time,ns/op,4904,4913,9,0.18352365415987837,0.7987012987012987,false,6,100ms,Measured increase; p-values are not adjusted for multiple comparisons.
full screen,signals,BenchmarkWazeroExec/isa_simd_i32x4.add,wazero,time,ns/op,1637,1646,9,0.5497861942577842,0.25757575757575757,false,6,100ms,Measured increase; p-values are not adjusted for multiple comparisons.
full screen,explicit,BenchmarkWazeroExec/isa_simd_i32x4.gt_s,wazero,time,ns/op,1633.5,1642.5,9,0.5509641873278293,0.461038961038961,false,6,100ms,Measured increase; p-values are not adjusted for multiple comparisons.
full screen,signals,BenchmarkWazeroExec/isa_simd_reduce.i8x16_all_true,wazero,time,ns/op,1880,1889,9,0.4787234042553212,0.2597402597402597,false,6,100ms,Measured increase; p-values are not adjusted for multiple comparisons.
full screen,explicit,BenchmarkInstantiate/swar-pack-parse,wago,time,ns/op,903.5,912.05,8.549999999999955,0.9463198671831652,0.9372294372294372,false,6,100ms,Measured increase; p-values are not adjusted for multiple comparisons.
full screen,explicit,BenchmarkExec/isa_i64.popcnt,wago,time,ns/op,13285.5,13294,8.5,0.0639795265515053,0.5887445887445888,false,6,100ms,Measured increase; p-values are not adjusted for multiple comparisons.
full screen,explicit,BenchmarkExec/isa_simd_f32x4.neg,wago,time,ns/op,1457,1465.5,8.5,0.5833905284831742,0.6688311688311688,false,6,100ms,Measured increase; p-values are not adjusted for multiple comparisons.
full screen,signals,BenchmarkExec/isa_simd_i16x8.extend_low_u,wago,time,ns/op,1226,1234.5,8.5,0.6933115823817282,0.5584415584415584,false,6,100ms,Measured increase; p-values are not adjusted for multiple comparisons.
full screen,signals,BenchmarkExec/isa_simd_i16x8.max_s,wago,time,ns/op,1704.5,1713,8.5,0.49867996479906473,0.9372294372294372,false,6,100ms,Measured increase; p-values are not adjusted for multiple comparisons.
full screen,signals,BenchmarkExec/isa_simd_i16x8.min_s,wago,time,ns/op,1693,1701.5,8.5,0.5020673360897732,1,false,6,100ms,Measured increase; p-values are not adjusted for multiple comparisons.
full screen,explicit,BenchmarkExec/isa_simd_i64x2.add,wago,time,ns/op,1649,1657.5,8.5,0.5154639175257714,0.974025974025974,false,6,100ms,Measured increase; p-values are not adjusted for multiple comparisons.
full screen,signals,BenchmarkExec/isa_simd_i64x2.extend_high_s,wago,time,ns/op,1816,1824.5,8.5,0.4680616740088128,0.6991341991341992,false,6,100ms,Measured increase; p-values are not adjusted for multiple comparisons.
full screen,signals,BenchmarkExec/isa_simd_i8x16.le_u,wago,time,ns/op,3328,3336.5,8.5,0.2554086538461453,0.5584415584415584,false,6,100ms,Measured increase; p-values are not adjusted for multiple comparisons.
full screen,explicit,BenchmarkExecParallel/process/isa_f64.abs,wago,time,ns/op,5279,5287.5,8.5,0.1610153438151185,0.6991341991341992,false,6,100ms,"Throughput time, not one-call latency."
full screen,explicit,BenchmarkExecParallel/process/isa_f64.add,wago,time,ns/op,5210,5218.5,8.5,0.16314779270634183,0.6688311688311688,false,6,100ms,"Throughput time, not one-call latency."
full screen,signals,BenchmarkExecParallel/process/isa_simd_f64x2.trunc,wago,time,ns/op,2902.5,2911,8.5,0.2928509905254062,0.5887445887445888,false,6,100ms,"Throughput time, not one-call latency."
full screen,signals,BenchmarkExecParallel/process/isa_simd_i16x8.extmul_high_u,wago,time,ns/op,7788.5,7797,8.5,0.10913526352955838,0.3939393939393939,false,6,100ms,"Throughput time, not one-call latency."
full screen,explicit,BenchmarkInstantiate/linked_list,wago,time,ns/op,2797.5,2806,8.5,0.30384271671135554,0.8181818181818182,false,6,100ms,Measured increase; p-values are not adjusted for multiple comparisons.
full screen,signals,BenchmarkWazeroExec/isa_simd_f64x2.abs,wazero,time,ns/op,1302.5,1311,8.5,0.6525911708253451,0.3658008658008658,false,6,100ms,Measured increase; p-values are not adjusted for multiple comparisons.
full screen,signals,BenchmarkWazeroExec/isa_simd_i16x8.add_sat_u,wazero,time,ns/op,3250.5,3259,8.5,0.26149823104137937,0.7294372294372294,false,6,100ms,Measured increase; p-values are not adjusted for multiple comparisons.
full screen,explicit,BenchmarkWazeroExec/isa_simd_i32x4.extmul_low_s,wazero,time,ns/op,8145,8153.5,8.5,0.10435850214856046,0.9372294372294372,false,6,100ms,Measured increase; p-values are not adjusted for multiple comparisons.
full screen,signals,BenchmarkWazeroExec/isa_simd_reduce.i16x8_bitmask,wazero,time,ns/op,1301,1309.5,8.5,0.6533435818601108,0.29004329004329005,false,6,100ms,Measured increase; p-values are not adjusted for multiple comparisons.
full screen,explicit,BenchmarkExecParallel/process/isa_simd_i64x2.extend_low_u,wago,time,ns/op,183.55,191.89999999999998,8.349999999999966,4.549169163715594,0.24025974025974026,false,6,100ms,"Throughput time, not one-call latency."
full screen,signals,BenchmarkExecParallel/independent/isa_simd_i32x4.gt_u,wago,time,ns/op,705.45,713.75,8.299999999999955,1.1765539726415808,0.9372294372294372,false,6,100ms,"Throughput time, not one-call latency."
full screen,explicit,BenchmarkExec/isa_bulk_mem.copy_back_256,wago,time,ns/op,1078,1086,8,0.7421150278293043,0.9372294372294372,false,6,100ms,Measured increase; p-values are not adjusted for multiple comparisons.
full screen,signals,BenchmarkExec/isa_ctl.if_else,wago,time,ns/op,10162,10170,8,0.0787246604998959,0.6991341991341992,false,6,100ms,Measured increase; p-values are not adjusted for multiple comparisons.
full screen,signals,BenchmarkExec/isa_simd_i8x16.shl,wago,time,ns/op,1982.5,1990.5,8,0.40353089533418096,0.9372294372294372,false,6,100ms,Measured increase; p-values are not adjusted for multiple comparisons.
full screen,signals,BenchmarkExecParallel/independent/memory_tree.run,wago,time,ns/op,1469.5,1477.5,8,0.5444028581150118,0.6991341991341992,false,6,100ms,"Throughput time, not one-call latency."
full screen,signals,BenchmarkExecParallel/process/isa_simd_i16x8.shr_u,wago,time,ns/op,1102.5,1110.5,8,0.7256235827664437,0.2987012987012987,false,6,100ms,"Throughput time, not one-call latency."
full screen,signals,BenchmarkExecParallel/process/isa_simd_i8x16.shr_u,wago,time,ns/op,2316.5,2324.5,8,0.3453485862292327,0.5064935064935064,false,6,100ms,"Throughput time, not one-call latency."
full screen,explicit,BenchmarkWazeroExec/isa_simd_f32x4.lt,wazero,time,ns/op,3243.5,3251.5,8,0.24664714043471925,0.24025974025974026,false,6,100ms,Measured increase; p-values are not adjusted for multiple comparisons.
full screen,signals,BenchmarkWazeroExec/isa_simd_i32x4.lt_s,wazero,time,ns/op,2102,2110,8,0.38058991436726863,0.5497835497835498,false,6,100ms,Measured increase; p-values are not adjusted for multiple comparisons.
full screen,signals,BenchmarkWazeroExec/isa_simd_i32x4.max_s,wazero,time,ns/op,1643.5,1651.5,8,0.4867660480681435,0.37662337662337664,false,6,100ms,Measured increase; p-values are not adjusted for multiple comparisons.
full screen,signals,BenchmarkWazeroExec/isa_simd_i8x16.max_u,wazero,time,ns/op,1645.5,1653.5,8,0.48617441507141645,0.6666666666666666,false,6,100ms,Measured increase; p-values are not adjusted for multiple comparisons.
full screen,explicit,BenchmarkExecParallel/independent/isa_simd_i32x4.extadd_pairwise_u,wago,time,ns/op,620.9,628.85,7.9500000000000455,1.2803994201964874,0.8181818181818182,false,6,100ms,"Throughput time, not one-call latency."
full screen,signals,BenchmarkExecParallel/independent/isa_simd_i64x2.extend_high_s,wago,time,ns/op,283.65,291.45,7.800000000000011,2.749867794817562,0.29004329004329005,false,6,100ms,"Throughput time, not one-call latency."
full screen,signals,BenchmarkExecParallel/independent/isa_mem.store_i32,wago,time,ns/op,967.15,974.85,7.7000000000000455,0.7961536473142683,0.30952380952380953,false,6,100ms,"Throughput time, not one-call latency."
full screen,explicit,BenchmarkExecParallel/independent/isa_simd_i64x2.le_s,wago,time,ns/op,673.15,680.6500000000001,7.500000000000114,1.1141647478273953,0.8181818181818182,false,6,100ms,"Throughput time, not one-call latency."
full screen,signals,BenchmarkExec/isa_i32.or,wago,time,ns/op,13111.5,13119,7.5,0.05720169317011692,0.8181818181818182,false,6,100ms,Measured increase; p-values are not adjusted for multiple comparisons.
full screen,explicit,BenchmarkExec/isa_simd_i16x8.max_s,wago,time,ns/op,1646.5,1654,7.5,0.45551169146673676,0.16666666666666666,false,6,100ms,Measured increase; p-values are not adjusted for multiple comparisons.
full screen,explicit,BenchmarkExec/isa_simd_i16x8.sub_sat_u,wago,time,ns/op,3273.5,3281,7.5,0.2291125706430419,0.6991341991341992,false,6,100ms,Measured increase; p-values are not adjusted for multiple comparisons.
full screen,explicit,BenchmarkExec/isa_simd_i32x4.gt_s,wago,time,ns/op,1645,1652.5,7.5,0.45592705167172287,0.48484848484848486,false,6,100ms,Measured increase; p-values are not adjusted for multiple comparisons.
full screen,signals,BenchmarkExec/isa_simd_i64x2.extend_high_u,wago,time,ns/op,1217,1224.5,7.5,0.6162695152013065,0.48484848484848486,false,6,100ms,Measured increase; p-values are not adjusted for multiple comparisons.
full screen,signals,BenchmarkExec/isa_simd_i64x2.le_s,wago,time,ns/op,4954.5,4962,7.5,0.1513775355737268,0.6991341991341992,false,6,100ms,Measured increase; p-values are not adjusted for multiple comparisons.
full screen,signals,BenchmarkExecParallel/independent/isa_i64.rotl,wago,time,ns/op,2057.5,2065,7.5,0.36452004860267895,0.7987012987012987,false,6,100ms,"Throughput time, not one-call latency."
full screen,signals,BenchmarkExecParallel/process/isa_simd_i32x4.abs,wago,time,ns/op,2043,2050.5,7.5,0.36710719530101965,0.9805194805194806,false,6,100ms,"Throughput time, not one-call latency."
full screen,explicit,BenchmarkWazeroExec/isa_simd_f64x2.convert_low_i32x4_u,wazero,time,ns/op,3281.5,3289,7.5,0.22855401493220295,0.551948051948052,false,6,100ms,Measured increase; p-values are not adjusted for multiple comparisons.
full screen,signals,BenchmarkExecParallel/independent/isa_simd_i64x2.extend_low_u,wago,time,ns/op,202.45,209.9,7.450000000000017,3.6799209681402933,0.17965367965367965,false,6,100ms,"Throughput time, not one-call latency."
full screen,signals,BenchmarkExecParallel/independent/isa_simd_i16x8.extmul_low_u,wago,time,ns/op,894.7,901.95,7.25,0.8103274840728814,0.06493506493506493,false,6,100ms,"Throughput time, not one-call latency."
full screen,explicit,BenchmarkExecParallel/process/isa_simd_i16x8.ge_s,wago,time,ns/op,457.4,464.54999999999995,7.149999999999977,1.5631832094446851,0.30952380952380953,false,6,100ms,"Throughput time, not one-call latency."
full screen,explicit,BenchmarkExecParallel/independent/isa_simd_f64x2.convert_low_i32x4_u,wago,time,ns/op,580.5,587.55,7.0499999999999545,1.214470284237712,0.1277056277056277,false,6,100ms,"Throughput time, not one-call latency."
full screen,explicit,BenchmarkExec/isa_simd_i16x8.eq,wago,time,ns/op,1645.5,1652.5,7,0.4254026131874866,0.974025974025974,false,6,100ms,Measured increase; p-values are not adjusted for multiple comparisons.
full screen,explicit,BenchmarkExec/isa_simd_i32x4.neg,wago,time,ns/op,1162,1169,7,0.6024096385542244,0.9653679653679653,false,6,100ms,Measured increase; p-values are not adjusted for multiple comparisons.
full screen,explicit,BenchmarkExec/isa_simd_i64x2.eq,wago,time,ns/op,3281.5,3288.5,7,0.21331708060339238,0.6666666666666666,false,6,100ms,Measured increase; p-values are not adjusted for multiple comparisons.
full screen,signals,BenchmarkExec/isa_simd_i8x16.min_u,wago,time,ns/op,1693,1700,7,0.41346721795629815,0.22294372294372294,false,6,100ms,Measured increase; p-values are not adjusted for multiple comparisons.
full screen,signals,BenchmarkExecParallel/independent/isa_i32.xor,wago,time,ns/op,1760.5,1767.5,7,0.3976143141153132,0.06926406926406926,false,6,100ms,"Throughput time, not one-call latency."
full screen,signals,BenchmarkExecParallel/independent/isa_simd_i8x16.ge_s,wago,time,ns/op,476.9,483.9,7,1.467812958691539,0.17965367965367965,false,6,100ms,"Throughput time, not one-call latency."
full screen,signals,BenchmarkInstantiate/isa_simd_v128,wago,time,ns/op,3266,3273,7,0.21432945499082479,1,false,6,100ms,Measured increase; p-values are not adjusted for multiple comparisons.
full screen,signals,BenchmarkWazeroExec/isa_simd_i32x4.ge_s,wazero,time,ns/op,3258,3265,7,0.21485573971762317,0.6082251082251082,false,6,100ms,Measured increase; p-values are not adjusted for multiple comparisons.
full screen,signals,BenchmarkWazeroExec/isa_simd_i32x4.ge_u,wazero,time,ns/op,3268,3275,7,0.21419828641371375,0.9372294372294372,false,6,100ms,Measured increase; p-values are not adjusted for multiple comparisons.
full screen,explicit,BenchmarkExecParallel/process/xjb-mulhi.runN,wago,time,ns/op,300.6,307.45,6.849999999999966,2.278775781769782,0.3939393939393939,false,6,100ms,"Throughput time, not one-call latency."
full screen,explicit,BenchmarkExecParallel/process/isa_bulk_mem.copy_fwd_256,wago,time,ns/op,318.15,324.7,6.550000000000011,2.058777306302062,0.3939393939393939,false,6,100ms,"Throughput time, not one-call latency."
full screen,signals,BenchmarkExec/isa_simd_i16x8.ge_u,wago,time,ns/op,3349.5,3356,6.5,0.19405881474847675,0.6212121212121212,false,6,100ms,Measured increase; p-values are not adjusted for multiple comparisons.
full screen,signals,BenchmarkExec/isa_simd_i8x16.max_s,wago,time,ns/op,1698.5,1705,6.5,0.3826906093612026,0.45454545454545453,false,6,100ms,Measured increase; p-values are not adjusted for multiple comparisons.
full screen,signals,BenchmarkExecParallel/independent/isa_call.call_indirect,wago,time,ns/op,5584.5,5591,6.5,0.11639358939923294,0.8181818181818182,false,6,100ms,"Throughput time, not one-call latency."
full screen,explicit,BenchmarkExecParallel/independent/isa_f64.add,wago,time,ns/op,5191,5197.5,6.5,0.1252167212483224,0.5584415584415584,false,6,100ms,"Throughput time, not one-call latency."
full screen,signals,BenchmarkExecParallel/independent/isa_simd_i32x4.extmul_low_s,wago,time,ns/op,1121.5,1128,6.5,0.5795809184128364,0.25757575757575757,false,6,100ms,"Throughput time, not one-call latency."
full screen,signals,BenchmarkExecParallel/process/isa_simd_i64x2.extend_high_u,wago,time,ns/op,1448.5,1455,6.5,0.4487400759406235,0.6666666666666666,false,6,100ms,"Throughput time, not one-call latency."
full screen,signals,BenchmarkExecParallel/process/isa_simd_i64x2.extend_low_u,wago,time,ns/op,1452.5,1459,6.5,0.44750430292599397,0.9653679653679653,false,6,100ms,"Throughput time, not one-call latency."
full screen,explicit,BenchmarkInstantiate/isa_simd_f32x4,wago,time,ns/op,1394,1400.5,6.5,0.46628407460544974,0.30952380952380953,false,6,100ms,Measured increase; p-values are not adjusted for multiple comparisons.
full screen,signals,BenchmarkWazeroExec/isa_simd_f32x4.le,wazero,time,ns/op,3264,3270.5,6.5,0.19914215686274161,0.5887445887445888,false,6,100ms,Measured increase; p-values are not adjusted for multiple comparisons.
full screen,explicit,BenchmarkWazeroExec/isa_simd_i16x8.max_s,wazero,time,ns/op,1648,1654.5,6.5,0.3944174757281482,1,false,6,100ms,Measured increase; p-values are not adjusted for multiple comparisons.
full screen,signals,BenchmarkWazeroExec/isa_simd_i16x8.min_u,wazero,time,ns/op,1645,1651.5,6.5,0.3951367781155124,0.2878787878787879,false,6,100ms,Measured increase; p-values are not adjusted for multiple comparisons.
full screen,explicit,BenchmarkWazeroExec/isa_simd_i32x4.max_u,wazero,time,ns/op,1634.5,1641,6.5,0.39767513000916743,0.36796536796536794,false,6,100ms,Measured increase; p-values are not adjusted for multiple comparisons.
full screen,signals,BenchmarkWazeroInstantiate/fib_iter,wazero,time,ns/op,7456,7462.5,6.5,0.08717811158798217,0.5887445887445888,false,6,100ms,Measured increase; p-values are not adjusted for multiple comparisons.
full screen,signals,BenchmarkExecParallel/independent/isa_simd_reduce.i64x2_all_true,wago,time,ns/op,227.5,233.95,6.449999999999989,2.8351648351648384,0.8181818181818182,false,6,100ms,"Throughput time, not one-call latency."
full screen,explicit,BenchmarkExec/isa_simd_i16x8.shl,wago,time,ns/op,904.15,910.4000000000001,6.250000000000114,0.6912569816955205,1,false,6,100ms,Measured increase; p-values are not adjusted for multiple comparisons.
full screen,signals,BenchmarkMemSumBounds/guard,wago,time,ns/op,234.10000000000002,240.3,6.199999999999989,2.648440837249044,0.025974025974025976,true,6,100ms,Measured increase; p-values are not adjusted for multiple comparisons.
full screen,signals,BenchmarkExecParallel/independent/isa_simd_i64x2.le_s,wago,time,ns/op,689.0999999999999,695.2,6.100000000000136,0.8852125961399171,0.30952380952380953,false,6,100ms,"Throughput time, not one-call latency."
full screen,signals,BenchmarkExecParallel/independent/isa_simd_reduce.i16x8_bitmask,wago,time,ns/op,215.8,221.89999999999998,6.099999999999966,2.8266913809082306,0.06493506493506493,false,6,100ms,"Throughput time, not one-call latency."
full screen,explicit,BenchmarkExec/isa_bulk_mem.fill_256,wago,time,ns/op,1934,1940,6,0.31023784901758056,0.5108225108225108,false,6,100ms,Measured increase; p-values are not adjusted for multiple comparisons.
full screen,signals,BenchmarkExec/isa_i32.rotr,wago,time,ns/op,13195.5,13201.5,6,0.04547004660679921,0.854978354978355,false,6,100ms,Measured increase; p-values are not adjusted for multiple comparisons.
full screen,explicit,BenchmarkExec/isa_i64.sub,wago,time,ns/op,13120,13126,6,0.04573170731707599,1,false,6,100ms,Measured increase; p-values are not adjusted for multiple comparisons.
full screen,explicit,BenchmarkExec/isa_simd_i16x8.min_u,wago,time,ns/op,1648.5,1654.5,6,0.36396724294813776,0.9805194805194806,false,6,100ms,Measured increase; p-values are not adjusted for multiple comparisons.
full screen,explicit,BenchmarkExec/isa_simd_i32x4.ne,wago,time,ns/op,3308.5,3314.5,6,0.18135106543750723,0.6991341991341992,false,6,100ms,Measured increase; p-values are not adjusted for multiple comparisons.
full screen,signals,BenchmarkExec/isa_simd_i8x16.lt_u,wago,time,ns/op,4973.5,4979.5,6,0.12063938876043512,0.8181818181818182,false,6,100ms,Measured increase; p-values are not adjusted for multiple comparisons.
full screen,explicit,BenchmarkExec/xjb-mulhi.runN,wago,time,ns/op,1973,1979,6,0.3041054232133744,0.3787878787878788,false,6,100ms,Measured increase; p-values are not adjusted for multiple comparisons.
full screen,signals,BenchmarkExecParallel/independent/isa_f32.floor,wago,time,ns/op,5381,5387,6,0.11150343802266427,0.8181818181818182,false,6,100ms,"Throughput time, not one-call latency."
full screen,explicit,BenchmarkExecParallel/independent/isa_i32.add,wago,time,ns/op,1732,1738,6,0.34642032332563577,0.6666666666666666,false,6,100ms,"Throughput time, not one-call latency."
full screen,explicit,BenchmarkExecParallel/process/isa_i32.rotr,wago,time,ns/op,1943,1949,6,0.30880082346886883,0.8181818181818182,false,6,100ms,"Throughput time, not one-call latency."
full screen,explicit,BenchmarkExecParallel/process/isa_mem.store_i32,wago,time,ns/op,1307.5,1313.5,6,0.4588910133843216,0.5735930735930735,false,6,100ms,"Throughput time, not one-call latency."
full screen,signals,BenchmarkExecParallel/process/isa_simd_reduce.i32x4_bitmask,wago,time,ns/op,1687,1693,6,0.3556609365737984,0.8181818181818182,false,6,100ms,"Throughput time, not one-call latency."
full screen,signals,BenchmarkWazeroExec/isa_simd_f32x4.demote_f64x2_zero,wazero,time,ns/op,2452,2458,6,0.2446982055464897,0.8939393939393939,false,6,100ms,Measured increase; p-values are not adjusted for multiple comparisons.
full screen,explicit,BenchmarkWazeroExec/isa_simd_i16x8.eq,wazero,time,ns/op,1644,1650,6,0.36496350364962904,0.7207792207792207,false,6,100ms,Measured increase; p-values are not adjusted for multiple comparisons.
full screen,signals,BenchmarkWazeroExec/isa_simd_i16x8.narrow_i32x4_s,wazero,time,ns/op,3260,3266,6,0.18404907975460016,1,false,6,100ms,Measured increase; p-values are not adjusted for multiple comparisons.
full screen,explicit,BenchmarkWazeroExec/isa_simd_i32x4.trunc_sat_f32x4_s,wazero,time,ns/op,7446.5,7452.5,6,0.08057476666889496,0.5562770562770563,false,6,100ms,Measured increase; p-values are not adjusted for multiple comparisons.
full screen,signals,BenchmarkWazeroExec/isa_simd_i64x2.extend_high_s,wazero,time,ns/op,3261.5,3267.5,6,0.1839644335428492,0.974025974025974,false,6,100ms,Measured increase; p-values are not adjusted for multiple comparisons.
full screen,explicit,BenchmarkWazeroExec/isa_simd_v128.bitselect,wazero,time,ns/op,3290.5,3296.5,6,0.1823431089500005,0.948051948051948,false,6,100ms,Measured increase; p-values are not adjusted for multiple comparisons.
full screen,explicit,BenchmarkExecParallel/process/isa_simd_i16x8.extend_high_s,wago,time,ns/op,282.95,288.9,5.949999999999989,2.1028450256229014,0.24025974025974026,false,6,100ms,"Throughput time, not one-call latency."
full screen,explicit,BenchmarkExecParallel/independent/isa_simd_i16x8.ge_u,wago,time,ns/op,449.04999999999995,454.95000000000005,5.900000000000091,1.3138848680547932,0.30952380952380953,false,6,100ms,"Throughput time, not one-call latency."
full screen,signals,BenchmarkExecParallel/independent/isa_simd_v128.andnot,wago,time,ns/op,244.55,250.4,5.849999999999994,2.392148844816999,0.3939393939393939,false,6,100ms,"Throughput time, not one-call latency."
full screen,explicit,BenchmarkExecParallel/process/isa_simd_i32x4.extadd_pairwise_u,wago,time,ns/op,621.8,627.45,5.650000000000091,0.9086522997748592,0.5887445887445888,false,6,100ms,"Throughput time, not one-call latency."
full screen,explicit,BenchmarkExecParallel/independent/isa_simd_i32x4.extend_high_s,wago,time,ns/op,290.35,295.95,5.599999999999966,1.9287067332529606,0.7770562770562771,false,6,100ms,"Throughput time, not one-call latency."
full screen,explicit,BenchmarkExecParallel/independent/isa_simd_i16x8.extend_low_s,wago,time,ns/op,286.25,291.8,5.550000000000011,1.9388646288209577,0.24025974025974026,false,6,100ms,"Throughput time, not one-call latency."
full screen,explicit,BenchmarkExec/isa_simd_i8x16.add,wago,time,ns/op,1641.5,1647,5.5,0.3350593968930893,0.29004329004329005,false,6,100ms,Measured increase; p-values are not adjusted for multiple comparisons.
full screen,signals,BenchmarkExecCommuteSelfUpdate/xjb-mulhi.runN/on,wago,time,ns/op,1912.5,1918,5.5,0.2875816993463953,0.7294372294372294,false,6,100ms,Measured increase; p-values are not adjusted for multiple comparisons.
full screen,explicit,BenchmarkExecParallel/independent/isa_cvt.reinterpret_f64,wago,time,ns/op,7899,7904.5,5.5,0.0696290669705002,0.6666666666666666,false,6,100ms,"Throughput time, not one-call latency."
full screen,explicit,BenchmarkExecParallel/independent/isa_simd_i16x8.extmul_low_s,wago,time,ns/op,1114.5,1120,5.5,0.4934948407357531,0.17965367965367965,false,6,100ms,"Throughput time, not one-call latency."
full screen,signals,BenchmarkExecParallel/independent/isa_simd_i64x2.shr_s,wago,time,ns/op,1394,1399.5,5.5,0.39454806312768653,0.6666666666666666,false,6,100ms,"Throughput time, not one-call latency."
full screen,signals,BenchmarkExecParallel/process/globals.accumulate,wago,time,ns/op,1058,1063.5,5.5,0.51984877126654,0.6147186147186147,false,6,100ms,"Throughput time, not one-call latency."
full screen,explicit,BenchmarkExecParallel/process/isa_simd_f32x4.min,wago,time,ns/op,1361.5,1367,5.5,0.403966213734841,0.8181818181818182,false,6,100ms,"Throughput time, not one-call latency."
full screen,signals,BenchmarkExecParallel/process/isa_simd_i16x8.extadd_pairwise_s,wago,time,ns/op,2871.5,2877,5.5,0.19153752394218682,1,false,6,100ms,"Throughput time, not one-call latency."
full screen,signals,BenchmarkInstantiate/isa_cvt,wago,time,ns/op,3278,3283.5,5.5,0.1677852348993314,0.9372294372294372,false,6,100ms,Measured increase; p-values are not adjusted for multiple comparisons.
full screen,explicit,BenchmarkWazeroExec/isa_simd_f32x4.demote_f64x2_zero,wazero,time,ns/op,2443.5,2449,5.5,0.22508696541845286,0.5086580086580087,false,6,100ms,Measured increase; p-values are not adjusted for multiple comparisons.
full screen,signals,BenchmarkWazeroExec/isa_simd_f32x4.pmax,wazero,time,ns/op,3717.5,3723,5.5,0.14794889038332038,0.6991341991341992,false,6,100ms,Measured increase; p-values are not adjusted for multiple comparisons.
full screen,signals,BenchmarkWazeroExec/isa_simd_i16x8.abs,wazero,time,ns/op,1646,1651.5,5.5,0.3341433778857761,0.6601731601731602,false,6,100ms,Measured increase; p-values are not adjusted for multiple comparisons.
full screen,signals,BenchmarkWazeroExec/isa_simd_i16x8.shl,wazero,time,ns/op,2159.5,2165,5.5,0.2546885853206726,0.6688311688311688,false,6,100ms,Measured increase; p-values are not adjusted for multiple comparisons.
full screen,explicit,BenchmarkExecParallel/process/isa_simd_v128.not,wago,time,ns/op,185.10000000000002,190.55,5.449999999999989,2.9443544030253843,0.48484848484848486,false,6,100ms,"Throughput time, not one-call latency."
full screen,signals,BenchmarkWazeroExec/isa_simd_v128.not,wazero,time,ns/op,844.75,850.0999999999999,5.349999999999909,0.6333234684817945,0.8181818181818182,false,6,100ms,Measured increase; p-values are not adjusted for multiple comparisons.
full screen,signals,BenchmarkExecParallel/independent/isa_simd_i8x16.ge_u,wago,time,ns/op,466.15,471.4,5.25,1.1262469162286903,0.48484848484848486,false,6,100ms,"Throughput time, not one-call latency."
full screen,signals,BenchmarkExecParallel/process/isa_bulk_mem.copy_back_64,wago,time,ns/op,358.15,363.4,5.25,1.4658662571548131,0.24025974025974026,false,6,100ms,"Throughput time, not one-call latency."
full screen,signals,BenchmarkExecParallel/independent/isa_simd_i32x4.extend_low_s,wago,time,ns/op,297.5,302.65,5.149999999999977,1.7310924369747793,0.5887445887445888,false,6,100ms,"Throughput time, not one-call latency."
full screen,explicit,BenchmarkExecParallel/independent/isa_simd_i64x2.gt_s,wago,time,ns/op,442,447.1,5.100000000000023,1.1538461538461497,0.48484848484848486,false,6,100ms,"Throughput time, not one-call latency."
full screen,explicit,BenchmarkExecParallel/process/isa_simd_reduce.i16x8_all_true,wago,time,ns/op,211.75,216.85,5.099999999999994,2.408500590318763,0.6991341991341992,false,6,100ms,"Throughput time, not one-call latency."
full screen,explicit,BenchmarkExec/isa_bulk_mem.copy_fwd_64,wago,time,ns/op,683.7,688.75,5.0499999999999545,0.7386280532397205,0.8181818181818182,false,6,100ms,Measured increase; p-values are not adjusted for multiple comparisons.
full screen,explicit,BenchmarkExec/isa_simd_i16x8.extmul_high_u,wago,time,ns/op,6560.5,6565.5,5,0.07621370322383747,0.8181818181818182,false,6,100ms,Measured increase; p-values are not adjusted for multiple comparisons.
full screen,explicit,BenchmarkExec/isa_simd_i8x16.min_u,wago,time,ns/op,1643.5,1648.5,5,0.30422878004259246,0.6147186147186147,false,6,100ms,Measured increase; p-values are not adjusted for multiple comparisons.
full screen,explicit,BenchmarkExecParallel/independent/isa_i64.shr_u,wago,time,ns/op,2017.5,2022.5,5,0.24783147459728205,1,false,6,100ms,"Throughput time, not one-call latency."
full screen,explicit,BenchmarkExecParallel/process/isa_simd_i32x4.extmul_high_u,wago,time,ns/op,880.9000000000001,885.9000000000001,5,0.5676013168350647,0.48484848484848486,false,6,100ms,"Throughput time, not one-call latency."
full screen,signals,BenchmarkWazeroExec/isa_simd_f64x2.add,wazero,time,ns/op,4890,4895,5,0.10224948875254825,0.6991341991341992,false,6,100ms,Measured increase; p-values are not adjusted for multiple comparisons.
full screen,explicit,BenchmarkWazeroExec/isa_simd_i16x8.le_s,wazero,time,ns/op,3714,3719,5,0.13462574044156295,0.8181818181818182,false,6,100ms,Measured increase; p-values are not adjusted for multiple comparisons.
full screen,explicit,BenchmarkWazeroExec/isa_simd_reduce.i32x4_bitmask,wazero,time,ns/op,1322.5,1327.5,5,0.3780718336483968,0.17965367965367965,false,6,100ms,Measured increase; p-values are not adjusted for multiple comparisons.
full screen,explicit,BenchmarkWazeroExec/isa_simd_v128.andnot,wazero,time,ns/op,2093,2098,5,0.23889154323937234,0.2922077922077922,false,6,100ms,Measured increase; p-values are not adjusted for multiple comparisons.
full screen,signals,BenchmarkExec/globals.accumulate,wago,time,ns/op,887.55,892.25,4.7000000000000455,0.529547631119387,0.045454545454545456,true,6,100ms,Measured increase; p-values are not adjusted for multiple comparisons.
full screen,signals,BenchmarkExecParallel/independent/isa_simd_i32x4.neg,wago,time,ns/op,198.85000000000002,203.55,4.699999999999989,2.3635906462157408,0.30952380952380953,false,6,100ms,"Throughput time, not one-call latency."
full screen,signals,BenchmarkExecParallel/independent/isa_simd_i64x2.abs,wago,time,ns/op,482.95,487.65,4.699999999999989,0.9731856299823871,1,false,6,100ms,"Throughput time, not one-call latency."
full screen,explicit,BenchmarkExecParallel/independent/isa_simd_reduce.i64x2_all_true,wago,time,ns/op,214.25,218.9,4.650000000000006,2.170361726954506,0.48484848484848486,false,6,100ms,"Throughput time, not one-call latency."
full screen,signals,BenchmarkExec/isa_simd_i16x8.shl,wago,time,ns/op,950.35,954.9000000000001,4.550000000000068,0.4787709791129746,0.3939393939393939,false,6,100ms,Measured increase; p-values are not adjusted for multiple comparisons.
full screen,signals,BenchmarkExecParallel/independent/isa_simd_i16x8.extend_low_u,wago,time,ns/op,204.55,209.1,4.549999999999983,2.224395013444136,0.17965367965367965,false,6,100ms,"Throughput time, not one-call latency."
full screen,signals,BenchmarkExec/arith.run,wago,time,ns/op,1453.5,1458,4.5,0.3095975232198178,0.6991341991341992,false,6,100ms,Measured increase; p-values are not adjusted for multiple comparisons.
full screen,signals,BenchmarkExec/isa_simd_i8x16.shr_s,wago,time,ns/op,3470,3474.5,4.5,0.12968299711815234,0.9372294372294372,false,6,100ms,Measured increase; p-values are not adjusted for multiple comparisons.
full screen,signals,BenchmarkExec/json-as.serializeN,wago,time,ns/op,20961,20965.5,4.5,0.02146844139114812,0.8181818181818182,false,6,100ms,Measured increase; p-values are not adjusted for multiple comparisons.
full screen,signals,BenchmarkExecParallel/independent/isa_f32.neg,wago,time,ns/op,5297.5,5302,4.5,0.08494572911750264,0.6991341991341992,false,6,100ms,"Throughput time, not one-call latency."
full screen,explicit,BenchmarkExecParallel/independent/isa_i64.popcnt,wago,time,ns/op,1862,1866.5,4.5,0.24167561761547773,0.6991341991341992,false,6,100ms,"Throughput time, not one-call latency."
full screen,signals,BenchmarkExecParallel/independent/isa_simd_i16x8.gt_u,wago,time,ns/op,703.95,708.45,4.5,0.6392499467291701,0.5562770562770563,false,6,100ms,"Throughput time, not one-call latency."
full screen,explicit,BenchmarkExecParallel/independent/memory_tree.run,wago,time,ns/op,1479,1483.5,4.5,0.30425963488844854,0.8181818181818182,false,6,100ms,"Throughput time, not one-call latency."
full screen,explicit,BenchmarkExecParallel/process/isa_cvt.reinterpret_f64,wago,time,ns/op,7912,7916.5,4.5,0.05687563195146961,0.8181818181818182,false,6,100ms,"Throughput time, not one-call latency."
full screen,signals,BenchmarkExecParallel/process/isa_simd_f32x4.ceil,wago,time,ns/op,2851.5,2856,4.5,0.15781167806416807,0.48484848484848486,false,6,100ms,"Throughput time, not one-call latency."
full screen,explicit,BenchmarkWazeroExec/isa_simd_i16x8.extadd_pairwise_u,wazero,time,ns/op,2468.5,2473,4.5,0.18229694146243425,0.6666666666666666,false,6,100ms,Measured increase; p-values are not adjusted for multiple comparisons.
full screen,explicit,BenchmarkWazeroExec/isa_simd_reduce.i16x8_all_true,wazero,time,ns/op,1883.5,1888,4.5,0.2389169100079691,0.7987012987012987,false,6,100ms,Measured increase; p-values are not adjusted for multiple comparisons.
full screen,signals,BenchmarkExecParallel/independent/isa_simd_f32x4.mul,wago,time,ns/op,674.5999999999999,679.05,4.4500000000000455,0.6596501630595997,0.5887445887445888,false,6,100ms,"Throughput time, not one-call latency."
full screen,signals,BenchmarkExecParallel/independent/isa_simd_i32x4.extend_high_u,wago,time,ns/op,204.4,208.85000000000002,4.450000000000017,2.1771037181996133,0.48484848484848486,false,6,100ms,"Throughput time, not one-call latency."
full screen,signals,BenchmarkExecParallel/independent/isa_simd_i32x4.shr_s,wago,time,ns/op,162.1,166.55,4.450000000000017,2.7452190006169053,0.13203463203463203,false,6,100ms,"Throughput time, not one-call latency."
full screen,explicit,BenchmarkExecParallel/independent/isa_simd_i8x16.shr_s,wago,time,ns/op,587.9,592.3499999999999,4.449999999999932,0.756931450927012,0.9372294372294372,false,6,100ms,"Throughput time, not one-call latency."
full screen,explicit,BenchmarkExecParallel/process/isa_ctl.loop_baseline,wago,time,ns/op,878.2,882.65,4.449999999999932,0.5067182874060494,0.3939393939393939,false,6,100ms,"Throughput time, not one-call latency."
full screen,signals,BenchmarkExecGlobalGet_wago,wago,time,ns/op,90.535,94.885,4.3500000000000085,4.8047716352791925,0.0021645021645021645,true,6,100ms,Measured increase; p-values are not adjusted for multiple comparisons.
full screen,explicit,BenchmarkExecParallel/independent/isa_simd_i16x8.extend_high_u,wago,time,ns/op,185.5,189.75,4.25,2.2911051212938016,0.48484848484848486,false,6,100ms,"Throughput time, not one-call latency."
full screen,signals,BenchmarkExecParallel/independent/isa_simd_i16x8.extend_high_s,wago,time,ns/op,291.9,296,4.100000000000023,1.4045906132237107,0.17965367965367965,false,6,100ms,"Throughput time, not one-call latency."
full screen,signals,BenchmarkExec/isa_ctl.br_table,wago,time,ns/op,17833,17837,4,0.0224303258004932,0.8181818181818182,false,6,100ms,Measured increase; p-values are not adjusted for multiple comparisons.
full screen,explicit,BenchmarkExecParallel/independent/isa_bulk_mem.fill_4096,wago,time,ns/op,1153,1157,4,0.3469210754553309,0.6991341991341992,false,6,100ms,"Throughput time, not one-call latency."
full screen,signals,BenchmarkExecParallel/process/isa_simd_i8x16.abs,wago,time,ns/op,2055,2059,4,0.1946472019464629,0.974025974025974,false,6,100ms,"Throughput time, not one-call latency."
full screen,explicit,BenchmarkInstantiate/branches,wago,time,ns/op,1382.5,1386.5,4,0.2893309222423257,0.48484848484848486,false,6,100ms,Measured increase; p-values are not adjusted for multiple comparisons.
full screen,signals,BenchmarkWazeroExec/isa_simd_f32x4.ge,wazero,time,ns/op,3717.5,3721.5,4,0.10759919300604714,0.9004329004329005,false,6,100ms,Measured increase; p-values are not adjusted for multiple comparisons.
full screen,explicit,BenchmarkWazeroExec/isa_simd_i8x16.avgr_u,wazero,time,ns/op,3253,3257,4,0.12296341838302638,0.6233766233766234,false,6,100ms,Measured increase; p-values are not adjusted for multiple comparisons.
full screen,signals,BenchmarkWazeroExec/isa_simd_i8x16.le_s,wazero,time,ns/op,3717.5,3721.5,4,0.10759919300604714,0.7835497835497836,false,6,100ms,Measured increase; p-values are not adjusted for multiple comparisons.
full screen,explicit,BenchmarkWazeroExec/isa_simd_i8x16.min_s,wazero,time,ns/op,1636,1640,4,0.24449877750611915,0.7835497835497836,false,6,100ms,Measured increase; p-values are not adjusted for multiple comparisons.
full screen,signals,BenchmarkWazeroExec/isa_simd_i8x16.min_s,wazero,time,ns/op,1635,1639,4,0.24464831804280607,0.7770562770562771,false,6,100ms,Measured increase; p-values are not adjusted for multiple comparisons.
full screen,explicit,BenchmarkWazeroExec/isa_simd_v128.or,wazero,time,ns/op,1638.5,1642.5,4,0.24412572474825645,0.9047619047619048,false,6,100ms,Measured increase; p-values are not adjusted for multiple comparisons.
full screen,explicit,BenchmarkWazeroInstantiate/memory_tree,wazero,time,ns/op,11664.5,11668.5,4,0.03429208281537921,0.5887445887445888,false,6,100ms,Measured increase; p-values are not adjusted for multiple comparisons.
full screen,explicit,BenchmarkExecParallel/independent/isa_simd_i32x4.extend_low_u,wago,time,ns/op,182,185.95,3.9499999999999886,2.1703296703296626,0.30952380952380953,false,6,100ms,"Throughput time, not one-call latency."
full screen,explicit,BenchmarkExecParallel/process/isa_simd_i64x2.shr_u,wago,time,ns/op,139.8,143.64999999999998,3.849999999999966,2.7539341917024007,0.09307359307359307,false,6,100ms,"Throughput time, not one-call latency."
full screen,explicit,BenchmarkExec/isa_simd_i64x2.shr_u,wago,time,ns/op,901.0999999999999,904.9,3.800000000000068,0.42170680279658423,0.8181818181818182,false,6,100ms,Measured increase; p-values are not adjusted for multiple comparisons.
full screen,explicit,BenchmarkExecParallel/process/isa_simd_f64x2.trunc,wago,time,ns/op,332.95000000000005,336.75,3.7999999999999545,1.1413125093857834,0.13203463203463203,false,6,100ms,"Throughput time, not one-call latency."
full screen,signals,BenchmarkExecParallel/independent/isa_simd_f32x4.lt,wago,time,ns/op,457.65,461.25,3.6000000000000227,0.7866273352999054,0.6991341991341992,false,6,100ms,"Throughput time, not one-call latency."
full screen,signals,BenchmarkExecParallel/independent/isa_simd_i16x8.shr_u,wago,time,ns/op,159.35,162.95,3.5999999999999943,2.2591779102604237,0.09307359307359307,false,6,100ms,"Throughput time, not one-call latency."
full screen,explicit,BenchmarkExecParallel/process/isa_simd_i16x8.extadd_pairwise_u,wago,time,ns/op,364.6,368.2,3.599999999999966,0.9873834339001464,0.5887445887445888,false,6,100ms,"Throughput time, not one-call latency."
full screen,explicit,BenchmarkExecParallel/independent/isa_simd_i64x2.extmul_high_s,wago,time,ns/op,880.9,884.45,3.550000000000068,0.4029969349528928,0.6991341991341992,false,6,100ms,"Throughput time, not one-call latency."
full screen,signals,BenchmarkExec/isa_bulk_mem.fill_256,wago,time,ns/op,1988.5,1992,3.5,0.17601206939903413,0.9372294372294372,false,6,100ms,Measured increase; p-values are not adjusted for multiple comparisons.
full screen,signals,BenchmarkExec/isa_mem.store_i32_stride,wago,time,ns/op,9030,9033.5,3.5,0.03875968992248513,0.6991341991341992,false,6,100ms,Measured increase; p-values are not adjusted for multiple comparisons.
full screen,signals,BenchmarkExec/isa_simd_f32x4.pmax,wago,time,ns/op,3322.5,3326,3.5,0.10534236267869534,0.8463203463203464,false,6,100ms,Measured increase; p-values are not adjusted for multiple comparisons.
full screen,explicit,BenchmarkExec/isa_simd_i16x8.extend_high_u,wago,time,ns/op,1158.5,1162,3.5,0.30211480362538623,0.6666666666666666,false,6,100ms,Measured increase; p-values are not adjusted for multiple comparisons.
full screen,signals,BenchmarkExec/isa_simd_i32x4.min_s,wago,time,ns/op,1703,1706.5,3.5,0.20551967116853032,0.6731601731601732,false,6,100ms,Measured increase; p-values are not adjusted for multiple comparisons.
full screen,signals,BenchmarkExecParallel/independent/isa_i32.shr_u,wago,time,ns/op,2046,2049.5,3.5,0.17106549364613866,0.9372294372294372,false,6,100ms,"Throughput time, not one-call latency."
full screen,signals,BenchmarkExecParallel/independent/isa_i64.sub,wago,time,ns/op,1757.5,1761,3.5,0.19914651493599944,0.3722943722943723,false,6,100ms,"Throughput time, not one-call latency."
full screen,explicit,BenchmarkExecParallel/independent/isa_simd_i32x4.extmul_high_s,wago,time,ns/op,1112,1115.5,3.5,0.3147482014388414,0.41774891774891776,false,6,100ms,"Throughput time, not one-call latency."
full screen,explicit,BenchmarkExecParallel/process/isa_i32.ctz,wago,time,ns/op,1843,1846.5,3.5,0.18990775908844792,0.5887445887445888,false,6,100ms,"Throughput time, not one-call latency."
full screen,explicit,BenchmarkExecParallel/process/isa_i32.sub,wago,time,ns/op,1751.5,1755,3.5,0.1998287182415126,0.5194805194805194,false,6,100ms,"Throughput time, not one-call latency."
full screen,explicit,BenchmarkExecParallel/process/isa_mem.load_i32_stride,wago,time,ns/op,1545.5,1549,3.5,0.22646392753153943,0.9090909090909091,false,6,100ms,"Throughput time, not one-call latency."
full screen,explicit,BenchmarkExecParallel/process/isa_simd_f32x4.convert_i32x4_u,wago,time,ns/op,1229.5,1233,3.5,0.2846685644571023,1,false,6,100ms,"Throughput time, not one-call latency."
full screen,explicit,BenchmarkInstantiate/quicksort,wago,time,ns/op,3618,3621.5,3.5,0.09673852957434725,0.9372294372294372,false,6,100ms,Measured increase; p-values are not adjusted for multiple comparisons.
full screen,explicit,BenchmarkWazeroExec/isa_bulk_mem.fill_64,wazero,time,ns/op,4244,4247.5,3.5,0.08246936852025488,0.8181818181818182,false,6,100ms,Measured increase; p-values are not adjusted for multiple comparisons.
full screen,signals,BenchmarkWazeroExec/isa_i64.shr_s,wazero,time,ns/op,13646.5,13650,3.5,0.02564760194920801,0.9372294372294372,false,6,100ms,Measured increase; p-values are not adjusted for multiple comparisons.
full screen,explicit,BenchmarkWazeroExec/isa_simd_f64x2.neg,wazero,time,ns/op,1793.5,1797,3.5,0.19514914970728547,0.6753246753246753,false,6,100ms,Measured increase; p-values are not adjusted for multiple comparisons.
full screen,signals,BenchmarkWazeroExec/isa_simd_i16x8.lt_s,wazero,time,ns/op,2096,2099.5,3.5,0.16698473282443782,0.8116883116883117,false,6,100ms,Measured increase; p-values are not adjusted for multiple comparisons.
full screen,signals,BenchmarkWazeroExec/isa_simd_i32x4.extmul_high_u,wazero,time,ns/op,11369,11372.5,3.5,0.03078546925852077,0.7294372294372294,false,6,100ms,Measured increase; p-values are not adjusted for multiple comparisons.
full screen,signals,BenchmarkWazeroExec/isa_simd_i32x4.le_s,wazero,time,ns/op,3732,3735.5,3.5,0.0937834941050486,0.9372294372294372,false,6,100ms,Measured increase; p-values are not adjusted for multiple comparisons.
full screen,signals,BenchmarkWazeroExec/isa_simd_i8x16.add_sat_s,wazero,time,ns/op,3263.5,3267,3.5,0.10724682089779947,0.9372294372294372,false,6,100ms,Measured increase; p-values are not adjusted for multiple comparisons.
full screen,signals,BenchmarkWazeroExec/isa_simd_v128.or,wazero,time,ns/op,1636,1639.5,3.5,0.21393643031784038,0.5844155844155844,false,6,100ms,Measured increase; p-values are not adjusted for multiple comparisons.
full screen,explicit,BenchmarkExecParallel/independent/isa_simd_f64x2.add,wago,time,ns/op,656.8,660.15,3.3500000000000227,0.5100487210718763,0.24025974025974026,false,6,100ms,"Throughput time, not one-call latency."
full screen,explicit,BenchmarkExecParallel/process/isa_simd_i64x2.abs,wago,time,ns/op,484.2,487.55,3.3500000000000227,0.6918628665840698,1,false,6,100ms,"Throughput time, not one-call latency."
full screen,explicit,BenchmarkExecParallel/independent/isa_simd_i8x16.popcnt,wago,time,ns/op,682.2,685.55,3.349999999999909,0.4910583406625424,0.512987012987013,false,6,100ms,"Throughput time, not one-call latency."
full screen,explicit,BenchmarkExecParallel/independent/isa_simd_reduce.i32x4_all_true,wago,time,ns/op,206.8,209.95,3.1499999999999773,1.5232108317214665,0.6147186147186147,false,6,100ms,"Throughput time, not one-call latency."
full screen,signals,BenchmarkExecParallel/process/isa_bulk_mem.fill_64,wago,time,ns/op,348.05,351.1,3.0500000000000114,0.8763108748742976,0.24025974025974026,false,6,100ms,"Throughput time, not one-call latency."
full screen,explicit,BenchmarkExecParallel/process/isa_simd_v128.and,wago,time,ns/op,225.64999999999998,228.7,3.0500000000000114,1.351650786616454,0.6991341991341992,false,6,100ms,"Throughput time, not one-call latency."
full screen,signals,BenchmarkExecParallel/independent/isa_simd_f64x2.mul,wago,time,ns/op,668.4000000000001,671.45,3.0499999999999545,0.45631358467983496,0.6991341991341992,false,6,100ms,"Throughput time, not one-call latency."
full screen,signals,BenchmarkExec/isa_simd_f32x4.max,wago,time,ns/op,9847.5,9850.5,3,0.030464584920020243,0.6666666666666666,false,6,100ms,Measured increase; p-values are not adjusted for multiple comparisons.
full screen,explicit,BenchmarkExec/isa_simd_f64x2.pmax,wago,time,ns/op,3288,3291,3,0.09124087591241281,0.9004329004329005,false,6,100ms,Measured increase; p-values are not adjusted for multiple comparisons.
full screen,signals,BenchmarkExec/isa_simd_i16x8.add,wago,time,ns/op,1697.5,1700.5,3,0.1767304860088359,0.5108225108225108,false,6,100ms,Measured increase; p-values are not adjusted for multiple comparisons.
full screen,explicit,BenchmarkExec/isa_simd_i32x4.extend_low_u,wago,time,ns/op,1154,1157,3,0.25996533795493715,0.45670995670995673,false,6,100ms,Measured increase; p-values are not adjusted for multiple comparisons.
full screen,explicit,BenchmarkExec/isa_simd_i32x4.ge_u,wago,time,ns/op,3277.5,3280.5,3,0.09153318077803618,0.8181818181818182,false,6,100ms,Measured increase; p-values are not adjusted for multiple comparisons.
full screen,explicit,BenchmarkExec/isa_simd_i64x2.extend_high_s,wago,time,ns/op,1759.5,1762.5,3,0.17050298380221207,0.9696969696969697,false,6,100ms,Measured increase; p-values are not adjusted for multiple comparisons.
full screen,explicit,BenchmarkExec/isa_simd_i8x16.gt_s,wago,time,ns/op,1648.5,1651.5,3,0.18198362147405778,0.30952380952380953,false,6,100ms,Measured increase; p-values are not adjusted for multiple comparisons.
full screen,explicit,BenchmarkExec/isa_simd_v128.andnot,wago,time,ns/op,1643,1646,3,0.1825928180158254,0.43073593073593075,false,6,100ms,Measured increase; p-values are not adjusted for multiple comparisons.
full screen,signals,BenchmarkExecParallel/independent/isa_f32.div,wago,time,ns/op,18851.5,18854.5,3,0.015913853009053014,1,false,6,100ms,"Throughput time, not one-call latency."
full screen,signals,BenchmarkExecParallel/independent/isa_f64.abs,wago,time,ns/op,5269.5,5272.5,3,0.056931397665804795,0.8181818181818182,false,6,100ms,"Throughput time, not one-call latency."
full screen,signals,BenchmarkExecParallel/independent/isa_i32.add,wago,time,ns/op,1751,1754,3,0.17133066818959541,0.9372294372294372,false,6,100ms,"Throughput time, not one-call latency."
full screen,explicit,BenchmarkExecParallel/process/isa_simd_f64x2.min,wago,time,ns/op,1371.5,1374.5,3,0.21873860736421058,0.7316017316017316,false,6,100ms,"Throughput time, not one-call latency."
full screen,signals,BenchmarkExecParallel/process/isa_simd_i64x2.shl,wago,time,ns/op,1081,1084,3,0.27752081406104967,0.7316017316017316,false,6,100ms,"Throughput time, not one-call latency."
full screen,signals,BenchmarkWazeroExec/isa_simd_f32x4.nearest,wazero,time,ns/op,2442,2445,3,0.12285012285011554,0.8484848484848485,false,6,100ms,Measured increase; p-values are not adjusted for multiple comparisons.
full screen,signals,BenchmarkWazeroExec/isa_simd_i32x4.le_u,wazero,time,ns/op,3732.5,3735.5,3,0.08037508372404911,0.512987012987013,false,6,100ms,Measured increase; p-values are not adjusted for multiple comparisons.
full screen,explicit,BenchmarkWazeroExec/isa_simd_i64x2.extend_low_u,wazero,time,ns/op,1638,1641,3,0.1831501831501825,0.974025974025974,false,6,100ms,Measured increase; p-values are not adjusted for multiple comparisons.
full screen,explicit,BenchmarkExecParallel/independent/isa_simd_reduce.i16x8_all_true,wago,time,ns/op,210.3,213.25,2.9499999999999886,1.4027579648121735,0.5887445887445888,false,6,100ms,"Throughput time, not one-call latency."
full screen,signals,BenchmarkExecParallel/independent/isa_simd_f64x2.convert_low_i32x4_u,wago,time,ns/op,590.15,593,2.8500000000000227,0.4829280691349691,0.30952380952380953,false,6,100ms,"Throughput time, not one-call latency."
full screen,explicit,BenchmarkExecParallel/independent/isa_simd_f64x2.ge,wago,time,ns/op,439.85,442.7,2.849999999999966,0.647948164146861,0.30952380952380953,false,6,100ms,"Throughput time, not one-call latency."
full screen,signals,BenchmarkExecParallel/independent/isa_simd_i32x4.extadd_pairwise_s,wago,time,ns/op,367.45000000000005,370.29999999999995,2.849999999999909,0.7756157300312649,0.8939393939393939,false,6,100ms,"Throughput time, not one-call latency."
full screen,explicit,BenchmarkExecParallel/independent/isa_simd_f32x4.pmin,wago,time,ns/op,440.3,443.1,2.8000000000000114,0.6359300476947549,0.6601731601731602,false,6,100ms,"Throughput time, not one-call latency."
full screen,signals,BenchmarkExecParallel/independent/isa_simd_i16x8.le_s,wago,time,ns/op,474,476.8,2.8000000000000114,0.5907172995780696,0.41774891774891776,false,6,100ms,"Throughput time, not one-call latency."
full screen,explicit,BenchmarkExecParallel/independent/isa_simd_i64x2.shr_u,wago,time,ns/op,141,143.75,2.75,1.9503546099290725,0.6666666666666666,false,6,100ms,"Throughput time, not one-call latency."
full screen,explicit,BenchmarkExecParallel/process/isa_simd_i8x16.shl,wago,time,ns/op,297.45,300.1,2.650000000000034,0.8909060346276698,0.7316017316017316,false,6,100ms,"Throughput time, not one-call latency."
full screen,explicit,BenchmarkExecParallel/independent/isa_simd_f32x4.neg,wago,time,ns/op,233.5,236.15,2.6500000000000057,1.1349036402569679,0.3939393939393939,false,6,100ms,"Throughput time, not one-call latency."
full screen,explicit,BenchmarkExecParallel/independent/isa_simd_f64x2.floor,wago,time,ns/op,332.5,335.15,2.6499999999999773,0.796992481202996,0.0367965367965368,true,6,100ms,"Throughput time, not one-call latency."
full screen,signals,BenchmarkMemSumBounds/explicit,wago,time,ns/op,279.20000000000005,281.8,2.599999999999966,0.9312320916905259,0.24025974025974026,false,6,100ms,Measured increase; p-values are not adjusted for multiple comparisons.
full screen,explicit,BenchmarkExecParallel/independent/isa_simd_i16x8.extmul_high_u,wago,time,ns/op,880.55,883.1,2.550000000000068,0.2895917324399644,0.1774891774891775,false,6,100ms,"Throughput time, not one-call latency."
full screen,signals,BenchmarkExec/isa_mem.load_f64,wago,time,ns/op,9877.5,9880,2.5,0.02531004808909998,0.7294372294372294,false,6,100ms,Measured increase; p-values are not adjusted for multiple comparisons.
full screen,explicit,BenchmarkExec/isa_simd_i16x8.add_sat_u,wago,time,ns/op,3278,3280.5,2.5,0.07626601586332438,0.6991341991341992,false,6,100ms,Measured increase; p-values are not adjusted for multiple comparisons.
full screen,explicit,BenchmarkExec/isa_simd_i64x2.gt_s,wago,time,ns/op,3268,3270.5,2.5,0.07649938800489142,0.6666666666666666,false,6,100ms,Measured increase; p-values are not adjusted for multiple comparisons.
full screen,explicit,BenchmarkExec/isa_simd_i8x16.narrow_i16x8_u,wago,time,ns/op,3265,3267.5,2.5,0.07656967840734552,0.8506493506493507,false,6,100ms,Measured increase; p-values are not adjusted for multiple comparisons.
full screen,explicit,BenchmarkExec/isa_simd_reduce.i32x4_bitmask,wago,time,ns/op,1311,1313.5,2.5,0.1906941266208939,0.6991341991341992,false,6,100ms,Measured increase; p-values are not adjusted for multiple comparisons.
full screen,explicit,BenchmarkExec/isa_simd_reduce.i64x2_all_true,wago,time,ns/op,1340,1342.5,2.5,0.1865671641791078,0.9372294372294372,false,6,100ms,Measured increase; p-values are not adjusted for multiple comparisons.
full screen,signals,BenchmarkExec/lz4.lz4_decompress_run,wago,time,ns/op,2399,2401.5,2.5,0.10421008753647154,1,false,6,100ms,Measured increase; p-values are not adjusted for multiple comparisons.
full screen,explicit,BenchmarkExecParallel/independent/isa_f64.sub,wago,time,ns/op,5202.5,5205,2.5,0.048053820278703974,0.9696969696969697,false,6,100ms,"Throughput time, not one-call latency."
full screen,explicit,BenchmarkExecParallel/independent/isa_i64.sub,wago,time,ns/op,1756,1758.5,2.5,0.14236902050113187,0.7186147186147186,false,6,100ms,"Throughput time, not one-call latency."
full screen,explicit,BenchmarkExecParallel/process/isa_simd_f64x2.floor,wago,time,ns/op,335.35,337.85,2.5,0.7454897867899213,0.9372294372294372,false,6,100ms,"Throughput time, not one-call latency."
full screen,explicit,BenchmarkWazeroExec/isa_simd_f64x2.convert_low_i32x4_s,wazero,time,ns/op,2442,2444.5,2.5,0.10237510237509628,0.7402597402597403,false,6,100ms,Measured increase; p-values are not adjusted for multiple comparisons.
full screen,explicit,BenchmarkWazeroExec/isa_simd_f64x2.floor,wazero,time,ns/op,2452.5,2455,2.5,0.10193679918450993,0.9372294372294372,false,6,100ms,Measured increase; p-values are not adjusted for multiple comparisons.
full screen,explicit,BenchmarkWazeroExec/isa_simd_i32x4.ne,wazero,time,ns/op,3290,3292.5,2.5,0.07598784194529085,0.6991341991341992,false,6,100ms,Measured increase; p-values are not adjusted for multiple comparisons.
full screen,signals,BenchmarkValidate/tiny,wago,time,ns/op,648.15,650.5999999999999,2.449999999999932,0.37799892000307533,0.6991341991341992,false,6,100ms,Measured increase; p-values are not adjusted for multiple comparisons.
full screen,explicit,BenchmarkExecParallel/process/isa_simd_i64x2.ne,wago,time,ns/op,678.05,680.45,2.400000000000091,0.353956197920513,0.6991341991341992,false,6,100ms,"Throughput time, not one-call latency."
full screen,signals,BenchmarkJsonAsDeserialize_wago,wago,time,ns/op,202.2,204.60000000000002,2.400000000000034,1.1869436201780603,0.512987012987013,false,6,100ms,Measured increase; p-values are not adjusted for multiple comparisons.
full screen,signals,BenchmarkExecParallel/independent/isa_simd_i8x16.min_u,wago,time,ns/op,244.25,246.65,2.4000000000000057,0.9825997952917165,0.006493506493506494,true,6,100ms,"Throughput time, not one-call latency."
full screen,signals,BenchmarkExecParallel/independent/isa_simd_i16x8.min_s,wago,time,ns/op,243.8,246.15,2.3499999999999943,0.9639048400328143,0.33116883116883117,false,6,100ms,"Throughput time, not one-call latency."
full screen,explicit,BenchmarkExecParallel/process/isa_simd_i32x4.gt_u,wago,time,ns/op,693.8,696.1,2.300000000000068,0.3315076390890903,1,false,6,100ms,"Throughput time, not one-call latency."
full screen,signals,BenchmarkExecParallel/independent/isa_simd_i8x16.eq,wago,time,ns/op,243.6,245.89999999999998,2.299999999999983,0.9441707717569692,0.3939393939393939,false,6,100ms,"Throughput time, not one-call latency."
full screen,signals,BenchmarkExecParallel/independent/isa_simd_i32x4.ge_u,wago,time,ns/op,466.35,468.65,2.2999999999999545,0.4931918087273335,0.8484848484848485,false,6,100ms,"Throughput time, not one-call latency."
full screen,explicit,BenchmarkExecParallel/independent/isa_bulk_mem.fill_256,wago,time,ns/op,303.25,305.5,2.25,0.7419620774938185,0.8181818181818182,false,6,100ms,"Throughput time, not one-call latency."
full screen,explicit,BenchmarkExecParallel/process/isa_simd_f64x2.convert_low_i32x4_s,wago,time,ns/op,332.25,334.5,2.25,0.6772009029345272,0.2597402597402597,false,6,100ms,"Throughput time, not one-call latency."
full screen,signals,BenchmarkExecParallel/independent/isa_simd_f64x2.pmin,wago,time,ns/op,456.65,458.85,2.2000000000000455,0.4817694076426182,0.5887445887445888,false,6,100ms,"Throughput time, not one-call latency."
full screen,signals,BenchmarkExecParallel/independent/isa_simd_i32x4.abs,wago,time,ns/op,247.85000000000002,250.05,2.1999999999999886,0.8876336493847115,0.41774891774891776,false,6,100ms,"Throughput time, not one-call latency."
full screen,signals,BenchmarkExecParallel/independent/isa_simd_i16x8.narrow_i32x4_s,wago,time,ns/op,457,459.15,2.1499999999999773,0.47045951859956414,0.24025974025974026,false,6,100ms,"Throughput time, not one-call latency."
full screen,explicit,BenchmarkExecParallel/independent/isa_simd_i8x16.narrow_i16x8_s,wago,time,ns/op,440.15,442.25,2.1000000000000227,0.4771100761104208,0.5887445887445888,false,6,100ms,"Throughput time, not one-call latency."
full screen,explicit,BenchmarkExecParallel/process/isa_simd_i8x16.swizzle,wago,time,ns/op,878.15,880.25,2.1000000000000227,0.23913909924273558,0.6688311688311688,false,6,100ms,"Throughput time, not one-call latency."
full screen,explicit,BenchmarkJsonAsSerialize_wazero,wazero,time,ns/op,148.45,150.55,2.1000000000000227,1.414617716402855,0.24025974025974026,false,6,100ms,Measured increase; p-values are not adjusted for multiple comparisons.
full screen,signals,BenchmarkExecParallel/independent/isa_simd_i32x4.max_s,wago,time,ns/op,243.25,245.35,2.0999999999999943,0.8633093525179936,0.45670995670995673,false,6,100ms,"Throughput time, not one-call latency."
full screen,signals,BenchmarkExecParallel/independent/isa_simd_f64x2.ceil,wago,time,ns/op,347.29999999999995,349.35,2.050000000000068,0.5902677800172951,0.48484848484848486,false,6,100ms,"Throughput time, not one-call latency."
full screen,explicit,BenchmarkExecParallel/process/isa_simd_f32x4.add,wago,time,ns/op,656,658.05,2.0499999999999545,0.31249999999998224,0.08441558441558442,false,6,100ms,"Throughput time, not one-call latency."
full screen,signals,BenchmarkExecLocalGet_wago,wago,time,ns/op,93.185,95.22999999999999,2.0449999999999875,2.194559210173308,0.06493506493506493,false,6,100ms,Measured increase; p-values are not adjusted for multiple comparisons.
full screen,signals,BenchmarkExec/isa_simd_f64x2.abs,wago,time,ns/op,1501.5,1503.5,2,0.1332001332001287,0.6147186147186147,false,6,100ms,Measured increase; p-values are not adjusted for multiple comparisons.
full screen,explicit,BenchmarkExec/isa_simd_i32x4.abs,wago,time,ns/op,1662,1664,2,0.1203369434416457,0.8484848484848485,false,6,100ms,Measured increase; p-values are not adjusted for multiple comparisons.
full screen,signals,BenchmarkExec/isa_simd_i64x2.ne,wago,time,ns/op,5026,5028,2,0.039793076004768224,0.6991341991341992,false,6,100ms,Measured increase; p-values are not adjusted for multiple comparisons.
full screen,explicit,BenchmarkExec/isa_simd_i8x16.neg,wago,time,ns/op,1158.5,1160.5,2,0.17263703064307467,0.8181818181818182,false,6,100ms,Measured increase; p-values are not adjusted for multiple comparisons.
full screen,signals,BenchmarkExecGlobalSet_wago,wago,time,ns/op,91.495,93.495,2,2.1859117984589282,0.06493506493506493,false,6,100ms,Measured increase; p-values are not adjusted for multiple comparisons.
full screen,explicit,BenchmarkExecParallel/independent/isa_f32.mul,wago,time,ns/op,5224.5,5226.5,2,0.03828117523207997,0.8181818181818182,false,6,100ms,"Throughput time, not one-call latency."
full screen,explicit,BenchmarkExecParallel/independent/isa_i32.div_s,wago,time,ns/op,21744,21746,2,0.009197939661520493,0.5584415584415584,false,6,100ms,"Throughput time, not one-call latency."
full screen,signals,BenchmarkExecParallel/independent/isa_i32.sub,wago,time,ns/op,1761,1763,2,0.11357183418512218,0.7316017316017316,false,6,100ms,"Throughput time, not one-call latency."
full screen,explicit,BenchmarkExecParallel/independent/isa_simd_i64x2.lt_s,wago,time,ns/op,440.3,442.3,2,0.4542357483533932,0.29004329004329005,false,6,100ms,"Throughput time, not one-call latency."
full screen,explicit,BenchmarkExecParallel/independent/isa_simd_i64x2.mul,wago,time,ns/op,1596,1598,2,0.12531328320801727,0.8506493506493507,false,6,100ms,"Throughput time, not one-call latency."
full screen,explicit,BenchmarkExecParallel/process/isa_f32.add,wago,time,ns/op,5215.5,5217.5,2,0.03834723420572672,0.8181818181818182,false,6,100ms,"Throughput time, not one-call latency."
full screen,explicit,BenchmarkExecParallel/process/isa_simd_i8x16.add_sat_u,wago,time,ns/op,441.25,443.25,2,0.45325779036826663,0.9047619047619048,false,6,100ms,"Throughput time, not one-call latency."
full screen,signals,BenchmarkInstantiate_wago,wago,time,ns/op,1799,1801,2,0.11117287381878782,0.8181818181818182,false,6,100ms,Measured increase; p-values are not adjusted for multiple comparisons.
full screen,signals,BenchmarkWazeroExec/isa_simd_i16x8.max_u,wazero,time,ns/op,1636.5,1638.5,2,0.12221203788573831,0.8484848484848485,false,6,100ms,Measured increase; p-values are not adjusted for multiple comparisons.
full screen,signals,BenchmarkExecMemoryLoad_wago,wago,time,ns/op,91.13499999999999,93.125,1.990000000000009,2.1835738190596476,0.025974025974025976,true,6,100ms,Measured increase; p-values are not adjusted for multiple comparisons.
full screen,explicit,BenchmarkExec/isa_simd_i32x4.shr_u,wago,time,ns/op,887.4,889.35,1.9500000000000455,0.21974306964165358,0.6991341991341992,false,6,100ms,Measured increase; p-values are not adjusted for multiple comparisons.
full screen,explicit,BenchmarkExecParallel/process/isa_simd_i16x8.gt_s,wago,time,ns/op,225.64999999999998,227.6,1.950000000000017,0.864170175049872,0.48484848484848486,false,6,100ms,"Throughput time, not one-call latency."
full screen,explicit,BenchmarkExecParallel/process/isa_simd_i16x8.extend_low_s,wago,time,ns/op,291.25,293.15,1.8999999999999773,0.652360515021444,1,false,6,100ms,"Throughput time, not one-call latency."
full screen,explicit,BenchmarkJsonAsDeserialize_wazero,wazero,time,ns/op,298.9,300.79999999999995,1.8999999999999773,0.635664101706257,0.6991341991341992,false,6,100ms,Measured increase; p-values are not adjusted for multiple comparisons.
full screen,explicit,BenchmarkExecParallel/independent/isa_simd_f32x4.eq,wago,time,ns/op,440.15,442,1.8500000000000227,0.42031125752584053,0.2597402597402597,false,6,100ms,"Throughput time, not one-call latency."
full screen,explicit,BenchmarkExecParallel/independent/isa_ctl.loop_baseline,wago,time,ns/op,879.45,881.3,1.849999999999909,0.21035874694410595,0.7316017316017316,false,6,100ms,"Throughput time, not one-call latency."
full screen,explicit,BenchmarkExecParallel/independent/isa_simd_i16x8.min_u,wago,time,ns/op,227,228.8,1.8000000000000114,0.7929515418502175,0.5086580086580087,false,6,100ms,"Throughput time, not one-call latency."
full screen,explicit,BenchmarkExecParallel/process/isa_simd_f32x4.demote_f64x2_zero,wago,time,ns/op,332.05,333.75,1.6999999999999886,0.5119710886914541,0.5086580086580087,false,6,100ms,"Throughput time, not one-call latency."
full screen,signals,BenchmarkExecParallel/independent/isa_simd_f32x4.floor,wago,time,ns/op,351.6,353.29999999999995,1.6999999999999318,0.483503981797484,0.5887445887445888,false,6,100ms,"Throughput time, not one-call latency."
full screen,signals,BenchmarkExecParallel/independent/isa_simd_f32x4.ne,wago,time,ns/op,455.95,457.6,1.650000000000034,0.361881785283491,0.4155844155844156,false,6,100ms,"Throughput time, not one-call latency."
full screen,signals,BenchmarkExecParallel/independent/isa_simd_i8x16.neg,wago,time,ns/op,201.89999999999998,203.55,1.650000000000034,0.8172362555720847,0.9372294372294372,false,6,100ms,"Throughput time, not one-call latency."
full screen,signals,BenchmarkExecParallel/independent/isa_simd_f32x4.sub,wago,time,ns/op,668.4,670.05,1.6499999999999773,0.24685816876122146,0.24025974025974026,false,6,100ms,"Throughput time, not one-call latency."
full screen,explicit,BenchmarkExecParallel/independent/isa_simd_i32x4.extadd_pairwise_s,wago,time,ns/op,356.35,358,1.6499999999999773,0.46302792198680276,0.9372294372294372,false,6,100ms,"Throughput time, not one-call latency."
full screen,signals,BenchmarkExecParallel/independent/isa_simd_i32x4.eq,wago,time,ns/op,244.95,246.55,1.6000000000000227,0.6531945294958152,0.19264069264069264,false,6,100ms,"Throughput time, not one-call latency."
full screen,signals,BenchmarkExecParallel/independent/isa_var.global_getset,wago,time,ns/op,893.5999999999999,895.15,1.5500000000000682,0.17345568487019403,0.6991341991341992,false,6,100ms,"Throughput time, not one-call latency."
full screen,explicit,BenchmarkExecParallel/independent/isa_simd_i32x4.shr_s,wago,time,ns/op,143.3,144.85,1.549999999999983,1.0816468946266422,0.7380952380952381,false,6,100ms,"Throughput time, not one-call latency."
full screen,signals,BenchmarkExecParallel/independent/isa_simd_i32x4.shr_u,wago,time,ns/op,162.3,163.85,1.549999999999983,0.9550215650030669,0.6991341991341992,false,6,100ms,"Throughput time, not one-call latency."
full screen,signals,BenchmarkExec/isa_simd_i32x4.shr_u,wago,time,ns/op,931.2,932.75,1.5499999999999545,0.16645189003436922,0.512987012987013,false,6,100ms,Measured increase; p-values are not adjusted for multiple comparisons.
full screen,explicit,BenchmarkExec/isa_f64.trunc,wago,time,ns/op,38943,38944.5,1.5,0.0038517833756968045,0.9004329004329005,false,6,100ms,Measured increase; p-values are not adjusted for multiple comparisons.
full screen,explicit,BenchmarkExec/isa_simd_f64x2.ge,wago,time,ns/op,3284.5,3286,1.5,0.045669051606034294,0.9372294372294372,false,6,100ms,Measured increase; p-values are not adjusted for multiple comparisons.
full screen,signals,BenchmarkExec/isa_simd_i16x8.sub,wago,time,ns/op,1706.5,1708,1.5,0.08789920890712732,0.8463203463203464,false,6,100ms,Measured increase; p-values are not adjusted for multiple comparisons.
full screen,explicit,BenchmarkExec/isa_simd_i8x16.narrow_i16x8_s,wago,time,ns/op,3270.5,3272,1.5,0.04586454670538753,0.6991341991341992,false,6,100ms,Measured increase; p-values are not adjusted for multiple comparisons.
full screen,explicit,BenchmarkExecParallel/independent/isa_i32.shr_u,wago,time,ns/op,1977,1978.5,1.5,0.07587253414265138,0.7294372294372294,false,6,100ms,"Throughput time, not one-call latency."
full screen,explicit,BenchmarkExecParallel/independent/isa_i64.and,wago,time,ns/op,1746,1747.5,1.5,0.0859106529209619,0.4199134199134199,false,6,100ms,"Throughput time, not one-call latency."
full screen,signals,BenchmarkExecParallel/independent/isa_i64.or,wago,time,ns/op,1758.5,1760,1.5,0.0852999715666769,0.5151515151515151,false,6,100ms,"Throughput time, not one-call latency."
full screen,signals,BenchmarkExecParallel/independent/isa_simd_i16x8.add_sat_u,wago,time,ns/op,456.8,458.3,1.5,0.32837127845883884,0.974025974025974,false,6,100ms,"Throughput time, not one-call latency."
full screen,explicit,BenchmarkExecParallel/process/isa_i64.add,wago,time,ns/op,1753,1754.5,1.5,0.08556759840274708,0.38961038961038963,false,6,100ms,"Throughput time, not one-call latency."
full screen,explicit,BenchmarkExecParallel/process/isa_simd_f32x4.nearest,wago,time,ns/op,334.85,336.35,1.5,0.447961773928629,0.4155844155844156,false,6,100ms,"Throughput time, not one-call latency."
full screen,explicit,BenchmarkExecParallel/process/isa_simd_i32x4.min_s,wago,time,ns/op,223.75,225.25,1.5,0.6703910614525244,0.41774891774891776,false,6,100ms,"Throughput time, not one-call latency."
full screen,explicit,BenchmarkWazeroExec/isa_simd_f32x4.abs,wazero,time,ns/op,1307,1308.5,1.5,0.11476664116296664,0.8593073593073594,false,6,100ms,Measured increase; p-values are not adjusted for multiple comparisons.
full screen,signals,BenchmarkWazeroExec/isa_simd_f32x4.neg,wazero,time,ns/op,1793.5,1795,1.5,0.08363534987454457,0.5627705627705628,false,6,100ms,Measured increase; p-values are not adjusted for multiple comparisons.
full screen,signals,BenchmarkWazeroExec/isa_simd_f32x4.pmin,wazero,time,ns/op,3715,3716.5,1.5,0.040376850605650105,0.9372294372294372,false,6,100ms,Measured increase; p-values are not adjusted for multiple comparisons.
full screen,signals,BenchmarkWazeroExec/isa_simd_i16x8.extadd_pairwise_u,wazero,time,ns/op,2464,2465.5,1.5,0.06087662337661559,1,false,6,100ms,Measured increase; p-values are not adjusted for multiple comparisons.
full screen,signals,BenchmarkWazeroExec/isa_simd_i32x4.lt_u,wazero,time,ns/op,5337,5338.5,1.5,0.028105677346834668,0.8181818181818182,false,6,100ms,Measured increase; p-values are not adjusted for multiple comparisons.
full screen,signals,BenchmarkWazeroExec/isa_simd_i64x2.le_s,wazero,time,ns/op,4921,4922.5,1.5,0.030481609428978373,0.8181818181818182,false,6,100ms,Measured increase; p-values are not adjusted for multiple comparisons.
full screen,explicit,BenchmarkWazeroExec/isa_simd_i64x2.lt_s,wazero,time,ns/op,3711,3712.5,1.5,0.04042037186742231,0.9069264069264069,false,6,100ms,Measured increase; p-values are not adjusted for multiple comparisons.
full screen,explicit,BenchmarkWazeroExec/isa_simd_i64x2.ne,wazero,time,ns/op,4915,4916.5,1.5,0.03051881993896277,0.6666666666666666,false,6,100ms,Measured increase; p-values are not adjusted for multiple comparisons.
full screen,signals,BenchmarkWazeroExec/isa_simd_i64x2.neg,wazero,time,ns/op,1287,1288.5,1.5,0.11655011655011815,1,false,6,100ms,Measured increase; p-values are not adjusted for multiple comparisons.
full screen,explicit,BenchmarkWazeroExec/isa_simd_i8x16.lt_s,wazero,time,ns/op,2093.5,2095,1.5,0.07165034631000378,0.512987012987013,false,6,100ms,Measured increase; p-values are not adjusted for multiple comparisons.
full screen,signals,BenchmarkWazeroExec/isa_simd_reduce.i32x4_bitmask,wazero,time,ns/op,1327.5,1329,1.5,0.1129943502824915,0.329004329004329,false,6,100ms,Measured increase; p-values are not adjusted for multiple comparisons.
full screen,signals,BenchmarkWazeroExec/xjb-mulhi.runN,wazero,time,ns/op,2178,2179.5,1.5,0.06887052341597588,0.9047619047619048,false,6,100ms,Measured increase; p-values are not adjusted for multiple comparisons.
full screen,explicit,BenchmarkExecParallel/process/isa_simd_i64x2.extmul_high_s,wago,time,ns/op,882.8,884.25,1.4500000000000455,0.1642501132759433,0.9372294372294372,false,6,100ms,"Throughput time, not one-call latency."
full screen,signals,BenchmarkExecParallel/independent/isa_simd_f64x2.gt,wago,time,ns/op,454.5,455.95,1.4499999999999886,0.3190319031903144,0.33116883116883117,false,6,100ms,"Throughput time, not one-call latency."
full screen,signals,BenchmarkExecParallel/independent/isa_simd_i16x8.eq,wago,time,ns/op,245.10000000000002,246.55,1.4499999999999886,0.5915952672378655,0.8181818181818182,false,6,100ms,"Throughput time, not one-call latency."
full screen,explicit,BenchmarkExecParallel/process/isa_simd_i64x2.gt_s,wago,time,ns/op,441.35,442.8,1.4499999999999886,0.32853744193950263,0.025974025974025976,true,6,100ms,"Throughput time, not one-call latency."
full screen,signals,BenchmarkExecParallel/independent/isa_simd_i8x16.narrow_i16x8_s,wago,time,ns/op,455.65,457.05,1.400000000000034,0.3072533743004646,0.14502164502164502,false,6,100ms,"Throughput time, not one-call latency."
full screen,signals,BenchmarkExecParallel/independent/isa_simd_i16x8.extadd_pairwise_s,wago,time,ns/op,380.25,381.65,1.3999999999999773,0.36817882971729166,0.9372294372294372,false,6,100ms,"Throughput time, not one-call latency."
full screen,signals,BenchmarkExecParallel/independent/isa_simd_i64x2.gt_s,wago,time,ns/op,456.9,458.25,1.3500000000000227,0.2954694681549519,0.512987012987013,false,6,100ms,"Throughput time, not one-call latency."
full screen,explicit,BenchmarkExecParallel/independent/isa_simd_i8x16.eq,wago,time,ns/op,226.2,227.55,1.3500000000000227,0.5968169761273234,0.7857142857142857,false,6,100ms,"Throughput time, not one-call latency."
full screen,signals,BenchmarkExecParallel/independent/isa_simd_i8x16.lt_u,wago,time,ns/op,703.35,704.7,1.3500000000000227,0.19193857965451588,0.6991341991341992,false,6,100ms,"Throughput time, not one-call latency."
full screen,explicit,BenchmarkExecParallel/independent/isa_simd_i16x8.extmul_low_u,wago,time,ns/op,881.45,882.8,1.349999999999909,0.15315673038742705,0.9372294372294372,false,6,100ms,"Throughput time, not one-call latency."
full screen,explicit,BenchmarkWazeroExec/branches.classify,wazero,time,ns/op,22.685,24.03,1.3450000000000024,5.92902799206525,0.0021645021645021645,true,6,100ms,Measured increase; p-values are not adjusted for multiple comparisons.
full screen,explicit,BenchmarkExecParallel/independent/isa_simd_i16x8.sub,wago,time,ns/op,228.2,229.5,1.3000000000000114,0.5696757230499561,0.7857142857142857,false,6,100ms,"Throughput time, not one-call latency."
full screen,signals,BenchmarkExecParallel/independent/isa_simd_i8x16.sub,wago,time,ns/op,243.45,244.75,1.3000000000000114,0.53399055247485,0.17965367965367965,false,6,100ms,"Throughput time, not one-call latency."
full screen,explicit,BenchmarkExecParallel/independent/isa_simd_v128.andnot,wago,time,ns/op,226.05,227.35000000000002,1.3000000000000114,0.5750940057509535,0.8181818181818182,false,6,100ms,"Throughput time, not one-call latency."
full screen,signals,BenchmarkExecParallel/independent/isa_simd_f32x4.eq,wago,time,ns/op,455.70000000000005,457,1.2999999999999545,0.285275400482754,0.3939393939393939,false,6,100ms,"Throughput time, not one-call latency."
full screen,explicit,BenchmarkWazeroExec/fib_iter.fib,wazero,time,ns/op,30.925,32.215,1.2900000000000027,4.17138237671788,0.004329004329004329,true,6,100ms,Measured increase; p-values are not adjusted for multiple comparisons.
full screen,signals,BenchmarkExecParallel/independent/isa_simd_f32x4.demote_f64x2_zero,wago,time,ns/op,348.75,350,1.25,0.35842293906809264,0.45670995670995673,false,6,100ms,"Throughput time, not one-call latency."
full screen,signals,BenchmarkExecParallel/independent/isa_simd_f32x4.gt,wago,time,ns/op,455.75,457,1.25,0.27427317608337276,0.6255411255411255,false,6,100ms,"Throughput time, not one-call latency."
full screen,explicit,BenchmarkExecParallel/independent/isa_simd_reduce.i32x4_bitmask,wago,time,ns/op,195.1,196.35,1.25,0.6406970784213151,0.9653679653679653,false,6,100ms,"Throughput time, not one-call latency."
full screen,signals,BenchmarkExecParallel/independent/isa_simd_i16x8.extmul_high_u,wago,time,ns/op,894.5,895.7,1.2000000000000455,0.13415315818894324,0.5064935064935064,false,6,100ms,"Throughput time, not one-call latency."
full screen,explicit,BenchmarkExecParallel/process/isa_simd_i16x8.eq,wago,time,ns/op,230.64999999999998,231.85,1.200000000000017,0.5202688055495397,0.48484848484848486,false,6,100ms,"Throughput time, not one-call latency."
full screen,signals,BenchmarkExecParallel/independent/isa_simd_f64x2.ne,wago,time,ns/op,456.45,457.65,1.1999999999999886,0.26289845547156077,0.5887445887445888,false,6,100ms,"Throughput time, not one-call latency."
full screen,explicit,BenchmarkExecParallel/process/isa_simd_f32x4.floor,wago,time,ns/op,331.95,333.15,1.1999999999999886,0.36150022593763875,0.5822510822510822,false,6,100ms,"Throughput time, not one-call latency."
full screen,signals,BenchmarkExecParallel/independent/isa_simd_f64x2.lt,wago,time,ns/op,456,457.15,1.1499999999999773,0.2521929824561342,0.5887445887445888,false,6,100ms,"Throughput time, not one-call latency."
full screen,explicit,BenchmarkWazeroExec/swar-pack-parse.pack,wazero,time,ns/op,23.29,24.415,1.125,4.830399313009881,0.0021645021645021645,true,6,100ms,Measured increase; p-values are not adjusted for multiple comparisons.
full screen,explicit,BenchmarkExecParallel/independent/isa_simd_f64x2.nearest,wago,time,ns/op,333,334.1,1.1000000000000227,0.33033033033034176,0.696969696969697,false,6,100ms,"Throughput time, not one-call latency."
full screen,explicit,BenchmarkExecParallel/independent/isa_simd_i16x8.gt_s,wago,time,ns/op,226.2,227.3,1.1000000000000227,0.48629531388153513,0.6666666666666666,false,6,100ms,"Throughput time, not one-call latency."
full screen,signals,BenchmarkExec/dispatch.apply,wago,time,ns/op,79.695,80.755,1.0600000000000023,1.3300708952882934,0.6212121212121212,false,6,100ms,Measured increase; p-values are not adjusted for multiple comparisons.
full screen,explicit,BenchmarkExecParallel/independent/isa_simd_i8x16.max_u,wago,time,ns/op,225.8,226.85,1.049999999999983,0.4650132860938738,0.7813852813852814,false,6,100ms,"Throughput time, not one-call latency."
full screen,explicit,BenchmarkWazeroExec/isa_bulk_mem.copy_fwd_64,wazero,time,ns/op,729,730.05,1.0499999999999545,0.14403292181068839,0.9372294372294372,false,6,100ms,Measured increase; p-values are not adjusted for multiple comparisons.
full screen,signals,BenchmarkExec/isa_i32.sub,wago,time,ns/op,13073,13074,1,0.007649353629624045,0.6991341991341992,false,6,100ms,Measured increase; p-values are not adjusted for multiple comparisons.
full screen,explicit,BenchmarkExec/isa_simd_f32x4.abs,wago,time,ns/op,1449,1450,1,0.06901311249136732,0.8528138528138528,false,6,100ms,Measured increase; p-values are not adjusted for multiple comparisons.
full screen,explicit,BenchmarkExec/isa_simd_i16x8.neg,wago,time,ns/op,1153,1154,1,0.08673026886383273,0.7272727272727273,false,6,100ms,Measured increase; p-values are not adjusted for multiple comparisons.
full screen,explicit,BenchmarkExec/isa_simd_i32x4.mul,wago,time,ns/op,4899,4900,1,0.02041232904674839,0.9372294372294372,false,6,100ms,Measured increase; p-values are not adjusted for multiple comparisons.
full screen,explicit,BenchmarkExec/isa_simd_i8x16.abs,wago,time,ns/op,1651.5,1652.5,1,0.06055101422948184,0.9047619047619048,false,6,100ms,Measured increase; p-values are not adjusted for multiple comparisons.
full screen,explicit,BenchmarkExec/isa_simd_i8x16.add_sat_s,wago,time,ns/op,3268.5,3269.5,1,0.03059507419305163,0.8181818181818182,false,6,100ms,Measured increase; p-values are not adjusted for multiple comparisons.
full screen,explicit,BenchmarkExec/isa_simd_reduce.i16x8_bitmask,wago,time,ns/op,1332,1333,1,0.07507507507507061,0.6147186147186147,false,6,100ms,Measured increase; p-values are not adjusted for multiple comparisons.
full screen,explicit,BenchmarkExec/isa_simd_reduce.i64x2_bitmask,wago,time,ns/op,1317.5,1318.5,1,0.07590132827324236,0.9004329004329005,false,6,100ms,Measured increase; p-values are not adjusted for multiple comparisons.
full screen,explicit,BenchmarkExecCommuteSelfUpdate/xjb-mulhi.runN/on,wago,time,ns/op,1981.5,1982.5,1,0.050466818067129715,1,false,6,100ms,Measured increase; p-values are not adjusted for multiple comparisons.
full screen,signals,BenchmarkExecParallel/independent/isa_simd_i32x4.trunc_sat_f32x4_s,wago,time,ns/op,1129,1130,1,0.08857395925598865,1,false,6,100ms,"Throughput time, not one-call latency."
full screen,signals,BenchmarkExecParallel/process/isa_simd_i16x8.max_s,wago,time,ns/op,1988,1989,1,0.05030181086518315,0.5887445887445888,false,6,100ms,"Throughput time, not one-call latency."
full screen,explicit,BenchmarkWazeroExec/isa_simd_i16x8.add,wazero,time,ns/op,1635,1636,1,0.06116207951070152,1,false,6,100ms,Measured increase; p-values are not adjusted for multiple comparisons.
full screen,signals,BenchmarkWazeroExec/isa_simd_i16x8.ne,wazero,time,ns/op,3264.5,3265.5,1,0.030632562413845932,1,false,6,100ms,Measured increase; p-values are not adjusted for multiple comparisons.
full screen,explicit,BenchmarkWazeroExec/isa_simd_i16x8.sub,wazero,time,ns/op,1633.5,1634.5,1,0.06121824303642054,0.6796536796536796,false,6,100ms,Measured increase; p-values are not adjusted for multiple comparisons.
full screen,signals,BenchmarkWazeroExec/isa_simd_i32x4.gt_s,wazero,time,ns/op,1635.5,1636.5,1,0.061143381228978555,0.6861471861471862,false,6,100ms,Measured increase; p-values are not adjusted for multiple comparisons.
full screen,explicit,BenchmarkWazeroExec/isa_simd_i32x4.min_s,wazero,time,ns/op,1639.5,1640.5,1,0.06099420555047974,0.8484848484848485,false,6,100ms,Measured increase; p-values are not adjusted for multiple comparisons.
full screen,explicit,BenchmarkWazeroExec/isa_simd_i32x4.sub,wazero,time,ns/op,1639,1640,1,0.06101281269066394,0.7207792207792207,false,6,100ms,Measured increase; p-values are not adjusted for multiple comparisons.
full screen,signals,BenchmarkWazeroExec/isa_simd_i64x2.eq,wazero,time,ns/op,3259.5,3260.5,1,0.030679552078538563,0.9199134199134199,false,6,100ms,Measured increase; p-values are not adjusted for multiple comparisons.
full screen,signals,BenchmarkJsonAsSerialize_wazero,wazero,time,ns/op,150.95,151.9,0.950000000000017,0.6293474660483689,0.5887445887445888,false,6,100ms,Measured increase; p-values are not adjusted for multiple comparisons.
full screen,signals,BenchmarkExecParallel/independent/isa_simd_i16x8.extend_high_u,wago,time,ns/op,206.7,207.64999999999998,0.9499999999999886,0.4596032897919544,0.8181818181818182,false,6,100ms,"Throughput time, not one-call latency."
full screen,explicit,BenchmarkExecParallel/independent/isa_simd_i16x8.sub_sat_s,wago,time,ns/op,439.05,440,0.9499999999999886,0.21637626693997714,1,false,6,100ms,"Throughput time, not one-call latency."
full screen,explicit,BenchmarkExecParallel/process/isa_simd_i16x8.extadd_pairwise_s,wago,time,ns/op,368.6,369.55,0.9499999999999886,0.2577319587628857,1,false,6,100ms,"Throughput time, not one-call latency."
full screen,explicit,BenchmarkExecParallel/process/isa_simd_i8x16.ge_s,wago,time,ns/op,463,463.95,0.9499999999999886,0.20518358531316228,0.7835497835497836,false,6,100ms,"Throughput time, not one-call latency."
full screen,explicit,BenchmarkWazeroExec/dispatch.apply,wazero,time,ns/op,25.63,26.535,0.9050000000000011,3.5310183378852944,0.025974025974025976,true,6,100ms,Measured increase; p-values are not adjusted for multiple comparisons.
full screen,explicit,BenchmarkExecParallel/process/isa_simd_i8x16.avgr_u,wago,time,ns/op,439.95,440.85,0.9000000000000341,0.2045687009887498,0.25757575757575757,false,6,100ms,"Throughput time, not one-call latency."
full screen,explicit,BenchmarkExecParallel/independent/isa_simd_i16x8.eq,wago,time,ns/op,229.65,230.55,0.9000000000000057,0.39190071848465013,0.6688311688311688,false,6,100ms,"Throughput time, not one-call latency."
full screen,signals,BenchmarkExecParallel/independent/isa_simd_i32x4.max_u,wago,time,ns/op,245.4,246.3,0.9000000000000057,0.3667481662591676,0.974025974025974,false,6,100ms,"Throughput time, not one-call latency."
full screen,explicit,BenchmarkExecParallel/independent/isa_simd_f32x4.add,wago,time,ns/op,656.75,657.65,0.8999999999999773,0.13703844689760825,0.6991341991341992,false,6,100ms,"Throughput time, not one-call latency."
full screen,explicit,BenchmarkExecParallel/independent/isa_simd_f64x2.promote_low_f32x4,wago,time,ns/op,331.75,332.65,0.8999999999999773,0.2712886209494947,0.9004329004329005,false,6,100ms,"Throughput time, not one-call latency."
full screen,signals,BenchmarkExecParallel/independent/isa_simd_i16x8.sub_sat_u,wago,time,ns/op,455.1,456,0.8999999999999773,0.19775873434408897,0.22510822510822512,false,6,100ms,"Throughput time, not one-call latency."
full screen,explicit,BenchmarkExecParallel/process/isa_simd_i32x4.ne,wago,time,ns/op,466.1,466.95000000000005,0.8500000000000227,0.18236429950655442,1,false,6,100ms,"Throughput time, not one-call latency."
full screen,explicit,BenchmarkExecParallel/process/isa_simd_i32x4.shr_u,wago,time,ns/op,140.7,141.55,0.8500000000000227,0.6041222459133078,1,false,6,100ms,"Throughput time, not one-call latency."
full screen,signals,BenchmarkExecParallel/independent/isa_simd_f64x2.floor,wago,time,ns/op,350.55,351.4,0.8499999999999659,0.2424761089716121,0.6991341991341992,false,6,100ms,"Throughput time, not one-call latency."
full screen,signals,BenchmarkExecParallel/independent/isa_simd_f32x4.add,wago,time,ns/op,670.3,671.1,0.8000000000000682,0.11934954497987427,0.2987012987012987,false,6,100ms,"Throughput time, not one-call latency."
full screen,signals,BenchmarkExecParallel/independent/isa_simd_i64x2.extmul_low_s,wago,time,ns/op,895.9,896.7,0.8000000000000682,0.08929568032147728,0.8528138528138528,false,6,100ms,"Throughput time, not one-call latency."
full screen,signals,BenchmarkExecParallel/independent/isa_simd_i8x16.sub_sat_u,wago,time,ns/op,457.54999999999995,458.35,0.8000000000000682,0.17484427931375723,0.8528138528138528,false,6,100ms,"Throughput time, not one-call latency."
full screen,explicit,BenchmarkExecParallel/independent/isa_simd_i8x16.gt_s,wago,time,ns/op,225.45,226.25,0.8000000000000114,0.35484586382790173,0.2597402597402597,false,6,100ms,"Throughput time, not one-call latency."
full screen,explicit,BenchmarkExecParallel/process/isa_simd_f64x2.ge,wago,time,ns/op,439.55,440.35,0.8000000000000114,0.18200432260266908,0.9004329004329005,false,6,100ms,"Throughput time, not one-call latency."
full screen,signals,BenchmarkExecParallel/independent/isa_simd_i32x4.gt_s,wago,time,ns/op,243.65,244.45,0.799999999999983,0.32833983172582126,0.19264069264069264,false,6,100ms,"Throughput time, not one-call latency."
full screen,signals,BenchmarkExecParallel/independent/isa_simd_i32x4.shl,wago,time,ns/op,160.60000000000002,161.4,0.799999999999983,0.49813200498129984,0.9372294372294372,false,6,100ms,"Throughput time, not one-call latency."
full screen,explicit,BenchmarkExecHostRoundtrip_wazero,wazero,time,ns/op,373,373.79999999999995,0.7999999999999545,0.2144772117962379,0.9372294372294372,false,6,100ms,Measured increase; p-values are not adjusted for multiple comparisons.
full screen,explicit,BenchmarkExecParallel/independent/isa_simd_f32x4.ge,wago,time,ns/op,440.45,441.2,0.75,0.17028039505051495,0.48484848484848486,false,6,100ms,"Throughput time, not one-call latency."
full screen,signals,BenchmarkExecParallel/independent/isa_simd_f32x4.ge,wago,time,ns/op,456.35,457.1,0.75,0.16434754026515286,0.5887445887445888,false,6,100ms,"Throughput time, not one-call latency."
full screen,explicit,BenchmarkExecParallel/independent/isa_simd_i16x8.min_s,wago,time,ns/op,225.39999999999998,226.14999999999998,0.75,0.33274179236912893,0.8528138528138528,false,6,100ms,"Throughput time, not one-call latency."
full screen,explicit,BenchmarkWazeroExec/many_funcs.run,wazero,time,ns/op,26.09,26.84,0.75,2.8746646224607098,0.06493506493506493,false,6,100ms,Measured increase; p-values are not adjusted for multiple comparisons.
full screen,signals,BenchmarkExec/isa_simd_i32x4.shr_s,wago,time,ns/op,952.7,953.4,0.6999999999999318,0.07347538574575818,0.8181818181818182,false,6,100ms,Measured increase; p-values are not adjusted for multiple comparisons.
full screen,explicit,BenchmarkExecParallel/process/isa_simd_i32x4.dot,wago,time,ns/op,656.4000000000001,657.1,0.6999999999999318,0.10664229128578562,0.5887445887445888,false,6,100ms,"Throughput time, not one-call latency."
full screen,explicit,BenchmarkExecParallel/independent/isa_simd_f32x4.mul,wago,time,ns/op,656.8,657.45,0.650000000000091,0.09896467722292357,0.33116883116883117,false,6,100ms,"Throughput time, not one-call latency."
full screen,explicit,BenchmarkValidate/tiny,wago,time,ns/op,653.5999999999999,654.25,0.650000000000091,0.09944920440638771,1,false,6,100ms,Measured increase; p-values are not adjusted for multiple comparisons.
full screen,explicit,BenchmarkExecParallel/process/isa_simd_f64x2.pmax,wago,time,ns/op,440.25,440.9,0.6499999999999773,0.1476433844406433,0.9004329004329005,false,6,100ms,"Throughput time, not one-call latency."
full screen,explicit,BenchmarkWazeroExec/swar-pack-parse.parse4,wazero,time,ns/op,23.41,24.05,0.6400000000000006,2.733874412644166,0.0367965367965368,true,6,100ms,Measured increase; p-values are not adjusted for multiple comparisons.
full screen,explicit,BenchmarkExecParallel/independent/isa_simd_i8x16.sub,wago,time,ns/op,225.5,226.1,0.5999999999999943,0.2660753880266098,1,false,6,100ms,"Throughput time, not one-call latency."
full screen,explicit,BenchmarkExecGlobalSet_wago,wago,time,ns/op,72.02,72.58500000000001,0.5650000000000119,0.7845043043599231,0.12121212121212122,false,6,100ms,Measured increase; p-values are not adjusted for multiple comparisons.
full screen,signals,BenchmarkExecParallel/independent/isa_simd_f32x4.pmin,wago,time,ns/op,456,456.55,0.5500000000000114,0.12061403508771829,0.6688311688311688,false,6,100ms,"Throughput time, not one-call latency."
full screen,explicit,BenchmarkExec/isa_i64.rotl,wago,time,ns/op,13180.5,13181,0.5,0.0037934827965546702,0.9372294372294372,false,6,100ms,Measured increase; p-values are not adjusted for multiple comparisons.
full screen,explicit,BenchmarkExec/isa_simd_f32x4.min,wago,time,ns/op,9776.5,9777,0.5,0.005114304710285289,0.8181818181818182,false,6,100ms,Measured increase; p-values are not adjusted for multiple comparisons.
full screen,signals,BenchmarkExec/isa_simd_i16x8.abs,wago,time,ns/op,1703,1703.5,0.5,0.029359953024066243,0.8484848484848485,false,6,100ms,Measured increase; p-values are not adjusted for multiple comparisons.
full screen,explicit,BenchmarkExec/isa_simd_i16x8.extend_low_u,wago,time,ns/op,1159.5,1160,0.5,0.04312203536007697,0.7294372294372294,false,6,100ms,Measured increase; p-values are not adjusted for multiple comparisons.
full screen,signals,BenchmarkExec/isa_simd_i32x4.neg,wago,time,ns/op,1207.5,1208,0.5,0.041407867494824835,0.8528138528138528,false,6,100ms,Measured increase; p-values are not adjusted for multiple comparisons.
full screen,signals,BenchmarkExec/isa_simd_i8x16.abs,wago,time,ns/op,1703,1703.5,0.5,0.029359953024066243,1,false,6,100ms,Measured increase; p-values are not adjusted for multiple comparisons.
full screen,explicit,BenchmarkExec/isa_simd_i8x16.shr_s,wago,time,ns/op,3408.5,3409,0.5,0.014669209329620791,1,false,6,100ms,Measured increase; p-values are not adjusted for multiple comparisons.
full screen,explicit,BenchmarkExec/isa_simd_reduce.i8x16_bitmask,wago,time,ns/op,1358.5,1359,0.5,0.03680529996319404,0.9155844155844156,false,6,100ms,Measured increase; p-values are not adjusted for multiple comparisons.
full screen,signals,BenchmarkExec/isa_simd_v128.and,wago,time,ns/op,1700.5,1701,0.5,0.02940311673036433,0.5627705627705628,false,6,100ms,Measured increase; p-values are not adjusted for multiple comparisons.
full screen,explicit,BenchmarkExec/memory.sum,wago,time,ns/op,237.3,237.8,0.5,0.21070375052676393,0.7835497835497836,false,6,100ms,Measured increase; p-values are not adjusted for multiple comparisons.
full screen,explicit,BenchmarkExecParallel/independent/isa_i64.shl,wago,time,ns/op,2005,2005.5,0.5,0.024937655860357566,0.8181818181818182,false,6,100ms,"Throughput time, not one-call latency."
full screen,signals,BenchmarkExecParallel/independent/isa_i64.xor,wago,time,ns/op,1759.5,1760,0.5,0.028417163967042747,0.6190476190476191,false,6,100ms,"Throughput time, not one-call latency."
full screen,explicit,BenchmarkExecParallel/independent/isa_simd_i64x2.eq,wago,time,ns/op,440.75,441.25,0.5,0.11344299489506326,0.8528138528138528,false,6,100ms,"Throughput time, not one-call latency."
full screen,signals,BenchmarkExecParallel/independent/isa_simd_i64x2.lt_s,wago,time,ns/op,459.25,459.75,0.5,0.10887316276537717,0.8181818181818182,false,6,100ms,"Throughput time, not one-call latency."
full screen,signals,BenchmarkExecParallel/process/isa_simd_i16x8.extmul_low_u,wago,time,ns/op,7790.5,7791,0.5,0.006418073294400806,0.9372294372294372,false,6,100ms,"Throughput time, not one-call latency."
full screen,signals,BenchmarkExecParallel/process/isa_simd_i16x8.neg,wago,time,ns/op,1453,1453.5,0.5,0.034411562284919484,0.974025974025974,false,6,100ms,"Throughput time, not one-call latency."
full screen,explicit,BenchmarkInstantiate/mandelbrot,wago,time,ns/op,1394.5,1395,0.5,0.0358551452133371,0.9090909090909091,false,6,100ms,Measured increase; p-values are not adjusted for multiple comparisons.
full screen,signals,BenchmarkWazeroExec/isa_simd_i32x4.eq,wazero,time,ns/op,1638,1638.5,0.5,0.030525030525030417,0.6991341991341992,false,6,100ms,Measured increase; p-values are not adjusted for multiple comparisons.
full screen,signals,BenchmarkWazeroExec/isa_simd_i32x4.max_u,wazero,time,ns/op,1638.5,1639,0.5,0.030515715593537607,0.854978354978355,false,6,100ms,Measured increase; p-values are not adjusted for multiple comparisons.
full screen,signals,BenchmarkWazeroExec/isa_simd_i64x2.add,wazero,time,ns/op,1635.5,1636,0.5,0.030571690614489277,0.7857142857142857,false,6,100ms,Measured increase; p-values are not adjusted for multiple comparisons.
full screen,explicit,BenchmarkWazeroExec/isa_simd_i8x16.ge_u,wazero,time,ns/op,3257,3257.5,0.5,0.01535155050660375,0.7922077922077922,false,6,100ms,Measured increase; p-values are not adjusted for multiple comparisons.
full screen,signals,BenchmarkWazeroExec/isa_simd_i8x16.sub,wazero,time,ns/op,1635,1635.5,0.5,0.03058103975535076,1,false,6,100ms,Measured increase; p-values are not adjusted for multiple comparisons.
full screen,explicit,BenchmarkWazeroInstantiate/dispatch,wazero,time,ns/op,7906.5,7907,0.5,0.00632391070638505,0.9372294372294372,false,6,100ms,Measured increase; p-values are not adjusted for multiple comparisons.
full screen,explicit,BenchmarkExecParallel/process/isa_simd_f64x2.eq,wago,time,ns/op,440.3,440.79999999999995,0.49999999999994316,0.11355893708833165,0.9372294372294372,false,6,100ms,"Throughput time, not one-call latency."
full screen,signals,BenchmarkExecParallel/independent/isa_simd_f64x2.convert_low_i32x4_s,wago,time,ns/op,347.65,348.1,0.4500000000000455,0.12944052926795457,0.9372294372294372,false,6,100ms,"Throughput time, not one-call latency."
full screen,signals,BenchmarkExecParallel/independent/isa_simd_i8x16.add_sat_u,wago,time,ns/op,455.79999999999995,456.25,0.4500000000000455,0.09872751206669861,0.5584415584415584,false,6,100ms,"Throughput time, not one-call latency."
full screen,signals,BenchmarkExecParallel/independent/isa_simd_reduce.i8x16_bitmask,wago,time,ns/op,222.25,222.7,0.44999999999998863,0.20247469066365653,0.9372294372294372,false,6,100ms,"Throughput time, not one-call latency."
full screen,explicit,BenchmarkExecParallel/independent/isa_simd_v128.or,wago,time,ns/op,227.25,227.7,0.44999999999998863,0.1980198019801982,0.5887445887445888,false,6,100ms,"Throughput time, not one-call latency."
full screen,explicit,BenchmarkExecParallel/process/isa_simd_i8x16.add_sat_s,wago,time,ns/op,440.35,440.8,0.44999999999998863,0.10219143862835178,0.8181818181818182,false,6,100ms,"Throughput time, not one-call latency."
full screen,explicit,BenchmarkExecParallel/independent/xjb-mulhi.runN,wago,time,ns/op,298.45000000000005,298.9,0.4499999999999318,0.15077902496227757,0.9372294372294372,false,6,100ms,"Throughput time, not one-call latency."
full screen,explicit,BenchmarkExec/swar-pack-parse.parse4,wago,time,ns/op,7.8785,8.317,0.43850000000000033,5.56578028812591,0.008658008658008658,true,6,100ms,Measured increase; p-values are not adjusted for multiple comparisons.
full screen,explicit,BenchmarkExec/tiny.add,wago,time,ns/op,7.9135,8.315,0.4014999999999995,5.073608390724704,0.015151515151515152,true,6,100ms,Measured increase; p-values are not adjusted for multiple comparisons.
full screen,signals,BenchmarkExecParallel/independent/isa_simd_i32x4.add,wago,time,ns/op,249.10000000000002,249.5,0.39999999999997726,0.16057808109191107,0.6688311688311688,false,6,100ms,"Throughput time, not one-call latency."
full screen,explicit,BenchmarkExecParallel/process/isa_simd_f64x2.ceil,wago,time,ns/op,332.1,332.5,0.39999999999997726,0.12044564890092424,0.6991341991341992,false,6,100ms,"Throughput time, not one-call latency."
full screen,explicit,BenchmarkExecParallel/process/isa_simd_i16x8.narrow_i32x4_u,wago,time,ns/op,440.35,440.75,0.39999999999997726,0.0908368343363275,0.9372294372294372,false,6,100ms,"Throughput time, not one-call latency."
full screen,explicit,BenchmarkExecParallel/process/isa_simd_i8x16.le_s,wago,time,ns/op,461.8,462.2,0.39999999999997726,0.08661758336940828,0.6688311688311688,false,6,100ms,"Throughput time, not one-call latency."
full screen,explicit,BenchmarkExec/branches.classify,wago,time,ns/op,7.792999999999999,8.188500000000001,0.39550000000000196,5.075067368150932,0.004329004329004329,true,6,100ms,Measured increase; p-values are not adjusted for multiple comparisons.
full screen,explicit,BenchmarkWazeroExec/xjb-mulhi.mulhi,wazero,time,ns/op,24.945,25.33,0.384999999999998,1.543395470034059,0.5887445887445888,false,6,100ms,Measured increase; p-values are not adjusted for multiple comparisons.
full screen,explicit,BenchmarkExecParallel/independent/isa_simd_f64x2.convert_low_i32x4_s,wago,time,ns/op,331.35,331.70000000000005,0.35000000000002274,0.10562848951261028,0.9372294372294372,false,6,100ms,"Throughput time, not one-call latency."
full screen,signals,BenchmarkExecParallel/process/dispatch.apply,wago,time,ns/op,131.8,132.15,0.3499999999999943,0.26555386949924653,0.3874458874458874,false,6,100ms,"Throughput time, not one-call latency."
full screen,explicit,BenchmarkExecCallOverhead_wazero,wazero,time,ns/op,26.810000000000002,27.134999999999998,0.32499999999999574,1.2122342409548459,0.17965367965367965,false,6,100ms,Measured increase; p-values are not adjusted for multiple comparisons.
full screen,explicit,BenchmarkExecFibLoop_wazero,wazero,time,ns/op,39.03,39.345,0.3149999999999977,0.8070714834742532,0.6233766233766234,false,6,100ms,Measured increase; p-values are not adjusted for multiple comparisons.
full screen,explicit,BenchmarkExec/swar-pack-parse.pack,wago,time,ns/op,7.8625,8.171,0.30849999999999955,3.9236883942766143,0.006493506493506494,true,6,100ms,Measured increase; p-values are not adjusted for multiple comparisons.
full screen,explicit,BenchmarkExecParallel/independent/isa_simd_f32x4.nearest,wago,time,ns/op,335.05,335.35,0.30000000000001137,0.08953887479481448,0.9372294372294372,false,6,100ms,"Throughput time, not one-call latency."
full screen,explicit,BenchmarkExecParallel/independent/isa_simd_i32x4.max_u,wago,time,ns/op,227.39999999999998,227.7,0.30000000000001137,0.13192612137202797,0.9090909090909091,false,6,100ms,"Throughput time, not one-call latency."
full screen,explicit,BenchmarkExecParallel/process/isa_simd_i8x16.sub,wago,time,ns/op,225.85000000000002,226.15,0.29999999999998295,0.1328315253486645,0.79004329004329,false,6,100ms,"Throughput time, not one-call latency."
full screen,explicit,BenchmarkExec/fib_iter.fib,wago,time,ns/op,28.97,29.244999999999997,0.2749999999999986,0.949257852951324,0.8181818181818182,false,6,100ms,Measured increase; p-values are not adjusted for multiple comparisons.
full screen,explicit,BenchmarkExecParallel/independent/isa_simd_f32x4.demote_f64x2_zero,wago,time,ns/op,331.35,331.6,0.25,0.07544892108042323,0.3961038961038961,false,6,100ms,"Throughput time, not one-call latency."
full screen,explicit,BenchmarkExecFibLoop_wago,wago,time,ns/op,26.69,26.915,0.22499999999999787,0.8430123641813392,0.3939393939393939,false,6,100ms,Measured increase; p-values are not adjusted for multiple comparisons.
full screen,explicit,BenchmarkExecLocalGet_wago,wago,time,ns/op,73.925,74.14,0.2150000000000034,0.29083530605342744,0.8181818181818182,false,6,100ms,Measured increase; p-values are not adjusted for multiple comparisons.
full screen,explicit,BenchmarkWazeroExec/tiny.add,wazero,time,ns/op,24.07,24.28,0.21000000000000085,0.8724553385957678,0.9372294372294372,false,6,100ms,Measured increase; p-values are not adjusted for multiple comparisons.
full screen,explicit,BenchmarkExecParallel/process/isa_simd_i16x8.sub,wago,time,ns/op,228.9,229.10000000000002,0.20000000000001705,0.0873743993010212,0.9372294372294372,false,6,100ms,"Throughput time, not one-call latency."
full screen,explicit,BenchmarkExecParallel/independent/isa_simd_i32x4.gt_u,wago,time,ns/op,691.6,691.8,0.1999999999999318,0.028918449971082616,0.8181818181818182,false,6,100ms,"Throughput time, not one-call latency."
full screen,signals,BenchmarkExecParallel/independent/dispatch.apply,wago,time,ns/op,85.965,86.125,0.1599999999999966,0.18612225905891844,0.9372294372294372,false,6,100ms,"Throughput time, not one-call latency."
full screen,explicit,BenchmarkExec/xjb-mulhi.mulhi,wago,time,ns/op,8.553,8.7105,0.15749999999999886,1.8414591371448408,0.45670995670995673,false,6,100ms,Measured increase; p-values are not adjusted for multiple comparisons.
full screen,signals,BenchmarkJsonAsDeserialize_wazero,wazero,time,ns/op,299.9,300.05,0.1500000000000341,0.05001667222408468,1,false,6,100ms,Measured increase; p-values are not adjusted for multiple comparisons.
full screen,signals,BenchmarkExecParallel/independent/isa_simd_i64x2.extend_high_u,wago,time,ns/op,205.85,206,0.15000000000000568,0.07286859363615505,0.8181818181818182,false,6,100ms,"Throughput time, not one-call latency."
full screen,explicit,BenchmarkExecParallel/process/isa_simd_i16x8.max_s,wago,time,ns/op,230.4,230.55,0.15000000000000568,0.06510416666667407,0.8939393939393939,false,6,100ms,"Throughput time, not one-call latency."
full screen,explicit,BenchmarkExecParallel/process/isa_simd_f64x2.add,wago,time,ns/op,658.35,658.5,0.14999999999997726,0.022784233310546576,0.9047619047619048,false,6,100ms,"Throughput time, not one-call latency."
full screen,explicit,BenchmarkExecParallel/process/isa_simd_i8x16.le_u,wago,time,ns/op,454.85,455,0.14999999999997726,0.032977904803765945,0.5887445887445888,false,6,100ms,"Throughput time, not one-call latency."
full screen,explicit,BenchmarkExec/many_funcs.run,wago,time,ns/op,18.265,18.41,0.14499999999999957,0.793868053654534,0.13203463203463203,false,6,100ms,Measured increase; p-values are not adjusted for multiple comparisons.
full screen,explicit,BenchmarkExecParallel/independent/isa_simd_f32x4.lt,wago,time,ns/op,439.75,439.85,0.10000000000002274,0.022740193291648225,0.8528138528138528,false,6,100ms,"Throughput time, not one-call latency."
full screen,signals,BenchmarkExecParallel/independent/isa_simd_f64x2.trunc,wago,time,ns/op,349.9,350,0.10000000000002274,0.02857959416977529,0.8181818181818182,false,6,100ms,"Throughput time, not one-call latency."
full screen,explicit,BenchmarkExecParallel/independent/isa_simd_i16x8.narrow_i32x4_s,wago,time,ns/op,439.65,439.75,0.10000000000002274,0.022745365631759995,1,false,6,100ms,"Throughput time, not one-call latency."
full screen,signals,BenchmarkExecParallel/independent/isa_simd_f64x2.le,wago,time,ns/op,456.6,456.7,0.0999999999999659,0.02190100744634549,1,false,6,100ms,"Throughput time, not one-call latency."
full screen,signals,BenchmarkExecParallel/independent/isa_simd_i32x4.extend_high_s,wago,time,ns/op,305.1,305.2,0.0999999999999659,0.03277613897081366,0.9372294372294372,false,6,100ms,"Throughput time, not one-call latency."
full screen,explicit,BenchmarkExecParallel/independent/isa_simd_i8x16.add_sat_s,wago,time,ns/op,440.3,440.4,0.0999999999999659,0.02271178741766189,0.7294372294372294,false,6,100ms,"Throughput time, not one-call latency."
full screen,explicit,BenchmarkExecParallel/process/isa_simd_f64x2.sub,wago,time,ns/op,656.5,656.55,0.049999999999954525,0.007616146229993959,0.9090909090909091,false,6,100ms,"Throughput time, not one-call latency."
full screen,signals,BenchmarkExec/many_funcs.run,wago,time,ns/op,18.42,18.455,0.03499999999999659,0.19001085776328974,0.7857142857142857,false,6,100ms,Measured increase; p-values are not adjusted for multiple comparisons.
full screen,signals,BenchmarkExecFibLoop_wazero,wazero,time,ns/op,39.34,39.365,0.02499999999999858,0.06354855109302893,0.6991341991341992,false,6,100ms,Measured increase; p-values are not adjusted for multiple comparisons.
full screen,signals,BenchmarkExec/xjb-mulhi.mulhi,wago,time,ns/op,8.602,8.6025,0.0004999999999988347,0.005812601720522892,1,false,6,100ms,Measured increase; p-values are not adjusted for multiple comparisons.
full screen,explicit,BenchmarkCompileFullWorkers/esbuild/auto,wago,memory,allocs/op,27866.5,28930.5,1064,3.8182046543340675,0.48484848484848486,false,6,100ms,Measured increase; p-values are not adjusted for multiple comparisons.
full screen,signals,BenchmarkCompileFullWorkers/esbuild/p4,wago,memory,allocs/op,27676,28208.5,532.5,1.9240497181673755,0.5887445887445888,false,6,100ms,Measured increase; p-values are not adjusted for multiple comparisons.
full screen,signals,BenchmarkCompileFullWorkers/esbuild/auto,wago,memory,allocs/op,28000.5,28297.5,297,1.0606953447259926,0.8181818181818182,false,6,100ms,Measured increase; p-values are not adjusted for multiple comparisons.
full screen,explicit,BenchmarkCompileWorkers/esbuild/p2,wago,memory,allocs/op,14992.5,15140,147.5,0.9838252459563046,1,false,6,100ms,Measured increase; p-values are not adjusted for multiple comparisons.
full screen,explicit,BenchmarkCompileFullWorkers/esbuild/p4,wago,memory,allocs/op,27398,27465.5,67.5,0.24636834805460417,0.48484848484848486,false,6,100ms,Measured increase; p-values are not adjusted for multiple comparisons.
full screen,signals,BenchmarkCompileFullWorkers/ruby/p8,wago,memory,allocs/op,43714,43749,35,0.0800658827835532,0.9372294372294372,false,6,100ms,Measured increase; p-values are not adjusted for multiple comparisons.
full screen,signals,BenchmarkCompileWorkers/ruby/p8,wago,memory,allocs/op,14266,14298.5,32.5,0.22781438384971153,0.30952380952380953,false,6,100ms,Measured increase; p-values are not adjusted for multiple comparisons.
full screen,signals,BenchmarkCompileWorkers/ruby/p4,wago,memory,allocs/op,12640.5,12668,27.5,0.2175546853368182,1,false,6,100ms,Measured increase; p-values are not adjusted for multiple comparisons.
full screen,explicit,BenchmarkCompileFullWorkers/ruby/p8,wago,memory,allocs/op,43953,43976.5,23.5,0.0534662025345245,0.5887445887445888,false,6,100ms,Measured increase; p-values are not adjusted for multiple comparisons.
full screen,explicit,BenchmarkCompileFullWorkers/ruby/p4,wago,memory,allocs/op,42249,42261,12,0.028403039125191043,0.8181818181818182,false,6,100ms,Measured increase; p-values are not adjusted for multiple comparisons.
full screen,explicit,BenchmarkCompileWorkers/ruby/p8,wago,memory,allocs/op,14266,14275.5,9.5,0.0665918968176138,0.6666666666666666,false,6,100ms,Measured increase; p-values are not adjusted for multiple comparisons.
full screen,explicit,BenchmarkCompileFullWorkers/ruby/auto,wago,memory,allocs/op,42256,42263.5,7.5,0.017748958727747954,0.5887445887445888,false,6,100ms,Measured increase; p-values are not adjusted for multiple comparisons.
full screen,explicit,BenchmarkCompileMultiModuleThroughput/many_funcs/auto,wago,memory,allocs/op,134,141,7,5.223880597014929,0.0021645021645021645,true,6,100ms,Measured increase; p-values are not adjusted for multiple comparisons.
full screen,signals,BenchmarkCompileMultiModuleThroughput/many_funcs/auto,wago,memory,allocs/op,134,141,7,5.223880597014929,0.0021645021645021645,true,6,100ms,Measured increase; p-values are not adjusted for multiple comparisons.
full screen,signals,BenchmarkCompileFullWorkers/sqlite3/p2,wago,memory,allocs/op,8282,8287,5,0.0603718908476214,0.5887445887445888,false,6,100ms,Measured increase; p-values are not adjusted for multiple comparisons.
full screen,explicit,BenchmarkCompileCommuteSelfUpdate/sqlite3/off,wago,memory,allocs/op,7913,7917,4,0.05054972829521276,0.012987012987012988,true,6,100ms,Measured increase; p-values are not adjusted for multiple comparisons.
full screen,signals,BenchmarkCompileCommuteSelfUpdate/sqlite3/off,wago,memory,allocs/op,7887,7891,4,0.050716368707992565,0.0021645021645021645,true,6,100ms,Measured increase; p-values are not adjusted for multiple comparisons.
full screen,explicit,BenchmarkCompileCommuteSelfUpdate/sqlite3/on,wago,memory,allocs/op,7913,7917,4,0.05054972829521276,0.0021645021645021645,true,6,100ms,Measured increase; p-values are not adjusted for multiple comparisons.
full screen,signals,BenchmarkCompileCommuteSelfUpdate/sqlite3/on,wago,memory,allocs/op,7887,7891,4,0.050716368707992565,0.0021645021645021645,true,6,100ms,Measured increase; p-values are not adjusted for multiple comparisons.
full screen,signals,BenchmarkCompileFull/sqlite3,wago,memory,allocs/op,7888,7892,4,0.050709939148063654,0.0021645021645021645,true,6,100ms,Measured increase; p-values are not adjusted for multiple comparisons.
full screen,explicit,BenchmarkCompileFull/wasm3,wago,memory,allocs/op,3472,3476,4,0.11520737327188613,0.0021645021645021645,true,6,100ms,Measured increase; p-values are not adjusted for multiple comparisons.
full screen,signals,BenchmarkCompileFull/wasm3,wago,memory,allocs/op,3478,3482,4,0.11500862564692849,0.0021645021645021645,true,6,100ms,Measured increase; p-values are not adjusted for multiple comparisons.
full screen,explicit,BenchmarkCompileFull/zstd,wago,memory,allocs/op,466,470,4,0.8583690987124415,0.0021645021645021645,true,6,100ms,Measured increase; p-values are not adjusted for multiple comparisons.
full screen,signals,BenchmarkCompileFull/zstd,wago,memory,allocs/op,451,455,4,0.8869179600886845,0.0021645021645021645,true,6,100ms,Measured increase; p-values are not adjusted for multiple comparisons.
full screen,signals,BenchmarkCompileFullWorkers/ruby/auto,wago,memory,allocs/op,42090,42094,4,0.00950344499881517,0.9004329004329005,false,6,100ms,Measured increase; p-values are not adjusted for multiple comparisons.
full screen,signals,BenchmarkCompileFullWorkers/sqlite3/p1,wago,memory,allocs/op,7888,7892,4,0.050709939148063654,0.0021645021645021645,true,6,100ms,Measured increase; p-values are not adjusted for multiple comparisons.
full screen,explicit,BenchmarkCompileFullWorkers/tiny/p2,wago,memory,allocs/op,101,105,4,3.960396039603964,0.0021645021645021645,true,6,100ms,Measured increase; p-values are not adjusted for multiple comparisons.
full screen,signals,BenchmarkCompileFullWorkers/tiny/p2,wago,memory,allocs/op,101,105,4,3.960396039603964,0.0021645021645021645,true,6,100ms,Measured increase; p-values are not adjusted for multiple comparisons.
full screen,explicit,BenchmarkCompileFullWorkers/tiny/p4,wago,memory,allocs/op,101,105,4,3.960396039603964,0.0021645021645021645,true,6,100ms,Measured increase; p-values are not adjusted for multiple comparisons.
full screen,signals,BenchmarkCompileFullWorkers/tiny/p4,wago,memory,allocs/op,101,105,4,3.960396039603964,0.0021645021645021645,true,6,100ms,Measured increase; p-values are not adjusted for multiple comparisons.
full screen,explicit,BenchmarkCompileFullWorkers/tiny/p8,wago,memory,allocs/op,101,105,4,3.960396039603964,0.0021645021645021645,true,6,100ms,Measured increase; p-values are not adjusted for multiple comparisons.
full screen,signals,BenchmarkCompileFullWorkers/tiny/p8,wago,memory,allocs/op,101,105,4,3.960396039603964,0.0021645021645021645,true,6,100ms,Measured increase; p-values are not adjusted for multiple comparisons.
full screen,explicit,BenchmarkWazeroCompile/ruby,wazero,memory,allocs/op,430945,430949,4,0.0009281926927950934,0.3181818181818182,false,6,100ms,Measured increase; p-values are not adjusted for multiple comparisons.
full screen,signals,BenchmarkWazeroCompile/ruby,wazero,memory,allocs/op,430945,430949,4,0.0009281926927950934,0.05411255411255411,false,6,100ms,Measured increase; p-values are not adjusted for multiple comparisons.
full screen,explicit,BenchmarkCompileFull/regexmatch,wago,memory,allocs/op,5060.5,5064,3.5,0.06916312617331055,0.0021645021645021645,true,6,100ms,Measured increase; p-values are not adjusted for multiple comparisons.
full screen,signals,BenchmarkCompileFull/regexmatch,wago,memory,allocs/op,5060,5063,3,0.059288537549417875,0.0021645021645021645,true,6,100ms,Measured increase; p-values are not adjusted for multiple comparisons.
full screen,explicit,BenchmarkCompileMultiModuleThroughput/json-as/auto,wago,memory,allocs/op,506.5,509,2.5,0.49358341559724295,0.37445887445887444,false,6,100ms,Measured increase; p-values are not adjusted for multiple comparisons.
full screen,explicit,BenchmarkCompile/regexmatch,wago,memory,allocs/op,1951,1953,2,0.1025115325474113,0.0021645021645021645,true,6,100ms,Measured increase; p-values are not adjusted for multiple comparisons.
full screen,signals,BenchmarkCompile/regexmatch,wago,memory,allocs/op,1951,1953,2,0.1025115325474113,0.0021645021645021645,true,6,100ms,Measured increase; p-values are not adjusted for multiple comparisons.
full screen,explicit,BenchmarkCompile/sqlite3,wago,memory,allocs/op,2528,2530,2,0.07911392405062223,0.0021645021645021645,true,6,100ms,Measured increase; p-values are not adjusted for multiple comparisons.
full screen,signals,BenchmarkCompile/sqlite3,wago,memory,allocs/op,2528,2530,2,0.07911392405062223,0.0021645021645021645,true,6,100ms,Measured increase; p-values are not adjusted for multiple comparisons.
full screen,explicit,BenchmarkCompile/wasm3,wago,memory,allocs/op,975,977,2,0.20512820512821328,0.0021645021645021645,true,6,100ms,Measured increase; p-values are not adjusted for multiple comparisons.
full screen,signals,BenchmarkCompile/wasm3,wago,memory,allocs/op,975,977,2,0.20512820512821328,0.0021645021645021645,true,6,100ms,Measured increase; p-values are not adjusted for multiple comparisons.
full screen,explicit,BenchmarkCompile/zstd,wago,memory,allocs/op,231,233,2,0.8658008658008587,0.0021645021645021645,true,6,100ms,Measured increase; p-values are not adjusted for multiple comparisons.
full screen,signals,BenchmarkCompile/zstd,wago,memory,allocs/op,231,233,2,0.8658008658008587,0.0021645021645021645,true,6,100ms,Measured increase; p-values are not adjusted for multiple comparisons.
full screen,explicit,BenchmarkCompileCompact/regexmatch,wago,memory,allocs/op,1947,1949,2,0.10272213662043672,0.0021645021645021645,true,6,100ms,Measured increase; p-values are not adjusted for multiple comparisons.
full screen,signals,BenchmarkCompileCompact/regexmatch,wago,memory,allocs/op,1947,1949,2,0.10272213662043672,0.0021645021645021645,true,6,100ms,Measured increase; p-values are not adjusted for multiple comparisons.
full screen,explicit,BenchmarkCompileCompact/sqlite3,wago,memory,allocs/op,2150,2152,2,0.09302325581395099,0.0021645021645021645,true,6,100ms,Measured increase; p-values are not adjusted for multiple comparisons.
full screen,signals,BenchmarkCompileCompact/sqlite3,wago,memory,allocs/op,2150,2152,2,0.09302325581395099,0.0021645021645021645,true,6,100ms,Measured increase; p-values are not adjusted for multiple comparisons.
full screen,explicit,BenchmarkCompileCompact/wasm3,wago,memory,allocs/op,837,839,2,0.2389486260454099,0.0021645021645021645,true,6,100ms,Measured increase; p-values are not adjusted for multiple comparisons.
full screen,signals,BenchmarkCompileCompact/wasm3,wago,memory,allocs/op,837,839,2,0.2389486260454099,0.0021645021645021645,true,6,100ms,Measured increase; p-values are not adjusted for multiple comparisons.
full screen,explicit,BenchmarkCompileCompact/zstd,wago,memory,allocs/op,228,230,2,0.8771929824561431,0.0021645021645021645,true,6,100ms,Measured increase; p-values are not adjusted for multiple comparisons.
full screen,signals,BenchmarkCompileCompact/zstd,wago,memory,allocs/op,228,230,2,0.8771929824561431,0.0021645021645021645,true,6,100ms,Measured increase; p-values are not adjusted for multiple comparisons.
full screen,explicit,BenchmarkCompileFull/arith,wago,memory,allocs/op,75,77,2,2.6666666666666616,0.0021645021645021645,true,6,100ms,Measured increase; p-values are not adjusted for multiple comparisons.
full screen,signals,BenchmarkCompileFull/arith,wago,memory,allocs/op,75,77,2,2.6666666666666616,0.0021645021645021645,true,6,100ms,Measured increase; p-values are not adjusted for multiple comparisons.
full screen,explicit,BenchmarkCompileFull/blake3,wago,memory,allocs/op,257,259,2,0.7782101167315147,0.0021645021645021645,true,6,100ms,Measured increase; p-values are not adjusted for multiple comparisons.
full screen,signals,BenchmarkCompileFull/blake3,wago,memory,allocs/op,248,250,2,0.8064516129032251,0.0021645021645021645,true,6,100ms,Measured increase; p-values are not adjusted for multiple comparisons.
full screen,explicit,BenchmarkCompileFull/branches,wago,memory,allocs/op,75,77,2,2.6666666666666616,0.0021645021645021645,true,6,100ms,Measured increase; p-values are not adjusted for multiple comparisons.
full screen,signals,BenchmarkCompileFull/branches,wago,memory,allocs/op,75,77,2,2.6666666666666616,0.0021645021645021645,true,6,100ms,Measured increase; p-values are not adjusted for multiple comparisons.
full screen,explicit,BenchmarkCompileFull/coremark,wago,memory,allocs/op,203,205,2,0.9852216748768461,0.0021645021645021645,true,6,100ms,Measured increase; p-values are not adjusted for multiple comparisons.
full screen,signals,BenchmarkCompileFull/coremark,wago,memory,allocs/op,195,197,2,1.025641025641022,0.0021645021645021645,true,6,100ms,Measured increase; p-values are not adjusted for multiple comparisons.
full screen,explicit,BenchmarkCompileFull/crc32,wago,memory,allocs/op,133,135,2,1.5037593984962516,0.0021645021645021645,true,6,100ms,Measured increase; p-values are not adjusted for multiple comparisons.
full screen,signals,BenchmarkCompileFull/crc32,wago,memory,allocs/op,129,131,2,1.5503875968992276,0.0021645021645021645,true,6,100ms,Measured increase; p-values are not adjusted for multiple comparisons.
full screen,explicit,BenchmarkCompileFull/dispatch,wago,memory,allocs/op,120,122,2,1.6666666666666607,0.0021645021645021645,true,6,100ms,Measured increase; p-values are not adjusted for multiple comparisons.
full screen,signals,BenchmarkCompileFull/dispatch,wago,memory,allocs/op,120,122,2,1.6666666666666607,0.0021645021645021645,true,6,100ms,Measured increase; p-values are not adjusted for multiple comparisons.
full screen,explicit,BenchmarkCompileFull/fannkuch,wago,memory,allocs/op,166,168,2,1.2048192771084265,0.0021645021645021645,true,6,100ms,Measured increase; p-values are not adjusted for multiple comparisons.
full screen,signals,BenchmarkCompileFull/fannkuch,wago,memory,allocs/op,161,163,2,1.2422360248447228,0.0021645021645021645,true,6,100ms,Measured increase; p-values are not adjusted for multiple comparisons.
full screen,explicit,BenchmarkCompileFull/fib_iter,wago,memory,allocs/op,75,77,2,2.6666666666666616,0.0021645021645021645,true,6,100ms,Measured increase; p-values are not adjusted for multiple comparisons.
full screen,signals,BenchmarkCompileFull/fib_iter,wago,memory,allocs/op,75,77,2,2.6666666666666616,0.0021645021645021645,true,6,100ms,Measured increase; p-values are not adjusted for multiple comparisons.
full screen,explicit,BenchmarkCompileFull/fib_rec,wago,memory,allocs/op,83,85,2,2.4096385542168752,0.0021645021645021645,true,6,100ms,Measured increase; p-values are not adjusted for multiple comparisons.
full screen,signals,BenchmarkCompileFull/fib_rec,wago,memory,allocs/op,83,85,2,2.4096385542168752,0.0021645021645021645,true,6,100ms,Measured increase; p-values are not adjusted for multiple comparisons.
full screen,explicit,BenchmarkCompileFull/float,wago,memory,allocs/op,79,81,2,2.5316455696202445,0.0021645021645021645,true,6,100ms,Measured increase; p-values are not adjusted for multiple comparisons.
full screen,signals,BenchmarkCompileFull/float,wago,memory,allocs/op,79,81,2,2.5316455696202445,0.0021645021645021645,true,6,100ms,Measured increase; p-values are not adjusted for multiple comparisons.
full screen,explicit,BenchmarkCompileFull/globals,wago,memory,allocs/op,95,97,2,2.1052631578947434,0.0021645021645021645,true,6,100ms,Measured increase; p-values are not adjusted for multiple comparisons.
full screen,signals,BenchmarkCompileFull/globals,wago,memory,allocs/op,95,97,2,2.1052631578947434,0.0021645021645021645,true,6,100ms,Measured increase; p-values are not adjusted for multiple comparisons.
full screen,explicit,BenchmarkCompileFull/isa_bulk_mem,wago,memory,allocs/op,106,108,2,1.8867924528301883,0.0021645021645021645,true,6,100ms,Measured increase; p-values are not adjusted for multiple comparisons.
full screen,signals,BenchmarkCompileFull/isa_bulk_mem,wago,memory,allocs/op,105,107,2,1.904761904761898,0.0021645021645021645,true,6,100ms,Measured increase; p-values are not adjusted for multiple comparisons.
full screen,explicit,BenchmarkCompileFull/isa_call,wago,memory,allocs/op,149,151,2,1.342281879194629,0.0021645021645021645,true,6,100ms,Measured increase; p-values are not adjusted for multiple comparisons.
full screen,signals,BenchmarkCompileFull/isa_call,wago,memory,allocs/op,149,151,2,1.342281879194629,0.0021645021645021645,true,6,100ms,Measured increase; p-values are not adjusted for multiple comparisons.
full screen,explicit,BenchmarkCompileFull/isa_ctl,wago,memory,allocs/op,117,119,2,1.7094017094017033,0.0021645021645021645,true,6,100ms,Measured increase; p-values are not adjusted for multiple comparisons.
full screen,signals,BenchmarkCompileFull/isa_ctl,wago,memory,allocs/op,117,119,2,1.7094017094017033,0.0021645021645021645,true,6,100ms,Measured increase; p-values are not adjusted for multiple comparisons.
full screen,explicit,BenchmarkCompileFull/isa_cvt,wago,memory,allocs/op,96,98,2,2.083333333333326,0.0021645021645021645,true,6,100ms,Measured increase; p-values are not adjusted for multiple comparisons.
full screen,signals,BenchmarkCompileFull/isa_cvt,wago,memory,allocs/op,96,98,2,2.083333333333326,0.0021645021645021645,true,6,100ms,Measured increase; p-values are not adjusted for multiple comparisons.
full screen,explicit,BenchmarkCompileFull/isa_f32,wago,memory,allocs/op,129,131,2,1.5503875968992276,0.0021645021645021645,true,6,100ms,Measured increase; p-values are not adjusted for multiple comparisons.
full screen,signals,BenchmarkCompileFull/isa_f32,wago,memory,allocs/op,129,131,2,1.5503875968992276,0.0021645021645021645,true,6,100ms,Measured increase; p-values are not adjusted for multiple comparisons.
full screen,explicit,BenchmarkCompileFull/isa_f64,wago,memory,allocs/op,129,131,2,1.5503875968992276,0.0021645021645021645,true,6,100ms,Measured increase; p-values are not adjusted for multiple comparisons.
full screen,signals,BenchmarkCompileFull/isa_f64,wago,memory,allocs/op,129,131,2,1.5503875968992276,0.0021645021645021645,true,6,100ms,Measured increase; p-values are not adjusted for multiple comparisons.
full screen,explicit,BenchmarkCompileFull/isa_i32,wago,memory,allocs/op,135,137,2,1.4814814814814836,0.0021645021645021645,true,6,100ms,Measured increase; p-values are not adjusted for multiple comparisons.
full screen,signals,BenchmarkCompileFull/isa_i32,wago,memory,allocs/op,135,137,2,1.4814814814814836,0.0021645021645021645,true,6,100ms,Measured increase; p-values are not adjusted for multiple comparisons.
full screen,explicit,BenchmarkCompileFull/isa_i64,wago,memory,allocs/op,135,137,2,1.4814814814814836,0.0021645021645021645,true,6,100ms,Measured increase; p-values are not adjusted for multiple comparisons.
full screen,signals,BenchmarkCompileFull/isa_i64,wago,memory,allocs/op,135,137,2,1.4814814814814836,0.0021645021645021645,true,6,100ms,Measured increase; p-values are not adjusted for multiple comparisons.
full screen,explicit,BenchmarkCompileFull/isa_mem,wago,memory,allocs/op,113,115,2,1.7699115044247815,0.0021645021645021645,true,6,100ms,Measured increase; p-values are not adjusted for multiple comparisons.
full screen,signals,BenchmarkCompileFull/isa_mem,wago,memory,allocs/op,108,110,2,1.85185185185186,0.0021645021645021645,true,6,100ms,Measured increase; p-values are not adjusted for multiple comparisons.
full screen,explicit,BenchmarkCompileFull/isa_simd_f32x4,wago,memory,allocs/op,139,141,2,1.4388489208633004,0.0021645021645021645,true,6,100ms,Measured increase; p-values are not adjusted for multiple comparisons.
full screen,signals,BenchmarkCompileFull/isa_simd_f32x4,wago,memory,allocs/op,139,141,2,1.4388489208633004,0.0021645021645021645,true,6,100ms,Measured increase; p-values are not adjusted for multiple comparisons.
full screen,explicit,BenchmarkCompileFull/isa_simd_f64x2,wago,memory,allocs/op,138,140,2,1.449275362318847,0.0021645021645021645,true,6,100ms,Measured increase; p-values are not adjusted for multiple comparisons.
full screen,signals,BenchmarkCompileFull/isa_simd_f64x2,wago,memory,allocs/op,138,140,2,1.449275362318847,0.0021645021645021645,true,6,100ms,Measured increase; p-values are not adjusted for multiple comparisons.
full screen,explicit,BenchmarkCompileFull/isa_simd_i16x8,wago,memory,allocs/op,175,177,2,1.1428571428571344,0.0021645021645021645,true,6,100ms,Measured increase; p-values are not adjusted for multiple comparisons.
full screen,signals,BenchmarkCompileFull/isa_simd_i16x8,wago,memory,allocs/op,175,177,2,1.1428571428571344,0.0021645021645021645,true,6,100ms,Measured increase; p-values are not adjusted for multiple comparisons.
full screen,explicit,BenchmarkCompileFull/isa_simd_i32x4,wago,memory,allocs/op,170,172,2,1.17647058823529,0.0021645021645021645,true,6,100ms,Measured increase; p-values are not adjusted for multiple comparisons.
full screen,signals,BenchmarkCompileFull/isa_simd_i32x4,wago,memory,allocs/op,170,172,2,1.17647058823529,0.0021645021645021645,true,6,100ms,Measured increase; p-values are not adjusted for multiple comparisons.
full screen,explicit,BenchmarkCompileFull/isa_simd_i64x2,wago,memory,allocs/op,133,135,2,1.5037593984962516,0.0021645021645021645,true,6,100ms,Measured increase; p-values are not adjusted for multiple comparisons.
full screen,signals,BenchmarkCompileFull/isa_simd_i64x2,wago,memory,allocs/op,133,135,2,1.5037593984962516,0.0021645021645021645,true,6,100ms,Measured increase; p-values are not adjusted for multiple comparisons.
full screen,explicit,BenchmarkCompileFull/isa_simd_i8x16,wago,memory,allocs/op,163,165,2,1.2269938650306678,0.0021645021645021645,true,6,100ms,Measured increase; p-values are not adjusted for multiple comparisons.
full screen,signals,BenchmarkCompileFull/isa_simd_i8x16,wago,memory,allocs/op,163,165,2,1.2269938650306678,0.0021645021645021645,true,6,100ms,Measured increase; p-values are not adjusted for multiple comparisons.
full screen,explicit,BenchmarkCompileFull/isa_simd_reduce,wago,memory,allocs/op,107,109,2,1.869158878504673,0.0021645021645021645,true,6,100ms,Measured increase; p-values are not adjusted for multiple comparisons.
full screen,signals,BenchmarkCompileFull/isa_simd_reduce,wago,memory,allocs/op,107,109,2,1.869158878504673,0.0021645021645021645,true,6,100ms,Measured increase; p-values are not adjusted for multiple comparisons.
full screen,explicit,BenchmarkCompileFull/isa_simd_v128,wago,memory,allocs/op,97,99,2,2.0618556701030855,0.0021645021645021645,true,6,100ms,Measured increase; p-values are not adjusted for multiple comparisons.
full screen,signals,BenchmarkCompileFull/isa_simd_v128,wago,memory,allocs/op,97,99,2,2.0618556701030855,0.0021645021645021645,true,6,100ms,Measured increase; p-values are not adjusted for multiple comparisons.
full screen,explicit,BenchmarkCompileFull/isa_var,wago,memory,allocs/op,93,95,2,2.1505376344086002,0.0021645021645021645,true,6,100ms,Measured increase; p-values are not adjusted for multiple comparisons.
full screen,signals,BenchmarkCompileFull/isa_var,wago,memory,allocs/op,93,95,2,2.1505376344086002,0.0021645021645021645,true,6,100ms,Measured increase; p-values are not adjusted for multiple comparisons.
full screen,explicit,BenchmarkCompileFull/json-as,wago,memory,allocs/op,405,407,2,0.49382716049382047,0.0021645021645021645,true,6,100ms,Measured increase; p-values are not adjusted for multiple comparisons.
full screen,signals,BenchmarkCompileFull/json-as,wago,memory,allocs/op,404,406,2,0.4950495049504955,0.0021645021645021645,true,6,100ms,Measured increase; p-values are not adjusted for multiple comparisons.
full screen,explicit,BenchmarkCompileFull/json-as-simd,wago,memory,allocs/op,437,439,2,0.4576659038901587,0.0021645021645021645,true,6,100ms,Measured increase; p-values are not adjusted for multiple comparisons.
full screen,signals,BenchmarkCompileFull/json-as-simd,wago,memory,allocs/op,436,438,2,0.4587155963302836,0.0021645021645021645,true,6,100ms,Measured increase; p-values are not adjusted for multiple comparisons.
full screen,explicit,BenchmarkCompileFull/linked_list,wago,memory,allocs/op,90,92,2,2.2222222222222143,0.0021645021645021645,true,6,100ms,Measured increase; p-values are not adjusted for multiple comparisons.
full screen,signals,BenchmarkCompileFull/linked_list,wago,memory,allocs/op,87,89,2,2.298850574712641,0.0021645021645021645,true,6,100ms,Measured increase; p-values are not adjusted for multiple comparisons.
full screen,explicit,BenchmarkCompileFull/lz4,wago,memory,allocs/op,154,156,2,1.298701298701288,0.0021645021645021645,true,6,100ms,Measured increase; p-values are not adjusted for multiple comparisons.
full screen,signals,BenchmarkCompileFull/lz4,wago,memory,allocs/op,149,151,2,1.342281879194629,0.0021645021645021645,true,6,100ms,Measured increase; p-values are not adjusted for multiple comparisons.
full screen,explicit,BenchmarkCompileFull/mandelbrot,wago,memory,allocs/op,94,96,2,2.127659574468077,0.0021645021645021645,true,6,100ms,Measured increase; p-values are not adjusted for multiple comparisons.
full screen,signals,BenchmarkCompileFull/mandelbrot,wago,memory,allocs/op,94,96,2,2.127659574468077,0.0021645021645021645,true,6,100ms,Measured increase; p-values are not adjusted for multiple comparisons.
full screen,explicit,BenchmarkCompileFull/many_funcs,wago,memory,allocs/op,84,86,2,2.3809523809523725,0.0021645021645021645,true,6,100ms,Measured increase; p-values are not adjusted for multiple comparisons.
full screen,signals,BenchmarkCompileFull/many_funcs,wago,memory,allocs/op,84,86,2,2.3809523809523725,0.0021645021645021645,true,6,100ms,Measured increase; p-values are not adjusted for multiple comparisons.
full screen,explicit,BenchmarkCompileFull/matmul,wago,memory,allocs/op,149,151,2,1.342281879194629,0.0021645021645021645,true,6,100ms,Measured increase; p-values are not adjusted for multiple comparisons.
full screen,signals,BenchmarkCompileFull/matmul,wago,memory,allocs/op,146,148,2,1.3698630136986356,0.0021645021645021645,true,6,100ms,Measured increase; p-values are not adjusted for multiple comparisons.
full screen,explicit,BenchmarkCompileFull/memory,wago,memory,allocs/op,90,92,2,2.2222222222222143,0.0021645021645021645,true,6,100ms,Measured increase; p-values are not adjusted for multiple comparisons.
full screen,signals,BenchmarkCompileFull/memory,wago,memory,allocs/op,89,91,2,2.2471910112359605,0.0021645021645021645,true,6,100ms,Measured increase; p-values are not adjusted for multiple comparisons.
full screen,explicit,BenchmarkCompileFull/memory_tree,wago,memory,allocs/op,112,114,2,1.7857142857142794,0.0021645021645021645,true,6,100ms,Measured increase; p-values are not adjusted for multiple comparisons.
full screen,signals,BenchmarkCompileFull/memory_tree,wago,memory,allocs/op,111,113,2,1.8018018018018056,0.0021645021645021645,true,6,100ms,Measured increase; p-values are not adjusted for multiple comparisons.
full screen,explicit,BenchmarkCompileFull/nbody,wago,memory,allocs/op,154,156,2,1.298701298701288,0.0021645021645021645,true,6,100ms,Measured increase; p-values are not adjusted for multiple comparisons.
full screen,signals,BenchmarkCompileFull/nbody,wago,memory,allocs/op,147,149,2,1.3605442176870763,0.0021645021645021645,true,6,100ms,Measured increase; p-values are not adjusted for multiple comparisons.
full screen,explicit,BenchmarkCompileFull/qoi,wago,memory,allocs/op,202,204,2,0.990099009900991,0.0021645021645021645,true,6,100ms,Measured increase; p-values are not adjusted for multiple comparisons.
full screen,signals,BenchmarkCompileFull/qoi,wago,memory,allocs/op,195,197,2,1.025641025641022,0.0021645021645021645,true,6,100ms,Measured increase; p-values are not adjusted for multiple comparisons.
full screen,explicit,BenchmarkCompileFull/quicksort,wago,memory,allocs/op,174,176,2,1.1494252873563315,0.0021645021645021645,true,6,100ms,Measured increase; p-values are not adjusted for multiple comparisons.
full screen,signals,BenchmarkCompileFull/quicksort,wago,memory,allocs/op,170,172,2,1.17647058823529,0.0021645021645021645,true,6,100ms,Measured increase; p-values are not adjusted for multiple comparisons.
full screen,explicit,BenchmarkCompileFull/raytrace,wago,memory,allocs/op,185,187,2,1.08108108108107,0.0021645021645021645,true,6,100ms,Measured increase; p-values are not adjusted for multiple comparisons.
full screen,signals,BenchmarkCompileFull/raytrace,wago,memory,allocs/op,178,180,2,1.1235955056179803,0.0021645021645021645,true,6,100ms,Measured increase; p-values are not adjusted for multiple comparisons.
full screen,explicit,BenchmarkCompileFull/sha256,wago,memory,allocs/op,157,159,2,1.273885350318471,0.0021645021645021645,true,6,100ms,Measured increase; p-values are not adjusted for multiple comparisons.
full screen,signals,BenchmarkCompileFull/sha256,wago,memory,allocs/op,152,154,2,1.3157894736842035,0.0021645021645021645,true,6,100ms,Measured increase; p-values are not adjusted for multiple comparisons.
full screen,explicit,BenchmarkCompileFull/sieve,wago,memory,allocs/op,91,93,2,2.19780219780219,0.0021645021645021645,true,6,100ms,Measured increase; p-values are not adjusted for multiple comparisons.
full screen,signals,BenchmarkCompileFull/sieve,wago,memory,allocs/op,88,90,2,2.2727272727272707,0.0021645021645021645,true,6,100ms,Measured increase; p-values are not adjusted for multiple comparisons.
full screen,explicit,BenchmarkCompileFull/spectralnorm,wago,memory,allocs/op,147,149,2,1.3605442176870763,0.0021645021645021645,true,6,100ms,Measured increase; p-values are not adjusted for multiple comparisons.
full screen,signals,BenchmarkCompileFull/spectralnorm,wago,memory,allocs/op,143,145,2,1.3986013986013957,0.0021645021645021645,true,6,100ms,Measured increase; p-values are not adjusted for multiple comparisons.
full screen,explicit,BenchmarkCompileFull/swar-pack-parse,wago,memory,allocs/op,92,94,2,2.1739130434782705,0.0021645021645021645,true,6,100ms,Measured increase; p-values are not adjusted for multiple comparisons.
full screen,signals,BenchmarkCompileFull/swar-pack-parse,wago,memory,allocs/op,92,94,2,2.1739130434782705,0.0021645021645021645,true,6,100ms,Measured increase; p-values are not adjusted for multiple comparisons.
full screen,explicit,BenchmarkCompileFull/tiny,wago,memory,allocs/op,75,77,2,2.6666666666666616,0.0021645021645021645,true,6,100ms,Measured increase; p-values are not adjusted for multiple comparisons.
full screen,signals,BenchmarkCompileFull/tiny,wago,memory,allocs/op,75,77,2,2.6666666666666616,0.0021645021645021645,true,6,100ms,Measured increase; p-values are not adjusted for multiple comparisons.
full screen,explicit,BenchmarkCompileFull/utf-as,wago,memory,allocs/op,155,157,2,1.2903225806451646,0.0021645021645021645,true,6,100ms,Measured increase; p-values are not adjusted for multiple comparisons.
full screen,signals,BenchmarkCompileFull/utf-as,wago,memory,allocs/op,148,150,2,1.3513513513513598,0.0021645021645021645,true,6,100ms,Measured increase; p-values are not adjusted for multiple comparisons.
full screen,explicit,BenchmarkCompileFull/xjb-mulhi,wago,memory,allocs/op,94,96,2,2.127659574468077,0.0021645021645021645,true,6,100ms,Measured increase; p-values are not adjusted for multiple comparisons.
full screen,signals,BenchmarkCompileFull/xjb-mulhi,wago,memory,allocs/op,94,96,2,2.127659574468077,0.0021645021645021645,true,6,100ms,Measured increase; p-values are not adjusted for multiple comparisons.
full screen,explicit,BenchmarkCompileFull/zlib,wago,memory,allocs/op,312,314,2,0.6410256410256387,0.0021645021645021645,true,6,100ms,Measured increase; p-values are not adjusted for multiple comparisons.
full screen,signals,BenchmarkCompileFull/zlib,wago,memory,allocs/op,307,309,2,0.6514657980456029,0.0021645021645021645,true,6,100ms,Measured increase; p-values are not adjusted for multiple comparisons.
full screen,explicit,BenchmarkCompileFullWorkers/fib_rec/auto,wago,memory,allocs/op,82,84,2,2.4390243902439046,0.0021645021645021645,true,6,100ms,Measured increase; p-values are not adjusted for multiple comparisons.
full screen,signals,BenchmarkCompileFullWorkers/fib_rec/auto,wago,memory,allocs/op,82,84,2,2.4390243902439046,0.0021645021645021645,true,6,100ms,Measured increase; p-values are not adjusted for multiple comparisons.
full screen,explicit,BenchmarkCompileFullWorkers/fib_rec/p1,wago,memory,allocs/op,82,84,2,2.4390243902439046,0.0021645021645021645,true,6,100ms,Measured increase; p-values are not adjusted for multiple comparisons.
full screen,signals,BenchmarkCompileFullWorkers/fib_rec/p1,wago,memory,allocs/op,82,84,2,2.4390243902439046,0.0021645021645021645,true,6,100ms,Measured increase; p-values are not adjusted for multiple comparisons.
full screen,explicit,BenchmarkCompileFullWorkers/fib_rec/p2,wago,memory,allocs/op,82,84,2,2.4390243902439046,0.0021645021645021645,true,6,100ms,Measured increase; p-values are not adjusted for multiple comparisons.
full screen,signals,BenchmarkCompileFullWorkers/fib_rec/p2,wago,memory,allocs/op,82,84,2,2.4390243902439046,0.0021645021645021645,true,6,100ms,Measured increase; p-values are not adjusted for multiple comparisons.
full screen,explicit,BenchmarkCompileFullWorkers/fib_rec/p4,wago,memory,allocs/op,82,84,2,2.4390243902439046,0.0021645021645021645,true,6,100ms,Measured increase; p-values are not adjusted for multiple comparisons.
full screen,signals,BenchmarkCompileFullWorkers/fib_rec/p4,wago,memory,allocs/op,82,84,2,2.4390243902439046,0.0021645021645021645,true,6,100ms,Measured increase; p-values are not adjusted for multiple comparisons.
full screen,explicit,BenchmarkCompileFullWorkers/fib_rec/p8,wago,memory,allocs/op,82,84,2,2.4390243902439046,0.0021645021645021645,true,6,100ms,Measured increase; p-values are not adjusted for multiple comparisons.
full screen,signals,BenchmarkCompileFullWorkers/fib_rec/p8,wago,memory,allocs/op,82,84,2,2.4390243902439046,0.0021645021645021645,true,6,100ms,Measured increase; p-values are not adjusted for multiple comparisons.
full screen,explicit,BenchmarkCompileFullWorkers/json-as/p1,wago,memory,allocs/op,404,406,2,0.4950495049504955,0.0021645021645021645,true,6,100ms,Measured increase; p-values are not adjusted for multiple comparisons.
full screen,signals,BenchmarkCompileFullWorkers/json-as/p1,wago,memory,allocs/op,403,405,2,0.496277915632759,0.0021645021645021645,true,6,100ms,Measured increase; p-values are not adjusted for multiple comparisons.
full screen,explicit,BenchmarkCompileFullWorkers/lua/p1,wago,memory,allocs/op,2537,2539,2,0.07883326763893361,0.0021645021645021645,true,6,100ms,Measured increase; p-values are not adjusted for multiple comparisons.
full screen,signals,BenchmarkCompileFullWorkers/lua/p1,wago,memory,allocs/op,2528,2530,2,0.07911392405062223,0.0021645021645021645,true,6,100ms,Measured increase; p-values are not adjusted for multiple comparisons.
full screen,explicit,BenchmarkCompileFullWorkers/many_funcs/p1,wago,memory,allocs/op,83,85,2,2.4096385542168752,0.0021645021645021645,true,6,100ms,Measured increase; p-values are not adjusted for multiple comparisons.
full screen,signals,BenchmarkCompileFullWorkers/many_funcs/p1,wago,memory,allocs/op,83,85,2,2.4096385542168752,0.0021645021645021645,true,6,100ms,Measured increase; p-values are not adjusted for multiple comparisons.
full screen,explicit,BenchmarkCompileFullWorkers/tiny/auto,wago,memory,allocs/op,74,76,2,2.7027027027026973,0.0021645021645021645,true,6,100ms,Measured increase; p-values are not adjusted for multiple comparisons.
full screen,signals,BenchmarkCompileFullWorkers/tiny/auto,wago,memory,allocs/op,74,76,2,2.7027027027026973,0.0021645021645021645,true,6,100ms,Measured increase; p-values are not adjusted for multiple comparisons.
full screen,explicit,BenchmarkCompileFullWorkers/tiny/p1,wago,memory,allocs/op,74,76,2,2.7027027027026973,0.0021645021645021645,true,6,100ms,Measured increase; p-values are not adjusted for multiple comparisons.
full screen,signals,BenchmarkCompileFullWorkers/tiny/p1,wago,memory,allocs/op,74,76,2,2.7027027027026973,0.0021645021645021645,true,6,100ms,Measured increase; p-values are not adjusted for multiple comparisons.
full screen,explicit,BenchmarkCompileMultiModuleThroughput/json-as/p1,wago,memory,allocs/op,404,406,2,0.4950495049504955,0.0021645021645021645,true,6,100ms,Measured increase; p-values are not adjusted for multiple comparisons.
full screen,signals,BenchmarkCompileMultiModuleThroughput/json-as/p1,wago,memory,allocs/op,403,405,2,0.496277915632759,0.0021645021645021645,true,6,100ms,Measured increase; p-values are not adjusted for multiple comparisons.
full screen,explicit,BenchmarkCompileMultiModuleThroughput/many_funcs/p1,wago,memory,allocs/op,83,85,2,2.4096385542168752,0.0021645021645021645,true,6,100ms,Measured increase; p-values are not adjusted for multiple comparisons.
full screen,signals,BenchmarkCompileMultiModuleThroughput/many_funcs/p1,wago,memory,allocs/op,83,85,2,2.4096385542168752,0.0021645021645021645,true,6,100ms,Measured increase; p-values are not adjusted for multiple comparisons.
full screen,explicit,BenchmarkCompileWorkers/sqlite3/p1,wago,memory,allocs/op,2528,2530,2,0.07911392405062223,0.0021645021645021645,true,6,100ms,Measured increase; p-values are not adjusted for multiple comparisons.
full screen,signals,BenchmarkCompileWorkers/sqlite3/p1,wago,memory,allocs/op,2528,2530,2,0.07911392405062223,0.0021645021645021645,true,6,100ms,Measured increase; p-values are not adjusted for multiple comparisons.
full screen,explicit,BenchmarkCompileWorkers/tiny/p2,wago,memory,allocs/op,41,43,2,4.878048780487809,0.0021645021645021645,true,6,100ms,Measured increase; p-values are not adjusted for multiple comparisons.
full screen,signals,BenchmarkCompileWorkers/tiny/p2,wago,memory,allocs/op,41,43,2,4.878048780487809,0.0021645021645021645,true,6,100ms,Measured increase; p-values are not adjusted for multiple comparisons.
full screen,explicit,BenchmarkCompileWorkers/tiny/p4,wago,memory,allocs/op,41,43,2,4.878048780487809,0.0021645021645021645,true,6,100ms,Measured increase; p-values are not adjusted for multiple comparisons.
full screen,signals,BenchmarkCompileWorkers/tiny/p4,wago,memory,allocs/op,41,43,2,4.878048780487809,0.0021645021645021645,true,6,100ms,Measured increase; p-values are not adjusted for multiple comparisons.
full screen,explicit,BenchmarkCompileWorkers/tiny/p8,wago,memory,allocs/op,41,43,2,4.878048780487809,0.0021645021645021645,true,6,100ms,Measured increase; p-values are not adjusted for multiple comparisons.
full screen,signals,BenchmarkCompileWorkers/tiny/p8,wago,memory,allocs/op,41,43,2,4.878048780487809,0.0021645021645021645,true,6,100ms,Measured increase; p-values are not adjusted for multiple comparisons.
full screen,explicit,BenchmarkCompileWorkers/ruby/p2,wago,memory,allocs/op,11672,11673.5,1.5,0.012851267991775828,1,false,6,100ms,Measured increase; p-values are not adjusted for multiple comparisons.
full screen,explicit,BenchmarkCompileCommuteSelfUpdate/blake-as-simd/off,wago,memory,allocs/op,248,249,1,0.40322580645162365,0.0021645021645021645,true,6,100ms,Measured increase; p-values are not adjusted for multiple comparisons.
full screen,signals,BenchmarkCompileCommuteSelfUpdate/blake-as-simd/off,wago,memory,allocs/op,248,249,1,0.40322580645162365,0.0021645021645021645,true,6,100ms,Measured increase; p-values are not adjusted for multiple comparisons.
full screen,explicit,BenchmarkCompileCommuteSelfUpdate/blake-as-simd/on,wago,memory,allocs/op,248,249,1,0.40322580645162365,0.0021645021645021645,true,6,100ms,Measured increase; p-values are not adjusted for multiple comparisons.
full screen,signals,BenchmarkCompileCommuteSelfUpdate/blake-as-simd/on,wago,memory,allocs/op,248,249,1,0.40322580645162365,0.0021645021645021645,true,6,100ms,Measured increase; p-values are not adjusted for multiple comparisons.
full screen,explicit,BenchmarkCompileFull/blake-as-simd,wago,memory,allocs/op,249,250,1,0.40160642570281624,0.0021645021645021645,true,6,100ms,Measured increase; p-values are not adjusted for multiple comparisons.
full screen,signals,BenchmarkCompileFull/blake-as-simd,wago,memory,allocs/op,249,250,1,0.40160642570281624,0.0021645021645021645,true,6,100ms,Measured increase; p-values are not adjusted for multiple comparisons.
full screen,explicit,BenchmarkCompileFull/lua,wago,memory,allocs/op,2538,2539,1,0.03940110323088497,0.0021645021645021645,true,6,100ms,Measured increase; p-values are not adjusted for multiple comparisons.
full screen,signals,BenchmarkCompileFull/lua,wago,memory,allocs/op,2529,2530,1,0.03954132068011429,0.0021645021645021645,true,6,100ms,Measured increase; p-values are not adjusted for multiple comparisons.
full screen,explicit,BenchmarkCompileFull/sqlite3,wago,memory,allocs/op,7917,7918,1,0.012631047113798033,0.0021645021645021645,true,6,100ms,Measured increase; p-values are not adjusted for multiple comparisons.
full screen,explicit,BenchmarkCompileFullWorkers/many_funcs/p2,wago,memory,allocs/op,116,117,1,0.8620689655172376,0.0021645021645021645,true,6,100ms,Measured increase; p-values are not adjusted for multiple comparisons.
full screen,signals,BenchmarkCompileFullWorkers/many_funcs/p2,wago,memory,allocs/op,116,117,1,0.8620689655172376,0.0021645021645021645,true,6,100ms,Measured increase; p-values are not adjusted for multiple comparisons.
full screen,signals,BenchmarkValidateWorkers/esbuild/p4,wago,memory,allocs/op,4215,4215.5,0.5,0.011862396204032066,0.645021645021645,false,6,100ms,Measured increase; p-values are not adjusted for multiple comparisons.
full screen,signals,BenchmarkValidateWorkers/ruby/p4,wago,memory,allocs/op,3982.5,3983,0.5,0.012554927809160787,0.18181818181818182,false,6,100ms,Measured increase; p-values are not adjusted for multiple comparisons.
full screen,explicit,BenchmarkCompileFullWorkers/esbuild/p2,wago,memory,B/op,177939516,178700272,760756,0.4275362871055677,0.24025974025974026,false,6,100ms,Measured increase; p-values are not adjusted for multiple comparisons.
full screen,signals,BenchmarkCompileWorkers/esbuild/p4,wago,memory,B/op,121454328,122126450,672122,0.5533948530841881,0.3939393939393939,false,6,100ms,Measured increase; p-values are not adjusted for multiple comparisons.
full screen,explicit,BenchmarkCompileWorkers/esbuild/p8,wago,memory,B/op,132350596,132946718,596122,0.4504112697762297,0.8181818181818182,false,6,100ms,Measured increase; p-values are not adjusted for multiple comparisons.
full screen,signals,BenchmarkCompileFullWorkers/esbuild/p8,wago,memory,B/op,192750816,193301664,550848,0.28578244773811434,0.5887445887445888,false,6,100ms,Measured increase; p-values are not adjusted for multiple comparisons.
full screen,explicit,BenchmarkCompileFullWorkers/esbuild/p4,wago,memory,B/op,186086064,186597388,511324,0.27477823379615796,0.5887445887445888,false,6,100ms,Measured increase; p-values are not adjusted for multiple comparisons.
full screen,signals,BenchmarkCompileWorkers/sqlite3/p4,wago,memory,B/op,14020988,14355969,334981,2.389139766755388,0.48484848484848486,false,6,100ms,Measured increase; p-values are not adjusted for multiple comparisons.
full screen,explicit,BenchmarkCompileFullWorkers/sqlite3/p2,wago,memory,B/op,14459118,14762900,303782,2.1009718573428815,0.0021645021645021645,true,6,100ms,Measured increase; p-values are not adjusted for multiple comparisons.
full screen,signals,BenchmarkCompileFullWorkers/ruby/auto,wago,memory,B/op,158344660,158633176,288516,0.18220759702285427,0.5887445887445888,false,6,100ms,Measured increase; p-values are not adjusted for multiple comparisons.
full screen,signals,BenchmarkCompileFullWorkers/ruby/p8,wago,memory,B/op,163832292,164117860,285568,0.1743050753388653,0.24025974025974026,false,6,100ms,Measured increase; p-values are not adjusted for multiple comparisons.
full screen,explicit,BenchmarkCompileWorkers/ruby/p8,wago,memory,B/op,139107480,139320162,212682,0.15289041250692303,0.5887445887445888,false,6,100ms,Measured increase; p-values are not adjusted for multiple comparisons.
full screen,signals,BenchmarkCompileFullWorkers/sqlite3/p4,wago,memory,B/op,15170354,15367515,197161,1.2996466661226336,0.30952380952380953,false,6,100ms,Measured increase; p-values are not adjusted for multiple comparisons.
full screen,signals,BenchmarkCompileWorkers/esbuild/p2,wago,memory,B/op,111884104,112076000,191896,0.17151319368835516,0.24025974025974026,false,6,100ms,Measured increase; p-values are not adjusted for multiple comparisons.
full screen,explicit,BenchmarkCompileWorkers/ruby/p4,wago,memory,B/op,133448084,133629672,181588,0.13607389072742837,0.9372294372294372,false,6,100ms,Measured increase; p-values are not adjusted for multiple comparisons.
full screen,signals,BenchmarkCompileFullWorkers/esbuild/p2,wago,memory,B/op,174216972,174382144,165172,0.09480821420773111,0.48484848484848486,false,6,100ms,Measured increase; p-values are not adjusted for multiple comparisons.
full screen,signals,BenchmarkCompileFullWorkers/sqlite3/p8,wago,memory,B/op,16983802.5,17145138.5,161336,0.9499403917350158,0.025974025974025976,true,6,100ms,Measured increase; p-values are not adjusted for multiple comparisons.
full screen,explicit,BenchmarkCompileWorkers/sqlite3/p4,wago,memory,B/op,14199640,14354244.5,154604.5,1.0887916876765935,0.8181818181818182,false,6,100ms,Measured increase; p-values are not adjusted for multiple comparisons.
full screen,signals,BenchmarkCompileWorkers/ruby/p4,wago,memory,B/op,133311860,133453648,141788,0.10635812897668018,0.5887445887445888,false,6,100ms,Measured increase; p-values are not adjusted for multiple comparisons.
full screen,signals,BenchmarkCompileFullWorkers/sqlite3/auto,wago,memory,B/op,15300644,15441426.5,140782.5,0.9201083300807378,0.13203463203463203,false,6,100ms,Measured increase; p-values are not adjusted for multiple comparisons.
full screen,signals,BenchmarkCompileWorkers/sqlite3/p2,wago,memory,B/op,12301688,12431616,129928,1.0561802575386414,0.13203463203463203,false,6,100ms,Measured increase; p-values are not adjusted for multiple comparisons.
full screen,signals,BenchmarkCompileWorkers/ruby/p8,wago,memory,B/op,139513076,139634080,121004,0.08673308873212715,0.8181818181818182,false,6,100ms,Measured increase; p-values are not adjusted for multiple comparisons.
full screen,signals,BenchmarkValidateWorkers/esbuild/p4,wago,memory,B/op,4312014,4430734,118720,2.7532378141629454,0.6991341991341992,false,6,100ms,Measured increase; p-values are not adjusted for multiple comparisons.
full screen,explicit,BenchmarkCompileFullWorkers/esbuild/auto,wago,memory,B/op,188182324,188285044,102720,0.05458536052513896,0.9372294372294372,false,6,100ms,Measured increase; p-values are not adjusted for multiple comparisons.
full screen,explicit,BenchmarkCompileWorkers/esbuild/p2,wago,memory,B/op,113454768,113541864,87096,0.07676715711057991,0.6991341991341992,false,6,100ms,Measured increase; p-values are not adjusted for multiple comparisons.
full screen,signals,BenchmarkCompileFullWorkers/lua/p8,wago,memory,B/op,5448018,5511695,63677,1.1688103820508777,0.0021645021645021645,true,6,100ms,Measured increase; p-values are not adjusted for multiple comparisons.
full screen,signals,BenchmarkCompileFullWorkers/lua/p4,wago,memory,B/op,4713884.5,4762253.5,48369,1.0260964179330312,0.004329004329004329,true,6,100ms,Measured increase; p-values are not adjusted for multiple comparisons.
full screen,explicit,BenchmarkCompileFullWorkers/lua/p4,wago,memory,B/op,4874037.5,4921931.5,47894,0.9826350330706335,0.025974025974025976,true,6,100ms,Measured increase; p-values are not adjusted for multiple comparisons.
full screen,explicit,BenchmarkCompileFullWorkers/lua/auto,wago,memory,B/op,4873426.5,4920285,46858.5,0.9615103459547303,0.025974025974025976,true,6,100ms,Measured increase; p-values are not adjusted for multiple comparisons.
full screen,explicit,BenchmarkValidateWorkers/esbuild/p4,wago,memory,B/op,4352962,4396152,43190,0.9921979562422134,0.30952380952380953,false,6,100ms,Measured increase; p-values are not adjusted for multiple comparisons.
full screen,signals,BenchmarkCompileFullWorkers/lua/auto,wago,memory,B/op,4719686.5,4760034,40347.5,0.8548766957296783,0.015151515151515152,true,6,100ms,Measured increase; p-values are not adjusted for multiple comparisons.
full screen,signals,BenchmarkWazeroCompile/ruby,wazero,memory,B/op,431530144,431567072,36928,0.008557455490287857,0.05844155844155844,false,6,100ms,Measured increase; p-values are not adjusted for multiple comparisons.
full screen,explicit,BenchmarkWazeroCompile/ruby,wazero,memory,B/op,431530152,431567072,36920,0.008555601463511309,0.37445887445887444,false,6,100ms,Measured increase; p-values are not adjusted for multiple comparisons.
full screen,explicit,BenchmarkCompileWorkers/lua/p4,wago,memory,B/op,4386339.5,4422187,35847.5,0.8172532016730516,0.04112554112554113,true,6,100ms,Measured increase; p-values are not adjusted for multiple comparisons.
full screen,signals,BenchmarkCompileFullWorkers/esbuild/p4,wago,memory,B/op,182043224,182078764,35540,0.01952283596120541,0.9372294372294372,false,6,100ms,Measured increase; p-values are not adjusted for multiple comparisons.
full screen,signals,BenchmarkCompileWorkers/lua/p8,wago,memory,B/op,5295758,5320964.5,25206.5,0.4759752994755395,0.24025974025974026,false,6,100ms,Measured increase; p-values are not adjusted for multiple comparisons.
full screen,signals,BenchmarkCompileWorkers/lua/p4,wago,memory,B/op,4400922.5,4425189,24266.5,0.551395758502915,0.13203463203463203,false,6,100ms,Measured increase; p-values are not adjusted for multiple comparisons.
full screen,explicit,BenchmarkCompileWorkers/lua/p8,wago,memory,B/op,5297014.5,5320044.5,23030,0.4347732104565738,0.09307359307359307,false,6,100ms,Measured increase; p-values are not adjusted for multiple comparisons.
full screen,explicit,BenchmarkCompileWorkers/lua/p2,wago,memory,B/op,3893632,3913606.5,19974.5,0.5130043106282178,0.04112554112554113,true,6,100ms,Measured increase; p-values are not adjusted for multiple comparisons.
full screen,signals,BenchmarkCompileWorkers/lua/p2,wago,memory,B/op,3895300.5,3913462,18161.5,0.46624130795558383,0.0021645021645021645,true,6,100ms,Measured increase; p-values are not adjusted for multiple comparisons.
full screen,explicit,BenchmarkCompileFullWorkers/lua/p2,wago,memory,B/op,4394835,4409214.5,14379.5,0.32719089567641024,0.17965367965367965,false,6,100ms,Measured increase; p-values are not adjusted for multiple comparisons.
full screen,explicit,BenchmarkCompileFullWorkers/lua/p8,wago,memory,B/op,5852623.5,5866425,13801.5,0.2358173219240811,0.6991341991341992,false,6,100ms,Measured increase; p-values are not adjusted for multiple comparisons.
full screen,signals,BenchmarkCompileCommuteSelfUpdate/sqlite3/off,wago,memory,B/op,4264884,4275244,10360,0.24291399250249146,0.0021645021645021645,true,6,100ms,Measured increase; p-values are not adjusted for multiple comparisons.
full screen,explicit,BenchmarkCompileCommuteSelfUpdate/sqlite3/on,wago,memory,B/op,4330740,4341100,10360,0.23922008709826859,0.0021645021645021645,true,6,100ms,Measured increase; p-values are not adjusted for multiple comparisons.
full screen,signals,BenchmarkCompileCommuteSelfUpdate/sqlite3/on,wago,memory,B/op,4264884,4275244,10360,0.24291399250249146,0.0021645021645021645,true,6,100ms,Measured increase; p-values are not adjusted for multiple comparisons.
full screen,signals,BenchmarkCompileFull/sqlite3,wago,memory,B/op,4265028,4275388,10360,0.24290579100536558,0.0021645021645021645,true,6,100ms,Measured increase; p-values are not adjusted for multiple comparisons.
full screen,signals,BenchmarkCompileFullWorkers/sqlite3/p1,wago,memory,B/op,4265028,4275388,10360,0.24290579100536558,0.0021645021645021645,true,6,100ms,Measured increase; p-values are not adjusted for multiple comparisons.
full screen,explicit,BenchmarkCompileCommuteSelfUpdate/sqlite3/off,wago,memory,B/op,4330978,4341100,10122,0.23371164665348942,0.0021645021645021645,true,6,100ms,Measured increase; p-values are not adjusted for multiple comparisons.
full screen,explicit,BenchmarkCompileFull/sqlite3,wago,memory,B/op,4331576,4341244,9668,0.22319820776548482,0.0021645021645021645,true,6,100ms,Measured increase; p-values are not adjusted for multiple comparisons.
full screen,explicit,BenchmarkCompileFullWorkers/sqlite3/p1,wago,memory,B/op,4331720,4341244,9524,0.21986647336393883,0.0021645021645021645,true,6,100ms,Measured increase; p-values are not adjusted for multiple comparisons.
full screen,signals,BenchmarkCompileFullWorkers/lua/p2,wago,memory,B/op,4229993.5,4239368.5,9375,0.22163154624232906,0.025974025974025976,true,6,100ms,Measured increase; p-values are not adjusted for multiple comparisons.
full screen,signals,BenchmarkCompileFullWorkers/json-as/p8,wago,memory,B/op,830438.5,838161,7722.5,0.9299303921964208,0.0021645021645021645,true,6,100ms,Measured increase; p-values are not adjusted for multiple comparisons.
full screen,signals,BenchmarkCompileMultiModuleThroughput/json-as/auto,wago,memory,B/op,631259,638729.5,7470.5,1.1834286719080378,0.0021645021645021645,true,6,100ms,Measured increase; p-values are not adjusted for multiple comparisons.
full screen,explicit,BenchmarkCompileFullWorkers/json-as/p8,wago,memory,B/op,875632,882214.5,6582.5,0.7517427412429001,0.004329004329004329,true,6,100ms,Measured increase; p-values are not adjusted for multiple comparisons.
full screen,explicit,BenchmarkCompileFull/regexmatch,wago,memory,B/op,2433516,2439632,6116,0.2513235992695373,0.0021645021645021645,true,6,100ms,Measured increase; p-values are not adjusted for multiple comparisons.
full screen,signals,BenchmarkCompileFullWorkers/json-as/auto,wago,memory,B/op,632731.5,638808,6076.5,0.9603599631123227,0.0021645021645021645,true,6,100ms,Measured increase; p-values are not adjusted for multiple comparisons.
full screen,signals,BenchmarkCompileFull/regexmatch,wago,memory,B/op,2397580,2403648,6068,0.25308853093535255,0.0021645021645021645,true,6,100ms,Measured increase; p-values are not adjusted for multiple comparisons.
full screen,signals,BenchmarkCompileFullWorkers/json-as/p4,wago,memory,B/op,633075,638950.5,5875.5,0.9280890889705073,0.0021645021645021645,true,6,100ms,Measured increase; p-values are not adjusted for multiple comparisons.
full screen,signals,BenchmarkCompileWorkers/json-as/p4,wago,memory,B/op,550640.5,556282.5,5642,1.0246249594790147,0.0021645021645021645,true,6,100ms,Measured increase; p-values are not adjusted for multiple comparisons.
full screen,explicit,BenchmarkCompileMultiModuleThroughput/json-as/auto,wago,memory,B/op,714255,719503.5,5248.5,0.7348215973286942,0.0021645021645021645,true,6,100ms,Measured increase; p-values are not adjusted for multiple comparisons.
full screen,explicit,BenchmarkCompileWorkers/json-as/p8,wago,memory,B/op,748800,753562,4762,0.6359508547008508,0.015151515151515152,true,6,100ms,Measured increase; p-values are not adjusted for multiple comparisons.
full screen,explicit,BenchmarkCompileFullWorkers/json-as/p2,wago,memory,B/op,527982,532514.5,4532.5,0.8584572958926673,0.0021645021645021645,true,6,100ms,Measured increase; p-values are not adjusted for multiple comparisons.
full screen,explicit,BenchmarkCompileFullWorkers/json-as/p4,wago,memory,B/op,661774,666012.5,4238.5,0.640475449322575,0.0021645021645021645,true,6,100ms,Measured increase; p-values are not adjusted for multiple comparisons.
full screen,explicit,BenchmarkCompileWorkers/json-as/p4,wago,memory,B/op,551923.5,556159,4235.5,0.7674070772489383,0.0021645021645021645,true,6,100ms,Measured increase; p-values are not adjusted for multiple comparisons.
full screen,explicit,BenchmarkCompileFull/wasm3,wago,memory,B/op,960099,964288,4189,0.4363091722832779,0.0021645021645021645,true,6,100ms,Measured increase; p-values are not adjusted for multiple comparisons.
full screen,signals,BenchmarkCompileWorkers/json-as/p8,wago,memory,B/op,747320,751505.5,4185.5,0.5600679762350902,0.004329004329004329,true,6,100ms,Measured increase; p-values are not adjusted for multiple comparisons.
full screen,signals,BenchmarkCompileFull/wasm3,wago,memory,B/op,947835,952008,4173,0.4402665020810659,0.0021645021645021645,true,6,100ms,Measured increase; p-values are not adjusted for multiple comparisons.
full screen,signals,BenchmarkCompileFullWorkers/json-as/p2,wago,memory,B/op,511700.5,515710.5,4010,0.7836615363870036,0.0021645021645021645,true,6,100ms,Measured increase; p-values are not adjusted for multiple comparisons.
full screen,explicit,BenchmarkCompileFullWorkers/json-as/auto,wago,memory,B/op,662716,666383,3667,0.5533290278188607,0.09307359307359307,false,6,100ms,Measured increase; p-values are not adjusted for multiple comparisons.
full screen,signals,BenchmarkCompileWorkers/json-as/p2,wago,memory,B/op,433431.5,436446,3014.5,0.6954962894944128,0.0021645021645021645,true,6,100ms,Measured increase; p-values are not adjusted for multiple comparisons.
full screen,explicit,BenchmarkCompileWorkers/json-as/p2,wago,memory,B/op,433623.5,436379,2755.5,0.6354591021934919,0.0021645021645021645,true,6,100ms,Measured increase; p-values are not adjusted for multiple comparisons.
full screen,signals,BenchmarkCompileFull/many_funcs,wago,memory,B/op,159122,161617,2495,1.567979286333765,0.0021645021645021645,true,6,100ms,Measured increase; p-values are not adjusted for multiple comparisons.
full screen,explicit,BenchmarkCompileFullWorkers/many_funcs/p1,wago,memory,B/op,158979,161474,2495,1.5693896678177666,0.0021645021645021645,true,6,100ms,Measured increase; p-values are not adjusted for multiple comparisons.
full screen,explicit,BenchmarkCompileFull/many_funcs,wago,memory,B/op,159123,161617,2494,1.567340987789323,0.0021645021645021645,true,6,100ms,Measured increase; p-values are not adjusted for multiple comparisons.
full screen,signals,BenchmarkCompileFullWorkers/many_funcs/p1,wago,memory,B/op,158980,161474,2494,1.5687507862624184,0.0021645021645021645,true,6,100ms,Measured increase; p-values are not adjusted for multiple comparisons.
full screen,explicit,BenchmarkCompileMultiModuleThroughput/many_funcs/p1,wago,memory,B/op,159017,161510.5,2493.5,1.5680713382845823,0.0021645021645021645,true,6,100ms,Measured increase; p-values are not adjusted for multiple comparisons.
full screen,signals,BenchmarkCompileMultiModuleThroughput/many_funcs/p1,wago,memory,B/op,159015.5,161505,2489.5,1.5655706519175805,0.0021645021645021645,true,6,100ms,Measured increase; p-values are not adjusted for multiple comparisons.
full screen,explicit,BenchmarkValidateWorkers/sqlite3/p2,wago,memory,B/op,144413.5,146599.5,2186,1.5137088984063185,0.06493506493506493,false,6,100ms,Measured increase; p-values are not adjusted for multiple comparisons.
full screen,signals,BenchmarkCompileFull/lua,wago,memory,B/op,1184737,1186845,2108,0.17792978526036674,0.0021645021645021645,true,6,100ms,Measured increase; p-values are not adjusted for multiple comparisons.
full screen,signals,BenchmarkCompileFullWorkers/lua/p1,wago,memory,B/op,1184651,1186742,2091,0.17650768032104747,0.0021645021645021645,true,6,100ms,Measured increase; p-values are not adjusted for multiple comparisons.
full screen,explicit,BenchmarkCompileFull/lua,wago,memory,B/op,1224278,1226350,2072,0.16924260666286717,0.0021645021645021645,true,6,100ms,Measured increase; p-values are not adjusted for multiple comparisons.
full screen,explicit,BenchmarkCompileFullWorkers/lua/p1,wago,memory,B/op,1224206,1226254,2048,0.16729210606711842,0.0021645021645021645,true,6,100ms,Measured increase; p-values are not adjusted for multiple comparisons.
full screen,explicit,BenchmarkCompileFullWorkers/many_funcs/p2,wago,memory,B/op,236099,238139.5,2040.5,0.8642560959597478,0.0021645021645021645,true,6,100ms,Measured increase; p-values are not adjusted for multiple comparisons.
full screen,signals,BenchmarkCompileFullWorkers/many_funcs/p2,wago,memory,B/op,236094,238134,2040,0.8640626191262823,0.0021645021645021645,true,6,100ms,Measured increase; p-values are not adjusted for multiple comparisons.
full screen,explicit,BenchmarkCompileFull/json-as-simd,wago,memory,B/op,228334,229514,1180,0.5167868123012731,0.0021645021645021645,true,6,100ms,Measured increase; p-values are not adjusted for multiple comparisons.
full screen,signals,BenchmarkCompileFull/json-as-simd,wago,memory,B/op,227071,228248,1177,0.5183400786538117,0.0021645021645021645,true,6,100ms,Measured increase; p-values are not adjusted for multiple comparisons.
full screen,signals,BenchmarkCompileFullWorkers/many_funcs/auto,wago,memory,B/op,285011.5,286109,1097.5,0.38507218129795184,0.0021645021645021645,true,6,100ms,Measured increase; p-values are not adjusted for multiple comparisons.
full screen,explicit,BenchmarkCompileFullWorkers/many_funcs/auto,wago,memory,B/op,285023,286117,1094,0.38382867347548366,0.0021645021645021645,true,6,100ms,Measured increase; p-values are not adjusted for multiple comparisons.
full screen,explicit,BenchmarkCompileFullWorkers/many_funcs/p4,wago,memory,B/op,285077,286163,1086,0.38094970832440733,0.0021645021645021645,true,6,100ms,Measured increase; p-values are not adjusted for multiple comparisons.
full screen,signals,BenchmarkCompileFullWorkers/many_funcs/p4,wago,memory,B/op,285091.5,286142,1050.5,0.3684781903353862,0.0021645021645021645,true,6,100ms,Measured increase; p-values are not adjusted for multiple comparisons.
full screen,signals,BenchmarkValidateWorkers/sqlite3/p2,wago,memory,B/op,144584.5,145578,993.5,0.6871414294063349,0.6991341991341992,false,6,100ms,Measured increase; p-values are not adjusted for multiple comparisons.
full screen,explicit,BenchmarkCompileMultiModuleThroughput/json-as/p1,wago,memory,B/op,217340,218298,958,0.44078402502991665,0.0021645021645021645,true,6,100ms,Measured increase; p-values are not adjusted for multiple comparisons.
full screen,signals,BenchmarkCompileMultiModuleThroughput/json-as/p1,wago,memory,B/op,214573,215530,957,0.4460020599050152,0.0021645021645021645,true,6,100ms,Measured increase; p-values are not adjusted for multiple comparisons.
full screen,explicit,BenchmarkCompileFull/json-as,wago,memory,B/op,217492.5,218446.5,954,0.4386358150280989,0.0021645021645021645,true,6,100ms,Measured increase; p-values are not adjusted for multiple comparisons.
full screen,explicit,BenchmarkCompileFullWorkers/json-as/p1,wago,memory,B/op,217353,218306.5,953.5,0.4386872967016897,0.0021645021645021645,true,6,100ms,Measured increase; p-values are not adjusted for multiple comparisons.
full screen,signals,BenchmarkCompileFull/json-as,wago,memory,B/op,214724,215677,953,0.4438255621169507,0.0021645021645021645,true,6,100ms,Measured increase; p-values are not adjusted for multiple comparisons.
full screen,signals,BenchmarkCompileFullWorkers/json-as/p1,wago,memory,B/op,214584,215537,953,0.44411512507922524,0.0021645021645021645,true,6,100ms,Measured increase; p-values are not adjusted for multiple comparisons.
full screen,explicit,BenchmarkCompileMultiModuleThroughput/many_funcs/auto,wago,memory,B/op,304116,304844,728,0.23938234094884603,0.0021645021645021645,true,6,100ms,Measured increase; p-values are not adjusted for multiple comparisons.
full screen,explicit,BenchmarkCompile/json-as-simd,wago,memory,B/op,136976,137648,672,0.49059689288635244,0.0021645021645021645,true,6,100ms,Measured increase; p-values are not adjusted for multiple comparisons.
full screen,signals,BenchmarkCompile/json-as-simd,wago,memory,B/op,136976,137648,672,0.49059689288635244,0.0021645021645021645,true,6,100ms,Measured increase; p-values are not adjusted for multiple comparisons.
full screen,explicit,BenchmarkCompileCompact/json-as-simd,wago,memory,B/op,144488,145160,672,0.465090526548928,0.015151515151515152,true,6,100ms,Measured increase; p-values are not adjusted for multiple comparisons.
full screen,signals,BenchmarkCompileCompact/json-as-simd,wago,memory,B/op,144488,145160,672,0.465090526548928,0.0021645021645021645,true,6,100ms,Measured increase; p-values are not adjusted for multiple comparisons.
full screen,signals,BenchmarkCompileMultiModuleThroughput/many_funcs/auto,wago,memory,B/op,304233,304869.5,636.5,0.20921464798362432,0.0021645021645021645,true,6,100ms,Measured increase; p-values are not adjusted for multiple comparisons.
full screen,explicit,BenchmarkCompile/json-as,wago,memory,B/op,133256,133800,544,0.4082367773308615,0.0021645021645021645,true,6,100ms,Measured increase; p-values are not adjusted for multiple comparisons.
full screen,signals,BenchmarkCompile/json-as,wago,memory,B/op,133256,133800,544,0.4082367773308615,0.0021645021645021645,true,6,100ms,Measured increase; p-values are not adjusted for multiple comparisons.
full screen,explicit,BenchmarkCompileCompact/json-as,wago,memory,B/op,136288,136832,544,0.3991547311575472,0.14285714285714285,false,6,100ms,Measured increase; p-values are not adjusted for multiple comparisons.
full screen,signals,BenchmarkCompileCompact/json-as,wago,memory,B/op,136288,136832,544,0.3991547311575472,0.23376623376623376,false,6,100ms,Measured increase; p-values are not adjusted for multiple comparisons.
full screen,explicit,BenchmarkCompileWorkers/json-as/p1,wago,memory,B/op,133256,133800,544,0.4082367773308615,0.0021645021645021645,true,6,100ms,Measured increase; p-values are not adjusted for multiple comparisons.
full screen,signals,BenchmarkCompileWorkers/json-as/p1,wago,memory,B/op,133256,133800,544,0.4082367773308615,0.0021645021645021645,true,6,100ms,Measured increase; p-values are not adjusted for multiple comparisons.
full screen,explicit,BenchmarkCompile/many_funcs,wago,memory,B/op,68320,68848,528,0.7728337236533989,0.006493506493506494,true,6,100ms,Measured increase; p-values are not adjusted for multiple comparisons.
full screen,signals,BenchmarkCompile/many_funcs,wago,memory,B/op,68320,68815,495,0.7245316159250503,0.0021645021645021645,true,6,100ms,Measured increase; p-values are not adjusted for multiple comparisons.
full screen,signals,BenchmarkValidateWorkers/sqlite3/p8,wago,memory,B/op,217184,217636.5,452.5,0.20834868130248374,0.30952380952380953,false,6,100ms,Measured increase; p-values are not adjusted for multiple comparisons.
full screen,signals,BenchmarkCompileCompact/spectralnorm,wago,memory,B/op,64118.5,64430,311.5,0.4858192253405891,0.30735930735930733,false,6,100ms,Measured increase; p-values are not adjusted for multiple comparisons.
full screen,explicit,BenchmarkCompileCommuteSelfUpdate/blake-as-simd/off,wago,memory,B/op,297419.5,297722.5,303,0.10187630602567221,0.0021645021645021645,true,6,100ms,Measured increase; p-values are not adjusted for multiple comparisons.
full screen,signals,BenchmarkCompileCommuteSelfUpdate/blake-as-simd/on,wago,memory,B/op,297275,297578,303,0.10192582625514479,0.0021645021645021645,true,6,100ms,Measured increase; p-values are not adjusted for multiple comparisons.
full screen,signals,BenchmarkCompileCommuteSelfUpdate/blake-as-simd/off,wago,memory,B/op,297275,297577.5,302.5,0.10175763182238562,0.0021645021645021645,true,6,100ms,Measured increase; p-values are not adjusted for multiple comparisons.
full screen,explicit,BenchmarkCompileFull/blake-as-simd,wago,memory,B/op,297563.5,297865.5,302,0.10149094226945543,0.0021645021645021645,true,6,100ms,Measured increase; p-values are not adjusted for multiple comparisons.
full screen,explicit,BenchmarkCompileCommuteSelfUpdate/blake-as-simd/on,wago,memory,B/op,297420.5,297722,301.5,0.10137162703982572,0.0021645021645021645,true,6,100ms,Measured increase; p-values are not adjusted for multiple comparisons.
full screen,signals,BenchmarkCompileFull/blake-as-simd,wago,memory,B/op,297419.5,297720,300.5,0.10103574244459956,0.0021645021645021645,true,6,100ms,Measured increase; p-values are not adjusted for multiple comparisons.
full screen,signals,BenchmarkCompileCompact/nbody,wago,memory,B/op,74218.5,74476.5,258,0.34762222356958805,0.5021645021645021,false,6,100ms,Measured increase; p-values are not adjusted for multiple comparisons.
full screen,explicit,BenchmarkCompileFull/zstd,wago,memory,B/op,1079612,1079862.5,250.5,0.023202780258091416,0.0021645021645021645,true,6,100ms,Measured increase; p-values are not adjusted for multiple comparisons.
full screen,signals,BenchmarkCompileFull/zstd,wago,memory,B/op,1019126,1019373.5,247.5,0.0242855152356114,0.0021645021645021645,true,6,100ms,Measured increase; p-values are not adjusted for multiple comparisons.
full screen,signals,BenchmarkValidateWorkers/lua/p8,wago,memory,B/op,110885,111112.5,227.5,0.20516751589485516,0.3939393939393939,false,6,100ms,Measured increase; p-values are not adjusted for multiple comparisons.
full screen,explicit,BenchmarkValidateWorkers/lua/p4,wago,memory,B/op,88094,88292.5,198.5,0.2253274910890557,0.04112554112554113,true,6,100ms,Measured increase; p-values are not adjusted for multiple comparisons.
full screen,explicit,BenchmarkCompileCompact/nbody,wago,memory,B/op,74222,74419,197,0.2654199563471682,0.3722943722943723,false,6,100ms,Measured increase; p-values are not adjusted for multiple comparisons.
full screen,signals,BenchmarkCompileCompact/fannkuch,wago,memory,B/op,69607.5,69786.5,179,0.2571561972488645,0.5822510822510822,false,6,100ms,Measured increase; p-values are not adjusted for multiple comparisons.
full screen,explicit,BenchmarkCompile/blake-as-simd,wago,memory,B/op,273784,273936,152,0.05551821874179019,0.0021645021645021645,true,6,100ms,Measured increase; p-values are not adjusted for multiple comparisons.
full screen,signals,BenchmarkCompile/blake-as-simd,wago,memory,B/op,273784,273936,152,0.05551821874179019,0.0021645021645021645,true,6,100ms,Measured increase; p-values are not adjusted for multiple comparisons.
full screen,explicit,BenchmarkCompileCompact/blake-as-simd,wago,memory,B/op,284696,284848,152,0.05339028296849069,0.0021645021645021645,true,6,100ms,Measured increase; p-values are not adjusted for multiple comparisons.
full screen,signals,BenchmarkCompileCompact/blake-as-simd,wago,memory,B/op,284696,284848,152,0.05339028296849069,0.0021645021645021645,true,6,100ms,Measured increase; p-values are not adjusted for multiple comparisons.
full screen,explicit,BenchmarkCompileFull/isa_i32,wago,memory,B/op,44708,44850,142,0.3176165339536574,0.0021645021645021645,true,6,100ms,Measured increase; p-values are not adjusted for multiple comparisons.
full screen,signals,BenchmarkCompileFull/isa_i32,wago,memory,B/op,44708,44850,142,0.3176165339536574,0.0021645021645021645,true,6,100ms,Measured increase; p-values are not adjusted for multiple comparisons.
full screen,explicit,BenchmarkCompileFull/isa_i64,wago,memory,B/op,44708.5,44850.5,142,0.31761298187145126,0.0021645021645021645,true,6,100ms,Measured increase; p-values are not adjusted for multiple comparisons.
full screen,signals,BenchmarkCompileFull/isa_i64,wago,memory,B/op,44709,44850.5,141.5,0.3164910868057813,0.0021645021645021645,true,6,100ms,Measured increase; p-values are not adjusted for multiple comparisons.
full screen,signals,BenchmarkCompileFull/zlib,wago,memory,B/op,319232,319366,134,0.04197574178026464,0.0021645021645021645,true,6,100ms,Measured increase; p-values are not adjusted for multiple comparisons.
full screen,signals,BenchmarkValidateWorkers/lua/p4,wago,memory,B/op,88024,88154.5,130.5,0.14825502135780155,0.004329004329004329,true,6,100ms,Measured increase; p-values are not adjusted for multiple comparisons.
full screen,explicit,BenchmarkCompileFull/blake3,wago,memory,B/op,162864.5,162989,124.5,0.07644391503365267,0.0021645021645021645,true,6,100ms,Measured increase; p-values are not adjusted for multiple comparisons.
full screen,signals,BenchmarkCompileFull/blake3,wago,memory,B/op,159935,160058,123,0.07690624316127881,0.0021645021645021645,true,6,100ms,Measured increase; p-values are not adjusted for multiple comparisons.
full screen,explicit,BenchmarkCompileFull/zlib,wago,memory,B/op,331216,331337,121,0.036532051591708914,0.0021645021645021645,true,6,100ms,Measured increase; p-values are not adjusted for multiple comparisons.
full screen,signals,BenchmarkCompileFull/coremark,wago,memory,B/op,256747,256853.5,106.5,0.04148052362831223,0.0021645021645021645,true,6,100ms,Measured increase; p-values are not adjusted for multiple comparisons.
full screen,explicit,BenchmarkCompileFull/coremark,wago,memory,B/op,262868,262974,106,0.040324421382598175,0.0021645021645021645,true,6,100ms,Measured increase; p-values are not adjusted for multiple comparisons.
full screen,signals,BenchmarkCompileFull/isa_ctl,wago,memory,B/op,69148,69245,97,0.14027882223637267,0.0021645021645021645,true,6,100ms,Measured increase; p-values are not adjusted for multiple comparisons.
full screen,explicit,BenchmarkCompileFull/isa_simd_v128,wago,memory,B/op,35913,36010,97,0.270097179294404,0.0021645021645021645,true,6,100ms,Measured increase; p-values are not adjusted for multiple comparisons.
full screen,signals,BenchmarkCompileFull/isa_simd_v128,wago,memory,B/op,35913,36010,97,0.270097179294404,0.0021645021645021645,true,6,100ms,Measured increase; p-values are not adjusted for multiple comparisons.
full screen,explicit,BenchmarkCompileFull/dispatch,wago,memory,B/op,35681,35777,96,0.2690507553039456,0.0021645021645021645,true,6,100ms,Measured increase; p-values are not adjusted for multiple comparisons.
full screen,explicit,BenchmarkCompileFull/isa_ctl,wago,memory,B/op,69148,69244,96,0.13883264881124902,0.0021645021645021645,true,6,100ms,Measured increase; p-values are not adjusted for multiple comparisons.
full screen,signals,BenchmarkCompileFull/dispatch,wago,memory,B/op,35681.5,35777,95.5,0.26764569875146194,0.0021645021645021645,true,6,100ms,Measured increase; p-values are not adjusted for multiple comparisons.
full screen,explicit,BenchmarkCompileFull/isa_call,wago,memory,B/op,38682,38770,88,0.22749599296829626,0.0021645021645021645,true,6,100ms,Measured increase; p-values are not adjusted for multiple comparisons.
full screen,signals,BenchmarkCompileFull/isa_call,wago,memory,B/op,38682,38770,88,0.22749599296829626,0.0021645021645021645,true,6,100ms,Measured increase; p-values are not adjusted for multiple comparisons.
full screen,explicit,BenchmarkCompileFull/quicksort,wago,memory,B/op,43650,43731,81,0.18556701030927325,0.0021645021645021645,true,6,100ms,Measured increase; p-values are not adjusted for multiple comparisons.
full screen,signals,BenchmarkCompileFull/raytrace,wago,memory,B/op,142383,142464,81,0.056888813973587915,0.0021645021645021645,true,6,100ms,Measured increase; p-values are not adjusted for multiple comparisons.
full screen,signals,BenchmarkCompileFull/lz4,wago,memory,B/op,74004,74084.5,80.5,0.10877790389709485,0.0021645021645021645,true,6,100ms,Measured increase; p-values are not adjusted for multiple comparisons.
full screen,signals,BenchmarkCompileFull/spectralnorm,wago,memory,B/op,70595.5,70676,80.5,0.11402993108626802,0.0021645021645021645,true,6,100ms,Measured increase; p-values are not adjusted for multiple comparisons.
full screen,signals,BenchmarkCompileFull/utf-as,wago,memory,B/op,213161,213241.5,80.5,0.03776488194369154,0.0021645021645021645,true,6,100ms,Measured increase; p-values are not adjusted for multiple comparisons.
full screen,signals,BenchmarkCompileFull/quicksort,wago,memory,B/op,43274,43354,80,0.18486851227064172,0.0021645021645021645,true,6,100ms,Measured increase; p-values are not adjusted for multiple comparisons.
full screen,explicit,BenchmarkCompileFull/raytrace,wago,memory,B/op,143912,143992,80,0.05558952693311969,0.0021645021645021645,true,6,100ms,Measured increase; p-values are not adjusted for multiple comparisons.
full screen,explicit,BenchmarkCompileFull/utf-as,wago,memory,B/op,214689,214769,80,0.03726320398342864,0.0021645021645021645,true,6,100ms,Measured increase; p-values are not adjusted for multiple comparisons.
full screen,explicit,BenchmarkCompileFullWorkers/tiny/auto,wago,memory,B/op,16112,16192,80,0.49652432969216065,0.0021645021645021645,true,6,100ms,Measured increase; p-values are not adjusted for multiple comparisons.
full screen,signals,BenchmarkCompileFullWorkers/tiny/auto,wago,memory,B/op,16112,16192,80,0.49652432969216065,0.0021645021645021645,true,6,100ms,Measured increase; p-values are not adjusted for multiple comparisons.
full screen,explicit,BenchmarkCompileFull/lz4,wago,memory,B/op,75492.5,75571.5,79,0.10464615690299883,0.0021645021645021645,true,6,100ms,Measured increase; p-values are not adjusted for multiple comparisons.
full screen,signals,BenchmarkCompileFull/qoi,wago,memory,B/op,82277,82356,79,0.09601711292341886,0.0021645021645021645,true,6,100ms,Measured increase; p-values are not adjusted for multiple comparisons.
full screen,explicit,BenchmarkCompileFull/spectralnorm,wago,memory,B/op,71316,71395,79,0.11077458073924795,0.0021645021645021645,true,6,100ms,Measured increase; p-values are not adjusted for multiple comparisons.
full screen,signals,BenchmarkCompileFull/tiny,wago,memory,B/op,16297.5,16376.5,79,0.4847369228409226,0.0021645021645021645,true,6,100ms,Measured increase; p-values are not adjusted for multiple comparisons.
full screen,explicit,BenchmarkCompileFull/qoi,wago,memory,B/op,83822,83900,78,0.09305432941233427,0.0021645021645021645,true,6,100ms,Measured increase; p-values are not adjusted for multiple comparisons.
full screen,explicit,BenchmarkCompileFull/tiny,wago,memory,B/op,16299.5,16376.5,77,0.47240712905303184,0.0021645021645021645,true,6,100ms,Measured increase; p-values are not adjusted for multiple comparisons.
full screen,explicit,BenchmarkCompileFullWorkers/tiny/p1,wago,memory,B/op,16150,16227,77,0.47678018575851855,0.0021645021645021645,true,6,100ms,Measured increase; p-values are not adjusted for multiple comparisons.
full screen,signals,BenchmarkCompileFullWorkers/tiny/p1,wago,memory,B/op,16154.5,16227.5,73,0.4518864712618864,0.0021645021645021645,true,6,100ms,Measured increase; p-values are not adjusted for multiple comparisons.
full screen,explicit,BenchmarkValidateWorkers/many_funcs/p8,wago,memory,B/op,7596,7664,68,0.8952080042127442,0.0021645021645021645,true,6,100ms,Measured increase; p-values are not adjusted for multiple comparisons.
full screen,signals,BenchmarkValidateWorkers/many_funcs/p8,wago,memory,B/op,7597,7663.5,66.5,0.8753455311307112,0.0021645021645021645,true,6,100ms,Measured increase; p-values are not adjusted for multiple comparisons.
full screen,signals,BenchmarkCompileFull/fannkuch,wago,memory,B/op,78451,78516,65,0.08285426572001153,0.0021645021645021645,true,6,100ms,Measured increase; p-values are not adjusted for multiple comparisons.
full screen,explicit,BenchmarkCompileFull/matmul,wago,memory,B/op,73539,73604,65,0.08838847414296414,0.0021645021645021645,true,6,100ms,Measured increase; p-values are not adjusted for multiple comparisons.
full screen,explicit,BenchmarkCompileFull/fannkuch,wago,memory,B/op,81428,81492,64,0.07859704278625479,0.0021645021645021645,true,6,100ms,Measured increase; p-values are not adjusted for multiple comparisons.
full screen,explicit,BenchmarkCompileFull/nbody,wago,memory,B/op,78060,78124,64,0.08198821419420632,0.0021645021645021645,true,6,100ms,Measured increase; p-values are not adjusted for multiple comparisons.
full screen,signals,BenchmarkCompileFull/nbody,wago,memory,B/op,76532,76596,64,0.08362515026394401,0.0021645021645021645,true,6,100ms,Measured increase; p-values are not adjusted for multiple comparisons.
full screen,explicit,BenchmarkCompileFull/sha256,wago,memory,B/op,77708,77772,64,0.08235960261491204,0.0021645021645021645,true,6,100ms,Measured increase; p-values are not adjusted for multiple comparisons.
full screen,signals,BenchmarkCompileFull/sha256,wago,memory,B/op,76220,76284,64,0.08396746260823651,0.0021645021645021645,true,6,100ms,Measured increase; p-values are not adjusted for multiple comparisons.
full screen,explicit,BenchmarkCompileFull/crc32,wago,memory,B/op,38490,38553.5,63.5,0.16497791634191294,0.0021645021645021645,true,6,100ms,Measured increase; p-values are not adjusted for multiple comparisons.
full screen,signals,BenchmarkCompileFull/crc32,wago,memory,B/op,37770,37833,63,0.16679904686258684,0.0021645021645021645,true,6,100ms,Measured increase; p-values are not adjusted for multiple comparisons.
full screen,signals,BenchmarkCompileFull/matmul,wago,memory,B/op,72868,72931,63,0.0864577043421022,0.0021645021645021645,true,6,100ms,Measured increase; p-values are not adjusted for multiple comparisons.
full screen,explicit,BenchmarkCompileFull/utf-as-simd,wago,memory,B/op,234561,234606,45,0.019184774962588413,0.0021645021645021645,true,6,100ms,Measured increase; p-values are not adjusted for multiple comparisons.
full screen,signals,BenchmarkCompileFull/utf-as-simd,wago,memory,B/op,233105,233149.5,44.5,0.01909010960725599,0.0021645021645021645,true,6,100ms,Measured increase; p-values are not adjusted for multiple comparisons.
full screen,signals,BenchmarkValidateWorkers/json-as/p4,wago,memory,B/op,15668,15706,38,0.24253255042123723,0.025974025974025976,true,6,100ms,Measured increase; p-values are not adjusted for multiple comparisons.
full screen,explicit,BenchmarkValidateWorkers/json-as/p2,wago,memory,B/op,10775,10807.5,32.5,0.3016241299304001,0.16666666666666666,false,6,100ms,Measured increase; p-values are not adjusted for multiple comparisons.
full screen,signals,BenchmarkValidateWorkers/many_funcs/p4,wago,memory,B/op,4240.5,4271.5,31,0.731045867232627,0.0021645021645021645,true,6,100ms,Measured increase; p-values are not adjusted for multiple comparisons.
full screen,explicit,BenchmarkValidateWorkers/many_funcs/p4,wago,memory,B/op,4240.5,4269.5,29,0.6838816177337614,0.0021645021645021645,true,6,100ms,Measured increase; p-values are not adjusted for multiple comparisons.
full screen,explicit,BenchmarkValidateWorkers/lua/p2,wago,memory,B/op,74424,74450,26,0.03493496721487244,0.004329004329004329,true,6,100ms,Measured increase; p-values are not adjusted for multiple comparisons.
full screen,explicit,BenchmarkValidateWorkers/json-as/p4,wago,memory,B/op,15680,15702,22,0.14030612244897434,0.17965367965367965,false,6,100ms,Measured increase; p-values are not adjusted for multiple comparisons.
full screen,signals,BenchmarkValidateWorkers/lua/p2,wago,memory,B/op,74419.5,74441,21.5,0.028890277413839982,0.0021645021645021645,true,6,100ms,Measured increase; p-values are not adjusted for multiple comparisons.
full screen,signals,BenchmarkExecParallel/process/blake-as.hashN,wago,memory,B/op,7.5,25.5,18,240,0.1277056277056277,false,6,100ms,"Throughput time, not one-call latency."
full screen,explicit,BenchmarkValidateWorkers/many_funcs/p2,wago,memory,B/op,2553.5,2569.5,16,0.626590953593098,0.0021645021645021645,true,6,100ms,Measured increase; p-values are not adjusted for multiple comparisons.
full screen,signals,BenchmarkValidateWorkers/many_funcs/p2,wago,memory,B/op,2555.5,2571.5,16,0.6261005674036424,0.0021645021645021645,true,6,100ms,Measured increase; p-values are not adjusted for multiple comparisons.
full screen,explicit,BenchmarkValidateWorkers/tiny/p2,wago,memory,B/op,2560,2576,16,0.6250000000000089,0.0021645021645021645,true,6,100ms,Measured increase; p-values are not adjusted for multiple comparisons.
full screen,signals,BenchmarkValidateWorkers/tiny/p2,wago,memory,B/op,2560,2576,16,0.6250000000000089,0.0021645021645021645,true,6,100ms,Measured increase; p-values are not adjusted for multiple comparisons.
full screen,explicit,BenchmarkValidateWorkers/tiny/p4,wago,memory,B/op,2560,2576,16,0.6250000000000089,0.0021645021645021645,true,6,100ms,Measured increase; p-values are not adjusted for multiple comparisons.
full screen,signals,BenchmarkValidateWorkers/tiny/p4,wago,memory,B/op,2560,2576,16,0.6250000000000089,0.0021645021645021645,true,6,100ms,Measured increase; p-values are not adjusted for multiple comparisons.
full screen,explicit,BenchmarkValidateWorkers/tiny/p8,wago,memory,B/op,2560,2576,16,0.6250000000000089,0.0021645021645021645,true,6,100ms,Measured increase; p-values are not adjusted for multiple comparisons.
full screen,signals,BenchmarkValidateWorkers/tiny/p8,wago,memory,B/op,2560,2576,16,0.6250000000000089,0.0021645021645021645,true,6,100ms,Measured increase; p-values are not adjusted for multiple comparisons.
full screen,explicit,BenchmarkExecParallel/independent/blake-as.hashN,wago,memory,B/op,5.5,19.5,14,254.54545454545453,0.13852813852813853,false,6,100ms,"Throughput time, not one-call latency."
full screen,signals,BenchmarkExecFibRec_wazero,wazero,memory,B/op,1353,1366.5,13.5,0.9977827050997812,0.170995670995671,false,6,100ms,Measured increase; p-values are not adjusted for multiple comparisons.
full screen,explicit,BenchmarkExecParallel/independent/blake-as-simd.hashN,wago,memory,B/op,4.5,17.5,13,288.88888888888886,0.015151515151515152,true,6,100ms,"Throughput time, not one-call latency."
full screen,explicit,BenchmarkExecParallel/independent/raytrace.render,wago,memory,B/op,5,17,12,240,0.6645021645021645,false,6,100ms,"Throughput time, not one-call latency."
full screen,explicit,BenchmarkCompileCompact/tiny,wago,memory,B/op,10706,10715,9,0.08406501027460322,0.16666666666666666,false,6,100ms,Measured increase; p-values are not adjusted for multiple comparisons.
full screen,explicit,BenchmarkExecParallel/independent/spectralnorm.run,wago,memory,B/op,4.5,13.5,9,200,1,false,6,100ms,"Throughput time, not one-call latency."
full screen,explicit,BenchmarkValidateWorkers/ruby/p2,wago,memory,B/op,409488,409496,8,0.001953659203679514,0.7922077922077922,false,6,100ms,Measured increase; p-values are not adjusted for multiple comparisons.
full screen,explicit,BenchmarkExecParallel/process/blake-as.hashN,wago,memory,B/op,12.5,18.5,6,48,0.461038961038961,false,6,100ms,"Throughput time, not one-call latency."
full screen,signals,BenchmarkExecParallel/process/isa_i32.rem_u,wago,memory,B/op,3.5,9,5.5,157.14285714285717,0.3398268398268398,false,6,100ms,"Throughput time, not one-call latency."
full screen,explicit,BenchmarkExecParallel/process/fannkuch.run,wago,memory,B/op,6.5,11,4.5,69.23076923076923,0.3939393939393939,false,6,100ms,"Throughput time, not one-call latency."
full screen,signals,BenchmarkExecParallel/process/matmul.run,wago,memory,B/op,2,6.5,4.5,225,0.015151515151515152,true,6,100ms,"Throughput time, not one-call latency."
full screen,signals,BenchmarkExecParallel/process/isa_i32.rem_s,wago,memory,B/op,1.5,5.5,4,266.66666666666663,0.3722943722943723,false,6,100ms,"Throughput time, not one-call latency."
full screen,explicit,BenchmarkExecFibRec_wazero,wazero,memory,B/op,1352,1355,3,0.22189349112426981,0.6883116883116883,false,6,100ms,Measured increase; p-values are not adjusted for multiple comparisons.
full screen,explicit,BenchmarkExecParallel/process/raytrace.render,wago,memory,B/op,10,13,3,30.000000000000004,0.6147186147186147,false,6,100ms,"Throughput time, not one-call latency."
full screen,explicit,BenchmarkExecParallel/process/spectralnorm.run,wago,memory,B/op,9,12,3,33.33333333333333,0.7380952380952381,false,6,100ms,"Throughput time, not one-call latency."
full screen,explicit,BenchmarkExecParallel/process/utf-as-simd.validateN,wago,memory,B/op,7,10,3,42.85714285714286,0.9004329004329005,false,6,100ms,"Throughput time, not one-call latency."
full screen,explicit,BenchmarkValidateWorkers/sqlite3/p8,wago,memory,B/op,217757,217760,3,0.0013776824625555406,0.8181818181818182,false,6,100ms,Measured increase; p-values are not adjusted for multiple comparisons.
full screen,signals,BenchmarkExecParallel/process/fib_rec.fib,wago,memory,B/op,63.5,66,2.5,3.937007874015741,1,false,6,100ms,"Throughput time, not one-call latency."
full screen,signals,BenchmarkExecParallel/process/isa_f64.add,wago,memory,B/op,0,2.5,2.5,,0.30735930735930733,false,6,100ms,"Throughput time, not one-call latency."
full screen,signals,BenchmarkWazeroInstantiate/qoi,wazero,memory,B/op,2104640.5,2104643,2.5,0.00011878513219709674,0.5194805194805194,false,6,100ms,Measured increase; p-values are not adjusted for multiple comparisons.
full screen,explicit,BenchmarkExecParallel/independent/nbody.step,wago,memory,B/op,24.5,26.5,2,8.163265306122458,0.9372294372294372,false,6,100ms,"Throughput time, not one-call latency."
full screen,explicit,BenchmarkExecParallel/independent/sha256.hashN,wago,memory,B/op,0.5,2.5,2,400,0.38311688311688313,false,6,100ms,"Throughput time, not one-call latency."
full screen,explicit,BenchmarkExecParallel/independent/utf-as.convertN,wago,memory,B/op,6,8,2,33.33333333333333,0.6731601731601732,false,6,100ms,"Throughput time, not one-call latency."
full screen,explicit,BenchmarkExecParallel/process/fib_rec.fib,wago,memory,B/op,10,12,2,19.999999999999996,0.4025974025974026,false,6,100ms,"Throughput time, not one-call latency."
full screen,signals,BenchmarkExecParallel/process/isa_cvt.promote_demote,wago,memory,B/op,5.5,7.5,2,36.36363636363635,0.3658008658008658,false,6,100ms,"Throughput time, not one-call latency."
full screen,signals,BenchmarkExecParallel/process/quicksort.sortN,wago,memory,B/op,3,5,2,66.66666666666667,0.2943722943722944,false,6,100ms,"Throughput time, not one-call latency."
full screen,explicit,BenchmarkExecParallel/process/utf-as-simd.convertN,wago,memory,B/op,1.5,3.5,2,133.33333333333334,0.2727272727272727,false,6,100ms,"Throughput time, not one-call latency."
full screen,signals,BenchmarkExecParallel/process/utf-as-simd.convertN,wago,memory,B/op,0.5,2.5,2,400,0.18398268398268397,false,6,100ms,"Throughput time, not one-call latency."
full screen,signals,BenchmarkWazeroInstantiate/lz4,wazero,memory,B/op,2104691.5,2104693.5,2,0.00009502580307074737,0.2683982683982684,false,6,100ms,Measured increase; p-values are not adjusted for multiple comparisons.
full screen,signals,BenchmarkCompile_wazero,wazero,memory,B/op,299286.5,299288,1.5,0.0005011920016340099,0.3484848484848485,false,6,100ms,Measured increase; p-values are not adjusted for multiple comparisons.
full screen,explicit,BenchmarkExecParallel/independent/quicksort.sortN,wago,memory,B/op,2.5,4,1.5,60.00000000000001,1,false,6,100ms,"Throughput time, not one-call latency."
full screen,signals,BenchmarkExecParallel/process/isa_cvt.reinterpret_f64,wago,memory,B/op,0,1.5,1.5,,0.696969696969697,false,6,100ms,"Throughput time, not one-call latency."
full screen,signals,BenchmarkExecParallel/process/isa_f32.abs,wago,memory,B/op,0,1.5,1.5,,0.30735930735930733,false,6,100ms,"Throughput time, not one-call latency."
full screen,signals,BenchmarkExecParallel/process/isa_f64.max,wago,memory,B/op,0.5,2,1.5,300,0.5238095238095238,false,6,100ms,"Throughput time, not one-call latency."
full screen,signals,BenchmarkExecParallel/process/json-as.serializeN,wago,memory,B/op,0,1.5,1.5,,0.015151515151515152,true,6,100ms,"Throughput time, not one-call latency."
full screen,signals,BenchmarkExecParallel/process/utf-as-simd.validateN,wago,memory,B/op,3,4.5,1.5,50,0.7987012987012987,false,6,100ms,"Throughput time, not one-call latency."
full screen,signals,BenchmarkWazeroInstantiate/matmul,wazero,memory,B/op,1056174.5,1056176,1.5,0.00014202198594936988,0.3398268398268398,false,6,100ms,Measured increase; p-values are not adjusted for multiple comparisons.
full screen,explicit,BenchmarkCompile_wazero,wazero,memory,B/op,299286,299287,1,0.0003341285593094767,0.5541125541125541,false,6,100ms,Measured increase; p-values are not adjusted for multiple comparisons.
full screen,explicit,BenchmarkCompileWorkers/tiny/p1,wago,memory,B/op,8125,8126,1,0.012307692307689244,0.5844155844155844,false,6,100ms,Measured increase; p-values are not adjusted for multiple comparisons.
full screen,explicit,BenchmarkExecParallel/independent/isa_var.local_getset,wago,memory,B/op,0,1,1,,0.06060606060606061,false,6,100ms,"Throughput time, not one-call latency."
full screen,explicit,BenchmarkExecParallel/independent/matmul.run,wago,memory,B/op,6,7,1,16.666666666666675,0.7359307359307359,false,6,100ms,"Throughput time, not one-call latency."
full screen,signals,BenchmarkExecParallel/process/isa_ctl.br_table,wago,memory,B/op,0,1,1,,0.40476190476190477,false,6,100ms,"Throughput time, not one-call latency."
full screen,signals,BenchmarkExecParallel/process/isa_cvt.f32_convert_s,wago,memory,B/op,2.5,3.5,1,39.99999999999999,0.9112554112554112,false,6,100ms,"Throughput time, not one-call latency."
full screen,signals,BenchmarkExecParallel/process/isa_f64.sub,wago,memory,B/op,2,3,1,50,0.9567099567099567,false,6,100ms,"Throughput time, not one-call latency."
full screen,signals,BenchmarkExecParallel/process/isa_i64.or,wago,memory,B/op,0,1,1,,0.5670995670995671,false,6,100ms,"Throughput time, not one-call latency."
full screen,signals,BenchmarkExecParallel/process/isa_simd_i32x4.extmul_high_s,wago,memory,B/op,0,1,1,,0.06060606060606061,false,6,100ms,"Throughput time, not one-call latency."
full screen,signals,BenchmarkExecParallel/process/nbody.step,wago,memory,B/op,12.5,13.5,1,8.000000000000007,0.974025974025974,false,6,100ms,"Throughput time, not one-call latency."
full screen,signals,BenchmarkWazeroCompile/tiny,wazero,memory,B/op,274819.5,274820.5,1,0.0003638751980838961,0.8051948051948052,false,6,100ms,Measured increase; p-values are not adjusted for multiple comparisons.
full screen,explicit,BenchmarkWazeroInstantiate/isa_mem,wazero,memory,B/op,1055959.5,1055960.5,1,0.00009470060167160455,0.16233766233766234,false,6,100ms,Measured increase; p-values are not adjusted for multiple comparisons.
full screen,explicit,BenchmarkWazeroInstantiate/matmul,wazero,memory,B/op,1056175,1056176,1,0.00009468127915024382,0.14502164502164502,false,6,100ms,Measured increase; p-values are not adjusted for multiple comparisons.
full screen,signals,BenchmarkWazeroInstantiate/nbody,wazero,memory,B/op,1056175,1056176,1,0.00009468127915024382,0.21861471861471862,false,6,100ms,Measured increase; p-values are not adjusted for multiple comparisons.
full screen,explicit,BenchmarkWazeroInstantiate/quicksort,wazero,memory,B/op,1056174,1056175,1,0.00009468136878965083,0.44805194805194803,false,6,100ms,Measured increase; p-values are not adjusted for multiple comparisons.
full screen,signals,BenchmarkWazeroInstantiate/sha256,wazero,memory,B/op,1121735,1121736,1,0.00008914761506773061,0.22727272727272727,false,6,100ms,Measured increase; p-values are not adjusted for multiple comparisons.
full screen,explicit,BenchmarkWazeroInstantiate/spectralnorm,wazero,memory,B/op,1056175,1056176,1,0.00009468127915024382,0.18398268398268397,false,6,100ms,Measured increase; p-values are not adjusted for multiple comparisons.
full screen,signals,BenchmarkWazeroInstantiate/spectralnorm,wazero,memory,B/op,1056174,1056175,1,0.00009468136878965083,0.18831168831168832,false,6,100ms,Measured increase; p-values are not adjusted for multiple comparisons.
full screen,signals,BenchmarkCompileCompact/tiny,wago,memory,B/op,10717,10717.5,0.5,0.004665484743870962,0.7770562770562771,false,6,100ms,Measured increase; p-values are not adjusted for multiple comparisons.
full screen,explicit,BenchmarkExecParallel/independent/crc32.hashN,wago,memory,B/op,0.5,1,0.5,100,1,false,6,100ms,"Throughput time, not one-call latency."
full screen,signals,BenchmarkExecParallel/process/isa_f32.ceil,wago,memory,B/op,1.5,2,0.5,33.33333333333333,0.8917748917748918,false,6,100ms,"Throughput time, not one-call latency."
full screen,signals,BenchmarkExecParallel/process/isa_f32.nearest,wago,memory,B/op,3,3.5,0.5,16.666666666666675,0.5238095238095238,false,6,100ms,"Throughput time, not one-call latency."
full screen,signals,BenchmarkExecParallel/process/isa_f64.ceil,wago,memory,B/op,2,2.5,0.5,25,0.7142857142857143,false,6,100ms,"Throughput time, not one-call latency."
full screen,signals,BenchmarkExecParallel/process/isa_f64.nearest,wago,memory,B/op,0.5,1,0.5,100,0.7402597402597403,false,6,100ms,"Throughput time, not one-call latency."
full screen,signals,BenchmarkExecParallel/process/isa_i32.or,wago,memory,B/op,0,0.5,0.5,,0.42424242424242425,false,6,100ms,"Throughput time, not one-call latency."
full screen,signals,BenchmarkExecParallel/process/isa_i64.add,wago,memory,B/op,0,0.5,0.5,,0.696969696969697,false,6,100ms,"Throughput time, not one-call latency."
full screen,signals,BenchmarkExecParallel/process/isa_i64.ctz,wago,memory,B/op,0,0.5,0.5,,0.696969696969697,false,6,100ms,"Throughput time, not one-call latency."
full screen,signals,BenchmarkExecParallel/process/isa_i64.shl,wago,memory,B/op,0.5,1,0.5,100,1,false,6,100ms,"Throughput time, not one-call latency."
full screen,signals,BenchmarkExecParallel/process/isa_i64.shr_u,wago,memory,B/op,0,0.5,0.5,,1,false,6,100ms,"Throughput time, not one-call latency."
full screen,explicit,BenchmarkExecParallel/process/json-as.deserializeN,wago,memory,B/op,0.5,1,0.5,100,0.8051948051948052,false,6,100ms,"Throughput time, not one-call latency."
full screen,explicit,BenchmarkExecParallel/process/nbody.step,wago,memory,B/op,17,17.5,0.5,2.941176470588225,0.9069264069264069,false,6,100ms,"Throughput time, not one-call latency."
full screen,explicit,BenchmarkWazeroCompile/blake-as,wazero,memory,B/op,1157968,1157968.5,0.5,0.00004317908612883059,0.5454545454545454,false,6,100ms,Measured increase; p-values are not adjusted for multiple comparisons.
full screen,signals,BenchmarkWazeroCompile/blake3,wazero,memory,B/op,1616776,1616776.5,0.5,0.00003092574358820599,0.18181818181818182,false,6,100ms,Measured increase; p-values are not adjusted for multiple comparisons.
full screen,signals,BenchmarkWazeroCompile/isa_ctl,wazero,memory,B/op,723904,723904.5,0.5,0.00006906993192945521,0.5454545454545454,false,6,100ms,Measured increase; p-values are not adjusted for multiple comparisons.
full screen,explicit,BenchmarkWazeroInstantiate/blake3,wazero,memory,B/op,1056055,1056055.5,0.5,0.00004734601890543644,0.4264069264069264,false,6,100ms,Measured increase; p-values are not adjusted for multiple comparisons.
full screen,signals,BenchmarkWazeroInstantiate/isa_mem,wazero,memory,B/op,1055960,1055960.5,0.5,0.000047350278409297175,0.461038961038961,false,6,100ms,Measured increase; p-values are not adjusted for multiple comparisons.
full screen,explicit,BenchmarkWazeroInstantiate/lz4,wazero,memory,B/op,2104692,2104692.5,0.5,0.000023756445122202763,0.5627705627705628,false,6,100ms,Measured increase; p-values are not adjusted for multiple comparisons.
full screen,explicit,BenchmarkWazeroInstantiate/sha256,wazero,memory,B/op,1121734.5,1121735,0.5,0.00004457382740685745,0.5562770562770563,false,6,100ms,Measured increase; p-values are not adjusted for multiple comparisons.
full screen,signals,BenchmarkWazeroExec/branches.classify,wazero,raw batch counter,allocs/op,88549.5,91424.5,2875,3.246771579737895,0.09307359307359307,false,6,100ms,Not a per-call regression; batch size can differ. See B/call and allocs/call.
full screen,signals,BenchmarkWazeroExec/dispatch.apply,wazero,raw batch counter,allocs/op,82557.5,83840,1282.5,1.5534627380916266,0.9372294372294372,false,6,100ms,Not a per-call regression; batch size can differ. See B/call and allocs/call.
full screen,signals,BenchmarkWazeroExec/swar-pack-parse.pack,wazero,raw batch counter,allocs/op,92036,92952.5,916.5,0.9958059889608517,0.5887445887445888,false,6,100ms,Not a per-call regression; batch size can differ. See B/call and allocs/call.
full screen,explicit,BenchmarkWazeroExec/xjb-mulhi.mulhi,wazero,raw batch counter,allocs/op,86148,86827,679,0.7881784835399586,0.6991341991341992,false,6,100ms,Not a per-call regression; batch size can differ. See B/call and allocs/call.
full screen,explicit,BenchmarkWazeroExec/memory.sum,wazero,raw batch counter,allocs/op,6148.5,6810,661.5,10.758721639424241,0.24025974025974026,false,6,100ms,Not a per-call regression; batch size can differ. See B/call and allocs/call.
full screen,signals,BenchmarkWazeroExec/memory.sum,wazero,raw batch counter,allocs/op,6353,6900.5,547.5,8.61797575948371,0.13203463203463203,false,6,100ms,Not a per-call regression; batch size can differ. See B/call and allocs/call.
full screen,signals,BenchmarkWazeroExec/swar-pack-parse.parse4,wazero,raw batch counter,allocs/op,91428.5,91900.5,472,0.5162504033206172,0.9372294372294372,false,6,100ms,Not a per-call regression; batch size can differ. See B/call and allocs/call.
full screen,explicit,BenchmarkWazeroExec/isa_bulk_mem.copy_back_64,wazero,raw batch counter,allocs/op,2982,3177.5,195.5,6.55600268276324,0.30952380952380953,false,6,100ms,Not a per-call regression; batch size can differ. See B/call and allocs/call.
full screen,explicit,BenchmarkWazeroExec/isa_bulk_mem.copy_fwd_64,wazero,raw batch counter,allocs/op,2768.5,2917,148.5,5.363915477695502,0.04112554112554113,true,6,100ms,Not a per-call regression; batch size can differ. See B/call and allocs/call.
full screen,signals,BenchmarkWazeroExec/isa_bulk_mem.copy_back_64,wazero,raw batch counter,allocs/op,3008,3147.5,139.5,4.637632978723394,0.6991341991341992,false,6,100ms,Not a per-call regression; batch size can differ. See B/call and allocs/call.
full screen,signals,BenchmarkWazeroExec/arith.run,wazero,raw batch counter,allocs/op,1493.5,1598,104.5,6.9969869434215015,0.09307359307359307,false,6,100ms,Not a per-call regression; batch size can differ. See B/call and allocs/call.
full screen,signals,BenchmarkWazeroExec/isa_simd_f64x2.nearest,wazero,raw batch counter,allocs/op,781,824,43,5.5057618437900135,0.06926406926406926,false,6,100ms,Not a per-call regression; batch size can differ. See B/call and allocs/call.
full screen,signals,BenchmarkWazeroExec/tiny.add,wazero,raw batch counter,allocs/op,88448,88487,39,0.044093704775693965,1,false,6,100ms,Not a per-call regression; batch size can differ. See B/call and allocs/call.
full screen,signals,BenchmarkWazeroExec/isa_simd_i8x16.neg,wazero,raw batch counter,allocs/op,1529.5,1568,38.5,2.517162471395884,0.021645021645021644,true,6,100ms,Not a per-call regression; batch size can differ. See B/call and allocs/call.
full screen,explicit,BenchmarkWazeroExec/isa_simd_i32x4.extend_low_s,wazero,raw batch counter,allocs/op,1192.5,1225.5,33,2.767295597484276,0.12337662337662338,false,6,100ms,Not a per-call regression; batch size can differ. See B/call and allocs/call.
full screen,explicit,BenchmarkWazeroExec/isa_simd_i32x4.neg,wazero,raw batch counter,allocs/op,1533.5,1562,28.5,1.85849364199544,0.06277056277056277,false,6,100ms,Not a per-call regression; batch size can differ. See B/call and allocs/call.
full screen,signals,BenchmarkWazeroExec/isa_bulk_mem.copy_back_256,wazero,raw batch counter,allocs/op,1842.5,1869.5,27,1.4654002713704317,0.13203463203463203,false,6,100ms,Not a per-call regression; batch size can differ. See B/call and allocs/call.
full screen,explicit,BenchmarkWazeroExec/isa_simd_v128.and,wazero,raw batch counter,allocs/op,1194,1220,26,2.1775544388609624,0.22294372294372294,false,6,100ms,Not a per-call regression; batch size can differ. See B/call and allocs/call.
full screen,signals,BenchmarkWazeroExec/isa_simd_i8x16.shr_u,wazero,raw batch counter,allocs/op,618,643,25,4.045307443365687,0.12554112554112554,false,6,100ms,Not a per-call regression; batch size can differ. See B/call and allocs/call.
full screen,explicit,BenchmarkWazeroExec/isa_simd_i8x16.lt_s,wazero,raw batch counter,allocs/op,934,955,21,2.24839400428265,0.21861471861471862,false,6,100ms,Not a per-call regression; batch size can differ. See B/call and allocs/call.
full screen,explicit,BenchmarkWazeroExec/isa_simd_reduce.i8x16_all_true,wazero,raw batch counter,allocs/op,1057,1077.5,20.5,1.9394512771996109,0.7813852813852814,false,6,100ms,Not a per-call regression; batch size can differ. See B/call and allocs/call.
full screen,signals,BenchmarkWazeroExec/isa_simd_i8x16.max_s,wazero,raw batch counter,allocs/op,1206,1225.5,19.5,1.6169154228855787,0.13203463203463203,false,6,100ms,Not a per-call regression; batch size can differ. See B/call and allocs/call.
full screen,signals,BenchmarkWazeroExec/many_funcs.run,wazero,raw batch counter,allocs/op,81110.5,81130,19.5,0.02404127702331227,0.9372294372294372,false,6,100ms,Not a per-call regression; batch size can differ. See B/call and allocs/call.
full screen,signals,BenchmarkWazeroExec/isa_bulk_mem.copy_fwd_64,wazero,raw batch counter,allocs/op,2817.5,2835.5,18,0.6388642413487133,0.6991341991341992,false,6,100ms,Not a per-call regression; batch size can differ. See B/call and allocs/call.
full screen,signals,BenchmarkWazeroExec/isa_simd_f32x4.gt,wazero,raw batch counter,allocs/op,519.5,536.5,17,3.2723772858517908,0.6753246753246753,false,6,100ms,Not a per-call regression; batch size can differ. See B/call and allocs/call.
full screen,explicit,BenchmarkWazeroExec/isa_simd_i16x8.shr_u,wazero,raw batch counter,allocs/op,920,937,17,1.8478260869565277,0.12121212121212122,false,6,100ms,Not a per-call regression; batch size can differ. See B/call and allocs/call.
full screen,signals,BenchmarkWazeroExec/isa_simd_i8x16.shl,wazero,raw batch counter,allocs/op,627,644,17,2.7113237639553533,0.07575757575757576,false,6,100ms,Not a per-call regression; batch size can differ. See B/call and allocs/call.
full screen,explicit,BenchmarkWazeroExec/isa_bulk_mem.fill_256,wazero,raw batch counter,allocs/op,356.5,373,16.5,4.628330995792429,0.06277056277056277,false,6,100ms,Not a per-call regression; batch size can differ. See B/call and allocs/call.
full screen,signals,BenchmarkWazeroExec/isa_simd_v128.not,wazero,raw batch counter,allocs/op,2392.5,2409,16.5,0.6896551724137945,0.48484848484848486,false,6,100ms,Not a per-call regression; batch size can differ. See B/call and allocs/call.
full screen,signals,BenchmarkWazeroExec/isa_simd_f32x4.ceil,wazero,raw batch counter,allocs/op,788,803.5,15.5,1.9670050761421365,0.5887445887445888,false,6,100ms,Not a per-call regression; batch size can differ. See B/call and allocs/call.
full screen,signals,BenchmarkWazeroExec/isa_simd_f64x2.ne,wazero,raw batch counter,allocs/op,601,616,15,2.4958402662229595,0.42207792207792205,false,6,100ms,Not a per-call regression; batch size can differ. See B/call and allocs/call.
full screen,explicit,BenchmarkWazeroExec/isa_simd_i16x8.neg,wazero,raw batch counter,allocs/op,1561,1576,15,0.9609224855861687,0.29004329004329005,false,6,100ms,Not a per-call regression; batch size can differ. See B/call and allocs/call.
full screen,explicit,BenchmarkWazeroExec/isa_simd_i32x4.max_u,wazero,raw batch counter,allocs/op,1195,1210,15,1.2552301255230214,0.8528138528138528,false,6,100ms,Not a per-call regression; batch size can differ. See B/call and allocs/call.
full screen,explicit,BenchmarkWazeroExec/isa_simd_i8x16.ge_s,wazero,raw batch counter,allocs/op,599.5,614,14.5,2.4186822351959902,0.30735930735930733,false,6,100ms,Not a per-call regression; batch size can differ. See B/call and allocs/call.
full screen,signals,BenchmarkWazeroExec/isa_bulk_mem.fill_64,wazero,raw batch counter,allocs/op,472.5,486.5,14,2.9629629629629672,0.8593073593073594,false,6,100ms,Not a per-call regression; batch size can differ. See B/call and allocs/call.
full screen,signals,BenchmarkWazeroExec/isa_simd_i64x2.shl,wazero,raw batch counter,allocs/op,925.5,939.5,14,1.512695840086442,0.17965367965367965,false,6,100ms,Not a per-call regression; batch size can differ. See B/call and allocs/call.
full screen,signals,BenchmarkWazeroExec/isa_simd_v128.xor,wazero,raw batch counter,allocs/op,1216.5,1230,13.5,1.1097410604192337,0.6320346320346321,false,6,100ms,Not a per-call regression; batch size can differ. See B/call and allocs/call.
full screen,explicit,BenchmarkWazeroExec/isa_simd_i64x2.add,wazero,raw batch counter,allocs/op,1214.5,1227.5,13,1.070399341292716,0.21428571428571427,false,6,100ms,Not a per-call regression; batch size can differ. See B/call and allocs/call.
full screen,explicit,BenchmarkWazeroExec/isa_simd_i32x4.trunc_sat_f64x2_u_zero,wazero,raw batch counter,allocs/op,200,212.5,12.5,6.25,0.0367965367965368,true,6,100ms,Not a per-call regression; batch size can differ. See B/call and allocs/call.
full screen,signals,BenchmarkWazeroExec/isa_simd_i64x2.lt_s,wazero,raw batch counter,allocs/op,528,540.5,12.5,2.367424242424243,0.05627705627705628,false,6,100ms,Not a per-call regression; batch size can differ. See B/call and allocs/call.
full screen,explicit,BenchmarkWazeroExec/isa_simd_i8x16.eq,wazero,raw batch counter,allocs/op,1216,1228.5,12.5,1.0279605263157965,0.23593073593073594,false,6,100ms,Not a per-call regression; batch size can differ. See B/call and allocs/call.
full screen,explicit,BenchmarkWazeroExec/isa_simd_i16x8.max_s,wazero,raw batch counter,allocs/op,1216,1227.5,11.5,0.945723684210531,0.047619047619047616,true,6,100ms,Not a per-call regression; batch size can differ. See B/call and allocs/call.
full screen,signals,BenchmarkWazeroExec/isa_simd_i64x2.sub,wazero,raw batch counter,allocs/op,1215,1226.5,11.5,0.9465020576131744,0.2878787878787879,false,6,100ms,Not a per-call regression; batch size can differ. See B/call and allocs/call.
full screen,explicit,BenchmarkWazeroExec/isa_mem.load_i32_stride,wazero,raw batch counter,allocs/op,181,192,11,6.077348066298338,0.08008658008658008,false,6,100ms,Not a per-call regression; batch size can differ. See B/call and allocs/call.
full screen,explicit,BenchmarkWazeroExec/isa_simd_i16x8.abs,wazero,raw batch counter,allocs/op,1216,1227,11,0.9046052631578982,0.09307359307359307,false,6,100ms,Not a per-call regression; batch size can differ. See B/call and allocs/call.
full screen,explicit,BenchmarkWazeroExec/isa_simd_i32x4.abs,wazero,raw batch counter,allocs/op,1217,1228,11,0.9038619556285932,0.1038961038961039,false,6,100ms,Not a per-call regression; batch size can differ. See B/call and allocs/call.
full screen,explicit,BenchmarkWazeroExec/isa_simd_i64x2.extend_low_u,wazero,raw batch counter,allocs/op,1217,1228,11,0.9038619556285932,0.01948051948051948,true,6,100ms,Not a per-call regression; batch size can differ. See B/call and allocs/call.
full screen,signals,BenchmarkWazeroExec/isa_simd_i16x8.max_u,wazero,raw batch counter,allocs/op,1203.5,1214,10.5,0.8724553385957678,0.7380952380952381,false,6,100ms,Not a per-call regression; batch size can differ. See B/call and allocs/call.
full screen,explicit,BenchmarkWazeroExec/isa_simd_i8x16.sub_sat_u,wazero,raw batch counter,allocs/op,600.5,611,10.5,1.7485428809325576,0.7337662337662337,false,6,100ms,Not a per-call regression; batch size can differ. See B/call and allocs/call.
full screen,explicit,BenchmarkWazeroExec/isa_simd_i16x8.gt_s,wazero,raw batch counter,allocs/op,1212.5,1222.5,10,0.8247422680412342,0.19264069264069264,false,6,100ms,Not a per-call regression; batch size can differ. See B/call and allocs/call.
full screen,explicit,BenchmarkWazeroExec/isa_simd_i32x4.extadd_pairwise_u,wazero,raw batch counter,allocs/op,458.5,468.5,10,2.1810250817884347,0.11471861471861472,false,6,100ms,Not a per-call regression; batch size can differ. See B/call and allocs/call.
full screen,explicit,BenchmarkWazeroExec/isa_simd_i8x16.min_u,wazero,raw batch counter,allocs/op,1220.5,1230.5,10,0.8193363375665674,0.48484848484848486,false,6,100ms,Not a per-call regression; batch size can differ. See B/call and allocs/call.
full screen,explicit,BenchmarkWazeroExec/isa_simd_i16x8.min_u,wazero,raw batch counter,allocs/op,1215,1224.5,9.5,0.7818930041152194,0.3181818181818182,false,6,100ms,Not a per-call regression; batch size can differ. See B/call and allocs/call.
full screen,explicit,BenchmarkWazeroExec/isa_simd_i8x16.gt_s,wazero,raw batch counter,allocs/op,1217,1226.5,9.5,0.7806080525883274,0.38095238095238093,false,6,100ms,Not a per-call regression; batch size can differ. See B/call and allocs/call.
full screen,signals,BenchmarkWazeroExec/isa_simd_i8x16.eq,wazero,raw batch counter,allocs/op,1222.5,1231.5,9,0.7361963190184007,0.5541125541125541,false,6,100ms,Not a per-call regression; batch size can differ. See B/call and allocs/call.
full screen,explicit,BenchmarkWazeroExec/isa_simd_f64x2.ceil,wazero,raw batch counter,allocs/op,812,820.5,8.5,1.0467980295566504,0.45454545454545453,false,6,100ms,Not a per-call regression; batch size can differ. See B/call and allocs/call.
full screen,signals,BenchmarkWazeroExec/isa_simd_f64x2.promote_low_f32x4,wazero,raw batch counter,allocs/op,812,820.5,8.5,1.0467980295566504,0.7748917748917749,false,6,100ms,Not a per-call regression; batch size can differ. See B/call and allocs/call.
full screen,signals,BenchmarkWazeroExec/isa_simd_i16x8.extend_low_s,wazero,raw batch counter,allocs/op,1220,1228.5,8.5,0.6967213114754012,0.5497835497835498,false,6,100ms,Not a per-call regression; batch size can differ. See B/call and allocs/call.
full screen,signals,BenchmarkWazeroExec/isa_simd_i16x8.mul,wazero,raw batch counter,allocs/op,399.5,407.5,8,2.0025031289111483,0.28354978354978355,false,6,100ms,Not a per-call regression; batch size can differ. See B/call and allocs/call.
full screen,explicit,BenchmarkWazeroExec/isa_simd_i16x8.sub,wazero,raw batch counter,allocs/op,1220.5,1228.5,8,0.6554690700532495,0.3874458874458874,false,6,100ms,Not a per-call regression; batch size can differ. See B/call and allocs/call.
full screen,signals,BenchmarkWazeroExec/isa_simd_i64x2.abs,wazero,raw batch counter,allocs/op,950.5,958.5,8,0.8416622830089482,0.08441558441558442,false,6,100ms,Not a per-call regression; batch size can differ. See B/call and allocs/call.
full screen,explicit,BenchmarkWazeroExec/isa_simd_i8x16.add_sat_s,wazero,raw batch counter,allocs/op,609.5,617.5,8,1.312551271534046,0.30735930735930733,false,6,100ms,Not a per-call regression; batch size can differ. See B/call and allocs/call.
full screen,explicit,BenchmarkWazeroExec/isa_simd_f64x2.floor,wazero,raw batch counter,allocs/op,813.5,821,7.5,0.9219422249538978,0.5627705627705628,false,6,100ms,Not a per-call regression; batch size can differ. See B/call and allocs/call.
full screen,signals,BenchmarkWazeroExec/isa_simd_i64x2.ne,wazero,raw batch counter,allocs/op,399.5,407,7.5,1.8773466833541974,0.33116883116883117,false,6,100ms,Not a per-call regression; batch size can differ. See B/call and allocs/call.
full screen,explicit,BenchmarkWazeroExec/isa_mem.store_i64,wazero,raw batch counter,allocs/op,242,249,7,2.892561983471076,0.4264069264069264,false,6,100ms,Not a per-call regression; batch size can differ. See B/call and allocs/call.
full screen,explicit,BenchmarkWazeroExec/isa_simd_f32x4.eq,wazero,raw batch counter,allocs/op,610,617,7,1.1475409836065653,0.7207792207792207,false,6,100ms,Not a per-call regression; batch size can differ. See B/call and allocs/call.
full screen,explicit,BenchmarkWazeroExec/isa_simd_i64x2.shr_u,wazero,raw batch counter,allocs/op,919.5,926.5,7,0.7612833061446445,0.6233766233766234,false,6,100ms,Not a per-call regression; batch size can differ. See B/call and allocs/call.
full screen,explicit,BenchmarkWazeroExec/isa_simd_reduce.i16x8_all_true,wazero,raw batch counter,allocs/op,1081,1088,7,0.647548566142464,0.6688311688311688,false,6,100ms,Not a per-call regression; batch size can differ. See B/call and allocs/call.
full screen,signals,BenchmarkWazeroExec/isa_simd_reduce.i16x8_all_true,wazero,raw batch counter,allocs/op,1076.5,1083.5,7,0.6502554575011699,0.329004329004329,false,6,100ms,Not a per-call regression; batch size can differ. See B/call and allocs/call.
full screen,signals,BenchmarkWazeroExec/isa_bulk_mem.fill_4096,wazero,raw batch counter,allocs/op,153.5,160,6.5,4.234527687296419,0.049783549783549784,true,6,100ms,Not a per-call regression; batch size can differ. See B/call and allocs/call.
full screen,explicit,BenchmarkWazeroExec/isa_bulk_mem.fill_64,wazero,raw batch counter,allocs/op,486,492.5,6.5,1.337448559670773,0.19047619047619047,false,6,100ms,Not a per-call regression; batch size can differ. See B/call and allocs/call.
full screen,explicit,BenchmarkWazeroExec/isa_simd_f64x2.add,wazero,raw batch counter,allocs/op,406.5,413,6.5,1.5990159901599021,0.023809523809523808,true,6,100ms,Not a per-call regression; batch size can differ. See B/call and allocs/call.
full screen,explicit,BenchmarkWazeroExec/isa_simd_f64x2.gt,wazero,raw batch counter,allocs/op,528,534.5,6.5,1.2310606060605966,1,false,6,100ms,Not a per-call regression; batch size can differ. See B/call and allocs/call.
full screen,explicit,BenchmarkWazeroExec/isa_simd_i16x8.extend_low_u,wazero,raw batch counter,allocs/op,1219,1225.5,6.5,0.533223954060702,0.3593073593073593,false,6,100ms,Not a per-call regression; batch size can differ. See B/call and allocs/call.
full screen,signals,BenchmarkWazeroExec/isa_simd_i32x4.extend_high_u,wazero,raw batch counter,allocs/op,607.5,614,6.5,1.0699588477366184,0.032467532467532464,true,6,100ms,Not a per-call regression; batch size can differ. See B/call and allocs/call.
full screen,explicit,BenchmarkWazeroExec/isa_simd_i32x4.lt_u,wazero,raw batch counter,allocs/op,366.5,373,6.5,1.7735334242837686,0.22294372294372294,false,6,100ms,Not a per-call regression; batch size can differ. See B/call and allocs/call.
full screen,explicit,BenchmarkWazeroExec/lz4.lz4_decompress_run,wazero,raw batch counter,allocs/op,387,393.5,6.5,1.6795865633074891,0.45670995670995673,false,6,100ms,Not a per-call regression; batch size can differ. See B/call and allocs/call.
full screen,signals,BenchmarkWazeroExec/isa_mem.store_i32,wazero,raw batch counter,allocs/op,240.5,246.5,6,2.494802494802495,0.4155844155844156,false,6,100ms,Not a per-call regression; batch size can differ. See B/call and allocs/call.
full screen,signals,BenchmarkWazeroExec/isa_simd_f64x2.pmax,wazero,raw batch counter,allocs/op,532,538,6,1.1278195488721776,0.5670995670995671,false,6,100ms,Not a per-call regression; batch size can differ. See B/call and allocs/call.
full screen,explicit,BenchmarkWazeroExec/isa_simd_i16x8.eq,wazero,raw batch counter,allocs/op,1213.5,1219.5,6,0.49443757725586845,0.9805194805194806,false,6,100ms,Not a per-call regression; batch size can differ. See B/call and allocs/call.
full screen,explicit,BenchmarkWazeroExec/isa_simd_i16x8.narrow_i32x4_u,wazero,raw batch counter,allocs/op,605,611,6,0.9917355371900749,0.23376623376623376,false,6,100ms,Not a per-call regression; batch size can differ. See B/call and allocs/call.
full screen,explicit,BenchmarkWazeroExec/isa_simd_i32x4.gt_s,wazero,raw batch counter,allocs/op,1227,1233,6,0.4889975550122161,0.23809523809523808,false,6,100ms,Not a per-call regression; batch size can differ. See B/call and allocs/call.
full screen,signals,BenchmarkWazeroExec/isa_simd_i32x4.trunc_sat_f64x2_u_zero,wazero,raw batch counter,allocs/op,198.5,204.5,6,3.0226700251889227,0.2510822510822511,false,6,100ms,Not a per-call regression; batch size can differ. See B/call and allocs/call.
full screen,signals,BenchmarkWazeroExec/isa_simd_i64x2.extend_low_s,wazero,raw batch counter,allocs/op,1215,1221,6,0.49382716049382047,0.329004329004329,false,6,100ms,Not a per-call regression; batch size can differ. See B/call and allocs/call.
full screen,signals,BenchmarkWazeroExec/isa_simd_i64x2.shr_u,wazero,raw batch counter,allocs/op,925,931,6,0.648648648648642,0.5584415584415584,false,6,100ms,Not a per-call regression; batch size can differ. See B/call and allocs/call.
full screen,signals,BenchmarkWazeroExec/lz4.lz4_decompress_run,wazero,raw batch counter,allocs/op,390,396,6,1.538461538461533,0.21645021645021645,false,6,100ms,Not a per-call regression; batch size can differ. See B/call and allocs/call.
full screen,explicit,BenchmarkWazeroExec/isa_simd_f64x2.pmax,wazero,raw batch counter,allocs/op,534,539.5,5.5,1.0299625468164875,0.05627705627705628,false,6,100ms,Not a per-call regression; batch size can differ. See B/call and allocs/call.
full screen,signals,BenchmarkWazeroExec/isa_simd_i16x8.extend_high_s,wazero,raw batch counter,allocs/op,610,615.5,5.5,0.9016393442623061,0.4134199134199134,false,6,100ms,Not a per-call regression; batch size can differ. See B/call and allocs/call.
full screen,explicit,BenchmarkWazeroExec/isa_simd_i16x8.max_u,wazero,raw batch counter,allocs/op,1210.5,1216,5.5,0.45435770342834303,0.7878787878787878,false,6,100ms,Not a per-call regression; batch size can differ. See B/call and allocs/call.
full screen,signals,BenchmarkWazeroExec/isa_simd_i32x4.le_u,wazero,raw batch counter,allocs/op,535,540.5,5.5,1.0280373831775602,0.2554112554112554,false,6,100ms,Not a per-call regression; batch size can differ. See B/call and allocs/call.
full screen,signals,BenchmarkWazeroExec/isa_simd_f64x2.mul,wazero,raw batch counter,allocs/op,405.5,410.5,5,1.2330456226880449,0.06926406926406926,false,6,100ms,Not a per-call regression; batch size can differ. See B/call and allocs/call.
full screen,explicit,BenchmarkWazeroExec/isa_simd_f64x2.promote_low_f32x4,wazero,raw batch counter,allocs/op,812.5,817.5,5,0.6153846153846176,0.9761904761904762,false,6,100ms,Not a per-call regression; batch size can differ. See B/call and allocs/call.
full screen,explicit,BenchmarkWazeroExec/isa_simd_i16x8.extend_low_s,wazero,raw batch counter,allocs/op,1223.5,1228.5,5,0.408663669799747,0.3008658008658009,false,6,100ms,Not a per-call regression; batch size can differ. See B/call and allocs/call.
full screen,explicit,BenchmarkWazeroExec/isa_simd_reduce.i16x8_bitmask,wazero,raw batch counter,allocs/op,1592.5,1597.5,5,0.31397174254317317,0.33116883116883117,false,6,100ms,Not a per-call regression; batch size can differ. See B/call and allocs/call.
full screen,explicit,BenchmarkWazeroExec/isa_simd_reduce.i32x4_all_true,wazero,raw batch counter,allocs/op,1080.5,1085.5,5,0.46274872744100914,0.461038961038961,false,6,100ms,Not a per-call regression; batch size can differ. See B/call and allocs/call.
full screen,signals,BenchmarkWazeroExec/isa_simd_f64x2.neg,wazero,raw batch counter,allocs/op,1118.5,1123,4.5,0.40232454179705,0.48484848484848486,false,6,100ms,Not a per-call regression; batch size can differ. See B/call and allocs/call.
full screen,signals,BenchmarkWazeroExec/isa_simd_i16x8.min_s,wazero,raw batch counter,allocs/op,1220.5,1225,4.5,0.36870135190496534,0.45454545454545453,false,6,100ms,Not a per-call regression; batch size can differ. See B/call and allocs/call.
full screen,explicit,BenchmarkWazeroExec/isa_simd_i32x4.extadd_pairwise_s,wazero,raw batch counter,allocs/op,811,815.5,4.5,0.5548705302096169,0.40476190476190477,false,6,100ms,Not a per-call regression; batch size can differ. See B/call and allocs/call.
full screen,explicit,BenchmarkWazeroExec/isa_simd_i8x16.neg,wazero,raw batch counter,allocs/op,1558.5,1563,4.5,0.2887391722810495,0.9372294372294372,false,6,100ms,Not a per-call regression; batch size can differ. See B/call and allocs/call.
full screen,signals,BenchmarkWazeroExec/zstd.zstd_decompress_run,wazero,raw batch counter,allocs/op,259,263.5,4.5,1.737451737451745,0.14285714285714285,false,6,100ms,Not a per-call regression; batch size can differ. See B/call and allocs/call.
full screen,signals,BenchmarkWazeroExec/isa_bulk_mem.copy_back_4096,wazero,raw batch counter,allocs/op,207.5,211.5,4,1.9277108433734869,0.24025974025974026,false,6,100ms,Not a per-call regression; batch size can differ. See B/call and allocs/call.
full screen,signals,BenchmarkWazeroExec/isa_i64.rotl,wazero,raw batch counter,allocs/op,147.5,151.5,4,2.7118644067796627,0.0021645021645021645,true,6,100ms,Not a per-call regression; batch size can differ. See B/call and allocs/call.
full screen,explicit,BenchmarkWazeroExec/isa_simd_f32x4.abs,wazero,raw batch counter,allocs/op,1539,1543,4,0.2599090318388564,0.48484848484848486,false,6,100ms,Not a per-call regression; batch size can differ. See B/call and allocs/call.
full screen,signals,BenchmarkWazeroExec/isa_simd_f64x2.le,wazero,raw batch counter,allocs/op,611.5,615.5,4,0.6541291905151292,0.3354978354978355,false,6,100ms,Not a per-call regression; batch size can differ. See B/call and allocs/call.
full screen,signals,BenchmarkWazeroExec/isa_simd_i16x8.le_u,wazero,raw batch counter,allocs/op,530.5,534.5,4,0.7540056550424223,0.4069264069264069,false,6,100ms,Not a per-call regression; batch size can differ. See B/call and allocs/call.
full screen,signals,BenchmarkWazeroExec/isa_simd_i16x8.lt_u,wazero,raw batch counter,allocs/op,372,376,4,1.0752688172043001,0.3484848484848485,false,6,100ms,Not a per-call regression; batch size can differ. See B/call and allocs/call.
full screen,signals,BenchmarkWazeroExec/isa_simd_i16x8.shr_u,wazero,raw batch counter,allocs/op,925.5,929.5,4,0.432198811453266,0.9372294372294372,false,6,100ms,Not a per-call regression; batch size can differ. See B/call and allocs/call.
full screen,explicit,BenchmarkWazeroExec/isa_simd_i32x4.eq,wazero,raw batch counter,allocs/op,1216,1220,4,0.328947368421062,0.7748917748917749,false,6,100ms,Not a per-call regression; batch size can differ. See B/call and allocs/call.
full screen,signals,BenchmarkWazeroExec/isa_simd_i64x2.extmul_low_s,wazero,raw batch counter,allocs/op,131.5,135.5,4,3.041825095057038,0.025974025974025976,true,6,100ms,Not a per-call regression; batch size can differ. See B/call and allocs/call.
full screen,explicit,BenchmarkWazeroExec/isa_simd_v128.andnot,wazero,raw batch counter,allocs/op,950.5,954.5,4,0.420831141504463,0.4199134199134199,false,6,100ms,Not a per-call regression; batch size can differ. See B/call and allocs/call.
full screen,explicit,BenchmarkWazeroExec/memory_tree.run,wazero,raw batch counter,allocs/op,98,102,4,4.081632653061229,0.36796536796536794,false,6,100ms,Not a per-call regression; batch size can differ. See B/call and allocs/call.
full screen,signals,BenchmarkWazeroExec/memory_tree.run,wazero,raw batch counter,allocs/op,97.5,101.5,4,4.10256410256411,0.015151515151515152,true,6,100ms,Not a per-call regression; batch size can differ. See B/call and allocs/call.
full screen,signals,BenchmarkWazeroExec/swar-pack-parse.runN,wazero,raw batch counter,allocs/op,1213,1217,4,0.3297609233305909,0.7380952380952381,false,6,100ms,Not a per-call regression; batch size can differ. See B/call and allocs/call.
full screen,signals,BenchmarkWazeroExec/isa_ctl.select,wazero,raw batch counter,allocs/op,98.5,102,3.5,3.5532994923857864,0.045454545454545456,true,6,100ms,Not a per-call regression; batch size can differ. See B/call and allocs/call.
full screen,signals,BenchmarkWazeroExec/isa_cvt.i64_extend_u,wazero,raw batch counter,allocs/op,304,307.5,3.5,1.1513157894736947,0.19264069264069264,false,6,100ms,Not a per-call regression; batch size can differ. See B/call and allocs/call.
full screen,explicit,BenchmarkWazeroExec/isa_i64.rotr,wazero,raw batch counter,allocs/op,147.5,151,3.5,2.3728813559322104,0.10606060606060606,false,6,100ms,Not a per-call regression; batch size can differ. See B/call and allocs/call.
full screen,signals,BenchmarkWazeroExec/isa_mem.store_i64,wazero,raw batch counter,allocs/op,243.5,247,3.5,1.4373716632443578,0.17316017316017315,false,6,100ms,Not a per-call regression; batch size can differ. See B/call and allocs/call.
full screen,signals,BenchmarkWazeroExec/isa_simd_f32x4.lt,wazero,raw batch counter,allocs/op,614.5,618,3.5,0.5695687550854256,0.030303030303030304,true,6,100ms,Not a per-call regression; batch size can differ. See B/call and allocs/call.
full screen,signals,BenchmarkWazeroExec/isa_simd_f64x2.ge,wazero,raw batch counter,allocs/op,534.5,538,3.5,0.654817586529477,0.19480519480519481,false,6,100ms,Not a per-call regression; batch size can differ. See B/call and allocs/call.
full screen,explicit,BenchmarkWazeroExec/isa_simd_i32x4.shr_u,wazero,raw batch counter,allocs/op,932,935.5,3.5,0.375536480686689,0.9004329004329005,false,6,100ms,Not a per-call regression; batch size can differ. See B/call and allocs/call.
full screen,signals,BenchmarkWazeroExec/isa_simd_i64x2.extend_high_s,wazero,raw batch counter,allocs/op,609.5,613,3.5,0.5742411812961423,0.13203463203463203,false,6,100ms,Not a per-call regression; batch size can differ. See B/call and allocs/call.
full screen,explicit,BenchmarkWazeroExec/isa_simd_v128.bitselect,wazero,raw batch counter,allocs/op,608,611.5,3.5,0.5756578947368363,0.6645021645021645,false,6,100ms,Not a per-call regression; batch size can differ. See B/call and allocs/call.
full screen,explicit,BenchmarkWazeroExec/isa_i64.clz,wazero,raw batch counter,allocs/op,150,153,3,2.0000000000000018,0.045454545454545456,true,6,100ms,Not a per-call regression; batch size can differ. See B/call and allocs/call.
full screen,signals,BenchmarkWazeroExec/isa_simd_f32x4.floor,wazero,raw batch counter,allocs/op,811.5,814.5,3,0.3696857670979714,0.11904761904761904,false,6,100ms,Not a per-call regression; batch size can differ. See B/call and allocs/call.
full screen,signals,BenchmarkWazeroExec/isa_simd_f32x4.pmin,wazero,raw batch counter,allocs/op,537,540,3,0.5586592178770999,0.44805194805194803,false,6,100ms,Not a per-call regression; batch size can differ. See B/call and allocs/call.
full screen,signals,BenchmarkWazeroExec/isa_simd_i16x8.gt_u,wazero,raw batch counter,allocs/op,407,410,3,0.7371007371007376,0.3528138528138528,false,6,100ms,Not a per-call regression; batch size can differ. See B/call and allocs/call.
full screen,signals,BenchmarkWazeroExec/isa_simd_i16x8.lt_s,wazero,raw batch counter,allocs/op,954.5,957.5,3,0.3143006809848137,0.961038961038961,false,6,100ms,Not a per-call regression; batch size can differ. See B/call and allocs/call.
full screen,signals,BenchmarkWazeroExec/isa_simd_i16x8.narrow_i32x4_u,wazero,raw batch counter,allocs/op,614,617,3,0.48859934853420217,0.670995670995671,false,6,100ms,Not a per-call regression; batch size can differ. See B/call and allocs/call.
full screen,signals,BenchmarkWazeroExec/isa_simd_i16x8.sub_sat_s,wazero,raw batch counter,allocs/op,610.5,613.5,3,0.49140049140048436,0.7186147186147186,false,6,100ms,Not a per-call regression; batch size can differ. See B/call and allocs/call.
full screen,explicit,BenchmarkWazeroExec/isa_simd_i32x4.extend_high_s,wazero,raw batch counter,allocs/op,612,615,3,0.4901960784313708,0.2878787878787879,false,6,100ms,Not a per-call regression; batch size can differ. See B/call and allocs/call.
full screen,signals,BenchmarkWazeroExec/isa_simd_i8x16.avgr_u,wazero,raw batch counter,allocs/op,610,613,3,0.4918032786885185,0.6796536796536796,false,6,100ms,Not a per-call regression; batch size can differ. See B/call and allocs/call.
full screen,signals,BenchmarkWazeroExec/isa_simd_i8x16.lt_s,wazero,raw batch counter,allocs/op,950,953,3,0.3157894736842026,1,false,6,100ms,Not a per-call regression; batch size can differ. See B/call and allocs/call.
full screen,signals,BenchmarkWazeroExec/isa_simd_reduce.i64x2_bitmask,wazero,raw batch counter,allocs/op,1512,1515,3,0.1984126984126977,0.7857142857142857,false,6,100ms,Not a per-call regression; batch size can differ. See B/call and allocs/call.
full screen,explicit,BenchmarkWazeroExec/isa_simd_v128.xor,wazero,raw batch counter,allocs/op,1219,1222,3,0.24610336341264194,0.9826839826839827,false,6,100ms,Not a per-call regression; batch size can differ. See B/call and allocs/call.
full screen,signals,BenchmarkWazeroExec/qoi.qoi_decode_run,wazero,raw batch counter,allocs/op,154.5,157.5,3,1.9417475728155331,1,false,6,100ms,Not a per-call regression; batch size can differ. See B/call and allocs/call.
full screen,signals,BenchmarkWazeroExec/isa_bulk_mem.fill_256,wazero,raw batch counter,allocs/op,369.5,372,2.5,0.6765899864682012,0.8679653679653679,false,6,100ms,Not a per-call regression; batch size can differ. See B/call and allocs/call.
full screen,explicit,BenchmarkWazeroExec/isa_mem.load_i32,wazero,raw batch counter,allocs/op,215,217.5,2.5,1.1627906976744207,0.3333333333333333,false,6,100ms,Not a per-call regression; batch size can differ. See B/call and allocs/call.
full screen,explicit,BenchmarkWazeroExec/isa_mem.store_i32_stride,wazero,raw batch counter,allocs/op,214.5,217,2.5,1.1655011655011593,0.30735930735930733,false,6,100ms,Not a per-call regression; batch size can differ. See B/call and allocs/call.
full screen,signals,BenchmarkWazeroExec/isa_simd_f32x4.eq,wazero,raw batch counter,allocs/op,611,613.5,2.5,0.40916530278232166,0.5670995670995671,false,6,100ms,Not a per-call regression; batch size can differ. See B/call and allocs/call.
full screen,signals,BenchmarkWazeroExec/isa_simd_f32x4.le,wazero,raw batch counter,allocs/op,611.5,614,2.5,0.40883074407196407,0.6601731601731602,false,6,100ms,Not a per-call regression; batch size can differ. See B/call and allocs/call.
full screen,explicit,BenchmarkWazeroExec/isa_simd_f32x4.lt,wazero,raw batch counter,allocs/op,614,616.5,2.5,0.4071661237784907,0.37445887445887444,false,6,100ms,Not a per-call regression; batch size can differ. See B/call and allocs/call.
full screen,explicit,BenchmarkWazeroExec/isa_simd_f32x4.ne,wazero,raw batch counter,allocs/op,608,610.5,2.5,0.41118421052630527,0.2878787878787879,false,6,100ms,Not a per-call regression; batch size can differ. See B/call and allocs/call.
full screen,signals,BenchmarkWazeroExec/isa_simd_f64x2.convert_low_i32x4_s,wazero,raw batch counter,allocs/op,809.5,812,2.5,0.30883261272389717,0.2813852813852814,false,6,100ms,Not a per-call regression; batch size can differ. See B/call and allocs/call.
full screen,explicit,BenchmarkWazeroExec/isa_simd_i16x8.extmul_low_s,wazero,raw batch counter,allocs/op,245,247.5,2.5,1.0204081632652962,0.05844155844155844,false,6,100ms,Not a per-call regression; batch size can differ. See B/call and allocs/call.
full screen,signals,BenchmarkWazeroExec/isa_simd_i16x8.shl,wazero,raw batch counter,allocs/op,927.5,930,2.5,0.26954177897573484,0.8181818181818182,false,6,100ms,Not a per-call regression; batch size can differ. See B/call and allocs/call.
full screen,signals,BenchmarkWazeroExec/isa_simd_i32x4.extadd_pairwise_u,wazero,raw batch counter,allocs/op,461,463.5,2.5,0.5422993492407713,0.8506493506493507,false,6,100ms,Not a per-call regression; batch size can differ. See B/call and allocs/call.
full screen,signals,BenchmarkWazeroExec/isa_simd_i32x4.extend_low_s,wazero,raw batch counter,allocs/op,1216.5,1219,2.5,0.2055076037813297,0.79004329004329,false,6,100ms,Not a per-call regression; batch size can differ. See B/call and allocs/call.
full screen,signals,BenchmarkWazeroExec/isa_simd_i32x4.le_s,wazero,raw batch counter,allocs/op,537,539.5,2.5,0.4655493482309092,0.21645021645021645,false,6,100ms,Not a per-call regression; batch size can differ. See B/call and allocs/call.
full screen,explicit,BenchmarkWazeroExec/isa_simd_i32x4.lt_s,wazero,raw batch counter,allocs/op,951.5,954,2.5,0.26274303730950965,0.3593073593073593,false,6,100ms,Not a per-call regression; batch size can differ. See B/call and allocs/call.
full screen,signals,BenchmarkWazeroExec/isa_simd_i32x4.lt_s,wazero,raw batch counter,allocs/op,954,956.5,2.5,0.2620545073375169,0.4134199134199134,false,6,100ms,Not a per-call regression; batch size can differ. See B/call and allocs/call.
full screen,signals,BenchmarkWazeroExec/isa_simd_i32x4.mul,wazero,raw batch counter,allocs/op,408,410.5,2.5,0.6127450980392135,0.30303030303030304,false,6,100ms,Not a per-call regression; batch size can differ. See B/call and allocs/call.
full screen,explicit,BenchmarkWazeroExec/isa_simd_i64x2.le_s,wazero,raw batch counter,allocs/op,406.5,409,2.5,0.6150061500614923,0.6103896103896104,false,6,100ms,Not a per-call regression; batch size can differ. See B/call and allocs/call.
full screen,explicit,BenchmarkWazeroExec/isa_simd_i64x2.shl,wazero,raw batch counter,allocs/op,925.5,928,2.5,0.27012425715828847,0.7337662337662337,false,6,100ms,Not a per-call regression; batch size can differ. See B/call and allocs/call.
full screen,explicit,BenchmarkWazeroExec/isa_simd_i8x16.abs,wazero,raw batch counter,allocs/op,1194.5,1197,2.5,0.20929259104227604,0.5086580086580087,false,6,100ms,Not a per-call regression; batch size can differ. See B/call and allocs/call.
full screen,explicit,BenchmarkWazeroExec/isa_simd_i8x16.popcnt,wazero,raw batch counter,allocs/op,435.5,438,2.5,0.574052812858783,0.9805194805194806,false,6,100ms,Not a per-call regression; batch size can differ. See B/call and allocs/call.
full screen,explicit,BenchmarkWazeroExec/isa_simd_i8x16.sub_sat_s,wazero,raw batch counter,allocs/op,616,618.5,2.5,0.40584415584414835,1,false,6,100ms,Not a per-call regression; batch size can differ. See B/call and allocs/call.
full screen,explicit,BenchmarkWazeroExec/isa_bulk_mem.fill_4096,wazero,raw batch counter,allocs/op,155,157,2,1.2903225806451646,0.47186147186147187,false,6,100ms,Not a per-call regression; batch size can differ. See B/call and allocs/call.
full screen,signals,BenchmarkWazeroExec/isa_i64.or,wazero,raw batch counter,allocs/op,152,154,2,1.3157894736842035,1,false,6,100ms,Not a per-call regression; batch size can differ. See B/call and allocs/call.
full screen,signals,BenchmarkWazeroExec/isa_mem.load_f64,wazero,raw batch counter,allocs/op,202,204,2,0.990099009900991,0.21212121212121213,false,6,100ms,Not a per-call regression; batch size can differ. See B/call and allocs/call.
full screen,signals,BenchmarkWazeroExec/isa_simd_f32x4.min,wazero,raw batch counter,allocs/op,203,205,2,0.9852216748768461,0.44805194805194803,false,6,100ms,Not a per-call regression; batch size can differ. See B/call and allocs/call.
full screen,explicit,BenchmarkWazeroExec/isa_simd_f32x4.mul,wazero,raw batch counter,allocs/op,408,410,2,0.4901960784313708,0.5562770562770563,false,6,100ms,Not a per-call regression; batch size can differ. See B/call and allocs/call.
full screen,explicit,BenchmarkWazeroExec/isa_simd_f64x2.pmin,wazero,raw batch counter,allocs/op,536.5,538.5,2,0.37278657968313755,0.79004329004329,false,6,100ms,Not a per-call regression; batch size can differ. See B/call and allocs/call.
full screen,signals,BenchmarkWazeroExec/isa_simd_i16x8.abs,wazero,raw batch counter,allocs/op,1219,1221,2,0.1640689089417613,0.9047619047619048,false,6,100ms,Not a per-call regression; batch size can differ. See B/call and allocs/call.
full screen,signals,BenchmarkWazeroExec/isa_simd_i16x8.eq,wazero,raw batch counter,allocs/op,1196.5,1198.5,2,0.16715419974926427,0.9372294372294372,false,6,100ms,Not a per-call regression; batch size can differ. See B/call and allocs/call.
full screen,explicit,BenchmarkWazeroExec/isa_simd_i16x8.lt_u,wazero,raw batch counter,allocs/op,372,374,2,0.5376344086021501,0.31385281385281383,false,6,100ms,Not a per-call regression; batch size can differ. See B/call and allocs/call.
full screen,explicit,BenchmarkWazeroExec/isa_simd_i32x4.extmul_high_s,wazero,raw batch counter,allocs/op,174.5,176.5,2,1.1461318051575908,0.2077922077922078,false,6,100ms,Not a per-call regression; batch size can differ. See B/call and allocs/call.
full screen,signals,BenchmarkWazeroExec/isa_simd_i32x4.extmul_low_u,wazero,raw batch counter,allocs/op,244.5,246.5,2,0.8179959100204526,0.16017316017316016,false,6,100ms,Not a per-call regression; batch size can differ. See B/call and allocs/call.
full screen,explicit,BenchmarkWazeroExec/isa_simd_i64x2.eq,wazero,raw batch counter,allocs/op,609.5,611.5,2,0.3281378178835004,0.8593073593073594,false,6,100ms,Not a per-call regression; batch size can differ. See B/call and allocs/call.
full screen,signals,BenchmarkWazeroExec/isa_simd_i8x16.min_u,wazero,raw batch counter,allocs/op,1220,1222,2,0.16393442622950616,0.8398268398268398,false,6,100ms,Not a per-call regression; batch size can differ. See B/call and allocs/call.
full screen,signals,BenchmarkWazeroExec/json-as.deserializeN,wazero,raw batch counter,allocs/op,34,36,2,5.882352941176472,0.032467532467532464,true,6,100ms,Not a per-call regression; batch size can differ. See B/call and allocs/call.
full screen,explicit,BenchmarkWazeroExec/qoi.qoi_encode_run,wazero,raw batch counter,allocs/op,162.5,164.5,2,1.2307692307692353,0.12121212121212122,false,6,100ms,Not a per-call regression; batch size can differ. See B/call and allocs/call.
full screen,explicit,BenchmarkWazeroExec/zlib.zlib_inflate_run,wazero,raw batch counter,allocs/op,121.5,123.5,2,1.6460905349794164,0.7164502164502164,false,6,100ms,Not a per-call regression; batch size can differ. See B/call and allocs/call.
full screen,explicit,BenchmarkWazeroExec/crc32.hashN,wazero,raw batch counter,allocs/op,97.5,99,1.5,1.538461538461533,0.5,false,6,100ms,Not a per-call regression; batch size can differ. See B/call and allocs/call.
full screen,signals,BenchmarkWazeroExec/crc32.hashN,wazero,raw batch counter,allocs/op,97,98.5,1.5,1.546391752577314,0.16233766233766234,false,6,100ms,Not a per-call regression; batch size can differ. See B/call and allocs/call.
full screen,signals,BenchmarkWazeroExec/isa_ctl.br_if,wazero,raw batch counter,allocs/op,152.5,154,1.5,0.9836065573770592,0.5346320346320347,false,6,100ms,Not a per-call regression; batch size can differ. See B/call and allocs/call.
full screen,explicit,BenchmarkWazeroExec/isa_ctl.select,wazero,raw batch counter,allocs/op,100,101.5,1.5,1.4999999999999902,1,false,6,100ms,Not a per-call regression; batch size can differ. See B/call and allocs/call.
full screen,signals,BenchmarkWazeroExec/isa_f64.max,wazero,raw batch counter,allocs/op,105.5,107,1.5,1.4218009478673022,0.23160173160173161,false,6,100ms,Not a per-call regression; batch size can differ. See B/call and allocs/call.
full screen,explicit,BenchmarkWazeroExec/isa_i32.popcnt,wazero,raw batch counter,allocs/op,151,152.5,1.5,0.9933774834437026,0.24675324675324675,false,6,100ms,Not a per-call regression; batch size can differ. See B/call and allocs/call.
full screen,explicit,BenchmarkWazeroExec/isa_i32.rotl,wazero,raw batch counter,allocs/op,74.5,76,1.5,2.0134228187919545,0.5757575757575758,false,6,100ms,Not a per-call regression; batch size can differ. See B/call and allocs/call.
full screen,explicit,BenchmarkWazeroExec/isa_i64.rotl,wazero,raw batch counter,allocs/op,149,150.5,1.5,1.0067114093959662,0.5064935064935064,false,6,100ms,Not a per-call regression; batch size can differ. See B/call and allocs/call.
full screen,signals,BenchmarkWazeroExec/isa_i64.shl,wazero,raw batch counter,allocs/op,149.5,151,1.5,1.0033444816053505,0.6147186147186147,false,6,100ms,Not a per-call regression; batch size can differ. See B/call and allocs/call.
full screen,signals,BenchmarkWazeroExec/isa_mem.load_i64,wazero,raw batch counter,allocs/op,218.5,220,1.5,0.6864988558352492,0.4199134199134199,false,6,100ms,Not a per-call regression; batch size can differ. See B/call and allocs/call.
full screen,explicit,BenchmarkWazeroExec/isa_simd_i16x8.le_u,wazero,raw batch counter,allocs/op,539.5,541,1.5,0.2780352177942591,0.935064935064935,false,6,100ms,Not a per-call regression; batch size can differ. See B/call and allocs/call.
full screen,explicit,BenchmarkWazeroExec/isa_simd_i16x8.sub_sat_s,wazero,raw batch counter,allocs/op,611.5,613,1.5,0.24529844644316512,0.551948051948052,false,6,100ms,Not a per-call regression; batch size can differ. See B/call and allocs/call.
full screen,signals,BenchmarkWazeroExec/isa_simd_i32x4.abs,wazero,raw batch counter,allocs/op,1221.5,1223,1.5,0.12279983626688473,0.5043290043290043,false,6,100ms,Not a per-call regression; batch size can differ. See B/call and allocs/call.
full screen,signals,BenchmarkWazeroExec/isa_simd_i32x4.lt_u,wazero,raw batch counter,allocs/op,373.5,375,1.5,0.40160642570281624,0.6645021645021645,false,6,100ms,Not a per-call regression; batch size can differ. See B/call and allocs/call.
full screen,signals,BenchmarkWazeroExec/isa_simd_i32x4.ne,wazero,raw batch counter,allocs/op,612.5,614,1.5,0.2448979591836764,0.9718614718614719,false,6,100ms,Not a per-call regression; batch size can differ. See B/call and allocs/call.
full screen,signals,BenchmarkWazeroExec/isa_simd_i64x2.eq,wazero,raw batch counter,allocs/op,610,611.5,1.5,0.24590163934425924,0.9783549783549783,false,6,100ms,Not a per-call regression; batch size can differ. See B/call and allocs/call.
full screen,signals,BenchmarkWazeroExec/isa_simd_i8x16.add,wazero,raw batch counter,allocs/op,1226.5,1228,1.5,0.12229922543824934,0.3398268398268398,false,6,100ms,Not a per-call regression; batch size can differ. See B/call and allocs/call.
full screen,signals,BenchmarkWazeroExec/isa_simd_i8x16.swizzle,wazero,raw batch counter,allocs/op,306,307.5,1.5,0.4901960784313708,0.3484848484848485,false,6,100ms,Not a per-call regression; batch size can differ. See B/call and allocs/call.
full screen,explicit,BenchmarkWazeroExec/linked_list.sum,wazero,raw batch counter,allocs/op,199,200.5,1.5,0.7537688442211143,0.7857142857142857,false,6,100ms,Not a per-call regression; batch size can differ. See B/call and allocs/call.
full screen,signals,BenchmarkWazeroExec/utf-as-simd.convertN,wazero,raw batch counter,allocs/op,30.5,32,1.5,4.918032786885251,0.032467532467532464,true,6,100ms,Not a per-call regression; batch size can differ. See B/call and allocs/call.
full screen,explicit,BenchmarkWazeroExec/isa_ctl.br_if,wazero,raw batch counter,allocs/op,152,153,1,0.6578947368421018,1,false,6,100ms,Not a per-call regression; batch size can differ. See B/call and allocs/call.
full screen,explicit,BenchmarkWazeroExec/isa_ctl.loop_baseline,wazero,raw batch counter,allocs/op,304,305,1,0.328947368421062,0.7402597402597403,false,6,100ms,Not a per-call regression; batch size can differ. See B/call and allocs/call.
full screen,signals,BenchmarkWazeroExec/isa_cvt.reinterpret_f64,wazero,raw batch counter,allocs/op,34,35,1,2.941176470588225,0.06060606060606061,false,6,100ms,Not a per-call regression; batch size can differ. See B/call and allocs/call.
full screen,explicit,BenchmarkWazeroExec/isa_f32.ceil,wazero,raw batch counter,allocs/op,48.5,49.5,1,2.0618556701030855,0.12987012987012986,false,6,100ms,Not a per-call regression; batch size can differ. See B/call and allocs/call.
full screen,explicit,BenchmarkWazeroExec/isa_f64.floor,wazero,raw batch counter,allocs/op,50,51,1,2.0000000000000018,0.30952380952380953,false,6,100ms,Not a per-call regression; batch size can differ. See B/call and allocs/call.
full screen,signals,BenchmarkWazeroExec/isa_f64.min,wazero,raw batch counter,allocs/op,106,107,1,0.9433962264151052,0.9264069264069265,false,6,100ms,Not a per-call regression; batch size can differ. See B/call and allocs/call.
full screen,explicit,BenchmarkWazeroExec/isa_i32.div_u,wazero,raw batch counter,allocs/op,13,14,1,7.692307692307687,0.1774891774891775,false,6,100ms,Not a per-call regression; batch size can differ. See B/call and allocs/call.
full screen,explicit,BenchmarkWazeroExec/isa_i64.and,wazero,raw batch counter,allocs/op,153,154,1,0.6535947712418277,0.045454545454545456,true,6,100ms,Not a per-call regression; batch size can differ. See B/call and allocs/call.
full screen,explicit,BenchmarkWazeroExec/isa_i64.popcnt,wazero,raw batch counter,allocs/op,151.5,152.5,1,0.660066006600668,0.1406926406926407,false,6,100ms,Not a per-call regression; batch size can differ. See B/call and allocs/call.
full screen,signals,BenchmarkWazeroExec/isa_i64.rotr,wazero,raw batch counter,allocs/op,148.5,149.5,1,0.6734006734006703,0.474025974025974,false,6,100ms,Not a per-call regression; batch size can differ. See B/call and allocs/call.
full screen,explicit,BenchmarkWazeroExec/isa_i64.sub,wazero,raw batch counter,allocs/op,153.5,154.5,1,0.6514657980456029,0.8614718614718615,false,6,100ms,Not a per-call regression; batch size can differ. See B/call and allocs/call.
full screen,explicit,BenchmarkWazeroExec/isa_simd_f32x4.convert_i32x4_u,wazero,raw batch counter,allocs/op,175,176,1,0.5714285714285783,0.577922077922078,false,6,100ms,Not a per-call regression; batch size can differ. See B/call and allocs/call.
full screen,signals,BenchmarkWazeroExec/isa_simd_f32x4.ne,wazero,raw batch counter,allocs/op,612.5,613.5,1,0.16326530612245094,0.683982683982684,false,6,100ms,Not a per-call regression; batch size can differ. See B/call and allocs/call.
full screen,explicit,BenchmarkWazeroExec/isa_simd_f64x2.abs,wazero,raw batch counter,allocs/op,1548.5,1549.5,1,0.06457862447530882,0.9004329004329005,false,6,100ms,Not a per-call regression; batch size can differ. See B/call and allocs/call.
full screen,explicit,BenchmarkWazeroExec/isa_simd_f64x2.mul,wazero,raw batch counter,allocs/op,408,409,1,0.2450980392156854,0.6212121212121212,false,6,100ms,Not a per-call regression; batch size can differ. See B/call and allocs/call.
full screen,signals,BenchmarkWazeroExec/isa_simd_f64x2.trunc,wazero,raw batch counter,allocs/op,818.5,819.5,1,0.12217470983506562,0.9696969696969697,false,6,100ms,Not a per-call regression; batch size can differ. See B/call and allocs/call.
full screen,explicit,BenchmarkWazeroExec/isa_simd_i16x8.extmul_high_s,wazero,raw batch counter,allocs/op,174.5,175.5,1,0.5730659025787954,0.38095238095238093,false,6,100ms,Not a per-call regression; batch size can differ. See B/call and allocs/call.
full screen,explicit,BenchmarkWazeroExec/isa_simd_i16x8.le_s,wazero,raw batch counter,allocs/op,533.5,534.5,1,0.18744142455482393,0.9805194805194806,false,6,100ms,Not a per-call regression; batch size can differ. See B/call and allocs/call.
full screen,signals,BenchmarkWazeroExec/isa_simd_i32x4.extend_low_u,wazero,raw batch counter,allocs/op,1221,1222,1,0.08190008190007703,0.5367965367965368,false,6,100ms,Not a per-call regression; batch size can differ. See B/call and allocs/call.
full screen,signals,BenchmarkWazeroExec/isa_simd_i32x4.ge_u,wazero,raw batch counter,allocs/op,610.5,611.5,1,0.16380016380015405,0.9718614718614719,false,6,100ms,Not a per-call regression; batch size can differ. See B/call and allocs/call.
full screen,explicit,BenchmarkWazeroExec/isa_simd_i32x4.min_s,wazero,raw batch counter,allocs/op,1220.5,1221.5,1,0.08193363375665896,0.9805194805194806,false,6,100ms,Not a per-call regression; batch size can differ. See B/call and allocs/call.
full screen,signals,BenchmarkWazeroExec/isa_simd_i32x4.shr_s,wazero,raw batch counter,allocs/op,925.5,926.5,1,0.10804970286331095,0.7316017316017316,false,6,100ms,Not a per-call regression; batch size can differ. See B/call and allocs/call.
full screen,signals,BenchmarkWazeroExec/isa_simd_i64x2.extmul_low_u,wazero,raw batch counter,allocs/op,134,135,1,0.746268656716409,0.6428571428571429,false,6,100ms,Not a per-call regression; batch size can differ. See B/call and allocs/call.
full screen,explicit,BenchmarkWazeroExec/isa_simd_i8x16.avgr_u,wazero,raw batch counter,allocs/op,613,614,1,0.16313213703098572,0.9242424242424242,false,6,100ms,Not a per-call regression; batch size can differ. See B/call and allocs/call.
full screen,signals,BenchmarkWazeroExec/isa_simd_i8x16.lt_u,wazero,raw batch counter,allocs/op,372,373,1,0.26881720430107503,0.7770562770562771,false,6,100ms,Not a per-call regression; batch size can differ. See B/call and allocs/call.
full screen,signals,BenchmarkWazeroExec/isa_simd_v128.and,wazero,raw batch counter,allocs/op,1215.5,1216.5,1,0.08227067050596837,0.7316017316017316,false,6,100ms,Not a per-call regression; batch size can differ. See B/call and allocs/call.
full screen,explicit,BenchmarkWazeroExec/isa_var.global_getset,wazero,raw batch counter,allocs/op,303,304,1,0.3300330033003229,0.9718614718614719,false,6,100ms,Not a per-call regression; batch size can differ. See B/call and allocs/call.
full screen,explicit,BenchmarkWazeroExec/isa_var.local_getset,wazero,raw batch counter,allocs/op,152,153,1,0.6578947368421018,0.5151515151515151,false,6,100ms,Not a per-call regression; batch size can differ. See B/call and allocs/call.
full screen,explicit,BenchmarkWazeroExec/json-as-simd.deserializeN,wazero,raw batch counter,allocs/op,27,28,1,3.703703703703698,0.33116883116883117,false,6,100ms,Not a per-call regression; batch size can differ. See B/call and allocs/call.
full screen,signals,BenchmarkWazeroExec/json-as-simd.deserializeN,wazero,raw batch counter,allocs/op,28,29,1,3.571428571428581,0.10606060606060606,false,6,100ms,Not a per-call regression; batch size can differ. See B/call and allocs/call.
full screen,explicit,BenchmarkWazeroExec/mandelbrot.render,wazero,raw batch counter,allocs/op,8,9,1,12.5,0.5670995670995671,false,6,100ms,Not a per-call regression; batch size can differ. See B/call and allocs/call.
full screen,signals,BenchmarkWazeroExec/sieve.count,wazero,raw batch counter,allocs/op,17,18,1,5.882352941176472,0.19696969696969696,false,6,100ms,Not a per-call regression; batch size can differ. See B/call and allocs/call.
full screen,signals,BenchmarkWazeroExec/float.run,wazero,raw batch counter,allocs/op,554.5,555,0.5,0.0901713255184955,0.829004329004329,false,6,100ms,Not a per-call regression; batch size can differ. See B/call and allocs/call.
full screen,explicit,BenchmarkWazeroExec/isa_bulk_mem.copy_back_4096,wazero,raw batch counter,allocs/op,210.5,211,0.5,0.23752969121140222,0.6948051948051948,false,6,100ms,Not a per-call regression; batch size can differ. See B/call and allocs/call.
full screen,signals,BenchmarkWazeroExec/isa_ctl.if_else,wazero,raw batch counter,allocs/op,212,212.5,0.5,0.2358490566037652,0.35064935064935066,false,6,100ms,Not a per-call regression; batch size can differ. See B/call and allocs/call.
full screen,explicit,BenchmarkWazeroExec/isa_cvt.f64_convert_s,wazero,raw batch counter,allocs/op,23.5,24,0.5,2.127659574468077,0.42424242424242425,false,6,100ms,Not a per-call regression; batch size can differ. See B/call and allocs/call.
full screen,signals,BenchmarkWazeroExec/isa_cvt.f64_convert_s,wazero,raw batch counter,allocs/op,23.5,24,0.5,2.127659574468077,0.42424242424242425,false,6,100ms,Not a per-call regression; batch size can differ. See B/call and allocs/call.
full screen,explicit,BenchmarkWazeroExec/isa_cvt.i64_extend_s,wazero,raw batch counter,allocs/op,153.5,154,0.5,0.32573289902280145,0.3398268398268398,false,6,100ms,Not a per-call regression; batch size can differ. See B/call and allocs/call.
full screen,signals,BenchmarkWazeroExec/isa_cvt.i64_extend_s,wazero,raw batch counter,allocs/op,152.5,153,0.5,0.3278688524590123,0.20562770562770563,false,6,100ms,Not a per-call regression; batch size can differ. See B/call and allocs/call.
full screen,signals,BenchmarkWazeroExec/isa_cvt.promote_demote,wazero,raw batch counter,allocs/op,16.5,17,0.5,3.0303030303030276,0.696969696969697,false,6,100ms,Not a per-call regression; batch size can differ. See B/call and allocs/call.
full screen,signals,BenchmarkWazeroExec/isa_f32.floor,wazero,raw batch counter,allocs/op,48.5,49,0.5,1.0309278350515427,0.45454545454545453,false,6,100ms,Not a per-call regression; batch size can differ. See B/call and allocs/call.
full screen,explicit,BenchmarkWazeroExec/isa_f32.mul,wazero,raw batch counter,allocs/op,50.5,51,0.5,0.990099009900991,0.6233766233766234,false,6,100ms,Not a per-call regression; batch size can differ. See B/call and allocs/call.
full screen,explicit,BenchmarkWazeroExec/isa_f32.nearest,wazero,raw batch counter,allocs/op,49.5,50,0.5,1.0101010101010166,0.696969696969697,false,6,100ms,Not a per-call regression; batch size can differ. See B/call and allocs/call.
full screen,signals,BenchmarkWazeroExec/isa_f32.nearest,wazero,raw batch counter,allocs/op,49,49.5,0.5,1.0204081632652962,0.512987012987013,false,6,100ms,Not a per-call regression; batch size can differ. See B/call and allocs/call.
full screen,explicit,BenchmarkWazeroExec/isa_f32.neg,wazero,raw batch counter,allocs/op,51.5,52,0.5,0.9708737864077666,1,false,6,100ms,Not a per-call regression; batch size can differ. See B/call and allocs/call.
full screen,explicit,BenchmarkWazeroExec/isa_f32.trunc,wazero,raw batch counter,allocs/op,49,49.5,0.5,1.0204081632652962,1,false,6,100ms,Not a per-call regression; batch size can differ. See B/call and allocs/call.
full screen,signals,BenchmarkWazeroExec/isa_f32.trunc,wazero,raw batch counter,allocs/op,49,49.5,0.5,1.0204081632652962,0.8917748917748918,false,6,100ms,Not a per-call regression; batch size can differ. See B/call and allocs/call.
full screen,explicit,BenchmarkWazeroExec/isa_f64.abs,wazero,raw batch counter,allocs/op,51,51.5,0.5,0.9803921568627416,0.23160173160173161,false,6,100ms,Not a per-call regression; batch size can differ. See B/call and allocs/call.
full screen,signals,BenchmarkWazeroExec/isa_f64.mul,wazero,raw batch counter,allocs/op,51.5,52,0.5,0.9708737864077666,0.18181818181818182,false,6,100ms,Not a per-call regression; batch size can differ. See B/call and allocs/call.
full screen,signals,BenchmarkWazeroExec/isa_f64.nearest,wazero,raw batch counter,allocs/op,50.5,51,0.5,0.990099009900991,0.5454545454545454,false,6,100ms,Not a per-call regression; batch size can differ. See B/call and allocs/call.
full screen,explicit,BenchmarkWazeroExec/isa_f64.sqrt,wazero,raw batch counter,allocs/op,12,12.5,0.5,4.166666666666674,0.5454545454545454,false,6,100ms,Not a per-call regression; batch size can differ. See B/call and allocs/call.
full screen,explicit,BenchmarkWazeroExec/isa_f64.trunc,wazero,raw batch counter,allocs/op,50.5,51,0.5,0.990099009900991,0.8679653679653679,false,6,100ms,Not a per-call regression; batch size can differ. See B/call and allocs/call.
full screen,explicit,BenchmarkWazeroExec/isa_i32.ctz,wazero,raw batch counter,allocs/op,151.5,152,0.5,0.3300330033003229,0.7943722943722944,false,6,100ms,Not a per-call regression; batch size can differ. See B/call and allocs/call.
full screen,signals,BenchmarkWazeroExec/isa_i32.div_u,wazero,raw batch counter,allocs/op,13,13.5,0.5,3.8461538461538547,0.10822510822510822,false,6,100ms,Not a per-call regression; batch size can differ. See B/call and allocs/call.
full screen,signals,BenchmarkWazeroExec/isa_i32.rotr,wazero,raw batch counter,allocs/op,74.5,75,0.5,0.6711409395973256,0.6904761904761905,false,6,100ms,Not a per-call regression; batch size can differ. See B/call and allocs/call.
full screen,explicit,BenchmarkWazeroExec/isa_i32.shl,wazero,raw batch counter,allocs/op,75.5,76,0.5,0.6622516556291425,0.7272727272727273,false,6,100ms,Not a per-call regression; batch size can differ. See B/call and allocs/call.
full screen,explicit,BenchmarkWazeroExec/isa_i32.shr_u,wazero,raw batch counter,allocs/op,75,75.5,0.5,0.6666666666666599,0.6493506493506493,false,6,100ms,Not a per-call regression; batch size can differ. See B/call and allocs/call.
full screen,signals,BenchmarkWazeroExec/isa_i32.shr_u,wazero,raw batch counter,allocs/op,75.5,76,0.5,0.6622516556291425,0.7380952380952381,false,6,100ms,Not a per-call regression; batch size can differ. See B/call and allocs/call.
full screen,explicit,BenchmarkWazeroExec/isa_i32.sub,wazero,raw batch counter,allocs/op,153.5,154,0.5,0.32573289902280145,0.6948051948051948,false,6,100ms,Not a per-call regression; batch size can differ. See B/call and allocs/call.
full screen,signals,BenchmarkWazeroExec/isa_i32.sub,wazero,raw batch counter,allocs/op,153,153.5,0.5,0.32679738562091387,0.9978354978354979,false,6,100ms,Not a per-call regression; batch size can differ. See B/call and allocs/call.
full screen,explicit,BenchmarkWazeroExec/isa_i32.xor,wazero,raw batch counter,allocs/op,153,153.5,0.5,0.32679738562091387,0.49567099567099565,false,6,100ms,Not a per-call regression; batch size can differ. See B/call and allocs/call.
full screen,signals,BenchmarkWazeroExec/isa_i32.xor,wazero,raw batch counter,allocs/op,153,153.5,0.5,0.32679738562091387,0.6190476190476191,false,6,100ms,Not a per-call regression; batch size can differ. See B/call and allocs/call.
full screen,explicit,BenchmarkWazeroExec/isa_i64.ctz,wazero,raw batch counter,allocs/op,151,151.5,0.5,0.3311258278145601,0.4264069264069264,false,6,100ms,Not a per-call regression; batch size can differ. See B/call and allocs/call.
full screen,explicit,BenchmarkWazeroExec/isa_i64.mul,wazero,raw batch counter,allocs/op,51.5,52,0.5,0.9708737864077666,0.42424242424242425,false,6,100ms,Not a per-call regression; batch size can differ. See B/call and allocs/call.
full screen,explicit,BenchmarkWazeroExec/isa_i64.shr_u,wazero,raw batch counter,allocs/op,150.5,151,0.5,0.33222591362125353,0.7619047619047619,false,6,100ms,Not a per-call regression; batch size can differ. See B/call and allocs/call.
full screen,explicit,BenchmarkWazeroExec/isa_simd_f32x4.min,wazero,raw batch counter,allocs/op,205,205.5,0.5,0.24390243902439046,0.8939393939393939,false,6,100ms,Not a per-call regression; batch size can differ. See B/call and allocs/call.
full screen,signals,BenchmarkWazeroExec/isa_simd_f32x4.mul,wazero,raw batch counter,allocs/op,408.5,409,0.5,0.1223990208078396,0.7878787878787878,false,6,100ms,Not a per-call regression; batch size can differ. See B/call and allocs/call.
full screen,explicit,BenchmarkWazeroExec/isa_simd_f32x4.sqrt,wazero,raw batch counter,allocs/op,175.5,176,0.5,0.2849002849002913,0.5238095238095238,false,6,100ms,Not a per-call regression; batch size can differ. See B/call and allocs/call.
full screen,signals,BenchmarkWazeroExec/isa_simd_f64x2.lt,wazero,raw batch counter,allocs/op,615.5,616,0.5,0.08123476848092004,0.5562770562770563,false,6,100ms,Not a per-call regression; batch size can differ. See B/call and allocs/call.
full screen,explicit,BenchmarkWazeroExec/isa_simd_f64x2.trunc,wazero,raw batch counter,allocs/op,816,816.5,0.5,0.06127450980393245,0.6753246753246753,false,6,100ms,Not a per-call regression; batch size can differ. See B/call and allocs/call.
full screen,explicit,BenchmarkWazeroExec/isa_simd_i16x8.q15mulr_sat_s,wazero,raw batch counter,allocs/op,244.5,245,0.5,0.2044989775051187,0.9393939393939394,false,6,100ms,Not a per-call regression; batch size can differ. See B/call and allocs/call.
full screen,explicit,BenchmarkWazeroExec/isa_simd_i32x4.extend_low_u,wazero,raw batch counter,allocs/op,1228.5,1229,0.5,0.04070004070004796,0.816017316017316,false,6,100ms,Not a per-call regression; batch size can differ. See B/call and allocs/call.
full screen,signals,BenchmarkWazeroExec/isa_simd_i64x2.add,wazero,raw batch counter,allocs/op,1222,1222.5,0.5,0.040916530278223284,0.7835497835497836,false,6,100ms,Not a per-call regression; batch size can differ. See B/call and allocs/call.
full screen,explicit,BenchmarkWazeroExec/isa_simd_i64x2.extmul_high_s,wazero,raw batch counter,allocs/op,109.5,110,0.5,0.45662100456620447,0.564935064935065,false,6,100ms,Not a per-call regression; batch size can differ. See B/call and allocs/call.
full screen,explicit,BenchmarkWazeroExec/isa_simd_i64x2.extmul_high_u,wazero,raw batch counter,allocs/op,108.5,109,0.5,0.4608294930875667,0.8506493506493507,false,6,100ms,Not a per-call regression; batch size can differ. See B/call and allocs/call.
full screen,signals,BenchmarkWazeroExec/isa_simd_i64x2.extmul_high_u,wazero,raw batch counter,allocs/op,110,110.5,0.5,0.454545454545463,0.9134199134199135,false,6,100ms,Not a per-call regression; batch size can differ. See B/call and allocs/call.
full screen,signals,BenchmarkWazeroExec/isa_simd_i64x2.gt_s,wazero,raw batch counter,allocs/op,613.5,614,0.5,0.08149959250203231,0.9805194805194806,false,6,100ms,Not a per-call regression; batch size can differ. See B/call and allocs/call.
full screen,explicit,BenchmarkWazeroExec/isa_simd_i64x2.shr_s,wazero,raw batch counter,allocs/op,122,122.5,0.5,0.4098360655737654,0.47186147186147187,false,6,100ms,Not a per-call regression; batch size can differ. See B/call and allocs/call.
full screen,signals,BenchmarkWazeroExec/isa_simd_i8x16.gt_s,wazero,raw batch counter,allocs/op,1227,1227.5,0.5,0.04074979625101616,0.6190476190476191,false,6,100ms,Not a per-call regression; batch size can differ. See B/call and allocs/call.
full screen,signals,BenchmarkWazeroExec/isa_simd_i8x16.ne,wazero,raw batch counter,allocs/op,613,613.5,0.5,0.08156606851550396,0.8441558441558441,false,6,100ms,Not a per-call regression; batch size can differ. See B/call and allocs/call.
full screen,signals,BenchmarkWazeroExec/isa_simd_v128.bitselect,wazero,raw batch counter,allocs/op,608.5,609,0.5,0.08216926869351049,0.9155844155844156,false,6,100ms,Not a per-call regression; batch size can differ. See B/call and allocs/call.
full screen,explicit,BenchmarkWazeroExec/nbody.step,wazero,raw batch counter,allocs/op,6.5,7,0.5,7.692307692307687,1,false,6,100ms,Not a per-call regression; batch size can differ. See B/call and allocs/call.
full screen,signals,BenchmarkWazeroExec/nbody.step,wazero,raw batch counter,allocs/op,6.5,7,0.5,7.692307692307687,0.5454545454545454,false,6,100ms,Not a per-call regression; batch size can differ. See B/call and allocs/call.
full screen,signals,BenchmarkWazeroExec/qoi.qoi_encode_run,wazero,raw batch counter,allocs/op,164.5,165,0.5,0.3039513677811634,0.8311688311688312,false,6,100ms,Not a per-call regression; batch size can differ. See B/call and allocs/call.
full screen,explicit,BenchmarkWazeroExec/utf-as-simd.convertN,wazero,raw batch counter,allocs/op,31,31.5,0.5,1.6129032258064502,0.6753246753246753,false,6,100ms,Not a per-call regression; batch size can differ. See B/call and allocs/call.
full screen,signals,BenchmarkWazeroExec/dispatch.apply,wazero,raw batch counter,B/op,1981380,2012160,30780,1.5534627380916266,0.9372294372294372,false,6,100ms,Not a per-call regression; batch size can differ. See B/call and allocs/call.
full screen,signals,BenchmarkWazeroExec/branches.classify,wazero,raw batch counter,B/op,708396,731396,23000,3.246771579737895,0.09307359307359307,false,6,100ms,Not a per-call regression; batch size can differ. See B/call and allocs/call.
full screen,explicit,BenchmarkWazeroExec/xjb-mulhi.mulhi,wazero,raw batch counter,B/op,1378368,1389232,10864,0.7881784835399586,0.6991341991341992,false,6,100ms,Not a per-call regression; batch size can differ. See B/call and allocs/call.
full screen,signals,BenchmarkWazeroExec/swar-pack-parse.pack,wazero,raw batch counter,B/op,736288,743620,7332,0.9958059889608517,0.5887445887445888,false,6,100ms,Not a per-call regression; batch size can differ. See B/call and allocs/call.
full screen,explicit,BenchmarkWazeroExec/memory.sum,wazero,raw batch counter,B/op,49188,54480,5292,10.758721639424241,0.24025974025974026,false,6,100ms,Not a per-call regression; batch size can differ. See B/call and allocs/call.
full screen,signals,BenchmarkWazeroExec/memory.sum,wazero,raw batch counter,B/op,50824,55204,4380,8.61797575948371,0.13203463203463203,false,6,100ms,Not a per-call regression; batch size can differ. See B/call and allocs/call.
full screen,signals,BenchmarkWazeroExec/swar-pack-parse.parse4,wazero,raw batch counter,B/op,731428,735205,3777,0.5163871221774308,0.9372294372294372,false,6,100ms,Not a per-call regression; batch size can differ. See B/call and allocs/call.
full screen,explicit,BenchmarkWazeroExec/isa_bulk_mem.copy_back_64,wazero,raw batch counter,B/op,23856,25420,1564,6.55600268276324,0.30952380952380953,false,6,100ms,Not a per-call regression; batch size can differ. See B/call and allocs/call.
full screen,explicit,BenchmarkWazeroExec/isa_bulk_mem.copy_fwd_64,wazero,raw batch counter,B/op,22148,23336,1188,5.363915477695502,0.04112554112554113,true,6,100ms,Not a per-call regression; batch size can differ. See B/call and allocs/call.
full screen,signals,BenchmarkWazeroExec/isa_bulk_mem.copy_back_64,wazero,raw batch counter,B/op,24064,25180,1116,4.637632978723394,0.6991341991341992,false,6,100ms,Not a per-call regression; batch size can differ. See B/call and allocs/call.
full screen,signals,BenchmarkWazeroExec/arith.run,wazero,raw batch counter,B/op,11948,12784,836,6.9969869434215015,0.09307359307359307,false,6,100ms,Not a per-call regression; batch size can differ. See B/call and allocs/call.
full screen,signals,BenchmarkWazeroExec/tiny.add,wazero,raw batch counter,B/op,1415219.5,1415792,572.5,0.04045308872582254,1,false,6,100ms,Not a per-call regression; batch size can differ. See B/call and allocs/call.
full screen,signals,BenchmarkWazeroExec/isa_simd_f64x2.nearest,wazero,raw batch counter,B/op,6248,6592,344,5.5057618437900135,0.06926406926406926,false,6,100ms,Not a per-call regression; batch size can differ. See B/call and allocs/call.
full screen,signals,BenchmarkWazeroExec/isa_simd_i8x16.neg,wazero,raw batch counter,B/op,12236,12544,308,2.517162471395884,0.021645021645021644,true,6,100ms,Not a per-call regression; batch size can differ. See B/call and allocs/call.
full screen,explicit,BenchmarkWazeroExec/isa_simd_i32x4.extend_low_s,wazero,raw batch counter,B/op,9540,9804,264,2.767295597484276,0.12337662337662338,false,6,100ms,Not a per-call regression; batch size can differ. See B/call and allocs/call.
full screen,explicit,BenchmarkWazeroExec/isa_simd_i32x4.neg,wazero,raw batch counter,B/op,12268,12496,228,1.85849364199544,0.06277056277056277,false,6,100ms,Not a per-call regression; batch size can differ. See B/call and allocs/call.
full screen,signals,BenchmarkWazeroExec/isa_bulk_mem.copy_back_256,wazero,raw batch counter,B/op,14740,14956,216,1.4654002713704317,0.13203463203463203,false,6,100ms,Not a per-call regression; batch size can differ. See B/call and allocs/call.
full screen,explicit,BenchmarkWazeroExec/isa_simd_v128.and,wazero,raw batch counter,B/op,9552,9760,208,2.1775544388609624,0.22294372294372294,false,6,100ms,Not a per-call regression; batch size can differ. See B/call and allocs/call.
full screen,signals,BenchmarkWazeroExec/isa_simd_i8x16.shr_u,wazero,raw batch counter,B/op,4944,5144,200,4.045307443365687,0.12554112554112554,false,6,100ms,Not a per-call regression; batch size can differ. See B/call and allocs/call.
full screen,explicit,BenchmarkWazeroExec/isa_simd_i8x16.lt_s,wazero,raw batch counter,B/op,7472,7640,168,2.24839400428265,0.21861471861471862,false,6,100ms,Not a per-call regression; batch size can differ. See B/call and allocs/call.
full screen,explicit,BenchmarkWazeroExec/isa_simd_reduce.i8x16_all_true,wazero,raw batch counter,B/op,8456,8620,164,1.9394512771996109,0.7813852813852814,false,6,100ms,Not a per-call regression; batch size can differ. See B/call and allocs/call.
full screen,signals,BenchmarkWazeroExec/isa_simd_i8x16.max_s,wazero,raw batch counter,B/op,9648,9804,156,1.6169154228855787,0.13203463203463203,false,6,100ms,Not a per-call regression; batch size can differ. See B/call and allocs/call.
full screen,signals,BenchmarkWazeroExec/many_funcs.run,wazero,raw batch counter,B/op,648884,649040,156,0.02404127702331227,0.9372294372294372,false,6,100ms,Not a per-call regression; batch size can differ. See B/call and allocs/call.
full screen,signals,BenchmarkWazeroExec/isa_bulk_mem.copy_fwd_64,wazero,raw batch counter,B/op,22540,22684,144,0.6388642413487133,0.6991341991341992,false,6,100ms,Not a per-call regression; batch size can differ. See B/call and allocs/call.
full screen,signals,BenchmarkWazeroExec/isa_simd_f32x4.gt,wazero,raw batch counter,B/op,4156,4292,136,3.2723772858517908,0.6753246753246753,false,6,100ms,Not a per-call regression; batch size can differ. See B/call and allocs/call.
full screen,explicit,BenchmarkWazeroExec/isa_simd_i16x8.shr_u,wazero,raw batch counter,B/op,7360,7496,136,1.8478260869565277,0.12121212121212122,false,6,100ms,Not a per-call regression; batch size can differ. See B/call and allocs/call.
full screen,signals,BenchmarkWazeroExec/isa_simd_i8x16.shl,wazero,raw batch counter,B/op,5016,5152,136,2.7113237639553533,0.07575757575757576,false,6,100ms,Not a per-call regression; batch size can differ. See B/call and allocs/call.
full screen,explicit,BenchmarkWazeroExec/isa_bulk_mem.fill_256,wazero,raw batch counter,B/op,2852,2984,132,4.628330995792429,0.06277056277056277,false,6,100ms,Not a per-call regression; batch size can differ. See B/call and allocs/call.
full screen,signals,BenchmarkWazeroExec/isa_simd_v128.not,wazero,raw batch counter,B/op,19140,19272,132,0.6896551724137945,0.48484848484848486,false,6,100ms,Not a per-call regression; batch size can differ. See B/call and allocs/call.
full screen,signals,BenchmarkWazeroExec/isa_simd_f32x4.ceil,wazero,raw batch counter,B/op,6304,6428,124,1.9670050761421365,0.5887445887445888,false,6,100ms,Not a per-call regression; batch size can differ. See B/call and allocs/call.
full screen,signals,BenchmarkWazeroExec/isa_simd_f64x2.ne,wazero,raw batch counter,B/op,4808,4928,120,2.4958402662229595,0.42207792207792205,false,6,100ms,Not a per-call regression; batch size can differ. See B/call and allocs/call.
full screen,explicit,BenchmarkWazeroExec/isa_simd_i16x8.neg,wazero,raw batch counter,B/op,12488,12608,120,0.9609224855861687,0.29004329004329005,false,6,100ms,Not a per-call regression; batch size can differ. See B/call and allocs/call.
full screen,explicit,BenchmarkWazeroExec/isa_simd_i32x4.max_u,wazero,raw batch counter,B/op,9560,9680,120,1.2552301255230214,0.8528138528138528,false,6,100ms,Not a per-call regression; batch size can differ. See B/call and allocs/call.
full screen,explicit,BenchmarkWazeroExec/isa_simd_i8x16.ge_s,wazero,raw batch counter,B/op,4796,4912,116,2.4186822351959902,0.30735930735930733,false,6,100ms,Not a per-call regression; batch size can differ. See B/call and allocs/call.
full screen,signals,BenchmarkWazeroExec/isa_bulk_mem.fill_64,wazero,raw batch counter,B/op,3780,3892,112,2.9629629629629672,0.8593073593073594,false,6,100ms,Not a per-call regression; batch size can differ. See B/call and allocs/call.
full screen,signals,BenchmarkWazeroExec/isa_simd_i64x2.shl,wazero,raw batch counter,B/op,7404,7516,112,1.512695840086442,0.17965367965367965,false,6,100ms,Not a per-call regression; batch size can differ. See B/call and allocs/call.
full screen,signals,BenchmarkWazeroExec/isa_simd_v128.xor,wazero,raw batch counter,B/op,9732,9840,108,1.1097410604192337,0.6320346320346321,false,6,100ms,Not a per-call regression; batch size can differ. See B/call and allocs/call.
full screen,explicit,BenchmarkWazeroExec/isa_simd_i64x2.add,wazero,raw batch counter,B/op,9716,9820,104,1.070399341292716,0.21428571428571427,false,6,100ms,Not a per-call regression; batch size can differ. See B/call and allocs/call.
full screen,explicit,BenchmarkWazeroExec/isa_simd_i32x4.trunc_sat_f64x2_u_zero,wazero,raw batch counter,B/op,1600,1700,100,6.25,0.0367965367965368,true,6,100ms,Not a per-call regression; batch size can differ. See B/call and allocs/call.
full screen,signals,BenchmarkWazeroExec/isa_simd_i64x2.lt_s,wazero,raw batch counter,B/op,4224,4324,100,2.367424242424243,0.05627705627705628,false,6,100ms,Not a per-call regression; batch size can differ. See B/call and allocs/call.
full screen,explicit,BenchmarkWazeroExec/isa_simd_i8x16.eq,wazero,raw batch counter,B/op,9728,9828,100,1.0279605263157965,0.23593073593073594,false,6,100ms,Not a per-call regression; batch size can differ. See B/call and allocs/call.
full screen,explicit,BenchmarkWazeroExec/isa_simd_i16x8.max_s,wazero,raw batch counter,B/op,9728,9820,92,0.945723684210531,0.047619047619047616,true,6,100ms,Not a per-call regression; batch size can differ. See B/call and allocs/call.
full screen,signals,BenchmarkWazeroExec/isa_simd_i64x2.sub,wazero,raw batch counter,B/op,9720,9812,92,0.9465020576131744,0.2878787878787879,false,6,100ms,Not a per-call regression; batch size can differ. See B/call and allocs/call.
full screen,explicit,BenchmarkWazeroExec/isa_mem.load_i32_stride,wazero,raw batch counter,B/op,1448,1536,88,6.077348066298338,0.08008658008658008,false,6,100ms,Not a per-call regression; batch size can differ. See B/call and allocs/call.
full screen,explicit,BenchmarkWazeroExec/isa_simd_i16x8.abs,wazero,raw batch counter,B/op,9728,9816,88,0.9046052631578982,0.09307359307359307,false,6,100ms,Not a per-call regression; batch size can differ. See B/call and allocs/call.
full screen,explicit,BenchmarkWazeroExec/isa_simd_i32x4.abs,wazero,raw batch counter,B/op,9736,9824,88,0.9038619556285932,0.1038961038961039,false,6,100ms,Not a per-call regression; batch size can differ. See B/call and allocs/call.
full screen,explicit,BenchmarkWazeroExec/isa_simd_i64x2.extend_low_u,wazero,raw batch counter,B/op,9736,9824,88,0.9038619556285932,0.01948051948051948,true,6,100ms,Not a per-call regression; batch size can differ. See B/call and allocs/call.
full screen,signals,BenchmarkWazeroExec/isa_simd_i16x8.max_u,wazero,raw batch counter,B/op,9628,9712,84,0.8724553385957678,0.7380952380952381,false,6,100ms,Not a per-call regression; batch size can differ. See B/call and allocs/call.
full screen,explicit,BenchmarkWazeroExec/isa_simd_i8x16.sub_sat_u,wazero,raw batch counter,B/op,4804,4888,84,1.7485428809325576,0.7337662337662337,false,6,100ms,Not a per-call regression; batch size can differ. See B/call and allocs/call.
full screen,explicit,BenchmarkWazeroExec/isa_simd_i16x8.gt_s,wazero,raw batch counter,B/op,9700,9780,80,0.8247422680412342,0.19264069264069264,false,6,100ms,Not a per-call regression; batch size can differ. See B/call and allocs/call.
full screen,explicit,BenchmarkWazeroExec/isa_simd_i32x4.extadd_pairwise_u,wazero,raw batch counter,B/op,3668,3748,80,2.1810250817884347,0.11471861471861472,false,6,100ms,Not a per-call regression; batch size can differ. See B/call and allocs/call.
full screen,explicit,BenchmarkWazeroExec/isa_simd_i8x16.min_u,wazero,raw batch counter,B/op,9764,9844,80,0.8193363375665674,0.48484848484848486,false,6,100ms,Not a per-call regression; batch size can differ. See B/call and allocs/call.
full screen,explicit,BenchmarkWazeroExec/isa_simd_i16x8.min_u,wazero,raw batch counter,B/op,9720,9796,76,0.7818930041152194,0.3181818181818182,false,6,100ms,Not a per-call regression; batch size can differ. See B/call and allocs/call.
full screen,explicit,BenchmarkWazeroExec/isa_simd_i8x16.gt_s,wazero,raw batch counter,B/op,9736,9812,76,0.7806080525883274,0.38095238095238093,false,6,100ms,Not a per-call regression; batch size can differ. See B/call and allocs/call.
full screen,signals,BenchmarkWazeroExec/isa_simd_i8x16.eq,wazero,raw batch counter,B/op,9780,9852,72,0.7361963190184007,0.5541125541125541,false,6,100ms,Not a per-call regression; batch size can differ. See B/call and allocs/call.
full screen,explicit,BenchmarkWazeroExec/isa_simd_f64x2.ceil,wazero,raw batch counter,B/op,6496,6564,68,1.0467980295566504,0.45454545454545453,false,6,100ms,Not a per-call regression; batch size can differ. See B/call and allocs/call.
full screen,signals,BenchmarkWazeroExec/isa_simd_f64x2.promote_low_f32x4,wazero,raw batch counter,B/op,6496,6564,68,1.0467980295566504,0.7748917748917749,false,6,100ms,Not a per-call regression; batch size can differ. See B/call and allocs/call.
full screen,signals,BenchmarkWazeroExec/isa_simd_i16x8.extend_low_s,wazero,raw batch counter,B/op,9760,9828,68,0.6967213114754012,0.5497835497835498,false,6,100ms,Not a per-call regression; batch size can differ. See B/call and allocs/call.
full screen,signals,BenchmarkWazeroExec/isa_simd_i16x8.mul,wazero,raw batch counter,B/op,3196,3260,64,2.0025031289111483,0.28354978354978355,false,6,100ms,Not a per-call regression; batch size can differ. See B/call and allocs/call.
full screen,explicit,BenchmarkWazeroExec/isa_simd_i16x8.sub,wazero,raw batch counter,B/op,9764,9828,64,0.6554690700532495,0.3874458874458874,false,6,100ms,Not a per-call regression; batch size can differ. See B/call and allocs/call.
full screen,signals,BenchmarkWazeroExec/isa_simd_i64x2.abs,wazero,raw batch counter,B/op,7604,7668,64,0.8416622830089482,0.08441558441558442,false,6,100ms,Not a per-call regression; batch size can differ. See B/call and allocs/call.
full screen,explicit,BenchmarkWazeroExec/isa_simd_i8x16.add_sat_s,wazero,raw batch counter,B/op,4876,4940,64,1.312551271534046,0.30735930735930733,false,6,100ms,Not a per-call regression; batch size can differ. See B/call and allocs/call.
full screen,explicit,BenchmarkWazeroExec/memory_tree.run,wazero,raw batch counter,B/op,1568,1632,64,4.081632653061229,0.36796536796536794,false,6,100ms,Not a per-call regression; batch size can differ. See B/call and allocs/call.
full screen,signals,BenchmarkWazeroExec/memory_tree.run,wazero,raw batch counter,B/op,1560,1624,64,4.10256410256411,0.015151515151515152,true,6,100ms,Not a per-call regression; batch size can differ. See B/call and allocs/call.
full screen,explicit,BenchmarkWazeroExec/isa_simd_f64x2.floor,wazero,raw batch counter,B/op,6508,6568,60,0.9219422249538978,0.5627705627705628,false,6,100ms,Not a per-call regression; batch size can differ. See B/call and allocs/call.
full screen,signals,BenchmarkWazeroExec/isa_simd_i64x2.ne,wazero,raw batch counter,B/op,3196,3256,60,1.8773466833541974,0.33116883116883117,false,6,100ms,Not a per-call regression; batch size can differ. See B/call and allocs/call.
full screen,explicit,BenchmarkWazeroExec/isa_mem.store_i64,wazero,raw batch counter,B/op,1936,1992,56,2.892561983471076,0.4264069264069264,false,6,100ms,Not a per-call regression; batch size can differ. See B/call and allocs/call.
full screen,explicit,BenchmarkWazeroExec/isa_simd_f32x4.eq,wazero,raw batch counter,B/op,4880,4936,56,1.1475409836065653,0.7207792207792207,false,6,100ms,Not a per-call regression; batch size can differ. See B/call and allocs/call.
full screen,explicit,BenchmarkWazeroExec/isa_simd_i64x2.shr_u,wazero,raw batch counter,B/op,7356,7412,56,0.7612833061446445,0.6233766233766234,false,6,100ms,Not a per-call regression; batch size can differ. See B/call and allocs/call.
full screen,explicit,BenchmarkWazeroExec/isa_simd_reduce.i16x8_all_true,wazero,raw batch counter,B/op,8648,8704,56,0.647548566142464,0.6688311688311688,false,6,100ms,Not a per-call regression; batch size can differ. See B/call and allocs/call.
full screen,signals,BenchmarkWazeroExec/isa_simd_reduce.i16x8_all_true,wazero,raw batch counter,B/op,8612,8668,56,0.6502554575011699,0.329004329004329,false,6,100ms,Not a per-call regression; batch size can differ. See B/call and allocs/call.
full screen,signals,BenchmarkWazeroExec/isa_bulk_mem.fill_4096,wazero,raw batch counter,B/op,1228,1280,52,4.234527687296419,0.049783549783549784,true,6,100ms,Not a per-call regression; batch size can differ. See B/call and allocs/call.
full screen,explicit,BenchmarkWazeroExec/isa_bulk_mem.fill_64,wazero,raw batch counter,B/op,3888,3940,52,1.337448559670773,0.19047619047619047,false,6,100ms,Not a per-call regression; batch size can differ. See B/call and allocs/call.
full screen,explicit,BenchmarkWazeroExec/isa_simd_f64x2.add,wazero,raw batch counter,B/op,3252,3304,52,1.5990159901599021,0.023809523809523808,true,6,100ms,Not a per-call regression; batch size can differ. See B/call and allocs/call.
full screen,explicit,BenchmarkWazeroExec/isa_simd_f64x2.gt,wazero,raw batch counter,B/op,4224,4276,52,1.2310606060605966,1,false,6,100ms,Not a per-call regression; batch size can differ. See B/call and allocs/call.
full screen,explicit,BenchmarkWazeroExec/isa_simd_i16x8.extend_low_u,wazero,raw batch counter,B/op,9752,9804,52,0.533223954060702,0.3593073593073593,false,6,100ms,Not a per-call regression; batch size can differ. See B/call and allocs/call.
full screen,signals,BenchmarkWazeroExec/isa_simd_i32x4.extend_high_u,wazero,raw batch counter,B/op,4860,4912,52,1.0699588477366184,0.032467532467532464,true,6,100ms,Not a per-call regression; batch size can differ. See B/call and allocs/call.
full screen,explicit,BenchmarkWazeroExec/isa_simd_i32x4.lt_u,wazero,raw batch counter,B/op,2932,2984,52,1.7735334242837686,0.22294372294372294,false,6,100ms,Not a per-call regression; batch size can differ. See B/call and allocs/call.
full screen,explicit,BenchmarkWazeroExec/lz4.lz4_decompress_run,wazero,raw batch counter,B/op,3096,3148,52,1.6795865633074891,0.45670995670995673,false,6,100ms,Not a per-call regression; batch size can differ. See B/call and allocs/call.
full screen,signals,BenchmarkWazeroExec/isa_mem.store_i32,wazero,raw batch counter,B/op,1924,1972,48,2.494802494802495,0.4155844155844156,false,6,100ms,Not a per-call regression; batch size can differ. See B/call and allocs/call.
full screen,signals,BenchmarkWazeroExec/isa_simd_f64x2.pmax,wazero,raw batch counter,B/op,4256,4304,48,1.1278195488721776,0.5670995670995671,false,6,100ms,Not a per-call regression; batch size can differ. See B/call and allocs/call.
full screen,explicit,BenchmarkWazeroExec/isa_simd_i16x8.eq,wazero,raw batch counter,B/op,9708,9756,48,0.49443757725586845,0.9805194805194806,false,6,100ms,Not a per-call regression; batch size can differ. See B/call and allocs/call.
full screen,explicit,BenchmarkWazeroExec/isa_simd_i16x8.narrow_i32x4_u,wazero,raw batch counter,B/op,4840,4888,48,0.9917355371900749,0.23376623376623376,false,6,100ms,Not a per-call regression; batch size can differ. See B/call and allocs/call.
full screen,explicit,BenchmarkWazeroExec/isa_simd_i32x4.gt_s,wazero,raw batch counter,B/op,9816,9864,48,0.4889975550122161,0.23809523809523808,false,6,100ms,Not a per-call regression; batch size can differ. See B/call and allocs/call.
full screen,signals,BenchmarkWazeroExec/isa_simd_i32x4.trunc_sat_f64x2_u_zero,wazero,raw batch counter,B/op,1588,1636,48,3.0226700251889227,0.2510822510822511,false,6,100ms,Not a per-call regression; batch size can differ. See B/call and allocs/call.
full screen,signals,BenchmarkWazeroExec/isa_simd_i64x2.extend_low_s,wazero,raw batch counter,B/op,9720,9768,48,0.49382716049382047,0.329004329004329,false,6,100ms,Not a per-call regression; batch size can differ. See B/call and allocs/call.
full screen,signals,BenchmarkWazeroExec/isa_simd_i64x2.shr_u,wazero,raw batch counter,B/op,7400,7448,48,0.648648648648642,0.5584415584415584,false,6,100ms,Not a per-call regression; batch size can differ. See B/call and allocs/call.
full screen,signals,BenchmarkWazeroExec/lz4.lz4_decompress_run,wazero,raw batch counter,B/op,3120,3168,48,1.538461538461533,0.21645021645021645,false,6,100ms,Not a per-call regression; batch size can differ. See B/call and allocs/call.
full screen,explicit,BenchmarkWazeroExec/isa_simd_f64x2.pmax,wazero,raw batch counter,B/op,4272,4316,44,1.0299625468164875,0.05627705627705628,false,6,100ms,Not a per-call regression; batch size can differ. See B/call and allocs/call.
full screen,signals,BenchmarkWazeroExec/isa_simd_i16x8.extend_high_s,wazero,raw batch counter,B/op,4880,4924,44,0.9016393442623061,0.4134199134199134,false,6,100ms,Not a per-call regression; batch size can differ. See B/call and allocs/call.
full screen,explicit,BenchmarkWazeroExec/isa_simd_i16x8.max_u,wazero,raw batch counter,B/op,9684,9728,44,0.45435770342834303,0.7878787878787878,false,6,100ms,Not a per-call regression; batch size can differ. See B/call and allocs/call.
full screen,signals,BenchmarkWazeroExec/isa_simd_i32x4.le_u,wazero,raw batch counter,B/op,4280,4324,44,1.0280373831775602,0.2554112554112554,false,6,100ms,Not a per-call regression; batch size can differ. See B/call and allocs/call.
full screen,signals,BenchmarkWazeroExec/isa_simd_f64x2.mul,wazero,raw batch counter,B/op,3244,3284,40,1.2330456226880449,0.06926406926406926,false,6,100ms,Not a per-call regression; batch size can differ. See B/call and allocs/call.
full screen,explicit,BenchmarkWazeroExec/isa_simd_f64x2.promote_low_f32x4,wazero,raw batch counter,B/op,6500,6540,40,0.6153846153846176,0.9761904761904762,false,6,100ms,Not a per-call regression; batch size can differ. See B/call and allocs/call.
full screen,explicit,BenchmarkWazeroExec/isa_simd_i16x8.extend_low_s,wazero,raw batch counter,B/op,9788,9828,40,0.408663669799747,0.3008658008658009,false,6,100ms,Not a per-call regression; batch size can differ. See B/call and allocs/call.
full screen,explicit,BenchmarkWazeroExec/isa_simd_reduce.i16x8_bitmask,wazero,raw batch counter,B/op,12740,12780,40,0.31397174254317317,0.33116883116883117,false,6,100ms,Not a per-call regression; batch size can differ. See B/call and allocs/call.
full screen,explicit,BenchmarkWazeroExec/isa_simd_reduce.i32x4_all_true,wazero,raw batch counter,B/op,8644,8684,40,0.46274872744100914,0.461038961038961,false,6,100ms,Not a per-call regression; batch size can differ. See B/call and allocs/call.
full screen,signals,BenchmarkWazeroExec/isa_simd_f64x2.neg,wazero,raw batch counter,B/op,8948,8984,36,0.40232454179705,0.48484848484848486,false,6,100ms,Not a per-call regression; batch size can differ. See B/call and allocs/call.
full screen,signals,BenchmarkWazeroExec/isa_simd_i16x8.min_s,wazero,raw batch counter,B/op,9764,9800,36,0.36870135190496534,0.45454545454545453,false,6,100ms,Not a per-call regression; batch size can differ. See B/call and allocs/call.
full screen,explicit,BenchmarkWazeroExec/isa_simd_i32x4.extadd_pairwise_s,wazero,raw batch counter,B/op,6488,6524,36,0.5548705302096169,0.40476190476190477,false,6,100ms,Not a per-call regression; batch size can differ. See B/call and allocs/call.
full screen,explicit,BenchmarkWazeroExec/isa_simd_i8x16.neg,wazero,raw batch counter,B/op,12468,12504,36,0.2887391722810495,0.9372294372294372,false,6,100ms,Not a per-call regression; batch size can differ. See B/call and allocs/call.
full screen,signals,BenchmarkWazeroExec/zstd.zstd_decompress_run,wazero,raw batch counter,B/op,2072,2108,36,1.737451737451745,0.14285714285714285,false,6,100ms,Not a per-call regression; batch size can differ. See B/call and allocs/call.
full screen,signals,BenchmarkWazeroExec/isa_bulk_mem.copy_back_4096,wazero,raw batch counter,B/op,1660,1692,32,1.9277108433734869,0.24025974025974026,false,6,100ms,Not a per-call regression; batch size can differ. See B/call and allocs/call.
full screen,signals,BenchmarkWazeroExec/isa_i64.rotl,wazero,raw batch counter,B/op,1180,1212,32,2.7118644067796627,0.0021645021645021645,true,6,100ms,Not a per-call regression; batch size can differ. See B/call and allocs/call.
full screen,explicit,BenchmarkWazeroExec/isa_simd_f32x4.abs,wazero,raw batch counter,B/op,12312,12344,32,0.2599090318388564,0.48484848484848486,false,6,100ms,Not a per-call regression; batch size can differ. See B/call and allocs/call.
full screen,signals,BenchmarkWazeroExec/isa_simd_f64x2.le,wazero,raw batch counter,B/op,4892,4924,32,0.6541291905151292,0.3354978354978355,false,6,100ms,Not a per-call regression; batch size can differ. See B/call and allocs/call.
full screen,signals,BenchmarkWazeroExec/isa_simd_i16x8.le_u,wazero,raw batch counter,B/op,4244,4276,32,0.7540056550424223,0.4069264069264069,false,6,100ms,Not a per-call regression; batch size can differ. See B/call and allocs/call.
full screen,signals,BenchmarkWazeroExec/isa_simd_i16x8.lt_u,wazero,raw batch counter,B/op,2976,3008,32,1.0752688172043001,0.3484848484848485,false,6,100ms,Not a per-call regression; batch size can differ. See B/call and allocs/call.
full screen,signals,BenchmarkWazeroExec/isa_simd_i16x8.shr_u,wazero,raw batch counter,B/op,7404,7436,32,0.432198811453266,0.9372294372294372,false,6,100ms,Not a per-call regression; batch size can differ. See B/call and allocs/call.
full screen,explicit,BenchmarkWazeroExec/isa_simd_i32x4.eq,wazero,raw batch counter,B/op,9728,9760,32,0.328947368421062,0.7748917748917749,false,6,100ms,Not a per-call regression; batch size can differ. See B/call and allocs/call.
full screen,signals,BenchmarkWazeroExec/isa_simd_i64x2.extmul_low_s,wazero,raw batch counter,B/op,1052,1084,32,3.041825095057038,0.025974025974025976,true,6,100ms,Not a per-call regression; batch size can differ. See B/call and allocs/call.
full screen,explicit,BenchmarkWazeroExec/isa_simd_v128.andnot,wazero,raw batch counter,B/op,7604,7636,32,0.420831141504463,0.4199134199134199,false,6,100ms,Not a per-call regression; batch size can differ. See B/call and allocs/call.
full screen,signals,BenchmarkWazeroExec/swar-pack-parse.runN,wazero,raw batch counter,B/op,9704,9736,32,0.3297609233305909,0.7380952380952381,false,6,100ms,Not a per-call regression; batch size can differ. See B/call and allocs/call.
full screen,signals,BenchmarkWazeroExec/isa_ctl.select,wazero,raw batch counter,B/op,788,816,28,3.5532994923857864,0.045454545454545456,true,6,100ms,Not a per-call regression; batch size can differ. See B/call and allocs/call.
full screen,signals,BenchmarkWazeroExec/isa_cvt.i64_extend_u,wazero,raw batch counter,B/op,2432,2460,28,1.1513157894736947,0.19264069264069264,false,6,100ms,Not a per-call regression; batch size can differ. See B/call and allocs/call.
full screen,explicit,BenchmarkWazeroExec/isa_i64.rotr,wazero,raw batch counter,B/op,1180,1208,28,2.3728813559322104,0.10606060606060606,false,6,100ms,Not a per-call regression; batch size can differ. See B/call and allocs/call.
full screen,signals,BenchmarkWazeroExec/isa_mem.store_i64,wazero,raw batch counter,B/op,1948,1976,28,1.4373716632443578,0.17316017316017315,false,6,100ms,Not a per-call regression; batch size can differ. See B/call and allocs/call.
full screen,signals,BenchmarkWazeroExec/isa_simd_f32x4.lt,wazero,raw batch counter,B/op,4916,4944,28,0.5695687550854256,0.030303030303030304,true,6,100ms,Not a per-call regression; batch size can differ. See B/call and allocs/call.
full screen,signals,BenchmarkWazeroExec/isa_simd_f64x2.ge,wazero,raw batch counter,B/op,4276,4304,28,0.654817586529477,0.19480519480519481,false,6,100ms,Not a per-call regression; batch size can differ. See B/call and allocs/call.
full screen,explicit,BenchmarkWazeroExec/isa_simd_i32x4.shr_u,wazero,raw batch counter,B/op,7456,7484,28,0.375536480686689,0.9004329004329005,false,6,100ms,Not a per-call regression; batch size can differ. See B/call and allocs/call.
full screen,signals,BenchmarkWazeroExec/isa_simd_i64x2.extend_high_s,wazero,raw batch counter,B/op,4876,4904,28,0.5742411812961423,0.13203463203463203,false,6,100ms,Not a per-call regression; batch size can differ. See B/call and allocs/call.
full screen,explicit,BenchmarkWazeroExec/isa_simd_v128.bitselect,wazero,raw batch counter,B/op,4864,4892,28,0.5756578947368363,0.6645021645021645,false,6,100ms,Not a per-call regression; batch size can differ. See B/call and allocs/call.
full screen,explicit,BenchmarkWazeroExec/isa_i64.clz,wazero,raw batch counter,B/op,1200,1224,24,2.0000000000000018,0.045454545454545456,true,6,100ms,Not a per-call regression; batch size can differ. See B/call and allocs/call.
full screen,signals,BenchmarkWazeroExec/isa_simd_f32x4.floor,wazero,raw batch counter,B/op,6492,6516,24,0.3696857670979714,0.11904761904761904,false,6,100ms,Not a per-call regression; batch size can differ. See B/call and allocs/call.
full screen,signals,BenchmarkWazeroExec/isa_simd_f32x4.pmin,wazero,raw batch counter,B/op,4296,4320,24,0.5586592178770999,0.44805194805194803,false,6,100ms,Not a per-call regression; batch size can differ. See B/call and allocs/call.
full screen,signals,BenchmarkWazeroExec/isa_simd_i16x8.gt_u,wazero,raw batch counter,B/op,3256,3280,24,0.7371007371007376,0.3528138528138528,false,6,100ms,Not a per-call regression; batch size can differ. See B/call and allocs/call.
full screen,signals,BenchmarkWazeroExec/isa_simd_i16x8.lt_s,wazero,raw batch counter,B/op,7636,7660,24,0.3143006809848137,0.961038961038961,false,6,100ms,Not a per-call regression; batch size can differ. See B/call and allocs/call.
full screen,signals,BenchmarkWazeroExec/isa_simd_i16x8.narrow_i32x4_u,wazero,raw batch counter,B/op,4912,4936,24,0.48859934853420217,0.670995670995671,false,6,100ms,Not a per-call regression; batch size can differ. See B/call and allocs/call.
full screen,signals,BenchmarkWazeroExec/isa_simd_i16x8.sub_sat_s,wazero,raw batch counter,B/op,4884,4908,24,0.49140049140048436,0.7186147186147186,false,6,100ms,Not a per-call regression; batch size can differ. See B/call and allocs/call.
full screen,explicit,BenchmarkWazeroExec/isa_simd_i32x4.extend_high_s,wazero,raw batch counter,B/op,4896,4920,24,0.4901960784313708,0.2878787878787879,false,6,100ms,Not a per-call regression; batch size can differ. See B/call and allocs/call.
full screen,signals,BenchmarkWazeroExec/isa_simd_i8x16.avgr_u,wazero,raw batch counter,B/op,4880,4904,24,0.4918032786885185,0.6796536796536796,false,6,100ms,Not a per-call regression; batch size can differ. See B/call and allocs/call.
full screen,signals,BenchmarkWazeroExec/isa_simd_i8x16.lt_s,wazero,raw batch counter,B/op,7600,7624,24,0.3157894736842026,1,false,6,100ms,Not a per-call regression; batch size can differ. See B/call and allocs/call.
full screen,signals,BenchmarkWazeroExec/isa_simd_reduce.i64x2_bitmask,wazero,raw batch counter,B/op,12096,12120,24,0.1984126984126977,0.7857142857142857,false,6,100ms,Not a per-call regression; batch size can differ. See B/call and allocs/call.
full screen,explicit,BenchmarkWazeroExec/isa_simd_v128.xor,wazero,raw batch counter,B/op,9752,9776,24,0.24610336341264194,0.9826839826839827,false,6,100ms,Not a per-call regression; batch size can differ. See B/call and allocs/call.
full screen,signals,BenchmarkWazeroExec/qoi.qoi_decode_run,wazero,raw batch counter,B/op,1236,1260,24,1.9417475728155331,1,false,6,100ms,Not a per-call regression; batch size can differ. See B/call and allocs/call.
full screen,signals,BenchmarkWazeroExec/isa_bulk_mem.fill_256,wazero,raw batch counter,B/op,2956,2976,20,0.6765899864682012,0.8679653679653679,false,6,100ms,Not a per-call regression; batch size can differ. See B/call and allocs/call.
full screen,explicit,BenchmarkWazeroExec/isa_mem.load_i32,wazero,raw batch counter,B/op,1720,1740,20,1.1627906976744207,0.3333333333333333,false,6,100ms,Not a per-call regression; batch size can differ. See B/call and allocs/call.
full screen,explicit,BenchmarkWazeroExec/isa_mem.store_i32_stride,wazero,raw batch counter,B/op,1716,1736,20,1.1655011655011593,0.30735930735930733,false,6,100ms,Not a per-call regression; batch size can differ. See B/call and allocs/call.
full screen,signals,BenchmarkWazeroExec/isa_simd_f32x4.eq,wazero,raw batch counter,B/op,4888,4908,20,0.40916530278232166,0.5670995670995671,false,6,100ms,Not a per-call regression; batch size can differ. See B/call and allocs/call.
full screen,signals,BenchmarkWazeroExec/isa_simd_f32x4.le,wazero,raw batch counter,B/op,4892,4912,20,0.40883074407196407,0.6601731601731602,false,6,100ms,Not a per-call regression; batch size can differ. See B/call and allocs/call.
full screen,explicit,BenchmarkWazeroExec/isa_simd_f32x4.lt,wazero,raw batch counter,B/op,4912,4932,20,0.4071661237784907,0.37445887445887444,false,6,100ms,Not a per-call regression; batch size can differ. See B/call and allocs/call.
full screen,explicit,BenchmarkWazeroExec/isa_simd_f32x4.ne,wazero,raw batch counter,B/op,4864,4884,20,0.41118421052630527,0.2878787878787879,false,6,100ms,Not a per-call regression; batch size can differ. See B/call and allocs/call.
full screen,signals,BenchmarkWazeroExec/isa_simd_f64x2.convert_low_i32x4_s,wazero,raw batch counter,B/op,6476,6496,20,0.30883261272389717,0.2813852813852814,false,6,100ms,Not a per-call regression; batch size can differ. See B/call and allocs/call.
full screen,explicit,BenchmarkWazeroExec/isa_simd_i16x8.extmul_low_s,wazero,raw batch counter,B/op,1960,1980,20,1.0204081632652962,0.05844155844155844,false,6,100ms,Not a per-call regression; batch size can differ. See B/call and allocs/call.
full screen,signals,BenchmarkWazeroExec/isa_simd_i16x8.shl,wazero,raw batch counter,B/op,7420,7440,20,0.26954177897573484,0.8181818181818182,false,6,100ms,Not a per-call regression; batch size can differ. See B/call and allocs/call.
full screen,signals,BenchmarkWazeroExec/isa_simd_i32x4.extadd_pairwise_u,wazero,raw batch counter,B/op,3688,3708,20,0.5422993492407713,0.8506493506493507,false,6,100ms,Not a per-call regression; batch size can differ. See B/call and allocs/call.
full screen,signals,BenchmarkWazeroExec/isa_simd_i32x4.extend_low_s,wazero,raw batch counter,B/op,9732,9752,20,0.2055076037813297,0.79004329004329,false,6,100ms,Not a per-call regression; batch size can differ. See B/call and allocs/call.
full screen,signals,BenchmarkWazeroExec/isa_simd_i32x4.le_s,wazero,raw batch counter,B/op,4296,4316,20,0.4655493482309092,0.21645021645021645,false,6,100ms,Not a per-call regression; batch size can differ. See B/call and allocs/call.
full screen,explicit,BenchmarkWazeroExec/isa_simd_i32x4.lt_s,wazero,raw batch counter,B/op,7612,7632,20,0.26274303730950965,0.3593073593073593,false,6,100ms,Not a per-call regression; batch size can differ. See B/call and allocs/call.
full screen,signals,BenchmarkWazeroExec/isa_simd_i32x4.lt_s,wazero,raw batch counter,B/op,7632,7652,20,0.2620545073375169,0.4134199134199134,false,6,100ms,Not a per-call regression; batch size can differ. See B/call and allocs/call.
full screen,signals,BenchmarkWazeroExec/isa_simd_i32x4.mul,wazero,raw batch counter,B/op,3264,3284,20,0.6127450980392135,0.30303030303030304,false,6,100ms,Not a per-call regression; batch size can differ. See B/call and allocs/call.
full screen,explicit,BenchmarkWazeroExec/isa_simd_i64x2.le_s,wazero,raw batch counter,B/op,3252,3272,20,0.6150061500614923,0.6103896103896104,false,6,100ms,Not a per-call regression; batch size can differ. See B/call and allocs/call.
full screen,explicit,BenchmarkWazeroExec/isa_simd_i64x2.shl,wazero,raw batch counter,B/op,7404,7424,20,0.27012425715828847,0.7337662337662337,false,6,100ms,Not a per-call regression; batch size can differ. See B/call and allocs/call.
full screen,explicit,BenchmarkWazeroExec/isa_simd_i8x16.abs,wazero,raw batch counter,B/op,9556,9576,20,0.20929259104227604,0.5086580086580087,false,6,100ms,Not a per-call regression; batch size can differ. See B/call and allocs/call.
full screen,explicit,BenchmarkWazeroExec/isa_simd_i8x16.popcnt,wazero,raw batch counter,B/op,3484,3504,20,0.574052812858783,0.9805194805194806,false,6,100ms,Not a per-call regression; batch size can differ. See B/call and allocs/call.
full screen,explicit,BenchmarkWazeroExec/isa_simd_i8x16.sub_sat_s,wazero,raw batch counter,B/op,4928,4948,20,0.40584415584414835,1,false,6,100ms,Not a per-call regression; batch size can differ. See B/call and allocs/call.
full screen,explicit,BenchmarkWazeroExec/isa_bulk_mem.fill_4096,wazero,raw batch counter,B/op,1240,1256,16,1.2903225806451646,0.47186147186147187,false,6,100ms,Not a per-call regression; batch size can differ. See B/call and allocs/call.
full screen,signals,BenchmarkWazeroExec/isa_i64.or,wazero,raw batch counter,B/op,1216,1232,16,1.3157894736842035,1,false,6,100ms,Not a per-call regression; batch size can differ. See B/call and allocs/call.
full screen,signals,BenchmarkWazeroExec/isa_mem.load_f64,wazero,raw batch counter,B/op,1616,1632,16,0.990099009900991,0.21212121212121213,false,6,100ms,Not a per-call regression; batch size can differ. See B/call and allocs/call.
full screen,signals,BenchmarkWazeroExec/isa_simd_f32x4.min,wazero,raw batch counter,B/op,1624,1640,16,0.9852216748768461,0.44805194805194803,false,6,100ms,Not a per-call regression; batch size can differ. See B/call and allocs/call.
full screen,explicit,BenchmarkWazeroExec/isa_simd_f32x4.mul,wazero,raw batch counter,B/op,3264,3280,16,0.4901960784313708,0.5562770562770563,false,6,100ms,Not a per-call regression; batch size can differ. See B/call and allocs/call.
full screen,explicit,BenchmarkWazeroExec/isa_simd_f64x2.pmin,wazero,raw batch counter,B/op,4292,4308,16,0.37278657968313755,0.79004329004329,false,6,100ms,Not a per-call regression; batch size can differ. See B/call and allocs/call.
full screen,signals,BenchmarkWazeroExec/isa_simd_i16x8.abs,wazero,raw batch counter,B/op,9752,9768,16,0.1640689089417613,0.9047619047619048,false,6,100ms,Not a per-call regression; batch size can differ. See B/call and allocs/call.
full screen,signals,BenchmarkWazeroExec/isa_simd_i16x8.eq,wazero,raw batch counter,B/op,9572,9588,16,0.16715419974926427,0.9372294372294372,false,6,100ms,Not a per-call regression; batch size can differ. See B/call and allocs/call.
full screen,explicit,BenchmarkWazeroExec/isa_simd_i16x8.lt_u,wazero,raw batch counter,B/op,2976,2992,16,0.5376344086021501,0.31385281385281383,false,6,100ms,Not a per-call regression; batch size can differ. See B/call and allocs/call.
full screen,explicit,BenchmarkWazeroExec/isa_simd_i32x4.extmul_high_s,wazero,raw batch counter,B/op,1396,1412,16,1.1461318051575908,0.2077922077922078,false,6,100ms,Not a per-call regression; batch size can differ. See B/call and allocs/call.
full screen,signals,BenchmarkWazeroExec/isa_simd_i32x4.extmul_low_u,wazero,raw batch counter,B/op,1956,1972,16,0.8179959100204526,0.16017316017316016,false,6,100ms,Not a per-call regression; batch size can differ. See B/call and allocs/call.
full screen,explicit,BenchmarkWazeroExec/isa_simd_i64x2.eq,wazero,raw batch counter,B/op,4876,4892,16,0.3281378178835004,0.8593073593073594,false,6,100ms,Not a per-call regression; batch size can differ. See B/call and allocs/call.
full screen,signals,BenchmarkWazeroExec/isa_simd_i8x16.min_u,wazero,raw batch counter,B/op,9760,9776,16,0.16393442622950616,0.8398268398268398,false,6,100ms,Not a per-call regression; batch size can differ. See B/call and allocs/call.
full screen,signals,BenchmarkWazeroExec/json-as.deserializeN,wazero,raw batch counter,B/op,272,288,16,5.882352941176472,0.032467532467532464,true,6,100ms,Not a per-call regression; batch size can differ. See B/call and allocs/call.
full screen,explicit,BenchmarkWazeroExec/qoi.qoi_encode_run,wazero,raw batch counter,B/op,1300,1316,16,1.2307692307692353,0.12121212121212122,false,6,100ms,Not a per-call regression; batch size can differ. See B/call and allocs/call.
full screen,explicit,BenchmarkWazeroExec/zlib.zlib_inflate_run,wazero,raw batch counter,B/op,972,988,16,1.6460905349794164,0.7164502164502164,false,6,100ms,Not a per-call regression; batch size can differ. See B/call and allocs/call.
full screen,explicit,BenchmarkWazeroExec/crc32.hashN,wazero,raw batch counter,B/op,780,792,12,1.538461538461533,0.5,false,6,100ms,Not a per-call regression; batch size can differ. See B/call and allocs/call.
full screen,signals,BenchmarkWazeroExec/crc32.hashN,wazero,raw batch counter,B/op,776,788,12,1.546391752577314,0.16233766233766234,false,6,100ms,Not a per-call regression; batch size can differ. See B/call and allocs/call.
full screen,signals,BenchmarkWazeroExec/isa_ctl.br_if,wazero,raw batch counter,B/op,1220,1232,12,0.9836065573770592,0.5346320346320347,false,6,100ms,Not a per-call regression; batch size can differ. See B/call and allocs/call.
full screen,explicit,BenchmarkWazeroExec/isa_ctl.select,wazero,raw batch counter,B/op,800,812,12,1.4999999999999902,1,false,6,100ms,Not a per-call regression; batch size can differ. See B/call and allocs/call.
full screen,signals,BenchmarkWazeroExec/isa_f64.max,wazero,raw batch counter,B/op,844,856,12,1.4218009478673022,0.23160173160173161,false,6,100ms,Not a per-call regression; batch size can differ. See B/call and allocs/call.
full screen,explicit,BenchmarkWazeroExec/isa_i32.popcnt,wazero,raw batch counter,B/op,1208,1220,12,0.9933774834437026,0.24675324675324675,false,6,100ms,Not a per-call regression; batch size can differ. See B/call and allocs/call.
full screen,explicit,BenchmarkWazeroExec/isa_i32.rotl,wazero,raw batch counter,B/op,596,608,12,2.0134228187919545,0.5757575757575758,false,6,100ms,Not a per-call regression; batch size can differ. See B/call and allocs/call.
full screen,explicit,BenchmarkWazeroExec/isa_i64.rotl,wazero,raw batch counter,B/op,1192,1204,12,1.0067114093959662,0.5064935064935064,false,6,100ms,Not a per-call regression; batch size can differ. See B/call and allocs/call.
full screen,signals,BenchmarkWazeroExec/isa_i64.shl,wazero,raw batch counter,B/op,1196,1208,12,1.0033444816053505,0.6147186147186147,false,6,100ms,Not a per-call regression; batch size can differ. See B/call and allocs/call.
full screen,signals,BenchmarkWazeroExec/isa_mem.load_i64,wazero,raw batch counter,B/op,1748,1760,12,0.6864988558352492,0.4199134199134199,false,6,100ms,Not a per-call regression; batch size can differ. See B/call and allocs/call.
full screen,explicit,BenchmarkWazeroExec/isa_simd_i16x8.le_u,wazero,raw batch counter,B/op,4316,4328,12,0.2780352177942591,0.935064935064935,false,6,100ms,Not a per-call regression; batch size can differ. See B/call and allocs/call.
full screen,explicit,BenchmarkWazeroExec/isa_simd_i16x8.sub_sat_s,wazero,raw batch counter,B/op,4892,4904,12,0.24529844644316512,0.551948051948052,false,6,100ms,Not a per-call regression; batch size can differ. See B/call and allocs/call.
full screen,signals,BenchmarkWazeroExec/isa_simd_i32x4.abs,wazero,raw batch counter,B/op,9772,9784,12,0.12279983626688473,0.5043290043290043,false,6,100ms,Not a per-call regression; batch size can differ. See B/call and allocs/call.
full screen,signals,BenchmarkWazeroExec/isa_simd_i32x4.lt_u,wazero,raw batch counter,B/op,2988,3000,12,0.40160642570281624,0.6645021645021645,false,6,100ms,Not a per-call regression; batch size can differ. See B/call and allocs/call.
full screen,signals,BenchmarkWazeroExec/isa_simd_i32x4.ne,wazero,raw batch counter,B/op,4900,4912,12,0.2448979591836764,0.9718614718614719,false,6,100ms,Not a per-call regression; batch size can differ. See B/call and allocs/call.
full screen,signals,BenchmarkWazeroExec/isa_simd_i64x2.eq,wazero,raw batch counter,B/op,4880,4892,12,0.24590163934425924,0.9783549783549783,false,6,100ms,Not a per-call regression; batch size can differ. See B/call and allocs/call.
full screen,signals,BenchmarkWazeroExec/isa_simd_i8x16.add,wazero,raw batch counter,B/op,9812,9824,12,0.12229922543824934,0.3398268398268398,false,6,100ms,Not a per-call regression; batch size can differ. See B/call and allocs/call.
full screen,signals,BenchmarkWazeroExec/isa_simd_i8x16.swizzle,wazero,raw batch counter,B/op,2448,2460,12,0.4901960784313708,0.3484848484848485,false,6,100ms,Not a per-call regression; batch size can differ. See B/call and allocs/call.
full screen,explicit,BenchmarkWazeroExec/linked_list.sum,wazero,raw batch counter,B/op,1592,1604,12,0.7537688442211143,0.7857142857142857,false,6,100ms,Not a per-call regression; batch size can differ. See B/call and allocs/call.
full screen,signals,BenchmarkWazeroExec/utf-as-simd.convertN,wazero,raw batch counter,B/op,244,256,12,4.918032786885251,0.032467532467532464,true,6,100ms,Not a per-call regression; batch size can differ. See B/call and allocs/call.
full screen,explicit,BenchmarkWazeroExec/isa_ctl.br_if,wazero,raw batch counter,B/op,1216,1224,8,0.6578947368421018,1,false,6,100ms,Not a per-call regression; batch size can differ. See B/call and allocs/call.
full screen,explicit,BenchmarkWazeroExec/isa_ctl.loop_baseline,wazero,raw batch counter,B/op,2432,2440,8,0.328947368421062,0.7402597402597403,false,6,100ms,Not a per-call regression; batch size can differ. See B/call and allocs/call.
full screen,signals,BenchmarkWazeroExec/isa_cvt.reinterpret_f64,wazero,raw batch counter,B/op,272,280,8,2.941176470588225,0.06060606060606061,false,6,100ms,Not a per-call regression; batch size can differ. See B/call and allocs/call.
full screen,explicit,BenchmarkWazeroExec/isa_f32.ceil,wazero,raw batch counter,B/op,388,396,8,2.0618556701030855,0.12987012987012986,false,6,100ms,Not a per-call regression; batch size can differ. See B/call and allocs/call.
full screen,explicit,BenchmarkWazeroExec/isa_f64.floor,wazero,raw batch counter,B/op,400,408,8,2.0000000000000018,0.30952380952380953,false,6,100ms,Not a per-call regression; batch size can differ. See B/call and allocs/call.
full screen,signals,BenchmarkWazeroExec/isa_f64.min,wazero,raw batch counter,B/op,848,856,8,0.9433962264151052,0.9264069264069265,false,6,100ms,Not a per-call regression; batch size can differ. See B/call and allocs/call.
full screen,explicit,BenchmarkWazeroExec/isa_i32.div_u,wazero,raw batch counter,B/op,104,112,8,7.692307692307687,0.1774891774891775,false,6,100ms,Not a per-call regression; batch size can differ. See B/call and allocs/call.
full screen,explicit,BenchmarkWazeroExec/isa_i64.and,wazero,raw batch counter,B/op,1224,1232,8,0.6535947712418277,0.045454545454545456,true,6,100ms,Not a per-call regression; batch size can differ. See B/call and allocs/call.
full screen,explicit,BenchmarkWazeroExec/isa_i64.popcnt,wazero,raw batch counter,B/op,1212,1220,8,0.660066006600668,0.1406926406926407,false,6,100ms,Not a per-call regression; batch size can differ. See B/call and allocs/call.
full screen,signals,BenchmarkWazeroExec/isa_i64.rotr,wazero,raw batch counter,B/op,1188,1196,8,0.6734006734006703,0.474025974025974,false,6,100ms,Not a per-call regression; batch size can differ. See B/call and allocs/call.
full screen,explicit,BenchmarkWazeroExec/isa_i64.sub,wazero,raw batch counter,B/op,1228,1236,8,0.6514657980456029,0.8614718614718615,false,6,100ms,Not a per-call regression; batch size can differ. See B/call and allocs/call.
full screen,explicit,BenchmarkWazeroExec/isa_simd_f32x4.convert_i32x4_u,wazero,raw batch counter,B/op,1400,1408,8,0.5714285714285783,0.577922077922078,false,6,100ms,Not a per-call regression; batch size can differ. See B/call and allocs/call.
full screen,signals,BenchmarkWazeroExec/isa_simd_f32x4.ne,wazero,raw batch counter,B/op,4900,4908,8,0.16326530612245094,0.683982683982684,false,6,100ms,Not a per-call regression; batch size can differ. See B/call and allocs/call.
full screen,explicit,BenchmarkWazeroExec/isa_simd_f64x2.abs,wazero,raw batch counter,B/op,12388,12396,8,0.06457862447530882,0.9004329004329005,false,6,100ms,Not a per-call regression; batch size can differ. See B/call and allocs/call.
full screen,explicit,BenchmarkWazeroExec/isa_simd_f64x2.mul,wazero,raw batch counter,B/op,3264,3272,8,0.2450980392156854,0.6212121212121212,false,6,100ms,Not a per-call regression; batch size can differ. See B/call and allocs/call.
full screen,signals,BenchmarkWazeroExec/isa_simd_f64x2.trunc,wazero,raw batch counter,B/op,6548,6556,8,0.12217470983506562,0.9696969696969697,false,6,100ms,Not a per-call regression; batch size can differ. See B/call and allocs/call.
full screen,explicit,BenchmarkWazeroExec/isa_simd_i16x8.extmul_high_s,wazero,raw batch counter,B/op,1396,1404,8,0.5730659025787954,0.38095238095238093,false,6,100ms,Not a per-call regression; batch size can differ. See B/call and allocs/call.
full screen,explicit,BenchmarkWazeroExec/isa_simd_i16x8.le_s,wazero,raw batch counter,B/op,4268,4276,8,0.18744142455482393,0.9805194805194806,false,6,100ms,Not a per-call regression; batch size can differ. See B/call and allocs/call.
full screen,signals,BenchmarkWazeroExec/isa_simd_i32x4.extend_low_u,wazero,raw batch counter,B/op,9768,9776,8,0.08190008190007703,0.5367965367965368,false,6,100ms,Not a per-call regression; batch size can differ. See B/call and allocs/call.
full screen,signals,BenchmarkWazeroExec/isa_simd_i32x4.ge_u,wazero,raw batch counter,B/op,4884,4892,8,0.16380016380015405,0.9718614718614719,false,6,100ms,Not a per-call regression; batch size can differ. See B/call and allocs/call.
full screen,explicit,BenchmarkWazeroExec/isa_simd_i32x4.min_s,wazero,raw batch counter,B/op,9764,9772,8,0.08193363375665896,0.9805194805194806,false,6,100ms,Not a per-call regression; batch size can differ. See B/call and allocs/call.
full screen,signals,BenchmarkWazeroExec/isa_simd_i32x4.shr_s,wazero,raw batch counter,B/op,7404,7412,8,0.10804970286331095,0.7316017316017316,false,6,100ms,Not a per-call regression; batch size can differ. See B/call and allocs/call.
full screen,signals,BenchmarkWazeroExec/isa_simd_i64x2.extmul_low_u,wazero,raw batch counter,B/op,1072,1080,8,0.746268656716409,0.6428571428571429,false,6,100ms,Not a per-call regression; batch size can differ. See B/call and allocs/call.
full screen,explicit,BenchmarkWazeroExec/isa_simd_i8x16.avgr_u,wazero,raw batch counter,B/op,4904,4912,8,0.16313213703098572,0.9242424242424242,false,6,100ms,Not a per-call regression; batch size can differ. See B/call and allocs/call.
full screen,signals,BenchmarkWazeroExec/isa_simd_i8x16.lt_u,wazero,raw batch counter,B/op,2976,2984,8,0.26881720430107503,0.7770562770562771,false,6,100ms,Not a per-call regression; batch size can differ. See B/call and allocs/call.
full screen,signals,BenchmarkWazeroExec/isa_simd_v128.and,wazero,raw batch counter,B/op,9724,9732,8,0.08227067050596837,0.7316017316017316,false,6,100ms,Not a per-call regression; batch size can differ. See B/call and allocs/call.
full screen,explicit,BenchmarkWazeroExec/isa_var.global_getset,wazero,raw batch counter,B/op,2424,2432,8,0.3300330033003229,0.9718614718614719,false,6,100ms,Not a per-call regression; batch size can differ. See B/call and allocs/call.
full screen,explicit,BenchmarkWazeroExec/isa_var.local_getset,wazero,raw batch counter,B/op,1216,1224,8,0.6578947368421018,0.5151515151515151,false,6,100ms,Not a per-call regression; batch size can differ. See B/call and allocs/call.
full screen,explicit,BenchmarkWazeroExec/json-as-simd.deserializeN,wazero,raw batch counter,B/op,216,224,8,3.703703703703698,0.33116883116883117,false,6,100ms,Not a per-call regression; batch size can differ. See B/call and allocs/call.
full screen,signals,BenchmarkWazeroExec/json-as-simd.deserializeN,wazero,raw batch counter,B/op,224,232,8,3.571428571428581,0.10606060606060606,false,6,100ms,Not a per-call regression; batch size can differ. See B/call and allocs/call.
full screen,explicit,BenchmarkWazeroExec/mandelbrot.render,wazero,raw batch counter,B/op,64,72,8,12.5,0.5670995670995671,false,6,100ms,Not a per-call regression; batch size can differ. See B/call and allocs/call.
full screen,signals,BenchmarkWazeroExec/sieve.count,wazero,raw batch counter,B/op,136,144,8,5.882352941176472,0.19696969696969696,false,6,100ms,Not a per-call regression; batch size can differ. See B/call and allocs/call.
full screen,signals,BenchmarkWazeroExec/float.run,wazero,raw batch counter,B/op,4436,4440,4,0.0901713255184955,0.829004329004329,false,6,100ms,Not a per-call regression; batch size can differ. See B/call and allocs/call.
full screen,explicit,BenchmarkWazeroExec/isa_bulk_mem.copy_back_4096,wazero,raw batch counter,B/op,1684,1688,4,0.23752969121140222,0.6948051948051948,false,6,100ms,Not a per-call regression; batch size can differ. See B/call and allocs/call.
full screen,signals,BenchmarkWazeroExec/isa_ctl.if_else,wazero,raw batch counter,B/op,1696,1700,4,0.2358490566037652,0.35064935064935066,false,6,100ms,Not a per-call regression; batch size can differ. See B/call and allocs/call.
full screen,explicit,BenchmarkWazeroExec/isa_cvt.f64_convert_s,wazero,raw batch counter,B/op,188,192,4,2.127659574468077,0.42424242424242425,false,6,100ms,Not a per-call regression; batch size can differ. See B/call and allocs/call.
full screen,signals,BenchmarkWazeroExec/isa_cvt.f64_convert_s,wazero,raw batch counter,B/op,188,192,4,2.127659574468077,0.42424242424242425,false,6,100ms,Not a per-call regression; batch size can differ. See B/call and allocs/call.
full screen,explicit,BenchmarkWazeroExec/isa_cvt.i64_extend_s,wazero,raw batch counter,B/op,1228,1232,4,0.32573289902280145,0.3398268398268398,false,6,100ms,Not a per-call regression; batch size can differ. See B/call and allocs/call.
full screen,signals,BenchmarkWazeroExec/isa_cvt.i64_extend_s,wazero,raw batch counter,B/op,1220,1224,4,0.3278688524590123,0.20562770562770563,false,6,100ms,Not a per-call regression; batch size can differ. See B/call and allocs/call.
full screen,signals,BenchmarkWazeroExec/isa_cvt.promote_demote,wazero,raw batch counter,B/op,132,136,4,3.0303030303030276,0.696969696969697,false,6,100ms,Not a per-call regression; batch size can differ. See B/call and allocs/call.
full screen,signals,BenchmarkWazeroExec/isa_f32.floor,wazero,raw batch counter,B/op,388,392,4,1.0309278350515427,0.45454545454545453,false,6,100ms,Not a per-call regression; batch size can differ. See B/call and allocs/call.
full screen,explicit,BenchmarkWazeroExec/isa_f32.mul,wazero,raw batch counter,B/op,404,408,4,0.990099009900991,0.6233766233766234,false,6,100ms,Not a per-call regression; batch size can differ. See B/call and allocs/call.
full screen,explicit,BenchmarkWazeroExec/isa_f32.nearest,wazero,raw batch counter,B/op,396,400,4,1.0101010101010166,0.696969696969697,false,6,100ms,Not a per-call regression; batch size can differ. See B/call and allocs/call.
full screen,signals,BenchmarkWazeroExec/isa_f32.nearest,wazero,raw batch counter,B/op,392,396,4,1.0204081632652962,0.512987012987013,false,6,100ms,Not a per-call regression; batch size can differ. See B/call and allocs/call.
full screen,explicit,BenchmarkWazeroExec/isa_f32.neg,wazero,raw batch counter,B/op,412,416,4,0.9708737864077666,1,false,6,100ms,Not a per-call regression; batch size can differ. See B/call and allocs/call.
full screen,explicit,BenchmarkWazeroExec/isa_f32.trunc,wazero,raw batch counter,B/op,392,396,4,1.0204081632652962,1,false,6,100ms,Not a per-call regression; batch size can differ. See B/call and allocs/call.
full screen,signals,BenchmarkWazeroExec/isa_f32.trunc,wazero,raw batch counter,B/op,392,396,4,1.0204081632652962,0.8917748917748918,false,6,100ms,Not a per-call regression; batch size can differ. See B/call and allocs/call.
full screen,explicit,BenchmarkWazeroExec/isa_f64.abs,wazero,raw batch counter,B/op,408,412,4,0.9803921568627416,0.23160173160173161,false,6,100ms,Not a per-call regression; batch size can differ. See B/call and allocs/call.
full screen,signals,BenchmarkWazeroExec/isa_f64.mul,wazero,raw batch counter,B/op,412,416,4,0.9708737864077666,0.18181818181818182,false,6,100ms,Not a per-call regression; batch size can differ. See B/call and allocs/call.
full screen,signals,BenchmarkWazeroExec/isa_f64.nearest,wazero,raw batch counter,B/op,404,408,4,0.990099009900991,0.5454545454545454,false,6,100ms,Not a per-call regression; batch size can differ. See B/call and allocs/call.
full screen,explicit,BenchmarkWazeroExec/isa_f64.sqrt,wazero,raw batch counter,B/op,96,100,4,4.166666666666674,0.5454545454545454,false,6,100ms,Not a per-call regression; batch size can differ. See B/call and allocs/call.
full screen,explicit,BenchmarkWazeroExec/isa_f64.trunc,wazero,raw batch counter,B/op,404,408,4,0.990099009900991,0.8679653679653679,false,6,100ms,Not a per-call regression; batch size can differ. See B/call and allocs/call.
full screen,explicit,BenchmarkWazeroExec/isa_i32.ctz,wazero,raw batch counter,B/op,1212,1216,4,0.3300330033003229,0.7943722943722944,false,6,100ms,Not a per-call regression; batch size can differ. See B/call and allocs/call.
full screen,signals,BenchmarkWazeroExec/isa_i32.div_u,wazero,raw batch counter,B/op,104,108,4,3.8461538461538547,0.10822510822510822,false,6,100ms,Not a per-call regression; batch size can differ. See B/call and allocs/call.
full screen,signals,BenchmarkWazeroExec/isa_i32.rotr,wazero,raw batch counter,B/op,596,600,4,0.6711409395973256,0.6904761904761905,false,6,100ms,Not a per-call regression; batch size can differ. See B/call and allocs/call.
full screen,explicit,BenchmarkWazeroExec/isa_i32.shl,wazero,raw batch counter,B/op,604,608,4,0.6622516556291425,0.7272727272727273,false,6,100ms,Not a per-call regression; batch size can differ. See B/call and allocs/call.
full screen,explicit,BenchmarkWazeroExec/isa_i32.shr_u,wazero,raw batch counter,B/op,600,604,4,0.6666666666666599,0.6493506493506493,false,6,100ms,Not a per-call regression; batch size can differ. See B/call and allocs/call.
full screen,signals,BenchmarkWazeroExec/isa_i32.shr_u,wazero,raw batch counter,B/op,604,608,4,0.6622516556291425,0.7380952380952381,false,6,100ms,Not a per-call regression; batch size can differ. See B/call and allocs/call.
full screen,explicit,BenchmarkWazeroExec/isa_i32.sub,wazero,raw batch counter,B/op,1228,1232,4,0.32573289902280145,0.6948051948051948,false,6,100ms,Not a per-call regression; batch size can differ. See B/call and allocs/call.
full screen,signals,BenchmarkWazeroExec/isa_i32.sub,wazero,raw batch counter,B/op,1224,1228,4,0.32679738562091387,0.9978354978354979,false,6,100ms,Not a per-call regression; batch size can differ. See B/call and allocs/call.
full screen,explicit,BenchmarkWazeroExec/isa_i32.xor,wazero,raw batch counter,B/op,1224,1228,4,0.32679738562091387,0.49567099567099565,false,6,100ms,Not a per-call regression; batch size can differ. See B/call and allocs/call.
full screen,signals,BenchmarkWazeroExec/isa_i32.xor,wazero,raw batch counter,B/op,1224,1228,4,0.32679738562091387,0.6190476190476191,false,6,100ms,Not a per-call regression; batch size can differ. See B/call and allocs/call.
full screen,explicit,BenchmarkWazeroExec/isa_i64.ctz,wazero,raw batch counter,B/op,1208,1212,4,0.3311258278145601,0.4264069264069264,false,6,100ms,Not a per-call regression; batch size can differ. See B/call and allocs/call.
full screen,explicit,BenchmarkWazeroExec/isa_i64.mul,wazero,raw batch counter,B/op,412,416,4,0.9708737864077666,0.42424242424242425,false,6,100ms,Not a per-call regression; batch size can differ. See B/call and allocs/call.
full screen,explicit,BenchmarkWazeroExec/isa_i64.shr_u,wazero,raw batch counter,B/op,1204,1208,4,0.33222591362125353,0.7619047619047619,false,6,100ms,Not a per-call regression; batch size can differ. See B/call and allocs/call.
full screen,explicit,BenchmarkWazeroExec/isa_simd_f32x4.min,wazero,raw batch counter,B/op,1640,1644,4,0.24390243902439046,0.8939393939393939,false,6,100ms,Not a per-call regression; batch size can differ. See B/call and allocs/call.
full screen,signals,BenchmarkWazeroExec/isa_simd_f32x4.mul,wazero,raw batch counter,B/op,3268,3272,4,0.1223990208078396,0.7878787878787878,false,6,100ms,Not a per-call regression; batch size can differ. See B/call and allocs/call.
full screen,explicit,BenchmarkWazeroExec/isa_simd_f32x4.sqrt,wazero,raw batch counter,B/op,1404,1408,4,0.2849002849002913,0.5238095238095238,false,6,100ms,Not a per-call regression; batch size can differ. See B/call and allocs/call.
full screen,signals,BenchmarkWazeroExec/isa_simd_f64x2.lt,wazero,raw batch counter,B/op,4924,4928,4,0.08123476848092004,0.5562770562770563,false,6,100ms,Not a per-call regression; batch size can differ. See B/call and allocs/call.
full screen,explicit,BenchmarkWazeroExec/isa_simd_f64x2.trunc,wazero,raw batch counter,B/op,6528,6532,4,0.06127450980393245,0.6753246753246753,false,6,100ms,Not a per-call regression; batch size can differ. See B/call and allocs/call.
full screen,explicit,BenchmarkWazeroExec/isa_simd_i16x8.q15mulr_sat_s,wazero,raw batch counter,B/op,1956,1960,4,0.2044989775051187,0.9393939393939394,false,6,100ms,Not a per-call regression; batch size can differ. See B/call and allocs/call.
full screen,explicit,BenchmarkWazeroExec/isa_simd_i32x4.extend_low_u,wazero,raw batch counter,B/op,9828,9832,4,0.04070004070004796,0.816017316017316,false,6,100ms,Not a per-call regression; batch size can differ. See B/call and allocs/call.
full screen,signals,BenchmarkWazeroExec/isa_simd_i64x2.add,wazero,raw batch counter,B/op,9776,9780,4,0.040916530278223284,0.7835497835497836,false,6,100ms,Not a per-call regression; batch size can differ. See B/call and allocs/call.
full screen,explicit,BenchmarkWazeroExec/isa_simd_i64x2.extmul_high_s,wazero,raw batch counter,B/op,876,880,4,0.45662100456620447,0.564935064935065,false,6,100ms,Not a per-call regression; batch size can differ. See B/call and allocs/call.
full screen,explicit,BenchmarkWazeroExec/isa_simd_i64x2.extmul_high_u,wazero,raw batch counter,B/op,868,872,4,0.4608294930875667,0.8506493506493507,false,6,100ms,Not a per-call regression; batch size can differ. See B/call and allocs/call.
full screen,signals,BenchmarkWazeroExec/isa_simd_i64x2.extmul_high_u,wazero,raw batch counter,B/op,880,884,4,0.454545454545463,0.9134199134199135,false,6,100ms,Not a per-call regression; batch size can differ. See B/call and allocs/call.
full screen,signals,BenchmarkWazeroExec/isa_simd_i64x2.gt_s,wazero,raw batch counter,B/op,4908,4912,4,0.08149959250203231,0.9805194805194806,false,6,100ms,Not a per-call regression; batch size can differ. See B/call and allocs/call.
full screen,explicit,BenchmarkWazeroExec/isa_simd_i64x2.shr_s,wazero,raw batch counter,B/op,976,980,4,0.4098360655737654,0.47186147186147187,false,6,100ms,Not a per-call regression; batch size can differ. See B/call and allocs/call.
full screen,signals,BenchmarkWazeroExec/isa_simd_i8x16.gt_s,wazero,raw batch counter,B/op,9816,9820,4,0.04074979625101616,0.6190476190476191,false,6,100ms,Not a per-call regression; batch size can differ. See B/call and allocs/call.
full screen,signals,BenchmarkWazeroExec/isa_simd_i8x16.ne,wazero,raw batch counter,B/op,4904,4908,4,0.08156606851550396,0.8441558441558441,false,6,100ms,Not a per-call regression; batch size can differ. See B/call and allocs/call.
full screen,signals,BenchmarkWazeroExec/isa_simd_v128.bitselect,wazero,raw batch counter,B/op,4868,4872,4,0.08216926869351049,0.9155844155844156,false,6,100ms,Not a per-call regression; batch size can differ. See B/call and allocs/call.
full screen,explicit,BenchmarkWazeroExec/nbody.step,wazero,raw batch counter,B/op,52,56,4,7.692307692307687,1,false,6,100ms,Not a per-call regression; batch size can differ. See B/call and allocs/call.
full screen,signals,BenchmarkWazeroExec/nbody.step,wazero,raw batch counter,B/op,52,56,4,7.692307692307687,0.5454545454545454,false,6,100ms,Not a per-call regression; batch size can differ. See B/call and allocs/call.
full screen,signals,BenchmarkWazeroExec/qoi.qoi_encode_run,wazero,raw batch counter,B/op,1316,1320,4,0.3039513677811634,0.8311688311688312,false,6,100ms,Not a per-call regression; batch size can differ. See B/call and allocs/call.
full screen,explicit,BenchmarkWazeroExec/utf-as-simd.convertN,wazero,raw batch counter,B/op,248,252,4,1.6129032258064502,0.6753246753246753,false,6,100ms,Not a per-call regression; batch size can differ. See B/call and allocs/call.
longer repeat,signals,BenchmarkPluginExec/wasm3,wago,time,ns/op,23167829.5,23501930.5,334101,1.442090205299551,0.7987453386564977,false,12,500ms,Measured increase; p-values are not adjusted for multiple comparisons.
longer repeat,signals,BenchmarkExecParallel/independent/spectralnorm.run,wago,time,ns/op,96155.5,98573,2417.5,2.5141567565037937,0.17818202795992538,false,12,500ms,"Throughput time, not one-call latency."
longer repeat,signals,BenchmarkExec/blake-as.hashN,wago,time,ns/op,671530,673012.5,1482.5,0.22076452280612724,0.2656695841512102,false,12,500ms,Measured increase; p-values are not adjusted for multiple comparisons.
longer repeat,signals,BenchmarkExec/blake-as-simd.hashN,wago,time,ns/op,541358,542090,732,0.13521551357882355,1,false,12,500ms,Measured increase; p-values are not adjusted for multiple comparisons.
longer repeat,signals,BenchmarkExec/isa_f32.min,wago,time,ns/op,33202,33933,731,2.2016745979157815,7.39602301050679e-7,true,12,500ms,Measured increase; p-values are not adjusted for multiple comparisons.
longer repeat,explicit,BenchmarkExecParallel/independent/utf-as-simd.validateN,wago,time,ns/op,22564,23241,677,3.000354547066131,0.1135023275284414,false,12,500ms,"Throughput time, not one-call latency."
longer repeat,signals,BenchmarkExecParallel/independent/utf-as.convertN,wago,time,ns/op,23722.5,24276,553.5,2.333227948150496,0.5898757320213774,false,12,500ms,"Throughput time, not one-call latency."
longer repeat,signals,BenchmarkExec/mandelbrot.render,wago,time,ns/op,241513,242053,540,0.22359044854727284,0.10053044277031355,false,12,500ms,Measured increase; p-values are not adjusted for multiple comparisons.
longer repeat,explicit,BenchmarkExecCommuteSelfUpdate/blake-as.hashN/off,wago,time,ns/op,689029,689359,330,0.0478934848896051,0.9323005033733262,false,12,500ms,Measured increase; p-values are not adjusted for multiple comparisons.
longer repeat,explicit,BenchmarkExec/utf-as-simd.convertN,wago,time,ns/op,52852.5,53050.5,198,0.374627501064273,0.5898757320213774,false,12,500ms,Measured increase; p-values are not adjusted for multiple comparisons.
longer repeat,signals,BenchmarkExecParallel/independent/matmul.run,wago,time,ns/op,17747.5,17915.5,168,0.9466121989012644,0.629725504001988,false,12,500ms,"Throughput time, not one-call latency."
longer repeat,explicit,BenchmarkExec/isa_i64.mul,wago,time,ns/op,42559,42713,154,0.3618506073920891,0.1978081146206062,false,12,500ms,Measured increase; p-values are not adjusted for multiple comparisons.
longer repeat,signals,BenchmarkExec/isa_f64.max,wago,time,ns/op,33195,33323,128,0.3856002410001613,0.2656695841512102,false,12,500ms,Measured increase; p-values are not adjusted for multiple comparisons.
longer repeat,signals,BenchmarkExec/fannkuch.run,wago,time,ns/op,1030413.5,1030499,85.5,0.008297639733956252,0.4775752582321434,false,12,500ms,Measured increase; p-values are not adjusted for multiple comparisons.
longer repeat,signals,BenchmarkExec/isa_simd_i16x8.extend_high_s,wago,time,ns/op,1986.5,2069,82.5,4.1530329725648185,7.39602301050679e-7,true,12,500ms,Measured increase; p-values are not adjusted for multiple comparisons.
longer repeat,explicit,BenchmarkExec/isa_i32.rotr,wago,time,ns/op,13953.5,14018,64.5,0.46224961479199855,0.5898757320213774,false,12,500ms,Measured increase; p-values are not adjusted for multiple comparisons.
longer repeat,explicit,BenchmarkExec/isa_f32.ceil,wago,time,ns/op,41957.5,42006,48.5,0.11559315974498663,0.37768531105453973,false,12,500ms,Measured increase; p-values are not adjusted for multiple comparisons.
longer repeat,signals,BenchmarkValidateWorkers/tiny/p4,wago,time,ns/op,3291.5,3338.5,47,1.4279204010329671,0.004652838075909822,true,12,500ms,Measured increase; p-values are not adjusted for multiple comparisons.
longer repeat,signals,BenchmarkExecParallel/process/isa_simd_i16x8.max_s,wago,time,ns/op,2083.5,2117,33.5,1.6078713702903702,0.6817483902555918,false,12,500ms,"Throughput time, not one-call latency."
longer repeat,signals,BenchmarkExecParallel/independent/sieve.count,wago,time,ns/op,10306.5,10337.5,31,0.3007810604958028,0.7987453386564977,false,12,500ms,"Throughput time, not one-call latency."
longer repeat,signals,BenchmarkExec/isa_simd_i32x4.trunc_sat_f64x2_u_zero,wago,time,ns/op,10010.5,10040.5,30,0.29968533040307666,0.46867414453899847,false,12,500ms,Measured increase; p-values are not adjusted for multiple comparisons.
longer repeat,explicit,BenchmarkExecParallel/process/isa_f64.ceil,wago,time,ns/op,5518.5,5546,27.5,0.49832381987859886,0.8873859348351204,false,12,500ms,"Throughput time, not one-call latency."
longer repeat,signals,BenchmarkExecParallel/independent/isa_simd_i32x4.extadd_pairwise_u,wago,time,ns/op,703.55,728.2,24.65000000000009,3.5036600099495496,0.007869368483179226,true,12,500ms,"Throughput time, not one-call latency."
longer repeat,explicit,BenchmarkValidateWorkers/tiny/p8,wago,time,ns/op,3550,3573.5,23.5,0.661971830985908,0.2027582728215384,false,12,500ms,Measured increase; p-values are not adjusted for multiple comparisons.
longer repeat,signals,BenchmarkExecParallel/process/isa_simd_f32x4.convert_i32x4_s,wago,time,ns/op,3039,3060,21,0.6910167818361401,0.08549728639915745,false,12,500ms,"Throughput time, not one-call latency."
longer repeat,signals,BenchmarkExecParallel/process/isa_simd_reduce.i64x2_all_true,wago,time,ns/op,1723,1741,18,1.044689495066753,0.2845042963497668,false,12,500ms,"Throughput time, not one-call latency."
longer repeat,signals,BenchmarkExecParallel/independent/float.run,wago,time,ns/op,616.9,632.55,15.649999999999977,2.5368779380774864,0.2913426592252814,false,12,500ms,"Throughput time, not one-call latency."
longer repeat,signals,BenchmarkExecParallel/process/isa_simd_i16x8.extadd_pairwise_s,wago,time,ns/op,2997.5,3013,15.5,0.5170975813177714,0.09728358866870107,false,12,500ms,"Throughput time, not one-call latency."
longer repeat,signals,BenchmarkExecParallel/independent/isa_ctl.br_table,wago,time,ns/op,3237.5,3252.5,15,0.4633204633204713,0.9892602349864431,false,12,500ms,"Throughput time, not one-call latency."
longer repeat,signals,BenchmarkExecParallel/independent/json-as.deserializeN,wago,time,ns/op,7019,7031.5,12.5,0.17808804673029588,0.2913426592252814,false,12,500ms,"Throughput time, not one-call latency."
longer repeat,explicit,BenchmarkExecParallel/independent/isa_f64.max,wago,time,ns/op,4939,4949.5,10.5,0.2125936424377306,0.551167166391288,false,12,500ms,"Throughput time, not one-call latency."
longer repeat,signals,BenchmarkExec/isa_simd_i16x8.le_s,wago,time,ns/op,3563.5,3572.5,9,0.2525606847200823,0.6395407661392316,false,12,500ms,Measured increase; p-values are not adjusted for multiple comparisons.
longer repeat,signals,BenchmarkExecParallel/process/isa_simd_reduce.i8x16_all_true,wago,time,ns/op,1733,1740,7,0.4039238315060478,0.14663798982011392,false,12,500ms,"Throughput time, not one-call latency."
longer repeat,signals,BenchmarkMemSumBounds/guard,wago,time,ns/op,240.3,245.95,5.649999999999977,2.3512276321264958,0.0003712803551274409,true,12,500ms,Measured increase; p-values are not adjusted for multiple comparisons.
longer repeat,explicit,BenchmarkExec/isa_simd_i16x8.abs,wago,time,ns/op,1777,1782.5,5.5,0.3095104108047364,0.1633478246077519,false,12,500ms,Measured increase; p-values are not adjusted for multiple comparisons.
longer repeat,signals,BenchmarkExecParallel/independent/isa_simd_i8x16.add_sat_s,wago,time,ns/op,476.5,481.7,5.199999999999989,1.0912906610702988,0.09118704690114032,false,12,500ms,"Throughput time, not one-call latency."
longer repeat,signals,BenchmarkExecParallel/independent/isa_simd_i8x16.shr_s,wago,time,ns/op,675.2,680.2,5,0.7405213270142097,0.4009894399583456,false,12,500ms,"Throughput time, not one-call latency."
longer repeat,signals,BenchmarkInstantiate/sieve,wago,time,ns/op,4980.5,4985,4.5,0.09035237425960574,0.6196395474225599,false,12,500ms,Measured increase; p-values are not adjusted for multiple comparisons.
longer repeat,signals,BenchmarkExecParallel/independent/isa_simd_f32x4.min,wago,time,ns/op,1451.5,1455.5,4,0.2755769893213911,0.8985539295809857,false,12,500ms,"Throughput time, not one-call latency."
longer repeat,explicit,BenchmarkExecParallel/process/isa_simd_f32x4.abs,wago,time,ns/op,270.45000000000005,273.95000000000005,3.5,1.2941393973007864,0.6403705999210104,false,12,500ms,"Throughput time, not one-call latency."
longer repeat,signals,BenchmarkExecMemoryLoad_wago,wago,time,ns/op,93.1,96.46000000000001,3.3600000000000136,3.609022556390995,0.00007174142320191587,true,12,500ms,Measured increase; p-values are not adjusted for multiple comparisons.
longer repeat,signals,BenchmarkExecGlobalGet_wago,wago,time,ns/op,92.925,96.155,3.230000000000004,3.4759214420231332,7.39602301050679e-7,true,12,500ms,Measured increase; p-values are not adjusted for multiple comparisons.
longer repeat,signals,BenchmarkExecParallel/independent/isa_simd_f32x4.ge,wago,time,ns/op,486.1,488.45,2.349999999999966,0.4834396214770553,0.2844813686784342,false,12,500ms,"Throughput time, not one-call latency."
longer repeat,signals,BenchmarkExecParallel/process/isa_bulk_mem.copy_fwd_64,wago,time,ns/op,350.25,352.1,1.8500000000000227,0.5281941470378415,0.7552848282421576,false,12,500ms,"Throughput time, not one-call latency."
longer repeat,signals,BenchmarkExec/linked_list.sum,wago,time,ns/op,8291.5,8293,1.5,0.018090815895788204,0.7656252080131472,false,12,500ms,Measured increase; p-values are not adjusted for multiple comparisons.
longer repeat,signals,BenchmarkExecParallel/independent/isa_simd_i64x2.shl,wago,time,ns/op,178.55,179.39999999999998,0.8499999999999659,0.4760571268552116,0.7987453386564977,false,12,500ms,"Throughput time, not one-call latency."
longer repeat,explicit,BenchmarkExec/memory_tree.run,wago,time,ns/op,9213,9213.5,0.5,0.005427113860845267,0.9891870143586391,false,12,500ms,Measured increase; p-values are not adjusted for multiple comparisons.
longer repeat,explicit,BenchmarkExec/swar-pack-parse.parse4,wago,time,ns/op,8.0785,8.559000000000001,0.48050000000000104,5.94788636504302,7.39602301050679e-7,true,12,500ms,Measured increase; p-values are not adjusted for multiple comparisons.
longer repeat,explicit,BenchmarkExec/tiny.add,wago,time,ns/op,8.1115,8.530000000000001,0.41850000000000165,5.159341675399154,7.39602301050679e-7,true,12,500ms,Measured increase; p-values are not adjusted for multiple comparisons.
longer repeat,explicit,BenchmarkExec/branches.classify,wago,time,ns/op,7.9445,8.2635,0.31900000000000084,4.015356535968295,7.39602301050679e-7,true,12,500ms,Measured increase; p-values are not adjusted for multiple comparisons.
longer repeat,explicit,BenchmarkExec/swar-pack-parse.pack,wago,time,ns/op,8.221,8.498000000000001,0.277000000000001,3.3694197786157565,0.000001479204602101358,true,12,500ms,Measured increase; p-values are not adjusted for multiple comparisons.
longer repeat,explicit,BenchmarkExecParallel/independent/isa_simd_i32x4.le_u,wago,time,ns/op,472.25,472.35,0.10000000000002274,0.02117522498676916,0.7011895763410099,false,12,500ms,"Throughput time, not one-call latency."
longer repeat,explicit,BenchmarkExecParallel/process/isa_simd_i8x16.narrow_i16x8_s,wago,time,ns/op,457,457.1,0.10000000000002274,0.02188183807441124,0.7440510088914989,false,12,500ms,"Throughput time, not one-call latency."
longer repeat,signals,BenchmarkExecParallel/independent/isa_simd_i32x4.extmul_high_u,wago,time,ns/op,922.75,922.8,0.049999999999954525,0.005418585749117355,0.5040005088463831,false,12,500ms,"Throughput time, not one-call latency."
longer repeat,signals,BenchmarkExec/xjb-mulhi.mulhi,wago,time,ns/op,8.933,8.968,0.03500000000000014,0.3918056643904544,0.9323005033733262,false,12,500ms,Measured increase; p-values are not adjusted for multiple comparisons.
longer repeat,signals,BenchmarkCompileWorkers/esbuild/p4,wago,memory,allocs/op,18910.5,19387.5,477,2.5224081859284597,0.05186461136117887,false,12,500ms,Measured increase; p-values are not adjusted for multiple comparisons.
longer repeat,explicit,BenchmarkCompileFullWorkers/esbuild/auto,wago,memory,allocs/op,27820,28251,431,1.5492451473759994,0.2656695841512102,false,12,500ms,Measured increase; p-values are not adjusted for multiple comparisons.
longer repeat,signals,BenchmarkCompileWorkers/esbuild/p8,wago,memory,allocs/op,25594,25788.5,194.5,0.7599437368133177,0.2721551567291236,false,12,500ms,Measured increase; p-values are not adjusted for multiple comparisons.
longer repeat,signals,BenchmarkCompileFullWorkers/esbuild/p8,wago,memory,allocs/op,34330.5,34524.5,194,0.5650951777573798,0.9774021912936975,false,12,500ms,Measured increase; p-values are not adjusted for multiple comparisons.
longer repeat,explicit,BenchmarkCompileFullWorkers/esbuild/p4,wago,memory,allocs/op,27677,27844,167,0.6033890956389731,0.9323005033733262,false,12,500ms,Measured increase; p-values are not adjusted for multiple comparisons.
longer repeat,explicit,BenchmarkCompileWorkers/esbuild/p2,wago,memory,allocs/op,14646,14719,73,0.4984296053530013,0.8995716223472314,false,12,500ms,Measured increase; p-values are not adjusted for multiple comparisons.
longer repeat,explicit,BenchmarkCompileFullWorkers/esbuild/p8,wago,memory,allocs/op,34468.5,34536.5,68,0.19728157593164042,0.8428359902313328,false,12,500ms,Measured increase; p-values are not adjusted for multiple comparisons.
longer repeat,explicit,BenchmarkCompileMultiModuleThroughput/many_funcs/auto,wago,memory,allocs/op,134,141,7,5.223880597014929,7.39602301050679e-7,true,12,500ms,Measured increase; p-values are not adjusted for multiple comparisons.
longer repeat,signals,BenchmarkCompileMultiModuleThroughput/many_funcs/auto,wago,memory,allocs/op,134,141,7,5.223880597014929,7.39602301050679e-7,true,12,500ms,Measured increase; p-values are not adjusted for multiple comparisons.
longer repeat,explicit,BenchmarkCompileWorkers/ruby/p4,wago,memory,allocs/op,12671,12675.5,4.5,0.03551416620630743,0.5602346906021693,false,12,500ms,Measured increase; p-values are not adjusted for multiple comparisons.
longer repeat,explicit,BenchmarkCompileFull/json-as-simd,wago,memory,allocs/op,437,439,2,0.4576659038901587,7.39602301050679e-7,true,12,500ms,Measured increase; p-values are not adjusted for multiple comparisons.
longer repeat,signals,BenchmarkCompileFull/json-as-simd,wago,memory,allocs/op,436,438,2,0.4587155963302836,7.39602301050679e-7,true,12,500ms,Measured increase; p-values are not adjusted for multiple comparisons.
longer repeat,explicit,BenchmarkCompileFull/many_funcs,wago,memory,allocs/op,84,86,2,2.3809523809523725,7.39602301050679e-7,true,12,500ms,Measured increase; p-values are not adjusted for multiple comparisons.
longer repeat,signals,BenchmarkCompileFull/many_funcs,wago,memory,allocs/op,84,86,2,2.3809523809523725,7.39602301050679e-7,true,12,500ms,Measured increase; p-values are not adjusted for multiple comparisons.
longer repeat,explicit,BenchmarkCompileFullWorkers/many_funcs/p1,wago,memory,allocs/op,83,85,2,2.4096385542168752,7.39602301050679e-7,true,12,500ms,Measured increase; p-values are not adjusted for multiple comparisons.
longer repeat,signals,BenchmarkCompileFullWorkers/many_funcs/p1,wago,memory,allocs/op,83,85,2,2.4096385542168752,7.39602301050679e-7,true,12,500ms,Measured increase; p-values are not adjusted for multiple comparisons.
longer repeat,explicit,BenchmarkCompileMultiModuleThroughput/many_funcs/p1,wago,memory,allocs/op,83,85,2,2.4096385542168752,7.39602301050679e-7,true,12,500ms,Measured increase; p-values are not adjusted for multiple comparisons.
longer repeat,signals,BenchmarkCompileMultiModuleThroughput/many_funcs/p1,wago,memory,allocs/op,83,85,2,2.4096385542168752,7.39602301050679e-7,true,12,500ms,Measured increase; p-values are not adjusted for multiple comparisons.
longer repeat,explicit,BenchmarkCompileFullWorkers/many_funcs/p2,wago,memory,allocs/op,116,117,1,0.8620689655172376,7.39602301050679e-7,true,12,500ms,Measured increase; p-values are not adjusted for multiple comparisons.
longer repeat,signals,BenchmarkCompileFullWorkers/many_funcs/p2,wago,memory,allocs/op,116,117,1,0.8620689655172376,7.39602301050679e-7,true,12,500ms,Measured increase; p-values are not adjusted for multiple comparisons.
longer repeat,explicit,BenchmarkCompileMultiModuleThroughput/json-as/auto,wago,memory,allocs/op,507,508,1,0.19723865877712132,0.01164429862774189,true,12,500ms,Measured increase; p-values are not adjusted for multiple comparisons.
longer repeat,explicit,BenchmarkCompileFullWorkers/esbuild/p4,wago,memory,B/op,186916442,188011899.5,1095457.5,0.5860680249841321,0.05186461136117887,false,12,500ms,Measured increase; p-values are not adjusted for multiple comparisons.
longer repeat,signals,BenchmarkCompileWorkers/esbuild/p4,wago,memory,B/op,120640542.5,121705945,1065402.5,0.883121443191448,0.00182977609279938,true,12,500ms,Measured increase; p-values are not adjusted for multiple comparisons.
longer repeat,signals,BenchmarkCompileFullWorkers/esbuild/auto,wago,memory,B/op,181417736,182087743.5,670007.5,0.36931752913067495,0.7125350756391273,false,12,500ms,Measured increase; p-values are not adjusted for multiple comparisons.
longer repeat,explicit,BenchmarkCompileFullWorkers/esbuild/p8,wago,memory,B/op,199848414,200418210,569796,0.28511409652718367,0.07802434474934139,false,12,500ms,Measured increase; p-values are not adjusted for multiple comparisons.
longer repeat,signals,BenchmarkCompileFullWorkers/esbuild/p4,wago,memory,B/op,181508968,181961058.5,452090.5,0.24907336809936176,0.629725504001988,false,12,500ms,Measured increase; p-values are not adjusted for multiple comparisons.
longer repeat,signals,BenchmarkCompileWorkers/esbuild/p2,wago,memory,B/op,112684800,113035687.5,350887.5,0.31138849250298417,0.6706595329559389,false,12,500ms,Measured increase; p-values are not adjusted for multiple comparisons.
longer repeat,explicit,BenchmarkCompileFullWorkers/esbuild/auto,wago,memory,B/op,187353614,187611022,257408,0.1373915317160579,0.2189208019063989,false,12,500ms,Measured increase; p-values are not adjusted for multiple comparisons.
longer repeat,explicit,BenchmarkCompileWorkers/ruby/p8,wago,memory,B/op,139534105,139775915,241810,0.17329813381465886,0.024184255642056153,true,12,500ms,Measured increase; p-values are not adjusted for multiple comparisons.
longer repeat,signals,BenchmarkCompileWorkers/sqlite3/p4,wago,memory,B/op,13887069,14078500.5,191431.5,1.378487425964403,0.0029140330661396752,true,12,500ms,Measured increase; p-values are not adjusted for multiple comparisons.
longer repeat,signals,BenchmarkCompileFullWorkers/sqlite3/p2,wago,memory,B/op,14104933.5,14293217.5,188284,1.3348804515810109,0.00002218806903152037,true,12,500ms,Measured increase; p-values are not adjusted for multiple comparisons.
longer repeat,signals,BenchmarkCompileFullWorkers/sqlite3/p8,wago,memory,B/op,17012345,17193902.5,181557.5,1.0672103111005526,7.39602301050679e-7,true,12,500ms,Measured increase; p-values are not adjusted for multiple comparisons.
longer repeat,explicit,BenchmarkCompileFullWorkers/sqlite3/auto,wago,memory,B/op,16183094.5,16352736.5,169642,1.048266757634031,0.0045130532410112435,true,12,500ms,Measured increase; p-values are not adjusted for multiple comparisons.
longer repeat,signals,BenchmarkCompileFullWorkers/sqlite3/p4,wago,memory,B/op,15379296,15524788.5,145492.5,0.9460283487618737,0.0000495533541703955,true,12,500ms,Measured increase; p-values are not adjusted for multiple comparisons.
longer repeat,signals,BenchmarkCompileFullWorkers/esbuild/p2,wago,memory,B/op,173974416,174117184,142768,0.08206264075059089,0.14316777582358414,false,12,500ms,Measured increase; p-values are not adjusted for multiple comparisons.
longer repeat,explicit,BenchmarkCompileWorkers/esbuild/p2,wago,memory,B/op,112699122,112827359.5,128237.5,0.11378748806933903,1,false,12,500ms,Measured increase; p-values are not adjusted for multiple comparisons.
longer repeat,explicit,BenchmarkCompileFullWorkers/sqlite3/p2,wago,memory,B/op,14539264.5,14667083.5,127819,0.879129752402541,0.0002743924536898019,true,12,500ms,Measured increase; p-values are not adjusted for multiple comparisons.
longer repeat,explicit,BenchmarkCompileFullWorkers/sqlite3/p4,wago,memory,B/op,16285662,16413409.5,127747.5,0.7844169920756094,0.1978081146206062,false,12,500ms,Measured increase; p-values are not adjusted for multiple comparisons.
longer repeat,signals,BenchmarkCompileFullWorkers/sqlite3/auto,wago,memory,B/op,15374864.5,15500036.5,125172,0.8141340042378875,0.00014422244870488242,true,12,500ms,Measured increase; p-values are not adjusted for multiple comparisons.
longer repeat,signals,BenchmarkCompileWorkers/esbuild/p8,wago,memory,B/op,132286507,132363129.5,76622.5,0.05792162914997068,0.5137225810936943,false,12,500ms,Measured increase; p-values are not adjusted for multiple comparisons.
longer repeat,signals,BenchmarkCompileFullWorkers/lua/p8,wago,memory,B/op,5464063.5,5513255,49191.5,0.9002732124178348,7.39602301050679e-7,true,12,500ms,Measured increase; p-values are not adjusted for multiple comparisons.
longer repeat,signals,BenchmarkCompileFullWorkers/lua/auto,wago,memory,B/op,4716950,4761975.5,45025.5,0.9545469000095341,7.39602301050679e-7,true,12,500ms,Measured increase; p-values are not adjusted for multiple comparisons.
longer repeat,explicit,BenchmarkCompileWorkers/lua/p4,wago,memory,B/op,4387975,4428492.5,40517.5,0.9233758168631256,7.39602301050679e-7,true,12,500ms,Measured increase; p-values are not adjusted for multiple comparisons.
longer repeat,explicit,BenchmarkCompileFullWorkers/lua/p4,wago,memory,B/op,4887657,4927667.5,40010.5,0.8186028602252593,0.0000495533541703955,true,12,500ms,Measured increase; p-values are not adjusted for multiple comparisons.
longer repeat,signals,BenchmarkCompileWorkers/lua/p8,wago,memory,B/op,5293317,5328858.5,35541.5,0.671440988703309,0.0002011718258857847,true,12,500ms,Measured increase; p-values are not adjusted for multiple comparisons.
longer repeat,explicit,BenchmarkCompileFullWorkers/lua/auto,wago,memory,B/op,4895538,4926902.5,31364.5,0.64067524345639,7.39602301050679e-7,true,12,500ms,Measured increase; p-values are not adjusted for multiple comparisons.
longer repeat,signals,BenchmarkCompileFullWorkers/lua/p4,wago,memory,B/op,4725580.5,4755680.5,30100,0.6369587821009493,7.39602301050679e-7,true,12,500ms,Measured increase; p-values are not adjusted for multiple comparisons.
longer repeat,explicit,BenchmarkCompileWorkers/lua/p2,wago,memory,B/op,3895022.5,3913410,18387.5,0.4720768622004101,7.39602301050679e-7,true,12,500ms,Measured increase; p-values are not adjusted for multiple comparisons.
longer repeat,signals,BenchmarkCompileWorkers/ruby/p8,wago,memory,B/op,139282710,139297570,14860,0.01066894806971419,0.629725504001988,false,12,500ms,Measured increase; p-values are not adjusted for multiple comparisons.
longer repeat,explicit,BenchmarkCompileFullWorkers/json-as/p8,wago,memory,B/op,877266.5,884678,7411.5,0.8448401939433525,7.39602301050679e-7,true,12,500ms,Measured increase; p-values are not adjusted for multiple comparisons.
longer repeat,signals,BenchmarkCompileFullWorkers/json-as/p8,wago,memory,B/op,831059,838449,7390,0.8892268779954193,7.39602301050679e-7,true,12,500ms,Measured increase; p-values are not adjusted for multiple comparisons.
longer repeat,signals,BenchmarkCompileMultiModuleThroughput/json-as/auto,wago,memory,B/op,632030.5,638528,6497.5,1.028035830549312,7.39602301050679e-7,true,12,500ms,Measured increase; p-values are not adjusted for multiple comparisons.
longer repeat,signals,BenchmarkCompileFullWorkers/json-as/p4,wago,memory,B/op,633093,638728.5,5635.5,0.8901535793319537,7.39602301050679e-7,true,12,500ms,Measured increase; p-values are not adjusted for multiple comparisons.
longer repeat,explicit,BenchmarkCompileMultiModuleThroughput/json-as/auto,wago,memory,B/op,713515,718924.5,5409.5,0.758148041737039,7.39602301050679e-7,true,12,500ms,Measured increase; p-values are not adjusted for multiple comparisons.
longer repeat,signals,BenchmarkCompileFullWorkers/json-as/auto,wago,memory,B/op,633606,638776,5170,0.8159644952857148,7.39602301050679e-7,true,12,500ms,Measured increase; p-values are not adjusted for multiple comparisons.
longer repeat,signals,BenchmarkCompileWorkers/json-as/p8,wago,memory,B/op,749154.5,753648,4493.5,0.5998095185973051,7.39602301050679e-7,true,12,500ms,Measured increase; p-values are not adjusted for multiple comparisons.
longer repeat,signals,BenchmarkCompileWorkers/json-as/p4,wago,memory,B/op,551711,556173,4462,0.8087567585203015,7.39602301050679e-7,true,12,500ms,Measured increase; p-values are not adjusted for multiple comparisons.
longer repeat,explicit,BenchmarkCompileWorkers/json-as/p4,wago,memory,B/op,551925,556319.5,4394.5,0.7962132536123656,7.39602301050679e-7,true,12,500ms,Measured increase; p-values are not adjusted for multiple comparisons.
longer repeat,explicit,BenchmarkCompileFullWorkers/json-as/p4,wago,memory,B/op,662456.5,666691,4234.5,0.6392117822075827,7.39602301050679e-7,true,12,500ms,Measured increase; p-values are not adjusted for multiple comparisons.
longer repeat,explicit,BenchmarkCompileFullWorkers/json-as/auto,wago,memory,B/op,661701.5,665838,4136.5,0.6251308180501347,0.000001479204602101358,true,12,500ms,Measured increase; p-values are not adjusted for multiple comparisons.
longer repeat,signals,BenchmarkCompileFullWorkers/json-as/p2,wago,memory,B/op,511720,515840.5,4120.5,0.8052255139529452,7.39602301050679e-7,true,12,500ms,Measured increase; p-values are not adjusted for multiple comparisons.
longer repeat,explicit,BenchmarkCompileFullWorkers/json-as/p2,wago,memory,B/op,528250.5,532256.5,4006,0.7583523347351351,7.39602301050679e-7,true,12,500ms,Measured increase; p-values are not adjusted for multiple comparisons.
longer repeat,explicit,BenchmarkCompileWorkers/sqlite3/p4,wago,memory,B/op,14138048.5,14141970.5,3922,0.027740745124771315,0.9774021912936975,false,12,500ms,Measured increase; p-values are not adjusted for multiple comparisons.
longer repeat,explicit,BenchmarkCompileWorkers/json-as/p8,wago,memory,B/op,749236,752627.5,3391.5,0.4526611107848577,0.000002958409204202716,true,12,500ms,Measured increase; p-values are not adjusted for multiple comparisons.
longer repeat,signals,BenchmarkCompileWorkers/json-as/p2,wago,memory,B/op,433835,436669,2834,0.6532437447416717,7.39602301050679e-7,true,12,500ms,Measured increase; p-values are not adjusted for multiple comparisons.
longer repeat,explicit,BenchmarkCompileWorkers/json-as/p2,wago,memory,B/op,433619.5,436436,2816.5,0.6495325971272115,7.39602301050679e-7,true,12,500ms,Measured increase; p-values are not adjusted for multiple comparisons.
longer repeat,explicit,BenchmarkCompileMultiModuleThroughput/many_funcs/p1,wago,memory,B/op,158980,161476,2496,1.5700088061391337,7.39602301050679e-7,true,12,500ms,Measured increase; p-values are not adjusted for multiple comparisons.
longer repeat,explicit,BenchmarkCompileFull/many_funcs,wago,memory,B/op,159139,161633,2494,1.567183405701944,7.39602301050679e-7,true,12,500ms,Measured increase; p-values are not adjusted for multiple comparisons.
longer repeat,signals,BenchmarkCompileMultiModuleThroughput/many_funcs/p1,wago,memory,B/op,158982,161476,2494,1.5687310513139874,7.39602301050679e-7,true,12,500ms,Measured increase; p-values are not adjusted for multiple comparisons.
longer repeat,signals,BenchmarkCompileFull/many_funcs,wago,memory,B/op,159139,161632,2493,1.5665550242241144,7.39602301050679e-7,true,12,500ms,Measured increase; p-values are not adjusted for multiple comparisons.
longer repeat,explicit,BenchmarkCompileFullWorkers/many_funcs/p1,wago,memory,B/op,158995,161488,2493,1.567973835655212,7.39602301050679e-7,true,12,500ms,Measured increase; p-values are not adjusted for multiple comparisons.
longer repeat,signals,BenchmarkCompileFullWorkers/many_funcs/p1,wago,memory,B/op,158995,161488,2493,1.567973835655212,7.39602301050679e-7,true,12,500ms,Measured increase; p-values are not adjusted for multiple comparisons.
longer repeat,explicit,BenchmarkCompileFullWorkers/many_funcs/p2,wago,memory,B/op,236129,238170,2041,0.8643580415789609,7.39602301050679e-7,true,12,500ms,Measured increase; p-values are not adjusted for multiple comparisons.
longer repeat,signals,BenchmarkCompileFullWorkers/many_funcs/p2,wago,memory,B/op,236130,238168.5,2038.5,0.8632956422309768,7.39602301050679e-7,true,12,500ms,Measured increase; p-values are not adjusted for multiple comparisons.
longer repeat,explicit,BenchmarkCompileFull/json-as-simd,wago,memory,B/op,228353.5,229530,1176.5,0.5152099705062474,7.39602301050679e-7,true,12,500ms,Measured increase; p-values are not adjusted for multiple comparisons.
longer repeat,signals,BenchmarkCompileFull/json-as-simd,wago,memory,B/op,227093,228264,1171,0.5156477742598753,7.39602301050679e-7,true,12,500ms,Measured increase; p-values are not adjusted for multiple comparisons.
longer repeat,signals,BenchmarkCompileFullWorkers/many_funcs/p4,wago,memory,B/op,285091.5,286220.5,1129,0.39601320979405497,7.39602301050679e-7,true,12,500ms,Measured increase; p-values are not adjusted for multiple comparisons.
longer repeat,explicit,BenchmarkCompileFullWorkers/many_funcs/p4,wago,memory,B/op,285085,286168.5,1083.5,0.380062086746058,7.39602301050679e-7,true,12,500ms,Measured increase; p-values are not adjusted for multiple comparisons.
longer repeat,explicit,BenchmarkCompileFullWorkers/many_funcs/auto,wago,memory,B/op,285088,286167,1079,0.37847962734314233,7.39602301050679e-7,true,12,500ms,Measured increase; p-values are not adjusted for multiple comparisons.
longer repeat,signals,BenchmarkCompileFullWorkers/many_funcs/auto,wago,memory,B/op,285120.5,286165,1044.5,0.36633633849547653,7.39602301050679e-7,true,12,500ms,Measured increase; p-values are not adjusted for multiple comparisons.
longer repeat,explicit,BenchmarkCompileMultiModuleThroughput/many_funcs/auto,wago,memory,B/op,304056.5,304889,832.5,0.27379779744882704,7.39602301050679e-7,true,12,500ms,Measured increase; p-values are not adjusted for multiple comparisons.
longer repeat,signals,BenchmarkCompileMultiModuleThroughput/many_funcs/auto,wago,memory,B/op,304086,304811,725,0.23841939451338945,7.39602301050679e-7,true,12,500ms,Measured increase; p-values are not adjusted for multiple comparisons.
longer repeat,signals,BenchmarkValidateWorkers/tiny/p4,wago,memory,B/op,2560,2576,16,0.6250000000000089,7.39602301050679e-7,true,12,500ms,Measured increase; p-values are not adjusted for multiple comparisons.
longer repeat,explicit,BenchmarkValidateWorkers/tiny/p8,wago,memory,B/op,2560,2576,16,0.6250000000000089,7.39602301050679e-7,true,12,500ms,Measured increase; p-values are not adjusted for multiple comparisons.
longer repeat,signals,BenchmarkExecParallel/independent/spectralnorm.run,wago,memory,B/op,1.5,2.5,1,66.66666666666667,0.4276276960352879,false,12,500ms,"Throughput time, not one-call latency."
longer repeat,signals,BenchmarkExecParallel/process/blake-as-simd.hashN,wago,memory,B/op,19,20,1,5.263157894736836,0.33838432398130874,false,12,500ms,"Throughput time, not one-call latency."
fixed memory,explicit,BenchmarkCompileFullWorkers/esbuild/p2,wago,memory,allocs/op,22453.5,23979,1525.5,6.79404101810408,0.04112554112554113,true,6,1x,Equal-work memory check; timing omitted.
fixed memory,explicit,BenchmarkCompileFullWorkers/esbuild/auto,wago,memory,allocs/op,27511.5,28781,1269.5,4.614433963978692,0.6991341991341992,false,6,1x,Equal-work memory check; timing omitted.
fixed memory,signals,BenchmarkCompileFullWorkers/esbuild/auto,wago,memory,allocs/op,27474,28364,890,3.239426366746745,0.5887445887445888,false,6,1x,Equal-work memory check; timing omitted.
fixed memory,signals,BenchmarkCompileFullWorkers/esbuild/p4,wago,memory,allocs/op,28098,28362,264,0.9395686525731417,0.9372294372294372,false,6,1x,Equal-work memory check; timing omitted.
fixed memory,explicit,BenchmarkCompileFullWorkers/sqlite3/p2,wago,memory,allocs/op,8309.5,8412.5,103,1.239545098983097,0.13203463203463203,false,6,1x,Equal-work memory check; timing omitted.
fixed memory,explicit,BenchmarkCompileFullWorkers/esbuild/p4,wago,memory,allocs/op,27621.5,27706,84.5,0.30592111217710993,0.6991341991341992,false,6,1x,Equal-work memory check; timing omitted.
fixed memory,signals,BenchmarkCompileFullWorkers/esbuild/p2,wago,memory,allocs/op,23469,23540.5,71.5,0.3046572073799547,1,false,6,1x,Equal-work memory check; timing omitted.
fixed memory,explicit,BenchmarkCompileWorkers/json-as/p8,wago,memory,allocs/op,573,589,16,2.7923211169284423,0.3939393939393939,false,6,1x,Equal-work memory check; timing omitted.
fixed memory,explicit,BenchmarkCompileWorkers/esbuild/p2,wago,memory,allocs/op,15145.5,15160.5,15,0.099039318609484,0.9372294372294372,false,6,1x,Equal-work memory check; timing omitted.
fixed memory,explicit,BenchmarkCompileWorkers/ruby/p8,wago,memory,allocs/op,14370.5,14384.5,14,0.09742180160745573,0.5887445887445888,false,6,1x,Equal-work memory check; timing omitted.
fixed memory,signals,BenchmarkCompileFullWorkers/sqlite3/p2,wago,memory,allocs/op,8251.5,8255.5,4,0.04847603466036077,0.8181818181818182,false,6,1x,Equal-work memory check; timing omitted.
fixed memory,signals,BenchmarkCompileWorkers/tiny/p2,wago,memory,allocs/op,44,47,3,6.818181818181812,0.0021645021645021645,true,6,1x,Equal-work memory check; timing omitted.
fixed memory,explicit,BenchmarkCompileFull/json-as,wago,memory,allocs/op,422,424,2,0.4739336492890933,0.0021645021645021645,true,6,1x,Equal-work memory check; timing omitted.
fixed memory,signals,BenchmarkCompileFull/json-as,wago,memory,allocs/op,421,423,2,0.47505938242280443,0.0021645021645021645,true,6,1x,Equal-work memory check; timing omitted.
fixed memory,explicit,BenchmarkCompileFull/many_funcs,wago,memory,allocs/op,100,102,2,2.0000000000000018,0.0021645021645021645,true,6,1x,Equal-work memory check; timing omitted.
fixed memory,signals,BenchmarkCompileFull/many_funcs,wago,memory,allocs/op,100,102,2,2.0000000000000018,0.0021645021645021645,true,6,1x,Equal-work memory check; timing omitted.
fixed memory,explicit,BenchmarkCompileWorkers/tiny/p2,wago,memory,allocs/op,45,47,2,4.444444444444451,0.0021645021645021645,true,6,1x,Equal-work memory check; timing omitted.
fixed memory,explicit,BenchmarkCompileFullWorkers/esbuild/p4,wago,memory,B/op,186325204,188970520,2645316,1.4197306339726268,0.025974025974025976,true,6,1x,Equal-work memory check; timing omitted.
fixed memory,explicit,BenchmarkCompileFullWorkers/esbuild/p2,wago,memory,B/op,177005064,178769620,1764556,0.9968957724282967,0.025974025974025976,true,6,1x,Equal-work memory check; timing omitted.
fixed memory,signals,BenchmarkCompileFullWorkers/esbuild/p2,wago,memory,B/op,173743788,174519320,775532,0.4463653112018129,0.008658008658008658,true,6,1x,Equal-work memory check; timing omitted.
fixed memory,explicit,BenchmarkCompileFullWorkers/esbuild/auto,wago,memory,B/op,187674900,188103980,429080,0.22862940116126218,0.6991341991341992,false,6,1x,Equal-work memory check; timing omitted.
fixed memory,signals,BenchmarkCompileFullWorkers/sqlite3/p2,wago,memory,B/op,14091412,14475448,384036,2.725319506661217,0.015151515151515152,true,6,1x,Equal-work memory check; timing omitted.
fixed memory,signals,BenchmarkCompileWorkers/sqlite3/p8,wago,memory,B/op,16738160,17067404,329244,1.9670262442227804,0.8181818181818182,false,6,1x,Equal-work memory check; timing omitted.
fixed memory,signals,BenchmarkCompileWorkers/sqlite3/p4,wago,memory,B/op,13937788,14157564,219776,1.576835578213709,0.06493506493506493,false,6,1x,Equal-work memory check; timing omitted.
fixed memory,signals,BenchmarkCompileWorkers/lua/p8,wago,memory,B/op,5293660,5451980,158320,2.9907474223882957,0.17965367965367965,false,6,1x,Equal-work memory check; timing omitted.
fixed memory,explicit,BenchmarkCompileWorkers/esbuild/p2,wago,memory,B/op,113374840,113520384,145544,0.12837416132185364,0.17965367965367965,false,6,1x,Equal-work memory check; timing omitted.
fixed memory,explicit,BenchmarkCompileWorkers/sqlite3/p4,wago,memory,B/op,14081896,14226856,144960,1.029406835556812,0.8181818181818182,false,6,1x,Equal-work memory check; timing omitted.
fixed memory,signals,BenchmarkCompileFullWorkers/sqlite3/p8,wago,memory,B/op,17079408,17204896,125488,0.7347327260991632,0.30952380952380953,false,6,1x,Equal-work memory check; timing omitted.
fixed memory,explicit,BenchmarkCompileWorkers/lua/p8,wago,memory,B/op,5258360,5352748,94388,1.7950083295932506,0.30952380952380953,false,6,1x,Equal-work memory check; timing omitted.
fixed memory,signals,BenchmarkCompileWorkers/lua/p4,wago,memory,B/op,4401296,4457940,56644,1.2869845609111419,0.06493506493506493,false,6,1x,Equal-work memory check; timing omitted.
fixed memory,explicit,BenchmarkCompileWorkers/json-as/p4,wago,memory,B/op,544312,568588,24276,4.4599420920354405,0.015151515151515152,true,6,1x,Equal-work memory check; timing omitted.
fixed memory,explicit,BenchmarkCompileWorkers/lua/p4,wago,memory,B/op,4423344,4444536,21192,0.4790945492821663,1,false,6,1x,Equal-work memory check; timing omitted.
fixed memory,explicit,BenchmarkCompileFullWorkers/json-as/p8,wago,memory,B/op,881180,890620,9440,1.071290769195854,0.30952380952380953,false,6,1x,Equal-work memory check; timing omitted.
fixed memory,signals,BenchmarkCompileFullWorkers/json-as/p8,wago,memory,B/op,838080,843648,5568,0.6643757159221053,0.2554112554112554,false,6,1x,Equal-work memory check; timing omitted.
fixed memory,signals,BenchmarkCompileWorkers/json-as/p2,wago,memory,B/op,433516,438532,5016,1.1570507201579705,0.13203463203463203,false,6,1x,Equal-work memory check; timing omitted.
fixed memory,explicit,BenchmarkCompileFull/many_funcs,wago,memory,B/op,167064,169560,2496,1.4940382129004393,0.0021645021645021645,true,6,1x,Equal-work memory check; timing omitted.
fixed memory,signals,BenchmarkCompileFull/many_funcs,wago,memory,B/op,167064,169560,2496,1.4940382129004393,0.0021645021645021645,true,6,1x,Equal-work memory check; timing omitted.
fixed memory,explicit,BenchmarkCompileFull/json-as,wago,memory,B/op,225448,226408,960,0.42581881409460287,0.0021645021645021645,true,6,1x,Equal-work memory check; timing omitted.
fixed memory,signals,BenchmarkCompileFull/json-as,wago,memory,B/op,222664,223624,960,0.43114288793877353,0.0021645021645021645,true,6,1x,Equal-work memory check; timing omitted.
fixed memory,explicit,BenchmarkCompileWorkers/json-as/p2,wago,memory,B/op,433860,434128,268,0.06177107822800121,0.6991341991341992,false,6,1x,Equal-work memory check; timing omitted.
fixed memory,signals,BenchmarkCompileWorkers/json-as/p8,wago,process peak RSS,KiB,90210,94006,3796,4.207959206296419,0.025974025974025976,true,6,1x,"Equal-work process peak includes setup, Go heap, native mappings, and corpus; not retained compiler memory."
fixed memory,signals,BenchmarkCompileWorkers/sqlite3/p4,wago,process peak RSS,KiB,86112,88308,2196,2.5501672240802575,0.13203463203463203,false,6,1x,"Equal-work process peak includes setup, Go heap, native mappings, and corpus; not retained compiler memory."
fixed memory,signals,BenchmarkCompileFullWorkers/sqlite3/p8,wago,process peak RSS,KiB,71444,73456,2012,2.816191702592241,0.09307359307359307,false,6,1x,"Equal-work process peak includes setup, Go heap, native mappings, and corpus; not retained compiler memory."
fixed memory,explicit,BenchmarkCompileWorkers/sqlite3/p4,wago,process peak RSS,KiB,89008,90390,1382,1.5526694229732074,0.6991341991341992,false,6,1x,"Equal-work process peak includes setup, Go heap, native mappings, and corpus; not retained compiler memory."
fixed memory,explicit,BenchmarkCompileWorkers/sqlite3/p8,wago,process peak RSS,KiB,93592,94444,852,0.9103342165997175,0.5887445887445888,false,6,1x,"Equal-work process peak includes setup, Go heap, native mappings, and corpus; not retained compiler memory."
fixed memory,signals,BenchmarkCompileWorkers/json-as/p2,wago,process peak RSS,KiB,89502,90140,638,0.7128332327769105,0.48484848484848486,false,6,1x,"Equal-work process peak includes setup, Go heap, native mappings, and corpus; not retained compiler memory."
fixed memory,explicit,BenchmarkCompileWorkers/json-as/p4,wago,process peak RSS,KiB,89802,90274,472,0.52560076612993,0.025974025974025976,true,6,1x,"Equal-work process peak includes setup, Go heap, native mappings, and corpus; not retained compiler memory."
fixed memory,signals,BenchmarkCompileWorkers/tiny/p2,wago,process peak RSS,KiB,89362,89608,246,0.27528479666971695,1,false,6,1x,"Equal-work process peak includes setup, Go heap, native mappings, and corpus; not retained compiler memory."
fixed memory,signals,BenchmarkCompileFull/many_funcs,wago,process peak RSS,KiB,47466,47704,238,0.5014115366788863,0.025974025974025976,true,6,1x,"Equal-work process peak includes setup, Go heap, native mappings, and corpus; not retained compiler memory."
fixed memory,signals,BenchmarkCompileFullWorkers/sqlite3/p2,wago,process peak RSS,KiB,65060,65266,206,0.31663080233630403,0.0367965367965368,true,6,1x,"Equal-work process peak includes setup, Go heap, native mappings, and corpus; not retained compiler memory."
fixed memory,explicit,BenchmarkCompileFullWorkers/sqlite3/p8,wago,process peak RSS,KiB,76098,76244,146,0.19185786748665556,0.6991341991341992,false,6,1x,"Equal-work process peak includes setup, Go heap, native mappings, and corpus; not retained compiler memory."
fixed memory,explicit,BenchmarkCompileWorkers/ruby/p8,wago,process peak RSS,KiB,190768,190896,128,0.06709720707875899,0.6991341991341992,false,6,1x,"Equal-work process peak includes setup, Go heap, native mappings, and corpus; not retained compiler memory."
fixed memory,signals,BenchmarkCompileFull/json-as,wago,process peak RSS,KiB,47834,47922,88,0.18396956139983267,0.5887445887445888,false,6,1x,"Equal-work process peak includes setup, Go heap, native mappings, and corpus; not retained compiler memory."
fixed memory,explicit,BenchmarkCompileWorkers/json-as/p2,wago,process peak RSS,KiB,89902,89944,42,0.04671753687348623,0.974025974025974,false,6,1x,"Equal-work process peak includes setup, Go heap, native mappings, and corpus; not retained compiler memory."
fixed instantiate,signals,BenchmarkPluginInstantiate/ruby,wago,process peak RSS,KiB,203814,204948,1134,0.556389649386202,0.3939393939393939,false,6,128x,"Equal-work process peak includes setup, Go heap, native mappings, and corpus; not retained compiler memory."
fixed rss,explicit,BenchmarkCompileCompact/regexmatch,wago,memory,allocs/op,1947,1949,2,0.10272213662043672,0.0021645021645021645,true,6,1x,Equal-work memory check; timing omitted.
fixed rss,signals,BenchmarkCompileCompact/regexmatch,wago,memory,allocs/op,1947,1949,2,0.10272213662043672,0.0021645021645021645,true,6,1x,Equal-work memory check; timing omitted.
fixed rss,explicit,BenchmarkCompileCompact/sqlite3,wago,memory,allocs/op,2150,2152,2,0.09302325581395099,0.0021645021645021645,true,6,1x,Equal-work memory check; timing omitted.
fixed rss,signals,BenchmarkCompileCompact/sqlite3,wago,memory,allocs/op,2150,2152,2,0.09302325581395099,0.0021645021645021645,true,6,1x,Equal-work memory check; timing omitted.
fixed rss,explicit,BenchmarkCompileCompact/wasm3,wago,memory,allocs/op,837,839,2,0.2389486260454099,0.0021645021645021645,true,6,1x,Equal-work memory check; timing omitted.
fixed rss,signals,BenchmarkCompileCompact/wasm3,wago,memory,allocs/op,837,839,2,0.2389486260454099,0.0021645021645021645,true,6,1x,Equal-work memory check; timing omitted.
fixed rss,explicit,BenchmarkCompileCompact/zstd,wago,memory,allocs/op,228,230,2,0.8771929824561431,0.0021645021645021645,true,6,1x,Equal-work memory check; timing omitted.
fixed rss,signals,BenchmarkCompileCompact/zstd,wago,memory,allocs/op,228,230,2,0.8771929824561431,0.0021645021645021645,true,6,1x,Equal-work memory check; timing omitted.
fixed rss,signals,BenchmarkCompileCompact/isa_i64,wago,memory,allocs/op,43,43.5,0.5,1.1627906976744207,0.18181818181818182,false,6,1x,Equal-work memory check; timing omitted.
fixed rss,explicit,BenchmarkCompileCompact/json-as-simd,wago,memory,B/op,144504,145176,672,0.46503903006145375,0.0021645021645021645,true,6,1x,Equal-work memory check; timing omitted.
fixed rss,signals,BenchmarkCompileCompact/json-as-simd,wago,memory,B/op,144504,145176,672,0.46503903006145375,0.0021645021645021645,true,6,1x,Equal-work memory check; timing omitted.
fixed rss,explicit,BenchmarkCompileCompact/json-as,wago,memory,B/op,136288,136832,544,0.3991547311575472,0.0021645021645021645,true,6,1x,Equal-work memory check; timing omitted.
fixed rss,signals,BenchmarkCompileCompact/json-as,wago,memory,B/op,136288,136832,544,0.3991547311575472,0.0021645021645021645,true,6,1x,Equal-work memory check; timing omitted.
fixed rss,explicit,BenchmarkCompileCompact/blake-as-simd,wago,memory,B/op,284696,284848,152,0.05339028296849069,0.0021645021645021645,true,6,1x,Equal-work memory check; timing omitted.
fixed rss,signals,BenchmarkCompileCompact/blake-as-simd,wago,memory,B/op,284696,284848,152,0.05339028296849069,0.0021645021645021645,true,6,1x,Equal-work memory check; timing omitted.
