stage,bounds,benchmark,engine,kind,unit,main_median,branch_median,absolute_increase,increase_percent,p,unadjusted_p_below_005,samples_each,benchtime,note
full screen,explicit,BenchmarkWazeroCompile/ruby,wazero,time,ns/op,5216625897,5262270219,45644322,0.8749778669436381,0.008658008658008658,true,6,100ms,Measured increase; p-values are not adjusted for multiple comparisons.
full screen,explicit,BenchmarkWazeroCompile/esbuild,wazero,time,ns/op,3165120124,3192396287,27276163,0.8617733903106606,0.06493506493506493,false,6,100ms,Measured increase; p-values are not adjusted for multiple comparisons.
full screen,explicit,BenchmarkWazeroCompile/regexmatch,wazero,time,ns/op,270010222,273488331.5,3478109.5,1.2881399356799106,0.9372294372294372,false,6,100ms,Measured increase; p-values are not adjusted for multiple comparisons.
full screen,signals,BenchmarkWazeroCompile/sqlite3,wazero,time,ns/op,319942112.5,323324801,3382688.5,1.0572814168062994,0.6991341991341992,false,6,100ms,Measured increase; p-values are not adjusted for multiple comparisons.
full screen,explicit,BenchmarkWazeroCompile/lua,wazero,time,ns/op,75123553,78488248.5,3364695.5,4.4788822754429525,0.0021645021645021645,true,6,100ms,Measured increase; p-values are not adjusted for multiple comparisons.
full screen,signals,BenchmarkWazeroExec/coremark.coremark_run,wazero,time,ns/op,51959230,54447902.5,2488672.5,4.789663934588706,0.6991341991341992,false,6,100ms,Measured increase; p-values are not adjusted for multiple comparisons.
full screen,explicit,BenchmarkWazeroCompile/wasm3,wazero,time,ns/op,42753225,43070527,317302,0.7421709122528153,0.3939393939393939,false,6,100ms,Measured increase; p-values are not adjusted for multiple comparisons.
full screen,explicit,BenchmarkWazeroCompile/zstd,wazero,time,ns/op,26571802.5,26813432,241629.5,0.9093455364949321,0.8181818181818182,false,6,100ms,Measured increase; p-values are not adjusted for multiple comparisons.
full screen,explicit,BenchmarkWazeroCompile/zlib,wazero,time,ns/op,6075940.5,6177880.5,101940,1.677764948488214,0.025974025974025976,true,6,100ms,Measured increase; p-values are not adjusted for multiple comparisons.
full screen,explicit,BenchmarkWazeroCompile/json-as-simd,wazero,time,ns/op,6158720,6242830.5,84110.5,1.3657139795282047,0.30952380952380953,false,6,100ms,Measured increase; p-values are not adjusted for multiple comparisons.
full screen,explicit,BenchmarkWazeroCompile/coremark,wazero,time,ns/op,2590359,2662578,72219,2.787991934708667,0.17965367965367965,false,6,100ms,Measured increase; p-values are not adjusted for multiple comparisons.
full screen,explicit,BenchmarkWazeroCompile/lz4,wazero,time,ns/op,936597,988865.5,52268.5,5.580681979549373,0.04112554112554113,true,6,100ms,Measured increase; p-values are not adjusted for multiple comparisons.
full screen,explicit,BenchmarkWazeroCompile/isa_simd_i32x4,wazero,time,ns/op,985914,1018950.5,33036.5,3.350850074144396,0.06493506493506493,false,6,100ms,Measured increase; p-values are not adjusted for multiple comparisons.
full screen,explicit,BenchmarkWazeroCompile/raytrace,wazero,time,ns/op,1100259,1132558,32299,2.935581531257636,0.09307359307359307,false,6,100ms,Measured increase; p-values are not adjusted for multiple comparisons.
full screen,explicit,BenchmarkWazeroCompile/qoi,wazero,time,ns/op,822709,847223,24514,2.97966838821504,0.30952380952380953,false,6,100ms,Measured increase; p-values are not adjusted for multiple comparisons.
full screen,explicit,BenchmarkWazeroCompile/isa_ctl,wazero,time,ns/op,433277.5,455241.5,21964,5.06926854036962,0.0021645021645021645,true,6,100ms,Measured increase; p-values are not adjusted for multiple comparisons.
full screen,explicit,BenchmarkWazeroCompile/blake-as-simd,wazero,time,ns/op,2345494.5,2363537.5,18043,0.7692620895082047,0.30952380952380953,false,6,100ms,Measured increase; p-values are not adjusted for multiple comparisons.
full screen,signals,BenchmarkWazeroCompile/raytrace,wazero,time,ns/op,1109643.5,1126925.5,17282,1.557437140847484,0.48484848484848486,false,6,100ms,Measured increase; p-values are not adjusted for multiple comparisons.
full screen,explicit,BenchmarkWazeroCompile/blake-as,wazero,time,ns/op,776485.5,792276.5,15791,2.0336503386090277,0.06493506493506493,false,6,100ms,Measured increase; p-values are not adjusted for multiple comparisons.
full screen,explicit,BenchmarkWazeroCompile/spectralnorm,wazero,time,ns/op,365828.5,381049,15220.5,4.1605561075749975,0.09307359307359307,false,6,100ms,Measured increase; p-values are not adjusted for multiple comparisons.
full screen,explicit,BenchmarkWazeroCompile/utf-as-simd,wazero,time,ns/op,1977087.5,1991498,14410.5,0.7288751762377643,0.30952380952380953,false,6,100ms,Measured increase; p-values are not adjusted for multiple comparisons.
full screen,signals,BenchmarkWazeroCompile/blake-as-simd,wazero,time,ns/op,2362921.5,2376319.5,13398,0.5670099493360281,0.3939393939393939,false,6,100ms,Measured increase; p-values are not adjusted for multiple comparisons.
full screen,explicit,BenchmarkWazeroCompile/json-as,wazero,time,ns/op,5435061.5,5448211,13149.5,0.24193838468984374,0.3939393939393939,false,6,100ms,Measured increase; p-values are not adjusted for multiple comparisons.
full screen,explicit,BenchmarkWazeroCompile/utf-as,wazero,time,ns/op,658355,670545.5,12190.5,1.8516605782594509,0.0021645021645021645,true,6,100ms,Measured increase; p-values are not adjusted for multiple comparisons.
full screen,signals,BenchmarkWazeroCompile/isa_i32,wazero,time,ns/op,632244.5,644128.5,11884,1.8796525711176626,0.5887445887445888,false,6,100ms,Measured increase; p-values are not adjusted for multiple comparisons.
full screen,explicit,BenchmarkWazeroCompile/isa_simd_i8x16,wazero,time,ns/op,757020.5,768180.5,11160,1.474200500514855,0.010822510822510822,true,6,100ms,Measured increase; p-values are not adjusted for multiple comparisons.
full screen,explicit,BenchmarkWazeroCompile/isa_simd_i16x8,wazero,time,ns/op,948107.5,958639.5,10532,1.1108444981186238,0.30952380952380953,false,6,100ms,Measured increase; p-values are not adjusted for multiple comparisons.
full screen,signals,BenchmarkWazeroExec/fib_rec.fib,wazero,time,ns/op,2025388.5,2035654.5,10266,0.5068657198359805,0.5887445887445888,false,6,100ms,Measured increase; p-values are not adjusted for multiple comparisons.
full screen,explicit,BenchmarkWazeroCompile/quicksort,wazero,time,ns/op,295590.5,305236.5,9646,3.2632983806989646,0.004329004329004329,true,6,100ms,Measured increase; p-values are not adjusted for multiple comparisons.
full screen,explicit,BenchmarkWazeroCompile/fannkuch,wazero,time,ns/op,609293,617219,7926,1.3008519710549837,0.30952380952380953,false,6,100ms,Measured increase; p-values are not adjusted for multiple comparisons.
full screen,explicit,BenchmarkWazeroCompile/isa_simd_f64x2,wazero,time,ns/op,550394.5,558217.5,7823,1.4213441449723696,0.04112554112554113,true,6,100ms,Measured increase; p-values are not adjusted for multiple comparisons.
full screen,signals,BenchmarkWazeroCompile/isa_i64,wazero,time,ns/op,618203,624296.5,6093.5,0.9856794612772779,0.24025974025974026,false,6,100ms,Measured increase; p-values are not adjusted for multiple comparisons.
full screen,signals,BenchmarkWazeroCompile/qoi,wazero,time,ns/op,820375.5,826073.5,5698,0.6945599911260203,0.3939393939393939,false,6,100ms,Measured increase; p-values are not adjusted for multiple comparisons.
full screen,signals,BenchmarkWazeroCompile/sha256,wazero,time,ns/op,391303,396587,5284,1.350360206796264,0.30952380952380953,false,6,100ms,Measured increase; p-values are not adjusted for multiple comparisons.
full screen,explicit,BenchmarkWazeroCompile/isa_f32,wazero,time,ns/op,392320.5,397384,5063.5,1.2906539423761965,0.3939393939393939,false,6,100ms,Measured increase; p-values are not adjusted for multiple comparisons.
full screen,explicit,BenchmarkWazeroCompile/isa_i64,wazero,time,ns/op,623529,628465,4936,0.7916231642794536,0.6991341991341992,false,6,100ms,Measured increase; p-values are not adjusted for multiple comparisons.
full screen,signals,BenchmarkWazeroCompile/isa_call,wazero,time,ns/op,187739.5,192296,4556.5,2.427033202922124,0.09307359307359307,false,6,100ms,Measured increase; p-values are not adjusted for multiple comparisons.
full screen,signals,BenchmarkWazeroCompile/nbody,wazero,time,ns/op,357702.5,362152,4449.5,1.243910791789271,0.5887445887445888,false,6,100ms,Measured increase; p-values are not adjusted for multiple comparisons.
full screen,signals,BenchmarkWazeroCompile/many_funcs,wazero,time,ns/op,1021151.5,1025545,4393.5,0.43024957609130166,0.8181818181818182,false,6,100ms,Measured increase; p-values are not adjusted for multiple comparisons.
full screen,signals,BenchmarkWazeroInstantiate/lz4,wazero,time,ns/op,85569.5,89694,4124.5,4.820058548898842,0.3939393939393939,false,6,100ms,Measured increase; p-values are not adjusted for multiple comparisons.
full screen,explicit,BenchmarkWazeroCompile/swar-pack-parse,wazero,time,ns/op,82630,86547,3917,4.740409052402272,0.04112554112554113,true,6,100ms,Measured increase; p-values are not adjusted for multiple comparisons.
full screen,signals,BenchmarkWazeroInstantiate/zstd,wazero,time,ns/op,89391.5,92821.5,3430,3.8370538585883462,0.8181818181818182,false,6,100ms,Measured increase; p-values are not adjusted for multiple comparisons.
full screen,signals,BenchmarkWazeroExec/utf-as-simd.validateN,wazero,time,ns/op,179267,182602,3335,1.8603535508487257,0.3939393939393939,false,6,100ms,Measured increase; p-values are not adjusted for multiple comparisons.
full screen,explicit,BenchmarkWazeroCompile/matmul,wazero,time,ns/op,316911.5,320123.5,3212,1.0135321690756038,0.025974025974025976,true,6,100ms,Measured increase; p-values are not adjusted for multiple comparisons.
full screen,signals,BenchmarkWazeroInstantiate/qoi,wazero,time,ns/op,83542,86700.5,3158.5,3.7807330444566745,0.04112554112554113,true,6,100ms,Measured increase; p-values are not adjusted for multiple comparisons.
full screen,explicit,BenchmarkWazeroInstantiate/sha256,wazero,time,ns/op,48363.5,51404.5,3041,6.287799683645723,0.04112554112554113,true,6,100ms,Measured increase; p-values are not adjusted for multiple comparisons.
full screen,explicit,BenchmarkWazeroExec/spectralnorm.run,wazero,time,ns/op,902561.5,905442.5,2881,0.3192026249734692,0.17965367965367965,false,6,100ms,Measured increase; p-values are not adjusted for multiple comparisons.
full screen,explicit,BenchmarkWazeroInstantiate/crc32,wazero,time,ns/op,49113.5,51897.5,2784,5.668502550215315,0.09307359307359307,false,6,100ms,Measured increase; p-values are not adjusted for multiple comparisons.
full screen,explicit,BenchmarkWazeroExec/blake-as-simd.hashN,wazero,time,ns/op,502725,505503,2778,0.5525883932567588,0.3939393939393939,false,6,100ms,Measured increase; p-values are not adjusted for multiple comparisons.
full screen,explicit,BenchmarkWazeroCompile/xjb-mulhi,wazero,time,ns/op,77577.5,80344,2766.5,3.566111308046782,0.30952380952380953,false,6,100ms,Measured increase; p-values are not adjusted for multiple comparisons.
full screen,signals,BenchmarkWazeroInstantiate/sha256,wazero,time,ns/op,49728,52367,2639,5.306869369369371,0.008658008658008658,true,6,100ms,Measured increase; p-values are not adjusted for multiple comparisons.
full screen,explicit,BenchmarkWazeroCompile/memory_tree,wazero,time,ns/op,85462,88077,2615,3.0598394608129853,0.025974025974025976,true,6,100ms,Measured increase; p-values are not adjusted for multiple comparisons.
full screen,signals,BenchmarkWazeroExec/nbody.step,wazero,time,ns/op,333962.5,336536,2573.5,0.7705955009918775,0.30952380952380953,false,6,100ms,Measured increase; p-values are not adjusted for multiple comparisons.
full screen,explicit,BenchmarkWazeroExec/utf-as.convertN,wazero,time,ns/op,193172,195615.5,2443.5,1.2649348766901936,0.3939393939393939,false,6,100ms,Measured increase; p-values are not adjusted for multiple comparisons.
full screen,signals,BenchmarkWazeroInstantiate/raytrace,wazero,time,ns/op,48518,50807.5,2289.5,4.718867224535228,0.13203463203463203,false,6,100ms,Measured increase; p-values are not adjusted for multiple comparisons.
full screen,explicit,BenchmarkWazeroInstantiate/quicksort,wazero,time,ns/op,47639.5,49917.5,2278,4.781746239989926,0.5887445887445888,false,6,100ms,Measured increase; p-values are not adjusted for multiple comparisons.
full screen,explicit,BenchmarkWazeroCompile/isa_simd_v128,wazero,time,ns/op,184241,186486.5,2245.5,1.2187840925744098,0.04112554112554113,true,6,100ms,Measured increase; p-values are not adjusted for multiple comparisons.
full screen,signals,BenchmarkWazeroCompile/dispatch,wazero,time,ns/op,70323.5,72530,2206.5,3.1376424666007763,0.6991341991341992,false,6,100ms,Measured increase; p-values are not adjusted for multiple comparisons.
full screen,signals,BenchmarkWazeroCompile/memory_tree,wazero,time,ns/op,85804.5,87945.5,2141,2.4952071278312893,0.9372294372294372,false,6,100ms,Measured increase; p-values are not adjusted for multiple comparisons.
full screen,explicit,BenchmarkWazeroCompile/isa_simd_i64x2,wazero,time,ns/op,717283,719131,1848,0.2576388956660125,0.3939393939393939,false,6,100ms,Measured increase; p-values are not adjusted for multiple comparisons.
full screen,explicit,BenchmarkWazeroExec/isa_i64.div_s,wazero,time,ns/op,163282,165092,1810,1.1085116546833085,0.8181818181818182,false,6,100ms,Measured increase; p-values are not adjusted for multiple comparisons.
full screen,explicit,BenchmarkWazeroInstantiate/nbody,wazero,time,ns/op,47519,49296.5,1777.5,3.7406090195500674,0.30952380952380953,false,6,100ms,Measured increase; p-values are not adjusted for multiple comparisons.
full screen,explicit,BenchmarkWazeroInstantiate/isa_mem,wazero,time,ns/op,47813.5,49474.5,1661,3.4739142710740634,0.30952380952380953,false,6,100ms,Measured increase; p-values are not adjusted for multiple comparisons.
full screen,explicit,BenchmarkCompile_wazero,wazero,time,ns/op,69873.5,71464.5,1591,2.276971956464191,0.06493506493506493,false,6,100ms,Measured increase; p-values are not adjusted for multiple comparisons.
full screen,explicit,BenchmarkWazeroExec/isa_f64.div,wazero,time,ns/op,169209.5,170721,1511.5,0.8932713588776009,0.8181818181818182,false,6,100ms,Measured increase; p-values are not adjusted for multiple comparisons.
full screen,explicit,BenchmarkWazeroCompile/linked_list,wazero,time,ns/op,71879.5,73364.5,1485,2.0659576096105248,0.13203463203463203,false,6,100ms,Measured increase; p-values are not adjusted for multiple comparisons.
full screen,explicit,BenchmarkWazeroCompile/branches,wazero,time,ns/op,49414.5,50883,1468.5,2.971799775369588,0.015151515151515152,true,6,100ms,Measured increase; p-values are not adjusted for multiple comparisons.
full screen,signals,BenchmarkWazeroInstantiate/nbody,wazero,time,ns/op,48005.5,49455.5,1450,3.0204872358375656,0.5887445887445888,false,6,100ms,Measured increase; p-values are not adjusted for multiple comparisons.
full screen,explicit,BenchmarkWazeroExec/utf-as-simd.validateN,wazero,time,ns/op,179480,180900.5,1420.5,0.7914530866949043,0.6991341991341992,false,6,100ms,Measured increase; p-values are not adjusted for multiple comparisons.
full screen,signals,BenchmarkWazeroInstantiate/quicksort,wazero,time,ns/op,48038.5,49366.5,1328,2.7644493479188625,0.5887445887445888,false,6,100ms,Measured increase; p-values are not adjusted for multiple comparisons.
full screen,explicit,BenchmarkWazeroInstantiate/raytrace,wazero,time,ns/op,47713,49016,1303,2.7309119107999935,0.3939393939393939,false,6,100ms,Measured increase; p-values are not adjusted for multiple comparisons.
full screen,signals,BenchmarkWazeroCompile/spectralnorm,wazero,time,ns/op,362927,364183,1256,0.34607510601305513,0.5887445887445888,false,6,100ms,Measured increase; p-values are not adjusted for multiple comparisons.
full screen,signals,BenchmarkWazeroExec/blake-as-simd.hashN,wazero,time,ns/op,491474.5,492653.5,1179,0.2398903707109934,0.13203463203463203,false,6,100ms,Measured increase; p-values are not adjusted for multiple comparisons.
full screen,signals,BenchmarkWazeroExec/isa_f32.sqrt,wazero,time,ns/op,124963.5,125986,1022.5,0.8182389257663347,0.48484848484848486,false,6,100ms,Measured increase; p-values are not adjusted for multiple comparisons.
full screen,signals,BenchmarkWazeroCompile/xjb-mulhi,wazero,time,ns/op,78132.5,79119.5,987,1.2632387290820057,0.30952380952380953,false,6,100ms,Measured increase; p-values are not adjusted for multiple comparisons.
full screen,explicit,BenchmarkWazeroCompile/fib_rec,wazero,time,ns/op,50563,51516.5,953.5,1.8857662717797652,0.3939393939393939,false,6,100ms,Measured increase; p-values are not adjusted for multiple comparisons.
full screen,explicit,BenchmarkWazeroExec/isa_f64.mul,wazero,time,ns/op,39006.5,39951,944.5,2.421391306577103,0.24025974025974026,false,6,100ms,Measured increase; p-values are not adjusted for multiple comparisons.
full screen,signals,BenchmarkWazeroExec/isa_f32.div,wazero,time,ns/op,142499.5,143396.5,897,0.6294758928978794,0.17965367965367965,false,6,100ms,Measured increase; p-values are not adjusted for multiple comparisons.
full screen,explicit,BenchmarkWazeroExec/isa_f64.sub,wazero,time,ns/op,38869.5,39752,882.5,2.2704176796717324,0.3939393939393939,false,6,100ms,Measured increase; p-values are not adjusted for multiple comparisons.
full screen,explicit,BenchmarkWazeroExec/json-as-simd.deserializeN,wazero,time,ns/op,74982.5,75844,861.5,1.148934751441999,0.24025974025974026,false,6,100ms,Measured increase; p-values are not adjusted for multiple comparisons.
full screen,signals,BenchmarkWazeroExec/isa_i32.mul,wazero,time,ns/op,39150.5,40002,851.5,2.174940294504535,0.5887445887445888,false,6,100ms,Measured increase; p-values are not adjusted for multiple comparisons.
full screen,explicit,BenchmarkWazeroExec/fannkuch.run,wazero,time,ns/op,1347913,1348749,836,0.062021807045420374,0.48484848484848486,false,6,100ms,Measured increase; p-values are not adjusted for multiple comparisons.
full screen,explicit,BenchmarkWazeroCompile/sieve,wazero,time,ns/op,83716,84551,835,0.9974198480577234,0.5887445887445888,false,6,100ms,Measured increase; p-values are not adjusted for multiple comparisons.
full screen,signals,BenchmarkWazeroCompile/matmul,wazero,time,ns/op,315867.5,316695.5,828,0.26213523075340195,0.9372294372294372,false,6,100ms,Measured increase; p-values are not adjusted for multiple comparisons.
full screen,explicit,BenchmarkWazeroExec/isa_cvt.f32_convert_s,wazero,time,ns/op,84252,85067,815,0.9673360869771663,0.30952380952380953,false,6,100ms,Measured increase; p-values are not adjusted for multiple comparisons.
full screen,signals,BenchmarkWazeroExec/quicksort.sortN,wazero,time,ns/op,181286.5,182089.5,803,0.442945282743068,0.3939393939393939,false,6,100ms,Measured increase; p-values are not adjusted for multiple comparisons.
full screen,explicit,BenchmarkWazeroInstantiate/blake3,wazero,time,ns/op,48320.5,49088.5,768,1.589387527033037,0.48484848484848486,false,6,100ms,Measured increase; p-values are not adjusted for multiple comparisons.
full screen,signals,BenchmarkExecFibRec_wazero,wazero,time,ns/op,482787,483476,689,0.14271303908348631,0.9372294372294372,false,6,100ms,Measured increase; p-values are not adjusted for multiple comparisons.
full screen,explicit,BenchmarkWazeroExec/fib_rec.fib,wazero,time,ns/op,2013963,2014632.5,669.5,0.03324291459176898,1,false,6,100ms,Measured increase; p-values are not adjusted for multiple comparisons.
full screen,signals,BenchmarkWazeroCompile/swar-pack-parse,wazero,time,ns/op,82395,83064,669,0.8119424722373925,0.3939393939393939,false,6,100ms,Measured increase; p-values are not adjusted for multiple comparisons.
full screen,explicit,BenchmarkWazeroCompile/isa_mem,wazero,time,ns/op,419755,420364.5,609.5,0.14520374980644402,0.8181818181818182,false,6,100ms,Measured increase; p-values are not adjusted for multiple comparisons.
full screen,explicit,BenchmarkWazeroCompile/isa_var,wazero,time,ns/op,87917.5,88494.5,577,0.656297096709979,0.9372294372294372,false,6,100ms,Measured increase; p-values are not adjusted for multiple comparisons.
full screen,signals,BenchmarkWazeroExec/json-as-simd.serializeN,wazero,time,ns/op,37928.5,38480.5,552,1.4553699724481506,0.3939393939393939,false,6,100ms,Measured increase; p-values are not adjusted for multiple comparisons.
full screen,explicit,BenchmarkWazeroExec/isa_f32.mul,wazero,time,ns/op,38891,39435,544,1.3987812090200835,0.09307359307359307,false,6,100ms,Measured increase; p-values are not adjusted for multiple comparisons.
full screen,signals,BenchmarkWazeroExec/isa_cvt.f64_convert_u,wazero,time,ns/op,85416.5,85922,505.5,0.5918060327922525,0.17965367965367965,false,6,100ms,Measured increase; p-values are not adjusted for multiple comparisons.
full screen,signals,BenchmarkWazeroCompile/fib_iter,wazero,time,ns/op,52548,53051.5,503.5,0.9581715764634291,0.48484848484848486,false,6,100ms,Measured increase; p-values are not adjusted for multiple comparisons.
full screen,explicit,BenchmarkWazeroCompile/isa_bulk_mem,wazero,time,ns/op,228175.5,228674.5,499,0.2186913143610969,0.5887445887445888,false,6,100ms,Measured increase; p-values are not adjusted for multiple comparisons.
full screen,explicit,BenchmarkWazeroCompile/globals,wazero,time,ns/op,63090,63569,479,0.7592328419717909,1,false,6,100ms,Measured increase; p-values are not adjusted for multiple comparisons.
full screen,explicit,BenchmarkWazeroExec/isa_f32.add,wazero,time,ns/op,38864.5,39323.5,459,1.181026386548134,0.24025974025974026,false,6,100ms,Measured increase; p-values are not adjusted for multiple comparisons.
full screen,explicit,BenchmarkWazeroExec/isa_call.call_indirect,wazero,time,ns/op,70955.5,71387.5,432,0.6088322962983783,0.5887445887445888,false,6,100ms,Measured increase; p-values are not adjusted for multiple comparisons.
full screen,signals,BenchmarkWazeroExec/isa_mem.load_i32_stride,wazero,time,ns/op,10965.5,11366,400.5,3.6523642332771056,0.5887445887445888,false,6,100ms,Measured increase; p-values are not adjusted for multiple comparisons.
full screen,explicit,BenchmarkWazeroInstantiate/lz4,wazero,time,ns/op,86030,86385,355,0.4126467511333276,1,false,6,100ms,Measured increase; p-values are not adjusted for multiple comparisons.
full screen,signals,BenchmarkWazeroExec/isa_i64.div_s,wazero,time,ns/op,162530.5,162873.5,343,0.21103731299663142,0.6147186147186147,false,6,100ms,Measured increase; p-values are not adjusted for multiple comparisons.
full screen,signals,BenchmarkWazeroExec/isa_f32.neg,wazero,time,ns/op,39135.5,39455,319.5,0.8163943222905035,0.3939393939393939,false,6,100ms,Measured increase; p-values are not adjusted for multiple comparisons.
full screen,signals,BenchmarkWazeroInstantiate/json-as-simd,wazero,time,ns/op,14455,14754,299,2.0684884123140845,0.24025974025974026,false,6,100ms,Measured increase; p-values are not adjusted for multiple comparisons.
full screen,signals,BenchmarkWazeroExec/isa_mem.store_i32_stride,wazero,time,ns/op,9494.5,9784,289.5,3.0491337089894044,0.3939393939393939,false,6,100ms,Measured increase; p-values are not adjusted for multiple comparisons.
full screen,explicit,BenchmarkWazeroExec/isa_simd_i64x2.extmul_high_s,wazero,time,ns/op,18292,18577.5,285.5,1.5607916028865132,0.9372294372294372,false,6,100ms,Measured increase; p-values are not adjusted for multiple comparisons.
full screen,explicit,BenchmarkWazeroExec/isa_simd_i32x4.trunc_sat_f32x4_u,wazero,time,ns/op,9939,10220,281,2.8272462018311684,0.17965367965367965,false,6,100ms,Measured increase; p-values are not adjusted for multiple comparisons.
full screen,explicit,BenchmarkWazeroExec/isa_cvt.reinterpret_f64,wazero,time,ns/op,58337,58616.5,279.5,0.47911274148482175,0.24025974025974026,false,6,100ms,Measured increase; p-values are not adjusted for multiple comparisons.
full screen,explicit,BenchmarkWazeroInstantiate/isa_bulk_mem,wazero,time,ns/op,14872.5,15151.5,279,1.875945537065049,0.3939393939393939,false,6,100ms,Measured increase; p-values are not adjusted for multiple comparisons.
full screen,explicit,BenchmarkWazeroExec/isa_i32.add,wazero,time,ns/op,13017.5,13293.5,276,2.1202227770309223,0.30952380952380953,false,6,100ms,Measured increase; p-values are not adjusted for multiple comparisons.
full screen,explicit,BenchmarkWazeroInstantiate/isa_i32,wazero,time,ns/op,7689,7964,275,3.576537911301858,0.015151515151515152,true,6,100ms,Measured increase; p-values are not adjusted for multiple comparisons.
full screen,signals,BenchmarkWazeroExec/isa_cvt.f64_convert_s,wazero,time,ns/op,84528,84800,272,0.32178686352450914,0.3939393939393939,false,6,100ms,Measured increase; p-values are not adjusted for multiple comparisons.
full screen,signals,BenchmarkWazeroCompile/blake-as,wazero,time,ns/op,785151.5,785421.5,270,0.034388267741958245,1,false,6,100ms,Measured increase; p-values are not adjusted for multiple comparisons.
full screen,signals,BenchmarkWazeroInstantiate/isa_simd_i8x16,wazero,time,ns/op,7748,7989,241,3.1104801239029367,0.13203463203463203,false,6,100ms,Measured increase; p-values are not adjusted for multiple comparisons.
full screen,signals,BenchmarkWazeroExec/isa_simd_f64x2.div,wazero,time,ns/op,21042.5,21282,239.5,1.1381727456338364,0.06493506493506493,false,6,100ms,Measured increase; p-values are not adjusted for multiple comparisons.
full screen,signals,BenchmarkWazeroCompile/tiny,wazero,time,ns/op,52584.5,52811.5,227,0.43168614325515,0.6991341991341992,false,6,100ms,Measured increase; p-values are not adjusted for multiple comparisons.
full screen,explicit,BenchmarkWazeroInstantiate/xjb-mulhi,wazero,time,ns/op,7697.5,7919,221.5,2.8775576485872145,0.17965367965367965,false,6,100ms,Measured increase; p-values are not adjusted for multiple comparisons.
full screen,signals,BenchmarkWazeroExec/json-as.serializeN,wazero,time,ns/op,29733,29949.5,216.5,0.7281471765378633,0.8181818181818182,false,6,100ms,Measured increase; p-values are not adjusted for multiple comparisons.
full screen,explicit,BenchmarkWazeroExec/isa_call.call_direct,wazero,time,ns/op,43368,43581,213,0.4911455451023894,0.24025974025974026,false,6,100ms,Measured increase; p-values are not adjusted for multiple comparisons.
full screen,explicit,BenchmarkWazeroInstantiate/json-as-simd,wazero,time,ns/op,14285.5,14488,202.5,1.4175212628189326,0.3939393939393939,false,6,100ms,Measured increase; p-values are not adjusted for multiple comparisons.
full screen,explicit,BenchmarkWazeroCompile/arith,wazero,time,ns/op,52671.5,52870.5,199,0.37781342851446187,1,false,6,100ms,Measured increase; p-values are not adjusted for multiple comparisons.
full screen,signals,BenchmarkWazeroExec/isa_f64.abs,wazero,time,ns/op,39234.5,39432,197.5,0.5033835017650201,0.24025974025974026,false,6,100ms,Measured increase; p-values are not adjusted for multiple comparisons.
full screen,signals,BenchmarkCompile_wazero,wazero,time,ns/op,71402,71589.5,187.5,0.26259768633931646,0.6991341991341992,false,6,100ms,Measured increase; p-values are not adjusted for multiple comparisons.
full screen,signals,BenchmarkWazeroExec/isa_i32.rotl,wazero,time,ns/op,27188,27371.5,183.5,0.6749301162277455,0.8181818181818182,false,6,100ms,Measured increase; p-values are not adjusted for multiple comparisons.
full screen,signals,BenchmarkWazeroExec/isa_i64.add,wazero,time,ns/op,13020,13193.5,173.5,1.3325652841781777,0.17965367965367965,false,6,100ms,Measured increase; p-values are not adjusted for multiple comparisons.
full screen,explicit,BenchmarkWazeroExec/isa_i32.rotl,wazero,time,ns/op,27160,27333,173,0.636966126656846,0.48484848484848486,false,6,100ms,Measured increase; p-values are not adjusted for multiple comparisons.
full screen,explicit,BenchmarkWazeroExec/isa_f64.neg,wazero,time,ns/op,39214.5,39387,172.5,0.4398883066212722,0.5887445887445888,false,6,100ms,Measured increase; p-values are not adjusted for multiple comparisons.
full screen,explicit,BenchmarkWazeroInstantiate/zlib,wazero,time,ns/op,92202.5,92374,171.5,0.1860036333071191,0.8181818181818182,false,6,100ms,Measured increase; p-values are not adjusted for multiple comparisons.
full screen,signals,BenchmarkWazeroInstantiate/isa_i64,wazero,time,ns/op,7774,7940,166,2.1353228711088246,0.09307359307359307,false,6,100ms,Measured increase; p-values are not adjusted for multiple comparisons.
full screen,explicit,BenchmarkWazeroInstantiate/utf-as,wazero,time,ns/op,15532,15698,166,1.0687612670615465,0.30952380952380953,false,6,100ms,Measured increase; p-values are not adjusted for multiple comparisons.
full screen,signals,BenchmarkWazeroInstantiate/coremark,wazero,time,ns/op,14717.5,14882.5,165,1.121114319687444,0.3939393939393939,false,6,100ms,Measured increase; p-values are not adjusted for multiple comparisons.
full screen,explicit,BenchmarkWazeroInstantiate/float,wazero,time,ns/op,7440.5,7605.5,165,2.2175929037027142,0.025974025974025976,true,6,100ms,Measured increase; p-values are not adjusted for multiple comparisons.
full screen,explicit,BenchmarkWazeroExec/isa_simd_f64x2.sqrt,wazero,time,ns/op,16279.5,16440.5,161,0.9889738628336309,0.3939393939393939,false,6,100ms,Measured increase; p-values are not adjusted for multiple comparisons.
full screen,signals,BenchmarkWazeroInstantiate/isa_ctl,wazero,time,ns/op,7718.5,7877,158.5,2.05350780592084,0.30952380952380953,false,6,100ms,Measured increase; p-values are not adjusted for multiple comparisons.
full screen,signals,BenchmarkWazeroExec/isa_i32.and,wazero,time,ns/op,13006,13161,155,1.1917576503152283,0.30952380952380953,false,6,100ms,Measured increase; p-values are not adjusted for multiple comparisons.
full screen,explicit,BenchmarkWazeroExec/isa_i32.rotr,wazero,time,ns/op,27135.5,27290.5,155,0.5712074588638538,0.06493506493506493,false,6,100ms,Measured increase; p-values are not adjusted for multiple comparisons.
full screen,signals,BenchmarkWazeroExec/isa_f32.mul,wazero,time,ns/op,38912.5,39065,152.5,0.3919049148731091,0.5887445887445888,false,6,100ms,Measured increase; p-values are not adjusted for multiple comparisons.
full screen,signals,BenchmarkWazeroExec/isa_simd_i16x8.extmul_high_s,wazero,time,ns/op,11344,11495.5,151.5,1.3355077574047858,0.45670995670995673,false,6,100ms,Measured increase; p-values are not adjusted for multiple comparisons.
full screen,signals,BenchmarkWazeroExec/json-as-simd.deserializeN,wazero,time,ns/op,74996,75147,151,0.20134407168381774,0.48484848484848486,false,6,100ms,Measured increase; p-values are not adjusted for multiple comparisons.
full screen,signals,BenchmarkWazeroInstantiate/isa_simd_f64x2,wazero,time,ns/op,7807,7957.5,150.5,1.9277571410272865,0.17965367965367965,false,6,100ms,Measured increase; p-values are not adjusted for multiple comparisons.
full screen,explicit,BenchmarkWazeroExec/memory_tree.run,wazero,time,ns/op,20487,20636,149,0.7272904768877764,0.6991341991341992,false,6,100ms,Measured increase; p-values are not adjusted for multiple comparisons.
full screen,explicit,BenchmarkWazeroExec/isa_i32.div_s,wazero,time,ns/op,163025,163166,141,0.08648980217758062,0.6991341991341992,false,6,100ms,Measured increase; p-values are not adjusted for multiple comparisons.
full screen,explicit,BenchmarkWazeroExec/isa_simd_f32x4.min,wazero,time,ns/op,9764.5,9901.5,137,1.4030416303958182,0.30952380952380953,false,6,100ms,Measured increase; p-values are not adjusted for multiple comparisons.
full screen,explicit,BenchmarkWazeroExec/isa_f64.add,wazero,time,ns/op,38885,39021,136,0.34974926064035294,0.5086580086580087,false,6,100ms,Measured increase; p-values are not adjusted for multiple comparisons.
full screen,explicit,BenchmarkWazeroExec/isa_i32.shl,wazero,time,ns/op,27170,27302.5,132.5,0.48767022451232656,0.17965367965367965,false,6,100ms,Measured increase; p-values are not adjusted for multiple comparisons.
full screen,explicit,BenchmarkWazeroExec/raytrace.render,wazero,time,ns/op,336170.5,336302,131.5,0.0391170551848008,0.6991341991341992,false,6,100ms,Measured increase; p-values are not adjusted for multiple comparisons.
full screen,explicit,BenchmarkWazeroExec/isa_simd_f32x4.pmin,wazero,time,ns/op,3712,3842.5,130.5,3.515625,0.3939393939393939,false,6,100ms,Measured increase; p-values are not adjusted for multiple comparisons.
full screen,signals,BenchmarkWazeroInstantiate/arith,wazero,time,ns/op,7482.5,7611.5,129,1.7240227196792413,0.48484848484848486,false,6,100ms,Measured increase; p-values are not adjusted for multiple comparisons.
full screen,explicit,BenchmarkWazeroExec/isa_ctl.select,wazero,time,ns/op,19814.5,19942.5,128,0.645991571828719,0.8181818181818182,false,6,100ms,Measured increase; p-values are not adjusted for multiple comparisons.
full screen,signals,BenchmarkWazeroExec/isa_call.call_indirect,wazero,time,ns/op,71136,71262,126,0.1771255060728727,0.8181818181818182,false,6,100ms,Measured increase; p-values are not adjusted for multiple comparisons.
full screen,explicit,BenchmarkWazeroExec/isa_simd_i64x2.mul,wazero,time,ns/op,11878,11998.5,120.5,1.014480552281527,0.17965367965367965,false,6,100ms,Measured increase; p-values are not adjusted for multiple comparisons.
full screen,signals,BenchmarkWazeroExec/isa_i64.shl,wazero,time,ns/op,13661,13780,119,0.8710928921747962,0.13203463203463203,false,6,100ms,Measured increase; p-values are not adjusted for multiple comparisons.
full screen,explicit,BenchmarkWazeroExec/json-as.serializeN,wazero,time,ns/op,29579.5,29698.5,119,0.40230565087306935,0.17965367965367965,false,6,100ms,Measured increase; p-values are not adjusted for multiple comparisons.
full screen,signals,BenchmarkWazeroExec/isa_simd_i16x8.le_u,wazero,time,ns/op,3725.5,3842.5,117,3.140518051268293,0.8181818181818182,false,6,100ms,Measured increase; p-values are not adjusted for multiple comparisons.
full screen,signals,BenchmarkWazeroExec/isa_ctl.br_table,wazero,time,ns/op,19498,19612.5,114.5,0.5872397168940502,0.30952380952380953,false,6,100ms,Measured increase; p-values are not adjusted for multiple comparisons.
full screen,explicit,BenchmarkWazeroExec/isa_i32.shr_u,wazero,time,ns/op,27194,27308.5,114.5,0.4210487607560598,0.48484848484848486,false,6,100ms,Measured increase; p-values are not adjusted for multiple comparisons.
full screen,explicit,BenchmarkWazeroExec/isa_simd_i16x8.extend_high_u,wazero,time,ns/op,3266,3380.5,114.5,3.50581751377832,0.09307359307359307,false,6,100ms,Measured increase; p-values are not adjusted for multiple comparisons.
full screen,signals,BenchmarkWazeroExec/isa_ctl.if_else,wazero,time,ns/op,9656.5,9769.5,113,1.1701962408740219,0.48484848484848486,false,6,100ms,Measured increase; p-values are not adjusted for multiple comparisons.
full screen,explicit,BenchmarkWazeroInstantiate/isa_simd_i64x2,wazero,time,ns/op,7682,7793.5,111.5,1.4514449362145188,0.329004329004329,false,6,100ms,Measured increase; p-values are not adjusted for multiple comparisons.
full screen,signals,BenchmarkWazeroExec/isa_i32.popcnt,wazero,time,ns/op,13261,13372,111,0.8370409471382345,0.30952380952380953,false,6,100ms,Measured increase; p-values are not adjusted for multiple comparisons.
full screen,explicit,BenchmarkWazeroExec/sha256.hashN,wazero,time,ns/op,50486.5,50597,110.5,0.2188703910946499,0.6991341991341992,false,6,100ms,Measured increase; p-values are not adjusted for multiple comparisons.
full screen,explicit,BenchmarkWazeroInstantiate/memory,wazero,time,ns/op,11571.5,11680.5,109,0.9419694940154599,0.5887445887445888,false,6,100ms,Measured increase; p-values are not adjusted for multiple comparisons.
full screen,signals,BenchmarkWazeroExec/isa_mem.load_i32,wazero,time,ns/op,9459,9567.5,108.5,1.1470557141346926,0.5887445887445888,false,6,100ms,Measured increase; p-values are not adjusted for multiple comparisons.
full screen,signals,BenchmarkWazeroExec/isa_f32.abs,wazero,time,ns/op,39309.5,39417.5,108,0.27474274666430265,0.6991341991341992,false,6,100ms,Measured increase; p-values are not adjusted for multiple comparisons.
full screen,signals,BenchmarkWazeroInstantiate/isa_f32,wazero,time,ns/op,7666.5,7770.5,104,1.3565512293745474,0.7835497835497836,false,6,100ms,Measured increase; p-values are not adjusted for multiple comparisons.
full screen,explicit,BenchmarkWazeroInstantiate/fib_rec,wazero,time,ns/op,7438.5,7540.5,102,1.3712442024601756,0.06493506493506493,false,6,100ms,Measured increase; p-values are not adjusted for multiple comparisons.
full screen,signals,BenchmarkWazeroExec/isa_simd_i32x4.trunc_sat_f32x4_u,wazero,time,ns/op,9988.5,10085.5,97,0.9711167843019508,0.24025974025974026,false,6,100ms,Measured increase; p-values are not adjusted for multiple comparisons.
full screen,explicit,BenchmarkWazeroExec/isa_simd_i64x2.extmul_low_s,wazero,time,ns/op,14875.5,14971.5,96,0.6453564586064386,0.9372294372294372,false,6,100ms,Measured increase; p-values are not adjusted for multiple comparisons.
full screen,explicit,BenchmarkWazeroExec/isa_simd_f32x4.ge,wazero,time,ns/op,3713.5,3809,95.5,2.571697859162514,0.33116883116883117,false,6,100ms,Measured increase; p-values are not adjusted for multiple comparisons.
full screen,signals,BenchmarkWazeroExec/isa_f32.min,wazero,time,ns/op,19270,19364.5,94.5,0.49039958484691226,1,false,6,100ms,Measured increase; p-values are not adjusted for multiple comparisons.
full screen,explicit,BenchmarkWazeroExec/isa_i64.add,wazero,time,ns/op,13021,13115.5,94.5,0.7257507103909155,0.8181818181818182,false,6,100ms,Measured increase; p-values are not adjusted for multiple comparisons.
full screen,explicit,BenchmarkWazeroExec/isa_simd_i16x8.add_sat_s,wazero,time,ns/op,3255,3348.5,93.5,2.872503840245777,0.0670995670995671,false,6,100ms,Measured increase; p-values are not adjusted for multiple comparisons.
full screen,explicit,BenchmarkWazeroExec/zstd.zstd_decompress_run,wazero,time,ns/op,7933.5,8027,93.5,1.178546669187619,0.13203463203463203,false,6,100ms,Measured increase; p-values are not adjusted for multiple comparisons.
full screen,explicit,BenchmarkWazeroExec/isa_simd_i32x4.ge_s,wazero,time,ns/op,3290.5,3382,91.5,2.7807324114876186,0.17965367965367965,false,6,100ms,Measured increase; p-values are not adjusted for multiple comparisons.
full screen,signals,BenchmarkInstantiate_wazero,wazero,time,ns/op,8104,8195,91,1.1229022704837055,0.9372294372294372,false,6,100ms,Measured increase; p-values are not adjusted for multiple comparisons.
full screen,explicit,BenchmarkWazeroExec/isa_i32.shr_s,wazero,time,ns/op,27197.5,27287.5,90,0.33091276771761713,0.6991341991341992,false,6,100ms,Measured increase; p-values are not adjusted for multiple comparisons.
full screen,explicit,BenchmarkWazeroExec/isa_i64.or,wazero,time,ns/op,13015,13103.5,88.5,0.6799846331156267,0.3874458874458874,false,6,100ms,Measured increase; p-values are not adjusted for multiple comparisons.
full screen,explicit,BenchmarkWazeroExec/isa_i32.mul,wazero,time,ns/op,39097.5,39184.5,87,0.22252062152312568,0.8181818181818182,false,6,100ms,Measured increase; p-values are not adjusted for multiple comparisons.
full screen,explicit,BenchmarkWazeroInstantiate/isa_simd_v128,wazero,time,ns/op,7635.5,7722.5,87,1.1394145766485453,0.13203463203463203,false,6,100ms,Measured increase; p-values are not adjusted for multiple comparisons.
full screen,explicit,BenchmarkWazeroExec/isa_simd_i16x8.ne,wazero,time,ns/op,3251.5,3338,86.5,2.660310625864981,0.008658008658008658,true,6,100ms,Measured increase; p-values are not adjusted for multiple comparisons.
full screen,signals,BenchmarkWazeroExec/isa_i32.xor,wazero,time,ns/op,13006.5,13092,85.5,0.6573636258793591,0.24025974025974026,false,6,100ms,Measured increase; p-values are not adjusted for multiple comparisons.
full screen,signals,BenchmarkWazeroExec/isa_simd_i32x4.trunc_sat_f32x4_s,wazero,time,ns/op,7496,7581.5,85.5,1.1406083244396958,0.8181818181818182,false,6,100ms,Measured increase; p-values are not adjusted for multiple comparisons.
full screen,explicit,BenchmarkWazeroInstantiate/many_funcs,wazero,time,ns/op,7561.5,7646,84.5,1.1175031409111913,0.24025974025974026,false,6,100ms,Measured increase; p-values are not adjusted for multiple comparisons.
full screen,signals,BenchmarkWazeroExec/isa_i64.and,wazero,time,ns/op,13002,13086,84,0.6460544531610601,0.13203463203463203,false,6,100ms,Measured increase; p-values are not adjusted for multiple comparisons.
full screen,signals,BenchmarkWazeroExec/isa_simd_f64x2.min,wazero,time,ns/op,9788,9872,84,0.8581937065794909,0.09307359307359307,false,6,100ms,Measured increase; p-values are not adjusted for multiple comparisons.
full screen,signals,BenchmarkWazeroExec/isa_bulk_mem.copy_back_4096,wazero,time,ns/op,9749.5,9832,82.5,0.84619724088415,0.48484848484848486,false,6,100ms,Measured increase; p-values are not adjusted for multiple comparisons.
full screen,explicit,BenchmarkWazeroInstantiate/isa_i64,wazero,time,ns/op,7660,7742.5,82.5,1.0770234986945182,0.6147186147186147,false,6,100ms,Measured increase; p-values are not adjusted for multiple comparisons.
full screen,explicit,BenchmarkWazeroExec/isa_var.local_getset,wazero,time,ns/op,13142,13222.5,80.5,0.6125399482574956,0.9372294372294372,false,6,100ms,Measured increase; p-values are not adjusted for multiple comparisons.
full screen,explicit,BenchmarkWazeroExec/isa_mem.store_i64,wazero,time,ns/op,8300.5,8379.5,79,0.9517498945846636,0.7316017316017316,false,6,100ms,Measured increase; p-values are not adjusted for multiple comparisons.
full screen,explicit,BenchmarkWazeroExec/isa_f32.trunc,wazero,time,ns/op,40663.5,40741.5,78,0.19181821535283472,0.48484848484848486,false,6,100ms,Measured increase; p-values are not adjusted for multiple comparisons.
full screen,explicit,BenchmarkWazeroInstantiate/isa_simd_f32x4,wazero,time,ns/op,7728.5,7803,74.5,0.9639645468072722,0.012987012987012988,true,6,100ms,Measured increase; p-values are not adjusted for multiple comparisons.
full screen,explicit,BenchmarkWazeroExec/isa_f32.sub,wazero,time,ns/op,38954.5,39027.5,73,0.18739811831751663,0.7857142857142857,false,6,100ms,Measured increase; p-values are not adjusted for multiple comparisons.
full screen,explicit,BenchmarkWazeroExec/isa_simd_i16x8.add_sat_u,wazero,time,ns/op,3256.5,3329,72.5,2.226316597574085,0.12121212121212122,false,6,100ms,Measured increase; p-values are not adjusted for multiple comparisons.
full screen,explicit,BenchmarkWazeroInstantiate/sieve,wazero,time,ns/op,28461.5,28534,72.5,0.2547300739595526,0.6991341991341992,false,6,100ms,Measured increase; p-values are not adjusted for multiple comparisons.
full screen,signals,BenchmarkWazeroExec/isa_i64.sub,wazero,time,ns/op,13008.5,13080.5,72,0.553484260291337,0.5887445887445888,false,6,100ms,Measured increase; p-values are not adjusted for multiple comparisons.
full screen,signals,BenchmarkWazeroExec/isa_simd_i16x8.lt_u,wazero,time,ns/op,5345.5,5416,70.5,1.318866336170621,0.22294372294372294,false,6,100ms,Measured increase; p-values are not adjusted for multiple comparisons.
full screen,explicit,BenchmarkWazeroExec/isa_simd_f32x4.div,wazero,time,ns/op,17868,17936,68,0.380568614282506,0.3939393939393939,false,6,100ms,Measured increase; p-values are not adjusted for multiple comparisons.
full screen,explicit,BenchmarkWazeroExec/isa_simd_f64x2.div,wazero,time,ns/op,21075.5,21143.5,68,0.3226495219567749,0.48484848484848486,false,6,100ms,Measured increase; p-values are not adjusted for multiple comparisons.
full screen,explicit,BenchmarkWazeroExec/isa_f32.neg,wazero,time,ns/op,39099.5,39165,65.5,0.16752132380208895,0.30952380952380953,false,6,100ms,Measured increase; p-values are not adjusted for multiple comparisons.
full screen,explicit,BenchmarkWazeroExec/isa_simd_i32x4.max_s,wazero,time,ns/op,1636.5,1700.5,64,3.910785212343426,0.06277056277056277,false,6,100ms,Measured increase; p-values are not adjusted for multiple comparisons.
full screen,explicit,BenchmarkWazeroExec/isa_simd_i8x16.narrow_i16x8_s,wazero,time,ns/op,3262.5,3326.5,64,1.9616858237547996,0.07142857142857142,false,6,100ms,Measured increase; p-values are not adjusted for multiple comparisons.
full screen,explicit,BenchmarkWazeroExec/isa_i64.shr_s,wazero,time,ns/op,13597.5,13660.5,63,0.4633204633204713,0.13203463203463203,false,6,100ms,Measured increase; p-values are not adjusted for multiple comparisons.
full screen,explicit,BenchmarkWazeroExec/isa_simd_i64x2.extend_high_u,wazero,time,ns/op,3264.5,3327.5,63,1.9298514320722937,0.19264069264069264,false,6,100ms,Measured increase; p-values are not adjusted for multiple comparisons.
full screen,explicit,BenchmarkWazeroExec/isa_simd_i16x8.avgr_u,wazero,time,ns/op,3247,3309.5,62.5,1.9248537111179465,0.04112554112554113,true,6,100ms,Measured increase; p-values are not adjusted for multiple comparisons.
full screen,signals,BenchmarkWazeroExec/isa_simd_i8x16.gt_s,wazero,time,ns/op,1635.5,1696.5,61,3.7297462549678917,0.06493506493506493,false,6,100ms,Measured increase; p-values are not adjusted for multiple comparisons.
full screen,explicit,BenchmarkWazeroInstantiate/branches,wazero,time,ns/op,7562,7622.5,60.5,0.8000528960592446,0.3939393939393939,false,6,100ms,Measured increase; p-values are not adjusted for multiple comparisons.
full screen,signals,BenchmarkWazeroExec/isa_f32.add,wazero,time,ns/op,38923.5,38983,59.5,0.15286395108353723,0.9372294372294372,false,6,100ms,Measured increase; p-values are not adjusted for multiple comparisons.
full screen,signals,BenchmarkWazeroExec/isa_i64.clz,wazero,time,ns/op,13243,13301.5,58.5,0.44174280752096173,0.17965367965367965,false,6,100ms,Measured increase; p-values are not adjusted for multiple comparisons.
full screen,explicit,BenchmarkWazeroInstantiate/swar-pack-parse,wazero,time,ns/op,7728.5,7785.5,57,0.7375299217183162,0.30952380952380953,false,6,100ms,Measured increase; p-values are not adjusted for multiple comparisons.
full screen,explicit,BenchmarkWazeroExec/isa_f64.ceil,wazero,time,ns/op,39547,39603.5,56.5,0.14286797987204114,1,false,6,100ms,Measured increase; p-values are not adjusted for multiple comparisons.
full screen,signals,BenchmarkWazeroExec/isa_simd_i32x4.min_u,wazero,time,ns/op,1636,1692.5,56.5,3.453545232273836,0.17965367965367965,false,6,100ms,Measured increase; p-values are not adjusted for multiple comparisons.
full screen,explicit,BenchmarkWazeroInstantiate/fib_iter,wazero,time,ns/op,7447.5,7503.5,56,0.7519301779120413,0.6991341991341992,false,6,100ms,Measured increase; p-values are not adjusted for multiple comparisons.
full screen,signals,BenchmarkWazeroExec/isa_var.local_getset,wazero,time,ns/op,13077.5,13132.5,55,0.42056968074937195,0.3939393939393939,false,6,100ms,Measured increase; p-values are not adjusted for multiple comparisons.
full screen,explicit,BenchmarkWazeroExec/isa_simd_i32x4.shl,wazero,time,ns/op,2173.5,2228,54.5,2.507476420519894,0.11471861471861472,false,6,100ms,Measured increase; p-values are not adjusted for multiple comparisons.
full screen,signals,BenchmarkWazeroExec/isa_f64.min,wazero,time,ns/op,19230.5,19284.5,54,0.280803931255047,0.6991341991341992,false,6,100ms,Measured increase; p-values are not adjusted for multiple comparisons.
full screen,explicit,BenchmarkWazeroExec/isa_mem.load_f64,wazero,time,ns/op,10085,10138.5,53.5,0.5304908279623266,0.48484848484848486,false,6,100ms,Measured increase; p-values are not adjusted for multiple comparisons.
full screen,signals,BenchmarkWazeroInstantiate/branches,wazero,time,ns/op,7667.5,7720.5,53,0.6912292142158494,0.3939393939393939,false,6,100ms,Measured increase; p-values are not adjusted for multiple comparisons.
full screen,signals,BenchmarkWazeroInstantiate/dispatch,wazero,time,ns/op,7794,7846.5,52.5,0.6735950731331819,0.5887445887445888,false,6,100ms,Measured increase; p-values are not adjusted for multiple comparisons.
full screen,explicit,BenchmarkWazeroExec/isa_simd_f64x2.gt,wazero,time,ns/op,3727,3779,52,1.3952240407834715,0.14285714285714285,false,6,100ms,Measured increase; p-values are not adjusted for multiple comparisons.
full screen,explicit,BenchmarkWazeroExec/isa_f32.abs,wazero,time,ns/op,39069.5,39121,51.5,0.13181637850496752,0.8181818181818182,false,6,100ms,Measured increase; p-values are not adjusted for multiple comparisons.
full screen,signals,BenchmarkWazeroInstantiate/many_funcs,wazero,time,ns/op,7560,7610.5,50.5,0.667989417989423,0.3939393939393939,false,6,100ms,Measured increase; p-values are not adjusted for multiple comparisons.
full screen,signals,BenchmarkWazeroExec/isa_i32.ctz,wazero,time,ns/op,13214,13264,50,0.3783865597094094,0.48484848484848486,false,6,100ms,Measured increase; p-values are not adjusted for multiple comparisons.
full screen,explicit,BenchmarkWazeroExec/isa_i64.xor,wazero,time,ns/op,13010,13060,50,0.3843197540353671,0.8181818181818182,false,6,100ms,Measured increase; p-values are not adjusted for multiple comparisons.
full screen,signals,BenchmarkWazeroExec/isa_simd_f32x4.max,wazero,time,ns/op,14609.5,14659.5,50,0.3422430610219296,0.17965367965367965,false,6,100ms,Measured increase; p-values are not adjusted for multiple comparisons.
full screen,signals,BenchmarkWazeroExec/isa_i32.rem_s,wazero,time,ns/op,168088.5,168138,49.5,0.029448772521623034,0.3939393939393939,false,6,100ms,Measured increase; p-values are not adjusted for multiple comparisons.
full screen,signals,BenchmarkWazeroExec/isa_simd_i16x8.extmul_low_s,wazero,time,ns/op,8115.5,8165,49.5,0.6099439344464219,0.24025974025974026,false,6,100ms,Measured increase; p-values are not adjusted for multiple comparisons.
full screen,explicit,BenchmarkWazeroExec/isa_simd_i64x2.ge_s,wazero,time,ns/op,5397.5,5447,49.5,0.917091245947188,0.30952380952380953,false,6,100ms,Measured increase; p-values are not adjusted for multiple comparisons.
full screen,explicit,BenchmarkWazeroExec/isa_simd_i32x4.eq,wazero,time,ns/op,1643,1690.5,47.5,2.891052951917228,0.30952380952380953,false,6,100ms,Measured increase; p-values are not adjusted for multiple comparisons.
full screen,explicit,BenchmarkWazeroExec/isa_simd_i32x4.extmul_high_u,wazero,time,ns/op,11465.5,11513,47.5,0.4142863372726957,1,false,6,100ms,Measured increase; p-values are not adjusted for multiple comparisons.
full screen,signals,BenchmarkWazeroExec/isa_simd_f64x2.pmax,wazero,time,ns/op,3745,3792,47,1.255006675567416,0.7316017316017316,false,6,100ms,Measured increase; p-values are not adjusted for multiple comparisons.
full screen,signals,BenchmarkWazeroExec/isa_simd_i16x8.ge_s,wazero,time,ns/op,3256,3302.5,46.5,1.4281326781326875,0.41774891774891776,false,6,100ms,Measured increase; p-values are not adjusted for multiple comparisons.
full screen,signals,BenchmarkWazeroExec/isa_i64.ctz,wazero,time,ns/op,13209.5,13255,45.5,0.3444490707445347,0.512987012987013,false,6,100ms,Measured increase; p-values are not adjusted for multiple comparisons.
full screen,explicit,BenchmarkWazeroExec/isa_simd_f64x2.min,wazero,time,ns/op,9773,9818.5,45.5,0.46556840274225575,0.3939393939393939,false,6,100ms,Measured increase; p-values are not adjusted for multiple comparisons.
full screen,signals,BenchmarkWazeroExec/isa_i64.rem_u,wazero,time,ns/op,157951,157995.5,44.5,0.028173294249489444,0.8181818181818182,false,6,100ms,Measured increase; p-values are not adjusted for multiple comparisons.
full screen,explicit,BenchmarkWazeroExec/isa_i32.clz,wazero,time,ns/op,13252,13296,44,0.3320253546634566,0.6991341991341992,false,6,100ms,Measured increase; p-values are not adjusted for multiple comparisons.
full screen,explicit,BenchmarkWazeroExec/isa_simd_f32x4.nearest,wazero,time,ns/op,2450.5,2494,43.5,1.775147928994092,0.6991341991341992,false,6,100ms,Measured increase; p-values are not adjusted for multiple comparisons.
full screen,explicit,BenchmarkWazeroExec/isa_simd_i8x16.max_s,wazero,time,ns/op,1632,1675.5,43.5,2.6654411764705843,0.12121212121212122,false,6,100ms,Measured increase; p-values are not adjusted for multiple comparisons.
full screen,signals,BenchmarkWazeroExec/isa_simd_i16x8.mul,wazero,time,ns/op,4930.5,4973.5,43,0.8721225027887636,0.30952380952380953,false,6,100ms,Measured increase; p-values are not adjusted for multiple comparisons.
full screen,explicit,BenchmarkWazeroExec/isa_simd_i8x16.popcnt,wazero,time,ns/op,4677,4720,43,0.919392773145189,0.5887445887445888,false,6,100ms,Measured increase; p-values are not adjusted for multiple comparisons.
full screen,explicit,BenchmarkExecFibRec_wazero,wazero,time,ns/op,483138.5,483180.5,42,0.008693159414940865,0.9372294372294372,false,6,100ms,Measured increase; p-values are not adjusted for multiple comparisons.
full screen,explicit,BenchmarkWazeroExec/isa_ctl.br_if,wazero,time,ns/op,13259,13301,42,0.3167659702843384,0.07142857142857142,false,6,100ms,Measured increase; p-values are not adjusted for multiple comparisons.
full screen,explicit,BenchmarkWazeroExec/zlib.zlib_inflate_run,wazero,time,ns/op,16613.5,16655.5,42,0.25280645258374257,1,false,6,100ms,Measured increase; p-values are not adjusted for multiple comparisons.
full screen,explicit,BenchmarkWazeroExec/isa_simd_i16x8.mul,wazero,time,ns/op,4885.5,4926.5,41,0.8392180943608718,0.3939393939393939,false,6,100ms,Measured increase; p-values are not adjusted for multiple comparisons.
full screen,signals,BenchmarkWazeroExec/isa_simd_i8x16.max_s,wazero,time,ns/op,1642,1682.5,40.5,2.466504263093783,0.461038961038961,false,6,100ms,Measured increase; p-values are not adjusted for multiple comparisons.
full screen,explicit,BenchmarkWazeroInstantiate/isa_f32,wazero,time,ns/op,7687.5,7728,40.5,0.5268292682926834,0.461038961038961,false,6,100ms,Measured increase; p-values are not adjusted for multiple comparisons.
full screen,explicit,BenchmarkWazeroExec/isa_simd_i32x4.le_s,wazero,time,ns/op,3713,3753,40,1.0772959870724463,0.02813852813852814,true,6,100ms,Measured increase; p-values are not adjusted for multiple comparisons.
full screen,explicit,BenchmarkWazeroExec/isa_simd_i32x4.trunc_sat_f64x2_s_zero,wazero,time,ns/op,6524.5,6563.5,39,0.5977469537895574,0.3939393939393939,false,6,100ms,Measured increase; p-values are not adjusted for multiple comparisons.
full screen,explicit,BenchmarkWazeroExec/isa_bulk_mem.copy_back_4096,wazero,time,ns/op,9717.5,9756,38.5,0.3961924363262259,0.30952380952380953,false,6,100ms,Measured increase; p-values are not adjusted for multiple comparisons.
full screen,signals,BenchmarkWazeroInstantiate/swar-pack-parse,wazero,time,ns/op,7772.5,7810,37.5,0.48247024766805424,0.8181818181818182,false,6,100ms,Measured increase; p-values are not adjusted for multiple comparisons.
full screen,signals,BenchmarkWazeroExec/isa_i32.or,wazero,time,ns/op,13152,13188.5,36.5,0.2775243309002473,0.6991341991341992,false,6,100ms,Measured increase; p-values are not adjusted for multiple comparisons.
full screen,signals,BenchmarkWazeroExec/isa_simd_i32x4.ne,wazero,time,ns/op,3262.5,3299,36.5,1.118773946360152,0.5627705627705628,false,6,100ms,Measured increase; p-values are not adjusted for multiple comparisons.
full screen,explicit,BenchmarkWazeroExec/isa_simd_i16x8.extadd_pairwise_s,wazero,time,ns/op,2994.5,3030.5,36,1.2022040407413614,0.17965367965367965,false,6,100ms,Measured increase; p-values are not adjusted for multiple comparisons.
full screen,signals,BenchmarkWazeroExec/isa_simd_i32x4.shl,wazero,time,ns/op,2182.5,2218.5,36,1.6494845360824684,0.25757575757575757,false,6,100ms,Measured increase; p-values are not adjusted for multiple comparisons.
full screen,signals,BenchmarkWazeroExec/isa_simd_i64x2.ge_s,wazero,time,ns/op,5383.5,5419.5,36,0.668709947060453,0.06926406926406926,false,6,100ms,Measured increase; p-values are not adjusted for multiple comparisons.
full screen,explicit,BenchmarkWazeroExec/isa_simd_i8x16.narrow_i16x8_u,wazero,time,ns/op,3246.5,3282.5,36,1.108886493146466,0.07142857142857142,false,6,100ms,Measured increase; p-values are not adjusted for multiple comparisons.
full screen,explicit,BenchmarkWazeroExec/isa_i64.shr_u,wazero,time,ns/op,13590,13625.5,35.5,0.2612214863870532,0.854978354978355,false,6,100ms,Measured increase; p-values are not adjusted for multiple comparisons.
full screen,signals,BenchmarkWazeroExec/isa_simd_i16x8.extadd_pairwise_s,wazero,time,ns/op,3008,3043,35,1.1635638297872397,0.6991341991341992,false,6,100ms,Measured increase; p-values are not adjusted for multiple comparisons.
full screen,explicit,BenchmarkWazeroExec/isa_simd_i16x8.sub_sat_s,wazero,time,ns/op,3259,3294,35,1.0739490641300975,0.48484848484848486,false,6,100ms,Measured increase; p-values are not adjusted for multiple comparisons.
full screen,explicit,BenchmarkWazeroExec/arith.run,wazero,time,ns/op,1327.5,1362,34.5,2.598870056497171,0.3939393939393939,false,6,100ms,Measured increase; p-values are not adjusted for multiple comparisons.
full screen,signals,BenchmarkWazeroExec/isa_simd_i8x16.popcnt,wazero,time,ns/op,4680.5,4715,34.5,0.7371007371007376,0.3939393939393939,false,6,100ms,Measured increase; p-values are not adjusted for multiple comparisons.
full screen,explicit,BenchmarkWazeroExec/isa_simd_i16x8.ge_u,wazero,time,ns/op,3253,3287,34,1.0451890562557686,0.07142857142857142,false,6,100ms,Measured increase; p-values are not adjusted for multiple comparisons.
full screen,explicit,BenchmarkWazeroExec/isa_simd_i8x16.swizzle,wazero,time,ns/op,6516,6549,33,0.5064456721915356,0.7316017316017316,false,6,100ms,Measured increase; p-values are not adjusted for multiple comparisons.
full screen,explicit,BenchmarkWazeroCompile/crc32,wazero,time,ns/op,186655,186686.5,31.5,0.01687605475342302,0.9372294372294372,false,6,100ms,Measured increase; p-values are not adjusted for multiple comparisons.
full screen,explicit,BenchmarkWazeroExec/isa_simd_f32x4.trunc,wazero,time,ns/op,2449,2480.5,31.5,1.2862392813393297,0.03463203463203463,true,6,100ms,Measured increase; p-values are not adjusted for multiple comparisons.
full screen,explicit,BenchmarkWazeroExec/isa_simd_i8x16.gt_u,wazero,time,ns/op,4889.5,4921,31.5,0.6442376521116788,0.6991341991341992,false,6,100ms,Measured increase; p-values are not adjusted for multiple comparisons.
full screen,explicit,BenchmarkWazeroExec/isa_simd_i8x16.add_sat_u,wazero,time,ns/op,3264.5,3295.5,31,0.9496094348292239,0.06493506493506493,false,6,100ms,Measured increase; p-values are not adjusted for multiple comparisons.
full screen,explicit,BenchmarkWazeroExec/isa_simd_f32x4.ceil,wazero,time,ns/op,2447.5,2476.5,29,1.184882533197129,0.16666666666666666,false,6,100ms,Measured increase; p-values are not adjusted for multiple comparisons.
full screen,explicit,BenchmarkWazeroExec/isa_simd_i16x8.max_u,wazero,time,ns/op,1641,1669.5,28.5,1.7367458866544894,0.33116883116883117,false,6,100ms,Measured increase; p-values are not adjusted for multiple comparisons.
full screen,explicit,BenchmarkWazeroExec/isa_simd_i32x4.dot,wazero,time,ns/op,4883.5,4911.5,28,0.5733592710146507,0.41774891774891776,false,6,100ms,Measured increase; p-values are not adjusted for multiple comparisons.
full screen,explicit,BenchmarkWazeroExec/isa_simd_i8x16.sub_sat_u,wazero,time,ns/op,3281.5,3309,27.5,0.8380313880847146,0.22294372294372294,false,6,100ms,Measured increase; p-values are not adjusted for multiple comparisons.
full screen,explicit,BenchmarkWazeroExec/isa_simd_f64x2.ne,wazero,time,ns/op,3246,3273,27,0.8317929759704246,0.08441558441558442,false,6,100ms,Measured increase; p-values are not adjusted for multiple comparisons.
full screen,explicit,BenchmarkWazeroExec/isa_simd_i8x16.gt_s,wazero,time,ns/op,1633,1660,27,1.6533986527862865,0.45670995670995673,false,6,100ms,Measured increase; p-values are not adjusted for multiple comparisons.
full screen,signals,BenchmarkWazeroExec/isa_f32.nearest,wazero,time,ns/op,40848,40874.5,26.5,0.06487465726596753,0.9372294372294372,false,6,100ms,Measured increase; p-values are not adjusted for multiple comparisons.
full screen,signals,BenchmarkWazeroExec/isa_simd_f64x2.ceil,wazero,time,ns/op,2444.5,2471,26.5,1.0840662712211069,0.17965367965367965,false,6,100ms,Measured increase; p-values are not adjusted for multiple comparisons.
full screen,explicit,BenchmarkWazeroExec/isa_ctl.loop_baseline,wazero,time,ns/op,6531.5,6557.5,26,0.39807088723875506,0.8181818181818182,false,6,100ms,Measured increase; p-values are not adjusted for multiple comparisons.
full screen,explicit,BenchmarkWazeroExec/isa_simd_i32x4.shr_s,wazero,time,ns/op,2187.5,2213.5,26,1.1885714285714277,0.45670995670995673,false,6,100ms,Measured increase; p-values are not adjusted for multiple comparisons.
full screen,signals,BenchmarkWazeroExec/isa_simd_i8x16.shr_s,wazero,time,ns/op,5429.5,5455.5,26,0.47886545722442,1,false,6,100ms,Measured increase; p-values are not adjusted for multiple comparisons.
full screen,signals,BenchmarkWazeroExec/isa_simd_i16x8.extend_low_u,wazero,time,ns/op,1660,1685.5,25.5,1.5361445783132588,0.6212121212121212,false,6,100ms,Measured increase; p-values are not adjusted for multiple comparisons.
full screen,explicit,BenchmarkWazeroExec/isa_simd_i64x2.shl,wazero,time,ns/op,2175.5,2201,25.5,1.1721443346357052,0.7813852813852814,false,6,100ms,Measured increase; p-values are not adjusted for multiple comparisons.
full screen,explicit,BenchmarkWazeroExec/isa_simd_i64x2.extend_high_s,wazero,time,ns/op,3262.5,3287.5,25,0.766283524904221,0.24025974025974026,false,6,100ms,Measured increase; p-values are not adjusted for multiple comparisons.
full screen,explicit,BenchmarkWazeroInstantiate/isa_ctl,wazero,time,ns/op,7633,7658,25,0.32752521944190427,0.6190476190476191,false,6,100ms,Measured increase; p-values are not adjusted for multiple comparisons.
full screen,explicit,BenchmarkWazeroExec/isa_simd_f64x2.le,wazero,time,ns/op,3252,3276.5,24.5,0.7533825338253308,0.7272727272727273,false,6,100ms,Measured increase; p-values are not adjusted for multiple comparisons.
full screen,explicit,BenchmarkWazeroExec/isa_simd_i32x4.gt_u,wazero,time,ns/op,4892.5,4917,24.5,0.5007664793050592,0.5887445887445888,false,6,100ms,Measured increase; p-values are not adjusted for multiple comparisons.
full screen,explicit,BenchmarkWazeroExec/isa_simd_i64x2.extend_low_s,wazero,time,ns/op,1633.5,1658,24.5,1.4998469543924031,0.13203463203463203,false,6,100ms,Measured increase; p-values are not adjusted for multiple comparisons.
full screen,explicit,BenchmarkWazeroExec/isa_f64.nearest,wazero,time,ns/op,39420,39443,23,0.05834601725012156,0.6991341991341992,false,6,100ms,Measured increase; p-values are not adjusted for multiple comparisons.
full screen,explicit,BenchmarkWazeroExec/isa_simd_i32x4.extend_high_u,wazero,time,ns/op,3260,3283,23,0.7055214723926451,0.6991341991341992,false,6,100ms,Measured increase; p-values are not adjusted for multiple comparisons.
full screen,signals,BenchmarkWazeroExec/isa_simd_i8x16.narrow_i16x8_s,wazero,time,ns/op,3267,3290,23,0.7040097949188917,0.45454545454545453,false,6,100ms,Measured increase; p-values are not adjusted for multiple comparisons.
full screen,explicit,BenchmarkWazeroExec/isa_simd_i32x4.min_u,wazero,time,ns/op,1636.5,1658.5,22,1.3443324167430548,0.7380952380952381,false,6,100ms,Measured increase; p-values are not adjusted for multiple comparisons.
full screen,explicit,BenchmarkWazeroExec/isa_simd_i64x2.le_s,wazero,time,ns/op,4930.5,4952.5,22,0.4462022107291297,0.48484848484848486,false,6,100ms,Measured increase; p-values are not adjusted for multiple comparisons.
full screen,signals,BenchmarkWazeroInstantiate/isa_var,wazero,time,ns/op,7696,7718,22,0.28586278586277825,0.8181818181818182,false,6,100ms,Measured increase; p-values are not adjusted for multiple comparisons.
full screen,signals,BenchmarkWazeroExec/isa_simd_f64x2.max,wazero,time,ns/op,14705,14725.5,20.5,0.13940836450188065,0.5887445887445888,false,6,100ms,Measured increase; p-values are not adjusted for multiple comparisons.
full screen,explicit,BenchmarkWazeroExec/isa_simd_f32x4.gt,wazero,time,ns/op,3713,3733,20,0.5386479935362232,0.6688311688311688,false,6,100ms,Measured increase; p-values are not adjusted for multiple comparisons.
full screen,explicit,BenchmarkWazeroExec/isa_simd_i16x8.ge_s,wazero,time,ns/op,3266.5,3286.5,20,0.6122761365375817,0.29004329004329005,false,6,100ms,Measured increase; p-values are not adjusted for multiple comparisons.
full screen,explicit,BenchmarkWazeroExec/isa_simd_f64x2.ge,wazero,time,ns/op,3714.5,3733.5,19,0.5115089514066584,0.9199134199134199,false,6,100ms,Measured increase; p-values are not adjusted for multiple comparisons.
full screen,signals,BenchmarkWazeroExec/isa_simd_i16x8.ge_u,wazero,time,ns/op,3256.5,3275.5,19,0.5834484876401147,0.2597402597402597,false,6,100ms,Measured increase; p-values are not adjusted for multiple comparisons.
full screen,signals,BenchmarkWazeroExec/isa_simd_v128.bitselect,wazero,time,ns/op,3290.5,3309.5,19,0.5774198450083645,0.10173160173160173,false,6,100ms,Measured increase; p-values are not adjusted for multiple comparisons.
full screen,explicit,BenchmarkWazeroInstantiate/json-as,wazero,time,ns/op,14287.5,14306.5,19,0.13298337707785546,0.8181818181818182,false,6,100ms,Measured increase; p-values are not adjusted for multiple comparisons.
full screen,explicit,BenchmarkWazeroExec/isa_simd_i32x4.lt_s,wazero,time,ns/op,2103,2121.5,18.5,0.879695672848313,0.6212121212121212,false,6,100ms,Measured increase; p-values are not adjusted for multiple comparisons.
full screen,signals,BenchmarkWazeroExec/isa_simd_i16x8.q15mulr_sat_s,wazero,time,ns/op,8127.5,8145.5,18,0.22147031682560048,0.6991341991341992,false,6,100ms,Measured increase; p-values are not adjusted for multiple comparisons.
full screen,explicit,BenchmarkWazeroExec/isa_simd_i32x4.le_u,wazero,time,ns/op,3719,3737,18,0.48400107555794936,0.48484848484848486,false,6,100ms,Measured increase; p-values are not adjusted for multiple comparisons.
full screen,signals,BenchmarkWazeroExec/isa_mem.load_f64,wazero,time,ns/op,10090.5,10108,17.5,0.1734304543877796,0.8181818181818182,false,6,100ms,Measured increase; p-values are not adjusted for multiple comparisons.
full screen,explicit,BenchmarkWazeroExec/isa_simd_f32x4.sqrt,wazero,time,ns/op,11359.5,11377,17.5,0.15405607641181263,0.3939393939393939,false,6,100ms,Measured increase; p-values are not adjusted for multiple comparisons.
full screen,explicit,BenchmarkWazeroInstantiate/isa_cvt,wazero,time,ns/op,7674.5,7692,17.5,0.22802788455273948,0.6991341991341992,false,6,100ms,Measured increase; p-values are not adjusted for multiple comparisons.
full screen,explicit,BenchmarkWazeroExec/isa_simd_i16x8.gt_u,wazero,time,ns/op,4872.5,4889.5,17,0.34889687018984095,0.22294372294372294,false,6,100ms,Measured increase; p-values are not adjusted for multiple comparisons.
full screen,explicit,BenchmarkWazeroExec/isa_simd_i64x2.extmul_low_u,wazero,time,ns/op,14901,14918,17,0.11408630293268107,0.8181818181818182,false,6,100ms,Measured increase; p-values are not adjusted for multiple comparisons.
full screen,signals,BenchmarkWazeroExec/isa_mem.store_i32,wazero,time,ns/op,8448,8464.5,16.5,0.1953125,0.8506493506493507,false,6,100ms,Measured increase; p-values are not adjusted for multiple comparisons.
full screen,signals,BenchmarkWazeroExec/isa_i64.rotr,wazero,time,ns/op,13643.5,13659,15.5,0.11360721222559711,0.5086580086580087,false,6,100ms,Measured increase; p-values are not adjusted for multiple comparisons.
full screen,explicit,BenchmarkWazeroExec/isa_simd_i8x16.max_u,wazero,time,ns/op,1635.5,1651,15.5,0.947722409049212,0.8484848484848485,false,6,100ms,Measured increase; p-values are not adjusted for multiple comparisons.
full screen,explicit,BenchmarkWazeroExec/isa_simd_reduce.i8x16_bitmask,wazero,time,ns/op,1349,1364.5,15.5,1.1489992587101483,1,false,6,100ms,Measured increase; p-values are not adjusted for multiple comparisons.
full screen,signals,BenchmarkWazeroInstantiate/float,wazero,time,ns/op,7500.5,7516,15.5,0.20665288980734609,1,false,6,100ms,Measured increase; p-values are not adjusted for multiple comparisons.
full screen,signals,BenchmarkWazeroExec/isa_ctl.loop_baseline,wazero,time,ns/op,6540.5,6555,14.5,0.22169558902225273,0.6666666666666666,false,6,100ms,Measured increase; p-values are not adjusted for multiple comparisons.
full screen,explicit,BenchmarkWazeroExec/isa_i64.popcnt,wazero,time,ns/op,13243,13257.5,14.5,0.10949180699237893,0.6991341991341992,false,6,100ms,Measured increase; p-values are not adjusted for multiple comparisons.
full screen,explicit,BenchmarkWazeroExec/isa_simd_f32x4.convert_i32x4_s,wazero,time,ns/op,2446.5,2461,14.5,0.5926834253014546,0.19047619047619047,false,6,100ms,Measured increase; p-values are not adjusted for multiple comparisons.
full screen,signals,BenchmarkWazeroExec/isa_simd_i16x8.extend_high_u,wazero,time,ns/op,3274,3288.5,14.5,0.442883323152099,0.6233766233766234,false,6,100ms,Measured increase; p-values are not adjusted for multiple comparisons.
full screen,explicit,BenchmarkWazeroExec/isa_simd_i8x16.sub,wazero,time,ns/op,1636,1650.5,14.5,0.8863080684596625,0.14285714285714285,false,6,100ms,Measured increase; p-values are not adjusted for multiple comparisons.
full screen,signals,BenchmarkWazeroInstantiate/mandelbrot,wazero,time,ns/op,7597.5,7612,14.5,0.19085225403092654,1,false,6,100ms,Measured increase; p-values are not adjusted for multiple comparisons.
full screen,signals,BenchmarkWazeroExec/isa_simd_f64x2.convert_low_i32x4_u,wazero,time,ns/op,3302.5,3316.5,14,0.42392127176380523,0.329004329004329,false,6,100ms,Measured increase; p-values are not adjusted for multiple comparisons.
full screen,explicit,BenchmarkWazeroExec/isa_simd_i32x4.mul,wazero,time,ns/op,4867.5,4881.5,14,0.287621982537245,0.8181818181818182,false,6,100ms,Measured increase; p-values are not adjusted for multiple comparisons.
full screen,signals,BenchmarkWazeroExec/isa_simd_f64x2.eq,wazero,time,ns/op,3264,3277.5,13.5,0.4136029411764719,0.4155844155844156,false,6,100ms,Measured increase; p-values are not adjusted for multiple comparisons.
full screen,signals,BenchmarkWazeroExec/isa_simd_i16x8.avgr_u,wazero,time,ns/op,3251.5,3265,13.5,0.4151929878517535,0.854978354978355,false,6,100ms,Measured increase; p-values are not adjusted for multiple comparisons.
full screen,signals,BenchmarkWazeroExec/isa_i32.add,wazero,time,ns/op,13052.5,13065.5,13,0.09959777820340854,0.8528138528138528,false,6,100ms,Measured increase; p-values are not adjusted for multiple comparisons.
full screen,signals,BenchmarkWazeroExec/isa_simd_f32x4.abs,wazero,time,ns/op,1305,1318,13,0.9961685823754785,0.48484848484848486,false,6,100ms,Measured increase; p-values are not adjusted for multiple comparisons.
full screen,signals,BenchmarkWazeroExec/isa_simd_i32x4.shr_u,wazero,time,ns/op,2174.5,2187.5,13,0.5978385835824218,0.7294372294372294,false,6,100ms,Measured increase; p-values are not adjusted for multiple comparisons.
full screen,explicit,BenchmarkWazeroExec/xjb-mulhi.runN,wazero,time,ns/op,2178.5,2191.5,13,0.596740876750057,0.5887445887445888,false,6,100ms,Measured increase; p-values are not adjusted for multiple comparisons.
full screen,signals,BenchmarkWazeroExec/isa_simd_reduce.i32x4_all_true,wazero,time,ns/op,1893.5,1906,12.5,0.6601531555320728,0.29004329004329005,false,6,100ms,Measured increase; p-values are not adjusted for multiple comparisons.
full screen,signals,BenchmarkWazeroExec/isa_simd_reduce.i8x16_bitmask,wazero,time,ns/op,1348,1360.5,12.5,0.927299703264084,0.6991341991341992,false,6,100ms,Measured increase; p-values are not adjusted for multiple comparisons.
full screen,explicit,BenchmarkWazeroExec/isa_bulk_mem.copy_fwd_4096,wazero,time,ns/op,7155,7167,12,0.16771488469602414,1,false,6,100ms,Measured increase; p-values are not adjusted for multiple comparisons.
full screen,explicit,BenchmarkWazeroExec/isa_f32.min,wazero,time,ns/op,19215.5,19227.5,12,0.062449584970458716,0.6991341991341992,false,6,100ms,Measured increase; p-values are not adjusted for multiple comparisons.
full screen,explicit,BenchmarkWazeroExec/isa_simd_i16x8.lt_s,wazero,time,ns/op,2098,2110,12,0.5719733079122991,0.5887445887445888,false,6,100ms,Measured increase; p-values are not adjusted for multiple comparisons.
full screen,explicit,BenchmarkWazeroExec/isa_simd_i16x8.shl,wazero,time,ns/op,2171,2182.5,11.5,0.5297098111469278,0.5735930735930735,false,6,100ms,Measured increase; p-values are not adjusted for multiple comparisons.
full screen,explicit,BenchmarkWazeroInstantiate/arith,wazero,time,ns/op,7445,7456.5,11.5,0.15446608462055256,0.48484848484848486,false,6,100ms,Measured increase; p-values are not adjusted for multiple comparisons.
full screen,signals,BenchmarkWazeroExec/isa_simd_i32x4.dot,wazero,time,ns/op,4885.5,4896.5,11,0.2251560740968106,0.22294372294372294,false,6,100ms,Measured increase; p-values are not adjusted for multiple comparisons.
full screen,signals,BenchmarkWazeroExec/globals.accumulate,wazero,time,ns/op,862.0999999999999,872.8,10.700000000000045,1.2411553184085378,0.30952380952380953,false,6,100ms,Measured increase; p-values are not adjusted for multiple comparisons.
full screen,explicit,BenchmarkWazeroExec/isa_simd_i64x2.abs,wazero,time,ns/op,2111.5,2122,10.5,0.4972768174283715,0.9372294372294372,false,6,100ms,Measured increase; p-values are not adjusted for multiple comparisons.
full screen,explicit,BenchmarkWazeroExec/isa_simd_i64x2.sub,wazero,time,ns/op,1633,1643.5,10.5,0.6429883649724522,0.2878787878787879,false,6,100ms,Measured increase; p-values are not adjusted for multiple comparisons.
full screen,explicit,BenchmarkWazeroExec/isa_var.global_getset,wazero,time,ns/op,6645,6655.5,10.5,0.15801354401805412,0.8181818181818182,false,6,100ms,Measured increase; p-values are not adjusted for multiple comparisons.
full screen,signals,BenchmarkWazeroExec/isa_simd_i16x8.add,wazero,time,ns/op,1637,1647,10,0.6108735491753281,0.5887445887445888,false,6,100ms,Measured increase; p-values are not adjusted for multiple comparisons.
full screen,signals,BenchmarkWazeroExec/isa_simd_i16x8.eq,wazero,time,ns/op,1642.5,1652.5,10,0.60882800608828,1,false,6,100ms,Measured increase; p-values are not adjusted for multiple comparisons.
full screen,signals,BenchmarkWazeroExec/isa_simd_i16x8.extmul_low_u,wazero,time,ns/op,8115,8125,10,0.12322858903266454,0.8181818181818182,false,6,100ms,Measured increase; p-values are not adjusted for multiple comparisons.
full screen,explicit,BenchmarkWazeroInstantiate/isa_simd_reduce,wazero,time,ns/op,7692.5,7702.5,10,0.12999675008125156,0.9372294372294372,false,6,100ms,Measured increase; p-values are not adjusted for multiple comparisons.
full screen,signals,BenchmarkWazeroExec/isa_i64.or,wazero,time,ns/op,12998,13007.5,9.5,0.07308816741036228,1,false,6,100ms,Measured increase; p-values are not adjusted for multiple comparisons.
full screen,signals,BenchmarkWazeroExec/isa_simd_f32x4.sqrt,wazero,time,ns/op,11417.5,11427,9.5,0.08320560543026989,1,false,6,100ms,Measured increase; p-values are not adjusted for multiple comparisons.
full screen,explicit,BenchmarkWazeroExec/isa_simd_f64x2.eq,wazero,time,ns/op,3252.5,3262,9.5,0.29208301306686835,0.41774891774891776,false,6,100ms,Measured increase; p-values are not adjusted for multiple comparisons.
full screen,signals,BenchmarkWazeroExec/isa_simd_i32x4.shr_s,wazero,time,ns/op,2171,2180.5,9.5,0.4375863657300805,0.7316017316017316,false,6,100ms,Measured increase; p-values are not adjusted for multiple comparisons.
full screen,explicit,BenchmarkWazeroExec/isa_simd_reduce.i64x2_all_true,wazero,time,ns/op,1886,1895.5,9.5,0.5037115588547136,0.3939393939393939,false,6,100ms,Measured increase; p-values are not adjusted for multiple comparisons.
full screen,signals,BenchmarkWazeroExec/isa_simd_v128.andnot,wazero,time,ns/op,2096,2105.5,9.5,0.4532442748091503,0.25757575757575757,false,6,100ms,Measured increase; p-values are not adjusted for multiple comparisons.
full screen,explicit,BenchmarkWazeroExec/swar-pack-parse.runN,wazero,time,ns/op,1687.5,1697,9.5,0.5629629629629651,0.48484848484848486,false,6,100ms,Measured increase; p-values are not adjusted for multiple comparisons.
full screen,signals,BenchmarkWazeroExec/isa_simd_f64x2.sub,wazero,time,ns/op,4904,4913,9,0.18352365415987837,0.7987012987012987,false,6,100ms,Measured increase; p-values are not adjusted for multiple comparisons.
full screen,signals,BenchmarkWazeroExec/isa_simd_i32x4.add,wazero,time,ns/op,1637,1646,9,0.5497861942577842,0.25757575757575757,false,6,100ms,Measured increase; p-values are not adjusted for multiple comparisons.
full screen,explicit,BenchmarkWazeroExec/isa_simd_i32x4.gt_s,wazero,time,ns/op,1633.5,1642.5,9,0.5509641873278293,0.461038961038961,false,6,100ms,Measured increase; p-values are not adjusted for multiple comparisons.
full screen,signals,BenchmarkWazeroExec/isa_simd_reduce.i8x16_all_true,wazero,time,ns/op,1880,1889,9,0.4787234042553212,0.2597402597402597,false,6,100ms,Measured increase; p-values are not adjusted for multiple comparisons.
full screen,signals,BenchmarkWazeroExec/isa_simd_f64x2.abs,wazero,time,ns/op,1302.5,1311,8.5,0.6525911708253451,0.3658008658008658,false,6,100ms,Measured increase; p-values are not adjusted for multiple comparisons.
full screen,signals,BenchmarkWazeroExec/isa_simd_i16x8.add_sat_u,wazero,time,ns/op,3250.5,3259,8.5,0.26149823104137937,0.7294372294372294,false,6,100ms,Measured increase; p-values are not adjusted for multiple comparisons.
full screen,explicit,BenchmarkWazeroExec/isa_simd_i32x4.extmul_low_s,wazero,time,ns/op,8145,8153.5,8.5,0.10435850214856046,0.9372294372294372,false,6,100ms,Measured increase; p-values are not adjusted for multiple comparisons.
full screen,signals,BenchmarkWazeroExec/isa_simd_reduce.i16x8_bitmask,wazero,time,ns/op,1301,1309.5,8.5,0.6533435818601108,0.29004329004329005,false,6,100ms,Measured increase; p-values are not adjusted for multiple comparisons.
full screen,explicit,BenchmarkWazeroExec/isa_simd_f32x4.lt,wazero,time,ns/op,3243.5,3251.5,8,0.24664714043471925,0.24025974025974026,false,6,100ms,Measured increase; p-values are not adjusted for multiple comparisons.
full screen,signals,BenchmarkWazeroExec/isa_simd_i32x4.lt_s,wazero,time,ns/op,2102,2110,8,0.38058991436726863,0.5497835497835498,false,6,100ms,Measured increase; p-values are not adjusted for multiple comparisons.
full screen,signals,BenchmarkWazeroExec/isa_simd_i32x4.max_s,wazero,time,ns/op,1643.5,1651.5,8,0.4867660480681435,0.37662337662337664,false,6,100ms,Measured increase; p-values are not adjusted for multiple comparisons.
full screen,signals,BenchmarkWazeroExec/isa_simd_i8x16.max_u,wazero,time,ns/op,1645.5,1653.5,8,0.48617441507141645,0.6666666666666666,false,6,100ms,Measured increase; p-values are not adjusted for multiple comparisons.
full screen,explicit,BenchmarkWazeroExec/isa_simd_f64x2.convert_low_i32x4_u,wazero,time,ns/op,3281.5,3289,7.5,0.22855401493220295,0.551948051948052,false,6,100ms,Measured increase; p-values are not adjusted for multiple comparisons.
full screen,signals,BenchmarkWazeroExec/isa_simd_i32x4.ge_s,wazero,time,ns/op,3258,3265,7,0.21485573971762317,0.6082251082251082,false,6,100ms,Measured increase; p-values are not adjusted for multiple comparisons.
full screen,signals,BenchmarkWazeroExec/isa_simd_i32x4.ge_u,wazero,time,ns/op,3268,3275,7,0.21419828641371375,0.9372294372294372,false,6,100ms,Measured increase; p-values are not adjusted for multiple comparisons.
full screen,signals,BenchmarkWazeroExec/isa_simd_f32x4.le,wazero,time,ns/op,3264,3270.5,6.5,0.19914215686274161,0.5887445887445888,false,6,100ms,Measured increase; p-values are not adjusted for multiple comparisons.
full screen,explicit,BenchmarkWazeroExec/isa_simd_i16x8.max_s,wazero,time,ns/op,1648,1654.5,6.5,0.3944174757281482,1,false,6,100ms,Measured increase; p-values are not adjusted for multiple comparisons.
full screen,signals,BenchmarkWazeroExec/isa_simd_i16x8.min_u,wazero,time,ns/op,1645,1651.5,6.5,0.3951367781155124,0.2878787878787879,false,6,100ms,Measured increase; p-values are not adjusted for multiple comparisons.
full screen,explicit,BenchmarkWazeroExec/isa_simd_i32x4.max_u,wazero,time,ns/op,1634.5,1641,6.5,0.39767513000916743,0.36796536796536794,false,6,100ms,Measured increase; p-values are not adjusted for multiple comparisons.
full screen,signals,BenchmarkWazeroInstantiate/fib_iter,wazero,time,ns/op,7456,7462.5,6.5,0.08717811158798217,0.5887445887445888,false,6,100ms,Measured increase; p-values are not adjusted for multiple comparisons.
full screen,signals,BenchmarkWazeroExec/isa_simd_f32x4.demote_f64x2_zero,wazero,time,ns/op,2452,2458,6,0.2446982055464897,0.8939393939393939,false,6,100ms,Measured increase; p-values are not adjusted for multiple comparisons.
full screen,explicit,BenchmarkWazeroExec/isa_simd_i16x8.eq,wazero,time,ns/op,1644,1650,6,0.36496350364962904,0.7207792207792207,false,6,100ms,Measured increase; p-values are not adjusted for multiple comparisons.
full screen,signals,BenchmarkWazeroExec/isa_simd_i16x8.narrow_i32x4_s,wazero,time,ns/op,3260,3266,6,0.18404907975460016,1,false,6,100ms,Measured increase; p-values are not adjusted for multiple comparisons.
full screen,explicit,BenchmarkWazeroExec/isa_simd_i32x4.trunc_sat_f32x4_s,wazero,time,ns/op,7446.5,7452.5,6,0.08057476666889496,0.5562770562770563,false,6,100ms,Measured increase; p-values are not adjusted for multiple comparisons.
full screen,signals,BenchmarkWazeroExec/isa_simd_i64x2.extend_high_s,wazero,time,ns/op,3261.5,3267.5,6,0.1839644335428492,0.974025974025974,false,6,100ms,Measured increase; p-values are not adjusted for multiple comparisons.
full screen,explicit,BenchmarkWazeroExec/isa_simd_v128.bitselect,wazero,time,ns/op,3290.5,3296.5,6,0.1823431089500005,0.948051948051948,false,6,100ms,Measured increase; p-values are not adjusted for multiple comparisons.
full screen,explicit,BenchmarkWazeroExec/isa_simd_f32x4.demote_f64x2_zero,wazero,time,ns/op,2443.5,2449,5.5,0.22508696541845286,0.5086580086580087,false,6,100ms,Measured increase; p-values are not adjusted for multiple comparisons.
full screen,signals,BenchmarkWazeroExec/isa_simd_f32x4.pmax,wazero,time,ns/op,3717.5,3723,5.5,0.14794889038332038,0.6991341991341992,false,6,100ms,Measured increase; p-values are not adjusted for multiple comparisons.
full screen,signals,BenchmarkWazeroExec/isa_simd_i16x8.abs,wazero,time,ns/op,1646,1651.5,5.5,0.3341433778857761,0.6601731601731602,false,6,100ms,Measured increase; p-values are not adjusted for multiple comparisons.
full screen,signals,BenchmarkWazeroExec/isa_simd_i16x8.shl,wazero,time,ns/op,2159.5,2165,5.5,0.2546885853206726,0.6688311688311688,false,6,100ms,Measured increase; p-values are not adjusted for multiple comparisons.
full screen,signals,BenchmarkWazeroExec/isa_simd_v128.not,wazero,time,ns/op,844.75,850.0999999999999,5.349999999999909,0.6333234684817945,0.8181818181818182,false,6,100ms,Measured increase; p-values are not adjusted for multiple comparisons.
full screen,signals,BenchmarkWazeroExec/isa_simd_f64x2.add,wazero,time,ns/op,4890,4895,5,0.10224948875254825,0.6991341991341992,false,6,100ms,Measured increase; p-values are not adjusted for multiple comparisons.
full screen,explicit,BenchmarkWazeroExec/isa_simd_i16x8.le_s,wazero,time,ns/op,3714,3719,5,0.13462574044156295,0.8181818181818182,false,6,100ms,Measured increase; p-values are not adjusted for multiple comparisons.
full screen,explicit,BenchmarkWazeroExec/isa_simd_reduce.i32x4_bitmask,wazero,time,ns/op,1322.5,1327.5,5,0.3780718336483968,0.17965367965367965,false,6,100ms,Measured increase; p-values are not adjusted for multiple comparisons.
full screen,explicit,BenchmarkWazeroExec/isa_simd_v128.andnot,wazero,time,ns/op,2093,2098,5,0.23889154323937234,0.2922077922077922,false,6,100ms,Measured increase; p-values are not adjusted for multiple comparisons.
full screen,explicit,BenchmarkWazeroExec/isa_simd_i16x8.extadd_pairwise_u,wazero,time,ns/op,2468.5,2473,4.5,0.18229694146243425,0.6666666666666666,false,6,100ms,Measured increase; p-values are not adjusted for multiple comparisons.
full screen,explicit,BenchmarkWazeroExec/isa_simd_reduce.i16x8_all_true,wazero,time,ns/op,1883.5,1888,4.5,0.2389169100079691,0.7987012987012987,false,6,100ms,Measured increase; p-values are not adjusted for multiple comparisons.
full screen,signals,BenchmarkWazeroExec/isa_simd_f32x4.ge,wazero,time,ns/op,3717.5,3721.5,4,0.10759919300604714,0.9004329004329005,false,6,100ms,Measured increase; p-values are not adjusted for multiple comparisons.
full screen,explicit,BenchmarkWazeroExec/isa_simd_i8x16.avgr_u,wazero,time,ns/op,3253,3257,4,0.12296341838302638,0.6233766233766234,false,6,100ms,Measured increase; p-values are not adjusted for multiple comparisons.
full screen,signals,BenchmarkWazeroExec/isa_simd_i8x16.le_s,wazero,time,ns/op,3717.5,3721.5,4,0.10759919300604714,0.7835497835497836,false,6,100ms,Measured increase; p-values are not adjusted for multiple comparisons.
full screen,explicit,BenchmarkWazeroExec/isa_simd_i8x16.min_s,wazero,time,ns/op,1636,1640,4,0.24449877750611915,0.7835497835497836,false,6,100ms,Measured increase; p-values are not adjusted for multiple comparisons.
full screen,signals,BenchmarkWazeroExec/isa_simd_i8x16.min_s,wazero,time,ns/op,1635,1639,4,0.24464831804280607,0.7770562770562771,false,6,100ms,Measured increase; p-values are not adjusted for multiple comparisons.
full screen,explicit,BenchmarkWazeroExec/isa_simd_v128.or,wazero,time,ns/op,1638.5,1642.5,4,0.24412572474825645,0.9047619047619048,false,6,100ms,Measured increase; p-values are not adjusted for multiple comparisons.
full screen,explicit,BenchmarkWazeroInstantiate/memory_tree,wazero,time,ns/op,11664.5,11668.5,4,0.03429208281537921,0.5887445887445888,false,6,100ms,Measured increase; p-values are not adjusted for multiple comparisons.
full screen,explicit,BenchmarkWazeroExec/isa_bulk_mem.fill_64,wazero,time,ns/op,4244,4247.5,3.5,0.08246936852025488,0.8181818181818182,false,6,100ms,Measured increase; p-values are not adjusted for multiple comparisons.
full screen,signals,BenchmarkWazeroExec/isa_i64.shr_s,wazero,time,ns/op,13646.5,13650,3.5,0.02564760194920801,0.9372294372294372,false,6,100ms,Measured increase; p-values are not adjusted for multiple comparisons.
full screen,explicit,BenchmarkWazeroExec/isa_simd_f64x2.neg,wazero,time,ns/op,1793.5,1797,3.5,0.19514914970728547,0.6753246753246753,false,6,100ms,Measured increase; p-values are not adjusted for multiple comparisons.
full screen,signals,BenchmarkWazeroExec/isa_simd_i16x8.lt_s,wazero,time,ns/op,2096,2099.5,3.5,0.16698473282443782,0.8116883116883117,false,6,100ms,Measured increase; p-values are not adjusted for multiple comparisons.
full screen,signals,BenchmarkWazeroExec/isa_simd_i32x4.extmul_high_u,wazero,time,ns/op,11369,11372.5,3.5,0.03078546925852077,0.7294372294372294,false,6,100ms,Measured increase; p-values are not adjusted for multiple comparisons.
full screen,signals,BenchmarkWazeroExec/isa_simd_i32x4.le_s,wazero,time,ns/op,3732,3735.5,3.5,0.0937834941050486,0.9372294372294372,false,6,100ms,Measured increase; p-values are not adjusted for multiple comparisons.
full screen,signals,BenchmarkWazeroExec/isa_simd_i8x16.add_sat_s,wazero,time,ns/op,3263.5,3267,3.5,0.10724682089779947,0.9372294372294372,false,6,100ms,Measured increase; p-values are not adjusted for multiple comparisons.
full screen,signals,BenchmarkWazeroExec/isa_simd_v128.or,wazero,time,ns/op,1636,1639.5,3.5,0.21393643031784038,0.5844155844155844,false,6,100ms,Measured increase; p-values are not adjusted for multiple comparisons.
full screen,signals,BenchmarkWazeroExec/isa_simd_f32x4.nearest,wazero,time,ns/op,2442,2445,3,0.12285012285011554,0.8484848484848485,false,6,100ms,Measured increase; p-values are not adjusted for multiple comparisons.
full screen,signals,BenchmarkWazeroExec/isa_simd_i32x4.le_u,wazero,time,ns/op,3732.5,3735.5,3,0.08037508372404911,0.512987012987013,false,6,100ms,Measured increase; p-values are not adjusted for multiple comparisons.
full screen,explicit,BenchmarkWazeroExec/isa_simd_i64x2.extend_low_u,wazero,time,ns/op,1638,1641,3,0.1831501831501825,0.974025974025974,false,6,100ms,Measured increase; p-values are not adjusted for multiple comparisons.
full screen,explicit,BenchmarkWazeroExec/isa_simd_f64x2.convert_low_i32x4_s,wazero,time,ns/op,2442,2444.5,2.5,0.10237510237509628,0.7402597402597403,false,6,100ms,Measured increase; p-values are not adjusted for multiple comparisons.
full screen,explicit,BenchmarkWazeroExec/isa_simd_f64x2.floor,wazero,time,ns/op,2452.5,2455,2.5,0.10193679918450993,0.9372294372294372,false,6,100ms,Measured increase; p-values are not adjusted for multiple comparisons.
full screen,explicit,BenchmarkWazeroExec/isa_simd_i32x4.ne,wazero,time,ns/op,3290,3292.5,2.5,0.07598784194529085,0.6991341991341992,false,6,100ms,Measured increase; p-values are not adjusted for multiple comparisons.
full screen,explicit,BenchmarkJsonAsSerialize_wazero,wazero,time,ns/op,148.45,150.55,2.1000000000000227,1.414617716402855,0.24025974025974026,false,6,100ms,Measured increase; p-values are not adjusted for multiple comparisons.
full screen,signals,BenchmarkWazeroExec/isa_simd_i16x8.max_u,wazero,time,ns/op,1636.5,1638.5,2,0.12221203788573831,0.8484848484848485,false,6,100ms,Measured increase; p-values are not adjusted for multiple comparisons.
full screen,explicit,BenchmarkJsonAsDeserialize_wazero,wazero,time,ns/op,298.9,300.79999999999995,1.8999999999999773,0.635664101706257,0.6991341991341992,false,6,100ms,Measured increase; p-values are not adjusted for multiple comparisons.
full screen,explicit,BenchmarkWazeroExec/isa_simd_f32x4.abs,wazero,time,ns/op,1307,1308.5,1.5,0.11476664116296664,0.8593073593073594,false,6,100ms,Measured increase; p-values are not adjusted for multiple comparisons.
full screen,signals,BenchmarkWazeroExec/isa_simd_f32x4.neg,wazero,time,ns/op,1793.5,1795,1.5,0.08363534987454457,0.5627705627705628,false,6,100ms,Measured increase; p-values are not adjusted for multiple comparisons.
full screen,signals,BenchmarkWazeroExec/isa_simd_f32x4.pmin,wazero,time,ns/op,3715,3716.5,1.5,0.040376850605650105,0.9372294372294372,false,6,100ms,Measured increase; p-values are not adjusted for multiple comparisons.
full screen,signals,BenchmarkWazeroExec/isa_simd_i16x8.extadd_pairwise_u,wazero,time,ns/op,2464,2465.5,1.5,0.06087662337661559,1,false,6,100ms,Measured increase; p-values are not adjusted for multiple comparisons.
full screen,signals,BenchmarkWazeroExec/isa_simd_i32x4.lt_u,wazero,time,ns/op,5337,5338.5,1.5,0.028105677346834668,0.8181818181818182,false,6,100ms,Measured increase; p-values are not adjusted for multiple comparisons.
full screen,signals,BenchmarkWazeroExec/isa_simd_i64x2.le_s,wazero,time,ns/op,4921,4922.5,1.5,0.030481609428978373,0.8181818181818182,false,6,100ms,Measured increase; p-values are not adjusted for multiple comparisons.
full screen,explicit,BenchmarkWazeroExec/isa_simd_i64x2.lt_s,wazero,time,ns/op,3711,3712.5,1.5,0.04042037186742231,0.9069264069264069,false,6,100ms,Measured increase; p-values are not adjusted for multiple comparisons.
full screen,explicit,BenchmarkWazeroExec/isa_simd_i64x2.ne,wazero,time,ns/op,4915,4916.5,1.5,0.03051881993896277,0.6666666666666666,false,6,100ms,Measured increase; p-values are not adjusted for multiple comparisons.
full screen,signals,BenchmarkWazeroExec/isa_simd_i64x2.neg,wazero,time,ns/op,1287,1288.5,1.5,0.11655011655011815,1,false,6,100ms,Measured increase; p-values are not adjusted for multiple comparisons.
full screen,explicit,BenchmarkWazeroExec/isa_simd_i8x16.lt_s,wazero,time,ns/op,2093.5,2095,1.5,0.07165034631000378,0.512987012987013,false,6,100ms,Measured increase; p-values are not adjusted for multiple comparisons.
full screen,signals,BenchmarkWazeroExec/isa_simd_reduce.i32x4_bitmask,wazero,time,ns/op,1327.5,1329,1.5,0.1129943502824915,0.329004329004329,false,6,100ms,Measured increase; p-values are not adjusted for multiple comparisons.
full screen,signals,BenchmarkWazeroExec/xjb-mulhi.runN,wazero,time,ns/op,2178,2179.5,1.5,0.06887052341597588,0.9047619047619048,false,6,100ms,Measured increase; p-values are not adjusted for multiple comparisons.
full screen,explicit,BenchmarkWazeroExec/branches.classify,wazero,time,ns/op,22.685,24.03,1.3450000000000024,5.92902799206525,0.0021645021645021645,true,6,100ms,Measured increase; p-values are not adjusted for multiple comparisons.
full screen,explicit,BenchmarkWazeroExec/fib_iter.fib,wazero,time,ns/op,30.925,32.215,1.2900000000000027,4.17138237671788,0.004329004329004329,true,6,100ms,Measured increase; p-values are not adjusted for multiple comparisons.
full screen,explicit,BenchmarkWazeroExec/swar-pack-parse.pack,wazero,time,ns/op,23.29,24.415,1.125,4.830399313009881,0.0021645021645021645,true,6,100ms,Measured increase; p-values are not adjusted for multiple comparisons.
full screen,explicit,BenchmarkWazeroExec/isa_bulk_mem.copy_fwd_64,wazero,time,ns/op,729,730.05,1.0499999999999545,0.14403292181068839,0.9372294372294372,false,6,100ms,Measured increase; p-values are not adjusted for multiple comparisons.
full screen,explicit,BenchmarkWazeroExec/isa_simd_i16x8.add,wazero,time,ns/op,1635,1636,1,0.06116207951070152,1,false,6,100ms,Measured increase; p-values are not adjusted for multiple comparisons.
full screen,signals,BenchmarkWazeroExec/isa_simd_i16x8.ne,wazero,time,ns/op,3264.5,3265.5,1,0.030632562413845932,1,false,6,100ms,Measured increase; p-values are not adjusted for multiple comparisons.
full screen,explicit,BenchmarkWazeroExec/isa_simd_i16x8.sub,wazero,time,ns/op,1633.5,1634.5,1,0.06121824303642054,0.6796536796536796,false,6,100ms,Measured increase; p-values are not adjusted for multiple comparisons.
full screen,signals,BenchmarkWazeroExec/isa_simd_i32x4.gt_s,wazero,time,ns/op,1635.5,1636.5,1,0.061143381228978555,0.6861471861471862,false,6,100ms,Measured increase; p-values are not adjusted for multiple comparisons.
full screen,explicit,BenchmarkWazeroExec/isa_simd_i32x4.min_s,wazero,time,ns/op,1639.5,1640.5,1,0.06099420555047974,0.8484848484848485,false,6,100ms,Measured increase; p-values are not adjusted for multiple comparisons.
full screen,explicit,BenchmarkWazeroExec/isa_simd_i32x4.sub,wazero,time,ns/op,1639,1640,1,0.06101281269066394,0.7207792207792207,false,6,100ms,Measured increase; p-values are not adjusted for multiple comparisons.
full screen,signals,BenchmarkWazeroExec/isa_simd_i64x2.eq,wazero,time,ns/op,3259.5,3260.5,1,0.030679552078538563,0.9199134199134199,false,6,100ms,Measured increase; p-values are not adjusted for multiple comparisons.
full screen,signals,BenchmarkJsonAsSerialize_wazero,wazero,time,ns/op,150.95,151.9,0.950000000000017,0.6293474660483689,0.5887445887445888,false,6,100ms,Measured increase; p-values are not adjusted for multiple comparisons.
full screen,explicit,BenchmarkWazeroExec/dispatch.apply,wazero,time,ns/op,25.63,26.535,0.9050000000000011,3.5310183378852944,0.025974025974025976,true,6,100ms,Measured increase; p-values are not adjusted for multiple comparisons.
full screen,explicit,BenchmarkExecHostRoundtrip_wazero,wazero,time,ns/op,373,373.79999999999995,0.7999999999999545,0.2144772117962379,0.9372294372294372,false,6,100ms,Measured increase; p-values are not adjusted for multiple comparisons.
full screen,explicit,BenchmarkWazeroExec/many_funcs.run,wazero,time,ns/op,26.09,26.84,0.75,2.8746646224607098,0.06493506493506493,false,6,100ms,Measured increase; p-values are not adjusted for multiple comparisons.
full screen,explicit,BenchmarkWazeroExec/swar-pack-parse.parse4,wazero,time,ns/op,23.41,24.05,0.6400000000000006,2.733874412644166,0.0367965367965368,true,6,100ms,Measured increase; p-values are not adjusted for multiple comparisons.
full screen,signals,BenchmarkWazeroExec/isa_simd_i32x4.eq,wazero,time,ns/op,1638,1638.5,0.5,0.030525030525030417,0.6991341991341992,false,6,100ms,Measured increase; p-values are not adjusted for multiple comparisons.
full screen,signals,BenchmarkWazeroExec/isa_simd_i32x4.max_u,wazero,time,ns/op,1638.5,1639,0.5,0.030515715593537607,0.854978354978355,false,6,100ms,Measured increase; p-values are not adjusted for multiple comparisons.
full screen,signals,BenchmarkWazeroExec/isa_simd_i64x2.add,wazero,time,ns/op,1635.5,1636,0.5,0.030571690614489277,0.7857142857142857,false,6,100ms,Measured increase; p-values are not adjusted for multiple comparisons.
full screen,explicit,BenchmarkWazeroExec/isa_simd_i8x16.ge_u,wazero,time,ns/op,3257,3257.5,0.5,0.01535155050660375,0.7922077922077922,false,6,100ms,Measured increase; p-values are not adjusted for multiple comparisons.
full screen,signals,BenchmarkWazeroExec/isa_simd_i8x16.sub,wazero,time,ns/op,1635,1635.5,0.5,0.03058103975535076,1,false,6,100ms,Measured increase; p-values are not adjusted for multiple comparisons.
full screen,explicit,BenchmarkWazeroInstantiate/dispatch,wazero,time,ns/op,7906.5,7907,0.5,0.00632391070638505,0.9372294372294372,false,6,100ms,Measured increase; p-values are not adjusted for multiple comparisons.
full screen,explicit,BenchmarkWazeroExec/xjb-mulhi.mulhi,wazero,time,ns/op,24.945,25.33,0.384999999999998,1.543395470034059,0.5887445887445888,false,6,100ms,Measured increase; p-values are not adjusted for multiple comparisons.
full screen,explicit,BenchmarkExecCallOverhead_wazero,wazero,time,ns/op,26.810000000000002,27.134999999999998,0.32499999999999574,1.2122342409548459,0.17965367965367965,false,6,100ms,Measured increase; p-values are not adjusted for multiple comparisons.
full screen,explicit,BenchmarkExecFibLoop_wazero,wazero,time,ns/op,39.03,39.345,0.3149999999999977,0.8070714834742532,0.6233766233766234,false,6,100ms,Measured increase; p-values are not adjusted for multiple comparisons.
full screen,explicit,BenchmarkWazeroExec/tiny.add,wazero,time,ns/op,24.07,24.28,0.21000000000000085,0.8724553385957678,0.9372294372294372,false,6,100ms,Measured increase; p-values are not adjusted for multiple comparisons.
full screen,signals,BenchmarkJsonAsDeserialize_wazero,wazero,time,ns/op,299.9,300.05,0.1500000000000341,0.05001667222408468,1,false,6,100ms,Measured increase; p-values are not adjusted for multiple comparisons.
full screen,signals,BenchmarkExecFibLoop_wazero,wazero,time,ns/op,39.34,39.365,0.02499999999999858,0.06354855109302893,0.6991341991341992,false,6,100ms,Measured increase; p-values are not adjusted for multiple comparisons.
full screen,explicit,BenchmarkWazeroCompile/ruby,wazero,memory,allocs/op,430945,430949,4,0.0009281926927950934,0.3181818181818182,false,6,100ms,Measured increase; p-values are not adjusted for multiple comparisons.
full screen,signals,BenchmarkWazeroCompile/ruby,wazero,memory,allocs/op,430945,430949,4,0.0009281926927950934,0.05411255411255411,false,6,100ms,Measured increase; p-values are not adjusted for multiple comparisons.
full screen,signals,BenchmarkWazeroCompile/ruby,wazero,memory,B/op,431530144,431567072,36928,0.008557455490287857,0.05844155844155844,false,6,100ms,Measured increase; p-values are not adjusted for multiple comparisons.
full screen,explicit,BenchmarkWazeroCompile/ruby,wazero,memory,B/op,431530152,431567072,36920,0.008555601463511309,0.37445887445887444,false,6,100ms,Measured increase; p-values are not adjusted for multiple comparisons.
full screen,signals,BenchmarkExecFibRec_wazero,wazero,memory,B/op,1353,1366.5,13.5,0.9977827050997812,0.170995670995671,false,6,100ms,Measured increase; p-values are not adjusted for multiple comparisons.
full screen,explicit,BenchmarkExecFibRec_wazero,wazero,memory,B/op,1352,1355,3,0.22189349112426981,0.6883116883116883,false,6,100ms,Measured increase; p-values are not adjusted for multiple comparisons.
full screen,signals,BenchmarkWazeroInstantiate/qoi,wazero,memory,B/op,2104640.5,2104643,2.5,0.00011878513219709674,0.5194805194805194,false,6,100ms,Measured increase; p-values are not adjusted for multiple comparisons.
full screen,signals,BenchmarkWazeroInstantiate/lz4,wazero,memory,B/op,2104691.5,2104693.5,2,0.00009502580307074737,0.2683982683982684,false,6,100ms,Measured increase; p-values are not adjusted for multiple comparisons.
full screen,signals,BenchmarkCompile_wazero,wazero,memory,B/op,299286.5,299288,1.5,0.0005011920016340099,0.3484848484848485,false,6,100ms,Measured increase; p-values are not adjusted for multiple comparisons.
full screen,signals,BenchmarkWazeroInstantiate/matmul,wazero,memory,B/op,1056174.5,1056176,1.5,0.00014202198594936988,0.3398268398268398,false,6,100ms,Measured increase; p-values are not adjusted for multiple comparisons.
full screen,explicit,BenchmarkCompile_wazero,wazero,memory,B/op,299286,299287,1,0.0003341285593094767,0.5541125541125541,false,6,100ms,Measured increase; p-values are not adjusted for multiple comparisons.
full screen,signals,BenchmarkWazeroCompile/tiny,wazero,memory,B/op,274819.5,274820.5,1,0.0003638751980838961,0.8051948051948052,false,6,100ms,Measured increase; p-values are not adjusted for multiple comparisons.
full screen,explicit,BenchmarkWazeroInstantiate/isa_mem,wazero,memory,B/op,1055959.5,1055960.5,1,0.00009470060167160455,0.16233766233766234,false,6,100ms,Measured increase; p-values are not adjusted for multiple comparisons.
full screen,explicit,BenchmarkWazeroInstantiate/matmul,wazero,memory,B/op,1056175,1056176,1,0.00009468127915024382,0.14502164502164502,false,6,100ms,Measured increase; p-values are not adjusted for multiple comparisons.
full screen,signals,BenchmarkWazeroInstantiate/nbody,wazero,memory,B/op,1056175,1056176,1,0.00009468127915024382,0.21861471861471862,false,6,100ms,Measured increase; p-values are not adjusted for multiple comparisons.
full screen,explicit,BenchmarkWazeroInstantiate/quicksort,wazero,memory,B/op,1056174,1056175,1,0.00009468136878965083,0.44805194805194803,false,6,100ms,Measured increase; p-values are not adjusted for multiple comparisons.
full screen,signals,BenchmarkWazeroInstantiate/sha256,wazero,memory,B/op,1121735,1121736,1,0.00008914761506773061,0.22727272727272727,false,6,100ms,Measured increase; p-values are not adjusted for multiple comparisons.
full screen,explicit,BenchmarkWazeroInstantiate/spectralnorm,wazero,memory,B/op,1056175,1056176,1,0.00009468127915024382,0.18398268398268397,false,6,100ms,Measured increase; p-values are not adjusted for multiple comparisons.
full screen,signals,BenchmarkWazeroInstantiate/spectralnorm,wazero,memory,B/op,1056174,1056175,1,0.00009468136878965083,0.18831168831168832,false,6,100ms,Measured increase; p-values are not adjusted for multiple comparisons.
full screen,explicit,BenchmarkWazeroCompile/blake-as,wazero,memory,B/op,1157968,1157968.5,0.5,0.00004317908612883059,0.5454545454545454,false,6,100ms,Measured increase; p-values are not adjusted for multiple comparisons.
full screen,signals,BenchmarkWazeroCompile/blake3,wazero,memory,B/op,1616776,1616776.5,0.5,0.00003092574358820599,0.18181818181818182,false,6,100ms,Measured increase; p-values are not adjusted for multiple comparisons.
full screen,signals,BenchmarkWazeroCompile/isa_ctl,wazero,memory,B/op,723904,723904.5,0.5,0.00006906993192945521,0.5454545454545454,false,6,100ms,Measured increase; p-values are not adjusted for multiple comparisons.
full screen,explicit,BenchmarkWazeroInstantiate/blake3,wazero,memory,B/op,1056055,1056055.5,0.5,0.00004734601890543644,0.4264069264069264,false,6,100ms,Measured increase; p-values are not adjusted for multiple comparisons.
full screen,signals,BenchmarkWazeroInstantiate/isa_mem,wazero,memory,B/op,1055960,1055960.5,0.5,0.000047350278409297175,0.461038961038961,false,6,100ms,Measured increase; p-values are not adjusted for multiple comparisons.
full screen,explicit,BenchmarkWazeroInstantiate/lz4,wazero,memory,B/op,2104692,2104692.5,0.5,0.000023756445122202763,0.5627705627705628,false,6,100ms,Measured increase; p-values are not adjusted for multiple comparisons.
full screen,explicit,BenchmarkWazeroInstantiate/sha256,wazero,memory,B/op,1121734.5,1121735,0.5,0.00004457382740685745,0.5562770562770563,false,6,100ms,Measured increase; p-values are not adjusted for multiple comparisons.
full screen,signals,BenchmarkWazeroExec/branches.classify,wazero,raw batch counter,allocs/op,88549.5,91424.5,2875,3.246771579737895,0.09307359307359307,false,6,100ms,Not a per-call regression; batch size can differ. See B/call and allocs/call.
full screen,signals,BenchmarkWazeroExec/dispatch.apply,wazero,raw batch counter,allocs/op,82557.5,83840,1282.5,1.5534627380916266,0.9372294372294372,false,6,100ms,Not a per-call regression; batch size can differ. See B/call and allocs/call.
full screen,signals,BenchmarkWazeroExec/swar-pack-parse.pack,wazero,raw batch counter,allocs/op,92036,92952.5,916.5,0.9958059889608517,0.5887445887445888,false,6,100ms,Not a per-call regression; batch size can differ. See B/call and allocs/call.
full screen,explicit,BenchmarkWazeroExec/xjb-mulhi.mulhi,wazero,raw batch counter,allocs/op,86148,86827,679,0.7881784835399586,0.6991341991341992,false,6,100ms,Not a per-call regression; batch size can differ. See B/call and allocs/call.
full screen,explicit,BenchmarkWazeroExec/memory.sum,wazero,raw batch counter,allocs/op,6148.5,6810,661.5,10.758721639424241,0.24025974025974026,false,6,100ms,Not a per-call regression; batch size can differ. See B/call and allocs/call.
full screen,signals,BenchmarkWazeroExec/memory.sum,wazero,raw batch counter,allocs/op,6353,6900.5,547.5,8.61797575948371,0.13203463203463203,false,6,100ms,Not a per-call regression; batch size can differ. See B/call and allocs/call.
full screen,signals,BenchmarkWazeroExec/swar-pack-parse.parse4,wazero,raw batch counter,allocs/op,91428.5,91900.5,472,0.5162504033206172,0.9372294372294372,false,6,100ms,Not a per-call regression; batch size can differ. See B/call and allocs/call.
full screen,explicit,BenchmarkWazeroExec/isa_bulk_mem.copy_back_64,wazero,raw batch counter,allocs/op,2982,3177.5,195.5,6.55600268276324,0.30952380952380953,false,6,100ms,Not a per-call regression; batch size can differ. See B/call and allocs/call.
full screen,explicit,BenchmarkWazeroExec/isa_bulk_mem.copy_fwd_64,wazero,raw batch counter,allocs/op,2768.5,2917,148.5,5.363915477695502,0.04112554112554113,true,6,100ms,Not a per-call regression; batch size can differ. See B/call and allocs/call.
full screen,signals,BenchmarkWazeroExec/isa_bulk_mem.copy_back_64,wazero,raw batch counter,allocs/op,3008,3147.5,139.5,4.637632978723394,0.6991341991341992,false,6,100ms,Not a per-call regression; batch size can differ. See B/call and allocs/call.
full screen,signals,BenchmarkWazeroExec/arith.run,wazero,raw batch counter,allocs/op,1493.5,1598,104.5,6.9969869434215015,0.09307359307359307,false,6,100ms,Not a per-call regression; batch size can differ. See B/call and allocs/call.
full screen,signals,BenchmarkWazeroExec/isa_simd_f64x2.nearest,wazero,raw batch counter,allocs/op,781,824,43,5.5057618437900135,0.06926406926406926,false,6,100ms,Not a per-call regression; batch size can differ. See B/call and allocs/call.
full screen,signals,BenchmarkWazeroExec/tiny.add,wazero,raw batch counter,allocs/op,88448,88487,39,0.044093704775693965,1,false,6,100ms,Not a per-call regression; batch size can differ. See B/call and allocs/call.
full screen,signals,BenchmarkWazeroExec/isa_simd_i8x16.neg,wazero,raw batch counter,allocs/op,1529.5,1568,38.5,2.517162471395884,0.021645021645021644,true,6,100ms,Not a per-call regression; batch size can differ. See B/call and allocs/call.
full screen,explicit,BenchmarkWazeroExec/isa_simd_i32x4.extend_low_s,wazero,raw batch counter,allocs/op,1192.5,1225.5,33,2.767295597484276,0.12337662337662338,false,6,100ms,Not a per-call regression; batch size can differ. See B/call and allocs/call.
full screen,explicit,BenchmarkWazeroExec/isa_simd_i32x4.neg,wazero,raw batch counter,allocs/op,1533.5,1562,28.5,1.85849364199544,0.06277056277056277,false,6,100ms,Not a per-call regression; batch size can differ. See B/call and allocs/call.
full screen,signals,BenchmarkWazeroExec/isa_bulk_mem.copy_back_256,wazero,raw batch counter,allocs/op,1842.5,1869.5,27,1.4654002713704317,0.13203463203463203,false,6,100ms,Not a per-call regression; batch size can differ. See B/call and allocs/call.
full screen,explicit,BenchmarkWazeroExec/isa_simd_v128.and,wazero,raw batch counter,allocs/op,1194,1220,26,2.1775544388609624,0.22294372294372294,false,6,100ms,Not a per-call regression; batch size can differ. See B/call and allocs/call.
full screen,signals,BenchmarkWazeroExec/isa_simd_i8x16.shr_u,wazero,raw batch counter,allocs/op,618,643,25,4.045307443365687,0.12554112554112554,false,6,100ms,Not a per-call regression; batch size can differ. See B/call and allocs/call.
full screen,explicit,BenchmarkWazeroExec/isa_simd_i8x16.lt_s,wazero,raw batch counter,allocs/op,934,955,21,2.24839400428265,0.21861471861471862,false,6,100ms,Not a per-call regression; batch size can differ. See B/call and allocs/call.
full screen,explicit,BenchmarkWazeroExec/isa_simd_reduce.i8x16_all_true,wazero,raw batch counter,allocs/op,1057,1077.5,20.5,1.9394512771996109,0.7813852813852814,false,6,100ms,Not a per-call regression; batch size can differ. See B/call and allocs/call.
full screen,signals,BenchmarkWazeroExec/isa_simd_i8x16.max_s,wazero,raw batch counter,allocs/op,1206,1225.5,19.5,1.6169154228855787,0.13203463203463203,false,6,100ms,Not a per-call regression; batch size can differ. See B/call and allocs/call.
full screen,signals,BenchmarkWazeroExec/many_funcs.run,wazero,raw batch counter,allocs/op,81110.5,81130,19.5,0.02404127702331227,0.9372294372294372,false,6,100ms,Not a per-call regression; batch size can differ. See B/call and allocs/call.
full screen,signals,BenchmarkWazeroExec/isa_bulk_mem.copy_fwd_64,wazero,raw batch counter,allocs/op,2817.5,2835.5,18,0.6388642413487133,0.6991341991341992,false,6,100ms,Not a per-call regression; batch size can differ. See B/call and allocs/call.
full screen,signals,BenchmarkWazeroExec/isa_simd_f32x4.gt,wazero,raw batch counter,allocs/op,519.5,536.5,17,3.2723772858517908,0.6753246753246753,false,6,100ms,Not a per-call regression; batch size can differ. See B/call and allocs/call.
full screen,explicit,BenchmarkWazeroExec/isa_simd_i16x8.shr_u,wazero,raw batch counter,allocs/op,920,937,17,1.8478260869565277,0.12121212121212122,false,6,100ms,Not a per-call regression; batch size can differ. See B/call and allocs/call.
full screen,signals,BenchmarkWazeroExec/isa_simd_i8x16.shl,wazero,raw batch counter,allocs/op,627,644,17,2.7113237639553533,0.07575757575757576,false,6,100ms,Not a per-call regression; batch size can differ. See B/call and allocs/call.
full screen,explicit,BenchmarkWazeroExec/isa_bulk_mem.fill_256,wazero,raw batch counter,allocs/op,356.5,373,16.5,4.628330995792429,0.06277056277056277,false,6,100ms,Not a per-call regression; batch size can differ. See B/call and allocs/call.
full screen,signals,BenchmarkWazeroExec/isa_simd_v128.not,wazero,raw batch counter,allocs/op,2392.5,2409,16.5,0.6896551724137945,0.48484848484848486,false,6,100ms,Not a per-call regression; batch size can differ. See B/call and allocs/call.
full screen,signals,BenchmarkWazeroExec/isa_simd_f32x4.ceil,wazero,raw batch counter,allocs/op,788,803.5,15.5,1.9670050761421365,0.5887445887445888,false,6,100ms,Not a per-call regression; batch size can differ. See B/call and allocs/call.
full screen,signals,BenchmarkWazeroExec/isa_simd_f64x2.ne,wazero,raw batch counter,allocs/op,601,616,15,2.4958402662229595,0.42207792207792205,false,6,100ms,Not a per-call regression; batch size can differ. See B/call and allocs/call.
full screen,explicit,BenchmarkWazeroExec/isa_simd_i16x8.neg,wazero,raw batch counter,allocs/op,1561,1576,15,0.9609224855861687,0.29004329004329005,false,6,100ms,Not a per-call regression; batch size can differ. See B/call and allocs/call.
full screen,explicit,BenchmarkWazeroExec/isa_simd_i32x4.max_u,wazero,raw batch counter,allocs/op,1195,1210,15,1.2552301255230214,0.8528138528138528,false,6,100ms,Not a per-call regression; batch size can differ. See B/call and allocs/call.
full screen,explicit,BenchmarkWazeroExec/isa_simd_i8x16.ge_s,wazero,raw batch counter,allocs/op,599.5,614,14.5,2.4186822351959902,0.30735930735930733,false,6,100ms,Not a per-call regression; batch size can differ. See B/call and allocs/call.
full screen,signals,BenchmarkWazeroExec/isa_bulk_mem.fill_64,wazero,raw batch counter,allocs/op,472.5,486.5,14,2.9629629629629672,0.8593073593073594,false,6,100ms,Not a per-call regression; batch size can differ. See B/call and allocs/call.
full screen,signals,BenchmarkWazeroExec/isa_simd_i64x2.shl,wazero,raw batch counter,allocs/op,925.5,939.5,14,1.512695840086442,0.17965367965367965,false,6,100ms,Not a per-call regression; batch size can differ. See B/call and allocs/call.
full screen,signals,BenchmarkWazeroExec/isa_simd_v128.xor,wazero,raw batch counter,allocs/op,1216.5,1230,13.5,1.1097410604192337,0.6320346320346321,false,6,100ms,Not a per-call regression; batch size can differ. See B/call and allocs/call.
full screen,explicit,BenchmarkWazeroExec/isa_simd_i64x2.add,wazero,raw batch counter,allocs/op,1214.5,1227.5,13,1.070399341292716,0.21428571428571427,false,6,100ms,Not a per-call regression; batch size can differ. See B/call and allocs/call.
full screen,explicit,BenchmarkWazeroExec/isa_simd_i32x4.trunc_sat_f64x2_u_zero,wazero,raw batch counter,allocs/op,200,212.5,12.5,6.25,0.0367965367965368,true,6,100ms,Not a per-call regression; batch size can differ. See B/call and allocs/call.
full screen,signals,BenchmarkWazeroExec/isa_simd_i64x2.lt_s,wazero,raw batch counter,allocs/op,528,540.5,12.5,2.367424242424243,0.05627705627705628,false,6,100ms,Not a per-call regression; batch size can differ. See B/call and allocs/call.
full screen,explicit,BenchmarkWazeroExec/isa_simd_i8x16.eq,wazero,raw batch counter,allocs/op,1216,1228.5,12.5,1.0279605263157965,0.23593073593073594,false,6,100ms,Not a per-call regression; batch size can differ. See B/call and allocs/call.
full screen,explicit,BenchmarkWazeroExec/isa_simd_i16x8.max_s,wazero,raw batch counter,allocs/op,1216,1227.5,11.5,0.945723684210531,0.047619047619047616,true,6,100ms,Not a per-call regression; batch size can differ. See B/call and allocs/call.
full screen,signals,BenchmarkWazeroExec/isa_simd_i64x2.sub,wazero,raw batch counter,allocs/op,1215,1226.5,11.5,0.9465020576131744,0.2878787878787879,false,6,100ms,Not a per-call regression; batch size can differ. See B/call and allocs/call.
full screen,explicit,BenchmarkWazeroExec/isa_mem.load_i32_stride,wazero,raw batch counter,allocs/op,181,192,11,6.077348066298338,0.08008658008658008,false,6,100ms,Not a per-call regression; batch size can differ. See B/call and allocs/call.
full screen,explicit,BenchmarkWazeroExec/isa_simd_i16x8.abs,wazero,raw batch counter,allocs/op,1216,1227,11,0.9046052631578982,0.09307359307359307,false,6,100ms,Not a per-call regression; batch size can differ. See B/call and allocs/call.
full screen,explicit,BenchmarkWazeroExec/isa_simd_i32x4.abs,wazero,raw batch counter,allocs/op,1217,1228,11,0.9038619556285932,0.1038961038961039,false,6,100ms,Not a per-call regression; batch size can differ. See B/call and allocs/call.
full screen,explicit,BenchmarkWazeroExec/isa_simd_i64x2.extend_low_u,wazero,raw batch counter,allocs/op,1217,1228,11,0.9038619556285932,0.01948051948051948,true,6,100ms,Not a per-call regression; batch size can differ. See B/call and allocs/call.
full screen,signals,BenchmarkWazeroExec/isa_simd_i16x8.max_u,wazero,raw batch counter,allocs/op,1203.5,1214,10.5,0.8724553385957678,0.7380952380952381,false,6,100ms,Not a per-call regression; batch size can differ. See B/call and allocs/call.
full screen,explicit,BenchmarkWazeroExec/isa_simd_i8x16.sub_sat_u,wazero,raw batch counter,allocs/op,600.5,611,10.5,1.7485428809325576,0.7337662337662337,false,6,100ms,Not a per-call regression; batch size can differ. See B/call and allocs/call.
full screen,explicit,BenchmarkWazeroExec/isa_simd_i16x8.gt_s,wazero,raw batch counter,allocs/op,1212.5,1222.5,10,0.8247422680412342,0.19264069264069264,false,6,100ms,Not a per-call regression; batch size can differ. See B/call and allocs/call.
full screen,explicit,BenchmarkWazeroExec/isa_simd_i32x4.extadd_pairwise_u,wazero,raw batch counter,allocs/op,458.5,468.5,10,2.1810250817884347,0.11471861471861472,false,6,100ms,Not a per-call regression; batch size can differ. See B/call and allocs/call.
full screen,explicit,BenchmarkWazeroExec/isa_simd_i8x16.min_u,wazero,raw batch counter,allocs/op,1220.5,1230.5,10,0.8193363375665674,0.48484848484848486,false,6,100ms,Not a per-call regression; batch size can differ. See B/call and allocs/call.
full screen,explicit,BenchmarkWazeroExec/isa_simd_i16x8.min_u,wazero,raw batch counter,allocs/op,1215,1224.5,9.5,0.7818930041152194,0.3181818181818182,false,6,100ms,Not a per-call regression; batch size can differ. See B/call and allocs/call.
full screen,explicit,BenchmarkWazeroExec/isa_simd_i8x16.gt_s,wazero,raw batch counter,allocs/op,1217,1226.5,9.5,0.7806080525883274,0.38095238095238093,false,6,100ms,Not a per-call regression; batch size can differ. See B/call and allocs/call.
full screen,signals,BenchmarkWazeroExec/isa_simd_i8x16.eq,wazero,raw batch counter,allocs/op,1222.5,1231.5,9,0.7361963190184007,0.5541125541125541,false,6,100ms,Not a per-call regression; batch size can differ. See B/call and allocs/call.
full screen,explicit,BenchmarkWazeroExec/isa_simd_f64x2.ceil,wazero,raw batch counter,allocs/op,812,820.5,8.5,1.0467980295566504,0.45454545454545453,false,6,100ms,Not a per-call regression; batch size can differ. See B/call and allocs/call.
full screen,signals,BenchmarkWazeroExec/isa_simd_f64x2.promote_low_f32x4,wazero,raw batch counter,allocs/op,812,820.5,8.5,1.0467980295566504,0.7748917748917749,false,6,100ms,Not a per-call regression; batch size can differ. See B/call and allocs/call.
full screen,signals,BenchmarkWazeroExec/isa_simd_i16x8.extend_low_s,wazero,raw batch counter,allocs/op,1220,1228.5,8.5,0.6967213114754012,0.5497835497835498,false,6,100ms,Not a per-call regression; batch size can differ. See B/call and allocs/call.
full screen,signals,BenchmarkWazeroExec/isa_simd_i16x8.mul,wazero,raw batch counter,allocs/op,399.5,407.5,8,2.0025031289111483,0.28354978354978355,false,6,100ms,Not a per-call regression; batch size can differ. See B/call and allocs/call.
full screen,explicit,BenchmarkWazeroExec/isa_simd_i16x8.sub,wazero,raw batch counter,allocs/op,1220.5,1228.5,8,0.6554690700532495,0.3874458874458874,false,6,100ms,Not a per-call regression; batch size can differ. See B/call and allocs/call.
full screen,signals,BenchmarkWazeroExec/isa_simd_i64x2.abs,wazero,raw batch counter,allocs/op,950.5,958.5,8,0.8416622830089482,0.08441558441558442,false,6,100ms,Not a per-call regression; batch size can differ. See B/call and allocs/call.
full screen,explicit,BenchmarkWazeroExec/isa_simd_i8x16.add_sat_s,wazero,raw batch counter,allocs/op,609.5,617.5,8,1.312551271534046,0.30735930735930733,false,6,100ms,Not a per-call regression; batch size can differ. See B/call and allocs/call.
full screen,explicit,BenchmarkWazeroExec/isa_simd_f64x2.floor,wazero,raw batch counter,allocs/op,813.5,821,7.5,0.9219422249538978,0.5627705627705628,false,6,100ms,Not a per-call regression; batch size can differ. See B/call and allocs/call.
full screen,signals,BenchmarkWazeroExec/isa_simd_i64x2.ne,wazero,raw batch counter,allocs/op,399.5,407,7.5,1.8773466833541974,0.33116883116883117,false,6,100ms,Not a per-call regression; batch size can differ. See B/call and allocs/call.
full screen,explicit,BenchmarkWazeroExec/isa_mem.store_i64,wazero,raw batch counter,allocs/op,242,249,7,2.892561983471076,0.4264069264069264,false,6,100ms,Not a per-call regression; batch size can differ. See B/call and allocs/call.
full screen,explicit,BenchmarkWazeroExec/isa_simd_f32x4.eq,wazero,raw batch counter,allocs/op,610,617,7,1.1475409836065653,0.7207792207792207,false,6,100ms,Not a per-call regression; batch size can differ. See B/call and allocs/call.
full screen,explicit,BenchmarkWazeroExec/isa_simd_i64x2.shr_u,wazero,raw batch counter,allocs/op,919.5,926.5,7,0.7612833061446445,0.6233766233766234,false,6,100ms,Not a per-call regression; batch size can differ. See B/call and allocs/call.
full screen,explicit,BenchmarkWazeroExec/isa_simd_reduce.i16x8_all_true,wazero,raw batch counter,allocs/op,1081,1088,7,0.647548566142464,0.6688311688311688,false,6,100ms,Not a per-call regression; batch size can differ. See B/call and allocs/call.
full screen,signals,BenchmarkWazeroExec/isa_simd_reduce.i16x8_all_true,wazero,raw batch counter,allocs/op,1076.5,1083.5,7,0.6502554575011699,0.329004329004329,false,6,100ms,Not a per-call regression; batch size can differ. See B/call and allocs/call.
full screen,signals,BenchmarkWazeroExec/isa_bulk_mem.fill_4096,wazero,raw batch counter,allocs/op,153.5,160,6.5,4.234527687296419,0.049783549783549784,true,6,100ms,Not a per-call regression; batch size can differ. See B/call and allocs/call.
full screen,explicit,BenchmarkWazeroExec/isa_bulk_mem.fill_64,wazero,raw batch counter,allocs/op,486,492.5,6.5,1.337448559670773,0.19047619047619047,false,6,100ms,Not a per-call regression; batch size can differ. See B/call and allocs/call.
full screen,explicit,BenchmarkWazeroExec/isa_simd_f64x2.add,wazero,raw batch counter,allocs/op,406.5,413,6.5,1.5990159901599021,0.023809523809523808,true,6,100ms,Not a per-call regression; batch size can differ. See B/call and allocs/call.
full screen,explicit,BenchmarkWazeroExec/isa_simd_f64x2.gt,wazero,raw batch counter,allocs/op,528,534.5,6.5,1.2310606060605966,1,false,6,100ms,Not a per-call regression; batch size can differ. See B/call and allocs/call.
full screen,explicit,BenchmarkWazeroExec/isa_simd_i16x8.extend_low_u,wazero,raw batch counter,allocs/op,1219,1225.5,6.5,0.533223954060702,0.3593073593073593,false,6,100ms,Not a per-call regression; batch size can differ. See B/call and allocs/call.
full screen,signals,BenchmarkWazeroExec/isa_simd_i32x4.extend_high_u,wazero,raw batch counter,allocs/op,607.5,614,6.5,1.0699588477366184,0.032467532467532464,true,6,100ms,Not a per-call regression; batch size can differ. See B/call and allocs/call.
full screen,explicit,BenchmarkWazeroExec/isa_simd_i32x4.lt_u,wazero,raw batch counter,allocs/op,366.5,373,6.5,1.7735334242837686,0.22294372294372294,false,6,100ms,Not a per-call regression; batch size can differ. See B/call and allocs/call.
full screen,explicit,BenchmarkWazeroExec/lz4.lz4_decompress_run,wazero,raw batch counter,allocs/op,387,393.5,6.5,1.6795865633074891,0.45670995670995673,false,6,100ms,Not a per-call regression; batch size can differ. See B/call and allocs/call.
full screen,signals,BenchmarkWazeroExec/isa_mem.store_i32,wazero,raw batch counter,allocs/op,240.5,246.5,6,2.494802494802495,0.4155844155844156,false,6,100ms,Not a per-call regression; batch size can differ. See B/call and allocs/call.
full screen,signals,BenchmarkWazeroExec/isa_simd_f64x2.pmax,wazero,raw batch counter,allocs/op,532,538,6,1.1278195488721776,0.5670995670995671,false,6,100ms,Not a per-call regression; batch size can differ. See B/call and allocs/call.
full screen,explicit,BenchmarkWazeroExec/isa_simd_i16x8.eq,wazero,raw batch counter,allocs/op,1213.5,1219.5,6,0.49443757725586845,0.9805194805194806,false,6,100ms,Not a per-call regression; batch size can differ. See B/call and allocs/call.
full screen,explicit,BenchmarkWazeroExec/isa_simd_i16x8.narrow_i32x4_u,wazero,raw batch counter,allocs/op,605,611,6,0.9917355371900749,0.23376623376623376,false,6,100ms,Not a per-call regression; batch size can differ. See B/call and allocs/call.
full screen,explicit,BenchmarkWazeroExec/isa_simd_i32x4.gt_s,wazero,raw batch counter,allocs/op,1227,1233,6,0.4889975550122161,0.23809523809523808,false,6,100ms,Not a per-call regression; batch size can differ. See B/call and allocs/call.
full screen,signals,BenchmarkWazeroExec/isa_simd_i32x4.trunc_sat_f64x2_u_zero,wazero,raw batch counter,allocs/op,198.5,204.5,6,3.0226700251889227,0.2510822510822511,false,6,100ms,Not a per-call regression; batch size can differ. See B/call and allocs/call.
full screen,signals,BenchmarkWazeroExec/isa_simd_i64x2.extend_low_s,wazero,raw batch counter,allocs/op,1215,1221,6,0.49382716049382047,0.329004329004329,false,6,100ms,Not a per-call regression; batch size can differ. See B/call and allocs/call.
full screen,signals,BenchmarkWazeroExec/isa_simd_i64x2.shr_u,wazero,raw batch counter,allocs/op,925,931,6,0.648648648648642,0.5584415584415584,false,6,100ms,Not a per-call regression; batch size can differ. See B/call and allocs/call.
full screen,signals,BenchmarkWazeroExec/lz4.lz4_decompress_run,wazero,raw batch counter,allocs/op,390,396,6,1.538461538461533,0.21645021645021645,false,6,100ms,Not a per-call regression; batch size can differ. See B/call and allocs/call.
full screen,explicit,BenchmarkWazeroExec/isa_simd_f64x2.pmax,wazero,raw batch counter,allocs/op,534,539.5,5.5,1.0299625468164875,0.05627705627705628,false,6,100ms,Not a per-call regression; batch size can differ. See B/call and allocs/call.
full screen,signals,BenchmarkWazeroExec/isa_simd_i16x8.extend_high_s,wazero,raw batch counter,allocs/op,610,615.5,5.5,0.9016393442623061,0.4134199134199134,false,6,100ms,Not a per-call regression; batch size can differ. See B/call and allocs/call.
full screen,explicit,BenchmarkWazeroExec/isa_simd_i16x8.max_u,wazero,raw batch counter,allocs/op,1210.5,1216,5.5,0.45435770342834303,0.7878787878787878,false,6,100ms,Not a per-call regression; batch size can differ. See B/call and allocs/call.
full screen,signals,BenchmarkWazeroExec/isa_simd_i32x4.le_u,wazero,raw batch counter,allocs/op,535,540.5,5.5,1.0280373831775602,0.2554112554112554,false,6,100ms,Not a per-call regression; batch size can differ. See B/call and allocs/call.
full screen,signals,BenchmarkWazeroExec/isa_simd_f64x2.mul,wazero,raw batch counter,allocs/op,405.5,410.5,5,1.2330456226880449,0.06926406926406926,false,6,100ms,Not a per-call regression; batch size can differ. See B/call and allocs/call.
full screen,explicit,BenchmarkWazeroExec/isa_simd_f64x2.promote_low_f32x4,wazero,raw batch counter,allocs/op,812.5,817.5,5,0.6153846153846176,0.9761904761904762,false,6,100ms,Not a per-call regression; batch size can differ. See B/call and allocs/call.
full screen,explicit,BenchmarkWazeroExec/isa_simd_i16x8.extend_low_s,wazero,raw batch counter,allocs/op,1223.5,1228.5,5,0.408663669799747,0.3008658008658009,false,6,100ms,Not a per-call regression; batch size can differ. See B/call and allocs/call.
full screen,explicit,BenchmarkWazeroExec/isa_simd_reduce.i16x8_bitmask,wazero,raw batch counter,allocs/op,1592.5,1597.5,5,0.31397174254317317,0.33116883116883117,false,6,100ms,Not a per-call regression; batch size can differ. See B/call and allocs/call.
full screen,explicit,BenchmarkWazeroExec/isa_simd_reduce.i32x4_all_true,wazero,raw batch counter,allocs/op,1080.5,1085.5,5,0.46274872744100914,0.461038961038961,false,6,100ms,Not a per-call regression; batch size can differ. See B/call and allocs/call.
full screen,signals,BenchmarkWazeroExec/isa_simd_f64x2.neg,wazero,raw batch counter,allocs/op,1118.5,1123,4.5,0.40232454179705,0.48484848484848486,false,6,100ms,Not a per-call regression; batch size can differ. See B/call and allocs/call.
full screen,signals,BenchmarkWazeroExec/isa_simd_i16x8.min_s,wazero,raw batch counter,allocs/op,1220.5,1225,4.5,0.36870135190496534,0.45454545454545453,false,6,100ms,Not a per-call regression; batch size can differ. See B/call and allocs/call.
full screen,explicit,BenchmarkWazeroExec/isa_simd_i32x4.extadd_pairwise_s,wazero,raw batch counter,allocs/op,811,815.5,4.5,0.5548705302096169,0.40476190476190477,false,6,100ms,Not a per-call regression; batch size can differ. See B/call and allocs/call.
full screen,explicit,BenchmarkWazeroExec/isa_simd_i8x16.neg,wazero,raw batch counter,allocs/op,1558.5,1563,4.5,0.2887391722810495,0.9372294372294372,false,6,100ms,Not a per-call regression; batch size can differ. See B/call and allocs/call.
full screen,signals,BenchmarkWazeroExec/zstd.zstd_decompress_run,wazero,raw batch counter,allocs/op,259,263.5,4.5,1.737451737451745,0.14285714285714285,false,6,100ms,Not a per-call regression; batch size can differ. See B/call and allocs/call.
full screen,signals,BenchmarkWazeroExec/isa_bulk_mem.copy_back_4096,wazero,raw batch counter,allocs/op,207.5,211.5,4,1.9277108433734869,0.24025974025974026,false,6,100ms,Not a per-call regression; batch size can differ. See B/call and allocs/call.
full screen,signals,BenchmarkWazeroExec/isa_i64.rotl,wazero,raw batch counter,allocs/op,147.5,151.5,4,2.7118644067796627,0.0021645021645021645,true,6,100ms,Not a per-call regression; batch size can differ. See B/call and allocs/call.
full screen,explicit,BenchmarkWazeroExec/isa_simd_f32x4.abs,wazero,raw batch counter,allocs/op,1539,1543,4,0.2599090318388564,0.48484848484848486,false,6,100ms,Not a per-call regression; batch size can differ. See B/call and allocs/call.
full screen,signals,BenchmarkWazeroExec/isa_simd_f64x2.le,wazero,raw batch counter,allocs/op,611.5,615.5,4,0.6541291905151292,0.3354978354978355,false,6,100ms,Not a per-call regression; batch size can differ. See B/call and allocs/call.
full screen,signals,BenchmarkWazeroExec/isa_simd_i16x8.le_u,wazero,raw batch counter,allocs/op,530.5,534.5,4,0.7540056550424223,0.4069264069264069,false,6,100ms,Not a per-call regression; batch size can differ. See B/call and allocs/call.
full screen,signals,BenchmarkWazeroExec/isa_simd_i16x8.lt_u,wazero,raw batch counter,allocs/op,372,376,4,1.0752688172043001,0.3484848484848485,false,6,100ms,Not a per-call regression; batch size can differ. See B/call and allocs/call.
full screen,signals,BenchmarkWazeroExec/isa_simd_i16x8.shr_u,wazero,raw batch counter,allocs/op,925.5,929.5,4,0.432198811453266,0.9372294372294372,false,6,100ms,Not a per-call regression; batch size can differ. See B/call and allocs/call.
full screen,explicit,BenchmarkWazeroExec/isa_simd_i32x4.eq,wazero,raw batch counter,allocs/op,1216,1220,4,0.328947368421062,0.7748917748917749,false,6,100ms,Not a per-call regression; batch size can differ. See B/call and allocs/call.
full screen,signals,BenchmarkWazeroExec/isa_simd_i64x2.extmul_low_s,wazero,raw batch counter,allocs/op,131.5,135.5,4,3.041825095057038,0.025974025974025976,true,6,100ms,Not a per-call regression; batch size can differ. See B/call and allocs/call.
full screen,explicit,BenchmarkWazeroExec/isa_simd_v128.andnot,wazero,raw batch counter,allocs/op,950.5,954.5,4,0.420831141504463,0.4199134199134199,false,6,100ms,Not a per-call regression; batch size can differ. See B/call and allocs/call.
full screen,explicit,BenchmarkWazeroExec/memory_tree.run,wazero,raw batch counter,allocs/op,98,102,4,4.081632653061229,0.36796536796536794,false,6,100ms,Not a per-call regression; batch size can differ. See B/call and allocs/call.
full screen,signals,BenchmarkWazeroExec/memory_tree.run,wazero,raw batch counter,allocs/op,97.5,101.5,4,4.10256410256411,0.015151515151515152,true,6,100ms,Not a per-call regression; batch size can differ. See B/call and allocs/call.
full screen,signals,BenchmarkWazeroExec/swar-pack-parse.runN,wazero,raw batch counter,allocs/op,1213,1217,4,0.3297609233305909,0.7380952380952381,false,6,100ms,Not a per-call regression; batch size can differ. See B/call and allocs/call.
full screen,signals,BenchmarkWazeroExec/isa_ctl.select,wazero,raw batch counter,allocs/op,98.5,102,3.5,3.5532994923857864,0.045454545454545456,true,6,100ms,Not a per-call regression; batch size can differ. See B/call and allocs/call.
full screen,signals,BenchmarkWazeroExec/isa_cvt.i64_extend_u,wazero,raw batch counter,allocs/op,304,307.5,3.5,1.1513157894736947,0.19264069264069264,false,6,100ms,Not a per-call regression; batch size can differ. See B/call and allocs/call.
full screen,explicit,BenchmarkWazeroExec/isa_i64.rotr,wazero,raw batch counter,allocs/op,147.5,151,3.5,2.3728813559322104,0.10606060606060606,false,6,100ms,Not a per-call regression; batch size can differ. See B/call and allocs/call.
full screen,signals,BenchmarkWazeroExec/isa_mem.store_i64,wazero,raw batch counter,allocs/op,243.5,247,3.5,1.4373716632443578,0.17316017316017315,false,6,100ms,Not a per-call regression; batch size can differ. See B/call and allocs/call.
full screen,signals,BenchmarkWazeroExec/isa_simd_f32x4.lt,wazero,raw batch counter,allocs/op,614.5,618,3.5,0.5695687550854256,0.030303030303030304,true,6,100ms,Not a per-call regression; batch size can differ. See B/call and allocs/call.
full screen,signals,BenchmarkWazeroExec/isa_simd_f64x2.ge,wazero,raw batch counter,allocs/op,534.5,538,3.5,0.654817586529477,0.19480519480519481,false,6,100ms,Not a per-call regression; batch size can differ. See B/call and allocs/call.
full screen,explicit,BenchmarkWazeroExec/isa_simd_i32x4.shr_u,wazero,raw batch counter,allocs/op,932,935.5,3.5,0.375536480686689,0.9004329004329005,false,6,100ms,Not a per-call regression; batch size can differ. See B/call and allocs/call.
full screen,signals,BenchmarkWazeroExec/isa_simd_i64x2.extend_high_s,wazero,raw batch counter,allocs/op,609.5,613,3.5,0.5742411812961423,0.13203463203463203,false,6,100ms,Not a per-call regression; batch size can differ. See B/call and allocs/call.
full screen,explicit,BenchmarkWazeroExec/isa_simd_v128.bitselect,wazero,raw batch counter,allocs/op,608,611.5,3.5,0.5756578947368363,0.6645021645021645,false,6,100ms,Not a per-call regression; batch size can differ. See B/call and allocs/call.
full screen,explicit,BenchmarkWazeroExec/isa_i64.clz,wazero,raw batch counter,allocs/op,150,153,3,2.0000000000000018,0.045454545454545456,true,6,100ms,Not a per-call regression; batch size can differ. See B/call and allocs/call.
full screen,signals,BenchmarkWazeroExec/isa_simd_f32x4.floor,wazero,raw batch counter,allocs/op,811.5,814.5,3,0.3696857670979714,0.11904761904761904,false,6,100ms,Not a per-call regression; batch size can differ. See B/call and allocs/call.
full screen,signals,BenchmarkWazeroExec/isa_simd_f32x4.pmin,wazero,raw batch counter,allocs/op,537,540,3,0.5586592178770999,0.44805194805194803,false,6,100ms,Not a per-call regression; batch size can differ. See B/call and allocs/call.
full screen,signals,BenchmarkWazeroExec/isa_simd_i16x8.gt_u,wazero,raw batch counter,allocs/op,407,410,3,0.7371007371007376,0.3528138528138528,false,6,100ms,Not a per-call regression; batch size can differ. See B/call and allocs/call.
full screen,signals,BenchmarkWazeroExec/isa_simd_i16x8.lt_s,wazero,raw batch counter,allocs/op,954.5,957.5,3,0.3143006809848137,0.961038961038961,false,6,100ms,Not a per-call regression; batch size can differ. See B/call and allocs/call.
full screen,signals,BenchmarkWazeroExec/isa_simd_i16x8.narrow_i32x4_u,wazero,raw batch counter,allocs/op,614,617,3,0.48859934853420217,0.670995670995671,false,6,100ms,Not a per-call regression; batch size can differ. See B/call and allocs/call.
full screen,signals,BenchmarkWazeroExec/isa_simd_i16x8.sub_sat_s,wazero,raw batch counter,allocs/op,610.5,613.5,3,0.49140049140048436,0.7186147186147186,false,6,100ms,Not a per-call regression; batch size can differ. See B/call and allocs/call.
full screen,explicit,BenchmarkWazeroExec/isa_simd_i32x4.extend_high_s,wazero,raw batch counter,allocs/op,612,615,3,0.4901960784313708,0.2878787878787879,false,6,100ms,Not a per-call regression; batch size can differ. See B/call and allocs/call.
full screen,signals,BenchmarkWazeroExec/isa_simd_i8x16.avgr_u,wazero,raw batch counter,allocs/op,610,613,3,0.4918032786885185,0.6796536796536796,false,6,100ms,Not a per-call regression; batch size can differ. See B/call and allocs/call.
full screen,signals,BenchmarkWazeroExec/isa_simd_i8x16.lt_s,wazero,raw batch counter,allocs/op,950,953,3,0.3157894736842026,1,false,6,100ms,Not a per-call regression; batch size can differ. See B/call and allocs/call.
full screen,signals,BenchmarkWazeroExec/isa_simd_reduce.i64x2_bitmask,wazero,raw batch counter,allocs/op,1512,1515,3,0.1984126984126977,0.7857142857142857,false,6,100ms,Not a per-call regression; batch size can differ. See B/call and allocs/call.
full screen,explicit,BenchmarkWazeroExec/isa_simd_v128.xor,wazero,raw batch counter,allocs/op,1219,1222,3,0.24610336341264194,0.9826839826839827,false,6,100ms,Not a per-call regression; batch size can differ. See B/call and allocs/call.
full screen,signals,BenchmarkWazeroExec/qoi.qoi_decode_run,wazero,raw batch counter,allocs/op,154.5,157.5,3,1.9417475728155331,1,false,6,100ms,Not a per-call regression; batch size can differ. See B/call and allocs/call.
full screen,signals,BenchmarkWazeroExec/isa_bulk_mem.fill_256,wazero,raw batch counter,allocs/op,369.5,372,2.5,0.6765899864682012,0.8679653679653679,false,6,100ms,Not a per-call regression; batch size can differ. See B/call and allocs/call.
full screen,explicit,BenchmarkWazeroExec/isa_mem.load_i32,wazero,raw batch counter,allocs/op,215,217.5,2.5,1.1627906976744207,0.3333333333333333,false,6,100ms,Not a per-call regression; batch size can differ. See B/call and allocs/call.
full screen,explicit,BenchmarkWazeroExec/isa_mem.store_i32_stride,wazero,raw batch counter,allocs/op,214.5,217,2.5,1.1655011655011593,0.30735930735930733,false,6,100ms,Not a per-call regression; batch size can differ. See B/call and allocs/call.
full screen,signals,BenchmarkWazeroExec/isa_simd_f32x4.eq,wazero,raw batch counter,allocs/op,611,613.5,2.5,0.40916530278232166,0.5670995670995671,false,6,100ms,Not a per-call regression; batch size can differ. See B/call and allocs/call.
full screen,signals,BenchmarkWazeroExec/isa_simd_f32x4.le,wazero,raw batch counter,allocs/op,611.5,614,2.5,0.40883074407196407,0.6601731601731602,false,6,100ms,Not a per-call regression; batch size can differ. See B/call and allocs/call.
full screen,explicit,BenchmarkWazeroExec/isa_simd_f32x4.lt,wazero,raw batch counter,allocs/op,614,616.5,2.5,0.4071661237784907,0.37445887445887444,false,6,100ms,Not a per-call regression; batch size can differ. See B/call and allocs/call.
full screen,explicit,BenchmarkWazeroExec/isa_simd_f32x4.ne,wazero,raw batch counter,allocs/op,608,610.5,2.5,0.41118421052630527,0.2878787878787879,false,6,100ms,Not a per-call regression; batch size can differ. See B/call and allocs/call.
full screen,signals,BenchmarkWazeroExec/isa_simd_f64x2.convert_low_i32x4_s,wazero,raw batch counter,allocs/op,809.5,812,2.5,0.30883261272389717,0.2813852813852814,false,6,100ms,Not a per-call regression; batch size can differ. See B/call and allocs/call.
full screen,explicit,BenchmarkWazeroExec/isa_simd_i16x8.extmul_low_s,wazero,raw batch counter,allocs/op,245,247.5,2.5,1.0204081632652962,0.05844155844155844,false,6,100ms,Not a per-call regression; batch size can differ. See B/call and allocs/call.
full screen,signals,BenchmarkWazeroExec/isa_simd_i16x8.shl,wazero,raw batch counter,allocs/op,927.5,930,2.5,0.26954177897573484,0.8181818181818182,false,6,100ms,Not a per-call regression; batch size can differ. See B/call and allocs/call.
full screen,signals,BenchmarkWazeroExec/isa_simd_i32x4.extadd_pairwise_u,wazero,raw batch counter,allocs/op,461,463.5,2.5,0.5422993492407713,0.8506493506493507,false,6,100ms,Not a per-call regression; batch size can differ. See B/call and allocs/call.
full screen,signals,BenchmarkWazeroExec/isa_simd_i32x4.extend_low_s,wazero,raw batch counter,allocs/op,1216.5,1219,2.5,0.2055076037813297,0.79004329004329,false,6,100ms,Not a per-call regression; batch size can differ. See B/call and allocs/call.
full screen,signals,BenchmarkWazeroExec/isa_simd_i32x4.le_s,wazero,raw batch counter,allocs/op,537,539.5,2.5,0.4655493482309092,0.21645021645021645,false,6,100ms,Not a per-call regression; batch size can differ. See B/call and allocs/call.
full screen,explicit,BenchmarkWazeroExec/isa_simd_i32x4.lt_s,wazero,raw batch counter,allocs/op,951.5,954,2.5,0.26274303730950965,0.3593073593073593,false,6,100ms,Not a per-call regression; batch size can differ. See B/call and allocs/call.
full screen,signals,BenchmarkWazeroExec/isa_simd_i32x4.lt_s,wazero,raw batch counter,allocs/op,954,956.5,2.5,0.2620545073375169,0.4134199134199134,false,6,100ms,Not a per-call regression; batch size can differ. See B/call and allocs/call.
full screen,signals,BenchmarkWazeroExec/isa_simd_i32x4.mul,wazero,raw batch counter,allocs/op,408,410.5,2.5,0.6127450980392135,0.30303030303030304,false,6,100ms,Not a per-call regression; batch size can differ. See B/call and allocs/call.
full screen,explicit,BenchmarkWazeroExec/isa_simd_i64x2.le_s,wazero,raw batch counter,allocs/op,406.5,409,2.5,0.6150061500614923,0.6103896103896104,false,6,100ms,Not a per-call regression; batch size can differ. See B/call and allocs/call.
full screen,explicit,BenchmarkWazeroExec/isa_simd_i64x2.shl,wazero,raw batch counter,allocs/op,925.5,928,2.5,0.27012425715828847,0.7337662337662337,false,6,100ms,Not a per-call regression; batch size can differ. See B/call and allocs/call.
full screen,explicit,BenchmarkWazeroExec/isa_simd_i8x16.abs,wazero,raw batch counter,allocs/op,1194.5,1197,2.5,0.20929259104227604,0.5086580086580087,false,6,100ms,Not a per-call regression; batch size can differ. See B/call and allocs/call.
full screen,explicit,BenchmarkWazeroExec/isa_simd_i8x16.popcnt,wazero,raw batch counter,allocs/op,435.5,438,2.5,0.574052812858783,0.9805194805194806,false,6,100ms,Not a per-call regression; batch size can differ. See B/call and allocs/call.
full screen,explicit,BenchmarkWazeroExec/isa_simd_i8x16.sub_sat_s,wazero,raw batch counter,allocs/op,616,618.5,2.5,0.40584415584414835,1,false,6,100ms,Not a per-call regression; batch size can differ. See B/call and allocs/call.
full screen,explicit,BenchmarkWazeroExec/isa_bulk_mem.fill_4096,wazero,raw batch counter,allocs/op,155,157,2,1.2903225806451646,0.47186147186147187,false,6,100ms,Not a per-call regression; batch size can differ. See B/call and allocs/call.
full screen,signals,BenchmarkWazeroExec/isa_i64.or,wazero,raw batch counter,allocs/op,152,154,2,1.3157894736842035,1,false,6,100ms,Not a per-call regression; batch size can differ. See B/call and allocs/call.
full screen,signals,BenchmarkWazeroExec/isa_mem.load_f64,wazero,raw batch counter,allocs/op,202,204,2,0.990099009900991,0.21212121212121213,false,6,100ms,Not a per-call regression; batch size can differ. See B/call and allocs/call.
full screen,signals,BenchmarkWazeroExec/isa_simd_f32x4.min,wazero,raw batch counter,allocs/op,203,205,2,0.9852216748768461,0.44805194805194803,false,6,100ms,Not a per-call regression; batch size can differ. See B/call and allocs/call.
full screen,explicit,BenchmarkWazeroExec/isa_simd_f32x4.mul,wazero,raw batch counter,allocs/op,408,410,2,0.4901960784313708,0.5562770562770563,false,6,100ms,Not a per-call regression; batch size can differ. See B/call and allocs/call.
full screen,explicit,BenchmarkWazeroExec/isa_simd_f64x2.pmin,wazero,raw batch counter,allocs/op,536.5,538.5,2,0.37278657968313755,0.79004329004329,false,6,100ms,Not a per-call regression; batch size can differ. See B/call and allocs/call.
full screen,signals,BenchmarkWazeroExec/isa_simd_i16x8.abs,wazero,raw batch counter,allocs/op,1219,1221,2,0.1640689089417613,0.9047619047619048,false,6,100ms,Not a per-call regression; batch size can differ. See B/call and allocs/call.
full screen,signals,BenchmarkWazeroExec/isa_simd_i16x8.eq,wazero,raw batch counter,allocs/op,1196.5,1198.5,2,0.16715419974926427,0.9372294372294372,false,6,100ms,Not a per-call regression; batch size can differ. See B/call and allocs/call.
full screen,explicit,BenchmarkWazeroExec/isa_simd_i16x8.lt_u,wazero,raw batch counter,allocs/op,372,374,2,0.5376344086021501,0.31385281385281383,false,6,100ms,Not a per-call regression; batch size can differ. See B/call and allocs/call.
full screen,explicit,BenchmarkWazeroExec/isa_simd_i32x4.extmul_high_s,wazero,raw batch counter,allocs/op,174.5,176.5,2,1.1461318051575908,0.2077922077922078,false,6,100ms,Not a per-call regression; batch size can differ. See B/call and allocs/call.
full screen,signals,BenchmarkWazeroExec/isa_simd_i32x4.extmul_low_u,wazero,raw batch counter,allocs/op,244.5,246.5,2,0.8179959100204526,0.16017316017316016,false,6,100ms,Not a per-call regression; batch size can differ. See B/call and allocs/call.
full screen,explicit,BenchmarkWazeroExec/isa_simd_i64x2.eq,wazero,raw batch counter,allocs/op,609.5,611.5,2,0.3281378178835004,0.8593073593073594,false,6,100ms,Not a per-call regression; batch size can differ. See B/call and allocs/call.
full screen,signals,BenchmarkWazeroExec/isa_simd_i8x16.min_u,wazero,raw batch counter,allocs/op,1220,1222,2,0.16393442622950616,0.8398268398268398,false,6,100ms,Not a per-call regression; batch size can differ. See B/call and allocs/call.
full screen,signals,BenchmarkWazeroExec/json-as.deserializeN,wazero,raw batch counter,allocs/op,34,36,2,5.882352941176472,0.032467532467532464,true,6,100ms,Not a per-call regression; batch size can differ. See B/call and allocs/call.
full screen,explicit,BenchmarkWazeroExec/qoi.qoi_encode_run,wazero,raw batch counter,allocs/op,162.5,164.5,2,1.2307692307692353,0.12121212121212122,false,6,100ms,Not a per-call regression; batch size can differ. See B/call and allocs/call.
full screen,explicit,BenchmarkWazeroExec/zlib.zlib_inflate_run,wazero,raw batch counter,allocs/op,121.5,123.5,2,1.6460905349794164,0.7164502164502164,false,6,100ms,Not a per-call regression; batch size can differ. See B/call and allocs/call.
full screen,explicit,BenchmarkWazeroExec/crc32.hashN,wazero,raw batch counter,allocs/op,97.5,99,1.5,1.538461538461533,0.5,false,6,100ms,Not a per-call regression; batch size can differ. See B/call and allocs/call.
full screen,signals,BenchmarkWazeroExec/crc32.hashN,wazero,raw batch counter,allocs/op,97,98.5,1.5,1.546391752577314,0.16233766233766234,false,6,100ms,Not a per-call regression; batch size can differ. See B/call and allocs/call.
full screen,signals,BenchmarkWazeroExec/isa_ctl.br_if,wazero,raw batch counter,allocs/op,152.5,154,1.5,0.9836065573770592,0.5346320346320347,false,6,100ms,Not a per-call regression; batch size can differ. See B/call and allocs/call.
full screen,explicit,BenchmarkWazeroExec/isa_ctl.select,wazero,raw batch counter,allocs/op,100,101.5,1.5,1.4999999999999902,1,false,6,100ms,Not a per-call regression; batch size can differ. See B/call and allocs/call.
full screen,signals,BenchmarkWazeroExec/isa_f64.max,wazero,raw batch counter,allocs/op,105.5,107,1.5,1.4218009478673022,0.23160173160173161,false,6,100ms,Not a per-call regression; batch size can differ. See B/call and allocs/call.
full screen,explicit,BenchmarkWazeroExec/isa_i32.popcnt,wazero,raw batch counter,allocs/op,151,152.5,1.5,0.9933774834437026,0.24675324675324675,false,6,100ms,Not a per-call regression; batch size can differ. See B/call and allocs/call.
full screen,explicit,BenchmarkWazeroExec/isa_i32.rotl,wazero,raw batch counter,allocs/op,74.5,76,1.5,2.0134228187919545,0.5757575757575758,false,6,100ms,Not a per-call regression; batch size can differ. See B/call and allocs/call.
full screen,explicit,BenchmarkWazeroExec/isa_i64.rotl,wazero,raw batch counter,allocs/op,149,150.5,1.5,1.0067114093959662,0.5064935064935064,false,6,100ms,Not a per-call regression; batch size can differ. See B/call and allocs/call.
full screen,signals,BenchmarkWazeroExec/isa_i64.shl,wazero,raw batch counter,allocs/op,149.5,151,1.5,1.0033444816053505,0.6147186147186147,false,6,100ms,Not a per-call regression; batch size can differ. See B/call and allocs/call.
full screen,signals,BenchmarkWazeroExec/isa_mem.load_i64,wazero,raw batch counter,allocs/op,218.5,220,1.5,0.6864988558352492,0.4199134199134199,false,6,100ms,Not a per-call regression; batch size can differ. See B/call and allocs/call.
full screen,explicit,BenchmarkWazeroExec/isa_simd_i16x8.le_u,wazero,raw batch counter,allocs/op,539.5,541,1.5,0.2780352177942591,0.935064935064935,false,6,100ms,Not a per-call regression; batch size can differ. See B/call and allocs/call.
full screen,explicit,BenchmarkWazeroExec/isa_simd_i16x8.sub_sat_s,wazero,raw batch counter,allocs/op,611.5,613,1.5,0.24529844644316512,0.551948051948052,false,6,100ms,Not a per-call regression; batch size can differ. See B/call and allocs/call.
full screen,signals,BenchmarkWazeroExec/isa_simd_i32x4.abs,wazero,raw batch counter,allocs/op,1221.5,1223,1.5,0.12279983626688473,0.5043290043290043,false,6,100ms,Not a per-call regression; batch size can differ. See B/call and allocs/call.
full screen,signals,BenchmarkWazeroExec/isa_simd_i32x4.lt_u,wazero,raw batch counter,allocs/op,373.5,375,1.5,0.40160642570281624,0.6645021645021645,false,6,100ms,Not a per-call regression; batch size can differ. See B/call and allocs/call.
full screen,signals,BenchmarkWazeroExec/isa_simd_i32x4.ne,wazero,raw batch counter,allocs/op,612.5,614,1.5,0.2448979591836764,0.9718614718614719,false,6,100ms,Not a per-call regression; batch size can differ. See B/call and allocs/call.
full screen,signals,BenchmarkWazeroExec/isa_simd_i64x2.eq,wazero,raw batch counter,allocs/op,610,611.5,1.5,0.24590163934425924,0.9783549783549783,false,6,100ms,Not a per-call regression; batch size can differ. See B/call and allocs/call.
full screen,signals,BenchmarkWazeroExec/isa_simd_i8x16.add,wazero,raw batch counter,allocs/op,1226.5,1228,1.5,0.12229922543824934,0.3398268398268398,false,6,100ms,Not a per-call regression; batch size can differ. See B/call and allocs/call.
full screen,signals,BenchmarkWazeroExec/isa_simd_i8x16.swizzle,wazero,raw batch counter,allocs/op,306,307.5,1.5,0.4901960784313708,0.3484848484848485,false,6,100ms,Not a per-call regression; batch size can differ. See B/call and allocs/call.
full screen,explicit,BenchmarkWazeroExec/linked_list.sum,wazero,raw batch counter,allocs/op,199,200.5,1.5,0.7537688442211143,0.7857142857142857,false,6,100ms,Not a per-call regression; batch size can differ. See B/call and allocs/call.
full screen,signals,BenchmarkWazeroExec/utf-as-simd.convertN,wazero,raw batch counter,allocs/op,30.5,32,1.5,4.918032786885251,0.032467532467532464,true,6,100ms,Not a per-call regression; batch size can differ. See B/call and allocs/call.
full screen,explicit,BenchmarkWazeroExec/isa_ctl.br_if,wazero,raw batch counter,allocs/op,152,153,1,0.6578947368421018,1,false,6,100ms,Not a per-call regression; batch size can differ. See B/call and allocs/call.
full screen,explicit,BenchmarkWazeroExec/isa_ctl.loop_baseline,wazero,raw batch counter,allocs/op,304,305,1,0.328947368421062,0.7402597402597403,false,6,100ms,Not a per-call regression; batch size can differ. See B/call and allocs/call.
full screen,signals,BenchmarkWazeroExec/isa_cvt.reinterpret_f64,wazero,raw batch counter,allocs/op,34,35,1,2.941176470588225,0.06060606060606061,false,6,100ms,Not a per-call regression; batch size can differ. See B/call and allocs/call.
full screen,explicit,BenchmarkWazeroExec/isa_f32.ceil,wazero,raw batch counter,allocs/op,48.5,49.5,1,2.0618556701030855,0.12987012987012986,false,6,100ms,Not a per-call regression; batch size can differ. See B/call and allocs/call.
full screen,explicit,BenchmarkWazeroExec/isa_f64.floor,wazero,raw batch counter,allocs/op,50,51,1,2.0000000000000018,0.30952380952380953,false,6,100ms,Not a per-call regression; batch size can differ. See B/call and allocs/call.
full screen,signals,BenchmarkWazeroExec/isa_f64.min,wazero,raw batch counter,allocs/op,106,107,1,0.9433962264151052,0.9264069264069265,false,6,100ms,Not a per-call regression; batch size can differ. See B/call and allocs/call.
full screen,explicit,BenchmarkWazeroExec/isa_i32.div_u,wazero,raw batch counter,allocs/op,13,14,1,7.692307692307687,0.1774891774891775,false,6,100ms,Not a per-call regression; batch size can differ. See B/call and allocs/call.
full screen,explicit,BenchmarkWazeroExec/isa_i64.and,wazero,raw batch counter,allocs/op,153,154,1,0.6535947712418277,0.045454545454545456,true,6,100ms,Not a per-call regression; batch size can differ. See B/call and allocs/call.
full screen,explicit,BenchmarkWazeroExec/isa_i64.popcnt,wazero,raw batch counter,allocs/op,151.5,152.5,1,0.660066006600668,0.1406926406926407,false,6,100ms,Not a per-call regression; batch size can differ. See B/call and allocs/call.
full screen,signals,BenchmarkWazeroExec/isa_i64.rotr,wazero,raw batch counter,allocs/op,148.5,149.5,1,0.6734006734006703,0.474025974025974,false,6,100ms,Not a per-call regression; batch size can differ. See B/call and allocs/call.
full screen,explicit,BenchmarkWazeroExec/isa_i64.sub,wazero,raw batch counter,allocs/op,153.5,154.5,1,0.6514657980456029,0.8614718614718615,false,6,100ms,Not a per-call regression; batch size can differ. See B/call and allocs/call.
full screen,explicit,BenchmarkWazeroExec/isa_simd_f32x4.convert_i32x4_u,wazero,raw batch counter,allocs/op,175,176,1,0.5714285714285783,0.577922077922078,false,6,100ms,Not a per-call regression; batch size can differ. See B/call and allocs/call.
full screen,signals,BenchmarkWazeroExec/isa_simd_f32x4.ne,wazero,raw batch counter,allocs/op,612.5,613.5,1,0.16326530612245094,0.683982683982684,false,6,100ms,Not a per-call regression; batch size can differ. See B/call and allocs/call.
full screen,explicit,BenchmarkWazeroExec/isa_simd_f64x2.abs,wazero,raw batch counter,allocs/op,1548.5,1549.5,1,0.06457862447530882,0.9004329004329005,false,6,100ms,Not a per-call regression; batch size can differ. See B/call and allocs/call.
full screen,explicit,BenchmarkWazeroExec/isa_simd_f64x2.mul,wazero,raw batch counter,allocs/op,408,409,1,0.2450980392156854,0.6212121212121212,false,6,100ms,Not a per-call regression; batch size can differ. See B/call and allocs/call.
full screen,signals,BenchmarkWazeroExec/isa_simd_f64x2.trunc,wazero,raw batch counter,allocs/op,818.5,819.5,1,0.12217470983506562,0.9696969696969697,false,6,100ms,Not a per-call regression; batch size can differ. See B/call and allocs/call.
full screen,explicit,BenchmarkWazeroExec/isa_simd_i16x8.extmul_high_s,wazero,raw batch counter,allocs/op,174.5,175.5,1,0.5730659025787954,0.38095238095238093,false,6,100ms,Not a per-call regression; batch size can differ. See B/call and allocs/call.
full screen,explicit,BenchmarkWazeroExec/isa_simd_i16x8.le_s,wazero,raw batch counter,allocs/op,533.5,534.5,1,0.18744142455482393,0.9805194805194806,false,6,100ms,Not a per-call regression; batch size can differ. See B/call and allocs/call.
full screen,signals,BenchmarkWazeroExec/isa_simd_i32x4.extend_low_u,wazero,raw batch counter,allocs/op,1221,1222,1,0.08190008190007703,0.5367965367965368,false,6,100ms,Not a per-call regression; batch size can differ. See B/call and allocs/call.
full screen,signals,BenchmarkWazeroExec/isa_simd_i32x4.ge_u,wazero,raw batch counter,allocs/op,610.5,611.5,1,0.16380016380015405,0.9718614718614719,false,6,100ms,Not a per-call regression; batch size can differ. See B/call and allocs/call.
full screen,explicit,BenchmarkWazeroExec/isa_simd_i32x4.min_s,wazero,raw batch counter,allocs/op,1220.5,1221.5,1,0.08193363375665896,0.9805194805194806,false,6,100ms,Not a per-call regression; batch size can differ. See B/call and allocs/call.
full screen,signals,BenchmarkWazeroExec/isa_simd_i32x4.shr_s,wazero,raw batch counter,allocs/op,925.5,926.5,1,0.10804970286331095,0.7316017316017316,false,6,100ms,Not a per-call regression; batch size can differ. See B/call and allocs/call.
full screen,signals,BenchmarkWazeroExec/isa_simd_i64x2.extmul_low_u,wazero,raw batch counter,allocs/op,134,135,1,0.746268656716409,0.6428571428571429,false,6,100ms,Not a per-call regression; batch size can differ. See B/call and allocs/call.
full screen,explicit,BenchmarkWazeroExec/isa_simd_i8x16.avgr_u,wazero,raw batch counter,allocs/op,613,614,1,0.16313213703098572,0.9242424242424242,false,6,100ms,Not a per-call regression; batch size can differ. See B/call and allocs/call.
full screen,signals,BenchmarkWazeroExec/isa_simd_i8x16.lt_u,wazero,raw batch counter,allocs/op,372,373,1,0.26881720430107503,0.7770562770562771,false,6,100ms,Not a per-call regression; batch size can differ. See B/call and allocs/call.
full screen,signals,BenchmarkWazeroExec/isa_simd_v128.and,wazero,raw batch counter,allocs/op,1215.5,1216.5,1,0.08227067050596837,0.7316017316017316,false,6,100ms,Not a per-call regression; batch size can differ. See B/call and allocs/call.
full screen,explicit,BenchmarkWazeroExec/isa_var.global_getset,wazero,raw batch counter,allocs/op,303,304,1,0.3300330033003229,0.9718614718614719,false,6,100ms,Not a per-call regression; batch size can differ. See B/call and allocs/call.
full screen,explicit,BenchmarkWazeroExec/isa_var.local_getset,wazero,raw batch counter,allocs/op,152,153,1,0.6578947368421018,0.5151515151515151,false,6,100ms,Not a per-call regression; batch size can differ. See B/call and allocs/call.
full screen,explicit,BenchmarkWazeroExec/json-as-simd.deserializeN,wazero,raw batch counter,allocs/op,27,28,1,3.703703703703698,0.33116883116883117,false,6,100ms,Not a per-call regression; batch size can differ. See B/call and allocs/call.
full screen,signals,BenchmarkWazeroExec/json-as-simd.deserializeN,wazero,raw batch counter,allocs/op,28,29,1,3.571428571428581,0.10606060606060606,false,6,100ms,Not a per-call regression; batch size can differ. See B/call and allocs/call.
full screen,explicit,BenchmarkWazeroExec/mandelbrot.render,wazero,raw batch counter,allocs/op,8,9,1,12.5,0.5670995670995671,false,6,100ms,Not a per-call regression; batch size can differ. See B/call and allocs/call.
full screen,signals,BenchmarkWazeroExec/sieve.count,wazero,raw batch counter,allocs/op,17,18,1,5.882352941176472,0.19696969696969696,false,6,100ms,Not a per-call regression; batch size can differ. See B/call and allocs/call.
full screen,signals,BenchmarkWazeroExec/float.run,wazero,raw batch counter,allocs/op,554.5,555,0.5,0.0901713255184955,0.829004329004329,false,6,100ms,Not a per-call regression; batch size can differ. See B/call and allocs/call.
full screen,explicit,BenchmarkWazeroExec/isa_bulk_mem.copy_back_4096,wazero,raw batch counter,allocs/op,210.5,211,0.5,0.23752969121140222,0.6948051948051948,false,6,100ms,Not a per-call regression; batch size can differ. See B/call and allocs/call.
full screen,signals,BenchmarkWazeroExec/isa_ctl.if_else,wazero,raw batch counter,allocs/op,212,212.5,0.5,0.2358490566037652,0.35064935064935066,false,6,100ms,Not a per-call regression; batch size can differ. See B/call and allocs/call.
full screen,explicit,BenchmarkWazeroExec/isa_cvt.f64_convert_s,wazero,raw batch counter,allocs/op,23.5,24,0.5,2.127659574468077,0.42424242424242425,false,6,100ms,Not a per-call regression; batch size can differ. See B/call and allocs/call.
full screen,signals,BenchmarkWazeroExec/isa_cvt.f64_convert_s,wazero,raw batch counter,allocs/op,23.5,24,0.5,2.127659574468077,0.42424242424242425,false,6,100ms,Not a per-call regression; batch size can differ. See B/call and allocs/call.
full screen,explicit,BenchmarkWazeroExec/isa_cvt.i64_extend_s,wazero,raw batch counter,allocs/op,153.5,154,0.5,0.32573289902280145,0.3398268398268398,false,6,100ms,Not a per-call regression; batch size can differ. See B/call and allocs/call.
full screen,signals,BenchmarkWazeroExec/isa_cvt.i64_extend_s,wazero,raw batch counter,allocs/op,152.5,153,0.5,0.3278688524590123,0.20562770562770563,false,6,100ms,Not a per-call regression; batch size can differ. See B/call and allocs/call.
full screen,signals,BenchmarkWazeroExec/isa_cvt.promote_demote,wazero,raw batch counter,allocs/op,16.5,17,0.5,3.0303030303030276,0.696969696969697,false,6,100ms,Not a per-call regression; batch size can differ. See B/call and allocs/call.
full screen,signals,BenchmarkWazeroExec/isa_f32.floor,wazero,raw batch counter,allocs/op,48.5,49,0.5,1.0309278350515427,0.45454545454545453,false,6,100ms,Not a per-call regression; batch size can differ. See B/call and allocs/call.
full screen,explicit,BenchmarkWazeroExec/isa_f32.mul,wazero,raw batch counter,allocs/op,50.5,51,0.5,0.990099009900991,0.6233766233766234,false,6,100ms,Not a per-call regression; batch size can differ. See B/call and allocs/call.
full screen,explicit,BenchmarkWazeroExec/isa_f32.nearest,wazero,raw batch counter,allocs/op,49.5,50,0.5,1.0101010101010166,0.696969696969697,false,6,100ms,Not a per-call regression; batch size can differ. See B/call and allocs/call.
full screen,signals,BenchmarkWazeroExec/isa_f32.nearest,wazero,raw batch counter,allocs/op,49,49.5,0.5,1.0204081632652962,0.512987012987013,false,6,100ms,Not a per-call regression; batch size can differ. See B/call and allocs/call.
full screen,explicit,BenchmarkWazeroExec/isa_f32.neg,wazero,raw batch counter,allocs/op,51.5,52,0.5,0.9708737864077666,1,false,6,100ms,Not a per-call regression; batch size can differ. See B/call and allocs/call.
full screen,explicit,BenchmarkWazeroExec/isa_f32.trunc,wazero,raw batch counter,allocs/op,49,49.5,0.5,1.0204081632652962,1,false,6,100ms,Not a per-call regression; batch size can differ. See B/call and allocs/call.
full screen,signals,BenchmarkWazeroExec/isa_f32.trunc,wazero,raw batch counter,allocs/op,49,49.5,0.5,1.0204081632652962,0.8917748917748918,false,6,100ms,Not a per-call regression; batch size can differ. See B/call and allocs/call.
full screen,explicit,BenchmarkWazeroExec/isa_f64.abs,wazero,raw batch counter,allocs/op,51,51.5,0.5,0.9803921568627416,0.23160173160173161,false,6,100ms,Not a per-call regression; batch size can differ. See B/call and allocs/call.
full screen,signals,BenchmarkWazeroExec/isa_f64.mul,wazero,raw batch counter,allocs/op,51.5,52,0.5,0.9708737864077666,0.18181818181818182,false,6,100ms,Not a per-call regression; batch size can differ. See B/call and allocs/call.
full screen,signals,BenchmarkWazeroExec/isa_f64.nearest,wazero,raw batch counter,allocs/op,50.5,51,0.5,0.990099009900991,0.5454545454545454,false,6,100ms,Not a per-call regression; batch size can differ. See B/call and allocs/call.
full screen,explicit,BenchmarkWazeroExec/isa_f64.sqrt,wazero,raw batch counter,allocs/op,12,12.5,0.5,4.166666666666674,0.5454545454545454,false,6,100ms,Not a per-call regression; batch size can differ. See B/call and allocs/call.
full screen,explicit,BenchmarkWazeroExec/isa_f64.trunc,wazero,raw batch counter,allocs/op,50.5,51,0.5,0.990099009900991,0.8679653679653679,false,6,100ms,Not a per-call regression; batch size can differ. See B/call and allocs/call.
full screen,explicit,BenchmarkWazeroExec/isa_i32.ctz,wazero,raw batch counter,allocs/op,151.5,152,0.5,0.3300330033003229,0.7943722943722944,false,6,100ms,Not a per-call regression; batch size can differ. See B/call and allocs/call.
full screen,signals,BenchmarkWazeroExec/isa_i32.div_u,wazero,raw batch counter,allocs/op,13,13.5,0.5,3.8461538461538547,0.10822510822510822,false,6,100ms,Not a per-call regression; batch size can differ. See B/call and allocs/call.
full screen,signals,BenchmarkWazeroExec/isa_i32.rotr,wazero,raw batch counter,allocs/op,74.5,75,0.5,0.6711409395973256,0.6904761904761905,false,6,100ms,Not a per-call regression; batch size can differ. See B/call and allocs/call.
full screen,explicit,BenchmarkWazeroExec/isa_i32.shl,wazero,raw batch counter,allocs/op,75.5,76,0.5,0.6622516556291425,0.7272727272727273,false,6,100ms,Not a per-call regression; batch size can differ. See B/call and allocs/call.
full screen,explicit,BenchmarkWazeroExec/isa_i32.shr_u,wazero,raw batch counter,allocs/op,75,75.5,0.5,0.6666666666666599,0.6493506493506493,false,6,100ms,Not a per-call regression; batch size can differ. See B/call and allocs/call.
full screen,signals,BenchmarkWazeroExec/isa_i32.shr_u,wazero,raw batch counter,allocs/op,75.5,76,0.5,0.6622516556291425,0.7380952380952381,false,6,100ms,Not a per-call regression; batch size can differ. See B/call and allocs/call.
full screen,explicit,BenchmarkWazeroExec/isa_i32.sub,wazero,raw batch counter,allocs/op,153.5,154,0.5,0.32573289902280145,0.6948051948051948,false,6,100ms,Not a per-call regression; batch size can differ. See B/call and allocs/call.
full screen,signals,BenchmarkWazeroExec/isa_i32.sub,wazero,raw batch counter,allocs/op,153,153.5,0.5,0.32679738562091387,0.9978354978354979,false,6,100ms,Not a per-call regression; batch size can differ. See B/call and allocs/call.
full screen,explicit,BenchmarkWazeroExec/isa_i32.xor,wazero,raw batch counter,allocs/op,153,153.5,0.5,0.32679738562091387,0.49567099567099565,false,6,100ms,Not a per-call regression; batch size can differ. See B/call and allocs/call.
full screen,signals,BenchmarkWazeroExec/isa_i32.xor,wazero,raw batch counter,allocs/op,153,153.5,0.5,0.32679738562091387,0.6190476190476191,false,6,100ms,Not a per-call regression; batch size can differ. See B/call and allocs/call.
full screen,explicit,BenchmarkWazeroExec/isa_i64.ctz,wazero,raw batch counter,allocs/op,151,151.5,0.5,0.3311258278145601,0.4264069264069264,false,6,100ms,Not a per-call regression; batch size can differ. See B/call and allocs/call.
full screen,explicit,BenchmarkWazeroExec/isa_i64.mul,wazero,raw batch counter,allocs/op,51.5,52,0.5,0.9708737864077666,0.42424242424242425,false,6,100ms,Not a per-call regression; batch size can differ. See B/call and allocs/call.
full screen,explicit,BenchmarkWazeroExec/isa_i64.shr_u,wazero,raw batch counter,allocs/op,150.5,151,0.5,0.33222591362125353,0.7619047619047619,false,6,100ms,Not a per-call regression; batch size can differ. See B/call and allocs/call.
full screen,explicit,BenchmarkWazeroExec/isa_simd_f32x4.min,wazero,raw batch counter,allocs/op,205,205.5,0.5,0.24390243902439046,0.8939393939393939,false,6,100ms,Not a per-call regression; batch size can differ. See B/call and allocs/call.
full screen,signals,BenchmarkWazeroExec/isa_simd_f32x4.mul,wazero,raw batch counter,allocs/op,408.5,409,0.5,0.1223990208078396,0.7878787878787878,false,6,100ms,Not a per-call regression; batch size can differ. See B/call and allocs/call.
full screen,explicit,BenchmarkWazeroExec/isa_simd_f32x4.sqrt,wazero,raw batch counter,allocs/op,175.5,176,0.5,0.2849002849002913,0.5238095238095238,false,6,100ms,Not a per-call regression; batch size can differ. See B/call and allocs/call.
full screen,signals,BenchmarkWazeroExec/isa_simd_f64x2.lt,wazero,raw batch counter,allocs/op,615.5,616,0.5,0.08123476848092004,0.5562770562770563,false,6,100ms,Not a per-call regression; batch size can differ. See B/call and allocs/call.
full screen,explicit,BenchmarkWazeroExec/isa_simd_f64x2.trunc,wazero,raw batch counter,allocs/op,816,816.5,0.5,0.06127450980393245,0.6753246753246753,false,6,100ms,Not a per-call regression; batch size can differ. See B/call and allocs/call.
full screen,explicit,BenchmarkWazeroExec/isa_simd_i16x8.q15mulr_sat_s,wazero,raw batch counter,allocs/op,244.5,245,0.5,0.2044989775051187,0.9393939393939394,false,6,100ms,Not a per-call regression; batch size can differ. See B/call and allocs/call.
full screen,explicit,BenchmarkWazeroExec/isa_simd_i32x4.extend_low_u,wazero,raw batch counter,allocs/op,1228.5,1229,0.5,0.04070004070004796,0.816017316017316,false,6,100ms,Not a per-call regression; batch size can differ. See B/call and allocs/call.
full screen,signals,BenchmarkWazeroExec/isa_simd_i64x2.add,wazero,raw batch counter,allocs/op,1222,1222.5,0.5,0.040916530278223284,0.7835497835497836,false,6,100ms,Not a per-call regression; batch size can differ. See B/call and allocs/call.
full screen,explicit,BenchmarkWazeroExec/isa_simd_i64x2.extmul_high_s,wazero,raw batch counter,allocs/op,109.5,110,0.5,0.45662100456620447,0.564935064935065,false,6,100ms,Not a per-call regression; batch size can differ. See B/call and allocs/call.
full screen,explicit,BenchmarkWazeroExec/isa_simd_i64x2.extmul_high_u,wazero,raw batch counter,allocs/op,108.5,109,0.5,0.4608294930875667,0.8506493506493507,false,6,100ms,Not a per-call regression; batch size can differ. See B/call and allocs/call.
full screen,signals,BenchmarkWazeroExec/isa_simd_i64x2.extmul_high_u,wazero,raw batch counter,allocs/op,110,110.5,0.5,0.454545454545463,0.9134199134199135,false,6,100ms,Not a per-call regression; batch size can differ. See B/call and allocs/call.
full screen,signals,BenchmarkWazeroExec/isa_simd_i64x2.gt_s,wazero,raw batch counter,allocs/op,613.5,614,0.5,0.08149959250203231,0.9805194805194806,false,6,100ms,Not a per-call regression; batch size can differ. See B/call and allocs/call.
full screen,explicit,BenchmarkWazeroExec/isa_simd_i64x2.shr_s,wazero,raw batch counter,allocs/op,122,122.5,0.5,0.4098360655737654,0.47186147186147187,false,6,100ms,Not a per-call regression; batch size can differ. See B/call and allocs/call.
full screen,signals,BenchmarkWazeroExec/isa_simd_i8x16.gt_s,wazero,raw batch counter,allocs/op,1227,1227.5,0.5,0.04074979625101616,0.6190476190476191,false,6,100ms,Not a per-call regression; batch size can differ. See B/call and allocs/call.
full screen,signals,BenchmarkWazeroExec/isa_simd_i8x16.ne,wazero,raw batch counter,allocs/op,613,613.5,0.5,0.08156606851550396,0.8441558441558441,false,6,100ms,Not a per-call regression; batch size can differ. See B/call and allocs/call.
full screen,signals,BenchmarkWazeroExec/isa_simd_v128.bitselect,wazero,raw batch counter,allocs/op,608.5,609,0.5,0.08216926869351049,0.9155844155844156,false,6,100ms,Not a per-call regression; batch size can differ. See B/call and allocs/call.
full screen,explicit,BenchmarkWazeroExec/nbody.step,wazero,raw batch counter,allocs/op,6.5,7,0.5,7.692307692307687,1,false,6,100ms,Not a per-call regression; batch size can differ. See B/call and allocs/call.
full screen,signals,BenchmarkWazeroExec/nbody.step,wazero,raw batch counter,allocs/op,6.5,7,0.5,7.692307692307687,0.5454545454545454,false,6,100ms,Not a per-call regression; batch size can differ. See B/call and allocs/call.
full screen,signals,BenchmarkWazeroExec/qoi.qoi_encode_run,wazero,raw batch counter,allocs/op,164.5,165,0.5,0.3039513677811634,0.8311688311688312,false,6,100ms,Not a per-call regression; batch size can differ. See B/call and allocs/call.
full screen,explicit,BenchmarkWazeroExec/utf-as-simd.convertN,wazero,raw batch counter,allocs/op,31,31.5,0.5,1.6129032258064502,0.6753246753246753,false,6,100ms,Not a per-call regression; batch size can differ. See B/call and allocs/call.
full screen,signals,BenchmarkWazeroExec/dispatch.apply,wazero,raw batch counter,B/op,1981380,2012160,30780,1.5534627380916266,0.9372294372294372,false,6,100ms,Not a per-call regression; batch size can differ. See B/call and allocs/call.
full screen,signals,BenchmarkWazeroExec/branches.classify,wazero,raw batch counter,B/op,708396,731396,23000,3.246771579737895,0.09307359307359307,false,6,100ms,Not a per-call regression; batch size can differ. See B/call and allocs/call.
full screen,explicit,BenchmarkWazeroExec/xjb-mulhi.mulhi,wazero,raw batch counter,B/op,1378368,1389232,10864,0.7881784835399586,0.6991341991341992,false,6,100ms,Not a per-call regression; batch size can differ. See B/call and allocs/call.
full screen,signals,BenchmarkWazeroExec/swar-pack-parse.pack,wazero,raw batch counter,B/op,736288,743620,7332,0.9958059889608517,0.5887445887445888,false,6,100ms,Not a per-call regression; batch size can differ. See B/call and allocs/call.
full screen,explicit,BenchmarkWazeroExec/memory.sum,wazero,raw batch counter,B/op,49188,54480,5292,10.758721639424241,0.24025974025974026,false,6,100ms,Not a per-call regression; batch size can differ. See B/call and allocs/call.
full screen,signals,BenchmarkWazeroExec/memory.sum,wazero,raw batch counter,B/op,50824,55204,4380,8.61797575948371,0.13203463203463203,false,6,100ms,Not a per-call regression; batch size can differ. See B/call and allocs/call.
full screen,signals,BenchmarkWazeroExec/swar-pack-parse.parse4,wazero,raw batch counter,B/op,731428,735205,3777,0.5163871221774308,0.9372294372294372,false,6,100ms,Not a per-call regression; batch size can differ. See B/call and allocs/call.
full screen,explicit,BenchmarkWazeroExec/isa_bulk_mem.copy_back_64,wazero,raw batch counter,B/op,23856,25420,1564,6.55600268276324,0.30952380952380953,false,6,100ms,Not a per-call regression; batch size can differ. See B/call and allocs/call.
full screen,explicit,BenchmarkWazeroExec/isa_bulk_mem.copy_fwd_64,wazero,raw batch counter,B/op,22148,23336,1188,5.363915477695502,0.04112554112554113,true,6,100ms,Not a per-call regression; batch size can differ. See B/call and allocs/call.
full screen,signals,BenchmarkWazeroExec/isa_bulk_mem.copy_back_64,wazero,raw batch counter,B/op,24064,25180,1116,4.637632978723394,0.6991341991341992,false,6,100ms,Not a per-call regression; batch size can differ. See B/call and allocs/call.
full screen,signals,BenchmarkWazeroExec/arith.run,wazero,raw batch counter,B/op,11948,12784,836,6.9969869434215015,0.09307359307359307,false,6,100ms,Not a per-call regression; batch size can differ. See B/call and allocs/call.
full screen,signals,BenchmarkWazeroExec/tiny.add,wazero,raw batch counter,B/op,1415219.5,1415792,572.5,0.04045308872582254,1,false,6,100ms,Not a per-call regression; batch size can differ. See B/call and allocs/call.
full screen,signals,BenchmarkWazeroExec/isa_simd_f64x2.nearest,wazero,raw batch counter,B/op,6248,6592,344,5.5057618437900135,0.06926406926406926,false,6,100ms,Not a per-call regression; batch size can differ. See B/call and allocs/call.
full screen,signals,BenchmarkWazeroExec/isa_simd_i8x16.neg,wazero,raw batch counter,B/op,12236,12544,308,2.517162471395884,0.021645021645021644,true,6,100ms,Not a per-call regression; batch size can differ. See B/call and allocs/call.
full screen,explicit,BenchmarkWazeroExec/isa_simd_i32x4.extend_low_s,wazero,raw batch counter,B/op,9540,9804,264,2.767295597484276,0.12337662337662338,false,6,100ms,Not a per-call regression; batch size can differ. See B/call and allocs/call.
full screen,explicit,BenchmarkWazeroExec/isa_simd_i32x4.neg,wazero,raw batch counter,B/op,12268,12496,228,1.85849364199544,0.06277056277056277,false,6,100ms,Not a per-call regression; batch size can differ. See B/call and allocs/call.
full screen,signals,BenchmarkWazeroExec/isa_bulk_mem.copy_back_256,wazero,raw batch counter,B/op,14740,14956,216,1.4654002713704317,0.13203463203463203,false,6,100ms,Not a per-call regression; batch size can differ. See B/call and allocs/call.
full screen,explicit,BenchmarkWazeroExec/isa_simd_v128.and,wazero,raw batch counter,B/op,9552,9760,208,2.1775544388609624,0.22294372294372294,false,6,100ms,Not a per-call regression; batch size can differ. See B/call and allocs/call.
full screen,signals,BenchmarkWazeroExec/isa_simd_i8x16.shr_u,wazero,raw batch counter,B/op,4944,5144,200,4.045307443365687,0.12554112554112554,false,6,100ms,Not a per-call regression; batch size can differ. See B/call and allocs/call.
full screen,explicit,BenchmarkWazeroExec/isa_simd_i8x16.lt_s,wazero,raw batch counter,B/op,7472,7640,168,2.24839400428265,0.21861471861471862,false,6,100ms,Not a per-call regression; batch size can differ. See B/call and allocs/call.
full screen,explicit,BenchmarkWazeroExec/isa_simd_reduce.i8x16_all_true,wazero,raw batch counter,B/op,8456,8620,164,1.9394512771996109,0.7813852813852814,false,6,100ms,Not a per-call regression; batch size can differ. See B/call and allocs/call.
full screen,signals,BenchmarkWazeroExec/isa_simd_i8x16.max_s,wazero,raw batch counter,B/op,9648,9804,156,1.6169154228855787,0.13203463203463203,false,6,100ms,Not a per-call regression; batch size can differ. See B/call and allocs/call.
full screen,signals,BenchmarkWazeroExec/many_funcs.run,wazero,raw batch counter,B/op,648884,649040,156,0.02404127702331227,0.9372294372294372,false,6,100ms,Not a per-call regression; batch size can differ. See B/call and allocs/call.
full screen,signals,BenchmarkWazeroExec/isa_bulk_mem.copy_fwd_64,wazero,raw batch counter,B/op,22540,22684,144,0.6388642413487133,0.6991341991341992,false,6,100ms,Not a per-call regression; batch size can differ. See B/call and allocs/call.
full screen,signals,BenchmarkWazeroExec/isa_simd_f32x4.gt,wazero,raw batch counter,B/op,4156,4292,136,3.2723772858517908,0.6753246753246753,false,6,100ms,Not a per-call regression; batch size can differ. See B/call and allocs/call.
full screen,explicit,BenchmarkWazeroExec/isa_simd_i16x8.shr_u,wazero,raw batch counter,B/op,7360,7496,136,1.8478260869565277,0.12121212121212122,false,6,100ms,Not a per-call regression; batch size can differ. See B/call and allocs/call.
full screen,signals,BenchmarkWazeroExec/isa_simd_i8x16.shl,wazero,raw batch counter,B/op,5016,5152,136,2.7113237639553533,0.07575757575757576,false,6,100ms,Not a per-call regression; batch size can differ. See B/call and allocs/call.
full screen,explicit,BenchmarkWazeroExec/isa_bulk_mem.fill_256,wazero,raw batch counter,B/op,2852,2984,132,4.628330995792429,0.06277056277056277,false,6,100ms,Not a per-call regression; batch size can differ. See B/call and allocs/call.
full screen,signals,BenchmarkWazeroExec/isa_simd_v128.not,wazero,raw batch counter,B/op,19140,19272,132,0.6896551724137945,0.48484848484848486,false,6,100ms,Not a per-call regression; batch size can differ. See B/call and allocs/call.
full screen,signals,BenchmarkWazeroExec/isa_simd_f32x4.ceil,wazero,raw batch counter,B/op,6304,6428,124,1.9670050761421365,0.5887445887445888,false,6,100ms,Not a per-call regression; batch size can differ. See B/call and allocs/call.
full screen,signals,BenchmarkWazeroExec/isa_simd_f64x2.ne,wazero,raw batch counter,B/op,4808,4928,120,2.4958402662229595,0.42207792207792205,false,6,100ms,Not a per-call regression; batch size can differ. See B/call and allocs/call.
full screen,explicit,BenchmarkWazeroExec/isa_simd_i16x8.neg,wazero,raw batch counter,B/op,12488,12608,120,0.9609224855861687,0.29004329004329005,false,6,100ms,Not a per-call regression; batch size can differ. See B/call and allocs/call.
full screen,explicit,BenchmarkWazeroExec/isa_simd_i32x4.max_u,wazero,raw batch counter,B/op,9560,9680,120,1.2552301255230214,0.8528138528138528,false,6,100ms,Not a per-call regression; batch size can differ. See B/call and allocs/call.
full screen,explicit,BenchmarkWazeroExec/isa_simd_i8x16.ge_s,wazero,raw batch counter,B/op,4796,4912,116,2.4186822351959902,0.30735930735930733,false,6,100ms,Not a per-call regression; batch size can differ. See B/call and allocs/call.
full screen,signals,BenchmarkWazeroExec/isa_bulk_mem.fill_64,wazero,raw batch counter,B/op,3780,3892,112,2.9629629629629672,0.8593073593073594,false,6,100ms,Not a per-call regression; batch size can differ. See B/call and allocs/call.
full screen,signals,BenchmarkWazeroExec/isa_simd_i64x2.shl,wazero,raw batch counter,B/op,7404,7516,112,1.512695840086442,0.17965367965367965,false,6,100ms,Not a per-call regression; batch size can differ. See B/call and allocs/call.
full screen,signals,BenchmarkWazeroExec/isa_simd_v128.xor,wazero,raw batch counter,B/op,9732,9840,108,1.1097410604192337,0.6320346320346321,false,6,100ms,Not a per-call regression; batch size can differ. See B/call and allocs/call.
full screen,explicit,BenchmarkWazeroExec/isa_simd_i64x2.add,wazero,raw batch counter,B/op,9716,9820,104,1.070399341292716,0.21428571428571427,false,6,100ms,Not a per-call regression; batch size can differ. See B/call and allocs/call.
full screen,explicit,BenchmarkWazeroExec/isa_simd_i32x4.trunc_sat_f64x2_u_zero,wazero,raw batch counter,B/op,1600,1700,100,6.25,0.0367965367965368,true,6,100ms,Not a per-call regression; batch size can differ. See B/call and allocs/call.
full screen,signals,BenchmarkWazeroExec/isa_simd_i64x2.lt_s,wazero,raw batch counter,B/op,4224,4324,100,2.367424242424243,0.05627705627705628,false,6,100ms,Not a per-call regression; batch size can differ. See B/call and allocs/call.
full screen,explicit,BenchmarkWazeroExec/isa_simd_i8x16.eq,wazero,raw batch counter,B/op,9728,9828,100,1.0279605263157965,0.23593073593073594,false,6,100ms,Not a per-call regression; batch size can differ. See B/call and allocs/call.
full screen,explicit,BenchmarkWazeroExec/isa_simd_i16x8.max_s,wazero,raw batch counter,B/op,9728,9820,92,0.945723684210531,0.047619047619047616,true,6,100ms,Not a per-call regression; batch size can differ. See B/call and allocs/call.
full screen,signals,BenchmarkWazeroExec/isa_simd_i64x2.sub,wazero,raw batch counter,B/op,9720,9812,92,0.9465020576131744,0.2878787878787879,false,6,100ms,Not a per-call regression; batch size can differ. See B/call and allocs/call.
full screen,explicit,BenchmarkWazeroExec/isa_mem.load_i32_stride,wazero,raw batch counter,B/op,1448,1536,88,6.077348066298338,0.08008658008658008,false,6,100ms,Not a per-call regression; batch size can differ. See B/call and allocs/call.
full screen,explicit,BenchmarkWazeroExec/isa_simd_i16x8.abs,wazero,raw batch counter,B/op,9728,9816,88,0.9046052631578982,0.09307359307359307,false,6,100ms,Not a per-call regression; batch size can differ. See B/call and allocs/call.
full screen,explicit,BenchmarkWazeroExec/isa_simd_i32x4.abs,wazero,raw batch counter,B/op,9736,9824,88,0.9038619556285932,0.1038961038961039,false,6,100ms,Not a per-call regression; batch size can differ. See B/call and allocs/call.
full screen,explicit,BenchmarkWazeroExec/isa_simd_i64x2.extend_low_u,wazero,raw batch counter,B/op,9736,9824,88,0.9038619556285932,0.01948051948051948,true,6,100ms,Not a per-call regression; batch size can differ. See B/call and allocs/call.
full screen,signals,BenchmarkWazeroExec/isa_simd_i16x8.max_u,wazero,raw batch counter,B/op,9628,9712,84,0.8724553385957678,0.7380952380952381,false,6,100ms,Not a per-call regression; batch size can differ. See B/call and allocs/call.
full screen,explicit,BenchmarkWazeroExec/isa_simd_i8x16.sub_sat_u,wazero,raw batch counter,B/op,4804,4888,84,1.7485428809325576,0.7337662337662337,false,6,100ms,Not a per-call regression; batch size can differ. See B/call and allocs/call.
full screen,explicit,BenchmarkWazeroExec/isa_simd_i16x8.gt_s,wazero,raw batch counter,B/op,9700,9780,80,0.8247422680412342,0.19264069264069264,false,6,100ms,Not a per-call regression; batch size can differ. See B/call and allocs/call.
full screen,explicit,BenchmarkWazeroExec/isa_simd_i32x4.extadd_pairwise_u,wazero,raw batch counter,B/op,3668,3748,80,2.1810250817884347,0.11471861471861472,false,6,100ms,Not a per-call regression; batch size can differ. See B/call and allocs/call.
full screen,explicit,BenchmarkWazeroExec/isa_simd_i8x16.min_u,wazero,raw batch counter,B/op,9764,9844,80,0.8193363375665674,0.48484848484848486,false,6,100ms,Not a per-call regression; batch size can differ. See B/call and allocs/call.
full screen,explicit,BenchmarkWazeroExec/isa_simd_i16x8.min_u,wazero,raw batch counter,B/op,9720,9796,76,0.7818930041152194,0.3181818181818182,false,6,100ms,Not a per-call regression; batch size can differ. See B/call and allocs/call.
full screen,explicit,BenchmarkWazeroExec/isa_simd_i8x16.gt_s,wazero,raw batch counter,B/op,9736,9812,76,0.7806080525883274,0.38095238095238093,false,6,100ms,Not a per-call regression; batch size can differ. See B/call and allocs/call.
full screen,signals,BenchmarkWazeroExec/isa_simd_i8x16.eq,wazero,raw batch counter,B/op,9780,9852,72,0.7361963190184007,0.5541125541125541,false,6,100ms,Not a per-call regression; batch size can differ. See B/call and allocs/call.
full screen,explicit,BenchmarkWazeroExec/isa_simd_f64x2.ceil,wazero,raw batch counter,B/op,6496,6564,68,1.0467980295566504,0.45454545454545453,false,6,100ms,Not a per-call regression; batch size can differ. See B/call and allocs/call.
full screen,signals,BenchmarkWazeroExec/isa_simd_f64x2.promote_low_f32x4,wazero,raw batch counter,B/op,6496,6564,68,1.0467980295566504,0.7748917748917749,false,6,100ms,Not a per-call regression; batch size can differ. See B/call and allocs/call.
full screen,signals,BenchmarkWazeroExec/isa_simd_i16x8.extend_low_s,wazero,raw batch counter,B/op,9760,9828,68,0.6967213114754012,0.5497835497835498,false,6,100ms,Not a per-call regression; batch size can differ. See B/call and allocs/call.
full screen,signals,BenchmarkWazeroExec/isa_simd_i16x8.mul,wazero,raw batch counter,B/op,3196,3260,64,2.0025031289111483,0.28354978354978355,false,6,100ms,Not a per-call regression; batch size can differ. See B/call and allocs/call.
full screen,explicit,BenchmarkWazeroExec/isa_simd_i16x8.sub,wazero,raw batch counter,B/op,9764,9828,64,0.6554690700532495,0.3874458874458874,false,6,100ms,Not a per-call regression; batch size can differ. See B/call and allocs/call.
full screen,signals,BenchmarkWazeroExec/isa_simd_i64x2.abs,wazero,raw batch counter,B/op,7604,7668,64,0.8416622830089482,0.08441558441558442,false,6,100ms,Not a per-call regression; batch size can differ. See B/call and allocs/call.
full screen,explicit,BenchmarkWazeroExec/isa_simd_i8x16.add_sat_s,wazero,raw batch counter,B/op,4876,4940,64,1.312551271534046,0.30735930735930733,false,6,100ms,Not a per-call regression; batch size can differ. See B/call and allocs/call.
full screen,explicit,BenchmarkWazeroExec/memory_tree.run,wazero,raw batch counter,B/op,1568,1632,64,4.081632653061229,0.36796536796536794,false,6,100ms,Not a per-call regression; batch size can differ. See B/call and allocs/call.
full screen,signals,BenchmarkWazeroExec/memory_tree.run,wazero,raw batch counter,B/op,1560,1624,64,4.10256410256411,0.015151515151515152,true,6,100ms,Not a per-call regression; batch size can differ. See B/call and allocs/call.
full screen,explicit,BenchmarkWazeroExec/isa_simd_f64x2.floor,wazero,raw batch counter,B/op,6508,6568,60,0.9219422249538978,0.5627705627705628,false,6,100ms,Not a per-call regression; batch size can differ. See B/call and allocs/call.
full screen,signals,BenchmarkWazeroExec/isa_simd_i64x2.ne,wazero,raw batch counter,B/op,3196,3256,60,1.8773466833541974,0.33116883116883117,false,6,100ms,Not a per-call regression; batch size can differ. See B/call and allocs/call.
full screen,explicit,BenchmarkWazeroExec/isa_mem.store_i64,wazero,raw batch counter,B/op,1936,1992,56,2.892561983471076,0.4264069264069264,false,6,100ms,Not a per-call regression; batch size can differ. See B/call and allocs/call.
full screen,explicit,BenchmarkWazeroExec/isa_simd_f32x4.eq,wazero,raw batch counter,B/op,4880,4936,56,1.1475409836065653,0.7207792207792207,false,6,100ms,Not a per-call regression; batch size can differ. See B/call and allocs/call.
full screen,explicit,BenchmarkWazeroExec/isa_simd_i64x2.shr_u,wazero,raw batch counter,B/op,7356,7412,56,0.7612833061446445,0.6233766233766234,false,6,100ms,Not a per-call regression; batch size can differ. See B/call and allocs/call.
full screen,explicit,BenchmarkWazeroExec/isa_simd_reduce.i16x8_all_true,wazero,raw batch counter,B/op,8648,8704,56,0.647548566142464,0.6688311688311688,false,6,100ms,Not a per-call regression; batch size can differ. See B/call and allocs/call.
full screen,signals,BenchmarkWazeroExec/isa_simd_reduce.i16x8_all_true,wazero,raw batch counter,B/op,8612,8668,56,0.6502554575011699,0.329004329004329,false,6,100ms,Not a per-call regression; batch size can differ. See B/call and allocs/call.
full screen,signals,BenchmarkWazeroExec/isa_bulk_mem.fill_4096,wazero,raw batch counter,B/op,1228,1280,52,4.234527687296419,0.049783549783549784,true,6,100ms,Not a per-call regression; batch size can differ. See B/call and allocs/call.
full screen,explicit,BenchmarkWazeroExec/isa_bulk_mem.fill_64,wazero,raw batch counter,B/op,3888,3940,52,1.337448559670773,0.19047619047619047,false,6,100ms,Not a per-call regression; batch size can differ. See B/call and allocs/call.
full screen,explicit,BenchmarkWazeroExec/isa_simd_f64x2.add,wazero,raw batch counter,B/op,3252,3304,52,1.5990159901599021,0.023809523809523808,true,6,100ms,Not a per-call regression; batch size can differ. See B/call and allocs/call.
full screen,explicit,BenchmarkWazeroExec/isa_simd_f64x2.gt,wazero,raw batch counter,B/op,4224,4276,52,1.2310606060605966,1,false,6,100ms,Not a per-call regression; batch size can differ. See B/call and allocs/call.
full screen,explicit,BenchmarkWazeroExec/isa_simd_i16x8.extend_low_u,wazero,raw batch counter,B/op,9752,9804,52,0.533223954060702,0.3593073593073593,false,6,100ms,Not a per-call regression; batch size can differ. See B/call and allocs/call.
full screen,signals,BenchmarkWazeroExec/isa_simd_i32x4.extend_high_u,wazero,raw batch counter,B/op,4860,4912,52,1.0699588477366184,0.032467532467532464,true,6,100ms,Not a per-call regression; batch size can differ. See B/call and allocs/call.
full screen,explicit,BenchmarkWazeroExec/isa_simd_i32x4.lt_u,wazero,raw batch counter,B/op,2932,2984,52,1.7735334242837686,0.22294372294372294,false,6,100ms,Not a per-call regression; batch size can differ. See B/call and allocs/call.
full screen,explicit,BenchmarkWazeroExec/lz4.lz4_decompress_run,wazero,raw batch counter,B/op,3096,3148,52,1.6795865633074891,0.45670995670995673,false,6,100ms,Not a per-call regression; batch size can differ. See B/call and allocs/call.
full screen,signals,BenchmarkWazeroExec/isa_mem.store_i32,wazero,raw batch counter,B/op,1924,1972,48,2.494802494802495,0.4155844155844156,false,6,100ms,Not a per-call regression; batch size can differ. See B/call and allocs/call.
full screen,signals,BenchmarkWazeroExec/isa_simd_f64x2.pmax,wazero,raw batch counter,B/op,4256,4304,48,1.1278195488721776,0.5670995670995671,false,6,100ms,Not a per-call regression; batch size can differ. See B/call and allocs/call.
full screen,explicit,BenchmarkWazeroExec/isa_simd_i16x8.eq,wazero,raw batch counter,B/op,9708,9756,48,0.49443757725586845,0.9805194805194806,false,6,100ms,Not a per-call regression; batch size can differ. See B/call and allocs/call.
full screen,explicit,BenchmarkWazeroExec/isa_simd_i16x8.narrow_i32x4_u,wazero,raw batch counter,B/op,4840,4888,48,0.9917355371900749,0.23376623376623376,false,6,100ms,Not a per-call regression; batch size can differ. See B/call and allocs/call.
full screen,explicit,BenchmarkWazeroExec/isa_simd_i32x4.gt_s,wazero,raw batch counter,B/op,9816,9864,48,0.4889975550122161,0.23809523809523808,false,6,100ms,Not a per-call regression; batch size can differ. See B/call and allocs/call.
full screen,signals,BenchmarkWazeroExec/isa_simd_i32x4.trunc_sat_f64x2_u_zero,wazero,raw batch counter,B/op,1588,1636,48,3.0226700251889227,0.2510822510822511,false,6,100ms,Not a per-call regression; batch size can differ. See B/call and allocs/call.
full screen,signals,BenchmarkWazeroExec/isa_simd_i64x2.extend_low_s,wazero,raw batch counter,B/op,9720,9768,48,0.49382716049382047,0.329004329004329,false,6,100ms,Not a per-call regression; batch size can differ. See B/call and allocs/call.
full screen,signals,BenchmarkWazeroExec/isa_simd_i64x2.shr_u,wazero,raw batch counter,B/op,7400,7448,48,0.648648648648642,0.5584415584415584,false,6,100ms,Not a per-call regression; batch size can differ. See B/call and allocs/call.
full screen,signals,BenchmarkWazeroExec/lz4.lz4_decompress_run,wazero,raw batch counter,B/op,3120,3168,48,1.538461538461533,0.21645021645021645,false,6,100ms,Not a per-call regression; batch size can differ. See B/call and allocs/call.
full screen,explicit,BenchmarkWazeroExec/isa_simd_f64x2.pmax,wazero,raw batch counter,B/op,4272,4316,44,1.0299625468164875,0.05627705627705628,false,6,100ms,Not a per-call regression; batch size can differ. See B/call and allocs/call.
full screen,signals,BenchmarkWazeroExec/isa_simd_i16x8.extend_high_s,wazero,raw batch counter,B/op,4880,4924,44,0.9016393442623061,0.4134199134199134,false,6,100ms,Not a per-call regression; batch size can differ. See B/call and allocs/call.
full screen,explicit,BenchmarkWazeroExec/isa_simd_i16x8.max_u,wazero,raw batch counter,B/op,9684,9728,44,0.45435770342834303,0.7878787878787878,false,6,100ms,Not a per-call regression; batch size can differ. See B/call and allocs/call.
full screen,signals,BenchmarkWazeroExec/isa_simd_i32x4.le_u,wazero,raw batch counter,B/op,4280,4324,44,1.0280373831775602,0.2554112554112554,false,6,100ms,Not a per-call regression; batch size can differ. See B/call and allocs/call.
full screen,signals,BenchmarkWazeroExec/isa_simd_f64x2.mul,wazero,raw batch counter,B/op,3244,3284,40,1.2330456226880449,0.06926406926406926,false,6,100ms,Not a per-call regression; batch size can differ. See B/call and allocs/call.
full screen,explicit,BenchmarkWazeroExec/isa_simd_f64x2.promote_low_f32x4,wazero,raw batch counter,B/op,6500,6540,40,0.6153846153846176,0.9761904761904762,false,6,100ms,Not a per-call regression; batch size can differ. See B/call and allocs/call.
full screen,explicit,BenchmarkWazeroExec/isa_simd_i16x8.extend_low_s,wazero,raw batch counter,B/op,9788,9828,40,0.408663669799747,0.3008658008658009,false,6,100ms,Not a per-call regression; batch size can differ. See B/call and allocs/call.
full screen,explicit,BenchmarkWazeroExec/isa_simd_reduce.i16x8_bitmask,wazero,raw batch counter,B/op,12740,12780,40,0.31397174254317317,0.33116883116883117,false,6,100ms,Not a per-call regression; batch size can differ. See B/call and allocs/call.
full screen,explicit,BenchmarkWazeroExec/isa_simd_reduce.i32x4_all_true,wazero,raw batch counter,B/op,8644,8684,40,0.46274872744100914,0.461038961038961,false,6,100ms,Not a per-call regression; batch size can differ. See B/call and allocs/call.
full screen,signals,BenchmarkWazeroExec/isa_simd_f64x2.neg,wazero,raw batch counter,B/op,8948,8984,36,0.40232454179705,0.48484848484848486,false,6,100ms,Not a per-call regression; batch size can differ. See B/call and allocs/call.
full screen,signals,BenchmarkWazeroExec/isa_simd_i16x8.min_s,wazero,raw batch counter,B/op,9764,9800,36,0.36870135190496534,0.45454545454545453,false,6,100ms,Not a per-call regression; batch size can differ. See B/call and allocs/call.
full screen,explicit,BenchmarkWazeroExec/isa_simd_i32x4.extadd_pairwise_s,wazero,raw batch counter,B/op,6488,6524,36,0.5548705302096169,0.40476190476190477,false,6,100ms,Not a per-call regression; batch size can differ. See B/call and allocs/call.
full screen,explicit,BenchmarkWazeroExec/isa_simd_i8x16.neg,wazero,raw batch counter,B/op,12468,12504,36,0.2887391722810495,0.9372294372294372,false,6,100ms,Not a per-call regression; batch size can differ. See B/call and allocs/call.
full screen,signals,BenchmarkWazeroExec/zstd.zstd_decompress_run,wazero,raw batch counter,B/op,2072,2108,36,1.737451737451745,0.14285714285714285,false,6,100ms,Not a per-call regression; batch size can differ. See B/call and allocs/call.
full screen,signals,BenchmarkWazeroExec/isa_bulk_mem.copy_back_4096,wazero,raw batch counter,B/op,1660,1692,32,1.9277108433734869,0.24025974025974026,false,6,100ms,Not a per-call regression; batch size can differ. See B/call and allocs/call.
full screen,signals,BenchmarkWazeroExec/isa_i64.rotl,wazero,raw batch counter,B/op,1180,1212,32,2.7118644067796627,0.0021645021645021645,true,6,100ms,Not a per-call regression; batch size can differ. See B/call and allocs/call.
full screen,explicit,BenchmarkWazeroExec/isa_simd_f32x4.abs,wazero,raw batch counter,B/op,12312,12344,32,0.2599090318388564,0.48484848484848486,false,6,100ms,Not a per-call regression; batch size can differ. See B/call and allocs/call.
full screen,signals,BenchmarkWazeroExec/isa_simd_f64x2.le,wazero,raw batch counter,B/op,4892,4924,32,0.6541291905151292,0.3354978354978355,false,6,100ms,Not a per-call regression; batch size can differ. See B/call and allocs/call.
full screen,signals,BenchmarkWazeroExec/isa_simd_i16x8.le_u,wazero,raw batch counter,B/op,4244,4276,32,0.7540056550424223,0.4069264069264069,false,6,100ms,Not a per-call regression; batch size can differ. See B/call and allocs/call.
full screen,signals,BenchmarkWazeroExec/isa_simd_i16x8.lt_u,wazero,raw batch counter,B/op,2976,3008,32,1.0752688172043001,0.3484848484848485,false,6,100ms,Not a per-call regression; batch size can differ. See B/call and allocs/call.
full screen,signals,BenchmarkWazeroExec/isa_simd_i16x8.shr_u,wazero,raw batch counter,B/op,7404,7436,32,0.432198811453266,0.9372294372294372,false,6,100ms,Not a per-call regression; batch size can differ. See B/call and allocs/call.
full screen,explicit,BenchmarkWazeroExec/isa_simd_i32x4.eq,wazero,raw batch counter,B/op,9728,9760,32,0.328947368421062,0.7748917748917749,false,6,100ms,Not a per-call regression; batch size can differ. See B/call and allocs/call.
full screen,signals,BenchmarkWazeroExec/isa_simd_i64x2.extmul_low_s,wazero,raw batch counter,B/op,1052,1084,32,3.041825095057038,0.025974025974025976,true,6,100ms,Not a per-call regression; batch size can differ. See B/call and allocs/call.
full screen,explicit,BenchmarkWazeroExec/isa_simd_v128.andnot,wazero,raw batch counter,B/op,7604,7636,32,0.420831141504463,0.4199134199134199,false,6,100ms,Not a per-call regression; batch size can differ. See B/call and allocs/call.
full screen,signals,BenchmarkWazeroExec/swar-pack-parse.runN,wazero,raw batch counter,B/op,9704,9736,32,0.3297609233305909,0.7380952380952381,false,6,100ms,Not a per-call regression; batch size can differ. See B/call and allocs/call.
full screen,signals,BenchmarkWazeroExec/isa_ctl.select,wazero,raw batch counter,B/op,788,816,28,3.5532994923857864,0.045454545454545456,true,6,100ms,Not a per-call regression; batch size can differ. See B/call and allocs/call.
full screen,signals,BenchmarkWazeroExec/isa_cvt.i64_extend_u,wazero,raw batch counter,B/op,2432,2460,28,1.1513157894736947,0.19264069264069264,false,6,100ms,Not a per-call regression; batch size can differ. See B/call and allocs/call.
full screen,explicit,BenchmarkWazeroExec/isa_i64.rotr,wazero,raw batch counter,B/op,1180,1208,28,2.3728813559322104,0.10606060606060606,false,6,100ms,Not a per-call regression; batch size can differ. See B/call and allocs/call.
full screen,signals,BenchmarkWazeroExec/isa_mem.store_i64,wazero,raw batch counter,B/op,1948,1976,28,1.4373716632443578,0.17316017316017315,false,6,100ms,Not a per-call regression; batch size can differ. See B/call and allocs/call.
full screen,signals,BenchmarkWazeroExec/isa_simd_f32x4.lt,wazero,raw batch counter,B/op,4916,4944,28,0.5695687550854256,0.030303030303030304,true,6,100ms,Not a per-call regression; batch size can differ. See B/call and allocs/call.
full screen,signals,BenchmarkWazeroExec/isa_simd_f64x2.ge,wazero,raw batch counter,B/op,4276,4304,28,0.654817586529477,0.19480519480519481,false,6,100ms,Not a per-call regression; batch size can differ. See B/call and allocs/call.
full screen,explicit,BenchmarkWazeroExec/isa_simd_i32x4.shr_u,wazero,raw batch counter,B/op,7456,7484,28,0.375536480686689,0.9004329004329005,false,6,100ms,Not a per-call regression; batch size can differ. See B/call and allocs/call.
full screen,signals,BenchmarkWazeroExec/isa_simd_i64x2.extend_high_s,wazero,raw batch counter,B/op,4876,4904,28,0.5742411812961423,0.13203463203463203,false,6,100ms,Not a per-call regression; batch size can differ. See B/call and allocs/call.
full screen,explicit,BenchmarkWazeroExec/isa_simd_v128.bitselect,wazero,raw batch counter,B/op,4864,4892,28,0.5756578947368363,0.6645021645021645,false,6,100ms,Not a per-call regression; batch size can differ. See B/call and allocs/call.
full screen,explicit,BenchmarkWazeroExec/isa_i64.clz,wazero,raw batch counter,B/op,1200,1224,24,2.0000000000000018,0.045454545454545456,true,6,100ms,Not a per-call regression; batch size can differ. See B/call and allocs/call.
full screen,signals,BenchmarkWazeroExec/isa_simd_f32x4.floor,wazero,raw batch counter,B/op,6492,6516,24,0.3696857670979714,0.11904761904761904,false,6,100ms,Not a per-call regression; batch size can differ. See B/call and allocs/call.
full screen,signals,BenchmarkWazeroExec/isa_simd_f32x4.pmin,wazero,raw batch counter,B/op,4296,4320,24,0.5586592178770999,0.44805194805194803,false,6,100ms,Not a per-call regression; batch size can differ. See B/call and allocs/call.
full screen,signals,BenchmarkWazeroExec/isa_simd_i16x8.gt_u,wazero,raw batch counter,B/op,3256,3280,24,0.7371007371007376,0.3528138528138528,false,6,100ms,Not a per-call regression; batch size can differ. See B/call and allocs/call.
full screen,signals,BenchmarkWazeroExec/isa_simd_i16x8.lt_s,wazero,raw batch counter,B/op,7636,7660,24,0.3143006809848137,0.961038961038961,false,6,100ms,Not a per-call regression; batch size can differ. See B/call and allocs/call.
full screen,signals,BenchmarkWazeroExec/isa_simd_i16x8.narrow_i32x4_u,wazero,raw batch counter,B/op,4912,4936,24,0.48859934853420217,0.670995670995671,false,6,100ms,Not a per-call regression; batch size can differ. See B/call and allocs/call.
full screen,signals,BenchmarkWazeroExec/isa_simd_i16x8.sub_sat_s,wazero,raw batch counter,B/op,4884,4908,24,0.49140049140048436,0.7186147186147186,false,6,100ms,Not a per-call regression; batch size can differ. See B/call and allocs/call.
full screen,explicit,BenchmarkWazeroExec/isa_simd_i32x4.extend_high_s,wazero,raw batch counter,B/op,4896,4920,24,0.4901960784313708,0.2878787878787879,false,6,100ms,Not a per-call regression; batch size can differ. See B/call and allocs/call.
full screen,signals,BenchmarkWazeroExec/isa_simd_i8x16.avgr_u,wazero,raw batch counter,B/op,4880,4904,24,0.4918032786885185,0.6796536796536796,false,6,100ms,Not a per-call regression; batch size can differ. See B/call and allocs/call.
full screen,signals,BenchmarkWazeroExec/isa_simd_i8x16.lt_s,wazero,raw batch counter,B/op,7600,7624,24,0.3157894736842026,1,false,6,100ms,Not a per-call regression; batch size can differ. See B/call and allocs/call.
full screen,signals,BenchmarkWazeroExec/isa_simd_reduce.i64x2_bitmask,wazero,raw batch counter,B/op,12096,12120,24,0.1984126984126977,0.7857142857142857,false,6,100ms,Not a per-call regression; batch size can differ. See B/call and allocs/call.
full screen,explicit,BenchmarkWazeroExec/isa_simd_v128.xor,wazero,raw batch counter,B/op,9752,9776,24,0.24610336341264194,0.9826839826839827,false,6,100ms,Not a per-call regression; batch size can differ. See B/call and allocs/call.
full screen,signals,BenchmarkWazeroExec/qoi.qoi_decode_run,wazero,raw batch counter,B/op,1236,1260,24,1.9417475728155331,1,false,6,100ms,Not a per-call regression; batch size can differ. See B/call and allocs/call.
full screen,signals,BenchmarkWazeroExec/isa_bulk_mem.fill_256,wazero,raw batch counter,B/op,2956,2976,20,0.6765899864682012,0.8679653679653679,false,6,100ms,Not a per-call regression; batch size can differ. See B/call and allocs/call.
full screen,explicit,BenchmarkWazeroExec/isa_mem.load_i32,wazero,raw batch counter,B/op,1720,1740,20,1.1627906976744207,0.3333333333333333,false,6,100ms,Not a per-call regression; batch size can differ. See B/call and allocs/call.
full screen,explicit,BenchmarkWazeroExec/isa_mem.store_i32_stride,wazero,raw batch counter,B/op,1716,1736,20,1.1655011655011593,0.30735930735930733,false,6,100ms,Not a per-call regression; batch size can differ. See B/call and allocs/call.
full screen,signals,BenchmarkWazeroExec/isa_simd_f32x4.eq,wazero,raw batch counter,B/op,4888,4908,20,0.40916530278232166,0.5670995670995671,false,6,100ms,Not a per-call regression; batch size can differ. See B/call and allocs/call.
full screen,signals,BenchmarkWazeroExec/isa_simd_f32x4.le,wazero,raw batch counter,B/op,4892,4912,20,0.40883074407196407,0.6601731601731602,false,6,100ms,Not a per-call regression; batch size can differ. See B/call and allocs/call.
full screen,explicit,BenchmarkWazeroExec/isa_simd_f32x4.lt,wazero,raw batch counter,B/op,4912,4932,20,0.4071661237784907,0.37445887445887444,false,6,100ms,Not a per-call regression; batch size can differ. See B/call and allocs/call.
full screen,explicit,BenchmarkWazeroExec/isa_simd_f32x4.ne,wazero,raw batch counter,B/op,4864,4884,20,0.41118421052630527,0.2878787878787879,false,6,100ms,Not a per-call regression; batch size can differ. See B/call and allocs/call.
full screen,signals,BenchmarkWazeroExec/isa_simd_f64x2.convert_low_i32x4_s,wazero,raw batch counter,B/op,6476,6496,20,0.30883261272389717,0.2813852813852814,false,6,100ms,Not a per-call regression; batch size can differ. See B/call and allocs/call.
full screen,explicit,BenchmarkWazeroExec/isa_simd_i16x8.extmul_low_s,wazero,raw batch counter,B/op,1960,1980,20,1.0204081632652962,0.05844155844155844,false,6,100ms,Not a per-call regression; batch size can differ. See B/call and allocs/call.
full screen,signals,BenchmarkWazeroExec/isa_simd_i16x8.shl,wazero,raw batch counter,B/op,7420,7440,20,0.26954177897573484,0.8181818181818182,false,6,100ms,Not a per-call regression; batch size can differ. See B/call and allocs/call.
full screen,signals,BenchmarkWazeroExec/isa_simd_i32x4.extadd_pairwise_u,wazero,raw batch counter,B/op,3688,3708,20,0.5422993492407713,0.8506493506493507,false,6,100ms,Not a per-call regression; batch size can differ. See B/call and allocs/call.
full screen,signals,BenchmarkWazeroExec/isa_simd_i32x4.extend_low_s,wazero,raw batch counter,B/op,9732,9752,20,0.2055076037813297,0.79004329004329,false,6,100ms,Not a per-call regression; batch size can differ. See B/call and allocs/call.
full screen,signals,BenchmarkWazeroExec/isa_simd_i32x4.le_s,wazero,raw batch counter,B/op,4296,4316,20,0.4655493482309092,0.21645021645021645,false,6,100ms,Not a per-call regression; batch size can differ. See B/call and allocs/call.
full screen,explicit,BenchmarkWazeroExec/isa_simd_i32x4.lt_s,wazero,raw batch counter,B/op,7612,7632,20,0.26274303730950965,0.3593073593073593,false,6,100ms,Not a per-call regression; batch size can differ. See B/call and allocs/call.
full screen,signals,BenchmarkWazeroExec/isa_simd_i32x4.lt_s,wazero,raw batch counter,B/op,7632,7652,20,0.2620545073375169,0.4134199134199134,false,6,100ms,Not a per-call regression; batch size can differ. See B/call and allocs/call.
full screen,signals,BenchmarkWazeroExec/isa_simd_i32x4.mul,wazero,raw batch counter,B/op,3264,3284,20,0.6127450980392135,0.30303030303030304,false,6,100ms,Not a per-call regression; batch size can differ. See B/call and allocs/call.
full screen,explicit,BenchmarkWazeroExec/isa_simd_i64x2.le_s,wazero,raw batch counter,B/op,3252,3272,20,0.6150061500614923,0.6103896103896104,false,6,100ms,Not a per-call regression; batch size can differ. See B/call and allocs/call.
full screen,explicit,BenchmarkWazeroExec/isa_simd_i64x2.shl,wazero,raw batch counter,B/op,7404,7424,20,0.27012425715828847,0.7337662337662337,false,6,100ms,Not a per-call regression; batch size can differ. See B/call and allocs/call.
full screen,explicit,BenchmarkWazeroExec/isa_simd_i8x16.abs,wazero,raw batch counter,B/op,9556,9576,20,0.20929259104227604,0.5086580086580087,false,6,100ms,Not a per-call regression; batch size can differ. See B/call and allocs/call.
full screen,explicit,BenchmarkWazeroExec/isa_simd_i8x16.popcnt,wazero,raw batch counter,B/op,3484,3504,20,0.574052812858783,0.9805194805194806,false,6,100ms,Not a per-call regression; batch size can differ. See B/call and allocs/call.
full screen,explicit,BenchmarkWazeroExec/isa_simd_i8x16.sub_sat_s,wazero,raw batch counter,B/op,4928,4948,20,0.40584415584414835,1,false,6,100ms,Not a per-call regression; batch size can differ. See B/call and allocs/call.
full screen,explicit,BenchmarkWazeroExec/isa_bulk_mem.fill_4096,wazero,raw batch counter,B/op,1240,1256,16,1.2903225806451646,0.47186147186147187,false,6,100ms,Not a per-call regression; batch size can differ. See B/call and allocs/call.
full screen,signals,BenchmarkWazeroExec/isa_i64.or,wazero,raw batch counter,B/op,1216,1232,16,1.3157894736842035,1,false,6,100ms,Not a per-call regression; batch size can differ. See B/call and allocs/call.
full screen,signals,BenchmarkWazeroExec/isa_mem.load_f64,wazero,raw batch counter,B/op,1616,1632,16,0.990099009900991,0.21212121212121213,false,6,100ms,Not a per-call regression; batch size can differ. See B/call and allocs/call.
full screen,signals,BenchmarkWazeroExec/isa_simd_f32x4.min,wazero,raw batch counter,B/op,1624,1640,16,0.9852216748768461,0.44805194805194803,false,6,100ms,Not a per-call regression; batch size can differ. See B/call and allocs/call.
full screen,explicit,BenchmarkWazeroExec/isa_simd_f32x4.mul,wazero,raw batch counter,B/op,3264,3280,16,0.4901960784313708,0.5562770562770563,false,6,100ms,Not a per-call regression; batch size can differ. See B/call and allocs/call.
full screen,explicit,BenchmarkWazeroExec/isa_simd_f64x2.pmin,wazero,raw batch counter,B/op,4292,4308,16,0.37278657968313755,0.79004329004329,false,6,100ms,Not a per-call regression; batch size can differ. See B/call and allocs/call.
full screen,signals,BenchmarkWazeroExec/isa_simd_i16x8.abs,wazero,raw batch counter,B/op,9752,9768,16,0.1640689089417613,0.9047619047619048,false,6,100ms,Not a per-call regression; batch size can differ. See B/call and allocs/call.
full screen,signals,BenchmarkWazeroExec/isa_simd_i16x8.eq,wazero,raw batch counter,B/op,9572,9588,16,0.16715419974926427,0.9372294372294372,false,6,100ms,Not a per-call regression; batch size can differ. See B/call and allocs/call.
full screen,explicit,BenchmarkWazeroExec/isa_simd_i16x8.lt_u,wazero,raw batch counter,B/op,2976,2992,16,0.5376344086021501,0.31385281385281383,false,6,100ms,Not a per-call regression; batch size can differ. See B/call and allocs/call.
full screen,explicit,BenchmarkWazeroExec/isa_simd_i32x4.extmul_high_s,wazero,raw batch counter,B/op,1396,1412,16,1.1461318051575908,0.2077922077922078,false,6,100ms,Not a per-call regression; batch size can differ. See B/call and allocs/call.
full screen,signals,BenchmarkWazeroExec/isa_simd_i32x4.extmul_low_u,wazero,raw batch counter,B/op,1956,1972,16,0.8179959100204526,0.16017316017316016,false,6,100ms,Not a per-call regression; batch size can differ. See B/call and allocs/call.
full screen,explicit,BenchmarkWazeroExec/isa_simd_i64x2.eq,wazero,raw batch counter,B/op,4876,4892,16,0.3281378178835004,0.8593073593073594,false,6,100ms,Not a per-call regression; batch size can differ. See B/call and allocs/call.
full screen,signals,BenchmarkWazeroExec/isa_simd_i8x16.min_u,wazero,raw batch counter,B/op,9760,9776,16,0.16393442622950616,0.8398268398268398,false,6,100ms,Not a per-call regression; batch size can differ. See B/call and allocs/call.
full screen,signals,BenchmarkWazeroExec/json-as.deserializeN,wazero,raw batch counter,B/op,272,288,16,5.882352941176472,0.032467532467532464,true,6,100ms,Not a per-call regression; batch size can differ. See B/call and allocs/call.
full screen,explicit,BenchmarkWazeroExec/qoi.qoi_encode_run,wazero,raw batch counter,B/op,1300,1316,16,1.2307692307692353,0.12121212121212122,false,6,100ms,Not a per-call regression; batch size can differ. See B/call and allocs/call.
full screen,explicit,BenchmarkWazeroExec/zlib.zlib_inflate_run,wazero,raw batch counter,B/op,972,988,16,1.6460905349794164,0.7164502164502164,false,6,100ms,Not a per-call regression; batch size can differ. See B/call and allocs/call.
full screen,explicit,BenchmarkWazeroExec/crc32.hashN,wazero,raw batch counter,B/op,780,792,12,1.538461538461533,0.5,false,6,100ms,Not a per-call regression; batch size can differ. See B/call and allocs/call.
full screen,signals,BenchmarkWazeroExec/crc32.hashN,wazero,raw batch counter,B/op,776,788,12,1.546391752577314,0.16233766233766234,false,6,100ms,Not a per-call regression; batch size can differ. See B/call and allocs/call.
full screen,signals,BenchmarkWazeroExec/isa_ctl.br_if,wazero,raw batch counter,B/op,1220,1232,12,0.9836065573770592,0.5346320346320347,false,6,100ms,Not a per-call regression; batch size can differ. See B/call and allocs/call.
full screen,explicit,BenchmarkWazeroExec/isa_ctl.select,wazero,raw batch counter,B/op,800,812,12,1.4999999999999902,1,false,6,100ms,Not a per-call regression; batch size can differ. See B/call and allocs/call.
full screen,signals,BenchmarkWazeroExec/isa_f64.max,wazero,raw batch counter,B/op,844,856,12,1.4218009478673022,0.23160173160173161,false,6,100ms,Not a per-call regression; batch size can differ. See B/call and allocs/call.
full screen,explicit,BenchmarkWazeroExec/isa_i32.popcnt,wazero,raw batch counter,B/op,1208,1220,12,0.9933774834437026,0.24675324675324675,false,6,100ms,Not a per-call regression; batch size can differ. See B/call and allocs/call.
full screen,explicit,BenchmarkWazeroExec/isa_i32.rotl,wazero,raw batch counter,B/op,596,608,12,2.0134228187919545,0.5757575757575758,false,6,100ms,Not a per-call regression; batch size can differ. See B/call and allocs/call.
full screen,explicit,BenchmarkWazeroExec/isa_i64.rotl,wazero,raw batch counter,B/op,1192,1204,12,1.0067114093959662,0.5064935064935064,false,6,100ms,Not a per-call regression; batch size can differ. See B/call and allocs/call.
full screen,signals,BenchmarkWazeroExec/isa_i64.shl,wazero,raw batch counter,B/op,1196,1208,12,1.0033444816053505,0.6147186147186147,false,6,100ms,Not a per-call regression; batch size can differ. See B/call and allocs/call.
full screen,signals,BenchmarkWazeroExec/isa_mem.load_i64,wazero,raw batch counter,B/op,1748,1760,12,0.6864988558352492,0.4199134199134199,false,6,100ms,Not a per-call regression; batch size can differ. See B/call and allocs/call.
full screen,explicit,BenchmarkWazeroExec/isa_simd_i16x8.le_u,wazero,raw batch counter,B/op,4316,4328,12,0.2780352177942591,0.935064935064935,false,6,100ms,Not a per-call regression; batch size can differ. See B/call and allocs/call.
full screen,explicit,BenchmarkWazeroExec/isa_simd_i16x8.sub_sat_s,wazero,raw batch counter,B/op,4892,4904,12,0.24529844644316512,0.551948051948052,false,6,100ms,Not a per-call regression; batch size can differ. See B/call and allocs/call.
full screen,signals,BenchmarkWazeroExec/isa_simd_i32x4.abs,wazero,raw batch counter,B/op,9772,9784,12,0.12279983626688473,0.5043290043290043,false,6,100ms,Not a per-call regression; batch size can differ. See B/call and allocs/call.
full screen,signals,BenchmarkWazeroExec/isa_simd_i32x4.lt_u,wazero,raw batch counter,B/op,2988,3000,12,0.40160642570281624,0.6645021645021645,false,6,100ms,Not a per-call regression; batch size can differ. See B/call and allocs/call.
full screen,signals,BenchmarkWazeroExec/isa_simd_i32x4.ne,wazero,raw batch counter,B/op,4900,4912,12,0.2448979591836764,0.9718614718614719,false,6,100ms,Not a per-call regression; batch size can differ. See B/call and allocs/call.
full screen,signals,BenchmarkWazeroExec/isa_simd_i64x2.eq,wazero,raw batch counter,B/op,4880,4892,12,0.24590163934425924,0.9783549783549783,false,6,100ms,Not a per-call regression; batch size can differ. See B/call and allocs/call.
full screen,signals,BenchmarkWazeroExec/isa_simd_i8x16.add,wazero,raw batch counter,B/op,9812,9824,12,0.12229922543824934,0.3398268398268398,false,6,100ms,Not a per-call regression; batch size can differ. See B/call and allocs/call.
full screen,signals,BenchmarkWazeroExec/isa_simd_i8x16.swizzle,wazero,raw batch counter,B/op,2448,2460,12,0.4901960784313708,0.3484848484848485,false,6,100ms,Not a per-call regression; batch size can differ. See B/call and allocs/call.
full screen,explicit,BenchmarkWazeroExec/linked_list.sum,wazero,raw batch counter,B/op,1592,1604,12,0.7537688442211143,0.7857142857142857,false,6,100ms,Not a per-call regression; batch size can differ. See B/call and allocs/call.
full screen,signals,BenchmarkWazeroExec/utf-as-simd.convertN,wazero,raw batch counter,B/op,244,256,12,4.918032786885251,0.032467532467532464,true,6,100ms,Not a per-call regression; batch size can differ. See B/call and allocs/call.
full screen,explicit,BenchmarkWazeroExec/isa_ctl.br_if,wazero,raw batch counter,B/op,1216,1224,8,0.6578947368421018,1,false,6,100ms,Not a per-call regression; batch size can differ. See B/call and allocs/call.
full screen,explicit,BenchmarkWazeroExec/isa_ctl.loop_baseline,wazero,raw batch counter,B/op,2432,2440,8,0.328947368421062,0.7402597402597403,false,6,100ms,Not a per-call regression; batch size can differ. See B/call and allocs/call.
full screen,signals,BenchmarkWazeroExec/isa_cvt.reinterpret_f64,wazero,raw batch counter,B/op,272,280,8,2.941176470588225,0.06060606060606061,false,6,100ms,Not a per-call regression; batch size can differ. See B/call and allocs/call.
full screen,explicit,BenchmarkWazeroExec/isa_f32.ceil,wazero,raw batch counter,B/op,388,396,8,2.0618556701030855,0.12987012987012986,false,6,100ms,Not a per-call regression; batch size can differ. See B/call and allocs/call.
full screen,explicit,BenchmarkWazeroExec/isa_f64.floor,wazero,raw batch counter,B/op,400,408,8,2.0000000000000018,0.30952380952380953,false,6,100ms,Not a per-call regression; batch size can differ. See B/call and allocs/call.
full screen,signals,BenchmarkWazeroExec/isa_f64.min,wazero,raw batch counter,B/op,848,856,8,0.9433962264151052,0.9264069264069265,false,6,100ms,Not a per-call regression; batch size can differ. See B/call and allocs/call.
full screen,explicit,BenchmarkWazeroExec/isa_i32.div_u,wazero,raw batch counter,B/op,104,112,8,7.692307692307687,0.1774891774891775,false,6,100ms,Not a per-call regression; batch size can differ. See B/call and allocs/call.
full screen,explicit,BenchmarkWazeroExec/isa_i64.and,wazero,raw batch counter,B/op,1224,1232,8,0.6535947712418277,0.045454545454545456,true,6,100ms,Not a per-call regression; batch size can differ. See B/call and allocs/call.
full screen,explicit,BenchmarkWazeroExec/isa_i64.popcnt,wazero,raw batch counter,B/op,1212,1220,8,0.660066006600668,0.1406926406926407,false,6,100ms,Not a per-call regression; batch size can differ. See B/call and allocs/call.
full screen,signals,BenchmarkWazeroExec/isa_i64.rotr,wazero,raw batch counter,B/op,1188,1196,8,0.6734006734006703,0.474025974025974,false,6,100ms,Not a per-call regression; batch size can differ. See B/call and allocs/call.
full screen,explicit,BenchmarkWazeroExec/isa_i64.sub,wazero,raw batch counter,B/op,1228,1236,8,0.6514657980456029,0.8614718614718615,false,6,100ms,Not a per-call regression; batch size can differ. See B/call and allocs/call.
full screen,explicit,BenchmarkWazeroExec/isa_simd_f32x4.convert_i32x4_u,wazero,raw batch counter,B/op,1400,1408,8,0.5714285714285783,0.577922077922078,false,6,100ms,Not a per-call regression; batch size can differ. See B/call and allocs/call.
full screen,signals,BenchmarkWazeroExec/isa_simd_f32x4.ne,wazero,raw batch counter,B/op,4900,4908,8,0.16326530612245094,0.683982683982684,false,6,100ms,Not a per-call regression; batch size can differ. See B/call and allocs/call.
full screen,explicit,BenchmarkWazeroExec/isa_simd_f64x2.abs,wazero,raw batch counter,B/op,12388,12396,8,0.06457862447530882,0.9004329004329005,false,6,100ms,Not a per-call regression; batch size can differ. See B/call and allocs/call.
full screen,explicit,BenchmarkWazeroExec/isa_simd_f64x2.mul,wazero,raw batch counter,B/op,3264,3272,8,0.2450980392156854,0.6212121212121212,false,6,100ms,Not a per-call regression; batch size can differ. See B/call and allocs/call.
full screen,signals,BenchmarkWazeroExec/isa_simd_f64x2.trunc,wazero,raw batch counter,B/op,6548,6556,8,0.12217470983506562,0.9696969696969697,false,6,100ms,Not a per-call regression; batch size can differ. See B/call and allocs/call.
full screen,explicit,BenchmarkWazeroExec/isa_simd_i16x8.extmul_high_s,wazero,raw batch counter,B/op,1396,1404,8,0.5730659025787954,0.38095238095238093,false,6,100ms,Not a per-call regression; batch size can differ. See B/call and allocs/call.
full screen,explicit,BenchmarkWazeroExec/isa_simd_i16x8.le_s,wazero,raw batch counter,B/op,4268,4276,8,0.18744142455482393,0.9805194805194806,false,6,100ms,Not a per-call regression; batch size can differ. See B/call and allocs/call.
full screen,signals,BenchmarkWazeroExec/isa_simd_i32x4.extend_low_u,wazero,raw batch counter,B/op,9768,9776,8,0.08190008190007703,0.5367965367965368,false,6,100ms,Not a per-call regression; batch size can differ. See B/call and allocs/call.
full screen,signals,BenchmarkWazeroExec/isa_simd_i32x4.ge_u,wazero,raw batch counter,B/op,4884,4892,8,0.16380016380015405,0.9718614718614719,false,6,100ms,Not a per-call regression; batch size can differ. See B/call and allocs/call.
full screen,explicit,BenchmarkWazeroExec/isa_simd_i32x4.min_s,wazero,raw batch counter,B/op,9764,9772,8,0.08193363375665896,0.9805194805194806,false,6,100ms,Not a per-call regression; batch size can differ. See B/call and allocs/call.
full screen,signals,BenchmarkWazeroExec/isa_simd_i32x4.shr_s,wazero,raw batch counter,B/op,7404,7412,8,0.10804970286331095,0.7316017316017316,false,6,100ms,Not a per-call regression; batch size can differ. See B/call and allocs/call.
full screen,signals,BenchmarkWazeroExec/isa_simd_i64x2.extmul_low_u,wazero,raw batch counter,B/op,1072,1080,8,0.746268656716409,0.6428571428571429,false,6,100ms,Not a per-call regression; batch size can differ. See B/call and allocs/call.
full screen,explicit,BenchmarkWazeroExec/isa_simd_i8x16.avgr_u,wazero,raw batch counter,B/op,4904,4912,8,0.16313213703098572,0.9242424242424242,false,6,100ms,Not a per-call regression; batch size can differ. See B/call and allocs/call.
full screen,signals,BenchmarkWazeroExec/isa_simd_i8x16.lt_u,wazero,raw batch counter,B/op,2976,2984,8,0.26881720430107503,0.7770562770562771,false,6,100ms,Not a per-call regression; batch size can differ. See B/call and allocs/call.
full screen,signals,BenchmarkWazeroExec/isa_simd_v128.and,wazero,raw batch counter,B/op,9724,9732,8,0.08227067050596837,0.7316017316017316,false,6,100ms,Not a per-call regression; batch size can differ. See B/call and allocs/call.
full screen,explicit,BenchmarkWazeroExec/isa_var.global_getset,wazero,raw batch counter,B/op,2424,2432,8,0.3300330033003229,0.9718614718614719,false,6,100ms,Not a per-call regression; batch size can differ. See B/call and allocs/call.
full screen,explicit,BenchmarkWazeroExec/isa_var.local_getset,wazero,raw batch counter,B/op,1216,1224,8,0.6578947368421018,0.5151515151515151,false,6,100ms,Not a per-call regression; batch size can differ. See B/call and allocs/call.
full screen,explicit,BenchmarkWazeroExec/json-as-simd.deserializeN,wazero,raw batch counter,B/op,216,224,8,3.703703703703698,0.33116883116883117,false,6,100ms,Not a per-call regression; batch size can differ. See B/call and allocs/call.
full screen,signals,BenchmarkWazeroExec/json-as-simd.deserializeN,wazero,raw batch counter,B/op,224,232,8,3.571428571428581,0.10606060606060606,false,6,100ms,Not a per-call regression; batch size can differ. See B/call and allocs/call.
full screen,explicit,BenchmarkWazeroExec/mandelbrot.render,wazero,raw batch counter,B/op,64,72,8,12.5,0.5670995670995671,false,6,100ms,Not a per-call regression; batch size can differ. See B/call and allocs/call.
full screen,signals,BenchmarkWazeroExec/sieve.count,wazero,raw batch counter,B/op,136,144,8,5.882352941176472,0.19696969696969696,false,6,100ms,Not a per-call regression; batch size can differ. See B/call and allocs/call.
full screen,signals,BenchmarkWazeroExec/float.run,wazero,raw batch counter,B/op,4436,4440,4,0.0901713255184955,0.829004329004329,false,6,100ms,Not a per-call regression; batch size can differ. See B/call and allocs/call.
full screen,explicit,BenchmarkWazeroExec/isa_bulk_mem.copy_back_4096,wazero,raw batch counter,B/op,1684,1688,4,0.23752969121140222,0.6948051948051948,false,6,100ms,Not a per-call regression; batch size can differ. See B/call and allocs/call.
full screen,signals,BenchmarkWazeroExec/isa_ctl.if_else,wazero,raw batch counter,B/op,1696,1700,4,0.2358490566037652,0.35064935064935066,false,6,100ms,Not a per-call regression; batch size can differ. See B/call and allocs/call.
full screen,explicit,BenchmarkWazeroExec/isa_cvt.f64_convert_s,wazero,raw batch counter,B/op,188,192,4,2.127659574468077,0.42424242424242425,false,6,100ms,Not a per-call regression; batch size can differ. See B/call and allocs/call.
full screen,signals,BenchmarkWazeroExec/isa_cvt.f64_convert_s,wazero,raw batch counter,B/op,188,192,4,2.127659574468077,0.42424242424242425,false,6,100ms,Not a per-call regression; batch size can differ. See B/call and allocs/call.
full screen,explicit,BenchmarkWazeroExec/isa_cvt.i64_extend_s,wazero,raw batch counter,B/op,1228,1232,4,0.32573289902280145,0.3398268398268398,false,6,100ms,Not a per-call regression; batch size can differ. See B/call and allocs/call.
full screen,signals,BenchmarkWazeroExec/isa_cvt.i64_extend_s,wazero,raw batch counter,B/op,1220,1224,4,0.3278688524590123,0.20562770562770563,false,6,100ms,Not a per-call regression; batch size can differ. See B/call and allocs/call.
full screen,signals,BenchmarkWazeroExec/isa_cvt.promote_demote,wazero,raw batch counter,B/op,132,136,4,3.0303030303030276,0.696969696969697,false,6,100ms,Not a per-call regression; batch size can differ. See B/call and allocs/call.
full screen,signals,BenchmarkWazeroExec/isa_f32.floor,wazero,raw batch counter,B/op,388,392,4,1.0309278350515427,0.45454545454545453,false,6,100ms,Not a per-call regression; batch size can differ. See B/call and allocs/call.
full screen,explicit,BenchmarkWazeroExec/isa_f32.mul,wazero,raw batch counter,B/op,404,408,4,0.990099009900991,0.6233766233766234,false,6,100ms,Not a per-call regression; batch size can differ. See B/call and allocs/call.
full screen,explicit,BenchmarkWazeroExec/isa_f32.nearest,wazero,raw batch counter,B/op,396,400,4,1.0101010101010166,0.696969696969697,false,6,100ms,Not a per-call regression; batch size can differ. See B/call and allocs/call.
full screen,signals,BenchmarkWazeroExec/isa_f32.nearest,wazero,raw batch counter,B/op,392,396,4,1.0204081632652962,0.512987012987013,false,6,100ms,Not a per-call regression; batch size can differ. See B/call and allocs/call.
full screen,explicit,BenchmarkWazeroExec/isa_f32.neg,wazero,raw batch counter,B/op,412,416,4,0.9708737864077666,1,false,6,100ms,Not a per-call regression; batch size can differ. See B/call and allocs/call.
full screen,explicit,BenchmarkWazeroExec/isa_f32.trunc,wazero,raw batch counter,B/op,392,396,4,1.0204081632652962,1,false,6,100ms,Not a per-call regression; batch size can differ. See B/call and allocs/call.
full screen,signals,BenchmarkWazeroExec/isa_f32.trunc,wazero,raw batch counter,B/op,392,396,4,1.0204081632652962,0.8917748917748918,false,6,100ms,Not a per-call regression; batch size can differ. See B/call and allocs/call.
full screen,explicit,BenchmarkWazeroExec/isa_f64.abs,wazero,raw batch counter,B/op,408,412,4,0.9803921568627416,0.23160173160173161,false,6,100ms,Not a per-call regression; batch size can differ. See B/call and allocs/call.
full screen,signals,BenchmarkWazeroExec/isa_f64.mul,wazero,raw batch counter,B/op,412,416,4,0.9708737864077666,0.18181818181818182,false,6,100ms,Not a per-call regression; batch size can differ. See B/call and allocs/call.
full screen,signals,BenchmarkWazeroExec/isa_f64.nearest,wazero,raw batch counter,B/op,404,408,4,0.990099009900991,0.5454545454545454,false,6,100ms,Not a per-call regression; batch size can differ. See B/call and allocs/call.
full screen,explicit,BenchmarkWazeroExec/isa_f64.sqrt,wazero,raw batch counter,B/op,96,100,4,4.166666666666674,0.5454545454545454,false,6,100ms,Not a per-call regression; batch size can differ. See B/call and allocs/call.
full screen,explicit,BenchmarkWazeroExec/isa_f64.trunc,wazero,raw batch counter,B/op,404,408,4,0.990099009900991,0.8679653679653679,false,6,100ms,Not a per-call regression; batch size can differ. See B/call and allocs/call.
full screen,explicit,BenchmarkWazeroExec/isa_i32.ctz,wazero,raw batch counter,B/op,1212,1216,4,0.3300330033003229,0.7943722943722944,false,6,100ms,Not a per-call regression; batch size can differ. See B/call and allocs/call.
full screen,signals,BenchmarkWazeroExec/isa_i32.div_u,wazero,raw batch counter,B/op,104,108,4,3.8461538461538547,0.10822510822510822,false,6,100ms,Not a per-call regression; batch size can differ. See B/call and allocs/call.
full screen,signals,BenchmarkWazeroExec/isa_i32.rotr,wazero,raw batch counter,B/op,596,600,4,0.6711409395973256,0.6904761904761905,false,6,100ms,Not a per-call regression; batch size can differ. See B/call and allocs/call.
full screen,explicit,BenchmarkWazeroExec/isa_i32.shl,wazero,raw batch counter,B/op,604,608,4,0.6622516556291425,0.7272727272727273,false,6,100ms,Not a per-call regression; batch size can differ. See B/call and allocs/call.
full screen,explicit,BenchmarkWazeroExec/isa_i32.shr_u,wazero,raw batch counter,B/op,600,604,4,0.6666666666666599,0.6493506493506493,false,6,100ms,Not a per-call regression; batch size can differ. See B/call and allocs/call.
full screen,signals,BenchmarkWazeroExec/isa_i32.shr_u,wazero,raw batch counter,B/op,604,608,4,0.6622516556291425,0.7380952380952381,false,6,100ms,Not a per-call regression; batch size can differ. See B/call and allocs/call.
full screen,explicit,BenchmarkWazeroExec/isa_i32.sub,wazero,raw batch counter,B/op,1228,1232,4,0.32573289902280145,0.6948051948051948,false,6,100ms,Not a per-call regression; batch size can differ. See B/call and allocs/call.
full screen,signals,BenchmarkWazeroExec/isa_i32.sub,wazero,raw batch counter,B/op,1224,1228,4,0.32679738562091387,0.9978354978354979,false,6,100ms,Not a per-call regression; batch size can differ. See B/call and allocs/call.
full screen,explicit,BenchmarkWazeroExec/isa_i32.xor,wazero,raw batch counter,B/op,1224,1228,4,0.32679738562091387,0.49567099567099565,false,6,100ms,Not a per-call regression; batch size can differ. See B/call and allocs/call.
full screen,signals,BenchmarkWazeroExec/isa_i32.xor,wazero,raw batch counter,B/op,1224,1228,4,0.32679738562091387,0.6190476190476191,false,6,100ms,Not a per-call regression; batch size can differ. See B/call and allocs/call.
full screen,explicit,BenchmarkWazeroExec/isa_i64.ctz,wazero,raw batch counter,B/op,1208,1212,4,0.3311258278145601,0.4264069264069264,false,6,100ms,Not a per-call regression; batch size can differ. See B/call and allocs/call.
full screen,explicit,BenchmarkWazeroExec/isa_i64.mul,wazero,raw batch counter,B/op,412,416,4,0.9708737864077666,0.42424242424242425,false,6,100ms,Not a per-call regression; batch size can differ. See B/call and allocs/call.
full screen,explicit,BenchmarkWazeroExec/isa_i64.shr_u,wazero,raw batch counter,B/op,1204,1208,4,0.33222591362125353,0.7619047619047619,false,6,100ms,Not a per-call regression; batch size can differ. See B/call and allocs/call.
full screen,explicit,BenchmarkWazeroExec/isa_simd_f32x4.min,wazero,raw batch counter,B/op,1640,1644,4,0.24390243902439046,0.8939393939393939,false,6,100ms,Not a per-call regression; batch size can differ. See B/call and allocs/call.
full screen,signals,BenchmarkWazeroExec/isa_simd_f32x4.mul,wazero,raw batch counter,B/op,3268,3272,4,0.1223990208078396,0.7878787878787878,false,6,100ms,Not a per-call regression; batch size can differ. See B/call and allocs/call.
full screen,explicit,BenchmarkWazeroExec/isa_simd_f32x4.sqrt,wazero,raw batch counter,B/op,1404,1408,4,0.2849002849002913,0.5238095238095238,false,6,100ms,Not a per-call regression; batch size can differ. See B/call and allocs/call.
full screen,signals,BenchmarkWazeroExec/isa_simd_f64x2.lt,wazero,raw batch counter,B/op,4924,4928,4,0.08123476848092004,0.5562770562770563,false,6,100ms,Not a per-call regression; batch size can differ. See B/call and allocs/call.
full screen,explicit,BenchmarkWazeroExec/isa_simd_f64x2.trunc,wazero,raw batch counter,B/op,6528,6532,4,0.06127450980393245,0.6753246753246753,false,6,100ms,Not a per-call regression; batch size can differ. See B/call and allocs/call.
full screen,explicit,BenchmarkWazeroExec/isa_simd_i16x8.q15mulr_sat_s,wazero,raw batch counter,B/op,1956,1960,4,0.2044989775051187,0.9393939393939394,false,6,100ms,Not a per-call regression; batch size can differ. See B/call and allocs/call.
full screen,explicit,BenchmarkWazeroExec/isa_simd_i32x4.extend_low_u,wazero,raw batch counter,B/op,9828,9832,4,0.04070004070004796,0.816017316017316,false,6,100ms,Not a per-call regression; batch size can differ. See B/call and allocs/call.
full screen,signals,BenchmarkWazeroExec/isa_simd_i64x2.add,wazero,raw batch counter,B/op,9776,9780,4,0.040916530278223284,0.7835497835497836,false,6,100ms,Not a per-call regression; batch size can differ. See B/call and allocs/call.
full screen,explicit,BenchmarkWazeroExec/isa_simd_i64x2.extmul_high_s,wazero,raw batch counter,B/op,876,880,4,0.45662100456620447,0.564935064935065,false,6,100ms,Not a per-call regression; batch size can differ. See B/call and allocs/call.
full screen,explicit,BenchmarkWazeroExec/isa_simd_i64x2.extmul_high_u,wazero,raw batch counter,B/op,868,872,4,0.4608294930875667,0.8506493506493507,false,6,100ms,Not a per-call regression; batch size can differ. See B/call and allocs/call.
full screen,signals,BenchmarkWazeroExec/isa_simd_i64x2.extmul_high_u,wazero,raw batch counter,B/op,880,884,4,0.454545454545463,0.9134199134199135,false,6,100ms,Not a per-call regression; batch size can differ. See B/call and allocs/call.
full screen,signals,BenchmarkWazeroExec/isa_simd_i64x2.gt_s,wazero,raw batch counter,B/op,4908,4912,4,0.08149959250203231,0.9805194805194806,false,6,100ms,Not a per-call regression; batch size can differ. See B/call and allocs/call.
full screen,explicit,BenchmarkWazeroExec/isa_simd_i64x2.shr_s,wazero,raw batch counter,B/op,976,980,4,0.4098360655737654,0.47186147186147187,false,6,100ms,Not a per-call regression; batch size can differ. See B/call and allocs/call.
full screen,signals,BenchmarkWazeroExec/isa_simd_i8x16.gt_s,wazero,raw batch counter,B/op,9816,9820,4,0.04074979625101616,0.6190476190476191,false,6,100ms,Not a per-call regression; batch size can differ. See B/call and allocs/call.
full screen,signals,BenchmarkWazeroExec/isa_simd_i8x16.ne,wazero,raw batch counter,B/op,4904,4908,4,0.08156606851550396,0.8441558441558441,false,6,100ms,Not a per-call regression; batch size can differ. See B/call and allocs/call.
full screen,signals,BenchmarkWazeroExec/isa_simd_v128.bitselect,wazero,raw batch counter,B/op,4868,4872,4,0.08216926869351049,0.9155844155844156,false,6,100ms,Not a per-call regression; batch size can differ. See B/call and allocs/call.
full screen,explicit,BenchmarkWazeroExec/nbody.step,wazero,raw batch counter,B/op,52,56,4,7.692307692307687,1,false,6,100ms,Not a per-call regression; batch size can differ. See B/call and allocs/call.
full screen,signals,BenchmarkWazeroExec/nbody.step,wazero,raw batch counter,B/op,52,56,4,7.692307692307687,0.5454545454545454,false,6,100ms,Not a per-call regression; batch size can differ. See B/call and allocs/call.
full screen,signals,BenchmarkWazeroExec/qoi.qoi_encode_run,wazero,raw batch counter,B/op,1316,1320,4,0.3039513677811634,0.8311688311688312,false,6,100ms,Not a per-call regression; batch size can differ. See B/call and allocs/call.
full screen,explicit,BenchmarkWazeroExec/utf-as-simd.convertN,wazero,raw batch counter,B/op,248,252,4,1.6129032258064502,0.6753246753246753,false,6,100ms,Not a per-call regression; batch size can differ. See B/call and allocs/call.
