bounds,benchmark,engine,unit,main_median,after_median,change_percent,p,main_samples,after_samples,measurement,status
explicit,BenchmarkCompile/tiny,wago,ns/op,6692,6511,-2.7047220561864926,0.004329004329004329,6,6,reported,paired
explicit,BenchmarkCompile/fib_iter,wago,ns/op,7966.5,7556.5,-5.14655118307914,0.13203463203463203,6,6,reported,paired
explicit,BenchmarkCompile/fib_rec,wago,ns/op,8501,8005,-5.834607693212568,0.13203463203463203,6,6,reported,paired
explicit,BenchmarkCompile/arith,wago,ns/op,9193,7563,-17.73088219297292,0.0021645021645021645,6,6,reported,paired
explicit,BenchmarkCompile/float,wago,ns/op,9582.5,8101.5,-15.455256978867727,0.0021645021645021645,6,6,reported,paired
explicit,BenchmarkCompile/memory,wago,ns/op,11291.5,10417.5,-7.740335650710717,0.0021645021645021645,6,6,reported,paired
explicit,BenchmarkCompile/memory_tree,wago,ns/op,17209,14585,-15.247835434946833,0.0021645021645021645,6,6,reported,paired
explicit,BenchmarkCompile/globals,wago,ns/op,8939,8259.5,-7.601521422977964,0.0021645021645021645,6,6,reported,paired
explicit,BenchmarkCompile/dispatch,wago,ns/op,14897,14008.5,-5.964288111700345,0.0021645021645021645,6,6,reported,paired
explicit,BenchmarkCompile/branches,wago,ns/op,7568,7166,-5.311839323467227,0.025974025974025976,6,6,reported,paired
explicit,BenchmarkCompile/many_funcs,wago,ns/op,322599.5,279622,-13.322246314702902,0.0021645021645021645,6,6,reported,paired
explicit,BenchmarkCompile/linked_list,wago,ns/op,12820,11394.5,-11.119344773790951,0.0021645021645021645,6,6,reported,paired
explicit,BenchmarkCompile/mandelbrot,wago,ns/op,15575.5,14100.5,-9.47000096305095,0.004329004329004329,6,6,reported,paired
explicit,BenchmarkCompile/sieve,wago,ns/op,14586.5,12469,-14.51684777019847,0.015151515151515152,6,6,reported,paired
explicit,BenchmarkCompile/nbody,wago,ns/op,63837,53242,-16.59695787709322,0.025974025974025976,6,6,reported,paired
explicit,BenchmarkCompile/spectralnorm,wago,ns/op,53520.5,44286.5,-17.253202044076566,0.0021645021645021645,6,6,reported,paired
explicit,BenchmarkCompile/fannkuch,wago,ns/op,82382,67242,-18.377800975941348,0.0021645021645021645,6,6,reported,paired
explicit,BenchmarkCompile/matmul,wago,ns/op,47071.5,38455.5,-18.30406934132118,0.0021645021645021645,6,6,reported,paired
explicit,BenchmarkCompile/quicksort,wago,ns/op,44717.5,36825.5,-17.64857158830435,0.0021645021645021645,6,6,reported,paired
explicit,BenchmarkCompile/crc32,wago,ns/op,26479,22188,-16.20529476188678,0.0021645021645021645,6,6,reported,paired
explicit,BenchmarkCompile/sha256,wago,ns/op,64685,51462.5,-20.441369714771586,0.0021645021645021645,6,6,reported,paired
explicit,BenchmarkCompile/raytrace,wago,ns/op,170232,135415.5,-20.45238263076272,0.0021645021645021645,6,6,reported,paired
explicit,BenchmarkCompile/regexmatch,wago,ns/op,38372281.5,30341002,-20.929898317357022,0.0021645021645021645,6,6,reported,paired
explicit,BenchmarkCompile/wasm3,wago,ns/op,10839157,8901679,-17.874803363398094,0.0021645021645021645,6,6,reported,paired
explicit,BenchmarkCompile/json-as,wago,ns/op,1013121,823738.5,-18.692979417068646,0.0021645021645021645,6,6,reported,paired
explicit,BenchmarkCompile/blake-as,wago,ns/op,260924.5,191863.5,-26.467809653750418,0.0021645021645021645,6,6,reported,paired
explicit,BenchmarkCompile/utf-as,wago,ns/op,117747,94454.5,-19.781820343618094,0.0021645021645021645,6,6,reported,paired
explicit,BenchmarkCompile/xjb-mulhi,wago,ns/op,16118,13108.5,-18.67167142325351,0.0021645021645021645,6,6,reported,paired
explicit,BenchmarkCompile/swar-pack-parse,wago,ns/op,16868,13861.5,-17.823689826891155,0.0021645021645021645,6,6,reported,paired
explicit,BenchmarkCompile/json-as-simd,wago,ns/op,1101333.5,919338,-16.52501263241334,0.0021645021645021645,6,6,reported,paired
explicit,BenchmarkCompile/blake-as-simd,wago,ns/op,739368.5,587073,-20.598050904251398,0.0021645021645021645,6,6,reported,paired
explicit,BenchmarkCompile/utf-as-simd,wago,ns/op,374121,303671.5,-18.8306724295081,0.0021645021645021645,6,6,reported,paired
explicit,BenchmarkCompile/coremark,wago,ns/op,486985,378791.5,-22.21700873743544,0.0021645021645021645,6,6,reported,paired
explicit,BenchmarkCompile/blake3,wago,ns/op,745872.5,578918,-22.38378543249684,0.0021645021645021645,6,6,reported,paired
explicit,BenchmarkCompile/qoi,wago,ns/op,147098.5,115855.5,-21.23950958031523,0.0021645021645021645,6,6,reported,paired
explicit,BenchmarkCompile/lz4,wago,ns/op,120122,93468,-22.189107740463864,0.0021645021645021645,6,6,reported,paired
explicit,BenchmarkCompile/zlib,wago,ns/op,791372.5,660349.5,-16.556425703445598,0.0021645021645021645,6,6,reported,paired
explicit,BenchmarkCompile/zstd,wago,ns/op,3140562,2546915,-18.902572214781944,0.0021645021645021645,6,6,reported,paired
explicit,BenchmarkCompile/lua,wago,ns/op,16660901,13816752,-17.07079947236947,0.0021645021645021645,6,6,reported,paired
explicit,BenchmarkCompile/sqlite3,wago,ns/op,63976412,52599084.5,-17.78362859736492,0.0021645021645021645,6,6,reported,paired
explicit,BenchmarkCompile/ruby,wago,ns/op,691812234.5,516152672.5,-25.39121935693376,0.0021645021645021645,6,6,reported,paired
explicit,BenchmarkCompile/esbuild,wago,ns/op,414220152.5,327708045,-20.885538035235985,0.0021645021645021645,6,6,reported,paired
explicit,BenchmarkCompile/isa_i32,wago,ns/op,208381,147010,-29.45134153305724,0.0021645021645021645,6,6,reported,paired
explicit,BenchmarkCompile/isa_i64,wago,ns/op,210723,153711,-27.055423470622575,0.0021645021645021645,6,6,reported,paired
explicit,BenchmarkCompile/isa_f32,wago,ns/op,130369.5,90775,-30.37098401083076,0.0021645021645021645,6,6,reported,paired
explicit,BenchmarkCompile/isa_f64,wago,ns/op,129187.5,90806,-29.709917755200777,0.0021645021645021645,6,6,reported,paired
explicit,BenchmarkCompile/isa_mem,wago,ns/op,108779,79369,-27.03646843600327,0.0021645021645021645,6,6,reported,paired
explicit,BenchmarkCompile/isa_bulk_mem,wago,ns/op,32175.5,28806,-10.472253733430714,0.0021645021645021645,6,6,reported,paired
explicit,BenchmarkCompile/isa_ctl,wago,ns/op,94364.5,74268,-21.296674067048514,0.0021645021645021645,6,6,reported,paired
explicit,BenchmarkCompile/isa_call,wago,ns/op,35514,29426,-17.14253533817649,0.0021645021645021645,6,6,reported,paired
explicit,BenchmarkCompile/isa_var,wago,ns/op,24784.5,19198.5,-22.538279973370457,0.0021645021645021645,6,6,reported,paired
explicit,BenchmarkCompile/isa_cvt,wago,ns/op,70525.5,53170,-24.608829430489678,0.0021645021645021645,6,6,reported,paired
explicit,BenchmarkCompile/isa_simd_v128,wago,ns/op,71802.5,55483.5,-22.727620904564606,0.0021645021645021645,6,6,reported,paired
explicit,BenchmarkCompile/isa_simd_i8x16,wago,ns/op,298726.5,228914.5,-23.369871772340257,0.0021645021645021645,6,6,reported,paired
explicit,BenchmarkCompile/isa_simd_i16x8,wago,ns/op,391312.5,311402.5,-20.42101900654848,0.0021645021645021645,6,6,reported,paired
explicit,BenchmarkCompile/isa_simd_i32x4,wago,ns/op,364860,294746.5,-19.21654881324344,0.0021645021645021645,6,6,reported,paired
explicit,BenchmarkCompile/isa_simd_i64x2,wago,ns/op,223575,183678,-17.8450184501845,0.0021645021645021645,6,6,reported,paired
explicit,BenchmarkCompile/isa_simd_f32x4,wago,ns/op,228429,183762,-19.553997084433238,0.0021645021645021645,6,6,reported,paired
explicit,BenchmarkCompile/isa_simd_f64x2,wago,ns/op,227263,182375.5,-19.751345357581307,0.0021645021645021645,6,6,reported,paired
explicit,BenchmarkCompile/isa_simd_reduce,wago,ns/op,77621.5,61586.5,-20.657936267657806,0.0021645021645021645,6,6,reported,paired
explicit,BenchmarkCompileCommuteSelfUpdate/blake-as/off,wago,ns/op,460784,301505,-34.566955449842006,0.0021645021645021645,6,6,reported,paired
explicit,BenchmarkCompileCommuteSelfUpdate/blake-as/on,wago,ns/op,464247,309034,-33.433280128896904,0.0021645021645021645,6,6,reported,paired
explicit,BenchmarkCompileCommuteSelfUpdate/blake-as-simd/off,wago,ns/op,1501973.5,956884,-36.29155241420704,0.0021645021645021645,6,6,reported,paired
explicit,BenchmarkCompileCommuteSelfUpdate/blake-as-simd/on,wago,ns/op,1503555,990507,-34.122330077715816,0.0021645021645021645,6,6,reported,paired
explicit,BenchmarkCompileCommuteSelfUpdate/sqlite3/off,wago,ns/op,100419294,71029509,-29.26706993180016,0.0021645021645021645,6,6,reported,paired
explicit,BenchmarkCompileCommuteSelfUpdate/sqlite3/on,wago,ns/op,99933125,70776391,-29.176245614254537,0.0021645021645021645,6,6,reported,paired
explicit,BenchmarkCompileCommuteSelfUpdate/esbuild/off,wago,ns/op,710790985.5,472423477.5,-33.53552772371224,0.0021645021645021645,6,6,reported,paired
explicit,BenchmarkCompileCommuteSelfUpdate/esbuild/on,wago,ns/op,712766636.5,477265855.5,-33.04037660298091,0.0021645021645021645,6,6,reported,paired
explicit,BenchmarkCompileCompact/tiny,wago,ns/op,16720,16281.5,-2.622607655502396,0.48484848484848486,6,6,reported,paired
explicit,BenchmarkCompileCompact/fib_iter,wago,ns/op,17895,16567,-7.421067337245035,0.025974025974025976,6,6,reported,paired
explicit,BenchmarkCompileCompact/fib_rec,wago,ns/op,18813.5,17336.5,-7.850745475323572,0.025974025974025976,6,6,reported,paired
explicit,BenchmarkCompileCompact/arith,wago,ns/op,19409.5,17672.5,-8.949225894536184,0.025974025974025976,6,6,reported,paired
explicit,BenchmarkCompileCompact/float,wago,ns/op,19311,18014.5,-6.713790067836989,0.025974025974025976,6,6,reported,paired
explicit,BenchmarkCompileCompact/memory,wago,ns/op,23267.5,22478,-3.393144944665305,0.17965367965367965,6,6,reported,paired
explicit,BenchmarkCompileCompact/memory_tree,wago,ns/op,29996,27735.5,-7.536004800640084,0.025974025974025976,6,6,reported,paired
explicit,BenchmarkCompileCompact/globals,wago,ns/op,21398,20816.5,-2.7175436956724974,0.3939393939393939,6,6,reported,paired
explicit,BenchmarkCompileCompact/dispatch,wago,ns/op,26452.5,25808,-2.436442680275963,0.3939393939393939,6,6,reported,paired
explicit,BenchmarkCompileCompact/branches,wago,ns/op,17184.5,16499,-3.9890599086386036,0.025974025974025976,6,6,reported,paired
explicit,BenchmarkCompileCompact/many_funcs,wago,ns/op,373857.5,345786,-7.5086095638043915,0.0021645021645021645,6,6,reported,paired
explicit,BenchmarkCompileCompact/linked_list,wago,ns/op,23732,21873.5,-7.83119838193157,0.0021645021645021645,6,6,reported,paired
explicit,BenchmarkCompileCompact/mandelbrot,wago,ns/op,27224.5,23894.5,-12.231629598339733,0.008658008658008658,6,6,reported,paired
explicit,BenchmarkCompileCompact/sieve,wago,ns/op,25326.5,23027.5,-9.07744852229878,0.06493506493506493,6,6,reported,paired
explicit,BenchmarkCompileCompact/nbody,wago,ns/op,88429,72977,-17.47390561919733,0.0021645021645021645,6,6,reported,paired
explicit,BenchmarkCompileCompact/spectralnorm,wago,ns/op,72391.5,62291,-13.952604932899582,0.0021645021645021645,6,6,reported,paired
explicit,BenchmarkCompileCompact/fannkuch,wago,ns/op,118779.5,97330.5,-18.057829844375505,0.0021645021645021645,6,6,reported,paired
explicit,BenchmarkCompileCompact/matmul,wago,ns/op,65785,56262,-14.475944364216764,0.0021645021645021645,6,6,reported,paired
explicit,BenchmarkCompileCompact/quicksort,wago,ns/op,67629,58077,-14.124118351594728,0.0021645021645021645,6,6,reported,paired
explicit,BenchmarkCompileCompact/crc32,wago,ns/op,41739.5,34679.5,-16.914433570119435,0.004329004329004329,6,6,reported,paired
explicit,BenchmarkCompileCompact/sha256,wago,ns/op,82500.5,66784.5,-19.049581517687773,0.0021645021645021645,6,6,reported,paired
explicit,BenchmarkCompileCompact/raytrace,wago,ns/op,209694,171379.5,-18.27162436693468,0.0021645021645021645,6,6,reported,paired
explicit,BenchmarkCompileCompact/regexmatch,wago,ns/op,49777939.5,42461613,-14.697929591882763,0.0021645021645021645,6,6,reported,paired
explicit,BenchmarkCompileCompact/wasm3,wago,ns/op,13224789.5,11126410,-15.867016257612265,0.0021645021645021645,6,6,reported,paired
explicit,BenchmarkCompileCompact/json-as,wago,ns/op,1323705,1168885,-11.695959447157788,0.0021645021645021645,6,6,reported,paired
explicit,BenchmarkCompileCompact/blake-as,wago,ns/op,284862,233177.5,-18.143697650090218,0.0021645021645021645,6,6,reported,paired
explicit,BenchmarkCompileCompact/utf-as,wago,ns/op,142880,124535,-12.83944568868981,0.008658008658008658,6,6,reported,paired
explicit,BenchmarkCompileCompact/xjb-mulhi,wago,ns/op,28597,25396,-11.193481833758788,0.0021645021645021645,6,6,reported,paired
explicit,BenchmarkCompileCompact/swar-pack-parse,wago,ns/op,29894.5,26288.5,-12.06241950860526,0.0021645021645021645,6,6,reported,paired
explicit,BenchmarkCompileCompact/json-as-simd,wago,ns/op,1479046,1331670.5,-9.964226940879461,0.0021645021645021645,6,6,reported,paired
explicit,BenchmarkCompileCompact/blake-as-simd,wago,ns/op,847948.5,687813.5,-18.88499124652028,0.0021645021645021645,6,6,reported,paired
explicit,BenchmarkCompileCompact/utf-as-simd,wago,ns/op,497794.5,412371,-17.160394500140118,0.0021645021645021645,6,6,reported,paired
explicit,BenchmarkCompileCompact/coremark,wago,ns/op,489079.5,387107.5,-20.849780045984346,0.0021645021645021645,6,6,reported,paired
explicit,BenchmarkCompileCompact/blake3,wago,ns/op,815367,697956.5,-14.399712031514644,0.004329004329004329,6,6,reported,paired
explicit,BenchmarkCompileCompact/qoi,wago,ns/op,176962.5,156942,-11.313413858868405,0.06493506493506493,6,6,reported,paired
explicit,BenchmarkCompileCompact/lz4,wago,ns/op,161362.5,133903.5,-17.01696490820358,0.0021645021645021645,6,6,reported,paired
explicit,BenchmarkCompileCompact/zlib,wago,ns/op,924791.5,786682.5,-14.934068922562549,0.06493506493506493,6,6,reported,paired
explicit,BenchmarkCompileCompact/zstd,wago,ns/op,3554546.5,3042616,-14.402132592723149,0.0021645021645021645,6,6,reported,paired
explicit,BenchmarkCompileCompact/lua,wago,ns/op,19131309,16767089,-12.357858001248111,0.0021645021645021645,6,6,reported,paired
explicit,BenchmarkCompileCompact/sqlite3,wago,ns/op,77704126,70080797,-9.810713268945337,0.0021645021645021645,6,6,reported,paired
explicit,BenchmarkCompileCompact/ruby,wago,ns/op,863525496.5,703065617.5,-18.581950347774125,0.0021645021645021645,6,6,reported,paired
explicit,BenchmarkCompileCompact/esbuild,wago,ns/op,437592068,365230816,-16.536234838699137,0.0021645021645021645,6,6,reported,paired
explicit,BenchmarkCompileCompact/isa_i32,wago,ns/op,257526,179859,-30.15889657743296,0.0021645021645021645,6,6,reported,paired
explicit,BenchmarkCompileCompact/isa_i64,wago,ns/op,257004,183214,-28.711615383418156,0.0021645021645021645,6,6,reported,paired
explicit,BenchmarkCompileCompact/isa_f32,wago,ns/op,169425,124429.5,-26.557768924302792,0.0021645021645021645,6,6,reported,paired
explicit,BenchmarkCompileCompact/isa_f64,wago,ns/op,184023.5,140807.5,-23.483957211986517,0.0021645021645021645,6,6,reported,paired
explicit,BenchmarkCompileCompact/isa_mem,wago,ns/op,145068.5,110945.5,-23.52199133512789,0.025974025974025976,6,6,reported,paired
explicit,BenchmarkCompileCompact/isa_bulk_mem,wago,ns/op,55753.5,51576,-7.492803142403615,0.0021645021645021645,6,6,reported,paired
explicit,BenchmarkCompileCompact/isa_ctl,wago,ns/op,131989.5,109399.5,-17.11499778391463,0.0021645021645021645,6,6,reported,paired
explicit,BenchmarkCompileCompact/isa_call,wago,ns/op,47155.5,43900,-6.903754599145384,0.0021645021645021645,6,6,reported,paired
explicit,BenchmarkCompileCompact/isa_var,wago,ns/op,38041.5,31806.5,-16.38999513688998,0.0021645021645021645,6,6,reported,paired
explicit,BenchmarkCompileCompact/isa_cvt,wago,ns/op,111445,94071,-15.589752792857459,0.0021645021645021645,6,6,reported,paired
explicit,BenchmarkCompileCompact/isa_simd_v128,wago,ns/op,94714.5,75770.5,-20.00116138500441,0.0021645021645021645,6,6,reported,paired
explicit,BenchmarkCompileCompact/isa_simd_i8x16,wago,ns/op,336800.5,260177,-22.75041159380702,0.0021645021645021645,6,6,reported,paired
explicit,BenchmarkCompileCompact/isa_simd_i16x8,wago,ns/op,437033.5,347896,-20.396033713662685,0.0021645021645021645,6,6,reported,paired
explicit,BenchmarkCompileCompact/isa_simd_i32x4,wago,ns/op,417670.5,331525,-20.62522969661491,0.0021645021645021645,6,6,reported,paired
explicit,BenchmarkCompileCompact/isa_simd_i64x2,wago,ns/op,247872,211388.5,-14.718685450555125,0.0021645021645021645,6,6,reported,paired
explicit,BenchmarkCompileCompact/isa_simd_f32x4,wago,ns/op,252473.5,209169.5,-17.15189911020365,0.0021645021645021645,6,6,reported,paired
explicit,BenchmarkCompileCompact/isa_simd_f64x2,wago,ns/op,251164,207851,-17.244907709703618,0.0021645021645021645,6,6,reported,paired
explicit,BenchmarkCompileCompact/isa_simd_reduce,wago,ns/op,88938,73206,-17.68872697834446,0.0021645021645021645,6,6,reported,paired
explicit,BenchmarkCompileFull/tiny,wago,ns/op,18437.5,19050,3.322033898305077,0.6991341991341992,6,6,reported,paired
explicit,BenchmarkCompileFull/fib_iter,wago,ns/op,22469.5,21497,-4.328089187565364,0.13203463203463203,6,6,reported,paired
explicit,BenchmarkCompileFull/fib_rec,wago,ns/op,23436,21686,-7.46714456391876,0.06493506493506493,6,6,reported,paired
explicit,BenchmarkCompileFull/arith,wago,ns/op,25081,22730,-9.373629440612419,0.015151515151515152,6,6,reported,paired
explicit,BenchmarkCompileFull/float,wago,ns/op,24919.5,22524,-9.612953710949256,0.008658008658008658,6,6,reported,paired
explicit,BenchmarkCompileFull/memory,wago,ns/op,29931.5,27376.5,-8.53615755976146,0.0021645021645021645,6,6,reported,paired
explicit,BenchmarkCompileFull/memory_tree,wago,ns/op,41214,35066.5,-14.916047944873101,0.008658008658008658,6,6,reported,paired
explicit,BenchmarkCompileFull/globals,wago,ns/op,26589,24324,-8.51856030689383,0.0021645021645021645,6,6,reported,paired
explicit,BenchmarkCompileFull/dispatch,wago,ns/op,33853,31018.5,-8.372965468348447,0.008658008658008658,6,6,reported,paired
explicit,BenchmarkCompileFull/branches,wago,ns/op,21475.5,20254.5,-5.6855486484598705,0.008658008658008658,6,6,reported,paired
explicit,BenchmarkCompileFull/many_funcs,wago,ns/op,505245.5,413829,-18.09348128780959,0.0021645021645021645,6,6,reported,paired
explicit,BenchmarkCompileFull/linked_list,wago,ns/op,30615,25805.5,-15.709619467581248,0.008658008658008658,6,6,reported,paired
explicit,BenchmarkCompileFull/mandelbrot,wago,ns/op,35934.5,28814,-19.815219357442015,0.0021645021645021645,6,6,reported,paired
explicit,BenchmarkCompileFull/sieve,wago,ns/op,34793.5,26800,-22.974118729072956,0.0021645021645021645,6,6,reported,paired
explicit,BenchmarkCompileFull/nbody,wago,ns/op,141980,98365.5,-30.718763206085363,0.025974025974025976,6,6,reported,paired
explicit,BenchmarkCompileFull/spectralnorm,wago,ns/op,124315,85781,-30.99706391022805,0.0021645021645021645,6,6,reported,paired
explicit,BenchmarkCompileFull/fannkuch,wago,ns/op,182169,120472.5,-33.86772722032838,0.0021645021645021645,6,6,reported,paired
explicit,BenchmarkCompileFull/matmul,wago,ns/op,102775.5,75203,-26.827891861387197,0.0021645021645021645,6,6,reported,paired
explicit,BenchmarkCompileFull/quicksort,wago,ns/op,103905.5,79970,-23.035835446631793,0.0021645021645021645,6,6,reported,paired
explicit,BenchmarkCompileFull/crc32,wago,ns/op,69730,52048.5,-25.357091639179696,0.0021645021645021645,6,6,reported,paired
explicit,BenchmarkCompileFull/sha256,wago,ns/op,140184.5,101891.5,-27.316144081549677,0.0021645021645021645,6,6,reported,paired
explicit,BenchmarkCompileFull/raytrace,wago,ns/op,377559.5,246180.5,-34.79689956152606,0.0021645021645021645,6,6,reported,paired
explicit,BenchmarkCompileFull/regexmatch,wago,ns/op,66495932.5,43624978,-34.39451653678216,0.0021645021645021645,6,6,reported,paired
explicit,BenchmarkCompileFull/wasm3,wago,ns/op,17396252.5,12270185.5,-29.46650147783265,0.0021645021645021645,6,6,reported,paired
explicit,BenchmarkCompileFull/json-as,wago,ns/op,2009472,1439706,-28.354015383145427,0.0021645021645021645,6,6,reported,paired
explicit,BenchmarkCompileFull/blake-as,wago,ns/op,526942.5,341420,-35.207351845789624,0.0021645021645021645,6,6,reported,paired
explicit,BenchmarkCompileFull/utf-as,wago,ns/op,321466.5,247881.5,-22.890410042726074,0.0021645021645021645,6,6,reported,paired
explicit,BenchmarkCompileFull/xjb-mulhi,wago,ns/op,40683.5,31265,-23.15066304521489,0.0021645021645021645,6,6,reported,paired
explicit,BenchmarkCompileFull/swar-pack-parse,wago,ns/op,39692.5,35207,-11.300623543490584,0.0021645021645021645,6,6,reported,paired
explicit,BenchmarkCompileFull/json-as-simd,wago,ns/op,2134726.5,1570992,-26.40780915025883,0.0021645021645021645,6,6,reported,paired
explicit,BenchmarkCompileFull/blake-as-simd,wago,ns/op,1630028,1051105,-35.51613837308316,0.0021645021645021645,6,6,reported,paired
explicit,BenchmarkCompileFull/utf-as-simd,wago,ns/op,936200.5,669261.5,-28.513016175488048,0.0021645021645021645,6,6,reported,paired
explicit,BenchmarkCompileFull/coremark,wago,ns/op,894498,616854.5,-31.039029712755084,0.004329004329004329,6,6,reported,paired
explicit,BenchmarkCompileFull/blake3,wago,ns/op,1372419,928547.5,-32.34227302303451,0.0021645021645021645,6,6,reported,paired
explicit,BenchmarkCompileFull/qoi,wago,ns/op,311665.5,203566.5,-34.684300957276314,0.0021645021645021645,6,6,reported,paired
explicit,BenchmarkCompileFull/lz4,wago,ns/op,269493,173035,-35.79239534978645,0.0021645021645021645,6,6,reported,paired
explicit,BenchmarkCompileFull/zlib,wago,ns/op,1581480.5,1019927.5,-35.50805716542189,0.0021645021645021645,6,6,reported,paired
explicit,BenchmarkCompileFull/zstd,wago,ns/op,5616752.5,3824321.5,-31.91223042140454,0.0021645021645021645,6,6,reported,paired
explicit,BenchmarkCompileFull/lua,wago,ns/op,29615086.5,19244444.5,-35.01810470822026,0.0021645021645021645,6,6,reported,paired
explicit,BenchmarkCompileFull/sqlite3,wago,ns/op,104196941,74576344.5,-28.427510650240684,0.0021645021645021645,6,6,reported,paired
explicit,BenchmarkCompileFull/ruby,wago,ns/op,1162402177,756544617,-34.91541637055967,0.0021645021645021645,6,6,reported,paired
explicit,BenchmarkCompileFull/esbuild,wago,ns/op,746574160.5,508535665,-31.88410583894029,0.0021645021645021645,6,6,reported,paired
explicit,BenchmarkCompileFull/isa_i32,wago,ns/op,457178,274831,-39.88534006448254,0.0021645021645021645,6,6,reported,paired
explicit,BenchmarkCompileFull/isa_i64,wago,ns/op,462005,275547.5,-40.358329455308926,0.0021645021645021645,6,6,reported,paired
explicit,BenchmarkCompileFull/isa_f32,wago,ns/op,284465,173214.5,-39.10867769321358,0.0021645021645021645,6,6,reported,paired
explicit,BenchmarkCompileFull/isa_f64,wago,ns/op,284566.5,172444.5,-39.400983601372616,0.0021645021645021645,6,6,reported,paired
explicit,BenchmarkCompileFull/isa_mem,wago,ns/op,218190,138726.5,-36.419405105641864,0.0021645021645021645,6,6,reported,paired
explicit,BenchmarkCompileFull/isa_bulk_mem,wago,ns/op,64953,53282.5,-17.9676073468508,0.0021645021645021645,6,6,reported,paired
explicit,BenchmarkCompileFull/isa_ctl,wago,ns/op,194536.5,132432.5,-31.924086225464123,0.0021645021645021645,6,6,reported,paired
explicit,BenchmarkCompileFull/isa_call,wago,ns/op,73362.5,58280.5,-20.558187084682235,0.025974025974025976,6,6,reported,paired
explicit,BenchmarkCompileFull/isa_var,wago,ns/op,61636.5,42683.5,-30.74963698457894,0.0021645021645021645,6,6,reported,paired
explicit,BenchmarkCompileFull/isa_cvt,wago,ns/op,149013.5,100753,-32.38666295335657,0.0021645021645021645,6,6,reported,paired
explicit,BenchmarkCompileFull/isa_simd_v128,wago,ns/op,173635.5,108485.5,-37.521129031793606,0.0021645021645021645,6,6,reported,paired
explicit,BenchmarkCompileFull/isa_simd_i8x16,wago,ns/op,709531,419109.5,-40.9314744528428,0.0021645021645021645,6,6,reported,paired
explicit,BenchmarkCompileFull/isa_simd_i16x8,wago,ns/op,929460,559736,-39.77836593290728,0.0021645021645021645,6,6,reported,paired
explicit,BenchmarkCompileFull/isa_simd_i32x4,wago,ns/op,851949.5,533216.5,-37.412194032627525,0.0021645021645021645,6,6,reported,paired
explicit,BenchmarkCompileFull/isa_simd_i64x2,wago,ns/op,524502,339453,-35.280895020419365,0.0021645021645021645,6,6,reported,paired
explicit,BenchmarkCompileFull/isa_simd_f32x4,wago,ns/op,544378.5,334597,-38.53596348863888,0.0021645021645021645,6,6,reported,paired
explicit,BenchmarkCompileFull/isa_simd_f64x2,wago,ns/op,536272,336106.5,-37.32536846973178,0.0021645021645021645,6,6,reported,paired
explicit,BenchmarkCompileFull/isa_simd_reduce,wago,ns/op,172753.5,115996.5,-32.854327119276896,0.0021645021645021645,6,6,reported,paired
explicit,BenchmarkCompileFullWorkers/tiny/p1,wago,ns/op,17320.5,16774,-3.155220692243299,0.30952380952380953,6,6,reported,paired
explicit,BenchmarkCompileFullWorkers/tiny/p2,wago,ns/op,37865.5,37230,-1.678308750709745,0.9372294372294372,6,6,reported,paired
explicit,BenchmarkCompileFullWorkers/tiny/p4,wago,ns/op,39158.5,38045.5,-2.8422947763576234,0.6991341991341992,6,6,reported,paired
explicit,BenchmarkCompileFullWorkers/tiny/p8,wago,ns/op,39623.5,37909,-4.326977677388422,0.5887445887445888,6,6,reported,paired
explicit,BenchmarkCompileFullWorkers/tiny/auto,wago,ns/op,18893,19244,1.8578309426771744,0.5887445887445888,6,6,reported,paired
explicit,BenchmarkCompileFullWorkers/fib_rec/p1,wago,ns/op,20617,20003.5,-2.975699665324727,0.13203463203463203,6,6,reported,paired
explicit,BenchmarkCompileFullWorkers/fib_rec/p2,wago,ns/op,21242.5,20029.5,-5.710250676709427,0.48484848484848486,6,6,reported,paired
explicit,BenchmarkCompileFullWorkers/fib_rec/p4,wago,ns/op,21471,20589.5,-4.105537702016671,0.5887445887445888,6,6,reported,paired
explicit,BenchmarkCompileFullWorkers/fib_rec/p8,wago,ns/op,21218.5,20162.5,-4.976789122699532,0.24025974025974026,6,6,reported,paired
explicit,BenchmarkCompileFullWorkers/fib_rec/auto,wago,ns/op,21146.5,20092,-4.986640815264942,0.17965367965367965,6,6,reported,paired
explicit,BenchmarkCompileFullWorkers/many_funcs/p1,wago,ns/op,486302,406035,-16.505587063182958,0.0021645021645021645,6,6,reported,paired
explicit,BenchmarkCompileFullWorkers/many_funcs/p2,wago,ns/op,411858,350075,-15.001044049162571,0.0021645021645021645,6,6,reported,paired
explicit,BenchmarkCompileFullWorkers/many_funcs/p4,wago,ns/op,342414.5,288577.5,-15.722757067822767,0.0021645021645021645,6,6,reported,paired
explicit,BenchmarkCompileFullWorkers/many_funcs/p8,wago,ns/op,351450.5,305682.5,-13.022602044953702,0.0021645021645021645,6,6,reported,paired
explicit,BenchmarkCompileFullWorkers/many_funcs/auto,wago,ns/op,350948.5,299279,-14.722815455828986,0.0021645021645021645,6,6,reported,paired
explicit,BenchmarkCompileFullWorkers/json-as/p1,wago,ns/op,1833738.5,1335691,-27.160224863032546,0.0021645021645021645,6,6,reported,paired
explicit,BenchmarkCompileFullWorkers/json-as/p2,wago,ns/op,1498353.5,926804.5,-38.1451373123899,0.0021645021645021645,6,6,reported,paired
explicit,BenchmarkCompileFullWorkers/json-as/p4,wago,ns/op,1278929.5,727147,-43.14409042875311,0.0021645021645021645,6,6,reported,paired
explicit,BenchmarkCompileFullWorkers/json-as/p8,wago,ns/op,1276555,669402.5,-47.561797180693354,0.0021645021645021645,6,6,reported,paired
explicit,BenchmarkCompileFullWorkers/json-as/auto,wago,ns/op,1243740.5,746832.5,-39.952707176456826,0.0021645021645021645,6,6,reported,paired
explicit,BenchmarkCompileFullWorkers/blake-as/p1,wago,ns/op,495750,312777.5,-36.908219868885524,0.0021645021645021645,6,6,reported,paired
explicit,BenchmarkCompileFullWorkers/blake-as/p2,wago,ns/op,423814.5,279327,-34.09215588423709,0.0021645021645021645,6,6,reported,paired
explicit,BenchmarkCompileFullWorkers/blake-as/p4,wago,ns/op,463482,300447.5,-35.176015465541276,0.0021645021645021645,6,6,reported,paired
explicit,BenchmarkCompileFullWorkers/blake-as/p8,wago,ns/op,468074,313586,-33.00503766498459,0.0021645021645021645,6,6,reported,paired
explicit,BenchmarkCompileFullWorkers/blake-as/auto,wago,ns/op,501952.5,317981,-36.651177153216686,0.0021645021645021645,6,6,reported,paired
explicit,BenchmarkCompileFullWorkers/lua/p1,wago,ns/op,27101805,18451143.5,-31.91913416836997,0.0021645021645021645,6,6,reported,paired
explicit,BenchmarkCompileFullWorkers/lua/p2,wago,ns/op,19550819.5,11822548,-39.52914352260273,0.0021645021645021645,6,6,reported,paired
explicit,BenchmarkCompileFullWorkers/lua/p4,wago,ns/op,16144770,7956400,-50.7184060225076,0.0021645021645021645,6,6,reported,paired
explicit,BenchmarkCompileFullWorkers/lua/p8,wago,ns/op,14767021.5,6428007.5,-56.4705211541813,0.0021645021645021645,6,6,reported,paired
explicit,BenchmarkCompileFullWorkers/lua/auto,wago,ns/op,15906362,7979418.5,-49.83505027736701,0.0021645021645021645,6,6,reported,paired
explicit,BenchmarkCompileFullWorkers/sqlite3/p1,wago,ns/op,102192254.5,71967200,-29.576658865080617,0.0021645021645021645,6,6,reported,paired
explicit,BenchmarkCompileFullWorkers/sqlite3/p2,wago,ns/op,72083776.5,42529609.5,-40.99974839692258,0.0021645021645021645,6,6,reported,paired
explicit,BenchmarkCompileFullWorkers/sqlite3/p4,wago,ns/op,55928303.5,26996381,-51.73037744654636,0.0021645021645021645,6,6,reported,paired
explicit,BenchmarkCompileFullWorkers/sqlite3/p8,wago,ns/op,49410649.5,19540417,-60.45302541509802,0.0021645021645021645,6,6,reported,paired
explicit,BenchmarkCompileFullWorkers/sqlite3/auto,wago,ns/op,57398301.5,27343429.5,-52.36195360240756,0.0021645021645021645,6,6,reported,paired
explicit,BenchmarkCompileFullWorkers/ruby/p1,wago,ns/op,1107538728.5,726918707.5,-34.36629448755208,0.0021645021645021645,6,6,reported,paired
explicit,BenchmarkCompileFullWorkers/ruby/p2,wago,ns/op,760443951.5,422306263.5,-44.465826486358736,0.0021645021645021645,6,6,reported,paired
explicit,BenchmarkCompileFullWorkers/ruby/p4,wago,ns/op,590664404,271751352,-53.99225852113479,0.0021645021645021645,6,6,reported,paired
explicit,BenchmarkCompileFullWorkers/ruby/p8,wago,ns/op,514775652.5,195826258.5,-61.95891209132118,0.0021645021645021645,6,6,reported,paired
explicit,BenchmarkCompileFullWorkers/ruby/auto,wago,ns/op,594994912,276497895.5,-53.52936807970553,0.0021645021645021645,6,6,reported,paired
explicit,BenchmarkCompileFullWorkers/esbuild/p1,wago,ns/op,734140498,485689994,-33.84236459871745,0.0021645021645021645,6,6,reported,paired
explicit,BenchmarkCompileFullWorkers/esbuild/p2,wago,ns/op,520890447.5,300477474,-42.314650721253635,0.0021645021645021645,6,6,reported,paired
explicit,BenchmarkCompileFullWorkers/esbuild/p4,wago,ns/op,418494275.5,206732948.5,-50.6007702846105,0.0021645021645021645,6,6,reported,paired
explicit,BenchmarkCompileFullWorkers/esbuild/p8,wago,ns/op,367786251,153421624,-58.28511164219676,0.0021645021645021645,6,6,reported,paired
explicit,BenchmarkCompileFullWorkers/esbuild/auto,wago,ns/op,425283568.5,204794146,-51.845271915319714,0.0021645021645021645,6,6,reported,paired
explicit,BenchmarkCompileMultiModuleThroughput/many_funcs/p1,wago,ns/op,78138.5,67795.5,-13.236752689135322,0.0021645021645021645,6,6,reported,paired
explicit,BenchmarkCompileMultiModuleThroughput/many_funcs/auto,wago,ns/op,82105,71583.5,-12.814688508617012,0.06493506493506493,6,6,reported,paired
explicit,BenchmarkCompileMultiModuleThroughput/json-as/p1,wago,ns/op,287489.5,208270.5,-27.55544115524219,0.0021645021645021645,6,6,reported,paired
explicit,BenchmarkCompileMultiModuleThroughput/json-as/auto,wago,ns/op,293272.5,224115,-23.581310896862128,0.0021645021645021645,6,6,reported,paired
explicit,BenchmarkCompileMultiModuleThroughput/esbuild/p1,wago,ns/op,742678621.5,480036872,-35.36411873140205,0.0021645021645021645,6,6,reported,paired
explicit,BenchmarkCompileMultiModuleThroughput/esbuild/auto,wago,ns/op,414704954,200028132,-51.766158067164056,0.0021645021645021645,6,6,reported,paired
explicit,BenchmarkCompileWorkers/tiny/p1,wago,ns/op,6894.5,6816,-1.1385887301472164,0.6991341991341992,6,6,reported,paired
explicit,BenchmarkCompileWorkers/tiny/p2,wago,ns/op,13376.5,12231,-8.563525585915599,0.025974025974025976,6,6,reported,paired
explicit,BenchmarkCompileWorkers/tiny/p4,wago,ns/op,12097.5,13009,7.5346145897912775,0.06493506493506493,6,6,reported,paired
explicit,BenchmarkCompileWorkers/tiny/p8,wago,ns/op,12348,12775.5,3.4620991253644373,0.3939393939393939,6,6,reported,paired
explicit,BenchmarkCompileWorkers/fib_rec/p1,wago,ns/op,8557.5,8085.5,-5.515629564709323,0.0021645021645021645,6,6,reported,paired
explicit,BenchmarkCompileWorkers/fib_rec/p2,wago,ns/op,8379.5,8013.5,-4.367802374843366,0.17965367965367965,6,6,reported,paired
explicit,BenchmarkCompileWorkers/fib_rec/p4,wago,ns/op,8795,8011.5,-8.908470722001137,0.0021645021645021645,6,6,reported,paired
explicit,BenchmarkCompileWorkers/fib_rec/p8,wago,ns/op,8811.5,8147.5,-7.535606877376155,0.0021645021645021645,6,6,reported,paired
explicit,BenchmarkCompileWorkers/many_funcs/p1,wago,ns/op,331419.5,285044,-13.992990756428036,0.0021645021645021645,6,6,reported,paired
explicit,BenchmarkCompileWorkers/many_funcs/p2,wago,ns/op,234039.5,215929,-7.738223675917954,0.004329004329004329,6,6,reported,paired
explicit,BenchmarkCompileWorkers/many_funcs/p4,wago,ns/op,183448.5,166489,-9.244828930190218,0.004329004329004329,6,6,reported,paired
explicit,BenchmarkCompileWorkers/many_funcs/p8,wago,ns/op,179493,162365.5,-9.54215484726424,0.008658008658008658,6,6,reported,paired
explicit,BenchmarkCompileWorkers/json-as/p1,wago,ns/op,994062,849116.5,-14.58113276636669,0.0021645021645021645,6,6,reported,paired
explicit,BenchmarkCompileWorkers/json-as/p2,wago,ns/op,705945,537374,-23.878772425613892,0.0021645021645021645,6,6,reported,paired
explicit,BenchmarkCompileWorkers/json-as/p4,wago,ns/op,556681.5,370777.5,-33.39503827592618,0.0021645021645021645,6,6,reported,paired
explicit,BenchmarkCompileWorkers/json-as/p8,wago,ns/op,501172,335663,-33.02439082789941,0.0021645021645021645,6,6,reported,paired
explicit,BenchmarkCompileWorkers/blake-as/p1,wago,ns/op,255507,190578,-25.411828247366998,0.0021645021645021645,6,6,reported,paired
explicit,BenchmarkCompileWorkers/blake-as/p2,wago,ns/op,218665,160518.5,-26.59158987492283,0.0021645021645021645,6,6,reported,paired
explicit,BenchmarkCompileWorkers/blake-as/p4,wago,ns/op,223433.5,167019.5,-25.248675780489492,0.0021645021645021645,6,6,reported,paired
explicit,BenchmarkCompileWorkers/blake-as/p8,wago,ns/op,228871.5,169100.5,-26.11552770877982,0.0021645021645021645,6,6,reported,paired
explicit,BenchmarkCompileWorkers/lua/p1,wago,ns/op,16791112,13845489,-17.54275118884324,0.0021645021645021645,6,6,reported,paired
explicit,BenchmarkCompileWorkers/lua/p2,wago,ns/op,10564316,7791505,-26.246952476620354,0.0021645021645021645,6,6,reported,paired
explicit,BenchmarkCompileWorkers/lua/p4,wago,ns/op,7709418,4546146.5,-41.031262022632575,0.0021645021645021645,6,6,reported,paired
explicit,BenchmarkCompileWorkers/lua/p8,wago,ns/op,6542675,3408899.5,-47.89746548621168,0.0021645021645021645,6,6,reported,paired
explicit,BenchmarkCompileWorkers/sqlite3/p1,wago,ns/op,64863984.5,54710175.5,-15.654001335671875,0.0021645021645021645,6,6,reported,paired
explicit,BenchmarkCompileWorkers/sqlite3/p2,wago,ns/op,39149696.5,28671642.5,-26.764074658918492,0.0021645021645021645,6,6,reported,paired
explicit,BenchmarkCompileWorkers/sqlite3/p4,wago,ns/op,27235157,16640978,-38.89890922971364,0.0021645021645021645,6,6,reported,paired
explicit,BenchmarkCompileWorkers/sqlite3/p8,wago,ns/op,20721787,10779567,-47.97954925412562,0.0021645021645021645,6,6,reported,paired
explicit,BenchmarkCompileWorkers/ruby/p1,wago,ns/op,693491172.5,532137881,-23.266812599550423,0.0021645021645021645,6,6,reported,paired
explicit,BenchmarkCompileWorkers/ruby/p2,wago,ns/op,426672890.5,285837205,-33.00788229947316,0.0021645021645021645,6,6,reported,paired
explicit,BenchmarkCompileWorkers/ruby/p4,wago,ns/op,292545965,159794927.5,-45.377839171358936,0.0021645021645021645,6,6,reported,paired
explicit,BenchmarkCompileWorkers/ruby/p8,wago,ns/op,223230689,97000179,-56.54711301813883,0.0021645021645021645,6,6,reported,paired
explicit,BenchmarkCompileWorkers/esbuild/p1,wago,ns/op,423672426,335562645.5,-20.796675708133062,0.0021645021645021645,6,6,reported,paired
explicit,BenchmarkCompileWorkers/esbuild/p2,wago,ns/op,267750711,181313009.5,-32.28290269600815,0.0021645021645021645,6,6,reported,paired
explicit,BenchmarkCompileWorkers/esbuild/p4,wago,ns/op,187964905,101700588.5,-45.89384199140791,0.0021645021645021645,6,6,reported,paired
explicit,BenchmarkCompileWorkers/esbuild/p8,wago,ns/op,150974526,64070042,-57.562349293284086,0.0021645021645021645,6,6,reported,paired
explicit,BenchmarkCompile_wago,wago,ns/op,11274,11005,-2.3860209331204585,0.17965367965367965,6,6,reported,paired
explicit,BenchmarkCompile_wazero,wazero,ns/op,76674.5,77904.5,1.6041839203385644,0.6991341991341992,6,6,reported,paired
explicit,BenchmarkDecode/tiny,wago,ns/op,629.0999999999999,585.3,-6.962327134000946,0.0021645021645021645,6,6,reported,paired
explicit,BenchmarkDecode/fib_iter,wago,ns/op,661.15,621.55,-5.989563639113671,0.008658008658008658,6,6,reported,paired
explicit,BenchmarkDecode/fib_rec,wago,ns/op,580.5,534.55,-7.915590008613272,0.0021645021645021645,6,6,reported,paired
explicit,BenchmarkDecode/arith,wago,ns/op,690.4,643.25,-6.829374275782152,0.0021645021645021645,6,6,reported,paired
explicit,BenchmarkDecode/float,wago,ns/op,653.4,590.9,-9.56535047444138,0.0021645021645021645,6,6,reported,paired
explicit,BenchmarkDecode/memory,wago,ns/op,1031.5,959.15,-7.014057198254974,0.0021645021645021645,6,6,reported,paired
explicit,BenchmarkDecode/memory_tree,wago,ns/op,1267.5,1173,-7.4556213017751505,0.008658008658008658,6,6,reported,paired
explicit,BenchmarkDecode/globals,wago,ns/op,874.15,839.5999999999999,-3.9524109134587926,0.06493506493506493,6,6,reported,paired
explicit,BenchmarkDecode/dispatch,wago,ns/op,1092.5,1067,-2.3340961098398116,0.04112554112554113,6,6,reported,paired
explicit,BenchmarkDecode/branches,wago,ns/op,596.9000000000001,557,-6.684536773328875,0.004329004329004329,6,6,reported,paired
explicit,BenchmarkDecode/many_funcs,wago,ns/op,17426.5,15947,-8.489943476888651,0.0021645021645021645,6,6,reported,paired
explicit,BenchmarkDecode/linked_list,wago,ns/op,969.5,843.45,-13.001547189272822,0.0021645021645021645,6,6,reported,paired
explicit,BenchmarkDecode/mandelbrot,wago,ns/op,1218.5,1061,-12.925728354534261,0.0021645021645021645,6,6,reported,paired
explicit,BenchmarkDecode/sieve,wago,ns/op,1165.5,1020,-12.483912483912485,0.05844155844155844,6,6,reported,paired
explicit,BenchmarkDecode/nbody,wago,ns/op,6323.5,5548.5,-12.255870957539338,0.0021645021645021645,6,6,reported,paired
explicit,BenchmarkDecode/spectralnorm,wago,ns/op,4894.5,4202,-14.148534068852792,0.06493506493506493,6,6,reported,paired
explicit,BenchmarkDecode/fannkuch,wago,ns/op,8592.5,7033.5,-18.143729997090485,0.0021645021645021645,6,6,reported,paired
explicit,BenchmarkDecode/matmul,wago,ns/op,3964.5,3451.5,-12.939841089670834,0.06493506493506493,6,6,reported,paired
explicit,BenchmarkDecode/quicksort,wago,ns/op,4961,4529.5,-8.697843176778875,0.0021645021645021645,6,6,reported,paired
explicit,BenchmarkDecode/crc32,wago,ns/op,2876,2725.5,-5.2329624478442245,0.0021645021645021645,6,6,reported,paired
explicit,BenchmarkDecode/sha256,wago,ns/op,6898,6218,-9.857929834734701,0.0021645021645021645,6,6,reported,paired
explicit,BenchmarkDecode/raytrace,wago,ns/op,15000,13216,-11.893333333333334,0.0021645021645021645,6,6,reported,paired
explicit,BenchmarkDecode/regexmatch,wago,ns/op,3154369.5,2864148,-9.200618380313408,0.0021645021645021645,6,6,reported,paired
explicit,BenchmarkDecode/wasm3,wago,ns/op,669537,609436.5,-8.976426993579146,0.0021645021645021645,6,6,reported,paired
explicit,BenchmarkDecode/json-as,wago,ns/op,70894.5,63972.5,-9.763803962225559,0.0021645021645021645,6,6,reported,paired
explicit,BenchmarkDecode/blake-as,wago,ns/op,18420,15975,-13.273615635179148,0.0021645021645021645,6,6,reported,paired
explicit,BenchmarkDecode/utf-as,wago,ns/op,20942.5,20082,-4.1088695236958355,0.025974025974025976,6,6,reported,paired
explicit,BenchmarkDecode/xjb-mulhi,wago,ns/op,1542,1432,-7.133592736705574,0.025974025974025976,6,6,reported,paired
explicit,BenchmarkDecode/swar-pack-parse,wago,ns/op,1523,1445,-5.121470781352588,0.06493506493506493,6,6,reported,paired
explicit,BenchmarkDecode/json-as-simd,wago,ns/op,78693.5,69810,-11.288734139414313,0.0021645021645021645,6,6,reported,paired
explicit,BenchmarkDecode/blake-as-simd,wago,ns/op,70662,60588.5,-14.255894257167922,0.06493506493506493,6,6,reported,paired
explicit,BenchmarkDecode/utf-as-simd,wago,ns/op,44510,40006,-10.119074365311164,0.0021645021645021645,6,6,reported,paired
explicit,BenchmarkDecode/coremark,wago,ns/op,26772,22888,-14.5076946063051,0.0021645021645021645,6,6,reported,paired
explicit,BenchmarkDecode/blake3,wago,ns/op,47830.5,41350.5,-13.547840812870449,0.0021645021645021645,6,6,reported,paired
explicit,BenchmarkDecode/qoi,wago,ns/op,11152,9604.5,-13.876434720229557,0.0021645021645021645,6,6,reported,paired
explicit,BenchmarkDecode/lz4,wago,ns/op,10595.5,9157,-13.576518333254683,0.04112554112554113,6,6,reported,paired
explicit,BenchmarkDecode/zlib,wago,ns/op,51703,44786,-13.378333945805853,0.0021645021645021645,6,6,reported,paired
explicit,BenchmarkDecode/zstd,wago,ns/op,205135,172717,-15.803251517293493,0.0021645021645021645,6,6,reported,paired
explicit,BenchmarkDecode/lua,wago,ns/op,1226958,1110537,-9.488588851452128,0.06493506493506493,6,6,reported,paired
explicit,BenchmarkDecode/sqlite3,wago,ns/op,4813146.5,4334595.5,-9.942581219998182,0.0021645021645021645,6,6,reported,paired
explicit,BenchmarkDecode/ruby,wago,ns/op,50225367,43457060.5,-13.47587266012411,0.06493506493506493,6,6,reported,paired
explicit,BenchmarkDecode/esbuild,wago,ns/op,41267653,37338261,-9.52172395168681,0.0021645021645021645,6,6,reported,paired
explicit,BenchmarkDecode/isa_i32,wago,ns/op,23183,19511.5,-15.837035758961305,0.06493506493506493,6,6,reported,paired
explicit,BenchmarkDecode/isa_i64,wago,ns/op,23831,20559.5,-13.727917418488522,0.0021645021645021645,6,6,reported,paired
explicit,BenchmarkDecode/isa_f32,wago,ns/op,15330.5,12635.5,-17.57933531195982,0.06493506493506493,6,6,reported,paired
explicit,BenchmarkDecode/isa_f64,wago,ns/op,15329,12609.5,-17.74088329310457,0.0021645021645021645,6,6,reported,paired
explicit,BenchmarkDecode/isa_mem,wago,ns/op,10702.5,9004.5,-15.865451997196923,0.06493506493506493,6,6,reported,paired
explicit,BenchmarkDecode/isa_bulk_mem,wago,ns/op,2409,2206.5,-8.405977584059777,0.0021645021645021645,6,6,reported,paired
explicit,BenchmarkDecode/isa_ctl,wago,ns/op,8333,7143.5,-14.274570982839318,0.0021645021645021645,6,6,reported,paired
explicit,BenchmarkDecode/isa_call,wago,ns/op,2393,2066,-13.66485582950272,0.0021645021645021645,6,6,reported,paired
explicit,BenchmarkDecode/isa_var,wago,ns/op,2753.5,2374.5,-13.764299981841289,0.0021645021645021645,6,6,reported,paired
explicit,BenchmarkDecode/isa_cvt,wago,ns/op,6403.5,5596,-12.610291246974315,0.0021645021645021645,6,6,reported,paired
explicit,BenchmarkDecode/isa_simd_v128,wago,ns/op,7915,6417,-18.926089703095382,0.0021645021645021645,6,6,reported,paired
explicit,BenchmarkDecode/isa_simd_i8x16,wago,ns/op,37400.5,29611.5,-20.82592478710178,0.0021645021645021645,6,6,reported,paired
explicit,BenchmarkDecode/isa_simd_i16x8,wago,ns/op,49569.5,42622.5,-14.014666276641885,0.0021645021645021645,6,6,reported,paired
explicit,BenchmarkDecode/isa_simd_i32x4,wago,ns/op,44993,37826,-15.929144533594119,0.0021645021645021645,6,6,reported,paired
explicit,BenchmarkDecode/isa_simd_i64x2,wago,ns/op,27229.5,23794.5,-12.614994766705223,0.0021645021645021645,6,6,reported,paired
explicit,BenchmarkDecode/isa_simd_f32x4,wago,ns/op,28906,24151,-16.449871998892963,0.0021645021645021645,6,6,reported,paired
explicit,BenchmarkDecode/isa_simd_f64x2,wago,ns/op,29030.5,24178,-16.71517886360896,0.0021645021645021645,6,6,reported,paired
explicit,BenchmarkDecode/isa_simd_reduce,wago,ns/op,7186,6281.5,-12.586974672975227,0.0021645021645021645,6,6,reported,paired
explicit,BenchmarkExec/tiny.add,wago,ns/op,19.09,19.65,2.9334730225248684,0.45670995670995673,6,6,reported,paired
explicit,BenchmarkExec/fib_iter.fib,wago,ns/op,30.585,31.465,2.8772273990518293,0.17965367965367965,6,6,reported,paired
explicit,BenchmarkExec/fib_rec.fib,wago,ns/op,1287109.5,1291598.5,0.3487659752336558,1,6,6,reported,paired
explicit,BenchmarkExec/arith.run,wago,ns/op,1554,1575.5,1.38352638352639,0.6991341991341992,6,6,reported,paired
explicit,BenchmarkExec/float.run,wago,ns/op,4000,4007.5,0.1875000000000071,0.6991341991341992,6,6,reported,paired
explicit,BenchmarkExec/memory.sum,wago,ns/op,257.6,256.8,-0.31055900621118626,0.9372294372294372,6,6,reported,paired
explicit,BenchmarkExec/memory_tree.run,wago,ns/op,9625,9611,-0.1454545454545486,0.6991341991341992,6,6,reported,paired
explicit,BenchmarkExec/globals.accumulate,wago,ns/op,985.7,946.15,-4.012376990970889,0.24025974025974026,6,6,reported,paired
explicit,BenchmarkExec/dispatch.apply,wago,ns/op,31.485,31.79,0.9687152612354977,0.24025974025974026,6,6,reported,paired
explicit,BenchmarkExec/branches.classify,wago,ns/op,19.1,19.369999999999997,1.4136125654450105,0.6991341991341992,6,6,reported,paired
explicit,BenchmarkExec/many_funcs.run,wago,ns/op,19.705,19.67,-0.1776198934280493,1,6,6,reported,paired
explicit,BenchmarkExec/linked_list.sum,wago,ns/op,8366,8488,1.4582835285680051,0.24025974025974026,6,6,reported,paired
explicit,BenchmarkExec/mandelbrot.render,wago,ns/op,250463,251501,0.41443247106358605,0.9372294372294372,6,6,reported,paired
explicit,BenchmarkExec/sieve.count,wago,ns/op,82170,83453.5,1.5620055981501846,0.48484848484848486,6,6,reported,paired
explicit,BenchmarkExec/nbody.step,wago,ns/op,281971.5,293702.5,4.160349538871833,0.025974025974025976,6,6,reported,paired
explicit,BenchmarkExec/spectralnorm.run,wago,ns/op,651376,664264.5,1.9786574881481611,0.09307359307359307,6,6,reported,paired
explicit,BenchmarkExec/fannkuch.run,wago,ns/op,1111751,1138345,2.392082399745976,0.48484848484848486,6,6,reported,paired
explicit,BenchmarkExec/matmul.run,wago,ns/op,149490,148968,-0.3491872366044535,1,6,6,reported,paired
explicit,BenchmarkExec/quicksort.sortN,wago,ns/op,61804.5,63905.5,3.3994288441780096,0.24025974025974026,6,6,reported,paired
explicit,BenchmarkExec/crc32.hashN,wago,ns/op,16948,17297.5,2.0621902289355676,0.17965367965367965,6,6,reported,paired
explicit,BenchmarkExec/sha256.hashN,wago,ns/op,40783.5,42754.5,4.832836809003638,0.24025974025974026,6,6,reported,paired
explicit,BenchmarkExec/raytrace.render,wago,ns/op,399660.5,400681,0.2553417212859399,1,6,6,reported,paired
explicit,BenchmarkExec/json-as.serializeN,wago,ns/op,24989.5,24545,-1.778747073770981,0.48484848484848486,6,6,reported,paired
explicit,BenchmarkExec/json-as.deserializeN,wago,ns/op,43116,44394,2.9640968549958346,0.9372294372294372,6,6,reported,paired
explicit,BenchmarkExec/blake-as.hashN,wago,ns/op,696082,699491,0.4897411511862071,0.8181818181818182,6,6,reported,paired
explicit,BenchmarkExec/utf-as.convertN,wago,ns/op,187446.5,189789,1.2496899115214122,0.8181818181818182,6,6,reported,paired
explicit,BenchmarkExec/xjb-mulhi.mulhi,wago,ns/op,20.015,20.310000000000002,1.4738945790657043,0.24025974025974026,6,6,reported,paired
explicit,BenchmarkExec/xjb-mulhi.runN,wago,ns/op,2106,2140.5,1.6381766381766472,0.24025974025974026,6,6,reported,paired
explicit,BenchmarkExec/swar-pack-parse.pack,wago,ns/op,19,19.67,3.5263157894736885,0.3939393939393939,6,6,reported,paired
explicit,BenchmarkExec/swar-pack-parse.parse4,wago,ns/op,19.235,19.509999999999998,1.429685469196773,0.6233766233766234,6,6,reported,paired
explicit,BenchmarkExec/swar-pack-parse.runN,wago,ns/op,1889.5,1923,1.7729558084149222,0.05844155844155844,6,6,reported,paired
explicit,BenchmarkExec/json-as-simd.serializeN,wago,ns/op,28996.5,30088,3.764247409170074,0.04112554112554113,6,6,reported,paired
explicit,BenchmarkExec/json-as-simd.deserializeN,wago,ns/op,55031.5,56087.5,1.918900993067596,0.09307359307359307,6,6,reported,paired
explicit,BenchmarkExec/blake-as-simd.hashN,wago,ns/op,569635.5,571240.5,0.2817591249140827,0.48484848484848486,6,6,reported,paired
explicit,BenchmarkExec/utf-as-simd.convertN,wago,ns/op,55029.5,55951.5,1.675464977875496,0.24025974025974026,6,6,reported,paired
explicit,BenchmarkExec/utf-as-simd.validateN,wago,ns/op,159225.5,160854.5,1.0230773337185362,0.30952380952380953,6,6,reported,paired
explicit,BenchmarkExec/coremark.coremark_run,wago,ns/op,35177461,36646852,4.177080887105533,0.13203463203463203,6,6,reported,paired
explicit,BenchmarkExec/blake3.blake3_hash,wago,ns/op,364713.5,373422.5,2.387901736568576,0.24025974025974026,6,6,reported,paired
explicit,BenchmarkExec/blake3.blake3_keyed_hash,wago,ns/op,367145,363454.5,-1.005188685669145,0.9372294372294372,6,6,reported,paired
explicit,BenchmarkExec/blake3.blake3_derive_key,wago,ns/op,375980.5,376152.5,0.04574705337112572,0.6991341991341992,6,6,reported,paired
explicit,BenchmarkExec/qoi.qoi_encode_run,wago,ns/op,9345.5,9530,1.9742121876839214,0.09307359307359307,6,6,reported,paired
explicit,BenchmarkExec/qoi.qoi_decode_run,wago,ns/op,7000,7012,0.17142857142857792,0.9372294372294372,6,6,reported,paired
explicit,BenchmarkExec/lz4.lz4_compress_run,wago,ns/op,35403,35783,1.0733553653645256,0.6991341991341992,6,6,reported,paired
explicit,BenchmarkExec/lz4.lz4_decompress_run,wago,ns/op,3201,3305,3.248984692283652,0.13203463203463203,6,6,reported,paired
explicit,BenchmarkExec/zlib.zlib_inflate_run,wago,ns/op,10048.5,10462.5,4.120017913121354,0.09307359307359307,6,6,reported,paired
explicit,BenchmarkExec/zstd.zstd_decompress_run,wago,ns/op,6670,6444.5,-3.380809595202394,0.17965367965367965,6,6,reported,paired
explicit,BenchmarkExec/isa_i32.add,wago,ns/op,14099.5,14217.5,0.8369091102521375,0.8181818181818182,6,6,reported,paired
explicit,BenchmarkExec/isa_i32.sub,wago,ns/op,14135,14301,1.1743898125221142,0.30952380952380953,6,6,reported,paired
explicit,BenchmarkExec/isa_i32.mul,wago,ns/op,42165.5,42541,0.8905384733965072,1,6,6,reported,paired
explicit,BenchmarkExec/isa_i32.and,wago,ns/op,14124.5,14260.5,0.9628659421572427,0.24025974025974026,6,6,reported,paired
explicit,BenchmarkExec/isa_i32.or,wago,ns/op,14101.5,14311.5,1.4892032762471974,0.09307359307359307,6,6,reported,paired
explicit,BenchmarkExec/isa_i32.xor,wago,ns/op,14081,14301,1.5623890348696934,0.13203463203463203,6,6,reported,paired
explicit,BenchmarkExec/isa_i32.shl,wago,ns/op,14326.5,14588,1.825288800474656,0.30952380952380953,6,6,reported,paired
explicit,BenchmarkExec/isa_i32.shr_s,wago,ns/op,14457.5,14582.5,0.8646031471554627,0.6991341991341992,6,6,reported,paired
explicit,BenchmarkExec/isa_i32.shr_u,wago,ns/op,14259,14740.5,3.3768146433831303,0.13203463203463203,6,6,reported,paired
explicit,BenchmarkExec/isa_i32.rotl,wago,ns/op,14311,14564.5,1.7713646845084252,0.5887445887445888,6,6,reported,paired
explicit,BenchmarkExec/isa_i32.rotr,wago,ns/op,14284.5,14589.5,2.1351814904266853,0.9372294372294372,6,6,reported,paired
explicit,BenchmarkExec/isa_i32.div_s,wago,ns/op,176641,179038.5,1.3572726603676477,0.24025974025974026,6,6,reported,paired
explicit,BenchmarkExec/isa_i32.div_u,wago,ns/op,165494,166014.5,0.3145129128548474,0.6991341991341992,6,6,reported,paired
explicit,BenchmarkExec/isa_i32.rem_s,wago,ns/op,184029,184046,0.009237674496964665,0.8181818181818182,6,6,reported,paired
explicit,BenchmarkExec/isa_i32.rem_u,wago,ns/op,171414,172137,0.421785851797396,0.48484848484848486,6,6,reported,paired
explicit,BenchmarkExec/isa_i32.clz,wago,ns/op,14302.5,14347,0.31113441705994394,0.48484848484848486,6,6,reported,paired
explicit,BenchmarkExec/isa_i32.ctz,wago,ns/op,14351.5,14397,0.3170400306588217,0.48484848484848486,6,6,reported,paired
explicit,BenchmarkExec/isa_i32.popcnt,wago,ns/op,14280.5,14312.5,0.22408178985329208,0.9372294372294372,6,6,reported,paired
explicit,BenchmarkExec/isa_i64.add,wago,ns/op,14139,14146,0.04950845179998442,0.8181818181818182,6,6,reported,paired
explicit,BenchmarkExec/isa_i64.sub,wago,ns/op,14058,14286,1.6218523260776774,0.09307359307359307,6,6,reported,paired
explicit,BenchmarkExec/isa_i64.mul,wago,ns/op,42153.5,42960,1.913245637965999,0.24025974025974026,6,6,reported,paired
explicit,BenchmarkExec/isa_i64.and,wago,ns/op,14130,14348.5,1.5463552724699126,0.17965367965367965,6,6,reported,paired
explicit,BenchmarkExec/isa_i64.or,wago,ns/op,14176.5,14245.5,0.48672098190667423,0.48484848484848486,6,6,reported,paired
explicit,BenchmarkExec/isa_i64.xor,wago,ns/op,14131.5,14247.5,0.8208611966174839,0.48484848484848486,6,6,reported,paired
explicit,BenchmarkExec/isa_i64.shl,wago,ns/op,14246.5,14600.5,2.484820833187107,0.24025974025974026,6,6,reported,paired
explicit,BenchmarkExec/isa_i64.shr_s,wago,ns/op,14323.5,14691,2.5657136872971,0.04112554112554113,6,6,reported,paired
explicit,BenchmarkExec/isa_i64.shr_u,wago,ns/op,14398.5,14507,0.7535507170885802,0.25757575757575757,6,6,reported,paired
explicit,BenchmarkExec/isa_i64.rotl,wago,ns/op,14371,14513.5,0.9915802658130968,0.5887445887445888,6,6,reported,paired
explicit,BenchmarkExec/isa_i64.rotr,wago,ns/op,14259,14533,1.9215933796198792,0.025974025974025976,6,6,reported,paired
explicit,BenchmarkExec/isa_i64.div_s,wago,ns/op,177134.5,176938,-0.11093265287112075,0.8181818181818182,6,6,reported,paired
explicit,BenchmarkExec/isa_i64.div_u,wago,ns/op,164307.5,166646,1.4232460478067033,0.8181818181818182,6,6,reported,paired
explicit,BenchmarkExec/isa_i64.rem_s,wago,ns/op,183308.5,185151.5,1.0054089144802436,0.24025974025974026,6,6,reported,paired
explicit,BenchmarkExec/isa_i64.rem_u,wago,ns/op,171060,170753,-0.1794691920963376,1,6,6,reported,paired
explicit,BenchmarkExec/isa_i64.clz,wago,ns/op,14465.5,14518.5,0.3663889945041632,0.512987012987013,6,6,reported,paired
explicit,BenchmarkExec/isa_i64.ctz,wago,ns/op,14405,14523,0.8191600138840682,0.16883116883116883,6,6,reported,paired
explicit,BenchmarkExec/isa_i64.popcnt,wago,ns/op,14424,14479,0.38130892956185214,0.7878787878787878,6,6,reported,paired
explicit,BenchmarkExec/isa_f32.add,wago,ns/op,42523.5,42302.5,-0.5197126294872234,0.9372294372294372,6,6,reported,paired
explicit,BenchmarkExec/isa_f32.sub,wago,ns/op,42241,42480,0.5658009990293866,1,6,6,reported,paired
explicit,BenchmarkExec/isa_f32.mul,wago,ns/op,42405,42488,0.19573163542034866,0.5887445887445888,6,6,reported,paired
explicit,BenchmarkExec/isa_f32.div,wago,ns/op,155809.5,157198.5,0.8914732413620508,0.5887445887445888,6,6,reported,paired
explicit,BenchmarkExec/isa_f32.min,wago,ns/op,33183,34244,3.197420365849979,0.5887445887445888,6,6,reported,paired
explicit,BenchmarkExec/isa_f32.max,wago,ns/op,33632,34218.5,1.7438748810656435,0.6991341991341992,6,6,reported,paired
explicit,BenchmarkExec/isa_f32.sqrt,wago,ns/op,128968.5,130486.5,1.1770316007397197,0.6991341991341992,6,6,reported,paired
explicit,BenchmarkExec/isa_f32.abs,wago,ns/op,42640.5,43097,1.0705784406843222,0.8181818181818182,6,6,reported,paired
explicit,BenchmarkExec/isa_f32.neg,wago,ns/op,42707,43004.5,0.6966071135879437,0.9372294372294372,6,6,reported,paired
explicit,BenchmarkExec/isa_f32.ceil,wago,ns/op,42652,43322.5,1.5720247585107483,0.8181818181818182,6,6,reported,paired
explicit,BenchmarkExec/isa_f32.floor,wago,ns/op,42415.5,43251.5,1.9709775907392313,0.3939393939393939,6,6,reported,paired
explicit,BenchmarkExec/isa_f32.trunc,wago,ns/op,42853,43192,0.7910764707254936,0.9372294372294372,6,6,reported,paired
explicit,BenchmarkExec/isa_f32.nearest,wago,ns/op,42670.5,42853.5,0.4288677189158818,0.8181818181818182,6,6,reported,paired
explicit,BenchmarkExec/isa_f64.add,wago,ns/op,42698.5,43045,0.8115039169994231,0.24025974025974026,6,6,reported,paired
explicit,BenchmarkExec/isa_f64.sub,wago,ns/op,42597,43037,1.0329365917787658,0.8181818181818182,6,6,reported,paired
explicit,BenchmarkExec/isa_f64.mul,wago,ns/op,42486,43008,1.228640022595684,0.11904761904761904,6,6,reported,paired
explicit,BenchmarkExec/isa_f64.div,wago,ns/op,184470.5,185372,0.4886960245676031,0.6991341991341992,6,6,reported,paired
explicit,BenchmarkExec/isa_f64.min,wago,ns/op,33379,32871,-1.5219149764822193,0.5887445887445888,6,6,reported,paired
explicit,BenchmarkExec/isa_f64.max,wago,ns/op,33028,33352.5,0.9824996972265909,0.3939393939393939,6,6,reported,paired
explicit,BenchmarkExec/isa_f64.sqrt,wago,ns/op,174233.5,173960,-0.1569732571520377,0.9372294372294372,6,6,reported,paired
explicit,BenchmarkExec/isa_f64.abs,wago,ns/op,42758,42705,-0.12395341222695144,0.6991341991341992,6,6,reported,paired
explicit,BenchmarkExec/isa_f64.neg,wago,ns/op,42714,42718,0.009364611134521361,0.9372294372294372,6,6,reported,paired
explicit,BenchmarkExec/isa_f64.ceil,wago,ns/op,42486.5,42477,-0.022360043778613115,0.8181818181818182,6,6,reported,paired
explicit,BenchmarkExec/isa_f64.floor,wago,ns/op,42793,42292.5,-1.169583810436281,0.6991341991341992,6,6,reported,paired
explicit,BenchmarkExec/isa_f64.trunc,wago,ns/op,42506.5,43173.5,1.569171773728728,0.5887445887445888,6,6,reported,paired
explicit,BenchmarkExec/isa_f64.nearest,wago,ns/op,42138,42925.5,1.8688594617684684,0.04112554112554113,6,6,reported,paired
explicit,BenchmarkExec/isa_mem.load_i32,wago,ns/op,9252,9374.5,1.3240380458279244,0.30952380952380953,6,6,reported,paired
explicit,BenchmarkExec/isa_mem.load_i64,wago,ns/op,9312.5,9326,0.14496644295300953,0.8528138528138528,6,6,reported,paired
explicit,BenchmarkExec/isa_mem.load_f64,wago,ns/op,10650,10690.5,0.3802816901408379,0.48484848484848486,6,6,reported,paired
explicit,BenchmarkExec/isa_mem.load_i32_stride,wago,ns/op,9613,9957.5,3.5836887548111873,0.6991341991341992,6,6,reported,paired
explicit,BenchmarkExec/isa_mem.store_i32,wago,ns/op,9580,9567,-0.13569937369519725,1,6,6,reported,paired
explicit,BenchmarkExec/isa_mem.store_i64,wago,ns/op,8540.5,8476.5,-0.7493706457467386,0.48484848484848486,6,6,reported,paired
explicit,BenchmarkExec/isa_mem.store_i32_stride,wago,ns/op,10317.5,10421.5,1.0079961230918366,0.6991341991341992,6,6,reported,paired
explicit,BenchmarkExec/isa_bulk_mem.copy_fwd_64,wago,ns/op,687.8,475.84999999999997,-30.81564408258215,0.3939393939393939,6,6,reported,paired
explicit,BenchmarkExec/isa_bulk_mem.copy_back_64,wago,ns/op,268.04999999999995,263.95,-1.529565379593345,0.3939393939393939,6,6,reported,paired
explicit,BenchmarkExec/isa_bulk_mem.fill_64,wago,ns/op,282.70000000000005,282.35,-0.12380615493456926,0.8181818181818182,6,6,reported,paired
explicit,BenchmarkExec/isa_bulk_mem.copy_fwd_256,wago,ns/op,4312,3050.5,-29.25556586270872,0.30952380952380953,6,6,reported,paired
explicit,BenchmarkExec/isa_bulk_mem.copy_back_256,wago,ns/op,1183,1179,-0.33812341504648735,0.8484848484848485,6,6,reported,paired
explicit,BenchmarkExec/isa_bulk_mem.fill_256,wago,ns/op,2071,2076.5,0.2655721873491057,0.9372294372294372,6,6,reported,paired
explicit,BenchmarkExec/isa_bulk_mem.copy_fwd_4096,wago,ns/op,22539,15439,-31.500953902125207,0.8181818181818182,6,6,reported,paired
explicit,BenchmarkExec/isa_bulk_mem.copy_back_4096,wago,ns/op,10977.5,11180.5,1.8492370758369292,1,6,6,reported,paired
explicit,BenchmarkExec/isa_bulk_mem.fill_4096,wago,ns/op,7525,7626.5,1.3488372093023226,0.24025974025974026,6,6,reported,paired
explicit,BenchmarkExec/isa_ctl.loop_baseline,wago,ns/op,7099.5,7148,0.6831467004718705,0.9372294372294372,6,6,reported,paired
explicit,BenchmarkExec/isa_ctl.br_if,wago,ns/op,14228,14407.5,1.2615968512791786,0.06493506493506493,6,6,reported,paired
explicit,BenchmarkExec/isa_ctl.if_else,wago,ns/op,10981,11155,1.5845551406975744,0.6991341991341992,6,6,reported,paired
explicit,BenchmarkExec/isa_ctl.br_table,wago,ns/op,19115,19727.5,3.204289824744966,0.09307359307359307,6,6,reported,paired
explicit,BenchmarkExec/isa_ctl.select,wago,ns/op,21159.5,21603,2.0959852548500635,0.06493506493506493,6,6,reported,paired
explicit,BenchmarkExec/isa_call.call_direct,wago,ns/op,14439.5,14598.5,1.1011461615706875,0.5887445887445888,6,6,reported,paired
explicit,BenchmarkExec/isa_call.call_indirect,wago,ns/op,37812,38140,0.8674494869353566,0.8181818181818182,6,6,reported,paired
explicit,BenchmarkExec/isa_var.local_getset,wago,ns/op,14474,14656.5,1.260881580765516,0.0021645021645021645,6,6,reported,paired
explicit,BenchmarkExec/isa_var.global_getset,wago,ns/op,7019,7214.5,2.7852970508619457,0.0021645021645021645,6,6,reported,paired
explicit,BenchmarkExec/isa_cvt.i64_extend_s,wago,ns/op,14100.5,14354.5,1.8013545618949633,0.04112554112554113,6,6,reported,paired
explicit,BenchmarkExec/isa_cvt.i64_extend_u,wago,ns/op,7127,7349.5,3.1219306861231866,0.13203463203463203,6,6,reported,paired
explicit,BenchmarkExec/isa_cvt.f64_convert_s,wago,ns/op,92179.5,93495.5,1.4276493146523794,0.3939393939393939,6,6,reported,paired
explicit,BenchmarkExec/isa_cvt.f64_convert_u,wago,ns/op,93009.5,93710.5,0.7536864513840058,0.13203463203463203,6,6,reported,paired
explicit,BenchmarkExec/isa_cvt.f32_convert_s,wago,ns/op,92266.5,93587.5,1.43172223938266,0.09307359307359307,6,6,reported,paired
explicit,BenchmarkExec/isa_cvt.promote_demote,wago,ns/op,136339.5,137632,0.9480011295332602,0.24025974025974026,6,6,reported,paired
explicit,BenchmarkExec/isa_cvt.reinterpret_f32,wago,ns/op,56324.5,57108.5,1.3919342382089583,0.24025974025974026,6,6,reported,paired
explicit,BenchmarkExec/isa_cvt.reinterpret_f64,wago,ns/op,63551,64469.5,1.4452959040770486,0.24025974025974026,6,6,reported,paired
explicit,BenchmarkExec/isa_simd_v128.not,wago,ns/op,1263.5,1268,0.35615354174911573,0.8181818181818182,6,6,reported,paired
explicit,BenchmarkExec/isa_simd_v128.and,wago,ns/op,1773,1827,3.0456852791878264,0.24025974025974026,6,6,reported,paired
explicit,BenchmarkExec/isa_simd_v128.andnot,wago,ns/op,1793.5,1794.5,0.05575689991637045,0.8181818181818182,6,6,reported,paired
explicit,BenchmarkExec/isa_simd_v128.or,wago,ns/op,1800,1819.5,1.083333333333325,0.5887445887445888,6,6,reported,paired
explicit,BenchmarkExec/isa_simd_v128.xor,wago,ns/op,1791.5,1818.5,1.5071169411108087,0.48484848484848486,6,6,reported,paired
explicit,BenchmarkExec/isa_simd_v128.bitselect,wago,ns/op,3588,3634.5,1.295986622073575,0.2554112554112554,6,6,reported,paired
explicit,BenchmarkExec/isa_simd_i8x16.abs,wago,ns/op,1792.5,1802.5,0.557880055788007,0.5562770562770563,6,6,reported,paired
explicit,BenchmarkExec/isa_simd_i8x16.neg,wago,ns/op,1271,1311,3.1471282454760052,0.09307359307359307,6,6,reported,paired
explicit,BenchmarkExec/isa_simd_i8x16.popcnt,wago,ns/op,4919,4985,1.3417361252286986,0.5887445887445888,6,6,reported,paired
explicit,BenchmarkExec/isa_simd_i8x16.narrow_i16x8_s,wago,ns/op,3549.5,3591.5,1.183265248626575,0.25757575757575757,6,6,reported,paired
explicit,BenchmarkExec/isa_simd_i8x16.narrow_i16x8_u,wago,ns/op,3552.5,3602.5,1.407459535538358,0.06493506493506493,6,6,reported,paired
explicit,BenchmarkExec/isa_simd_i8x16.swizzle,wago,ns/op,7078,7176,1.3845719129697676,0.30952380952380953,6,6,reported,paired
explicit,BenchmarkExec/isa_simd_i8x16.shl,wago,ns/op,2073,2076,0.14471780028944004,0.8181818181818182,6,6,reported,paired
explicit,BenchmarkExec/isa_simd_i8x16.shr_s,wago,ns/op,3629,3668,1.0746762193441617,0.5887445887445888,6,6,reported,paired
explicit,BenchmarkExec/isa_simd_i8x16.shr_u,wago,ns/op,2059.5,2084.5,1.213886865744107,0.5887445887445888,6,6,reported,paired
explicit,BenchmarkExec/isa_simd_i8x16.add,wago,ns/op,1781,1807.5,1.4879281302639047,0.30952380952380953,6,6,reported,paired
explicit,BenchmarkExec/isa_simd_i8x16.add_sat_s,wago,ns/op,3514,3612.5,2.803073420603308,0.015151515151515152,6,6,reported,paired
explicit,BenchmarkExec/isa_simd_i8x16.add_sat_u,wago,ns/op,3554.5,3603.5,1.3785342523561672,0.30952380952380953,6,6,reported,paired
explicit,BenchmarkExec/isa_simd_i8x16.sub,wago,ns/op,1781.5,1816.5,1.9646365422396839,0.1277056277056277,6,6,reported,paired
explicit,BenchmarkExec/isa_simd_i8x16.sub_sat_s,wago,ns/op,3552.5,3613.5,1.717100633356794,0.3939393939393939,6,6,reported,paired
explicit,BenchmarkExec/isa_simd_i8x16.sub_sat_u,wago,ns/op,3560.5,3618.5,1.6289846931610619,0.4199134199134199,6,6,reported,paired
explicit,BenchmarkExec/isa_simd_i8x16.min_s,wago,ns/op,1796,1817,1.1692650334075738,0.6688311688311688,6,6,reported,paired
explicit,BenchmarkExec/isa_simd_i8x16.min_u,wago,ns/op,1772,1808.5,2.059819413092545,0.16883116883116883,6,6,reported,paired
explicit,BenchmarkExec/isa_simd_i8x16.max_s,wago,ns/op,1785,1814,1.6246498599439718,0.6991341991341992,6,6,reported,paired
explicit,BenchmarkExec/isa_simd_i8x16.max_u,wago,ns/op,1774,1810,2.029312288613294,0.17965367965367965,6,6,reported,paired
explicit,BenchmarkExec/isa_simd_i8x16.avgr_u,wago,ns/op,3544,3612,1.9187358916478603,0.30952380952380953,6,6,reported,paired
explicit,BenchmarkExec/isa_simd_i8x16.eq,wago,ns/op,1795.5,1807.5,0.6683375104427736,0.19264069264069264,6,6,reported,paired
explicit,BenchmarkExec/isa_simd_i8x16.ne,wago,ns/op,3573,3630,1.5952980688497043,0.6645021645021645,6,6,reported,paired
explicit,BenchmarkExec/isa_simd_i8x16.lt_s,wago,ns/op,1794.5,1829.5,1.9504040122596766,0.24025974025974026,6,6,reported,paired
explicit,BenchmarkExec/isa_simd_i8x16.lt_u,wago,ns/op,5299,5431.5,2.5004717871296434,0.015151515151515152,6,6,reported,paired
explicit,BenchmarkExec/isa_simd_i8x16.gt_s,wago,ns/op,1784,1819,1.9618834080717518,0.0735930735930736,6,6,reported,paired
explicit,BenchmarkExec/isa_simd_i8x16.gt_u,wago,ns/op,5275.5,5453.5,3.374087764192968,0.008658008658008658,6,6,reported,paired
explicit,BenchmarkExec/isa_simd_i8x16.le_s,wago,ns/op,3561,3595.5,0.9688289806234263,0.6190476190476191,6,6,reported,paired
explicit,BenchmarkExec/isa_simd_i8x16.le_u,wago,ns/op,3568,3617.5,1.3873318385650313,0.3939393939393939,6,6,reported,paired
explicit,BenchmarkExec/isa_simd_i8x16.ge_s,wago,ns/op,3545,3593.5,1.3681241184767323,0.17965367965367965,6,6,reported,paired
explicit,BenchmarkExec/isa_simd_i8x16.ge_u,wago,ns/op,3595,3581,-0.3894297635605004,1,6,6,reported,paired
explicit,BenchmarkExec/isa_simd_i16x8.abs,wago,ns/op,1783,1815.5,1.8227706113292275,0.047619047619047616,6,6,reported,paired
explicit,BenchmarkExec/isa_simd_i16x8.neg,wago,ns/op,1269,1293,1.891252955082745,0.19264069264069264,6,6,reported,paired
explicit,BenchmarkExec/isa_simd_i16x8.extadd_pairwise_s,wago,ns/op,2664,2697.5,1.2575075075075048,0.23376623376623376,6,6,reported,paired
explicit,BenchmarkExec/isa_simd_i16x8.extadd_pairwise_u,wago,ns/op,2664,2704,1.501501501501501,0.18831168831168832,6,6,reported,paired
explicit,BenchmarkExec/isa_simd_i16x8.narrow_i32x4_s,wago,ns/op,3571.5,3573,0.04199916001679238,1,6,6,reported,paired
explicit,BenchmarkExec/isa_simd_i16x8.narrow_i32x4_u,wago,ns/op,3530.5,3554.5,0.6797903979606224,0.5562770562770563,6,6,reported,paired
explicit,BenchmarkExec/isa_simd_i16x8.extend_low_s,wago,ns/op,2047.5,2070,1.098901098901095,0.17965367965367965,6,6,reported,paired
explicit,BenchmarkExec/isa_simd_i16x8.extend_high_s,wago,ns/op,2059,2066.5,0.3642544924720825,0.8181818181818182,6,6,reported,paired
explicit,BenchmarkExec/isa_simd_i16x8.extend_low_u,wago,ns/op,1264,1279.5,1.2262658227848,0.5627705627705628,6,6,reported,paired
explicit,BenchmarkExec/isa_simd_i16x8.extend_high_u,wago,ns/op,1268.5,1284,1.2219156484036153,0.6991341991341992,6,6,reported,paired
explicit,BenchmarkExec/isa_simd_i16x8.shl,wago,ns/op,986.9000000000001,988.05,0.11652649711215712,0.8181818181818182,6,6,reported,paired
explicit,BenchmarkExec/isa_simd_i16x8.shr_s,wago,ns/op,972.4,979.25,0.7044426162073236,0.8181818181818182,6,6,reported,paired
explicit,BenchmarkExec/isa_simd_i16x8.shr_u,wago,ns/op,980.55,1011,3.1054000305950735,0.17965367965367965,6,6,reported,paired
explicit,BenchmarkExec/isa_simd_i16x8.add,wago,ns/op,1775,1787,0.6760563380281637,0.48268398268398266,6,6,reported,paired
explicit,BenchmarkExec/isa_simd_i16x8.sub,wago,ns/op,1798.5,1800.5,0.11120378092854821,0.8181818181818182,6,6,reported,paired
explicit,BenchmarkExec/isa_simd_i16x8.mul,wago,ns/op,5366,5349.5,-0.30749161386507406,0.5562770562770563,6,6,reported,paired
explicit,BenchmarkExec/isa_simd_i16x8.add_sat_s,wago,ns/op,3533,3582,1.386923294650444,0.48484848484848486,6,6,reported,paired
explicit,BenchmarkExec/isa_simd_i16x8.add_sat_u,wago,ns/op,3581,3571,-0.2792516056967287,1,6,6,reported,paired
explicit,BenchmarkExec/isa_simd_i16x8.sub_sat_s,wago,ns/op,3574.5,3600,0.7133864876206486,0.8181818181818182,6,6,reported,paired
explicit,BenchmarkExec/isa_simd_i16x8.sub_sat_u,wago,ns/op,3549,3573.5,0.6903353057199135,0.5887445887445888,6,6,reported,paired
explicit,BenchmarkExec/isa_simd_i16x8.min_s,wago,ns/op,1789,1795.5,0.36333147009501854,0.7857142857142857,6,6,reported,paired
explicit,BenchmarkExec/isa_simd_i16x8.min_u,wago,ns/op,1794.5,1804.5,0.5572582892170441,0.9805194805194806,6,6,reported,paired
explicit,BenchmarkExec/isa_simd_i16x8.max_s,wago,ns/op,1795.5,1802,0.36201615148983013,0.6991341991341992,6,6,reported,paired
explicit,BenchmarkExec/isa_simd_i16x8.max_u,wago,ns/op,1787,1796.5,0.5316172355903648,0.9004329004329005,6,6,reported,paired
explicit,BenchmarkExec/isa_simd_i16x8.avgr_u,wago,ns/op,3523.5,3550,0.7520930892578326,1,6,6,reported,paired
explicit,BenchmarkExec/isa_simd_i16x8.q15mulr_sat_s,wago,ns/op,9719.5,9877.5,1.6255980245897472,0.09307359307359307,6,6,reported,paired
explicit,BenchmarkExec/isa_simd_i16x8.extmul_low_s,wago,ns/op,8894,8925.5,0.35417135147290946,0.8181818181818182,6,6,reported,paired
explicit,BenchmarkExec/isa_simd_i16x8.extmul_high_s,wago,ns/op,8850.5,8890,0.44630246878707425,0.8181818181818182,6,6,reported,paired
explicit,BenchmarkExec/isa_simd_i16x8.extmul_low_u,wago,ns/op,7106.5,7170,0.8935481601350936,0.5887445887445888,6,6,reported,paired
explicit,BenchmarkExec/isa_simd_i16x8.extmul_high_u,wago,ns/op,7095.5,7196.5,1.4234373898950103,0.17965367965367965,6,6,reported,paired
explicit,BenchmarkExec/isa_simd_i16x8.eq,wago,ns/op,1793,1808.5,0.8644729503625159,0.07142857142857142,6,6,reported,paired
explicit,BenchmarkExec/isa_simd_i16x8.ne,wago,ns/op,3543.5,3595,1.4533653167771998,1,6,6,reported,paired
explicit,BenchmarkExec/isa_simd_i16x8.lt_s,wago,ns/op,1807.5,1833,1.4107883817427336,0.5064935064935064,6,6,reported,paired
explicit,BenchmarkExec/isa_simd_i16x8.lt_u,wago,ns/op,5344.5,5391.5,0.879408737954912,0.48484848484848486,6,6,reported,paired
explicit,BenchmarkExec/isa_simd_i16x8.gt_s,wago,ns/op,1781.5,1791,0.5332584900364923,0.25757575757575757,6,6,reported,paired
explicit,BenchmarkExec/isa_simd_i16x8.gt_u,wago,ns/op,5327.5,5359.5,0.6006569685593544,0.3658008658008658,6,6,reported,paired
explicit,BenchmarkExec/isa_simd_i16x8.le_s,wago,ns/op,3562.5,3599,1.0245614035087725,0.24025974025974026,6,6,reported,paired
explicit,BenchmarkExec/isa_simd_i16x8.le_u,wago,ns/op,3549.5,3584,0.9719678828003842,0.6991341991341992,6,6,reported,paired
explicit,BenchmarkExec/isa_simd_i16x8.ge_s,wago,ns/op,3564,3586.5,0.631313131313127,0.6991341991341992,6,6,reported,paired
explicit,BenchmarkExec/isa_simd_i16x8.ge_u,wago,ns/op,3555,3576.5,0.6047819971870538,0.6991341991341992,6,6,reported,paired
explicit,BenchmarkExec/isa_simd_i32x4.abs,wago,ns/op,1786,1803,0.9518477043672924,0.3939393939393939,6,6,reported,paired
explicit,BenchmarkExec/isa_simd_i32x4.neg,wago,ns/op,1263.5,1270.5,0.5540166204986097,0.8528138528138528,6,6,reported,paired
explicit,BenchmarkExec/isa_simd_i32x4.extadd_pairwise_s,wago,ns/op,2679.5,2702,0.8397089009143599,0.24025974025974026,6,6,reported,paired
explicit,BenchmarkExec/isa_simd_i32x4.extadd_pairwise_u,wago,ns/op,4400,4471.5,1.6250000000000098,0.09307359307359307,6,6,reported,paired
explicit,BenchmarkExec/isa_simd_i32x4.trunc_sat_f32x4_s,wago,ns/op,8457,8583,1.489890031926211,0.025974025974025976,6,6,reported,paired
explicit,BenchmarkExec/isa_simd_i32x4.trunc_sat_f32x4_u,wago,ns/op,10693,10809,1.0848218460675296,0.3939393939393939,6,6,reported,paired
explicit,BenchmarkExec/isa_simd_i32x4.trunc_sat_f64x2_s_zero,wago,ns/op,7026.5,7154.5,1.8216750871699938,0.025974025974025976,6,6,reported,paired
explicit,BenchmarkExec/isa_simd_i32x4.trunc_sat_f64x2_u_zero,wago,ns/op,9815.5,10157,3.479191075340027,0.045454545454545456,6,6,reported,paired
explicit,BenchmarkExec/isa_simd_i32x4.extend_low_s,wago,ns/op,2042.5,2062.5,0.9791921664626724,0.33116883116883117,6,6,reported,paired
explicit,BenchmarkExec/isa_simd_i32x4.extend_high_s,wago,ns/op,2049,2055.5,0.31722791605661715,0.48484848484848486,6,6,reported,paired
explicit,BenchmarkExec/isa_simd_i32x4.extend_low_u,wago,ns/op,1268,1313.5,3.58832807570979,0.1038961038961039,6,6,reported,paired
explicit,BenchmarkExec/isa_simd_i32x4.extend_high_u,wago,ns/op,1287.5,1285,-0.1941747572815511,0.9372294372294372,6,6,reported,paired
explicit,BenchmarkExec/isa_simd_i32x4.shl,wago,ns/op,966.8,976.1500000000001,0.9671079851055087,0.48484848484848486,6,6,reported,paired
explicit,BenchmarkExec/isa_simd_i32x4.shr_s,wago,ns/op,984.3,990.55,0.6349690135121433,0.9372294372294372,6,6,reported,paired
explicit,BenchmarkExec/isa_simd_i32x4.shr_u,wago,ns/op,967.75,956.9000000000001,-1.1211573236889594,0.9372294372294372,6,6,reported,paired
explicit,BenchmarkExec/isa_simd_i32x4.add,wago,ns/op,1781.5,1801.5,1.1226494527083908,0.19696969696969696,6,6,reported,paired
explicit,BenchmarkExec/isa_simd_i32x4.sub,wago,ns/op,1793.5,1800,0.3624198494563746,0.9047619047619048,6,6,reported,paired
explicit,BenchmarkExec/isa_simd_i32x4.mul,wago,ns/op,5318.5,5338.5,0.3760458775970754,0.6645021645021645,6,6,reported,paired
explicit,BenchmarkExec/isa_simd_i32x4.min_s,wago,ns/op,1784,1803,1.065022421524664,0.30952380952380953,6,6,reported,paired
explicit,BenchmarkExec/isa_simd_i32x4.min_u,wago,ns/op,1776,1817,2.30855855855856,0.09307359307359307,6,6,reported,paired
explicit,BenchmarkExec/isa_simd_i32x4.max_s,wago,ns/op,1783.5,1802,1.0372862349313117,0.24025974025974026,6,6,reported,paired
explicit,BenchmarkExec/isa_simd_i32x4.max_u,wago,ns/op,1775.5,1808.5,1.8586313714446634,0.07142857142857142,6,6,reported,paired
explicit,BenchmarkExec/isa_simd_i32x4.dot,wago,ns/op,5273,5395,2.3136734306846263,0.06493506493506493,6,6,reported,paired
explicit,BenchmarkExec/isa_simd_i32x4.extmul_low_s,wago,ns/op,8820,8981.5,1.8310657596371849,0.2878787878787879,6,6,reported,paired
explicit,BenchmarkExec/isa_simd_i32x4.extmul_high_s,wago,ns/op,8793,9075,3.2070965540771157,0.06493506493506493,6,6,reported,paired
explicit,BenchmarkExec/isa_simd_i32x4.extmul_low_u,wago,ns/op,7071.5,7225.5,2.177755780244639,0.5584415584415584,6,6,reported,paired
explicit,BenchmarkExec/isa_simd_i32x4.extmul_high_u,wago,ns/op,7097,7226.5,1.824714668169647,0.015151515151515152,6,6,reported,paired
explicit,BenchmarkExec/isa_simd_i32x4.eq,wago,ns/op,1777,1815,2.1384355655599263,0.45670995670995673,6,6,reported,paired
explicit,BenchmarkExec/isa_simd_i32x4.ne,wago,ns/op,3535.5,3592.5,1.6122189223589212,0.16666666666666666,6,6,reported,paired
explicit,BenchmarkExec/isa_simd_i32x4.lt_s,wago,ns/op,1799,1837.5,2.1400778210116655,0.11904761904761904,6,6,reported,paired
explicit,BenchmarkExec/isa_simd_i32x4.lt_u,wago,ns/op,5302.5,5380,1.4615747289014713,0.025974025974025976,6,6,reported,paired
explicit,BenchmarkExec/isa_simd_i32x4.gt_s,wago,ns/op,1782,1821,2.188552188552184,0.30952380952380953,6,6,reported,paired
explicit,BenchmarkExec/isa_simd_i32x4.gt_u,wago,ns/op,5309,5375,1.243171972122803,0.3939393939393939,6,6,reported,paired
explicit,BenchmarkExec/isa_simd_i32x4.le_s,wago,ns/op,3541,3586,1.2708274498729244,0.05844155844155844,6,6,reported,paired
explicit,BenchmarkExec/isa_simd_i32x4.le_u,wago,ns/op,3527,3597,1.98468953785087,0.06493506493506493,6,6,reported,paired
explicit,BenchmarkExec/isa_simd_i32x4.ge_s,wago,ns/op,3536.5,3582.5,1.3007210518874546,0.06493506493506493,6,6,reported,paired
explicit,BenchmarkExec/isa_simd_i32x4.ge_u,wago,ns/op,3524.5,3587.5,1.7874875868917561,0.06493506493506493,6,6,reported,paired
explicit,BenchmarkExec/isa_simd_i64x2.abs,wago,ns/op,3588,3637,1.3656633221850623,0.24025974025974026,6,6,reported,paired
explicit,BenchmarkExec/isa_simd_i64x2.neg,wago,ns/op,1266,1266.5,0.03949447077409296,0.8528138528138528,6,6,reported,paired
explicit,BenchmarkExec/isa_simd_i64x2.extend_low_s,wago,ns/op,1912,1967.5,2.902719665271958,0.06493506493506493,6,6,reported,paired
explicit,BenchmarkExec/isa_simd_i64x2.extend_high_s,wago,ns/op,1927.5,1928.5,0.05188067444876765,0.8181818181818182,6,6,reported,paired
explicit,BenchmarkExec/isa_simd_i64x2.extend_low_u,wago,ns/op,1288.5,1279,-0.737291424136588,0.6991341991341992,6,6,reported,paired
explicit,BenchmarkExec/isa_simd_i64x2.extend_high_u,wago,ns/op,1255.5,1289.5,2.7080844285145345,0.17965367965367965,6,6,reported,paired
explicit,BenchmarkExec/isa_simd_i64x2.shl,wago,ns/op,970.25,993.5,2.39628961607834,0.30952380952380953,6,6,reported,paired
explicit,BenchmarkExec/isa_simd_i64x2.shr_s,wago,ns/op,10349.5,10526.5,1.7102275472244965,0.06493506493506493,6,6,reported,paired
explicit,BenchmarkExec/isa_simd_i64x2.shr_u,wago,ns/op,988.05,997.6,0.9665502757957745,0.45670995670995673,6,6,reported,paired
explicit,BenchmarkExec/isa_simd_i64x2.add,wago,ns/op,1772.5,1817,2.510578279266573,0.008658008658008658,6,6,reported,paired
explicit,BenchmarkExec/isa_simd_i64x2.sub,wago,ns/op,1778,1802,1.3498312710911176,0.19047619047619047,6,6,reported,paired
explicit,BenchmarkExec/isa_simd_i64x2.mul,wago,ns/op,12325,12501,1.4279918864097407,0.025974025974025976,6,6,reported,paired
explicit,BenchmarkExec/isa_simd_i64x2.extmul_low_s,wago,ns/op,7053.5,7137.5,1.1908981356773207,0.3939393939393939,6,6,reported,paired
explicit,BenchmarkExec/isa_simd_i64x2.extmul_high_s,wago,ns/op,7076.5,7133.5,0.8054829364799065,0.48484848484848486,6,6,reported,paired
explicit,BenchmarkExec/isa_simd_i64x2.extmul_low_u,wago,ns/op,6996.5,7159.5,2.3297362967197977,0.0021645021645021645,6,6,reported,paired
explicit,BenchmarkExec/isa_simd_i64x2.extmul_high_u,wago,ns/op,7044.5,7207,2.3067641422386265,0.015151515151515152,6,6,reported,paired
explicit,BenchmarkExec/isa_simd_i64x2.eq,wago,ns/op,3522,3594,2.044293015332199,0.023809523809523808,6,6,reported,paired
explicit,BenchmarkExec/isa_simd_i64x2.ne,wago,ns/op,5323.5,5362,0.7232084155161189,0.4588744588744589,6,6,reported,paired
explicit,BenchmarkExec/isa_simd_i64x2.lt_s,wago,ns/op,3510,3590.5,2.2934472934472927,0.004329004329004329,6,6,reported,paired
explicit,BenchmarkExec/isa_simd_i64x2.gt_s,wago,ns/op,3520,3592.5,2.059659090909083,0.0021645021645021645,6,6,reported,paired
explicit,BenchmarkExec/isa_simd_i64x2.le_s,wago,ns/op,5290.5,5366,1.4270862867403755,0.09307359307359307,6,6,reported,paired
explicit,BenchmarkExec/isa_simd_i64x2.ge_s,wago,ns/op,5275,5396,2.29383886255925,0.008658008658008658,6,6,reported,paired
explicit,BenchmarkExec/isa_simd_f32x4.abs,wago,ns/op,1572,1581.5,0.6043256997455559,0.3939393939393939,6,6,reported,paired
explicit,BenchmarkExec/isa_simd_f32x4.neg,wago,ns/op,1578,1588.5,0.665399239543718,0.5887445887445888,6,6,reported,paired
explicit,BenchmarkExec/isa_simd_f32x4.sqrt,wago,ns/op,12320.5,12596.5,2.24016882431719,0.13203463203463203,6,6,reported,paired
explicit,BenchmarkExec/isa_simd_f32x4.ceil,wago,ns/op,2667,2711.5,1.668541432320958,0.02813852813852814,6,6,reported,paired
explicit,BenchmarkExec/isa_simd_f32x4.floor,wago,ns/op,2655,2694,1.4689265536723228,0.06493506493506493,6,6,reported,paired
explicit,BenchmarkExec/isa_simd_f32x4.trunc,wago,ns/op,2672,2712.5,1.5157185628742464,0.13203463203463203,6,6,reported,paired
explicit,BenchmarkExec/isa_simd_f32x4.nearest,wago,ns/op,2638,2708,2.653525398028811,0.03896103896103896,6,6,reported,paired
explicit,BenchmarkExec/isa_simd_f32x4.add,wago,ns/op,5263.5,5366,1.9473734207276605,0.004329004329004329,6,6,reported,paired
explicit,BenchmarkExec/isa_simd_f32x4.sub,wago,ns/op,5264,5401,2.6025835866261504,0.06493506493506493,6,6,reported,paired
explicit,BenchmarkExec/isa_simd_f32x4.mul,wago,ns/op,5289.5,5340,0.9547216183004137,0.3939393939393939,6,6,reported,paired
explicit,BenchmarkExec/isa_simd_f32x4.div,wago,ns/op,19249,19640,2.0312743519143917,0.04112554112554113,6,6,reported,paired
explicit,BenchmarkExec/isa_simd_f32x4.min,wago,ns/op,10593.5,10849,2.411856326992967,0.025974025974025976,6,6,reported,paired
explicit,BenchmarkExec/isa_simd_f32x4.max,wago,ns/op,10607,10797.5,1.795983784293398,0.09307359307359307,6,6,reported,paired
explicit,BenchmarkExec/isa_simd_f32x4.pmin,wago,ns/op,3536.5,3581,1.2583062349780905,0.30952380952380953,6,6,reported,paired
explicit,BenchmarkExec/isa_simd_f32x4.pmax,wago,ns/op,3545,3575,0.8462623413258097,0.24025974025974026,6,6,reported,paired
explicit,BenchmarkExec/isa_simd_f32x4.eq,wago,ns/op,3524.5,3585.5,1.7307419492126552,0.07142857142857142,6,6,reported,paired
explicit,BenchmarkExec/isa_simd_f32x4.ne,wago,ns/op,3528.5,3603,2.111378772849659,0.04112554112554113,6,6,reported,paired
explicit,BenchmarkExec/isa_simd_f32x4.lt,wago,ns/op,3526.5,3559.5,0.935772011909819,0.45670995670995673,6,6,reported,paired
explicit,BenchmarkExec/isa_simd_f32x4.gt,wago,ns/op,3528,3591,1.7857142857142794,0.025974025974025976,6,6,reported,paired
explicit,BenchmarkExec/isa_simd_f32x4.le,wago,ns/op,3530,3585.5,1.5722379603399395,0.3722943722943723,6,6,reported,paired
explicit,BenchmarkExec/isa_simd_f32x4.ge,wago,ns/op,3561,3561,0,0.6991341991341992,6,6,reported,paired
explicit,BenchmarkExec/isa_simd_f32x4.convert_i32x4_s,wago,ns/op,2669.5,2669.5,0,0.461038961038961,6,6,reported,paired
explicit,BenchmarkExec/isa_simd_f32x4.convert_i32x4_u,wago,ns/op,9758,9888.5,1.337364213978276,0.48484848484848486,6,6,reported,paired
explicit,BenchmarkExec/isa_simd_f32x4.demote_f64x2_zero,wago,ns/op,2658.5,2700,1.5610306563851761,0.012987012987012988,6,6,reported,paired
explicit,BenchmarkExec/isa_simd_f64x2.abs,wago,ns/op,1591,1590.5,-0.03142677561281948,0.8181818181818182,6,6,reported,paired
explicit,BenchmarkExec/isa_simd_f64x2.neg,wago,ns/op,1581,1609,1.7710309930423884,0.09307359307359307,6,6,reported,paired
explicit,BenchmarkExec/isa_simd_f64x2.sqrt,wago,ns/op,17570,17926,2.026180990324411,0.06493506493506493,6,6,reported,paired
explicit,BenchmarkExec/isa_simd_f64x2.ceil,wago,ns/op,2663,2748.5,3.2106646639128877,0.04112554112554113,6,6,reported,paired
explicit,BenchmarkExec/isa_simd_f64x2.floor,wago,ns/op,2661,2699,1.4280345734686284,0.24025974025974026,6,6,reported,paired
explicit,BenchmarkExec/isa_simd_f64x2.trunc,wago,ns/op,2646,2707.5,2.3242630385487573,0.008658008658008658,6,6,reported,paired
explicit,BenchmarkExec/isa_simd_f64x2.nearest,wago,ns/op,2656.5,2735,2.955015998494259,0.049783549783549784,6,6,reported,paired
explicit,BenchmarkExec/isa_simd_f64x2.add,wago,ns/op,5296,5367,1.340634441087607,0.30952380952380953,6,6,reported,paired
explicit,BenchmarkExec/isa_simd_f64x2.sub,wago,ns/op,5282,5327.5,0.8614161302537005,0.48484848484848486,6,6,reported,paired
explicit,BenchmarkExec/isa_simd_f64x2.mul,wago,ns/op,5294,5383,1.6811484699660095,0.13203463203463203,6,6,reported,paired
explicit,BenchmarkExec/isa_simd_f64x2.div,wago,ns/op,22874,23149.5,1.2044242371251235,0.6991341991341992,6,6,reported,paired
explicit,BenchmarkExec/isa_simd_f64x2.min,wago,ns/op,10624,10831,1.948418674698793,0.30952380952380953,6,6,reported,paired
explicit,BenchmarkExec/isa_simd_f64x2.max,wago,ns/op,10643.5,10689.5,0.43218865974539167,0.8181818181818182,6,6,reported,paired
explicit,BenchmarkExec/isa_simd_f64x2.pmin,wago,ns/op,3546.5,3582,1.000986888481603,0.36796536796536794,6,6,reported,paired
explicit,BenchmarkExec/isa_simd_f64x2.pmax,wago,ns/op,3526,3599.5,2.084515031196821,0.3939393939393939,6,6,reported,paired
explicit,BenchmarkExec/isa_simd_f64x2.eq,wago,ns/op,3568,3577,0.2522421524663754,0.8181818181818182,6,6,reported,paired
explicit,BenchmarkExec/isa_simd_f64x2.ne,wago,ns/op,3547.5,3583.5,1.014799154334045,0.8181818181818182,6,6,reported,paired
explicit,BenchmarkExec/isa_simd_f64x2.lt,wago,ns/op,3525,3592.5,1.914893617021285,0.06493506493506493,6,6,reported,paired
explicit,BenchmarkExec/isa_simd_f64x2.gt,wago,ns/op,3548,3602.5,1.536076662908692,0.48484848484848486,6,6,reported,paired
explicit,BenchmarkExec/isa_simd_f64x2.le,wago,ns/op,3537,3598,1.724625388747536,0.3939393939393939,6,6,reported,paired
explicit,BenchmarkExec/isa_simd_f64x2.ge,wago,ns/op,3551.5,3642.5,2.5622976207236414,0.09307359307359307,6,6,reported,paired
explicit,BenchmarkExec/isa_simd_f64x2.convert_low_i32x4_s,wago,ns/op,2691.5,2698.5,0.2600780234070177,0.854978354978355,6,6,reported,paired
explicit,BenchmarkExec/isa_simd_f64x2.convert_low_i32x4_u,wago,ns/op,4499.5,4547.5,1.066785198355369,0.3939393939393939,6,6,reported,paired
explicit,BenchmarkExec/isa_simd_f64x2.promote_low_f32x4,wago,ns/op,2655.5,2701,1.713424967049515,0.45454545454545453,6,6,reported,paired
explicit,BenchmarkExec/isa_simd_reduce.v128_any_true,wago,ns/op,1835.5,1878.5,2.3426859166439717,0.14285714285714285,6,6,reported,paired
explicit,BenchmarkExec/isa_simd_reduce.i8x16_all_true,wago,ns/op,1416,1499,5.861581920903958,0.06493506493506493,6,6,reported,paired
explicit,BenchmarkExec/isa_simd_reduce.i8x16_bitmask,wago,ns/op,1466,1482,1.091405184174632,0.3939393939393939,6,6,reported,paired
explicit,BenchmarkExec/isa_simd_reduce.i16x8_all_true,wago,ns/op,1468,1466,-0.13623978201634523,0.8181818181818182,6,6,reported,paired
explicit,BenchmarkExec/isa_simd_reduce.i16x8_bitmask,wago,ns/op,1450,1466.5,1.1379310344827642,0.2878787878787879,6,6,reported,paired
explicit,BenchmarkExec/isa_simd_reduce.i32x4_all_true,wago,ns/op,1468,1484.5,1.1239782016348787,0.9372294372294372,6,6,reported,paired
explicit,BenchmarkExec/isa_simd_reduce.i32x4_bitmask,wago,ns/op,1422.5,1423,0.035149384885757584,0.9372294372294372,6,6,reported,paired
explicit,BenchmarkExec/isa_simd_reduce.i64x2_all_true,wago,ns/op,1464.5,1463,-0.1024240355069983,0.9805194805194806,6,6,reported,paired
explicit,BenchmarkExec/isa_simd_reduce.i64x2_bitmask,wago,ns/op,1418,1441,1.6220028208744797,0.29004329004329005,6,6,reported,paired
explicit,BenchmarkExecCallOverhead_wago,wago,ns/op,22.475,22.42,-0.2447163515016726,0.7380952380952381,6,6,reported,paired
explicit,BenchmarkExecCallOverhead_wazero,wazero,ns/op,31.27,29.590000000000003,-5.372561560601207,0.30952380952380953,6,6,reported,paired
explicit,BenchmarkExecCommuteSelfUpdate/spectralnorm.run/off,wago,ns/op,635058.5,634651,-0.06416731686923471,0.6991341991341992,6,6,reported,paired
explicit,BenchmarkExecCommuteSelfUpdate/spectralnorm.run/on,wago,ns/op,635631.5,633774.5,-0.2921504047549539,0.5887445887445888,6,6,reported,paired
explicit,BenchmarkExecCommuteSelfUpdate/quicksort.sortN/off,wago,ns/op,58048,58101,0.09130374862182933,1,6,6,reported,paired
explicit,BenchmarkExecCommuteSelfUpdate/quicksort.sortN/on,wago,ns/op,57312.5,56733,-1.0111232279171212,0.48484848484848486,6,6,reported,paired
explicit,BenchmarkExecCommuteSelfUpdate/json-as.serializeN/off,wago,ns/op,23129.5,23252.5,0.5317884087420843,0.30952380952380953,6,6,reported,paired
explicit,BenchmarkExecCommuteSelfUpdate/json-as.deserializeN/off,wago,ns/op,41242.5,41536,0.7116445414317774,0.3939393939393939,6,6,reported,paired
explicit,BenchmarkExecCommuteSelfUpdate/json-as.serializeN/on,wago,ns/op,23198.5,23155,-0.18751212362868586,0.6991341991341992,6,6,reported,paired
explicit,BenchmarkExecCommuteSelfUpdate/json-as.deserializeN/on,wago,ns/op,41266,41075,-0.4628507730334852,0.3939393939393939,6,6,reported,paired
explicit,BenchmarkExecCommuteSelfUpdate/blake-as.hashN/off,wago,ns/op,681472,680611.5,-0.12627077854996394,0.8181818181818182,6,6,reported,paired
explicit,BenchmarkExecCommuteSelfUpdate/blake-as.hashN/on,wago,ns/op,668720,670544.5,0.2728346692188133,0.9372294372294372,6,6,reported,paired
explicit,BenchmarkExecCommuteSelfUpdate/xjb-mulhi.runN/off,wago,ns/op,2127,2117.5,-0.4466384579219551,0.329004329004329,6,6,reported,paired
explicit,BenchmarkExecCommuteSelfUpdate/xjb-mulhi.runN/on,wago,ns/op,2056.5,2060,0.17019207391197888,0.9761904761904762,6,6,reported,paired
explicit,BenchmarkExecCommuteSelfUpdate/blake-as-simd.hashN/off,wago,ns/op,552553.5,552341.5,-0.03836732551689703,0.8181818181818182,6,6,reported,paired
explicit,BenchmarkExecCommuteSelfUpdate/blake-as-simd.hashN/on,wago,ns/op,545172,542670.5,-0.45884601556940297,0.24025974025974026,6,6,reported,paired
explicit,BenchmarkExecFibLoop_wago,wago,ns/op,28.58,28.625,0.15745276417076237,0.8181818181818182,6,6,reported,paired
explicit,BenchmarkExecFibLoop_wazero,wazero,ns/op,43.535,42.504999999999995,-2.3659124842081103,0.004329004329004329,6,6,reported,paired
explicit,BenchmarkExecFibRec_wago,wago,ns/op,359611,356820,-0.7761164146814159,0.24025974025974026,6,6,reported,paired
explicit,BenchmarkExecFibRec_wazero,wazero,ns/op,513839,510808.5,-0.5897761750275898,0.8181818181818182,6,6,reported,paired
explicit,BenchmarkExecGlobalGet_wago,wago,ns/op,80,78.495,-1.8812499999999899,0.17965367965367965,6,6,reported,paired
explicit,BenchmarkExecGlobalSet_wago,wago,ns/op,80.205,76.555,-4.5508384764042065,0.06493506493506493,6,6,reported,paired
explicit,BenchmarkExecHostRoundtrip_wago,wago,ns/op,492.75,503.04999999999995,2.0903094875697414,0.24025974025974026,6,6,reported,paired
explicit,BenchmarkExecHostRoundtrip_wazero,wazero,ns/op,398.29999999999995,394.65,-0.9163946773788512,0.3939393939393939,6,6,reported,paired
explicit,BenchmarkExecLocalGet_wago,wago,ns/op,81.73,78.33,-4.160039153309681,0.0021645021645021645,6,6,reported,paired
explicit,BenchmarkExecMemoryLoad_wago,wago,ns/op,82.795,77.265,-6.6791472915031065,0.0021645021645021645,6,6,reported,paired
explicit,BenchmarkExecParallel/independent/tiny.add,wago,ns/op,11.015,3.7439999999999998,-66.0099863822061,0.0021645021645021645,6,6,reported,paired
explicit,BenchmarkExecParallel/process/tiny.add,wago,ns/op,14.585,3.6544999999999996,-74.9434350359959,0.0021645021645021645,6,6,reported,paired
explicit,BenchmarkExecParallel/independent/fib_iter.fib,wago,ns/op,17.02,5.7905,-65.97826086956522,0.0021645021645021645,6,6,reported,paired
explicit,BenchmarkExecParallel/process/fib_iter.fib,wago,ns/op,14.77,5.814,-60.63642518618821,0.0021645021645021645,6,6,reported,paired
explicit,BenchmarkExecParallel/independent/fib_rec.fib,wago,ns/op,201722.5,217150,7.647882611012657,0.09307359307359307,6,6,reported,paired
explicit,BenchmarkExecParallel/process/fib_rec.fib,wago,ns/op,207704.5,212571,2.3429920873163645,0.8181818181818182,6,6,reported,paired
explicit,BenchmarkExecParallel/independent/arith.run,wago,ns/op,228.2,227.7,-0.2191060473269113,0.8181818181818182,6,6,reported,paired
explicit,BenchmarkExecParallel/process/arith.run,wago,ns/op,229.95,232.5,1.108936725375087,0.6991341991341992,6,6,reported,paired
explicit,BenchmarkExecParallel/independent/float.run,wago,ns/op,639.3499999999999,618,-3.3393290060217296,0.5887445887445888,6,6,reported,paired
explicit,BenchmarkExecParallel/process/float.run,wago,ns/op,622.6500000000001,640.15,2.8105677346823787,0.6991341991341992,6,6,reported,paired
explicit,BenchmarkExecParallel/independent/memory.sum,wago,ns/op,47.99,44.965,-6.303396540946027,0.48484848484848486,6,6,reported,paired
explicit,BenchmarkExecParallel/process/memory.sum,wago,ns/op,43.894999999999996,46.195,5.239776739947621,0.17965367965367965,6,6,reported,paired
explicit,BenchmarkExecParallel/independent/memory_tree.run,wago,ns/op,1718.5,1845.5,7.3901658423043415,0.30952380952380953,6,6,reported,paired
explicit,BenchmarkExecParallel/process/memory_tree.run,wago,ns/op,1771,1899,7.22755505364201,0.09307359307359307,6,6,reported,paired
explicit,BenchmarkExecParallel/independent/globals.accumulate,wago,ns/op,1108.5,1208,8.976093820478127,0.06060606060606061,6,6,reported,paired
explicit,BenchmarkExecParallel/process/globals.accumulate,wago,ns/op,1143,1175,2.7996500437445393,0.6666666666666666,6,6,reported,paired
explicit,BenchmarkExecParallel/independent/dispatch.apply,wago,ns/op,6.2364999999999995,5.952999999999999,-4.545818968972981,0.30952380952380953,6,6,reported,paired
explicit,BenchmarkExecParallel/process/dispatch.apply,wago,ns/op,6.1555,5.8995,-4.158882300381772,0.05844155844155844,6,6,reported,paired
explicit,BenchmarkExecParallel/independent/branches.classify,wago,ns/op,13.91,3.5545,-74.44644140905822,0.0021645021645021645,6,6,reported,paired
explicit,BenchmarkExecParallel/process/branches.classify,wago,ns/op,12.285,3.4275,-72.10012210012209,0.0021645021645021645,6,6,reported,paired
explicit,BenchmarkExecParallel/independent/many_funcs.run,wago,ns/op,15.065,3.6799999999999997,-75.57251908396947,0.0021645021645021645,6,6,reported,paired
explicit,BenchmarkExecParallel/process/many_funcs.run,wago,ns/op,15.5,3.719,-76.00645161290322,0.0021645021645021645,6,6,reported,paired
explicit,BenchmarkExecParallel/independent/linked_list.sum,wago,ns/op,1385.5,1435.5,3.6088054853843365,0.30952380952380953,6,6,reported,paired
explicit,BenchmarkExecParallel/process/linked_list.sum,wago,ns/op,1383,1381.5,-0.10845986984815426,0.8181818181818182,6,6,reported,paired
explicit,BenchmarkExecParallel/independent/mandelbrot.render,wago,ns/op,35039.5,34767,-0.7776937456299371,0.8181818181818182,6,6,reported,paired
explicit,BenchmarkExecParallel/process/mandelbrot.render,wago,ns/op,34571,35354.5,2.2663504093025866,0.48484848484848486,6,6,reported,paired
explicit,BenchmarkExecParallel/independent/sieve.count,wago,ns/op,13374,14041,4.987288769253784,0.24025974025974026,6,6,reported,paired
explicit,BenchmarkExecParallel/process/sieve.count,wago,ns/op,14302.5,13803,-3.492396434189826,0.6991341991341992,6,6,reported,paired
explicit,BenchmarkExecParallel/independent/nbody.step,wago,ns/op,299784,296037.5,-1.2497331411949975,0.8181818181818182,6,6,reported,paired
explicit,BenchmarkExecParallel/process/nbody.step,wago,ns/op,304205.5,300012.5,-1.378344572994239,0.8181818181818182,6,6,reported,paired
explicit,BenchmarkExecParallel/independent/spectralnorm.run,wago,ns/op,674228.5,690182.5,2.366260103214257,0.30952380952380953,6,6,reported,paired
explicit,BenchmarkExecParallel/process/spectralnorm.run,wago,ns/op,678376,682948,0.6739625222590417,0.8181818181818182,6,6,reported,paired
explicit,BenchmarkExecParallel/independent/fannkuch.run,wago,ns/op,1141620.5,1158506,1.4790817088515817,0.48484848484848486,6,6,reported,paired
explicit,BenchmarkExecParallel/process/fannkuch.run,wago,ns/op,1144467.5,1169701.5,2.2048682028978472,0.17965367965367965,6,6,reported,paired
explicit,BenchmarkExecParallel/independent/matmul.run,wago,ns/op,155770,160217.5,2.8551710855748924,0.09307359307359307,6,6,reported,paired
explicit,BenchmarkExecParallel/process/matmul.run,wago,ns/op,156106,158270,1.3862375565321106,0.48484848484848486,6,6,reported,paired
explicit,BenchmarkExecParallel/independent/quicksort.sortN,wago,ns/op,69245,68282.5,-1.3899920571882496,0.8181818181818182,6,6,reported,paired
explicit,BenchmarkExecParallel/process/quicksort.sortN,wago,ns/op,68097.5,66549.5,-2.273211204522929,0.8181818181818182,6,6,reported,paired
explicit,BenchmarkExecParallel/independent/crc32.hashN,wago,ns/op,18656,18794,0.7397084048027525,0.9372294372294372,6,6,reported,paired
explicit,BenchmarkExecParallel/process/crc32.hashN,wago,ns/op,18463,18702.5,1.2971889725396757,0.3939393939393939,6,6,reported,paired
explicit,BenchmarkExecParallel/independent/sha256.hashN,wago,ns/op,43021,43838,1.8990725459659297,0.30952380952380953,6,6,reported,paired
explicit,BenchmarkExecParallel/process/sha256.hashN,wago,ns/op,43050,43747.5,1.6202090592334573,0.3939393939393939,6,6,reported,paired
explicit,BenchmarkExecParallel/independent/raytrace.render,wago,ns/op,406507,392182.5,-3.5238015581527504,0.5887445887445888,6,6,reported,paired
explicit,BenchmarkExecParallel/process/raytrace.render,wago,ns/op,399970.5,396966,-0.751180399554463,0.3939393939393939,6,6,reported,paired
explicit,BenchmarkExecParallel/independent/json-as.serializeN,wago,ns/op,4740.5,4861,2.5419259571775044,0.6991341991341992,6,6,reported,paired
explicit,BenchmarkExecParallel/independent/json-as.deserializeN,wago,ns/op,7843,8686,10.748438097666702,0.17965367965367965,6,6,reported,paired
explicit,BenchmarkExecParallel/process/json-as.serializeN,wago,ns/op,27576,26768,-2.9300841311285186,0.13203463203463203,6,6,reported,paired
explicit,BenchmarkExecParallel/process/json-as.deserializeN,wago,ns/op,45785.5,46945,2.532461150364207,0.9372294372294372,6,6,reported,paired
explicit,BenchmarkExecParallel/independent/blake-as.hashN,wago,ns/op,705284.5,711150,0.831650206406076,0.8181818181818182,6,6,reported,paired
explicit,BenchmarkExecParallel/process/blake-as.hashN,wago,ns/op,713795,698705,-2.1140523539671774,0.48484848484848486,6,6,reported,paired
explicit,BenchmarkExecParallel/independent/utf-as.convertN,wago,ns/op,197510,198178,0.33821072350768144,1,6,6,reported,paired
explicit,BenchmarkExecParallel/process/utf-as.convertN,wago,ns/op,196680,194862,-0.9243441122635754,0.30952380952380953,6,6,reported,paired
explicit,BenchmarkExecParallel/independent/xjb-mulhi.mulhi,wago,ns/op,12.535,3.5645,-71.56362185879537,0.0021645021645021645,6,6,reported,paired
explicit,BenchmarkExecParallel/independent/xjb-mulhi.runN,wago,ns/op,359.75,347.35,-3.44683808200138,0.512987012987013,6,6,reported,paired
explicit,BenchmarkExecParallel/process/xjb-mulhi.mulhi,wago,ns/op,14.95,3.767,-74.80267558528428,0.0021645021645021645,6,6,reported,paired
explicit,BenchmarkExecParallel/process/xjb-mulhi.runN,wago,ns/op,351.55,354.15,0.7395818517991648,0.5887445887445888,6,6,reported,paired
explicit,BenchmarkExecParallel/independent/swar-pack-parse.pack,wago,ns/op,14.245000000000001,3.5385,-75.15970515970515,0.0021645021645021645,6,6,reported,paired
explicit,BenchmarkExecParallel/independent/swar-pack-parse.parse4,wago,ns/op,8.9285,3.519,-60.58688469507756,0.0021645021645021645,6,6,reported,paired
explicit,BenchmarkExecParallel/independent/swar-pack-parse.runN,wago,ns/op,325.75,310.45000000000005,-4.69685341519569,0.3939393939393939,6,6,reported,paired
explicit,BenchmarkExecParallel/process/swar-pack-parse.pack,wago,ns/op,14.805,3.556,-75.98108747044917,0.0021645021645021645,6,6,reported,paired
explicit,BenchmarkExecParallel/process/swar-pack-parse.parse4,wago,ns/op,11.870000000000001,3.5785,-69.85256950294861,0.0021645021645021645,6,6,reported,paired
explicit,BenchmarkExecParallel/process/swar-pack-parse.runN,wago,ns/op,330.45,333.9,1.0440308669995346,0.9372294372294372,6,6,reported,paired
explicit,BenchmarkExecParallel/independent/json-as-simd.serializeN,wago,ns/op,5963,6046.5,1.4003018614791252,0.8181818181818182,6,6,reported,paired
explicit,BenchmarkExecParallel/independent/json-as-simd.deserializeN,wago,ns/op,11008,10822,-1.689680232558144,0.5887445887445888,6,6,reported,paired
explicit,BenchmarkExecParallel/process/json-as-simd.serializeN,wago,ns/op,33217.5,33262,0.1339655302175169,0.9372294372294372,6,6,reported,paired
explicit,BenchmarkExecParallel/process/json-as-simd.deserializeN,wago,ns/op,60165,60628,0.7695504030582612,1,6,6,reported,paired
explicit,BenchmarkExecParallel/independent/blake-as-simd.hashN,wago,ns/op,585006,569764.5,-2.6053578937651922,0.17965367965367965,6,6,reported,paired
explicit,BenchmarkExecParallel/process/blake-as-simd.hashN,wago,ns/op,579092.5,583392.5,0.7425411311664298,0.5887445887445888,6,6,reported,paired
explicit,BenchmarkExecParallel/independent/utf-as-simd.convertN,wago,ns/op,9842,9611.5,-2.3420036577931347,0.6991341991341992,6,6,reported,paired
explicit,BenchmarkExecParallel/independent/utf-as-simd.validateN,wago,ns/op,29850.5,28111.5,-5.82569806200901,0.3939393939393939,6,6,reported,paired
explicit,BenchmarkExecParallel/process/utf-as-simd.convertN,wago,ns/op,59130,59722,1.001183832234065,0.9372294372294372,6,6,reported,paired
explicit,BenchmarkExecParallel/process/utf-as-simd.validateN,wago,ns/op,166853,169512.5,1.5939179996763642,0.9372294372294372,6,6,reported,paired
explicit,BenchmarkExecParallel/independent/isa_i32.add,wago,ns/op,1843.5,1835.5,-0.433957146731756,0.8181818181818182,6,6,reported,paired
explicit,BenchmarkExecParallel/independent/isa_i32.sub,wago,ns/op,1841.5,1846.5,0.2715177844148764,1,6,6,reported,paired
explicit,BenchmarkExecParallel/independent/isa_i32.mul,wago,ns/op,5463.5,5460,-0.06406149903908087,0.6991341991341992,6,6,reported,paired
explicit,BenchmarkExecParallel/independent/isa_i32.and,wago,ns/op,1845.5,1844.5,-0.054185857491195755,0.8528138528138528,6,6,reported,paired
explicit,BenchmarkExecParallel/independent/isa_i32.or,wago,ns/op,1853,1837.5,-0.8364813815434413,0.5541125541125541,6,6,reported,paired
explicit,BenchmarkExecParallel/independent/isa_i32.xor,wago,ns/op,1920,1858.5,-3.2031249999999956,0.3939393939393939,6,6,reported,paired
explicit,BenchmarkExecParallel/independent/isa_i32.shl,wago,ns/op,2474.5,2278.5,-7.920792079207917,0.06493506493506493,6,6,reported,paired
explicit,BenchmarkExecParallel/independent/isa_i32.shr_s,wago,ns/op,2353,2297.5,-2.3586910327241806,0.6991341991341992,6,6,reported,paired
explicit,BenchmarkExecParallel/independent/isa_i32.shr_u,wago,ns/op,2366.5,2382.5,0.676103950982454,1,6,6,reported,paired
explicit,BenchmarkExecParallel/independent/isa_i32.rotl,wago,ns/op,2332.5,2462,5.551982851018211,0.24025974025974026,6,6,reported,paired
explicit,BenchmarkExecParallel/independent/isa_i32.rotr,wago,ns/op,2326.5,2546,9.434773264560503,0.48484848484848486,6,6,reported,paired
explicit,BenchmarkExecParallel/independent/isa_i32.div_s,wago,ns/op,23229,23605,1.6186663222695685,0.6991341991341992,6,6,reported,paired
explicit,BenchmarkExecParallel/independent/isa_i32.div_u,wago,ns/op,21716,21765,0.22564008104624111,0.48484848484848486,6,6,reported,paired
explicit,BenchmarkExecParallel/independent/isa_i32.rem_s,wago,ns/op,24013.5,24184.5,0.7120994440627193,0.48484848484848486,6,6,reported,paired
explicit,BenchmarkExecParallel/independent/isa_i32.rem_u,wago,ns/op,22393.5,22311.5,-0.3661776854890886,0.9372294372294372,6,6,reported,paired
explicit,BenchmarkExecParallel/independent/isa_i32.clz,wago,ns/op,1949.5,1947.5,-0.10259040779687645,0.9372294372294372,6,6,reported,paired
explicit,BenchmarkExecParallel/independent/isa_i32.ctz,wago,ns/op,1974.5,1946,-1.44340339326412,0.5887445887445888,6,6,reported,paired
explicit,BenchmarkExecParallel/independent/isa_i32.popcnt,wago,ns/op,1975.5,1952.5,-1.1642622120981994,0.5887445887445888,6,6,reported,paired
explicit,BenchmarkExecParallel/process/isa_i32.add,wago,ns/op,1860,1832.5,-1.4784946236559127,0.8939393939393939,6,6,reported,paired
explicit,BenchmarkExecParallel/process/isa_i32.sub,wago,ns/op,1863,1845,-0.9661835748792313,0.48484848484848486,6,6,reported,paired
explicit,BenchmarkExecParallel/process/isa_i32.mul,wago,ns/op,5511.5,5493,-0.3356617980586063,1,6,6,reported,paired
explicit,BenchmarkExecParallel/process/isa_i32.and,wago,ns/op,1841,1845.5,0.2444323737099463,0.974025974025974,6,6,reported,paired
explicit,BenchmarkExecParallel/process/isa_i32.or,wago,ns/op,1844.5,1836.5,-0.4337218758471151,0.6666666666666666,6,6,reported,paired
explicit,BenchmarkExecParallel/process/isa_i32.xor,wago,ns/op,1864.5,1830.5,-1.8235451863770402,0.24025974025974026,6,6,reported,paired
explicit,BenchmarkExecParallel/process/isa_i32.shl,wago,ns/op,2432.5,2241.5,-7.852004110996913,0.30952380952380953,6,6,reported,paired
explicit,BenchmarkExecParallel/process/isa_i32.shr_s,wago,ns/op,2380.5,2342.5,-1.5963032976265445,0.3939393939393939,6,6,reported,paired
explicit,BenchmarkExecParallel/process/isa_i32.shr_u,wago,ns/op,2443.5,2224.5,-8.962553713934929,0.6190476190476191,6,6,reported,paired
explicit,BenchmarkExecParallel/process/isa_i32.rotl,wago,ns/op,2330,2352.5,0.965665236051505,0.8528138528138528,6,6,reported,paired
explicit,BenchmarkExecParallel/process/isa_i32.rotr,wago,ns/op,2351,2309,-1.7864738409187564,0.6666666666666666,6,6,reported,paired
explicit,BenchmarkExecParallel/process/isa_i32.div_s,wago,ns/op,22779,23166,1.6989332279731428,0.5887445887445888,6,6,reported,paired
explicit,BenchmarkExecParallel/process/isa_i32.div_u,wago,ns/op,21594,21454.5,-0.6460127813281424,0.6991341991341992,6,6,reported,paired
explicit,BenchmarkExecParallel/process/isa_i32.rem_s,wago,ns/op,23611.5,23822,0.8915147279927149,0.8181818181818182,6,6,reported,paired
explicit,BenchmarkExecParallel/process/isa_i32.rem_u,wago,ns/op,22141,22001,-0.6323110970597567,0.5887445887445888,6,6,reported,paired
explicit,BenchmarkExecParallel/process/isa_i32.clz,wago,ns/op,1937,1937.5,0.025813113061445847,0.8181818181818182,6,6,reported,paired
explicit,BenchmarkExecParallel/process/isa_i32.ctz,wago,ns/op,1964,1938.5,-1.2983706720977595,0.9372294372294372,6,6,reported,paired
explicit,BenchmarkExecParallel/process/isa_i32.popcnt,wago,ns/op,1964.5,1972.5,0.40722830236701313,0.8528138528138528,6,6,reported,paired
explicit,BenchmarkExecParallel/independent/isa_i64.add,wago,ns/op,1866,1838,-1.5005359056806,0.6082251082251082,6,6,reported,paired
explicit,BenchmarkExecParallel/independent/isa_i64.sub,wago,ns/op,1849.5,1849.5,0,0.9372294372294372,6,6,reported,paired
explicit,BenchmarkExecParallel/independent/isa_i64.mul,wago,ns/op,5488.5,5470.5,-0.32795845859524553,1,6,6,reported,paired
explicit,BenchmarkExecParallel/independent/isa_i64.and,wago,ns/op,1838.5,1829,-0.5167255915148217,0.512987012987013,6,6,reported,paired
explicit,BenchmarkExecParallel/independent/isa_i64.or,wago,ns/op,1842,1838,-0.21715526601520097,0.6991341991341992,6,6,reported,paired
explicit,BenchmarkExecParallel/independent/isa_i64.xor,wago,ns/op,1870,1838.5,-1.6844919786096257,0.24025974025974026,6,6,reported,paired
explicit,BenchmarkExecParallel/independent/isa_i64.shl,wago,ns/op,2394,2345.5,-2.025898078529653,0.5887445887445888,6,6,reported,paired
explicit,BenchmarkExecParallel/independent/isa_i64.shr_s,wago,ns/op,2327.5,2249,-3.372717508055856,0.48484848484848486,6,6,reported,paired
explicit,BenchmarkExecParallel/independent/isa_i64.shr_u,wago,ns/op,2338.5,2370.5,1.3683985460765546,0.6991341991341992,6,6,reported,paired
explicit,BenchmarkExecParallel/independent/isa_i64.rotl,wago,ns/op,2425.5,2320.5,-4.329004329004327,0.30952380952380953,6,6,reported,paired
explicit,BenchmarkExecParallel/independent/isa_i64.rotr,wago,ns/op,2451.5,2310.5,-5.751580664899036,0.24025974025974026,6,6,reported,paired
explicit,BenchmarkExecParallel/independent/isa_i64.div_s,wago,ns/op,23557,23217,-1.4433077216963075,0.3939393939393939,6,6,reported,paired
explicit,BenchmarkExecParallel/independent/isa_i64.div_u,wago,ns/op,22378,22148,-1.0277951559567455,0.30952380952380953,6,6,reported,paired
explicit,BenchmarkExecParallel/independent/isa_i64.rem_s,wago,ns/op,24028.5,23939,-0.37247435337203205,0.8181818181818182,6,6,reported,paired
explicit,BenchmarkExecParallel/independent/isa_i64.rem_u,wago,ns/op,22642.5,22457,-0.819255824224352,1,6,6,reported,paired
explicit,BenchmarkExecParallel/independent/isa_i64.clz,wago,ns/op,1969,1952,-0.8633824276282343,0.9372294372294372,6,6,reported,paired
explicit,BenchmarkExecParallel/independent/isa_i64.ctz,wago,ns/op,1944.5,1966,1.1056826947801524,0.6991341991341992,6,6,reported,paired
explicit,BenchmarkExecParallel/independent/isa_i64.popcnt,wago,ns/op,1994.5,1948.5,-2.306342441714715,0.1645021645021645,6,6,reported,paired
explicit,BenchmarkExecParallel/process/isa_i64.add,wago,ns/op,1900,1823.5,-4.0263157894736885,0.17965367965367965,6,6,reported,paired
explicit,BenchmarkExecParallel/process/isa_i64.sub,wago,ns/op,1863.5,1822,-2.226992218942847,0.3939393939393939,6,6,reported,paired
explicit,BenchmarkExecParallel/process/isa_i64.mul,wago,ns/op,5497.5,5419,-1.4279217826284718,0.30952380952380953,6,6,reported,paired
explicit,BenchmarkExecParallel/process/isa_i64.and,wago,ns/op,1847.5,1820.5,-1.4614343707713084,0.8181818181818182,6,6,reported,paired
explicit,BenchmarkExecParallel/process/isa_i64.or,wago,ns/op,1867,1832.5,-1.8478843063738593,0.17965367965367965,6,6,reported,paired
explicit,BenchmarkExecParallel/process/isa_i64.xor,wago,ns/op,1875,1826.5,-2.5866666666666704,0.13203463203463203,6,6,reported,paired
explicit,BenchmarkExecParallel/process/isa_i64.shl,wago,ns/op,2309.5,2288.5,-0.9092877246157149,1,6,6,reported,paired
explicit,BenchmarkExecParallel/process/isa_i64.shr_s,wago,ns/op,2356.5,2346,-0.4455760661998709,0.8181818181818182,6,6,reported,paired
explicit,BenchmarkExecParallel/process/isa_i64.shr_u,wago,ns/op,2342,2296,-1.964133219470543,0.22077922077922077,6,6,reported,paired
explicit,BenchmarkExecParallel/process/isa_i64.rotl,wago,ns/op,2440,2416.5,-0.9631147540983598,0.48484848484848486,6,6,reported,paired
explicit,BenchmarkExecParallel/process/isa_i64.rotr,wago,ns/op,2341.5,2355.5,0.5979073243647326,0.9372294372294372,6,6,reported,paired
explicit,BenchmarkExecParallel/process/isa_i64.div_s,wago,ns/op,23804.5,23425.5,-1.5921359406834812,0.24025974025974026,6,6,reported,paired
explicit,BenchmarkExecParallel/process/isa_i64.div_u,wago,ns/op,22151,21987,-0.7403728951288935,0.5887445887445888,6,6,reported,paired
explicit,BenchmarkExecParallel/process/isa_i64.rem_s,wago,ns/op,24247.5,24069,-0.7361583668419436,0.48484848484848486,6,6,reported,paired
explicit,BenchmarkExecParallel/process/isa_i64.rem_u,wago,ns/op,22919.5,22658,-1.1409498462008338,0.9372294372294372,6,6,reported,paired
explicit,BenchmarkExecParallel/process/isa_i64.clz,wago,ns/op,1977,1964.5,-0.632271117855332,0.5887445887445888,6,6,reported,paired
explicit,BenchmarkExecParallel/process/isa_i64.ctz,wago,ns/op,1975,1940,-1.7721518987341756,0.512987012987013,6,6,reported,paired
explicit,BenchmarkExecParallel/process/isa_i64.popcnt,wago,ns/op,1967.5,1964,-0.17789072426938057,0.8181818181818182,6,6,reported,paired
explicit,BenchmarkExecParallel/independent/isa_f32.add,wago,ns/op,5515.5,5465.5,-0.9065361254645965,0.8181818181818182,6,6,reported,paired
explicit,BenchmarkExecParallel/independent/isa_f32.sub,wago,ns/op,5513.5,5448.5,-1.1789244581481784,0.1774891774891775,6,6,reported,paired
explicit,BenchmarkExecParallel/independent/isa_f32.mul,wago,ns/op,5482,5458.5,-0.4286756658153923,0.9372294372294372,6,6,reported,paired
explicit,BenchmarkExecParallel/independent/isa_f32.div,wago,ns/op,19856,19729,-0.639605157131351,1,6,6,reported,paired
explicit,BenchmarkExecParallel/independent/isa_f32.min,wago,ns/op,5317.5,5164,-2.8866948754113775,0.48484848484848486,6,6,reported,paired
explicit,BenchmarkExecParallel/independent/isa_f32.max,wago,ns/op,5267.5,5365,1.8509729473184633,0.3939393939393939,6,6,reported,paired
explicit,BenchmarkExecParallel/independent/isa_f32.sqrt,wago,ns/op,16961,16907,-0.3183774541595463,0.9372294372294372,6,6,reported,paired
explicit,BenchmarkExecParallel/independent/isa_f32.abs,wago,ns/op,5574,5565,-0.16146393972013007,0.5887445887445888,6,6,reported,paired
explicit,BenchmarkExecParallel/independent/isa_f32.neg,wago,ns/op,5615.5,5525.5,-1.6027067936960182,0.3939393939393939,6,6,reported,paired
explicit,BenchmarkExecParallel/independent/isa_f32.ceil,wago,ns/op,5683,5658.5,-0.4311103290515539,0.5887445887445888,6,6,reported,paired
explicit,BenchmarkExecParallel/independent/isa_f32.floor,wago,ns/op,5646.5,5740.5,1.6647480740281662,0.29004329004329005,6,6,reported,paired
explicit,BenchmarkExecParallel/independent/isa_f32.trunc,wago,ns/op,5678.5,5649.5,-0.5106982477766975,0.8528138528138528,6,6,reported,paired
explicit,BenchmarkExecParallel/independent/isa_f32.nearest,wago,ns/op,5649.5,5665.5,0.2832109036197794,0.9372294372294372,6,6,reported,paired
explicit,BenchmarkExecParallel/process/isa_f32.add,wago,ns/op,5522,5550,0.5070626584570803,1,6,6,reported,paired
explicit,BenchmarkExecParallel/process/isa_f32.sub,wago,ns/op,5466.5,5497,0.5579438397512071,0.9372294372294372,6,6,reported,paired
explicit,BenchmarkExecParallel/process/isa_f32.mul,wago,ns/op,5482.5,5490.5,0.1459188326493388,0.8181818181818182,6,6,reported,paired
explicit,BenchmarkExecParallel/process/isa_f32.div,wago,ns/op,19719.5,19874.5,0.7860239864093899,0.30952380952380953,6,6,reported,paired
explicit,BenchmarkExecParallel/process/isa_f32.min,wago,ns/op,5189,5174.5,-0.27943727115050665,0.6991341991341992,6,6,reported,paired
explicit,BenchmarkExecParallel/process/isa_f32.max,wago,ns/op,5382.5,5112,-5.025545750116112,0.8181818181818182,6,6,reported,paired
explicit,BenchmarkExecParallel/process/isa_f32.sqrt,wago,ns/op,16708,16894.5,1.116231745271734,0.48484848484848486,6,6,reported,paired
explicit,BenchmarkExecParallel/process/isa_f32.abs,wago,ns/op,5558,5581,0.41381792011514484,1,6,6,reported,paired
explicit,BenchmarkExecParallel/process/isa_f32.neg,wago,ns/op,5640.5,5596.5,-0.7800726885914377,0.9372294372294372,6,6,reported,paired
explicit,BenchmarkExecParallel/process/isa_f32.ceil,wago,ns/op,5677,5639,-0.669367623744932,0.6991341991341992,6,6,reported,paired
explicit,BenchmarkExecParallel/process/isa_f32.floor,wago,ns/op,5659,5630,-0.5124580314543214,1,6,6,reported,paired
explicit,BenchmarkExecParallel/process/isa_f32.trunc,wago,ns/op,5674.5,5681.5,0.12335888624548375,0.6991341991341992,6,6,reported,paired
explicit,BenchmarkExecParallel/process/isa_f32.nearest,wago,ns/op,5663,5653,-0.1765848490199562,0.5887445887445888,6,6,reported,paired
explicit,BenchmarkExecParallel/independent/isa_f64.add,wago,ns/op,5506,5441.5,-1.1714493280058136,0.9372294372294372,6,6,reported,paired
explicit,BenchmarkExecParallel/independent/isa_f64.sub,wago,ns/op,5501.5,5471,-0.5543942561119675,0.8181818181818182,6,6,reported,paired
explicit,BenchmarkExecParallel/independent/isa_f64.mul,wago,ns/op,5453,5454,0.018338529249950497,0.6991341991341992,6,6,reported,paired
explicit,BenchmarkExecParallel/independent/isa_f64.div,wago,ns/op,24023,23803,-0.9157890355076415,0.9372294372294372,6,6,reported,paired
explicit,BenchmarkExecParallel/independent/isa_f64.min,wago,ns/op,5220,5302.5,1.5804597701149392,0.8181818181818182,6,6,reported,paired
explicit,BenchmarkExecParallel/independent/isa_f64.max,wago,ns/op,5231.5,5231,-0.00955748829207792,0.9372294372294372,6,6,reported,paired
explicit,BenchmarkExecParallel/independent/isa_f64.sqrt,wago,ns/op,23709.5,23944,0.9890550201396175,0.48484848484848486,6,6,reported,paired
explicit,BenchmarkExecParallel/independent/isa_f64.abs,wago,ns/op,5530.5,5602.5,1.3018714401952902,0.8181818181818182,6,6,reported,paired
explicit,BenchmarkExecParallel/independent/isa_f64.neg,wago,ns/op,5521.5,5610.5,1.6118808294847353,0.5541125541125541,6,6,reported,paired
explicit,BenchmarkExecParallel/independent/isa_f64.ceil,wago,ns/op,5682,5699,0.29919042590638156,0.9372294372294372,6,6,reported,paired
explicit,BenchmarkExecParallel/independent/isa_f64.floor,wago,ns/op,5646,5682.5,0.6464753808005597,0.4155844155844156,6,6,reported,paired
explicit,BenchmarkExecParallel/independent/isa_f64.trunc,wago,ns/op,5688.5,5669.5,-0.3340072075239564,0.48484848484848486,6,6,reported,paired
explicit,BenchmarkExecParallel/independent/isa_f64.nearest,wago,ns/op,5702,5726.5,0.4296737986671406,0.8181818181818182,6,6,reported,paired
explicit,BenchmarkExecParallel/process/isa_f64.add,wago,ns/op,5517.5,5485,-0.5890348889895813,0.8181818181818182,6,6,reported,paired
explicit,BenchmarkExecParallel/process/isa_f64.sub,wago,ns/op,5509,5475,-0.6171719005264142,1,6,6,reported,paired
explicit,BenchmarkExecParallel/process/isa_f64.mul,wago,ns/op,5492.5,5467.5,-0.4551661356395065,0.9372294372294372,6,6,reported,paired
explicit,BenchmarkExecParallel/process/isa_f64.div,wago,ns/op,24046.5,23834.5,-0.8816251845382927,0.6991341991341992,6,6,reported,paired
explicit,BenchmarkExecParallel/process/isa_f64.min,wago,ns/op,5121,5267,2.851005662956463,0.36796536796536794,6,6,reported,paired
explicit,BenchmarkExecParallel/process/isa_f64.max,wago,ns/op,5360,5331,-0.5410447761194037,0.8181818181818182,6,6,reported,paired
explicit,BenchmarkExecParallel/process/isa_f64.sqrt,wago,ns/op,24109.5,24689,2.4036168315394457,0.9372294372294372,6,6,reported,paired
explicit,BenchmarkExecParallel/process/isa_f64.abs,wago,ns/op,5657.5,5538.5,-2.103402562969514,0.24025974025974026,6,6,reported,paired
explicit,BenchmarkExecParallel/process/isa_f64.neg,wago,ns/op,5599,5639.5,0.7233434541882522,0.9372294372294372,6,6,reported,paired
explicit,BenchmarkExecParallel/process/isa_f64.ceil,wago,ns/op,5716.5,5713,-0.0612262748185044,0.7337662337662337,6,6,reported,paired
explicit,BenchmarkExecParallel/process/isa_f64.floor,wago,ns/op,5669.5,5637,-0.5732427903695214,0.48484848484848486,6,6,reported,paired
explicit,BenchmarkExecParallel/process/isa_f64.trunc,wago,ns/op,5671.5,5662.5,-0.15868817773075916,0.9372294372294372,6,6,reported,paired
explicit,BenchmarkExecParallel/process/isa_f64.nearest,wago,ns/op,5668,5668.5,0.008821453775587074,1,6,6,reported,paired
explicit,BenchmarkExecParallel/independent/isa_mem.load_i32,wago,ns/op,1395.5,1379,-1.1823719097097785,0.9372294372294372,6,6,reported,paired
explicit,BenchmarkExecParallel/independent/isa_mem.load_i64,wago,ns/op,1417.5,1441,1.6578483245149878,0.30952380952380953,6,6,reported,paired
explicit,BenchmarkExecParallel/independent/isa_mem.load_f64,wago,ns/op,1457,1483,1.7844886753603184,0.48484848484848486,6,6,reported,paired
explicit,BenchmarkExecParallel/independent/isa_mem.load_i32_stride,wago,ns/op,1743,1724.5,-1.0613884107860017,0.8181818181818182,6,6,reported,paired
explicit,BenchmarkExecParallel/independent/isa_mem.store_i32,wago,ns/op,1426.5,1440,0.9463722397476282,0.8181818181818182,6,6,reported,paired
explicit,BenchmarkExecParallel/independent/isa_mem.store_i64,wago,ns/op,1401,1379,-1.570306923625986,1,6,6,reported,paired
explicit,BenchmarkExecParallel/independent/isa_mem.store_i32_stride,wago,ns/op,2084,1980.5,-4.966410748560457,0.30952380952380953,6,6,reported,paired
explicit,BenchmarkExecParallel/process/isa_mem.load_i32,wago,ns/op,1404.5,1384,-1.4595941616233565,0.9372294372294372,6,6,reported,paired
explicit,BenchmarkExecParallel/process/isa_mem.load_i64,wago,ns/op,1449,1418,-2.1394064872325758,0.24025974025974026,6,6,reported,paired
explicit,BenchmarkExecParallel/process/isa_mem.load_f64,wago,ns/op,1470,1464,-0.40816326530612734,0.5627705627705628,6,6,reported,paired
explicit,BenchmarkExecParallel/process/isa_mem.load_i32_stride,wago,ns/op,1759.5,1743,-0.9377664109121886,0.6991341991341992,6,6,reported,paired
explicit,BenchmarkExecParallel/process/isa_mem.store_i32,wago,ns/op,1463,1408.5,-3.725222146274776,0.09307359307359307,6,6,reported,paired
explicit,BenchmarkExecParallel/process/isa_mem.store_i64,wago,ns/op,1400.5,1369.5,-2.213495180292757,0.8181818181818182,6,6,reported,paired
explicit,BenchmarkExecParallel/process/isa_mem.store_i32_stride,wago,ns/op,2021.5,1981.5,-1.978728666831564,0.3939393939393939,6,6,reported,paired
explicit,BenchmarkExecParallel/independent/isa_bulk_mem.copy_fwd_64,wago,ns/op,52.86,53.629999999999995,1.4566780174044558,0.6991341991341992,6,6,reported,paired
explicit,BenchmarkExecParallel/independent/isa_bulk_mem.copy_back_64,wago,ns/op,53.735,50.14,-6.690239136503207,0.04112554112554113,6,6,reported,paired
explicit,BenchmarkExecParallel/independent/isa_bulk_mem.fill_64,wago,ns/op,52.135000000000005,51.8,-0.6425625779227118,0.5887445887445888,6,6,reported,paired
explicit,BenchmarkExecParallel/independent/isa_bulk_mem.copy_fwd_256,wago,ns/op,354.55,355.75,0.33845719926666185,1,6,6,reported,paired
explicit,BenchmarkExecParallel/independent/isa_bulk_mem.copy_back_256,wago,ns/op,239.5,230.65,-3.695198329853855,0.5887445887445888,6,6,reported,paired
explicit,BenchmarkExecParallel/independent/isa_bulk_mem.fill_256,wago,ns/op,339.3,333.95,-1.5767757147067574,0.30952380952380953,6,6,reported,paired
explicit,BenchmarkExecParallel/independent/isa_bulk_mem.copy_fwd_4096,wago,ns/op,1592,1612.5,1.2876884422110546,0.8181818181818182,6,6,reported,paired
explicit,BenchmarkExecParallel/independent/isa_bulk_mem.copy_back_4096,wago,ns/op,1944,2008.5,3.3179012345678993,0.6991341991341992,6,6,reported,paired
explicit,BenchmarkExecParallel/independent/isa_bulk_mem.fill_4096,wago,ns/op,1346,1308.5,-2.786032689450224,0.3939393939393939,6,6,reported,paired
explicit,BenchmarkExecParallel/process/isa_bulk_mem.copy_fwd_64,wago,ns/op,51.67,51.745,0.14515192568220758,0.5887445887445888,6,6,reported,paired
explicit,BenchmarkExecParallel/process/isa_bulk_mem.copy_back_64,wago,ns/op,51.965,48.56,-6.552487251034355,0.24025974025974026,6,6,reported,paired
explicit,BenchmarkExecParallel/process/isa_bulk_mem.fill_64,wago,ns/op,55.21,51.18,-7.299402282195255,0.09307359307359307,6,6,reported,paired
explicit,BenchmarkExecParallel/process/isa_bulk_mem.copy_fwd_256,wago,ns/op,362.05,358.25,-1.0495787874603035,1,6,6,reported,paired
explicit,BenchmarkExecParallel/process/isa_bulk_mem.copy_back_256,wago,ns/op,233.8,242.7,3.8066723695466154,0.6991341991341992,6,6,reported,paired
explicit,BenchmarkExecParallel/process/isa_bulk_mem.fill_256,wago,ns/op,336.2,335.7,-0.1487209994051164,0.9372294372294372,6,6,reported,paired
explicit,BenchmarkExecParallel/process/isa_bulk_mem.copy_fwd_4096,wago,ns/op,1552.5,1681,8.276972624798717,0.6991341991341992,6,6,reported,paired
explicit,BenchmarkExecParallel/process/isa_bulk_mem.copy_back_4096,wago,ns/op,1986,1941.5,-2.2406847935548813,0.9372294372294372,6,6,reported,paired
explicit,BenchmarkExecParallel/process/isa_bulk_mem.fill_4096,wago,ns/op,1334,1310.5,-1.761619190404795,0.6233766233766234,6,6,reported,paired
explicit,BenchmarkExecParallel/independent/isa_ctl.loop_baseline,wago,ns/op,929.55,914.95,-1.5706524662471022,0.30952380952380953,6,6,reported,paired
explicit,BenchmarkExecParallel/independent/isa_ctl.br_if,wago,ns/op,2005,1921.5,-4.164588528678303,0.10173160173160173,6,6,reported,paired
explicit,BenchmarkExecParallel/independent/isa_ctl.if_else,wago,ns/op,2077,1951.5,-6.042368801155518,0.5887445887445888,6,6,reported,paired
explicit,BenchmarkExecParallel/independent/isa_ctl.br_table,wago,ns/op,3717.5,3492.5,-6.052454606590452,0.48484848484848486,6,6,reported,paired
explicit,BenchmarkExecParallel/independent/isa_ctl.select,wago,ns/op,3015.5,2953.5,-2.056043773835181,0.30952380952380953,6,6,reported,paired
explicit,BenchmarkExecParallel/process/isa_ctl.loop_baseline,wago,ns/op,928.35,923.25,-0.5493617708838272,0.9372294372294372,6,6,reported,paired
explicit,BenchmarkExecParallel/process/isa_ctl.br_if,wago,ns/op,2002,1974.5,-1.3736263736263687,0.13203463203463203,6,6,reported,paired
explicit,BenchmarkExecParallel/process/isa_ctl.if_else,wago,ns/op,2088.5,2041,-2.2743595882212087,0.13203463203463203,6,6,reported,paired
explicit,BenchmarkExecParallel/process/isa_ctl.br_table,wago,ns/op,3673,3417,-6.969779471821402,0.04112554112554113,6,6,reported,paired
explicit,BenchmarkExecParallel/process/isa_ctl.select,wago,ns/op,3053,2984,-2.260072060268592,0.23593073593073594,6,6,reported,paired
explicit,BenchmarkExecParallel/independent/isa_call.call_direct,wago,ns/op,2639.5,2480.5,-6.02386815684789,0.06493506493506493,6,6,reported,paired
explicit,BenchmarkExecParallel/independent/isa_call.call_indirect,wago,ns/op,6832.5,6551,-4.120014635931213,0.17965367965367965,6,6,reported,paired
explicit,BenchmarkExecParallel/process/isa_call.call_direct,wago,ns/op,2583,2428.5,-5.981416957026708,0.09307359307359307,6,6,reported,paired
explicit,BenchmarkExecParallel/process/isa_call.call_indirect,wago,ns/op,6891.5,6271,-9.00384531669448,0.13203463203463203,6,6,reported,paired
explicit,BenchmarkExecParallel/independent/isa_var.local_getset,wago,ns/op,15749,15559.5,-1.2032510000634988,0.3939393939393939,6,6,reported,paired
explicit,BenchmarkExecParallel/independent/isa_var.global_getset,wago,ns/op,8415,8266.5,-1.764705882352946,0.09307359307359307,6,6,reported,paired
explicit,BenchmarkExecParallel/process/isa_var.local_getset,wago,ns/op,15923,15506.5,-2.615713119387053,0.008658008658008658,6,6,reported,paired
explicit,BenchmarkExecParallel/process/isa_var.global_getset,wago,ns/op,8279.5,8180,-1.2017633915091475,0.3939393939393939,6,6,reported,paired
explicit,BenchmarkExecParallel/independent/isa_cvt.i64_extend_s,wago,ns/op,1882.5,1857,-1.3545816733067761,0.30952380952380953,6,6,reported,paired
explicit,BenchmarkExecParallel/independent/isa_cvt.i64_extend_u,wago,ns/op,1106.5,1087,-1.7623136014459972,0.13203463203463203,6,6,reported,paired
explicit,BenchmarkExecParallel/independent/isa_cvt.f64_convert_s,wago,ns/op,12290,11870,-3.417412530512609,0.13203463203463203,6,6,reported,paired
explicit,BenchmarkExecParallel/independent/isa_cvt.f64_convert_u,wago,ns/op,12388.5,12101.5,-2.3166646486661002,0.24025974025974026,6,6,reported,paired
explicit,BenchmarkExecParallel/independent/isa_cvt.f32_convert_s,wago,ns/op,12302,12061.5,-1.954966672085845,0.17965367965367965,6,6,reported,paired
explicit,BenchmarkExecParallel/independent/isa_cvt.promote_demote,wago,ns/op,18217.5,17713,-2.7693152188829395,0.13203463203463203,6,6,reported,paired
explicit,BenchmarkExecParallel/independent/isa_cvt.reinterpret_f32,wago,ns/op,7442,7323,-1.5990325181402865,0.48484848484848486,6,6,reported,paired
explicit,BenchmarkExecParallel/independent/isa_cvt.reinterpret_f64,wago,ns/op,8422.5,8293.5,-1.5316117542297447,0.6991341991341992,6,6,reported,paired
explicit,BenchmarkExecParallel/process/isa_cvt.i64_extend_s,wago,ns/op,1903,1870,-1.7341040462427793,0.04112554112554113,6,6,reported,paired
explicit,BenchmarkExecParallel/process/isa_cvt.i64_extend_u,wago,ns/op,1090,1054,-3.302752293577982,0.22294372294372294,6,6,reported,paired
explicit,BenchmarkExecParallel/process/isa_cvt.f64_convert_s,wago,ns/op,12230,12011.5,-1.7865903515944415,0.30952380952380953,6,6,reported,paired
explicit,BenchmarkExecParallel/process/isa_cvt.f64_convert_u,wago,ns/op,12340,12049.5,-2.3541329011345202,0.025974025974025976,6,6,reported,paired
explicit,BenchmarkExecParallel/process/isa_cvt.f32_convert_s,wago,ns/op,12242.5,12038.5,-1.6663263222381097,0.09307359307359307,6,6,reported,paired
explicit,BenchmarkExecParallel/process/isa_cvt.promote_demote,wago,ns/op,17963.5,17507,-2.5412642302446664,0.09307359307359307,6,6,reported,paired
explicit,BenchmarkExecParallel/process/isa_cvt.reinterpret_f32,wago,ns/op,7353.5,7340,-0.18358604746039342,0.6991341991341992,6,6,reported,paired
explicit,BenchmarkExecParallel/process/isa_cvt.reinterpret_f64,wago,ns/op,8350.5,8291.5,-0.706544518292318,0.17965367965367965,6,6,reported,paired
explicit,BenchmarkExecParallel/independent/isa_simd_v128.not,wago,ns/op,223.6,210.95,-5.657423971377462,0.3939393939393939,6,6,reported,paired
explicit,BenchmarkExecParallel/independent/isa_simd_v128.and,wago,ns/op,241.8,234.8,-2.894954507857739,0.512987012987013,6,6,reported,paired
explicit,BenchmarkExecParallel/independent/isa_simd_v128.andnot,wago,ns/op,239.7,237.65,-0.8552357113057907,0.33116883116883117,6,6,reported,paired
explicit,BenchmarkExecParallel/independent/isa_simd_v128.or,wago,ns/op,245.6,237.5,-3.298045602605859,0.3939393939393939,6,6,reported,paired
explicit,BenchmarkExecParallel/independent/isa_simd_v128.xor,wago,ns/op,247.6,238.35,-3.7358642972536327,0.06493506493506493,6,6,reported,paired
explicit,BenchmarkExecParallel/independent/isa_simd_v128.bitselect,wago,ns/op,538.45,525.55,-2.3957656235490954,0.8181818181818182,6,6,reported,paired
explicit,BenchmarkExecParallel/process/isa_simd_v128.not,wago,ns/op,234.55,218.35000000000002,-6.906842890641651,0.5887445887445888,6,6,reported,paired
explicit,BenchmarkExecParallel/process/isa_simd_v128.and,wago,ns/op,242.5,236.45,-2.494845360824749,0.48484848484848486,6,6,reported,paired
explicit,BenchmarkExecParallel/process/isa_simd_v128.andnot,wago,ns/op,242.3,240.60000000000002,-0.701609574907136,0.6212121212121212,6,6,reported,paired
explicit,BenchmarkExecParallel/process/isa_simd_v128.or,wago,ns/op,241.05,239.8,-0.5185646131507959,1,6,6,reported,paired
explicit,BenchmarkExecParallel/process/isa_simd_v128.xor,wago,ns/op,239.89999999999998,244.05,1.729887453105472,0.6991341991341992,6,6,reported,paired
explicit,BenchmarkExecParallel/process/isa_simd_v128.bitselect,wago,ns/op,536.2,536.95,0.13987318164863094,0.8181818181818182,6,6,reported,paired
explicit,BenchmarkExecParallel/independent/isa_simd_i8x16.abs,wago,ns/op,252.25,242.14999999999998,-4.00396432111002,0.13203463203463203,6,6,reported,paired
explicit,BenchmarkExecParallel/independent/isa_simd_i8x16.neg,wago,ns/op,216.1,220.14999999999998,1.8741323461360482,0.5887445887445888,6,6,reported,paired
explicit,BenchmarkExecParallel/independent/isa_simd_i8x16.popcnt,wago,ns/op,774.15,755.25,-2.4413873280372034,0.6212121212121212,6,6,reported,paired
explicit,BenchmarkExecParallel/independent/isa_simd_i8x16.narrow_i16x8_s,wago,ns/op,475.04999999999995,462.05,-2.7365540469424188,0.17965367965367965,6,6,reported,paired
explicit,BenchmarkExecParallel/independent/isa_simd_i8x16.narrow_i16x8_u,wago,ns/op,464.4,459.3,-1.0981912144702788,0.8181818181818182,6,6,reported,paired
explicit,BenchmarkExecParallel/independent/isa_simd_i8x16.swizzle,wago,ns/op,931.6,921.0999999999999,-1.1270931730356537,1,6,6,reported,paired
explicit,BenchmarkExecParallel/independent/isa_simd_i8x16.shl,wago,ns/op,328.55,331.9,1.019631715111835,0.9372294372294372,6,6,reported,paired
explicit,BenchmarkExecParallel/independent/isa_simd_i8x16.shr_s,wago,ns/op,756.35,678.2,-10.332518014146885,0.06493506493506493,6,6,reported,paired
explicit,BenchmarkExecParallel/independent/isa_simd_i8x16.shr_u,wago,ns/op,334.85,326.8,-2.4040615200836224,0.5887445887445888,6,6,reported,paired
explicit,BenchmarkExecParallel/independent/isa_simd_i8x16.add,wago,ns/op,240.7,238.10000000000002,-1.0801828001661629,0.6991341991341992,6,6,reported,paired
explicit,BenchmarkExecParallel/independent/isa_simd_i8x16.add_sat_s,wago,ns/op,473.35,462.29999999999995,-2.3344248441956372,0.9372294372294372,6,6,reported,paired
explicit,BenchmarkExecParallel/independent/isa_simd_i8x16.add_sat_u,wago,ns/op,460.6,459.75,-0.18454190186713015,0.8181818181818182,6,6,reported,paired
explicit,BenchmarkExecParallel/independent/isa_simd_i8x16.sub,wago,ns/op,243.7,235.25,-3.467377923676651,0.48484848484848486,6,6,reported,paired
explicit,BenchmarkExecParallel/independent/isa_simd_i8x16.sub_sat_s,wago,ns/op,465.20000000000005,458.45000000000005,-1.4509888220120337,0.3939393939393939,6,6,reported,paired
explicit,BenchmarkExecParallel/independent/isa_simd_i8x16.sub_sat_u,wago,ns/op,474.4,458.75,-3.29890387858347,0.30952380952380953,6,6,reported,paired
explicit,BenchmarkExecParallel/independent/isa_simd_i8x16.min_s,wago,ns/op,242.7,236.85,-2.410383189122367,0.30952380952380953,6,6,reported,paired
explicit,BenchmarkExecParallel/independent/isa_simd_i8x16.min_u,wago,ns/op,244.75,237.5,-2.962206332992845,0.04112554112554113,6,6,reported,paired
explicit,BenchmarkExecParallel/independent/isa_simd_i8x16.max_s,wago,ns/op,246.9,236.9,-4.05022276225192,0.13203463203463203,6,6,reported,paired
explicit,BenchmarkExecParallel/independent/isa_simd_i8x16.max_u,wago,ns/op,242.6,239.05,-1.4633140972794667,1,6,6,reported,paired
explicit,BenchmarkExecParallel/independent/isa_simd_i8x16.avgr_u,wago,ns/op,467.55,468.8,0.26735108544539976,0.9372294372294372,6,6,reported,paired
explicit,BenchmarkExecParallel/independent/isa_simd_i8x16.eq,wago,ns/op,242.10000000000002,236.85000000000002,-2.1685254027261514,0.30952380952380953,6,6,reported,paired
explicit,BenchmarkExecParallel/independent/isa_simd_i8x16.ne,wago,ns/op,484.20000000000005,490.65,1.332094175960341,0.17965367965367965,6,6,reported,paired
explicit,BenchmarkExecParallel/independent/isa_simd_i8x16.lt_s,wago,ns/op,289.15,261.79999999999995,-9.458758429880698,0.015151515151515152,6,6,reported,paired
explicit,BenchmarkExecParallel/independent/isa_simd_i8x16.lt_u,wago,ns/op,745.7,724.2,-2.883196996111037,0.3939393939393939,6,6,reported,paired
explicit,BenchmarkExecParallel/independent/isa_simd_i8x16.gt_s,wago,ns/op,246.85,236,-4.3953818108162785,0.09307359307359307,6,6,reported,paired
explicit,BenchmarkExecParallel/independent/isa_simd_i8x16.gt_u,wago,ns/op,764,729.45,-4.522251308900516,0.3939393939393939,6,6,reported,paired
explicit,BenchmarkExecParallel/independent/isa_simd_i8x16.le_s,wago,ns/op,499.04999999999995,489.6,-1.8935978358881722,0.3939393939393939,6,6,reported,paired
explicit,BenchmarkExecParallel/independent/isa_simd_i8x16.le_u,wago,ns/op,480.35,472.2,-1.6966795045279537,0.6991341991341992,6,6,reported,paired
explicit,BenchmarkExecParallel/independent/isa_simd_i8x16.ge_s,wago,ns/op,495.4,487.65,-1.5643924101735984,0.8181818181818182,6,6,reported,paired
explicit,BenchmarkExecParallel/independent/isa_simd_i8x16.ge_u,wago,ns/op,479.05,470.3,-1.8265316772779427,0.3939393939393939,6,6,reported,paired
explicit,BenchmarkExecParallel/process/isa_simd_i8x16.abs,wago,ns/op,253.35,241.05,-4.854943753700402,0.025974025974025976,6,6,reported,paired
explicit,BenchmarkExecParallel/process/isa_simd_i8x16.neg,wago,ns/op,223.39999999999998,206.14999999999998,-7.721575649059986,0.17965367965367965,6,6,reported,paired
explicit,BenchmarkExecParallel/process/isa_simd_i8x16.popcnt,wago,ns/op,784.3,744.9000000000001,-5.023587912788452,0.13203463203463203,6,6,reported,paired
explicit,BenchmarkExecParallel/process/isa_simd_i8x16.narrow_i16x8_s,wago,ns/op,467.35,460.55,-1.4550123034128615,0.24025974025974026,6,6,reported,paired
explicit,BenchmarkExecParallel/process/isa_simd_i8x16.narrow_i16x8_u,wago,ns/op,482.7,457.4,-5.241350735446448,0.015151515151515152,6,6,reported,paired
explicit,BenchmarkExecParallel/process/isa_simd_i8x16.swizzle,wago,ns/op,935.3,933.95,-0.1443387148508446,0.8181818181818182,6,6,reported,paired
explicit,BenchmarkExecParallel/process/isa_simd_i8x16.shl,wago,ns/op,330.29999999999995,327,-0.9990917347865391,1,6,6,reported,paired
explicit,BenchmarkExecParallel/process/isa_simd_i8x16.shr_s,wago,ns/op,702.1500000000001,691.85,-1.4669230221462715,0.5887445887445888,6,6,reported,paired
explicit,BenchmarkExecParallel/process/isa_simd_i8x16.shr_u,wago,ns/op,334.45000000000005,329.20000000000005,-1.5697413664224835,0.5887445887445888,6,6,reported,paired
explicit,BenchmarkExecParallel/process/isa_simd_i8x16.add,wago,ns/op,241.15,238.2,-1.2233049968899068,0.6991341991341992,6,6,reported,paired
explicit,BenchmarkExecParallel/process/isa_simd_i8x16.add_sat_s,wago,ns/op,459.65,458.5,-0.25019036223212776,0.48484848484848486,6,6,reported,paired
explicit,BenchmarkExecParallel/process/isa_simd_i8x16.add_sat_u,wago,ns/op,461.04999999999995,465.45000000000005,0.9543433467086304,0.9372294372294372,6,6,reported,paired
explicit,BenchmarkExecParallel/process/isa_simd_i8x16.sub,wago,ns/op,243.3,237.3,-2.4660912453760786,0.09307359307359307,6,6,reported,paired
explicit,BenchmarkExecParallel/process/isa_simd_i8x16.sub_sat_s,wago,ns/op,465.15,458.20000000000005,-1.4941416747285663,0.6991341991341992,6,6,reported,paired
explicit,BenchmarkExecParallel/process/isa_simd_i8x16.sub_sat_u,wago,ns/op,470,465.04999999999995,-1.0531914893617156,0.5887445887445888,6,6,reported,paired
explicit,BenchmarkExecParallel/process/isa_simd_i8x16.min_s,wago,ns/op,236.8,235.45,-0.5701013513513598,0.5887445887445888,6,6,reported,paired
explicit,BenchmarkExecParallel/process/isa_simd_i8x16.min_u,wago,ns/op,239.05,235.7,-1.401380464338009,0.45670995670995673,6,6,reported,paired
explicit,BenchmarkExecParallel/process/isa_simd_i8x16.max_s,wago,ns/op,239.15,237.45,-0.7108509303784261,1,6,6,reported,paired
explicit,BenchmarkExecParallel/process/isa_simd_i8x16.max_u,wago,ns/op,242,234.4,-3.140495867768589,0.10173160173160173,6,6,reported,paired
explicit,BenchmarkExecParallel/process/isa_simd_i8x16.avgr_u,wago,ns/op,462.2,456.8,-1.1683254002596177,0.22077922077922077,6,6,reported,paired
explicit,BenchmarkExecParallel/process/isa_simd_i8x16.eq,wago,ns/op,243.2,232.75,-4.296875,0.13203463203463203,6,6,reported,paired
explicit,BenchmarkExecParallel/process/isa_simd_i8x16.ne,wago,ns/op,485.25,483.75,-0.3091190108191699,0.8181818181818182,6,6,reported,paired
explicit,BenchmarkExecParallel/process/isa_simd_i8x16.lt_s,wago,ns/op,283.25,264,-6.796116504854366,0.09307359307359307,6,6,reported,paired
explicit,BenchmarkExecParallel/process/isa_simd_i8x16.lt_u,wago,ns/op,755.2,735.55,-2.6019597457627275,0.3939393939393939,6,6,reported,paired
explicit,BenchmarkExecParallel/process/isa_simd_i8x16.gt_s,wago,ns/op,239.3,234.89999999999998,-1.8386961972419735,0.09307359307359307,6,6,reported,paired
explicit,BenchmarkExecParallel/process/isa_simd_i8x16.gt_u,wago,ns/op,749.15,726.8499999999999,-2.976706934525808,0.17965367965367965,6,6,reported,paired
explicit,BenchmarkExecParallel/process/isa_simd_i8x16.le_s,wago,ns/op,498.4,487.2,-2.2471910112359494,0.09307359307359307,6,6,reported,paired
explicit,BenchmarkExecParallel/process/isa_simd_i8x16.le_u,wago,ns/op,482.79999999999995,464.1,-3.873239436619702,0.04112554112554113,6,6,reported,paired
explicit,BenchmarkExecParallel/process/isa_simd_i8x16.ge_s,wago,ns/op,498.8,486.45,-2.475942261427433,0.13203463203463203,6,6,reported,paired
explicit,BenchmarkExecParallel/process/isa_simd_i8x16.ge_u,wago,ns/op,491.29999999999995,470.75,-4.182780378587414,0.06493506493506493,6,6,reported,paired
explicit,BenchmarkExecParallel/independent/isa_simd_i16x8.abs,wago,ns/op,253.5,242.45,-4.358974358974366,0.13203463203463203,6,6,reported,paired
explicit,BenchmarkExecParallel/independent/isa_simd_i16x8.neg,wago,ns/op,230.95,218.60000000000002,-5.347477809049561,0.5887445887445888,6,6,reported,paired
explicit,BenchmarkExecParallel/independent/isa_simd_i16x8.extadd_pairwise_s,wago,ns/op,407,397.79999999999995,-2.2604422604422747,0.3939393939393939,6,6,reported,paired
explicit,BenchmarkExecParallel/independent/isa_simd_i16x8.extadd_pairwise_u,wago,ns/op,395.4,398.45,0.7713707637835077,0.5887445887445888,6,6,reported,paired
explicit,BenchmarkExecParallel/independent/isa_simd_i16x8.narrow_i32x4_s,wago,ns/op,467.25,459.1,-1.7442482611021881,0.24025974025974026,6,6,reported,paired
explicit,BenchmarkExecParallel/independent/isa_simd_i16x8.narrow_i32x4_u,wago,ns/op,465.75,456.35,-2.0182501341921566,0.06493506493506493,6,6,reported,paired
explicit,BenchmarkExecParallel/independent/isa_simd_i16x8.extend_low_s,wago,ns/op,322.35,305.95000000000005,-5.087637660927557,0.48484848484848486,6,6,reported,paired
explicit,BenchmarkExecParallel/independent/isa_simd_i16x8.extend_high_s,wago,ns/op,330.20000000000005,316.85,-4.043004239854642,0.9372294372294372,6,6,reported,paired
explicit,BenchmarkExecParallel/independent/isa_simd_i16x8.extend_low_u,wago,ns/op,229,216.3,-5.545851528384271,0.5887445887445888,6,6,reported,paired
explicit,BenchmarkExecParallel/independent/isa_simd_i16x8.extend_high_u,wago,ns/op,220.39999999999998,218.25,-0.9754990925589735,0.8181818181818182,6,6,reported,paired
explicit,BenchmarkExecParallel/independent/isa_simd_i16x8.shl,wago,ns/op,183.8,162,-11.86071817192601,0.30952380952380953,6,6,reported,paired
explicit,BenchmarkExecParallel/independent/isa_simd_i16x8.shr_s,wago,ns/op,175.25,157.9,-9.90014265335235,0.24025974025974026,6,6,reported,paired
explicit,BenchmarkExecParallel/independent/isa_simd_i16x8.shr_u,wago,ns/op,182.75,164.10000000000002,-10.205198358413126,0.04112554112554113,6,6,reported,paired
explicit,BenchmarkExecParallel/independent/isa_simd_i16x8.add,wago,ns/op,243.2,235,-3.3717105263157854,0.06493506493506493,6,6,reported,paired
explicit,BenchmarkExecParallel/independent/isa_simd_i16x8.sub,wago,ns/op,243.8,238.5,-2.1739130434782705,0.19696969696969696,6,6,reported,paired
explicit,BenchmarkExecParallel/independent/isa_simd_i16x8.mul,wago,ns/op,699.65,690.65,-1.2863574644465081,0.8181818181818182,6,6,reported,paired
explicit,BenchmarkExecParallel/independent/isa_simd_i16x8.add_sat_s,wago,ns/op,464.54999999999995,458.65,-1.2700462813475366,0.22294372294372294,6,6,reported,paired
explicit,BenchmarkExecParallel/independent/isa_simd_i16x8.add_sat_u,wago,ns/op,467.95,467.70000000000005,-0.053424511165711674,0.974025974025974,6,6,reported,paired
explicit,BenchmarkExecParallel/independent/isa_simd_i16x8.sub_sat_s,wago,ns/op,467.29999999999995,458.65,-1.85105927669591,0.30952380952380953,6,6,reported,paired
explicit,BenchmarkExecParallel/independent/isa_simd_i16x8.sub_sat_u,wago,ns/op,463.1,465.2,0.45346577413085676,0.7316017316017316,6,6,reported,paired
explicit,BenchmarkExecParallel/independent/isa_simd_i16x8.min_s,wago,ns/op,240.55,233.45,-2.9515693203076343,0.16883116883116883,6,6,reported,paired
explicit,BenchmarkExecParallel/independent/isa_simd_i16x8.min_u,wago,ns/op,242.55,237.39999999999998,-2.123273551844995,0.13203463203463203,6,6,reported,paired
explicit,BenchmarkExecParallel/independent/isa_simd_i16x8.max_s,wago,ns/op,241.3,237.2,-1.6991297140489081,0.17965367965367965,6,6,reported,paired
explicit,BenchmarkExecParallel/independent/isa_simd_i16x8.max_u,wago,ns/op,242.1,237.64999999999998,-1.8380834365964493,0.6233766233766234,6,6,reported,paired
explicit,BenchmarkExecParallel/independent/isa_simd_i16x8.avgr_u,wago,ns/op,469.8,458.55,-2.3946360153256685,0.17965367965367965,6,6,reported,paired
explicit,BenchmarkExecParallel/independent/isa_simd_i16x8.q15mulr_sat_s,wago,ns/op,1351.5,1334.5,-1.2578616352201255,0.17965367965367965,6,6,reported,paired
explicit,BenchmarkExecParallel/independent/isa_simd_i16x8.extmul_low_s,wago,ns/op,1180,1155,-2.1186440677966156,0.2532467532467532,6,6,reported,paired
explicit,BenchmarkExecParallel/independent/isa_simd_i16x8.extmul_high_s,wago,ns/op,1177,1162,-1.274426508071369,0.6190476190476191,6,6,reported,paired
explicit,BenchmarkExecParallel/independent/isa_simd_i16x8.extmul_low_u,wago,ns/op,929.5,919.1,-1.118881118881121,0.6991341991341992,6,6,reported,paired
explicit,BenchmarkExecParallel/independent/isa_simd_i16x8.extmul_high_u,wago,ns/op,953.3,914.5,-4.070072380153144,0.2878787878787879,6,6,reported,paired
explicit,BenchmarkExecParallel/independent/isa_simd_i16x8.eq,wago,ns/op,243.10000000000002,236,-2.920608802961755,0.24025974025974026,6,6,reported,paired
explicit,BenchmarkExecParallel/independent/isa_simd_i16x8.ne,wago,ns/op,495.5,487.79999999999995,-1.553985872855712,0.48484848484848486,6,6,reported,paired
explicit,BenchmarkExecParallel/independent/isa_simd_i16x8.lt_s,wago,ns/op,285.8,274.4,-3.98880335899231,0.8181818181818182,6,6,reported,paired
explicit,BenchmarkExecParallel/independent/isa_simd_i16x8.lt_u,wago,ns/op,749.4,731.3499999999999,-2.4085935414998705,1,6,6,reported,paired
explicit,BenchmarkExecParallel/independent/isa_simd_i16x8.gt_s,wago,ns/op,242.45,235.1,-3.0315528975046413,0.3939393939393939,6,6,reported,paired
explicit,BenchmarkExecParallel/independent/isa_simd_i16x8.gt_u,wago,ns/op,755.75,737.15,-2.461131326496857,0.5887445887445888,6,6,reported,paired
explicit,BenchmarkExecParallel/independent/isa_simd_i16x8.le_s,wago,ns/op,494.6,482.05,-2.5374039627982237,0.33116883116883117,6,6,reported,paired
explicit,BenchmarkExecParallel/independent/isa_simd_i16x8.le_u,wago,ns/op,472.65,464.29999999999995,-1.7666349307098317,0.24025974025974026,6,6,reported,paired
explicit,BenchmarkExecParallel/independent/isa_simd_i16x8.ge_s,wago,ns/op,489.6,479,-2.1650326797385655,0.5887445887445888,6,6,reported,paired
explicit,BenchmarkExecParallel/independent/isa_simd_i16x8.ge_u,wago,ns/op,472.55,476.4,0.8147286001481291,0.9696969696969697,6,6,reported,paired
explicit,BenchmarkExecParallel/process/isa_simd_i16x8.abs,wago,ns/op,246.75,239.45,-2.958459979736583,0.015151515151515152,6,6,reported,paired
explicit,BenchmarkExecParallel/process/isa_simd_i16x8.neg,wago,ns/op,214.7,221.85,3.3302282254308313,0.30952380952380953,6,6,reported,paired
explicit,BenchmarkExecParallel/process/isa_simd_i16x8.extadd_pairwise_s,wago,ns/op,390.54999999999995,401.70000000000005,2.8549481500448337,0.030303030303030304,6,6,reported,paired
explicit,BenchmarkExecParallel/process/isa_simd_i16x8.extadd_pairwise_u,wago,ns/op,393.8,393.4,-0.10157440325039291,0.8506493506493507,6,6,reported,paired
explicit,BenchmarkExecParallel/process/isa_simd_i16x8.narrow_i32x4_s,wago,ns/op,460.25,457.04999999999995,-0.6952743074416179,0.30952380952380953,6,6,reported,paired
explicit,BenchmarkExecParallel/process/isa_simd_i16x8.narrow_i32x4_u,wago,ns/op,464.35,457.1,-1.5613222784537473,0.30952380952380953,6,6,reported,paired
explicit,BenchmarkExecParallel/process/isa_simd_i16x8.extend_low_s,wago,ns/op,309.15,313.45,1.390910561216252,0.5887445887445888,6,6,reported,paired
explicit,BenchmarkExecParallel/process/isa_simd_i16x8.extend_high_s,wago,ns/op,314.15,321.6,2.3714785930288196,0.48484848484848486,6,6,reported,paired
explicit,BenchmarkExecParallel/process/isa_simd_i16x8.extend_low_u,wago,ns/op,228.45,218.55,-4.333552199606028,0.3939393939393939,6,6,reported,paired
explicit,BenchmarkExecParallel/process/isa_simd_i16x8.extend_high_u,wago,ns/op,219.25,214.75,-2.052451539338651,0.5887445887445888,6,6,reported,paired
explicit,BenchmarkExecParallel/process/isa_simd_i16x8.shl,wago,ns/op,173.64999999999998,167.75,-3.3976389288799203,0.3939393939393939,6,6,reported,paired
explicit,BenchmarkExecParallel/process/isa_simd_i16x8.shr_s,wago,ns/op,165.85,167.95,1.2662044015676832,1,6,6,reported,paired
explicit,BenchmarkExecParallel/process/isa_simd_i16x8.shr_u,wago,ns/op,180.05,164.85,-8.442099416828663,0.48484848484848486,6,6,reported,paired
explicit,BenchmarkExecParallel/process/isa_simd_i16x8.add,wago,ns/op,239.3,235.05,-1.7760133723359828,0.41774891774891776,6,6,reported,paired
explicit,BenchmarkExecParallel/process/isa_simd_i16x8.sub,wago,ns/op,241.85,243.89999999999998,0.847632830266698,0.5887445887445888,6,6,reported,paired
explicit,BenchmarkExecParallel/process/isa_simd_i16x8.mul,wago,ns/op,692.45,701.1500000000001,1.2564084049389912,0.48484848484848486,6,6,reported,paired
explicit,BenchmarkExecParallel/process/isa_simd_i16x8.add_sat_s,wago,ns/op,459.25,462.85,0.7838867719107245,1,6,6,reported,paired
explicit,BenchmarkExecParallel/process/isa_simd_i16x8.add_sat_u,wago,ns/op,465.4,462,-0.7305543618392751,0.6991341991341992,6,6,reported,paired
explicit,BenchmarkExecParallel/process/isa_simd_i16x8.sub_sat_s,wago,ns/op,460.79999999999995,466.3,1.1935763888889062,0.5887445887445888,6,6,reported,paired
explicit,BenchmarkExecParallel/process/isa_simd_i16x8.sub_sat_u,wago,ns/op,460.1,461.35,0.2716800695500954,0.8181818181818182,6,6,reported,paired
explicit,BenchmarkExecParallel/process/isa_simd_i16x8.min_s,wago,ns/op,237.2,238.05,0.3583473861720199,0.9372294372294372,6,6,reported,paired
explicit,BenchmarkExecParallel/process/isa_simd_i16x8.min_u,wago,ns/op,241.25,239.4,-0.7668393782383376,0.4199134199134199,6,6,reported,paired
explicit,BenchmarkExecParallel/process/isa_simd_i16x8.max_s,wago,ns/op,238.8,236.14999999999998,-1.109715242881082,0.6190476190476191,6,6,reported,paired
explicit,BenchmarkExecParallel/process/isa_simd_i16x8.max_u,wago,ns/op,240.5,238.65,-0.7692307692307665,0.9805194805194806,6,6,reported,paired
explicit,BenchmarkExecParallel/process/isa_simd_i16x8.avgr_u,wago,ns/op,461.85,462.25,0.08660820612753639,0.6190476190476191,6,6,reported,paired
explicit,BenchmarkExecParallel/process/isa_simd_i16x8.q15mulr_sat_s,wago,ns/op,1320.5,1359,2.9155622870124853,0.2878787878787879,6,6,reported,paired
explicit,BenchmarkExecParallel/process/isa_simd_i16x8.extmul_low_s,wago,ns/op,1156,1165,0.7785467128027745,0.696969696969697,6,6,reported,paired
explicit,BenchmarkExecParallel/process/isa_simd_i16x8.extmul_high_s,wago,ns/op,1162.5,1186.5,2.0645161290322678,0.5,6,6,reported,paired
explicit,BenchmarkExecParallel/process/isa_simd_i16x8.extmul_low_u,wago,ns/op,962.65,945.3,-1.8023165221004556,0.9372294372294372,6,6,reported,paired
explicit,BenchmarkExecParallel/process/isa_simd_i16x8.extmul_high_u,wago,ns/op,937.5999999999999,931.45,-0.6559300341296814,0.8181818181818182,6,6,reported,paired
explicit,BenchmarkExecParallel/process/isa_simd_i16x8.eq,wago,ns/op,238.75,237.8,-0.3979057591622981,0.7294372294372294,6,6,reported,paired
explicit,BenchmarkExecParallel/process/isa_simd_i16x8.ne,wago,ns/op,495.2,497.55,0.4745557350565477,0.8181818181818182,6,6,reported,paired
explicit,BenchmarkExecParallel/process/isa_simd_i16x8.lt_s,wago,ns/op,279.45,278.45,-0.3578457684737857,0.9372294372294372,6,6,reported,paired
explicit,BenchmarkExecParallel/process/isa_simd_i16x8.lt_u,wago,ns/op,730,744.6,2.0000000000000018,0.13203463203463203,6,6,reported,paired
explicit,BenchmarkExecParallel/process/isa_simd_i16x8.gt_s,wago,ns/op,237.8,236.95,-0.35744322960471475,0.5887445887445888,6,6,reported,paired
explicit,BenchmarkExecParallel/process/isa_simd_i16x8.gt_u,wago,ns/op,745.75,722.65,-3.0975527991954466,0.6147186147186147,6,6,reported,paired
explicit,BenchmarkExecParallel/process/isa_simd_i16x8.le_s,wago,ns/op,489.35,486.5,-0.5824052314294503,0.4199134199134199,6,6,reported,paired
explicit,BenchmarkExecParallel/process/isa_simd_i16x8.le_u,wago,ns/op,474.2,471.29999999999995,-0.6115563053563977,0.5584415584415584,6,6,reported,paired
explicit,BenchmarkExecParallel/process/isa_simd_i16x8.ge_s,wago,ns/op,481.75,484.15,0.4981837052413063,1,6,6,reported,paired
explicit,BenchmarkExecParallel/process/isa_simd_i16x8.ge_u,wago,ns/op,473.6,476.70000000000005,0.6545608108108114,0.8181818181818182,6,6,reported,paired
explicit,BenchmarkExecParallel/independent/isa_simd_i32x4.abs,wago,ns/op,244.89999999999998,243.8,-0.4491629236422878,0.8181818181818182,6,6,reported,paired
explicit,BenchmarkExecParallel/independent/isa_simd_i32x4.neg,wago,ns/op,218.5,209.15,-4.279176201372992,0.7316017316017316,6,6,reported,paired
explicit,BenchmarkExecParallel/independent/isa_simd_i32x4.extadd_pairwise_s,wago,ns/op,382.4,393.15,2.81119246861925,0.3939393939393939,6,6,reported,paired
explicit,BenchmarkExecParallel/independent/isa_simd_i32x4.extadd_pairwise_u,wago,ns/op,689.3,728.45,5.679675032641818,0.14502164502164502,6,6,reported,paired
explicit,BenchmarkExecParallel/independent/isa_simd_i32x4.trunc_sat_f32x4_s,wago,ns/op,1186.5,1251,5.436156763590394,0.24025974025974026,6,6,reported,paired
explicit,BenchmarkExecParallel/independent/isa_simd_i32x4.trunc_sat_f32x4_u,wago,ns/op,1539.5,1552,0.8119519324456093,0.8181818181818182,6,6,reported,paired
explicit,BenchmarkExecParallel/independent/isa_simd_i32x4.trunc_sat_f64x2_s_zero,wago,ns/op,969.9,988.95,1.9641200123724056,0.29004329004329005,6,6,reported,paired
explicit,BenchmarkExecParallel/independent/isa_simd_i32x4.trunc_sat_f64x2_u_zero,wago,ns/op,1441,1440.5,-0.0346981263011803,0.8181818181818182,6,6,reported,paired
explicit,BenchmarkExecParallel/independent/isa_simd_i32x4.extend_low_s,wago,ns/op,313.25,320.45000000000005,2.2984836392657693,0.48484848484848486,6,6,reported,paired
explicit,BenchmarkExecParallel/independent/isa_simd_i32x4.extend_high_s,wago,ns/op,314.35,314.85,0.1590583744234042,0.48484848484848486,6,6,reported,paired
explicit,BenchmarkExecParallel/independent/isa_simd_i32x4.extend_low_u,wago,ns/op,223.60000000000002,220.2,-1.5205724508050245,0.7316017316017316,6,6,reported,paired
explicit,BenchmarkExecParallel/independent/isa_simd_i32x4.extend_high_u,wago,ns/op,214.3,222.85000000000002,3.9897340177321494,0.5887445887445888,6,6,reported,paired
explicit,BenchmarkExecParallel/independent/isa_simd_i32x4.shl,wago,ns/op,163,170,4.294478527607359,0.5887445887445888,6,6,reported,paired
explicit,BenchmarkExecParallel/independent/isa_simd_i32x4.shr_s,wago,ns/op,168.7,178.3,5.6905749851808185,0.30952380952380953,6,6,reported,paired
explicit,BenchmarkExecParallel/independent/isa_simd_i32x4.shr_u,wago,ns/op,164.3,165.55,0.7608034083992798,1,6,6,reported,paired
explicit,BenchmarkExecParallel/independent/isa_simd_i32x4.add,wago,ns/op,239.35000000000002,241.35000000000002,0.835596406935446,0.9372294372294372,6,6,reported,paired
explicit,BenchmarkExecParallel/independent/isa_simd_i32x4.sub,wago,ns/op,239,239.95,0.39748953974894086,0.9372294372294372,6,6,reported,paired
explicit,BenchmarkExecParallel/independent/isa_simd_i32x4.mul,wago,ns/op,686.65,686.75,0.014563460278171902,1,6,6,reported,paired
explicit,BenchmarkExecParallel/independent/isa_simd_i32x4.min_s,wago,ns/op,238.35000000000002,238,-0.1468428781204234,0.6991341991341992,6,6,reported,paired
explicit,BenchmarkExecParallel/independent/isa_simd_i32x4.min_u,wago,ns/op,241.45,239.8,-0.6833712984054552,0.45454545454545453,6,6,reported,paired
explicit,BenchmarkExecParallel/independent/isa_simd_i32x4.max_s,wago,ns/op,237.7,233.39999999999998,-1.8090029448885159,0.48484848484848486,6,6,reported,paired
explicit,BenchmarkExecParallel/independent/isa_simd_i32x4.max_u,wago,ns/op,243.64999999999998,238.95,-1.9289965113892804,0.6991341991341992,6,6,reported,paired
explicit,BenchmarkExecParallel/independent/isa_simd_i32x4.dot,wago,ns/op,689.9000000000001,691.25,0.19568053341063596,0.48484848484848486,6,6,reported,paired
explicit,BenchmarkExecParallel/independent/isa_simd_i32x4.extmul_low_s,wago,ns/op,1183,1169,-1.1834319526627168,0.5064935064935064,6,6,reported,paired
explicit,BenchmarkExecParallel/independent/isa_simd_i32x4.extmul_high_s,wago,ns/op,1194,1171,-1.9262981574539317,0.5064935064935064,6,6,reported,paired
explicit,BenchmarkExecParallel/independent/isa_simd_i32x4.extmul_low_u,wago,ns/op,945.4,940.7,-0.49714406600379624,1,6,6,reported,paired
explicit,BenchmarkExecParallel/independent/isa_simd_i32x4.extmul_high_u,wago,ns/op,934.4,930.5,-0.4173801369863006,1,6,6,reported,paired
explicit,BenchmarkExecParallel/independent/isa_simd_i32x4.eq,wago,ns/op,240.7,241.10000000000002,0.16618196925635154,0.6991341991341992,6,6,reported,paired
explicit,BenchmarkExecParallel/independent/isa_simd_i32x4.ne,wago,ns/op,498.70000000000005,489.85,-1.7746139963906171,0.3939393939393939,6,6,reported,paired
explicit,BenchmarkExecParallel/independent/isa_simd_i32x4.lt_s,wago,ns/op,270.6,265.79999999999995,-1.7738359201774134,0.8181818181818182,6,6,reported,paired
explicit,BenchmarkExecParallel/independent/isa_simd_i32x4.lt_u,wago,ns/op,738.4000000000001,730.25,-1.1037378114843066,0.9372294372294372,6,6,reported,paired
explicit,BenchmarkExecParallel/independent/isa_simd_i32x4.gt_s,wago,ns/op,244.55,237,-3.08730320997751,0.5887445887445888,6,6,reported,paired
explicit,BenchmarkExecParallel/independent/isa_simd_i32x4.gt_u,wago,ns/op,740.8,729.05,-1.586123110151183,0.7835497835497836,6,6,reported,paired
explicit,BenchmarkExecParallel/independent/isa_simd_i32x4.le_s,wago,ns/op,480,488.95000000000005,1.8645833333333472,0.6991341991341992,6,6,reported,paired
explicit,BenchmarkExecParallel/independent/isa_simd_i32x4.le_u,wago,ns/op,469.95,473,0.6490052133205637,0.8484848484848485,6,6,reported,paired
explicit,BenchmarkExecParallel/independent/isa_simd_i32x4.ge_s,wago,ns/op,482.4,482.20000000000005,-0.041459369817564706,0.9372294372294372,6,6,reported,paired
explicit,BenchmarkExecParallel/independent/isa_simd_i32x4.ge_u,wago,ns/op,483.8,473.7,-2.0876395204630027,0.6991341991341992,6,6,reported,paired
explicit,BenchmarkExecParallel/process/isa_simd_i32x4.abs,wago,ns/op,251.05,242.3,-3.485361481776539,0.30952380952380953,6,6,reported,paired
explicit,BenchmarkExecParallel/process/isa_simd_i32x4.neg,wago,ns/op,230.25,214.14999999999998,-6.992399565689478,0.06493506493506493,6,6,reported,paired
explicit,BenchmarkExecParallel/process/isa_simd_i32x4.extadd_pairwise_s,wago,ns/op,389.54999999999995,385.7,-0.9883198562443796,0.6991341991341992,6,6,reported,paired
explicit,BenchmarkExecParallel/process/isa_simd_i32x4.extadd_pairwise_u,wago,ns/op,740.35,712.75,-3.7279665023299824,0.30952380952380953,6,6,reported,paired
explicit,BenchmarkExecParallel/process/isa_simd_i32x4.trunc_sat_f32x4_s,wago,ns/op,1196.5,1214,1.4625992478060956,0.37012987012987014,6,6,reported,paired
explicit,BenchmarkExecParallel/process/isa_simd_i32x4.trunc_sat_f32x4_u,wago,ns/op,1570,1568.5,-0.09554140127389088,0.6991341991341992,6,6,reported,paired
explicit,BenchmarkExecParallel/process/isa_simd_i32x4.trunc_sat_f64x2_s_zero,wago,ns/op,963,969.35,0.6593977154724762,0.9372294372294372,6,6,reported,paired
explicit,BenchmarkExecParallel/process/isa_simd_i32x4.trunc_sat_f64x2_u_zero,wago,ns/op,1454,1415.5,-2.6478679504814306,0.48484848484848486,6,6,reported,paired
explicit,BenchmarkExecParallel/process/isa_simd_i32x4.extend_low_s,wago,ns/op,318,309.9,-2.5471698113207597,0.24025974025974026,6,6,reported,paired
explicit,BenchmarkExecParallel/process/isa_simd_i32x4.extend_high_s,wago,ns/op,310.4,327.8,5.605670103092786,0.30952380952380953,6,6,reported,paired
explicit,BenchmarkExecParallel/process/isa_simd_i32x4.extend_low_u,wago,ns/op,217.35,208.6,-4.025764895330108,0.5887445887445888,6,6,reported,paired
explicit,BenchmarkExecParallel/process/isa_simd_i32x4.extend_high_u,wago,ns/op,224.95,225.3,0.15559013114025966,1,6,6,reported,paired
explicit,BenchmarkExecParallel/process/isa_simd_i32x4.shl,wago,ns/op,165.25,161.8,-2.087745839636912,0.48484848484848486,6,6,reported,paired
explicit,BenchmarkExecParallel/process/isa_simd_i32x4.shr_s,wago,ns/op,171.65,173.3,0.9612583745994829,0.9372294372294372,6,6,reported,paired
explicit,BenchmarkExecParallel/process/isa_simd_i32x4.shr_u,wago,ns/op,171.64999999999998,166.95,-2.7381299155257777,0.512987012987013,6,6,reported,paired
explicit,BenchmarkExecParallel/process/isa_simd_i32x4.add,wago,ns/op,239.60000000000002,238.6,-0.4173622704507607,0.9372294372294372,6,6,reported,paired
explicit,BenchmarkExecParallel/process/isa_simd_i32x4.sub,wago,ns/op,238.4,240.4,0.8389261744966348,0.9372294372294372,6,6,reported,paired
explicit,BenchmarkExecParallel/process/isa_simd_i32x4.mul,wago,ns/op,686.0999999999999,693.5,1.0785599766798049,0.8181818181818182,6,6,reported,paired
explicit,BenchmarkExecParallel/process/isa_simd_i32x4.min_s,wago,ns/op,238.35,239.4,0.4405286343612369,0.8181818181818182,6,6,reported,paired
explicit,BenchmarkExecParallel/process/isa_simd_i32x4.min_u,wago,ns/op,238.05,239.3,0.5250997689560943,0.48484848484848486,6,6,reported,paired
explicit,BenchmarkExecParallel/process/isa_simd_i32x4.max_s,wago,ns/op,235.25,240.75,2.337938363443137,0.30952380952380953,6,6,reported,paired
explicit,BenchmarkExecParallel/process/isa_simd_i32x4.max_u,wago,ns/op,234.85000000000002,239.75,2.0864381520119046,0.6233766233766234,6,6,reported,paired
explicit,BenchmarkExecParallel/process/isa_simd_i32x4.dot,wago,ns/op,689.95,693.85,0.5652583520544985,0.9372294372294372,6,6,reported,paired
explicit,BenchmarkExecParallel/process/isa_simd_i32x4.extmul_low_s,wago,ns/op,1167,1161.5,-0.47129391602399595,0.854978354978355,6,6,reported,paired
explicit,BenchmarkExecParallel/process/isa_simd_i32x4.extmul_high_s,wago,ns/op,1171.5,1170,-0.1280409731113985,0.5887445887445888,6,6,reported,paired
explicit,BenchmarkExecParallel/process/isa_simd_i32x4.extmul_low_u,wago,ns/op,933.4000000000001,925.5,-0.8463681165631121,0.8181818181818182,6,6,reported,paired
explicit,BenchmarkExecParallel/process/isa_simd_i32x4.extmul_high_u,wago,ns/op,927.9,931.85,0.4256924237525661,0.8181818181818182,6,6,reported,paired
explicit,BenchmarkExecParallel/process/isa_simd_i32x4.eq,wago,ns/op,242.95,239.7,-1.3377238114838486,0.24025974025974026,6,6,reported,paired
explicit,BenchmarkExecParallel/process/isa_simd_i32x4.ne,wago,ns/op,496.65,485.95,-2.154434712574249,0.24025974025974026,6,6,reported,paired
explicit,BenchmarkExecParallel/process/isa_simd_i32x4.lt_s,wago,ns/op,272.45000000000005,270.25,-0.807487612405966,0.9372294372294372,6,6,reported,paired
explicit,BenchmarkExecParallel/process/isa_simd_i32x4.lt_u,wago,ns/op,748.7,732.6,-2.15039401629491,0.5086580086580087,6,6,reported,paired
explicit,BenchmarkExecParallel/process/isa_simd_i32x4.gt_s,wago,ns/op,237.5,239.6,0.8842105263157762,0.7316017316017316,6,6,reported,paired
explicit,BenchmarkExecParallel/process/isa_simd_i32x4.gt_u,wago,ns/op,734.9,755.55,2.8099061096747757,0.8181818181818182,6,6,reported,paired
explicit,BenchmarkExecParallel/process/isa_simd_i32x4.le_s,wago,ns/op,489.25,480.3,-1.829330608073576,0.6190476190476191,6,6,reported,paired
explicit,BenchmarkExecParallel/process/isa_simd_i32x4.le_u,wago,ns/op,476.15,474.8,-0.2835240995484489,0.8181818181818182,6,6,reported,paired
explicit,BenchmarkExecParallel/process/isa_simd_i32x4.ge_s,wago,ns/op,485.95,481.5,-0.9157320712007366,1,6,6,reported,paired
explicit,BenchmarkExecParallel/process/isa_simd_i32x4.ge_u,wago,ns/op,477.6,472.75,-1.0154941373534343,0.6991341991341992,6,6,reported,paired
explicit,BenchmarkExecParallel/independent/isa_simd_i64x2.abs,wago,ns/op,539.8499999999999,518.6500000000001,-3.9270167639158693,0.5887445887445888,6,6,reported,paired
explicit,BenchmarkExecParallel/independent/isa_simd_i64x2.neg,wago,ns/op,215.75,222.8,3.267670915411358,0.48484848484848486,6,6,reported,paired
explicit,BenchmarkExecParallel/independent/isa_simd_i64x2.extend_low_s,wago,ns/op,307.54999999999995,304.95000000000005,-0.8453909933343828,0.9372294372294372,6,6,reported,paired
explicit,BenchmarkExecParallel/independent/isa_simd_i64x2.extend_high_s,wago,ns/op,305.85,316.1,3.3513160045774093,0.48484848484848486,6,6,reported,paired
explicit,BenchmarkExecParallel/independent/isa_simd_i64x2.extend_low_u,wago,ns/op,220.65,216.45,-1.90346702923182,0.48484848484848486,6,6,reported,paired
explicit,BenchmarkExecParallel/independent/isa_simd_i64x2.extend_high_u,wago,ns/op,222.25,216.89999999999998,-2.4071991001125004,0.9372294372294372,6,6,reported,paired
explicit,BenchmarkExecParallel/independent/isa_simd_i64x2.shl,wago,ns/op,165.85,164.55,-0.783840820018078,0.6991341991341992,6,6,reported,paired
explicit,BenchmarkExecParallel/independent/isa_simd_i64x2.shr_s,wago,ns/op,1505,1488,-1.1295681063122953,0.5887445887445888,6,6,reported,paired
explicit,BenchmarkExecParallel/independent/isa_simd_i64x2.shr_u,wago,ns/op,174,169.55,-2.5574712643678055,0.9372294372294372,6,6,reported,paired
explicit,BenchmarkExecParallel/independent/isa_simd_i64x2.add,wago,ns/op,236.35000000000002,238.55,0.9308229320922345,1,6,6,reported,paired
explicit,BenchmarkExecParallel/independent/isa_simd_i64x2.sub,wago,ns/op,237.60000000000002,242.95,2.251683501683477,0.5887445887445888,6,6,reported,paired
explicit,BenchmarkExecParallel/independent/isa_simd_i64x2.mul,wago,ns/op,1710.5,1713.5,0.1753873136509876,0.8181818181818182,6,6,reported,paired
explicit,BenchmarkExecParallel/independent/isa_simd_i64x2.extmul_low_s,wago,ns/op,931.55,919.8,-1.261338629166442,0.48484848484848486,6,6,reported,paired
explicit,BenchmarkExecParallel/independent/isa_simd_i64x2.extmul_high_s,wago,ns/op,927.25,924.7,-0.27500674036128325,0.9372294372294372,6,6,reported,paired
explicit,BenchmarkExecParallel/independent/isa_simd_i64x2.extmul_low_u,wago,ns/op,928,918.95,-0.975215517241379,1,6,6,reported,paired
explicit,BenchmarkExecParallel/independent/isa_simd_i64x2.extmul_high_u,wago,ns/op,926.8499999999999,920.85,-0.6473539407671036,0.9372294372294372,6,6,reported,paired
explicit,BenchmarkExecParallel/independent/isa_simd_i64x2.eq,wago,ns/op,467.85,463.5,-0.9297851875601171,0.9372294372294372,6,6,reported,paired
explicit,BenchmarkExecParallel/independent/isa_simd_i64x2.ne,wago,ns/op,711.15,717.85,0.9421359769387738,0.8181818181818182,6,6,reported,paired
explicit,BenchmarkExecParallel/independent/isa_simd_i64x2.lt_s,wago,ns/op,463.4,461.75,-0.356063875701329,0.5887445887445888,6,6,reported,paired
explicit,BenchmarkExecParallel/independent/isa_simd_i64x2.gt_s,wago,ns/op,463.04999999999995,463.65,0.1295756397797332,0.6991341991341992,6,6,reported,paired
explicit,BenchmarkExecParallel/independent/isa_simd_i64x2.le_s,wago,ns/op,712.85,711.3,-0.21743704846742817,1,6,6,reported,paired
explicit,BenchmarkExecParallel/independent/isa_simd_i64x2.ge_s,wago,ns/op,722.7,720.05,-0.36668050366681637,0.8181818181818182,6,6,reported,paired
explicit,BenchmarkExecParallel/process/isa_simd_i64x2.abs,wago,ns/op,536.65,525.5,-2.0777042765303233,0.5887445887445888,6,6,reported,paired
explicit,BenchmarkExecParallel/process/isa_simd_i64x2.neg,wago,ns/op,214.95,213.95,-0.46522447080716844,0.9372294372294372,6,6,reported,paired
explicit,BenchmarkExecParallel/process/isa_simd_i64x2.extend_low_s,wago,ns/op,293.45,312.95,6.645084341455099,0.5887445887445888,6,6,reported,paired
explicit,BenchmarkExecParallel/process/isa_simd_i64x2.extend_high_s,wago,ns/op,309.7,316.65,2.2441072005166207,0.6233766233766234,6,6,reported,paired
explicit,BenchmarkExecParallel/process/isa_simd_i64x2.extend_low_u,wago,ns/op,221.14999999999998,231.14999999999998,4.52181777074383,1,6,6,reported,paired
explicit,BenchmarkExecParallel/process/isa_simd_i64x2.extend_high_u,wago,ns/op,219.89999999999998,221.4,0.6821282401091588,0.9372294372294372,6,6,reported,paired
explicit,BenchmarkExecParallel/process/isa_simd_i64x2.shl,wago,ns/op,164,166.85000000000002,1.7378048780487987,0.6991341991341992,6,6,reported,paired
explicit,BenchmarkExecParallel/process/isa_simd_i64x2.shr_s,wago,ns/op,1509,1486.5,-1.491053677932408,0.3939393939393939,6,6,reported,paired
explicit,BenchmarkExecParallel/process/isa_simd_i64x2.shr_u,wago,ns/op,173.45,166.15,-4.208705678869984,1,6,6,reported,paired
explicit,BenchmarkExecParallel/process/isa_simd_i64x2.add,wago,ns/op,238.85,240.35000000000002,0.6280092108017721,0.7857142857142857,6,6,reported,paired
explicit,BenchmarkExecParallel/process/isa_simd_i64x2.sub,wago,ns/op,239.3,240.60000000000002,0.54325114918512,0.7835497835497836,6,6,reported,paired
explicit,BenchmarkExecParallel/process/isa_simd_i64x2.mul,wago,ns/op,1725,1704.5,-1.188405797101444,0.9372294372294372,6,6,reported,paired
explicit,BenchmarkExecParallel/process/isa_simd_i64x2.extmul_low_s,wago,ns/op,919.7,928.8,0.9894530825268921,0.8181818181818182,6,6,reported,paired
explicit,BenchmarkExecParallel/process/isa_simd_i64x2.extmul_high_s,wago,ns/op,920.55,929.4,0.9613817826299442,0.3939393939393939,6,6,reported,paired
explicit,BenchmarkExecParallel/process/isa_simd_i64x2.extmul_low_u,wago,ns/op,932.8,928.2,-0.4931389365351535,0.9372294372294372,6,6,reported,paired
explicit,BenchmarkExecParallel/process/isa_simd_i64x2.extmul_high_u,wago,ns/op,935.55,918.8,-1.7903906792795632,0.7835497835497836,6,6,reported,paired
explicit,BenchmarkExecParallel/process/isa_simd_i64x2.eq,wago,ns/op,461.45,463.8,0.509264275652832,0.48484848484848486,6,6,reported,paired
explicit,BenchmarkExecParallel/process/isa_simd_i64x2.ne,wago,ns/op,730.25,718.5,-1.6090380006846927,0.6991341991341992,6,6,reported,paired
explicit,BenchmarkExecParallel/process/isa_simd_i64x2.lt_s,wago,ns/op,464.1,464.65,0.11850894203835338,0.8181818181818182,6,6,reported,paired
explicit,BenchmarkExecParallel/process/isa_simd_i64x2.gt_s,wago,ns/op,465.4,463.9,-0.322303394929091,1,6,6,reported,paired
explicit,BenchmarkExecParallel/process/isa_simd_i64x2.le_s,wago,ns/op,718.95,718.7,-0.03477293274914972,0.9372294372294372,6,6,reported,paired
explicit,BenchmarkExecParallel/process/isa_simd_i64x2.ge_s,wago,ns/op,720.55,713.2,-1.0200541253209239,0.48484848484848486,6,6,reported,paired
explicit,BenchmarkExecParallel/independent/isa_simd_f32x4.abs,wago,ns/op,268.79999999999995,276.45,2.845982142857162,0.6666666666666666,6,6,reported,paired
explicit,BenchmarkExecParallel/independent/isa_simd_f32x4.neg,wago,ns/op,280.15,271.85,-2.962698554345866,0.6991341991341992,6,6,reported,paired
explicit,BenchmarkExecParallel/independent/isa_simd_f32x4.sqrt,wago,ns/op,1819.5,1809,-0.577081615828523,0.9372294372294372,6,6,reported,paired
explicit,BenchmarkExecParallel/independent/isa_simd_f32x4.ceil,wago,ns/op,354.04999999999995,348.55,-1.5534529021324461,0.30952380952380953,6,6,reported,paired
explicit,BenchmarkExecParallel/independent/isa_simd_f32x4.floor,wago,ns/op,356.25,356.25,0,0.6991341991341992,6,6,reported,paired
explicit,BenchmarkExecParallel/independent/isa_simd_f32x4.trunc,wago,ns/op,349.85,350.7,0.24296126911531601,0.9090909090909091,6,6,reported,paired
explicit,BenchmarkExecParallel/independent/isa_simd_f32x4.nearest,wago,ns/op,350.35,352.8,0.6993006993006867,1,6,6,reported,paired
explicit,BenchmarkExecParallel/independent/isa_simd_f32x4.add,wago,ns/op,684.25,688.75,0.6576543660942624,0.6991341991341992,6,6,reported,paired
explicit,BenchmarkExecParallel/independent/isa_simd_f32x4.sub,wago,ns/op,680.6500000000001,688.35,1.13127157863806,0.4069264069264069,6,6,reported,paired
explicit,BenchmarkExecParallel/independent/isa_simd_f32x4.mul,wago,ns/op,685.25,688.0999999999999,0.41590660342938346,0.8181818181818182,6,6,reported,paired
explicit,BenchmarkExecParallel/independent/isa_simd_f32x4.div,wago,ns/op,2456.5,2477,0.8345206594748689,0.19696969696969696,6,6,reported,paired
explicit,BenchmarkExecParallel/independent/isa_simd_f32x4.min,wago,ns/op,1491.5,1511.5,1.3409319477036608,0.6688311688311688,6,6,reported,paired
explicit,BenchmarkExecParallel/independent/isa_simd_f32x4.max,wago,ns/op,1500.5,1519.5,1.2662445851382875,0.3939393939393939,6,6,reported,paired
explicit,BenchmarkExecParallel/independent/isa_simd_f32x4.pmin,wago,ns/op,460,465.65,1.228260869565223,0.30952380952380953,6,6,reported,paired
explicit,BenchmarkExecParallel/independent/isa_simd_f32x4.pmax,wago,ns/op,459.70000000000005,467,1.5879921688057408,0.30952380952380953,6,6,reported,paired
explicit,BenchmarkExecParallel/independent/isa_simd_f32x4.eq,wago,ns/op,459.9,462.4,0.5435964340073873,0.6991341991341992,6,6,reported,paired
explicit,BenchmarkExecParallel/independent/isa_simd_f32x4.ne,wago,ns/op,459.1,464.35,1.143541712045315,0.30952380952380953,6,6,reported,paired
explicit,BenchmarkExecParallel/independent/isa_simd_f32x4.lt,wago,ns/op,458.65,463.65,1.0901558922925991,0.6991341991341992,6,6,reported,paired
explicit,BenchmarkExecParallel/independent/isa_simd_f32x4.gt,wago,ns/op,458.9,461,0.4576160383525929,0.8181818181818182,6,6,reported,paired
explicit,BenchmarkExecParallel/independent/isa_simd_f32x4.le,wago,ns/op,460.2,470.1,2.151238591916571,0.41774891774891776,6,6,reported,paired
explicit,BenchmarkExecParallel/independent/isa_simd_f32x4.ge,wago,ns/op,460.04999999999995,464.65,0.9998913161612943,0.3939393939393939,6,6,reported,paired
explicit,BenchmarkExecParallel/independent/isa_simd_f32x4.convert_i32x4_s,wago,ns/op,346.9,351.6,1.3548573075814474,0.4199134199134199,6,6,reported,paired
explicit,BenchmarkExecParallel/independent/isa_simd_f32x4.convert_i32x4_u,wago,ns/op,1306.5,1314,0.574052812858783,0.8181818181818182,6,6,reported,paired
explicit,BenchmarkExecParallel/independent/isa_simd_f32x4.demote_f64x2_zero,wago,ns/op,353.6,356.25,0.7494343891402577,0.48484848484848486,6,6,reported,paired
explicit,BenchmarkExecParallel/process/isa_simd_f32x4.abs,wago,ns/op,277.45,275.25,-0.792935664083616,0.6991341991341992,6,6,reported,paired
explicit,BenchmarkExecParallel/process/isa_simd_f32x4.neg,wago,ns/op,269.8,283.6,5.114899925871019,0.24025974025974026,6,6,reported,paired
explicit,BenchmarkExecParallel/process/isa_simd_f32x4.sqrt,wago,ns/op,1791.5,1939.5,8.261233603125874,0.3939393939393939,6,6,reported,paired
explicit,BenchmarkExecParallel/process/isa_simd_f32x4.ceil,wago,ns/op,351.65,355.04999999999995,0.9668704677946671,0.24025974025974026,6,6,reported,paired
explicit,BenchmarkExecParallel/process/isa_simd_f32x4.floor,wago,ns/op,347.45000000000005,351,1.02172974528707,0.37012987012987014,6,6,reported,paired
explicit,BenchmarkExecParallel/process/isa_simd_f32x4.trunc,wago,ns/op,352.35,350.29999999999995,-0.5818078615013711,0.7770562770562771,6,6,reported,paired
explicit,BenchmarkExecParallel/process/isa_simd_f32x4.nearest,wago,ns/op,354.05,350.1,-1.115661629713316,0.9372294372294372,6,6,reported,paired
explicit,BenchmarkExecParallel/process/isa_simd_f32x4.add,wago,ns/op,687.6500000000001,690.65,0.4362684505198722,0.8181818181818182,6,6,reported,paired
explicit,BenchmarkExecParallel/process/isa_simd_f32x4.sub,wago,ns/op,691.4,685.3,-0.8822678623083613,0.48484848484848486,6,6,reported,paired
explicit,BenchmarkExecParallel/process/isa_simd_f32x4.mul,wago,ns/op,684.4,687.55,0.46025715955582136,1,6,6,reported,paired
explicit,BenchmarkExecParallel/process/isa_simd_f32x4.div,wago,ns/op,2458.5,2495,1.484645108806193,0.6991341991341992,6,6,reported,paired
explicit,BenchmarkExecParallel/process/isa_simd_f32x4.min,wago,ns/op,1496,1516.5,1.3703208556149704,0.30952380952380953,6,6,reported,paired
explicit,BenchmarkExecParallel/process/isa_simd_f32x4.max,wago,ns/op,1493,1539.5,3.1145344943067643,0.5887445887445888,6,6,reported,paired
explicit,BenchmarkExecParallel/process/isa_simd_f32x4.pmin,wago,ns/op,461.95,466.4,0.963307717285411,0.6233766233766234,6,6,reported,paired
explicit,BenchmarkExecParallel/process/isa_simd_f32x4.pmax,wago,ns/op,462.5,464.95,0.5297297297297332,0.8181818181818182,6,6,reported,paired
explicit,BenchmarkExecParallel/process/isa_simd_f32x4.eq,wago,ns/op,462.1,463.70000000000005,0.346245401428269,0.974025974025974,6,6,reported,paired
explicit,BenchmarkExecParallel/process/isa_simd_f32x4.ne,wago,ns/op,462.25,466.75,0.9734991887506705,1,6,6,reported,paired
explicit,BenchmarkExecParallel/process/isa_simd_f32x4.lt,wago,ns/op,469.95,464.85,-1.085221832109795,1,6,6,reported,paired
explicit,BenchmarkExecParallel/process/isa_simd_f32x4.gt,wago,ns/op,461.75,470.35,1.8624796968056412,0.30952380952380953,6,6,reported,paired
explicit,BenchmarkExecParallel/process/isa_simd_f32x4.le,wago,ns/op,466.70000000000005,467.3,0.12856224555388707,0.9372294372294372,6,6,reported,paired
explicit,BenchmarkExecParallel/process/isa_simd_f32x4.ge,wago,ns/op,464.25,463.4,-0.18309100700054648,1,6,6,reported,paired
explicit,BenchmarkExecParallel/process/isa_simd_f32x4.convert_i32x4_s,wago,ns/op,350.4,349.29999999999995,-0.3139269406392753,0.9372294372294372,6,6,reported,paired
explicit,BenchmarkExecParallel/process/isa_simd_f32x4.convert_i32x4_u,wago,ns/op,1330.5,1295.5,-2.630590003757982,0.03463203463203463,6,6,reported,paired
explicit,BenchmarkExecParallel/process/isa_simd_f32x4.demote_f64x2_zero,wago,ns/op,358.04999999999995,347.15,-3.044267560396585,0.09307359307359307,6,6,reported,paired
explicit,BenchmarkExecParallel/independent/isa_simd_f64x2.abs,wago,ns/op,277.55,264.55,-4.683840749414525,0.2554112554112554,6,6,reported,paired
explicit,BenchmarkExecParallel/independent/isa_simd_f64x2.neg,wago,ns/op,282,275.15,-2.429078014184405,0.8181818181818182,6,6,reported,paired
explicit,BenchmarkExecParallel/independent/isa_simd_f64x2.sqrt,wago,ns/op,2787,2767,-0.717617509867241,0.5887445887445888,6,6,reported,paired
explicit,BenchmarkExecParallel/independent/isa_simd_f64x2.ceil,wago,ns/op,347.1,354.3,2.074330164217808,0.7813852813852814,6,6,reported,paired
explicit,BenchmarkExecParallel/independent/isa_simd_f64x2.floor,wago,ns/op,351.6,348.95,-0.7536973833902283,0.9372294372294372,6,6,reported,paired
explicit,BenchmarkExecParallel/independent/isa_simd_f64x2.trunc,wago,ns/op,352.75,354.05,0.36853295535081987,0.5584415584415584,6,6,reported,paired
explicit,BenchmarkExecParallel/independent/isa_simd_f64x2.nearest,wago,ns/op,356.6,349.05,-2.1172181716208716,0.6601731601731602,6,6,reported,paired
explicit,BenchmarkExecParallel/independent/isa_simd_f64x2.add,wago,ns/op,690.2,693,0.40567951318457585,0.8181818181818182,6,6,reported,paired
explicit,BenchmarkExecParallel/independent/isa_simd_f64x2.sub,wago,ns/op,685.75,685.05,-0.10207801676996864,0.3939393939393939,6,6,reported,paired
explicit,BenchmarkExecParallel/independent/isa_simd_f64x2.mul,wago,ns/op,682.7,686.55,0.5639373077486409,0.8181818181818182,6,6,reported,paired
explicit,BenchmarkExecParallel/independent/isa_simd_f64x2.div,wago,ns/op,3031,3029,-0.06598482349059465,0.9696969696969697,6,6,reported,paired
explicit,BenchmarkExecParallel/independent/isa_simd_f64x2.min,wago,ns/op,1499.5,1509,0.6335445148382801,0.8181818181818182,6,6,reported,paired
explicit,BenchmarkExecParallel/independent/isa_simd_f64x2.max,wago,ns/op,1534,1495.5,-2.509778357235981,0.3939393939393939,6,6,reported,paired
explicit,BenchmarkExecParallel/independent/isa_simd_f64x2.pmin,wago,ns/op,465.2,461.65,-0.76311263972485,0.8181818181818182,6,6,reported,paired
explicit,BenchmarkExecParallel/independent/isa_simd_f64x2.pmax,wago,ns/op,463.3,463.05,-0.053960716598311365,0.9372294372294372,6,6,reported,paired
explicit,BenchmarkExecParallel/independent/isa_simd_f64x2.eq,wago,ns/op,465.2,461,-0.9028374892519286,0.48484848484848486,6,6,reported,paired
explicit,BenchmarkExecParallel/independent/isa_simd_f64x2.ne,wago,ns/op,468,462.25,-1.2286324786324743,0.8506493506493507,6,6,reported,paired
explicit,BenchmarkExecParallel/independent/isa_simd_f64x2.lt,wago,ns/op,465.5,462.3,-0.6874328678839969,0.8181818181818182,6,6,reported,paired
explicit,BenchmarkExecParallel/independent/isa_simd_f64x2.gt,wago,ns/op,462.25,460.3,-0.4218496484586276,0.9372294372294372,6,6,reported,paired
explicit,BenchmarkExecParallel/independent/isa_simd_f64x2.le,wago,ns/op,463.95,464.2,0.05388511693069642,1,6,6,reported,paired
explicit,BenchmarkExecParallel/independent/isa_simd_f64x2.ge,wago,ns/op,462.3,462.6,0.06489292667100077,0.8181818181818182,6,6,reported,paired
explicit,BenchmarkExecParallel/independent/isa_simd_f64x2.convert_low_i32x4_s,wago,ns/op,347.6,350.2,0.7479861910241636,0.48484848484848486,6,6,reported,paired
explicit,BenchmarkExecParallel/independent/isa_simd_f64x2.convert_low_i32x4_u,wago,ns/op,618.3,627.2,1.4394306970726412,0.5887445887445888,6,6,reported,paired
explicit,BenchmarkExecParallel/independent/isa_simd_f64x2.promote_low_f32x4,wago,ns/op,349.1,350.35,0.3580635920939601,1,6,6,reported,paired
explicit,BenchmarkExecParallel/process/isa_simd_f64x2.abs,wago,ns/op,275.65,277.25,0.5804462180301284,1,6,6,reported,paired
explicit,BenchmarkExecParallel/process/isa_simd_f64x2.neg,wago,ns/op,276.6,279.5,1.0484454085321726,0.6991341991341992,6,6,reported,paired
explicit,BenchmarkExecParallel/process/isa_simd_f64x2.sqrt,wago,ns/op,2724,2749,0.9177679882525602,0.30952380952380953,6,6,reported,paired
explicit,BenchmarkExecParallel/process/isa_simd_f64x2.ceil,wago,ns/op,349.35,349.6,0.07156147130384927,0.8181818181818182,6,6,reported,paired
explicit,BenchmarkExecParallel/process/isa_simd_f64x2.floor,wago,ns/op,351.25,349.04999999999995,-0.6263345195729686,0.9004329004329005,6,6,reported,paired
explicit,BenchmarkExecParallel/process/isa_simd_f64x2.trunc,wago,ns/op,349.15,350.45,0.3723328082485988,0.6991341991341992,6,6,reported,paired
explicit,BenchmarkExecParallel/process/isa_simd_f64x2.nearest,wago,ns/op,351.15,353.85,0.7689021785561856,0.9372294372294372,6,6,reported,paired
explicit,BenchmarkExecParallel/process/isa_simd_f64x2.add,wago,ns/op,696.2,692.2,-0.5745475438092451,0.3939393939393939,6,6,reported,paired
explicit,BenchmarkExecParallel/process/isa_simd_f64x2.sub,wago,ns/op,689.8,688.25,-0.22470281240938306,0.7316017316017316,6,6,reported,paired
explicit,BenchmarkExecParallel/process/isa_simd_f64x2.mul,wago,ns/op,683.2,685.15,0.2854215456674414,0.9372294372294372,6,6,reported,paired
explicit,BenchmarkExecParallel/process/isa_simd_f64x2.div,wago,ns/op,3027.5,3022.5,-0.16515276630884035,1,6,6,reported,paired
explicit,BenchmarkExecParallel/process/isa_simd_f64x2.min,wago,ns/op,1497.5,1506.5,0.601001669449075,0.5822510822510822,6,6,reported,paired
explicit,BenchmarkExecParallel/process/isa_simd_f64x2.max,wago,ns/op,1502,1572,4.6604527296937315,0.17965367965367965,6,6,reported,paired
explicit,BenchmarkExecParallel/process/isa_simd_f64x2.pmin,wago,ns/op,461.75,471.85,2.1873308067136055,0.24025974025974026,6,6,reported,paired
explicit,BenchmarkExecParallel/process/isa_simd_f64x2.pmax,wago,ns/op,461.85,466.4,0.9851683447006598,0.5887445887445888,6,6,reported,paired
explicit,BenchmarkExecParallel/process/isa_simd_f64x2.eq,wago,ns/op,459.4,470.55,2.4270787984327358,0.6666666666666666,6,6,reported,paired
explicit,BenchmarkExecParallel/process/isa_simd_f64x2.ne,wago,ns/op,470.15,469.2,-0.20206317132829277,0.8181818181818182,6,6,reported,paired
explicit,BenchmarkExecParallel/process/isa_simd_f64x2.lt,wago,ns/op,462.9,464.79999999999995,0.4104558219917953,0.9004329004329005,6,6,reported,paired
explicit,BenchmarkExecParallel/process/isa_simd_f64x2.gt,wago,ns/op,460.1,468.29999999999995,1.7822212562486284,0.25757575757575757,6,6,reported,paired
explicit,BenchmarkExecParallel/process/isa_simd_f64x2.le,wago,ns/op,462.5,463.65,0.24864864864864167,0.5887445887445888,6,6,reported,paired
explicit,BenchmarkExecParallel/process/isa_simd_f64x2.ge,wago,ns/op,462.4,466.6,0.9083044982699073,0.8181818181818182,6,6,reported,paired
explicit,BenchmarkExecParallel/process/isa_simd_f64x2.convert_low_i32x4_s,wago,ns/op,350,349.25,-0.2142857142857113,0.6991341991341992,6,6,reported,paired
explicit,BenchmarkExecParallel/process/isa_simd_f64x2.convert_low_i32x4_u,wago,ns/op,625.8,623.1500000000001,-0.42345797379351735,0.9372294372294372,6,6,reported,paired
explicit,BenchmarkExecParallel/process/isa_simd_f64x2.promote_low_f32x4,wago,ns/op,352.5,349.4,-0.8794326241134853,0.8181818181818182,6,6,reported,paired
explicit,BenchmarkExecParallel/independent/isa_simd_reduce.v128_any_true,wago,ns/op,282.45,275.3,-2.5314214905292842,0.24025974025974026,6,6,reported,paired
explicit,BenchmarkExecParallel/independent/isa_simd_reduce.i8x16_all_true,wago,ns/op,263.2,259.25,-1.5007598784194442,0.8181818181818182,6,6,reported,paired
explicit,BenchmarkExecParallel/independent/isa_simd_reduce.i8x16_bitmask,wago,ns/op,232,222.2,-4.224137931034488,0.04329004329004329,6,6,reported,paired
explicit,BenchmarkExecParallel/independent/isa_simd_reduce.i16x8_all_true,wago,ns/op,265.85,252.35000000000002,-5.078051532819261,0.30952380952380953,6,6,reported,paired
explicit,BenchmarkExecParallel/independent/isa_simd_reduce.i16x8_bitmask,wago,ns/op,232.5,236.15,1.5698924731182728,0.7337662337662337,6,6,reported,paired
explicit,BenchmarkExecParallel/independent/isa_simd_reduce.i32x4_all_true,wago,ns/op,270.4,242.2,-10.428994082840237,0.24025974025974026,6,6,reported,paired
explicit,BenchmarkExecParallel/independent/isa_simd_reduce.i32x4_bitmask,wago,ns/op,227.4,215.85,-5.079155672823221,0.13203463203463203,6,6,reported,paired
explicit,BenchmarkExecParallel/independent/isa_simd_reduce.i64x2_all_true,wago,ns/op,280.65,256.05,-8.765366114377326,0.04112554112554113,6,6,reported,paired
explicit,BenchmarkExecParallel/independent/isa_simd_reduce.i64x2_bitmask,wago,ns/op,221,213.5,-3.3936651583710398,0.48484848484848486,6,6,reported,paired
explicit,BenchmarkExecParallel/process/isa_simd_reduce.v128_any_true,wago,ns/op,278.2,274.05,-1.4917325664989156,0.5887445887445888,6,6,reported,paired
explicit,BenchmarkExecParallel/process/isa_simd_reduce.i8x16_all_true,wago,ns/op,254.7,251.8,-1.1385944248134994,1,6,6,reported,paired
explicit,BenchmarkExecParallel/process/isa_simd_reduce.i8x16_bitmask,wago,ns/op,223.7,232.5,3.9338399642378175,0.17965367965367965,6,6,reported,paired
explicit,BenchmarkExecParallel/process/isa_simd_reduce.i16x8_all_true,wago,ns/op,249.5,252.14999999999998,1.0621242484969873,0.3939393939393939,6,6,reported,paired
explicit,BenchmarkExecParallel/process/isa_simd_reduce.i16x8_bitmask,wago,ns/op,233.45,232,-0.6211180124223503,1,6,6,reported,paired
explicit,BenchmarkExecParallel/process/isa_simd_reduce.i32x4_all_true,wago,ns/op,256.6,257.25,0.2533125487139465,0.9372294372294372,6,6,reported,paired
explicit,BenchmarkExecParallel/process/isa_simd_reduce.i32x4_bitmask,wago,ns/op,220.25,228.2,3.6095346197502876,0.36796536796536794,6,6,reported,paired
explicit,BenchmarkExecParallel/process/isa_simd_reduce.i64x2_all_true,wago,ns/op,248.9,252.65,1.5066291683407007,0.854978354978355,6,6,reported,paired
explicit,BenchmarkExecParallel/process/isa_simd_reduce.i64x2_bitmask,wago,ns/op,218.9,225.2,2.8780264961169477,0.48484848484848486,6,6,reported,paired
explicit,BenchmarkInstantiate/tiny,wago,ns/op,1395.5,1403.5,0.5732712289501896,0.5627705627705628,6,6,reported,paired
explicit,BenchmarkInstantiate/fib_iter,wago,ns/op,1415.5,1406.5,-0.635817732250088,0.7337662337662337,6,6,reported,paired
explicit,BenchmarkInstantiate/fib_rec,wago,ns/op,1440.5,1421,-1.3536966331134992,0.7835497835497836,6,6,reported,paired
explicit,BenchmarkInstantiate/arith,wago,ns/op,1420.5,1418.5,-0.14079549454417695,0.9372294372294372,6,6,reported,paired
explicit,BenchmarkInstantiate/float,wago,ns/op,1444,1420,-1.66204986149584,0.6190476190476191,6,6,reported,paired
explicit,BenchmarkInstantiate/memory,wago,ns/op,1438,1462,1.6689847009735637,0.6666666666666666,6,6,reported,paired
explicit,BenchmarkInstantiate/memory_tree,wago,ns/op,1470.5,1464.5,-0.4080244814688827,0.8181818181818182,6,6,reported,paired
explicit,BenchmarkInstantiate/globals,wago,ns/op,1575,1547.5,-1.746031746031751,0.7316017316017316,6,6,reported,paired
explicit,BenchmarkInstantiate/dispatch,wago,ns/op,1976,1876,-5.060728744939269,0.0021645021645021645,6,6,reported,paired
explicit,BenchmarkInstantiate/branches,wago,ns/op,1476,1461.5,-0.9823848238482369,0.2597402597402597,6,6,reported,paired
explicit,BenchmarkInstantiate/many_funcs,wago,ns/op,1466,1444.5,-1.4665757162346527,0.5627705627705628,6,6,reported,paired
explicit,BenchmarkInstantiate/linked_list,wago,ns/op,2958,2947,-0.37187288708586674,0.8181818181818182,6,6,reported,paired
explicit,BenchmarkInstantiate/mandelbrot,wago,ns/op,1469,1484.5,1.0551395507147676,0.6991341991341992,6,6,reported,paired
explicit,BenchmarkInstantiate/sieve,wago,ns/op,3681.5,3663.5,-0.48893114219746847,0.6753246753246753,6,6,reported,paired
explicit,BenchmarkInstantiate/nbody,wago,ns/op,3834.5,3789.5,-1.173555874299126,0.17965367965367965,6,6,reported,paired
explicit,BenchmarkInstantiate/spectralnorm,wago,ns/op,3844.5,3783.5,-1.5866822733775487,0.09307359307359307,6,6,reported,paired
explicit,BenchmarkInstantiate/fannkuch,wago,ns/op,3823.5,3794,-0.7715443964953606,0.5887445887445888,6,6,reported,paired
explicit,BenchmarkInstantiate/matmul,wago,ns/op,3836.5,3802.5,-0.8862244233024841,0.6190476190476191,6,6,reported,paired
explicit,BenchmarkInstantiate/quicksort,wago,ns/op,3839,3800,-1.015889554571503,0.19480519480519481,6,6,reported,paired
explicit,BenchmarkInstantiate/crc32,wago,ns/op,5860,5750.5,-1.8686006825938573,0.30952380952380953,6,6,reported,paired
explicit,BenchmarkInstantiate/sha256,wago,ns/op,5744,5728.5,-0.2698467966573803,0.9372294372294372,6,6,reported,paired
explicit,BenchmarkInstantiate/raytrace,wago,ns/op,3979.5,3947,-0.8166855132554329,0.13203463203463203,6,6,reported,paired
explicit,BenchmarkInstantiate/json-as,wago,ns/op,12453,12454.5,0.012045290291506916,1,6,6,reported,paired
explicit,BenchmarkInstantiate/blake-as,wago,ns/op,1984.5,1975,-0.47871000251952234,0.9372294372294372,6,6,reported,paired
explicit,BenchmarkInstantiate/utf-as,wago,ns/op,4203.5,4265,1.4630664922088643,1,6,6,reported,paired
explicit,BenchmarkInstantiate/xjb-mulhi,wago,ns/op,988.65,931.75,-5.755322915086225,0.06493506493506493,6,6,reported,paired
explicit,BenchmarkInstantiate/swar-pack-parse,wago,ns/op,985.95,946.45,-4.0062883513362735,0.13203463203463203,6,6,reported,paired
explicit,BenchmarkInstantiate/json-as-simd,wago,ns/op,12783.5,12679,-0.8174600070403271,1,6,6,reported,paired
explicit,BenchmarkInstantiate/blake-as-simd,wago,ns/op,1995.5,1971,-1.2277624655474773,0.5887445887445888,6,6,reported,paired
explicit,BenchmarkInstantiate/utf-as-simd,wago,ns/op,13665,13211.5,-3.318697402122206,0.22294372294372294,6,6,reported,paired
explicit,BenchmarkInstantiate/coremark,wago,ns/op,2147,2143.5,-0.16301816488123455,0.9372294372294372,6,6,reported,paired
explicit,BenchmarkInstantiate/blake3,wago,ns/op,5976.5,5776.5,-3.3464402242115,0.09307359307359307,6,6,reported,paired
explicit,BenchmarkInstantiate/qoi,wago,ns/op,4034.5,3934.5,-2.478621886231258,0.6991341991341992,6,6,reported,paired
explicit,BenchmarkInstantiate/lz4,wago,ns/op,5947.5,5954,0.10928961748633004,0.6991341991341992,6,6,reported,paired
explicit,BenchmarkInstantiate/zlib,wago,ns/op,6575,6509.5,-0.9961977186311755,0.5887445887445888,6,6,reported,paired
explicit,BenchmarkInstantiate/zstd,wago,ns/op,6753,6736,-0.2517399674218823,0.48484848484848486,6,6,reported,paired
explicit,BenchmarkInstantiate/isa_i32,wago,ns/op,1496,1465.5,-2.0387700534759357,0.5887445887445888,6,6,reported,paired
explicit,BenchmarkInstantiate/isa_i64,wago,ns/op,1508.5,1489.5,-1.2595293337752778,0.3939393939393939,6,6,reported,paired
explicit,BenchmarkInstantiate/isa_f32,wago,ns/op,1515.5,1508,-0.4948861761794765,0.6991341991341992,6,6,reported,paired
explicit,BenchmarkInstantiate/isa_f64,wago,ns/op,1505.5,1472,-2.2251743606775176,0.14285714285714285,6,6,reported,paired
explicit,BenchmarkInstantiate/isa_mem,wago,ns/op,3805.5,3774,-0.8277493102089029,0.14285714285714285,6,6,reported,paired
explicit,BenchmarkInstantiate/isa_bulk_mem,wago,ns/op,1991.5,1995.5,0.20085362791866235,0.8181818181818182,6,6,reported,paired
explicit,BenchmarkInstantiate/isa_ctl,wago,ns/op,1516,1499,-1.121372031662271,0.5887445887445888,6,6,reported,paired
explicit,BenchmarkInstantiate/isa_call,wago,ns/op,1862,1746.5,-6.203007518796988,0.006493506493506494,6,6,reported,paired
explicit,BenchmarkInstantiate/isa_var,wago,ns/op,1634,1597,-2.2643818849449215,0.30952380952380953,6,6,reported,paired
explicit,BenchmarkInstantiate/isa_cvt,wago,ns/op,1517.5,1488.5,-1.91103789126853,0.22294372294372294,6,6,reported,paired
explicit,BenchmarkInstantiate/isa_simd_v128,wago,ns/op,1534,1475.5,-3.8135593220338992,0.13203463203463203,6,6,reported,paired
explicit,BenchmarkInstantiate/isa_simd_i8x16,wago,ns/op,1517.5,1469,-3.196046128500829,0.2597402597402597,6,6,reported,paired
explicit,BenchmarkInstantiate/isa_simd_i16x8,wago,ns/op,1520,1505.5,-0.9539473684210487,0.854978354978355,6,6,reported,paired
explicit,BenchmarkInstantiate/isa_simd_i32x4,wago,ns/op,1499,1496.5,-0.16677785190126748,0.47186147186147187,6,6,reported,paired
explicit,BenchmarkInstantiate/isa_simd_i64x2,wago,ns/op,1523.5,1541,1.1486708237610666,0.7012987012987013,6,6,reported,paired
explicit,BenchmarkInstantiate/isa_simd_f32x4,wago,ns/op,1516,1498.5,-1.1543535620052725,0.6190476190476191,6,6,reported,paired
explicit,BenchmarkInstantiate/isa_simd_f64x2,wago,ns/op,1495.5,1485,-0.7021063189568744,0.9372294372294372,6,6,reported,paired
explicit,BenchmarkInstantiate/isa_simd_reduce,wago,ns/op,1499,1513.5,0.9673115410273603,0.6991341991341992,6,6,reported,paired
explicit,BenchmarkInstantiate_wago,wago,ns/op,949.65,953.1,0.36329173906175516,0.9372294372294372,6,6,reported,paired
explicit,BenchmarkInstantiate_wazero,wazero,ns/op,9035,8947.5,-0.9684560044272317,0.30952380952380953,6,6,reported,paired
explicit,BenchmarkJsonAsDeserialize_wago,wago,ns/op,206.85000000000002,208.05,0.5801305293690939,0.9372294372294372,6,6,reported,paired
explicit,BenchmarkJsonAsDeserialize_wazero,wazero,ns/op,311.5,311.7,0.06420545746388395,0.8181818181818182,6,6,reported,paired
explicit,BenchmarkJsonAsSerialize_wago,wago,ns/op,120.25,120.35,0.08316008316007206,0.974025974025974,6,6,reported,paired
explicit,BenchmarkJsonAsSerialize_wazero,wazero,ns/op,160.55,158.75,-1.1211460604173218,0.8506493506493507,6,6,reported,paired
explicit,BenchmarkKernels/step,wago,ns/op,273646,274323,0.24739992545113054,0.48484848484848486,6,6,reported,paired
explicit,BenchmarkKernels/run,wago,ns/op,633085,633650.5,0.08932449829011091,0.17965367965367965,6,6,reported,paired
explicit,BenchmarkKernels/run#01,wago,ns/op,11060372.5,11076803.5,0.14855738357817394,0.48484848484848486,6,6,reported,paired
explicit,BenchmarkKernels/run#02,wago,ns/op,142348,143434.5,0.7632702953325632,0.09307359307359307,6,6,reported,paired
explicit,BenchmarkKernels/sortN,wago,ns/op,57123.5,56935,-0.329986783022751,0.8181818181818182,6,6,reported,paired
explicit,BenchmarkKernels/hashN,wago,ns/op,310917.5,310029,-0.28576712471958254,0.9372294372294372,6,6,reported,paired
explicit,BenchmarkKernels/render,wago,ns/op,373602.5,374441,0.22443639964935258,0.5887445887445888,6,6,reported,paired
explicit,BenchmarkPluginExec/wasm3,wago,ns/op,25542937,23964952.5,-6.177772352490241,0.004329004329004329,6,6,reported,paired
explicit,BenchmarkPluginExec/lua,wago,ns/op,1974415,1964561.5,-0.4990592150079909,0.9372294372294372,6,6,reported,paired
explicit,BenchmarkPluginExec/sqlite3,wago,ns/op,1998616,1885167.5,-5.676353036301118,0.09307359307359307,6,6,reported,paired
explicit,BenchmarkPluginExec/ruby,wago,ns/op,13555084.5,13961442.5,2.997827125312269,0.6991341991341992,6,6,reported,paired
explicit,BenchmarkPluginExec/esbuild,wago,ns/op,35491021,36227988,2.076488585662273,0.8181818181818182,6,6,reported,paired
explicit,BenchmarkPluginInstantiate/wasm3,wago,ns/op,172164.5,158630.5,-7.861086344745871,0.004329004329004329,6,6,reported,paired
explicit,BenchmarkPluginInstantiate/lua,wago,ns/op,171398.5,140053,-18.28808303456565,0.008658008658008658,6,6,reported,paired
explicit,BenchmarkPluginInstantiate/sqlite3,wago,ns/op,273376,229565,-16.025913028210226,0.06493506493506493,6,6,reported,paired
explicit,BenchmarkPluginInstantiate/ruby,wago,ns/op,2357666,2137152,-9.353063580676825,0.025974025974025976,6,6,reported,paired
explicit,BenchmarkPluginInstantiate/esbuild,wago,ns/op,1496696.5,1411693,-5.679407949440652,0.09307359307359307,6,6,reported,paired
explicit,BenchmarkValidate/tiny,wago,ns/op,710.1500000000001,735.9000000000001,3.6259945082024903,0.09307359307359307,6,6,reported,paired
explicit,BenchmarkValidate/fib_iter,wago,ns/op,1214.5,1079,-11.156854672704819,0.0021645021645021645,6,6,reported,paired
explicit,BenchmarkValidate/fib_rec,wago,ns/op,986.5999999999999,950.05,-3.7046422055544204,0.09307359307359307,6,6,reported,paired
explicit,BenchmarkValidate/arith,wago,ns/op,1330,1262,-5.112781954887213,0.015151515151515152,6,6,reported,paired
explicit,BenchmarkValidate/float,wago,ns/op,1134,1089,-3.9682539682539653,0.010822510822510822,6,6,reported,paired
explicit,BenchmarkValidate/memory,wago,ns/op,1943,1774,-8.69788986103963,0.0021645021645021645,6,6,reported,paired
explicit,BenchmarkValidate/memory_tree,wago,ns/op,2909,2695.5,-7.339291852870399,0.0021645021645021645,6,6,reported,paired
explicit,BenchmarkValidate/globals,wago,ns/op,1478,1518.5,2.740189445196206,0.2878787878787879,6,6,reported,paired
explicit,BenchmarkValidate/dispatch,wago,ns/op,1598,1541.5,-3.535669586983725,0.13203463203463203,6,6,reported,paired
explicit,BenchmarkValidate/branches,wago,ns/op,1060.5,1114.5,5.09193776520509,0.13203463203463203,6,6,reported,paired
explicit,BenchmarkValidate/many_funcs,wago,ns/op,32581.5,29096.5,-10.696254009176986,0.0021645021645021645,6,6,reported,paired
explicit,BenchmarkValidate/linked_list,wago,ns/op,2121.5,1934,-8.8380862597219,0.006493506493506494,6,6,reported,paired
explicit,BenchmarkValidate/mandelbrot,wago,ns/op,3184.5,2745,-13.801224682053693,0.0021645021645021645,6,6,reported,paired
explicit,BenchmarkValidate/sieve,wago,ns/op,2781.5,2450,-11.918029840014377,0.0021645021645021645,6,6,reported,paired
explicit,BenchmarkValidate/nbody,wago,ns/op,18673,15425.5,-17.391420767953726,0.0021645021645021645,6,6,reported,paired
explicit,BenchmarkValidate/spectralnorm,wago,ns/op,14327,11904,-16.912123961750535,0.0021645021645021645,6,6,reported,paired
explicit,BenchmarkValidate/fannkuch,wago,ns/op,23268.5,19106.5,-17.88684272729226,0.0021645021645021645,6,6,reported,paired
explicit,BenchmarkValidate/matmul,wago,ns/op,11389.5,9146,-19.697967426138106,0.0021645021645021645,6,6,reported,paired
explicit,BenchmarkValidate/quicksort,wago,ns/op,11672.5,10062.5,-13.793103448275868,0.0021645021645021645,6,6,reported,paired
explicit,BenchmarkValidate/crc32,wago,ns/op,6604.5,5793,-12.287076992959346,0.0021645021645021645,6,6,reported,paired
explicit,BenchmarkValidate/sha256,wago,ns/op,17112,14946.5,-12.654862085086494,0.0021645021645021645,6,6,reported,paired
explicit,BenchmarkValidate/raytrace,wago,ns/op,52533,42861.5,-18.410332552871534,0.0021645021645021645,6,6,reported,paired
explicit,BenchmarkValidate/regexmatch,wago,ns/op,9343719,7855604,-15.926367220589576,0.0021645021645021645,6,6,reported,paired
explicit,BenchmarkValidate/wasm3,wago,ns/op,1832282,1520907,-16.993836101648107,0.0021645021645021645,6,6,reported,paired
explicit,BenchmarkValidate/json-as,wago,ns/op,216447,179596,-17.025414997666864,0.0021645021645021645,6,6,reported,paired
explicit,BenchmarkValidate/blake-as,wago,ns/op,64906,51922.5,-20.00354358610914,0.0021645021645021645,6,6,reported,paired
explicit,BenchmarkValidate/utf-as,wago,ns/op,38964,35957.5,-7.716096909968173,0.0021645021645021645,6,6,reported,paired
explicit,BenchmarkValidate/xjb-mulhi,wago,ns/op,3557.5,3230.5,-9.191848208011244,0.0021645021645021645,6,6,reported,paired
explicit,BenchmarkValidate/swar-pack-parse,wago,ns/op,3200,3018.5,-5.6718750000000036,0.0021645021645021645,6,6,reported,paired
explicit,BenchmarkValidate/json-as-simd,wago,ns/op,253351,207378,-18.145971399362935,0.0021645021645021645,6,6,reported,paired
explicit,BenchmarkValidate/blake-as-simd,wago,ns/op,280533,231200.5,-17.58527517261784,0.0021645021645021645,6,6,reported,paired
explicit,BenchmarkValidate/utf-as-simd,wago,ns/op,126091,111721,-11.396531076762017,0.0021645021645021645,6,6,reported,paired
explicit,BenchmarkValidate/coremark,wago,ns/op,92658.5,71914.5,-22.387584517340553,0.0021645021645021645,6,6,reported,paired
explicit,BenchmarkValidate/blake3,wago,ns/op,176578,137936.5,-21.883530224603287,0.0021645021645021645,6,6,reported,paired
explicit,BenchmarkValidate/qoi,wago,ns/op,34332.5,27541,-19.781548095827574,0.0021645021645021645,6,6,reported,paired
explicit,BenchmarkValidate/lz4,wago,ns/op,33543.5,27191,-18.938095309076274,0.0021645021645021645,6,6,reported,paired
explicit,BenchmarkValidate/zlib,wago,ns/op,180481,142547.5,-21.01800189493631,0.0021645021645021645,6,6,reported,paired
explicit,BenchmarkValidate/zstd,wago,ns/op,779836.5,633478,-18.76784428530852,0.0021645021645021645,6,6,reported,paired
explicit,BenchmarkValidate/lua,wago,ns/op,3466491,2878364.5,-16.96604722181595,0.0021645021645021645,6,6,reported,paired
explicit,BenchmarkValidate/sqlite3,wago,ns/op,13348902,11428754.5,-14.38431040994982,0.0021645021645021645,6,6,reported,paired
explicit,BenchmarkValidate/ruby,wago,ns/op,148893000.5,123223395,-17.24030371729932,0.0021645021645021645,6,6,reported,paired
explicit,BenchmarkValidate/esbuild,wago,ns/op,101511045,87295889,-14.003555967727454,0.0021645021645021645,6,6,reported,paired
explicit,BenchmarkValidate/isa_i32,wago,ns/op,81159.5,60428,-25.54414455485803,0.0021645021645021645,6,6,reported,paired
explicit,BenchmarkValidate/isa_i64,wago,ns/op,82311.5,61662.5,-25.08640955395054,0.0021645021645021645,6,6,reported,paired
explicit,BenchmarkValidate/isa_f32,wago,ns/op,56009.5,40567.5,-27.57032289165231,0.0021645021645021645,6,6,reported,paired
explicit,BenchmarkValidate/isa_f64,wago,ns/op,56099.5,40679.5,-27.48687599711227,0.0021645021645021645,6,6,reported,paired
explicit,BenchmarkValidate/isa_mem,wago,ns/op,33391.5,26331.5,-21.143105281284157,0.0021645021645021645,6,6,reported,paired
explicit,BenchmarkValidate/isa_bulk_mem,wago,ns/op,5320.5,5001.5,-5.995677098017104,0.0021645021645021645,6,6,reported,paired
explicit,BenchmarkValidate/isa_ctl,wago,ns/op,28515,23296.5,-18.300894266175693,0.0021645021645021645,6,6,reported,paired
explicit,BenchmarkValidate/isa_call,wago,ns/op,6992.5,5452,-22.030747229174118,0.0021645021645021645,6,6,reported,paired
explicit,BenchmarkValidate/isa_var,wago,ns/op,9355.5,6723,-28.13852813852814,0.0021645021645021645,6,6,reported,paired
explicit,BenchmarkValidate/isa_cvt,wago,ns/op,24044.5,19201,-20.143899852357084,0.0021645021645021645,6,6,reported,paired
explicit,BenchmarkValidate/isa_simd_v128,wago,ns/op,31331.5,24852.5,-20.678869508322293,0.0021645021645021645,6,6,reported,paired
explicit,BenchmarkValidate/isa_simd_i8x16,wago,ns/op,144635,111383.5,-22.989940194282156,0.0021645021645021645,6,6,reported,paired
explicit,BenchmarkValidate/isa_simd_i16x8,wago,ns/op,187867.5,145483,-22.560847405751396,0.0021645021645021645,6,6,reported,paired
explicit,BenchmarkValidate/isa_simd_i32x4,wago,ns/op,168155.5,132708.5,-21.07989331303466,0.0021645021645021645,6,6,reported,paired
explicit,BenchmarkValidate/isa_simd_i64x2,wago,ns/op,101251,78604.5,-22.366692674640255,0.0021645021645021645,6,6,reported,paired
explicit,BenchmarkValidate/isa_simd_f32x4,wago,ns/op,108148.5,85166.5,-21.25041031544589,0.0021645021645021645,6,6,reported,paired
explicit,BenchmarkValidate/isa_simd_f64x2,wago,ns/op,110713.5,84348.5,-23.813717387671783,0.0021645021645021645,6,6,reported,paired
explicit,BenchmarkValidate/isa_simd_reduce,wago,ns/op,30159,26285,-12.845253489837194,0.0021645021645021645,6,6,reported,paired
explicit,BenchmarkValidateWorkers/tiny/p1,wago,ns/op,712.7,742.0999999999999,4.12515785042793,0.09307359307359307,6,6,reported,paired
explicit,BenchmarkValidateWorkers/tiny/p2,wago,ns/op,3661.5,3797,3.7006691246756818,0.09307359307359307,6,6,reported,paired
explicit,BenchmarkValidateWorkers/tiny/p4,wago,ns/op,3694,3731,1.0016242555495491,0.48484848484848486,6,6,reported,paired
explicit,BenchmarkValidateWorkers/tiny/p8,wago,ns/op,3707.5,3841,3.6008091706001277,0.06493506493506493,6,6,reported,paired
explicit,BenchmarkValidateWorkers/many_funcs/p1,wago,ns/op,31370,28904,-7.861013707363728,0.0021645021645021645,6,6,reported,paired
explicit,BenchmarkValidateWorkers/many_funcs/p2,wago,ns/op,30312,29368,-3.1142781736606007,0.04112554112554113,6,6,reported,paired
explicit,BenchmarkValidateWorkers/many_funcs/p4,wago,ns/op,29069.5,28118,-3.273190113349045,0.24025974025974026,6,6,reported,paired
explicit,BenchmarkValidateWorkers/many_funcs/p8,wago,ns/op,29287,28601.5,-2.340628947997403,0.06493506493506493,6,6,reported,paired
explicit,BenchmarkValidateWorkers/json-as/p1,wago,ns/op,206087,181447,-11.95611562107265,0.0021645021645021645,6,6,reported,paired
explicit,BenchmarkValidateWorkers/json-as/p2,wago,ns/op,128513,115279,-10.297790884968839,0.0021645021645021645,6,6,reported,paired
explicit,BenchmarkValidateWorkers/json-as/p4,wago,ns/op,87336,79775,-8.657369240633873,0.0021645021645021645,6,6,reported,paired
explicit,BenchmarkValidateWorkers/json-as/p8,wago,ns/op,82476.5,77171,-6.43274144756385,0.0021645021645021645,6,6,reported,paired
explicit,BenchmarkValidateWorkers/lua/p1,wago,ns/op,3397967.5,2883532.5,-15.139491475418765,0.0021645021645021645,6,6,reported,paired
explicit,BenchmarkValidateWorkers/lua/p2,wago,ns/op,1754055,1511901.5,-13.805353880009463,0.0021645021645021645,6,6,reported,paired
explicit,BenchmarkValidateWorkers/lua/p4,wago,ns/op,1040400.5,853549.5,-17.959526163241947,0.0021645021645021645,6,6,reported,paired
explicit,BenchmarkValidateWorkers/lua/p8,wago,ns/op,771512,652256.5,-15.45737460985701,0.0021645021645021645,6,6,reported,paired
explicit,BenchmarkValidateWorkers/sqlite3/p1,wago,ns/op,13190141.5,11324318.5,-14.145587444986852,0.0021645021645021645,6,6,reported,paired
explicit,BenchmarkValidateWorkers/sqlite3/p2,wago,ns/op,6663470,5767935.5,-13.43946172189565,0.0021645021645021645,6,6,reported,paired
explicit,BenchmarkValidateWorkers/sqlite3/p4,wago,ns/op,3525697.5,3086290.5,-12.462980729345041,0.0021645021645021645,6,6,reported,paired
explicit,BenchmarkValidateWorkers/sqlite3/p8,wago,ns/op,2138885.5,1848631.5,-13.570338384172508,0.0021645021645021645,6,6,reported,paired
explicit,BenchmarkValidateWorkers/ruby/p1,wago,ns/op,150115914.5,121411400.5,-19.121566221414852,0.0021645021645021645,6,6,reported,paired
explicit,BenchmarkValidateWorkers/ruby/p2,wago,ns/op,77081793.5,63527334.5,-17.584514299086717,0.0021645021645021645,6,6,reported,paired
explicit,BenchmarkValidateWorkers/ruby/p4,wago,ns/op,40036257,33566311,-16.160216975328133,0.0021645021645021645,6,6,reported,paired
explicit,BenchmarkValidateWorkers/ruby/p8,wago,ns/op,24833780,19899217,-19.870366090059587,0.0021645021645021645,6,6,reported,paired
explicit,BenchmarkValidateWorkers/esbuild/p1,wago,ns/op,102373958.5,88638182,-13.417256401196987,0.0021645021645021645,6,6,reported,paired
explicit,BenchmarkValidateWorkers/esbuild/p2,wago,ns/op,54060855,47358562,-12.39768220461922,0.0021645021645021645,6,6,reported,paired
explicit,BenchmarkValidateWorkers/esbuild/p4,wago,ns/op,30539077.5,26424639.5,-13.472699036177504,0.0021645021645021645,6,6,reported,paired
explicit,BenchmarkValidateWorkers/esbuild/p8,wago,ns/op,19766248,18652443.5,-5.634880732043834,0.48484848484848486,6,6,reported,paired
explicit,BenchmarkWazeroCompile/tiny,wazero,ns/op,58492.5,58449,-0.07436850878317358,0.6991341991341992,6,6,reported,paired
explicit,BenchmarkWazeroCompile/fib_iter,wazero,ns/op,58698,58314.5,-0.6533442366009057,0.6991341991341992,6,6,reported,paired
explicit,BenchmarkWazeroCompile/fib_rec,wazero,ns/op,55874,56200,0.583455632315566,1,6,6,reported,paired
explicit,BenchmarkWazeroCompile/arith,wazero,ns/op,58363.5,58240.5,-0.21074815595363283,0.8181818181818182,6,6,reported,paired
explicit,BenchmarkWazeroCompile/float,wazero,ns/op,58298.5,56983.5,-2.255632649210526,0.17965367965367965,6,6,reported,paired
explicit,BenchmarkWazeroCompile/memory,wazero,ns/op,83214.5,83410.5,0.23553587415654498,1,6,6,reported,paired
explicit,BenchmarkWazeroCompile/memory_tree,wazero,ns/op,96946.5,93093.5,-3.9743569907113696,0.3939393939393939,6,6,reported,paired
explicit,BenchmarkWazeroCompile/globals,wazero,ns/op,69022.5,70120.5,1.590785613386947,0.9372294372294372,6,6,reported,paired
explicit,BenchmarkWazeroCompile/dispatch,wazero,ns/op,76269,78576,3.024820044841281,0.48484848484848486,6,6,reported,paired
explicit,BenchmarkWazeroCompile/branches,wazero,ns/op,55198,56100.5,1.6350230080800054,0.9372294372294372,6,6,reported,paired
explicit,BenchmarkWazeroCompile/many_funcs,wazero,ns/op,1089703.5,1097782,0.7413484493717704,0.9372294372294372,6,6,reported,paired
explicit,BenchmarkWazeroCompile/linked_list,wazero,ns/op,83501,81299,-2.637094166536924,0.06493506493506493,6,6,reported,paired
explicit,BenchmarkWazeroCompile/mandelbrot,wazero,ns/op,89577.5,87626.5,-2.178002288521108,0.24025974025974026,6,6,reported,paired
explicit,BenchmarkWazeroCompile/sieve,wazero,ns/op,95128.5,94439.5,-0.7242834692021805,0.9372294372294372,6,6,reported,paired
explicit,BenchmarkWazeroCompile/nbody,wazero,ns/op,393500.5,395263,0.44790286162279536,0.9372294372294372,6,6,reported,paired
explicit,BenchmarkWazeroCompile/spectralnorm,wazero,ns/op,410023,397704.5,-3.0043436587703587,0.30952380952380953,6,6,reported,paired
explicit,BenchmarkWazeroCompile/fannkuch,wazero,ns/op,680726.5,679396,-0.19545294622730358,0.6991341991341992,6,6,reported,paired
explicit,BenchmarkWazeroCompile/matmul,wazero,ns/op,359532.5,350159,-2.607135655330184,0.09307359307359307,6,6,reported,paired
explicit,BenchmarkWazeroCompile/quicksort,wazero,ns/op,344286,328411,-4.610992024073013,0.24025974025974026,6,6,reported,paired
explicit,BenchmarkWazeroCompile/crc32,wazero,ns/op,210195,205986.5,-2.002188444063846,0.5887445887445888,6,6,reported,paired
explicit,BenchmarkWazeroCompile/sha256,wazero,ns/op,440945.5,441408,0.10488824582630674,1,6,6,reported,paired
explicit,BenchmarkWazeroCompile/raytrace,wazero,ns/op,1225228.5,1217347,-0.6432677659718222,0.3939393939393939,6,6,reported,paired
explicit,BenchmarkWazeroCompile/regexmatch,wazero,ns/op,304680408.5,305409386.5,0.2392598866428175,0.8181818181818182,6,6,reported,paired
explicit,BenchmarkWazeroCompile/wasm3,wazero,ns/op,48314189.5,47537160,-1.608284249495684,0.48484848484848486,6,6,reported,paired
explicit,BenchmarkWazeroCompile/json-as,wazero,ns/op,6073860,6057627.5,-0.26725179704504276,0.8181818181818182,6,6,reported,paired
explicit,BenchmarkWazeroCompile/blake-as,wazero,ns/op,870346.5,867884.5,-0.28287584312685077,1,6,6,reported,paired
explicit,BenchmarkWazeroCompile/utf-as,wazero,ns/op,745350.5,734966,-1.3932371414522415,0.24025974025974026,6,6,reported,paired
explicit,BenchmarkWazeroCompile/xjb-mulhi,wazero,ns/op,86892.5,88293,1.6117616595218154,0.8181818181818182,6,6,reported,paired
explicit,BenchmarkWazeroCompile/swar-pack-parse,wazero,ns/op,93033.5,90578,-2.6393718391762078,0.3939393939393939,6,6,reported,paired
explicit,BenchmarkWazeroCompile/json-as-simd,wazero,ns/op,6954171.5,6903434.5,-0.7295908649937677,0.3939393939393939,6,6,reported,paired
explicit,BenchmarkWazeroCompile/blake-as-simd,wazero,ns/op,2627883.5,2566896.5,-2.320764980639367,0.24025974025974026,6,6,reported,paired
explicit,BenchmarkWazeroCompile/utf-as-simd,wazero,ns/op,2278181,2243038,-1.5425903385200779,0.17965367965367965,6,6,reported,paired
explicit,BenchmarkWazeroCompile/coremark,wazero,ns/op,2972170.5,2987683,0.5219249703205087,0.9372294372294372,6,6,reported,paired
explicit,BenchmarkWazeroCompile/blake3,wazero,ns/op,2635237,2609557,-0.9744854068154063,0.3939393939393939,6,6,reported,paired
explicit,BenchmarkWazeroCompile/qoi,wazero,ns/op,915689.5,894467.5,-2.317597832016205,0.3939393939393939,6,6,reported,paired
explicit,BenchmarkWazeroCompile/lz4,wazero,ns/op,1097897,1045553,-4.767660354295533,0.025974025974025976,6,6,reported,paired
explicit,BenchmarkWazeroCompile/zlib,wazero,ns/op,6994195,6827906.5,-2.377521644735381,0.24025974025974026,6,6,reported,paired
explicit,BenchmarkWazeroCompile/zstd,wazero,ns/op,32928090.5,31796816.5,-3.435589439964637,0.6991341991341992,6,6,reported,paired
explicit,BenchmarkWazeroCompile/lua,wazero,ns/op,87405467,84027143,-3.8651174988859727,0.13203463203463203,6,6,reported,paired
explicit,BenchmarkWazeroCompile/sqlite3,wazero,ns/op,366608622.5,365708590,-0.24550227265862645,0.6991341991341992,6,6,reported,paired
explicit,BenchmarkWazeroCompile/ruby,wazero,ns/op,6123135142.5,6091602418.5,-0.5149767768660718,0.48484848484848486,6,6,reported,paired
explicit,BenchmarkWazeroCompile/esbuild,wazero,ns/op,3768574889.5,3820484246.5,1.3774267069663226,0.48484848484848486,6,6,reported,paired
explicit,BenchmarkWazeroCompile/isa_i32,wazero,ns/op,705434.5,687647.5,-2.5214247389374944,0.09307359307359307,6,6,reported,paired
explicit,BenchmarkWazeroCompile/isa_i64,wazero,ns/op,680038,673502.5,-0.9610492354839018,0.6991341991341992,6,6,reported,paired
explicit,BenchmarkWazeroCompile/isa_f32,wazero,ns/op,431158.5,436701.5,1.2856061054113521,0.30952380952380953,6,6,reported,paired
explicit,BenchmarkWazeroCompile/isa_f64,wazero,ns/op,440134.5,441921.5,0.40601225307264066,0.9372294372294372,6,6,reported,paired
explicit,BenchmarkWazeroCompile/isa_mem,wazero,ns/op,476473,471322.5,-1.0809636642579945,0.8181818181818182,6,6,reported,paired
explicit,BenchmarkWazeroCompile/isa_bulk_mem,wazero,ns/op,256238.5,250413,-2.2734678824610666,0.5887445887445888,6,6,reported,paired
explicit,BenchmarkWazeroCompile/isa_ctl,wazero,ns/op,516479.5,474694.5,-8.090350149425095,0.04112554112554113,6,6,reported,paired
explicit,BenchmarkWazeroCompile/isa_call,wazero,ns/op,204849,206502,0.8069358405459637,0.9372294372294372,6,6,reported,paired
explicit,BenchmarkWazeroCompile/isa_var,wazero,ns/op,97087,97519.5,0.44547673735928495,0.48484848484848486,6,6,reported,paired
explicit,BenchmarkWazeroCompile/isa_cvt,wazero,ns/op,273193.5,279861.5,2.440760852655721,0.6991341991341992,6,6,reported,paired
explicit,BenchmarkWazeroCompile/isa_simd_v128,wazero,ns/op,206413.5,204414,-0.9686866411353856,0.48484848484848486,6,6,reported,paired
explicit,BenchmarkWazeroCompile/isa_simd_i8x16,wazero,ns/op,861563.5,831362,-3.505429373458835,0.06493506493506493,6,6,reported,paired
explicit,BenchmarkWazeroCompile/isa_simd_i16x8,wazero,ns/op,1057905,1031685,-2.478483417698185,0.015151515151515152,6,6,reported,paired
explicit,BenchmarkWazeroCompile/isa_simd_i32x4,wazero,ns/op,1095964.5,1063241.5,-2.9857718931589505,0.025974025974025976,6,6,reported,paired
explicit,BenchmarkWazeroCompile/isa_simd_i64x2,wazero,ns/op,802044.5,790422.5,-1.4490467798233153,0.8181818181818182,6,6,reported,paired
explicit,BenchmarkWazeroCompile/isa_simd_f32x4,wazero,ns/op,659488,628444.5,-4.707212261633265,0.09307359307359307,6,6,reported,paired
explicit,BenchmarkWazeroCompile/isa_simd_f64x2,wazero,ns/op,619910,615952,-0.6384797793228092,0.24025974025974026,6,6,reported,paired
explicit,BenchmarkWazeroCompile/isa_simd_reduce,wazero,ns/op,253553,250869,-1.0585558049007515,0.24025974025974026,6,6,reported,paired
explicit,BenchmarkWazeroExec/tiny.add,wazero,ns/op,26.35,26.28,-0.2656546489563594,0.7316017316017316,6,6,reported,paired
explicit,BenchmarkWazeroExec/fib_iter.fib,wazero,ns/op,33.870000000000005,32.765,-3.262474165928564,0.17965367965367965,6,6,reported,paired
explicit,BenchmarkWazeroExec/fib_rec.fib,wazero,ns/op,2129403.5,2115359,-0.6595509024005963,0.30952380952380953,6,6,reported,paired
explicit,BenchmarkWazeroExec/arith.run,wazero,ns/op,1499,1437,-4.136090727151432,0.015151515151515152,6,6,reported,paired
explicit,BenchmarkWazeroExec/float.run,wazero,ns/op,3958.5,3936.5,-0.5557660730074576,0.5887445887445888,6,6,reported,paired
explicit,BenchmarkWazeroExec/memory.sum,wazero,ns/op,375.4,366.3,-2.4240809802876795,0.30952380952380953,6,6,reported,paired
explicit,BenchmarkWazeroExec/memory_tree.run,wazero,ns/op,21656.5,21370,-1.3229284510424155,0.48484848484848486,6,6,reported,paired
explicit,BenchmarkWazeroExec/globals.accumulate,wazero,ns/op,938.45,913.55,-2.6533113112046536,0.6212121212121212,6,6,reported,paired
explicit,BenchmarkWazeroExec/dispatch.apply,wazero,ns/op,30.73,28.775,-6.361861373250899,0.17965367965367965,6,6,reported,paired
explicit,BenchmarkWazeroExec/branches.classify,wazero,ns/op,26.655,24.295,-8.853873569686732,0.025974025974025976,6,6,reported,paired
explicit,BenchmarkWazeroExec/many_funcs.run,wazero,ns/op,30.125,27.645,-8.232365145228215,0.09307359307359307,6,6,reported,paired
explicit,BenchmarkWazeroExec/linked_list.sum,wazero,ns/op,11450.5,10993.5,-3.991092092048387,0.17965367965367965,6,6,reported,paired
explicit,BenchmarkWazeroExec/mandelbrot.render,wazero,ns/op,265889.5,263426.5,-0.9263246574234829,0.6991341991341992,6,6,reported,paired
explicit,BenchmarkWazeroExec/sieve.count,wazero,ns/op,124670.5,123348.5,-1.0603952017518181,0.3939393939393939,6,6,reported,paired
explicit,BenchmarkWazeroExec/nbody.step,wazero,ns/op,357917.5,358573,0.18314276334630009,0.6991341991341992,6,6,reported,paired
explicit,BenchmarkWazeroExec/spectralnorm.run,wazero,ns/op,963408.5,965910,0.25965102030967024,1,6,6,reported,paired
explicit,BenchmarkWazeroExec/fannkuch.run,wazero,ns/op,1467252,1424022,-2.94632414881697,0.5887445887445888,6,6,reported,paired
explicit,BenchmarkWazeroExec/matmul.run,wazero,ns/op,325372.5,313218,-3.7355646220869954,0.5887445887445888,6,6,reported,paired
explicit,BenchmarkWazeroExec/quicksort.sortN,wazero,ns/op,196003.5,193994.5,-1.0249816967554115,0.30952380952380953,6,6,reported,paired
explicit,BenchmarkWazeroExec/crc32.hashN,wazero,ns/op,22686,22036.5,-2.8629992065591137,0.48484848484848486,6,6,reported,paired
explicit,BenchmarkWazeroExec/sha256.hashN,wazero,ns/op,55282.5,53546.5,-3.140234251345364,0.8181818181818182,6,6,reported,paired
explicit,BenchmarkWazeroExec/raytrace.render,wazero,ns/op,373141.5,363273,-2.644707168728222,0.3939393939393939,6,6,reported,paired
explicit,BenchmarkWazeroExec/json-as.serializeN,wazero,ns/op,32369,31430,-2.9009237233155183,0.3939393939393939,6,6,reported,paired
explicit,BenchmarkWazeroExec/json-as.deserializeN,wazero,ns/op,65301,63239,-3.15768518093138,0.3939393939393939,6,6,reported,paired
explicit,BenchmarkWazeroExec/blake-as.hashN,wazero,ns/op,462976,462065.5,-0.19666246198507542,0.9372294372294372,6,6,reported,paired
explicit,BenchmarkWazeroExec/utf-as.convertN,wazero,ns/op,204540.5,208570,1.9700254961731334,0.3939393939393939,6,6,reported,paired
explicit,BenchmarkWazeroExec/xjb-mulhi.mulhi,wazero,ns/op,26.805,26.61,-0.7274762171236682,0.974025974025974,6,6,reported,paired
explicit,BenchmarkWazeroExec/xjb-mulhi.runN,wazero,ns/op,2388.5,2327.5,-2.553904123927153,0.3939393939393939,6,6,reported,paired
explicit,BenchmarkWazeroExec/swar-pack-parse.pack,wazero,ns/op,26.37,25.41,-3.64050056882822,0.09307359307359307,6,6,reported,paired
explicit,BenchmarkWazeroExec/swar-pack-parse.parse4,wazero,ns/op,26.244999999999997,24.884999999999998,-5.181939417031812,0.09307359307359307,6,6,reported,paired
explicit,BenchmarkWazeroExec/swar-pack-parse.runN,wazero,ns/op,1791,1789,-0.1116694584031297,0.974025974025974,6,6,reported,paired
explicit,BenchmarkWazeroExec/json-as-simd.serializeN,wazero,ns/op,40777.5,40359.5,-1.0250751026914307,0.30952380952380953,6,6,reported,paired
explicit,BenchmarkWazeroExec/json-as-simd.deserializeN,wazero,ns/op,81732.5,78537,-3.90970544153183,0.24025974025974026,6,6,reported,paired
explicit,BenchmarkWazeroExec/blake-as-simd.hashN,wazero,ns/op,525206.5,522844,-0.4498230695926253,0.9372294372294372,6,6,reported,paired
explicit,BenchmarkWazeroExec/utf-as-simd.convertN,wazero,ns/op,68392,68593,0.2938940226927089,0.6991341991341992,6,6,reported,paired
explicit,BenchmarkWazeroExec/utf-as-simd.validateN,wazero,ns/op,189378,188349,-0.5433577289864711,0.48484848484848486,6,6,reported,paired
explicit,BenchmarkWazeroExec/coremark.coremark_run,wazero,ns/op,56793821.5,53555025.5,-5.702725955850674,0.17965367965367965,6,6,reported,paired
explicit,BenchmarkWazeroExec/blake3.blake3_hash,wazero,ns/op,319227.5,300431.5,-5.887963912883443,0.24025974025974026,6,6,reported,paired
explicit,BenchmarkWazeroExec/blake3.blake3_keyed_hash,wazero,ns/op,299242,307439.5,2.739421605255954,0.5887445887445888,6,6,reported,paired
explicit,BenchmarkWazeroExec/blake3.blake3_derive_key,wazero,ns/op,315516,313807.5,-0.5414939337466285,0.9372294372294372,6,6,reported,paired
explicit,BenchmarkWazeroExec/qoi.qoi_encode_run,wazero,ns/op,13418,13211.5,-1.5389774929199573,0.6991341991341992,6,6,reported,paired
explicit,BenchmarkWazeroExec/qoi.qoi_decode_run,wazero,ns/op,13917.5,13815.5,-0.7328902460930431,0.5887445887445888,6,6,reported,paired
explicit,BenchmarkWazeroExec/lz4.lz4_compress_run,wazero,ns/op,54253.5,53526.5,-1.3400057139170696,0.9372294372294372,6,6,reported,paired
explicit,BenchmarkWazeroExec/lz4.lz4_decompress_run,wazero,ns/op,5532.5,5586.5,0.9760506100316313,0.24025974025974026,6,6,reported,paired
explicit,BenchmarkWazeroExec/zlib.zlib_inflate_run,wazero,ns/op,17665.5,17580,-0.4839942260337904,0.8181818181818182,6,6,reported,paired
explicit,BenchmarkWazeroExec/zstd.zstd_decompress_run,wazero,ns/op,8487.5,8321.5,-1.9558173784977928,0.5887445887445888,6,6,reported,paired
explicit,BenchmarkWazeroExec/isa_i32.add,wazero,ns/op,14284,14271,-0.09101092131055255,0.9372294372294372,6,6,reported,paired
explicit,BenchmarkWazeroExec/isa_i32.sub,wazero,ns/op,14228.5,14227.5,-0.007028147731669154,0.9372294372294372,6,6,reported,paired
explicit,BenchmarkWazeroExec/isa_i32.mul,wazero,ns/op,42608.5,42661.5,0.1243883262729284,0.8181818181818182,6,6,reported,paired
explicit,BenchmarkWazeroExec/isa_i32.and,wazero,ns/op,14204,14225.5,0.1513658124471906,0.6991341991341992,6,6,reported,paired
explicit,BenchmarkWazeroExec/isa_i32.or,wazero,ns/op,14293.5,14233,-0.4232693182215641,0.5887445887445888,6,6,reported,paired
explicit,BenchmarkWazeroExec/isa_i32.xor,wazero,ns/op,14241.5,14206,-0.24927149527788073,0.8181818181818182,6,6,reported,paired
explicit,BenchmarkWazeroExec/isa_i32.shl,wazero,ns/op,28986,29270.5,0.9815083143586589,0.48484848484848486,6,6,reported,paired
explicit,BenchmarkWazeroExec/isa_i32.shr_s,wazero,ns/op,28971.5,28938.5,-0.11390504461280537,0.8181818181818182,6,6,reported,paired
explicit,BenchmarkWazeroExec/isa_i32.shr_u,wazero,ns/op,29156,28986.5,-0.5813554671422638,0.8181818181818182,6,6,reported,paired
explicit,BenchmarkWazeroExec/isa_i32.rotl,wazero,ns/op,28667,28942.5,0.9610353367984104,1,6,6,reported,paired
explicit,BenchmarkWazeroExec/isa_i32.rotr,wazero,ns/op,28634.5,28826.5,0.670519827480831,0.9372294372294372,6,6,reported,paired
explicit,BenchmarkWazeroExec/isa_i32.div_s,wazero,ns/op,178044,178053.5,0.0053357596998537815,0.6991341991341992,6,6,reported,paired
explicit,BenchmarkWazeroExec/isa_i32.div_u,wazero,ns/op,167535,166228.5,-0.7798370489748407,0.30952380952380953,6,6,reported,paired
explicit,BenchmarkWazeroExec/isa_i32.rem_s,wazero,ns/op,183585,184095.5,0.2780728273007016,0.8181818181818182,6,6,reported,paired
explicit,BenchmarkWazeroExec/isa_i32.rem_u,wazero,ns/op,170237.5,170732,0.2904765401277709,0.8181818181818182,6,6,reported,paired
explicit,BenchmarkWazeroExec/isa_i32.clz,wazero,ns/op,14443,14509.5,0.4604306584504503,0.9372294372294372,6,6,reported,paired
explicit,BenchmarkWazeroExec/isa_i32.ctz,wazero,ns/op,14431,14538.5,0.7449241216824998,0.3939393939393939,6,6,reported,paired
explicit,BenchmarkWazeroExec/isa_i32.popcnt,wazero,ns/op,14409,14472.5,0.44069678673051005,0.30952380952380953,6,6,reported,paired
explicit,BenchmarkWazeroExec/isa_i64.add,wazero,ns/op,14227,14267,0.2811555493076545,0.9372294372294372,6,6,reported,paired
explicit,BenchmarkWazeroExec/isa_i64.sub,wazero,ns/op,14259,14299.5,0.2840311382284799,0.5887445887445888,6,6,reported,paired
explicit,BenchmarkWazeroExec/isa_i64.mul,wazero,ns/op,42473.5,42655.5,0.4285024780157132,0.9372294372294372,6,6,reported,paired
explicit,BenchmarkWazeroExec/isa_i64.and,wazero,ns/op,14197.5,14294.5,0.6832188765627745,0.48484848484848486,6,6,reported,paired
explicit,BenchmarkWazeroExec/isa_i64.or,wazero,ns/op,14233.5,14313,0.5585414690694401,0.5887445887445888,6,6,reported,paired
explicit,BenchmarkWazeroExec/isa_i64.xor,wazero,ns/op,14264.5,14287,0.1577342353394684,0.9004329004329005,6,6,reported,paired
explicit,BenchmarkWazeroExec/isa_i64.shl,wazero,ns/op,14364,14499.5,0.9433305485937016,0.5887445887445888,6,6,reported,paired
explicit,BenchmarkWazeroExec/isa_i64.shr_s,wazero,ns/op,14491,14520,0.20012421503001754,1,6,6,reported,paired
explicit,BenchmarkWazeroExec/isa_i64.shr_u,wazero,ns/op,14664,14393,-1.848063284233492,0.3939393939393939,6,6,reported,paired
explicit,BenchmarkWazeroExec/isa_i64.rotl,wazero,ns/op,14569.5,14649,0.5456604550602373,1,6,6,reported,paired
explicit,BenchmarkWazeroExec/isa_i64.rotr,wazero,ns/op,14614.5,14511,-0.7082007595196504,0.48484848484848486,6,6,reported,paired
explicit,BenchmarkWazeroExec/isa_i64.div_s,wazero,ns/op,177641,177407,-0.13172634695819418,0.9372294372294372,6,6,reported,paired
explicit,BenchmarkWazeroExec/isa_i64.div_u,wazero,ns/op,165150.5,165784.5,0.38389226796164966,0.8181818181818182,6,6,reported,paired
explicit,BenchmarkWazeroExec/isa_i64.rem_s,wazero,ns/op,175561,176174,0.34916638661206534,0.8181818181818182,6,6,reported,paired
explicit,BenchmarkWazeroExec/isa_i64.rem_u,wazero,ns/op,171306.5,172167.5,0.502607898707863,0.8181818181818182,6,6,reported,paired
explicit,BenchmarkWazeroExec/isa_i64.clz,wazero,ns/op,14404,14504.5,0.6977228547625725,0.9372294372294372,6,6,reported,paired
explicit,BenchmarkWazeroExec/isa_i64.ctz,wazero,ns/op,14340,14478,0.9623430962343082,0.5887445887445888,6,6,reported,paired
explicit,BenchmarkWazeroExec/isa_i64.popcnt,wazero,ns/op,14341.5,14411,0.48460760729351904,1,6,6,reported,paired
explicit,BenchmarkWazeroExec/isa_f32.add,wazero,ns/op,42468,42765.5,0.7005274559668484,0.48484848484848486,6,6,reported,paired
explicit,BenchmarkWazeroExec/isa_f32.sub,wazero,ns/op,42556,42665,0.2561330952157048,0.8181818181818182,6,6,reported,paired
explicit,BenchmarkWazeroExec/isa_f32.mul,wazero,ns/op,42738,42555,-0.4281903692264444,0.6991341991341992,6,6,reported,paired
explicit,BenchmarkWazeroExec/isa_f32.div,wazero,ns/op,156159,156921.5,0.48828437682106873,0.5887445887445888,6,6,reported,paired
explicit,BenchmarkWazeroExec/isa_f32.min,wazero,ns/op,20648,20566.5,-0.39471135218906994,0.8181818181818182,6,6,reported,paired
explicit,BenchmarkWazeroExec/isa_f32.max,wazero,ns/op,20874.5,21199.5,1.5569235191261965,0.5887445887445888,6,6,reported,paired
explicit,BenchmarkWazeroExec/isa_f32.sqrt,wazero,ns/op,136640,136565.5,-0.05452283372365807,0.9372294372294372,6,6,reported,paired
explicit,BenchmarkWazeroExec/isa_f32.abs,wazero,ns/op,42906.5,42706,-0.46729516506822666,0.3939393939393939,6,6,reported,paired
explicit,BenchmarkWazeroExec/isa_f32.neg,wazero,ns/op,43180,42617,-1.3038443723946247,0.17965367965367965,6,6,reported,paired
explicit,BenchmarkWazeroExec/isa_f32.ceil,wazero,ns/op,44657,44006.5,-1.4566585305775148,0.17965367965367965,6,6,reported,paired
explicit,BenchmarkWazeroExec/isa_f32.floor,wazero,ns/op,45150,44136.5,-2.244739756367664,0.025974025974025976,6,6,reported,paired
explicit,BenchmarkWazeroExec/isa_f32.trunc,wazero,ns/op,44696.5,44074,-1.392726499837793,0.24025974025974026,6,6,reported,paired
explicit,BenchmarkWazeroExec/isa_f32.nearest,wazero,ns/op,44560.5,43996.5,-1.265694954051233,0.3939393939393939,6,6,reported,paired
explicit,BenchmarkWazeroExec/isa_f64.add,wazero,ns/op,42678.5,42493.5,-0.43347352882598944,0.3939393939393939,6,6,reported,paired
explicit,BenchmarkWazeroExec/isa_f64.sub,wazero,ns/op,42692.5,42384.5,-0.7214381917198587,0.48484848484848486,6,6,reported,paired
explicit,BenchmarkWazeroExec/isa_f64.mul,wazero,ns/op,42517.5,42289.5,-0.5362497795025623,0.30952380952380953,6,6,reported,paired
explicit,BenchmarkWazeroExec/isa_f64.div,wazero,ns/op,184378.5,182158,-1.2043161214566722,0.13203463203463203,6,6,reported,paired
explicit,BenchmarkWazeroExec/isa_f64.min,wazero,ns/op,21537.5,20592,-4.390017411491587,0.04112554112554113,6,6,reported,paired
explicit,BenchmarkWazeroExec/isa_f64.max,wazero,ns/op,20891,20969.5,0.375759896606187,0.9372294372294372,6,6,reported,paired
explicit,BenchmarkWazeroExec/isa_f64.sqrt,wazero,ns/op,183224,181660,-0.8535999650700732,0.48484848484848486,6,6,reported,paired
explicit,BenchmarkWazeroExec/isa_f64.abs,wazero,ns/op,43244,42645,-1.385163259642952,0.06493506493506493,6,6,reported,paired
explicit,BenchmarkWazeroExec/isa_f64.neg,wazero,ns/op,43169,42468.5,-1.622692209687504,0.13203463203463203,6,6,reported,paired
explicit,BenchmarkWazeroExec/isa_f64.ceil,wazero,ns/op,43168.5,43100.5,-0.15752226739405017,0.48484848484848486,6,6,reported,paired
explicit,BenchmarkWazeroExec/isa_f64.floor,wazero,ns/op,43195.5,42915,-0.6493731985970808,0.9372294372294372,6,6,reported,paired
explicit,BenchmarkWazeroExec/isa_f64.trunc,wazero,ns/op,43347,42945,-0.9273998200567513,0.24025974025974026,6,6,reported,paired
explicit,BenchmarkWazeroExec/isa_f64.nearest,wazero,ns/op,43450.5,42694,-1.7410616678749435,0.04112554112554113,6,6,reported,paired
explicit,BenchmarkWazeroExec/isa_mem.load_i32,wazero,ns/op,10149.5,10114.5,-0.3448445736243144,0.5887445887445888,6,6,reported,paired
explicit,BenchmarkWazeroExec/isa_mem.load_i64,wazero,ns/op,10041,10185.5,1.4390996912658105,0.48484848484848486,6,6,reported,paired
explicit,BenchmarkWazeroExec/isa_mem.load_f64,wazero,ns/op,10809,10746.5,-0.5782218521602323,0.3939393939393939,6,6,reported,paired
explicit,BenchmarkWazeroExec/isa_mem.load_i32_stride,wazero,ns/op,12043,12040,-0.024910736527439248,0.974025974025974,6,6,reported,paired
explicit,BenchmarkWazeroExec/isa_mem.store_i32,wazero,ns/op,9046.5,8975.5,-0.7848339136682703,0.48484848484848486,6,6,reported,paired
explicit,BenchmarkWazeroExec/isa_mem.store_i64,wazero,ns/op,8870,8899.5,0.3325817361893968,0.6991341991341992,6,6,reported,paired
explicit,BenchmarkWazeroExec/isa_mem.store_i32_stride,wazero,ns/op,10650.5,10381,-2.5303976339139056,0.3939393939393939,6,6,reported,paired
explicit,BenchmarkWazeroExec/isa_bulk_mem.copy_fwd_64,wazero,ns/op,824.75,781,-5.304637769020914,0.09307359307359307,6,6,reported,paired
explicit,BenchmarkWazeroExec/isa_bulk_mem.copy_back_64,wazero,ns/op,675.25,703.35,4.161421695668266,0.48484848484848486,6,6,reported,paired
explicit,BenchmarkWazeroExec/isa_bulk_mem.fill_64,wazero,ns/op,4558.5,4443,-2.53372820006581,0.3939393939393939,6,6,reported,paired
explicit,BenchmarkWazeroExec/isa_bulk_mem.copy_fwd_256,wazero,ns/op,1146,1106,-3.4904013961605584,0.24025974025974026,6,6,reported,paired
explicit,BenchmarkWazeroExec/isa_bulk_mem.copy_back_256,wazero,ns/op,1172,1168.5,-0.2986348122866911,0.6991341991341992,6,6,reported,paired
explicit,BenchmarkWazeroExec/isa_bulk_mem.fill_256,wazero,ns/op,5845,5808,-0.6330196749358419,1,6,6,reported,paired
explicit,BenchmarkWazeroExec/isa_bulk_mem.copy_fwd_4096,wazero,ns/op,7568,7521,-0.6210359408033828,0.13203463203463203,6,6,reported,paired
explicit,BenchmarkWazeroExec/isa_bulk_mem.copy_back_4096,wazero,ns/op,10362,10393.5,0.30399536768963564,0.8181818181818182,6,6,reported,paired
explicit,BenchmarkWazeroExec/isa_bulk_mem.fill_4096,wazero,ns/op,13734.5,13826.5,0.6698460082274593,1,6,6,reported,paired
explicit,BenchmarkWazeroExec/isa_ctl.loop_baseline,wazero,ns/op,7137,7163.5,0.37130446966513464,1,6,6,reported,paired
explicit,BenchmarkWazeroExec/isa_ctl.br_if,wazero,ns/op,14422.5,14497.5,0.5200208008320439,0.9372294372294372,6,6,reported,paired
explicit,BenchmarkWazeroExec/isa_ctl.if_else,wazero,ns/op,10458,10679.5,2.1179957926945825,0.9372294372294372,6,6,reported,paired
explicit,BenchmarkWazeroExec/isa_ctl.br_table,wazero,ns/op,21005,20778.5,-1.078314686979287,0.48484848484848486,6,6,reported,paired
explicit,BenchmarkWazeroExec/isa_ctl.select,wazero,ns/op,21507,21539,0.14878876644812689,1,6,6,reported,paired
explicit,BenchmarkWazeroExec/isa_call.call_direct,wazero,ns/op,46246.5,45931.5,-0.6811326262528006,0.5887445887445888,6,6,reported,paired
explicit,BenchmarkWazeroExec/isa_call.call_indirect,wazero,ns/op,74864.5,74765.5,-0.1322389116336864,0.6991341991341992,6,6,reported,paired
explicit,BenchmarkWazeroExec/isa_var.local_getset,wazero,ns/op,14454.5,14212.5,-1.6742191013179308,0.13203463203463203,6,6,reported,paired
explicit,BenchmarkWazeroExec/isa_var.global_getset,wazero,ns/op,7216.5,7178.5,-0.5265710524492428,0.5887445887445888,6,6,reported,paired
explicit,BenchmarkWazeroExec/isa_cvt.i64_extend_s,wazero,ns/op,14245.5,14186,-0.4176757572566747,0.3939393939393939,6,6,reported,paired
explicit,BenchmarkWazeroExec/isa_cvt.i64_extend_u,wazero,ns/op,7134,7175.5,0.5817213344547323,0.8181818181818182,6,6,reported,paired
explicit,BenchmarkWazeroExec/isa_cvt.f64_convert_s,wazero,ns/op,92122.5,92284.5,0.17585280468941367,0.6991341991341992,6,6,reported,paired
explicit,BenchmarkWazeroExec/isa_cvt.f64_convert_u,wazero,ns/op,93309.5,92968,-0.3659863143624209,0.9372294372294372,6,6,reported,paired
explicit,BenchmarkWazeroExec/isa_cvt.f32_convert_s,wazero,ns/op,92006,91640,-0.39780014346890713,0.9372294372294372,6,6,reported,paired
explicit,BenchmarkWazeroExec/isa_cvt.promote_demote,wazero,ns/op,134417,134682.5,0.19751965897170098,0.9372294372294372,6,6,reported,paired
explicit,BenchmarkWazeroExec/isa_cvt.reinterpret_f32,wazero,ns/op,56779,57341,0.9898025678507949,0.5887445887445888,6,6,reported,paired
explicit,BenchmarkWazeroExec/isa_cvt.reinterpret_f64,wazero,ns/op,63937,64078.5,0.2213116036098084,0.8181818181818182,6,6,reported,paired
explicit,BenchmarkWazeroExec/isa_simd_v128.not,wazero,ns/op,930.15,911.4000000000001,-2.015803902596347,0.13203463203463203,6,6,reported,paired
explicit,BenchmarkWazeroExec/isa_simd_v128.and,wazero,ns/op,1801.5,1790,-0.6383569247848997,0.2878787878787879,6,6,reported,paired
explicit,BenchmarkWazeroExec/isa_simd_v128.andnot,wazero,ns/op,2301.5,2281.5,-0.8689984792526584,0.5086580086580087,6,6,reported,paired
explicit,BenchmarkWazeroExec/isa_simd_v128.or,wazero,ns/op,1794.5,1790.5,-0.22290331568681765,0.3787878787878788,6,6,reported,paired
explicit,BenchmarkWazeroExec/isa_simd_v128.xor,wazero,ns/op,1804.5,1795.5,-0.4987531172069848,0.2597402597402597,6,6,reported,paired
explicit,BenchmarkWazeroExec/isa_simd_v128.bitselect,wazero,ns/op,3648,3589,-1.6173245614035103,0.17965367965367965,6,6,reported,paired
explicit,BenchmarkWazeroExec/isa_simd_i8x16.abs,wazero,ns/op,1797.5,1800,0.13908205841446364,0.9372294372294372,6,6,reported,paired
explicit,BenchmarkWazeroExec/isa_simd_i8x16.neg,wazero,ns/op,1424,1406.5,-1.2289325842696597,0.25757575757575757,6,6,reported,paired
explicit,BenchmarkWazeroExec/isa_simd_i8x16.popcnt,wazero,ns/op,5050.5,5009,-0.8217008217008215,0.5887445887445888,6,6,reported,paired
explicit,BenchmarkWazeroExec/isa_simd_i8x16.narrow_i16x8_s,wazero,ns/op,3604.5,3543,-1.7062005826050775,0.17965367965367965,6,6,reported,paired
explicit,BenchmarkWazeroExec/isa_simd_i8x16.narrow_i16x8_u,wazero,ns/op,3586.5,3532.5,-1.505646173149311,0.19696969696969696,6,6,reported,paired
explicit,BenchmarkWazeroExec/isa_simd_i8x16.swizzle,wazero,ns/op,7237,7102,-1.8654138455160951,0.17965367965367965,6,6,reported,paired
explicit,BenchmarkWazeroExec/isa_simd_i8x16.shl,wazero,ns/op,3462,3420.5,-1.1987290583477805,0.24025974025974026,6,6,reported,paired
explicit,BenchmarkWazeroExec/isa_simd_i8x16.shr_s,wazero,ns/op,5851.5,5898,0.7946680338374756,0.9372294372294372,6,6,reported,paired
explicit,BenchmarkWazeroExec/isa_simd_i8x16.shr_u,wazero,ns/op,3481.5,3479.5,-0.057446502944136224,0.7294372294372294,6,6,reported,paired
explicit,BenchmarkWazeroExec/isa_simd_i8x16.add,wazero,ns/op,1802,1786,-0.8879023307436174,0.09307359307359307,6,6,reported,paired
explicit,BenchmarkWazeroExec/isa_simd_i8x16.add_sat_s,wazero,ns/op,3557,3547.5,-0.26707899915658917,0.8181818181818182,6,6,reported,paired
explicit,BenchmarkWazeroExec/isa_simd_i8x16.add_sat_u,wazero,ns/op,3552,3540,-0.33783783783783994,0.3939393939393939,6,6,reported,paired
explicit,BenchmarkWazeroExec/isa_simd_i8x16.sub,wazero,ns/op,1792.5,1778.5,-0.7810320781032054,0.2554112554112554,6,6,reported,paired
explicit,BenchmarkWazeroExec/isa_simd_i8x16.sub_sat_s,wazero,ns/op,3580,3552,-0.7821229050279377,0.48484848484848486,6,6,reported,paired
explicit,BenchmarkWazeroExec/isa_simd_i8x16.sub_sat_u,wazero,ns/op,3560,3538,-0.6179775280898858,0.8528138528138528,6,6,reported,paired
explicit,BenchmarkWazeroExec/isa_simd_i8x16.min_s,wazero,ns/op,1792,1787,-0.2790178571428603,0.48484848484848486,6,6,reported,paired
explicit,BenchmarkWazeroExec/isa_simd_i8x16.min_u,wazero,ns/op,1798,1783.5,-0.8064516129032251,0.30952380952380953,6,6,reported,paired
explicit,BenchmarkWazeroExec/isa_simd_i8x16.max_s,wazero,ns/op,1786,1788.5,0.13997760358341882,0.9090909090909091,6,6,reported,paired
explicit,BenchmarkWazeroExec/isa_simd_i8x16.max_u,wazero,ns/op,1786,1782.5,-0.19596864501679745,0.3939393939393939,6,6,reported,paired
explicit,BenchmarkWazeroExec/isa_simd_i8x16.avgr_u,wazero,ns/op,3560.5,3563,0.07021485746383505,0.8181818181818182,6,6,reported,paired
explicit,BenchmarkWazeroExec/isa_simd_i8x16.eq,wazero,ns/op,1791,1785,-0.335008375209378,0.4199134199134199,6,6,reported,paired
explicit,BenchmarkWazeroExec/isa_simd_i8x16.ne,wazero,ns/op,3571,3570.5,-0.014001680201625177,0.48484848484848486,6,6,reported,paired
explicit,BenchmarkWazeroExec/isa_simd_i8x16.lt_s,wazero,ns/op,2289.5,2276,-0.5896483948460318,0.7316017316017316,6,6,reported,paired
explicit,BenchmarkWazeroExec/isa_simd_i8x16.lt_u,wazero,ns/op,5851.5,5859.5,0.13671708109030956,0.974025974025974,6,6,reported,paired
explicit,BenchmarkWazeroExec/isa_simd_i8x16.gt_s,wazero,ns/op,1804.5,1783,-1.1914657799944606,0.25757575757575757,6,6,reported,paired
explicit,BenchmarkWazeroExec/isa_simd_i8x16.gt_u,wazero,ns/op,5368,5340.5,-0.5122950819672178,0.17965367965367965,6,6,reported,paired
explicit,BenchmarkWazeroExec/isa_simd_i8x16.le_s,wazero,ns/op,4155,4083,-1.7328519855595692,0.13203463203463203,6,6,reported,paired
explicit,BenchmarkWazeroExec/isa_simd_i8x16.le_u,wazero,ns/op,4100.5,4082.5,-0.4389708572125395,0.48484848484848486,6,6,reported,paired
explicit,BenchmarkWazeroExec/isa_simd_i8x16.ge_s,wazero,ns/op,3635.5,3578.5,-1.567872369687806,0.24025974025974026,6,6,reported,paired
explicit,BenchmarkWazeroExec/isa_simd_i8x16.ge_u,wazero,ns/op,3586.5,3580.5,-0.16729401923881726,0.8181818181818182,6,6,reported,paired
explicit,BenchmarkWazeroExec/isa_simd_i16x8.abs,wazero,ns/op,1790,1788.5,-0.08379888268156277,0.6190476190476191,6,6,reported,paired
explicit,BenchmarkWazeroExec/isa_simd_i16x8.neg,wazero,ns/op,1398,1410.5,0.8941344778254701,0.3939393939393939,6,6,reported,paired
explicit,BenchmarkWazeroExec/isa_simd_i16x8.extadd_pairwise_s,wazero,ns/op,3264,3272,0.2450980392156854,0.9372294372294372,6,6,reported,paired
explicit,BenchmarkWazeroExec/isa_simd_i16x8.extadd_pairwise_u,wazero,ns/op,2685,2689,0.14897579143389184,0.8463203463203464,6,6,reported,paired
explicit,BenchmarkWazeroExec/isa_simd_i16x8.narrow_i32x4_s,wazero,ns/op,3573.5,3569,-0.1259269623618331,0.5887445887445888,6,6,reported,paired
explicit,BenchmarkWazeroExec/isa_simd_i16x8.narrow_i32x4_u,wazero,ns/op,3578.5,3561,-0.4890317171999392,0.7316017316017316,6,6,reported,paired
explicit,BenchmarkWazeroExec/isa_simd_i16x8.extend_low_s,wazero,ns/op,1814.5,1796.5,-0.9920088178561604,0.30952380952380953,6,6,reported,paired
explicit,BenchmarkWazeroExec/isa_simd_i16x8.extend_high_s,wazero,ns/op,3564,3580.5,0.4629629629629539,1,6,6,reported,paired
explicit,BenchmarkWazeroExec/isa_simd_i16x8.extend_low_u,wazero,ns/op,1801,1793,-0.4441976679622428,0.7316017316017316,6,6,reported,paired
explicit,BenchmarkWazeroExec/isa_simd_i16x8.extend_high_u,wazero,ns/op,3648,3559.5,-2.4259868421052655,0.015151515151515152,6,6,reported,paired
explicit,BenchmarkWazeroExec/isa_simd_i16x8.shl,wazero,ns/op,2380.5,2360,-0.8611636210880014,0.6991341991341992,6,6,reported,paired
explicit,BenchmarkWazeroExec/isa_simd_i16x8.shr_s,wazero,ns/op,2415.5,2374.5,-1.6973711446905404,0.5887445887445888,6,6,reported,paired
explicit,BenchmarkWazeroExec/isa_simd_i16x8.shr_u,wazero,ns/op,2394.5,2373,-0.897891000208817,0.9372294372294372,6,6,reported,paired
explicit,BenchmarkWazeroExec/isa_simd_i16x8.add,wazero,ns/op,1796,1786.5,-0.5289532293986654,0.8181818181818182,6,6,reported,paired
explicit,BenchmarkWazeroExec/isa_simd_i16x8.sub,wazero,ns/op,1790,1800,0.5586592178770999,0.841991341991342,6,6,reported,paired
explicit,BenchmarkWazeroExec/isa_simd_i16x8.mul,wazero,ns/op,5333.5,5373.5,0.7499765632323907,0.512987012987013,6,6,reported,paired
explicit,BenchmarkWazeroExec/isa_simd_i16x8.add_sat_s,wazero,ns/op,3547.5,3575.5,0.7892882311486993,0.5887445887445888,6,6,reported,paired
explicit,BenchmarkWazeroExec/isa_simd_i16x8.add_sat_u,wazero,ns/op,3550,3593,1.2112676056337923,0.24025974025974026,6,6,reported,paired
explicit,BenchmarkWazeroExec/isa_simd_i16x8.sub_sat_s,wazero,ns/op,3551,3565.5,0.40833568009011056,0.8181818181818182,6,6,reported,paired
explicit,BenchmarkWazeroExec/isa_simd_i16x8.sub_sat_u,wazero,ns/op,3578,3576.5,-0.0419228619340406,0.6991341991341992,6,6,reported,paired
explicit,BenchmarkWazeroExec/isa_simd_i16x8.min_s,wazero,ns/op,1785.5,1787,0.08401008120975106,0.9372294372294372,6,6,reported,paired
explicit,BenchmarkWazeroExec/isa_simd_i16x8.min_u,wazero,ns/op,1786,1798.5,0.6998880179171385,0.6991341991341992,6,6,reported,paired
explicit,BenchmarkWazeroExec/isa_simd_i16x8.max_s,wazero,ns/op,1786,1798,0.6718924972004547,0.24025974025974026,6,6,reported,paired
explicit,BenchmarkWazeroExec/isa_simd_i16x8.max_u,wazero,ns/op,1808,1802.5,-0.3042035398230114,0.5887445887445888,6,6,reported,paired
explicit,BenchmarkWazeroExec/isa_simd_i16x8.avgr_u,wazero,ns/op,3577,3585,0.2236511042773337,1,6,6,reported,paired
explicit,BenchmarkWazeroExec/isa_simd_i16x8.q15mulr_sat_s,wazero,ns/op,8945.5,8930,-0.17327147727908,0.6991341991341992,6,6,reported,paired
explicit,BenchmarkWazeroExec/isa_simd_i16x8.extmul_low_s,wazero,ns/op,8977,8881.5,-1.0638297872340385,0.3939393939393939,6,6,reported,paired
explicit,BenchmarkWazeroExec/isa_simd_i16x8.extmul_high_s,wazero,ns/op,12469,12505,0.28871601571898164,0.6991341991341992,6,6,reported,paired
explicit,BenchmarkWazeroExec/isa_simd_i16x8.extmul_low_u,wazero,ns/op,8928.5,8921,-0.08400067200537986,1,6,6,reported,paired
explicit,BenchmarkWazeroExec/isa_simd_i16x8.extmul_high_u,wazero,ns/op,12444.5,12525,0.6468721121780652,0.09307359307359307,6,6,reported,paired
explicit,BenchmarkWazeroExec/isa_simd_i16x8.eq,wazero,ns/op,1794.5,1801,0.3622178879910898,0.5844155844155844,6,6,reported,paired
explicit,BenchmarkWazeroExec/isa_simd_i16x8.ne,wazero,ns/op,3573.5,3590,0.46173219532670284,0.5064935064935064,6,6,reported,paired
explicit,BenchmarkWazeroExec/isa_simd_i16x8.lt_s,wazero,ns/op,2300.5,2302,0.06520321669203355,0.974025974025974,6,6,reported,paired
explicit,BenchmarkWazeroExec/isa_simd_i16x8.lt_u,wazero,ns/op,5862,5847.5,-0.24735585124531223,0.8181818181818182,6,6,reported,paired
explicit,BenchmarkWazeroExec/isa_simd_i16x8.gt_s,wazero,ns/op,1818,1798,-1.1001100110010986,0.5627705627705628,6,6,reported,paired
explicit,BenchmarkWazeroExec/isa_simd_i16x8.gt_u,wazero,ns/op,5429.5,5365,-1.187954691960591,0.22077922077922077,6,6,reported,paired
explicit,BenchmarkWazeroExec/isa_simd_i16x8.le_s,wazero,ns/op,4065,4091,0.639606396063952,0.6991341991341992,6,6,reported,paired
explicit,BenchmarkWazeroExec/isa_simd_i16x8.le_u,wazero,ns/op,4075,4097,0.5398773006134894,0.6991341991341992,6,6,reported,paired
explicit,BenchmarkWazeroExec/isa_simd_i16x8.ge_s,wazero,ns/op,3579,3577.5,-0.04191114836546994,0.9696969696969697,6,6,reported,paired
explicit,BenchmarkWazeroExec/isa_simd_i16x8.ge_u,wazero,ns/op,3562,3571.5,0.2667040988208802,1,6,6,reported,paired
explicit,BenchmarkWazeroExec/isa_simd_i32x4.abs,wazero,ns/op,1795,1792,-0.16713091922005985,0.6666666666666666,6,6,reported,paired
explicit,BenchmarkWazeroExec/isa_simd_i32x4.neg,wazero,ns/op,1405,1412,0.4982206405693912,0.4155844155844156,6,6,reported,paired
explicit,BenchmarkWazeroExec/isa_simd_i32x4.extadd_pairwise_s,wazero,ns/op,2710.5,2689.5,-0.7747648035417831,0.17965367965367965,6,6,reported,paired
explicit,BenchmarkWazeroExec/isa_simd_i32x4.extadd_pairwise_u,wazero,ns/op,4789.5,4773.5,-0.33406409854891406,0.5627705627705628,6,6,reported,paired
explicit,BenchmarkWazeroExec/isa_simd_i32x4.trunc_sat_f32x4_s,wazero,ns/op,8281.5,8238.5,-0.5192296081627745,0.5887445887445888,6,6,reported,paired
explicit,BenchmarkWazeroExec/isa_simd_i32x4.trunc_sat_f32x4_u,wazero,ns/op,10892.5,10883.5,-0.08262565985770465,1,6,6,reported,paired
explicit,BenchmarkWazeroExec/isa_simd_i32x4.trunc_sat_f64x2_s_zero,wazero,ns/op,7142,7179,0.5180621674600872,0.48484848484848486,6,6,reported,paired
explicit,BenchmarkWazeroExec/isa_simd_i32x4.trunc_sat_f64x2_u_zero,wazero,ns/op,11460,11313.5,-1.2783595113438073,0.30952380952380953,6,6,reported,paired
explicit,BenchmarkWazeroExec/isa_simd_i32x4.extend_low_s,wazero,ns/op,1786,1797,0.6159014557670872,0.37012987012987014,6,6,reported,paired
explicit,BenchmarkWazeroExec/isa_simd_i32x4.extend_high_s,wazero,ns/op,3555.5,3600,1.2515820559696245,0.015151515151515152,6,6,reported,paired
explicit,BenchmarkWazeroExec/isa_simd_i32x4.extend_low_u,wazero,ns/op,1778.5,1802,1.3213382063536727,0.19480519480519481,6,6,reported,paired
explicit,BenchmarkWazeroExec/isa_simd_i32x4.extend_high_u,wazero,ns/op,3565.5,3582.5,0.4767914738465828,0.3939393939393939,6,6,reported,paired
explicit,BenchmarkWazeroExec/isa_simd_i32x4.shl,wazero,ns/op,2362.5,2378.5,0.6772486772486763,0.2878787878787879,6,6,reported,paired
explicit,BenchmarkWazeroExec/isa_simd_i32x4.shr_s,wazero,ns/op,2354.5,2392,1.592694839668729,0.13203463203463203,6,6,reported,paired
explicit,BenchmarkWazeroExec/isa_simd_i32x4.shr_u,wazero,ns/op,2375.5,2375.5,0,0.9004329004329005,6,6,reported,paired
explicit,BenchmarkWazeroExec/isa_simd_i32x4.add,wazero,ns/op,1786.5,1793,0.3638399104394008,0.5086580086580087,6,6,reported,paired
explicit,BenchmarkWazeroExec/isa_simd_i32x4.sub,wazero,ns/op,1795,1797.5,0.139275766016711,0.8939393939393939,6,6,reported,paired
explicit,BenchmarkWazeroExec/isa_simd_i32x4.mul,wazero,ns/op,5365,5343.5,-0.40074557315936676,0.9372294372294372,6,6,reported,paired
explicit,BenchmarkWazeroExec/isa_simd_i32x4.min_s,wazero,ns/op,1798.5,1804,0.3058103975535076,0.6991341991341992,6,6,reported,paired
explicit,BenchmarkWazeroExec/isa_simd_i32x4.min_u,wazero,ns/op,1790.5,1808,0.9773806199385726,0.3939393939393939,6,6,reported,paired
explicit,BenchmarkWazeroExec/isa_simd_i32x4.max_s,wazero,ns/op,1791.5,1795.5,0.22327658386827043,0.5887445887445888,6,6,reported,paired
explicit,BenchmarkWazeroExec/isa_simd_i32x4.max_u,wazero,ns/op,1778.5,1789.5,0.6184987348889504,0.329004329004329,6,6,reported,paired
explicit,BenchmarkWazeroExec/isa_simd_i32x4.dot,wazero,ns/op,5316.5,5358.5,0.7899934167215239,0.13852813852813853,6,6,reported,paired
explicit,BenchmarkWazeroExec/isa_simd_i32x4.extmul_low_s,wazero,ns/op,8849,8904.5,0.627189512939319,0.3939393939393939,6,6,reported,paired
explicit,BenchmarkWazeroExec/isa_simd_i32x4.extmul_high_s,wazero,ns/op,12421.5,12471,0.3985025963047839,0.6991341991341992,6,6,reported,paired
explicit,BenchmarkWazeroExec/isa_simd_i32x4.extmul_low_u,wazero,ns/op,8967.5,8898,-0.7750209088374649,0.24025974025974026,6,6,reported,paired
explicit,BenchmarkWazeroExec/isa_simd_i32x4.extmul_high_u,wazero,ns/op,12642,12510,-1.0441385856668206,0.3939393939393939,6,6,reported,paired
explicit,BenchmarkWazeroExec/isa_simd_i32x4.eq,wazero,ns/op,1778,1797.5,1.0967379077615247,0.5887445887445888,6,6,reported,paired
explicit,BenchmarkWazeroExec/isa_simd_i32x4.ne,wazero,ns/op,3589,3559,-0.8358874338255773,0.16666666666666666,6,6,reported,paired
explicit,BenchmarkWazeroExec/isa_simd_i32x4.lt_s,wazero,ns/op,2296,2302.5,0.28310104529616353,0.5735930735930735,6,6,reported,paired
explicit,BenchmarkWazeroExec/isa_simd_i32x4.lt_u,wazero,ns/op,5878,5867,-0.1871384824770339,0.8484848484848485,6,6,reported,paired
explicit,BenchmarkWazeroExec/isa_simd_i32x4.gt_s,wazero,ns/op,1796.5,1797,0.027831895352070646,0.7878787878787878,6,6,reported,paired
explicit,BenchmarkWazeroExec/isa_simd_i32x4.gt_u,wazero,ns/op,5330,5356.5,0.4971857410881908,0.9069264069264069,6,6,reported,paired
explicit,BenchmarkWazeroExec/isa_simd_i32x4.le_s,wazero,ns/op,4120.5,4073,-1.1527727217570671,0.13203463203463203,6,6,reported,paired
explicit,BenchmarkWazeroExec/isa_simd_i32x4.le_u,wazero,ns/op,4103,4089.5,-0.3290275408237897,0.3939393939393939,6,6,reported,paired
explicit,BenchmarkWazeroExec/isa_simd_i32x4.ge_s,wazero,ns/op,3577.5,3575,-0.06988120195667857,0.8181818181818182,6,6,reported,paired
explicit,BenchmarkWazeroExec/isa_simd_i32x4.ge_u,wazero,ns/op,3584.5,3578,-0.1813363091086595,0.5151515151515151,6,6,reported,paired
explicit,BenchmarkWazeroExec/isa_simd_i64x2.abs,wazero,ns/op,2312.5,2304.5,-0.34594594594594685,0.45670995670995673,6,6,reported,paired
explicit,BenchmarkWazeroExec/isa_simd_i64x2.neg,wazero,ns/op,1416.5,1411,-0.38828097423225794,0.5887445887445888,6,6,reported,paired
explicit,BenchmarkWazeroExec/isa_simd_i64x2.extend_low_s,wazero,ns/op,1792.5,1807,0.8089260808926024,1,6,6,reported,paired
explicit,BenchmarkWazeroExec/isa_simd_i64x2.extend_high_s,wazero,ns/op,3569,3579.5,0.2942000560381075,1,6,6,reported,paired
explicit,BenchmarkWazeroExec/isa_simd_i64x2.extend_low_u,wazero,ns/op,1794,1801.5,0.4180602006689016,0.7121212121212122,6,6,reported,paired
explicit,BenchmarkWazeroExec/isa_simd_i64x2.extend_high_u,wazero,ns/op,3598,3588,-0.27793218454696955,0.974025974025974,6,6,reported,paired
explicit,BenchmarkWazeroExec/isa_simd_i64x2.shl,wazero,ns/op,2369.5,2383.5,0.5908419497784312,0.8181818181818182,6,6,reported,paired
explicit,BenchmarkWazeroExec/isa_simd_i64x2.shr_s,wazero,ns/op,18042.5,17938,-0.5791880282665973,0.48484848484848486,6,6,reported,paired
explicit,BenchmarkWazeroExec/isa_simd_i64x2.shr_u,wazero,ns/op,2407,2386,-0.8724553385957678,0.48484848484848486,6,6,reported,paired
explicit,BenchmarkWazeroExec/isa_simd_i64x2.add,wazero,ns/op,1803.5,1805,0.0831716107568603,0.8506493506493507,6,6,reported,paired
explicit,BenchmarkWazeroExec/isa_simd_i64x2.sub,wazero,ns/op,1804.5,1799,-0.3047935716264938,0.461038961038961,6,6,reported,paired
explicit,BenchmarkWazeroExec/isa_simd_i64x2.mul,wazero,ns/op,13111,12934.5,-1.3461978491343118,0.5887445887445888,6,6,reported,paired
explicit,BenchmarkWazeroExec/isa_simd_i64x2.extmul_low_s,wazero,ns/op,16314.5,16303.5,-0.06742468356369935,0.9372294372294372,6,6,reported,paired
explicit,BenchmarkWazeroExec/isa_simd_i64x2.extmul_high_s,wazero,ns/op,19937,19925,-0.06018959723127493,0.9372294372294372,6,6,reported,paired
explicit,BenchmarkWazeroExec/isa_simd_i64x2.extmul_low_u,wazero,ns/op,16249.5,16171.5,-0.48001476968522194,0.30952380952380953,6,6,reported,paired
explicit,BenchmarkWazeroExec/isa_simd_i64x2.extmul_high_u,wazero,ns/op,20048.5,19893,-0.7756191236252041,0.09307359307359307,6,6,reported,paired
explicit,BenchmarkWazeroExec/isa_simd_i64x2.eq,wazero,ns/op,3594.5,3555.5,-1.0849909584086825,0.04112554112554113,6,6,reported,paired
explicit,BenchmarkWazeroExec/isa_simd_i64x2.ne,wazero,ns/op,5376,5360.5,-0.28831845238095344,1,6,6,reported,paired
explicit,BenchmarkWazeroExec/isa_simd_i64x2.lt_s,wazero,ns/op,4090.5,4048.5,-1.0267693436010306,0.48484848484848486,6,6,reported,paired
explicit,BenchmarkWazeroExec/isa_simd_i64x2.gt_s,wazero,ns/op,3572,3563.5,-0.2379619260918231,0.9372294372294372,6,6,reported,paired
explicit,BenchmarkWazeroExec/isa_simd_i64x2.le_s,wazero,ns/op,5362,5355.5,-0.12122342409548459,0.5887445887445888,6,6,reported,paired
explicit,BenchmarkWazeroExec/isa_simd_i64x2.ge_s,wazero,ns/op,5934,5904.5,-0.4971351533535562,0.512987012987013,6,6,reported,paired
explicit,BenchmarkWazeroExec/isa_simd_f32x4.abs,wazero,ns/op,1431.5,1421,-0.7334963325183352,0.6147186147186147,6,6,reported,paired
explicit,BenchmarkWazeroExec/isa_simd_f32x4.neg,wazero,ns/op,1995,1937,-2.9072681704260694,0.37012987012987014,6,6,reported,paired
explicit,BenchmarkWazeroExec/isa_simd_f32x4.sqrt,wazero,ns/op,12450.5,12451.5,0.008031805951569382,0.9372294372294372,6,6,reported,paired
explicit,BenchmarkWazeroExec/isa_simd_f32x4.ceil,wazero,ns/op,2700,2689,-0.4074074074074119,0.4199134199134199,6,6,reported,paired
explicit,BenchmarkWazeroExec/isa_simd_f32x4.floor,wazero,ns/op,2697,2685.5,-0.42639970337411404,0.2597402597402597,6,6,reported,paired
explicit,BenchmarkWazeroExec/isa_simd_f32x4.trunc,wazero,ns/op,2691.5,2679,-0.4644250417982554,0.5887445887445888,6,6,reported,paired
explicit,BenchmarkWazeroExec/isa_simd_f32x4.nearest,wazero,ns/op,2687,2680.5,-0.24190547078526414,0.5887445887445888,6,6,reported,paired
explicit,BenchmarkWazeroExec/isa_simd_f32x4.add,wazero,ns/op,5386,5365.5,-0.38061641292239656,0.9372294372294372,6,6,reported,paired
explicit,BenchmarkWazeroExec/isa_simd_f32x4.sub,wazero,ns/op,5354.5,5366,0.21477262115976448,0.8181818181818182,6,6,reported,paired
explicit,BenchmarkWazeroExec/isa_simd_f32x4.mul,wazero,ns/op,5383,5353,-0.5573100501578998,0.8181818181818182,6,6,reported,paired
explicit,BenchmarkWazeroExec/isa_simd_f32x4.div,wazero,ns/op,19607.5,19525,-0.42075736325385416,0.974025974025974,6,6,reported,paired
explicit,BenchmarkWazeroExec/isa_simd_f32x4.min,wazero,ns/op,10735,10730,-0.04657661853749717,0.974025974025974,6,6,reported,paired
explicit,BenchmarkWazeroExec/isa_simd_f32x4.max,wazero,ns/op,16048.5,15989,-0.37075116054460233,0.3939393939393939,6,6,reported,paired
explicit,BenchmarkWazeroExec/isa_simd_f32x4.pmin,wazero,ns/op,4078,4063,-0.36782736635605495,0.6233766233766234,6,6,reported,paired
explicit,BenchmarkWazeroExec/isa_simd_f32x4.pmax,wazero,ns/op,4076,4062,-0.34347399411187585,0.8181818181818182,6,6,reported,paired
explicit,BenchmarkWazeroExec/isa_simd_f32x4.eq,wazero,ns/op,3609.5,3566.5,-1.1913007341737059,0.48484848484848486,6,6,reported,paired
explicit,BenchmarkWazeroExec/isa_simd_f32x4.ne,wazero,ns/op,3620,3553.5,-1.837016574585637,0.30952380952380953,6,6,reported,paired
explicit,BenchmarkWazeroExec/isa_simd_f32x4.lt,wazero,ns/op,3581,3576,-0.13962580284836434,0.7835497835497836,6,6,reported,paired
explicit,BenchmarkWazeroExec/isa_simd_f32x4.gt,wazero,ns/op,4076,4068.5,-0.18400392541707555,0.8528138528138528,6,6,reported,paired
explicit,BenchmarkWazeroExec/isa_simd_f32x4.le,wazero,ns/op,3587,3582,-0.13939224979091502,1,6,6,reported,paired
explicit,BenchmarkWazeroExec/isa_simd_f32x4.ge,wazero,ns/op,4100,4072,-0.6829268292682933,0.13203463203463203,6,6,reported,paired
explicit,BenchmarkWazeroExec/isa_simd_f32x4.convert_i32x4_s,wazero,ns/op,2681,2692.5,0.4289444237224993,0.5887445887445888,6,6,reported,paired
explicit,BenchmarkWazeroExec/isa_simd_f32x4.convert_i32x4_u,wazero,ns/op,12483,12500.5,0.1401906592966462,0.8528138528138528,6,6,reported,paired
explicit,BenchmarkWazeroExec/isa_simd_f32x4.demote_f64x2_zero,wazero,ns/op,2682.5,2686,0.13047530288909925,0.9653679653679653,6,6,reported,paired
explicit,BenchmarkWazeroExec/isa_simd_f64x2.abs,wazero,ns/op,1437,1426,-0.7654836464857318,0.5086580086580087,6,6,reported,paired
explicit,BenchmarkWazeroExec/isa_simd_f64x2.neg,wazero,ns/op,1969,1953,-0.8125952260030433,0.5887445887445888,6,6,reported,paired
explicit,BenchmarkWazeroExec/isa_simd_f64x2.sqrt,wazero,ns/op,17906,17822.5,-0.46632413716072296,0.6991341991341992,6,6,reported,paired
explicit,BenchmarkWazeroExec/isa_simd_f64x2.ceil,wazero,ns/op,2693,2688,-0.18566654288897366,0.5887445887445888,6,6,reported,paired
explicit,BenchmarkWazeroExec/isa_simd_f64x2.floor,wazero,ns/op,2697.5,2677.5,-0.7414272474513428,0.24025974025974026,6,6,reported,paired
explicit,BenchmarkWazeroExec/isa_simd_f64x2.trunc,wazero,ns/op,2709.5,2682,-1.0149474072707165,0.015151515151515152,6,6,reported,paired
explicit,BenchmarkWazeroExec/isa_simd_f64x2.nearest,wazero,ns/op,2694,2678,-0.5939123979213035,0.06493506493506493,6,6,reported,paired
explicit,BenchmarkWazeroExec/isa_simd_f64x2.add,wazero,ns/op,5378,5329,-0.9111193752324276,0.24025974025974026,6,6,reported,paired
explicit,BenchmarkWazeroExec/isa_simd_f64x2.sub,wazero,ns/op,5395,5337,-1.0750695088044493,0.30952380952380953,6,6,reported,paired
explicit,BenchmarkWazeroExec/isa_simd_f64x2.mul,wazero,ns/op,5392.5,5331,-1.1404728789986107,0.17965367965367965,6,6,reported,paired
explicit,BenchmarkWazeroExec/isa_simd_f64x2.div,wazero,ns/op,23154,23074.5,-0.3433532003109585,0.48484848484848486,6,6,reported,paired
explicit,BenchmarkWazeroExec/isa_simd_f64x2.min,wazero,ns/op,10765,10747.5,-0.16256386437528692,0.9372294372294372,6,6,reported,paired
explicit,BenchmarkWazeroExec/isa_simd_f64x2.max,wazero,ns/op,16050,16052,0.012461059190038704,0.9372294372294372,6,6,reported,paired
explicit,BenchmarkWazeroExec/isa_simd_f64x2.pmin,wazero,ns/op,4071.5,4052.5,-0.46665847967579666,0.48484848484848486,6,6,reported,paired
explicit,BenchmarkWazeroExec/isa_simd_f64x2.pmax,wazero,ns/op,4064.5,4063,-0.03690490835280835,0.974025974025974,6,6,reported,paired
explicit,BenchmarkWazeroExec/isa_simd_f64x2.eq,wazero,ns/op,3589.5,3569.5,-0.557180665830892,0.6190476190476191,6,6,reported,paired
explicit,BenchmarkWazeroExec/isa_simd_f64x2.ne,wazero,ns/op,3594.5,3566,-0.7928780080678766,0.045454545454545456,6,6,reported,paired
explicit,BenchmarkWazeroExec/isa_simd_f64x2.lt,wazero,ns/op,3573.5,3573,-0.01399188470686541,0.9090909090909091,6,6,reported,paired
explicit,BenchmarkWazeroExec/isa_simd_f64x2.gt,wazero,ns/op,4062,4078,0.3938946331856208,0.3939393939393939,6,6,reported,paired
explicit,BenchmarkWazeroExec/isa_simd_f64x2.le,wazero,ns/op,3575,3573.5,-0.041958041958045644,0.9372294372294372,6,6,reported,paired
explicit,BenchmarkWazeroExec/isa_simd_f64x2.ge,wazero,ns/op,4105,4084.5,-0.4993909866016999,0.5887445887445888,6,6,reported,paired
explicit,BenchmarkWazeroExec/isa_simd_f64x2.convert_low_i32x4_s,wazero,ns/op,2676.5,2672.5,-0.14944890715486991,0.6991341991341992,6,6,reported,paired
explicit,BenchmarkWazeroExec/isa_simd_f64x2.convert_low_i32x4_u,wazero,ns/op,3580,3576.5,-0.09776536312848805,0.6991341991341992,6,6,reported,paired
explicit,BenchmarkWazeroExec/isa_simd_f64x2.promote_low_f32x4,wazero,ns/op,2694,2686.5,-0.2783964365256075,0.8181818181818182,6,6,reported,paired
explicit,BenchmarkWazeroExec/isa_simd_reduce.v128_any_true,wazero,ns/op,1889,1880.5,-0.44997353096876136,0.3939393939393939,6,6,reported,paired
explicit,BenchmarkWazeroExec/isa_simd_reduce.i8x16_all_true,wazero,ns/op,2025,2026,0.049382716049373165,0.5584415584415584,6,6,reported,paired
explicit,BenchmarkWazeroExec/isa_simd_reduce.i8x16_bitmask,wazero,ns/op,1474.5,1485,0.7121057985757906,0.6991341991341992,6,6,reported,paired
explicit,BenchmarkWazeroExec/isa_simd_reduce.i16x8_all_true,wazero,ns/op,2044.5,2011,-1.6385424309122043,0.04112554112554113,6,6,reported,paired
explicit,BenchmarkWazeroExec/isa_simd_reduce.i16x8_bitmask,wazero,ns/op,1385,1355.5,-2.1299638989169645,0.015151515151515152,6,6,reported,paired
explicit,BenchmarkWazeroExec/isa_simd_reduce.i32x4_all_true,wazero,ns/op,2037.5,2011,-1.3006134969325123,0.04112554112554113,6,6,reported,paired
explicit,BenchmarkWazeroExec/isa_simd_reduce.i32x4_bitmask,wazero,ns/op,1448.5,1428,-1.4152571625819843,0.025974025974025976,6,6,reported,paired
explicit,BenchmarkWazeroExec/isa_simd_reduce.i64x2_all_true,wazero,ns/op,2034,2006.5,-1.3520157325467075,0.24025974025974026,6,6,reported,paired
explicit,BenchmarkWazeroExec/isa_simd_reduce.i64x2_bitmask,wazero,ns/op,1456,1438.5,-1.2019230769230727,0.13203463203463203,6,6,reported,paired
explicit,BenchmarkWazeroInstantiate/tiny,wazero,ns/op,8270.5,8305.5,0.42319085907744913,0.9372294372294372,6,6,reported,paired
explicit,BenchmarkWazeroInstantiate/fib_iter,wazero,ns/op,8238,8266,0.33988832240834377,1,6,6,reported,paired
explicit,BenchmarkWazeroInstantiate/fib_rec,wazero,ns/op,8231.5,8355.5,1.5064083095426062,0.5887445887445888,6,6,reported,paired
explicit,BenchmarkWazeroInstantiate/arith,wazero,ns/op,8408.5,8261.5,-1.7482309567699361,0.3939393939393939,6,6,reported,paired
explicit,BenchmarkWazeroInstantiate/float,wazero,ns/op,8380.5,8324,-0.6741841178927288,0.48484848484848486,6,6,reported,paired
explicit,BenchmarkWazeroInstantiate/memory,wazero,ns/op,13238.5,12941.5,-2.243456584960535,0.5887445887445888,6,6,reported,paired
explicit,BenchmarkWazeroInstantiate/memory_tree,wazero,ns/op,13134.5,13095,-0.30073470630781474,0.9805194805194806,6,6,reported,paired
explicit,BenchmarkWazeroInstantiate/globals,wazero,ns/op,8529.5,8621.5,1.0786095316255295,0.8181818181818182,6,6,reported,paired
explicit,BenchmarkWazeroInstantiate/dispatch,wazero,ns/op,8742.5,8971.5,2.619388046897342,0.13203463203463203,6,6,reported,paired
explicit,BenchmarkWazeroInstantiate/branches,wazero,ns/op,8405.5,8677.5,3.2359764439950034,0.06493506493506493,6,6,reported,paired
explicit,BenchmarkWazeroInstantiate/many_funcs,wazero,ns/op,8428.5,8586.5,1.8745921575606506,0.3939393939393939,6,6,reported,paired
explicit,BenchmarkWazeroInstantiate/linked_list,wazero,ns/op,23307.5,23555,1.061889949587047,0.8181818181818182,6,6,reported,paired
explicit,BenchmarkWazeroInstantiate/mandelbrot,wazero,ns/op,8487.5,8451.5,-0.42415316642120393,0.9372294372294372,6,6,reported,paired
explicit,BenchmarkWazeroInstantiate/sieve,wazero,ns/op,35246,35828,1.6512512058105777,0.5887445887445888,6,6,reported,paired
explicit,BenchmarkWazeroInstantiate/nbody,wazero,ns/op,61967.5,65565,5.8054625408480165,0.6991341991341992,6,6,reported,paired
explicit,BenchmarkWazeroInstantiate/spectralnorm,wazero,ns/op,61381.5,63240.5,3.0285998224220734,0.6991341991341992,6,6,reported,paired
explicit,BenchmarkWazeroInstantiate/fannkuch,wazero,ns/op,68121,63385,-6.952334815989191,0.6991341991341992,6,6,reported,paired
explicit,BenchmarkWazeroInstantiate/matmul,wazero,ns/op,66530,62858.5,-5.5185630542612385,0.3939393939393939,6,6,reported,paired
explicit,BenchmarkWazeroInstantiate/quicksort,wazero,ns/op,65032,61300,-5.738713248862104,0.4199134199134199,6,6,reported,paired
explicit,BenchmarkWazeroInstantiate/crc32,wazero,ns/op,65893.5,65056.5,-1.2702315099364925,0.6991341991341992,6,6,reported,paired
explicit,BenchmarkWazeroInstantiate/sha256,wazero,ns/op,65822,68483,4.042721278599859,0.3939393939393939,6,6,reported,paired
explicit,BenchmarkWazeroInstantiate/raytrace,wazero,ns/op,64973,64680.5,-0.4501870007541542,0.8181818181818182,6,6,reported,paired
explicit,BenchmarkWazeroInstantiate/json-as,wazero,ns/op,16240.5,16704,2.8539761706843914,0.17965367965367965,6,6,reported,paired
explicit,BenchmarkWazeroInstantiate/blake-as,wazero,ns/op,13570.5,14401.5,6.1235768763125975,0.09307359307359307,6,6,reported,paired
explicit,BenchmarkWazeroInstantiate/utf-as,wazero,ns/op,17230,18340,6.442251886244921,0.09307359307359307,6,6,reported,paired
explicit,BenchmarkWazeroInstantiate/xjb-mulhi,wazero,ns/op,8694.5,8702,0.08626142963943373,0.6774891774891775,6,6,reported,paired
explicit,BenchmarkWazeroInstantiate/swar-pack-parse,wazero,ns/op,8520.5,8787,3.1277507188545384,0.48484848484848486,6,6,reported,paired
explicit,BenchmarkWazeroInstantiate/json-as-simd,wazero,ns/op,16301,16487,1.1410342923747097,0.8181818181818182,6,6,reported,paired
explicit,BenchmarkWazeroInstantiate/blake-as-simd,wazero,ns/op,13810,14198.5,2.8131788559015103,0.3939393939393939,6,6,reported,paired
explicit,BenchmarkWazeroInstantiate/utf-as-simd,wazero,ns/op,18480.5,17506.5,-5.270420172614376,0.24025974025974026,6,6,reported,paired
explicit,BenchmarkWazeroInstantiate/coremark,wazero,ns/op,17136.5,17421,1.660198990458972,0.48484848484848486,6,6,reported,paired
explicit,BenchmarkWazeroInstantiate/blake3,wazero,ns/op,68142,60736,-10.86848052596049,0.025974025974025976,6,6,reported,paired
explicit,BenchmarkWazeroInstantiate/qoi,wazero,ns/op,125053,115472,-7.661551502163078,0.13203463203463203,6,6,reported,paired
explicit,BenchmarkWazeroInstantiate/lz4,wazero,ns/op,121985.5,115524,-5.296941029876501,0.3939393939393939,6,6,reported,paired
explicit,BenchmarkWazeroInstantiate/zlib,wazero,ns/op,134040,123272,-8.033422858848105,0.5887445887445888,6,6,reported,paired
explicit,BenchmarkWazeroInstantiate/zstd,wazero,ns/op,134140,126533.5,-5.670568063217529,0.9372294372294372,6,6,reported,paired
explicit,BenchmarkWazeroInstantiate/isa_i32,wazero,ns/op,8829,8930,1.143957413070562,0.48484848484848486,6,6,reported,paired
explicit,BenchmarkWazeroInstantiate/isa_i64,wazero,ns/op,8835,8747,-0.9960384833050395,1,6,6,reported,paired
explicit,BenchmarkWazeroInstantiate/isa_f32,wazero,ns/op,8845.5,8722,-1.3961901531852394,0.5887445887445888,6,6,reported,paired
explicit,BenchmarkWazeroInstantiate/isa_f64,wazero,ns/op,8670.5,8609.5,-0.7035349749149433,0.9372294372294372,6,6,reported,paired
explicit,BenchmarkWazeroInstantiate/isa_mem,wazero,ns/op,63057.5,61617,-2.284422947309994,0.5887445887445888,6,6,reported,paired
explicit,BenchmarkWazeroInstantiate/isa_bulk_mem,wazero,ns/op,17882.5,17485.5,-2.220047532503844,0.8181818181818182,6,6,reported,paired
explicit,BenchmarkWazeroInstantiate/isa_ctl,wazero,ns/op,8727.5,8730,0.02864508736750704,0.6991341991341992,6,6,reported,paired
explicit,BenchmarkWazeroInstantiate/isa_call,wazero,ns/op,8908,8942.5,0.3872923215087587,1,6,6,reported,paired
explicit,BenchmarkWazeroInstantiate/isa_var,wazero,ns/op,8782.5,8727,-0.6319385140905243,0.9372294372294372,6,6,reported,paired
explicit,BenchmarkWazeroInstantiate/isa_cvt,wazero,ns/op,8696,8652.5,-0.5002299908003716,0.5887445887445888,6,6,reported,paired
explicit,BenchmarkWazeroInstantiate/isa_simd_v128,wazero,ns/op,8633,8686,0.6139233175026071,0.9372294372294372,6,6,reported,paired
explicit,BenchmarkWazeroInstantiate/isa_simd_i8x16,wazero,ns/op,8770.5,8855,0.9634570434980949,1,6,6,reported,paired
explicit,BenchmarkWazeroInstantiate/isa_simd_i16x8,wazero,ns/op,9122.5,8928.5,-2.1266100301452484,0.5887445887445888,6,6,reported,paired
explicit,BenchmarkWazeroInstantiate/isa_simd_i32x4,wazero,ns/op,8966.5,8877.5,-0.9925835052696175,0.5887445887445888,6,6,reported,paired
explicit,BenchmarkWazeroInstantiate/isa_simd_i64x2,wazero,ns/op,8732,8799.5,0.773018781493362,0.6991341991341992,6,6,reported,paired
explicit,BenchmarkWazeroInstantiate/isa_simd_f32x4,wazero,ns/op,8888,8743,-1.6314131413141308,0.9372294372294372,6,6,reported,paired
explicit,BenchmarkWazeroInstantiate/isa_simd_f64x2,wazero,ns/op,8831.5,8822.5,-0.10190794315801943,0.9372294372294372,6,6,reported,paired
explicit,BenchmarkWazeroInstantiate/isa_simd_reduce,wazero,ns/op,8786.5,8879,1.0527513799578836,0.6991341991341992,6,6,reported,paired
signals,BenchmarkCompile/tiny,wago,ns/op,6573.5,6538,-0.5400471590476963,0.9372294372294372,6,6,reported,paired
signals,BenchmarkCompile/fib_iter,wago,ns/op,7976,7498,-5.992978936810434,0.0021645021645021645,6,6,reported,paired
signals,BenchmarkCompile/fib_rec,wago,ns/op,8373,7802,-6.81953899438672,0.0021645021645021645,6,6,reported,paired
signals,BenchmarkCompile/arith,wago,ns/op,9217.5,7425.5,-19.441280173582854,0.0021645021645021645,6,6,reported,paired
signals,BenchmarkCompile/float,wago,ns/op,9659,7868,-18.542292162749764,0.0021645021645021645,6,6,reported,paired
signals,BenchmarkCompile/memory,wago,ns/op,11148.5,10156,-8.902542942996817,0.0021645021645021645,6,6,reported,paired
signals,BenchmarkCompile/memory_tree,wago,ns/op,17298.5,14502,-16.16614157296875,0.0021645021645021645,6,6,reported,paired
signals,BenchmarkCompile/globals,wago,ns/op,8585.5,8092,-5.74806359559723,0.0021645021645021645,6,6,reported,paired
signals,BenchmarkCompile/dispatch,wago,ns/op,14658,14228,-2.933551644153365,0.008658008658008658,6,6,reported,paired
signals,BenchmarkCompile/branches,wago,ns/op,7256.5,6765.5,-6.7663474126645085,0.0021645021645021645,6,6,reported,paired
signals,BenchmarkCompile/many_funcs,wago,ns/op,313200,300256.5,-4.132662835249046,0.09307359307359307,6,6,reported,paired
signals,BenchmarkCompile/linked_list,wago,ns/op,12403.5,11065.5,-10.787277784496307,0.0021645021645021645,6,6,reported,paired
signals,BenchmarkCompile/mandelbrot,wago,ns/op,15675.5,13520.5,-13.747567860674303,0.0021645021645021645,6,6,reported,paired
signals,BenchmarkCompile/sieve,wago,ns/op,14216,12078,-15.039392234102422,0.0021645021645021645,6,6,reported,paired
signals,BenchmarkCompile/nbody,wago,ns/op,66660.5,53597.5,-19.596312658920944,0.0021645021645021645,6,6,reported,paired
signals,BenchmarkCompile/spectralnorm,wago,ns/op,54195.5,43500.5,-19.734110765653977,0.0021645021645021645,6,6,reported,paired
signals,BenchmarkCompile/fannkuch,wago,ns/op,85558.5,67053.5,-21.62847642256468,0.0021645021645021645,6,6,reported,paired
signals,BenchmarkCompile/matmul,wago,ns/op,46451,37911,-18.384964801618906,0.0021645021645021645,6,6,reported,paired
signals,BenchmarkCompile/quicksort,wago,ns/op,45104,37314,-17.27119545938276,0.0021645021645021645,6,6,reported,paired
signals,BenchmarkCompile/crc32,wago,ns/op,26905.5,22029.5,-18.122688669602873,0.0021645021645021645,6,6,reported,paired
signals,BenchmarkCompile/sha256,wago,ns/op,64353.5,52397.5,-18.57863208683288,0.0021645021645021645,6,6,reported,paired
signals,BenchmarkCompile/raytrace,wago,ns/op,177094.5,135006.5,-23.765842530400437,0.0021645021645021645,6,6,reported,paired
signals,BenchmarkCompile/regexmatch,wago,ns/op,39127865.5,31865015,-18.561836704330315,0.0021645021645021645,6,6,reported,paired
signals,BenchmarkCompile/wasm3,wago,ns/op,11186771,9161435.5,-18.104737282992566,0.0021645021645021645,6,6,reported,paired
signals,BenchmarkCompile/json-as,wago,ns/op,1055327,866382,-17.903929303429177,0.0021645021645021645,6,6,reported,paired
signals,BenchmarkCompile/blake-as,wago,ns/op,283490.5,206060,-27.313260938197224,0.0021645021645021645,6,6,reported,paired
signals,BenchmarkCompile/utf-as,wago,ns/op,121649.5,98271.5,-19.21750603167296,0.0021645021645021645,6,6,reported,paired
signals,BenchmarkCompile/xjb-mulhi,wago,ns/op,16261.5,13214.5,-18.73750883989792,0.0021645021645021645,6,6,reported,paired
signals,BenchmarkCompile/swar-pack-parse,wago,ns/op,16872,14353,-14.930061640587954,0.0021645021645021645,6,6,reported,paired
signals,BenchmarkCompile/json-as-simd,wago,ns/op,1167518,994323.5,-14.83441797042958,0.0021645021645021645,6,6,reported,paired
signals,BenchmarkCompile/blake-as-simd,wago,ns/op,788469.5,614268.5,-22.093562274761425,0.0021645021645021645,6,6,reported,paired
signals,BenchmarkCompile/utf-as-simd,wago,ns/op,398894.5,333673,-16.350563870898192,0.004329004329004329,6,6,reported,paired
signals,BenchmarkCompile/coremark,wago,ns/op,523048.5,382451.5,-26.880298863298524,0.0021645021645021645,6,6,reported,paired
signals,BenchmarkCompile/blake3,wago,ns/op,796543.5,609150.5,-23.525771034475827,0.0021645021645021645,6,6,reported,paired
signals,BenchmarkCompile/qoi,wago,ns/op,157017,118618.5,-24.454995318978202,0.0021645021645021645,6,6,reported,paired
signals,BenchmarkCompile/lz4,wago,ns/op,122477.5,99232.5,-18.978996142148564,0.0021645021645021645,6,6,reported,paired
signals,BenchmarkCompile/zlib,wago,ns/op,813052,663722,-18.36659893832129,0.0021645021645021645,6,6,reported,paired
signals,BenchmarkCompile/zstd,wago,ns/op,3239897,2677968,-17.344039023462788,0.0021645021645021645,6,6,reported,paired
signals,BenchmarkCompile/lua,wago,ns/op,17416334.5,14295742.5,-17.917616361812527,0.0021645021645021645,6,6,reported,paired
signals,BenchmarkCompile/sqlite3,wago,ns/op,66576568.5,54550377,-18.063699843586868,0.0021645021645021645,6,6,reported,paired
signals,BenchmarkCompile/ruby,wago,ns/op,724271724.5,527929074,-27.108976349386673,0.0021645021645021645,6,6,reported,paired
signals,BenchmarkCompile/esbuild,wago,ns/op,433903195,333325746.5,-23.179697605130567,0.0021645021645021645,6,6,reported,paired
signals,BenchmarkCompile/isa_i32,wago,ns/op,209261.5,151500,-27.602545140888314,0.0021645021645021645,6,6,reported,paired
signals,BenchmarkCompile/isa_i64,wago,ns/op,216322.5,159001,-26.498168244172472,0.0021645021645021645,6,6,reported,paired
signals,BenchmarkCompile/isa_f32,wago,ns/op,133556.5,94028.5,-29.59646292018734,0.0021645021645021645,6,6,reported,paired
signals,BenchmarkCompile/isa_f64,wago,ns/op,131486,92537.5,-29.621784828803065,0.0021645021645021645,6,6,reported,paired
signals,BenchmarkCompile/isa_mem,wago,ns/op,103644,80249.5,-22.571977152560684,0.0021645021645021645,6,6,reported,paired
signals,BenchmarkCompile/isa_bulk_mem,wago,ns/op,32820.5,29401.5,-10.417269694245979,0.0021645021645021645,6,6,reported,paired
signals,BenchmarkCompile/isa_ctl,wago,ns/op,96143.5,77731.5,-19.150540598168362,0.06493506493506493,6,6,reported,paired
signals,BenchmarkCompile/isa_call,wago,ns/op,35720,30606,-14.31690929451288,0.0021645021645021645,6,6,reported,paired
signals,BenchmarkCompile/isa_var,wago,ns/op,25358.5,19967.5,-21.259143876806597,0.0021645021645021645,6,6,reported,paired
signals,BenchmarkCompile/isa_cvt,wago,ns/op,72278.5,53560.5,-25.897050990266813,0.0021645021645021645,6,6,reported,paired
signals,BenchmarkCompile/isa_simd_v128,wago,ns/op,72075,55162.5,-23.465140478668054,0.0021645021645021645,6,6,reported,paired
signals,BenchmarkCompile/isa_simd_i8x16,wago,ns/op,303494.5,231884,-23.595320508279393,0.0021645021645021645,6,6,reported,paired
signals,BenchmarkCompile/isa_simd_i16x8,wago,ns/op,397643.5,320321,-19.445181425070444,0.0021645021645021645,6,6,reported,paired
signals,BenchmarkCompile/isa_simd_i32x4,wago,ns/op,370834.5,302657.5,-18.38475114909751,0.0021645021645021645,6,6,reported,paired
signals,BenchmarkCompile/isa_simd_i64x2,wago,ns/op,230964,187387.5,-18.867226061204345,0.0021645021645021645,6,6,reported,paired
signals,BenchmarkCompile/isa_simd_f32x4,wago,ns/op,231492.5,184677,-20.22333336933162,0.0021645021645021645,6,6,reported,paired
signals,BenchmarkCompile/isa_simd_f64x2,wago,ns/op,235980,184387,-21.86329349944911,0.0021645021645021645,6,6,reported,paired
signals,BenchmarkCompile/isa_simd_reduce,wago,ns/op,76547,63921.5,-16.493788130168397,0.0021645021645021645,6,6,reported,paired
signals,BenchmarkCompileCommuteSelfUpdate/blake-as/off,wago,ns/op,506361.5,337537.5,-33.34060745139589,0.0021645021645021645,6,6,reported,paired
signals,BenchmarkCompileCommuteSelfUpdate/blake-as/on,wago,ns/op,511865.5,354812,-30.68257188656004,0.0021645021645021645,6,6,reported,paired
signals,BenchmarkCompileCommuteSelfUpdate/blake-as-simd/off,wago,ns/op,1550553,1008741,-34.943146090459344,0.0021645021645021645,6,6,reported,paired
signals,BenchmarkCompileCommuteSelfUpdate/blake-as-simd/on,wago,ns/op,1564225.5,1014812,-35.12367622187465,0.0021645021645021645,6,6,reported,paired
signals,BenchmarkCompileCommuteSelfUpdate/sqlite3/off,wago,ns/op,95444190,65083440,-31.80995092524752,0.0021645021645021645,6,6,reported,paired
signals,BenchmarkCompileCommuteSelfUpdate/sqlite3/on,wago,ns/op,97668889,67391950.5,-30.99957295510959,0.0021645021645021645,6,6,reported,paired
signals,BenchmarkCompileCommuteSelfUpdate/esbuild/off,wago,ns/op,705316314.5,450078023.5,-36.187776427791675,0.0021645021645021645,6,6,reported,paired
signals,BenchmarkCompileCommuteSelfUpdate/esbuild/on,wago,ns/op,692890020.5,454278798,-34.437099025876364,0.0021645021645021645,6,6,reported,paired
signals,BenchmarkCompileCompact/tiny,wago,ns/op,15783.5,16721.5,5.942915069534638,0.13203463203463203,6,6,reported,paired
signals,BenchmarkCompileCompact/fib_iter,wago,ns/op,16687,16394,-1.7558578534188296,0.5887445887445888,6,6,reported,paired
signals,BenchmarkCompileCompact/fib_rec,wago,ns/op,17570.5,17709,0.7882530377621544,0.6991341991341992,6,6,reported,paired
signals,BenchmarkCompileCompact/arith,wago,ns/op,18536,16473,-11.129693569270604,0.008658008658008658,6,6,reported,paired
signals,BenchmarkCompileCompact/float,wago,ns/op,19539.5,18127.5,-7.226387573888793,0.015151515151515152,6,6,reported,paired
signals,BenchmarkCompileCompact/memory,wago,ns/op,22505,21947.5,-2.4772272828260333,0.30952380952380953,6,6,reported,paired
signals,BenchmarkCompileCompact/memory_tree,wago,ns/op,31206.5,28279.5,-9.37945620303462,0.004329004329004329,6,6,reported,paired
signals,BenchmarkCompileCompact/globals,wago,ns/op,20090.5,18956,-5.64694756228068,0.04112554112554113,6,6,reported,paired
signals,BenchmarkCompileCompact/dispatch,wago,ns/op,25407,24857.5,-2.162789782343444,0.30952380952380953,6,6,reported,paired
signals,BenchmarkCompileCompact/branches,wago,ns/op,16669.5,15802,-5.2041153003989375,0.025974025974025976,6,6,reported,paired
signals,BenchmarkCompileCompact/many_funcs,wago,ns/op,358576.5,357536,-0.2901751787972695,0.5887445887445888,6,6,reported,paired
signals,BenchmarkCompileCompact/linked_list,wago,ns/op,21869.5,20870.5,-4.568005669997033,0.24025974025974026,6,6,reported,paired
signals,BenchmarkCompileCompact/mandelbrot,wago,ns/op,25512,24478.5,-4.051034807149579,0.13203463203463203,6,6,reported,paired
signals,BenchmarkCompileCompact/sieve,wago,ns/op,24046.5,22527,-6.319006924084592,0.09307359307359307,6,6,reported,paired
signals,BenchmarkCompileCompact/nbody,wago,ns/op,84657.5,76909,-9.152762602250242,0.06493506493506493,6,6,reported,paired
signals,BenchmarkCompileCompact/spectralnorm,wago,ns/op,69922,61761.5,-11.670861817453737,0.06493506493506493,6,6,reported,paired
signals,BenchmarkCompileCompact/fannkuch,wago,ns/op,113924.5,95863,-15.853920798423516,0.06493506493506493,6,6,reported,paired
signals,BenchmarkCompileCompact/matmul,wago,ns/op,64106,55424.5,-13.542414126602809,0.015151515151515152,6,6,reported,paired
signals,BenchmarkCompileCompact/quicksort,wago,ns/op,63247,58118.5,-8.108684996916848,0.30952380952380953,6,6,reported,paired
signals,BenchmarkCompileCompact/crc32,wago,ns/op,37931,34909.5,-7.965779968890885,0.008658008658008658,6,6,reported,paired
signals,BenchmarkCompileCompact/sha256,wago,ns/op,81288.5,68007,-16.338719499068134,0.06493506493506493,6,6,reported,paired
signals,BenchmarkCompileCompact/raytrace,wago,ns/op,206556.5,168192.5,-18.573126481132284,0.0021645021645021645,6,6,reported,paired
signals,BenchmarkCompileCompact/regexmatch,wago,ns/op,48624302,42473547.5,-12.649548162151515,0.025974025974025976,6,6,reported,paired
signals,BenchmarkCompileCompact/wasm3,wago,ns/op,12871773.5,11491220,-10.725433445515486,0.008658008658008658,6,6,reported,paired
signals,BenchmarkCompileCompact/json-as,wago,ns/op,1322861.5,1213908.5,-8.236160777224221,0.025974025974025976,6,6,reported,paired
signals,BenchmarkCompileCompact/blake-as,wago,ns/op,279610.5,233373,-16.53639616538005,0.0021645021645021645,6,6,reported,paired
signals,BenchmarkCompileCompact/utf-as,wago,ns/op,138346.5,118931,-14.033965441843488,0.0021645021645021645,6,6,reported,paired
signals,BenchmarkCompileCompact/xjb-mulhi,wago,ns/op,27331,24939.5,-8.75013720683473,0.0021645021645021645,6,6,reported,paired
signals,BenchmarkCompileCompact/swar-pack-parse,wago,ns/op,27961,26049.5,-6.836307714316369,0.004329004329004329,6,6,reported,paired
signals,BenchmarkCompileCompact/json-as-simd,wago,ns/op,1478175.5,1357611,-8.15630485013451,0.0021645021645021645,6,6,reported,paired
signals,BenchmarkCompileCompact/blake-as-simd,wago,ns/op,853530.5,706845.5,-17.185677606131243,0.0021645021645021645,6,6,reported,paired
signals,BenchmarkCompileCompact/utf-as-simd,wago,ns/op,497334,421998.5,-15.147868434492718,0.06493506493506493,6,6,reported,paired
signals,BenchmarkCompileCompact/coremark,wago,ns/op,475199,403434,-15.102094070063277,0.0021645021645021645,6,6,reported,paired
signals,BenchmarkCompileCompact/blake3,wago,ns/op,827239.5,659119.5,-20.32301407270809,0.0021645021645021645,6,6,reported,paired
signals,BenchmarkCompileCompact/qoi,wago,ns/op,182554,149798.5,-17.942910043055747,0.0021645021645021645,6,6,reported,paired
signals,BenchmarkCompileCompact/lz4,wago,ns/op,157412.5,134610,-14.485825458588108,0.0021645021645021645,6,6,reported,paired
signals,BenchmarkCompileCompact/zlib,wago,ns/op,910789.5,782646.5,-14.0694419511863,0.0021645021645021645,6,6,reported,paired
signals,BenchmarkCompileCompact/zstd,wago,ns/op,3534584,2945505.5,-16.666133836400554,0.0021645021645021645,6,6,reported,paired
signals,BenchmarkCompileCompact/lua,wago,ns/op,18745911,16275612.5,-13.177799147771474,0.0021645021645021645,6,6,reported,paired
signals,BenchmarkCompileCompact/sqlite3,wago,ns/op,75310714,65059255,-13.6122185749029,0.0021645021645021645,6,6,reported,paired
signals,BenchmarkCompileCompact/ruby,wago,ns/op,861214894,694948682,-19.30600749689311,0.0021645021645021645,6,6,reported,paired
signals,BenchmarkCompileCompact/esbuild,wago,ns/op,447979700,373616713,-16.599633197664986,0.0021645021645021645,6,6,reported,paired
signals,BenchmarkCompileCompact/isa_i32,wago,ns/op,238566.5,189308,-20.647702003424616,0.0021645021645021645,6,6,reported,paired
signals,BenchmarkCompileCompact/isa_i64,wago,ns/op,249811,190670,-23.67429776911345,0.0021645021645021645,6,6,reported,paired
signals,BenchmarkCompileCompact/isa_f32,wago,ns/op,164854,126783,-23.09376781879724,0.0021645021645021645,6,6,reported,paired
signals,BenchmarkCompileCompact/isa_f64,wago,ns/op,173981,142342,-18.18531908656692,0.06493506493506493,6,6,reported,paired
signals,BenchmarkCompileCompact/isa_mem,wago,ns/op,134449.5,110349.5,-17.924945797492743,0.0021645021645021645,6,6,reported,paired
signals,BenchmarkCompileCompact/isa_bulk_mem,wago,ns/op,53547,50666.5,-5.3793863335014125,0.004329004329004329,6,6,reported,paired
signals,BenchmarkCompileCompact/isa_ctl,wago,ns/op,131518,112362.5,-14.56492647394273,0.0021645021645021645,6,6,reported,paired
signals,BenchmarkCompileCompact/isa_call,wago,ns/op,46070.5,41872,-9.113206932852913,0.025974025974025976,6,6,reported,paired
signals,BenchmarkCompileCompact/isa_var,wago,ns/op,37322,32538.5,-12.816837254166447,0.3939393939393939,6,6,reported,paired
signals,BenchmarkCompileCompact/isa_cvt,wago,ns/op,114745.5,100505.5,-12.410072726163557,0.06493506493506493,6,6,reported,paired
signals,BenchmarkCompileCompact/isa_simd_v128,wago,ns/op,90492,74349,-17.83914600185652,0.004329004329004329,6,6,reported,paired
signals,BenchmarkCompileCompact/isa_simd_i8x16,wago,ns/op,333131.5,259590.5,-22.075666816257243,0.0021645021645021645,6,6,reported,paired
signals,BenchmarkCompileCompact/isa_simd_i16x8,wago,ns/op,438801,362793,-17.32174721570826,0.0021645021645021645,6,6,reported,paired
signals,BenchmarkCompileCompact/isa_simd_i32x4,wago,ns/op,410421,334857,-18.411338601094972,0.0021645021645021645,6,6,reported,paired
signals,BenchmarkCompileCompact/isa_simd_i64x2,wago,ns/op,249303.5,210122.5,-15.71618529222414,0.0021645021645021645,6,6,reported,paired
signals,BenchmarkCompileCompact/isa_simd_f32x4,wago,ns/op,250216,204394,-18.31297758736452,0.0021645021645021645,6,6,reported,paired
signals,BenchmarkCompileCompact/isa_simd_f64x2,wago,ns/op,259877.5,204565.5,-21.283874133004975,0.0021645021645021645,6,6,reported,paired
signals,BenchmarkCompileCompact/isa_simd_reduce,wago,ns/op,88780,72743,-18.063753097544488,0.06493506493506493,6,6,reported,paired
signals,BenchmarkCompileFull/tiny,wago,ns/op,19642,18753,-4.526015680684248,0.24025974025974026,6,6,reported,paired
signals,BenchmarkCompileFull/fib_iter,wago,ns/op,22785.5,21515.5,-5.573720129029425,0.3939393939393939,6,6,reported,paired
signals,BenchmarkCompileFull/fib_rec,wago,ns/op,23518,22217,-5.531932987498934,0.015151515151515152,6,6,reported,paired
signals,BenchmarkCompileFull/arith,wago,ns/op,25065,22184,-11.494115300219432,0.025974025974025976,6,6,reported,paired
signals,BenchmarkCompileFull/float,wago,ns/op,25526.5,22744,-10.900436800971535,0.09307359307359307,6,6,reported,paired
signals,BenchmarkCompileFull/memory,wago,ns/op,30349.5,27714,-8.6838333415707,0.24025974025974026,6,6,reported,paired
signals,BenchmarkCompileFull/memory_tree,wago,ns/op,43470,36021.5,-17.134805613066483,0.06493506493506493,6,6,reported,paired
signals,BenchmarkCompileFull/globals,wago,ns/op,27263.5,25380.5,-6.906670090047129,0.5887445887445888,6,6,reported,paired
signals,BenchmarkCompileFull/dispatch,wago,ns/op,35101.5,33614.5,-4.236286198595507,0.06493506493506493,6,6,reported,paired
signals,BenchmarkCompileFull/branches,wago,ns/op,23105.5,20233,-12.43210491008634,0.008658008658008658,6,6,reported,paired
signals,BenchmarkCompileFull/many_funcs,wago,ns/op,485841.5,447302.5,-7.932422405249451,0.0021645021645021645,6,6,reported,paired
signals,BenchmarkCompileFull/linked_list,wago,ns/op,30779,26205,-14.860781701809678,0.0021645021645021645,6,6,reported,paired
signals,BenchmarkCompileFull/mandelbrot,wago,ns/op,36779.5,31353.5,-14.752783479927679,0.0021645021645021645,6,6,reported,paired
signals,BenchmarkCompileFull/sieve,wago,ns/op,34656.5,27956,-19.334035462323087,0.0021645021645021645,6,6,reported,paired
signals,BenchmarkCompileFull/nbody,wago,ns/op,142649,93316,-34.58348814222322,0.0021645021645021645,6,6,reported,paired
signals,BenchmarkCompileFull/spectralnorm,wago,ns/op,138186.5,89074,-35.54073661320027,0.0021645021645021645,6,6,reported,paired
signals,BenchmarkCompileFull/fannkuch,wago,ns/op,190457.5,119285,-37.369229355630516,0.0021645021645021645,6,6,reported,paired
signals,BenchmarkCompileFull/matmul,wago,ns/op,103089.5,79892,-22.502291697990586,0.0021645021645021645,6,6,reported,paired
signals,BenchmarkCompileFull/quicksort,wago,ns/op,108941,80908,-25.732277104120584,0.0021645021645021645,6,6,reported,paired
signals,BenchmarkCompileFull/crc32,wago,ns/op,70284,53997.5,-23.172414774344084,0.0021645021645021645,6,6,reported,paired
signals,BenchmarkCompileFull/sha256,wago,ns/op,134729.5,101313.5,-24.802289030984305,0.0021645021645021645,6,6,reported,paired
signals,BenchmarkCompileFull/raytrace,wago,ns/op,384288,249331.5,-35.11858293779665,0.0021645021645021645,6,6,reported,paired
signals,BenchmarkCompileFull/regexmatch,wago,ns/op,64276280.5,41618071.5,-35.25127593529622,0.0021645021645021645,6,6,reported,paired
signals,BenchmarkCompileFull/wasm3,wago,ns/op,16906135,11605907,-31.35091491934733,0.0021645021645021645,6,6,reported,paired
signals,BenchmarkCompileFull/json-as,wago,ns/op,1942632.5,1333146.5,-31.374230586588048,0.0021645021645021645,6,6,reported,paired
signals,BenchmarkCompileFull/blake-as,wago,ns/op,547077,371879.5,-32.02428542965615,0.0021645021645021645,6,6,reported,paired
signals,BenchmarkCompileFull/utf-as,wago,ns/op,326753.5,247772.5,-24.17143198160081,0.0021645021645021645,6,6,reported,paired
signals,BenchmarkCompileFull/xjb-mulhi,wago,ns/op,41762,33039,-20.887409606819595,0.0021645021645021645,6,6,reported,paired
signals,BenchmarkCompileFull/swar-pack-parse,wago,ns/op,40733.5,34096.5,-16.29371401917341,0.0021645021645021645,6,6,reported,paired
signals,BenchmarkCompileFull/json-as-simd,wago,ns/op,2152565.5,1508545,-29.918741148643324,0.0021645021645021645,6,6,reported,paired
signals,BenchmarkCompileFull/blake-as-simd,wago,ns/op,1634189,1026389,-37.192760445701204,0.0021645021645021645,6,6,reported,paired
signals,BenchmarkCompileFull/utf-as-simd,wago,ns/op,910523.5,649869,-28.626883325910867,0.0021645021645021645,6,6,reported,paired
signals,BenchmarkCompileFull/coremark,wago,ns/op,860453,556672.5,-35.30471739885851,0.0021645021645021645,6,6,reported,paired
signals,BenchmarkCompileFull/blake3,wago,ns/op,1427501.5,942014,-34.00959648728915,0.0021645021645021645,6,6,reported,paired
signals,BenchmarkCompileFull/qoi,wago,ns/op,309114,201617.5,-34.77568146379652,0.0021645021645021645,6,6,reported,paired
signals,BenchmarkCompileFull/lz4,wago,ns/op,253253,172724.5,-31.797648991324877,0.0021645021645021645,6,6,reported,paired
signals,BenchmarkCompileFull/zlib,wago,ns/op,1505556.5,961322,-36.148394298055244,0.0021645021645021645,6,6,reported,paired
signals,BenchmarkCompileFull/zstd,wago,ns/op,5487182.5,3724303,-32.12722558435044,0.0021645021645021645,6,6,reported,paired
signals,BenchmarkCompileFull/lua,wago,ns/op,26749893,18025502,-32.61467625309754,0.0021645021645021645,6,6,reported,paired
signals,BenchmarkCompileFull/sqlite3,wago,ns/op,101069877,67527610,-33.18720472965452,0.0021645021645021645,6,6,reported,paired
signals,BenchmarkCompileFull/ruby,wago,ns/op,1120193992.5,706236680,-36.954073604353844,0.0021645021645021645,6,6,reported,paired
signals,BenchmarkCompileFull/esbuild,wago,ns/op,729373416.5,460131018.5,-36.91420497500405,0.0021645021645021645,6,6,reported,paired
signals,BenchmarkCompileFull/isa_i32,wago,ns/op,444026.5,269928.5,-39.20892108916922,0.0021645021645021645,6,6,reported,paired
signals,BenchmarkCompileFull/isa_i64,wago,ns/op,463267,282538,-39.01184414171526,0.0021645021645021645,6,6,reported,paired
signals,BenchmarkCompileFull/isa_f32,wago,ns/op,289612,183374.5,-36.682699611894535,0.0021645021645021645,6,6,reported,paired
signals,BenchmarkCompileFull/isa_f64,wago,ns/op,293777.5,186792,-36.41718647615968,0.0021645021645021645,6,6,reported,paired
signals,BenchmarkCompileFull/isa_mem,wago,ns/op,206501.5,131270,-36.43145449306664,0.0021645021645021645,6,6,reported,paired
signals,BenchmarkCompileFull/isa_bulk_mem,wago,ns/op,64648,59821,-7.466588293528032,0.3939393939393939,6,6,reported,paired
signals,BenchmarkCompileFull/isa_ctl,wago,ns/op,192407,134907,-29.88456760928656,0.0021645021645021645,6,6,reported,paired
signals,BenchmarkCompileFull/isa_call,wago,ns/op,74041,58771,-20.623708485838932,0.06493506493506493,6,6,reported,paired
signals,BenchmarkCompileFull/isa_var,wago,ns/op,62816.5,44781.5,-28.71060947362556,0.0021645021645021645,6,6,reported,paired
signals,BenchmarkCompileFull/isa_cvt,wago,ns/op,149008,96993.5,-34.90718619134543,0.0021645021645021645,6,6,reported,paired
signals,BenchmarkCompileFull/isa_simd_v128,wago,ns/op,172864,109743,-36.51483246945576,0.0021645021645021645,6,6,reported,paired
signals,BenchmarkCompileFull/isa_simd_i8x16,wago,ns/op,727799,418940.5,-42.437335033436426,0.0021645021645021645,6,6,reported,paired
signals,BenchmarkCompileFull/isa_simd_i16x8,wago,ns/op,947959,587614.5,-38.01266721451033,0.0021645021645021645,6,6,reported,paired
signals,BenchmarkCompileFull/isa_simd_i32x4,wago,ns/op,847722.5,536348,-36.73071081633436,0.025974025974025976,6,6,reported,paired
signals,BenchmarkCompileFull/isa_simd_i64x2,wago,ns/op,536030,324573.5,-39.448631606439946,0.0021645021645021645,6,6,reported,paired
signals,BenchmarkCompileFull/isa_simd_f32x4,wago,ns/op,554710.5,333899.5,-39.80652971234545,0.0021645021645021645,6,6,reported,paired
signals,BenchmarkCompileFull/isa_simd_f64x2,wago,ns/op,544761.5,334835,-38.53548754822065,0.0021645021645021645,6,6,reported,paired
signals,BenchmarkCompileFull/isa_simd_reduce,wago,ns/op,176684,119776.5,-32.208632360598585,0.0021645021645021645,6,6,reported,paired
signals,BenchmarkCompileFullWorkers/tiny/p1,wago,ns/op,17655,17743,0.4984423676012373,0.8181818181818182,6,6,reported,paired
signals,BenchmarkCompileFullWorkers/tiny/p2,wago,ns/op,41316,39622.5,-4.09889631135637,0.3939393939393939,6,6,reported,paired
signals,BenchmarkCompileFullWorkers/tiny/p4,wago,ns/op,42220,39773,-5.795831359545234,0.13203463203463203,6,6,reported,paired
signals,BenchmarkCompileFullWorkers/tiny/p8,wago,ns/op,40918,39970.5,-2.315606823402905,0.5887445887445888,6,6,reported,paired
signals,BenchmarkCompileFullWorkers/tiny/auto,wago,ns/op,19684.5,18984.5,-3.5560974370697718,0.17965367965367965,6,6,reported,paired
signals,BenchmarkCompileFullWorkers/fib_rec/p1,wago,ns/op,21749.5,19994.5,-8.069151014965858,0.004329004329004329,6,6,reported,paired
signals,BenchmarkCompileFullWorkers/fib_rec/p2,wago,ns/op,21646,20147.5,-6.922757091379472,0.004329004329004329,6,6,reported,paired
signals,BenchmarkCompileFullWorkers/fib_rec/p4,wago,ns/op,21283.5,20212.5,-5.032067094227921,0.004329004329004329,6,6,reported,paired
signals,BenchmarkCompileFullWorkers/fib_rec/p8,wago,ns/op,21349.5,20427.5,-4.318602309187569,0.04112554112554113,6,6,reported,paired
signals,BenchmarkCompileFullWorkers/fib_rec/auto,wago,ns/op,21721,20467,-5.773214861194232,0.06493506493506493,6,6,reported,paired
signals,BenchmarkCompileFullWorkers/many_funcs/p1,wago,ns/op,475516.5,427283,-10.143391449087469,0.0021645021645021645,6,6,reported,paired
signals,BenchmarkCompileFullWorkers/many_funcs/p2,wago,ns/op,406771,360283,-11.428543332735131,0.0021645021645021645,6,6,reported,paired
signals,BenchmarkCompileFullWorkers/many_funcs/p4,wago,ns/op,354476.5,306341.5,-13.579179437847078,0.0021645021645021645,6,6,reported,paired
signals,BenchmarkCompileFullWorkers/many_funcs/p8,wago,ns/op,366920.5,314660,-14.243003593421466,0.0021645021645021645,6,6,reported,paired
signals,BenchmarkCompileFullWorkers/many_funcs/auto,wago,ns/op,357632,315745,-11.712318808160349,0.0021645021645021645,6,6,reported,paired
signals,BenchmarkCompileFullWorkers/json-as/p1,wago,ns/op,1843371,1299443.5,-29.50721802610543,0.0021645021645021645,6,6,reported,paired
signals,BenchmarkCompileFullWorkers/json-as/p2,wago,ns/op,1483046,922085,-37.8249224906038,0.0021645021645021645,6,6,reported,paired
signals,BenchmarkCompileFullWorkers/json-as/p4,wago,ns/op,1262352.5,749852.5,-40.59880263238676,0.0021645021645021645,6,6,reported,paired
signals,BenchmarkCompileFullWorkers/json-as/p8,wago,ns/op,1255242.5,688244.5,-45.170395361852385,0.0021645021645021645,6,6,reported,paired
signals,BenchmarkCompileFullWorkers/json-as/auto,wago,ns/op,1263031.5,722719.5,-42.77898057174346,0.0021645021645021645,6,6,reported,paired
signals,BenchmarkCompileFullWorkers/blake-as/p1,wago,ns/op,523942.5,344312.5,-34.28429646382952,0.0021645021645021645,6,6,reported,paired
signals,BenchmarkCompileFullWorkers/blake-as/p2,wago,ns/op,470281.5,308914.5,-34.31285304652639,0.0021645021645021645,6,6,reported,paired
signals,BenchmarkCompileFullWorkers/blake-as/p4,wago,ns/op,505181.5,327143.5,-35.24238318307381,0.0021645021645021645,6,6,reported,paired
signals,BenchmarkCompileFullWorkers/blake-as/p8,wago,ns/op,512653.5,340713,-33.53932041817719,0.0021645021645021645,6,6,reported,paired
signals,BenchmarkCompileFullWorkers/blake-as/auto,wago,ns/op,526689,347551.5,-34.01200708577547,0.0021645021645021645,6,6,reported,paired
signals,BenchmarkCompileFullWorkers/lua/p1,wago,ns/op,26321782,17472713.5,-33.618804760255216,0.0021645021645021645,6,6,reported,paired
signals,BenchmarkCompileFullWorkers/lua/p2,wago,ns/op,19230016.5,11153610.5,-41.99895512310143,0.0021645021645021645,6,6,reported,paired
signals,BenchmarkCompileFullWorkers/lua/p4,wago,ns/op,15740767.5,7711056,-51.01219810279264,0.0021645021645021645,6,6,reported,paired
signals,BenchmarkCompileFullWorkers/lua/p8,wago,ns/op,14475954,6155838,-57.47542441762388,0.0021645021645021645,6,6,reported,paired
signals,BenchmarkCompileFullWorkers/lua/auto,wago,ns/op,15994698,7450236.5,-53.42058662189183,0.0021645021645021645,6,6,reported,paired
signals,BenchmarkCompileFullWorkers/sqlite3/p1,wago,ns/op,97934223.5,66347853,-32.25263791467137,0.0021645021645021645,6,6,reported,paired
signals,BenchmarkCompileFullWorkers/sqlite3/p2,wago,ns/op,69367165,39515877.5,-43.0337429820002,0.0021645021645021645,6,6,reported,paired
signals,BenchmarkCompileFullWorkers/sqlite3/p4,wago,ns/op,55023613,25763034.5,-53.178220957609604,0.0021645021645021645,6,6,reported,paired
signals,BenchmarkCompileFullWorkers/sqlite3/p8,wago,ns/op,48695818,19522768.5,-59.908736926854786,0.0021645021645021645,6,6,reported,paired
signals,BenchmarkCompileFullWorkers/sqlite3/auto,wago,ns/op,56146512,26150946.5,-53.42373805874174,0.0021645021645021645,6,6,reported,paired
signals,BenchmarkCompileFullWorkers/ruby/p1,wago,ns/op,1102174367,675881021,-38.67748686265718,0.0021645021645021645,6,6,reported,paired
signals,BenchmarkCompileFullWorkers/ruby/p2,wago,ns/op,753051689.5,399575385,-46.93918218744,0.0021645021645021645,6,6,reported,paired
signals,BenchmarkCompileFullWorkers/ruby/p4,wago,ns/op,590475375.5,263480610,-55.3782222032729,0.0021645021645021645,6,6,reported,paired
signals,BenchmarkCompileFullWorkers/ruby/p8,wago,ns/op,516517649,189654103.5,-63.282163955640556,0.0021645021645021645,6,6,reported,paired
signals,BenchmarkCompileFullWorkers/ruby/auto,wago,ns/op,595252749.5,270572490.5,-54.544940661378675,0.0021645021645021645,6,6,reported,paired
signals,BenchmarkCompileFullWorkers/esbuild/p1,wago,ns/op,701350776,452527699,-35.477693262009026,0.0021645021645021645,6,6,reported,paired
signals,BenchmarkCompileFullWorkers/esbuild/p2,wago,ns/op,512579433.5,284943475,-44.40988920403105,0.0021645021645021645,6,6,reported,paired
signals,BenchmarkCompileFullWorkers/esbuild/p4,wago,ns/op,414845614,196377466,-52.662518447163805,0.0021645021645021645,6,6,reported,paired
signals,BenchmarkCompileFullWorkers/esbuild/p8,wago,ns/op,371788943.5,150765520.5,-59.44862720211581,0.0021645021645021645,6,6,reported,paired
signals,BenchmarkCompileFullWorkers/esbuild/auto,wago,ns/op,417340348.5,196280042,-52.968831624963286,0.0021645021645021645,6,6,reported,paired
signals,BenchmarkCompileMultiModuleThroughput/many_funcs/p1,wago,ns/op,85738,77123,-10.048053371900444,0.008658008658008658,6,6,reported,paired
signals,BenchmarkCompileMultiModuleThroughput/many_funcs/auto,wago,ns/op,91355,82890.5,-9.265502709211315,0.008658008658008658,6,6,reported,paired
signals,BenchmarkCompileMultiModuleThroughput/json-as/p1,wago,ns/op,308866,219504.5,-28.932125905732587,0.0021645021645021645,6,6,reported,paired
signals,BenchmarkCompileMultiModuleThroughput/json-as/auto,wago,ns/op,333072,229375.5,-31.133358553105637,0.0021645021645021645,6,6,reported,paired
signals,BenchmarkCompileMultiModuleThroughput/esbuild/p1,wago,ns/op,726390968,453578435,-37.55725842119777,0.0021645021645021645,6,6,reported,paired
signals,BenchmarkCompileMultiModuleThroughput/esbuild/auto,wago,ns/op,411166237,192567273,-53.16559199874187,0.0021645021645021645,6,6,reported,paired
signals,BenchmarkCompileWorkers/tiny/p1,wago,ns/op,6475.5,6470.5,-0.07721411474017614,0.8181818181818182,6,6,reported,paired
signals,BenchmarkCompileWorkers/tiny/p2,wago,ns/op,13150,12634,-3.9239543726235726,0.48484848484848486,6,6,reported,paired
signals,BenchmarkCompileWorkers/tiny/p4,wago,ns/op,12766,12293,-3.7051543161522815,0.24025974025974026,6,6,reported,paired
signals,BenchmarkCompileWorkers/tiny/p8,wago,ns/op,13376.5,12676,-5.23679587336,0.04112554112554113,6,6,reported,paired
signals,BenchmarkCompileWorkers/fib_rec/p1,wago,ns/op,8505,7857.5,-7.61316872427984,0.0021645021645021645,6,6,reported,paired
signals,BenchmarkCompileWorkers/fib_rec/p2,wago,ns/op,8520,7775.5,-8.738262910798122,0.0021645021645021645,6,6,reported,paired
signals,BenchmarkCompileWorkers/fib_rec/p4,wago,ns/op,8369,7756.5,-7.318676066435659,0.0021645021645021645,6,6,reported,paired
signals,BenchmarkCompileWorkers/fib_rec/p8,wago,ns/op,8660.5,8085.5,-6.639339530050226,0.0021645021645021645,6,6,reported,paired
signals,BenchmarkCompileWorkers/many_funcs/p1,wago,ns/op,308902.5,303640,-1.7036119811267292,0.48484848484848486,6,6,reported,paired
signals,BenchmarkCompileWorkers/many_funcs/p2,wago,ns/op,232712,218205.5,-6.233670803396474,0.0021645021645021645,6,6,reported,paired
signals,BenchmarkCompileWorkers/many_funcs/p4,wago,ns/op,190143,174950.5,-7.9900390758534385,0.0021645021645021645,6,6,reported,paired
signals,BenchmarkCompileWorkers/many_funcs/p8,wago,ns/op,185122,166045.5,-10.30482600663346,0.0021645021645021645,6,6,reported,paired
signals,BenchmarkCompileWorkers/json-as/p1,wago,ns/op,1024711,853267.5,-16.730912423112464,0.0021645021645021645,6,6,reported,paired
signals,BenchmarkCompileWorkers/json-as/p2,wago,ns/op,728299,555515.5,-23.72425336297318,0.0021645021645021645,6,6,reported,paired
signals,BenchmarkCompileWorkers/json-as/p4,wago,ns/op,565056,379334.5,-32.86780425302979,0.0021645021645021645,6,6,reported,paired
signals,BenchmarkCompileWorkers/json-as/p8,wago,ns/op,530925.5,356509.5,-32.851313414028894,0.0021645021645021645,6,6,reported,paired
signals,BenchmarkCompileWorkers/blake-as/p1,wago,ns/op,269814.5,197867,-26.665542437489464,0.0021645021645021645,6,6,reported,paired
signals,BenchmarkCompileWorkers/blake-as/p2,wago,ns/op,228196.5,161674,-29.151411174141582,0.0021645021645021645,6,6,reported,paired
signals,BenchmarkCompileWorkers/blake-as/p4,wago,ns/op,236441,172521.5,-27.034016942915994,0.0021645021645021645,6,6,reported,paired
signals,BenchmarkCompileWorkers/blake-as/p8,wago,ns/op,242285,181534.5,-25.07398311905401,0.0021645021645021645,6,6,reported,paired
signals,BenchmarkCompileWorkers/lua/p1,wago,ns/op,17536744,14466692.5,-17.506394003356608,0.0021645021645021645,6,6,reported,paired
signals,BenchmarkCompileWorkers/lua/p2,wago,ns/op,11010608.5,8101858,-26.41770888502666,0.0021645021645021645,6,6,reported,paired
signals,BenchmarkCompileWorkers/lua/p4,wago,ns/op,7988206.5,4722624.5,-40.88003984373714,0.0021645021645021645,6,6,reported,paired
signals,BenchmarkCompileWorkers/lua/p8,wago,ns/op,6902941,3636418.5,-47.32073619055994,0.0021645021645021645,6,6,reported,paired
signals,BenchmarkCompileWorkers/sqlite3/p1,wago,ns/op,66369558.5,55163457.5,-16.884398892001062,0.06493506493506493,6,6,reported,paired
signals,BenchmarkCompileWorkers/sqlite3/p2,wago,ns/op,39985725,29761839,-25.568839879732074,0.0021645021645021645,6,6,reported,paired
signals,BenchmarkCompileWorkers/sqlite3/p4,wago,ns/op,27654915,17214692.5,-37.751779385328064,0.0021645021645021645,6,6,reported,paired
signals,BenchmarkCompileWorkers/sqlite3/p8,wago,ns/op,21421810.5,11506506.5,-46.28602236958449,0.0021645021645021645,6,6,reported,paired
signals,BenchmarkCompileWorkers/ruby/p1,wago,ns/op,718495420.5,541607630,-24.619195259018355,0.0021645021645021645,6,6,reported,paired
signals,BenchmarkCompileWorkers/ruby/p2,wago,ns/op,442624709,285266107,-35.551246643124024,0.0021645021645021645,6,6,reported,paired
signals,BenchmarkCompileWorkers/ruby/p4,wago,ns/op,296689033.5,163673192,-44.83342034278459,0.0021645021645021645,6,6,reported,paired
signals,BenchmarkCompileWorkers/ruby/p8,wago,ns/op,227707626.5,106561242.5,-53.202602768335474,0.0021645021645021645,6,6,reported,paired
signals,BenchmarkCompileWorkers/esbuild/p1,wago,ns/op,432405577,333390084,-22.89875484191546,0.0021645021645021645,6,6,reported,paired
signals,BenchmarkCompileWorkers/esbuild/p2,wago,ns/op,268205140,183758180,-31.485958844785745,0.0021645021645021645,6,6,reported,paired
signals,BenchmarkCompileWorkers/esbuild/p4,wago,ns/op,191819259.5,102874410,-46.36909230691718,0.0021645021645021645,6,6,reported,paired
signals,BenchmarkCompileWorkers/esbuild/p8,wago,ns/op,155331422,68142257.5,-56.13105408897885,0.0021645021645021645,6,6,reported,paired
signals,BenchmarkCompile_wago,wago,ns/op,11273,10516,-6.7151601170939434,0.09307359307359307,6,6,reported,paired
signals,BenchmarkCompile_wazero,wazero,ns/op,81768,84175.5,2.944305840915762,0.17965367965367965,6,6,reported,paired
signals,BenchmarkDecode/tiny,wago,ns/op,653.95,604.6,-7.546448505237402,0.004329004329004329,6,6,reported,paired
signals,BenchmarkDecode/fib_iter,wago,ns/op,687.05,633.7,-7.765082599519668,0.0021645021645021645,6,6,reported,paired
signals,BenchmarkDecode/fib_rec,wago,ns/op,597.65,544.35,-8.918263197523624,0.0021645021645021645,6,6,reported,paired
signals,BenchmarkDecode/arith,wago,ns/op,690.85,659.1,-4.5957877976405825,0.0021645021645021645,6,6,reported,paired
signals,BenchmarkDecode/float,wago,ns/op,652,610.95,-6.296012269938645,0.015151515151515152,6,6,reported,paired
signals,BenchmarkDecode/memory,wago,ns/op,1083,960.45,-11.315789473684202,0.008658008658008658,6,6,reported,paired
signals,BenchmarkDecode/memory_tree,wago,ns/op,1284.5,1165,-9.303230829116382,0.06493506493506493,6,6,reported,paired
signals,BenchmarkDecode/globals,wago,ns/op,906.25,863.7,-4.695172413793102,0.09307359307359307,6,6,reported,paired
signals,BenchmarkDecode/dispatch,wago,ns/op,1119.5,1064,-4.957570343903528,0.004329004329004329,6,6,reported,paired
signals,BenchmarkDecode/branches,wago,ns/op,609.8,592.3499999999999,-2.86159396523451,0.06493506493506493,6,6,reported,paired
signals,BenchmarkDecode/many_funcs,wago,ns/op,17793.5,16328,-8.236153651614353,0.025974025974025976,6,6,reported,paired
signals,BenchmarkDecode/linked_list,wago,ns/op,986.5999999999999,895.9,-9.19318872896817,0.0021645021645021645,6,6,reported,paired
signals,BenchmarkDecode/mandelbrot,wago,ns/op,1242.5,1084.5,-12.716297786720322,0.0021645021645021645,6,6,reported,paired
signals,BenchmarkDecode/sieve,wago,ns/op,1202,1061.5,-11.688851913477539,0.0021645021645021645,6,6,reported,paired
signals,BenchmarkDecode/nbody,wago,ns/op,6390,5516,-13.677621283255082,0.0021645021645021645,6,6,reported,paired
signals,BenchmarkDecode/spectralnorm,wago,ns/op,4767.5,4258,-10.686942842160462,0.05627705627705628,6,6,reported,paired
signals,BenchmarkDecode/fannkuch,wago,ns/op,8399,6987.5,-16.8055720919157,0.06493506493506493,6,6,reported,paired
signals,BenchmarkDecode/matmul,wago,ns/op,3823.5,3427,-10.370079769844388,0.3939393939393939,6,6,reported,paired
signals,BenchmarkDecode/quicksort,wago,ns/op,4945,4469,-9.625884732052581,0.06493506493506493,6,6,reported,paired
signals,BenchmarkDecode/crc32,wago,ns/op,2873,2648.5,-7.8141315697876745,0.06493506493506493,6,6,reported,paired
signals,BenchmarkDecode/sha256,wago,ns/op,6907,6202.5,-10.199797307079772,0.0021645021645021645,6,6,reported,paired
signals,BenchmarkDecode/raytrace,wago,ns/op,15504.5,13237,-14.624786352349318,0.0021645021645021645,6,6,reported,paired
signals,BenchmarkDecode/regexmatch,wago,ns/op,3265614,2937393,-10.050820458266042,0.0021645021645021645,6,6,reported,paired
signals,BenchmarkDecode/wasm3,wago,ns/op,699578.5,623442,-10.88319609593491,0.0021645021645021645,6,6,reported,paired
signals,BenchmarkDecode/json-as,wago,ns/op,73240.5,65418,-10.680566080242492,0.0021645021645021645,6,6,reported,paired
signals,BenchmarkDecode/blake-as,wago,ns/op,19134,16107,-15.820006271558483,0.0021645021645021645,6,6,reported,paired
signals,BenchmarkDecode/utf-as,wago,ns/op,21441,20139.5,-6.07014598199711,0.0021645021645021645,6,6,reported,paired
signals,BenchmarkDecode/xjb-mulhi,wago,ns/op,1560.5,1442.5,-7.561678949054795,0.0021645021645021645,6,6,reported,paired
signals,BenchmarkDecode/swar-pack-parse,wago,ns/op,1588.5,1454.5,-8.435631098520613,0.0021645021645021645,6,6,reported,paired
signals,BenchmarkDecode/json-as-simd,wago,ns/op,80014.5,70724.5,-11.610395615794634,0.0021645021645021645,6,6,reported,paired
signals,BenchmarkDecode/blake-as-simd,wago,ns/op,72441.5,61876,-14.584871931144438,0.0021645021645021645,6,6,reported,paired
signals,BenchmarkDecode/utf-as-simd,wago,ns/op,45831.5,40595.5,-11.42445697827913,0.0021645021645021645,6,6,reported,paired
signals,BenchmarkDecode/coremark,wago,ns/op,27874.5,23914,-14.208326606755273,0.0021645021645021645,6,6,reported,paired
signals,BenchmarkDecode/blake3,wago,ns/op,49800,42092.5,-15.476907630522085,0.0021645021645021645,6,6,reported,paired
signals,BenchmarkDecode/qoi,wago,ns/op,11585.5,9839,-15.074878080359067,0.0021645021645021645,6,6,reported,paired
signals,BenchmarkDecode/lz4,wago,ns/op,10620,8857.5,-16.596045197740118,0.0021645021645021645,6,6,reported,paired
signals,BenchmarkDecode/zlib,wago,ns/op,53159,44954.5,-15.433887018190706,0.0021645021645021645,6,6,reported,paired
signals,BenchmarkDecode/zstd,wago,ns/op,206164.5,178411.5,-13.461580436981146,0.0021645021645021645,6,6,reported,paired
signals,BenchmarkDecode/lua,wago,ns/op,1262525,1094154,-13.33605275143066,0.0021645021645021645,6,6,reported,paired
signals,BenchmarkDecode/sqlite3,wago,ns/op,4877004,4399846.5,-9.783824249477757,0.0021645021645021645,6,6,reported,paired
signals,BenchmarkDecode/ruby,wago,ns/op,50742698,44105164.5,-13.080765827627062,0.0021645021645021645,6,6,reported,paired
signals,BenchmarkDecode/esbuild,wago,ns/op,41922476,37499330,-10.550774720462597,0.0021645021645021645,6,6,reported,paired
signals,BenchmarkDecode/isa_i32,wago,ns/op,23737,20153.5,-15.09668450099002,0.0021645021645021645,6,6,reported,paired
signals,BenchmarkDecode/isa_i64,wago,ns/op,24227.5,20773.5,-14.256526674233827,0.0021645021645021645,6,6,reported,paired
signals,BenchmarkDecode/isa_f32,wago,ns/op,15423,13000,-15.710302794527653,0.0021645021645021645,6,6,reported,paired
signals,BenchmarkDecode/isa_f64,wago,ns/op,15697,13384,-14.735299738803597,0.0021645021645021645,6,6,reported,paired
signals,BenchmarkDecode/isa_mem,wago,ns/op,11102,8951.5,-19.37038371464601,0.004329004329004329,6,6,reported,paired
signals,BenchmarkDecode/isa_bulk_mem,wago,ns/op,2448,2197.5,-10.2328431372549,0.0021645021645021645,6,6,reported,paired
signals,BenchmarkDecode/isa_ctl,wago,ns/op,8442.5,7308,-13.437962688777016,0.0021645021645021645,6,6,reported,paired
signals,BenchmarkDecode/isa_call,wago,ns/op,2426,2052.5,-15.3957131079967,0.0021645021645021645,6,6,reported,paired
signals,BenchmarkDecode/isa_var,wago,ns/op,2805.5,2384.5,-15.006237747282125,0.06493506493506493,6,6,reported,paired
signals,BenchmarkDecode/isa_cvt,wago,ns/op,6485.5,5591.5,-13.784596407370287,0.0021645021645021645,6,6,reported,paired
signals,BenchmarkDecode/isa_simd_v128,wago,ns/op,8043.5,6518.5,-18.959408217815632,0.0021645021645021645,6,6,reported,paired
signals,BenchmarkDecode/isa_simd_i8x16,wago,ns/op,38493.5,30543,-20.6541364126411,0.0021645021645021645,6,6,reported,paired
signals,BenchmarkDecode/isa_simd_i16x8,wago,ns/op,50764.5,42906.5,-15.47932117917048,0.0021645021645021645,6,6,reported,paired
signals,BenchmarkDecode/isa_simd_i32x4,wago,ns/op,45976.5,38666.5,-15.899426881124057,0.0021645021645021645,6,6,reported,paired
signals,BenchmarkDecode/isa_simd_i64x2,wago,ns/op,28037,24760,-11.688126404394195,0.0021645021645021645,6,6,reported,paired
signals,BenchmarkDecode/isa_simd_f32x4,wago,ns/op,30253.5,24855,-17.84421637165948,0.0021645021645021645,6,6,reported,paired
signals,BenchmarkDecode/isa_simd_f64x2,wago,ns/op,29760.5,25400.5,-14.650291493758505,0.04112554112554113,6,6,reported,paired
signals,BenchmarkDecode/isa_simd_reduce,wago,ns/op,7418,6426.5,-13.366136424912378,0.0021645021645021645,6,6,reported,paired
signals,BenchmarkExec/tiny.add,wago,ns/op,84.445,84.03,-0.4914441352359411,0.9372294372294372,6,6,reported,paired
signals,BenchmarkExec/fib_iter.fib,wago,ns/op,93.11000000000001,92.005,-1.1867683385243466,0.24025974025974026,6,6,reported,paired
signals,BenchmarkExec/fib_rec.fib,wago,ns/op,1293550.5,1279608,-1.0778473666084198,0.30952380952380953,6,6,reported,paired
signals,BenchmarkExec/arith.run,wago,ns/op,1433.5,1446.5,0.9068712940355717,0.7294372294372294,6,6,reported,paired
signals,BenchmarkExec/float.run,wago,ns/op,4074.5,4062.5,-0.29451466437599993,0.8181818181818182,6,6,reported,paired
signals,BenchmarkExec/memory.sum,wago,ns/op,236.75,237.3,0.23231256599789418,0.5887445887445888,6,6,reported,paired
signals,BenchmarkExec/memory_tree.run,wago,ns/op,9343.5,9498.5,1.658907261732745,0.45670995670995673,6,6,reported,paired
signals,BenchmarkExec/globals.accumulate,wago,ns/op,997.8,999.25,0.14531970334736855,0.7294372294372294,6,6,reported,paired
signals,BenchmarkExec/dispatch.apply,wago,ns/op,86.245,88.43,2.5334802017508373,0.30952380952380953,6,6,reported,paired
signals,BenchmarkExec/branches.classify,wago,ns/op,84.11,85.58,1.7477113304006586,0.13203463203463203,6,6,reported,paired
signals,BenchmarkExec/many_funcs.run,wago,ns/op,84.93,84.38,-0.647592134699182,0.8181818181818182,6,6,reported,paired
signals,BenchmarkExec/linked_list.sum,wago,ns/op,8749,8641.5,-1.2287118527831709,0.48484848484848486,6,6,reported,paired
signals,BenchmarkExec/mandelbrot.render,wago,ns/op,251948,251236.5,-0.2823995427627901,0.8181818181818182,6,6,reported,paired
signals,BenchmarkExec/sieve.count,wago,ns/op,66536.5,66126.5,-0.6162031366242604,1,6,6,reported,paired
signals,BenchmarkExec/nbody.step,wago,ns/op,283295,286873.5,1.263170899592292,0.5887445887445888,6,6,reported,paired
signals,BenchmarkExec/spectralnorm.run,wago,ns/op,656126.5,656272.5,0.022251806625694925,0.6991341991341992,6,6,reported,paired
signals,BenchmarkExec/fannkuch.run,wago,ns/op,1072838,1065117.5,-0.7196333463206916,0.30952380952380953,6,6,reported,paired
signals,BenchmarkExec/matmul.run,wago,ns/op,108550,106879,-1.5393827729157095,0.13203463203463203,6,6,reported,paired
signals,BenchmarkExec/quicksort.sortN,wago,ns/op,68319.5,65517.5,-4.101318071707194,0.17965367965367965,6,6,reported,paired
signals,BenchmarkExec/crc32.hashN,wago,ns/op,16312,16250,-0.38008827856792493,0.5887445887445888,6,6,reported,paired
signals,BenchmarkExec/sha256.hashN,wago,ns/op,35458,35507,0.13819166337638578,0.8181818181818182,6,6,reported,paired
signals,BenchmarkExec/raytrace.render,wago,ns/op,394186.5,399427,1.32944684812899,0.24025974025974026,6,6,reported,paired
signals,BenchmarkExec/json-as.serializeN,wago,ns/op,22455.5,22818.5,1.6165304713767314,0.09307359307359307,6,6,reported,paired
signals,BenchmarkExec/json-as.deserializeN,wago,ns/op,39717.5,40286.5,1.4326178636621112,0.48484848484848486,6,6,reported,paired
signals,BenchmarkExec/blake-as.hashN,wago,ns/op,695505.5,706207.5,1.5387369330652323,0.30952380952380953,6,6,reported,paired
signals,BenchmarkExec/utf-as.convertN,wago,ns/op,162154,165450,2.032635642660674,0.3939393939393939,6,6,reported,paired
signals,BenchmarkExec/xjb-mulhi.mulhi,wago,ns/op,85.265,85.195,-0.08209699173167273,1,6,6,reported,paired
signals,BenchmarkExec/xjb-mulhi.runN,wago,ns/op,2073,2049.5,-1.1336227689339173,0.5887445887445888,6,6,reported,paired
signals,BenchmarkExec/swar-pack-parse.pack,wago,ns/op,84.25,83.94,-0.36795252225519937,0.8181818181818182,6,6,reported,paired
signals,BenchmarkExec/swar-pack-parse.parse4,wago,ns/op,84.14,83.315,-0.9805086760161674,0.48484848484848486,6,6,reported,paired
signals,BenchmarkExec/swar-pack-parse.runN,wago,ns/op,1857.5,1870,0.6729475100942128,0.33116883116883117,6,6,reported,paired
signals,BenchmarkExec/json-as-simd.serializeN,wago,ns/op,26970,27204.5,0.8694846125324451,0.9372294372294372,6,6,reported,paired
signals,BenchmarkExec/json-as-simd.deserializeN,wago,ns/op,49654,50074.5,0.8468602730897778,0.5887445887445888,6,6,reported,paired
signals,BenchmarkExec/blake-as-simd.hashN,wago,ns/op,551287,549561.5,-0.31299486474377636,0.6991341991341992,6,6,reported,paired
signals,BenchmarkExec/utf-as-simd.convertN,wago,ns/op,52533.5,52321.5,-0.4035520191877584,0.8181818181818182,6,6,reported,paired
signals,BenchmarkExec/utf-as-simd.validateN,wago,ns/op,156127,156183.5,0.03618848757742654,0.6991341991341992,6,6,reported,paired
signals,BenchmarkExec/coremark.coremark_run,wago,ns/op,33521129,33619386.5,0.29312109386292473,0.9372294372294372,6,6,reported,paired
signals,BenchmarkExec/blake3.blake3_hash,wago,ns/op,350090.5,354227,1.1815516273649296,0.6991341991341992,6,6,reported,paired
signals,BenchmarkExec/blake3.blake3_keyed_hash,wago,ns/op,351222.5,351620,0.1131761205503734,0.48484848484848486,6,6,reported,paired
signals,BenchmarkExec/blake3.blake3_derive_key,wago,ns/op,362679.5,358201.5,-1.2346989559652521,0.13203463203463203,6,6,reported,paired
signals,BenchmarkExec/qoi.qoi_encode_run,wago,ns/op,8262.5,8303.5,0.4962178517397886,1,6,6,reported,paired
signals,BenchmarkExec/qoi.qoi_decode_run,wago,ns/op,5864,5889,0.4263301500682104,0.6991341991341992,6,6,reported,paired
signals,BenchmarkExec/lz4.lz4_compress_run,wago,ns/op,32852,33329,1.4519663947400563,0.48484848484848486,6,6,reported,paired
signals,BenchmarkExec/lz4.lz4_decompress_run,wago,ns/op,2549.5,2584,1.3532065110805958,0.3939393939393939,6,6,reported,paired
signals,BenchmarkExec/zlib.zlib_inflate_run,wago,ns/op,8957,9085,1.4290499051021532,0.17965367965367965,6,6,reported,paired
signals,BenchmarkExec/zstd.zstd_decompress_run,wago,ns/op,6044,6046.5,0.04136333553936833,0.8181818181818182,6,6,reported,paired
signals,BenchmarkExec/isa_i32.add,wago,ns/op,14470.5,14369,-0.7014270412217916,0.06493506493506493,6,6,reported,paired
signals,BenchmarkExec/isa_i32.sub,wago,ns/op,14418,14310.5,-0.745595783048969,0.24025974025974026,6,6,reported,paired
signals,BenchmarkExec/isa_i32.mul,wago,ns/op,43036.5,43019.5,-0.03950135350225814,0.8181818181818182,6,6,reported,paired
signals,BenchmarkExec/isa_i32.and,wago,ns/op,14401,14349,-0.36108603569197095,0.6991341991341992,6,6,reported,paired
signals,BenchmarkExec/isa_i32.or,wago,ns/op,14359.5,14385,0.1775827849159084,0.974025974025974,6,6,reported,paired
signals,BenchmarkExec/isa_i32.xor,wago,ns/op,14375,14340,-0.24347826086956736,0.5735930735930735,6,6,reported,paired
signals,BenchmarkExec/isa_i32.shl,wago,ns/op,14507.5,14619,0.7685679820782276,0.5887445887445888,6,6,reported,paired
signals,BenchmarkExec/isa_i32.shr_s,wago,ns/op,14508,14570.5,0.4307968017645436,0.8181818181818182,6,6,reported,paired
signals,BenchmarkExec/isa_i32.shr_u,wago,ns/op,14579.5,14509.5,-0.4801262046023491,0.8181818181818182,6,6,reported,paired
signals,BenchmarkExec/isa_i32.rotl,wago,ns/op,14578.5,14548,-0.20921219604211894,0.6991341991341992,6,6,reported,paired
signals,BenchmarkExec/isa_i32.rotr,wago,ns/op,14495.5,14609,0.7830016211927804,0.329004329004329,6,6,reported,paired
signals,BenchmarkExec/isa_i32.div_s,wago,ns/op,178979.5,179702.5,0.4039568777429725,0.48484848484848486,6,6,reported,paired
signals,BenchmarkExec/isa_i32.div_u,wago,ns/op,167624,167724.5,0.0599556149477376,0.6991341991341992,6,6,reported,paired
signals,BenchmarkExec/isa_i32.rem_s,wago,ns/op,186575.5,186592.5,0.009111592894028853,0.9372294372294372,6,6,reported,paired
signals,BenchmarkExec/isa_i32.rem_u,wago,ns/op,173064,173540.5,0.2753316692090779,0.8181818181818182,6,6,reported,paired
signals,BenchmarkExec/isa_i32.clz,wago,ns/op,14558,14605,0.3228465448550599,0.8181818181818182,6,6,reported,paired
signals,BenchmarkExec/isa_i32.ctz,wago,ns/op,14631,14589.5,-0.2836443168614533,1,6,6,reported,paired
signals,BenchmarkExec/isa_i32.popcnt,wago,ns/op,14545,14574.5,0.20281883808868084,0.6991341991341992,6,6,reported,paired
signals,BenchmarkExec/isa_i64.add,wago,ns/op,14396.5,14435.5,0.2708991768832769,0.3939393939393939,6,6,reported,paired
signals,BenchmarkExec/isa_i64.sub,wago,ns/op,14429.5,14433,0.024255864721567377,1,6,6,reported,paired
signals,BenchmarkExec/isa_i64.mul,wago,ns/op,42916.5,42840.5,-0.17708806636141938,0.3939393939393939,6,6,reported,paired
signals,BenchmarkExec/isa_i64.and,wago,ns/op,14404,14381,-0.15967786725908928,0.8181818181818182,6,6,reported,paired
signals,BenchmarkExec/isa_i64.or,wago,ns/op,14407,14370,-0.25681960158255857,0.4199134199134199,6,6,reported,paired
signals,BenchmarkExec/isa_i64.xor,wago,ns/op,14413.5,14407.5,-0.04162764075346104,0.6991341991341992,6,6,reported,paired
signals,BenchmarkExec/isa_i64.shl,wago,ns/op,14585,14529.5,-0.38052793966404375,0.5887445887445888,6,6,reported,paired
signals,BenchmarkExec/isa_i64.shr_s,wago,ns/op,14481,14489,0.05524480353567007,0.9372294372294372,6,6,reported,paired
signals,BenchmarkExec/isa_i64.shr_u,wago,ns/op,14605,14540,-0.4450530640191741,0.6991341991341992,6,6,reported,paired
signals,BenchmarkExec/isa_i64.rotl,wago,ns/op,14714,14721,0.04757373929591413,1,6,6,reported,paired
signals,BenchmarkExec/isa_i64.rotr,wago,ns/op,14674.5,14629,-0.3100616716072091,1,6,6,reported,paired
signals,BenchmarkExec/isa_i64.div_s,wago,ns/op,179879,179171.5,-0.3933199539690624,0.5887445887445888,6,6,reported,paired
signals,BenchmarkExec/isa_i64.div_u,wago,ns/op,167003.5,166354.5,-0.38861460987345,0.6991341991341992,6,6,reported,paired
signals,BenchmarkExec/isa_i64.rem_s,wago,ns/op,186376,186462.5,0.04641155513585016,0.9372294372294372,6,6,reported,paired
signals,BenchmarkExec/isa_i64.rem_u,wago,ns/op,172529,172263.5,-0.1538871725912716,0.8181818181818182,6,6,reported,paired
signals,BenchmarkExec/isa_i64.clz,wago,ns/op,14519,14513,-0.04132516013499732,1,6,6,reported,paired
signals,BenchmarkExec/isa_i64.ctz,wago,ns/op,14556.5,14525,-0.21639817263765515,0.6991341991341992,6,6,reported,paired
signals,BenchmarkExec/isa_i64.popcnt,wago,ns/op,14555.5,14652.5,0.6664147573082424,0.30952380952380953,6,6,reported,paired
signals,BenchmarkExec/isa_f32.add,wago,ns/op,42926,43102,0.41000792060754687,0.5887445887445888,6,6,reported,paired
signals,BenchmarkExec/isa_f32.sub,wago,ns/op,42951,42858,-0.2165258084794286,0.48484848484848486,6,6,reported,paired
signals,BenchmarkExec/isa_f32.mul,wago,ns/op,42885,43222,0.7858225486766957,0.13203463203463203,6,6,reported,paired
signals,BenchmarkExec/isa_f32.div,wago,ns/op,157576,158188.5,0.38870132507489163,0.30952380952380953,6,6,reported,paired
signals,BenchmarkExec/isa_f32.min,wago,ns/op,32998,33042.5,0.13485665797927648,0.9372294372294372,6,6,reported,paired
signals,BenchmarkExec/isa_f32.max,wago,ns/op,33477,33376.5,-0.3002061116587518,0.7294372294372294,6,6,reported,paired
signals,BenchmarkExec/isa_f32.sqrt,wago,ns/op,129269.5,129727.5,0.35429857777742324,0.9372294372294372,6,6,reported,paired
signals,BenchmarkExec/isa_f32.abs,wago,ns/op,43128.5,43249.5,0.28055694030628686,0.5887445887445888,6,6,reported,paired
signals,BenchmarkExec/isa_f32.neg,wago,ns/op,43035.5,42837.5,-0.46008527843292013,0.48484848484848486,6,6,reported,paired
signals,BenchmarkExec/isa_f32.ceil,wago,ns/op,43100.5,42907,-0.44895070822844607,0.5887445887445888,6,6,reported,paired
signals,BenchmarkExec/isa_f32.floor,wago,ns/op,42936.5,42894,-0.09898338243685689,0.5887445887445888,6,6,reported,paired
signals,BenchmarkExec/isa_f32.trunc,wago,ns/op,43190.5,42861,-0.7628992486773734,0.13203463203463203,6,6,reported,paired
signals,BenchmarkExec/isa_f32.nearest,wago,ns/op,43005.5,42972.5,-0.0767343711850832,0.6991341991341992,6,6,reported,paired
signals,BenchmarkExec/isa_f64.add,wago,ns/op,42903,43026,0.28669323823509174,0.6991341991341992,6,6,reported,paired
signals,BenchmarkExec/isa_f64.sub,wago,ns/op,42806.5,42905.5,0.23127328793524082,0.6991341991341992,6,6,reported,paired
signals,BenchmarkExec/isa_f64.mul,wago,ns/op,43004,42998,-0.013952190493904393,0.5541125541125541,6,6,reported,paired
signals,BenchmarkExec/isa_f64.div,wago,ns/op,185594.5,186463.5,0.46822508210102587,0.3939393939393939,6,6,reported,paired
signals,BenchmarkExec/isa_f64.min,wago,ns/op,33503.5,33855,1.0491441192711282,0.24025974025974026,6,6,reported,paired
signals,BenchmarkExec/isa_f64.max,wago,ns/op,33309,33744.5,1.3074544417424727,0.3939393939393939,6,6,reported,paired
signals,BenchmarkExec/isa_f64.sqrt,wago,ns/op,175886,177189.5,0.7411050339424463,0.30952380952380953,6,6,reported,paired
signals,BenchmarkExec/isa_f64.abs,wago,ns/op,43085.5,42982.5,-0.23905954439428223,0.9372294372294372,6,6,reported,paired
signals,BenchmarkExec/isa_f64.neg,wago,ns/op,43031.5,43092,0.1405946806409153,0.6991341991341992,6,6,reported,paired
signals,BenchmarkExec/isa_f64.ceil,wago,ns/op,42922.5,43083.5,0.37509464732949915,0.48484848484848486,6,6,reported,paired
signals,BenchmarkExec/isa_f64.floor,wago,ns/op,42953,43024,0.16529695248295173,0.5887445887445888,6,6,reported,paired
signals,BenchmarkExec/isa_f64.trunc,wago,ns/op,42880.5,42969,0.20638751880224238,0.5151515151515151,6,6,reported,paired
signals,BenchmarkExec/isa_f64.nearest,wago,ns/op,42885.5,42940.5,0.1282484755919855,0.9372294372294372,6,6,reported,paired
signals,BenchmarkExec/isa_mem.load_i32,wago,ns/op,7604.5,7621.5,0.22355184430271624,0.8181818181818182,6,6,reported,paired
signals,BenchmarkExec/isa_mem.load_i64,wago,ns/op,7598.5,7654.5,0.7369875633348677,0.5887445887445888,6,6,reported,paired
signals,BenchmarkExec/isa_mem.load_f64,wago,ns/op,10802.5,10815,0.11571395510299176,0.5887445887445888,6,6,reported,paired
signals,BenchmarkExec/isa_mem.load_i32_stride,wago,ns/op,9830,9771.5,-0.5951169888097629,0.3939393939393939,6,6,reported,paired
signals,BenchmarkExec/isa_mem.store_i32,wago,ns/op,7343.5,7326.5,-0.23149724245932202,1,6,6,reported,paired
signals,BenchmarkExec/isa_mem.store_i64,wago,ns/op,7452,7448.5,-0.04696725711218486,0.6991341991341992,6,6,reported,paired
signals,BenchmarkExec/isa_mem.store_i32_stride,wago,ns/op,10259.5,9620,-6.233247234270678,0.19264069264069264,6,6,reported,paired
signals,BenchmarkExec/isa_bulk_mem.copy_fwd_64,wago,ns/op,329,317.4,-3.5258358662614064,0.48484848484848486,6,6,reported,paired
signals,BenchmarkExec/isa_bulk_mem.copy_back_64,wago,ns/op,340.75,336.5,-1.247248716067495,0.48484848484848486,6,6,reported,paired
signals,BenchmarkExec/isa_bulk_mem.fill_64,wago,ns/op,341.9,333.3,-2.5153553670663853,0.04112554112554113,6,6,reported,paired
signals,BenchmarkExec/isa_bulk_mem.copy_fwd_256,wago,ns/op,2156.5,2134,-1.0433572919081868,0.2878787878787879,6,6,reported,paired
signals,BenchmarkExec/isa_bulk_mem.copy_back_256,wago,ns/op,1396,1380,-1.1461318051575908,0.6991341991341992,6,6,reported,paired
signals,BenchmarkExec/isa_bulk_mem.fill_256,wago,ns/op,2152,2140.5,-0.5343866171003686,0.9372294372294372,6,6,reported,paired
signals,BenchmarkExec/isa_bulk_mem.copy_fwd_4096,wago,ns/op,8818.5,8805.5,-0.14741736122922955,0.8181818181818182,6,6,reported,paired
signals,BenchmarkExec/isa_bulk_mem.copy_back_4096,wago,ns/op,11157,11228,0.6363717845298877,0.48484848484848486,6,6,reported,paired
signals,BenchmarkExec/isa_bulk_mem.fill_4096,wago,ns/op,7649,7614.5,-0.4510393515492206,0.5887445887445888,6,6,reported,paired
signals,BenchmarkExec/isa_ctl.loop_baseline,wago,ns/op,7243,7231,-0.16567720557779664,0.9372294372294372,6,6,reported,paired
signals,BenchmarkExec/isa_ctl.br_if,wago,ns/op,14519.5,14419,-0.6921725954750491,0.13203463203463203,6,6,reported,paired
signals,BenchmarkExec/isa_ctl.if_else,wago,ns/op,11185.5,11072.5,-1.0102364668544084,0.3939393939393939,6,6,reported,paired
signals,BenchmarkExec/isa_ctl.br_table,wago,ns/op,20233,19558.5,-3.3336628280531855,0.06493506493506493,6,6,reported,paired
signals,BenchmarkExec/isa_ctl.select,wago,ns/op,21633.5,21626.5,-0.032357223750201225,0.974025974025974,6,6,reported,paired
signals,BenchmarkExec/isa_call.call_direct,wago,ns/op,14661.5,14664,0.017051461310235716,0.9372294372294372,6,6,reported,paired
signals,BenchmarkExec/isa_call.call_indirect,wago,ns/op,38249.5,38082,-0.43791422110093237,0.9372294372294372,6,6,reported,paired
signals,BenchmarkExec/isa_var.local_getset,wago,ns/op,14696,14680.5,-0.10547087642895914,0.6991341991341992,6,6,reported,paired
signals,BenchmarkExec/isa_var.global_getset,wago,ns/op,7279.5,7231.5,-0.65938594683701,0.30952380952380953,6,6,reported,paired
signals,BenchmarkExec/isa_cvt.i64_extend_s,wago,ns/op,14400,14400.5,0.0034722222222116628,1,6,6,reported,paired
signals,BenchmarkExec/isa_cvt.i64_extend_u,wago,ns/op,7299,7285,-0.19180709686258401,0.9372294372294372,6,6,reported,paired
signals,BenchmarkExec/isa_cvt.f64_convert_s,wago,ns/op,93663,93742,0.0843449387698536,1,6,6,reported,paired
signals,BenchmarkExec/isa_cvt.f64_convert_u,wago,ns/op,94008,94521,0.5456982384477893,0.48484848484848486,6,6,reported,paired
signals,BenchmarkExec/isa_cvt.f32_convert_s,wago,ns/op,93945.5,93711.5,-0.2490805839555965,0.8181818181818182,6,6,reported,paired
signals,BenchmarkExec/isa_cvt.promote_demote,wago,ns/op,138491.5,138134.5,-0.25777755313503015,0.3939393939393939,6,6,reported,paired
signals,BenchmarkExec/isa_cvt.reinterpret_f32,wago,ns/op,56958,57177,0.3844938375645146,0.8181818181818182,6,6,reported,paired
signals,BenchmarkExec/isa_cvt.reinterpret_f64,wago,ns/op,63791.5,64475.5,1.072243167193121,0.24025974025974026,6,6,reported,paired
signals,BenchmarkExec/isa_simd_v128.not,wago,ns/op,1331.5,1333,0.11265490048817384,0.48484848484848486,6,6,reported,paired
signals,BenchmarkExec/isa_simd_v128.and,wago,ns/op,1860,1871,0.5913978494623606,0.329004329004329,6,6,reported,paired
signals,BenchmarkExec/isa_simd_v128.andnot,wago,ns/op,1856,1871.5,0.8351293103448176,0.5887445887445888,6,6,reported,paired
signals,BenchmarkExec/isa_simd_v128.or,wago,ns/op,1854.5,1870,0.8358047991372297,0.19696969696969696,6,6,reported,paired
signals,BenchmarkExec/isa_simd_v128.xor,wago,ns/op,1859.5,1875,0.8335574079053609,0.8181818181818182,6,6,reported,paired
signals,BenchmarkExec/isa_simd_v128.bitselect,wago,ns/op,3662,3669,0.19115237575095811,0.9372294372294372,6,6,reported,paired
signals,BenchmarkExec/isa_simd_i8x16.abs,wago,ns/op,1861,1868,0.37614185921548415,1,6,6,reported,paired
signals,BenchmarkExec/isa_simd_i8x16.neg,wago,ns/op,1320,1331,0.8333333333333304,0.33116883116883117,6,6,reported,paired
signals,BenchmarkExec/isa_simd_i8x16.popcnt,wago,ns/op,5137.5,5213.5,1.479318734793189,0.09307359307359307,6,6,reported,paired
signals,BenchmarkExec/isa_simd_i8x16.narrow_i16x8_s,wago,ns/op,3630.5,3654.5,0.6610659688748077,0.48484848484848486,6,6,reported,paired
signals,BenchmarkExec/isa_simd_i8x16.narrow_i16x8_u,wago,ns/op,3653.5,3661,0.20528260572054702,0.9372294372294372,6,6,reported,paired
signals,BenchmarkExec/isa_simd_i8x16.swizzle,wago,ns/op,7205.5,7244,0.5343140656443035,0.8181818181818182,6,6,reported,paired
signals,BenchmarkExec/isa_simd_i8x16.shl,wago,ns/op,2113.5,2134.5,0.9936124911284594,0.36796536796536794,6,6,reported,paired
signals,BenchmarkExec/isa_simd_i8x16.shr_s,wago,ns/op,3703.5,3705,0.04050222762252975,0.6688311688311688,6,6,reported,paired
signals,BenchmarkExec/isa_simd_i8x16.shr_u,wago,ns/op,2135,2131.5,-0.16393442622950616,0.8181818181818182,6,6,reported,paired
signals,BenchmarkExec/isa_simd_i8x16.add,wago,ns/op,1862,1879,0.9129967776584369,0.22294372294372294,6,6,reported,paired
signals,BenchmarkExec/isa_simd_i8x16.add_sat_s,wago,ns/op,3651.5,3659,0.20539504313294987,0.5887445887445888,6,6,reported,paired
signals,BenchmarkExec/isa_simd_i8x16.add_sat_u,wago,ns/op,3650.5,3683,0.89028900150665,0.30952380952380953,6,6,reported,paired
signals,BenchmarkExec/isa_simd_i8x16.sub,wago,ns/op,1867.5,1868.5,0.05354752342703328,1,6,6,reported,paired
signals,BenchmarkExec/isa_simd_i8x16.sub_sat_s,wago,ns/op,3654.5,3648.5,-0.16418114653167226,0.8181818181818182,6,6,reported,paired
signals,BenchmarkExec/isa_simd_i8x16.sub_sat_u,wago,ns/op,3657,3668,0.30079299972656237,0.2597402597402597,6,6,reported,paired
signals,BenchmarkExec/isa_simd_i8x16.min_s,wago,ns/op,1867.5,1867,-0.02677376171351664,0.7272727272727273,6,6,reported,paired
signals,BenchmarkExec/isa_simd_i8x16.min_u,wago,ns/op,1862,1869.5,0.4027926960257888,0.6991341991341992,6,6,reported,paired
signals,BenchmarkExec/isa_simd_i8x16.max_s,wago,ns/op,1871.5,1866.5,-0.26716537536735085,0.6147186147186147,6,6,reported,paired
signals,BenchmarkExec/isa_simd_i8x16.max_u,wago,ns/op,1857.5,1867,0.5114401076716124,0.45670995670995673,6,6,reported,paired
signals,BenchmarkExec/isa_simd_i8x16.avgr_u,wago,ns/op,3655,3662.5,0.20519835841312783,0.22294372294372294,6,6,reported,paired
signals,BenchmarkExec/isa_simd_i8x16.eq,wago,ns/op,1855.5,1874,0.9970358393963874,0.25757575757575757,6,6,reported,paired
signals,BenchmarkExec/isa_simd_i8x16.ne,wago,ns/op,3622,3677.5,1.5323025952512337,0.17965367965367965,6,6,reported,paired
signals,BenchmarkExec/isa_simd_i8x16.lt_s,wago,ns/op,1870,1879.5,0.5080213903743358,0.36796536796536794,6,6,reported,paired
signals,BenchmarkExec/isa_simd_i8x16.lt_u,wago,ns/op,5441,5450.5,0.174600257305646,0.3939393939393939,6,6,reported,paired
signals,BenchmarkExec/isa_simd_i8x16.gt_s,wago,ns/op,1858.5,1878,1.049233252623094,0.30952380952380953,6,6,reported,paired
signals,BenchmarkExec/isa_simd_i8x16.gt_u,wago,ns/op,5411,5429.5,0.3418961374976881,0.9372294372294372,6,6,reported,paired
signals,BenchmarkExec/isa_simd_i8x16.le_s,wago,ns/op,3636.5,3650.5,0.38498556304138454,0.8506493506493507,6,6,reported,paired
signals,BenchmarkExec/isa_simd_i8x16.le_u,wago,ns/op,3643.5,3683,1.0841224097708269,0.48484848484848486,6,6,reported,paired
signals,BenchmarkExec/isa_simd_i8x16.ge_s,wago,ns/op,3655,3655.5,0.013679890560869268,0.5887445887445888,6,6,reported,paired
signals,BenchmarkExec/isa_simd_i8x16.ge_u,wago,ns/op,3657.5,3680.5,0.6288448393711565,0.24025974025974026,6,6,reported,paired
signals,BenchmarkExec/isa_simd_i16x8.abs,wago,ns/op,1860.5,1877,0.8868583714055411,0.3939393939393939,6,6,reported,paired
signals,BenchmarkExec/isa_simd_i16x8.neg,wago,ns/op,1332.5,1356.5,1.801125703564721,0.22294372294372294,6,6,reported,paired
signals,BenchmarkExec/isa_simd_i16x8.extadd_pairwise_s,wago,ns/op,2741.5,2766.5,0.911909538573763,0.3939393939393939,6,6,reported,paired
signals,BenchmarkExec/isa_simd_i16x8.extadd_pairwise_u,wago,ns/op,2760,2783.5,0.8514492753623149,0.33116883116883117,6,6,reported,paired
signals,BenchmarkExec/isa_simd_i16x8.narrow_i32x4_s,wago,ns/op,3629,3659.5,0.8404519151281375,0.17965367965367965,6,6,reported,paired
signals,BenchmarkExec/isa_simd_i16x8.narrow_i32x4_u,wago,ns/op,3636,3675.5,1.0863586358635935,0.24025974025974026,6,6,reported,paired
signals,BenchmarkExec/isa_simd_i16x8.extend_low_s,wago,ns/op,2095.5,2122,1.2646146504414313,0.09307359307359307,6,6,reported,paired
signals,BenchmarkExec/isa_simd_i16x8.extend_high_s,wago,ns/op,2112,2117.5,0.26041666666667407,0.512987012987013,6,6,reported,paired
signals,BenchmarkExec/isa_simd_i16x8.extend_low_u,wago,ns/op,1341.5,1342,0.0372717107715248,1,6,6,reported,paired
signals,BenchmarkExec/isa_simd_i16x8.extend_high_u,wago,ns/op,1322.5,1333,0.7939508506616288,0.30952380952380953,6,6,reported,paired
signals,BenchmarkExec/isa_simd_i16x8.shl,wago,ns/op,1034,1046,1.1605415860735047,0.30952380952380953,6,6,reported,paired
signals,BenchmarkExec/isa_simd_i16x8.shr_s,wago,ns/op,1034,1034,0,1,6,6,reported,paired
signals,BenchmarkExec/isa_simd_i16x8.shr_u,wago,ns/op,1059,1051.5,-0.7082152974504208,0.9372294372294372,6,6,reported,paired
signals,BenchmarkExec/isa_simd_i16x8.add,wago,ns/op,1863,1875,0.6441223832528209,0.3939393939393939,6,6,reported,paired
signals,BenchmarkExec/isa_simd_i16x8.sub,wago,ns/op,1871.5,1874,0.13358268768368653,0.512987012987013,6,6,reported,paired
signals,BenchmarkExec/isa_simd_i16x8.mul,wago,ns/op,5448,5437,-0.20190895741556414,0.5086580086580087,6,6,reported,paired
signals,BenchmarkExec/isa_simd_i16x8.add_sat_s,wago,ns/op,3657.5,3644.5,-0.3554340396445643,0.9372294372294372,6,6,reported,paired
signals,BenchmarkExec/isa_simd_i16x8.add_sat_u,wago,ns/op,3657.5,3645.5,-0.32809295967191066,1,6,6,reported,paired
signals,BenchmarkExec/isa_simd_i16x8.sub_sat_s,wago,ns/op,3655.5,3656.5,0.02735603884558291,0.974025974025974,6,6,reported,paired
signals,BenchmarkExec/isa_simd_i16x8.sub_sat_u,wago,ns/op,3633.5,3655,0.591715976331364,0.5584415584415584,6,6,reported,paired
signals,BenchmarkExec/isa_simd_i16x8.min_s,wago,ns/op,1866,1870,0.2143622722400762,0.41774891774891776,6,6,reported,paired
signals,BenchmarkExec/isa_simd_i16x8.min_u,wago,ns/op,1876.5,1866.5,-0.5329070077271569,0.6190476190476191,6,6,reported,paired
signals,BenchmarkExec/isa_simd_i16x8.max_s,wago,ns/op,1889.5,1864,-1.349563376554641,0.41774891774891776,6,6,reported,paired
signals,BenchmarkExec/isa_simd_i16x8.max_u,wago,ns/op,1889,1871.5,-0.9264160931709897,0.3722943722943723,6,6,reported,paired
signals,BenchmarkExec/isa_simd_i16x8.avgr_u,wago,ns/op,3700,3642.5,-1.5540540540540548,0.13203463203463203,6,6,reported,paired
signals,BenchmarkExec/isa_simd_i16x8.q15mulr_sat_s,wago,ns/op,9965.5,9941.5,-0.24083086648938323,0.5887445887445888,6,6,reported,paired
signals,BenchmarkExec/isa_simd_i16x8.extmul_low_s,wago,ns/op,9071.5,8994,-0.8543239817009329,0.6645021645021645,6,6,reported,paired
signals,BenchmarkExec/isa_simd_i16x8.extmul_high_s,wago,ns/op,9016.5,9030.5,0.15527089225308988,1,6,6,reported,paired
signals,BenchmarkExec/isa_simd_i16x8.extmul_low_u,wago,ns/op,7215,7256,0.568260568260559,0.5887445887445888,6,6,reported,paired
signals,BenchmarkExec/isa_simd_i16x8.extmul_high_u,wago,ns/op,7235.5,7288,0.7255891092529998,0.17965367965367965,6,6,reported,paired
signals,BenchmarkExec/isa_simd_i16x8.eq,wago,ns/op,1868,1862.5,-0.2944325481798682,0.8181818181818182,6,6,reported,paired
signals,BenchmarkExec/isa_simd_i16x8.ne,wago,ns/op,3652.5,3671.5,0.5201916495551018,0.48484848484848486,6,6,reported,paired
signals,BenchmarkExec/isa_simd_i16x8.lt_s,wago,ns/op,1867,1886.5,1.0444563470808799,0.45670995670995673,6,6,reported,paired
signals,BenchmarkExec/isa_simd_i16x8.lt_u,wago,ns/op,5445.5,5467,0.39482141217519473,0.3939393939393939,6,6,reported,paired
signals,BenchmarkExec/isa_simd_i16x8.gt_s,wago,ns/op,1868,1865,-0.1605995717344766,1,6,6,reported,paired
signals,BenchmarkExec/isa_simd_i16x8.gt_u,wago,ns/op,5466,5448,-0.3293084522502765,0.9372294372294372,6,6,reported,paired
signals,BenchmarkExec/isa_simd_i16x8.le_s,wago,ns/op,3671,3660.5,-0.28602560610188066,0.6991341991341992,6,6,reported,paired
signals,BenchmarkExec/isa_simd_i16x8.le_u,wago,ns/op,3682.5,3648.5,-0.9232858112695141,0.5887445887445888,6,6,reported,paired
signals,BenchmarkExec/isa_simd_i16x8.ge_s,wago,ns/op,3671.5,3660.5,-0.29960506604930215,0.974025974025974,6,6,reported,paired
signals,BenchmarkExec/isa_simd_i16x8.ge_u,wago,ns/op,3671,3660,-0.2996458730591067,0.7316017316017316,6,6,reported,paired
signals,BenchmarkExec/isa_simd_i32x4.abs,wago,ns/op,1869.5,1861,-0.4546670232682515,0.9004329004329005,6,6,reported,paired
signals,BenchmarkExec/isa_simd_i32x4.neg,wago,ns/op,1333,1343.5,0.7876969242310627,0.5887445887445888,6,6,reported,paired
signals,BenchmarkExec/isa_simd_i32x4.extadd_pairwise_s,wago,ns/op,2792,2783.5,-0.3044412607449809,0.48484848484848486,6,6,reported,paired
signals,BenchmarkExec/isa_simd_i32x4.extadd_pairwise_u,wago,ns/op,4457,4547.5,2.0305137985191735,0.17965367965367965,6,6,reported,paired
signals,BenchmarkExec/isa_simd_i32x4.trunc_sat_f32x4_s,wago,ns/op,8648,8693,0.5203515263644709,0.48484848484848486,6,6,reported,paired
signals,BenchmarkExec/isa_simd_i32x4.trunc_sat_f32x4_u,wago,ns/op,10811.5,10938,1.1700504092864161,0.5887445887445888,6,6,reported,paired
signals,BenchmarkExec/isa_simd_i32x4.trunc_sat_f64x2_s_zero,wago,ns/op,7237,7299.5,0.8636175210722685,0.5887445887445888,6,6,reported,paired
signals,BenchmarkExec/isa_simd_i32x4.trunc_sat_f64x2_u_zero,wago,ns/op,10142,10018,-1.2226385328337641,0.5887445887445888,6,6,reported,paired
signals,BenchmarkExec/isa_simd_i32x4.extend_low_s,wago,ns/op,2115.5,2122,0.3072559678563014,0.9523809523809523,6,6,reported,paired
signals,BenchmarkExec/isa_simd_i32x4.extend_high_s,wago,ns/op,2124,2097.5,-1.2476459510357807,0.4199134199134199,6,6,reported,paired
signals,BenchmarkExec/isa_simd_i32x4.extend_low_u,wago,ns/op,1371,1342.5,-2.0787746170678356,0.30952380952380953,6,6,reported,paired
signals,BenchmarkExec/isa_simd_i32x4.extend_high_u,wago,ns/op,1322.5,1334,0.8695652173912993,0.3722943722943723,6,6,reported,paired
signals,BenchmarkExec/isa_simd_i32x4.shl,wago,ns/op,1046.5,1025.5,-2.006688963210701,0.5887445887445888,6,6,reported,paired
signals,BenchmarkExec/isa_simd_i32x4.shr_s,wago,ns/op,1052,1041,-1.0456273764258506,0.9372294372294372,6,6,reported,paired
signals,BenchmarkExec/isa_simd_i32x4.shr_u,wago,ns/op,1041.5,1029,-1.2001920307249114,0.5887445887445888,6,6,reported,paired
signals,BenchmarkExec/isa_simd_i32x4.add,wago,ns/op,1866.5,1867.5,0.053576212161798864,0.974025974025974,6,6,reported,paired
signals,BenchmarkExec/isa_simd_i32x4.sub,wago,ns/op,1853,1868.5,0.8364813815434413,0.461038961038961,6,6,reported,paired
signals,BenchmarkExec/isa_simd_i32x4.mul,wago,ns/op,5444,5445,0.018368846436445097,0.974025974025974,6,6,reported,paired
signals,BenchmarkExec/isa_simd_i32x4.min_s,wago,ns/op,1864.5,1872,0.4022526146419958,0.9047619047619048,6,6,reported,paired
signals,BenchmarkExec/isa_simd_i32x4.min_u,wago,ns/op,1855.5,1867.5,0.6467259498787348,0.5887445887445888,6,6,reported,paired
signals,BenchmarkExec/isa_simd_i32x4.max_s,wago,ns/op,1861.5,1886,1.3161428955143606,1,6,6,reported,paired
signals,BenchmarkExec/isa_simd_i32x4.max_u,wago,ns/op,1862,1867,0.26852846401719255,0.974025974025974,6,6,reported,paired
signals,BenchmarkExec/isa_simd_i32x4.dot,wago,ns/op,5448,5446,-0.036710719530097524,0.7294372294372294,6,6,reported,paired
signals,BenchmarkExec/isa_simd_i32x4.extmul_low_s,wago,ns/op,8987.5,9013,0.28372739916551204,0.5887445887445888,6,6,reported,paired
signals,BenchmarkExec/isa_simd_i32x4.extmul_high_s,wago,ns/op,9001.5,9027.5,0.2888407487640965,0.5887445887445888,6,6,reported,paired
signals,BenchmarkExec/isa_simd_i32x4.extmul_low_u,wago,ns/op,7228.5,7238,0.13142422355951755,0.8181818181818182,6,6,reported,paired
signals,BenchmarkExec/isa_simd_i32x4.extmul_high_u,wago,ns/op,7242.5,7223,-0.2692440455643763,0.6991341991341992,6,6,reported,paired
signals,BenchmarkExec/isa_simd_i32x4.eq,wago,ns/op,1864,1871.5,0.4023605150214493,0.8181818181818182,6,6,reported,paired
signals,BenchmarkExec/isa_simd_i32x4.ne,wago,ns/op,3647.5,3665.5,0.4934886908841696,0.5887445887445888,6,6,reported,paired
signals,BenchmarkExec/isa_simd_i32x4.lt_s,wago,ns/op,1872.5,1880,0.4005340453938633,0.17965367965367965,6,6,reported,paired
signals,BenchmarkExec/isa_simd_i32x4.lt_u,wago,ns/op,5470.5,5448.5,-0.402157024038019,0.22294372294372294,6,6,reported,paired
signals,BenchmarkExec/isa_simd_i32x4.gt_s,wago,ns/op,1861.5,1872,0.5640612409347323,0.5108225108225108,6,6,reported,paired
signals,BenchmarkExec/isa_simd_i32x4.gt_u,wago,ns/op,5452,5474,0.403521643433602,0.48484848484848486,6,6,reported,paired
signals,BenchmarkExec/isa_simd_i32x4.le_s,wago,ns/op,3626.5,3662.5,0.9926926788914825,0.07142857142857142,6,6,reported,paired
signals,BenchmarkExec/isa_simd_i32x4.le_u,wago,ns/op,3636.5,3647,0.2887391722810495,0.9090909090909091,6,6,reported,paired
signals,BenchmarkExec/isa_simd_i32x4.ge_s,wago,ns/op,3648.5,3647.5,-0.027408524050975824,0.9372294372294372,6,6,reported,paired
signals,BenchmarkExec/isa_simd_i32x4.ge_u,wago,ns/op,3630.5,3666,0.9778267456273193,0.3939393939393939,6,6,reported,paired
signals,BenchmarkExec/isa_simd_i64x2.abs,wago,ns/op,3679.5,3674,-0.1494768310911776,0.7835497835497836,6,6,reported,paired
signals,BenchmarkExec/isa_simd_i64x2.neg,wago,ns/op,1334.5,1329,-0.4121393780442073,0.9372294372294372,6,6,reported,paired
signals,BenchmarkExec/isa_simd_i64x2.extend_low_s,wago,ns/op,1985.5,1978.5,-0.352556031226392,0.48484848484848486,6,6,reported,paired
signals,BenchmarkExec/isa_simd_i64x2.extend_high_s,wago,ns/op,1982,1992,0.5045408678102881,1,6,6,reported,paired
signals,BenchmarkExec/isa_simd_i64x2.extend_low_u,wago,ns/op,1330.5,1332.5,0.1503194287861609,0.9372294372294372,6,6,reported,paired
signals,BenchmarkExec/isa_simd_i64x2.extend_high_u,wago,ns/op,1336.5,1351,1.0849233071455355,0.5887445887445888,6,6,reported,paired
signals,BenchmarkExec/isa_simd_i64x2.shl,wago,ns/op,1032.5,1049,1.5980629539951607,0.09307359307359307,6,6,reported,paired
signals,BenchmarkExec/isa_simd_i64x2.shr_s,wago,ns/op,10368.5,10418.5,0.48222983073733516,0.5887445887445888,6,6,reported,paired
signals,BenchmarkExec/isa_simd_i64x2.shr_u,wago,ns/op,1048.5,1049.5,0.09537434430137992,0.816017316017316,6,6,reported,paired
signals,BenchmarkExec/isa_simd_i64x2.add,wago,ns/op,1862.5,1865,0.13422818791946067,0.9372294372294372,6,6,reported,paired
signals,BenchmarkExec/isa_simd_i64x2.sub,wago,ns/op,1875.5,1868,-0.3998933617701983,0.8181818181818182,6,6,reported,paired
signals,BenchmarkExec/isa_simd_i64x2.mul,wago,ns/op,12664,12601,-0.49747315224257793,0.5887445887445888,6,6,reported,paired
signals,BenchmarkExec/isa_simd_i64x2.extmul_low_s,wago,ns/op,7238,7235.5,-0.034539928156951394,0.8181818181818182,6,6,reported,paired
signals,BenchmarkExec/isa_simd_i64x2.extmul_high_s,wago,ns/op,7237,7231.5,-0.07599834185435528,0.6991341991341992,6,6,reported,paired
signals,BenchmarkExec/isa_simd_i64x2.extmul_low_u,wago,ns/op,7252.5,7207,-0.6273698724577725,0.17965367965367965,6,6,reported,paired
signals,BenchmarkExec/isa_simd_i64x2.extmul_high_u,wago,ns/op,7230.5,7236.5,0.0829818131526272,0.8181818181818182,6,6,reported,paired
signals,BenchmarkExec/isa_simd_i64x2.eq,wago,ns/op,3654.5,3654,-0.013681762210970838,0.9372294372294372,6,6,reported,paired
signals,BenchmarkExec/isa_simd_i64x2.ne,wago,ns/op,5430.5,5466.5,0.6629223828376718,0.8181818181818182,6,6,reported,paired
signals,BenchmarkExec/isa_simd_i64x2.lt_s,wago,ns/op,3662,3651.5,-0.28672856362643717,0.5887445887445888,6,6,reported,paired
signals,BenchmarkExec/isa_simd_i64x2.gt_s,wago,ns/op,3664,3654.5,-0.2592794759825323,0.854978354978355,6,6,reported,paired
signals,BenchmarkExec/isa_simd_i64x2.le_s,wago,ns/op,5476,5444.5,-0.5752373995617233,0.36796536796536794,6,6,reported,paired
signals,BenchmarkExec/isa_simd_i64x2.ge_s,wago,ns/op,5457.5,5473,0.28401282638570446,0.6991341991341992,6,6,reported,paired
signals,BenchmarkExec/isa_simd_f32x4.abs,wago,ns/op,1692,1647.5,-2.630023640661938,0.30952380952380953,6,6,reported,paired
signals,BenchmarkExec/isa_simd_f32x4.neg,wago,ns/op,1692,1655,-2.1867612293144156,0.2878787878787879,6,6,reported,paired
signals,BenchmarkExec/isa_simd_f32x4.sqrt,wago,ns/op,12619,12634,0.11886837308821008,0.8181818181818182,6,6,reported,paired
signals,BenchmarkExec/isa_simd_f32x4.ceil,wago,ns/op,2768.5,2758,-0.37926675094817064,1,6,6,reported,paired
signals,BenchmarkExec/isa_simd_f32x4.floor,wago,ns/op,2759,2769,0.36245016310256783,0.8484848484848485,6,6,reported,paired
signals,BenchmarkExec/isa_simd_f32x4.trunc,wago,ns/op,2754,2769,0.5446623093681824,0.6991341991341992,6,6,reported,paired
signals,BenchmarkExec/isa_simd_f32x4.nearest,wago,ns/op,2754.5,2776,0.7805409330186919,0.5887445887445888,6,6,reported,paired
signals,BenchmarkExec/isa_simd_f32x4.add,wago,ns/op,5446,5464,0.33051781123760726,0.5887445887445888,6,6,reported,paired
signals,BenchmarkExec/isa_simd_f32x4.sub,wago,ns/op,5422.5,5456,0.6177962194559683,0.17965367965367965,6,6,reported,paired
signals,BenchmarkExec/isa_simd_f32x4.mul,wago,ns/op,5446,5491.5,0.8354755784061751,0.48484848484848486,6,6,reported,paired
signals,BenchmarkExec/isa_simd_f32x4.div,wago,ns/op,19683.5,19801.5,0.5994868798740116,0.13203463203463203,6,6,reported,paired
signals,BenchmarkExec/isa_simd_f32x4.min,wago,ns/op,10828,10835.5,0.06926486885852068,0.9372294372294372,6,6,reported,paired
signals,BenchmarkExec/isa_simd_f32x4.max,wago,ns/op,10848,10893,0.414823008849563,0.5887445887445888,6,6,reported,paired
signals,BenchmarkExec/isa_simd_f32x4.pmin,wago,ns/op,3626,3658.5,0.8963044677330334,0.08441558441558442,6,6,reported,paired
signals,BenchmarkExec/isa_simd_f32x4.pmax,wago,ns/op,3637.5,3677,1.0859106529209628,0.24025974025974026,6,6,reported,paired
signals,BenchmarkExec/isa_simd_f32x4.eq,wago,ns/op,3653.5,3657,0.09579854933625676,0.8181818181818182,6,6,reported,paired
signals,BenchmarkExec/isa_simd_f32x4.ne,wago,ns/op,3643,3660,0.4666483667307153,0.329004329004329,6,6,reported,paired
signals,BenchmarkExec/isa_simd_f32x4.lt,wago,ns/op,3626.5,3648,0.5928581276713141,0.3939393939393939,6,6,reported,paired
signals,BenchmarkExec/isa_simd_f32x4.gt,wago,ns/op,3625,3669,1.2137931034482685,0.19047619047619047,6,6,reported,paired
signals,BenchmarkExec/isa_simd_f32x4.le,wago,ns/op,3637.5,3672,0.9484536082474238,0.5476190476190477,6,6,reported,paired
signals,BenchmarkExec/isa_simd_f32x4.ge,wago,ns/op,3641,3643.5,0.06866245536940596,0.9372294372294372,6,6,reported,paired
signals,BenchmarkExec/isa_simd_f32x4.convert_i32x4_s,wago,ns/op,2753.5,2758,0.16342836390048632,0.7294372294372294,6,6,reported,paired
signals,BenchmarkExec/isa_simd_f32x4.convert_i32x4_u,wago,ns/op,9939,9923,-0.16098199013985237,0.8181818181818182,6,6,reported,paired
signals,BenchmarkExec/isa_simd_f32x4.demote_f64x2_zero,wago,ns/op,2773.5,2773,-0.01802776275464657,0.9090909090909091,6,6,reported,paired
signals,BenchmarkExec/isa_simd_f64x2.abs,wago,ns/op,1656.5,1628,-1.7204950196196833,0.025974025974025976,6,6,reported,paired
signals,BenchmarkExec/isa_simd_f64x2.neg,wago,ns/op,1647,1647,0,0.36147186147186144,6,6,reported,paired
signals,BenchmarkExec/isa_simd_f64x2.sqrt,wago,ns/op,17850,17940.5,0.5070028011204375,0.19047619047619047,6,6,reported,paired
signals,BenchmarkExec/isa_simd_f64x2.ceil,wago,ns/op,2747.5,2773.5,0.9463148316651404,0.09740259740259741,6,6,reported,paired
signals,BenchmarkExec/isa_simd_f64x2.floor,wago,ns/op,2759,2755,-0.14498006524102935,0.8181818181818182,6,6,reported,paired
signals,BenchmarkExec/isa_simd_f64x2.trunc,wago,ns/op,2742,2784.5,1.5499635302698822,0.33116883116883117,6,6,reported,paired
signals,BenchmarkExec/isa_simd_f64x2.nearest,wago,ns/op,2760,2769,0.3260869565217428,0.16666666666666666,6,6,reported,paired
signals,BenchmarkExec/isa_simd_f64x2.add,wago,ns/op,5436.5,5467,0.5610227168214799,0.33116883116883117,6,6,reported,paired
signals,BenchmarkExec/isa_simd_f64x2.sub,wago,ns/op,5477,5447.5,-0.538616030673722,0.5887445887445888,6,6,reported,paired
signals,BenchmarkExec/isa_simd_f64x2.mul,wago,ns/op,5454.5,5468.5,0.256668805573379,0.8181818181818182,6,6,reported,paired
signals,BenchmarkExec/isa_simd_f64x2.div,wago,ns/op,23229.5,23390.5,0.6930842248003666,0.5887445887445888,6,6,reported,paired
signals,BenchmarkExec/isa_simd_f64x2.min,wago,ns/op,10759,10879,1.1153452923134077,0.0367965367965368,6,6,reported,paired
signals,BenchmarkExec/isa_simd_f64x2.max,wago,ns/op,10798,10869,0.6575291720688936,0.6991341991341992,6,6,reported,paired
signals,BenchmarkExec/isa_simd_f64x2.pmin,wago,ns/op,3626,3660,0.9376723662438025,0.13203463203463203,6,6,reported,paired
signals,BenchmarkExec/isa_simd_f64x2.pmax,wago,ns/op,3661,3663.5,0.06828735318218371,1,6,6,reported,paired
signals,BenchmarkExec/isa_simd_f64x2.eq,wago,ns/op,3694,3665,-0.7850568489442322,0.6991341991341992,6,6,reported,paired
signals,BenchmarkExec/isa_simd_f64x2.ne,wago,ns/op,3641,3669.5,0.7827519912112058,0.3939393939393939,6,6,reported,paired
signals,BenchmarkExec/isa_simd_f64x2.lt,wago,ns/op,3628.5,3658,0.8130081300812941,0.2597402597402597,6,6,reported,paired
signals,BenchmarkExec/isa_simd_f64x2.gt,wago,ns/op,3661.5,3664.5,0.08193363375665896,1,6,6,reported,paired
signals,BenchmarkExec/isa_simd_f64x2.le,wago,ns/op,3638,3660,0.6047278724574001,0.6212121212121212,6,6,reported,paired
signals,BenchmarkExec/isa_simd_f64x2.ge,wago,ns/op,3669.5,3664.5,-0.13625834582368102,0.974025974025974,6,6,reported,paired
signals,BenchmarkExec/isa_simd_f64x2.convert_low_i32x4_s,wago,ns/op,2763.5,2770.5,0.25330197213677685,0.6991341991341992,6,6,reported,paired
signals,BenchmarkExec/isa_simd_f64x2.convert_low_i32x4_u,wago,ns/op,4616.5,4614,-0.05415357955160793,0.8181818181818182,6,6,reported,paired
signals,BenchmarkExec/isa_simd_f64x2.promote_low_f32x4,wago,ns/op,2761.5,2779,0.6337135614702172,0.5627705627705628,6,6,reported,paired
signals,BenchmarkExec/isa_simd_reduce.v128_any_true,wago,ns/op,1928,1935.5,0.389004149377592,0.5887445887445888,6,6,reported,paired
signals,BenchmarkExec/isa_simd_reduce.i8x16_all_true,wago,ns/op,1610,1509.5,-6.242236024844717,0.0021645021645021645,6,6,reported,paired
signals,BenchmarkExec/isa_simd_reduce.i8x16_bitmask,wago,ns/op,1541,1545.5,0.29201817001947017,0.8203463203463204,6,6,reported,paired
signals,BenchmarkExec/isa_simd_reduce.i16x8_all_true,wago,ns/op,1500,1509,0.6000000000000005,0.9155844155844156,6,6,reported,paired
signals,BenchmarkExec/isa_simd_reduce.i16x8_bitmask,wago,ns/op,1494.5,1503,0.5687520910003352,0.5887445887445888,6,6,reported,paired
signals,BenchmarkExec/isa_simd_reduce.i32x4_all_true,wago,ns/op,1506.5,1506.5,0,0.8181818181818182,6,6,reported,paired
signals,BenchmarkExec/isa_simd_reduce.i32x4_bitmask,wago,ns/op,1483,1488.5,0.37086985839513975,0.2857142857142857,6,6,reported,paired
signals,BenchmarkExec/isa_simd_reduce.i64x2_all_true,wago,ns/op,1493.5,1510.5,1.1382658185470351,0.6190476190476191,6,6,reported,paired
signals,BenchmarkExec/isa_simd_reduce.i64x2_bitmask,wago,ns/op,1481.5,1494.5,0.8774890313871131,0.09307359307359307,6,6,reported,paired
signals,BenchmarkExecCallOverhead_wago,wago,ns/op,22.99,22.71,-1.2179208351457027,0.6688311688311688,6,6,reported,paired
signals,BenchmarkExecCallOverhead_wazero,wazero,ns/op,29.48,31.275,6.088873812754403,0.045454545454545456,6,6,reported,paired
signals,BenchmarkExecCommuteSelfUpdate/spectralnorm.run/off,wago,ns/op,648641,644278.5,-0.6725600139368293,0.3939393939393939,6,6,reported,paired
signals,BenchmarkExecCommuteSelfUpdate/spectralnorm.run/on,wago,ns/op,648294.5,646015.5,-0.35153776562966144,0.9372294372294372,6,6,reported,paired
signals,BenchmarkExecCommuteSelfUpdate/quicksort.sortN/off,wago,ns/op,66435.5,65804.5,-0.9497934086444726,0.5887445887445888,6,6,reported,paired
signals,BenchmarkExecCommuteSelfUpdate/quicksort.sortN/on,wago,ns/op,66972,65086.5,-2.815355671026698,0.3939393939393939,6,6,reported,paired
signals,BenchmarkExecCommuteSelfUpdate/json-as.serializeN/off,wago,ns/op,22145.5,22472,1.4743401594003336,0.24025974025974026,6,6,reported,paired
signals,BenchmarkExecCommuteSelfUpdate/json-as.deserializeN/off,wago,ns/op,39072.5,39054.5,-0.04606820653912935,0.8181818181818182,6,6,reported,paired
signals,BenchmarkExecCommuteSelfUpdate/json-as.serializeN/on,wago,ns/op,22326.5,22241,-0.3829529930799769,0.8181818181818182,6,6,reported,paired
signals,BenchmarkExecCommuteSelfUpdate/json-as.deserializeN/on,wago,ns/op,38794,39543.5,1.931999793782535,0.30952380952380953,6,6,reported,paired
signals,BenchmarkExecCommuteSelfUpdate/blake-as.hashN/off,wago,ns/op,704667.5,710099.5,0.7708600155392542,0.17965367965367965,6,6,reported,paired
signals,BenchmarkExecCommuteSelfUpdate/blake-as.hashN/on,wago,ns/op,688380.5,688315,-0.009515086496492131,0.5887445887445888,6,6,reported,paired
signals,BenchmarkExecCommuteSelfUpdate/xjb-mulhi.runN/off,wago,ns/op,2428.5,2454,1.050030883261277,0.45670995670995673,6,6,reported,paired
signals,BenchmarkExecCommuteSelfUpdate/xjb-mulhi.runN/on,wago,ns/op,2028.5,2037.5,0.44367759428149967,0.9372294372294372,6,6,reported,paired
signals,BenchmarkExecCommuteSelfUpdate/blake-as-simd.hashN/off,wago,ns/op,551304.5,556553,0.9520147214470365,0.3939393939393939,6,6,reported,paired
signals,BenchmarkExecCommuteSelfUpdate/blake-as-simd.hashN/on,wago,ns/op,548428.5,543375.5,-0.9213598490961039,0.30952380952380953,6,6,reported,paired
signals,BenchmarkExecFibLoop_wago,wago,ns/op,28.58,29.185000000000002,2.1168649405178597,0.13203463203463203,6,6,reported,paired
signals,BenchmarkExecFibLoop_wazero,wazero,ns/op,42.584999999999994,42.685,0.23482446870966012,1,6,6,reported,paired
signals,BenchmarkExecFibRec_wago,wago,ns/op,360770.5,357521,-0.9007111169011872,0.48484848484848486,6,6,reported,paired
signals,BenchmarkExecFibRec_wazero,wazero,ns/op,522539,517618,-0.941747888674338,0.6991341991341992,6,6,reported,paired
signals,BenchmarkExecGlobalGet_wago,wago,ns/op,99.815,96.515,-3.306116315183083,0.9372294372294372,6,6,reported,paired
signals,BenchmarkExecGlobalSet_wago,wago,ns/op,94.235,96.475,2.377036133071564,0.8506493506493507,6,6,reported,paired
signals,BenchmarkExecHostRoundtrip_wago,wago,ns/op,514.95,518.1,0.6117098747451255,0.512987012987013,6,6,reported,paired
signals,BenchmarkExecHostRoundtrip_wazero,wazero,ns/op,420.3,404.55,-3.747323340471087,0.48484848484848486,6,6,reported,paired
signals,BenchmarkExecLocalGet_wago,wago,ns/op,96.725,98.095,1.4163866632204813,0.6991341991341992,6,6,reported,paired
signals,BenchmarkExecMemoryLoad_wago,wago,ns/op,95.495,94.285,-1.2670820461804344,0.48484848484848486,6,6,reported,paired
signals,BenchmarkExecParallel/independent/tiny.add,wago,ns/op,91.265,89.615,-1.8079219854270634,0.13203463203463203,6,6,reported,paired
signals,BenchmarkExecParallel/process/tiny.add,wago,ns/op,137.05,132.64999999999998,-3.2105071141919295,0.16666666666666666,6,6,reported,paired
signals,BenchmarkExecParallel/independent/fib_iter.fib,wago,ns/op,97.505,91.57499999999999,-6.081739397979602,0.008658008658008658,6,6,reported,paired
signals,BenchmarkExecParallel/process/fib_iter.fib,wago,ns/op,156.7,148.8,-5.041480536056142,0.09307359307359307,6,6,reported,paired
signals,BenchmarkExecParallel/independent/fib_rec.fib,wago,ns/op,209622.5,205609,-1.9146322556023332,0.3939393939393939,6,6,reported,paired
signals,BenchmarkExecParallel/process/fib_rec.fib,wago,ns/op,1301435.5,1299108.5,-0.17880256071084455,0.8181818181818182,6,6,reported,paired
signals,BenchmarkExecParallel/independent/arith.run,wago,ns/op,235.64999999999998,229.8,-2.4824952259707045,0.48484848484848486,6,6,reported,paired
signals,BenchmarkExecParallel/process/arith.run,wago,ns/op,1642,1656.5,0.8830694275274054,0.6190476190476191,6,6,reported,paired
signals,BenchmarkExecParallel/independent/float.run,wago,ns/op,639.4,625.25,-2.2130121989365037,0.6991341991341992,6,6,reported,paired
signals,BenchmarkExecParallel/process/float.run,wago,ns/op,4539.5,4585.5,1.013327458971247,0.30952380952380953,6,6,reported,paired
signals,BenchmarkExecParallel/independent/memory.sum,wago,ns/op,117.6,119.1,1.2755102040816313,0.8181818181818182,6,6,reported,paired
signals,BenchmarkExecParallel/process/memory.sum,wago,ns/op,274,269.25,-1.7335766423357657,0.9372294372294372,6,6,reported,paired
signals,BenchmarkExecParallel/independent/memory_tree.run,wago,ns/op,1747.5,1789,2.3748211731044355,0.8181818181818182,6,6,reported,paired
signals,BenchmarkExecParallel/process/memory_tree.run,wago,ns/op,10948,10701.5,-2.251552795031053,0.5887445887445888,6,6,reported,paired
signals,BenchmarkExecParallel/independent/globals.accumulate,wago,ns/op,184.5,185.7,0.6504065040650264,1,6,6,reported,paired
signals,BenchmarkExecParallel/process/globals.accumulate,wago,ns/op,1185.5,1146.5,-3.2897511598481644,0.3939393939393939,6,6,reported,paired
signals,BenchmarkExecParallel/independent/dispatch.apply,wago,ns/op,89.995,90.28,0.31668426023667706,0.6991341991341992,6,6,reported,paired
signals,BenchmarkExecParallel/process/dispatch.apply,wago,ns/op,139.2,135.2,-2.8735632183908066,0.13203463203463203,6,6,reported,paired
signals,BenchmarkExecParallel/independent/branches.classify,wago,ns/op,92.81,89.16,-3.932765865747234,0.06493506493506493,6,6,reported,paired
signals,BenchmarkExecParallel/process/branches.classify,wago,ns/op,135.75,131,-3.4990791896869267,0.015151515151515152,6,6,reported,paired
signals,BenchmarkExecParallel/independent/many_funcs.run,wago,ns/op,91.59,88.69,-3.1662845288787045,0.06493506493506493,6,6,reported,paired
signals,BenchmarkExecParallel/process/many_funcs.run,wago,ns/op,137.85,133.60000000000002,-3.083061298512857,0.16883116883116883,6,6,reported,paired
signals,BenchmarkExecParallel/independent/linked_list.sum,wago,ns/op,1404.5,1345,-4.236383054467785,0.30952380952380953,6,6,reported,paired
signals,BenchmarkExecParallel/process/linked_list.sum,wago,ns/op,10344.5,10067.5,-2.6777514621296294,0.6991341991341992,6,6,reported,paired
signals,BenchmarkExecParallel/independent/mandelbrot.render,wago,ns/op,34484.5,34439.5,-0.13049341008278814,0.8181818181818182,6,6,reported,paired
signals,BenchmarkExecParallel/process/mandelbrot.render,wago,ns/op,254377.5,253237,-0.44834940197148176,1,6,6,reported,paired
signals,BenchmarkExecParallel/independent/sieve.count,wago,ns/op,11157,10769.5,-3.473155866272293,0.8181818181818182,6,6,reported,paired
signals,BenchmarkExecParallel/process/sieve.count,wago,ns/op,66748,66576,-0.25768562353928326,0.9372294372294372,6,6,reported,paired
signals,BenchmarkExecParallel/independent/nbody.step,wago,ns/op,43907.5,43385,-1.1900017081364234,0.9372294372294372,6,6,reported,paired
signals,BenchmarkExecParallel/process/nbody.step,wago,ns/op,284467.5,287530.5,1.0767486619736921,0.6991341991341992,6,6,reported,paired
signals,BenchmarkExecParallel/independent/spectralnorm.run,wago,ns/op,97512.5,103825,6.473529034739145,0.17965367965367965,6,6,reported,paired
signals,BenchmarkExecParallel/process/spectralnorm.run,wago,ns/op,657636.5,660583.5,0.44811989602158153,0.6991341991341992,6,6,reported,paired
signals,BenchmarkExecParallel/independent/fannkuch.run,wago,ns/op,151888.5,157652,3.79455982513488,0.8181818181818182,6,6,reported,paired
signals,BenchmarkExecParallel/process/fannkuch.run,wago,ns/op,1071175,1074093.5,0.2724578150162138,0.9372294372294372,6,6,reported,paired
signals,BenchmarkExecParallel/independent/matmul.run,wago,ns/op,18454,18442,-0.06502655250893996,0.9372294372294372,6,6,reported,paired
signals,BenchmarkExecParallel/process/matmul.run,wago,ns/op,111494,112547.5,0.9448938956356345,0.6991341991341992,6,6,reported,paired
signals,BenchmarkExecParallel/independent/quicksort.sortN,wago,ns/op,11342.5,12003,5.823231210050683,0.3939393939393939,6,6,reported,paired
signals,BenchmarkExecParallel/process/quicksort.sortN,wago,ns/op,67393,69494.5,3.1182763788524026,0.04112554112554113,6,6,reported,paired
signals,BenchmarkExecParallel/independent/crc32.hashN,wago,ns/op,2179.5,2233.5,2.4776324845148023,0.6991341991341992,6,6,reported,paired
signals,BenchmarkExecParallel/process/crc32.hashN,wago,ns/op,17279.5,17457.5,1.0301223993749886,0.48484848484848486,6,6,reported,paired
signals,BenchmarkExecParallel/independent/sha256.hashN,wago,ns/op,5924.5,6415.5,8.287619208372021,0.06493506493506493,6,6,reported,paired
signals,BenchmarkExecParallel/process/sha256.hashN,wago,ns/op,37436,37437,0.002671225558281698,1,6,6,reported,paired
signals,BenchmarkExecParallel/independent/raytrace.render,wago,ns/op,55756,58609.5,5.117834851854508,0.30952380952380953,6,6,reported,paired
signals,BenchmarkExecParallel/process/raytrace.render,wago,ns/op,387201,396555,2.4157995459722414,0.48484848484848486,6,6,reported,paired
signals,BenchmarkExecParallel/independent/json-as.serializeN,wago,ns/op,4086.5,4383.5,7.2678331090175075,0.24025974025974026,6,6,reported,paired
signals,BenchmarkExecParallel/independent/json-as.deserializeN,wago,ns/op,7139,7438,4.18826166129711,0.025974025974025976,6,6,reported,paired
signals,BenchmarkExecParallel/process/json-as.serializeN,wago,ns/op,24859,24862,0.012068063880277258,0.8181818181818182,6,6,reported,paired
signals,BenchmarkExecParallel/process/json-as.deserializeN,wago,ns/op,41035,41599.5,1.375654928719383,0.8181818181818182,6,6,reported,paired
signals,BenchmarkExecParallel/independent/blake-as.hashN,wago,ns/op,98632.5,106077,7.547715002661404,0.5887445887445888,6,6,reported,paired
signals,BenchmarkExecParallel/process/blake-as.hashN,wago,ns/op,694572.5,696082.5,0.21739991145632853,0.8181818181818182,6,6,reported,paired
signals,BenchmarkExecParallel/independent/utf-as.convertN,wago,ns/op,25140.5,26692,6.17131719735089,0.6991341991341992,6,6,reported,paired
signals,BenchmarkExecParallel/process/utf-as.convertN,wago,ns/op,164156.5,164739,0.35484431015524454,0.9372294372294372,6,6,reported,paired
signals,BenchmarkExecParallel/independent/xjb-mulhi.mulhi,wago,ns/op,89.88,88.345,-1.7078326657765874,0.07142857142857142,6,6,reported,paired
signals,BenchmarkExecParallel/independent/xjb-mulhi.runN,wago,ns/op,331.25,362.45,9.418867924528307,0.13203463203463203,6,6,reported,paired
signals,BenchmarkExecParallel/process/xjb-mulhi.mulhi,wago,ns/op,137.3,131.89999999999998,-3.932993445010946,0.004329004329004329,6,6,reported,paired
signals,BenchmarkExecParallel/process/xjb-mulhi.runN,wago,ns/op,2375,2359,-0.6736842105263152,0.5887445887445888,6,6,reported,paired
signals,BenchmarkExecParallel/independent/swar-pack-parse.pack,wago,ns/op,91.16499999999999,87.755,-3.7404705753304457,0.008658008658008658,6,6,reported,paired
signals,BenchmarkExecParallel/independent/swar-pack-parse.parse4,wago,ns/op,89.075,88.065,-1.1338759472354853,0.30952380952380953,6,6,reported,paired
signals,BenchmarkExecParallel/independent/swar-pack-parse.runN,wago,ns/op,302.6,313.95000000000005,3.750826173165911,0.6991341991341992,6,6,reported,paired
signals,BenchmarkExecParallel/process/swar-pack-parse.pack,wago,ns/op,135.10000000000002,131.05,-2.9977794226498933,0.021645021645021644,6,6,reported,paired
signals,BenchmarkExecParallel/process/swar-pack-parse.parse4,wago,ns/op,134.95,129.8,-3.8162282326787533,0.025974025974025976,6,6,reported,paired
signals,BenchmarkExecParallel/process/swar-pack-parse.runN,wago,ns/op,2138.5,2155.5,0.7949497311199538,0.6991341991341992,6,6,reported,paired
signals,BenchmarkExecParallel/independent/json-as-simd.serializeN,wago,ns/op,5057.5,5174.5,2.3133959466139498,0.9372294372294372,6,6,reported,paired
signals,BenchmarkExecParallel/independent/json-as-simd.deserializeN,wago,ns/op,9890.5,9463.5,-4.317274151964002,0.24025974025974026,6,6,reported,paired
signals,BenchmarkExecParallel/process/json-as-simd.serializeN,wago,ns/op,29930.5,30235,1.017356876764497,0.8181818181818182,6,6,reported,paired
signals,BenchmarkExecParallel/process/json-as-simd.deserializeN,wago,ns/op,52353.5,53016,1.2654359307400664,0.6991341991341992,6,6,reported,paired
signals,BenchmarkExecParallel/independent/blake-as-simd.hashN,wago,ns/op,82681,87602,5.951790616949482,0.13203463203463203,6,6,reported,paired
signals,BenchmarkExecParallel/process/blake-as-simd.hashN,wago,ns/op,552743.5,558249.5,0.9961220710872132,0.8181818181818182,6,6,reported,paired
signals,BenchmarkExecParallel/independent/utf-as-simd.convertN,wago,ns/op,8819.5,9237,4.733828448324728,0.5887445887445888,6,6,reported,paired
signals,BenchmarkExecParallel/independent/utf-as-simd.validateN,wago,ns/op,26772.5,27702,3.471846110747978,0.5887445887445888,6,6,reported,paired
signals,BenchmarkExecParallel/process/utf-as-simd.convertN,wago,ns/op,54069.5,54863.5,1.46848038173093,0.5887445887445888,6,6,reported,paired
signals,BenchmarkExecParallel/process/utf-as-simd.validateN,wago,ns/op,157443,163380.5,3.771206087282386,0.17965367965367965,6,6,reported,paired
signals,BenchmarkExecParallel/independent/isa_i32.add,wago,ns/op,1820.5,1835.5,0.8239494644328493,0.7272727272727273,6,6,reported,paired
signals,BenchmarkExecParallel/independent/isa_i32.sub,wago,ns/op,1819.5,1824,0.2473206924979321,0.9004329004329005,6,6,reported,paired
signals,BenchmarkExecParallel/independent/isa_i32.mul,wago,ns/op,5381.5,5429,0.882653535259692,0.48484848484848486,6,6,reported,paired
signals,BenchmarkExecParallel/independent/isa_i32.and,wago,ns/op,1834.5,1826,-0.4633415099482119,0.6645021645021645,6,6,reported,paired
signals,BenchmarkExecParallel/independent/isa_i32.or,wago,ns/op,1825,1845.5,1.1232876712328865,0.7380952380952381,6,6,reported,paired
signals,BenchmarkExecParallel/independent/isa_i32.xor,wago,ns/op,1828,1844,0.875273522975939,0.6991341991341992,6,6,reported,paired
signals,BenchmarkExecParallel/independent/isa_i32.shl,wago,ns/op,2301.5,2258.5,-1.8683467303932222,0.48484848484848486,6,6,reported,paired
signals,BenchmarkExecParallel/independent/isa_i32.shr_s,wago,ns/op,2262.5,2273,0.4640883977900634,0.9372294372294372,6,6,reported,paired
signals,BenchmarkExecParallel/independent/isa_i32.shr_u,wago,ns/op,2310.5,2290.5,-0.8656135035706503,0.9372294372294372,6,6,reported,paired
signals,BenchmarkExecParallel/independent/isa_i32.rotl,wago,ns/op,2188.5,2350,7.379483664610453,0.17965367965367965,6,6,reported,paired
signals,BenchmarkExecParallel/independent/isa_i32.rotr,wago,ns/op,2226.5,2275,2.17830675948798,0.9372294372294372,6,6,reported,paired
signals,BenchmarkExecParallel/independent/isa_i32.div_s,wago,ns/op,22616,22713,0.42889989388044114,0.6991341991341992,6,6,reported,paired
signals,BenchmarkExecParallel/independent/isa_i32.div_u,wago,ns/op,21038,21538.5,2.379028424755214,0.24025974025974026,6,6,reported,paired
signals,BenchmarkExecParallel/independent/isa_i32.rem_s,wago,ns/op,23300.5,23561,1.1180017596188918,0.06493506493506493,6,6,reported,paired
signals,BenchmarkExecParallel/independent/isa_i32.rem_u,wago,ns/op,21665,21925,1.200092314793455,0.17965367965367965,6,6,reported,paired
signals,BenchmarkExecParallel/independent/isa_i32.clz,wago,ns/op,1915,1929,0.7310704960835412,0.30952380952380953,6,6,reported,paired
signals,BenchmarkExecParallel/independent/isa_i32.ctz,wago,ns/op,1911.5,1921,0.49699189118492804,0.6190476190476191,6,6,reported,paired
signals,BenchmarkExecParallel/independent/isa_i32.popcnt,wago,ns/op,1907,1938,1.625589931830107,0.512987012987013,6,6,reported,paired
signals,BenchmarkExecParallel/process/isa_i32.add,wago,ns/op,15324.5,15339.5,0.09788247577409148,0.8181818181818182,6,6,reported,paired
signals,BenchmarkExecParallel/process/isa_i32.sub,wago,ns/op,15234.5,15223,-0.07548656011027166,0.6991341991341992,6,6,reported,paired
signals,BenchmarkExecParallel/process/isa_i32.mul,wago,ns/op,43545.5,43448,-0.22390373287710652,1,6,6,reported,paired
signals,BenchmarkExecParallel/process/isa_i32.and,wago,ns/op,15014.5,15186,1.1422291784608296,0.24025974025974026,6,6,reported,paired
signals,BenchmarkExecParallel/process/isa_i32.or,wago,ns/op,15093,15233.5,0.9308951169416213,0.6991341991341992,6,6,reported,paired
signals,BenchmarkExecParallel/process/isa_i32.xor,wago,ns/op,15044.5,15151,0.7078998969723083,0.3939393939393939,6,6,reported,paired
signals,BenchmarkExecParallel/process/isa_i32.shl,wago,ns/op,15726.5,15741.5,0.09538040886400978,0.9372294372294372,6,6,reported,paired
signals,BenchmarkExecParallel/process/isa_i32.shr_s,wago,ns/op,15321.5,15911.5,3.8507978983781,0.13203463203463203,6,6,reported,paired
signals,BenchmarkExecParallel/process/isa_i32.shr_u,wago,ns/op,15607.5,15887.5,1.7940092904052518,0.30952380952380953,6,6,reported,paired
signals,BenchmarkExecParallel/process/isa_i32.rotl,wago,ns/op,15572,15738.5,1.0692268173644992,0.9372294372294372,6,6,reported,paired
signals,BenchmarkExecParallel/process/isa_i32.rotr,wago,ns/op,15633,15613.5,-0.12473613509882409,0.6991341991341992,6,6,reported,paired
signals,BenchmarkExecParallel/process/isa_i32.div_s,wago,ns/op,177103,179620,1.4212068683195689,0.6991341991341992,6,6,reported,paired
signals,BenchmarkExecParallel/process/isa_i32.div_u,wago,ns/op,166984,166933.5,-0.030242418435300067,0.8181818181818182,6,6,reported,paired
signals,BenchmarkExecParallel/process/isa_i32.rem_s,wago,ns/op,183898.5,185755,1.0095242756194223,0.6991341991341992,6,6,reported,paired
signals,BenchmarkExecParallel/process/isa_i32.rem_u,wago,ns/op,171175.5,172334.5,0.6770828769304016,0.9372294372294372,6,6,reported,paired
signals,BenchmarkExecParallel/process/isa_i32.clz,wago,ns/op,15278.5,15338.5,0.39270870831560334,0.5887445887445888,6,6,reported,paired
signals,BenchmarkExecParallel/process/isa_i32.ctz,wago,ns/op,15313.5,15446,0.8652496163515933,1,6,6,reported,paired
signals,BenchmarkExecParallel/process/isa_i32.popcnt,wago,ns/op,15395,15348.5,-0.30204611886975874,0.8181818181818182,6,6,reported,paired
signals,BenchmarkExecParallel/independent/isa_i64.add,wago,ns/op,1822,1848.5,1.454445664105375,0.30952380952380953,6,6,reported,paired
signals,BenchmarkExecParallel/independent/isa_i64.sub,wago,ns/op,1846,1838.5,-0.4062838569880878,0.8181818181818182,6,6,reported,paired
signals,BenchmarkExecParallel/independent/isa_i64.mul,wago,ns/op,5392,5416,0.4451038575667754,1,6,6,reported,paired
signals,BenchmarkExecParallel/independent/isa_i64.and,wago,ns/op,1830.5,1846.5,0.8740781207320358,0.9134199134199135,6,6,reported,paired
signals,BenchmarkExecParallel/independent/isa_i64.or,wago,ns/op,1820.5,1848,1.5105740181268867,0.7857142857142857,6,6,reported,paired
signals,BenchmarkExecParallel/independent/isa_i64.xor,wago,ns/op,1824,1841.5,0.9594298245614086,1,6,6,reported,paired
signals,BenchmarkExecParallel/independent/isa_i64.shl,wago,ns/op,2297.5,2253,-1.9368879216539736,0.48484848484848486,6,6,reported,paired
signals,BenchmarkExecParallel/independent/isa_i64.shr_s,wago,ns/op,2298.5,2298,-0.02175331738090147,0.5887445887445888,6,6,reported,paired
signals,BenchmarkExecParallel/independent/isa_i64.shr_u,wago,ns/op,2297,2338.5,1.8067043970396268,0.5887445887445888,6,6,reported,paired
signals,BenchmarkExecParallel/independent/isa_i64.rotl,wago,ns/op,2233.5,2321,3.917618088202368,0.09307359307359307,6,6,reported,paired
signals,BenchmarkExecParallel/independent/isa_i64.rotr,wago,ns/op,2269.5,2237,-1.43203348755232,0.5887445887445888,6,6,reported,paired
signals,BenchmarkExecParallel/independent/isa_i64.div_s,wago,ns/op,22903,23081,0.7771907610356621,0.3939393939393939,6,6,reported,paired
signals,BenchmarkExecParallel/independent/isa_i64.div_u,wago,ns/op,21628,21796.5,0.7790826706121745,1,6,6,reported,paired
signals,BenchmarkExecParallel/independent/isa_i64.rem_s,wago,ns/op,23846.5,23508.5,-1.4173987796951337,0.5887445887445888,6,6,reported,paired
signals,BenchmarkExecParallel/independent/isa_i64.rem_u,wago,ns/op,22556.5,22303,-1.1238445680845865,0.9372294372294372,6,6,reported,paired
signals,BenchmarkExecParallel/independent/isa_i64.clz,wago,ns/op,1909,1939,1.5715034049240462,0.3939393939393939,6,6,reported,paired
signals,BenchmarkExecParallel/independent/isa_i64.ctz,wago,ns/op,1917,1915,-0.10432968179446833,0.9372294372294372,6,6,reported,paired
signals,BenchmarkExecParallel/independent/isa_i64.popcnt,wago,ns/op,1905.5,1919,0.7084754657570302,0.974025974025974,6,6,reported,paired
signals,BenchmarkExecParallel/process/isa_i64.add,wago,ns/op,15302.5,15264.5,-0.24832543702009158,0.8181818181818182,6,6,reported,paired
signals,BenchmarkExecParallel/process/isa_i64.sub,wago,ns/op,15108.5,15240.5,0.8736803785948322,0.9372294372294372,6,6,reported,paired
signals,BenchmarkExecParallel/process/isa_i64.mul,wago,ns/op,43042,43852.5,1.8830444681938507,0.3939393939393939,6,6,reported,paired
signals,BenchmarkExecParallel/process/isa_i64.and,wago,ns/op,15143,15116,-0.17830020471505392,0.8181818181818182,6,6,reported,paired
signals,BenchmarkExecParallel/process/isa_i64.or,wago,ns/op,15175,15227.5,0.34596375617792496,0.9372294372294372,6,6,reported,paired
signals,BenchmarkExecParallel/process/isa_i64.xor,wago,ns/op,15113,15197,0.5558128763316406,0.3939393939393939,6,6,reported,paired
signals,BenchmarkExecParallel/process/isa_i64.shl,wago,ns/op,15574,15620,0.29536406831900397,0.48484848484848486,6,6,reported,paired
signals,BenchmarkExecParallel/process/isa_i64.shr_s,wago,ns/op,15607.5,15830.5,1.4288002562870439,0.48484848484848486,6,6,reported,paired
signals,BenchmarkExecParallel/process/isa_i64.shr_u,wago,ns/op,15473.5,15797,2.090671147445633,0.48484848484848486,6,6,reported,paired
signals,BenchmarkExecParallel/process/isa_i64.rotl,wago,ns/op,15487.5,15606.5,0.7683615819209066,0.8181818181818182,6,6,reported,paired
signals,BenchmarkExecParallel/process/isa_i64.rotr,wago,ns/op,15359,15632,1.7774594700175728,0.24025974025974026,6,6,reported,paired
signals,BenchmarkExecParallel/process/isa_i64.div_s,wago,ns/op,177998,180994,1.6831649793817904,0.17965367965367965,6,6,reported,paired
signals,BenchmarkExecParallel/process/isa_i64.div_u,wago,ns/op,165411,167873,1.4884137088827298,0.30952380952380953,6,6,reported,paired
signals,BenchmarkExecParallel/process/isa_i64.rem_s,wago,ns/op,184347,185778.5,0.7765247061248592,0.30952380952380953,6,6,reported,paired
signals,BenchmarkExecParallel/process/isa_i64.rem_u,wago,ns/op,170333.5,171644.5,0.7696665658839974,0.6991341991341992,6,6,reported,paired
signals,BenchmarkExecParallel/process/isa_i64.clz,wago,ns/op,15255.5,15413,1.0324145390187223,0.8181818181818182,6,6,reported,paired
signals,BenchmarkExecParallel/process/isa_i64.ctz,wago,ns/op,15127,15319,1.2692536524095965,0.5887445887445888,6,6,reported,paired
signals,BenchmarkExecParallel/process/isa_i64.popcnt,wago,ns/op,15357.5,15444.5,0.5664984535243445,0.6991341991341992,6,6,reported,paired
signals,BenchmarkExecParallel/independent/isa_f32.add,wago,ns/op,5361,5429,1.2684200708823035,0.3939393939393939,6,6,reported,paired
signals,BenchmarkExecParallel/independent/isa_f32.sub,wago,ns/op,5413,5436.5,0.434140033253283,0.6991341991341992,6,6,reported,paired
signals,BenchmarkExecParallel/independent/isa_f32.mul,wago,ns/op,5385.5,5407.5,0.40850431714789526,0.974025974025974,6,6,reported,paired
signals,BenchmarkExecParallel/independent/isa_f32.div,wago,ns/op,19351.5,19511.5,0.8268092912694147,0.9372294372294372,6,6,reported,paired
signals,BenchmarkExecParallel/independent/isa_f32.min,wago,ns/op,4988.5,5080,1.8342187030169432,0.5887445887445888,6,6,reported,paired
signals,BenchmarkExecParallel/independent/isa_f32.max,wago,ns/op,5009.5,5148.5,2.7747280167681465,0.512987012987013,6,6,reported,paired
signals,BenchmarkExecParallel/independent/isa_f32.sqrt,wago,ns/op,16738.5,16785.5,0.2807897959793193,0.6991341991341992,6,6,reported,paired
signals,BenchmarkExecParallel/independent/isa_f32.abs,wago,ns/op,5491,5483,-0.1456929521034378,0.8181818181818182,6,6,reported,paired
signals,BenchmarkExecParallel/independent/isa_f32.neg,wago,ns/op,5495.5,5510.5,0.2729505959421452,0.48484848484848486,6,6,reported,paired
signals,BenchmarkExecParallel/independent/isa_f32.ceil,wago,ns/op,5581,5630.5,0.8869378247625903,0.24025974025974026,6,6,reported,paired
signals,BenchmarkExecParallel/independent/isa_f32.floor,wago,ns/op,5596.5,5637,0.7236665773251216,0.6991341991341992,6,6,reported,paired
signals,BenchmarkExecParallel/independent/isa_f32.trunc,wago,ns/op,5629.5,5593,-0.6483701927347041,0.9372294372294372,6,6,reported,paired
signals,BenchmarkExecParallel/independent/isa_f32.nearest,wago,ns/op,5599.5,5611.5,0.21430484864719546,0.6991341991341992,6,6,reported,paired
signals,BenchmarkExecParallel/process/isa_f32.add,wago,ns/op,43784,43758.5,-0.0582404531335623,0.8181818181818182,6,6,reported,paired
signals,BenchmarkExecParallel/process/isa_f32.sub,wago,ns/op,43562.5,43771.5,0.47977044476326114,0.5887445887445888,6,6,reported,paired
signals,BenchmarkExecParallel/process/isa_f32.mul,wago,ns/op,43166,43782.5,1.4282073854422483,0.3939393939393939,6,6,reported,paired
signals,BenchmarkExecParallel/process/isa_f32.div,wago,ns/op,155850.5,157787.5,1.2428577386662143,0.5887445887445888,6,6,reported,paired
signals,BenchmarkExecParallel/process/isa_f32.min,wago,ns/op,34290,34108,-0.5307669874598964,0.9372294372294372,6,6,reported,paired
signals,BenchmarkExecParallel/process/isa_f32.max,wago,ns/op,34171.5,34259,0.25606133766442607,0.6991341991341992,6,6,reported,paired
signals,BenchmarkExecParallel/process/isa_f32.sqrt,wago,ns/op,127949.5,130110,1.6885568134302975,0.48484848484848486,6,6,reported,paired
signals,BenchmarkExecParallel/process/isa_f32.abs,wago,ns/op,43455.5,43815,0.8272830826937971,0.8181818181818182,6,6,reported,paired
signals,BenchmarkExecParallel/process/isa_f32.neg,wago,ns/op,43625.5,43864.5,0.5478447238427053,0.5887445887445888,6,6,reported,paired
signals,BenchmarkExecParallel/process/isa_f32.ceil,wago,ns/op,43372,43941,1.311906298994736,0.6991341991341992,6,6,reported,paired
signals,BenchmarkExecParallel/process/isa_f32.floor,wago,ns/op,43270,44098.5,1.9147215160619346,0.6991341991341992,6,6,reported,paired
signals,BenchmarkExecParallel/process/isa_f32.trunc,wago,ns/op,43387,43849,1.0648350888514901,0.8181818181818182,6,6,reported,paired
signals,BenchmarkExecParallel/process/isa_f32.nearest,wago,ns/op,43631.5,43956,0.7437287280978255,0.9372294372294372,6,6,reported,paired
signals,BenchmarkExecParallel/independent/isa_f64.add,wago,ns/op,5367,5439,1.3415315818893214,0.3939393939393939,6,6,reported,paired
signals,BenchmarkExecParallel/independent/isa_f64.sub,wago,ns/op,5395,5402.5,0.13901760889711845,0.48484848484848486,6,6,reported,paired
signals,BenchmarkExecParallel/independent/isa_f64.mul,wago,ns/op,5408,5440,0.591715976331364,0.9372294372294372,6,6,reported,paired
signals,BenchmarkExecParallel/independent/isa_f64.div,wago,ns/op,23547,23911,1.545844481250258,0.48484848484848486,6,6,reported,paired
signals,BenchmarkExecParallel/independent/isa_f64.min,wago,ns/op,5083,5057.5,-0.5016722408026753,1,6,6,reported,paired
signals,BenchmarkExecParallel/independent/isa_f64.max,wago,ns/op,5128,5091.5,-0.7117784711388464,0.48484848484848486,6,6,reported,paired
signals,BenchmarkExecParallel/independent/isa_f64.sqrt,wago,ns/op,25711.5,22553.5,-12.28244170896291,0.3939393939393939,6,6,reported,paired
signals,BenchmarkExecParallel/independent/isa_f64.abs,wago,ns/op,5492,5483,-0.163874726875457,0.8181818181818182,6,6,reported,paired
signals,BenchmarkExecParallel/independent/isa_f64.neg,wago,ns/op,5491.5,5482.5,-0.16388964763726088,0.7251082251082251,6,6,reported,paired
signals,BenchmarkExecParallel/independent/isa_f64.ceil,wago,ns/op,5558,5611,0.9535804246131763,0.5887445887445888,6,6,reported,paired
signals,BenchmarkExecParallel/independent/isa_f64.floor,wago,ns/op,5603,5583.5,-0.34802784222738303,0.5887445887445888,6,6,reported,paired
signals,BenchmarkExecParallel/independent/isa_f64.trunc,wago,ns/op,5612.5,5595.5,-0.30289532293986676,0.3939393939393939,6,6,reported,paired
signals,BenchmarkExecParallel/independent/isa_f64.nearest,wago,ns/op,5619,5616.5,-0.04449190247375334,0.6991341991341992,6,6,reported,paired
signals,BenchmarkExecParallel/process/isa_f64.add,wago,ns/op,43698.5,43927,0.5229012437497849,0.6991341991341992,6,6,reported,paired
signals,BenchmarkExecParallel/process/isa_f64.sub,wago,ns/op,43951.5,44053.5,0.23207399064877343,0.8181818181818182,6,6,reported,paired
signals,BenchmarkExecParallel/process/isa_f64.mul,wago,ns/op,43705.5,44133.5,0.979281783757191,0.3939393939393939,6,6,reported,paired
signals,BenchmarkExecParallel/process/isa_f64.div,wago,ns/op,185198,187535,1.2618926770267436,0.17965367965367965,6,6,reported,paired
signals,BenchmarkExecParallel/process/isa_f64.min,wago,ns/op,34362.5,34791.5,1.2484539832666508,0.30952380952380953,6,6,reported,paired
signals,BenchmarkExecParallel/process/isa_f64.max,wago,ns/op,34574.5,34829.5,0.7375377807343542,0.48484848484848486,6,6,reported,paired
signals,BenchmarkExecParallel/process/isa_f64.sqrt,wago,ns/op,177131.5,177094.5,-0.020888435992472143,0.6991341991341992,6,6,reported,paired
signals,BenchmarkExecParallel/process/isa_f64.abs,wago,ns/op,43880.5,44074.5,0.44210982099111007,0.8181818181818182,6,6,reported,paired
signals,BenchmarkExecParallel/process/isa_f64.neg,wago,ns/op,43606,43960,0.8118148878594633,0.48484848484848486,6,6,reported,paired
signals,BenchmarkExecParallel/process/isa_f64.ceil,wago,ns/op,43740.5,43532.5,-0.4755318297687494,0.6991341991341992,6,6,reported,paired
signals,BenchmarkExecParallel/process/isa_f64.floor,wago,ns/op,43818.5,43504.5,-0.7165923069023306,0.9372294372294372,6,6,reported,paired
signals,BenchmarkExecParallel/process/isa_f64.trunc,wago,ns/op,43981.5,43587,-0.8969680433818739,0.8181818181818182,6,6,reported,paired
signals,BenchmarkExecParallel/process/isa_f64.nearest,wago,ns/op,43472.5,43593.5,0.27833687963654263,0.8181818181818182,6,6,reported,paired
signals,BenchmarkExecParallel/independent/isa_mem.load_i32,wago,ns/op,1071,1060,-1.0270774976657293,0.5735930735930735,6,6,reported,paired
signals,BenchmarkExecParallel/independent/isa_mem.load_i64,wago,ns/op,1077.5,1078.5,0.09280742459396585,0.8181818181818182,6,6,reported,paired
signals,BenchmarkExecParallel/independent/isa_mem.load_f64,wago,ns/op,1430,1403,-1.8881118881118875,0.48484848484848486,6,6,reported,paired
signals,BenchmarkExecParallel/independent/isa_mem.load_i32_stride,wago,ns/op,1477,1519.5,2.8774542992552554,0.5151515151515151,6,6,reported,paired
signals,BenchmarkExecParallel/independent/isa_mem.store_i32,wago,ns/op,1034,1028.5,-0.5319148936170248,0.23376623376623376,6,6,reported,paired
signals,BenchmarkExecParallel/independent/isa_mem.store_i64,wago,ns/op,1167.5,1154,-1.1563169164882203,0.9372294372294372,6,6,reported,paired
signals,BenchmarkExecParallel/independent/isa_mem.store_i32_stride,wago,ns/op,1746.5,1763,0.944746636129401,0.512987012987013,6,6,reported,paired
signals,BenchmarkExecParallel/process/isa_mem.load_i32,wago,ns/op,8710,8780,0.8036739380022917,0.8181818181818182,6,6,reported,paired
signals,BenchmarkExecParallel/process/isa_mem.load_i64,wago,ns/op,8675.5,8761.5,0.9912973315659102,0.3939393939393939,6,6,reported,paired
signals,BenchmarkExecParallel/process/isa_mem.load_f64,wago,ns/op,11770,11751.5,-0.1571792693287999,0.9372294372294372,6,6,reported,paired
signals,BenchmarkExecParallel/process/isa_mem.load_i32_stride,wago,ns/op,10805.5,10802,-0.03239091203554034,0.6991341991341992,6,6,reported,paired
signals,BenchmarkExecParallel/process/isa_mem.store_i32,wago,ns/op,8445.5,8425.5,-0.23681250370019002,0.6991341991341992,6,6,reported,paired
signals,BenchmarkExecParallel/process/isa_mem.store_i64,wago,ns/op,8656,8603.5,-0.6065157116451059,0.48484848484848486,6,6,reported,paired
signals,BenchmarkExecParallel/process/isa_mem.store_i32_stride,wago,ns/op,12203.5,11877,-2.6754619576351057,0.48484848484848486,6,6,reported,paired
signals,BenchmarkExecParallel/independent/isa_bulk_mem.copy_fwd_64,wago,ns/op,125,125.55,0.43999999999999595,1,6,6,reported,paired
signals,BenchmarkExecParallel/independent/isa_bulk_mem.copy_back_64,wago,ns/op,128.3,126.7,-1.247077162899457,0.48484848484848486,6,6,reported,paired
signals,BenchmarkExecParallel/independent/isa_bulk_mem.fill_64,wago,ns/op,127.3,125.85000000000001,-1.139041633935578,0.48484848484848486,6,6,reported,paired
signals,BenchmarkExecParallel/independent/isa_bulk_mem.copy_fwd_256,wago,ns/op,354.5,357.05,0.719322990126936,0.9372294372294372,6,6,reported,paired
signals,BenchmarkExecParallel/independent/isa_bulk_mem.copy_back_256,wago,ns/op,279.25,274.29999999999995,-1.7726051924798703,0.6991341991341992,6,6,reported,paired
signals,BenchmarkExecParallel/independent/isa_bulk_mem.fill_256,wago,ns/op,363.25,352.20000000000005,-3.041982105987595,0.3939393939393939,6,6,reported,paired
signals,BenchmarkExecParallel/independent/isa_bulk_mem.copy_fwd_4096,wago,ns/op,1530,1573,2.8104575163398593,0.6233766233766234,6,6,reported,paired
signals,BenchmarkExecParallel/independent/isa_bulk_mem.copy_back_4096,wago,ns/op,1922.5,1919,-0.18205461638491904,0.6991341991341992,6,6,reported,paired
signals,BenchmarkExecParallel/independent/isa_bulk_mem.fill_4096,wago,ns/op,1301,1316,1.1529592621060791,0.6666666666666666,6,6,reported,paired
signals,BenchmarkExecParallel/process/isa_bulk_mem.copy_fwd_64,wago,ns/op,418.3,368.45,-11.917284245756644,0.07142857142857142,6,6,reported,paired
signals,BenchmarkExecParallel/process/isa_bulk_mem.copy_back_64,wago,ns/op,395.4,391.65,-0.948406676783009,0.5887445887445888,6,6,reported,paired
signals,BenchmarkExecParallel/process/isa_bulk_mem.fill_64,wago,ns/op,397.20000000000005,387.25,-2.5050352467271053,0.48484848484848486,6,6,reported,paired
signals,BenchmarkExecParallel/process/isa_bulk_mem.copy_fwd_256,wago,ns/op,2504.5,2511.5,0.27949690556996476,0.6991341991341992,6,6,reported,paired
signals,BenchmarkExecParallel/process/isa_bulk_mem.copy_back_256,wago,ns/op,1592.5,1647,3.422291993720572,0.30952380952380953,6,6,reported,paired
signals,BenchmarkExecParallel/process/isa_bulk_mem.fill_256,wago,ns/op,2493,2479,-0.5615724027276392,0.6190476190476191,6,6,reported,paired
signals,BenchmarkExecParallel/process/isa_bulk_mem.copy_fwd_4096,wago,ns/op,9948,10086,1.3872135102533267,0.2597402597402597,6,6,reported,paired
signals,BenchmarkExecParallel/process/isa_bulk_mem.copy_back_4096,wago,ns/op,12235,12246,0.08990600735594434,0.3939393939393939,6,6,reported,paired
signals,BenchmarkExecParallel/process/isa_bulk_mem.fill_4096,wago,ns/op,8834,8886.5,0.5942947702060275,0.6233766233766234,6,6,reported,paired
signals,BenchmarkExecParallel/independent/isa_ctl.loop_baseline,wago,ns/op,927.85,926.65,-0.12933124966320042,0.8181818181818182,6,6,reported,paired
signals,BenchmarkExecParallel/independent/isa_ctl.br_if,wago,ns/op,1909.5,1937.5,1.4663524482849022,0.4199134199134199,6,6,reported,paired
signals,BenchmarkExecParallel/independent/isa_ctl.if_else,wago,ns/op,1885.5,1915.5,1.5910898965791676,1,6,6,reported,paired
signals,BenchmarkExecParallel/independent/isa_ctl.br_table,wago,ns/op,3387,3296,-2.686743430764693,0.30952380952380953,6,6,reported,paired
signals,BenchmarkExecParallel/independent/isa_ctl.select,wago,ns/op,2951,2922.5,-0.9657743137919339,0.9372294372294372,6,6,reported,paired
signals,BenchmarkExecParallel/process/isa_ctl.loop_baseline,wago,ns/op,8311.5,8213.5,-1.1790892137400033,0.3939393939393939,6,6,reported,paired
signals,BenchmarkExecParallel/process/isa_ctl.br_if,wago,ns/op,15463,15162.5,-1.9433486386858934,0.09307359307359307,6,6,reported,paired
signals,BenchmarkExecParallel/process/isa_ctl.if_else,wago,ns/op,12989.5,12661.5,-2.5251164402017023,0.13203463203463203,6,6,reported,paired
signals,BenchmarkExecParallel/process/isa_ctl.br_table,wago,ns/op,20530,20909,1.8460789089137952,0.5887445887445888,6,6,reported,paired
signals,BenchmarkExecParallel/process/isa_ctl.select,wago,ns/op,22272,22300.5,0.1279633620689724,0.8181818181818182,6,6,reported,paired
signals,BenchmarkExecParallel/independent/isa_call.call_direct,wago,ns/op,2405,2439.5,1.4345114345114318,1,6,6,reported,paired
signals,BenchmarkExecParallel/independent/isa_call.call_indirect,wago,ns/op,6607,6390.5,-3.276827607083399,0.48484848484848486,6,6,reported,paired
signals,BenchmarkExecParallel/process/isa_call.call_direct,wago,ns/op,15559,15450.5,-0.6973455877627099,0.09307359307359307,6,6,reported,paired
signals,BenchmarkExecParallel/process/isa_call.call_indirect,wago,ns/op,39631.5,39134.5,-1.254052962920904,0.24025974025974026,6,6,reported,paired
signals,BenchmarkExecParallel/independent/isa_var.local_getset,wago,ns/op,1994.5,1991,-0.17548257708699389,0.6991341991341992,6,6,reported,paired
signals,BenchmarkExecParallel/independent/isa_var.global_getset,wago,ns/op,929.8,930.15,0.03764250376425693,0.6991341991341992,6,6,reported,paired
signals,BenchmarkExecParallel/process/isa_var.local_getset,wago,ns/op,15562.5,15406,-1.0056224899598343,0.24025974025974026,6,6,reported,paired
signals,BenchmarkExecParallel/process/isa_var.global_getset,wago,ns/op,8285,8227.5,-0.6940253470126723,0.6991341991341992,6,6,reported,paired
signals,BenchmarkExecParallel/independent/isa_cvt.i64_extend_s,wago,ns/op,1876.5,1847,-1.5720756727950924,0.24025974025974026,6,6,reported,paired
signals,BenchmarkExecParallel/independent/isa_cvt.i64_extend_u,wago,ns/op,1051.5,1049.5,-0.19020446980504424,0.974025974025974,6,6,reported,paired
signals,BenchmarkExecParallel/independent/isa_cvt.f64_convert_s,wago,ns/op,11945,11964.5,0.1632482210129682,0.8181818181818182,6,6,reported,paired
signals,BenchmarkExecParallel/independent/isa_cvt.f64_convert_u,wago,ns/op,11964.5,12048.5,0.702076977725774,0.30952380952380953,6,6,reported,paired
signals,BenchmarkExecParallel/independent/isa_cvt.f32_convert_s,wago,ns/op,11911.5,11995,0.7010032321705939,0.5887445887445888,6,6,reported,paired
signals,BenchmarkExecParallel/independent/isa_cvt.promote_demote,wago,ns/op,17443,17430.5,-0.07166198475032637,0.9372294372294372,6,6,reported,paired
signals,BenchmarkExecParallel/independent/isa_cvt.reinterpret_f32,wago,ns/op,7246,7301,0.7590394700524472,0.45670995670995673,6,6,reported,paired
signals,BenchmarkExecParallel/independent/isa_cvt.reinterpret_f64,wago,ns/op,8193,8191,-0.024411082631514702,0.3939393939393939,6,6,reported,paired
signals,BenchmarkExecParallel/process/isa_cvt.i64_extend_s,wago,ns/op,15248.5,15116,-0.8689379283208232,0.5887445887445888,6,6,reported,paired
signals,BenchmarkExecParallel/process/isa_cvt.i64_extend_u,wago,ns/op,8424,8383.5,-0.48076923076922906,1,6,6,reported,paired
signals,BenchmarkExecParallel/process/isa_cvt.f64_convert_s,wago,ns/op,93353,93889.5,0.5747003310016874,0.5887445887445888,6,6,reported,paired
signals,BenchmarkExecParallel/process/isa_cvt.f64_convert_u,wago,ns/op,94175,94484.5,0.3286434828776219,0.9372294372294372,6,6,reported,paired
signals,BenchmarkExecParallel/process/isa_cvt.f32_convert_s,wago,ns/op,93870.5,93260,-0.6503640653879539,0.5887445887445888,6,6,reported,paired
signals,BenchmarkExecParallel/process/isa_cvt.promote_demote,wago,ns/op,138563.5,137321.5,-0.8963399452236676,0.48484848484848486,6,6,reported,paired
signals,BenchmarkExecParallel/process/isa_cvt.reinterpret_f32,wago,ns/op,57560.5,57403.5,-0.2727564909964286,0.5887445887445888,6,6,reported,paired
signals,BenchmarkExecParallel/process/isa_cvt.reinterpret_f64,wago,ns/op,65037,64216.5,-1.2615895567138713,0.9372294372294372,6,6,reported,paired
signals,BenchmarkExecParallel/independent/isa_simd_v128.not,wago,ns/op,225.05,221.45,-1.5996445234392476,0.33116883116883117,6,6,reported,paired
signals,BenchmarkExecParallel/independent/isa_simd_v128.and,wago,ns/op,253.6,251.25,-0.9266561514195581,0.25757575757575757,6,6,reported,paired
signals,BenchmarkExecParallel/independent/isa_simd_v128.andnot,wago,ns/op,255.5,253.45,-0.8023483365949158,0.3939393939393939,6,6,reported,paired
signals,BenchmarkExecParallel/independent/isa_simd_v128.or,wago,ns/op,258.29999999999995,254.10000000000002,-1.6260162601625772,0.24025974025974026,6,6,reported,paired
signals,BenchmarkExecParallel/independent/isa_simd_v128.xor,wago,ns/op,258,252.5,-2.131782945736438,0.10173160173160173,6,6,reported,paired
signals,BenchmarkExecParallel/independent/isa_simd_v128.bitselect,wago,ns/op,535.45,538.5999999999999,0.5882902231767462,0.9372294372294372,6,6,reported,paired
signals,BenchmarkExecParallel/process/isa_simd_v128.not,wago,ns/op,1530.5,1528.5,-0.1306762495916325,0.5584415584415584,6,6,reported,paired
signals,BenchmarkExecParallel/process/isa_simd_v128.and,wago,ns/op,2067,2056,-0.5321722302854326,0.9372294372294372,6,6,reported,paired
signals,BenchmarkExecParallel/process/isa_simd_v128.andnot,wago,ns/op,2058.5,2066,0.36434296818070866,0.41774891774891776,6,6,reported,paired
signals,BenchmarkExecParallel/process/isa_simd_v128.or,wago,ns/op,2067.5,2051,-0.7980652962515156,0.48484848484848486,6,6,reported,paired
signals,BenchmarkExecParallel/process/isa_simd_v128.xor,wago,ns/op,2060,2078,0.8737864077669855,0.6991341991341992,6,6,reported,paired
signals,BenchmarkExecParallel/process/isa_simd_v128.bitselect,wago,ns/op,4159.5,4198.5,0.9376126938333895,0.30952380952380953,6,6,reported,paired
signals,BenchmarkExecParallel/independent/isa_simd_i8x16.abs,wago,ns/op,262.85,260.29999999999995,-0.9701350580179069,0.8181818181818182,6,6,reported,paired
signals,BenchmarkExecParallel/independent/isa_simd_i8x16.neg,wago,ns/op,231.35,219.3,-5.208558461205959,0.17965367965367965,6,6,reported,paired
signals,BenchmarkExecParallel/independent/isa_simd_i8x16.popcnt,wago,ns/op,794.4,764.15,-3.807905337361528,0.5887445887445888,6,6,reported,paired
signals,BenchmarkExecParallel/independent/isa_simd_i8x16.narrow_i16x8_s,wago,ns/op,481.04999999999995,472.04999999999995,-1.8709073900841866,0.30952380952380953,6,6,reported,paired
signals,BenchmarkExecParallel/independent/isa_simd_i8x16.narrow_i16x8_u,wago,ns/op,477.5,477.15,-0.07329842931937947,0.9696969696969697,6,6,reported,paired
signals,BenchmarkExecParallel/independent/isa_simd_i8x16.swizzle,wago,ns/op,931.2,931.25,0.005369415807554567,0.9372294372294372,6,6,reported,paired
signals,BenchmarkExecParallel/independent/isa_simd_i8x16.shl,wago,ns/op,340.2,344,1.116990005878904,0.5887445887445888,6,6,reported,paired
signals,BenchmarkExecParallel/independent/isa_simd_i8x16.shr_s,wago,ns/op,683.8,692.45,1.264989763088642,0.8181818181818182,6,6,reported,paired
signals,BenchmarkExecParallel/independent/isa_simd_i8x16.shr_u,wago,ns/op,334.25,334.4,0.0448765893791947,1,6,6,reported,paired
signals,BenchmarkExecParallel/independent/isa_simd_i8x16.add,wago,ns/op,255.7,253.55,-0.8408290965975618,0.48484848484848486,6,6,reported,paired
signals,BenchmarkExecParallel/independent/isa_simd_i8x16.add_sat_s,wago,ns/op,476.1,471.29999999999995,-1.0081915563957322,0.5887445887445888,6,6,reported,paired
signals,BenchmarkExecParallel/independent/isa_simd_i8x16.add_sat_u,wago,ns/op,475.45000000000005,472.29999999999995,-0.6625302345146911,0.6991341991341992,6,6,reported,paired
signals,BenchmarkExecParallel/independent/isa_simd_i8x16.sub,wago,ns/op,253.89999999999998,254.10000000000002,0.07877116975187892,0.9372294372294372,6,6,reported,paired
signals,BenchmarkExecParallel/independent/isa_simd_i8x16.sub_sat_s,wago,ns/op,474.7,474.6,-0.02106593638085963,0.8181818181818182,6,6,reported,paired
signals,BenchmarkExecParallel/independent/isa_simd_i8x16.sub_sat_u,wago,ns/op,475.2,473.65,-0.32617845117844935,0.6991341991341992,6,6,reported,paired
signals,BenchmarkExecParallel/independent/isa_simd_i8x16.min_s,wago,ns/op,255.8,251.95,-1.5050820953870336,0.3939393939393939,6,6,reported,paired
signals,BenchmarkExecParallel/independent/isa_simd_i8x16.min_u,wago,ns/op,255.9,256.55,0.25400547088707537,0.48484848484848486,6,6,reported,paired
signals,BenchmarkExecParallel/independent/isa_simd_i8x16.max_s,wago,ns/op,253.85,254.8,0.37423675398857714,0.7813852813852814,6,6,reported,paired
signals,BenchmarkExecParallel/independent/isa_simd_i8x16.max_u,wago,ns/op,255.5,252.45,-1.1937377690802387,0.33116883116883117,6,6,reported,paired
signals,BenchmarkExecParallel/independent/isa_simd_i8x16.avgr_u,wago,ns/op,479.1,473.25,-1.2210394489668208,0.06493506493506493,6,6,reported,paired
signals,BenchmarkExecParallel/independent/isa_simd_i8x16.eq,wago,ns/op,256.79999999999995,253.95,-1.1098130841121323,0.30952380952380953,6,6,reported,paired
signals,BenchmarkExecParallel/independent/isa_simd_i8x16.ne,wago,ns/op,490.25,488.45,-0.36715961244263573,0.9372294372294372,6,6,reported,paired
signals,BenchmarkExecParallel/independent/isa_simd_i8x16.lt_s,wago,ns/op,280.95000000000005,281.45000000000005,0.17796760989499116,0.5887445887445888,6,6,reported,paired
signals,BenchmarkExecParallel/independent/isa_simd_i8x16.lt_u,wago,ns/op,751.9,730.2,-2.8860220774039047,0.17965367965367965,6,6,reported,paired
signals,BenchmarkExecParallel/independent/isa_simd_i8x16.gt_s,wago,ns/op,256.5,253.15,-1.306042884990255,0.19480519480519481,6,6,reported,paired
signals,BenchmarkExecParallel/independent/isa_simd_i8x16.gt_u,wago,ns/op,739.95,727.9,-1.6284884113791587,0.5887445887445888,6,6,reported,paired
signals,BenchmarkExecParallel/independent/isa_simd_i8x16.le_s,wago,ns/op,504.6,493.4,-2.219579865239807,0.30952380952380953,6,6,reported,paired
signals,BenchmarkExecParallel/independent/isa_simd_i8x16.le_u,wago,ns/op,483.04999999999995,478.75,-0.8901770003105214,0.816017316017316,6,6,reported,paired
signals,BenchmarkExecParallel/independent/isa_simd_i8x16.ge_s,wago,ns/op,505.15,492.95000000000005,-2.4151242205285417,0.24025974025974026,6,6,reported,paired
signals,BenchmarkExecParallel/independent/isa_simd_i8x16.ge_u,wago,ns/op,491.9,480.6,-2.297214881073384,0.24025974025974026,6,6,reported,paired
signals,BenchmarkExecParallel/process/isa_simd_i8x16.abs,wago,ns/op,2077.5,2065,-0.6016847172081841,0.3939393939393939,6,6,reported,paired
signals,BenchmarkExecParallel/process/isa_simd_i8x16.neg,wago,ns/op,1534.5,1507.5,-1.7595307917888547,0.4199134199134199,6,6,reported,paired
signals,BenchmarkExecParallel/process/isa_simd_i8x16.popcnt,wago,ns/op,5749,5700.5,-0.8436249782570848,0.6991341991341992,6,6,reported,paired
signals,BenchmarkExecParallel/process/isa_simd_i8x16.narrow_i16x8_s,wago,ns/op,4152.5,4144.5,-0.19265502709211457,0.48484848484848486,6,6,reported,paired
signals,BenchmarkExecParallel/process/isa_simd_i8x16.narrow_i16x8_u,wago,ns/op,4151.5,4121.5,-0.7226303745634155,0.13203463203463203,6,6,reported,paired
signals,BenchmarkExecParallel/process/isa_simd_i8x16.swizzle,wago,ns/op,8303.5,8275,-0.3432287589570704,0.854978354978355,6,6,reported,paired
signals,BenchmarkExecParallel/process/isa_simd_i8x16.shl,wago,ns/op,2417.5,2468.5,2.109617373319539,0.17965367965367965,6,6,reported,paired
signals,BenchmarkExecParallel/process/isa_simd_i8x16.shr_s,wago,ns/op,4362,4353.5,-0.19486474094452255,0.9372294372294372,6,6,reported,paired
signals,BenchmarkExecParallel/process/isa_simd_i8x16.shr_u,wago,ns/op,2421.5,2416.5,-0.20648358455502835,0.5887445887445888,6,6,reported,paired
signals,BenchmarkExecParallel/process/isa_simd_i8x16.add,wago,ns/op,2070.5,2060.5,-0.4829751267809712,0.9004329004329005,6,6,reported,paired
signals,BenchmarkExecParallel/process/isa_simd_i8x16.add_sat_s,wago,ns/op,4147,4135,-0.28936580660718914,0.7857142857142857,6,6,reported,paired
signals,BenchmarkExecParallel/process/isa_simd_i8x16.add_sat_u,wago,ns/op,4136.5,4157.5,0.5076755711350245,0.9372294372294372,6,6,reported,paired
signals,BenchmarkExecParallel/process/isa_simd_i8x16.sub,wago,ns/op,2055,2045.5,-0.4622871046228716,0.3939393939393939,6,6,reported,paired
signals,BenchmarkExecParallel/process/isa_simd_i8x16.sub_sat_s,wago,ns/op,4161,4128.5,-0.7810622446527304,0.33116883116883117,6,6,reported,paired
signals,BenchmarkExecParallel/process/isa_simd_i8x16.sub_sat_u,wago,ns/op,4138,4120.5,-0.4229096181730285,0.3939393939393939,6,6,reported,paired
signals,BenchmarkExecParallel/process/isa_simd_i8x16.min_s,wago,ns/op,2054.5,2066,0.5597468970552466,0.9653679653679653,6,6,reported,paired
signals,BenchmarkExecParallel/process/isa_simd_i8x16.min_u,wago,ns/op,2061,2046.5,-0.7035419699175205,0.3268398268398268,6,6,reported,paired
signals,BenchmarkExecParallel/process/isa_simd_i8x16.max_s,wago,ns/op,2062.5,2057,-0.2666666666666706,1,6,6,reported,paired
signals,BenchmarkExecParallel/process/isa_simd_i8x16.max_u,wago,ns/op,2064,2039,-1.2112403100775215,0.30952380952380953,6,6,reported,paired
signals,BenchmarkExecParallel/process/isa_simd_i8x16.avgr_u,wago,ns/op,4143.5,4094,-1.1946422106914434,0.24025974025974026,6,6,reported,paired
signals,BenchmarkExecParallel/process/isa_simd_i8x16.eq,wago,ns/op,2071.5,2040.5,-1.4965001206854955,0.45670995670995673,6,6,reported,paired
signals,BenchmarkExecParallel/process/isa_simd_i8x16.ne,wago,ns/op,4168,4155,-0.31190019193857443,0.5627705627705628,6,6,reported,paired
signals,BenchmarkExecParallel/process/isa_simd_i8x16.lt_s,wago,ns/op,2096.5,2084,-0.5962318149296486,0.8181818181818182,6,6,reported,paired
signals,BenchmarkExecParallel/process/isa_simd_i8x16.lt_u,wago,ns/op,6096,6050,-0.7545931758530133,0.9004329004329005,6,6,reported,paired
signals,BenchmarkExecParallel/process/isa_simd_i8x16.gt_s,wago,ns/op,2068.5,2047.5,-1.0152284263959421,0.09307359307359307,6,6,reported,paired
signals,BenchmarkExecParallel/process/isa_simd_i8x16.gt_u,wago,ns/op,6040,6033,-0.11589403973509826,0.8528138528138528,6,6,reported,paired
signals,BenchmarkExecParallel/process/isa_simd_i8x16.le_s,wago,ns/op,4152.5,4137.5,-0.36122817579771205,0.5887445887445888,6,6,reported,paired
signals,BenchmarkExecParallel/process/isa_simd_i8x16.le_u,wago,ns/op,4177,4168.5,-0.2034953315776855,0.6991341991341992,6,6,reported,paired
signals,BenchmarkExecParallel/process/isa_simd_i8x16.ge_s,wago,ns/op,4194,4174.5,-0.4649499284692382,0.9004329004329005,6,6,reported,paired
signals,BenchmarkExecParallel/process/isa_simd_i8x16.ge_u,wago,ns/op,4159.5,4182.5,0.5529510758504719,0.6147186147186147,6,6,reported,paired
signals,BenchmarkExecParallel/independent/isa_simd_i16x8.abs,wago,ns/op,263.6,261.15,-0.9294385432473629,0.48484848484848486,6,6,reported,paired
signals,BenchmarkExecParallel/independent/isa_simd_i16x8.neg,wago,ns/op,234.95,234.05,-0.38306022557990094,1,6,6,reported,paired
signals,BenchmarkExecParallel/independent/isa_simd_i16x8.extadd_pairwise_s,wago,ns/op,403.25,417.29999999999995,3.4841909485430866,0.48484848484848486,6,6,reported,paired
signals,BenchmarkExecParallel/independent/isa_simd_i16x8.extadd_pairwise_u,wago,ns/op,398.4,411.05,3.175200803212852,0.6688311688311688,6,6,reported,paired
signals,BenchmarkExecParallel/independent/isa_simd_i16x8.narrow_i32x4_s,wago,ns/op,478.25,475.95,-0.48092002090956987,0.48484848484848486,6,6,reported,paired
signals,BenchmarkExecParallel/independent/isa_simd_i16x8.narrow_i32x4_u,wago,ns/op,481.35,474.95,-1.3295938506284521,0.9653679653679653,6,6,reported,paired
signals,BenchmarkExecParallel/independent/isa_simd_i16x8.extend_low_s,wago,ns/op,319.25,321.15,0.595144870790909,0.8181818181818182,6,6,reported,paired
signals,BenchmarkExecParallel/independent/isa_simd_i16x8.extend_high_s,wago,ns/op,334.6,329.15,-1.6288105200239267,0.3939393939393939,6,6,reported,paired
signals,BenchmarkExecParallel/independent/isa_simd_i16x8.extend_low_u,wago,ns/op,243.95,230.05,-5.6978889116622184,0.3939393939393939,6,6,reported,paired
signals,BenchmarkExecParallel/independent/isa_simd_i16x8.extend_high_u,wago,ns/op,236.45,230.5,-2.51638824275745,0.6991341991341992,6,6,reported,paired
signals,BenchmarkExecParallel/independent/isa_simd_i16x8.shl,wago,ns/op,191,197.45,3.3769633507853447,0.8181818181818182,6,6,reported,paired
signals,BenchmarkExecParallel/independent/isa_simd_i16x8.shr_s,wago,ns/op,179.85,186.2,3.5307200444815168,0.48484848484848486,6,6,reported,paired
signals,BenchmarkExecParallel/independent/isa_simd_i16x8.shr_u,wago,ns/op,187.85000000000002,179.95,-4.205483098216678,0.6991341991341992,6,6,reported,paired
signals,BenchmarkExecParallel/independent/isa_simd_i16x8.add,wago,ns/op,256.85,252.95,-1.5183959509441403,0.3939393939393939,6,6,reported,paired
signals,BenchmarkExecParallel/independent/isa_simd_i16x8.sub,wago,ns/op,256.1,251.45,-1.8156969933619815,0.12121212121212122,6,6,reported,paired
signals,BenchmarkExecParallel/independent/isa_simd_i16x8.mul,wago,ns/op,702.6,697.3499999999999,-0.7472245943638045,0.5887445887445888,6,6,reported,paired
signals,BenchmarkExecParallel/independent/isa_simd_i16x8.add_sat_s,wago,ns/op,473.85,473.15,-0.1477260736520103,0.7835497835497836,6,6,reported,paired
signals,BenchmarkExecParallel/independent/isa_simd_i16x8.add_sat_u,wago,ns/op,474.35,471.8,-0.5375777379572066,0.3874458874458874,6,6,reported,paired
signals,BenchmarkExecParallel/independent/isa_simd_i16x8.sub_sat_s,wago,ns/op,474.75,472.2,-0.5371248025276443,0.6212121212121212,6,6,reported,paired
signals,BenchmarkExecParallel/independent/isa_simd_i16x8.sub_sat_u,wago,ns/op,473.25,472.45,-0.1690438457474963,0.9004329004329005,6,6,reported,paired
signals,BenchmarkExecParallel/independent/isa_simd_i16x8.min_s,wago,ns/op,255.65,251.55,-1.603755133972229,0.22294372294372294,6,6,reported,paired
signals,BenchmarkExecParallel/independent/isa_simd_i16x8.min_u,wago,ns/op,256.85,252.25,-1.790928557523852,0.33116883116883117,6,6,reported,paired
signals,BenchmarkExecParallel/independent/isa_simd_i16x8.max_s,wago,ns/op,254.75,251.6,-1.2365063788027486,0.17965367965367965,6,6,reported,paired
signals,BenchmarkExecParallel/independent/isa_simd_i16x8.max_u,wago,ns/op,255.39999999999998,251.95,-1.3508222396241165,0.3939393939393939,6,6,reported,paired
signals,BenchmarkExecParallel/independent/isa_simd_i16x8.avgr_u,wago,ns/op,478.15,471.70000000000005,-1.3489490745581811,0.13203463203463203,6,6,reported,paired
signals,BenchmarkExecParallel/independent/isa_simd_i16x8.q15mulr_sat_s,wago,ns/op,1327,1314.5,-0.9419743782969059,0.6666666666666666,6,6,reported,paired
signals,BenchmarkExecParallel/independent/isa_simd_i16x8.extmul_low_s,wago,ns/op,1176.5,1156,-1.742456438589035,0.25757575757575757,6,6,reported,paired
signals,BenchmarkExecParallel/independent/isa_simd_i16x8.extmul_high_s,wago,ns/op,1169,1164.5,-0.38494439692045024,0.8528138528138528,6,6,reported,paired
signals,BenchmarkExecParallel/independent/isa_simd_i16x8.extmul_low_u,wago,ns/op,931.7,931.05,-0.06976494579801207,1,6,6,reported,paired
signals,BenchmarkExecParallel/independent/isa_simd_i16x8.extmul_high_u,wago,ns/op,930.25,927.35,-0.31174415479710005,0.48484848484848486,6,6,reported,paired
signals,BenchmarkExecParallel/independent/isa_simd_i16x8.eq,wago,ns/op,252.65,252.45,-0.07916089451811548,0.6212121212121212,6,6,reported,paired
signals,BenchmarkExecParallel/independent/isa_simd_i16x8.ne,wago,ns/op,496.70000000000005,491.75,-0.9965774109120251,0.5887445887445888,6,6,reported,paired
signals,BenchmarkExecParallel/independent/isa_simd_i16x8.lt_s,wago,ns/op,297,274.6,-7.542087542087539,0.19480519480519481,6,6,reported,paired
signals,BenchmarkExecParallel/independent/isa_simd_i16x8.lt_u,wago,ns/op,745.7,737.25,-1.1331634705645799,0.30952380952380953,6,6,reported,paired
signals,BenchmarkExecParallel/independent/isa_simd_i16x8.gt_s,wago,ns/op,255.6,252.10000000000002,-1.3693270735524177,0.6991341991341992,6,6,reported,paired
signals,BenchmarkExecParallel/independent/isa_simd_i16x8.gt_u,wago,ns/op,740.0999999999999,744.2,0.5539791920011083,0.8181818181818182,6,6,reported,paired
signals,BenchmarkExecParallel/independent/isa_simd_i16x8.le_s,wago,ns/op,500.55,491.8,-1.7480771151733077,0.8181818181818182,6,6,reported,paired
signals,BenchmarkExecParallel/independent/isa_simd_i16x8.le_u,wago,ns/op,482.75,481.2,-0.32107716209218706,0.854978354978355,6,6,reported,paired
signals,BenchmarkExecParallel/independent/isa_simd_i16x8.ge_s,wago,ns/op,490.1,482.7,-1.5098959396041667,0.48484848484848486,6,6,reported,paired
signals,BenchmarkExecParallel/independent/isa_simd_i16x8.ge_u,wago,ns/op,488.85,477.4,-2.3422317684361316,0.5541125541125541,6,6,reported,paired
signals,BenchmarkExecParallel/process/isa_simd_i16x8.abs,wago,ns/op,2088,2070,-0.8620689655172376,0.2532467532467532,6,6,reported,paired
signals,BenchmarkExecParallel/process/isa_simd_i16x8.neg,wago,ns/op,1527,1503,-1.5717092337917515,0.7316017316017316,6,6,reported,paired
signals,BenchmarkExecParallel/process/isa_simd_i16x8.extadd_pairwise_s,wago,ns/op,3075.5,3030,-1.479434238335231,0.854978354978355,6,6,reported,paired
signals,BenchmarkExecParallel/process/isa_simd_i16x8.extadd_pairwise_u,wago,ns/op,3047.5,3053.5,0.19688269073010467,0.6688311688311688,6,6,reported,paired
signals,BenchmarkExecParallel/process/isa_simd_i16x8.narrow_i32x4_s,wago,ns/op,4144.5,4145,0.012064181445281541,1,6,6,reported,paired
signals,BenchmarkExecParallel/process/isa_simd_i16x8.narrow_i32x4_u,wago,ns/op,4178.5,4147.5,-0.7418930238123678,0.5887445887445888,6,6,reported,paired
signals,BenchmarkExecParallel/process/isa_simd_i16x8.extend_low_s,wago,ns/op,2388.5,2374.5,-0.5861419300816406,0.5887445887445888,6,6,reported,paired
signals,BenchmarkExecParallel/process/isa_simd_i16x8.extend_high_s,wago,ns/op,2380.5,2366.5,-0.5881117412308345,0.24025974025974026,6,6,reported,paired
signals,BenchmarkExecParallel/process/isa_simd_i16x8.extend_low_u,wago,ns/op,1516.5,1508,-0.5605011539729587,0.512987012987013,6,6,reported,paired
signals,BenchmarkExecParallel/process/isa_simd_i16x8.extend_high_u,wago,ns/op,1507.5,1493,-0.9618573797678276,0.6991341991341992,6,6,reported,paired
signals,BenchmarkExecParallel/process/isa_simd_i16x8.shl,wago,ns/op,1199.5,1213,1.1254689453939148,0.48484848484848486,6,6,reported,paired
signals,BenchmarkExecParallel/process/isa_simd_i16x8.shr_s,wago,ns/op,1182,1164,-1.5228426395939132,0.3939393939393939,6,6,reported,paired
signals,BenchmarkExecParallel/process/isa_simd_i16x8.shr_u,wago,ns/op,1208.5,1186,-1.8618121638394713,0.3939393939393939,6,6,reported,paired
signals,BenchmarkExecParallel/process/isa_simd_i16x8.add,wago,ns/op,2066,2051.5,-0.7018393030009729,0.9372294372294372,6,6,reported,paired
signals,BenchmarkExecParallel/process/isa_simd_i16x8.sub,wago,ns/op,2060.5,2062,0.07279786459597481,0.3939393939393939,6,6,reported,paired
signals,BenchmarkExecParallel/process/isa_simd_i16x8.mul,wago,ns/op,6074.5,6011,-1.045353527039261,0.3939393939393939,6,6,reported,paired
signals,BenchmarkExecParallel/process/isa_simd_i16x8.add_sat_s,wago,ns/op,4187.5,4142,-1.0865671641791086,0.461038961038961,6,6,reported,paired
signals,BenchmarkExecParallel/process/isa_simd_i16x8.add_sat_u,wago,ns/op,4158,4123,-0.8417508417508435,0.6991341991341992,6,6,reported,paired
signals,BenchmarkExecParallel/process/isa_simd_i16x8.sub_sat_s,wago,ns/op,4162.5,4116.5,-1.1051051051051086,0.48484848484848486,6,6,reported,paired
signals,BenchmarkExecParallel/process/isa_simd_i16x8.sub_sat_u,wago,ns/op,4155,4131,-0.5776173285198527,0.3939393939393939,6,6,reported,paired
signals,BenchmarkExecParallel/process/isa_simd_i16x8.min_s,wago,ns/op,2074,2063,-0.5303760848601735,0.5887445887445888,6,6,reported,paired
signals,BenchmarkExecParallel/process/isa_simd_i16x8.min_u,wago,ns/op,2080,2066,-0.6730769230769207,0.6666666666666666,6,6,reported,paired
signals,BenchmarkExecParallel/process/isa_simd_i16x8.max_s,wago,ns/op,2071,2068,-0.14485755673587786,0.9090909090909091,6,6,reported,paired
signals,BenchmarkExecParallel/process/isa_simd_i16x8.max_u,wago,ns/op,2068,2059.5,-0.4110251450677005,0.5086580086580087,6,6,reported,paired
signals,BenchmarkExecParallel/process/isa_simd_i16x8.avgr_u,wago,ns/op,4163,4141,-0.5284650492433318,0.8484848484848485,6,6,reported,paired
signals,BenchmarkExecParallel/process/isa_simd_i16x8.q15mulr_sat_s,wago,ns/op,10759.5,10808,0.450764440726803,0.6991341991341992,6,6,reported,paired
signals,BenchmarkExecParallel/process/isa_simd_i16x8.extmul_low_s,wago,ns/op,9737,9812,0.7702577796035781,0.6991341991341992,6,6,reported,paired
signals,BenchmarkExecParallel/process/isa_simd_i16x8.extmul_high_s,wago,ns/op,9792.5,9878.5,0.8782231299463872,0.17965367965367965,6,6,reported,paired
signals,BenchmarkExecParallel/process/isa_simd_i16x8.extmul_low_u,wago,ns/op,8159,8199.5,0.4963843608285279,0.6991341991341992,6,6,reported,paired
signals,BenchmarkExecParallel/process/isa_simd_i16x8.extmul_high_u,wago,ns/op,8185,8250,0.7941356139279154,0.17965367965367965,6,6,reported,paired
signals,BenchmarkExecParallel/process/isa_simd_i16x8.eq,wago,ns/op,2081.5,2050.5,-1.489310593322124,0.14285714285714285,6,6,reported,paired
signals,BenchmarkExecParallel/process/isa_simd_i16x8.ne,wago,ns/op,4141,4217,1.8353054817676906,0.30952380952380953,6,6,reported,paired
signals,BenchmarkExecParallel/process/isa_simd_i16x8.lt_s,wago,ns/op,2087,2117.5,1.4614278869190311,0.5541125541125541,6,6,reported,paired
signals,BenchmarkExecParallel/process/isa_simd_i16x8.lt_u,wago,ns/op,6016,6088.5,1.2051196808510634,0.5887445887445888,6,6,reported,paired
signals,BenchmarkExecParallel/process/isa_simd_i16x8.gt_s,wago,ns/op,2047.5,2052.5,0.24420024420024333,0.7316017316017316,6,6,reported,paired
signals,BenchmarkExecParallel/process/isa_simd_i16x8.gt_u,wago,ns/op,6068,6047.5,-0.33783783783783994,0.8939393939393939,6,6,reported,paired
signals,BenchmarkExecParallel/process/isa_simd_i16x8.le_s,wago,ns/op,4192,4186,-0.14312977099236734,0.45670995670995673,6,6,reported,paired
signals,BenchmarkExecParallel/process/isa_simd_i16x8.le_u,wago,ns/op,4155.5,4187,0.758031524485614,0.5887445887445888,6,6,reported,paired
signals,BenchmarkExecParallel/process/isa_simd_i16x8.ge_s,wago,ns/op,4177.5,4155.5,-0.5266307600239384,0.3939393939393939,6,6,reported,paired
signals,BenchmarkExecParallel/process/isa_simd_i16x8.ge_u,wago,ns/op,4168,4169.5,0.035988483685223116,0.6991341991341992,6,6,reported,paired
signals,BenchmarkExecParallel/independent/isa_simd_i32x4.abs,wago,ns/op,264,259.7,-1.6287878787878851,0.16883116883116883,6,6,reported,paired
signals,BenchmarkExecParallel/independent/isa_simd_i32x4.neg,wago,ns/op,231.9,226.2,-2.4579560155239433,0.6991341991341992,6,6,reported,paired
signals,BenchmarkExecParallel/independent/isa_simd_i32x4.extadd_pairwise_s,wago,ns/op,388.8,390.04999999999995,0.3215020576131433,1,6,6,reported,paired
signals,BenchmarkExecParallel/independent/isa_simd_i32x4.extadd_pairwise_u,wago,ns/op,695.15,730.4,5.070848018413288,0.24025974025974026,6,6,reported,paired
signals,BenchmarkExecParallel/independent/isa_simd_i32x4.trunc_sat_f32x4_s,wago,ns/op,1193.5,1201,0.6284038542103021,0.854978354978355,6,6,reported,paired
signals,BenchmarkExecParallel/independent/isa_simd_i32x4.trunc_sat_f32x4_u,wago,ns/op,1506.5,1499,-0.49784268171257917,0.48484848484848486,6,6,reported,paired
signals,BenchmarkExecParallel/independent/isa_simd_i32x4.trunc_sat_f64x2_s_zero,wago,ns/op,955.85,948.9,-0.7271015326672625,0.3939393939393939,6,6,reported,paired
signals,BenchmarkExecParallel/independent/isa_simd_i32x4.trunc_sat_f64x2_u_zero,wago,ns/op,1387,1397,0.7209805335256059,0.7857142857142857,6,6,reported,paired
signals,BenchmarkExecParallel/independent/isa_simd_i32x4.extend_low_s,wago,ns/op,315.29999999999995,323.6,2.6324135743736266,1,6,6,reported,paired
signals,BenchmarkExecParallel/independent/isa_simd_i32x4.extend_high_s,wago,ns/op,315.55,332.04999999999995,5.228965298684818,0.5887445887445888,6,6,reported,paired
signals,BenchmarkExecParallel/independent/isa_simd_i32x4.extend_low_u,wago,ns/op,231.1,241.05,4.305495456512332,1,6,6,reported,paired
signals,BenchmarkExecParallel/independent/isa_simd_i32x4.extend_high_u,wago,ns/op,234.15,231.9,-0.9609224855861576,0.3939393939393939,6,6,reported,paired
signals,BenchmarkExecParallel/independent/isa_simd_i32x4.shl,wago,ns/op,176.9,183.65,3.815715093273031,1,6,6,reported,paired
signals,BenchmarkExecParallel/independent/isa_simd_i32x4.shr_s,wago,ns/op,189.5,180.55,-4.722955145118723,0.6991341991341992,6,6,reported,paired
signals,BenchmarkExecParallel/independent/isa_simd_i32x4.shr_u,wago,ns/op,185,182.65,-1.2702702702702684,1,6,6,reported,paired
signals,BenchmarkExecParallel/independent/isa_simd_i32x4.add,wago,ns/op,253.9,255.85,0.7680189050807362,0.7835497835497836,6,6,reported,paired
signals,BenchmarkExecParallel/independent/isa_simd_i32x4.sub,wago,ns/op,252.7,252.64999999999998,-0.019786307874958275,1,6,6,reported,paired
signals,BenchmarkExecParallel/independent/isa_simd_i32x4.mul,wago,ns/op,696.9,698,0.15784187114364912,0.45670995670995673,6,6,reported,paired
signals,BenchmarkExecParallel/independent/isa_simd_i32x4.min_s,wago,ns/op,253.45,252.3,-0.45373840994278325,0.3939393939393939,6,6,reported,paired
signals,BenchmarkExecParallel/independent/isa_simd_i32x4.min_u,wago,ns/op,253.1,253.10000000000002,2.220446049250313e-14,0.7380952380952381,6,6,reported,paired
signals,BenchmarkExecParallel/independent/isa_simd_i32x4.max_s,wago,ns/op,253.25,252.5,-0.29615004935834577,0.6991341991341992,6,6,reported,paired
signals,BenchmarkExecParallel/independent/isa_simd_i32x4.max_u,wago,ns/op,256.1,251.6,-1.7571261226083656,0.09740259740259741,6,6,reported,paired
signals,BenchmarkExecParallel/independent/isa_simd_i32x4.dot,wago,ns/op,698.3499999999999,696.1500000000001,-0.31502828094792656,0.8181818181818182,6,6,reported,paired
signals,BenchmarkExecParallel/independent/isa_simd_i32x4.extmul_low_s,wago,ns/op,1156,1154,-0.17301038062284002,0.16017316017316016,6,6,reported,paired
signals,BenchmarkExecParallel/independent/isa_simd_i32x4.extmul_high_s,wago,ns/op,1157,1166.5,0.8210890233362189,0.7467532467532467,6,6,reported,paired
signals,BenchmarkExecParallel/independent/isa_simd_i32x4.extmul_low_u,wago,ns/op,924.6,927.85,0.3515033528012079,0.5887445887445888,6,6,reported,paired
signals,BenchmarkExecParallel/independent/isa_simd_i32x4.extmul_high_u,wago,ns/op,931,926.3,-0.5048335123523096,0.8181818181818182,6,6,reported,paired
signals,BenchmarkExecParallel/independent/isa_simd_i32x4.eq,wago,ns/op,255.14999999999998,251.65,-1.3717421124828433,0.329004329004329,6,6,reported,paired
signals,BenchmarkExecParallel/independent/isa_simd_i32x4.ne,wago,ns/op,496.6,488.95,-1.5404752315747117,0.24025974025974026,6,6,reported,paired
signals,BenchmarkExecParallel/independent/isa_simd_i32x4.lt_s,wago,ns/op,290.6,284.65,-2.04748795595322,0.48484848484848486,6,6,reported,paired
signals,BenchmarkExecParallel/independent/isa_simd_i32x4.lt_u,wago,ns/op,732.8,731.3499999999999,-0.19787117903931062,0.48484848484848486,6,6,reported,paired
signals,BenchmarkExecParallel/independent/isa_simd_i32x4.gt_s,wago,ns/op,254.64999999999998,253.15,-0.5890437855880504,0.3939393939393939,6,6,reported,paired
signals,BenchmarkExecParallel/independent/isa_simd_i32x4.gt_u,wago,ns/op,737.25,727.45,-1.3292641573414699,0.09307359307359307,6,6,reported,paired
signals,BenchmarkExecParallel/independent/isa_simd_i32x4.le_s,wago,ns/op,495.75,487.5,-1.6641452344931973,0.5887445887445888,6,6,reported,paired
signals,BenchmarkExecParallel/independent/isa_simd_i32x4.le_u,wago,ns/op,486.3,482.75,-0.7300020563438259,0.48484848484848486,6,6,reported,paired
signals,BenchmarkExecParallel/independent/isa_simd_i32x4.ge_s,wago,ns/op,498,489.70000000000005,-1.6666666666666607,0.45670995670995673,6,6,reported,paired
signals,BenchmarkExecParallel/independent/isa_simd_i32x4.ge_u,wago,ns/op,483.5,479.05,-0.9203722854188134,0.13203463203463203,6,6,reported,paired
signals,BenchmarkExecParallel/process/isa_simd_i32x4.abs,wago,ns/op,2090.5,2067,-1.1241329825400603,0.512987012987013,6,6,reported,paired
signals,BenchmarkExecParallel/process/isa_simd_i32x4.neg,wago,ns/op,1509.5,1507.5,-0.13249420337859696,0.9025974025974026,6,6,reported,paired
signals,BenchmarkExecParallel/process/isa_simd_i32x4.extadd_pairwise_s,wago,ns/op,3029.5,3053,0.7757055619739273,0.854978354978355,6,6,reported,paired
signals,BenchmarkExecParallel/process/isa_simd_i32x4.extadd_pairwise_u,wago,ns/op,5144.5,5138,-0.12634852755369907,0.9372294372294372,6,6,reported,paired
signals,BenchmarkExecParallel/process/isa_simd_i32x4.trunc_sat_f32x4_s,wago,ns/op,9612,9564,-0.4993757802746579,0.30952380952380953,6,6,reported,paired
signals,BenchmarkExecParallel/process/isa_simd_i32x4.trunc_sat_f32x4_u,wago,ns/op,11729,11660.5,-0.5840225083127315,0.9372294372294372,6,6,reported,paired
signals,BenchmarkExecParallel/process/isa_simd_i32x4.trunc_sat_f64x2_s_zero,wago,ns/op,8264.5,8186.5,-0.9437957529191077,0.17965367965367965,6,6,reported,paired
signals,BenchmarkExecParallel/process/isa_simd_i32x4.trunc_sat_f64x2_u_zero,wago,ns/op,11522.5,11598,0.6552397483185146,0.5887445887445888,6,6,reported,paired
signals,BenchmarkExecParallel/process/isa_simd_i32x4.extend_low_s,wago,ns/op,2370.5,2358.5,-0.5062223159670975,0.329004329004329,6,6,reported,paired
signals,BenchmarkExecParallel/process/isa_simd_i32x4.extend_high_s,wago,ns/op,2355.5,2371.5,0.6792613033326234,0.45670995670995673,6,6,reported,paired
signals,BenchmarkExecParallel/process/isa_simd_i32x4.extend_low_u,wago,ns/op,1534.5,1495.5,-2.5415444770283457,0.09307359307359307,6,6,reported,paired
signals,BenchmarkExecParallel/process/isa_simd_i32x4.extend_high_u,wago,ns/op,1514.5,1510,-0.29712776493892035,0.9372294372294372,6,6,reported,paired
signals,BenchmarkExecParallel/process/isa_simd_i32x4.shl,wago,ns/op,1156.5,1152,-0.3891050583657574,0.7337662337662337,6,6,reported,paired
signals,BenchmarkExecParallel/process/isa_simd_i32x4.shr_s,wago,ns/op,1190.5,1203.5,1.0919781604368017,0.79004329004329,6,6,reported,paired
signals,BenchmarkExecParallel/process/isa_simd_i32x4.shr_u,wago,ns/op,1171.5,1163,-0.72556551429791,0.4199134199134199,6,6,reported,paired
signals,BenchmarkExecParallel/process/isa_simd_i32x4.add,wago,ns/op,2067,2071,0.19351717464926033,1,6,6,reported,paired
signals,BenchmarkExecParallel/process/isa_simd_i32x4.sub,wago,ns/op,2055,2065,0.48661800486617945,0.30735930735930733,6,6,reported,paired
signals,BenchmarkExecParallel/process/isa_simd_i32x4.mul,wago,ns/op,6004,6042,0.6329113924050667,0.9372294372294372,6,6,reported,paired
signals,BenchmarkExecParallel/process/isa_simd_i32x4.min_s,wago,ns/op,2062,2055.5,-0.31522793404461513,0.18831168831168832,6,6,reported,paired
signals,BenchmarkExecParallel/process/isa_simd_i32x4.min_u,wago,ns/op,2052.5,2058,0.26796589524968883,0.6190476190476191,6,6,reported,paired
signals,BenchmarkExecParallel/process/isa_simd_i32x4.max_s,wago,ns/op,2062.5,2056,-0.31515151515151274,0.5562770562770563,6,6,reported,paired
signals,BenchmarkExecParallel/process/isa_simd_i32x4.max_u,wago,ns/op,2059,2066.5,0.3642544924720825,0.5627705627705628,6,6,reported,paired
signals,BenchmarkExecParallel/process/isa_simd_i32x4.dot,wago,ns/op,6026.5,6016,-0.17423048203766278,0.9372294372294372,6,6,reported,paired
signals,BenchmarkExecParallel/process/isa_simd_i32x4.extmul_low_s,wago,ns/op,9906,9985,0.7974964667877948,0.8181818181818182,6,6,reported,paired
signals,BenchmarkExecParallel/process/isa_simd_i32x4.extmul_high_s,wago,ns/op,9839.5,9983,1.4584074394023983,0.3939393939393939,6,6,reported,paired
signals,BenchmarkExecParallel/process/isa_simd_i32x4.extmul_low_u,wago,ns/op,8286,8244.5,-0.5008447984552244,1,6,6,reported,paired
signals,BenchmarkExecParallel/process/isa_simd_i32x4.extmul_high_u,wago,ns/op,8187.5,8190,0.03053435114503955,0.8528138528138528,6,6,reported,paired
signals,BenchmarkExecParallel/process/isa_simd_i32x4.eq,wago,ns/op,2062,2057.5,-0.21823472356935492,0.7857142857142857,6,6,reported,paired
signals,BenchmarkExecParallel/process/isa_simd_i32x4.ne,wago,ns/op,4194,4148,-1.0968049594659024,0.5887445887445888,6,6,reported,paired
signals,BenchmarkExecParallel/process/isa_simd_i32x4.lt_s,wago,ns/op,2107.5,2094.5,-0.616844602609723,0.9372294372294372,6,6,reported,paired
signals,BenchmarkExecParallel/process/isa_simd_i32x4.lt_u,wago,ns/op,6055.5,6011,-0.7348691272397012,1,6,6,reported,paired
signals,BenchmarkExecParallel/process/isa_simd_i32x4.gt_s,wago,ns/op,2058.5,2054,-0.21860578090843186,0.8181818181818182,6,6,reported,paired
signals,BenchmarkExecParallel/process/isa_simd_i32x4.gt_u,wago,ns/op,6101,6082,-0.3114243566628372,0.9372294372294372,6,6,reported,paired
signals,BenchmarkExecParallel/process/isa_simd_i32x4.le_s,wago,ns/op,4189,4170.5,-0.4416328479350695,0.7857142857142857,6,6,reported,paired
signals,BenchmarkExecParallel/process/isa_simd_i32x4.le_u,wago,ns/op,4158.5,4129,-0.7093904051941768,0.48484848484848486,6,6,reported,paired
signals,BenchmarkExecParallel/process/isa_simd_i32x4.ge_s,wago,ns/op,4171.5,4142,-0.7071796715809708,0.5887445887445888,6,6,reported,paired
signals,BenchmarkExecParallel/process/isa_simd_i32x4.ge_u,wago,ns/op,4175.5,4169.5,-0.14369536582444775,0.974025974025974,6,6,reported,paired
signals,BenchmarkExecParallel/independent/isa_simd_i64x2.abs,wago,ns/op,530.1500000000001,515.85,-2.6973498066585,0.24025974025974026,6,6,reported,paired
signals,BenchmarkExecParallel/independent/isa_simd_i64x2.neg,wago,ns/op,237.5,227.55,-4.189473684210521,0.5887445887445888,6,6,reported,paired
signals,BenchmarkExecParallel/independent/isa_simd_i64x2.extend_low_s,wago,ns/op,338.8,309.4,-8.677685950413228,0.13203463203463203,6,6,reported,paired
signals,BenchmarkExecParallel/independent/isa_simd_i64x2.extend_high_s,wago,ns/op,328.45000000000005,330.6,0.6545897396863953,0.6991341991341992,6,6,reported,paired
signals,BenchmarkExecParallel/independent/isa_simd_i64x2.extend_low_u,wago,ns/op,240.75,231.95,-3.6552440290758104,0.5887445887445888,6,6,reported,paired
signals,BenchmarkExecParallel/independent/isa_simd_i64x2.extend_high_u,wago,ns/op,244.25,236.55,-3.1525076765609006,0.6991341991341992,6,6,reported,paired
signals,BenchmarkExecParallel/independent/isa_simd_i64x2.shl,wago,ns/op,185.14999999999998,182.3,-1.5392924655684426,0.5887445887445888,6,6,reported,paired
signals,BenchmarkExecParallel/independent/isa_simd_i64x2.shr_s,wago,ns/op,1509,1493.5,-1.0271703114645425,0.6645021645021645,6,6,reported,paired
signals,BenchmarkExecParallel/independent/isa_simd_i64x2.shr_u,wago,ns/op,194.25,186.5,-3.9897039897039854,0.6991341991341992,6,6,reported,paired
signals,BenchmarkExecParallel/independent/isa_simd_i64x2.add,wago,ns/op,255.05,256.20000000000005,0.4508919819643298,0.9372294372294372,6,6,reported,paired
signals,BenchmarkExecParallel/independent/isa_simd_i64x2.sub,wago,ns/op,259.70000000000005,255.04999999999998,-1.7905275317674496,0.5887445887445888,6,6,reported,paired
signals,BenchmarkExecParallel/independent/isa_simd_i64x2.mul,wago,ns/op,1720,1707.5,-0.7267441860465129,0.9090909090909091,6,6,reported,paired
signals,BenchmarkExecParallel/independent/isa_simd_i64x2.extmul_low_s,wago,ns/op,934.85,924.8,-1.075038776274273,0.5887445887445888,6,6,reported,paired
signals,BenchmarkExecParallel/independent/isa_simd_i64x2.extmul_high_s,wago,ns/op,935.9,930.95,-0.5289026605406533,0.48484848484848486,6,6,reported,paired
signals,BenchmarkExecParallel/independent/isa_simd_i64x2.extmul_low_u,wago,ns/op,931.25,926.65,-0.49395973154362505,0.8181818181818182,6,6,reported,paired
signals,BenchmarkExecParallel/independent/isa_simd_i64x2.extmul_high_u,wago,ns/op,928.65,934.05,0.5814892586011977,1,6,6,reported,paired
signals,BenchmarkExecParallel/independent/isa_simd_i64x2.eq,wago,ns/op,477.3,478.4,0.2304630211606984,1,6,6,reported,paired
signals,BenchmarkExecParallel/independent/isa_simd_i64x2.ne,wago,ns/op,718.7,725.9,1.0018088214832188,0.9372294372294372,6,6,reported,paired
signals,BenchmarkExecParallel/independent/isa_simd_i64x2.lt_s,wago,ns/op,482.65,478.95,-0.7666010566663162,0.8181818181818182,6,6,reported,paired
signals,BenchmarkExecParallel/independent/isa_simd_i64x2.gt_s,wago,ns/op,477.05,478.95,0.39828110260977656,0.6991341991341992,6,6,reported,paired
signals,BenchmarkExecParallel/independent/isa_simd_i64x2.le_s,wago,ns/op,724.5,728.05,0.48999309868873464,0.974025974025974,6,6,reported,paired
signals,BenchmarkExecParallel/independent/isa_simd_i64x2.ge_s,wago,ns/op,721.55,724.3,0.3811239692329105,0.9372294372294372,6,6,reported,paired
signals,BenchmarkExecParallel/process/isa_simd_i64x2.abs,wago,ns/op,4291.5,4286,-0.12816031690551233,0.6688311688311688,6,6,reported,paired
signals,BenchmarkExecParallel/process/isa_simd_i64x2.neg,wago,ns/op,1546,1527,-1.2289780077619716,0.6991341991341992,6,6,reported,paired
signals,BenchmarkExecParallel/process/isa_simd_i64x2.extend_low_s,wago,ns/op,2287.5,2295.5,0.34972677595628276,0.6991341991341992,6,6,reported,paired
signals,BenchmarkExecParallel/process/isa_simd_i64x2.extend_high_s,wago,ns/op,2296,2298,0.08710801393727596,0.9372294372294372,6,6,reported,paired
signals,BenchmarkExecParallel/process/isa_simd_i64x2.extend_low_u,wago,ns/op,1511,1529.5,1.2243547319655823,0.7857142857142857,6,6,reported,paired
signals,BenchmarkExecParallel/process/isa_simd_i64x2.extend_high_u,wago,ns/op,1509,1523,0.9277667329357087,0.3939393939393939,6,6,reported,paired
signals,BenchmarkExecParallel/process/isa_simd_i64x2.shl,wago,ns/op,1174,1172.5,-0.12776831345826523,0.9372294372294372,6,6,reported,paired
signals,BenchmarkExecParallel/process/isa_simd_i64x2.shr_s,wago,ns/op,11287,11275,-0.10631700186054527,0.8181818181818182,6,6,reported,paired
signals,BenchmarkExecParallel/process/isa_simd_i64x2.shr_u,wago,ns/op,1212.5,1210,-0.20618556701030855,0.9372294372294372,6,6,reported,paired
signals,BenchmarkExecParallel/process/isa_simd_i64x2.add,wago,ns/op,2060.5,2048.5,-0.5823829167677763,0.6212121212121212,6,6,reported,paired
signals,BenchmarkExecParallel/process/isa_simd_i64x2.sub,wago,ns/op,2083.5,2069,-0.6959443244540453,0.3939393939393939,6,6,reported,paired
signals,BenchmarkExecParallel/process/isa_simd_i64x2.mul,wago,ns/op,13543.5,13584.5,0.30272824602206594,0.8528138528138528,6,6,reported,paired
signals,BenchmarkExecParallel/process/isa_simd_i64x2.extmul_low_s,wago,ns/op,8268,8334.5,0.804305757135948,0.30952380952380953,6,6,reported,paired
signals,BenchmarkExecParallel/process/isa_simd_i64x2.extmul_high_s,wago,ns/op,8225,8314,1.0820668693009017,0.6991341991341992,6,6,reported,paired
signals,BenchmarkExecParallel/process/isa_simd_i64x2.extmul_low_u,wago,ns/op,8199,8346,1.7929015733626041,0.04112554112554113,6,6,reported,paired
signals,BenchmarkExecParallel/process/isa_simd_i64x2.extmul_high_u,wago,ns/op,8242,8295,0.6430478039310739,0.9372294372294372,6,6,reported,paired
signals,BenchmarkExecParallel/process/isa_simd_i64x2.eq,wago,ns/op,4148,4147.5,-0.012054001928640812,0.3939393939393939,6,6,reported,paired
signals,BenchmarkExecParallel/process/isa_simd_i64x2.ne,wago,ns/op,6096.5,6161,1.0579840892315229,0.17965367965367965,6,6,reported,paired
signals,BenchmarkExecParallel/process/isa_simd_i64x2.lt_s,wago,ns/op,4154.5,4178.5,0.5776868455891204,0.8181818181818182,6,6,reported,paired
signals,BenchmarkExecParallel/process/isa_simd_i64x2.gt_s,wago,ns/op,4152.5,4186.5,0.8187838651414703,0.37012987012987014,6,6,reported,paired
signals,BenchmarkExecParallel/process/isa_simd_i64x2.le_s,wago,ns/op,6111.5,6138,0.43360877035096834,0.5887445887445888,6,6,reported,paired
signals,BenchmarkExecParallel/process/isa_simd_i64x2.ge_s,wago,ns/op,5983.5,6120,2.281273502130854,0.13852813852813853,6,6,reported,paired
signals,BenchmarkExecParallel/independent/isa_simd_f32x4.abs,wago,ns/op,297.2,286.70000000000005,-3.532974427994595,0.5887445887445888,6,6,reported,paired
signals,BenchmarkExecParallel/independent/isa_simd_f32x4.neg,wago,ns/op,289.95,295.79999999999995,2.0175892395240425,0.6991341991341992,6,6,reported,paired
signals,BenchmarkExecParallel/independent/isa_simd_f32x4.sqrt,wago,ns/op,1824.5,1797.5,-1.479857495204162,0.9805194805194806,6,6,reported,paired
signals,BenchmarkExecParallel/independent/isa_simd_f32x4.ceil,wago,ns/op,364.8,362.5,-0.6304824561403577,0.5887445887445888,6,6,reported,paired
signals,BenchmarkExecParallel/independent/isa_simd_f32x4.floor,wago,ns/op,367.85,363.35,-1.2233247247519397,0.6991341991341992,6,6,reported,paired
signals,BenchmarkExecParallel/independent/isa_simd_f32x4.trunc,wago,ns/op,372.75,365.85,-1.8511066398390286,1,6,6,reported,paired
signals,BenchmarkExecParallel/independent/isa_simd_f32x4.nearest,wago,ns/op,368.1,365.35,-0.7470795979353406,0.3939393939393939,6,6,reported,paired
signals,BenchmarkExecParallel/independent/isa_simd_f32x4.add,wago,ns/op,704,699,-0.7102272727272707,1,6,6,reported,paired
signals,BenchmarkExecParallel/independent/isa_simd_f32x4.sub,wago,ns/op,700,700.55,0.07857142857141675,0.9372294372294372,6,6,reported,paired
signals,BenchmarkExecParallel/independent/isa_simd_f32x4.mul,wago,ns/op,701,705.8499999999999,0.6918687589158257,0.8181818181818182,6,6,reported,paired
signals,BenchmarkExecParallel/independent/isa_simd_f32x4.div,wago,ns/op,2469,2478.5,0.3847711624139327,0.9372294372294372,6,6,reported,paired
signals,BenchmarkExecParallel/independent/isa_simd_f32x4.min,wago,ns/op,1495,1487.5,-0.5016722408026753,0.8181818181818182,6,6,reported,paired
signals,BenchmarkExecParallel/independent/isa_simd_f32x4.max,wago,ns/op,1493.5,1499,0.36826247070640417,0.9372294372294372,6,6,reported,paired
signals,BenchmarkExecParallel/independent/isa_simd_f32x4.pmin,wago,ns/op,478.45,478,-0.09405371512174465,0.6991341991341992,6,6,reported,paired
signals,BenchmarkExecParallel/independent/isa_simd_f32x4.pmax,wago,ns/op,483.9,476.05,-1.6222359991733715,0.8181818181818182,6,6,reported,paired
signals,BenchmarkExecParallel/independent/isa_simd_f32x4.eq,wago,ns/op,481.15,482.45000000000005,0.27018601267796427,0.9372294372294372,6,6,reported,paired
signals,BenchmarkExecParallel/independent/isa_simd_f32x4.ne,wago,ns/op,485.45,480,-1.1226696879184206,0.8181818181818182,6,6,reported,paired
signals,BenchmarkExecParallel/independent/isa_simd_f32x4.lt,wago,ns/op,479.35,474,-1.116094711588611,0.37012987012987014,6,6,reported,paired
signals,BenchmarkExecParallel/independent/isa_simd_f32x4.gt,wago,ns/op,477.75,475.20000000000005,-0.5337519623233811,0.6991341991341992,6,6,reported,paired
signals,BenchmarkExecParallel/independent/isa_simd_f32x4.le,wago,ns/op,477.75,475,-0.5756148613291434,1,6,6,reported,paired
signals,BenchmarkExecParallel/independent/isa_simd_f32x4.ge,wago,ns/op,478.75,476.45000000000005,-0.48041775456918456,0.5887445887445888,6,6,reported,paired
signals,BenchmarkExecParallel/independent/isa_simd_f32x4.convert_i32x4_s,wago,ns/op,364.25,365.9,0.4529855868222299,0.7380952380952381,6,6,reported,paired
signals,BenchmarkExecParallel/independent/isa_simd_f32x4.convert_i32x4_u,wago,ns/op,1310.5,1328.5,1.3735215566577752,0.6991341991341992,6,6,reported,paired
signals,BenchmarkExecParallel/independent/isa_simd_f32x4.demote_f64x2_zero,wago,ns/op,368.65,367.7,-0.25769700257696204,0.18181818181818182,6,6,reported,paired
signals,BenchmarkExecParallel/process/isa_simd_f32x4.abs,wago,ns/op,1948.5,1993.5,2.3094688221708903,0.48484848484848486,6,6,reported,paired
signals,BenchmarkExecParallel/process/isa_simd_f32x4.neg,wago,ns/op,1964.5,1985,1.0435225248154767,0.48484848484848486,6,6,reported,paired
signals,BenchmarkExecParallel/process/isa_simd_f32x4.sqrt,wago,ns/op,13543,13485,-0.4282655246252709,1,6,6,reported,paired
signals,BenchmarkExecParallel/process/isa_simd_f32x4.ceil,wago,ns/op,3063,3033,-0.9794319294809006,0.6991341991341992,6,6,reported,paired
signals,BenchmarkExecParallel/process/isa_simd_f32x4.floor,wago,ns/op,3054,3032.5,-0.7039947609692176,0.974025974025974,6,6,reported,paired
signals,BenchmarkExecParallel/process/isa_simd_f32x4.trunc,wago,ns/op,3041,3069.5,0.9371917132522167,0.8181818181818182,6,6,reported,paired
signals,BenchmarkExecParallel/process/isa_simd_f32x4.nearest,wago,ns/op,3055.5,3051,-0.14727540500736325,1,6,6,reported,paired
signals,BenchmarkExecParallel/process/isa_simd_f32x4.add,wago,ns/op,6071,6089.5,0.3047273925218308,0.6991341991341992,6,6,reported,paired
signals,BenchmarkExecParallel/process/isa_simd_f32x4.sub,wago,ns/op,6074,6070.5,-0.05762265393480792,0.9372294372294372,6,6,reported,paired
signals,BenchmarkExecParallel/process/isa_simd_f32x4.mul,wago,ns/op,6030,6057.5,0.4560530679933672,0.9372294372294372,6,6,reported,paired
signals,BenchmarkExecParallel/process/isa_simd_f32x4.div,wago,ns/op,20633.5,20507,-0.6130806697845714,0.8181818181818182,6,6,reported,paired
signals,BenchmarkExecParallel/process/isa_simd_f32x4.min,wago,ns/op,11778,11691,-0.7386653082017358,0.17965367965367965,6,6,reported,paired
signals,BenchmarkExecParallel/process/isa_simd_f32x4.max,wago,ns/op,11785,11615.5,-1.438268985999147,0.6190476190476191,6,6,reported,paired
signals,BenchmarkExecParallel/process/isa_simd_f32x4.pmin,wago,ns/op,4160.5,4155,-0.13219564956135077,0.6991341991341992,6,6,reported,paired
signals,BenchmarkExecParallel/process/isa_simd_f32x4.pmax,wago,ns/op,4159,4169,0.24044241404184152,0.30952380952380953,6,6,reported,paired
signals,BenchmarkExecParallel/process/isa_simd_f32x4.eq,wago,ns/op,4191,4134.5,-1.348126938678118,0.3939393939393939,6,6,reported,paired
signals,BenchmarkExecParallel/process/isa_simd_f32x4.ne,wago,ns/op,4207.5,4134,-1.746880570409981,0.30952380952380953,6,6,reported,paired
signals,BenchmarkExecParallel/process/isa_simd_f32x4.lt,wago,ns/op,4175.5,4144,-0.7544006705783701,0.45670995670995673,6,6,reported,paired
signals,BenchmarkExecParallel/process/isa_simd_f32x4.gt,wago,ns/op,4169.5,4148,-0.5156493584362654,0.48484848484848486,6,6,reported,paired
signals,BenchmarkExecParallel/process/isa_simd_f32x4.le,wago,ns/op,4161.5,4118,-1.0452961672473893,0.24025974025974026,6,6,reported,paired
signals,BenchmarkExecParallel/process/isa_simd_f32x4.ge,wago,ns/op,4177.5,4164,-0.32315978456014527,0.8181818181818182,6,6,reported,paired
signals,BenchmarkExecParallel/process/isa_simd_f32x4.convert_i32x4_s,wago,ns/op,3039,3039.5,0.0164527805199155,0.6233766233766234,6,6,reported,paired
signals,BenchmarkExecParallel/process/isa_simd_f32x4.convert_i32x4_u,wago,ns/op,10579,10563,-0.15124302864164552,0.7835497835497836,6,6,reported,paired
signals,BenchmarkExecParallel/process/isa_simd_f32x4.demote_f64x2_zero,wago,ns/op,3043.5,3043,-0.016428454082473287,0.9372294372294372,6,6,reported,paired
signals,BenchmarkExecParallel/independent/isa_simd_f64x2.abs,wago,ns/op,297.65,276.75,-7.021669746346371,0.5670995670995671,6,6,reported,paired
signals,BenchmarkExecParallel/independent/isa_simd_f64x2.neg,wago,ns/op,297,288.1,-2.9966329966329863,0.6991341991341992,6,6,reported,paired
signals,BenchmarkExecParallel/independent/isa_simd_f64x2.sqrt,wago,ns/op,2879,2731,-5.1406738450850975,0.015151515151515152,6,6,reported,paired
signals,BenchmarkExecParallel/independent/isa_simd_f64x2.ceil,wago,ns/op,373.85,361.85,-3.209843520128397,0.12554112554112554,6,6,reported,paired
signals,BenchmarkExecParallel/independent/isa_simd_f64x2.floor,wago,ns/op,372.95,364.7,-2.2120927738302765,0.25757575757575757,6,6,reported,paired
signals,BenchmarkExecParallel/independent/isa_simd_f64x2.trunc,wago,ns/op,374.1,364.95,-2.4458700882117212,0.48484848484848486,6,6,reported,paired
signals,BenchmarkExecParallel/independent/isa_simd_f64x2.nearest,wago,ns/op,377.04999999999995,365.04999999999995,-3.182601776952654,0.09307359307359307,6,6,reported,paired
signals,BenchmarkExecParallel/independent/isa_simd_f64x2.add,wago,ns/op,716.9,702.5999999999999,-1.994699400195299,0.45454545454545453,6,6,reported,paired
signals,BenchmarkExecParallel/independent/isa_simd_f64x2.sub,wago,ns/op,705.55,696.05,-1.3464672950180723,0.8181818181818182,6,6,reported,paired
signals,BenchmarkExecParallel/independent/isa_simd_f64x2.mul,wago,ns/op,708.15,694.5999999999999,-1.9134364188378217,0.06493506493506493,6,6,reported,paired
signals,BenchmarkExecParallel/independent/isa_simd_f64x2.div,wago,ns/op,3071.5,3006.5,-2.1162298551196446,0.30952380952380953,6,6,reported,paired
signals,BenchmarkExecParallel/independent/isa_simd_f64x2.min,wago,ns/op,1505.5,1492.5,-0.863500498173364,0.45454545454545453,6,6,reported,paired
signals,BenchmarkExecParallel/independent/isa_simd_f64x2.max,wago,ns/op,1542,1491.5,-3.274967574578469,0.30952380952380953,6,6,reported,paired
signals,BenchmarkExecParallel/independent/isa_simd_f64x2.pmin,wago,ns/op,485.85,473.55,-2.5316455696202556,0.13852813852813853,6,6,reported,paired
signals,BenchmarkExecParallel/independent/isa_simd_f64x2.pmax,wago,ns/op,484.15,473.85,-2.1274398430238484,0.30952380952380953,6,6,reported,paired
signals,BenchmarkExecParallel/independent/isa_simd_f64x2.eq,wago,ns/op,481,474.4,-1.3721413721413778,0.5887445887445888,6,6,reported,paired
signals,BenchmarkExecParallel/independent/isa_simd_f64x2.ne,wago,ns/op,485.79999999999995,474.55,-2.3157678056813347,0.30952380952380953,6,6,reported,paired
signals,BenchmarkExecParallel/independent/isa_simd_f64x2.lt,wago,ns/op,480.65,472.7,-1.6540101945282437,0.48484848484848486,6,6,reported,paired
signals,BenchmarkExecParallel/independent/isa_simd_f64x2.gt,wago,ns/op,491.9,471.2,-4.208172392762755,0.09307359307359307,6,6,reported,paired
signals,BenchmarkExecParallel/independent/isa_simd_f64x2.le,wago,ns/op,482.9,473.65,-1.9155104576516924,0.24025974025974026,6,6,reported,paired
signals,BenchmarkExecParallel/independent/isa_simd_f64x2.ge,wago,ns/op,481.05,476.45000000000005,-0.9562415549319137,0.24025974025974026,6,6,reported,paired
signals,BenchmarkExecParallel/independent/isa_simd_f64x2.convert_low_i32x4_s,wago,ns/op,370.04999999999995,364.4,-1.5268206999054068,0.24025974025974026,6,6,reported,paired
signals,BenchmarkExecParallel/independent/isa_simd_f64x2.convert_low_i32x4_u,wago,ns/op,640.5,619.45,-3.2864949258391785,0.37012987012987014,6,6,reported,paired
signals,BenchmarkExecParallel/independent/isa_simd_f64x2.promote_low_f32x4,wago,ns/op,371.75,365.75,-1.6139878950907849,0.5887445887445888,6,6,reported,paired
signals,BenchmarkExecParallel/process/isa_simd_f64x2.abs,wago,ns/op,1980.5,1990,0.4796768492804748,0.5887445887445888,6,6,reported,paired
signals,BenchmarkExecParallel/process/isa_simd_f64x2.neg,wago,ns/op,2023.5,1971,-2.594514455151964,0.06493506493506493,6,6,reported,paired
signals,BenchmarkExecParallel/process/isa_simd_f64x2.sqrt,wago,ns/op,18906.5,18631,-1.4571708142702255,0.3939393939393939,6,6,reported,paired
signals,BenchmarkExecParallel/process/isa_simd_f64x2.ceil,wago,ns/op,3064.5,3034,-0.9952683961494513,0.329004329004329,6,6,reported,paired
signals,BenchmarkExecParallel/process/isa_simd_f64x2.floor,wago,ns/op,3070.5,3010,-1.9703631330402205,0.7272727272727273,6,6,reported,paired
signals,BenchmarkExecParallel/process/isa_simd_f64x2.trunc,wago,ns/op,3059.5,3025,-1.127635234515445,0.5887445887445888,6,6,reported,paired
signals,BenchmarkExecParallel/process/isa_simd_f64x2.nearest,wago,ns/op,3062.5,3024,-1.2571428571428567,0.48484848484848486,6,6,reported,paired
signals,BenchmarkExecParallel/process/isa_simd_f64x2.add,wago,ns/op,6128.5,6093.5,-0.571102227298681,0.6991341991341992,6,6,reported,paired
signals,BenchmarkExecParallel/process/isa_simd_f64x2.sub,wago,ns/op,6058.5,6065,0.1072872823306037,0.9372294372294372,6,6,reported,paired
signals,BenchmarkExecParallel/process/isa_simd_f64x2.mul,wago,ns/op,6079.5,6030,-0.8142116950407119,0.5887445887445888,6,6,reported,paired
signals,BenchmarkExecParallel/process/isa_simd_f64x2.div,wago,ns/op,24287.5,24139.5,-0.6093669583118855,0.6991341991341992,6,6,reported,paired
signals,BenchmarkExecParallel/process/isa_simd_f64x2.min,wago,ns/op,11817.5,11647.5,-1.4385445314152756,0.48484848484848486,6,6,reported,paired
signals,BenchmarkExecParallel/process/isa_simd_f64x2.max,wago,ns/op,11865.5,11702.5,-1.37373056339809,0.19480519480519481,6,6,reported,paired
signals,BenchmarkExecParallel/process/isa_simd_f64x2.pmin,wago,ns/op,4180.5,4162,-0.4425307977514614,0.8181818181818182,6,6,reported,paired
signals,BenchmarkExecParallel/process/isa_simd_f64x2.pmax,wago,ns/op,4188.5,4179,-0.22681150769965353,0.6991341991341992,6,6,reported,paired
signals,BenchmarkExecParallel/process/isa_simd_f64x2.eq,wago,ns/op,4157.5,4184,0.6374022850270666,0.5887445887445888,6,6,reported,paired
signals,BenchmarkExecParallel/process/isa_simd_f64x2.ne,wago,ns/op,4170.5,4184,0.3237021939815454,0.8181818181818182,6,6,reported,paired
signals,BenchmarkExecParallel/process/isa_simd_f64x2.lt,wago,ns/op,4141,4195.5,1.3161072204781465,0.30952380952380953,6,6,reported,paired
signals,BenchmarkExecParallel/process/isa_simd_f64x2.gt,wago,ns/op,4165,4158,-0.1680672268907557,0.9090909090909091,6,6,reported,paired
signals,BenchmarkExecParallel/process/isa_simd_f64x2.le,wago,ns/op,4173,4162.5,-0.25161754133716796,0.9393939393939394,6,6,reported,paired
signals,BenchmarkExecParallel/process/isa_simd_f64x2.ge,wago,ns/op,4176,4180.5,0.10775862068965747,0.30952380952380953,6,6,reported,paired
signals,BenchmarkExecParallel/process/isa_simd_f64x2.convert_low_i32x4_s,wago,ns/op,3043,3037,-0.19717384160368168,0.6666666666666666,6,6,reported,paired
signals,BenchmarkExecParallel/process/isa_simd_f64x2.convert_low_i32x4_u,wago,ns/op,5304,5238.5,-1.2349170437405688,0.025974025974025976,6,6,reported,paired
signals,BenchmarkExecParallel/process/isa_simd_f64x2.promote_low_f32x4,wago,ns/op,3059.5,3024,-1.1603203137767637,0.48484848484848486,6,6,reported,paired
signals,BenchmarkExecParallel/independent/isa_simd_reduce.v128_any_true,wago,ns/op,301,287.1,-4.617940199335536,0.17965367965367965,6,6,reported,paired
signals,BenchmarkExecParallel/independent/isa_simd_reduce.i8x16_all_true,wago,ns/op,286,268.95,-5.961538461538463,0.24025974025974026,6,6,reported,paired
signals,BenchmarkExecParallel/independent/isa_simd_reduce.i8x16_bitmask,wago,ns/op,251.25,242.05,-3.6616915422885477,0.6991341991341992,6,6,reported,paired
signals,BenchmarkExecParallel/independent/isa_simd_reduce.i16x8_all_true,wago,ns/op,264.9,261.35,-1.3401283503208572,0.6991341991341992,6,6,reported,paired
signals,BenchmarkExecParallel/independent/isa_simd_reduce.i16x8_bitmask,wago,ns/op,255.60000000000002,250.8,-1.8779342723004744,0.48484848484848486,6,6,reported,paired
signals,BenchmarkExecParallel/independent/isa_simd_reduce.i32x4_all_true,wago,ns/op,272.20000000000005,257.9,-5.253490080822953,0.17965367965367965,6,6,reported,paired
signals,BenchmarkExecParallel/independent/isa_simd_reduce.i32x4_bitmask,wago,ns/op,242.65,241.75,-0.3709045950958223,0.5887445887445888,6,6,reported,paired
signals,BenchmarkExecParallel/independent/isa_simd_reduce.i64x2_all_true,wago,ns/op,269.70000000000005,267.4,-0.8527994067482614,0.9372294372294372,6,6,reported,paired
signals,BenchmarkExecParallel/independent/isa_simd_reduce.i64x2_bitmask,wago,ns/op,245.3,238.55,-2.751732572360377,0.48484848484848486,6,6,reported,paired
signals,BenchmarkExecParallel/process/isa_simd_reduce.v128_any_true,wago,ns/op,2177,2179,0.09186954524575963,0.7012987012987013,6,6,reported,paired
signals,BenchmarkExecParallel/process/isa_simd_reduce.i8x16_all_true,wago,ns/op,1875,1784.5,-4.826666666666668,0.0021645021645021645,6,6,reported,paired
signals,BenchmarkExecParallel/process/isa_simd_reduce.i8x16_bitmask,wago,ns/op,1767.5,1757,-0.5940594059405946,0.22077922077922077,6,6,reported,paired
signals,BenchmarkExecParallel/process/isa_simd_reduce.i16x8_all_true,wago,ns/op,1813.5,1796.5,-0.9374138406396448,0.3939393939393939,6,6,reported,paired
signals,BenchmarkExecParallel/process/isa_simd_reduce.i16x8_bitmask,wago,ns/op,1737,1745.5,0.48934945308001243,0.4588744588744589,6,6,reported,paired
signals,BenchmarkExecParallel/process/isa_simd_reduce.i32x4_all_true,wago,ns/op,1787.5,1797.5,0.5594405594405494,0.48484848484848486,6,6,reported,paired
signals,BenchmarkExecParallel/process/isa_simd_reduce.i32x4_bitmask,wago,ns/op,1717.5,1704,-0.7860262008733576,0.3333333333333333,6,6,reported,paired
signals,BenchmarkExecParallel/process/isa_simd_reduce.i64x2_all_true,wago,ns/op,1784.5,1819.5,1.9613337069207093,0.8181818181818182,6,6,reported,paired
signals,BenchmarkExecParallel/process/isa_simd_reduce.i64x2_bitmask,wago,ns/op,1711,1689.5,-1.256575102279367,0.12121212121212122,6,6,reported,paired
signals,BenchmarkInstantiate/tiny,wago,ns/op,4951,4985.5,0.6968289234497993,0.5887445887445888,6,6,reported,paired
signals,BenchmarkInstantiate/fib_iter,wago,ns/op,5195.5,4945,-4.8214801270330065,0.13203463203463203,6,6,reported,paired
signals,BenchmarkInstantiate/fib_rec,wago,ns/op,5122,5093,-0.566185083951587,1,6,6,reported,paired
signals,BenchmarkInstantiate/arith,wago,ns/op,5123.5,5109.5,-0.27325070752415304,0.9372294372294372,6,6,reported,paired
signals,BenchmarkInstantiate/float,wago,ns/op,5213,5264.5,0.9879148283138406,0.974025974025974,6,6,reported,paired
signals,BenchmarkInstantiate/memory,wago,ns/op,5263,5186,-1.4630438913167398,0.41774891774891776,6,6,reported,paired
signals,BenchmarkInstantiate/memory_tree,wago,ns/op,5690.5,5214,-8.373605131359286,0.17965367965367965,6,6,reported,paired
signals,BenchmarkInstantiate/globals,wago,ns/op,5443.5,5150.5,-5.382566363552865,0.09307359307359307,6,6,reported,paired
signals,BenchmarkInstantiate/dispatch,wago,ns/op,6017.5,5633.5,-6.381387619443291,0.30952380952380953,6,6,reported,paired
signals,BenchmarkInstantiate/branches,wago,ns/op,5366.5,5114.5,-4.695798006149254,0.17965367965367965,6,6,reported,paired
signals,BenchmarkInstantiate/many_funcs,wago,ns/op,5209,5198.5,-0.2015741985025965,0.9372294372294372,6,6,reported,paired
signals,BenchmarkInstantiate/linked_list,wago,ns/op,5264.5,5196.5,-1.2916706239908815,0.9372294372294372,6,6,reported,paired
signals,BenchmarkInstantiate/mandelbrot,wago,ns/op,3653,3605,-1.3139885026006048,0.3939393939393939,6,6,reported,paired
signals,BenchmarkInstantiate/sieve,wago,ns/op,5424.5,5261.5,-3.004885242879529,0.30952380952380953,6,6,reported,paired
signals,BenchmarkInstantiate/nbody,wago,ns/op,5662.5,5591,-1.262693156732897,1,6,6,reported,paired
signals,BenchmarkInstantiate/spectralnorm,wago,ns/op,5433.5,5641.5,3.828103432410046,0.30952380952380953,6,6,reported,paired
signals,BenchmarkInstantiate/fannkuch,wago,ns/op,5405,5669.5,4.893617021276597,0.24025974025974026,6,6,reported,paired
signals,BenchmarkInstantiate/matmul,wago,ns/op,5540,5315,-4.061371841155237,0.13203463203463203,6,6,reported,paired
signals,BenchmarkInstantiate/quicksort,wago,ns/op,5438.5,5422,-0.30339247954399573,0.9372294372294372,6,6,reported,paired
signals,BenchmarkInstantiate/crc32,wago,ns/op,8594.5,8308,-3.333527255803126,0.24025974025974026,6,6,reported,paired
signals,BenchmarkInstantiate/sha256,wago,ns/op,8205,8668.5,5.648994515539307,0.04112554112554113,6,6,reported,paired
signals,BenchmarkInstantiate/raytrace,wago,ns/op,4610,4590,-0.4338394793926281,0.9372294372294372,6,6,reported,paired
signals,BenchmarkInstantiate/json-as,wago,ns/op,19755,19898,0.7238673753480196,0.48484848484848486,6,6,reported,paired
signals,BenchmarkInstantiate/blake-as,wago,ns/op,6394.5,6388,-0.10164985534443227,0.9372294372294372,6,6,reported,paired
signals,BenchmarkInstantiate/utf-as,wago,ns/op,15523.5,15234.5,-1.8616935613746888,0.30952380952380953,6,6,reported,paired
signals,BenchmarkInstantiate/xjb-mulhi,wago,ns/op,2075.5,2021.5,-2.60178270296314,0.19696969696969696,6,6,reported,paired
signals,BenchmarkInstantiate/swar-pack-parse,wago,ns/op,2100.5,2018,-3.9276362770768847,0.24025974025974026,6,6,reported,paired
signals,BenchmarkInstantiate/json-as-simd,wago,ns/op,19584,20097.5,2.6220383986928164,1,6,6,reported,paired
signals,BenchmarkInstantiate/blake-as-simd,wago,ns/op,6314,6626.5,4.949318973709227,0.17965367965367965,6,6,reported,paired
signals,BenchmarkInstantiate/utf-as-simd,wago,ns/op,24054,24655,2.498544940550418,0.48484848484848486,6,6,reported,paired
signals,BenchmarkInstantiate/coremark,wago,ns/op,6333.5,6465.5,2.0841556801136862,0.30952380952380953,6,6,reported,paired
signals,BenchmarkInstantiate/blake3,wago,ns/op,6751.5,6904,2.258757313189652,0.3939393939393939,6,6,reported,paired
signals,BenchmarkInstantiate/qoi,wago,ns/op,6975,6758.5,-3.1039426523297498,0.30952380952380953,6,6,reported,paired
signals,BenchmarkInstantiate/lz4,wago,ns/op,9042.5,8888,-1.7085982858722648,0.6991341991341992,6,6,reported,paired
signals,BenchmarkInstantiate/zlib,wago,ns/op,9344,9408.5,0.6902825342465668,0.8181818181818182,6,6,reported,paired
signals,BenchmarkInstantiate/zstd,wago,ns/op,9939,9728,-2.1229499949693142,0.3939393939393939,6,6,reported,paired
signals,BenchmarkInstantiate/isa_i32,wago,ns/op,3795.5,3730.5,-1.7125543406665833,0.5887445887445888,6,6,reported,paired
signals,BenchmarkInstantiate/isa_i64,wago,ns/op,3739,3881,3.7978069002406967,1,6,6,reported,paired
signals,BenchmarkInstantiate/isa_f32,wago,ns/op,3677.5,3856.5,4.867437117607065,0.6991341991341992,6,6,reported,paired
signals,BenchmarkInstantiate/isa_f64,wago,ns/op,3702,3842.5,3.795245813074022,0.6991341991341992,6,6,reported,paired
signals,BenchmarkInstantiate/isa_mem,wago,ns/op,4410.5,4354.5,-1.2696973132297895,0.5887445887445888,6,6,reported,paired
signals,BenchmarkInstantiate/isa_bulk_mem,wago,ns/op,3956,3911,-1.1375126390293255,0.5887445887445888,6,6,reported,paired
signals,BenchmarkInstantiate/isa_ctl,wago,ns/op,3650.5,3658.5,0.21914806190932445,1,6,6,reported,paired
signals,BenchmarkInstantiate/isa_call,wago,ns/op,4027,3871.5,-3.8614353116463884,0.30952380952380953,6,6,reported,paired
signals,BenchmarkInstantiate/isa_var,wago,ns/op,3865.5,3827,-0.9959901694476803,0.3939393939393939,6,6,reported,paired
signals,BenchmarkInstantiate/isa_cvt,wago,ns/op,3750.5,3675,-2.0130649246767107,0.17965367965367965,6,6,reported,paired
signals,BenchmarkInstantiate/isa_simd_v128,wago,ns/op,3707,3777.5,1.9018073914216282,0.8181818181818182,6,6,reported,paired
signals,BenchmarkInstantiate/isa_simd_i8x16,wago,ns/op,3667,3762,2.590673575129543,0.9372294372294372,6,6,reported,paired
signals,BenchmarkInstantiate/isa_simd_i16x8,wago,ns/op,3636.5,3746.5,3.0248865667537483,0.5887445887445888,6,6,reported,paired
signals,BenchmarkInstantiate/isa_simd_i32x4,wago,ns/op,3655.5,3642,-0.36930652441526934,0.9372294372294372,6,6,reported,paired
signals,BenchmarkInstantiate/isa_simd_i64x2,wago,ns/op,3704.5,3751.5,1.268727223646926,0.8181818181818182,6,6,reported,paired
signals,BenchmarkInstantiate/isa_simd_f32x4,wago,ns/op,3698.5,3658.5,-1.0815195349465956,0.48484848484848486,6,6,reported,paired
signals,BenchmarkInstantiate/isa_simd_f64x2,wago,ns/op,3698,3663.5,-0.9329367225527352,0.5151515151515151,6,6,reported,paired
signals,BenchmarkInstantiate/isa_simd_reduce,wago,ns/op,3642.5,3644.5,0.054907343857246715,0.7337662337662337,6,6,reported,paired
signals,BenchmarkInstantiate_wago,wago,ns/op,2043.5,2028,-0.7585025691215996,0.3722943722943723,6,6,reported,paired
signals,BenchmarkInstantiate_wazero,wazero,ns/op,8865.5,8816,-0.5583441430263347,0.12121212121212122,6,6,reported,paired
signals,BenchmarkJsonAsDeserialize_wago,wago,ns/op,215.05,211.2,-1.7902813299232823,0.05411255411255411,6,6,reported,paired
signals,BenchmarkJsonAsDeserialize_wazero,wazero,ns/op,317.55,320.9,1.0549519760667536,0.8181818181818182,6,6,reported,paired
signals,BenchmarkJsonAsSerialize_wago,wago,ns/op,120,120.85,0.708333333333333,0.9696969696969697,6,6,reported,paired
signals,BenchmarkJsonAsSerialize_wazero,wazero,ns/op,154.2,156.65,1.5888456549935315,0.16666666666666666,6,6,reported,paired
signals,BenchmarkKernels/step,wago,ns/op,282194.5,283376,0.4186828588083724,0.5887445887445888,6,6,reported,paired
signals,BenchmarkKernels/run,wago,ns/op,643490.5,648034,0.7060710297976502,0.13203463203463203,6,6,reported,paired
signals,BenchmarkKernels/run#01,wago,ns/op,11289586,11591095.5,2.6706869499023345,0.04112554112554113,6,6,reported,paired
signals,BenchmarkKernels/run#02,wago,ns/op,146436.5,147001,0.3854913221772005,0.3939393939393939,6,6,reported,paired
signals,BenchmarkKernels/sortN,wago,ns/op,60386.5,61208,1.3604034014224942,0.6991341991341992,6,6,reported,paired
signals,BenchmarkKernels/hashN,wago,ns/op,320813,318662,-0.6704840514567656,0.3939393939393939,6,6,reported,paired
signals,BenchmarkKernels/render,wago,ns/op,385096,383125,-0.5118204291916784,0.8181818181818182,6,6,reported,paired
signals,BenchmarkMemSumBounds/explicit,wago,ns/op,299,292.1,-2.3076923076922995,0.0021645021645021645,6,6,reported,paired
signals,BenchmarkMemSumBounds/guard,wago,ns/op,242,239.75,-0.9297520661157077,0.17965367965367965,6,6,reported,paired
signals,BenchmarkPluginExec/wasm3,wago,ns/op,24323044.5,24324543,0.006160824151768551,0.9372294372294372,6,6,reported,paired
signals,BenchmarkPluginExec/lua,wago,ns/op,1754339,1812764,3.330314152509861,0.6991341991341992,6,6,reported,paired
signals,BenchmarkPluginExec/sqlite3,wago,ns/op,1619572,1597710,-1.3498628032591276,0.6991341991341992,6,6,reported,paired
signals,BenchmarkPluginExec/ruby,wago,ns/op,21637358,21545524,-0.4244233515016016,0.9372294372294372,6,6,reported,paired
signals,BenchmarkPluginExec/esbuild,wago,ns/op,30707296.5,28519323.5,-7.125254416324145,0.17965367965367965,6,6,reported,paired
signals,BenchmarkPluginInstantiate/wasm3,wago,ns/op,106542.5,90568,-14.993547176009569,0.008658008658008658,6,6,reported,paired
signals,BenchmarkPluginInstantiate/lua,wago,ns/op,94184.5,83804.5,-11.020921701553865,0.0021645021645021645,6,6,reported,paired
signals,BenchmarkPluginInstantiate/sqlite3,wago,ns/op,304954,253419,-16.899270053844184,0.025974025974025976,6,6,reported,paired
signals,BenchmarkPluginInstantiate/ruby,wago,ns/op,2427480.5,2143690,-11.690742726872571,0.06493506493506493,6,6,reported,paired
signals,BenchmarkPluginInstantiate/esbuild,wago,ns/op,1551490.5,1519028.5,-2.0923105877863946,0.8181818181818182,6,6,reported,paired
signals,BenchmarkValidate/tiny,wago,ns/op,710.75,749.95,5.515300738656359,0.008658008658008658,6,6,reported,paired
signals,BenchmarkValidate/fib_iter,wago,ns/op,1209.5,1073.5,-11.244315832988839,0.0021645021645021645,6,6,reported,paired
signals,BenchmarkValidate/fib_rec,wago,ns/op,1007,958.7,-4.7964250248262115,0.004329004329004329,6,6,reported,paired
signals,BenchmarkValidate/arith,wago,ns/op,1306.5,1219,-6.697282816685801,0.06493506493506493,6,6,reported,paired
signals,BenchmarkValidate/float,wago,ns/op,1118.5,1057,-5.498435404559676,0.015151515151515152,6,6,reported,paired
signals,BenchmarkValidate/memory,wago,ns/op,1875.5,1689,-9.944014929352175,0.0021645021645021645,6,6,reported,paired
signals,BenchmarkValidate/memory_tree,wago,ns/op,2811.5,2496,-11.221767739640764,0.0021645021645021645,6,6,reported,paired
signals,BenchmarkValidate/globals,wago,ns/op,1461,1422.5,-2.6351813826146486,0.0735930735930736,6,6,reported,paired
signals,BenchmarkValidate/dispatch,wago,ns/op,1573,1467.5,-6.7069294342021575,0.012987012987012988,6,6,reported,paired
signals,BenchmarkValidate/branches,wago,ns/op,1069,1066.5,-0.2338634237605275,1,6,6,reported,paired
signals,BenchmarkValidate/many_funcs,wago,ns/op,32437,29901,-7.818232265622593,0.0021645021645021645,6,6,reported,paired
signals,BenchmarkValidate/linked_list,wago,ns/op,2130.5,1840.5,-13.611828209340526,0.0021645021645021645,6,6,reported,paired
signals,BenchmarkValidate/mandelbrot,wago,ns/op,3135.5,2734,-12.804975283048957,0.0021645021645021645,6,6,reported,paired
signals,BenchmarkValidate/sieve,wago,ns/op,2779,2333.5,-16.030946383591214,0.0021645021645021645,6,6,reported,paired
signals,BenchmarkValidate/nbody,wago,ns/op,18708,15638.5,-16.407419285867007,0.0021645021645021645,6,6,reported,paired
signals,BenchmarkValidate/spectralnorm,wago,ns/op,14420,11799.5,-18.172676837725376,0.0021645021645021645,6,6,reported,paired
signals,BenchmarkValidate/fannkuch,wago,ns/op,23141.5,19266.5,-16.744809109176153,0.0021645021645021645,6,6,reported,paired
signals,BenchmarkValidate/matmul,wago,ns/op,11095,9084,-18.125281658404692,0.0021645021645021645,6,6,reported,paired
signals,BenchmarkValidate/quicksort,wago,ns/op,11585.5,10042,-13.32268784256182,0.0021645021645021645,6,6,reported,paired
signals,BenchmarkValidate/crc32,wago,ns/op,6470.5,5670.5,-12.363804960976744,0.0021645021645021645,6,6,reported,paired
signals,BenchmarkValidate/sha256,wago,ns/op,17259.5,14831.5,-14.067614936701522,0.0021645021645021645,6,6,reported,paired
signals,BenchmarkValidate/raytrace,wago,ns/op,52951,43172,-18.468017601178445,0.0021645021645021645,6,6,reported,paired
signals,BenchmarkValidate/regexmatch,wago,ns/op,9406645.5,7894903,-16.071005333410305,0.0021645021645021645,6,6,reported,paired
signals,BenchmarkValidate/wasm3,wago,ns/op,1861810,1533565.5,-17.630397301550637,0.0021645021645021645,6,6,reported,paired
signals,BenchmarkValidate/json-as,wago,ns/op,212977.5,184747,-13.255156061086259,0.0021645021645021645,6,6,reported,paired
signals,BenchmarkValidate/blake-as,wago,ns/op,65207,52754,-19.09764289110065,0.0021645021645021645,6,6,reported,paired
signals,BenchmarkValidate/utf-as,wago,ns/op,39834.5,36838,-7.522373821687234,0.0021645021645021645,6,6,reported,paired
signals,BenchmarkValidate/xjb-mulhi,wago,ns/op,3452,3031.5,-12.181344148319816,0.0021645021645021645,6,6,reported,paired
signals,BenchmarkValidate/swar-pack-parse,wago,ns/op,3135,2988,-4.688995215311009,0.0021645021645021645,6,6,reported,paired
signals,BenchmarkValidate/json-as-simd,wago,ns/op,246066,218058,-11.38231206261735,0.0021645021645021645,6,6,reported,paired
signals,BenchmarkValidate/blake-as-simd,wago,ns/op,285292,230642,-19.155812290565454,0.0021645021645021645,6,6,reported,paired
signals,BenchmarkValidate/utf-as-simd,wago,ns/op,124770.5,112339,-9.963492973098608,0.0021645021645021645,6,6,reported,paired
signals,BenchmarkValidate/coremark,wago,ns/op,91587.5,73202,-20.074245939675173,0.0021645021645021645,6,6,reported,paired
signals,BenchmarkValidate/blake3,wago,ns/op,172757.5,138029.5,-20.102166331418314,0.06493506493506493,6,6,reported,paired
signals,BenchmarkValidate/qoi,wago,ns/op,33279,28101.5,-15.557859310676402,0.06493506493506493,6,6,reported,paired
signals,BenchmarkValidate/lz4,wago,ns/op,32617.5,27371,-16.084923737257604,0.025974025974025976,6,6,reported,paired
signals,BenchmarkValidate/zlib,wago,ns/op,180493,145238,-19.532613453153303,0.0021645021645021645,6,6,reported,paired
signals,BenchmarkValidate/zstd,wago,ns/op,795423,642773.5,-19.190983916733618,0.0021645021645021645,6,6,reported,paired
signals,BenchmarkValidate/lua,wago,ns/op,3448368,2913419.5,-15.513091990182026,0.0021645021645021645,6,6,reported,paired
signals,BenchmarkValidate/sqlite3,wago,ns/op,13099902.5,11503487,-12.186468563411069,0.0021645021645021645,6,6,reported,paired
signals,BenchmarkValidate/ruby,wago,ns/op,149500961.5,123986970.5,-17.066104956120963,0.0021645021645021645,6,6,reported,paired
signals,BenchmarkValidate/esbuild,wago,ns/op,102692731,89407272,-12.937097758165573,0.0021645021645021645,6,6,reported,paired
signals,BenchmarkValidate/isa_i32,wago,ns/op,82202.5,60577.5,-26.306985797268943,0.0021645021645021645,6,6,reported,paired
signals,BenchmarkValidate/isa_i64,wago,ns/op,82465.5,62022.5,-24.789760566539943,0.0021645021645021645,6,6,reported,paired
signals,BenchmarkValidate/isa_f32,wago,ns/op,55645.5,41061,-26.209666549855783,0.0021645021645021645,6,6,reported,paired
signals,BenchmarkValidate/isa_f64,wago,ns/op,56215,41711,-25.80094280885885,0.0021645021645021645,6,6,reported,paired
signals,BenchmarkValidate/isa_mem,wago,ns/op,33217.5,26975.5,-18.79129976668924,0.0021645021645021645,6,6,reported,paired
signals,BenchmarkValidate/isa_bulk_mem,wago,ns/op,5330.5,4867,-8.695244348560172,0.0021645021645021645,6,6,reported,paired
signals,BenchmarkValidate/isa_ctl,wago,ns/op,28795.5,24217,-15.900053827855043,0.0021645021645021645,6,6,reported,paired
signals,BenchmarkValidate/isa_call,wago,ns/op,6879.5,5359,-22.101896940184606,0.0021645021645021645,6,6,reported,paired
signals,BenchmarkValidate/isa_var,wago,ns/op,9159.5,6641.5,-27.49058354713685,0.0021645021645021645,6,6,reported,paired
signals,BenchmarkValidate/isa_cvt,wago,ns/op,23854,19698.5,-17.420558396914565,0.0021645021645021645,6,6,reported,paired
signals,BenchmarkValidate/isa_simd_v128,wago,ns/op,31253.5,24990.5,-20.03935559217368,0.0021645021645021645,6,6,reported,paired
signals,BenchmarkValidate/isa_simd_i8x16,wago,ns/op,143503,111253.5,-22.473049343916152,0.0021645021645021645,6,6,reported,paired
signals,BenchmarkValidate/isa_simd_i16x8,wago,ns/op,187887,146954.5,-21.78570097984427,0.0021645021645021645,6,6,reported,paired
signals,BenchmarkValidate/isa_simd_i32x4,wago,ns/op,167444.5,132895.5,-20.633105297576215,0.0021645021645021645,6,6,reported,paired
signals,BenchmarkValidate/isa_simd_i64x2,wago,ns/op,101347,79490.5,-21.56600590051999,0.0021645021645021645,6,6,reported,paired
signals,BenchmarkValidate/isa_simd_f32x4,wago,ns/op,108802.5,85026,-21.85289860067554,0.0021645021645021645,6,6,reported,paired
signals,BenchmarkValidate/isa_simd_f64x2,wago,ns/op,108532,85172,-21.52360594110493,0.0021645021645021645,6,6,reported,paired
signals,BenchmarkValidate/isa_simd_reduce,wago,ns/op,29961.5,26616.5,-11.164327553693909,0.0021645021645021645,6,6,reported,paired
signals,BenchmarkValidateWorkers/tiny/p1,wago,ns/op,724.55,733.25,1.2007452901801274,0.13203463203463203,6,6,reported,paired
signals,BenchmarkValidateWorkers/tiny/p2,wago,ns/op,3696,3744,1.298701298701288,1,6,6,reported,paired
signals,BenchmarkValidateWorkers/tiny/p4,wago,ns/op,3698.5,3867.5,4.569420035149374,0.17965367965367965,6,6,reported,paired
signals,BenchmarkValidateWorkers/tiny/p8,wago,ns/op,3709,3816,2.884874629280132,0.30952380952380953,6,6,reported,paired
signals,BenchmarkValidateWorkers/many_funcs/p1,wago,ns/op,32730,29778,-9.019248395967006,0.0021645021645021645,6,6,reported,paired
signals,BenchmarkValidateWorkers/many_funcs/p2,wago,ns/op,31729,30772,-3.0161681742254753,0.025974025974025976,6,6,reported,paired
signals,BenchmarkValidateWorkers/many_funcs/p4,wago,ns/op,29266,29353.5,0.298981753570704,0.9372294372294372,6,6,reported,paired
signals,BenchmarkValidateWorkers/many_funcs/p8,wago,ns/op,30430.5,30242,-0.6194443075204115,0.24025974025974026,6,6,reported,paired
signals,BenchmarkValidateWorkers/json-as/p1,wago,ns/op,219536.5,192332.5,-12.391561312128053,0.0021645021645021645,6,6,reported,paired
signals,BenchmarkValidateWorkers/json-as/p2,wago,ns/op,135828,123181,-9.311040433489415,0.0021645021645021645,6,6,reported,paired
signals,BenchmarkValidateWorkers/json-as/p4,wago,ns/op,96941.5,86066.5,-11.218105764816922,0.0021645021645021645,6,6,reported,paired
signals,BenchmarkValidateWorkers/json-as/p8,wago,ns/op,88567,81509,-7.969108132825998,0.0021645021645021645,6,6,reported,paired
signals,BenchmarkValidateWorkers/lua/p1,wago,ns/op,3557267.5,2966445.5,-16.60887183772376,0.0021645021645021645,6,6,reported,paired
signals,BenchmarkValidateWorkers/lua/p2,wago,ns/op,1808337,1554409.5,-14.042045260369063,0.0021645021645021645,6,6,reported,paired
signals,BenchmarkValidateWorkers/lua/p4,wago,ns/op,1076503.5,898084,-16.57398234190599,0.0021645021645021645,6,6,reported,paired
signals,BenchmarkValidateWorkers/lua/p8,wago,ns/op,823653.5,697941,-15.262789510394848,0.0021645021645021645,6,6,reported,paired
signals,BenchmarkValidateWorkers/sqlite3/p1,wago,ns/op,13475962.5,11489014.5,-14.74438653268737,0.0021645021645021645,6,6,reported,paired
signals,BenchmarkValidateWorkers/sqlite3/p2,wago,ns/op,6825939.5,5876045,-13.915952521993491,0.0021645021645021645,6,6,reported,paired
signals,BenchmarkValidateWorkers/sqlite3/p4,wago,ns/op,3681719.5,3114118,-15.416750244009625,0.0021645021645021645,6,6,reported,paired
signals,BenchmarkValidateWorkers/sqlite3/p8,wago,ns/op,2239671.5,1993268.5,-11.00174735446694,0.0021645021645021645,6,6,reported,paired
signals,BenchmarkValidateWorkers/ruby/p1,wago,ns/op,150676859.5,124797377.5,-17.17548539694643,0.0021645021645021645,6,6,reported,paired
signals,BenchmarkValidateWorkers/ruby/p2,wago,ns/op,77044400,63945947,-17.001174647346208,0.0021645021645021645,6,6,reported,paired
signals,BenchmarkValidateWorkers/ruby/p4,wago,ns/op,42031712,34803779,-17.196380199788198,0.0021645021645021645,6,6,reported,paired
signals,BenchmarkValidateWorkers/ruby/p8,wago,ns/op,25352082.5,21167001.5,-16.507839148914094,0.004329004329004329,6,6,reported,paired
signals,BenchmarkValidateWorkers/esbuild/p1,wago,ns/op,105312241.5,89983315.5,-14.555692464299131,0.0021645021645021645,6,6,reported,paired
signals,BenchmarkValidateWorkers/esbuild/p2,wago,ns/op,55344531.5,47484054.5,-14.20280701084261,0.0021645021645021645,6,6,reported,paired
signals,BenchmarkValidateWorkers/esbuild/p4,wago,ns/op,30649318.5,27784031,-9.348617327331443,0.0021645021645021645,6,6,reported,paired
signals,BenchmarkValidateWorkers/esbuild/p8,wago,ns/op,21299466.5,19443278.5,-8.714715929621997,0.0021645021645021645,6,6,reported,paired
signals,BenchmarkWazeroCompile/tiny,wazero,ns/op,68454,63082.5,-7.846875273906562,0.24025974025974026,6,6,reported,paired
signals,BenchmarkWazeroCompile/fib_iter,wazero,ns/op,69563.5,63874,-8.178858165560964,0.30952380952380953,6,6,reported,paired
signals,BenchmarkWazeroCompile/fib_rec,wazero,ns/op,67131,60978,-9.165661169951289,0.30952380952380953,6,6,reported,paired
signals,BenchmarkWazeroCompile/arith,wazero,ns/op,67642.5,65589,-3.0358132830690776,0.9372294372294372,6,6,reported,paired
signals,BenchmarkWazeroCompile/float,wazero,ns/op,64631,63166,-2.266714115517321,0.9372294372294372,6,6,reported,paired
signals,BenchmarkWazeroCompile/memory,wazero,ns/op,92975,94909.5,2.0806668459263156,0.8181818181818182,6,6,reported,paired
signals,BenchmarkWazeroCompile/memory_tree,wazero,ns/op,108499,104750,-3.455331385542726,0.17965367965367965,6,6,reported,paired
signals,BenchmarkWazeroCompile/globals,wazero,ns/op,80278,75780.5,-5.6024066369366405,0.17965367965367965,6,6,reported,paired
signals,BenchmarkWazeroCompile/dispatch,wazero,ns/op,86254,82648.5,-4.180095995548028,0.13203463203463203,6,6,reported,paired
signals,BenchmarkWazeroCompile/branches,wazero,ns/op,64775.5,59119.5,-8.73169639755772,0.06493506493506493,6,6,reported,paired
signals,BenchmarkWazeroCompile/many_funcs,wazero,ns/op,1171221,1138482,-2.7952879943238695,0.24025974025974026,6,6,reported,paired
signals,BenchmarkWazeroCompile/linked_list,wazero,ns/op,94016,88777.5,-5.571923927842071,0.30952380952380953,6,6,reported,paired
signals,BenchmarkWazeroCompile/mandelbrot,wazero,ns/op,101780,96255.5,-5.427883670662215,0.3939393939393939,6,6,reported,paired
signals,BenchmarkWazeroCompile/sieve,wazero,ns/op,101358.5,103375.5,1.9899663077097562,0.3939393939393939,6,6,reported,paired
signals,BenchmarkWazeroCompile/nbody,wazero,ns/op,442659.5,426163,-3.726679309943648,0.17965367965367965,6,6,reported,paired
signals,BenchmarkWazeroCompile/spectralnorm,wazero,ns/op,461312,430893.5,-6.59391041204217,0.30952380952380953,6,6,reported,paired
signals,BenchmarkWazeroCompile/fannkuch,wazero,ns/op,752158,714702.5,-4.979738299665759,0.06493506493506493,6,6,reported,paired
signals,BenchmarkWazeroCompile/matmul,wazero,ns/op,387163,377128,-2.591931563708305,0.3939393939393939,6,6,reported,paired
signals,BenchmarkWazeroCompile/quicksort,wazero,ns/op,373202,356618,-4.443706089463618,0.30952380952380953,6,6,reported,paired
signals,BenchmarkWazeroCompile/crc32,wazero,ns/op,234921,224507.5,-4.432766759889494,0.3939393939393939,6,6,reported,paired
signals,BenchmarkWazeroCompile/sha256,wazero,ns/op,479356.5,452752,-5.550044695336354,0.24025974025974026,6,6,reported,paired
signals,BenchmarkWazeroCompile/raytrace,wazero,ns/op,1359280.5,1318773,-2.9800692351578673,0.6991341991341992,6,6,reported,paired
signals,BenchmarkWazeroCompile/regexmatch,wazero,ns/op,320560664,307678314.5,-4.018693166919574,0.6991341991341992,6,6,reported,paired
signals,BenchmarkWazeroCompile/wasm3,wazero,ns/op,51171139,49110618,-4.026724908351175,0.24025974025974026,6,6,reported,paired
signals,BenchmarkWazeroCompile/json-as,wazero,ns/op,6586471.5,6462257.5,-1.8858959611379178,0.3939393939393939,6,6,reported,paired
signals,BenchmarkWazeroCompile/blake-as,wazero,ns/op,1006489.5,915207,-9.069394166556133,0.0021645021645021645,6,6,reported,paired
signals,BenchmarkWazeroCompile/utf-as,wazero,ns/op,828273,791031.5,-4.496283230287601,0.04112554112554113,6,6,reported,paired
signals,BenchmarkWazeroCompile/xjb-mulhi,wazero,ns/op,99346,96146.5,-3.2205624786101117,0.48484848484848486,6,6,reported,paired
signals,BenchmarkWazeroCompile/swar-pack-parse,wazero,ns/op,108232.5,96209.5,-11.108493289908294,0.04112554112554113,6,6,reported,paired
signals,BenchmarkWazeroCompile/json-as-simd,wazero,ns/op,7449307.5,7272290.5,-2.376287997240012,0.24025974025974026,6,6,reported,paired
signals,BenchmarkWazeroCompile/blake-as-simd,wazero,ns/op,2865025.5,2769586,-3.331191991135851,0.5887445887445888,6,6,reported,paired
signals,BenchmarkWazeroCompile/utf-as-simd,wazero,ns/op,2365719,2368538,0.1191603905620342,0.8181818181818182,6,6,reported,paired
signals,BenchmarkWazeroCompile/coremark,wazero,ns/op,3166449.5,3179906.5,0.42498703990068165,0.6991341991341992,6,6,reported,paired
signals,BenchmarkWazeroCompile/blake3,wazero,ns/op,2780597,2711155,-2.497377361767994,0.8181818181818182,6,6,reported,paired
signals,BenchmarkWazeroCompile/qoi,wazero,ns/op,1019877,996350,-2.306846806036411,0.8181818181818182,6,6,reported,paired
signals,BenchmarkWazeroCompile/lz4,wazero,ns/op,1172626.5,1105425,-5.730852918640339,0.17965367965367965,6,6,reported,paired
signals,BenchmarkWazeroCompile/zlib,wazero,ns/op,8173821.5,7414111,-9.294434677830932,0.09307359307359307,6,6,reported,paired
signals,BenchmarkWazeroCompile/zstd,wazero,ns/op,35322889,33926926.5,-3.952005454593477,0.30952380952380953,6,6,reported,paired
signals,BenchmarkWazeroCompile/lua,wazero,ns/op,93037901,96586025.5,3.813633435259889,0.5887445887445888,6,6,reported,paired
signals,BenchmarkWazeroCompile/sqlite3,wazero,ns/op,389594049.5,367146893.5,-5.7616783492479895,0.30952380952380953,6,6,reported,paired
signals,BenchmarkWazeroCompile/ruby,wazero,ns/op,6740708384,6474578318,-3.94810234828874,0.6991341991341992,6,6,reported,paired
signals,BenchmarkWazeroCompile/esbuild,wazero,ns/op,3935124294,4254275757.5,8.11032739135127,0.48484848484848486,6,6,reported,paired
signals,BenchmarkWazeroCompile/isa_i32,wazero,ns/op,725438,723624.5,-0.24998690446323968,0.8181818181818182,6,6,reported,paired
signals,BenchmarkWazeroCompile/isa_i64,wazero,ns/op,695110,712915,2.5614650918559745,0.3939393939393939,6,6,reported,paired
signals,BenchmarkWazeroCompile/isa_f32,wazero,ns/op,443044,465673,5.107619107808703,0.13203463203463203,6,6,reported,paired
signals,BenchmarkWazeroCompile/isa_f64,wazero,ns/op,442225,468807.5,6.011080332409979,0.06493506493506493,6,6,reported,paired
signals,BenchmarkWazeroCompile/isa_mem,wazero,ns/op,481640,502648.5,4.361867785067686,0.30952380952380953,6,6,reported,paired
signals,BenchmarkWazeroCompile/isa_bulk_mem,wazero,ns/op,275128,272586.5,-0.9237518536826528,0.9372294372294372,6,6,reported,paired
signals,BenchmarkWazeroCompile/isa_ctl,wazero,ns/op,498025,528356,6.090256513227255,0.13203463203463203,6,6,reported,paired
signals,BenchmarkWazeroCompile/isa_call,wazero,ns/op,224338,214926.5,-4.195232194278276,0.6991341991341992,6,6,reported,paired
signals,BenchmarkWazeroCompile/isa_var,wazero,ns/op,103731,106003,2.1902806297056765,0.30952380952380953,6,6,reported,paired
signals,BenchmarkWazeroCompile/isa_cvt,wazero,ns/op,285392.5,293363,2.7928204139912483,0.24025974025974026,6,6,reported,paired
signals,BenchmarkWazeroCompile/isa_simd_v128,wazero,ns/op,215834.5,224573.5,4.048935642818918,0.5887445887445888,6,6,reported,paired
signals,BenchmarkWazeroCompile/isa_simd_i8x16,wazero,ns/op,865908,906394,4.675554446892738,0.3939393939393939,6,6,reported,paired
signals,BenchmarkWazeroCompile/isa_simd_i16x8,wazero,ns/op,1087684.5,1107947.5,1.8629483089995347,0.5887445887445888,6,6,reported,paired
signals,BenchmarkWazeroCompile/isa_simd_i32x4,wazero,ns/op,1133093,1164719.5,2.791165420667152,0.48484848484848486,6,6,reported,paired
signals,BenchmarkWazeroCompile/isa_simd_i64x2,wazero,ns/op,838345,839556,0.14445127006184055,0.6991341991341992,6,6,reported,paired
signals,BenchmarkWazeroCompile/isa_simd_f32x4,wazero,ns/op,690829,664680.5,-3.7850900874167093,0.3939393939393939,6,6,reported,paired
signals,BenchmarkWazeroCompile/isa_simd_f64x2,wazero,ns/op,679084.5,673764,-0.7834812898836585,0.9372294372294372,6,6,reported,paired
signals,BenchmarkWazeroCompile/isa_simd_reduce,wazero,ns/op,270844.5,275671.5,1.7822034414580967,0.8181818181818182,6,6,reported,paired
signals,BenchmarkWazeroExec/tiny.add,wazero,ns/op,25.67,26.165,1.9283209972730697,0.48484848484848486,6,6,reported,paired
signals,BenchmarkWazeroExec/fib_iter.fib,wazero,ns/op,33.084999999999994,33.25,0.4987154299531671,0.48484848484848486,6,6,reported,paired
signals,BenchmarkWazeroExec/fib_rec.fib,wazero,ns/op,2135785.5,2131030,-0.2226581274196282,0.5887445887445888,6,6,reported,paired
signals,BenchmarkWazeroExec/arith.run,wazero,ns/op,1424.5,1448,1.6497016497016403,0.09307359307359307,6,6,reported,paired
signals,BenchmarkWazeroExec/float.run,wazero,ns/op,3887.5,3882,-0.1414790996784543,0.6991341991341992,6,6,reported,paired
signals,BenchmarkWazeroExec/memory.sum,wazero,ns/op,367,370.35,0.9128065395095364,0.5887445887445888,6,6,reported,paired
signals,BenchmarkWazeroExec/memory_tree.run,wazero,ns/op,21585.5,21416,-0.7852493572073849,0.6991341991341992,6,6,reported,paired
signals,BenchmarkWazeroExec/globals.accumulate,wazero,ns/op,948.55,933.55,-1.581361024721939,0.3939393939393939,6,6,reported,paired
signals,BenchmarkWazeroExec/dispatch.apply,wazero,ns/op,28.310000000000002,27.92,-1.3776050865418554,0.2878787878787879,6,6,reported,paired
signals,BenchmarkWazeroExec/branches.classify,wazero,ns/op,25.09,24.634999999999998,-1.81347150259068,0.13203463203463203,6,6,reported,paired
signals,BenchmarkWazeroExec/many_funcs.run,wazero,ns/op,28.305,27.885,-1.483836777954417,0.9372294372294372,6,6,reported,paired
signals,BenchmarkWazeroExec/linked_list.sum,wazero,ns/op,10990,10854.5,-1.232939035486802,0.09307359307359307,6,6,reported,paired
signals,BenchmarkWazeroExec/mandelbrot.render,wazero,ns/op,262099.5,260258.5,-0.7024050026802842,0.17965367965367965,6,6,reported,paired
signals,BenchmarkWazeroExec/sieve.count,wazero,ns/op,125939,127141,0.954430319440358,0.5887445887445888,6,6,reported,paired
signals,BenchmarkWazeroExec/nbody.step,wazero,ns/op,362455.5,354724,-2.1330894413245205,0.015151515151515152,6,6,reported,paired
signals,BenchmarkWazeroExec/spectralnorm.run,wazero,ns/op,988872,967031,-2.2086781706833647,0.13203463203463203,6,6,reported,paired
signals,BenchmarkWazeroExec/fannkuch.run,wazero,ns/op,1446955.5,1449230.5,0.15722667352244812,0.6991341991341992,6,6,reported,paired
signals,BenchmarkWazeroExec/matmul.run,wazero,ns/op,315277.5,318663,1.073815924066901,0.5887445887445888,6,6,reported,paired
signals,BenchmarkWazeroExec/quicksort.sortN,wazero,ns/op,198848.5,202722.5,1.9482168585631676,0.3939393939393939,6,6,reported,paired
signals,BenchmarkWazeroExec/crc32.hashN,wazero,ns/op,22237.5,22261.5,0.10792580101179894,0.8181818181818182,6,6,reported,paired
signals,BenchmarkWazeroExec/sha256.hashN,wazero,ns/op,54139.5,54250,0.2041023651862428,0.9372294372294372,6,6,reported,paired
signals,BenchmarkWazeroExec/raytrace.render,wazero,ns/op,366799.5,365047,-0.4777814582626161,0.5887445887445888,6,6,reported,paired
signals,BenchmarkWazeroExec/json-as.serializeN,wazero,ns/op,31759,32168.5,1.2893982808023008,0.48484848484848486,6,6,reported,paired
signals,BenchmarkWazeroExec/json-as.deserializeN,wazero,ns/op,63793,62899.5,-1.4006238929036074,0.09307359307359307,6,6,reported,paired
signals,BenchmarkWazeroExec/blake-as.hashN,wazero,ns/op,464519.5,462525.5,-0.42926077376730376,0.17965367965367965,6,6,reported,paired
signals,BenchmarkWazeroExec/utf-as.convertN,wazero,ns/op,210295.5,208311,-0.9436721185189456,0.5887445887445888,6,6,reported,paired
signals,BenchmarkWazeroExec/xjb-mulhi.mulhi,wazero,ns/op,26.810000000000002,26.9,0.33569563595672314,0.7380952380952381,6,6,reported,paired
signals,BenchmarkWazeroExec/xjb-mulhi.runN,wazero,ns/op,2329.5,2345,0.6653788366602242,0.25757575757575757,6,6,reported,paired
signals,BenchmarkWazeroExec/swar-pack-parse.pack,wazero,ns/op,25.125,25.305,0.7164179104477642,0.8181818181818182,6,6,reported,paired
signals,BenchmarkWazeroExec/swar-pack-parse.parse4,wazero,ns/op,25.4,24.91,-1.9291338582677064,0.3939393939393939,6,6,reported,paired
signals,BenchmarkWazeroExec/swar-pack-parse.runN,wazero,ns/op,1777,1787.5,0.5908835115362887,0.9090909090909091,6,6,reported,paired
signals,BenchmarkWazeroExec/json-as-simd.serializeN,wazero,ns/op,40416.5,40150.5,-0.6581470439053327,0.6991341991341992,6,6,reported,paired
signals,BenchmarkWazeroExec/json-as-simd.deserializeN,wazero,ns/op,79904,80294.5,0.48871145374449476,0.17965367965367965,6,6,reported,paired
signals,BenchmarkWazeroExec/blake-as-simd.hashN,wazero,ns/op,527011,523790,-0.6111826887863825,0.48484848484848486,6,6,reported,paired
signals,BenchmarkWazeroExec/utf-as-simd.convertN,wazero,ns/op,70621,69635.5,-1.3954772659690473,0.30952380952380953,6,6,reported,paired
signals,BenchmarkWazeroExec/utf-as-simd.validateN,wazero,ns/op,191427,189817,-0.8410516802749846,0.6991341991341992,6,6,reported,paired
signals,BenchmarkWazeroExec/coremark.coremark_run,wazero,ns/op,53976671,53529332,-0.8287635967768381,0.9372294372294372,6,6,reported,paired
signals,BenchmarkWazeroExec/blake3.blake3_hash,wazero,ns/op,302761,301916.5,-0.2789328876572572,0.8181818181818182,6,6,reported,paired
signals,BenchmarkWazeroExec/blake3.blake3_keyed_hash,wazero,ns/op,298743,303965.5,1.748158115838705,0.13203463203463203,6,6,reported,paired
signals,BenchmarkWazeroExec/blake3.blake3_derive_key,wazero,ns/op,318632,316585,-0.642433904943629,0.6991341991341992,6,6,reported,paired
signals,BenchmarkWazeroExec/qoi.qoi_encode_run,wazero,ns/op,13133,13295,1.2335338460367051,0.09307359307359307,6,6,reported,paired
signals,BenchmarkWazeroExec/qoi.qoi_decode_run,wazero,ns/op,13979.5,13936,-0.3111699273936841,0.9372294372294372,6,6,reported,paired
signals,BenchmarkWazeroExec/lz4.lz4_compress_run,wazero,ns/op,54150,54085,-0.12003693444136987,0.5887445887445888,6,6,reported,paired
signals,BenchmarkWazeroExec/lz4.lz4_decompress_run,wazero,ns/op,5572.5,5639.5,1.2023328847016623,0.3939393939393939,6,6,reported,paired
signals,BenchmarkWazeroExec/zlib.zlib_inflate_run,wazero,ns/op,17697,17701.5,0.025428038650621154,0.8181818181818182,6,6,reported,paired
signals,BenchmarkWazeroExec/zstd.zstd_decompress_run,wazero,ns/op,8490,8673,2.155477031802122,0.5887445887445888,6,6,reported,paired
signals,BenchmarkWazeroExec/isa_i32.add,wazero,ns/op,14046.5,14156,0.7795536254582958,0.0367965367965368,6,6,reported,paired
signals,BenchmarkWazeroExec/isa_i32.sub,wazero,ns/op,13980.5,14084.5,0.7438932799256115,0.30952380952380953,6,6,reported,paired
signals,BenchmarkWazeroExec/isa_i32.mul,wazero,ns/op,41957.5,42149.5,0.4576059107430197,0.3939393939393939,6,6,reported,paired
signals,BenchmarkWazeroExec/isa_i32.and,wazero,ns/op,14005.5,14115.5,0.7854057334618636,0.015151515151515152,6,6,reported,paired
signals,BenchmarkWazeroExec/isa_i32.or,wazero,ns/op,13980.5,14009.5,0.20743177997926132,0.6991341991341992,6,6,reported,paired
signals,BenchmarkWazeroExec/isa_i32.xor,wazero,ns/op,13983.5,14131,1.0548146029248695,0.09307359307359307,6,6,reported,paired
signals,BenchmarkWazeroExec/isa_i32.shl,wazero,ns/op,28398,28950.5,1.9455595464469289,0.015151515151515152,6,6,reported,paired
signals,BenchmarkWazeroExec/isa_i32.shr_s,wazero,ns/op,28739.5,28612.5,-0.44190052018998616,0.6991341991341992,6,6,reported,paired
signals,BenchmarkWazeroExec/isa_i32.shr_u,wazero,ns/op,28717.5,28675.5,-0.1462522851919612,0.8181818181818182,6,6,reported,paired
signals,BenchmarkWazeroExec/isa_i32.rotl,wazero,ns/op,28670,28712.5,0.14823857690966502,0.6991341991341992,6,6,reported,paired
signals,BenchmarkWazeroExec/isa_i32.rotr,wazero,ns/op,28842,28962,0.41605991262740893,0.6991341991341992,6,6,reported,paired
signals,BenchmarkWazeroExec/isa_i32.div_s,wazero,ns/op,174648,175628,0.5611286702395635,0.06493506493506493,6,6,reported,paired
signals,BenchmarkWazeroExec/isa_i32.div_u,wazero,ns/op,164013.5,164246,0.14175662369255715,0.30952380952380953,6,6,reported,paired
signals,BenchmarkWazeroExec/isa_i32.rem_s,wazero,ns/op,180643,180889.5,0.13645698975326415,0.8181818181818182,6,6,reported,paired
signals,BenchmarkWazeroExec/isa_i32.rem_u,wazero,ns/op,167246,169434,1.3082525142604329,0.13203463203463203,6,6,reported,paired
signals,BenchmarkWazeroExec/isa_i32.clz,wazero,ns/op,14228,14338,0.773123418611199,0.17965367965367965,6,6,reported,paired
signals,BenchmarkWazeroExec/isa_i32.ctz,wazero,ns/op,14232,14342.5,0.7764193367060246,0.17965367965367965,6,6,reported,paired
signals,BenchmarkWazeroExec/isa_i32.popcnt,wazero,ns/op,14278.5,14189,-0.6268165423538918,0.3939393939393939,6,6,reported,paired
signals,BenchmarkWazeroExec/isa_i64.add,wazero,ns/op,14050,14020.5,-0.209964412811392,1,6,6,reported,paired
signals,BenchmarkWazeroExec/isa_i64.sub,wazero,ns/op,14085,14110.5,0.18104366347178047,1,6,6,reported,paired
signals,BenchmarkWazeroExec/isa_i64.mul,wazero,ns/op,42079,41820,-0.6155089236911548,0.5887445887445888,6,6,reported,paired
signals,BenchmarkWazeroExec/isa_i64.and,wazero,ns/op,14010,13965.5,-0.3176302640970685,0.30952380952380953,6,6,reported,paired
signals,BenchmarkWazeroExec/isa_i64.or,wazero,ns/op,14017.5,14063.5,0.3281612270376266,0.24025974025974026,6,6,reported,paired
signals,BenchmarkWazeroExec/isa_i64.xor,wazero,ns/op,13958.5,13961,0.017910233907647566,0.8463203463203464,6,6,reported,paired
signals,BenchmarkWazeroExec/isa_i64.shl,wazero,ns/op,14398,14439.5,0.28823447701069593,0.3939393939393939,6,6,reported,paired
signals,BenchmarkWazeroExec/isa_i64.shr_s,wazero,ns/op,14372.5,14496.5,0.8627587406505377,0.09307359307359307,6,6,reported,paired
signals,BenchmarkWazeroExec/isa_i64.shr_u,wazero,ns/op,14406,14598,1.3327780091628494,0.17965367965367965,6,6,reported,paired
signals,BenchmarkWazeroExec/isa_i64.rotl,wazero,ns/op,14363.5,14379.5,0.11139346259616545,0.512987012987013,6,6,reported,paired
signals,BenchmarkWazeroExec/isa_i64.rotr,wazero,ns/op,14345,14463.5,0.8260718020216107,0.30952380952380953,6,6,reported,paired
signals,BenchmarkWazeroExec/isa_i64.div_s,wazero,ns/op,174882.5,175418.5,0.3064915014366898,0.5887445887445888,6,6,reported,paired
signals,BenchmarkWazeroExec/isa_i64.div_u,wazero,ns/op,163018.5,162393,-0.38369878265350765,0.8181818181818182,6,6,reported,paired
signals,BenchmarkWazeroExec/isa_i64.rem_s,wazero,ns/op,171986,171944.5,-0.02412987103601605,1,6,6,reported,paired
signals,BenchmarkWazeroExec/isa_i64.rem_u,wazero,ns/op,169221.5,169935.5,0.421932201286479,0.8181818181818182,6,6,reported,paired
signals,BenchmarkWazeroExec/isa_i64.clz,wazero,ns/op,14180.5,14221.5,0.28912943831318483,0.8181818181818182,6,6,reported,paired
signals,BenchmarkWazeroExec/isa_i64.ctz,wazero,ns/op,14224,14281.5,0.40424634420697103,0.6991341991341992,6,6,reported,paired
signals,BenchmarkWazeroExec/isa_i64.popcnt,wazero,ns/op,14329.5,14175.5,-1.0747060260302144,0.04112554112554113,6,6,reported,paired
signals,BenchmarkWazeroExec/isa_f32.add,wazero,ns/op,41885.5,41917,0.07520502321805012,0.3939393939393939,6,6,reported,paired
signals,BenchmarkWazeroExec/isa_f32.sub,wazero,ns/op,41833.5,41762.5,-0.16972043936079872,0.8181818181818182,6,6,reported,paired
signals,BenchmarkWazeroExec/isa_f32.mul,wazero,ns/op,42197.5,41905.5,-0.6919841222821299,0.09307359307359307,6,6,reported,paired
signals,BenchmarkWazeroExec/isa_f32.div,wazero,ns/op,154025.5,153456.5,-0.36941934939344057,0.6991341991341992,6,6,reported,paired
signals,BenchmarkWazeroExec/isa_f32.min,wazero,ns/op,20601.5,20840.5,1.1601097007499561,0.3939393939393939,6,6,reported,paired
signals,BenchmarkWazeroExec/isa_f32.max,wazero,ns/op,20734.5,21037.5,1.4613325616725792,0.06493506493506493,6,6,reported,paired
signals,BenchmarkWazeroExec/isa_f32.sqrt,wazero,ns/op,134593,134919,0.242211704917783,0.6991341991341992,6,6,reported,paired
signals,BenchmarkWazeroExec/isa_f32.abs,wazero,ns/op,42064.5,42120,0.13194023463967142,0.8181818181818182,6,6,reported,paired
signals,BenchmarkWazeroExec/isa_f32.neg,wazero,ns/op,41954,42164.5,0.5017400009534212,0.5887445887445888,6,6,reported,paired
signals,BenchmarkWazeroExec/isa_f32.ceil,wazero,ns/op,44162,43744,-0.9465151034826369,0.09307359307359307,6,6,reported,paired
signals,BenchmarkWazeroExec/isa_f32.floor,wazero,ns/op,44214.5,43673.5,-1.2235804996098554,0.04112554112554113,6,6,reported,paired
signals,BenchmarkWazeroExec/isa_f32.trunc,wazero,ns/op,44082,43744.5,-0.7656186198448323,0.6991341991341992,6,6,reported,paired
signals,BenchmarkWazeroExec/isa_f32.nearest,wazero,ns/op,44148,44051,-0.2197155024010189,1,6,6,reported,paired
signals,BenchmarkWazeroExec/isa_f64.add,wazero,ns/op,41851.5,41930,0.18756794858010295,1,6,6,reported,paired
signals,BenchmarkWazeroExec/isa_f64.sub,wazero,ns/op,41975.5,41817.5,-0.3764100487189004,0.8181818181818182,6,6,reported,paired
signals,BenchmarkWazeroExec/isa_f64.mul,wazero,ns/op,41931.5,41877,-0.12997388598070536,0.48484848484848486,6,6,reported,paired
signals,BenchmarkWazeroExec/isa_f64.div,wazero,ns/op,182895,180947,-1.0650919926733948,0.04112554112554113,6,6,reported,paired
signals,BenchmarkWazeroExec/isa_f64.min,wazero,ns/op,21094.5,20487,-2.8798976036407575,0.008658008658008658,6,6,reported,paired
signals,BenchmarkWazeroExec/isa_f64.max,wazero,ns/op,21217.5,21003.5,-1.0086013903617297,0.30952380952380953,6,6,reported,paired
signals,BenchmarkWazeroExec/isa_f64.sqrt,wazero,ns/op,179656,178407,-0.6952175268290506,0.3939393939393939,6,6,reported,paired
signals,BenchmarkWazeroExec/isa_f64.abs,wazero,ns/op,42421.5,42275.5,-0.34416510495857144,0.24025974025974026,6,6,reported,paired
signals,BenchmarkWazeroExec/isa_f64.neg,wazero,ns/op,42148.5,42254.5,0.25149174940981567,0.9372294372294372,6,6,reported,paired
signals,BenchmarkWazeroExec/isa_f64.ceil,wazero,ns/op,42569,42560,-0.021142145692876202,0.5887445887445888,6,6,reported,paired
signals,BenchmarkWazeroExec/isa_f64.floor,wazero,ns/op,42802,42795,-0.016354375963745227,0.6991341991341992,6,6,reported,paired
signals,BenchmarkWazeroExec/isa_f64.trunc,wazero,ns/op,42908.5,42751,-0.36706013959938444,0.8181818181818182,6,6,reported,paired
signals,BenchmarkWazeroExec/isa_f64.nearest,wazero,ns/op,43019.5,42970,-0.11506409883890178,0.9372294372294372,6,6,reported,paired
signals,BenchmarkWazeroExec/isa_mem.load_i32,wazero,ns/op,10200.5,9960,-2.35772756237439,0.06493506493506493,6,6,reported,paired
signals,BenchmarkWazeroExec/isa_mem.load_i64,wazero,ns/op,9941.5,9913.5,-0.28164763868631093,0.8181818181818182,6,6,reported,paired
signals,BenchmarkWazeroExec/isa_mem.load_f64,wazero,ns/op,10723.5,10801,0.7227118011843059,0.30952380952380953,6,6,reported,paired
signals,BenchmarkWazeroExec/isa_mem.load_i32_stride,wazero,ns/op,11971,11916,-0.4594436555007908,0.30952380952380953,6,6,reported,paired
signals,BenchmarkWazeroExec/isa_mem.store_i32,wazero,ns/op,8893,9017.5,1.39997751040144,0.17965367965367965,6,6,reported,paired
signals,BenchmarkWazeroExec/isa_mem.store_i64,wazero,ns/op,8841,8888.5,0.5372695396448357,0.6991341991341992,6,6,reported,paired
signals,BenchmarkWazeroExec/isa_mem.store_i32_stride,wazero,ns/op,10252.5,10189.5,-0.6144842721287458,0.48484848484848486,6,6,reported,paired
signals,BenchmarkWazeroExec/isa_bulk_mem.copy_fwd_64,wazero,ns/op,741.2,744.4,0.4317323259579009,1,6,6,reported,paired
signals,BenchmarkWazeroExec/isa_bulk_mem.copy_back_64,wazero,ns/op,703.8,681.05,-3.232452401250352,0.30952380952380953,6,6,reported,paired
signals,BenchmarkWazeroExec/isa_bulk_mem.fill_64,wazero,ns/op,4461.5,4477.5,0.3586237812394977,0.8181818181818182,6,6,reported,paired
signals,BenchmarkWazeroExec/isa_bulk_mem.copy_fwd_256,wazero,ns/op,1162,1125.5,-3.141135972461273,0.13203463203463203,6,6,reported,paired
signals,BenchmarkWazeroExec/isa_bulk_mem.copy_back_256,wazero,ns/op,1179.5,1183,0.29673590504450953,0.9696969696969697,6,6,reported,paired
signals,BenchmarkWazeroExec/isa_bulk_mem.fill_256,wazero,ns/op,5885,5782.5,-1.7417162276975318,0.17965367965367965,6,6,reported,paired
signals,BenchmarkWazeroExec/isa_bulk_mem.copy_fwd_4096,wazero,ns/op,7586,7515,-0.935934616398626,0.19696969696969696,6,6,reported,paired
signals,BenchmarkWazeroExec/isa_bulk_mem.copy_back_4096,wazero,ns/op,10215.5,10262,0.4551906416719653,0.9653679653679653,6,6,reported,paired
signals,BenchmarkWazeroExec/isa_bulk_mem.fill_4096,wazero,ns/op,13764,13998,1.7000871839581544,0.3939393939393939,6,6,reported,paired
signals,BenchmarkWazeroExec/isa_ctl.loop_baseline,wazero,ns/op,7071.5,7030.5,-0.5797921233118841,0.30952380952380953,6,6,reported,paired
signals,BenchmarkWazeroExec/isa_ctl.br_if,wazero,ns/op,14254,14314.5,0.424442261821234,0.5887445887445888,6,6,reported,paired
signals,BenchmarkWazeroExec/isa_ctl.if_else,wazero,ns/op,10334,10431,0.9386491194116608,0.6991341991341992,6,6,reported,paired
signals,BenchmarkWazeroExec/isa_ctl.br_table,wazero,ns/op,20961.5,21404,2.111013047730359,0.6991341991341992,6,6,reported,paired
signals,BenchmarkWazeroExec/isa_ctl.select,wazero,ns/op,21255,21500.5,1.1550223476828991,0.3939393939393939,6,6,reported,paired
signals,BenchmarkWazeroExec/isa_call.call_direct,wazero,ns/op,46160,45924.5,-0.5101819757365678,1,6,6,reported,paired
signals,BenchmarkWazeroExec/isa_call.call_indirect,wazero,ns/op,75610.5,74529.5,-1.4296956110593118,0.13203463203463203,6,6,reported,paired
signals,BenchmarkWazeroExec/isa_var.local_getset,wazero,ns/op,14133,14182.5,0.3502441095308839,0.9372294372294372,6,6,reported,paired
signals,BenchmarkWazeroExec/isa_var.global_getset,wazero,ns/op,7129.5,7137,0.10519671786239915,0.6991341991341992,6,6,reported,paired
signals,BenchmarkWazeroExec/isa_cvt.i64_extend_s,wazero,ns/op,13980.5,14089,0.7760809699223881,0.30952380952380953,6,6,reported,paired
signals,BenchmarkWazeroExec/isa_cvt.i64_extend_u,wazero,ns/op,7118.5,7145.5,0.37929339046147703,0.5887445887445888,6,6,reported,paired
signals,BenchmarkWazeroExec/isa_cvt.f64_convert_s,wazero,ns/op,91361,91286,-0.08209192106041208,0.8181818181818182,6,6,reported,paired
signals,BenchmarkWazeroExec/isa_cvt.f64_convert_u,wazero,ns/op,91786.5,92050.5,0.287623996993025,0.7380952380952381,6,6,reported,paired
signals,BenchmarkWazeroExec/isa_cvt.f32_convert_s,wazero,ns/op,91122.5,90451,-0.7369200801119358,0.17965367965367965,6,6,reported,paired
signals,BenchmarkWazeroExec/isa_cvt.promote_demote,wazero,ns/op,133601.5,133807,0.15381563829748313,0.5887445887445888,6,6,reported,paired
signals,BenchmarkWazeroExec/isa_cvt.reinterpret_f32,wazero,ns/op,55882.5,55628,-0.4554198541582788,0.5887445887445888,6,6,reported,paired
signals,BenchmarkWazeroExec/isa_cvt.reinterpret_f64,wazero,ns/op,62752.5,63140.5,0.6183020596788991,0.30952380952380953,6,6,reported,paired
signals,BenchmarkWazeroExec/isa_simd_v128.not,wazero,ns/op,908.1500000000001,916.5,0.9194516324395607,0.10173160173160173,6,6,reported,paired
signals,BenchmarkWazeroExec/isa_simd_v128.and,wazero,ns/op,1773,1770,-0.16920473773265332,0.6190476190476191,6,6,reported,paired
signals,BenchmarkWazeroExec/isa_simd_v128.andnot,wazero,ns/op,2253.5,2267.5,0.6212558242733479,0.19047619047619047,6,6,reported,paired
signals,BenchmarkWazeroExec/isa_simd_v128.or,wazero,ns/op,1767,1772.5,0.3112620260328214,0.7316017316017316,6,6,reported,paired
signals,BenchmarkWazeroExec/isa_simd_v128.xor,wazero,ns/op,1765,1770,0.28328611898016387,0.5584415584415584,6,6,reported,paired
signals,BenchmarkWazeroExec/isa_simd_v128.bitselect,wazero,ns/op,3554,3558.5,0.1266178953292174,0.7337662337662337,6,6,reported,paired
signals,BenchmarkWazeroExec/isa_simd_i8x16.abs,wazero,ns/op,1756,1764.5,0.48405466970387057,0.5151515151515151,6,6,reported,paired
signals,BenchmarkWazeroExec/isa_simd_i8x16.neg,wazero,ns/op,1389.5,1392,0.17992083483266974,0.5108225108225108,6,6,reported,paired
signals,BenchmarkWazeroExec/isa_simd_i8x16.popcnt,wazero,ns/op,5020.5,5005.5,-0.2987750224081265,0.6190476190476191,6,6,reported,paired
signals,BenchmarkWazeroExec/isa_simd_i8x16.narrow_i16x8_s,wazero,ns/op,3520,3516,-0.1136363636363602,0.9090909090909091,6,6,reported,paired
signals,BenchmarkWazeroExec/isa_simd_i8x16.narrow_i16x8_u,wazero,ns/op,3517,3501.5,-0.440716519761164,0.5887445887445888,6,6,reported,paired
signals,BenchmarkWazeroExec/isa_simd_i8x16.swizzle,wazero,ns/op,7029,7015,-0.19917484706216682,0.4199134199134199,6,6,reported,paired
signals,BenchmarkWazeroExec/isa_simd_i8x16.shl,wazero,ns/op,3421.5,3402.5,-0.5553119976618448,0.17965367965367965,6,6,reported,paired
signals,BenchmarkWazeroExec/isa_simd_i8x16.shr_s,wazero,ns/op,5887,5827,-1.0191948360794956,0.22294372294372294,6,6,reported,paired
signals,BenchmarkWazeroExec/isa_simd_i8x16.shr_u,wazero,ns/op,3423.5,3423,-0.014604936468531893,0.7857142857142857,6,6,reported,paired
signals,BenchmarkWazeroExec/isa_simd_i8x16.add,wazero,ns/op,1768,1774,0.33936651583710287,0.6991341991341992,6,6,reported,paired
signals,BenchmarkWazeroExec/isa_simd_i8x16.add_sat_s,wazero,ns/op,3548,3507.5,-1.1414881623449835,0.30952380952380953,6,6,reported,paired
signals,BenchmarkWazeroExec/isa_simd_i8x16.add_sat_u,wazero,ns/op,3551.5,3508,-1.2248345769393265,0.025974025974025976,6,6,reported,paired
signals,BenchmarkWazeroExec/isa_simd_i8x16.sub,wazero,ns/op,1763.5,1762.5,-0.056705415367164225,0.8506493506493507,6,6,reported,paired
signals,BenchmarkWazeroExec/isa_simd_i8x16.sub_sat_s,wazero,ns/op,3517,3487.5,-0.8387830537389784,0.4199134199134199,6,6,reported,paired
signals,BenchmarkWazeroExec/isa_simd_i8x16.sub_sat_u,wazero,ns/op,3496,3504.5,0.24313501144164196,0.6991341991341992,6,6,reported,paired
signals,BenchmarkWazeroExec/isa_simd_i8x16.min_s,wazero,ns/op,1753,1764.5,0.6560182544209869,0.7316017316017316,6,6,reported,paired
signals,BenchmarkWazeroExec/isa_simd_i8x16.min_u,wazero,ns/op,1765,1765.5,0.028328611898009726,0.974025974025974,6,6,reported,paired
signals,BenchmarkWazeroExec/isa_simd_i8x16.max_s,wazero,ns/op,1763,1766,0.1701644923425949,0.9696969696969697,6,6,reported,paired
signals,BenchmarkWazeroExec/isa_simd_i8x16.max_u,wazero,ns/op,1760,1767,0.39772727272726627,0.6666666666666666,6,6,reported,paired
signals,BenchmarkWazeroExec/isa_simd_i8x16.avgr_u,wazero,ns/op,3503.5,3531.5,0.7992007992007943,0.3939393939393939,6,6,reported,paired
signals,BenchmarkWazeroExec/isa_simd_i8x16.eq,wazero,ns/op,1761,1764.5,0.19875070982395826,0.41774891774891776,6,6,reported,paired
signals,BenchmarkWazeroExec/isa_simd_i8x16.ne,wazero,ns/op,3510.5,3549,1.0967098703888345,0.10173160173160173,6,6,reported,paired
signals,BenchmarkWazeroExec/isa_simd_i8x16.lt_s,wazero,ns/op,2269,2263,-0.2644336712207984,0.9372294372294372,6,6,reported,paired
signals,BenchmarkWazeroExec/isa_simd_i8x16.lt_u,wazero,ns/op,5790,5766,-0.4145077720207224,0.30952380952380953,6,6,reported,paired
signals,BenchmarkWazeroExec/isa_simd_i8x16.gt_s,wazero,ns/op,1763,1763,0,0.8181818181818182,6,6,reported,paired
signals,BenchmarkWazeroExec/isa_simd_i8x16.gt_u,wazero,ns/op,5313,5268.5,-0.8375682288725761,0.8181818181818182,6,6,reported,paired
signals,BenchmarkWazeroExec/isa_simd_i8x16.le_s,wazero,ns/op,4000,3996,-0.10000000000000009,0.3333333333333333,6,6,reported,paired
signals,BenchmarkWazeroExec/isa_simd_i8x16.le_u,wazero,ns/op,4000.5,4034.5,0.8498937632795966,0.6991341991341992,6,6,reported,paired
signals,BenchmarkWazeroExec/isa_simd_i8x16.ge_s,wazero,ns/op,3515.5,3518,0.07111363959606543,0.7380952380952381,6,6,reported,paired
signals,BenchmarkWazeroExec/isa_simd_i8x16.ge_u,wazero,ns/op,3498.5,3533.5,1.0004287551807822,0.08225108225108226,6,6,reported,paired
signals,BenchmarkWazeroExec/isa_simd_i16x8.abs,wazero,ns/op,1755,1759.5,0.2564102564102555,0.4199134199134199,6,6,reported,paired
signals,BenchmarkWazeroExec/isa_simd_i16x8.neg,wazero,ns/op,1380.5,1391,0.7605939876856205,0.4199134199134199,6,6,reported,paired
signals,BenchmarkWazeroExec/isa_simd_i16x8.extadd_pairwise_s,wazero,ns/op,3222.5,3247,0.7602792862684282,0.10173160173160173,6,6,reported,paired
signals,BenchmarkWazeroExec/isa_simd_i16x8.extadd_pairwise_u,wazero,ns/op,2667.5,2655.5,-0.4498594189315863,0.7380952380952381,6,6,reported,paired
signals,BenchmarkWazeroExec/isa_simd_i16x8.narrow_i32x4_s,wazero,ns/op,3507,3521.5,0.4134587966923231,0.5584415584415584,6,6,reported,paired
signals,BenchmarkWazeroExec/isa_simd_i16x8.narrow_i32x4_u,wazero,ns/op,3500,3495.5,-0.12857142857143344,0.9372294372294372,6,6,reported,paired
signals,BenchmarkWazeroExec/isa_simd_i16x8.extend_low_s,wazero,ns/op,1767.5,1759,-0.48090523338047975,0.45670995670995673,6,6,reported,paired
signals,BenchmarkWazeroExec/isa_simd_i16x8.extend_high_s,wazero,ns/op,3524.5,3520.5,-0.1134912753582018,1,6,6,reported,paired
signals,BenchmarkWazeroExec/isa_simd_i16x8.extend_low_u,wazero,ns/op,1775,1775.5,0.028169014084511446,0.5584415584415584,6,6,reported,paired
signals,BenchmarkWazeroExec/isa_simd_i16x8.extend_high_u,wazero,ns/op,3522,3519,-0.08517887563883608,0.9805194805194806,6,6,reported,paired
signals,BenchmarkWazeroExec/isa_simd_i16x8.shl,wazero,ns/op,2350.5,2354.5,0.1701765581791026,0.6991341991341992,6,6,reported,paired
signals,BenchmarkWazeroExec/isa_simd_i16x8.shr_s,wazero,ns/op,2343,2358,0.6402048655569814,0.9372294372294372,6,6,reported,paired
signals,BenchmarkWazeroExec/isa_simd_i16x8.shr_u,wazero,ns/op,2336.5,2362,1.091375989728216,0.13203463203463203,6,6,reported,paired
signals,BenchmarkWazeroExec/isa_simd_i16x8.add,wazero,ns/op,1765,1760,-0.283286118980175,0.461038961038961,6,6,reported,paired
signals,BenchmarkWazeroExec/isa_simd_i16x8.sub,wazero,ns/op,1759,1768,0.511654349061974,0.5584415584415584,6,6,reported,paired
signals,BenchmarkWazeroExec/isa_simd_i16x8.mul,wazero,ns/op,5282,5258.5,-0.4449072321090486,0.48484848484848486,6,6,reported,paired
signals,BenchmarkWazeroExec/isa_simd_i16x8.add_sat_s,wazero,ns/op,3551.5,3519.5,-0.9010277347599627,0.08658008658008658,6,6,reported,paired
signals,BenchmarkWazeroExec/isa_simd_i16x8.add_sat_u,wazero,ns/op,3499.5,3502,0.07143877696813572,0.48484848484848486,6,6,reported,paired
signals,BenchmarkWazeroExec/isa_simd_i16x8.sub_sat_s,wazero,ns/op,3512.5,3511.5,-0.0284697508896814,0.6991341991341992,6,6,reported,paired
signals,BenchmarkWazeroExec/isa_simd_i16x8.sub_sat_u,wazero,ns/op,3524.5,3507.5,-0.48233792027237987,0.5887445887445888,6,6,reported,paired
signals,BenchmarkWazeroExec/isa_simd_i16x8.min_s,wazero,ns/op,1758.5,1764.5,0.3411998862667076,0.8506493506493507,6,6,reported,paired
signals,BenchmarkWazeroExec/isa_simd_i16x8.min_u,wazero,ns/op,1764,1764.5,0.028344671201807614,0.974025974025974,6,6,reported,paired
signals,BenchmarkWazeroExec/isa_simd_i16x8.max_s,wazero,ns/op,1757,1769,0.6829823562891191,0.30952380952380953,6,6,reported,paired
signals,BenchmarkWazeroExec/isa_simd_i16x8.max_u,wazero,ns/op,1769,1767,-0.11305822498586249,1,6,6,reported,paired
signals,BenchmarkWazeroExec/isa_simd_i16x8.avgr_u,wazero,ns/op,3536.5,3529.5,-0.19793581224374357,0.6991341991341992,6,6,reported,paired
signals,BenchmarkWazeroExec/isa_simd_i16x8.q15mulr_sat_s,wazero,ns/op,8778,8771.5,-0.07404875825928192,0.6991341991341992,6,6,reported,paired
signals,BenchmarkWazeroExec/isa_simd_i16x8.extmul_low_s,wazero,ns/op,8786,8734,-0.5918506715228755,0.41774891774891776,6,6,reported,paired
signals,BenchmarkWazeroExec/isa_simd_i16x8.extmul_high_s,wazero,ns/op,12336.5,12257,-0.6444291330604313,0.48484848484848486,6,6,reported,paired
signals,BenchmarkWazeroExec/isa_simd_i16x8.extmul_low_u,wazero,ns/op,8750,8755,0.05714285714286671,0.8181818181818182,6,6,reported,paired
signals,BenchmarkWazeroExec/isa_simd_i16x8.extmul_high_u,wazero,ns/op,12203.5,12224,0.16798459458351456,0.7835497835497836,6,6,reported,paired
signals,BenchmarkWazeroExec/isa_simd_i16x8.eq,wazero,ns/op,1761,1766.5,0.31232254400908044,0.6233766233766234,6,6,reported,paired
signals,BenchmarkWazeroExec/isa_simd_i16x8.ne,wazero,ns/op,3508,3520,0.3420752565564511,0.461038961038961,6,6,reported,paired
signals,BenchmarkWazeroExec/isa_simd_i16x8.lt_s,wazero,ns/op,2258.5,2270.5,0.5313261013947246,0.12121212121212122,6,6,reported,paired
signals,BenchmarkWazeroExec/isa_simd_i16x8.lt_u,wazero,ns/op,5744,5761.5,0.30466573816156917,0.36796536796536794,6,6,reported,paired
signals,BenchmarkWazeroExec/isa_simd_i16x8.gt_s,wazero,ns/op,1767.5,1762.5,-0.28288543140028155,0.6233766233766234,6,6,reported,paired
signals,BenchmarkWazeroExec/isa_simd_i16x8.gt_u,wazero,ns/op,5226.5,5288,1.1766956854491584,0.17965367965367965,6,6,reported,paired
signals,BenchmarkWazeroExec/isa_simd_i16x8.le_s,wazero,ns/op,3994,4017,0.5758637956935431,0.3722943722943723,6,6,reported,paired
signals,BenchmarkWazeroExec/isa_simd_i16x8.le_u,wazero,ns/op,3995,4036.5,1.0387984981226506,0.5887445887445888,6,6,reported,paired
signals,BenchmarkWazeroExec/isa_simd_i16x8.ge_s,wazero,ns/op,3514,3505.5,-0.24188958451906162,0.8181818181818182,6,6,reported,paired
signals,BenchmarkWazeroExec/isa_simd_i16x8.ge_u,wazero,ns/op,3512.5,3526,0.3843416370106656,0.9675324675324676,6,6,reported,paired
signals,BenchmarkWazeroExec/isa_simd_i32x4.abs,wazero,ns/op,1764,1777.5,0.7653061224489832,0.948051948051948,6,6,reported,paired
signals,BenchmarkWazeroExec/isa_simd_i32x4.neg,wazero,ns/op,1389,1390,0.07199424046075986,0.7142857142857143,6,6,reported,paired
signals,BenchmarkWazeroExec/isa_simd_i32x4.extadd_pairwise_s,wazero,ns/op,2647.5,2659,0.4343720491029268,0.5151515151515151,6,6,reported,paired
signals,BenchmarkWazeroExec/isa_simd_i32x4.extadd_pairwise_u,wazero,ns/op,4697,4704,0.14903129657228842,0.6688311688311688,6,6,reported,paired
signals,BenchmarkWazeroExec/isa_simd_i32x4.trunc_sat_f32x4_s,wazero,ns/op,8118.5,8074.5,-0.5419720391698024,0.5606060606060606,6,6,reported,paired
signals,BenchmarkWazeroExec/isa_simd_i32x4.trunc_sat_f32x4_u,wazero,ns/op,10730,10749,0.17707362534948867,0.7294372294372294,6,6,reported,paired
signals,BenchmarkWazeroExec/isa_simd_i32x4.trunc_sat_f64x2_s_zero,wazero,ns/op,7055,7046.5,-0.12048192771084709,0.7316017316017316,6,6,reported,paired
signals,BenchmarkWazeroExec/isa_simd_i32x4.trunc_sat_f64x2_u_zero,wazero,ns/op,11123.5,11212,0.7956128916258409,0.24025974025974026,6,6,reported,paired
signals,BenchmarkWazeroExec/isa_simd_i32x4.extend_low_s,wazero,ns/op,1763.5,1764,0.02835270768357656,1,6,6,reported,paired
signals,BenchmarkWazeroExec/isa_simd_i32x4.extend_high_s,wazero,ns/op,3515.5,3564,1.3796046081638424,0.3939393939393939,6,6,reported,paired
signals,BenchmarkWazeroExec/isa_simd_i32x4.extend_low_u,wazero,ns/op,1767.5,1777,0.5374823196605316,0.961038961038961,6,6,reported,paired
signals,BenchmarkWazeroExec/isa_simd_i32x4.extend_high_u,wazero,ns/op,3532,3495,-1.0475651189127966,0.006493506493506494,6,6,reported,paired
signals,BenchmarkWazeroExec/isa_simd_i32x4.shl,wazero,ns/op,2349,2364.5,0.6598552575564076,0.24025974025974026,6,6,reported,paired
signals,BenchmarkWazeroExec/isa_simd_i32x4.shr_s,wazero,ns/op,2365.5,2363.5,-0.08454872120059465,0.7294372294372294,6,6,reported,paired
signals,BenchmarkWazeroExec/isa_simd_i32x4.shr_u,wazero,ns/op,2373,2349.5,-0.9903076274757727,0.06493506493506493,6,6,reported,paired
signals,BenchmarkWazeroExec/isa_simd_i32x4.add,wazero,ns/op,1783,1760,-1.289960740325291,0.30952380952380953,6,6,reported,paired
signals,BenchmarkWazeroExec/isa_simd_i32x4.sub,wazero,ns/op,1772,1767,-0.2821670428893919,0.2987012987012987,6,6,reported,paired
signals,BenchmarkWazeroExec/isa_simd_i32x4.mul,wazero,ns/op,5308.5,5290.5,-0.33907883582933174,0.6991341991341992,6,6,reported,paired
signals,BenchmarkWazeroExec/isa_simd_i32x4.min_s,wazero,ns/op,1772.5,1774,0.08462623413258985,0.9372294372294372,6,6,reported,paired
signals,BenchmarkWazeroExec/isa_simd_i32x4.min_u,wazero,ns/op,1764.5,1777,0.7084159818645519,0.33116883116883117,6,6,reported,paired
signals,BenchmarkWazeroExec/isa_simd_i32x4.max_s,wazero,ns/op,1758.5,1776,0.9951663349445639,0.2597402597402597,6,6,reported,paired
signals,BenchmarkWazeroExec/isa_simd_i32x4.max_u,wazero,ns/op,1773,1775.5,0.14100394811054073,0.854978354978355,6,6,reported,paired
signals,BenchmarkWazeroExec/isa_simd_i32x4.dot,wazero,ns/op,5328,5302.5,-0.4786036036036001,0.5887445887445888,6,6,reported,paired
signals,BenchmarkWazeroExec/isa_simd_i32x4.extmul_low_s,wazero,ns/op,8815.5,8726.5,-1.0095853893709927,0.5887445887445888,6,6,reported,paired
signals,BenchmarkWazeroExec/isa_simd_i32x4.extmul_high_s,wazero,ns/op,12338,12278,-0.486302480142653,0.7316017316017316,6,6,reported,paired
signals,BenchmarkWazeroExec/isa_simd_i32x4.extmul_low_u,wazero,ns/op,8785,8800,0.17074558907228532,0.9372294372294372,6,6,reported,paired
signals,BenchmarkWazeroExec/isa_simd_i32x4.extmul_high_u,wazero,ns/op,12218,12223.5,0.04501555082665476,0.7813852813852814,6,6,reported,paired
signals,BenchmarkWazeroExec/isa_simd_i32x4.eq,wazero,ns/op,1756.5,1774,0.9962994591517171,0.09307359307359307,6,6,reported,paired
signals,BenchmarkWazeroExec/isa_simd_i32x4.ne,wazero,ns/op,3522,3537,0.4258943781942026,0.6991341991341992,6,6,reported,paired
signals,BenchmarkWazeroExec/isa_simd_i32x4.lt_s,wazero,ns/op,2247,2252.5,0.2447708055184794,0.9805194805194806,6,6,reported,paired
signals,BenchmarkWazeroExec/isa_simd_i32x4.lt_u,wazero,ns/op,5771.5,5806.5,0.6064281382656134,0.30952380952380953,6,6,reported,paired
signals,BenchmarkWazeroExec/isa_simd_i32x4.gt_s,wazero,ns/op,1777,1768,-0.5064715813168252,0.29004329004329005,6,6,reported,paired
signals,BenchmarkWazeroExec/isa_simd_i32x4.gt_u,wazero,ns/op,5277,5295,0.34110289937463456,1,6,6,reported,paired
signals,BenchmarkWazeroExec/isa_simd_i32x4.le_s,wazero,ns/op,4038,3998.5,-0.9782070331847414,0.06493506493506493,6,6,reported,paired
signals,BenchmarkWazeroExec/isa_simd_i32x4.le_u,wazero,ns/op,4017,4011,-0.14936519790889058,0.5887445887445888,6,6,reported,paired
signals,BenchmarkWazeroExec/isa_simd_i32x4.ge_s,wazero,ns/op,3492,3541.5,1.4175257731958713,0.049783549783549784,6,6,reported,paired
signals,BenchmarkWazeroExec/isa_simd_i32x4.ge_u,wazero,ns/op,3547.5,3522.5,-0.7047216349541974,0.8181818181818182,6,6,reported,paired
signals,BenchmarkWazeroExec/isa_simd_i64x2.abs,wazero,ns/op,2282.5,2288,0.24096385542169418,1,6,6,reported,paired
signals,BenchmarkWazeroExec/isa_simd_i64x2.neg,wazero,ns/op,1393.5,1388,-0.3946896304269809,0.45670995670995673,6,6,reported,paired
signals,BenchmarkWazeroExec/isa_simd_i64x2.extend_low_s,wazero,ns/op,1781.5,1760,-1.2068481616615223,0.06493506493506493,6,6,reported,paired
signals,BenchmarkWazeroExec/isa_simd_i64x2.extend_high_s,wazero,ns/op,3530.5,3499,-0.8922248973233238,0.30952380952380953,6,6,reported,paired
signals,BenchmarkWazeroExec/isa_simd_i64x2.extend_low_u,wazero,ns/op,1768.5,1757.5,-0.6219960418433645,0.14502164502164502,6,6,reported,paired
signals,BenchmarkWazeroExec/isa_simd_i64x2.extend_high_u,wazero,ns/op,3503.5,3508,0.12844298558585265,0.6233766233766234,6,6,reported,paired
signals,BenchmarkWazeroExec/isa_simd_i64x2.shl,wazero,ns/op,2346,2356.5,0.4475703324808178,0.3722943722943723,6,6,reported,paired
signals,BenchmarkWazeroExec/isa_simd_i64x2.shr_s,wazero,ns/op,17530.5,17614,0.47631271213028903,0.25757575757575757,6,6,reported,paired
signals,BenchmarkWazeroExec/isa_simd_i64x2.shr_u,wazero,ns/op,2338.5,2362.5,1.0262989095574104,0.37012987012987014,6,6,reported,paired
signals,BenchmarkWazeroExec/isa_simd_i64x2.add,wazero,ns/op,1765.5,1762.5,-0.1699235344095107,0.8939393939393939,6,6,reported,paired
signals,BenchmarkWazeroExec/isa_simd_i64x2.sub,wazero,ns/op,1767.5,1771,0.1980198019801982,0.8593073593073594,6,6,reported,paired
signals,BenchmarkWazeroExec/isa_simd_i64x2.mul,wazero,ns/op,12736.5,12823,0.6791504730498943,0.3939393939393939,6,6,reported,paired
signals,BenchmarkWazeroExec/isa_simd_i64x2.extmul_low_s,wazero,ns/op,15965,16072.5,0.6733479486376481,0.33116883116883117,6,6,reported,paired
signals,BenchmarkWazeroExec/isa_simd_i64x2.extmul_high_s,wazero,ns/op,19717.5,19663,-0.2764042094586028,0.8181818181818182,6,6,reported,paired
signals,BenchmarkWazeroExec/isa_simd_i64x2.extmul_low_u,wazero,ns/op,16089.5,15984.5,-0.6525995214270219,0.48484848484848486,6,6,reported,paired
signals,BenchmarkWazeroExec/isa_simd_i64x2.extmul_high_u,wazero,ns/op,19730,19620,-0.5575266092245346,0.48484848484848486,6,6,reported,paired
signals,BenchmarkWazeroExec/isa_simd_i64x2.eq,wazero,ns/op,3519,3512.5,-0.18471156578573344,0.8181818181818182,6,6,reported,paired
signals,BenchmarkWazeroExec/isa_simd_i64x2.ne,wazero,ns/op,5319.5,5316.5,-0.05639627784566059,0.9372294372294372,6,6,reported,paired
signals,BenchmarkWazeroExec/isa_simd_i64x2.lt_s,wazero,ns/op,4041.5,4006.5,-0.8660150934059141,0.24025974025974026,6,6,reported,paired
signals,BenchmarkWazeroExec/isa_simd_i64x2.gt_s,wazero,ns/op,3502,3505,0.08566533409479771,0.9805194805194806,6,6,reported,paired
signals,BenchmarkWazeroExec/isa_simd_i64x2.le_s,wazero,ns/op,5293.5,5307,0.25502975347124757,0.2878787878787879,6,6,reported,paired
signals,BenchmarkWazeroExec/isa_simd_i64x2.ge_s,wazero,ns/op,5825.5,5852.5,0.46347952965410943,0.7857142857142857,6,6,reported,paired
signals,BenchmarkWazeroExec/isa_simd_f32x4.abs,wazero,ns/op,1412.5,1417,0.3185840707964571,0.45454545454545453,6,6,reported,paired
signals,BenchmarkWazeroExec/isa_simd_f32x4.neg,wazero,ns/op,1949.5,1939.5,-0.51295203898436,0.512987012987013,6,6,reported,paired
signals,BenchmarkWazeroExec/isa_simd_f32x4.sqrt,wazero,ns/op,12246.5,12227,-0.1592291675172497,1,6,6,reported,paired
signals,BenchmarkWazeroExec/isa_simd_f32x4.ceil,wazero,ns/op,2650.5,2664,0.5093378607809784,0.45670995670995673,6,6,reported,paired
signals,BenchmarkWazeroExec/isa_simd_f32x4.floor,wazero,ns/op,2644.5,2649,0.1701644923425949,0.9372294372294372,6,6,reported,paired
signals,BenchmarkWazeroExec/isa_simd_f32x4.trunc,wazero,ns/op,2672,2651,-0.7859281437125776,0.7012987012987013,6,6,reported,paired
signals,BenchmarkWazeroExec/isa_simd_f32x4.nearest,wazero,ns/op,2646,2652.5,0.24565381708239187,0.9372294372294372,6,6,reported,paired
signals,BenchmarkWazeroExec/isa_simd_f32x4.add,wazero,ns/op,5292,5250,-0.7936507936507908,0.13203463203463203,6,6,reported,paired
signals,BenchmarkWazeroExec/isa_simd_f32x4.sub,wazero,ns/op,5310,5272,-0.7156308851224091,0.5887445887445888,6,6,reported,paired
signals,BenchmarkWazeroExec/isa_simd_f32x4.mul,wazero,ns/op,5270,5271.5,0.02846299810246311,0.8181818181818182,6,6,reported,paired
signals,BenchmarkWazeroExec/isa_simd_f32x4.div,wazero,ns/op,19260,19254,-0.031152647975074554,0.48484848484848486,6,6,reported,paired
signals,BenchmarkWazeroExec/isa_simd_f32x4.min,wazero,ns/op,10625.5,10623.5,-0.018822643640303838,0.8181818181818182,6,6,reported,paired
signals,BenchmarkWazeroExec/isa_simd_f32x4.max,wazero,ns/op,15796,15734,-0.39250443150165015,0.6688311688311688,6,6,reported,paired
signals,BenchmarkWazeroExec/isa_simd_f32x4.pmin,wazero,ns/op,4003,4004,0.024981264051970875,0.8181818181818182,6,6,reported,paired
signals,BenchmarkWazeroExec/isa_simd_f32x4.pmax,wazero,ns/op,3993,4012.5,0.48835462058602896,0.36796536796536794,6,6,reported,paired
signals,BenchmarkWazeroExec/isa_simd_f32x4.eq,wazero,ns/op,3499,3538.5,1.1288939697056355,0.48484848484848486,6,6,reported,paired
signals,BenchmarkWazeroExec/isa_simd_f32x4.ne,wazero,ns/op,3526,3530,0.11344299489506326,0.9372294372294372,6,6,reported,paired
signals,BenchmarkWazeroExec/isa_simd_f32x4.lt,wazero,ns/op,3493,3532,1.116518751789286,0.329004329004329,6,6,reported,paired
signals,BenchmarkWazeroExec/isa_simd_f32x4.gt,wazero,ns/op,4040.5,3986.5,-1.3364682588788535,0.04112554112554113,6,6,reported,paired
signals,BenchmarkWazeroExec/isa_simd_f32x4.le,wazero,ns/op,3513,3487.5,-0.725875320239111,0.48484848484848486,6,6,reported,paired
signals,BenchmarkWazeroExec/isa_simd_f32x4.ge,wazero,ns/op,3996,4020,0.6006006006006093,0.6190476190476191,6,6,reported,paired
signals,BenchmarkWazeroExec/isa_simd_f32x4.convert_i32x4_s,wazero,ns/op,2636,2652.5,0.6259484066767795,0.47186147186147187,6,6,reported,paired
signals,BenchmarkWazeroExec/isa_simd_f32x4.convert_i32x4_u,wazero,ns/op,12166,12316,1.2329442709189564,0.025974025974025976,6,6,reported,paired
signals,BenchmarkWazeroExec/isa_simd_f32x4.demote_f64x2_zero,wazero,ns/op,2628,2644,0.60882800608828,0.9696969696969697,6,6,reported,paired
signals,BenchmarkWazeroExec/isa_simd_f64x2.abs,wazero,ns/op,1409,1419,0.7097232079489091,0.2857142857142857,6,6,reported,paired
signals,BenchmarkWazeroExec/isa_simd_f64x2.neg,wazero,ns/op,1930,1931.5,0.07772020725389517,0.9004329004329005,6,6,reported,paired
signals,BenchmarkWazeroExec/isa_simd_f64x2.sqrt,wazero,ns/op,17551.5,17480,-0.40737258923738695,0.30952380952380953,6,6,reported,paired
signals,BenchmarkWazeroExec/isa_simd_f64x2.ceil,wazero,ns/op,2624,2632,0.304878048780477,0.4155844155844156,6,6,reported,paired
signals,BenchmarkWazeroExec/isa_simd_f64x2.floor,wazero,ns/op,2648,2636.5,-0.4342900302114816,0.6991341991341992,6,6,reported,paired
signals,BenchmarkWazeroExec/isa_simd_f64x2.trunc,wazero,ns/op,2652,2666,0.5279034690799378,0.30952380952380953,6,6,reported,paired
signals,BenchmarkWazeroExec/isa_simd_f64x2.nearest,wazero,ns/op,2643.5,2660,0.6241724985814212,0.36796536796536794,6,6,reported,paired
signals,BenchmarkWazeroExec/isa_simd_f64x2.add,wazero,ns/op,5275,5283.5,0.1611374407582966,0.9696969696969697,6,6,reported,paired
signals,BenchmarkWazeroExec/isa_simd_f64x2.sub,wazero,ns/op,5292.5,5279,-0.2550779404818182,0.3939393939393939,6,6,reported,paired
signals,BenchmarkWazeroExec/isa_simd_f64x2.mul,wazero,ns/op,5258,5236.5,-0.40890072270824973,0.09956709956709957,6,6,reported,paired
signals,BenchmarkWazeroExec/isa_simd_f64x2.div,wazero,ns/op,22883.5,22750,-0.5833897786614806,0.9372294372294372,6,6,reported,paired
signals,BenchmarkWazeroExec/isa_simd_f64x2.min,wazero,ns/op,10518,10621.5,0.9840273816314804,0.3939393939393939,6,6,reported,paired
signals,BenchmarkWazeroExec/isa_simd_f64x2.max,wazero,ns/op,15882,15903.5,0.1353733786676692,0.9372294372294372,6,6,reported,paired
signals,BenchmarkWazeroExec/isa_simd_f64x2.pmin,wazero,ns/op,4004.5,4024,0.48695217879886066,0.7316017316017316,6,6,reported,paired
signals,BenchmarkWazeroExec/isa_simd_f64x2.pmax,wazero,ns/op,3997,4031.5,0.8631473605203999,0.17965367965367965,6,6,reported,paired
signals,BenchmarkWazeroExec/isa_simd_f64x2.eq,wazero,ns/op,3529,3516,-0.36837631056956255,0.48484848484848486,6,6,reported,paired
signals,BenchmarkWazeroExec/isa_simd_f64x2.ne,wazero,ns/op,3524,3512.5,-0.32633371169126235,0.5887445887445888,6,6,reported,paired
signals,BenchmarkWazeroExec/isa_simd_f64x2.lt,wazero,ns/op,3528,3506.5,-0.6094104308389969,0.30952380952380953,6,6,reported,paired
signals,BenchmarkWazeroExec/isa_simd_f64x2.gt,wazero,ns/op,4008.5,3989,-0.48646625919920305,0.5887445887445888,6,6,reported,paired
signals,BenchmarkWazeroExec/isa_simd_f64x2.le,wazero,ns/op,3502.5,3519,0.471092077087798,0.25757575757575757,6,6,reported,paired
signals,BenchmarkWazeroExec/isa_simd_f64x2.ge,wazero,ns/op,4009.5,4037,0.6858710562414272,0.24025974025974026,6,6,reported,paired
signals,BenchmarkWazeroExec/isa_simd_f64x2.convert_low_i32x4_s,wazero,ns/op,2657,2666.5,0.3575461046292805,0.3939393939393939,6,6,reported,paired
signals,BenchmarkWazeroExec/isa_simd_f64x2.convert_low_i32x4_u,wazero,ns/op,3531,3549.5,0.5239308977626811,0.08441558441558442,6,6,reported,paired
signals,BenchmarkWazeroExec/isa_simd_f64x2.promote_low_f32x4,wazero,ns/op,2656,2637,-0.7153614457831359,0.5887445887445888,6,6,reported,paired
signals,BenchmarkWazeroExec/isa_simd_reduce.v128_any_true,wazero,ns/op,1850.5,1848,-0.13509862199405642,0.461038961038961,6,6,reported,paired
signals,BenchmarkWazeroExec/isa_simd_reduce.i8x16_all_true,wazero,ns/op,1989.5,1995.5,0.3015833123900524,0.2792207792207792,6,6,reported,paired
signals,BenchmarkWazeroExec/isa_simd_reduce.i8x16_bitmask,wazero,ns/op,1450.5,1442.5,-0.5515339538090358,0.29004329004329005,6,6,reported,paired
signals,BenchmarkWazeroExec/isa_simd_reduce.i16x8_all_true,wazero,ns/op,1998.5,2016,0.8756567425569184,0.24025974025974026,6,6,reported,paired
signals,BenchmarkWazeroExec/isa_simd_reduce.i16x8_bitmask,wazero,ns/op,1368.5,1373.5,0.3653635367190322,0.5584415584415584,6,6,reported,paired
signals,BenchmarkWazeroExec/isa_simd_reduce.i32x4_all_true,wazero,ns/op,2001.5,2004,0.12490632025980997,0.9004329004329005,6,6,reported,paired
signals,BenchmarkWazeroExec/isa_simd_reduce.i32x4_bitmask,wazero,ns/op,1423.5,1426.5,0.21074815595363283,0.9047619047619048,6,6,reported,paired
signals,BenchmarkWazeroExec/isa_simd_reduce.i64x2_all_true,wazero,ns/op,2004,2007,0.14970059880239361,0.37012987012987014,6,6,reported,paired
signals,BenchmarkWazeroExec/isa_simd_reduce.i64x2_bitmask,wazero,ns/op,1427.5,1422,-0.3852889667250392,0.37445887445887444,6,6,reported,paired
signals,BenchmarkWazeroInstantiate/tiny,wazero,ns/op,8223,8228.5,0.06688556487899344,0.9372294372294372,6,6,reported,paired
signals,BenchmarkWazeroInstantiate/fib_iter,wazero,ns/op,8435.5,8333.5,-1.2091755082686229,0.48484848484848486,6,6,reported,paired
signals,BenchmarkWazeroInstantiate/fib_rec,wazero,ns/op,8356.5,8357.5,0.01196673248369251,0.9372294372294372,6,6,reported,paired
signals,BenchmarkWazeroInstantiate/arith,wazero,ns/op,8319.5,8280.5,-0.46877817176512737,0.6991341991341992,6,6,reported,paired
signals,BenchmarkWazeroInstantiate/float,wazero,ns/op,8428,8451,0.27289985761747015,0.6991341991341992,6,6,reported,paired
signals,BenchmarkWazeroInstantiate/memory,wazero,ns/op,13284,13118,-1.2496236073471834,0.8181818181818182,6,6,reported,paired
signals,BenchmarkWazeroInstantiate/memory_tree,wazero,ns/op,13331.5,13464.5,0.9976371751115876,0.8181818181818182,6,6,reported,paired
signals,BenchmarkWazeroInstantiate/globals,wazero,ns/op,8525,8533.5,0.09970674486803333,0.8181818181818182,6,6,reported,paired
signals,BenchmarkWazeroInstantiate/dispatch,wazero,ns/op,8799,8989,2.159336288214564,0.025974025974025976,6,6,reported,paired
signals,BenchmarkWazeroInstantiate/branches,wazero,ns/op,8393,8537.5,1.7216728225902589,0.07142857142857142,6,6,reported,paired
signals,BenchmarkWazeroInstantiate/many_funcs,wazero,ns/op,8433.5,8628.5,2.3122072686310613,0.015151515151515152,6,6,reported,paired
signals,BenchmarkWazeroInstantiate/linked_list,wazero,ns/op,24364.5,23992.5,-1.5268115495905898,0.30952380952380953,6,6,reported,paired
signals,BenchmarkWazeroInstantiate/mandelbrot,wazero,ns/op,8478,8521,0.5071950931823554,0.30952380952380953,6,6,reported,paired
signals,BenchmarkWazeroInstantiate/sieve,wazero,ns/op,37585,36039.5,-4.112012771052287,0.09307359307359307,6,6,reported,paired
signals,BenchmarkWazeroInstantiate/nbody,wazero,ns/op,66214.5,64035.5,-3.290819986558835,0.17965367965367965,6,6,reported,paired
signals,BenchmarkWazeroInstantiate/spectralnorm,wazero,ns/op,67763.5,67078,-1.0116065433456112,0.5887445887445888,6,6,reported,paired
signals,BenchmarkWazeroInstantiate/fannkuch,wazero,ns/op,73595.5,67192.5,-8.700260206126732,0.17965367965367965,6,6,reported,paired
signals,BenchmarkWazeroInstantiate/matmul,wazero,ns/op,69751.5,66101,-5.233579206181949,0.24025974025974026,6,6,reported,paired
signals,BenchmarkWazeroInstantiate/quicksort,wazero,ns/op,71110,65878.5,-7.356911826747292,0.24025974025974026,6,6,reported,paired
signals,BenchmarkWazeroInstantiate/crc32,wazero,ns/op,71087.5,71203.5,0.16317918058730285,0.8181818181818182,6,6,reported,paired
signals,BenchmarkWazeroInstantiate/sha256,wazero,ns/op,71599,69009,-3.617368957667011,0.6991341991341992,6,6,reported,paired
signals,BenchmarkWazeroInstantiate/raytrace,wazero,ns/op,70506,66366.5,-5.871131534904828,0.48484848484848486,6,6,reported,paired
signals,BenchmarkWazeroInstantiate/json-as,wazero,ns/op,16310.5,16862.5,3.384322982128074,0.3939393939393939,6,6,reported,paired
signals,BenchmarkWazeroInstantiate/blake-as,wazero,ns/op,14266,13957.5,-2.162484228234962,0.3939393939393939,6,6,reported,paired
signals,BenchmarkWazeroInstantiate/utf-as,wazero,ns/op,18146.5,17749.5,-2.187749703799635,0.13203463203463203,6,6,reported,paired
signals,BenchmarkWazeroInstantiate/xjb-mulhi,wazero,ns/op,8855.5,8733.5,-1.3776748913104875,0.48484848484848486,6,6,reported,paired
signals,BenchmarkWazeroInstantiate/swar-pack-parse,wazero,ns/op,8832.5,8828,-0.05094820266062783,1,6,6,reported,paired
signals,BenchmarkWazeroInstantiate/json-as-simd,wazero,ns/op,16728.5,16865,0.8159727411304107,0.512987012987013,6,6,reported,paired
signals,BenchmarkWazeroInstantiate/blake-as-simd,wazero,ns/op,14082,14017.5,-0.45803152961226834,0.6991341991341992,6,6,reported,paired
signals,BenchmarkWazeroInstantiate/utf-as-simd,wazero,ns/op,18457.5,18440.5,-0.09210348096979626,0.6991341991341992,6,6,reported,paired
signals,BenchmarkWazeroInstantiate/coremark,wazero,ns/op,17767,17570,-1.1087972083075326,0.48484848484848486,6,6,reported,paired
signals,BenchmarkWazeroInstantiate/blake3,wazero,ns/op,67040.5,67938.5,1.339488816461687,0.9372294372294372,6,6,reported,paired
signals,BenchmarkWazeroInstantiate/qoi,wazero,ns/op,120674.5,121664.5,0.8203887316707403,0.9372294372294372,6,6,reported,paired
signals,BenchmarkWazeroInstantiate/lz4,wazero,ns/op,120802,136495,12.990678962268841,0.09307359307359307,6,6,reported,paired
signals,BenchmarkWazeroInstantiate/zlib,wazero,ns/op,131970.5,146525,11.028601088879707,0.09307359307359307,6,6,reported,paired
signals,BenchmarkWazeroInstantiate/zstd,wazero,ns/op,130591.5,136030.5,4.16489587760307,0.5887445887445888,6,6,reported,paired
signals,BenchmarkWazeroInstantiate/isa_i32,wazero,ns/op,8798.5,8972.5,1.9776098198556635,0.025974025974025976,6,6,reported,paired
signals,BenchmarkWazeroInstantiate/isa_i64,wazero,ns/op,8825,8884.5,0.6742209631728002,0.8181818181818182,6,6,reported,paired
signals,BenchmarkWazeroInstantiate/isa_f32,wazero,ns/op,8757.5,8886,1.4673137310876383,0.10173160173160173,6,6,reported,paired
signals,BenchmarkWazeroInstantiate/isa_f64,wazero,ns/op,8740.5,8798,0.6578571019964619,0.13203463203463203,6,6,reported,paired
signals,BenchmarkWazeroInstantiate/isa_mem,wazero,ns/op,68436,66428.5,-2.93339762697995,0.48484848484848486,6,6,reported,paired
signals,BenchmarkWazeroInstantiate/isa_bulk_mem,wazero,ns/op,17193.5,18154,5.586413470206764,0.06493506493506493,6,6,reported,paired
signals,BenchmarkWazeroInstantiate/isa_ctl,wazero,ns/op,8653,8781,1.4792557494510472,0.3939393939393939,6,6,reported,paired
signals,BenchmarkWazeroInstantiate/isa_call,wazero,ns/op,8936.5,8941.5,0.05595031611929091,0.6991341991341992,6,6,reported,paired
signals,BenchmarkWazeroInstantiate/isa_var,wazero,ns/op,8836.5,8790,-0.526226447122724,0.17965367965367965,6,6,reported,paired
signals,BenchmarkWazeroInstantiate/isa_cvt,wazero,ns/op,8702,8720.5,0.21259480579176593,0.8181818181818182,6,6,reported,paired
signals,BenchmarkWazeroInstantiate/isa_simd_v128,wazero,ns/op,8743.5,8662.5,-0.9264024704065843,0.6991341991341992,6,6,reported,paired
signals,BenchmarkWazeroInstantiate/isa_simd_i8x16,wazero,ns/op,8909.5,8809.5,-1.122397440933831,0.30952380952380953,6,6,reported,paired
signals,BenchmarkWazeroInstantiate/isa_simd_i16x8,wazero,ns/op,8902,8931,0.32576949000224786,0.30952380952380953,6,6,reported,paired
signals,BenchmarkWazeroInstantiate/isa_simd_i32x4,wazero,ns/op,8998,9080.5,0.916870415647919,0.5887445887445888,6,6,reported,paired
signals,BenchmarkWazeroInstantiate/isa_simd_i64x2,wazero,ns/op,8828,8898,0.7929315813321347,1,6,6,reported,paired
signals,BenchmarkWazeroInstantiate/isa_simd_f32x4,wazero,ns/op,8894.5,8994,1.1186688402945677,0.41774891774891776,6,6,reported,paired
signals,BenchmarkWazeroInstantiate/isa_simd_f64x2,wazero,ns/op,8834,8768.5,-0.7414534752094193,0.22510822510822512,6,6,reported,paired
signals,BenchmarkWazeroInstantiate/isa_simd_reduce,wazero,ns/op,8758,8739.5,-0.2112354418817075,0.9372294372294372,6,6,reported,paired
