bounds,benchmark,unit,main_median,after_median,change_percent,p,main_samples,after_samples,measurement
signals,BenchmarkCompileFullWorkers/esbuild/p4,ns/op,380700465,171459008.5,-54.962227718844524,7.39602301050679e-7,12,12,reported
signals,BenchmarkCompileFullWorkers/esbuild/p4,code-B,20149723,20149723,0,1,12,12,reported
signals,BenchmarkCompileFullWorkers/esbuild/p4,B/op,181496922,182018977,0.28763848678381443,0.629725504001988,12,12,reported
signals,BenchmarkCompileFullWorkers/esbuild/p4,allocs/op,27817.5,28027.5,0.7549204637368634,0.4775752582321434,12,12,reported
signals,BenchmarkCompileFullWorkers/esbuild/p8,ns/op,334798629.5,129050976.5,-61.45415030738649,7.39602301050679e-7,12,12,reported
signals,BenchmarkCompileFullWorkers/esbuild/p8,code-B,20149723,20149723,0,1,12,12,reported
signals,BenchmarkCompileFullWorkers/esbuild/p8,B/op,191606038,192060655,0.23726653123530284,0.40951039806875045,12,12,reported
signals,BenchmarkCompileFullWorkers/esbuild/p8,allocs/op,34221.5,34519.5,0.8707975980012606,0.4428331797425888,12,12,reported
signals,BenchmarkPluginExec/wasm3,ns/op,23017639.5,23370330.5,1.5322639838893926,0.9323005033733262,12,12,reported
signals,BenchmarkPluginExec/wasm3,B/op,0,0,0,1,12,12,unmeasured: allocation timer stopped
signals,BenchmarkPluginExec/wasm3,allocs/op,0,0,0,1,12,12,unmeasured: allocation timer stopped
signals,BenchmarkCompileFull/memory_tree,ns/op,34252,28878.5,-15.688134999416093,7.39602301050679e-7,12,12,reported
signals,BenchmarkCompileFull/memory_tree,code-B,479,479,0,1,12,12,reported
signals,BenchmarkCompileFull/memory_tree,B/op,35281,23841,-32.425384768005436,7.39602301050679e-7,12,12,reported
signals,BenchmarkCompileFull/memory_tree,allocs/op,111,113,1.8018018018018056,7.39602301050679e-7,12,12,reported
signals,BenchmarkExecParallel/process/isa_f32.trunc,ns/op,42688.5,42875.5,0.43805708797450826,0.15997301930805768,12,12,reported
signals,BenchmarkExecParallel/process/isa_f32.trunc,B/op,1,1,0,1,12,12,reported
signals,BenchmarkExecParallel/process/isa_f32.trunc,allocs/op,0,0,0,1,12,12,reported
signals,BenchmarkExecParallel/process/isa_f32.floor,ns/op,41896,41740.5,-0.3711571510406686,0.6407596307313631,12,12,reported
signals,BenchmarkExecParallel/process/isa_f32.floor,B/op,1,1,0,0.6763648251062438,12,12,reported
signals,BenchmarkExecParallel/process/isa_f32.floor,allocs/op,0,0,0,1,12,12,reported
signals,BenchmarkCompileFullWorkers/tiny/p4,ns/op,32901.5,32820,-0.24770907101500095,0.6706595329559389,12,12,reported
signals,BenchmarkCompileFullWorkers/tiny/p4,code-B,96,96,0,1,12,12,reported
signals,BenchmarkCompileFullWorkers/tiny/p4,B/op,26709.5,26823,0.42494243621182815,7.39602301050679e-7,12,12,reported
signals,BenchmarkCompileFullWorkers/tiny/p4,allocs/op,100,102,2.0000000000000018,7.39602301050679e-7,12,12,reported
signals,BenchmarkCompileFull/xjb-mulhi,ns/op,33440.5,27268,-18.458157025164102,7.39602301050679e-7,12,12,reported
signals,BenchmarkCompileFull/xjb-mulhi,code-B,355,355,0,1,12,12,reported
signals,BenchmarkCompileFull/xjb-mulhi,B/op,33217,21777,-34.44019628503477,7.39602301050679e-7,12,12,reported
signals,BenchmarkCompileFull/xjb-mulhi,allocs/op,93,95,2.1505376344086002,7.39602301050679e-7,12,12,reported
signals,BenchmarkCompileFullWorkers/tiny/p2,ns/op,34491,34222,-0.77991360064944,0.1135023275284414,12,12,reported
signals,BenchmarkCompileFullWorkers/tiny/p2,code-B,96,96,0,1,12,12,reported
signals,BenchmarkCompileFullWorkers/tiny/p2,B/op,26709,26822.5,0.42495039125387546,7.39602301050679e-7,12,12,reported
signals,BenchmarkCompileFullWorkers/tiny/p2,allocs/op,100,102,2.0000000000000018,7.39602301050679e-7,12,12,reported
signals,BenchmarkCompileFullWorkers/tiny/p8,ns/op,35706,34001.5,-4.773707500140034,0.05965706120504882,12,12,reported
signals,BenchmarkCompileFullWorkers/tiny/p8,code-B,96,96,0,1,12,12,reported
signals,BenchmarkCompileFullWorkers/tiny/p8,B/op,26708,26821,0.42309420398383146,7.39602301050679e-7,12,12,reported
signals,BenchmarkCompileFullWorkers/tiny/p8,allocs/op,100,102,2.0000000000000018,7.39602301050679e-7,12,12,reported
signals,BenchmarkCompileFull/swar-pack-parse,ns/op,34217.5,28806,-15.815006940892818,7.39602301050679e-7,12,12,reported
signals,BenchmarkCompileFull/swar-pack-parse,code-B,430,430,0,1,12,12,reported
signals,BenchmarkCompileFull/swar-pack-parse,B/op,33337,21904,-34.29522752497225,7.39602301050679e-7,12,12,reported
signals,BenchmarkCompileFull/swar-pack-parse,allocs/op,91,93,2.19780219780219,7.39602301050679e-7,12,12,reported
signals,BenchmarkExecParallel/process/sha256.hashN,ns/op,34784.5,34787,0.007187109200934572,0.8428359902313328,12,12,reported
signals,BenchmarkExecParallel/process/sha256.hashN,B/op,0.5,0,-100,0.6801722977520528,12,12,reported
signals,BenchmarkExecParallel/process/sha256.hashN,allocs/op,0,0,0,1,12,12,reported
signals,BenchmarkCompileFull/mandelbrot,ns/op,30955.5,25875,-16.41226922517808,7.39602301050679e-7,12,12,reported
signals,BenchmarkCompileFull/mandelbrot,code-B,504,504,0,1,12,12,reported
signals,BenchmarkCompileFull/mandelbrot,B/op,34769,26649,-23.354137306221055,7.39602301050679e-7,12,12,reported
signals,BenchmarkCompileFull/mandelbrot,allocs/op,94,96,2.127659574468077,7.39602301050679e-7,12,12,reported
signals,BenchmarkPluginExec/ruby,ns/op,20052780.5,19854829,-0.9871523801898707,0.8428359902313328,12,12,reported
signals,BenchmarkPluginExec/ruby,B/op,0,0,0,1,12,12,unmeasured: allocation timer stopped
signals,BenchmarkPluginExec/ruby,allocs/op,0,0,0,1,12,12,unmeasured: allocation timer stopped
signals,BenchmarkCompileFull/dispatch,ns/op,29247.5,28086,-3.9712795965467174,0.0014326096571351653,12,12,reported
signals,BenchmarkCompileFull/dispatch,code-B,475,475,0,1,12,12,reported
signals,BenchmarkCompileFull/dispatch,B/op,35625,35721,0.26947368421053053,7.39602301050679e-7,12,12,reported
signals,BenchmarkCompileFull/dispatch,allocs/op,119,121,1.680672268907557,7.39602301050679e-7,12,12,reported
signals,BenchmarkCompileFull/sieve,ns/op,28248.5,23654.5,-16.26281041471228,7.39602301050679e-7,12,12,reported
signals,BenchmarkCompileFull/sieve,code-B,260,260,0,1,12,12,reported
signals,BenchmarkCompileFull/sieve,B/op,25569,22313,-12.734170284328684,7.39602301050679e-7,12,12,reported
signals,BenchmarkCompileFull/sieve,allocs/op,88,90,2.2727272727272707,7.39602301050679e-7,12,12,reported
signals,BenchmarkExecParallel/process/isa_f64.max,ns/op,33538.5,33505.5,-0.0983943825752509,0.5407195442866461,12,12,reported
signals,BenchmarkExecParallel/process/isa_f64.max,B/op,1,1,0,0.7038632386593081,12,12,reported
signals,BenchmarkExecParallel/process/isa_f64.max,allocs/op,0,0,0,1,12,12,reported
signals,BenchmarkExecParallel/independent/mandelbrot.render,ns/op,31568,31691,0.389635073492145,0.2913426592252814,12,12,reported
signals,BenchmarkExecParallel/independent/mandelbrot.render,B/op,0,0,0,1,12,12,reported
signals,BenchmarkExecParallel/independent/mandelbrot.render,allocs/op,0,0,0,1,12,12,reported
signals,BenchmarkExecParallel/process/isa_f64.min,ns/op,31852,32134.5,0.8869144794675377,0.014492507089088056,12,12,reported
signals,BenchmarkExecParallel/process/isa_f64.min,B/op,0,1,,0.2203467551428246,12,12,reported
signals,BenchmarkExecParallel/process/isa_f64.min,allocs/op,0,0,0,1,12,12,reported
signals,BenchmarkExecParallel/process/isa_f32.min,ns/op,31927.5,32086.5,0.49800328870095445,0.34735791869995664,12,12,reported
signals,BenchmarkExecParallel/process/isa_f32.min,B/op,0,1,,0.16045228159913852,12,12,reported
signals,BenchmarkExecParallel/process/isa_f32.min,allocs/op,0,0,0,1,12,12,reported
signals,BenchmarkCompileFull/linked_list,ns/op,23994,21481.5,-10.471367841960488,7.39602301050679e-7,12,12,reported
signals,BenchmarkCompileFull/linked_list,code-B,199,199,0,1,12,12,reported
signals,BenchmarkCompileFull/linked_list,B/op,21921,20072,-8.434834177272933,7.39602301050679e-7,12,12,reported
signals,BenchmarkCompileFull/linked_list,allocs/op,87,89,2.298850574712641,7.39602301050679e-7,12,12,reported
signals,BenchmarkCompileFull/memory,ns/op,23404.5,21042,-10.094212651413192,7.39602301050679e-7,12,12,reported
signals,BenchmarkCompileFull/memory,code-B,196,196,0,1,12,12,reported
signals,BenchmarkCompileFull/memory,B/op,19808,18992,-4.119547657512113,7.39602301050679e-7,12,12,reported
signals,BenchmarkCompileFull/memory,allocs/op,89,91,2.2471910112359605,7.39602301050679e-7,12,12,reported
signals,BenchmarkCompileFull/globals,ns/op,21216,20108,-5.22247360482655,7.39602301050679e-7,12,12,reported
signals,BenchmarkCompileFull/globals,code-B,148,148,0,1,12,12,reported
signals,BenchmarkCompileFull/globals,B/op,20200,19520,-3.3663366336633693,7.39602301050679e-7,12,12,reported
signals,BenchmarkCompileFull/globals,allocs/op,95,97,2.1052631578947434,7.39602301050679e-7,12,12,reported
signals,BenchmarkExecParallel/independent/isa_f64.sqrt,ns/op,21749,21288.5,-2.1173387282173883,0.5137225810936943,12,12,reported
signals,BenchmarkExecParallel/independent/isa_f64.sqrt,B/op,0,0,0,1,12,12,reported
signals,BenchmarkExecParallel/independent/isa_f64.sqrt,allocs/op,0,0,0,1,12,12,reported
signals,BenchmarkCompileWorkers/sqlite3/p8,ns/op,20041041,9796433.5,-51.11814051974646,7.39602301050679e-7,12,12,reported
signals,BenchmarkCompileWorkers/sqlite3/p8,code-B,3634105,3634105,0,1,12,12,reported
signals,BenchmarkCompileWorkers/sqlite3/p8,B/op,17279522,16939035.5,-1.9704624931175752,0.017271192934135458,12,12,reported
signals,BenchmarkCompileWorkers/sqlite3/p8,allocs/op,4503,4621.5,2.6315789473684292,7.39602301050679e-7,12,12,reported
signals,BenchmarkCompileFull/float,ns/op,19332.5,17652.5,-8.69002974266132,0.00014422244870488242,12,12,reported
signals,BenchmarkCompileFull/float,code-B,150,150,0,1,12,12,reported
signals,BenchmarkCompileFull/float,B/op,32633,18112,-44.49790089786413,7.39602301050679e-7,12,12,reported
signals,BenchmarkCompileFull/float,allocs/op,79,81,2.5316455696202445,7.39602301050679e-7,12,12,reported
signals,BenchmarkExecParallel/independent/utf-as.convertN,ns/op,21810.5,21754,-0.2590495403590021,0.4775752582321434,12,12,reported
signals,BenchmarkExecParallel/independent/utf-as.convertN,B/op,0,0,0,1,12,12,reported
signals,BenchmarkExecParallel/independent/utf-as.convertN,allocs/op,0,0,0,1,12,12,reported
signals,BenchmarkCompileFull/arith,ns/op,19847.5,17772,-10.457236427761686,7.39602301050679e-7,12,12,reported
signals,BenchmarkCompileFull/arith,code-B,107,107,0,1,12,12,reported
signals,BenchmarkCompileFull/arith,B/op,32569,18048,-44.58534188952685,7.39602301050679e-7,12,12,reported
signals,BenchmarkCompileFull/arith,allocs/op,75,77,2.6666666666666616,7.39602301050679e-7,12,12,reported
signals,BenchmarkExecParallel/process/json-as.serializeN,ns/op,21920,21939.5,0.08895985401460305,0.5040005088463831,12,12,reported
signals,BenchmarkExecParallel/process/json-as.serializeN,B/op,0,0,0,1,12,12,reported
signals,BenchmarkExecParallel/process/json-as.serializeN,allocs/op,0,0,0,1,12,12,reported
signals,BenchmarkCompileFull/fib_rec,ns/op,18789.5,17720,-5.692008834721518,7.39602301050679e-7,12,12,reported
signals,BenchmarkCompileFull/fib_rec,code-B,163,163,0,1,12,12,reported
signals,BenchmarkCompileFull/fib_rec,B/op,18024,17320,-3.9059032401242755,7.39602301050679e-7,12,12,reported
signals,BenchmarkCompileFull/fib_rec,allocs/op,83,85,2.4096385542168752,7.39602301050679e-7,12,12,reported
signals,BenchmarkCompileFull/branches,ns/op,17417.5,16369,-6.019807664705034,7.39602301050679e-7,12,12,reported
signals,BenchmarkCompileFull/branches,code-B,120,120,0,1,12,12,reported
signals,BenchmarkCompileFull/branches,B/op,18984,18032,-5.014749262536878,7.39602301050679e-7,12,12,reported
signals,BenchmarkCompileFull/branches,allocs/op,74,76,2.7027027027026973,7.39602301050679e-7,12,12,reported
signals,BenchmarkCompileFull/fib_iter,ns/op,18580.5,17368.5,-6.5229676273512505,7.39602301050679e-7,12,12,reported
signals,BenchmarkCompileFull/fib_iter,code-B,99,99,0,1,12,12,reported
signals,BenchmarkCompileFull/fib_iter,B/op,18192,17752,-2.4186455584872424,7.39602301050679e-7,12,12,reported
signals,BenchmarkCompileFull/fib_iter,allocs/op,75,77,2.6666666666666616,7.39602301050679e-7,12,12,reported
signals,BenchmarkCompileFullWorkers/fib_rec/p1,ns/op,18331.5,17479,-4.650465046504648,7.39602301050679e-7,12,12,reported
signals,BenchmarkCompileFullWorkers/fib_rec/p1,code-B,163,163,0,1,12,12,reported
signals,BenchmarkCompileFullWorkers/fib_rec/p1,B/op,17880,17176,-3.9373601789709167,7.39602301050679e-7,12,12,reported
signals,BenchmarkCompileFullWorkers/fib_rec/p1,allocs/op,82,84,2.4390243902439046,7.39602301050679e-7,12,12,reported
signals,BenchmarkCompileFullWorkers/fib_rec/auto,ns/op,19740.5,18947.5,-4.017122160026343,0.008293160601681265,12,12,reported
signals,BenchmarkCompileFullWorkers/fib_rec/auto,code-B,163,163,0,1,12,12,reported
signals,BenchmarkCompileFullWorkers/fib_rec/auto,B/op,17880,17176,-3.9373601789709167,7.39602301050679e-7,12,12,reported
signals,BenchmarkCompileFullWorkers/fib_rec/auto,allocs/op,82,84,2.4390243902439046,7.39602301050679e-7,12,12,reported
signals,BenchmarkCompileFullWorkers/fib_rec/p2,ns/op,18968,18441.5,-2.7757275411218862,0.1135023275284414,12,12,reported
signals,BenchmarkCompileFullWorkers/fib_rec/p2,code-B,163,163,0,1,12,12,reported
signals,BenchmarkCompileFullWorkers/fib_rec/p2,B/op,17880,17176,-3.9373601789709167,7.39602301050679e-7,12,12,reported
signals,BenchmarkCompileFullWorkers/fib_rec/p2,allocs/op,82,84,2.4390243902439046,7.39602301050679e-7,12,12,reported
signals,BenchmarkValidateWorkers/esbuild/p8,ns/op,20903660,18715289,-10.468841341659784,7.39602301050679e-7,12,12,reported
signals,BenchmarkValidateWorkers/esbuild/p8,B/op,5614854.5,5598629,-0.2889745406581823,0.4775752582321434,12,12,reported
signals,BenchmarkValidateWorkers/esbuild/p8,allocs/op,4282,4282,0,0.8970355260569287,12,12,reported
signals,BenchmarkCompileFullWorkers/fib_rec/p8,ns/op,18377.5,17458.5,-5.000680179567407,7.39602301050679e-7,12,12,reported
signals,BenchmarkCompileFullWorkers/fib_rec/p8,code-B,163,163,0,1,12,12,reported
signals,BenchmarkCompileFullWorkers/fib_rec/p8,B/op,17880,17176,-3.9373601789709167,7.39602301050679e-7,12,12,reported
signals,BenchmarkCompileFullWorkers/fib_rec/p8,allocs/op,82,84,2.4390243902439046,7.39602301050679e-7,12,12,reported
signals,BenchmarkCompileFullWorkers/fib_rec/p4,ns/op,18440.5,17609.5,-4.506385401697354,0.004260848856352962,12,12,reported
signals,BenchmarkCompileFullWorkers/fib_rec/p4,code-B,163,163,0,1,12,12,reported
signals,BenchmarkCompileFullWorkers/fib_rec/p4,B/op,17880,17176,-3.9373601789709167,7.39602301050679e-7,12,12,reported
signals,BenchmarkCompileFullWorkers/fib_rec/p4,allocs/op,82,84,2.4390243902439046,7.39602301050679e-7,12,12,reported
signals,BenchmarkExecParallel/process/isa_simd_f32x4.div,ns/op,19030.5,18992.5,-0.19967946191640218,0.37768531105453973,12,12,reported
signals,BenchmarkExecParallel/process/isa_simd_f32x4.div,B/op,0,0,0,1,12,12,reported
signals,BenchmarkExecParallel/process/isa_simd_f32x4.div,allocs/op,0,0,0,1,12,12,reported
signals,BenchmarkCompileFullWorkers/tiny/auto,ns/op,16876.5,16319.5,-3.3004473676413904,0.000001479204602101358,12,12,reported
signals,BenchmarkCompileFullWorkers/tiny/auto,code-B,96,96,0,1,12,12,reported
signals,BenchmarkCompileFullWorkers/tiny/auto,B/op,16056,16136,0.49825610363727346,7.39602301050679e-7,12,12,reported
signals,BenchmarkCompileFullWorkers/tiny/auto,allocs/op,73,75,2.7397260273972712,7.39602301050679e-7,12,12,reported
signals,BenchmarkCompileFull/tiny,ns/op,16982.5,16646,-1.9814514941851935,0.000033282103547280556,12,12,reported
signals,BenchmarkCompileFull/tiny,code-B,96,96,0,1,12,12,reported
signals,BenchmarkCompileFull/tiny,B/op,16200,16280,0.49382716049382047,7.39602301050679e-7,12,12,reported
signals,BenchmarkCompileFull/tiny,allocs/op,74,76,2.7027027027026973,7.39602301050679e-7,12,12,reported
signals,BenchmarkExecParallel/independent/matmul.run,ns/op,14975,14946,-0.19365609348914736,0.8101892050606548,12,12,reported
signals,BenchmarkExecParallel/independent/matmul.run,B/op,0,0,0,1,12,12,reported
signals,BenchmarkExecParallel/independent/matmul.run,allocs/op,0,0,0,1,12,12,reported
signals,BenchmarkCompileFullWorkers/tiny/p1,ns/op,16852,16364,-2.8957987182530287,0.000005177216107354753,12,12,reported
signals,BenchmarkCompileFullWorkers/tiny/p1,code-B,96,96,0,1,12,12,reported
signals,BenchmarkCompileFullWorkers/tiny/p1,B/op,16056,16136,0.49825610363727346,7.39602301050679e-7,12,12,reported
signals,BenchmarkCompileFullWorkers/tiny/p1,allocs/op,73,75,2.7397260273972712,7.39602301050679e-7,12,12,reported
signals,BenchmarkCompileCompact/fib_rec,ns/op,14385.5,14283.5,-0.7090473045775258,0.37768531105453973,12,12,reported
signals,BenchmarkCompileCompact/fib_rec,B/op,13342,12574,-5.75625843201919,7.39602301050679e-7,12,12,reported
signals,BenchmarkCompileCompact/fib_rec,allocs/op,37,37,0,1,12,12,reported
signals,BenchmarkCompileCompact/tiny,ns/op,14166,14107.5,-0.41296060991105055,0.5037815865652722,12,12,reported
signals,BenchmarkCompileCompact/tiny,B/op,10590.5,10590,-0.004721212407343689,0.9660130554598182,12,12,reported
signals,BenchmarkCompileCompact/tiny,allocs/op,26,26,0,1,12,12,reported
signals,BenchmarkExecParallel/process/isa_i32.shl,ns/op,14198.5,14379,1.2712610487023213,0.21355572681457727,12,12,reported
signals,BenchmarkExecParallel/process/isa_i32.shl,B/op,0,0,0,1,12,12,reported
signals,BenchmarkExecParallel/process/isa_i32.shl,allocs/op,0,0,0,1,12,12,reported
signals,BenchmarkCompileFullWorkers/lua/auto,ns/op,14609159,6794992,-53.48813713369811,7.39602301050679e-7,12,12,reported
signals,BenchmarkCompileFullWorkers/lua/auto,code-B,709149,709149,0,1,12,12,reported
signals,BenchmarkCompileFullWorkers/lua/auto,B/op,4694716.5,4721153.5,0.563122395143556,0.000014052443719962901,12,12,reported
signals,BenchmarkCompileFullWorkers/lua/auto,allocs/op,3270.5,3325.5,1.6817000458645426,7.39602301050679e-7,12,12,reported
signals,BenchmarkExecParallel/process/isa_i32.rotr,ns/op,14394.5,14561.5,1.1601653409288204,0.5137225810936943,12,12,reported
signals,BenchmarkExecParallel/process/isa_i32.rotr,B/op,0,0,0,1,12,12,reported
signals,BenchmarkExecParallel/process/isa_i32.rotr,allocs/op,0,0,0,1,12,12,reported
signals,BenchmarkExecParallel/process/isa_ctl.br_if,ns/op,14295,14305,0.06995452955578241,0.40091547972824054,12,12,reported
signals,BenchmarkExecParallel/process/isa_ctl.br_if,B/op,0,0,0,1,12,12,reported
signals,BenchmarkExecParallel/process/isa_ctl.br_if,allocs/op,0,0,0,1,12,12,reported
signals,BenchmarkExecParallel/process/isa_i64.rotr,ns/op,14381.5,14373.5,-0.05562702082536619,0.7125350756391273,12,12,reported
signals,BenchmarkExecParallel/process/isa_i64.rotr,B/op,0,0,0,1,12,12,reported
signals,BenchmarkExecParallel/process/isa_i64.rotr,allocs/op,0,0,0,1,12,12,reported
signals,BenchmarkExecParallel/process/isa_i32.shr_s,ns/op,14412,14497,0.5897862892034311,0.7987453386564977,12,12,reported
signals,BenchmarkExecParallel/process/isa_i32.shr_s,B/op,0,0,0,1,12,12,reported
signals,BenchmarkExecParallel/process/isa_i32.shr_s,allocs/op,0,0,0,1,12,12,reported
signals,BenchmarkExecParallel/process/isa_i32.ctz,ns/op,14453.5,14467,0.09340298197668684,0.7665963058344267,12,12,reported
signals,BenchmarkExecParallel/process/isa_i32.ctz,B/op,0,0,0,1,12,12,reported
signals,BenchmarkExecParallel/process/isa_i32.ctz,allocs/op,0,0,0,1,12,12,reported
signals,BenchmarkExecParallel/process/isa_i64.or,ns/op,14226.5,14186,-0.2846799985941728,0.4775752582321434,12,12,reported
signals,BenchmarkExecParallel/process/isa_i64.or,B/op,0,0,0,1,12,12,reported
signals,BenchmarkExecParallel/process/isa_i64.or,allocs/op,0,0,0,1,12,12,reported
signals,BenchmarkExecParallel/process/isa_i32.or,ns/op,14241.5,14203,-0.27033669206193434,0.43429890879076505,12,12,reported
signals,BenchmarkExecParallel/process/isa_i32.or,B/op,0,0,0,1,12,12,reported
signals,BenchmarkExecParallel/process/isa_i32.or,allocs/op,0,0,0,1,12,12,reported
signals,BenchmarkExecParallel/process/isa_i32.and,ns/op,14240.5,14212,-0.2001334222815232,0.8110286536723473,12,12,reported
signals,BenchmarkExecParallel/process/isa_i32.and,B/op,0,0,0,1,12,12,reported
signals,BenchmarkExecParallel/process/isa_i32.and,allocs/op,0,0,0,1,12,12,reported
signals,BenchmarkExecParallel/process/isa_simd_i64x2.mul,ns/op,12564,12559.5,-0.03581661891117749,0.7235595875385887,12,12,reported
signals,BenchmarkExecParallel/process/isa_simd_i64x2.mul,B/op,0,0,0,1,12,12,reported
signals,BenchmarkExecParallel/process/isa_simd_i64x2.mul,allocs/op,0,0,0,1,12,12,reported
signals,BenchmarkExecParallel/process/isa_simd_f64x2.min,ns/op,11000.5,10948.5,-0.4727057861006356,0.0706371969664472,12,12,reported
signals,BenchmarkExecParallel/process/isa_simd_f64x2.min,B/op,0,0,0,1,12,12,reported
signals,BenchmarkExecParallel/process/isa_simd_f64x2.min,allocs/op,0,0,0,1,12,12,reported
signals,BenchmarkCompileFullWorkers/lua/p4,ns/op,14772931.5,6889008,-53.36735975523883,7.39602301050679e-7,12,12,reported
signals,BenchmarkCompileFullWorkers/lua/p4,code-B,709149,709149,0,1,12,12,reported
signals,BenchmarkCompileFullWorkers/lua/p4,B/op,4693306.5,4725409,0.6840060413697779,0.000008875227612608148,12,12,reported
signals,BenchmarkCompileFullWorkers/lua/p4,allocs/op,3271.5,3327.5,1.7117530184930452,7.39602301050679e-7,12,12,reported
signals,BenchmarkExecParallel/independent/quicksort.sortN,ns/op,9322.5,9302.5,-0.21453472780906813,1,12,12,reported
signals,BenchmarkExecParallel/independent/quicksort.sortN,B/op,0,0,0,1,12,12,reported
signals,BenchmarkExecParallel/independent/quicksort.sortN,allocs/op,0,0,0,1,12,12,reported
signals,BenchmarkExec/isa_simd_f64x2.min,ns/op,9906,9888.5,-0.17666060973147157,0.7235433162879656,12,12,reported
signals,BenchmarkExec/isa_simd_f64x2.min,calls/batch,205,204,-0.4878048780487809,0.37811280118454704,12,12,reported
signals,BenchmarkExec/isa_simd_f64x2.min,B/op,0,0,0,1,12,12,raw per batch; use per-call metric
signals,BenchmarkExec/isa_simd_f64x2.min,allocs/op,0,0,0,1,12,12,raw per batch; use per-call metric
signals,BenchmarkExec/isa_simd_f64x2.min,B/call,0,0,0,1,12,12,derived per sample from calls/batch
signals,BenchmarkExec/isa_simd_f64x2.min,allocs/call,0,0,0,1,12,12,derived per sample from calls/batch
signals,BenchmarkInstantiate/sha256,ns/op,7407.5,7466,0.7897401282483951,0.015115991828873777,12,12,reported
signals,BenchmarkInstantiate/sha256,B/op,1760,1752,-0.4545454545454519,7.39602301050679e-7,12,12,reported
signals,BenchmarkInstantiate/sha256,allocs/op,10,9,-9.999999999999998,7.39602301050679e-7,12,12,reported
signals,BenchmarkExecParallel/process/isa_simd_i64x2.extmul_low_u,ns/op,7714.5,7763.5,0.6351675416423674,0.2656695841512102,12,12,reported
signals,BenchmarkExecParallel/process/isa_simd_i64x2.extmul_low_u,B/op,0,0,0,1,12,12,reported
signals,BenchmarkExecParallel/process/isa_simd_i64x2.extmul_low_u,allocs/op,0,0,0,1,12,12,reported
signals,BenchmarkExecParallel/independent/json-as.deserializeN,ns/op,6059.5,6009.5,-0.8251505899826705,0.8873859348351204,12,12,reported
signals,BenchmarkExecParallel/independent/json-as.deserializeN,B/op,0,0,0,1,12,12,reported
signals,BenchmarkExecParallel/independent/json-as.deserializeN,allocs/op,0,0,0,1,12,12,reported
signals,BenchmarkExecParallel/independent/sha256.hashN,ns/op,5189,5151,-0.7323183657737542,0.629725504001988,12,12,reported
signals,BenchmarkExecParallel/independent/sha256.hashN,B/op,0,0,0,1,12,12,reported
signals,BenchmarkExecParallel/independent/sha256.hashN,allocs/op,0,0,0,1,12,12,reported
signals,BenchmarkExecParallel/independent/json-as.serializeN,ns/op,3710,3532,-4.797843665768198,0.4775752582321434,12,12,reported
signals,BenchmarkExecParallel/independent/json-as.serializeN,B/op,0,0,0,1,12,12,reported
signals,BenchmarkExecParallel/independent/json-as.serializeN,allocs/op,0,0,0,1,12,12,reported
signals,BenchmarkExecParallel/independent/isa_ctl.br_table,ns/op,3154.5,3201.5,1.4899350134728095,0.40951039806875045,12,12,reported
signals,BenchmarkExecParallel/independent/isa_ctl.br_table,B/op,0,0,0,1,12,12,reported
signals,BenchmarkExecParallel/independent/isa_ctl.br_table,allocs/op,0,0,0,1,12,12,reported
signals,BenchmarkExecParallel/independent/isa_i32.rotl,ns/op,2180.5,2197.5,0.7796376977757369,0.25919510560781256,12,12,reported
signals,BenchmarkExecParallel/independent/isa_i32.rotl,B/op,0,0,0,1,12,12,reported
signals,BenchmarkExecParallel/independent/isa_i32.rotl,allocs/op,0,0,0,1,12,12,reported
signals,BenchmarkExecParallel/independent/isa_ctl.if_else,ns/op,1802,1789,-0.721420643729187,0.2415237878288087,12,12,reported
signals,BenchmarkExecParallel/independent/isa_ctl.if_else,B/op,0,0,0,1,12,12,reported
signals,BenchmarkExecParallel/independent/isa_ctl.if_else,allocs/op,0,0,0,1,12,12,reported
signals,BenchmarkCompileFullWorkers/lua/p8,ns/op,13558208.5,5588669,-58.780181024653814,7.39602301050679e-7,12,12,reported
signals,BenchmarkCompileFullWorkers/lua/p8,code-B,709149,709149,0,1,12,12,reported
signals,BenchmarkCompileFullWorkers/lua/p8,B/op,5445048,5465612,0.3776642556686305,0.000001479204602101358,12,12,reported
signals,BenchmarkCompileFullWorkers/lua/p8,allocs/op,3996,4102,2.652652652652643,7.39602301050679e-7,12,12,reported
signals,BenchmarkExecParallel/independent/isa_mem.store_i32_stride,ns/op,1700,1680.5,-1.1470588235294121,0.3253784175173326,12,12,reported
signals,BenchmarkExecParallel/independent/isa_mem.store_i32_stride,B/op,0,0,0,1,12,12,reported
signals,BenchmarkExecParallel/independent/isa_mem.store_i32_stride,allocs/op,0,0,0,1,12,12,reported
signals,BenchmarkValidate/tiny,ns/op,672.65,678.3,0.8399613469114664,0.008700681469560188,12,12,reported
signals,BenchmarkValidate/tiny,B/op,1560,1560,0,1,12,12,reported
signals,BenchmarkValidate/tiny,allocs/op,11,11,0,1,12,12,reported
signals,BenchmarkExecParallel/independent/isa_simd_i32x4.extadd_pairwise_u,ns/op,692.05,707.3,2.203598005924423,0.0017654306926079709,12,12,reported
signals,BenchmarkExecParallel/independent/isa_simd_i32x4.extadd_pairwise_u,B/op,0,0,0,1,12,12,reported
signals,BenchmarkExecParallel/independent/isa_simd_i32x4.extadd_pairwise_u,allocs/op,0,0,0,1,12,12,reported
signals,BenchmarkExecParallel/independent/isa_simd_i8x16.shr_s,ns/op,696,689.0999999999999,-0.9913793103448421,0.7552848282421576,12,12,reported
signals,BenchmarkExecParallel/independent/isa_simd_i8x16.shr_s,B/op,0,0,0,1,12,12,reported
signals,BenchmarkExecParallel/independent/isa_simd_i8x16.shr_s,allocs/op,0,0,0,1,12,12,reported
signals,BenchmarkExecParallel/independent/float.run,ns/op,646.35,637.55,-1.3614914519996968,0.15541189191747815,12,12,reported
signals,BenchmarkExecParallel/independent/float.run,B/op,0,0,0,1,12,12,reported
signals,BenchmarkExecParallel/independent/float.run,allocs/op,0,0,0,1,12,12,reported
signals,BenchmarkExecParallel/process/isa_bulk_mem.copy_fwd_64,ns/op,329.65,327.65,-0.606704080084941,0.639664279723507,12,12,reported
signals,BenchmarkExecParallel/process/isa_bulk_mem.copy_fwd_64,B/op,0,0,0,1,12,12,reported
signals,BenchmarkExecParallel/process/isa_bulk_mem.copy_fwd_64,allocs/op,0,0,0,1,12,12,reported
signals,BenchmarkExecParallel/independent/xjb-mulhi.runN,ns/op,301.15,307.3,2.042171675244897,0.07057950798696525,12,12,reported
signals,BenchmarkExecParallel/independent/xjb-mulhi.runN,B/op,0,0,0,1,12,12,reported
signals,BenchmarkExecParallel/independent/xjb-mulhi.runN,allocs/op,0,0,0,1,12,12,reported
signals,BenchmarkExecParallel/independent/isa_simd_i64x2.extend_high_s,ns/op,305.9,302.45,-1.1278195488721776,0.629725504001988,12,12,reported
signals,BenchmarkExecParallel/independent/isa_simd_i64x2.extend_high_s,B/op,0,0,0,1,12,12,reported
signals,BenchmarkExecParallel/independent/isa_simd_i64x2.extend_high_s,allocs/op,0,0,0,1,12,12,reported
signals,BenchmarkExecParallel/independent/isa_simd_i32x4.extend_high_s,ns/op,328.95000000000005,325.3,-1.1095911232710254,0.5898757320213774,12,12,reported
signals,BenchmarkExecParallel/independent/isa_simd_i32x4.extend_high_s,B/op,0,0,0,1,12,12,reported
signals,BenchmarkExecParallel/independent/isa_simd_i32x4.extend_high_s,allocs/op,0,0,0,1,12,12,reported
signals,BenchmarkExecParallel/independent/arith.run,ns/op,226.45,225.55,-0.3974387281960645,0.9774021912936975,12,12,reported
signals,BenchmarkExecParallel/independent/arith.run,B/op,0,0,0,1,12,12,reported
signals,BenchmarkExecParallel/independent/arith.run,allocs/op,0,0,0,1,12,12,reported
signals,BenchmarkKernels/run#01,ns/op,10988472.5,10993960,0.04993869712099919,0.629725504001988,12,12,reported
signals,BenchmarkKernels/run#01,B/op,9,9,0,1,12,12,reported
signals,BenchmarkKernels/run#01,allocs/op,0,0,0,1,12,12,reported
signals,BenchmarkExecParallel/independent/isa_simd_i64x2.shl,ns/op,160.5,161.25,0.4672897196261738,0.9440623987669351,12,12,reported
signals,BenchmarkExecParallel/independent/isa_simd_i64x2.shl,B/op,0,0,0,1,12,12,reported
signals,BenchmarkExecParallel/independent/isa_simd_i64x2.shl,allocs/op,0,0,0,1,12,12,reported
signals,BenchmarkCompileWorkers/lua/p2,ns/op,10115897.5,7074152.5,-30.068958290650926,7.39602301050679e-7,12,12,reported
signals,BenchmarkCompileWorkers/lua/p2,code-B,889172,889172,0,1,12,12,reported
signals,BenchmarkCompileWorkers/lua/p2,B/op,3874024.5,3890114,0.4153174560460382,7.39602301050679e-7,12,12,reported
signals,BenchmarkCompileWorkers/lua/p2,allocs/op,1050,1074,2.285714285714291,7.39602301050679e-7,12,12,reported
signals,BenchmarkCompileWorkers/lua/p4,ns/op,7143909,4212111,-41.03912857792561,7.39602301050679e-7,12,12,reported
signals,BenchmarkCompileWorkers/lua/p4,code-B,889172,889172,0,1,12,12,reported
signals,BenchmarkCompileWorkers/lua/p4,B/op,4367363.5,4388858.5,0.49217336729585615,0.000001479204602101358,12,12,reported
signals,BenchmarkCompileWorkers/lua/p4,allocs/op,1484,1538,3.638814016172498,7.39602301050679e-7,12,12,reported
signals,BenchmarkCompileWorkers/esbuild/p2,ns/op,248259409.5,163974445.5,-33.95036029842808,7.39602301050679e-7,12,12,reported
signals,BenchmarkCompileWorkers/esbuild/p2,code-B,26612624,26612624,0,1,12,12,reported
signals,BenchmarkCompileWorkers/esbuild/p2,B/op,112799929,112771646,-0.025073597342428755,0.5137225810936943,12,12,reported
signals,BenchmarkCompileWorkers/esbuild/p2,allocs/op,14657,14834,1.2076141092993042,0.8873859348351204,12,12,reported
signals,BenchmarkCompileWorkers/lua/p8,ns/op,6187244,3216206.5,-48.0187543921009,7.39602301050679e-7,12,12,reported
signals,BenchmarkCompileWorkers/lua/p8,code-B,889172,889172,0,1,12,12,reported
signals,BenchmarkCompileWorkers/lua/p8,B/op,5287348,5276992,-0.1958637865334345,0.7552848282421576,12,12,reported
signals,BenchmarkCompileWorkers/lua/p8,allocs/op,2206,2310,4.714415231187674,7.39602301050679e-7,12,12,reported
signals,BenchmarkPluginInstantiate/ruby,ns/op,1906399.5,1695779,-11.048077803209665,0.00182977609279938,12,12,reported
signals,BenchmarkPluginInstantiate/ruby,B/op,295235,79223.5,-73.16595254627669,7.39602301050679e-7,12,12,reported
signals,BenchmarkPluginInstantiate/ruby,allocs/op,9179,534.5,-94.176925591023,7.39602301050679e-7,12,12,reported
signals,BenchmarkPluginExec/lua,ns/op,1627301,1612203,-0.9277939360941789,0.2189208019063989,12,12,reported
signals,BenchmarkPluginExec/lua,B/op,0,0,0,1,12,12,unmeasured: allocation timer stopped
signals,BenchmarkPluginExec/lua,allocs/op,0,0,0,1,12,12,unmeasured: allocation timer stopped
signals,BenchmarkPluginExec/sqlite3,ns/op,1527263,1488445,-2.5416709499280765,0.017271192934135458,12,12,reported
signals,BenchmarkPluginExec/sqlite3,B/op,0,0,0,1,12,12,unmeasured: allocation timer stopped
signals,BenchmarkPluginExec/sqlite3,allocs/op,0,0,0,1,12,12,unmeasured: allocation timer stopped
signals,BenchmarkPluginInstantiate/esbuild,ns/op,1394256,1285845,-7.7755448066926025,0.017271192934135458,12,12,reported
signals,BenchmarkPluginInstantiate/esbuild,B/op,87668.5,13632.5,-84.44994496312815,7.39602301050679e-7,12,12,reported
signals,BenchmarkPluginInstantiate/esbuild,allocs/op,4326.5,180.5,-95.82803651912631,7.39602301050679e-7,12,12,reported
signals,BenchmarkCompileFullWorkers/json-as/p2,ns/op,1342075,830137.5,-38.14522288247676,7.39602301050679e-7,12,12,reported
signals,BenchmarkCompileFullWorkers/json-as/p2,code-B,55821,55821,0,1,12,12,reported
signals,BenchmarkCompileFullWorkers/json-as/p2,B/op,511445.5,516840.5,1.05485335192117,7.39602301050679e-7,12,12,reported
signals,BenchmarkCompileFullWorkers/json-as/p2,allocs/op,536,559,4.291044776119413,7.39602301050679e-7,12,12,reported
signals,BenchmarkExecParallel/process/fib_rec.fib,ns/op,1246991.5,1245126.5,-0.14955996091392532,0.15997301930805768,12,12,reported
signals,BenchmarkExecParallel/process/fib_rec.fib,B/op,28.5,25,-12.28070175438597,0.45120177977897724,12,12,reported
signals,BenchmarkExecParallel/process/fib_rec.fib,allocs/op,0,0,0,1,12,12,reported
signals,BenchmarkCompileFullWorkers/json-as/auto,ns/op,1150763.5,651984.5,-43.3433107671559,7.39602301050679e-7,12,12,reported
signals,BenchmarkCompileFullWorkers/json-as/auto,code-B,55821,55821,0,1,12,12,reported
signals,BenchmarkCompileFullWorkers/json-as/auto,B/op,632840.5,640241.5,1.1694889944622755,7.39602301050679e-7,12,12,reported
signals,BenchmarkCompileFullWorkers/json-as/auto,allocs/op,678,720,6.194690265486735,7.39602301050679e-7,12,12,reported
signals,BenchmarkCompileFullWorkers/json-as/p4,ns/op,1142443.5,647431.5,-43.32923247407858,7.39602301050679e-7,12,12,reported
signals,BenchmarkCompileFullWorkers/json-as/p4,code-B,55821,55821,0,1,12,12,reported
signals,BenchmarkCompileFullWorkers/json-as/p4,B/op,632936.5,640104,1.1324200768955572,7.39602301050679e-7,12,12,reported
signals,BenchmarkCompileFullWorkers/json-as/p4,allocs/op,679,720,6.038291605301915,7.39602301050679e-7,12,12,reported
signals,BenchmarkCompileFullWorkers/json-as/p8,ns/op,1208055.5,563966.5,-53.31617628494718,7.39602301050679e-7,12,12,reported
signals,BenchmarkCompileFullWorkers/json-as/p8,code-B,55821,55821,0,1,12,12,reported
signals,BenchmarkCompileFullWorkers/json-as/p8,B/op,829763,843418,1.6456506255400738,7.39602301050679e-7,12,12,reported
signals,BenchmarkCompileFullWorkers/json-as/p8,allocs/op,911,978,7.354555433589471,7.39602301050679e-7,12,12,reported
signals,BenchmarkCompileWorkers/ruby/p8,ns/op,218806535.5,97385920.5,-55.49222500257539,7.39602301050679e-7,12,12,reported
signals,BenchmarkCompileWorkers/ruby/p8,code-B,35155402,35155402,0,1,12,12,reported
signals,BenchmarkCompileWorkers/ruby/p8,B/op,139384533,139366079,-0.013239632549477687,0.7125350756391273,12,12,reported
signals,BenchmarkCompileWorkers/ruby/p8,allocs/op,14297.5,14476,1.2484700122399106,7.39602301050679e-7,12,12,reported
signals,BenchmarkExecParallel/process/fannkuch.run,ns/op,1005244,1005820.5,0.05734926047804567,0.9774021912936975,12,12,reported
signals,BenchmarkExecParallel/process/fannkuch.run,B/op,28.5,34.5,21.052631578947366,0.022641445242064438,12,12,reported
signals,BenchmarkExecParallel/process/fannkuch.run,allocs/op,0,0,0,1,12,12,reported
signals,BenchmarkCompileFull/isa_simd_i16x8,ns/op,821672.5,496129.5,-39.61955645345318,7.39602301050679e-7,12,12,reported
signals,BenchmarkCompileFull/isa_simd_i16x8,code-B,32028,32028,0,1,12,12,reported
signals,BenchmarkCompileFull/isa_simd_i16x8,B/op,57474,51540,-10.324668545777216,7.39602301050679e-7,12,12,reported
signals,BenchmarkCompileFull/isa_simd_i16x8,allocs/op,175,177,1.1428571428571344,7.39602301050679e-7,12,12,reported
signals,BenchmarkCompileFull/coremark,ns/op,718285,454178,-36.76910975448464,7.39602301050679e-7,12,12,reported
signals,BenchmarkCompileFull/coremark,code-B,19331,19331,0,1,12,12,reported
signals,BenchmarkCompileFull/coremark,B/op,251709.5,251815,0.041913396196813224,7.39602301050679e-7,12,12,reported
signals,BenchmarkCompileFull/coremark,allocs/op,192,194,1.041666666666674,7.39602301050679e-7,12,12,reported
signals,BenchmarkCompileFull/isa_simd_i32x4,ns/op,753564,459997,-38.95714232633194,7.39602301050679e-7,12,12,reported
signals,BenchmarkCompileFull/isa_simd_i32x4,code-B,35356,35356,0,1,12,12,reported
signals,BenchmarkCompileFull/isa_simd_i32x4,B/op,56345.5,50418,-10.519917295968618,7.39602301050679e-7,12,12,reported
signals,BenchmarkCompileFull/isa_simd_i32x4,allocs/op,170,172,1.17647058823529,7.39602301050679e-7,12,12,reported
signals,BenchmarkCompileWorkers/json-as/p2,ns/op,620895,472027.5,-23.97627618196313,7.39602301050679e-7,12,12,reported
signals,BenchmarkCompileWorkers/json-as/p2,code-B,57470,57470,0,1,12,12,reported
signals,BenchmarkCompileWorkers/json-as/p2,B/op,433452,437519,0.9382815167538805,7.39602301050679e-7,12,12,reported
signals,BenchmarkCompileWorkers/json-as/p2,allocs/op,264,285,7.954545454545459,7.39602301050679e-7,12,12,reported
signals,BenchmarkCompileFull/isa_simd_i8x16,ns/op,623785,363890.5,-41.66411503963705,7.39602301050679e-7,12,12,reported
signals,BenchmarkCompileFull/isa_simd_i8x16,code-B,23548,23548,0,1,12,12,reported
signals,BenchmarkCompileFull/isa_simd_i8x16,B/op,55007.5,48239,-12.304685724673902,7.39602301050679e-7,12,12,reported
signals,BenchmarkCompileFull/isa_simd_i8x16,allocs/op,163,165,1.2269938650306678,7.39602301050679e-7,12,12,reported
signals,BenchmarkCompileWorkers/json-as/p4,ns/op,488952.5,324255,-33.68374228580486,7.39602301050679e-7,12,12,reported
signals,BenchmarkCompileWorkers/json-as/p4,code-B,57470,57470,0,1,12,12,reported
signals,BenchmarkCompileWorkers/json-as/p4,B/op,551618.5,558479,1.2437037554034136,7.39602301050679e-7,12,12,reported
signals,BenchmarkCompileWorkers/json-as/p4,allocs/op,402.5,442,9.813664596273286,7.39602301050679e-7,12,12,reported
signals,BenchmarkCompileFull/isa_simd_f32x4,ns/op,477463.5,290385.5,-39.18163377933601,7.39602301050679e-7,12,12,reported
signals,BenchmarkCompileFull/isa_simd_f32x4,code-B,17724,17724,0,1,12,12,reported
signals,BenchmarkCompileFull/isa_simd_f32x4,B/op,45845.5,39909,-12.948926285022521,7.39602301050679e-7,12,12,reported
signals,BenchmarkCompileFull/isa_simd_f32x4,allocs/op,139,141,1.4388489208633004,7.39602301050679e-7,12,12,reported
signals,BenchmarkExecParallel/process/blake-as-simd.hashN,ns/op,514736,517219.5,0.4824803394361421,0.03872113886920725,12,12,reported
signals,BenchmarkExecParallel/process/blake-as-simd.hashN,B/op,21,18.5,-11.904761904761907,0.1294607263782119,12,12,reported
signals,BenchmarkExecParallel/process/blake-as-simd.hashN,allocs/op,0,0,0,1,12,12,reported
signals,BenchmarkCompileFull/isa_simd_f64x2,ns/op,477739.5,290299,-39.23487591040724,7.39602301050679e-7,12,12,reported
signals,BenchmarkCompileFull/isa_simd_f64x2,code-B,17180,17180,0,1,12,12,reported
signals,BenchmarkCompileFull/isa_simd_f64x2,B/op,45813,39877,-12.957020932922969,7.39602301050679e-7,12,12,reported
signals,BenchmarkCompileFull/isa_simd_f64x2,allocs/op,138,140,1.449275362318847,7.39602301050679e-7,12,12,reported
signals,BenchmarkCompileWorkers/esbuild/p4,ns/op,170448183.5,90918594,-46.65910065272124,7.39602301050679e-7,12,12,reported
signals,BenchmarkCompileWorkers/esbuild/p4,code-B,26612624,26612624,0,1,12,12,reported
signals,BenchmarkCompileWorkers/esbuild/p4,B/op,120960823.5,121335118,0.3094344839674523,0.7987453386564977,12,12,reported
signals,BenchmarkCompileWorkers/esbuild/p4,allocs/op,19165,19023,-0.7409339942603732,0.17323260936129425,12,12,reported
signals,BenchmarkCompileFull/isa_simd_i64x2,ns/op,457860,285281,-37.692526099681125,7.39602301050679e-7,12,12,reported
signals,BenchmarkCompileFull/isa_simd_i64x2,code-B,20828,20828,0,1,12,12,reported
signals,BenchmarkCompileFull/isa_simd_i64x2,B/op,44802.5,38851,-13.283856927626802,7.39602301050679e-7,12,12,reported
signals,BenchmarkCompileFull/isa_simd_i64x2,allocs/op,133,135,1.5037593984962516,7.39602301050679e-7,12,12,reported
signals,BenchmarkCompileWorkers/json-as/p8,ns/op,440500,283268.5,-35.693870601589104,7.39602301050679e-7,12,12,reported
signals,BenchmarkCompileWorkers/json-as/p8,code-B,57470,57470,0,1,12,12,reported
signals,BenchmarkCompileWorkers/json-as/p8,B/op,745891.5,755440.5,1.2802130068515272,7.39602301050679e-7,12,12,reported
signals,BenchmarkCompileWorkers/json-as/p8,allocs/op,630,691,9.682539682539693,7.39602301050679e-7,12,12,reported
signals,BenchmarkCompileFull/many_funcs,ns/op,418994.5,383843,-8.389489599505485,0.00014422244870488242,12,12,reported
signals,BenchmarkCompileFull/many_funcs,code-B,7817,7817,0,1,12,12,reported
signals,BenchmarkCompileFull/many_funcs,B/op,159041,161535,1.5681490936299447,7.39602301050679e-7,12,12,reported
signals,BenchmarkCompileFull/many_funcs,allocs/op,83,85,2.4096385542168752,7.39602301050679e-7,12,12,reported
signals,BenchmarkCompileFullWorkers/many_funcs/p1,ns/op,421749,388115.5,-7.97476698225722,7.39602301050679e-7,12,12,reported
signals,BenchmarkCompileFullWorkers/many_funcs/p1,code-B,7817,7817,0,1,12,12,reported
signals,BenchmarkCompileFullWorkers/many_funcs/p1,B/op,158897.5,161392,1.5698799540584396,7.39602301050679e-7,12,12,reported
signals,BenchmarkCompileFullWorkers/many_funcs/p1,allocs/op,82,84,2.4390243902439046,7.39602301050679e-7,12,12,reported
signals,BenchmarkCompileFull/isa_i64,ns/op,412697.5,250213,-39.37133130198268,7.39602301050679e-7,12,12,reported
signals,BenchmarkCompileFull/isa_i64,code-B,13397,13397,0,1,12,12,reported
signals,BenchmarkCompileFull/isa_i64,B/op,44706.5,44832,0.28071980584478684,7.39602301050679e-7,12,12,reported
signals,BenchmarkCompileFull/isa_i64,allocs/op,135,137,1.4814814814814836,7.39602301050679e-7,12,12,reported
signals,BenchmarkCompileFull/isa_i32,ns/op,400240.5,239240.5,-40.225814229194704,7.39602301050679e-7,12,12,reported
signals,BenchmarkCompileFull/isa_i32,code-B,11317,11317,0,1,12,12,reported
signals,BenchmarkCompileFull/isa_i32,B/op,44706.5,44832,0.28071980584478684,7.39602301050679e-7,12,12,reported
signals,BenchmarkCompileFull/isa_i32,allocs/op,135,137,1.4814814814814836,7.39602301050679e-7,12,12,reported
signals,BenchmarkCompileFullWorkers/many_funcs/p2,ns/op,351738,309348,-12.051583849342407,7.39602301050679e-7,12,12,reported
signals,BenchmarkCompileFullWorkers/many_funcs/p2,code-B,7817,7817,0,1,12,12,reported
signals,BenchmarkCompileFullWorkers/many_funcs/p2,B/op,235895,238428,1.0737828271052852,7.39602301050679e-7,12,12,reported
signals,BenchmarkCompileFullWorkers/many_funcs/p2,allocs/op,115,117,1.7391304347825987,7.39602301050679e-7,12,12,reported
signals,BenchmarkExecParallel/process/raytrace.render,ns/op,354866,354041.5,-0.2323412217569487,0.34735791869995664,12,12,reported
signals,BenchmarkExecParallel/process/raytrace.render,B/op,15,16,6.666666666666665,0.20418570526256621,12,12,reported
signals,BenchmarkExecParallel/process/raytrace.render,allocs/op,0,0,0,1,12,12,reported
signals,BenchmarkCompileFull/raytrace,ns/op,309059,193140.5,-37.50691615516778,7.39602301050679e-7,12,12,reported
signals,BenchmarkCompileFull/raytrace,code-B,12675,12675,0,1,12,12,reported
signals,BenchmarkCompileFull/raytrace,B/op,137424,137497,0.053120270112927415,7.39602301050679e-7,12,12,reported
signals,BenchmarkCompileFull/raytrace,allocs/op,175,177,1.1428571428571344,7.39602301050679e-7,12,12,reported
signals,BenchmarkCompileFullWorkers/many_funcs/auto,ns/op,300472,257941,-14.154729891637153,7.39602301050679e-7,12,12,reported
signals,BenchmarkCompileFullWorkers/many_funcs/auto,code-B,7817,7817,0,1,12,12,reported
signals,BenchmarkCompileFullWorkers/many_funcs/auto,B/op,284723,287262.5,0.8919195147564452,7.39602301050679e-7,12,12,reported
signals,BenchmarkCompileFullWorkers/many_funcs/auto,allocs/op,147,149,1.3605442176870763,7.39602301050679e-7,12,12,reported
signals,BenchmarkCompileWorkers/esbuild/p8,ns/op,135380134,56226484.5,-58.46769918251078,7.39602301050679e-7,12,12,reported
signals,BenchmarkCompileWorkers/esbuild/p8,code-B,26612624,26612624,0,1,12,12,reported
signals,BenchmarkCompileWorkers/esbuild/p8,B/op,131718387,131980455.5,0.19896121260580824,0.4428331797425888,12,12,reported
signals,BenchmarkCompileWorkers/esbuild/p8,allocs/op,25712,25705,-0.027224642190415427,0.6706595329559389,12,12,reported
signals,BenchmarkCompileFullWorkers/many_funcs/p4,ns/op,300501,258537,-13.964678986093226,7.39602301050679e-7,12,12,reported
signals,BenchmarkCompileFullWorkers/many_funcs/p4,code-B,7817,7817,0,1,12,12,reported
signals,BenchmarkCompileFullWorkers/many_funcs/p4,B/op,284749,287272.5,0.8862190911996137,7.39602301050679e-7,12,12,reported
signals,BenchmarkCompileFullWorkers/many_funcs/p4,allocs/op,147,149,1.3605442176870763,7.39602301050679e-7,12,12,reported
signals,BenchmarkCompileMultiModuleThroughput/json-as/auto,ns/op,262872.5,189690,-27.839541983280867,7.39602301050679e-7,12,12,reported
signals,BenchmarkCompileMultiModuleThroughput/json-as/auto,B/op,631577.5,639490,1.2528153710352319,7.39602301050679e-7,12,12,reported
signals,BenchmarkCompileMultiModuleThroughput/json-as/auto,allocs/op,498,523.5,5.12048192771084,7.39602301050679e-7,12,12,reported
signals,BenchmarkCompileFull/utf-as,ns/op,244451.5,187860.5,-23.150195437540777,7.39602301050679e-7,12,12,reported
signals,BenchmarkCompileFull/utf-as,code-B,4080,4080,0,1,12,12,reported
signals,BenchmarkCompileFull/utf-as,B/op,213100,213179,0.037071797278276364,7.39602301050679e-7,12,12,reported
signals,BenchmarkCompileFull/utf-as,allocs/op,147,149,1.3605442176870763,7.39602301050679e-7,12,12,reported
signals,BenchmarkCompileFull/qoi,ns/op,237089.5,154175.5,-34.971603550557916,7.39602301050679e-7,12,12,reported
signals,BenchmarkCompileFull/qoi,code-B,5119,5119,0,1,12,12,reported
signals,BenchmarkCompileFull/qoi,B/op,79489,79564,0.0943526777289927,7.39602301050679e-7,12,12,reported
signals,BenchmarkCompileFull/qoi,allocs/op,191,193,1.0471204188481575,7.39602301050679e-7,12,12,reported
signals,BenchmarkPluginInstantiate/sqlite3,ns/op,231527.5,210254,-9.188325360918249,7.39602301050679e-7,12,12,reported
signals,BenchmarkPluginInstantiate/sqlite3,B/op,67888,36598.5,-46.08988333726137,7.39602301050679e-7,12,12,reported
signals,BenchmarkPluginInstantiate/sqlite3,allocs/op,1184,250,-78.88513513513513,7.39602301050679e-7,12,12,reported
signals,BenchmarkCompileFull/isa_f64,ns/op,247917.5,146804.5,-40.78493853802172,7.39602301050679e-7,12,12,reported
signals,BenchmarkCompileFull/isa_f64,code-B,9104,9104,0,1,12,12,reported
signals,BenchmarkCompileFull/isa_f64,B/op,40064,36119,-9.846745207667729,7.39602301050679e-7,12,12,reported
signals,BenchmarkCompileFull/isa_f64,allocs/op,129,131,1.5503875968992276,7.39602301050679e-7,12,12,reported
signals,BenchmarkCompileFull/isa_f32,ns/op,246937,145770,-40.96874911414652,7.39602301050679e-7,12,12,reported
signals,BenchmarkCompileFull/isa_f32,code-B,8860,8860,0,1,12,12,reported
signals,BenchmarkCompileFull/isa_f32,B/op,40065,36120,-9.846499438412582,7.39602301050679e-7,12,12,reported
signals,BenchmarkCompileFull/isa_f32,allocs/op,129,131,1.5503875968992276,7.39602301050679e-7,12,12,reported
signals,BenchmarkExecParallel/process/nbody.step,ns/op,258344,257148,-0.4629486266373495,0.9323005033733262,12,12,reported
signals,BenchmarkExecParallel/process/nbody.step,B/op,11,8.5,-22.72727272727273,0.4693442242237504,12,12,reported
signals,BenchmarkExecParallel/process/nbody.step,allocs/op,0,0,0,1,12,12,reported
signals,BenchmarkCompileFull/lz4,ns/op,197643.5,131294,-33.57029196507854,7.39602301050679e-7,12,12,reported
signals,BenchmarkCompileFull/lz4,code-B,4912,4912,0,1,12,12,reported
signals,BenchmarkCompileFull/lz4,B/op,73951,74027,0.10277075360711763,7.39602301050679e-7,12,12,reported
signals,BenchmarkCompileFull/lz4,allocs/op,148,150,1.3513513513513598,7.39602301050679e-7,12,12,reported
signals,BenchmarkCompileFull/isa_mem,ns/op,168869.5,103147,-38.919106173702176,7.39602301050679e-7,12,12,reported
signals,BenchmarkCompileFull/isa_mem,code-B,3065,3065,0,1,12,12,reported
signals,BenchmarkCompileFull/isa_mem,B/op,37254,34532,-7.306597949213511,7.39602301050679e-7,12,12,reported
signals,BenchmarkCompileFull/isa_mem,allocs/op,108,110,1.85185185185186,7.39602301050679e-7,12,12,reported
signals,BenchmarkCompileFullWorkers/sqlite3/p8,ns/op,43951908.5,16820247.5,-61.730336465366456,7.39602301050679e-7,12,12,reported
signals,BenchmarkCompileFullWorkers/sqlite3/p8,code-B,2625865,2625865,0,1,12,12,reported
signals,BenchmarkCompileFullWorkers/sqlite3/p8,B/op,16907083,17065051.5,0.934333261391096,7.39602301050679e-7,12,12,reported
signals,BenchmarkCompileFullWorkers/sqlite3/p8,allocs/op,9805,9929.5,1.2697603263641,7.39602301050679e-7,12,12,reported
signals,BenchmarkCompileFull/isa_ctl,ns/op,157071,104687.5,-33.350204684505734,7.39602301050679e-7,12,12,reported
signals,BenchmarkCompileFull/isa_ctl,code-B,3890,3890,0,1,12,12,reported
signals,BenchmarkCompileFull/isa_ctl,B/op,69119,69208,0.12876343697101333,7.39602301050679e-7,12,12,reported
signals,BenchmarkCompileFull/isa_ctl,allocs/op,117,119,1.7094017094017033,7.39602301050679e-7,12,12,reported
signals,BenchmarkCompileFull/fannkuch,ns/op,138096,91002,-34.10236357316649,7.39602301050679e-7,12,12,reported
signals,BenchmarkCompileFull/fannkuch,code-B,3779,3779,0,1,12,12,reported
signals,BenchmarkCompileFull/fannkuch,B/op,74891,74968.5,0.10348372968713715,7.39602301050679e-7,12,12,reported
signals,BenchmarkCompileFull/fannkuch,allocs/op,158,160,1.2658227848101333,7.39602301050679e-7,12,12,reported
signals,BenchmarkExecParallel/process/isa_f64.sqrt,ns/op,160207,160978.5,0.4815644759592175,0.2913426592252814,12,12,reported
signals,BenchmarkExecParallel/process/isa_f64.sqrt,B/op,5,5,0,0.9953612143678101,12,12,reported
signals,BenchmarkExecParallel/process/isa_f64.sqrt,allocs/op,0,0,0,1,12,12,reported
signals,BenchmarkCompileFull/isa_simd_reduce,ns/op,145395,97252.5,-33.111523780047456,7.39602301050679e-7,12,12,reported
signals,BenchmarkCompileFull/isa_simd_reduce,code-B,4594,4594,0,1,12,12,reported
signals,BenchmarkCompileFull/isa_simd_reduce,B/op,37279.5,34563,-7.286846658351109,7.39602301050679e-7,12,12,reported
signals,BenchmarkCompileFull/isa_simd_reduce,allocs/op,107,109,1.869158878504673,7.39602301050679e-7,12,12,reported
signals,BenchmarkCompileFull/isa_simd_v128,ns/op,141614,88327.5,-37.62798875817362,7.39602301050679e-7,12,12,reported
signals,BenchmarkCompileFull/isa_simd_v128,code-B,4159,4159,0,1,12,12,reported
signals,BenchmarkCompileFull/isa_simd_v128,B/op,35903,35984,0.22560788792023168,7.39602301050679e-7,12,12,reported
signals,BenchmarkCompileFull/isa_simd_v128,allocs/op,97,99,2.0618556701030855,7.39602301050679e-7,12,12,reported
signals,BenchmarkExecParallel/process/isa_i32.rem_u,ns/op,158611,158691,0.05043786370428904,0.551167166391288,12,12,reported
signals,BenchmarkExecParallel/process/isa_i32.rem_u,B/op,5.5,5.5,0,0.32921325544828034,12,12,reported
signals,BenchmarkExecParallel/process/isa_i32.rem_u,allocs/op,0,0,0,1,12,12,reported
signals,BenchmarkExecParallel/process/isa_i64.rem_u,ns/op,158740,158701,-0.024568476754438517,0.9323005033733262,12,12,reported
signals,BenchmarkExecParallel/process/isa_i64.rem_u,B/op,6,7,16.666666666666675,0.47758413345975603,12,12,reported
signals,BenchmarkExecParallel/process/isa_i64.rem_u,allocs/op,0,0,0,1,12,12,reported
signals,BenchmarkExecParallel/process/isa_i64.div_u,ns/op,153177,153343.5,0.10869778099844574,0.37768531105453973,12,12,reported
signals,BenchmarkExecParallel/process/isa_i64.div_u,B/op,4,5,25,0.4564100591829761,12,12,reported
signals,BenchmarkExecParallel/process/isa_i64.div_u,allocs/op,0,0,0,1,12,12,reported
signals,BenchmarkExecParallel/process/utf-as.convertN,ns/op,155974.5,156535,0.3593536122891816,0.7125350756391273,12,12,reported
signals,BenchmarkExecParallel/process/utf-as.convertN,B/op,5,5,0,0.6168342358946747,12,12,reported
signals,BenchmarkExecParallel/process/utf-as.convertN,allocs/op,0,0,0,1,12,12,reported
signals,BenchmarkExecParallel/process/utf-as-simd.validateN,ns/op,146536.5,146978,0.30129012225623697,0.4428331797425888,12,12,reported
signals,BenchmarkExecParallel/process/utf-as-simd.validateN,B/op,4.5,5,11.111111111111116,0.5022395157675814,12,12,reported
signals,BenchmarkExecParallel/process/utf-as-simd.validateN,allocs/op,0,0,0,1,12,12,reported
signals,BenchmarkCompileWorkers/sqlite3/p2,ns/op,37795687.5,27380805,-27.55574296670751,7.39602301050679e-7,12,12,reported
signals,BenchmarkCompileWorkers/sqlite3/p2,code-B,3634105,3634105,0,1,12,12,reported
signals,BenchmarkCompileWorkers/sqlite3/p2,B/op,12320063,12363037.5,0.34881720978212627,0.14316777582358414,12,12,reported
signals,BenchmarkCompileWorkers/sqlite3/p2,allocs/op,2932.5,2958.5,0.8866155157715161,0.031916797699541005,12,12,reported
signals,BenchmarkExecParallel/process/isa_f32.div,ns/op,145056.5,147983,2.0174897367577493,0.7125350756391273,12,12,reported
signals,BenchmarkExecParallel/process/isa_f32.div,B/op,4.5,6,33.33333333333333,0.21141161974383135,12,12,reported
signals,BenchmarkExecParallel/process/isa_f32.div,allocs/op,0,0,0,1,12,12,reported
signals,BenchmarkCompileFull/isa_cvt,ns/op,127897.5,84211.5,-34.15703981704099,7.39602301050679e-7,12,12,reported
signals,BenchmarkCompileFull/isa_cvt,code-B,5858,5858,0,1,12,12,reported
signals,BenchmarkCompileFull/isa_cvt,B/op,30466.5,27862,-8.548733855218027,7.39602301050679e-7,12,12,reported
signals,BenchmarkCompileFull/isa_cvt,allocs/op,96,98,2.083333333333326,7.39602301050679e-7,12,12,reported
signals,BenchmarkCompileFull/nbody,ns/op,118410,80000.5,-32.437716409087066,7.39602301050679e-7,12,12,reported
signals,BenchmarkCompileFull/nbody,code-B,3503,3503,0,1,12,12,reported
signals,BenchmarkCompileFull/nbody,B/op,72337.5,72413,0.10437186797995768,7.39602301050679e-7,12,12,reported
signals,BenchmarkCompileFull/nbody,allocs/op,144,146,1.388888888888884,7.39602301050679e-7,12,12,reported
signals,BenchmarkCompileFull/spectralnorm,ns/op,101638.5,73370,-27.81278747718631,7.39602301050679e-7,12,12,reported
signals,BenchmarkCompileFull/spectralnorm,code-B,2165,2165,0,1,12,12,reported
signals,BenchmarkCompileFull/spectralnorm,B/op,70559,70636,0.1091285307331491,7.39602301050679e-7,12,12,reported
signals,BenchmarkCompileFull/spectralnorm,allocs/op,143,145,1.3986013986013957,7.39602301050679e-7,12,12,reported
signals,BenchmarkCompileFull/sha256,ns/op,109346,76617,-29.931593291021162,7.39602301050679e-7,12,12,reported
signals,BenchmarkCompileFull/sha256,code-B,2387,2387,0,1,12,12,reported
signals,BenchmarkCompileFull/sha256,B/op,73042,73122.5,0.11021056378521799,7.39602301050679e-7,12,12,reported
signals,BenchmarkCompileFull/sha256,allocs/op,149,151,1.342281879194629,7.39602301050679e-7,12,12,reported
signals,BenchmarkCompileFull/quicksort,ns/op,82690,62067,-24.940137864312494,7.39602301050679e-7,12,12,reported
signals,BenchmarkCompileFull/quicksort,code-B,1735,1735,0,1,12,12,reported
signals,BenchmarkCompileFull/quicksort,B/op,43236,43313,0.17809233046535144,7.39602301050679e-7,12,12,reported
signals,BenchmarkCompileFull/quicksort,allocs/op,170,172,1.17647058823529,7.39602301050679e-7,12,12,reported
signals,BenchmarkPluginInstantiate/wasm3,ns/op,89339,80167,-10.26651294507438,0.00182977609279938,12,12,reported
signals,BenchmarkPluginInstantiate/wasm3,B/op,34186,22616,-33.84426373369216,7.39602301050679e-7,12,12,reported
signals,BenchmarkPluginInstantiate/wasm3,allocs/op,823,213,-74.1190765492102,7.39602301050679e-7,12,12,reported
signals,BenchmarkCompileFull/matmul,ns/op,81467,59997,-26.3542293198473,7.39602301050679e-7,12,12,reported
signals,BenchmarkCompileFull/matmul,code-B,1758,1758,0,1,12,12,reported
signals,BenchmarkCompileFull/matmul,B/op,71229.5,71307,0.10880323461486263,7.39602301050679e-7,12,12,reported
signals,BenchmarkCompileFull/matmul,allocs/op,143,145,1.3986013986013957,7.39602301050679e-7,12,12,reported
signals,BenchmarkExecParallel/independent/blake-as.hashN,ns/op,90142,89738,-0.4481817576712288,0.5898757320213774,12,12,reported
signals,BenchmarkExecParallel/independent/blake-as.hashN,B/op,1.5,3,100,0.4659213447744879,12,12,reported
signals,BenchmarkExecParallel/independent/blake-as.hashN,allocs/op,0,0,0,1,12,12,reported
signals,BenchmarkExecParallel/independent/spectralnorm.run,ns/op,83797.5,83628.5,-0.2016766609982401,0.9323005033733262,12,12,reported
signals,BenchmarkExecParallel/independent/spectralnorm.run,B/op,2,2,0,0.4248312597350153,12,12,reported
signals,BenchmarkExecParallel/independent/spectralnorm.run,allocs/op,0,0,0,1,12,12,reported
signals,BenchmarkPluginExec/esbuild,ns/op,25446883.5,25330615.5,-0.45690467361160225,0.8428359902313328,12,12,reported
signals,BenchmarkPluginExec/esbuild,B/op,0,0,0,1,12,12,unmeasured: allocation timer stopped
signals,BenchmarkPluginExec/esbuild,allocs/op,0,0,0,1,12,12,unmeasured: allocation timer stopped
signals,BenchmarkPluginInstantiate/lua,ns/op,75933,70824,-6.728299948638927,7.39602301050679e-7,12,12,reported
signals,BenchmarkPluginInstantiate/lua,B/op,30178,21689,-28.1297634038041,7.39602301050679e-7,12,12,reported
signals,BenchmarkPluginInstantiate/lua,allocs/op,545,196,-64.03669724770641,7.39602301050679e-7,12,12,reported
signals,BenchmarkExecParallel/process/isa_cvt.f32_convert_s,ns/op,86481,86331.5,-0.17287034146228342,0.9323005033733262,12,12,reported
signals,BenchmarkExecParallel/process/isa_cvt.f32_convert_s,B/op,4,3,-25,0.10000976275037386,12,12,reported
signals,BenchmarkExecParallel/process/isa_cvt.f32_convert_s,allocs/op,0,0,0,1,12,12,reported
signals,BenchmarkExecParallel/process/isa_cvt.f64_convert_s,ns/op,86201.5,86371.5,0.1972123454928365,0.8105072340501066,12,12,reported
signals,BenchmarkExecParallel/process/isa_cvt.f64_convert_s,B/op,3.5,3,-14.28571428571429,0.7788515159628364,12,12,reported
signals,BenchmarkExecParallel/process/isa_cvt.f64_convert_s,allocs/op,0,0,0,1,12,12,reported
signals,BenchmarkCompileMultiModuleThroughput/many_funcs/auto,ns/op,72817.5,66369.5,-8.855014247948635,0.000001479204602101358,12,12,reported
signals,BenchmarkCompileMultiModuleThroughput/many_funcs/auto,B/op,303620,305889,0.7473157236018713,7.39602301050679e-7,12,12,reported
signals,BenchmarkCompileMultiModuleThroughput/many_funcs/auto,allocs/op,133,135,1.5037593984962516,7.39602301050679e-7,12,12,reported
signals,BenchmarkCompileMultiModuleThroughput/many_funcs/p1,ns/op,71767,66335.5,-7.568241670962983,0.00010280471984604439,12,12,reported
signals,BenchmarkCompileMultiModuleThroughput/many_funcs/p1,B/op,158884,161380,1.5709574280607264,7.39602301050679e-7,12,12,reported
signals,BenchmarkCompileMultiModuleThroughput/many_funcs/p1,allocs/op,82,84,2.4390243902439046,7.39602301050679e-7,12,12,reported
signals,BenchmarkExecParallel/independent/blake-as-simd.hashN,ns/op,73550,73053.5,-0.6750509857240017,0.40951039806875045,12,12,reported
signals,BenchmarkExecParallel/independent/blake-as-simd.hashN,B/op,1.5,2,33.33333333333333,0.379805011249351,12,12,reported
signals,BenchmarkExecParallel/independent/blake-as-simd.hashN,allocs/op,0,0,0,1,12,12,reported
signals,BenchmarkCompileFull/isa_call,ns/op,56512,45678,-19.17114949037373,7.39602301050679e-7,12,12,reported
signals,BenchmarkCompileFull/isa_call,code-B,1911,1911,0,1,12,12,reported
signals,BenchmarkCompileFull/isa_call,B/op,38649,38721,0.18629201272994944,7.39602301050679e-7,12,12,reported
signals,BenchmarkCompileFull/isa_call,allocs/op,148,150,1.3513513513513598,7.39602301050679e-7,12,12,reported
signals,BenchmarkCompileFull/crc32,ns/op,52823.5,41330,-21.758308328679465,7.39602301050679e-7,12,12,reported
signals,BenchmarkCompileFull/crc32,code-B,962,962,0,1,12,12,reported
signals,BenchmarkCompileFull/crc32,B/op,37737,37785,0.12719612051832474,7.39602301050679e-7,12,12,reported
signals,BenchmarkCompileFull/crc32,allocs/op,129,131,1.5503875968992276,7.39602301050679e-7,12,12,reported
signals,BenchmarkExecParallel/process/quicksort.sortN,ns/op,65368.5,65299.5,-0.10555542807315632,0.7987453386564977,12,12,reported
signals,BenchmarkExecParallel/process/quicksort.sortN,B/op,2,2,0,0.4880199219275811,12,12,reported
signals,BenchmarkExecParallel/process/quicksort.sortN,allocs/op,0,0,0,1,12,12,reported
signals,BenchmarkCompileFull/isa_bulk_mem,ns/op,54766,46900,-14.362925902932478,0.00014422244870488242,12,12,reported
signals,BenchmarkCompileFull/isa_bulk_mem,code-B,3749,3749,0,1,12,12,reported
signals,BenchmarkCompileFull/isa_bulk_mem,B/op,22600,22313,-1.269911504424781,7.39602301050679e-7,12,12,reported
signals,BenchmarkCompileFull/isa_bulk_mem,allocs/op,105,107,1.904761904761898,7.39602301050679e-7,12,12,reported
signals,BenchmarkCompileWorkers/sqlite3/p4,ns/op,25317268,15075159.5,-40.455030534890255,7.39602301050679e-7,12,12,reported
signals,BenchmarkCompileWorkers/sqlite3/p4,code-B,3634105,3634105,0,1,12,12,reported
signals,BenchmarkCompileWorkers/sqlite3/p4,B/op,14034540,14089355.5,0.3905756797158988,0.2415237878288087,12,12,reported
signals,BenchmarkCompileWorkers/sqlite3/p4,allocs/op,3558.5,3621,1.7563580160179892,7.39602301050679e-7,12,12,reported
signals,BenchmarkCompileFull/isa_var,ns/op,50433.5,35700,-29.213717072977285,7.39602301050679e-7,12,12,reported
signals,BenchmarkCompileFull/isa_var,code-B,546,546,0,1,12,12,reported
signals,BenchmarkCompileFull/isa_var,B/op,32017,31329,-2.1488584189649274,7.39602301050679e-7,12,12,reported
signals,BenchmarkCompileFull/isa_var,allocs/op,93,95,2.1505376344086002,7.39602301050679e-7,12,12,reported
signals,BenchmarkExecParallel/process/isa_cvt.reinterpret_f32,ns/op,53395.5,53440.5,0.08427676489590752,0.7445428444216976,12,12,reported
signals,BenchmarkExecParallel/process/isa_cvt.reinterpret_f32,B/op,2,2,0,0.21739130434782608,12,12,reported
signals,BenchmarkExecParallel/process/isa_cvt.reinterpret_f32,allocs/op,0,0,0,1,12,12,reported
signals,BenchmarkExecParallel/independent/raytrace.render,ns/op,49020,48957,-0.1285189718482238,0.7873317959466836,12,12,reported
signals,BenchmarkExecParallel/independent/raytrace.render,B/op,0,0,0,1,12,12,reported
signals,BenchmarkExecParallel/independent/raytrace.render,allocs/op,0,0,0,1,12,12,reported
signals,BenchmarkExecParallel/process/utf-as-simd.convertN,ns/op,49266,49114.5,-0.3075143100718547,0.5898757320213774,12,12,reported
signals,BenchmarkExecParallel/process/utf-as-simd.convertN,B/op,1,1,0,0.8468838336249832,12,12,reported
signals,BenchmarkExecParallel/process/utf-as-simd.convertN,allocs/op,0,0,0,1,12,12,reported
signals,BenchmarkExecParallel/process/json-as-simd.deserializeN,ns/op,48052.5,47785,-0.5566827948597863,0.6706595329559389,12,12,reported
signals,BenchmarkExecParallel/process/json-as-simd.deserializeN,B/op,1,1,0,1,12,12,reported
signals,BenchmarkExecParallel/process/json-as-simd.deserializeN,allocs/op,0,0,0,1,12,12,reported
signals,BenchmarkExecParallel/independent/nbody.step,ns/op,35191,35336.5,0.4134579864169874,0.3185851703821821,12,12,reported
signals,BenchmarkExecParallel/independent/nbody.step,B/op,0,0,0,1,12,12,reported
signals,BenchmarkExecParallel/independent/nbody.step,allocs/op,0,0,0,1,12,12,reported
signals,BenchmarkExecParallel/process/isa_f64.floor,ns/op,42357.5,42443.5,0.20303370123355702,0.8992025607990072,12,12,reported
signals,BenchmarkExecParallel/process/isa_f64.floor,B/op,1,1,0,1,12,12,reported
signals,BenchmarkExecParallel/process/isa_f64.floor,allocs/op,0,0,0,1,12,12,reported
signals,BenchmarkExecParallel/process/isa_f32.add,ns/op,42481,42447,-0.08003578070195916,0.7125350756391273,12,12,reported
signals,BenchmarkExecParallel/process/isa_f32.add,B/op,1,1,0,1,12,12,reported
signals,BenchmarkExecParallel/process/isa_f32.add,allocs/op,0,0,0,1,12,12,reported
signals,BenchmarkExecParallel/process/isa_f64.mul,ns/op,40383.5,40362,-0.053239565664198185,0.618925831202046,12,12,reported
signals,BenchmarkExecParallel/process/isa_f64.mul,B/op,1,1,0,1,12,12,reported
signals,BenchmarkExecParallel/process/isa_f64.mul,allocs/op,0,0,0,1,12,12,reported
signals,BenchmarkExecParallel/process/isa_f64.add,ns/op,40374.5,40381,0.016099270579195135,0.551167166391288,12,12,reported
signals,BenchmarkExecParallel/process/isa_f64.add,B/op,1,1,0,1,12,12,reported
signals,BenchmarkExecParallel/process/isa_f64.add,allocs/op,0,0,0,1,12,12,reported
explicit,BenchmarkCompileFullWorkers/esbuild/p4,ns/op,409479930,192416479,-53.009545791414006,7.39602301050679e-7,12,12,reported
explicit,BenchmarkCompileFullWorkers/esbuild/p4,code-B,26619552,26619552,0,1,12,12,reported
explicit,BenchmarkCompileFullWorkers/esbuild/p4,B/op,187010874,187697058,0.3669219790930489,0.4428331797425888,12,12,reported
explicit,BenchmarkCompileFullWorkers/esbuild/p4,allocs/op,27729,27629,-0.36063327202567885,0.629725504001988,12,12,reported
explicit,BenchmarkCompileFullWorkers/esbuild/p8,ns/op,373151647,153150659,-58.95752833163832,7.39602301050679e-7,12,12,reported
explicit,BenchmarkCompileFullWorkers/esbuild/p8,code-B,26619552,26619552,0,1,12,12,reported
explicit,BenchmarkCompileFullWorkers/esbuild/p8,B/op,198455566,199188097,0.3691158755406265,0.34735791869995664,12,12,reported
explicit,BenchmarkCompileFullWorkers/esbuild/p8,allocs/op,34526,34240.5,-0.8269130510340061,0.629725504001988,12,12,reported
explicit,BenchmarkExec/coremark.coremark_run,ns/op,32827641,32740149,-0.2665193030470858,0.34735791869995664,12,12,reported
explicit,BenchmarkExec/coremark.coremark_run,calls/batch,1,1,0,1,12,12,reported
explicit,BenchmarkExec/coremark.coremark_run,B/op,0,0,0,1,12,12,raw per batch; use per-call metric
explicit,BenchmarkExec/coremark.coremark_run,allocs/op,0,0,0,1,12,12,raw per batch; use per-call metric
explicit,BenchmarkExec/coremark.coremark_run,B/call,0,0,0,1,12,12,derived per sample from calls/batch
explicit,BenchmarkExec/coremark.coremark_run,allocs/call,0,0,0,1,12,12,derived per sample from calls/batch
explicit,BenchmarkCompileFull/dispatch,ns/op,30256.5,28440.5,-6.002016095714968,7.39602301050679e-7,12,12,reported
explicit,BenchmarkCompileFull/dispatch,code-B,475,475,0,1,12,12,reported
explicit,BenchmarkCompileFull/dispatch,B/op,35625,35721,0.26947368421053053,7.39602301050679e-7,12,12,reported
explicit,BenchmarkCompileFull/dispatch,allocs/op,119,121,1.680672268907557,7.39602301050679e-7,12,12,reported
explicit,BenchmarkExecParallel/process/json-as-simd.serializeN,ns/op,29601.5,30034.5,1.4627637112984093,0.9774021912936975,12,12,reported
explicit,BenchmarkExecParallel/process/json-as-simd.serializeN,B/op,0,0,0,0.4782608695652174,12,12,reported
explicit,BenchmarkExecParallel/process/json-as-simd.serializeN,allocs/op,0,0,0,1,12,12,reported
explicit,BenchmarkCompileFull/linked_list,ns/op,27771,23996,-13.593316769291707,0.00010280471984604439,12,12,reported
explicit,BenchmarkCompileFull/linked_list,code-B,274,274,0,1,12,12,reported
explicit,BenchmarkCompileFull/linked_list,B/op,22009,20160,-8.401108637375621,7.39602301050679e-7,12,12,reported
explicit,BenchmarkCompileFull/linked_list,allocs/op,90,92,2.2222222222222143,7.39602301050679e-7,12,12,reported
explicit,BenchmarkCompileFull/memory,ns/op,25821,23560,-8.756438557763058,7.39602301050679e-7,12,12,reported
explicit,BenchmarkCompileFull/memory,code-B,292,292,0,1,12,12,reported
explicit,BenchmarkCompileFull/memory,B/op,19824,19008,-4.1162227602905554,7.39602301050679e-7,12,12,reported
explicit,BenchmarkCompileFull/memory,allocs/op,90,92,2.2222222222222143,7.39602301050679e-7,12,12,reported
explicit,BenchmarkExec/json-as-simd.serializeN,ns/op,28115.5,27970,-0.5175081360815237,0.03324142542072277,12,12,reported
explicit,BenchmarkExec/json-as-simd.serializeN,calls/batch,73,72.5,-0.6849315068493178,0.4291394431386355,12,12,reported
explicit,BenchmarkExec/json-as-simd.serializeN,B/op,0,0,0,1,12,12,raw per batch; use per-call metric
explicit,BenchmarkExec/json-as-simd.serializeN,allocs/op,0,0,0,1,12,12,raw per batch; use per-call metric
explicit,BenchmarkExec/json-as-simd.serializeN,B/call,0,0,0,1,12,12,derived per sample from calls/batch
explicit,BenchmarkExec/json-as-simd.serializeN,allocs/call,0,0,0,1,12,12,derived per sample from calls/batch
explicit,BenchmarkExecParallel/process/json-as.serializeN,ns/op,24230.5,24147,-0.3446070035698856,0.3185851703821821,12,12,reported
explicit,BenchmarkExecParallel/process/json-as.serializeN,B/op,0,0,0,0.6404053612291598,12,12,reported
explicit,BenchmarkExecParallel/process/json-as.serializeN,allocs/op,0,0,0,1,12,12,reported
explicit,BenchmarkCompileFull/globals,ns/op,23561,21871.5,-7.170748270446925,0.00010280471984604439,12,12,reported
explicit,BenchmarkCompileFull/globals,code-B,148,148,0,1,12,12,reported
explicit,BenchmarkCompileFull/globals,B/op,20200,19520,-3.3663366336633693,7.39602301050679e-7,12,12,reported
explicit,BenchmarkCompileFull/globals,allocs/op,95,97,2.1052631578947434,7.39602301050679e-7,12,12,reported
explicit,BenchmarkCompileFull/arith,ns/op,22332.5,20034,-10.29217508115975,7.39602301050679e-7,12,12,reported
explicit,BenchmarkCompileFull/arith,code-B,107,107,0,1,12,12,reported
explicit,BenchmarkCompileFull/arith,B/op,32569,18048,-44.58534188952685,7.39602301050679e-7,12,12,reported
explicit,BenchmarkCompileFull/arith,allocs/op,75,77,2.6666666666666616,7.39602301050679e-7,12,12,reported
explicit,BenchmarkCompileFull/float,ns/op,21247,19858,-6.537393514378498,7.39602301050679e-7,12,12,reported
explicit,BenchmarkCompileFull/float,code-B,150,150,0,1,12,12,reported
explicit,BenchmarkCompileFull/float,B/op,32633,18112,-44.49790089786413,7.39602301050679e-7,12,12,reported
explicit,BenchmarkCompileFull/float,allocs/op,79,81,2.5316455696202445,7.39602301050679e-7,12,12,reported
explicit,BenchmarkCompileFull/fib_rec,ns/op,20575,19316.5,-6.116646415552851,0.000005177216107354753,12,12,reported
explicit,BenchmarkCompileFull/fib_rec,code-B,163,163,0,1,12,12,reported
explicit,BenchmarkCompileFull/fib_rec,B/op,18024,17320,-3.9059032401242755,7.39602301050679e-7,12,12,reported
explicit,BenchmarkCompileFull/fib_rec,allocs/op,83,85,2.4096385542168752,7.39602301050679e-7,12,12,reported
explicit,BenchmarkValidateWorkers/esbuild/p4,ns/op,29386254,25995678,-11.537966016355805,7.39602301050679e-7,12,12,reported
explicit,BenchmarkValidateWorkers/esbuild/p4,B/op,4360138.5,4330679.5,-0.6756436750805062,0.9323005033733262,12,12,reported
explicit,BenchmarkValidateWorkers/esbuild/p4,allocs/op,4216,4216,0,0.8096263677095552,12,12,reported
explicit,BenchmarkCompileFull/fib_iter,ns/op,20159,19421,-3.6608958777717193,0.011517087031961174,12,12,reported
explicit,BenchmarkCompileFull/fib_iter,code-B,99,99,0,1,12,12,reported
explicit,BenchmarkCompileFull/fib_iter,B/op,18192,17752,-2.4186455584872424,7.39602301050679e-7,12,12,reported
explicit,BenchmarkCompileFull/fib_iter,allocs/op,75,77,2.6666666666666616,7.39602301050679e-7,12,12,reported
explicit,BenchmarkCompileFull/branches,ns/op,18732,18114,-3.2991672005124872,0.00002218806903152037,12,12,reported
explicit,BenchmarkCompileFull/branches,code-B,120,120,0,1,12,12,reported
explicit,BenchmarkCompileFull/branches,B/op,18984,18032,-5.014749262536878,7.39602301050679e-7,12,12,reported
explicit,BenchmarkCompileFull/branches,allocs/op,74,76,2.7027027027026973,7.39602301050679e-7,12,12,reported
explicit,BenchmarkCompileFullWorkers/fib_rec/p4,ns/op,20298,18810.5,-7.3283082077051915,7.39602301050679e-7,12,12,reported
explicit,BenchmarkCompileFullWorkers/fib_rec/p4,code-B,163,163,0,1,12,12,reported
explicit,BenchmarkCompileFullWorkers/fib_rec/p4,B/op,17880,17176,-3.9373601789709167,7.39602301050679e-7,12,12,reported
explicit,BenchmarkCompileFullWorkers/fib_rec/p4,allocs/op,82,84,2.4390243902439046,7.39602301050679e-7,12,12,reported
explicit,BenchmarkCompileFullWorkers/fib_rec/p2,ns/op,20525,18932,-7.761266747868456,0.000495533541703955,12,12,reported
explicit,BenchmarkCompileFullWorkers/fib_rec/p2,code-B,163,163,0,1,12,12,reported
explicit,BenchmarkCompileFullWorkers/fib_rec/p2,B/op,17880,17176,-3.9373601789709167,7.39602301050679e-7,12,12,reported
explicit,BenchmarkCompileFullWorkers/fib_rec/p2,allocs/op,82,84,2.4390243902439046,7.39602301050679e-7,12,12,reported
explicit,BenchmarkCompileFullWorkers/fib_rec/p8,ns/op,20309,18818.5,-7.3391107390812005,7.39602301050679e-7,12,12,reported
explicit,BenchmarkCompileFullWorkers/fib_rec/p8,code-B,163,163,0,1,12,12,reported
explicit,BenchmarkCompileFullWorkers/fib_rec/p8,B/op,17880,17176,-3.9373601789709167,7.39602301050679e-7,12,12,reported
explicit,BenchmarkCompileFullWorkers/fib_rec/p8,allocs/op,82,84,2.4390243902439046,7.39602301050679e-7,12,12,reported
explicit,BenchmarkCompileFullWorkers/fib_rec/auto,ns/op,20136.5,18962,-5.8326918779331045,7.39602301050679e-7,12,12,reported
explicit,BenchmarkCompileFullWorkers/fib_rec/auto,code-B,163,163,0,1,12,12,reported
explicit,BenchmarkCompileFullWorkers/fib_rec/auto,B/op,17880,17176,-3.9373601789709167,7.39602301050679e-7,12,12,reported
explicit,BenchmarkCompileFullWorkers/fib_rec/auto,allocs/op,82,84,2.4390243902439046,7.39602301050679e-7,12,12,reported
explicit,BenchmarkCompileFullWorkers/fib_rec/p1,ns/op,20440.5,19045,-6.8271324086984215,0.00007174142320191587,12,12,reported
explicit,BenchmarkCompileFullWorkers/fib_rec/p1,code-B,163,163,0,1,12,12,reported
explicit,BenchmarkCompileFullWorkers/fib_rec/p1,B/op,17880,17176,-3.9373601789709167,7.39602301050679e-7,12,12,reported
explicit,BenchmarkCompileFullWorkers/fib_rec/p1,allocs/op,82,84,2.4390243902439046,7.39602301050679e-7,12,12,reported
explicit,BenchmarkExec/isa_simd_f32x4.div,ns/op,18844.5,18832,-0.06633235161452866,0.5898757320213774,12,12,reported
explicit,BenchmarkExec/isa_simd_f32x4.div,calls/batch,106.5,106,-0.46948356807511304,0.25529074506056604,12,12,reported
explicit,BenchmarkExec/isa_simd_f32x4.div,B/op,0,0,0,1,12,12,raw per batch; use per-call metric
explicit,BenchmarkExec/isa_simd_f32x4.div,allocs/op,0,0,0,1,12,12,raw per batch; use per-call metric
explicit,BenchmarkExec/isa_simd_f32x4.div,B/call,0,0,0,1,12,12,derived per sample from calls/batch
explicit,BenchmarkExec/isa_simd_f32x4.div,allocs/call,0,0,0,1,12,12,derived per sample from calls/batch
explicit,BenchmarkCompileFullWorkers/tiny/auto,ns/op,18030.5,17226,-4.461884029838325,0.00002218806903152037,12,12,reported
explicit,BenchmarkCompileFullWorkers/tiny/auto,code-B,96,96,0,1,12,12,reported
explicit,BenchmarkCompileFullWorkers/tiny/auto,B/op,16056,16136,0.49825610363727346,7.39602301050679e-7,12,12,reported
explicit,BenchmarkCompileFullWorkers/tiny/auto,allocs/op,73,75,2.7397260273972712,7.39602301050679e-7,12,12,reported
explicit,BenchmarkCompileFull/tiny,ns/op,18380,17603.5,-4.224700761697497,0.0002011718258857847,12,12,reported
explicit,BenchmarkCompileFull/tiny,code-B,96,96,0,1,12,12,reported
explicit,BenchmarkCompileFull/tiny,B/op,16200,16280,0.49382716049382047,7.39602301050679e-7,12,12,reported
explicit,BenchmarkCompileFull/tiny,allocs/op,74,76,2.7027027027026973,7.39602301050679e-7,12,12,reported
explicit,BenchmarkCompileWorkers/sqlite3/p4,ns/op,25369706.5,15493631.5,-38.92861354150865,7.39602301050679e-7,12,12,reported
explicit,BenchmarkCompileWorkers/sqlite3/p4,code-B,3634105,3634105,0,1,12,12,reported
explicit,BenchmarkCompileWorkers/sqlite3/p4,B/op,14099604,14109659.5,0.07131760579941471,0.8873859348351204,12,12,reported
explicit,BenchmarkCompileWorkers/sqlite3/p4,allocs/op,3558,3622.5,1.8128161888701477,7.39602301050679e-7,12,12,reported
explicit,BenchmarkCompileFullWorkers/tiny/p1,ns/op,18365,17355.5,-5.4968690443778945,7.39602301050679e-7,12,12,reported
explicit,BenchmarkCompileFullWorkers/tiny/p1,code-B,96,96,0,1,12,12,reported
explicit,BenchmarkCompileFullWorkers/tiny/p1,B/op,16056,16136,0.49825610363727346,7.39602301050679e-7,12,12,reported
explicit,BenchmarkCompileFullWorkers/tiny/p1,allocs/op,73,75,2.7397260273972712,7.39602301050679e-7,12,12,reported
explicit,BenchmarkExec/isa_var.local_getset,ns/op,14029.5,14032.5,0.021383513311246105,0.9435202702802649,12,12,reported
explicit,BenchmarkExec/isa_var.local_getset,calls/batch,143,143,0,0.6374521292410645,12,12,reported
explicit,BenchmarkExec/isa_var.local_getset,B/op,0,0,0,1,12,12,raw per batch; use per-call metric
explicit,BenchmarkExec/isa_var.local_getset,allocs/op,0,0,0,1,12,12,raw per batch; use per-call metric
explicit,BenchmarkExec/isa_var.local_getset,B/call,0,0,0,1,12,12,derived per sample from calls/batch
explicit,BenchmarkExec/isa_var.local_getset,allocs/call,0,0,0,1,12,12,derived per sample from calls/batch
explicit,BenchmarkExec/isa_i64.shr_s,ns/op,13851.5,13867.5,0.11551095549218182,0.3695090076164245,12,12,reported
explicit,BenchmarkExec/isa_i64.shr_s,calls/batch,144,145,0.694444444444442,0.26108774789620126,12,12,reported
explicit,BenchmarkExec/isa_i64.shr_s,B/op,0,0,0,1,12,12,raw per batch; use per-call metric
explicit,BenchmarkExec/isa_i64.shr_s,allocs/op,0,0,0,1,12,12,raw per batch; use per-call metric
explicit,BenchmarkExec/isa_i64.shr_s,B/call,0,0,0,1,12,12,derived per sample from calls/batch
explicit,BenchmarkExec/isa_i64.shr_s,allocs/call,0,0,0,1,12,12,derived per sample from calls/batch
explicit,BenchmarkExec/isa_i64.rotr,ns/op,13883,13865,-0.12965497370884815,0.5994217789210385,12,12,reported
explicit,BenchmarkExec/isa_i64.rotr,calls/batch,145,145,0,0.1457822699577983,12,12,reported
explicit,BenchmarkExec/isa_i64.rotr,B/op,0,0,0,1,12,12,raw per batch; use per-call metric
explicit,BenchmarkExec/isa_i64.rotr,allocs/op,0,0,0,1,12,12,raw per batch; use per-call metric
explicit,BenchmarkExec/isa_i64.rotr,B/call,0,0,0,1,12,12,derived per sample from calls/batch
explicit,BenchmarkExec/isa_i64.rotr,allocs/call,0,0,0,1,12,12,derived per sample from calls/batch
explicit,BenchmarkExec/isa_cvt.i64_extend_s,ns/op,13848.5,13889,0.2924504458966748,0.4872751424104231,12,12,reported
explicit,BenchmarkExec/isa_cvt.i64_extend_s,calls/batch,145,140,-3.4482758620689613,0.025624261322201827,12,12,reported
explicit,BenchmarkExec/isa_cvt.i64_extend_s,B/op,0,0,0,1,12,12,raw per batch; use per-call metric
explicit,BenchmarkExec/isa_cvt.i64_extend_s,allocs/op,0,0,0,1,12,12,raw per batch; use per-call metric
explicit,BenchmarkExec/isa_cvt.i64_extend_s,B/call,0,0,0,1,12,12,derived per sample from calls/batch
explicit,BenchmarkExec/isa_cvt.i64_extend_s,allocs/call,0,0,0,1,12,12,derived per sample from calls/batch
explicit,BenchmarkExec/isa_simd_i64x2.mul,ns/op,12325.5,12350.5,0.20283152813274086,0.618354858225635,12,12,reported
explicit,BenchmarkExec/isa_simd_i64x2.mul,calls/batch,162.5,162.5,0,0.6734330415848789,12,12,reported
explicit,BenchmarkExec/isa_simd_i64x2.mul,B/op,0,0,0,1,12,12,raw per batch; use per-call metric
explicit,BenchmarkExec/isa_simd_i64x2.mul,allocs/op,0,0,0,1,12,12,raw per batch; use per-call metric
explicit,BenchmarkExec/isa_simd_i64x2.mul,B/call,0,0,0,1,12,12,derived per sample from calls/batch
explicit,BenchmarkExec/isa_simd_i64x2.mul,allocs/call,0,0,0,1,12,12,derived per sample from calls/batch
explicit,BenchmarkCompileWorkers/tiny/p4,ns/op,10797.5,10571.5,-2.093077101180829,0.023159906455100965,12,12,reported
explicit,BenchmarkCompileWorkers/tiny/p4,code-B,96,96,0,1,12,12,reported
explicit,BenchmarkCompileWorkers/tiny/p4,B/op,17455.5,17470,0.08306837386498067,7.39602301050679e-7,12,12,reported
explicit,BenchmarkCompileWorkers/tiny/p4,allocs/op,40,40,0,1,12,12,reported
explicit,BenchmarkExec/isa_simd_f32x4.min,ns/op,10349.5,10330,-0.18841489927049482,0.4686726653343964,12,12,reported
explicit,BenchmarkExec/isa_simd_f32x4.min,calls/batch,194,194,0,0.8944498764124555,12,12,reported
explicit,BenchmarkExec/isa_simd_f32x4.min,B/op,0,0,0,1,12,12,raw per batch; use per-call metric
explicit,BenchmarkExec/isa_simd_f32x4.min,allocs/op,0,0,0,1,12,12,raw per batch; use per-call metric
explicit,BenchmarkExec/isa_simd_f32x4.min,B/call,0,0,0,1,12,12,derived per sample from calls/batch
explicit,BenchmarkExec/isa_simd_f32x4.min,allocs/call,0,0,0,1,12,12,derived per sample from calls/batch
explicit,BenchmarkExec/isa_simd_i32x4.trunc_sat_f64x2_u_zero,ns/op,9616.5,9654,0.3899547652472357,0.5898757320213774,12,12,reported
explicit,BenchmarkExec/isa_simd_i32x4.trunc_sat_f64x2_u_zero,calls/batch,210.5,209,-0.7125890736342066,0.3519530677963845,12,12,reported
explicit,BenchmarkExec/isa_simd_i32x4.trunc_sat_f64x2_u_zero,B/op,0,0,0,1,12,12,raw per batch; use per-call metric
explicit,BenchmarkExec/isa_simd_i32x4.trunc_sat_f64x2_u_zero,allocs/op,0,0,0,1,12,12,raw per batch; use per-call metric
explicit,BenchmarkExec/isa_simd_i32x4.trunc_sat_f64x2_u_zero,B/call,0,0,0,1,12,12,derived per sample from calls/batch
explicit,BenchmarkExec/isa_simd_i32x4.trunc_sat_f64x2_u_zero,allocs/call,0,0,0,1,12,12,derived per sample from calls/batch
explicit,BenchmarkExec/isa_simd_i32x4.trunc_sat_f32x4_s,ns/op,8182,8159.5,-0.27499388902468835,0.35458013516971654,12,12,reported
explicit,BenchmarkExec/isa_simd_i32x4.trunc_sat_f32x4_s,calls/batch,254,249.5,-1.7716535433070835,0.5787720826757036,12,12,reported
explicit,BenchmarkExec/isa_simd_i32x4.trunc_sat_f32x4_s,B/op,0,0,0,1,12,12,raw per batch; use per-call metric
explicit,BenchmarkExec/isa_simd_i32x4.trunc_sat_f32x4_s,allocs/op,0,0,0,1,12,12,raw per batch; use per-call metric
explicit,BenchmarkExec/isa_simd_i32x4.trunc_sat_f32x4_s,B/call,0,0,0,1,12,12,derived per sample from calls/batch
explicit,BenchmarkExec/isa_simd_i32x4.trunc_sat_f32x4_s,allocs/call,0,0,0,1,12,12,derived per sample from calls/batch
explicit,BenchmarkPluginExec/wasm3,ns/op,23257068,23060603,-0.8447539474881305,0.40951039806875045,12,12,reported
explicit,BenchmarkPluginExec/wasm3,B/op,0,0,0,1,12,12,unmeasured: allocation timer stopped
explicit,BenchmarkPluginExec/wasm3,allocs/op,0,0,0,1,12,12,unmeasured: allocation timer stopped
explicit,BenchmarkExecParallel/independent/json-as.deserializeN,ns/op,6580,6475.5,-1.5881458966565343,0.9323005033733262,12,12,reported
explicit,BenchmarkExecParallel/independent/json-as.deserializeN,B/op,0,0,0,1,12,12,reported
explicit,BenchmarkExecParallel/independent/json-as.deserializeN,allocs/op,0,0,0,1,12,12,reported
explicit,BenchmarkExec/isa_simd_i32x4.extmul_high_u,ns/op,7131,7131,0,0.9208056044103965,12,12,reported
explicit,BenchmarkExec/isa_simd_i32x4.extmul_high_u,calls/batch,282,281.5,-0.17730496453900457,0.21063947494153443,12,12,reported
explicit,BenchmarkExec/isa_simd_i32x4.extmul_high_u,B/op,0,0,0,1,12,12,raw per batch; use per-call metric
explicit,BenchmarkExec/isa_simd_i32x4.extmul_high_u,allocs/op,0,0,0,1,12,12,raw per batch; use per-call metric
explicit,BenchmarkExec/isa_simd_i32x4.extmul_high_u,B/call,0,0,0,1,12,12,derived per sample from calls/batch
explicit,BenchmarkExec/isa_simd_i32x4.extmul_high_u,allocs/call,0,0,0,1,12,12,derived per sample from calls/batch
explicit,BenchmarkExec/isa_simd_i64x2.extmul_high_u,ns/op,7101,7106.5,0.07745387973525641,0.9886323126328511,12,12,reported
explicit,BenchmarkExec/isa_simd_i64x2.extmul_high_u,calls/batch,281.5,282,0.1776198934280604,0.5915834737345035,12,12,reported
explicit,BenchmarkExec/isa_simd_i64x2.extmul_high_u,B/op,0,0,0,1,12,12,raw per batch; use per-call metric
explicit,BenchmarkExec/isa_simd_i64x2.extmul_high_u,allocs/op,0,0,0,1,12,12,raw per batch; use per-call metric
explicit,BenchmarkExec/isa_simd_i64x2.extmul_high_u,B/call,0,0,0,1,12,12,derived per sample from calls/batch
explicit,BenchmarkExec/isa_simd_i64x2.extmul_high_u,allocs/call,0,0,0,1,12,12,derived per sample from calls/batch
explicit,BenchmarkExec/isa_simd_i32x4.trunc_sat_f64x2_s_zero,ns/op,7099,7103.5,0.0633892097478439,0.3853564661210374,12,12,reported
explicit,BenchmarkExec/isa_simd_i32x4.trunc_sat_f64x2_s_zero,calls/batch,282,281.5,-0.17730496453900457,0.9408148050630215,12,12,reported
explicit,BenchmarkExec/isa_simd_i32x4.trunc_sat_f64x2_s_zero,B/op,0,0,0,1,12,12,raw per batch; use per-call metric
explicit,BenchmarkExec/isa_simd_i32x4.trunc_sat_f64x2_s_zero,allocs/op,0,0,0,1,12,12,raw per batch; use per-call metric
explicit,BenchmarkExec/isa_simd_i32x4.trunc_sat_f64x2_s_zero,B/call,0,0,0,1,12,12,derived per sample from calls/batch
explicit,BenchmarkExec/isa_simd_i32x4.trunc_sat_f64x2_s_zero,allocs/call,0,0,0,1,12,12,derived per sample from calls/batch
explicit,BenchmarkExec/isa_var.global_getset,ns/op,7095.5,7093,-0.035233598759776275,0.6294592471736098,12,12,reported
explicit,BenchmarkExec/isa_var.global_getset,calls/batch,282,282,0,0.49824270493270356,12,12,reported
explicit,BenchmarkExec/isa_var.global_getset,B/op,0,0,0,1,12,12,raw per batch; use per-call metric
explicit,BenchmarkExec/isa_var.global_getset,allocs/op,0,0,0,1,12,12,raw per batch; use per-call metric
explicit,BenchmarkExec/isa_var.global_getset,B/call,0,0,0,1,12,12,derived per sample from calls/batch
explicit,BenchmarkExec/isa_var.global_getset,allocs/call,0,0,0,1,12,12,derived per sample from calls/batch
explicit,BenchmarkExec/isa_simd_i64x2.extmul_low_u,ns/op,7082.5,7088,0.07765619484645381,0.16417396037802554,12,12,reported
explicit,BenchmarkExec/isa_simd_i64x2.extmul_low_u,calls/batch,283,281.5,-0.5300353356890497,0.12397361690671692,12,12,reported
explicit,BenchmarkExec/isa_simd_i64x2.extmul_low_u,B/op,0,0,0,1,12,12,raw per batch; use per-call metric
explicit,BenchmarkExec/isa_simd_i64x2.extmul_low_u,allocs/op,0,0,0,1,12,12,raw per batch; use per-call metric
explicit,BenchmarkExec/isa_simd_i64x2.extmul_low_u,B/call,0,0,0,1,12,12,derived per sample from calls/batch
explicit,BenchmarkExec/isa_simd_i64x2.extmul_low_u,allocs/call,0,0,0,1,12,12,derived per sample from calls/batch
explicit,BenchmarkExec/isa_simd_i32x4.lt_u,ns/op,5325,5320,-0.09389671361502705,0.4166298098186643,12,12,reported
explicit,BenchmarkExec/isa_simd_i32x4.lt_u,calls/batch,376,376,0,0.4352441205315078,12,12,reported
explicit,BenchmarkExec/isa_simd_i32x4.lt_u,B/op,0,0,0,1,12,12,raw per batch; use per-call metric
explicit,BenchmarkExec/isa_simd_i32x4.lt_u,allocs/op,0,0,0,1,12,12,raw per batch; use per-call metric
explicit,BenchmarkExec/isa_simd_i32x4.lt_u,B/call,0,0,0,1,12,12,derived per sample from calls/batch
explicit,BenchmarkExec/isa_simd_i32x4.lt_u,allocs/call,0,0,0,1,12,12,derived per sample from calls/batch
explicit,BenchmarkExec/isa_simd_i8x16.lt_u,ns/op,5320,5320,0,0.9201495771693645,12,12,reported
explicit,BenchmarkExec/isa_simd_i8x16.lt_u,calls/batch,376,377,0.26595744680850686,0.047111926974627204,12,12,reported
explicit,BenchmarkExec/isa_simd_i8x16.lt_u,B/op,0,0,0,1,12,12,raw per batch; use per-call metric
explicit,BenchmarkExec/isa_simd_i8x16.lt_u,allocs/op,0,0,0,1,12,12,raw per batch; use per-call metric
explicit,BenchmarkExec/isa_simd_i8x16.lt_u,B/call,0,0,0,1,12,12,derived per sample from calls/batch
explicit,BenchmarkExec/isa_simd_i8x16.lt_u,allocs/call,0,0,0,1,12,12,derived per sample from calls/batch
explicit,BenchmarkExec/isa_simd_i8x16.gt_u,ns/op,5326.5,5321.5,-0.09387027128507919,0.7438550142817204,12,12,reported
explicit,BenchmarkExec/isa_simd_i8x16.gt_u,calls/batch,376,376,0,0.4360584226649646,12,12,reported
explicit,BenchmarkExec/isa_simd_i8x16.gt_u,B/op,0,0,0,1,12,12,raw per batch; use per-call metric
explicit,BenchmarkExec/isa_simd_i8x16.gt_u,allocs/op,0,0,0,1,12,12,raw per batch; use per-call metric
explicit,BenchmarkExec/isa_simd_i8x16.gt_u,B/call,0,0,0,1,12,12,derived per sample from calls/batch
explicit,BenchmarkExec/isa_simd_i8x16.gt_u,allocs/call,0,0,0,1,12,12,derived per sample from calls/batch
explicit,BenchmarkExec/isa_simd_i64x2.ge_s,ns/op,5319.5,5317,-0.04699689820472086,0.9885746236533691,12,12,reported
explicit,BenchmarkExec/isa_simd_i64x2.ge_s,calls/batch,376,376,0,0.6189354460319597,12,12,reported
explicit,BenchmarkExec/isa_simd_i64x2.ge_s,B/op,0,0,0,1,12,12,raw per batch; use per-call metric
explicit,BenchmarkExec/isa_simd_i64x2.ge_s,allocs/op,0,0,0,1,12,12,raw per batch; use per-call metric
explicit,BenchmarkExec/isa_simd_i64x2.ge_s,B/call,0,0,0,1,12,12,derived per sample from calls/batch
explicit,BenchmarkExec/isa_simd_i64x2.ge_s,allocs/call,0,0,0,1,12,12,derived per sample from calls/batch
explicit,BenchmarkCompileWorkers/sqlite3/p8,ns/op,19630882.5,9960812,-49.25947929238536,7.39602301050679e-7,12,12,reported
explicit,BenchmarkCompileWorkers/sqlite3/p8,code-B,3634105,3634105,0,1,12,12,reported
explicit,BenchmarkCompileWorkers/sqlite3/p8,B/op,17144415,16974162,-0.9930522563762034,0.1978081146206062,12,12,reported
explicit,BenchmarkCompileWorkers/sqlite3/p8,allocs/op,4495.5,4625,2.8806584362139898,7.39602301050679e-7,12,12,reported
explicit,BenchmarkExec/isa_simd_f32x4.add,ns/op,5300.5,5302,0.0282992170550056,0.943316140045175,12,12,reported
explicit,BenchmarkExec/isa_simd_f32x4.add,calls/batch,376.5,378,0.3984063745019917,0.5636620076652382,12,12,reported
explicit,BenchmarkExec/isa_simd_f32x4.add,B/op,0,0,0,1,12,12,raw per batch; use per-call metric
explicit,BenchmarkExec/isa_simd_f32x4.add,allocs/op,0,0,0,1,12,12,raw per batch; use per-call metric
explicit,BenchmarkExec/isa_simd_f32x4.add,B/call,0,0,0,1,12,12,derived per sample from calls/batch
explicit,BenchmarkExec/isa_simd_f32x4.add,allocs/call,0,0,0,1,12,12,derived per sample from calls/batch
explicit,BenchmarkExecParallel/independent/isa_ctl.br_table,ns/op,3012.5,3078.5,2.1908713692946113,0.5137225810936943,12,12,reported
explicit,BenchmarkExecParallel/independent/isa_ctl.br_table,B/op,0,0,0,1,12,12,reported
explicit,BenchmarkExecParallel/independent/isa_ctl.br_table,allocs/op,0,0,0,1,12,12,reported
explicit,BenchmarkExec/isa_simd_f32x4.ne,ns/op,3533.5,3536.5,0.08490165558228124,0.765915132115159,12,12,reported
explicit,BenchmarkExec/isa_simd_f32x4.ne,calls/batch,568,566,-0.35211267605633756,0.854018037420918,12,12,reported
explicit,BenchmarkExec/isa_simd_f32x4.ne,B/op,0,0,0,1,12,12,raw per batch; use per-call metric
explicit,BenchmarkExec/isa_simd_f32x4.ne,allocs/op,0,0,0,1,12,12,raw per batch; use per-call metric
explicit,BenchmarkExec/isa_simd_f32x4.ne,B/call,0,0,0,1,12,12,derived per sample from calls/batch
explicit,BenchmarkExec/isa_simd_f32x4.ne,allocs/call,0,0,0,1,12,12,derived per sample from calls/batch
explicit,BenchmarkExec/isa_simd_f32x4.gt,ns/op,3431,3442,0.3206062372486107,0.9205386079797171,12,12,reported
explicit,BenchmarkExec/isa_simd_f32x4.gt,calls/batch,585.5,585,-0.0853970964987183,0.6394179921572573,12,12,reported
explicit,BenchmarkExec/isa_simd_f32x4.gt,B/op,0,0,0,1,12,12,raw per batch; use per-call metric
explicit,BenchmarkExec/isa_simd_f32x4.gt,allocs/op,0,0,0,1,12,12,raw per batch; use per-call metric
explicit,BenchmarkExec/isa_simd_f32x4.gt,B/call,0,0,0,1,12,12,derived per sample from calls/batch
explicit,BenchmarkExec/isa_simd_f32x4.gt,allocs/call,0,0,0,1,12,12,derived per sample from calls/batch
explicit,BenchmarkExec/isa_simd_i64x2.eq,ns/op,3430.5,3428,-0.07287567409998141,0.8762955983308656,12,12,reported
explicit,BenchmarkExec/isa_simd_i64x2.eq,calls/batch,587,586,-0.17035775127768327,0.536003100412846,12,12,reported
explicit,BenchmarkExec/isa_simd_i64x2.eq,B/op,0,0,0,1,12,12,raw per batch; use per-call metric
explicit,BenchmarkExec/isa_simd_i64x2.eq,allocs/op,0,0,0,1,12,12,raw per batch; use per-call metric
explicit,BenchmarkExec/isa_simd_i64x2.eq,B/call,0,0,0,1,12,12,derived per sample from calls/batch
explicit,BenchmarkExec/isa_simd_i64x2.eq,allocs/call,0,0,0,1,12,12,derived per sample from calls/batch
explicit,BenchmarkExec/isa_simd_i64x2.gt_s,ns/op,3444.5,3446,0.043547684714773105,0.6808837951656636,12,12,reported
explicit,BenchmarkExec/isa_simd_i64x2.gt_s,calls/batch,587,585,-0.34071550255536653,0.2181678867639293,12,12,reported
explicit,BenchmarkExec/isa_simd_i64x2.gt_s,B/op,0,0,0,1,12,12,raw per batch; use per-call metric
explicit,BenchmarkExec/isa_simd_i64x2.gt_s,allocs/op,0,0,0,1,12,12,raw per batch; use per-call metric
explicit,BenchmarkExec/isa_simd_i64x2.gt_s,B/call,0,0,0,1,12,12,derived per sample from calls/batch
explicit,BenchmarkExec/isa_simd_i64x2.gt_s,allocs/call,0,0,0,1,12,12,derived per sample from calls/batch
explicit,BenchmarkExec/isa_simd_i8x16.add_sat_s,ns/op,3438.5,3448,0.27628326305075834,0.5043044853921149,12,12,reported
explicit,BenchmarkExec/isa_simd_i8x16.add_sat_s,calls/batch,587,585.5,-0.25553662691651935,0.799888024211621,12,12,reported
explicit,BenchmarkExec/isa_simd_i8x16.add_sat_s,B/op,0,0,0,1,12,12,raw per batch; use per-call metric
explicit,BenchmarkExec/isa_simd_i8x16.add_sat_s,allocs/op,0,0,0,1,12,12,raw per batch; use per-call metric
explicit,BenchmarkExec/isa_simd_i8x16.add_sat_s,B/call,0,0,0,1,12,12,derived per sample from calls/batch
explicit,BenchmarkExec/isa_simd_i8x16.add_sat_s,allocs/call,0,0,0,1,12,12,derived per sample from calls/batch
explicit,BenchmarkExec/isa_simd_i64x2.lt_s,ns/op,3446,3448,0.05803830528148257,0.551167166391288,12,12,reported
explicit,BenchmarkExec/isa_simd_i64x2.lt_s,calls/batch,582,586.5,0.773195876288657,0.29644887351173527,12,12,reported
explicit,BenchmarkExec/isa_simd_i64x2.lt_s,B/op,0,0,0,1,12,12,raw per batch; use per-call metric
explicit,BenchmarkExec/isa_simd_i64x2.lt_s,allocs/op,0,0,0,1,12,12,raw per batch; use per-call metric
explicit,BenchmarkExec/isa_simd_i64x2.lt_s,B/call,0,0,0,1,12,12,derived per sample from calls/batch
explicit,BenchmarkExec/isa_simd_i64x2.lt_s,allocs/call,0,0,0,1,12,12,derived per sample from calls/batch
explicit,BenchmarkExec/isa_simd_f32x4.ceil,ns/op,2610.5,2612,0.057460256655805786,0.9662194045018113,12,12,reported
explicit,BenchmarkExec/isa_simd_f32x4.ceil,calls/batch,772,768,-0.5181347150259086,0.4005930131249824,12,12,reported
explicit,BenchmarkExec/isa_simd_f32x4.ceil,B/op,0,0,0,1,12,12,raw per batch; use per-call metric
explicit,BenchmarkExec/isa_simd_f32x4.ceil,allocs/op,0,0,0,1,12,12,raw per batch; use per-call metric
explicit,BenchmarkExec/isa_simd_f32x4.ceil,B/call,0,0,0,1,12,12,derived per sample from calls/batch
explicit,BenchmarkExec/isa_simd_f32x4.ceil,allocs/call,0,0,0,1,12,12,derived per sample from calls/batch
explicit,BenchmarkExec/isa_simd_f64x2.ceil,ns/op,2614.5,2615,0.019124115509661088,0.7229375820034051,12,12,reported
explicit,BenchmarkExec/isa_simd_f64x2.ceil,calls/batch,778.5,773.5,-0.6422607578676964,0.9206843096330242,12,12,reported
explicit,BenchmarkExec/isa_simd_f64x2.ceil,B/op,0,0,0,1,12,12,raw per batch; use per-call metric
explicit,BenchmarkExec/isa_simd_f64x2.ceil,allocs/op,0,0,0,1,12,12,raw per batch; use per-call metric
explicit,BenchmarkExec/isa_simd_f64x2.ceil,B/call,0,0,0,1,12,12,derived per sample from calls/batch
explicit,BenchmarkExec/isa_simd_f64x2.ceil,allocs/call,0,0,0,1,12,12,derived per sample from calls/batch
explicit,BenchmarkValidateWorkers/esbuild/p8,ns/op,20876621.5,18630371.5,-10.759643268907283,7.39602301050679e-7,12,12,reported
explicit,BenchmarkValidateWorkers/esbuild/p8,B/op,5643557.5,5644232.5,0.011960540846800427,0.5898757320213774,12,12,reported
explicit,BenchmarkValidateWorkers/esbuild/p8,allocs/op,4282,4282.5,0.011676786548342477,0.6801722977520528,12,12,reported
explicit,BenchmarkExec/isa_simd_f32x4.demote_f64x2_zero,ns/op,2564.5,2578,0.5264184051471998,0.18270543563315134,12,12,reported
explicit,BenchmarkExec/isa_simd_f32x4.demote_f64x2_zero,calls/batch,781.5,780,-0.19193857965451588,0.8989614504488647,12,12,reported
explicit,BenchmarkExec/isa_simd_f32x4.demote_f64x2_zero,B/op,0,0,0,1,12,12,raw per batch; use per-call metric
explicit,BenchmarkExec/isa_simd_f32x4.demote_f64x2_zero,allocs/op,0,0,0,1,12,12,raw per batch; use per-call metric
explicit,BenchmarkExec/isa_simd_f32x4.demote_f64x2_zero,B/call,0,0,0,1,12,12,derived per sample from calls/batch
explicit,BenchmarkExec/isa_simd_f32x4.demote_f64x2_zero,allocs/call,0,0,0,1,12,12,derived per sample from calls/batch
explicit,BenchmarkExec/isa_simd_f64x2.nearest,ns/op,2539,2534.5,-0.17723513194171092,0.6398965148460369,12,12,reported
explicit,BenchmarkExec/isa_simd_f64x2.nearest,calls/batch,798,794,-0.5012531328320802,1,12,12,reported
explicit,BenchmarkExec/isa_simd_f64x2.nearest,B/op,0,0,0,1,12,12,raw per batch; use per-call metric
explicit,BenchmarkExec/isa_simd_f64x2.nearest,allocs/op,0,0,0,1,12,12,raw per batch; use per-call metric
explicit,BenchmarkExec/isa_simd_f64x2.nearest,B/call,0,0,0,1,12,12,derived per sample from calls/batch
explicit,BenchmarkExec/isa_simd_f64x2.nearest,allocs/call,0,0,0,1,12,12,derived per sample from calls/batch
explicit,BenchmarkExec/isa_simd_f64x2.trunc,ns/op,2580,2583,0.11627906976743319,0.579522039408969,12,12,reported
explicit,BenchmarkExec/isa_simd_f64x2.trunc,calls/batch,782,778,-0.5115089514066473,0.062417256992569954,12,12,reported
explicit,BenchmarkExec/isa_simd_f64x2.trunc,B/op,0,0,0,1,12,12,raw per batch; use per-call metric
explicit,BenchmarkExec/isa_simd_f64x2.trunc,allocs/op,0,0,0,1,12,12,raw per batch; use per-call metric
explicit,BenchmarkExec/isa_simd_f64x2.trunc,B/call,0,0,0,1,12,12,derived per sample from calls/batch
explicit,BenchmarkExec/isa_simd_f64x2.trunc,allocs/call,0,0,0,1,12,12,derived per sample from calls/batch
explicit,BenchmarkExec/isa_simd_f32x4.nearest,ns/op,2593,2594,0.038565368299270375,0.46826514446651746,12,12,reported
explicit,BenchmarkExec/isa_simd_f32x4.nearest,calls/batch,773,777,0.5174644243208348,0.23241410628676748,12,12,reported
explicit,BenchmarkExec/isa_simd_f32x4.nearest,B/op,0,0,0,1,12,12,raw per batch; use per-call metric
explicit,BenchmarkExec/isa_simd_f32x4.nearest,allocs/op,0,0,0,1,12,12,raw per batch; use per-call metric
explicit,BenchmarkExec/isa_simd_f32x4.nearest,B/call,0,0,0,1,12,12,derived per sample from calls/batch
explicit,BenchmarkExec/isa_simd_f32x4.nearest,allocs/call,0,0,0,1,12,12,derived per sample from calls/batch
explicit,BenchmarkExecParallel/independent/isa_i64.rotl,ns/op,2223.5,2216,-0.3373060490218127,0.8990324522697655,12,12,reported
explicit,BenchmarkExecParallel/independent/isa_i64.rotl,B/op,0,0,0,1,12,12,reported
explicit,BenchmarkExecParallel/independent/isa_i64.rotl,allocs/op,0,0,0,1,12,12,reported
explicit,BenchmarkExecParallel/independent/isa_i32.rotl,ns/op,2180.5,2181.5,0.04586104104562505,0.4174411535429169,12,12,reported
explicit,BenchmarkExecParallel/independent/isa_i32.rotl,B/op,0,0,0,1,12,12,reported
explicit,BenchmarkExecParallel/independent/isa_i32.rotl,allocs/op,0,0,0,1,12,12,reported
explicit,BenchmarkExecParallel/independent/isa_i32.rotr,ns/op,2243,2185,-2.5858225590726702,0.037600641383115474,12,12,reported
explicit,BenchmarkExecParallel/independent/isa_i32.rotr,B/op,0,0,0,1,12,12,reported
explicit,BenchmarkExecParallel/independent/isa_i32.rotr,allocs/op,0,0,0,1,12,12,reported
explicit,BenchmarkExecParallel/independent/isa_mem.store_i32_stride,ns/op,1739,1748.5,0.5462909718228826,0.9885938533131964,12,12,reported
explicit,BenchmarkExecParallel/independent/isa_mem.store_i32_stride,B/op,0,0,0,1,12,12,reported
explicit,BenchmarkExecParallel/independent/isa_mem.store_i32_stride,allocs/op,0,0,0,1,12,12,reported
explicit,BenchmarkExecParallel/process/isa_simd_f32x4.sqrt,ns/op,1629,1634,0.30693677102517913,0.6602777354560906,12,12,reported
explicit,BenchmarkExecParallel/process/isa_simd_f32x4.sqrt,B/op,0,0,0,1,12,12,reported
explicit,BenchmarkExecParallel/process/isa_simd_f32x4.sqrt,allocs/op,0,0,0,1,12,12,reported
explicit,BenchmarkExec/isa_simd_i16x8.abs,ns/op,1656.5,1659,0.1509206157561227,0.6379787260794125,12,12,reported
explicit,BenchmarkExec/isa_simd_i16x8.abs,calls/batch,1218.5,1222,0.2872384078785428,0.28321664874363756,12,12,reported
explicit,BenchmarkExec/isa_simd_i16x8.abs,B/op,0,0,0,1,12,12,raw per batch; use per-call metric
explicit,BenchmarkExec/isa_simd_i16x8.abs,allocs/op,0,0,0,1,12,12,raw per batch; use per-call metric
explicit,BenchmarkExec/isa_simd_i16x8.abs,B/call,0,0,0,1,12,12,derived per sample from calls/batch
explicit,BenchmarkExec/isa_simd_i16x8.abs,allocs/call,0,0,0,1,12,12,derived per sample from calls/batch
explicit,BenchmarkCompileFullWorkers/lua/p4,ns/op,15154209,7354043,-51.47194419715342,7.39602301050679e-7,12,12,reported
explicit,BenchmarkCompileFullWorkers/lua/p4,code-B,897828,897828,0,1,12,12,reported
explicit,BenchmarkCompileFullWorkers/lua/p4,B/op,4867018.5,4895899.5,0.5934023057442728,0.00182977609279938,12,12,reported
explicit,BenchmarkCompileFullWorkers/lua/p4,allocs/op,3303.5,3360.5,1.7254427122748606,7.39602301050679e-7,12,12,reported
explicit,BenchmarkExec/isa_simd_i64x2.add,ns/op,1659,1660.5,0.09041591320071429,0.809243253717611,12,12,reported
explicit,BenchmarkExec/isa_simd_i64x2.add,calls/batch,1217.5,1217.5,0,0.9314788052168588,12,12,reported
explicit,BenchmarkExec/isa_simd_i64x2.add,B/op,0,0,0,1,12,12,raw per batch; use per-call metric
explicit,BenchmarkExec/isa_simd_i64x2.add,allocs/op,0,0,0,1,12,12,raw per batch; use per-call metric
explicit,BenchmarkExec/isa_simd_i64x2.add,B/call,0,0,0,1,12,12,derived per sample from calls/batch
explicit,BenchmarkExec/isa_simd_i64x2.add,allocs/call,0,0,0,1,12,12,derived per sample from calls/batch
explicit,BenchmarkExecParallel/process/memory_tree.run,ns/op,1396,1429,2.3638968481375366,0.5224114289264377,12,12,reported
explicit,BenchmarkExecParallel/process/memory_tree.run,B/op,0,0,0,1,12,12,reported
explicit,BenchmarkExecParallel/process/memory_tree.run,allocs/op,0,0,0,1,12,12,reported
explicit,BenchmarkExecParallel/independent/memory_tree.run,ns/op,1417.5,1419,0.10582010582009804,0.6593998275247434,12,12,reported
explicit,BenchmarkExecParallel/independent/memory_tree.run,B/op,0,0,0,1,12,12,reported
explicit,BenchmarkExecParallel/independent/memory_tree.run,allocs/op,0,0,0,1,12,12,reported
explicit,BenchmarkExecParallel/process/isa_bulk_mem.copy_fwd_4096,ns/op,1335.5,1350.5,1.1231748408835562,0.36972053387452497,12,12,reported
explicit,BenchmarkExecParallel/process/isa_bulk_mem.copy_fwd_4096,B/op,0,0,0,1,12,12,reported
explicit,BenchmarkExecParallel/process/isa_bulk_mem.copy_fwd_4096,allocs/op,0,0,0,1,12,12,reported
explicit,BenchmarkExec/isa_simd_reduce.i8x16_all_true,ns/op,1324.5,1326.5,0.15100037750095385,0.4864852471529009,12,12,reported
explicit,BenchmarkExec/isa_simd_reduce.i8x16_all_true,calls/batch,1551,1548,-0.19342359767892114,0.433262725966993,12,12,reported
explicit,BenchmarkExec/isa_simd_reduce.i8x16_all_true,B/op,0,0,0,1,12,12,raw per batch; use per-call metric
explicit,BenchmarkExec/isa_simd_reduce.i8x16_all_true,allocs/op,0,0,0,1,12,12,raw per batch; use per-call metric
explicit,BenchmarkExec/isa_simd_reduce.i8x16_all_true,B/call,0,0,0,1,12,12,derived per sample from calls/batch
explicit,BenchmarkExec/isa_simd_reduce.i8x16_all_true,allocs/call,0,0,0,1,12,12,derived per sample from calls/batch
explicit,BenchmarkExecParallel/independent/isa_simd_i32x4.trunc_sat_f32x4_s,ns/op,1083.5,1094,0.969081679741568,0.011079982072040223,12,12,reported
explicit,BenchmarkExecParallel/independent/isa_simd_i32x4.trunc_sat_f32x4_s,B/op,0,0,0,1,12,12,reported
explicit,BenchmarkExecParallel/independent/isa_simd_i32x4.trunc_sat_f32x4_s,allocs/op,0,0,0,1,12,12,reported
explicit,BenchmarkExecParallel/independent/globals.accumulate,ns/op,999.7,1001,0.13003901170349774,0.7019861280192415,12,12,reported
explicit,BenchmarkExecParallel/independent/globals.accumulate,B/op,0,0,0,1,12,12,reported
explicit,BenchmarkExecParallel/independent/globals.accumulate,allocs/op,0,0,0,1,12,12,reported
explicit,BenchmarkValidate/branches,ns/op,892.4,883.9000000000001,-0.9524876736889176,0.013817989790529837,12,12,reported
explicit,BenchmarkValidate/branches,B/op,2640,2640,0,1,12,12,reported
explicit,BenchmarkValidate/branches,allocs/op,14,14,0,1,12,12,reported
explicit,BenchmarkExecParallel/independent/isa_simd_i32x4.extadd_pairwise_u,ns/op,607.4,616.55,1.5064208100098675,0.45194138208002793,12,12,reported
explicit,BenchmarkExecParallel/independent/isa_simd_i32x4.extadd_pairwise_u,B/op,0,0,0,1,12,12,reported
explicit,BenchmarkExecParallel/independent/isa_simd_i32x4.extadd_pairwise_u,allocs/op,0,0,0,1,12,12,reported
explicit,BenchmarkExecParallel/process/float.run,ns/op,549,546.05,-0.5373406193078356,0.8535639216080729,12,12,reported
explicit,BenchmarkExecParallel/process/float.run,B/op,0,0,0,1,12,12,reported
explicit,BenchmarkExecParallel/process/float.run,allocs/op,0,0,0,1,12,12,reported
explicit,BenchmarkCompileFullWorkers/lua/auto,ns/op,15039187.5,7374550,-50.96443873713257,7.39602301050679e-7,12,12,reported
explicit,BenchmarkCompileFullWorkers/lua/auto,code-B,897828,897828,0,1,12,12,reported
explicit,BenchmarkCompileFullWorkers/lua/auto,B/op,4871866,4888312.5,0.33758112394717266,0.00182977609279938,12,12,reported
explicit,BenchmarkCompileFullWorkers/lua/auto,allocs/op,3304,3359.5,1.6797820823244658,7.39602301050679e-7,12,12,reported
explicit,BenchmarkExecParallel/process/isa_simd_i16x8.extadd_pairwise_s,ns/op,365.7,369.95,1.1621547716707648,0.9212604598255426,12,12,reported
explicit,BenchmarkExecParallel/process/isa_simd_i16x8.extadd_pairwise_s,B/op,0,0,0,1,12,12,reported
explicit,BenchmarkExecParallel/process/isa_simd_i16x8.extadd_pairwise_s,allocs/op,0,0,0,1,12,12,reported
explicit,BenchmarkExecParallel/process/isa_simd_i32x4.extend_high_s,ns/op,286,280.05,-2.080419580419579,0.5994062472727165,12,12,reported
explicit,BenchmarkExecParallel/process/isa_simd_i32x4.extend_high_s,B/op,0,0,0,1,12,12,reported
explicit,BenchmarkExecParallel/process/isa_simd_i32x4.extend_high_s,allocs/op,0,0,0,1,12,12,reported
explicit,BenchmarkExecParallel/process/isa_simd_i64x2.extend_low_s,ns/op,266.3,263.95,-0.8824633871573506,0.2189208019063989,12,12,reported
explicit,BenchmarkExecParallel/process/isa_simd_i64x2.extend_low_s,B/op,0,0,0,1,12,12,reported
explicit,BenchmarkExecParallel/process/isa_simd_i64x2.extend_low_s,allocs/op,0,0,0,1,12,12,reported
explicit,BenchmarkExecParallel/process/isa_simd_f32x4.abs,ns/op,227.85000000000002,227.25,-0.26333113890718574,0.41746777922575473,12,12,reported
explicit,BenchmarkExecParallel/process/isa_simd_f32x4.abs,B/op,0,0,0,1,12,12,reported
explicit,BenchmarkExecParallel/process/isa_simd_f32x4.abs,allocs/op,0,0,0,1,12,12,reported
explicit,BenchmarkExecParallel/process/isa_simd_f32x4.neg,ns/op,233.2,230.4,-1.2006861063464713,0.338869503090798,12,12,reported
explicit,BenchmarkExecParallel/process/isa_simd_f32x4.neg,B/op,0,0,0,1,12,12,reported
explicit,BenchmarkExecParallel/process/isa_simd_f32x4.neg,allocs/op,0,0,0,1,12,12,reported
explicit,BenchmarkExecParallel/independent/isa_simd_i32x4.shr_s,ns/op,159.85000000000002,153.5,-3.972474194557407,0.05186461136117887,12,12,reported
explicit,BenchmarkExecParallel/independent/isa_simd_i32x4.shr_s,B/op,0,0,0,1,12,12,reported
explicit,BenchmarkExecParallel/independent/isa_simd_i32x4.shr_s,allocs/op,0,0,0,1,12,12,reported
explicit,BenchmarkExecParallel/process/memory.sum,ns/op,40.635000000000005,40.34,-0.7259751445798046,0.09733462122747356,12,12,reported
explicit,BenchmarkExecParallel/process/memory.sum,B/op,0,0,0,1,12,12,reported
explicit,BenchmarkExecParallel/process/memory.sum,allocs/op,0,0,0,1,12,12,reported
explicit,BenchmarkCompileFullWorkers/lua/p8,ns/op,13880075,6027392.5,-56.57521663247497,7.39602301050679e-7,12,12,reported
explicit,BenchmarkCompileFullWorkers/lua/p8,code-B,897828,897828,0,1,12,12,reported
explicit,BenchmarkCompileFullWorkers/lua/p8,B/op,5793654,5808500,0.2562458855844607,0.010044538850569272,12,12,reported
explicit,BenchmarkCompileFullWorkers/lua/p8,allocs/op,4072,4178,2.6031434184675906,7.39602301050679e-7,12,12,reported
explicit,BenchmarkPluginExec/ruby,ns/op,11742443.5,11687153.5,-0.4708560019897057,0.6706595329559389,12,12,reported
explicit,BenchmarkPluginExec/ruby,B/op,0,0,0,1,12,12,unmeasured: allocation timer stopped
explicit,BenchmarkPluginExec/ruby,allocs/op,0,0,0,1,12,12,unmeasured: allocation timer stopped
explicit,BenchmarkCompileWorkers/esbuild/p2,ns/op,266582566,179981902,-32.48549419394515,7.39602301050679e-7,12,12,reported
explicit,BenchmarkCompileWorkers/esbuild/p2,code-B,26612624,26612624,0,1,12,12,reported
explicit,BenchmarkCompileWorkers/esbuild/p2,B/op,112649586,112551358.5,-0.08719739103169033,0.4775752582321434,12,12,reported
explicit,BenchmarkCompileWorkers/esbuild/p2,allocs/op,15156,14516,-4.222750065980474,0.06836144068611426,12,12,reported
explicit,BenchmarkCompileWorkers/lua/p2,ns/op,9852776.5,7077034,-28.17218577930799,7.39602301050679e-7,12,12,reported
explicit,BenchmarkCompileWorkers/lua/p2,code-B,889172,889172,0,1,12,12,reported
explicit,BenchmarkCompileWorkers/lua/p2,B/op,3871904.5,3889612.5,0.45734599084248373,7.39602301050679e-7,12,12,reported
explicit,BenchmarkCompileWorkers/lua/p2,allocs/op,1050,1074.5,2.333333333333343,7.39602301050679e-7,12,12,reported
explicit,BenchmarkCompileWorkers/lua/p4,ns/op,6933247,4176942,-39.754894063344345,7.39602301050679e-7,12,12,reported
explicit,BenchmarkCompileWorkers/lua/p4,code-B,889172,889172,0,1,12,12,reported
explicit,BenchmarkCompileWorkers/lua/p4,B/op,4364967,4390454,0.583899030622681,0.000002958409204202716,12,12,reported
explicit,BenchmarkCompileWorkers/lua/p4,allocs/op,1484.5,1538,3.603907039407206,7.39602301050679e-7,12,12,reported
explicit,BenchmarkCompileWorkers/lua/p8,ns/op,6118844.5,3298396,-46.09446276989062,7.39602301050679e-7,12,12,reported
explicit,BenchmarkCompileWorkers/lua/p8,code-B,889172,889172,0,1,12,12,reported
explicit,BenchmarkCompileWorkers/lua/p8,B/op,5277656.5,5267208.5,-0.19796665432848526,0.2656695841512102,12,12,reported
explicit,BenchmarkCompileWorkers/lua/p8,allocs/op,2206,2312,4.805077062556662,7.39602301050679e-7,12,12,reported
explicit,BenchmarkPluginInstantiate/ruby,ns/op,1806119,1605583,-11.103144366456474,0.00002218806903152037,12,12,reported
explicit,BenchmarkPluginInstantiate/ruby,B/op,294923,79067,-73.19062941852619,7.39602301050679e-7,12,12,reported
explicit,BenchmarkPluginInstantiate/ruby,allocs/op,9168.5,529,-94.23024486011889,7.39602301050679e-7,12,12,reported
explicit,BenchmarkPluginExec/sqlite3,ns/op,1756691.5,1756235.5,-0.025957887312599848,0.629725504001988,12,12,reported
explicit,BenchmarkPluginExec/sqlite3,B/op,0,0,0,1,12,12,unmeasured: allocation timer stopped
explicit,BenchmarkPluginExec/sqlite3,allocs/op,0,0,0,1,12,12,unmeasured: allocation timer stopped
explicit,BenchmarkPluginExec/lua,ns/op,1863016.5,1874863.5,0.6359041908646557,0.08873378606855521,12,12,reported
explicit,BenchmarkPluginExec/lua,B/op,0,0,0,1,12,12,unmeasured: allocation timer stopped
explicit,BenchmarkPluginExec/lua,allocs/op,0,0,0,1,12,12,unmeasured: allocation timer stopped
explicit,BenchmarkCompileFullWorkers/json-as/p2,ns/op,1376595.5,876891,-36.30002422643398,7.39602301050679e-7,12,12,reported
explicit,BenchmarkCompileFullWorkers/json-as/p2,code-B,66366,66366,0,1,12,12,reported
explicit,BenchmarkCompileFullWorkers/json-as/p2,B/op,528024,533388.5,1.0159576079875166,7.39602301050679e-7,12,12,reported
explicit,BenchmarkCompileFullWorkers/json-as/p2,allocs/op,547,570,4.20475319926874,7.39602301050679e-7,12,12,reported
explicit,BenchmarkPluginInstantiate/esbuild,ns/op,1233077,1166892.5,-5.3674263651012915,0.003636624514266189,12,12,reported
explicit,BenchmarkPluginInstantiate/esbuild,B/op,87628.5,13571,-84.51302943677,7.39602301050679e-7,12,12,reported
explicit,BenchmarkPluginInstantiate/esbuild,allocs/op,4324,177,-95.90656799259945,7.39602301050679e-7,12,12,reported
explicit,BenchmarkCompileFullWorkers/json-as/p4,ns/op,1167621.5,682089,-41.583038681627556,7.39602301050679e-7,12,12,reported
explicit,BenchmarkCompileFullWorkers/json-as/p4,code-B,66366,66366,0,1,12,12,reported
explicit,BenchmarkCompileFullWorkers/json-as/p4,B/op,662025.5,667798,0.8719452649482484,7.39602301050679e-7,12,12,reported
explicit,BenchmarkCompileFullWorkers/json-as/p4,allocs/op,704.5,746,5.890702625975863,7.39602301050679e-7,12,12,reported
explicit,BenchmarkCompileFullWorkers/json-as/p8,ns/op,1180578.5,637277,-46.01993853013586,7.39602301050679e-7,12,12,reported
explicit,BenchmarkCompileFullWorkers/json-as/p8,code-B,66366,66366,0,1,12,12,reported
explicit,BenchmarkCompileFullWorkers/json-as/p8,B/op,876938,889719.5,1.4575146703643904,7.39602301050679e-7,12,12,reported
explicit,BenchmarkCompileFullWorkers/json-as/p8,allocs/op,967,1032.5,6.7735263702171755,7.39602301050679e-7,12,12,reported
explicit,BenchmarkCompileWorkers/ruby/p8,ns/op,230851321,102078226.5,-55.78183132857186,7.39602301050679e-7,12,12,reported
explicit,BenchmarkCompileWorkers/ruby/p8,code-B,35155402,35155402,0,1,12,12,reported
explicit,BenchmarkCompileWorkers/ruby/p8,B/op,139272826.5,139186516.5,-0.061971887961931316,0.6706595329559389,12,12,reported
explicit,BenchmarkCompileWorkers/ruby/p8,allocs/op,14298,14490.5,1.346342145754642,7.39602301050679e-7,12,12,reported
explicit,BenchmarkCompileFullWorkers/json-as/auto,ns/op,1172202.5,685646.5,-41.50784527417405,7.39602301050679e-7,12,12,reported
explicit,BenchmarkCompileFullWorkers/json-as/auto,code-B,66366,66366,0,1,12,12,reported
explicit,BenchmarkCompileFullWorkers/json-as/auto,B/op,660823.5,667525.5,1.014189114037256,7.39602301050679e-7,12,12,reported
explicit,BenchmarkCompileFullWorkers/json-as/auto,allocs/op,705,746,5.81560283687943,7.39602301050679e-7,12,12,reported
explicit,BenchmarkExecParallel/independent/fannkuch.run,ns/op,1091034,1096602,0.5103415658907151,0.3185851703821821,12,12,reported
explicit,BenchmarkExecParallel/independent/fannkuch.run,B/op,33,34,3.0303030303030276,1,12,12,reported
explicit,BenchmarkExecParallel/independent/fannkuch.run,allocs/op,0,0,0,1,12,12,reported
explicit,BenchmarkCompileFull/isa_simd_i16x8,ns/op,847805,516239.5,-39.108698344548564,7.39602301050679e-7,12,12,reported
explicit,BenchmarkCompileFull/isa_simd_i16x8,code-B,32028,32028,0,1,12,12,reported
explicit,BenchmarkCompileFull/isa_simd_i16x8,B/op,57476,51542.5,-10.323439348597674,7.39602301050679e-7,12,12,reported
explicit,BenchmarkCompileFull/isa_simd_i16x8,allocs/op,175,177,1.1428571428571344,7.39602301050679e-7,12,12,reported
explicit,BenchmarkCompileFull/coremark,ns/op,790962.5,525764.5,-33.528517470802974,7.39602301050679e-7,12,12,reported
explicit,BenchmarkCompileFull/coremark,code-B,24278,24278,0,1,12,12,reported
explicit,BenchmarkCompileFull/coremark,B/op,257833,257937,0.04033618660139737,7.39602301050679e-7,12,12,reported
explicit,BenchmarkCompileFull/coremark,allocs/op,200,202,1.0000000000000009,7.39602301050679e-7,12,12,reported
explicit,BenchmarkCompileFull/isa_simd_i32x4,ns/op,777518,481532,-38.06805758837738,7.39602301050679e-7,12,12,reported
explicit,BenchmarkCompileFull/isa_simd_i32x4,code-B,35356,35356,0,1,12,12,reported
explicit,BenchmarkCompileFull/isa_simd_i32x4,B/op,56346.5,50421.5,-10.51529376270044,7.39602301050679e-7,12,12,reported
explicit,BenchmarkCompileFull/isa_simd_i32x4,allocs/op,170,172,1.17647058823529,7.39602301050679e-7,12,12,reported
explicit,BenchmarkExecParallel/process/blake-as.hashN,ns/op,670172,665646,-0.675349014879767,0.17818202795992538,12,12,reported
explicit,BenchmarkExecParallel/process/blake-as.hashN,B/op,24,21.5,-10.416666666666663,0.046080181764661506,12,12,reported
explicit,BenchmarkExecParallel/process/blake-as.hashN,allocs/op,0,0,0,1,12,12,reported
explicit,BenchmarkCompileFull/isa_simd_i8x16,ns/op,644735.5,380245,-41.02310172155869,7.39602301050679e-7,12,12,reported
explicit,BenchmarkCompileFull/isa_simd_i8x16,code-B,23548,23548,0,1,12,12,reported
explicit,BenchmarkCompileFull/isa_simd_i8x16,B/op,55009,48241,-12.303441255067348,7.39602301050679e-7,12,12,reported
explicit,BenchmarkCompileFull/isa_simd_i8x16,allocs/op,163,165,1.2269938650306678,7.39602301050679e-7,12,12,reported
explicit,BenchmarkCompileWorkers/json-as/p2,ns/op,647372.5,495074.5,-23.525559086924453,7.39602301050679e-7,12,12,reported
explicit,BenchmarkCompileWorkers/json-as/p2,code-B,57470,57470,0,1,12,12,reported
explicit,BenchmarkCompileWorkers/json-as/p2,B/op,433325,437619.5,0.9910575203369243,7.39602301050679e-7,12,12,reported
explicit,BenchmarkCompileWorkers/json-as/p2,allocs/op,264,284.5,7.765151515151514,7.39602301050679e-7,12,12,reported
explicit,BenchmarkExecParallel/process/spectralnorm.run,ns/op,633161.5,633275,0.017925916215699722,0.5898757320213774,12,12,reported
explicit,BenchmarkExecParallel/process/spectralnorm.run,B/op,21.5,21,-2.3255813953488413,0.6184399124902558,12,12,reported
explicit,BenchmarkExecParallel/process/spectralnorm.run,allocs/op,0,0,0,1,12,12,reported
explicit,BenchmarkExecParallel/independent/blake-as-simd.hashN,ns/op,540738.5,540887,0.027462442566972278,0.551167166391288,12,12,reported
explicit,BenchmarkExecParallel/independent/blake-as-simd.hashN,B/op,20,20.5,2.499999999999991,0.3511897982217002,12,12,reported
explicit,BenchmarkExecParallel/independent/blake-as-simd.hashN,allocs/op,0,0,0,1,12,12,reported
explicit,BenchmarkCompileWorkers/esbuild/p4,ns/op,178485477.5,96534904,-45.914420964585204,7.39602301050679e-7,12,12,reported
explicit,BenchmarkCompileWorkers/esbuild/p4,code-B,26612624,26612624,0,1,12,12,reported
explicit,BenchmarkCompileWorkers/esbuild/p4,B/op,121116174.5,120570016,-0.4509377069203957,0.10053044277031355,12,12,reported
explicit,BenchmarkCompileWorkers/esbuild/p4,allocs/op,19262.5,18956.5,-1.588578844905908,0.4871065130857835,12,12,reported
explicit,BenchmarkCompileWorkers/json-as/p4,ns/op,517199,348878,-32.544726497924394,7.39602301050679e-7,12,12,reported
explicit,BenchmarkCompileWorkers/json-as/p4,code-B,57470,57470,0,1,12,12,reported
explicit,BenchmarkCompileWorkers/json-as/p4,B/op,551408,557786,1.1566752749325282,7.39602301050679e-7,12,12,reported
explicit,BenchmarkCompileWorkers/json-as/p4,allocs/op,401.5,441,9.838107098381066,7.39602301050679e-7,12,12,reported
explicit,BenchmarkCompileFull/isa_simd_f32x4,ns/op,503903.5,309956.5,-38.48891702478748,7.39602301050679e-7,12,12,reported
explicit,BenchmarkCompileFull/isa_simd_f32x4,code-B,17724,17724,0,1,12,12,reported
explicit,BenchmarkCompileFull/isa_simd_f32x4,B/op,45844,39914.5,-12.934080795742087,7.39602301050679e-7,12,12,reported
explicit,BenchmarkCompileFull/isa_simd_f32x4,allocs/op,139,141,1.4388489208633004,7.39602301050679e-7,12,12,reported
explicit,BenchmarkCompileFull/isa_simd_f64x2,ns/op,498658.5,307878,-38.25874822147822,7.39602301050679e-7,12,12,reported
explicit,BenchmarkCompileFull/isa_simd_f64x2,code-B,17180,17180,0,1,12,12,reported
explicit,BenchmarkCompileFull/isa_simd_f64x2,B/op,45814,39881,-12.95018989828437,7.39602301050679e-7,12,12,reported
explicit,BenchmarkCompileFull/isa_simd_f64x2,allocs/op,138,140,1.449275362318847,7.39602301050679e-7,12,12,reported
explicit,BenchmarkCompileFull/isa_simd_i64x2,ns/op,482390.5,301274,-37.5456191612397,7.39602301050679e-7,12,12,reported
explicit,BenchmarkCompileFull/isa_simd_i64x2,code-B,20828,20828,0,1,12,12,reported
explicit,BenchmarkCompileFull/isa_simd_i64x2,B/op,44804,38853,-13.282296223551471,7.39602301050679e-7,12,12,reported
explicit,BenchmarkCompileFull/isa_simd_i64x2,allocs/op,133,135,1.5037593984962516,7.39602301050679e-7,12,12,reported
explicit,BenchmarkCompileFull/many_funcs,ns/op,448226,370579,-17.32318071687051,7.39602301050679e-7,12,12,reported
explicit,BenchmarkCompileFull/many_funcs,code-B,7817,7817,0,1,12,12,reported
explicit,BenchmarkCompileFull/many_funcs,B/op,159043,161535,1.5668718522663605,7.39602301050679e-7,12,12,reported
explicit,BenchmarkCompileFull/many_funcs,allocs/op,83,85,2.4096385542168752,7.39602301050679e-7,12,12,reported
explicit,BenchmarkCompileWorkers/json-as/p8,ns/op,480493,320720.5,-33.251785145673296,7.39602301050679e-7,12,12,reported
explicit,BenchmarkCompileWorkers/json-as/p8,code-B,57470,57470,0,1,12,12,reported
explicit,BenchmarkCompileWorkers/json-as/p8,B/op,749179,757624,1.1272339454255986,7.39602301050679e-7,12,12,reported
explicit,BenchmarkCompileWorkers/json-as/p8,allocs/op,628,690.5,9.952229299363058,7.39602301050679e-7,12,12,reported
explicit,BenchmarkCompileFullWorkers/many_funcs/p1,ns/op,450317.5,374292,-16.882643912350726,7.39602301050679e-7,12,12,reported
explicit,BenchmarkCompileFullWorkers/many_funcs/p1,code-B,7817,7817,0,1,12,12,reported
explicit,BenchmarkCompileFullWorkers/many_funcs/p1,B/op,158899,161391,1.5682918080038188,7.39602301050679e-7,12,12,reported
explicit,BenchmarkCompileFullWorkers/many_funcs/p1,allocs/op,82,84,2.4390243902439046,7.39602301050679e-7,12,12,reported
explicit,BenchmarkCompileFull/isa_i64,ns/op,412089,246658.5,-40.14436201888427,7.39602301050679e-7,12,12,reported
explicit,BenchmarkCompileFull/isa_i64,code-B,13397,13397,0,1,12,12,reported
explicit,BenchmarkCompileFull/isa_i64,B/op,44706,44832,0.2818413635753636,7.39602301050679e-7,12,12,reported
explicit,BenchmarkCompileFull/isa_i64,allocs/op,135,137,1.4814814814814836,7.39602301050679e-7,12,12,reported
explicit,BenchmarkCompileFull/isa_i32,ns/op,403542.5,238114,-40.99407125643519,7.39602301050679e-7,12,12,reported
explicit,BenchmarkCompileFull/isa_i32,code-B,11317,11317,0,1,12,12,reported
explicit,BenchmarkCompileFull/isa_i32,B/op,44708.5,44831,0.2739971146426212,7.39602301050679e-7,12,12,reported
explicit,BenchmarkCompileFull/isa_i32,allocs/op,135,137,1.4814814814814836,7.39602301050679e-7,12,12,reported
explicit,BenchmarkCompileFullWorkers/many_funcs/p2,ns/op,385413.5,327868.5,-14.930717268595938,7.39602301050679e-7,12,12,reported
explicit,BenchmarkCompileFullWorkers/many_funcs/p2,code-B,7817,7817,0,1,12,12,reported
explicit,BenchmarkCompileFullWorkers/many_funcs/p2,B/op,235913.5,238443.5,1.0724269700546962,7.39602301050679e-7,12,12,reported
explicit,BenchmarkCompileFullWorkers/many_funcs/p2,allocs/op,115,117,1.7391304347825987,7.39602301050679e-7,12,12,reported
explicit,BenchmarkCompileWorkers/esbuild/p8,ns/op,145975664,64869364,-55.561521542385314,7.39602301050679e-7,12,12,reported
explicit,BenchmarkCompileWorkers/esbuild/p8,code-B,26612624,26612624,0,1,12,12,reported
explicit,BenchmarkCompileWorkers/esbuild/p8,B/op,132655070,132185589,-0.3539110868510331,0.1978081146206062,12,12,reported
explicit,BenchmarkCompileWorkers/esbuild/p8,allocs/op,25563.5,25833.5,1.056193400747163,0.7987453386564977,12,12,reported
explicit,BenchmarkExecParallel/process/raytrace.render,ns/op,378910,378401,-0.13433269114037083,0.4775752582321434,12,12,reported
explicit,BenchmarkExecParallel/process/raytrace.render,B/op,14.5,16,10.344827586206895,0.17369412119714986,12,12,reported
explicit,BenchmarkExecParallel/process/raytrace.render,allocs/op,0,0,0,1,12,12,reported
explicit,BenchmarkCompileFull/raytrace,ns/op,325978,212593,-34.78302216714011,7.39602301050679e-7,12,12,reported
explicit,BenchmarkCompileFull/raytrace,code-B,13282,13282,0,1,12,12,reported
explicit,BenchmarkCompileFull/raytrace,B/op,138953,139026,0.05253574949803941,7.39602301050679e-7,12,12,reported
explicit,BenchmarkCompileFull/raytrace,allocs/op,182,184,1.098901098901095,7.39602301050679e-7,12,12,reported
explicit,BenchmarkCompileFullWorkers/many_funcs/auto,ns/op,327319,274111.5,-16.255548868229464,7.39602301050679e-7,12,12,reported
explicit,BenchmarkCompileFullWorkers/many_funcs/auto,code-B,7817,7817,0,1,12,12,reported
explicit,BenchmarkCompileFullWorkers/many_funcs/auto,B/op,284736.5,287336.5,0.9131249418321774,7.39602301050679e-7,12,12,reported
explicit,BenchmarkCompileFullWorkers/many_funcs/auto,allocs/op,147,149,1.3605442176870763,7.39602301050679e-7,12,12,reported
explicit,BenchmarkCompileFullWorkers/many_funcs/p4,ns/op,313397,266859.5,-14.849376350124599,7.39602301050679e-7,12,12,reported
explicit,BenchmarkCompileFullWorkers/many_funcs/p4,code-B,7817,7817,0,1,12,12,reported
explicit,BenchmarkCompileFullWorkers/many_funcs/p4,B/op,284747.5,287328,0.9062414946575448,7.39602301050679e-7,12,12,reported
explicit,BenchmarkCompileFullWorkers/many_funcs/p4,allocs/op,147,149,1.3605442176870763,7.39602301050679e-7,12,12,reported
explicit,BenchmarkCompileFull/utf-as,ns/op,257655.5,199536.5,-22.556863719190932,7.39602301050679e-7,12,12,reported
explicit,BenchmarkCompileFull/utf-as,code-B,4769,4769,0,1,12,12,reported
explicit,BenchmarkCompileFull/utf-as,B/op,214628,214709,0.03773971709188917,7.39602301050679e-7,12,12,reported
explicit,BenchmarkCompileFull/utf-as,allocs/op,154,156,1.298701298701288,7.39602301050679e-7,12,12,reported
explicit,BenchmarkCompileFull/qoi,ns/op,243669.5,163877,-32.74619925760097,7.39602301050679e-7,12,12,reported
explicit,BenchmarkCompileFull/qoi,code-B,6810,6810,0,1,12,12,reported
explicit,BenchmarkCompileFull/qoi,B/op,81033.5,81109,0.09317134271629168,7.39602301050679e-7,12,12,reported
explicit,BenchmarkCompileFull/qoi,allocs/op,198,200,1.0101010101010166,7.39602301050679e-7,12,12,reported
explicit,BenchmarkExecParallel/process/nbody.step,ns/op,262770,263742.5,0.37009552079765307,0.9323005033733262,12,12,reported
explicit,BenchmarkExecParallel/process/nbody.step,B/op,10.5,9.5,-9.523809523809524,0.6398033249561046,12,12,reported
explicit,BenchmarkExecParallel/process/nbody.step,allocs/op,0,0,0,1,12,12,reported
explicit,BenchmarkExecParallel/independent/nbody.step,ns/op,273062,271542.5,-0.5564670294658347,0.8873859348351204,12,12,reported
explicit,BenchmarkExecParallel/independent/nbody.step,B/op,9,11,22.222222222222232,0.443944802001068,12,12,reported
explicit,BenchmarkExecParallel/independent/nbody.step,allocs/op,0,0,0,1,12,12,reported
explicit,BenchmarkCompileMultiModuleThroughput/json-as/auto,ns/op,315375,231550,-26.579468886246527,7.39602301050679e-7,12,12,reported
explicit,BenchmarkCompileMultiModuleThroughput/json-as/auto,B/op,713270,719907,0.9305031755155735,7.39602301050679e-7,12,12,reported
explicit,BenchmarkCompileMultiModuleThroughput/json-as/auto,allocs/op,507,535,5.522682445759375,7.39602301050679e-7,12,12,reported
explicit,BenchmarkCompileFull/isa_f64,ns/op,276805,162624,-41.24961615577754,7.39602301050679e-7,12,12,reported
explicit,BenchmarkCompileFull/isa_f64,code-B,9104,9104,0,1,12,12,reported
explicit,BenchmarkCompileFull/isa_f64,B/op,40065.5,36121,-9.845128601914366,7.39602301050679e-7,12,12,reported
explicit,BenchmarkCompileFull/isa_f64,allocs/op,129,131,1.5503875968992276,7.39602301050679e-7,12,12,reported
explicit,BenchmarkCompileFullWorkers/sqlite3/p2,ns/op,70211865,40957572.5,-41.665739116885725,7.39602301050679e-7,12,12,reported
explicit,BenchmarkCompileFullWorkers/sqlite3/p2,code-B,3646361,3646361,0,1,12,12,reported
explicit,BenchmarkCompileFullWorkers/sqlite3/p2,B/op,14506799.5,14581701,0.5163199505169969,0.05186461136117887,12,12,reported
explicit,BenchmarkCompileFullWorkers/sqlite3/p2,allocs/op,8340,8371.5,0.3776978417266097,0.0000318028989451792,12,12,reported
explicit,BenchmarkCompileFull/isa_f32,ns/op,271310.5,162559.5,-40.083594258239174,7.39602301050679e-7,12,12,reported
explicit,BenchmarkCompileFull/isa_f32,code-B,8860,8860,0,1,12,12,reported
explicit,BenchmarkCompileFull/isa_f32,B/op,40065.5,36122,-9.842632688971808,7.39602301050679e-7,12,12,reported
explicit,BenchmarkCompileFull/isa_f32,allocs/op,129,131,1.5503875968992276,7.39602301050679e-7,12,12,reported
explicit,BenchmarkExec/nbody.step,ns/op,283375.5,276929.5,-2.274720291627186,0.2189208019063989,12,12,reported
explicit,BenchmarkExec/nbody.step,calls/batch,8,8,0,1,12,12,reported
explicit,BenchmarkExec/nbody.step,B/op,0,0,0,1,12,12,raw per batch; use per-call metric
explicit,BenchmarkExec/nbody.step,allocs/op,0,0,0,1,12,12,raw per batch; use per-call metric
explicit,BenchmarkExec/nbody.step,B/call,0,0,0,1,12,12,derived per sample from calls/batch
explicit,BenchmarkExec/nbody.step,allocs/call,0,0,0,1,12,12,derived per sample from calls/batch
explicit,BenchmarkPluginInstantiate/sqlite3,ns/op,237107,209414.5,-11.67932621137292,7.39602301050679e-7,12,12,reported
explicit,BenchmarkPluginInstantiate/sqlite3,B/op,67893.5,36599,-46.093514106652336,7.39602301050679e-7,12,12,reported
explicit,BenchmarkPluginInstantiate/sqlite3,allocs/op,1184,250,-78.88513513513513,7.39602301050679e-7,12,12,reported
explicit,BenchmarkCompileFull/lz4,ns/op,229261.5,155003,-32.39030539362256,7.39602301050679e-7,12,12,reported
explicit,BenchmarkCompileFull/lz4,code-B,6075,6075,0,1,12,12,reported
explicit,BenchmarkCompileFull/lz4,B/op,75438,75515,0.10207057451152579,7.39602301050679e-7,12,12,reported
explicit,BenchmarkCompileFull/lz4,allocs/op,153,155,1.3071895424836555,7.39602301050679e-7,12,12,reported
explicit,BenchmarkCompileFull/isa_mem,ns/op,201816,126343,-37.39693582272962,7.39602301050679e-7,12,12,reported
explicit,BenchmarkCompileFull/isa_mem,code-B,4855,4855,0,1,12,12,reported
explicit,BenchmarkCompileFull/isa_mem,B/op,37637,34913,-7.23755878523793,7.39602301050679e-7,12,12,reported
explicit,BenchmarkCompileFull/isa_mem,allocs/op,113,115,1.7699115044247815,7.39602301050679e-7,12,12,reported
explicit,BenchmarkExecParallel/process/fib_rec.fib,ns/op,180445,178901.5,-0.8553852974590548,0.5137225810936943,12,12,reported
explicit,BenchmarkExecParallel/process/fib_rec.fib,B/op,2,2,0,0.7509034242107334,12,12,reported
explicit,BenchmarkExecParallel/process/fib_rec.fib,allocs/op,0,0,0,1,12,12,reported
explicit,BenchmarkExecParallel/independent/fib_rec.fib,ns/op,178747.5,177724,-0.5725954209149786,0.7987453386564977,12,12,reported
explicit,BenchmarkExecParallel/independent/fib_rec.fib,B/op,1,1,0,0.032690421706440015,12,12,reported
explicit,BenchmarkExecParallel/independent/fib_rec.fib,allocs/op,0,0,0,1,12,12,reported
explicit,BenchmarkExecParallel/independent/utf-as.convertN,ns/op,186955.5,187272,0.16929162287282473,0.6706595329559389,12,12,reported
explicit,BenchmarkExecParallel/independent/utf-as.convertN,B/op,6.5,6,-7.692307692307687,0.35236502627806976,12,12,reported
explicit,BenchmarkExecParallel/independent/utf-as.convertN,allocs/op,0,0,0,1,12,12,reported
explicit,BenchmarkCompileFull/isa_ctl,ns/op,173757.5,115674.5,-33.427621829273555,7.39602301050679e-7,12,12,reported
explicit,BenchmarkCompileFull/isa_ctl,code-B,3890,3890,0,1,12,12,reported
explicit,BenchmarkCompileFull/isa_ctl,B/op,69118.5,69209,0.1309345544246554,7.39602301050679e-7,12,12,reported
explicit,BenchmarkCompileFull/isa_ctl,allocs/op,117,119,1.7094017094017033,7.39602301050679e-7,12,12,reported
explicit,BenchmarkCompileFull/fannkuch,ns/op,163976.5,110436,-32.651325037429146,7.39602301050679e-7,12,12,reported
explicit,BenchmarkCompileFull/fannkuch,code-B,4691,4691,0,1,12,12,reported
explicit,BenchmarkCompileFull/fannkuch,B/op,77867,77945,0.10017080406334866,7.39602301050679e-7,12,12,reported
explicit,BenchmarkCompileFull/fannkuch,allocs/op,163,165,1.2269938650306678,7.39602301050679e-7,12,12,reported
explicit,BenchmarkCompileFullWorkers/sqlite3/p8,ns/op,47035867,19208316.5,-59.16240578705607,7.39602301050679e-7,12,12,reported
explicit,BenchmarkCompileFullWorkers/sqlite3/p8,code-B,3646361,3646361,0,1,12,12,reported
explicit,BenchmarkCompileFullWorkers/sqlite3/p8,B/op,19559879,19657887,0.5010664943274845,0.5137225810936943,12,12,reported
explicit,BenchmarkCompileFullWorkers/sqlite3/p8,allocs/op,9972.5,10100.5,1.2835297066934093,7.39602301050679e-7,12,12,reported
explicit,BenchmarkCompileFull/isa_simd_v128,ns/op,153446,97465,-36.48254108937346,7.39602301050679e-7,12,12,reported
explicit,BenchmarkCompileFull/isa_simd_v128,code-B,4159,4159,0,1,12,12,reported
explicit,BenchmarkCompileFull/isa_simd_v128,B/op,35904,35985,0.22560160427806952,7.39602301050679e-7,12,12,reported
explicit,BenchmarkCompileFull/isa_simd_v128,allocs/op,97,99,2.0618556701030855,7.39602301050679e-7,12,12,reported
explicit,BenchmarkCompileFull/isa_simd_reduce,ns/op,159048.5,105011.5,-33.975171095609205,7.39602301050679e-7,12,12,reported
explicit,BenchmarkCompileFull/isa_simd_reduce,code-B,4594,4594,0,1,12,12,reported
explicit,BenchmarkCompileFull/isa_simd_reduce,B/op,37281,34563,-7.290576969501894,7.39602301050679e-7,12,12,reported
explicit,BenchmarkCompileFull/isa_simd_reduce,allocs/op,107,109,1.869158878504673,7.39602301050679e-7,12,12,reported
explicit,BenchmarkPluginInstantiate/wasm3,ns/op,157603,144112,-8.560116241442106,7.39602301050679e-7,12,12,reported
explicit,BenchmarkPluginInstantiate/wasm3,B/op,34199,22628.5,-33.83286060995936,7.39602301050679e-7,12,12,reported
explicit,BenchmarkPluginInstantiate/wasm3,allocs/op,823,213,-74.1190765492102,7.39602301050679e-7,12,12,reported
explicit,BenchmarkPluginInstantiate/lua,ns/op,138072,128898.5,-6.643997334723917,7.39602301050679e-7,12,12,reported
explicit,BenchmarkPluginInstantiate/lua,B/op,30186.5,21696.5,-28.125155284647107,7.39602301050679e-7,12,12,reported
explicit,BenchmarkPluginInstantiate/lua,allocs/op,545,196,-64.03669724770641,7.39602301050679e-7,12,12,reported
explicit,BenchmarkExecParallel/process/matmul.run,ns/op,146181.5,146840.5,0.4508094389508832,0.5137225810936943,12,12,reported
explicit,BenchmarkExecParallel/process/matmul.run,B/op,4,6,50,0.6308704083640145,12,12,reported
explicit,BenchmarkExecParallel/process/matmul.run,allocs/op,0,0,0,1,12,12,reported
explicit,BenchmarkCompileFull/isa_cvt,ns/op,132806,87523,-34.09710404650392,7.39602301050679e-7,12,12,reported
explicit,BenchmarkCompileFull/isa_cvt,code-B,5858,5858,0,1,12,12,reported
explicit,BenchmarkCompileFull/isa_cvt,B/op,30467,27863.5,-8.54531132044507,7.39602301050679e-7,12,12,reported
explicit,BenchmarkCompileFull/isa_cvt,allocs/op,96,98,2.083333333333326,7.39602301050679e-7,12,12,reported
explicit,BenchmarkCompileFull/nbody,ns/op,129071,90047,-30.234522084744054,7.39602301050679e-7,12,12,reported
explicit,BenchmarkCompileFull/nbody,code-B,4174,4174,0,1,12,12,reported
explicit,BenchmarkCompileFull/nbody,B/op,73858,73935.5,0.10493108397193751,7.39602301050679e-7,12,12,reported
explicit,BenchmarkCompileFull/nbody,allocs/op,151,153,1.324503311258285,7.39602301050679e-7,12,12,reported
explicit,BenchmarkCompileFull/sha256,ns/op,126168.5,90276,-28.44806746533406,7.39602301050679e-7,12,12,reported
explicit,BenchmarkCompileFull/sha256,code-B,3107,3107,0,1,12,12,reported
explicit,BenchmarkCompileFull/sha256,B/op,74529,74608.5,0.10666988688967649,7.39602301050679e-7,12,12,reported
explicit,BenchmarkCompileFull/sha256,allocs/op,154,156,1.298701298701288,7.39602301050679e-7,12,12,reported
explicit,BenchmarkCompileFull/spectralnorm,ns/op,109132,78451,-28.113660521203677,7.39602301050679e-7,12,12,reported
explicit,BenchmarkCompileFull/spectralnorm,code-B,2499,2499,0,1,12,12,reported
explicit,BenchmarkCompileFull/spectralnorm,B/op,71280,71356,0.10662177328844002,7.39602301050679e-7,12,12,reported
explicit,BenchmarkCompileFull/spectralnorm,allocs/op,147,149,1.3605442176870763,7.39602301050679e-7,12,12,reported
explicit,BenchmarkCompileFull/quicksort,ns/op,94291,72932.5,-22.65168467828319,7.39602301050679e-7,12,12,reported
explicit,BenchmarkCompileFull/quicksort,code-B,1967,1967,0,1,12,12,reported
explicit,BenchmarkCompileFull/quicksort,B/op,43613,43690,0.1765528626785695,7.39602301050679e-7,12,12,reported
explicit,BenchmarkCompileFull/quicksort,allocs/op,174,176,1.1494252873563315,7.39602301050679e-7,12,12,reported
explicit,BenchmarkCompileWorkers/sqlite3/p2,ns/op,38608068,27900776,-27.733301754441587,7.39602301050679e-7,12,12,reported
explicit,BenchmarkCompileWorkers/sqlite3/p2,code-B,3634105,3634105,0,1,12,12,reported
explicit,BenchmarkCompileWorkers/sqlite3/p2,B/op,12289773,12380925.5,0.7416939271376322,0.0003712803551274409,12,12,reported
explicit,BenchmarkCompileWorkers/sqlite3/p2,allocs/op,2945,2955,0.339558573853993,0.016302313919759066,12,12,reported
explicit,BenchmarkCompileFull/matmul,ns/op,93407.5,68751,-26.396702620239274,7.39602301050679e-7,12,12,reported
explicit,BenchmarkCompileFull/matmul,code-B,1932,1932,0,1,12,12,reported
explicit,BenchmarkCompileFull/matmul,B/op,71902,71979.5,0.10778559706265955,7.39602301050679e-7,12,12,reported
explicit,BenchmarkCompileFull/matmul,allocs/op,146,148,1.3698630136986356,7.39602301050679e-7,12,12,reported
explicit,BenchmarkCompileMultiModuleThroughput/many_funcs/auto,ns/op,89285.5,81301.5,-8.942101461043507,0.000033282103547280556,12,12,reported
explicit,BenchmarkCompileMultiModuleThroughput/many_funcs/auto,B/op,303626.5,305828,0.7250684640504046,7.39602301050679e-7,12,12,reported
explicit,BenchmarkCompileMultiModuleThroughput/many_funcs/auto,allocs/op,133,135,1.5037593984962516,7.39602301050679e-7,12,12,reported
explicit,BenchmarkCompileMultiModuleThroughput/many_funcs/p1,ns/op,87212.5,75901,-12.970044431704174,7.39602301050679e-7,12,12,reported
explicit,BenchmarkCompileMultiModuleThroughput/many_funcs/p1,B/op,158887,161381.5,1.5699836991069027,7.39602301050679e-7,12,12,reported
explicit,BenchmarkCompileMultiModuleThroughput/many_funcs/p1,allocs/op,82,84,2.4390243902439046,7.39602301050679e-7,12,12,reported
explicit,BenchmarkCompileFull/isa_call,ns/op,63530.5,51427.5,-19.050692187217166,7.39602301050679e-7,12,12,reported
explicit,BenchmarkCompileFull/isa_call,code-B,1911,1911,0,1,12,12,reported
explicit,BenchmarkCompileFull/isa_call,B/op,38649,38737,0.22769023778106412,7.39602301050679e-7,12,12,reported
explicit,BenchmarkCompileFull/isa_call,allocs/op,148,150,1.3513513513513598,7.39602301050679e-7,12,12,reported
explicit,BenchmarkCompileFull/crc32,ns/op,61157.5,49379.5,-19.258471978089364,7.39602301050679e-7,12,12,reported
explicit,BenchmarkCompileFull/crc32,code-B,1171,1171,0,1,12,12,reported
explicit,BenchmarkCompileFull/crc32,B/op,38457,38505,0.12481472813792305,7.39602301050679e-7,12,12,reported
explicit,BenchmarkCompileFull/crc32,allocs/op,133,135,1.5037593984962516,7.39602301050679e-7,12,12,reported
explicit,BenchmarkCompileFull/isa_bulk_mem,ns/op,58192.5,48793.5,-16.151565923443744,7.39602301050679e-7,12,12,reported
explicit,BenchmarkCompileFull/isa_bulk_mem,code-B,3774,3774,0,1,12,12,reported
explicit,BenchmarkCompileFull/isa_bulk_mem,B/op,22648,22361,-1.2672200635817754,7.39602301050679e-7,12,12,reported
explicit,BenchmarkCompileFull/isa_bulk_mem,allocs/op,106,108,1.8867924528301883,7.39602301050679e-7,12,12,reported
explicit,BenchmarkCompileFull/isa_var,ns/op,53878,39882,-25.977207765692867,7.39602301050679e-7,12,12,reported
explicit,BenchmarkCompileFull/isa_var,code-B,546,546,0,1,12,12,reported
explicit,BenchmarkCompileFull/isa_var,B/op,32032.5,31329,-2.196206977288695,7.39602301050679e-7,12,12,reported
explicit,BenchmarkCompileFull/isa_var,allocs/op,93,95,2.1505376344086002,7.39602301050679e-7,12,12,reported
explicit,BenchmarkExecParallel/process/json-as-simd.deserializeN,ns/op,56189.5,55330,-1.5296452184126896,0.551167166391288,12,12,reported
explicit,BenchmarkExecParallel/process/json-as-simd.deserializeN,B/op,2,2,0,0.3707093821510298,12,12,reported
explicit,BenchmarkExecParallel/process/json-as-simd.deserializeN,allocs/op,0,0,0,1,12,12,reported
explicit,BenchmarkExecParallel/process/utf-as-simd.convertN,ns/op,54956.5,55458,0.9125399179350957,0.15997301930805768,12,12,reported
explicit,BenchmarkExecParallel/process/utf-as-simd.convertN,B/op,2,2,0,1,12,12,reported
explicit,BenchmarkExecParallel/process/utf-as-simd.convertN,allocs/op,0,0,0,1,12,12,reported
explicit,BenchmarkExecParallel/process/json-as.deserializeN,ns/op,43556,42904.5,-1.4957755533106853,0.14316777582358414,12,12,reported
explicit,BenchmarkExecParallel/process/json-as.deserializeN,B/op,1,1,0,1,12,12,reported
explicit,BenchmarkExecParallel/process/json-as.deserializeN,allocs/op,0,0,0,1,12,12,reported
explicit,BenchmarkPluginExec/esbuild,ns/op,28900984,28919398,0.06371409361010105,0.6706595329559389,12,12,reported
explicit,BenchmarkPluginExec/esbuild,B/op,0,0,0,1,12,12,unmeasured: allocation timer stopped
explicit,BenchmarkPluginExec/esbuild,allocs/op,0,0,0,1,12,12,unmeasured: allocation timer stopped
explicit,BenchmarkExecParallel/independent/sha256.hashN,ns/op,40770,41072.5,0.741967132695609,0.2913426592252814,12,12,reported
explicit,BenchmarkExecParallel/independent/sha256.hashN,B/op,1,1,0,0.7649129709972353,12,12,reported
explicit,BenchmarkExecParallel/independent/sha256.hashN,allocs/op,0,0,0,1,12,12,reported
explicit,BenchmarkExec/isa_f64.nearest,ns/op,41282,41167,-0.2785717746233263,0.05186461136117887,12,12,reported
explicit,BenchmarkExec/isa_f64.nearest,calls/batch,49,49,0,0.8857758206257331,12,12,reported
explicit,BenchmarkExec/isa_f64.nearest,B/op,0,0,0,1,12,12,raw per batch; use per-call metric
explicit,BenchmarkExec/isa_f64.nearest,allocs/op,0,0,0,1,12,12,raw per batch; use per-call metric
explicit,BenchmarkExec/isa_f64.nearest,B/call,0,0,0,1,12,12,derived per sample from calls/batch
explicit,BenchmarkExec/isa_f64.nearest,allocs/call,0,0,0,1,12,12,derived per sample from calls/batch
explicit,BenchmarkCompileFull/memory_tree,ns/op,37767.5,32460.5,-14.051764082875485,7.39602301050679e-7,12,12,reported
explicit,BenchmarkCompileFull/memory_tree,code-B,566,566,0,1,12,12,reported
explicit,BenchmarkCompileFull/memory_tree,B/op,35297,23857,-32.41068646060572,7.39602301050679e-7,12,12,reported
explicit,BenchmarkCompileFull/memory_tree,allocs/op,112,114,1.7857142857142794,7.39602301050679e-7,12,12,reported
explicit,BenchmarkCompileFull/xjb-mulhi,ns/op,36236.5,29250,-19.280283691857658,7.39602301050679e-7,12,12,reported
explicit,BenchmarkCompileFull/xjb-mulhi,code-B,398,398,0,1,12,12,reported
explicit,BenchmarkCompileFull/xjb-mulhi,B/op,33217,21776.5,-34.44170153836891,7.39602301050679e-7,12,12,reported
explicit,BenchmarkCompileFull/xjb-mulhi,allocs/op,93,95,2.1505376344086002,7.39602301050679e-7,12,12,reported
explicit,BenchmarkCompileFull/swar-pack-parse,ns/op,35966.5,29670.5,-17.50517842992785,0.00007174142320191587,12,12,reported
explicit,BenchmarkCompileFull/swar-pack-parse,code-B,469,469,0,1,12,12,reported
explicit,BenchmarkCompileFull/swar-pack-parse,B/op,33337,21904,-34.29522752497225,7.39602301050679e-7,12,12,reported
explicit,BenchmarkCompileFull/swar-pack-parse,allocs/op,91,93,2.19780219780219,7.39602301050679e-7,12,12,reported
explicit,BenchmarkCompileFullWorkers/tiny/p8,ns/op,36079.5,34929,-3.188791418949821,0.000495533541703955,12,12,reported
explicit,BenchmarkCompileFullWorkers/tiny/p8,code-B,96,96,0,1,12,12,reported
explicit,BenchmarkCompileFullWorkers/tiny/p8,B/op,26709.5,26822,0.42119844998971256,7.39602301050679e-7,12,12,reported
explicit,BenchmarkCompileFullWorkers/tiny/p8,allocs/op,100,102,2.0000000000000018,7.39602301050679e-7,12,12,reported
explicit,BenchmarkCompileFullWorkers/tiny/p4,ns/op,36106.5,35344.5,-2.110423330979183,0.07802434474934139,12,12,reported
explicit,BenchmarkCompileFullWorkers/tiny/p4,code-B,96,96,0,1,12,12,reported
explicit,BenchmarkCompileFullWorkers/tiny/p4,B/op,26710,26823,0.4230625233994756,7.39602301050679e-7,12,12,reported
explicit,BenchmarkCompileFullWorkers/tiny/p4,allocs/op,100,102,2.0000000000000018,7.39602301050679e-7,12,12,reported
explicit,BenchmarkCompileFullWorkers/tiny/p2,ns/op,35551.5,34695,-2.4091810472131936,0.006811737192676754,12,12,reported
explicit,BenchmarkCompileFullWorkers/tiny/p2,code-B,96,96,0,1,12,12,reported
explicit,BenchmarkCompileFullWorkers/tiny/p2,B/op,26710.5,26823.5,0.423054603994677,7.39602301050679e-7,12,12,reported
explicit,BenchmarkCompileFullWorkers/tiny/p2,allocs/op,100,102,2.0000000000000018,7.39602301050679e-7,12,12,reported
explicit,BenchmarkCompileFull/mandelbrot,ns/op,31375.5,26872,-14.353556118627587,0.000008875227612608148,12,12,reported
explicit,BenchmarkCompileFull/mandelbrot,code-B,504,504,0,1,12,12,reported
explicit,BenchmarkCompileFull/mandelbrot,B/op,34769,26649,-23.354137306221055,7.39602301050679e-7,12,12,reported
explicit,BenchmarkCompileFull/mandelbrot,allocs/op,94,96,2.127659574468077,7.39602301050679e-7,12,12,reported
explicit,BenchmarkCompileFull/sieve,ns/op,29835,25231,-15.431540137422495,7.39602301050679e-7,12,12,reported
explicit,BenchmarkCompileFull/sieve,code-B,367,367,0,1,12,12,reported
explicit,BenchmarkCompileFull/sieve,B/op,25657,22401,-12.690493822348682,7.39602301050679e-7,12,12,reported
explicit,BenchmarkCompileFull/sieve,allocs/op,91,93,2.19780219780219,7.39602301050679e-7,12,12,reported
