run,bounds,benchmark,unit,main_median,after_median,change_percent,p,main_samples,after_samples,prior_median,after_vs_prior_percent,p_vs_prior,benchtime,note
compiler-fixed-explicit,explicit,BenchmarkCompileCompact/tiny,ns/op,126126,123917.5,-1.7510267510267519,1,6,6,124684,-0.6147540983606592,0.8181818181818182,1x,single-operation memory check; not a timing claim
compiler-fixed-explicit,explicit,BenchmarkCompileCompact/tiny,B/op,10784,10784,0,1,6,6,10784,0,1,1x,single-operation memory check; not a timing claim
compiler-fixed-explicit,explicit,BenchmarkCompileCompact/tiny,allocs/op,27,27,0,1,6,6,27,0,1,1x,single-operation memory check; not a timing claim
compiler-fixed-explicit,explicit,BenchmarkCompileCompact/fib_iter,ns/op,60508.5,61484.5,1.612996521149923,0.5887445887445888,6,6,51521.5,19.337558106809773,0.025974025974025976,1x,single-operation memory check; not a timing claim
compiler-fixed-explicit,explicit,BenchmarkCompileCompact/fib_iter,B/op,13184,12672,-3.8834951456310662,0.0021645021645021645,6,6,12672,0,1,1x,single-operation memory check; not a timing claim
compiler-fixed-explicit,explicit,BenchmarkCompileCompact/fib_iter,allocs/op,28,28,0,1,6,6,28,0,1,1x,single-operation memory check; not a timing claim
compiler-fixed-explicit,explicit,BenchmarkCompileCompact/fib_rec,ns/op,56235.5,50620,-9.985685198851257,0.48484848484848486,6,6,62707.5,-19.276003667822827,0.24025974025974026,1x,single-operation memory check; not a timing claim
compiler-fixed-explicit,explicit,BenchmarkCompileCompact/fib_rec,B/op,13264,12496,-5.79010856453559,0.0021645021645021645,6,6,12496,0,1,1x,single-operation memory check; not a timing claim
compiler-fixed-explicit,explicit,BenchmarkCompileCompact/fib_rec,allocs/op,37,37,0,1,6,6,37,0,1,1x,single-operation memory check; not a timing claim
compiler-fixed-explicit,explicit,BenchmarkCompileCompact/arith,ns/op,43772,40606,-7.23293429589692,0.5887445887445888,6,6,50043.5,-18.85859302406906,0.04112554112554113,1x,single-operation memory check; not a timing claim
compiler-fixed-explicit,explicit,BenchmarkCompileCompact/arith,B/op,27456,12864,-53.14685314685315,0.0021645021645021645,6,6,12864,0,1,1x,single-operation memory check; not a timing claim
compiler-fixed-explicit,explicit,BenchmarkCompileCompact/arith,allocs/op,27,27,0,1,6,6,27,0,1,1x,single-operation memory check; not a timing claim
compiler-fixed-explicit,explicit,BenchmarkCompileCompact/float,ns/op,44934,47389,5.46356878978056,1,6,6,56215.5,-15.701185616066748,0.17965367965367965,1x,single-operation memory check; not a timing claim
compiler-fixed-explicit,explicit,BenchmarkCompileCompact/float,B/op,28048,13456,-52.02509982886481,0.0021645021645021645,6,6,13456,0,1,1x,single-operation memory check; not a timing claim
compiler-fixed-explicit,explicit,BenchmarkCompileCompact/float,allocs/op,41,41,0,1,6,6,41,0,1,1x,single-operation memory check; not a timing claim
compiler-fixed-explicit,explicit,BenchmarkCompileCompact/memory,ns/op,57202,45435,-20.570959057375614,0.04112554112554113,6,6,48791.5,-6.879272004345016,0.30952380952380953,1x,single-operation memory check; not a timing claim
compiler-fixed-explicit,explicit,BenchmarkCompileCompact/memory,B/op,13584,12688,-6.595995288574796,0.0021645021645021645,6,6,12688,0,1,1x,single-operation memory check; not a timing claim
compiler-fixed-explicit,explicit,BenchmarkCompileCompact/memory,allocs/op,34,34,0,1,6,6,34,0,1,1x,single-operation memory check; not a timing claim
compiler-fixed-explicit,explicit,BenchmarkCompileCompact/memory_tree,ns/op,57738.5,54387,-5.804619101639286,0.5887445887445888,6,6,61465,-11.515496624095011,0.13203463203463203,1x,single-operation memory check; not a timing claim
compiler-fixed-explicit,explicit,BenchmarkCompileCompact/memory_tree,B/op,28448,16928,-40.4949381327334,0.0021645021645021645,6,6,16928,0,1,1x,single-operation memory check; not a timing claim
compiler-fixed-explicit,explicit,BenchmarkCompileCompact/memory_tree,allocs/op,51,51,0,1,6,6,51,0,1,1x,single-operation memory check; not a timing claim
compiler-fixed-explicit,explicit,BenchmarkCompileCompact/globals,ns/op,46527,41002,-11.874825370215147,0.17965367965367965,6,6,45135,-9.156973523872825,0.17965367965367965,1x,single-operation memory check; not a timing claim
compiler-fixed-explicit,explicit,BenchmarkCompileCompact/globals,B/op,13672,12904,-5.617320070216502,0.0021645021645021645,6,6,12904,0,1,1x,single-operation memory check; not a timing claim
compiler-fixed-explicit,explicit,BenchmarkCompileCompact/globals,allocs/op,40,40,0,1,6,6,40,0,1,1x,single-operation memory check; not a timing claim
compiler-fixed-explicit,explicit,BenchmarkCompileCompact/dispatch,ns/op,50600.5,50249,-0.6946571674192992,1,6,6,49793.5,0.9147780332774413,0.8181818181818182,1x,single-operation memory check; not a timing claim
compiler-fixed-explicit,explicit,BenchmarkCompileCompact/dispatch,B/op,11304,11288,-0.14154281670205604,0.0021645021645021645,6,6,11288,0,1,1x,single-operation memory check; not a timing claim
compiler-fixed-explicit,explicit,BenchmarkCompileCompact/dispatch,allocs/op,43,43,0,1,6,6,43,0,1,1x,single-operation memory check; not a timing claim
compiler-fixed-explicit,explicit,BenchmarkCompileCompact/branches,ns/op,38978,33347.5,-14.44532813381908,0.0021645021645021645,6,6,30973.5,7.664616527031165,0.8181818181818182,1x,single-operation memory check; not a timing claim
compiler-fixed-explicit,explicit,BenchmarkCompileCompact/branches,B/op,13248,12224,-7.729468599033817,0.0021645021645021645,6,6,12224,0,1,1x,single-operation memory check; not a timing claim
compiler-fixed-explicit,explicit,BenchmarkCompileCompact/branches,allocs/op,25,25,0,1,6,6,25,0,1,1x,single-operation memory check; not a timing claim
compiler-fixed-explicit,explicit,BenchmarkCompileCompact/many_funcs,ns/op,349019,338895,-2.9007016809973085,0.3939393939393939,6,6,323666.5,4.704997273428058,0.30952380952380953,1x,single-operation memory check; not a timing claim
compiler-fixed-explicit,explicit,BenchmarkCompileCompact/many_funcs,B/op,53224,52968,-0.48098602134375446,0.0021645021645021645,6,6,52968,0,1,1x,single-operation memory check; not a timing claim
compiler-fixed-explicit,explicit,BenchmarkCompileCompact/many_funcs,allocs/op,39,39,0,1,6,6,39,0,1,1x,single-operation memory check; not a timing claim
compiler-fixed-explicit,explicit,BenchmarkCompileCompact/linked_list,ns/op,47764.5,48846.5,2.2652807001015463,0.8181818181818182,6,6,44097.5,10.7693179885481,0.3939393939393939,1x,single-operation memory check; not a timing claim
compiler-fixed-explicit,explicit,BenchmarkCompileCompact/linked_list,B/op,16816,14896,-11.41769743101808,0.0021645021645021645,6,6,14896,0,1,1x,single-operation memory check; not a timing claim
compiler-fixed-explicit,explicit,BenchmarkCompileCompact/linked_list,allocs/op,38,38,0,1,6,6,38,0,1,1x,single-operation memory check; not a timing claim
compiler-fixed-explicit,explicit,BenchmarkCompileCompact/mandelbrot,ns/op,59075.5,50539.5,-14.449306396052508,0.30952380952380953,6,6,44298,14.089800893945558,0.30952380952380953,1x,single-operation memory check; not a timing claim
compiler-fixed-explicit,explicit,BenchmarkCompileCompact/mandelbrot,B/op,30256,22064,-27.07562136435748,0.0021645021645021645,6,6,22064,0,1,1x,single-operation memory check; not a timing claim
compiler-fixed-explicit,explicit,BenchmarkCompileCompact/mandelbrot,allocs/op,58,58,0,1,6,6,58,0,1,1x,single-operation memory check; not a timing claim
compiler-fixed-explicit,explicit,BenchmarkCompileCompact/sieve,ns/op,56511,47253.5,-16.381766381766383,0.13203463203463203,6,6,47569,-0.6632470726733786,0.9372294372294372,1x,single-operation memory check; not a timing claim
compiler-fixed-explicit,explicit,BenchmarkCompileCompact/sieve,B/op,20928,17600,-15.902140672782872,0.0021645021645021645,6,6,17600,0,1,1x,single-operation memory check; not a timing claim
compiler-fixed-explicit,explicit,BenchmarkCompileCompact/sieve,allocs/op,39,39,0,1,6,6,39,0,1,1x,single-operation memory check; not a timing claim
compiler-fixed-explicit,explicit,BenchmarkCompileCompact/nbody,ns/op,169191.5,116358.5,-31.226746024475226,0.13203463203463203,6,6,104906.5,10.9163874497767,0.13203463203463203,1x,single-operation memory check; not a timing claim
compiler-fixed-explicit,explicit,BenchmarkCompileCompact/nbody,B/op,70000,70000,0,1,6,6,70000,0,1,1x,single-operation memory check; not a timing claim
compiler-fixed-explicit,explicit,BenchmarkCompileCompact/nbody,allocs/op,89,89,0,1,6,6,89,0,1,1x,single-operation memory check; not a timing claim
compiler-fixed-explicit,explicit,BenchmarkCompileCompact/spectralnorm,ns/op,121067,90840.5,-24.966753946162047,0.0021645021645021645,6,6,97086.5,-6.4334382226159175,0.17965367965367965,1x,single-operation memory check; not a timing claim
compiler-fixed-explicit,explicit,BenchmarkCompileCompact/spectralnorm,B/op,63992,63992,0,1,6,6,63992,0,1,1x,single-operation memory check; not a timing claim
compiler-fixed-explicit,explicit,BenchmarkCompileCompact/spectralnorm,allocs/op,81,81,0,1,6,6,81,0,1,1x,single-operation memory check; not a timing claim
compiler-fixed-explicit,explicit,BenchmarkCompileCompact/fannkuch,ns/op,167408.5,153828,-8.11219263060119,0.30952380952380953,6,6,135463.5,13.556788359964123,0.5887445887445888,1x,single-operation memory check; not a timing claim
compiler-fixed-explicit,explicit,BenchmarkCompileCompact/fannkuch,B/op,65776,65776,0,1,6,6,65776,0,1,1x,single-operation memory check; not a timing claim
compiler-fixed-explicit,explicit,BenchmarkCompileCompact/fannkuch,allocs/op,68,68,0,1,6,6,68,0,1,1x,single-operation memory check; not a timing claim
compiler-fixed-explicit,explicit,BenchmarkCompileCompact/matmul,ns/op,102627.5,89998.5,-12.305668558622207,0.24025974025974026,6,6,123161,-26.926137332434784,0.24025974025974026,1x,single-operation memory check; not a timing claim
compiler-fixed-explicit,explicit,BenchmarkCompileCompact/matmul,B/op,63224,63224,0,1,6,6,63224,0,1,1x,single-operation memory check; not a timing claim
compiler-fixed-explicit,explicit,BenchmarkCompileCompact/matmul,allocs/op,75,75,0,1,6,6,75,0,1,1x,single-operation memory check; not a timing claim
compiler-fixed-explicit,explicit,BenchmarkCompileCompact/quicksort,ns/op,107170.5,91691.5,-14.443340284873173,0.30952380952380953,6,6,100558.5,-8.817752850330907,0.3939393939393939,1x,single-operation memory check; not a timing claim
compiler-fixed-explicit,explicit,BenchmarkCompileCompact/quicksort,B/op,30024,30024,0,1,6,6,30024,0,1,1x,single-operation memory check; not a timing claim
compiler-fixed-explicit,explicit,BenchmarkCompileCompact/quicksort,allocs/op,72,72,0,1,6,6,72,0,1,1x,single-operation memory check; not a timing claim
compiler-fixed-explicit,explicit,BenchmarkCompileCompact/crc32,ns/op,71253.5,77690.5,9.033942192313372,0.9372294372294372,6,6,68098,14.086316778760022,0.30952380952380953,1x,single-operation memory check; not a timing claim
compiler-fixed-explicit,explicit,BenchmarkCompileCompact/crc32,B/op,28592,28592,0,1,6,6,28592,0,1,1x,single-operation memory check; not a timing claim
compiler-fixed-explicit,explicit,BenchmarkCompileCompact/crc32,allocs/op,47,47,0,1,6,6,47,0,1,1x,single-operation memory check; not a timing claim
compiler-fixed-explicit,explicit,BenchmarkCompileCompact/sha256,ns/op,114409.5,126297,10.390308497109068,0.3939393939393939,6,6,133836,-5.6330135389581315,0.6991341991341992,1x,single-operation memory check; not a timing claim
compiler-fixed-explicit,explicit,BenchmarkCompileCompact/sha256,B/op,62808,62808,0,1,6,6,62808,0,1,1x,single-operation memory check; not a timing claim
compiler-fixed-explicit,explicit,BenchmarkCompileCompact/sha256,allocs/op,54,54,0,1,6,6,54,0,1,1x,single-operation memory check; not a timing claim
compiler-fixed-explicit,explicit,BenchmarkCompileCompact/raytrace,ns/op,259276,218169.5,-15.854340548296019,0.025974025974025976,6,6,248210,-12.102856452197742,0.24025974025974026,1x,single-operation memory check; not a timing claim
compiler-fixed-explicit,explicit,BenchmarkCompileCompact/raytrace,B/op,140928,140928,0,1,6,6,140928,0,1,1x,single-operation memory check; not a timing claim
compiler-fixed-explicit,explicit,BenchmarkCompileCompact/raytrace,allocs/op,116,116,0,1,6,6,116,0,1,1x,single-operation memory check; not a timing claim
compiler-fixed-explicit,explicit,BenchmarkCompileCompact/regexmatch,ns/op,47840650.5,39989517.5,-16.411008040118514,0.0021645021645021645,6,6,39684098.5,0.7696256474113872,0.6991341991341992,1x,single-operation memory check; not a timing claim
compiler-fixed-explicit,explicit,BenchmarkCompileCompact/regexmatch,B/op,1339464,1337496,-0.14692444141836125,0.0021645021645021645,6,6,1337496,0,1,1x,single-operation memory check; not a timing claim
compiler-fixed-explicit,explicit,BenchmarkCompileCompact/regexmatch,allocs/op,1940,1942,0.10309278350515427,0.0021645021645021645,6,6,1942,0,1,1x,single-operation memory check; not a timing claim
compiler-fixed-explicit,explicit,BenchmarkCompileCompact/wasm3,ns/op,12271321,10380985,-15.404502905595896,0.0021645021645021645,6,6,10542986.5,-1.5365807401915954,0.48484848484848486,1x,single-operation memory check; not a timing claim
compiler-fixed-explicit,explicit,BenchmarkCompileCompact/wasm3,B/op,470864,468232,-0.5589724421488973,0.0021645021645021645,6,6,468232,0,1,1x,single-operation memory check; not a timing claim
compiler-fixed-explicit,explicit,BenchmarkCompileCompact/wasm3,allocs/op,831,833,0.24067388688326918,0.0021645021645021645,6,6,833,0,1,1x,single-operation memory check; not a timing claim
compiler-fixed-explicit,explicit,BenchmarkCompileCompact/json-as,ns/op,1320044,1231602.5,-6.699890306686751,0.06493506493506493,6,6,1324952.5,-7.045535594672259,0.24025974025974026,1x,single-operation memory check; not a timing claim
compiler-fixed-explicit,explicit,BenchmarkCompileCompact/json-as,B/op,136240,136784,0.39929536112741637,0.0021645021645021645,6,6,136784,0,1,1x,single-operation memory check; not a timing claim
compiler-fixed-explicit,explicit,BenchmarkCompileCompact/json-as,allocs/op,148,148,0,1,6,6,148,0,1,1x,single-operation memory check; not a timing claim
compiler-fixed-explicit,explicit,BenchmarkCompileCompact/blake-as,ns/op,391644,283887,-27.514017832521375,0.025974025974025976,6,6,295844.5,-4.041819266540358,0.6991341991341992,1x,single-operation memory check; not a timing claim
compiler-fixed-explicit,explicit,BenchmarkCompileCompact/blake-as,B/op,122376,122176,-0.16343073805321628,0.0021645021645021645,6,6,122176,0,1,1x,single-operation memory check; not a timing claim
compiler-fixed-explicit,explicit,BenchmarkCompileCompact/blake-as,allocs/op,93,89,-4.3010752688172005,0.0021645021645021645,6,6,89,0,1,1x,single-operation memory check; not a timing claim
compiler-fixed-explicit,explicit,BenchmarkCompileCompact/utf-as,ns/op,264184.5,232040,-12.167443585827332,0.025974025974025976,6,6,213049.5,8.913656216043698,0.48484848484848486,1x,single-operation memory check; not a timing claim
compiler-fixed-explicit,explicit,BenchmarkCompileCompact/utf-as,B/op,121896,121880,-0.01312594342718354,0.0021645021645021645,6,6,121880,0,1,1x,single-operation memory check; not a timing claim
compiler-fixed-explicit,explicit,BenchmarkCompileCompact/utf-as,allocs/op,72,72,0,1,6,6,72,0,1,1x,single-operation memory check; not a timing claim
compiler-fixed-explicit,explicit,BenchmarkCompileCompact/xjb-mulhi,ns/op,79508.5,78913,-0.7489765245225377,0.9372294372294372,6,6,54297,45.335838075768464,0.025974025974025976,1x,single-operation memory check; not a timing claim
compiler-fixed-explicit,explicit,BenchmarkCompileCompact/xjb-mulhi,B/op,28544,17024,-40.35874439461884,0.0021645021645021645,6,6,17024,0,1,1x,single-operation memory check; not a timing claim
compiler-fixed-explicit,explicit,BenchmarkCompileCompact/xjb-mulhi,allocs/op,31,31,0,1,6,6,31,0,1,1x,single-operation memory check; not a timing claim
compiler-fixed-explicit,explicit,BenchmarkCompileCompact/swar-pack-parse,ns/op,68208,69030,1.205137227304709,0.9372294372294372,6,6,62883,9.775296980105907,0.6991341991341992,1x,single-operation memory check; not a timing claim
compiler-fixed-explicit,explicit,BenchmarkCompileCompact/swar-pack-parse,B/op,26200,14680,-43.969465648854964,0.0021645021645021645,6,6,14680,0,1,1x,single-operation memory check; not a timing claim
compiler-fixed-explicit,explicit,BenchmarkCompileCompact/swar-pack-parse,allocs/op,28,28,0,1,6,6,28,0,1,1x,single-operation memory check; not a timing claim
compiler-fixed-explicit,explicit,BenchmarkCompileCompact/json-as-simd,ns/op,1540382.5,1309379,-14.996502492075836,0.015151515151515152,6,6,1243891.5,5.264727671183533,0.24025974025974026,1x,single-operation memory check; not a timing claim
compiler-fixed-explicit,explicit,BenchmarkCompileCompact/json-as-simd,B/op,144456,145128,0.4651935537464791,0.0021645021645021645,6,6,145128,0,1,1x,single-operation memory check; not a timing claim
compiler-fixed-explicit,explicit,BenchmarkCompileCompact/json-as-simd,allocs/op,183,183,0,1,6,6,183,0,1,1x,single-operation memory check; not a timing claim
compiler-fixed-explicit,explicit,BenchmarkCompileCompact/blake-as-simd,ns/op,954548.5,766552,-19.69480859275353,0.04112554112554113,6,6,835150,-8.213853798718795,0.24025974025974026,1x,single-operation memory check; not a timing claim
compiler-fixed-explicit,explicit,BenchmarkCompileCompact/blake-as-simd,B/op,250080,250232,0.0607805502239378,0.0021645021645021645,6,6,250232,0,1,1x,single-operation memory check; not a timing claim
compiler-fixed-explicit,explicit,BenchmarkCompileCompact/blake-as-simd,allocs/op,133,132,-0.7518796992481258,0.0021645021645021645,6,6,132,0,1,1x,single-operation memory check; not a timing claim
compiler-fixed-explicit,explicit,BenchmarkCompileCompact/utf-as-simd,ns/op,634754.5,563190.5,-11.27428005630523,0.30952380952380953,6,6,534551.5,5.357575462794517,0.8181818181818182,1x,single-operation memory check; not a timing claim
compiler-fixed-explicit,explicit,BenchmarkCompileCompact/utf-as-simd,B/op,146712,146608,-0.07088718032608465,0.0021645021645021645,6,6,146608,0,1,1x,single-operation memory check; not a timing claim
compiler-fixed-explicit,explicit,BenchmarkCompileCompact/utf-as-simd,allocs/op,137,135,-1.4598540145985384,0.0021645021645021645,6,6,135,0,1,1x,single-operation memory check; not a timing claim
compiler-fixed-explicit,explicit,BenchmarkCompileCompact/coremark,ns/op,569527.5,555014.5,-2.5482527182620673,0.48484848484848486,6,6,438777,26.49124726227674,0.17965367965367965,1x,single-operation memory check; not a timing claim
compiler-fixed-explicit,explicit,BenchmarkCompileCompact/coremark,B/op,126216,126200,-0.012676681244849775,0.0021645021645021645,6,6,126200,0,1,1x,single-operation memory check; not a timing claim
compiler-fixed-explicit,explicit,BenchmarkCompileCompact/coremark,allocs/op,93,93,0,1,6,6,93,0,1,1x,single-operation memory check; not a timing claim
compiler-fixed-explicit,explicit,BenchmarkCompileCompact/blake3,ns/op,1022361,731350,-28.464603012047608,0.008658008658008658,6,6,778529,-6.060018316594496,0.6991341991341992,1x,single-operation memory check; not a timing claim
compiler-fixed-explicit,explicit,BenchmarkCompileCompact/blake3,B/op,127768,127736,-0.025045394778033803,0.0021645021645021645,6,6,127736,0,1,1x,single-operation memory check; not a timing claim
compiler-fixed-explicit,explicit,BenchmarkCompileCompact/blake3,allocs/op,105,105,0,1,6,6,105,0,1,1x,single-operation memory check; not a timing claim
compiler-fixed-explicit,explicit,BenchmarkCompileCompact/qoi,ns/op,322569.5,298249,-7.539615493715313,0.3939393939393939,6,6,283045,5.371584023741804,0.8181818181818182,1x,single-operation memory check; not a timing claim
compiler-fixed-explicit,explicit,BenchmarkCompileCompact/qoi,B/op,65328,65296,-0.048983590497186924,0.0021645021645021645,6,6,65296,0,1,1x,single-operation memory check; not a timing claim
compiler-fixed-explicit,explicit,BenchmarkCompileCompact/qoi,allocs/op,89,89,0,1,6,6,89,0,1,1x,single-operation memory check; not a timing claim
compiler-fixed-explicit,explicit,BenchmarkCompileCompact/lz4,ns/op,279158.5,189500.5,-32.117238056516285,0.025974025974025976,6,6,222020.5,-14.647296083019356,0.48484848484848486,1x,single-operation memory check; not a timing claim
compiler-fixed-explicit,explicit,BenchmarkCompileCompact/lz4,B/op,64064,64048,-0.024975024975026905,0.0021645021645021645,6,6,64048,0,1,1x,single-operation memory check; not a timing claim
compiler-fixed-explicit,explicit,BenchmarkCompileCompact/lz4,allocs/op,68,68,0,1,6,6,68,0,1,1x,single-operation memory check; not a timing claim
compiler-fixed-explicit,explicit,BenchmarkCompileCompact/zlib,ns/op,933725,874914.5,-6.298481887065255,0.30952380952380953,6,6,760691,15.015755411855803,0.17965367965367965,1x,single-operation memory check; not a timing claim
compiler-fixed-explicit,explicit,BenchmarkCompileCompact/zlib,B/op,266728,266712,-0.005998620317326786,0.0021645021645021645,6,6,266712,0,1,1x,single-operation memory check; not a timing claim
compiler-fixed-explicit,explicit,BenchmarkCompileCompact/zlib,allocs/op,169,169,0,1,6,6,169,0,1,1x,single-operation memory check; not a timing claim
compiler-fixed-explicit,explicit,BenchmarkCompileCompact/zstd,ns/op,3287941,2574886,-21.686976743195817,0.0021645021645021645,6,6,2670955.5,-3.5968214371224105,0.5887445887445888,1x,single-operation memory check; not a timing claim
compiler-fixed-explicit,explicit,BenchmarkCompileCompact/zstd,B/op,985912,985904,-0.0008114314462126515,0.0021645021645021645,6,6,985904,0,1,1x,single-operation memory check; not a timing claim
compiler-fixed-explicit,explicit,BenchmarkCompileCompact/zstd,allocs/op,223,225,0.8968609865470878,0.0021645021645021645,6,6,225,0,1,1x,single-operation memory check; not a timing claim
compiler-fixed-explicit,explicit,BenchmarkCompileCompact/lua,ns/op,17451715,14879019.5,-14.741791852548591,0.0021645021645021645,6,6,14967330,-0.5900217340033209,0.3939393939393939,1x,single-operation memory check; not a timing claim
compiler-fixed-explicit,explicit,BenchmarkCompileCompact/lua,B/op,792376,789136,-0.4088967863741466,0.0021645021645021645,6,6,789136,0,1,1x,single-operation memory check; not a timing claim
compiler-fixed-explicit,explicit,BenchmarkCompileCompact/lua,allocs/op,756,756,0,1,6,6,756,0,1,1x,single-operation memory check; not a timing claim
compiler-fixed-explicit,explicit,BenchmarkCompileCompact/sqlite3,ns/op,71702389.5,60956234.5,-14.987164409632403,0.0021645021645021645,6,6,61040703,-0.1383806146531441,0.6991341991341992,1x,single-operation memory check; not a timing claim
compiler-fixed-explicit,explicit,BenchmarkCompileCompact/sqlite3,B/op,2208080,2193800,-0.6467156987065681,0.0021645021645021645,6,6,2193800,0,1,1x,single-operation memory check; not a timing claim
compiler-fixed-explicit,explicit,BenchmarkCompileCompact/sqlite3,allocs/op,2144,2146,0.0932835820895539,0.0021645021645021645,6,6,2146,0,1,1x,single-operation memory check; not a timing claim
compiler-fixed-explicit,explicit,BenchmarkCompileCompact/ruby,ns/op,823931775,642717731,-21.993816660366083,0.0021645021645021645,6,6,648323773.5,-0.8646979686917189,0.24025974025974026,1x,single-operation memory check; not a timing claim
compiler-fixed-explicit,explicit,BenchmarkCompileCompact/ruby,B/op,15078760,13745608,-8.841257503932686,0.0021645021645021645,6,6,13748396,-0.02027872924230678,0.5454545454545454,1x,single-operation memory check; not a timing claim
compiler-fixed-explicit,explicit,BenchmarkCompileCompact/ruby,allocs/op,4479,4473,-0.13395847287340779,0.015151515151515152,6,6,4476.5,-0.07818608287725182,0.5454545454545454,1x,single-operation memory check; not a timing claim
compiler-fixed-explicit,explicit,BenchmarkCompileCompact/esbuild,ns/op,417130171,343720722.5,-17.598690673468454,0.0021645021645021645,6,6,341480959.5,0.6558968919612607,0.9372294372294372,1x,single-operation memory check; not a timing claim
compiler-fixed-explicit,explicit,BenchmarkCompileCompact/esbuild,B/op,18384616,18272184,-0.6115547912450281,0.0021645021645021645,6,6,18272184,0,1,1x,single-operation memory check; not a timing claim
compiler-fixed-explicit,explicit,BenchmarkCompileCompact/esbuild,allocs/op,9207,9205,-0.021722602367768573,0.0021645021645021645,6,6,9205,0,1,1x,single-operation memory check; not a timing claim
compiler-fixed-explicit,explicit,BenchmarkCompileCompact/isa_i32,ns/op,346934.5,328330.5,-5.362395495403316,0.5887445887445888,6,6,250209,31.222497991678956,0.04112554112554113,1x,single-operation memory check; not a timing claim
compiler-fixed-explicit,explicit,BenchmarkCompileCompact/isa_i32,B/op,30904,30840,-0.20709293295366749,0.0021645021645021645,6,6,30840,0,1,1x,single-operation memory check; not a timing claim
compiler-fixed-explicit,explicit,BenchmarkCompileCompact/isa_i32,allocs/op,43,43,0,1,6,6,43,0,1,1x,single-operation memory check; not a timing claim
compiler-fixed-explicit,explicit,BenchmarkCompileCompact/isa_i64,ns/op,345637.5,345287,-0.10140682072981022,0.8181818181818182,6,6,281166.5,22.80517060176088,0.6991341991341992,1x,single-operation memory check; not a timing claim
compiler-fixed-explicit,explicit,BenchmarkCompileCompact/isa_i64,B/op,30904,30840,-0.20709293295366749,0.0021645021645021645,6,6,30840,0,1,1x,single-operation memory check; not a timing claim
compiler-fixed-explicit,explicit,BenchmarkCompileCompact/isa_i64,allocs/op,43,43,0,1,6,6,43,0,1,1x,single-operation memory check; not a timing claim
compiler-fixed-explicit,explicit,BenchmarkCompileCompact/isa_f32,ns/op,374932.5,211230.5,-43.66172577730658,0.06493506493506493,6,6,219666.5,-3.840367101947728,0.48484848484848486,1x,single-operation memory check; not a timing claim
compiler-fixed-explicit,explicit,BenchmarkCompileCompact/isa_f32,B/op,34496,30368,-11.966604823747684,0.0021645021645021645,6,6,30368,0,0.45454545454545453,1x,single-operation memory check; not a timing claim
compiler-fixed-explicit,explicit,BenchmarkCompileCompact/isa_f32,allocs/op,69,69,0,1,6,6,69,0,0.45454545454545453,1x,single-operation memory check; not a timing claim
compiler-fixed-explicit,explicit,BenchmarkCompileCompact/isa_f64,ns/op,282163.5,234624.5,-16.84803314390415,0.13203463203463203,6,6,171946.5,36.452035953043534,1,1x,single-operation memory check; not a timing claim
compiler-fixed-explicit,explicit,BenchmarkCompileCompact/isa_f64,B/op,34528,30400,-11.955514365152919,0.0021645021645021645,6,6,30400,0,1,1x,single-operation memory check; not a timing claim
compiler-fixed-explicit,explicit,BenchmarkCompileCompact/isa_f64,allocs/op,70,70,0,1,6,6,70,0,1,1x,single-operation memory check; not a timing claim
compiler-fixed-explicit,explicit,BenchmarkCompileCompact/isa_mem,ns/op,180057.5,137252,-23.773239104175058,0.008658008658008658,6,6,177493,-22.671880017803513,0.06493506493506493,1x,single-operation memory check; not a timing claim
compiler-fixed-explicit,explicit,BenchmarkCompileCompact/isa_mem,B/op,28592,25760,-9.904868494683827,0.0021645021645021645,6,6,25760,0,1,1x,single-operation memory check; not a timing claim
compiler-fixed-explicit,explicit,BenchmarkCompileCompact/isa_mem,allocs/op,39,39,0,1,6,6,39,0,1,1x,single-operation memory check; not a timing claim
compiler-fixed-explicit,explicit,BenchmarkCompileCompact/isa_bulk_mem,ns/op,93530,75752,-19.0078049823586,0.04112554112554113,6,6,81066.5,-6.555728938587457,0.13203463203463203,1x,single-operation memory check; not a timing claim
compiler-fixed-explicit,explicit,BenchmarkCompileCompact/isa_bulk_mem,B/op,13984,13568,-2.9748283752860427,0.0021645021645021645,6,6,13568,0,1,1x,single-operation memory check; not a timing claim
compiler-fixed-explicit,explicit,BenchmarkCompileCompact/isa_bulk_mem,allocs/op,41,41,0,1,6,6,41,0,1,1x,single-operation memory check; not a timing claim
compiler-fixed-explicit,explicit,BenchmarkCompileCompact/isa_ctl,ns/op,159574,139622,-12.50329000965069,0.13203463203463203,6,6,140899.5,-0.9066746155948047,0.5887445887445888,1x,single-operation memory check; not a timing claim
compiler-fixed-explicit,explicit,BenchmarkCompileCompact/isa_ctl,B/op,61712,61696,-0.025926886180971387,0.0021645021645021645,6,6,61696,0,1,1x,single-operation memory check; not a timing claim
compiler-fixed-explicit,explicit,BenchmarkCompileCompact/isa_ctl,allocs/op,43,43,0,1,6,6,43,0,1,1x,single-operation memory check; not a timing claim
compiler-fixed-explicit,explicit,BenchmarkCompileCompact/isa_call,ns/op,93369.5,73061.5,-21.750143248062802,0.13203463203463203,6,6,73002,0.08150461631188932,0.8181818181818182,1x,single-operation memory check; not a timing claim
compiler-fixed-explicit,explicit,BenchmarkCompileCompact/isa_call,B/op,20936,20296,-3.0569354222392042,0.0021645021645021645,6,6,20296,0,1,1x,single-operation memory check; not a timing claim
compiler-fixed-explicit,explicit,BenchmarkCompileCompact/isa_call,allocs/op,65,65,0,1,6,6,65,0,1,1x,single-operation memory check; not a timing claim
compiler-fixed-explicit,explicit,BenchmarkCompileCompact/isa_var,ns/op,70547.5,52758.5,-25.21563485594812,0.0021645021645021645,6,6,61485,-14.192892575424898,0.3939393939393939,1x,single-operation memory check; not a timing claim
compiler-fixed-explicit,explicit,BenchmarkCompileCompact/isa_var,B/op,25664,24896,-2.9925187032418976,0.0021645021645021645,6,6,24896,0,1,1x,single-operation memory check; not a timing claim
compiler-fixed-explicit,explicit,BenchmarkCompileCompact/isa_var,allocs/op,37,37,0,1,6,6,37,0,1,1x,single-operation memory check; not a timing claim
compiler-fixed-explicit,explicit,BenchmarkCompileCompact/isa_cvt,ns/op,141676,137713.5,-2.796874558852591,0.6991341991341992,6,6,119839.5,14.914948743945033,0.17965367965367965,1x,single-operation memory check; not a timing claim
compiler-fixed-explicit,explicit,BenchmarkCompileCompact/isa_cvt,B/op,26232,23512,-10.369014943580357,0.0021645021645021645,6,6,23512,0,1,1x,single-operation memory check; not a timing claim
compiler-fixed-explicit,explicit,BenchmarkCompileCompact/isa_cvt,allocs/op,52,52,0,1,6,6,52,0,1,1x,single-operation memory check; not a timing claim
compiler-fixed-explicit,explicit,BenchmarkCompileCompact/isa_simd_v128,ns/op,116558.5,116468,-0.07764341510915207,0.6991341991341992,6,6,101505,14.741145756366691,0.9372294372294372,1x,single-operation memory check; not a timing claim
compiler-fixed-explicit,explicit,BenchmarkCompileCompact/isa_simd_v128,B/op,33080,33064,-0.04836759371221744,0.0021645021645021645,6,6,33064,0,1,1x,single-operation memory check; not a timing claim
compiler-fixed-explicit,explicit,BenchmarkCompileCompact/isa_simd_v128,allocs/op,57,57,0,1,6,6,57,0,1,1x,single-operation memory check; not a timing claim
compiler-fixed-explicit,explicit,BenchmarkCompileCompact/isa_simd_i8x16,ns/op,326932.5,301390,-7.812774808255529,0.30952380952380953,6,6,262572.5,14.783535975778129,0.3939393939393939,1x,single-operation memory check; not a timing claim
compiler-fixed-explicit,explicit,BenchmarkCompileCompact/isa_simd_i8x16,B/op,46328,39288,-15.195993783457084,0.0021645021645021645,6,6,39288,0,1,1x,single-operation memory check; not a timing claim
compiler-fixed-explicit,explicit,BenchmarkCompileCompact/isa_simd_i8x16,allocs/op,66,66,0,1,6,6,66,0,1,1x,single-operation memory check; not a timing claim
compiler-fixed-explicit,explicit,BenchmarkCompileCompact/isa_simd_i16x8,ns/op,433507.5,435010,0.3465914661222591,0.9372294372294372,6,6,347736.5,25.097595449427935,0.17965367965367965,1x,single-operation memory check; not a timing claim
compiler-fixed-explicit,explicit,BenchmarkCompileCompact/isa_simd_i16x8,B/op,42816,36544,-14.648729446935727,0.0021645021645021645,6,6,36544,0,1,1x,single-operation memory check; not a timing claim
compiler-fixed-explicit,explicit,BenchmarkCompileCompact/isa_simd_i16x8,allocs/op,51,51,0,1,6,6,51,0,1,1x,single-operation memory check; not a timing claim
compiler-fixed-explicit,explicit,BenchmarkCompileCompact/isa_simd_i32x4,ns/op,491831.5,366431.5,-25.496536923722857,0.17965367965367965,6,6,319053,14.849727161318027,0.8181818181818182,1x,single-operation memory check; not a timing claim
compiler-fixed-explicit,explicit,BenchmarkCompileCompact/isa_simd_i32x4,B/op,37288,31016,-16.820424801544732,0.0021645021645021645,6,6,31016,0,0.45454545454545453,1x,single-operation memory check; not a timing claim
compiler-fixed-explicit,explicit,BenchmarkCompileCompact/isa_simd_i32x4,allocs/op,51,51,0,0.45454545454545453,6,6,51,0,0.45454545454545453,1x,single-operation memory check; not a timing claim
compiler-fixed-explicit,explicit,BenchmarkCompileCompact/isa_simd_i64x2,ns/op,247789,308273.5,24.409679202870183,0.6991341991341992,6,6,284969,8.177907070593648,0.3939393939393939,1x,single-operation memory check; not a timing claim
compiler-fixed-explicit,explicit,BenchmarkCompileCompact/isa_simd_i64x2,B/op,40368,34160,-15.378517637732859,0.0021645021645021645,6,6,34160,0,0.45454545454545453,1x,single-operation memory check; not a timing claim
compiler-fixed-explicit,explicit,BenchmarkCompileCompact/isa_simd_i64x2,allocs/op,50,50,0,0.45454545454545453,6,6,50,0,0.45454545454545453,1x,single-operation memory check; not a timing claim
compiler-fixed-explicit,explicit,BenchmarkCompileCompact/isa_simd_f32x4,ns/op,294932.5,277986,-5.74589100895968,0.48484848484848486,6,6,248275.5,11.966746618172142,0.6991341991341992,1x,single-operation memory check; not a timing claim
compiler-fixed-explicit,explicit,BenchmarkCompileCompact/isa_simd_f32x4,B/op,35752,29544,-17.36406354889237,0.0021645021645021645,6,6,29544,0,1,1x,single-operation memory check; not a timing claim
compiler-fixed-explicit,explicit,BenchmarkCompileCompact/isa_simd_f32x4,allocs/op,50,50,0,1,6,6,50,0,1,1x,single-operation memory check; not a timing claim
compiler-fixed-explicit,explicit,BenchmarkCompileCompact/isa_simd_f64x2,ns/op,250109,206402,-17.475180821161974,0.09307359307359307,6,6,199895,3.255208984716984,0.48484848484848486,1x,single-operation memory check; not a timing claim
compiler-fixed-explicit,explicit,BenchmarkCompileCompact/isa_simd_f64x2,B/op,35704,29496,-17.387407573381132,0.0021645021645021645,6,6,29496,0,1,1x,single-operation memory check; not a timing claim
compiler-fixed-explicit,explicit,BenchmarkCompileCompact/isa_simd_f64x2,allocs/op,49,49,0,1,6,6,49,0,1,1x,single-operation memory check; not a timing claim
compiler-fixed-explicit,explicit,BenchmarkCompileCompact/isa_simd_reduce,ns/op,95499.5,85500,-10.4707354488767,0.30952380952380953,6,6,104080,-17.851652574942356,0.48484848484848486,1x,single-operation memory check; not a timing claim
compiler-fixed-explicit,explicit,BenchmarkCompileCompact/isa_simd_reduce,B/op,28552,25704,-9.974782852339592,0.0021645021645021645,6,6,25704,0,1,1x,single-operation memory check; not a timing claim
compiler-fixed-explicit,explicit,BenchmarkCompileCompact/isa_simd_reduce,allocs/op,38,38,0,1,6,6,38,0,1,1x,single-operation memory check; not a timing claim
compiler-fixed-signals,signals,BenchmarkCompileCompact/tiny,ns/op,119699.5,114895.5,-4.013383514551016,0.17965367965367965,6,6,112781.5,1.874420893497608,0.8181818181818182,1x,single-operation memory check; not a timing claim
compiler-fixed-signals,signals,BenchmarkCompileCompact/tiny,B/op,10784,10784,0,1,6,6,10784,0,1,1x,single-operation memory check; not a timing claim
compiler-fixed-signals,signals,BenchmarkCompileCompact/tiny,allocs/op,27,27,0,1,6,6,27,0,1,1x,single-operation memory check; not a timing claim
compiler-fixed-signals,signals,BenchmarkCompileCompact/fib_iter,ns/op,57237.5,55794.5,-2.521074470408391,0.6991341991341992,6,6,56265,-0.8362214520572286,0.6991341991341992,1x,single-operation memory check; not a timing claim
compiler-fixed-signals,signals,BenchmarkCompileCompact/fib_iter,B/op,13184,12672,-3.8834951456310662,0.0021645021645021645,6,6,12672,0,1,1x,single-operation memory check; not a timing claim
compiler-fixed-signals,signals,BenchmarkCompileCompact/fib_iter,allocs/op,28,28,0,1,6,6,28,0,1,1x,single-operation memory check; not a timing claim
compiler-fixed-signals,signals,BenchmarkCompileCompact/fib_rec,ns/op,44458.5,57357.5,29.01357445707795,0.17965367965367965,6,6,48145,19.134904974556033,0.06493506493506493,1x,single-operation memory check; not a timing claim
compiler-fixed-signals,signals,BenchmarkCompileCompact/fib_rec,B/op,13264,12496,-5.79010856453559,0.0021645021645021645,6,6,12496,0,1,1x,single-operation memory check; not a timing claim
compiler-fixed-signals,signals,BenchmarkCompileCompact/fib_rec,allocs/op,37,37,0,1,6,6,37,0,1,1x,single-operation memory check; not a timing claim
compiler-fixed-signals,signals,BenchmarkCompileCompact/arith,ns/op,42529.5,45605,7.231451110405729,0.48484848484848486,6,6,41858.5,8.950392393420682,0.3939393939393939,1x,single-operation memory check; not a timing claim
compiler-fixed-signals,signals,BenchmarkCompileCompact/arith,B/op,27456,12864,-53.14685314685315,0.0021645021645021645,6,6,12864,0,1,1x,single-operation memory check; not a timing claim
compiler-fixed-signals,signals,BenchmarkCompileCompact/arith,allocs/op,27,27,0,1,6,6,27,0,1,1x,single-operation memory check; not a timing claim
compiler-fixed-signals,signals,BenchmarkCompileCompact/float,ns/op,45725.5,43637,-4.567473291708124,0.5887445887445888,6,6,42018.5,3.8518747694467947,0.6991341991341992,1x,single-operation memory check; not a timing claim
compiler-fixed-signals,signals,BenchmarkCompileCompact/float,B/op,28048,13456,-52.02509982886481,0.0021645021645021645,6,6,13456,0,1,1x,single-operation memory check; not a timing claim
compiler-fixed-signals,signals,BenchmarkCompileCompact/float,allocs/op,41,41,0,1,6,6,41,0,1,1x,single-operation memory check; not a timing claim
compiler-fixed-signals,signals,BenchmarkCompileCompact/memory,ns/op,58029,52138,-10.151820641403441,0.8181818181818182,6,6,51792,0.6680568427556377,0.8181818181818182,1x,single-operation memory check; not a timing claim
compiler-fixed-signals,signals,BenchmarkCompileCompact/memory,B/op,13584,12688,-6.595995288574796,0.0021645021645021645,6,6,12688,0,1,1x,single-operation memory check; not a timing claim
compiler-fixed-signals,signals,BenchmarkCompileCompact/memory,allocs/op,34,34,0,1,6,6,34,0,1,1x,single-operation memory check; not a timing claim
compiler-fixed-signals,signals,BenchmarkCompileCompact/memory_tree,ns/op,66319.5,56576,-14.691757326276589,0.06493506493506493,6,6,55203.5,2.4862554004728032,0.512987012987013,1x,single-operation memory check; not a timing claim
compiler-fixed-signals,signals,BenchmarkCompileCompact/memory_tree,B/op,28448,16928,-40.4949381327334,0.0021645021645021645,6,6,16928,0,1,1x,single-operation memory check; not a timing claim
compiler-fixed-signals,signals,BenchmarkCompileCompact/memory_tree,allocs/op,51,51,0,1,6,6,51,0,1,1x,single-operation memory check; not a timing claim
compiler-fixed-signals,signals,BenchmarkCompileCompact/globals,ns/op,42214,48490.5,14.868290140711604,0.24025974025974026,6,6,43847,10.590234223550077,0.30952380952380953,1x,single-operation memory check; not a timing claim
compiler-fixed-signals,signals,BenchmarkCompileCompact/globals,B/op,13672,12904,-5.617320070216502,0.0021645021645021645,6,6,12904,0,1,1x,single-operation memory check; not a timing claim
compiler-fixed-signals,signals,BenchmarkCompileCompact/globals,allocs/op,40,40,0,1,6,6,40,0,1,1x,single-operation memory check; not a timing claim
compiler-fixed-signals,signals,BenchmarkCompileCompact/dispatch,ns/op,51957,50640,-2.534788382701081,1,6,6,50760,-0.23640661938534313,0.8181818181818182,1x,single-operation memory check; not a timing claim
compiler-fixed-signals,signals,BenchmarkCompileCompact/dispatch,B/op,11304,11288,-0.14154281670205604,0.0021645021645021645,6,6,11288,0,1,1x,single-operation memory check; not a timing claim
compiler-fixed-signals,signals,BenchmarkCompileCompact/dispatch,allocs/op,43,43,0,1,6,6,43,0,1,1x,single-operation memory check; not a timing claim
compiler-fixed-signals,signals,BenchmarkCompileCompact/branches,ns/op,33533,33287,-0.7336057018459408,0.9372294372294372,6,6,39464,-15.652240016217311,0.8181818181818182,1x,single-operation memory check; not a timing claim
compiler-fixed-signals,signals,BenchmarkCompileCompact/branches,B/op,13248,12224,-7.729468599033817,0.0021645021645021645,6,6,12224,0,1,1x,single-operation memory check; not a timing claim
compiler-fixed-signals,signals,BenchmarkCompileCompact/branches,allocs/op,25,25,0,1,6,6,25,0,1,1x,single-operation memory check; not a timing claim
compiler-fixed-signals,signals,BenchmarkCompileCompact/many_funcs,ns/op,341755.5,349931,2.3922072943961314,0.06493506493506493,6,6,345953,1.149867178489572,0.8181818181818182,1x,single-operation memory check; not a timing claim
compiler-fixed-signals,signals,BenchmarkCompileCompact/many_funcs,B/op,53224,52968,-0.48098602134375446,0.0021645021645021645,6,6,52968,0,1,1x,single-operation memory check; not a timing claim
compiler-fixed-signals,signals,BenchmarkCompileCompact/many_funcs,allocs/op,39,39,0,1,6,6,39,0,1,1x,single-operation memory check; not a timing claim
compiler-fixed-signals,signals,BenchmarkCompileCompact/linked_list,ns/op,46206.5,44188,-4.36843301267138,0.30952380952380953,6,6,50024,-11.666400127938592,0.5887445887445888,1x,single-operation memory check; not a timing claim
compiler-fixed-signals,signals,BenchmarkCompileCompact/linked_list,B/op,16816,14896,-11.41769743101808,0.0021645021645021645,6,6,14896,0,1,1x,single-operation memory check; not a timing claim
compiler-fixed-signals,signals,BenchmarkCompileCompact/linked_list,allocs/op,38,38,0,1,6,6,38,0,1,1x,single-operation memory check; not a timing claim
compiler-fixed-signals,signals,BenchmarkCompileCompact/mandelbrot,ns/op,50539.5,47033,-6.938137496413699,0.025974025974025976,6,6,50730,-7.287601025034496,0.329004329004329,1x,single-operation memory check; not a timing claim
compiler-fixed-signals,signals,BenchmarkCompileCompact/mandelbrot,B/op,30256,22064,-27.07562136435748,0.0021645021645021645,6,6,22064,0,1,1x,single-operation memory check; not a timing claim
compiler-fixed-signals,signals,BenchmarkCompileCompact/mandelbrot,allocs/op,58,58,0,1,6,6,58,0,1,1x,single-operation memory check; not a timing claim
compiler-fixed-signals,signals,BenchmarkCompileCompact/sieve,ns/op,47719,48686,2.0264464888199774,0.9372294372294372,6,6,47659,2.154892045573753,0.48484848484848486,1x,single-operation memory check; not a timing claim
compiler-fixed-signals,signals,BenchmarkCompileCompact/sieve,B/op,20928,17600,-15.902140672782872,0.0021645021645021645,6,6,17600,0,1,1x,single-operation memory check; not a timing claim
compiler-fixed-signals,signals,BenchmarkCompileCompact/sieve,allocs/op,39,39,0,1,6,6,39,0,1,1x,single-operation memory check; not a timing claim
compiler-fixed-signals,signals,BenchmarkCompileCompact/nbody,ns/op,129758,119243.5,-8.10316126944003,0.17965367965367965,6,6,113282.5,5.2620660737536795,0.6991341991341992,1x,single-operation memory check; not a timing claim
compiler-fixed-signals,signals,BenchmarkCompileCompact/nbody,B/op,70000,70000,0,1,6,6,70000,0,1,1x,single-operation memory check; not a timing claim
compiler-fixed-signals,signals,BenchmarkCompileCompact/nbody,allocs/op,89,89,0,1,6,6,89,0,1,1x,single-operation memory check; not a timing claim
compiler-fixed-signals,signals,BenchmarkCompileCompact/spectralnorm,ns/op,120234.5,106384.5,-11.519156315367052,0.24025974025974026,6,6,105187.5,1.137967914438498,0.9372294372294372,1x,single-operation memory check; not a timing claim
compiler-fixed-signals,signals,BenchmarkCompileCompact/spectralnorm,B/op,63992,63992,0,1,6,6,63992,0,1,1x,single-operation memory check; not a timing claim
compiler-fixed-signals,signals,BenchmarkCompileCompact/spectralnorm,allocs/op,81,81,0,1,6,6,81,0,1,1x,single-operation memory check; not a timing claim
compiler-fixed-signals,signals,BenchmarkCompileCompact/fannkuch,ns/op,157169.5,136771,-12.978663163018267,0.04112554112554113,6,6,153783,-11.062341091017858,0.48484848484848486,1x,single-operation memory check; not a timing claim
compiler-fixed-signals,signals,BenchmarkCompileCompact/fannkuch,B/op,65776,65776,0,1,6,6,65776,0,1,1x,single-operation memory check; not a timing claim
compiler-fixed-signals,signals,BenchmarkCompileCompact/fannkuch,allocs/op,68,68,0,1,6,6,68,0,1,1x,single-operation memory check; not a timing claim
compiler-fixed-signals,signals,BenchmarkCompileCompact/matmul,ns/op,96786,86481.5,-10.646684437831922,0.24025974025974026,6,6,108508.5,-20.299792182179278,0.06493506493506493,1x,single-operation memory check; not a timing claim
compiler-fixed-signals,signals,BenchmarkCompileCompact/matmul,B/op,63224,63224,0,1,6,6,63224,0,1,1x,single-operation memory check; not a timing claim
compiler-fixed-signals,signals,BenchmarkCompileCompact/matmul,allocs/op,75,75,0,1,6,6,75,0,1,1x,single-operation memory check; not a timing claim
compiler-fixed-signals,signals,BenchmarkCompileCompact/quicksort,ns/op,112906.5,104866.5,-7.120936349988705,0.3939393939393939,6,6,99496.5,5.397174774992086,1,1x,single-operation memory check; not a timing claim
compiler-fixed-signals,signals,BenchmarkCompileCompact/quicksort,B/op,30024,30024,0,1,6,6,30024,0,1,1x,single-operation memory check; not a timing claim
compiler-fixed-signals,signals,BenchmarkCompileCompact/quicksort,allocs/op,72,72,0,1,6,6,72,0,1,1x,single-operation memory check; not a timing claim
compiler-fixed-signals,signals,BenchmarkCompileCompact/crc32,ns/op,84684,77671,-8.281375466439943,0.5887445887445888,6,6,65317.5,18.913001875454505,0.24025974025974026,1x,single-operation memory check; not a timing claim
compiler-fixed-signals,signals,BenchmarkCompileCompact/crc32,B/op,28592,28592,0,1,6,6,28592,0,1,1x,single-operation memory check; not a timing claim
compiler-fixed-signals,signals,BenchmarkCompileCompact/crc32,allocs/op,47,47,0,1,6,6,47,0,1,1x,single-operation memory check; not a timing claim
compiler-fixed-signals,signals,BenchmarkCompileCompact/sha256,ns/op,114464.5,123862,8.20996902969917,0.9372294372294372,6,6,101279.5,22.297207233448034,0.17965367965367965,1x,single-operation memory check; not a timing claim
compiler-fixed-signals,signals,BenchmarkCompileCompact/sha256,B/op,62808,62808,0,1,6,6,62808,0,1,1x,single-operation memory check; not a timing claim
compiler-fixed-signals,signals,BenchmarkCompileCompact/sha256,allocs/op,54,54,0,1,6,6,54,0,1,1x,single-operation memory check; not a timing claim
compiler-fixed-signals,signals,BenchmarkCompileCompact/raytrace,ns/op,245239.5,233277,-4.877884680078049,0.48484848484848486,6,6,215073,8.464102885996837,0.30952380952380953,1x,single-operation memory check; not a timing claim
compiler-fixed-signals,signals,BenchmarkCompileCompact/raytrace,B/op,140928,140928,0,1,6,6,140928,0,1,1x,single-operation memory check; not a timing claim
compiler-fixed-signals,signals,BenchmarkCompileCompact/raytrace,allocs/op,116,116,0,1,6,6,116,0,1,1x,single-operation memory check; not a timing claim
compiler-fixed-signals,signals,BenchmarkCompileCompact/regexmatch,ns/op,47332332.5,41183590,-12.990575733828457,0.0021645021645021645,6,6,41255975,-0.17545337372344427,0.48484848484848486,1x,single-operation memory check; not a timing claim
compiler-fixed-signals,signals,BenchmarkCompileCompact/regexmatch,B/op,1339464,1337496,-0.14692444141836125,0.0021645021645021645,6,6,1337496,0,1,1x,single-operation memory check; not a timing claim
compiler-fixed-signals,signals,BenchmarkCompileCompact/regexmatch,allocs/op,1940,1942,0.10309278350515427,0.0021645021645021645,6,6,1942,0,1,1x,single-operation memory check; not a timing claim
compiler-fixed-signals,signals,BenchmarkCompileCompact/wasm3,ns/op,12185842.5,10705262.5,-12.150001118100784,0.0021645021645021645,6,6,10813165,-0.9978808239770709,0.8181818181818182,1x,single-operation memory check; not a timing claim
compiler-fixed-signals,signals,BenchmarkCompileCompact/wasm3,B/op,470864,468232,-0.5589724421488973,0.0021645021645021645,6,6,468232,0,1,1x,single-operation memory check; not a timing claim
compiler-fixed-signals,signals,BenchmarkCompileCompact/wasm3,allocs/op,831,833,0.24067388688326918,0.0021645021645021645,6,6,833,0,1,1x,single-operation memory check; not a timing claim
compiler-fixed-signals,signals,BenchmarkCompileCompact/json-as,ns/op,1424314,1300367.5,-8.702189264445902,0.09307359307359307,6,6,1265371,2.7657106097737305,0.8181818181818182,1x,single-operation memory check; not a timing claim
compiler-fixed-signals,signals,BenchmarkCompileCompact/json-as,B/op,136240,136784,0.39929536112741637,0.0021645021645021645,6,6,136784,0,1,1x,single-operation memory check; not a timing claim
compiler-fixed-signals,signals,BenchmarkCompileCompact/json-as,allocs/op,148,148,0,1,6,6,148,0,1,1x,single-operation memory check; not a timing claim
compiler-fixed-signals,signals,BenchmarkCompileCompact/blake-as,ns/op,360575.5,360255,-0.08888568413549791,0.5887445887445888,6,6,334311,7.760438633487987,0.6991341991341992,1x,single-operation memory check; not a timing claim
compiler-fixed-signals,signals,BenchmarkCompileCompact/blake-as,B/op,122376,122176,-0.16343073805321628,0.0021645021645021645,6,6,122176,0,1,1x,single-operation memory check; not a timing claim
compiler-fixed-signals,signals,BenchmarkCompileCompact/blake-as,allocs/op,93,89,-4.3010752688172005,0.0021645021645021645,6,6,89,0,1,1x,single-operation memory check; not a timing claim
compiler-fixed-signals,signals,BenchmarkCompileCompact/utf-as,ns/op,229780.5,229435,-0.15036088789083246,0.9372294372294372,6,6,209382.5,9.576970377180526,0.025974025974025976,1x,single-operation memory check; not a timing claim
compiler-fixed-signals,signals,BenchmarkCompileCompact/utf-as,B/op,121896,121880,-0.01312594342718354,0.0021645021645021645,6,6,121880,0,1,1x,single-operation memory check; not a timing claim
compiler-fixed-signals,signals,BenchmarkCompileCompact/utf-as,allocs/op,72,72,0,1,6,6,72,0,1,1x,single-operation memory check; not a timing claim
compiler-fixed-signals,signals,BenchmarkCompileCompact/xjb-mulhi,ns/op,78793,57387.5,-27.16675339179876,0.17965367965367965,6,6,72180.5,-20.494454873546175,0.04112554112554113,1x,single-operation memory check; not a timing claim
compiler-fixed-signals,signals,BenchmarkCompileCompact/xjb-mulhi,B/op,28544,17024,-40.35874439461884,0.0021645021645021645,6,6,17024,0,1,1x,single-operation memory check; not a timing claim
compiler-fixed-signals,signals,BenchmarkCompileCompact/xjb-mulhi,allocs/op,31,31,0,1,6,6,31,0,1,1x,single-operation memory check; not a timing claim
compiler-fixed-signals,signals,BenchmarkCompileCompact/swar-pack-parse,ns/op,59331,62307,5.015927592658143,0.6991341991341992,6,6,67471.5,-7.65434294479892,0.48484848484848486,1x,single-operation memory check; not a timing claim
compiler-fixed-signals,signals,BenchmarkCompileCompact/swar-pack-parse,B/op,26200,14680,-43.969465648854964,0.0021645021645021645,6,6,14680,0,1,1x,single-operation memory check; not a timing claim
compiler-fixed-signals,signals,BenchmarkCompileCompact/swar-pack-parse,allocs/op,28,28,0,1,6,6,28,0,1,1x,single-operation memory check; not a timing claim
compiler-fixed-signals,signals,BenchmarkCompileCompact/json-as-simd,ns/op,1443344.5,1273912.5,-11.738846824164295,0.06493506493506493,6,6,1345426,-5.315305338234877,0.17965367965367965,1x,single-operation memory check; not a timing claim
compiler-fixed-signals,signals,BenchmarkCompileCompact/json-as-simd,B/op,144456,145128,0.4651935537464791,0.0021645021645021645,6,6,145128,0,1,1x,single-operation memory check; not a timing claim
compiler-fixed-signals,signals,BenchmarkCompileCompact/json-as-simd,allocs/op,183,183,0,1,6,6,183,0,1,1x,single-operation memory check; not a timing claim
compiler-fixed-signals,signals,BenchmarkCompileCompact/blake-as-simd,ns/op,1003786,715971.5,-28.672894421719374,0.008658008658008658,6,6,785572,-8.859849892816952,0.6991341991341992,1x,single-operation memory check; not a timing claim
compiler-fixed-signals,signals,BenchmarkCompileCompact/blake-as-simd,B/op,250080,250232,0.0607805502239378,0.0021645021645021645,6,6,250232,0,1,1x,single-operation memory check; not a timing claim
compiler-fixed-signals,signals,BenchmarkCompileCompact/blake-as-simd,allocs/op,133,132,-0.7518796992481258,0.0021645021645021645,6,6,132,0,1,1x,single-operation memory check; not a timing claim
compiler-fixed-signals,signals,BenchmarkCompileCompact/utf-as-simd,ns/op,719318,554289,-22.94242602020247,0.3939393939393939,6,6,515045.5,7.619423914974499,0.48484848484848486,1x,single-operation memory check; not a timing claim
compiler-fixed-signals,signals,BenchmarkCompileCompact/utf-as-simd,B/op,146712,146608,-0.07088718032608465,0.0021645021645021645,6,6,146608,0,1,1x,single-operation memory check; not a timing claim
compiler-fixed-signals,signals,BenchmarkCompileCompact/utf-as-simd,allocs/op,137,135,-1.4598540145985384,0.0021645021645021645,6,6,135,0,1,1x,single-operation memory check; not a timing claim
compiler-fixed-signals,signals,BenchmarkCompileCompact/coremark,ns/op,618073,551243,-10.812638636536464,0.30952380952380953,6,6,558110.5,-1.2304910945054814,1,1x,single-operation memory check; not a timing claim
compiler-fixed-signals,signals,BenchmarkCompileCompact/coremark,B/op,126216,126200,-0.012676681244849775,0.0021645021645021645,6,6,126200,0,1,1x,single-operation memory check; not a timing claim
compiler-fixed-signals,signals,BenchmarkCompileCompact/coremark,allocs/op,93,93,0,1,6,6,93,0,1,1x,single-operation memory check; not a timing claim
compiler-fixed-signals,signals,BenchmarkCompileCompact/blake3,ns/op,887313,689612.5,-22.280807336306353,0.015151515151515152,6,6,805133.5,-14.348055322502418,0.48484848484848486,1x,single-operation memory check; not a timing claim
compiler-fixed-signals,signals,BenchmarkCompileCompact/blake3,B/op,127768,127736,-0.025045394778033803,0.0021645021645021645,6,6,127736,0,1,1x,single-operation memory check; not a timing claim
compiler-fixed-signals,signals,BenchmarkCompileCompact/blake3,allocs/op,105,105,0,1,6,6,105,0,1,1x,single-operation memory check; not a timing claim
compiler-fixed-signals,signals,BenchmarkCompileCompact/qoi,ns/op,263007.5,269605,2.5084835983764764,0.48484848484848486,6,6,208891.5,29.064610096629107,0.13203463203463203,1x,single-operation memory check; not a timing claim
compiler-fixed-signals,signals,BenchmarkCompileCompact/qoi,B/op,65328,65296,-0.048983590497186924,0.0021645021645021645,6,6,65296,0,1,1x,single-operation memory check; not a timing claim
compiler-fixed-signals,signals,BenchmarkCompileCompact/qoi,allocs/op,89,89,0,1,6,6,89,0,1,1x,single-operation memory check; not a timing claim
compiler-fixed-signals,signals,BenchmarkCompileCompact/lz4,ns/op,255123,227711.5,-10.744425238022448,0.17965367965367965,6,6,216210,5.319596688404782,0.48484848484848486,1x,single-operation memory check; not a timing claim
compiler-fixed-signals,signals,BenchmarkCompileCompact/lz4,B/op,64064,64048,-0.024975024975026905,0.0021645021645021645,6,6,64048,0,1,1x,single-operation memory check; not a timing claim
compiler-fixed-signals,signals,BenchmarkCompileCompact/lz4,allocs/op,68,68,0,1,6,6,68,0,1,1x,single-operation memory check; not a timing claim
compiler-fixed-signals,signals,BenchmarkCompileCompact/zlib,ns/op,921707.5,857908,-6.921881399467833,0.24025974025974026,6,6,944159.5,-9.13526792877687,0.3939393939393939,1x,single-operation memory check; not a timing claim
compiler-fixed-signals,signals,BenchmarkCompileCompact/zlib,B/op,266728,266712,-0.005998620317326786,0.0021645021645021645,6,6,266712,0,1,1x,single-operation memory check; not a timing claim
compiler-fixed-signals,signals,BenchmarkCompileCompact/zlib,allocs/op,169,169,0,1,6,6,169,0,1,1x,single-operation memory check; not a timing claim
compiler-fixed-signals,signals,BenchmarkCompileCompact/zstd,ns/op,3120552.5,2763639,-11.437509864038498,0.0021645021645021645,6,6,2753926.5,0.3526782577530696,0.8181818181818182,1x,single-operation memory check; not a timing claim
compiler-fixed-signals,signals,BenchmarkCompileCompact/zstd,B/op,985912,985904,-0.0008114314462126515,0.0021645021645021645,6,6,985904,0,1,1x,single-operation memory check; not a timing claim
compiler-fixed-signals,signals,BenchmarkCompileCompact/zstd,allocs/op,223,225,0.8968609865470878,0.0021645021645021645,6,6,225,0,1,1x,single-operation memory check; not a timing claim
compiler-fixed-signals,signals,BenchmarkCompileCompact/lua,ns/op,18002913,15774355,-12.37887446326047,0.0021645021645021645,6,6,15760105,0.090418179320495,0.9372294372294372,1x,single-operation memory check; not a timing claim
compiler-fixed-signals,signals,BenchmarkCompileCompact/lua,B/op,792376,789136,-0.4088967863741466,0.0021645021645021645,6,6,789136,0,1,1x,single-operation memory check; not a timing claim
compiler-fixed-signals,signals,BenchmarkCompileCompact/lua,allocs/op,756,756,0,1,6,6,756,0,1,1x,single-operation memory check; not a timing claim
compiler-fixed-signals,signals,BenchmarkCompileCompact/sqlite3,ns/op,72492077,62361328,-13.974974120275242,0.0021645021645021645,6,6,63079123,-1.1379279956064026,0.30952380952380953,1x,single-operation memory check; not a timing claim
compiler-fixed-signals,signals,BenchmarkCompileCompact/sqlite3,B/op,2208080,2193800,-0.6467156987065681,0.0021645021645021645,6,6,2193800,0,1,1x,single-operation memory check; not a timing claim
compiler-fixed-signals,signals,BenchmarkCompileCompact/sqlite3,allocs/op,2144,2146,0.0932835820895539,0.0021645021645021645,6,6,2146,0,1,1x,single-operation memory check; not a timing claim
compiler-fixed-signals,signals,BenchmarkCompileCompact/ruby,ns/op,833593189,659500972,-20.88455367645764,0.0021645021645021645,6,6,666114832,-0.9929008756856539,0.48484848484848486,1x,single-operation memory check; not a timing claim
compiler-fixed-signals,signals,BenchmarkCompileCompact/ruby,B/op,15078760,13745608,-8.841257503932686,0.0021645021645021645,6,6,13745608,0,1,1x,single-operation memory check; not a timing claim
compiler-fixed-signals,signals,BenchmarkCompileCompact/ruby,allocs/op,4479,4473,-0.13395847287340779,0.23376623376623376,6,6,4473,0,1,1x,single-operation memory check; not a timing claim
compiler-fixed-signals,signals,BenchmarkCompileCompact/esbuild,ns/op,422653375.5,346706282.5,-17.969120182739438,0.0021645021645021645,6,6,344312291,0.6952965556492385,0.8181818181818182,1x,single-operation memory check; not a timing claim
compiler-fixed-signals,signals,BenchmarkCompileCompact/esbuild,B/op,18384616,18272184,-0.6115547912450281,0.0021645021645021645,6,6,18272184,0,1,1x,single-operation memory check; not a timing claim
compiler-fixed-signals,signals,BenchmarkCompileCompact/esbuild,allocs/op,9207,9205,-0.021722602367768573,0.0021645021645021645,6,6,9205,0,1,1x,single-operation memory check; not a timing claim
compiler-fixed-signals,signals,BenchmarkCompileCompact/isa_i32,ns/op,363150,304060,-16.27151314883657,0.09307359307359307,6,6,314123.5,-3.203676261088395,1,1x,single-operation memory check; not a timing claim
compiler-fixed-signals,signals,BenchmarkCompileCompact/isa_i32,B/op,30904,30840,-0.20709293295366749,0.0021645021645021645,6,6,30840,0,1,1x,single-operation memory check; not a timing claim
compiler-fixed-signals,signals,BenchmarkCompileCompact/isa_i32,allocs/op,43,43,0,1,6,6,43,0,1,1x,single-operation memory check; not a timing claim
compiler-fixed-signals,signals,BenchmarkCompileCompact/isa_i64,ns/op,322554.5,216275,-32.949315542024685,0.025974025974025976,6,6,294591.5,-26.584779262130787,0.04112554112554113,1x,single-operation memory check; not a timing claim
compiler-fixed-signals,signals,BenchmarkCompileCompact/isa_i64,B/op,30904,30840,-0.20709293295366749,0.0021645021645021645,6,6,30840,0,1,1x,single-operation memory check; not a timing claim
compiler-fixed-signals,signals,BenchmarkCompileCompact/isa_i64,allocs/op,43,43,0,1,6,6,43,0,1,1x,single-operation memory check; not a timing claim
compiler-fixed-signals,signals,BenchmarkCompileCompact/isa_f32,ns/op,312611,229670.5,-26.531535998413357,0.09307359307359307,6,6,215148,6.75000464796327,1,1x,single-operation memory check; not a timing claim
compiler-fixed-signals,signals,BenchmarkCompileCompact/isa_f32,B/op,34496,30376,-11.943413729128016,0.0021645021645021645,6,6,30368,0.026343519494198553,0.18181818181818182,1x,single-operation memory check; not a timing claim
compiler-fixed-signals,signals,BenchmarkCompileCompact/isa_f32,allocs/op,69,69.5,0.7246376811594235,1,6,6,69,0.7246376811594235,0.18181818181818182,1x,single-operation memory check; not a timing claim
compiler-fixed-signals,signals,BenchmarkCompileCompact/isa_f64,ns/op,267481,218279.5,-18.39439062961481,0.17965367965367965,6,6,202419.5,7.835213504627769,1,1x,single-operation memory check; not a timing claim
compiler-fixed-signals,signals,BenchmarkCompileCompact/isa_f64,B/op,34528,30400,-11.955514365152919,0.0021645021645021645,6,6,30400,0,1,1x,single-operation memory check; not a timing claim
compiler-fixed-signals,signals,BenchmarkCompileCompact/isa_f64,allocs/op,70,70,0,1,6,6,70,0,1,1x,single-operation memory check; not a timing claim
compiler-fixed-signals,signals,BenchmarkCompileCompact/isa_mem,ns/op,198011,153602.5,-22.427289393013517,0.09307359307359307,6,6,132117.5,16.262039472439316,0.24025974025974026,1x,single-operation memory check; not a timing claim
compiler-fixed-signals,signals,BenchmarkCompileCompact/isa_mem,B/op,28592,25760,-9.904868494683827,0.0021645021645021645,6,6,25760,0,1,1x,single-operation memory check; not a timing claim
compiler-fixed-signals,signals,BenchmarkCompileCompact/isa_mem,allocs/op,39,39,0,1,6,6,39,0,1,1x,single-operation memory check; not a timing claim
compiler-fixed-signals,signals,BenchmarkCompileCompact/isa_bulk_mem,ns/op,110021,84693.5,-23.02060515719726,0.015151515151515152,6,6,109430,-22.604861555332178,0.24025974025974026,1x,single-operation memory check; not a timing claim
compiler-fixed-signals,signals,BenchmarkCompileCompact/isa_bulk_mem,B/op,13984,13568,-2.9748283752860427,0.0021645021645021645,6,6,13568,0,1,1x,single-operation memory check; not a timing claim
compiler-fixed-signals,signals,BenchmarkCompileCompact/isa_bulk_mem,allocs/op,41,41,0,1,6,6,41,0,1,1x,single-operation memory check; not a timing claim
compiler-fixed-signals,signals,BenchmarkCompileCompact/isa_ctl,ns/op,155010.5,148478,-4.214230648891526,0.3939393939393939,6,6,188007,-21.025280973580774,0.24025974025974026,1x,single-operation memory check; not a timing claim
compiler-fixed-signals,signals,BenchmarkCompileCompact/isa_ctl,B/op,61712,61696,-0.025926886180971387,0.0021645021645021645,6,6,61696,0,1,1x,single-operation memory check; not a timing claim
compiler-fixed-signals,signals,BenchmarkCompileCompact/isa_ctl,allocs/op,43,43,0,1,6,6,43,0,1,1x,single-operation memory check; not a timing claim
compiler-fixed-signals,signals,BenchmarkCompileCompact/isa_call,ns/op,109810.5,69255,-36.932260576174414,0.025974025974025976,6,6,72020,-3.839211330186054,0.5887445887445888,1x,single-operation memory check; not a timing claim
compiler-fixed-signals,signals,BenchmarkCompileCompact/isa_call,B/op,20936,20296,-3.0569354222392042,0.0021645021645021645,6,6,20296,0,1,1x,single-operation memory check; not a timing claim
compiler-fixed-signals,signals,BenchmarkCompileCompact/isa_call,allocs/op,65,65,0,1,6,6,65,0,1,1x,single-operation memory check; not a timing claim
compiler-fixed-signals,signals,BenchmarkCompileCompact/isa_var,ns/op,65037,61009,-6.193397604440554,0.5887445887445888,6,6,53420.5,14.205220842186051,0.8181818181818182,1x,single-operation memory check; not a timing claim
compiler-fixed-signals,signals,BenchmarkCompileCompact/isa_var,B/op,25664,24896,-2.9925187032418976,0.0021645021645021645,6,6,24896,0,1,1x,single-operation memory check; not a timing claim
compiler-fixed-signals,signals,BenchmarkCompileCompact/isa_var,allocs/op,37,37,0,1,6,6,37,0,1,1x,single-operation memory check; not a timing claim
compiler-fixed-signals,signals,BenchmarkCompileCompact/isa_cvt,ns/op,137727.5,130224,-5.448076818355085,0.48484848484848486,6,6,159419,-18.313375444583148,0.17965367965367965,1x,single-operation memory check; not a timing claim
compiler-fixed-signals,signals,BenchmarkCompileCompact/isa_cvt,B/op,26232,23512,-10.369014943580357,0.0021645021645021645,6,6,23512,0,1,1x,single-operation memory check; not a timing claim
compiler-fixed-signals,signals,BenchmarkCompileCompact/isa_cvt,allocs/op,52,52,0,1,6,6,52,0,1,1x,single-operation memory check; not a timing claim
compiler-fixed-signals,signals,BenchmarkCompileCompact/isa_simd_v128,ns/op,113232.5,105528,-6.804141920385054,0.5887445887445888,6,6,107797,-2.1048823251110904,0.8181818181818182,1x,single-operation memory check; not a timing claim
compiler-fixed-signals,signals,BenchmarkCompileCompact/isa_simd_v128,B/op,33080,33064,-0.04836759371221744,0.0021645021645021645,6,6,33064,0,1,1x,single-operation memory check; not a timing claim
compiler-fixed-signals,signals,BenchmarkCompileCompact/isa_simd_v128,allocs/op,57,57,0,1,6,6,57,0,1,1x,single-operation memory check; not a timing claim
compiler-fixed-signals,signals,BenchmarkCompileCompact/isa_simd_i8x16,ns/op,330279,302687,-8.354149067909255,0.09307359307359307,6,6,266580,13.544526971265668,0.24025974025974026,1x,single-operation memory check; not a timing claim
compiler-fixed-signals,signals,BenchmarkCompileCompact/isa_simd_i8x16,B/op,46328,39288,-15.195993783457084,0.0021645021645021645,6,6,39288,0,1,1x,single-operation memory check; not a timing claim
compiler-fixed-signals,signals,BenchmarkCompileCompact/isa_simd_i8x16,allocs/op,66,66,0,1,6,6,66,0,1,1x,single-operation memory check; not a timing claim
compiler-fixed-signals,signals,BenchmarkCompileCompact/isa_simd_i16x8,ns/op,530649.5,345522.5,-34.88686976997057,0.0021645021645021645,6,6,350221,-1.3415814585647334,0.5887445887445888,1x,single-operation memory check; not a timing claim
compiler-fixed-signals,signals,BenchmarkCompileCompact/isa_simd_i16x8,B/op,42816,36544,-14.648729446935727,0.0021645021645021645,6,6,36544,0,1,1x,single-operation memory check; not a timing claim
compiler-fixed-signals,signals,BenchmarkCompileCompact/isa_simd_i16x8,allocs/op,51,51,0,1,6,6,51,0,1,1x,single-operation memory check; not a timing claim
compiler-fixed-signals,signals,BenchmarkCompileCompact/isa_simd_i32x4,ns/op,408255.5,325104.5,-20.367392478484668,0.0021645021645021645,6,6,339355.5,-4.199430980196284,0.3939393939393939,1x,single-operation memory check; not a timing claim
compiler-fixed-signals,signals,BenchmarkCompileCompact/isa_simd_i32x4,B/op,37288,31016,-16.820424801544732,0.0021645021645021645,6,6,31016,0,0.45454545454545453,1x,single-operation memory check; not a timing claim
compiler-fixed-signals,signals,BenchmarkCompileCompact/isa_simd_i32x4,allocs/op,51,51,0,0.45454545454545453,6,6,51,0,0.45454545454545453,1x,single-operation memory check; not a timing claim
compiler-fixed-signals,signals,BenchmarkCompileCompact/isa_simd_i64x2,ns/op,304671,226549.5,-25.6412654962238,0.04112554112554113,6,6,245335,-7.657081133959687,0.9372294372294372,1x,single-operation memory check; not a timing claim
compiler-fixed-signals,signals,BenchmarkCompileCompact/isa_simd_i64x2,B/op,40368,34160,-15.378517637732859,0.0021645021645021645,6,6,34160,0,0.45454545454545453,1x,single-operation memory check; not a timing claim
compiler-fixed-signals,signals,BenchmarkCompileCompact/isa_simd_i64x2,allocs/op,50,50,0,0.45454545454545453,6,6,50,0,0.45454545454545453,1x,single-operation memory check; not a timing claim
compiler-fixed-signals,signals,BenchmarkCompileCompact/isa_simd_f32x4,ns/op,343413.5,248380,-27.673198636629014,0.0021645021645021645,6,6,295383.5,-15.912703316197419,0.015151515151515152,1x,single-operation memory check; not a timing claim
compiler-fixed-signals,signals,BenchmarkCompileCompact/isa_simd_f32x4,B/op,35752,29544,-17.36406354889237,0.0021645021645021645,6,6,29544,0,1,1x,single-operation memory check; not a timing claim
compiler-fixed-signals,signals,BenchmarkCompileCompact/isa_simd_f32x4,allocs/op,50,50,0,1,6,6,50,0,1,1x,single-operation memory check; not a timing claim
compiler-fixed-signals,signals,BenchmarkCompileCompact/isa_simd_f64x2,ns/op,310422,261034.5,-15.909793764617197,0.04112554112554113,6,6,284808.5,-8.34736322827444,0.06493506493506493,1x,single-operation memory check; not a timing claim
compiler-fixed-signals,signals,BenchmarkCompileCompact/isa_simd_f64x2,B/op,35704,29496,-17.387407573381132,0.0021645021645021645,6,6,29496,0,1,1x,single-operation memory check; not a timing claim
compiler-fixed-signals,signals,BenchmarkCompileCompact/isa_simd_f64x2,allocs/op,49,49,0,1,6,6,49,0,1,1x,single-operation memory check; not a timing claim
compiler-fixed-signals,signals,BenchmarkCompileCompact/isa_simd_reduce,ns/op,129793.5,96971,-25.288246329746865,0.0021645021645021645,6,6,106339.5,-8.809990643175869,0.48484848484848486,1x,single-operation memory check; not a timing claim
compiler-fixed-signals,signals,BenchmarkCompileCompact/isa_simd_reduce,B/op,28552,25704,-9.974782852339592,0.0021645021645021645,6,6,25704,0,1,1x,single-operation memory check; not a timing claim
compiler-fixed-signals,signals,BenchmarkCompileCompact/isa_simd_reduce,allocs/op,38,38,0,1,6,6,38,0,1,1x,single-operation memory check; not a timing claim
instantiate-fixed-explicit,explicit,BenchmarkPluginInstantiate/ruby,ns/op,1794804,1652666,-7.9194162705231275,0.06493506493506493,6,6,1753386.5,-5.744341022358734,0.04112554112554113,128x,equal operation counts; separate from warm repeats
instantiate-fixed-explicit,explicit,BenchmarkPluginInstantiate/ruby,B/op,302069,86629,-71.32145304549623,0.0021645021645021645,6,6,302061,-71.32069350230583,0.0021645021645021645,128x,equal operation counts; separate from warm repeats
instantiate-fixed-explicit,explicit,BenchmarkPluginInstantiate/ruby,allocs/op,9405,779,-91.71717171717172,0.0021645021645021645,6,6,9404,-91.71629094002553,0.0021645021645021645,128x,equal operation counts; separate from warm repeats
instantiate-fixed-explicit,explicit,BenchmarkPluginInstantiate/esbuild,ns/op,1263088.5,1127365,-10.745367406955253,0.015151515151515152,6,6,1190668,-5.316595390150736,0.06493506493506493,128x,equal operation counts; separate from warm repeats
instantiate-fixed-explicit,explicit,BenchmarkPluginInstantiate/esbuild,B/op,89001,14967,-83.18333501870765,0.0021645021645021645,6,6,88991,-83.18144531469474,0.0021645021645021645,128x,equal operation counts; separate from warm repeats
instantiate-fixed-explicit,explicit,BenchmarkPluginInstantiate/esbuild,allocs/op,4397,251,-94.29156242892881,0.0021645021645021645,6,6,4396,-94.29026387625113,0.0021645021645021645,128x,equal operation counts; separate from warm repeats
instantiate-fixed-explicit,explicit,BenchmarkPluginInstantiate/sqlite3,ns/op,226357.5,200722,-11.325226687872059,0.0021645021645021645,6,6,220340.5,-8.903719470546722,0.0021645021645021645,128x,equal operation counts; separate from warm repeats
instantiate-fixed-explicit,explicit,BenchmarkPluginInstantiate/sqlite3,B/op,69942,38664,-44.719910783220385,0.0021645021645021645,6,6,69936,-44.71516815374056,0.0021645021645021645,128x,equal operation counts; separate from warm repeats
instantiate-fixed-explicit,explicit,BenchmarkPluginInstantiate/sqlite3,allocs/op,1246,312,-74.95987158908507,0.0021645021645021645,6,6,1245,-74.93975903614458,0.0021645021645021645,128x,equal operation counts; separate from warm repeats
instantiate-fixed-explicit,explicit,BenchmarkPluginInstantiate/wasm3,ns/op,144885.5,134049.5,-7.47900928664359,0.0021645021645021645,6,6,142329.5,-5.817486887820166,0.0021645021645021645,128x,equal operation counts; separate from warm repeats
instantiate-fixed-explicit,explicit,BenchmarkPluginInstantiate/wasm3,B/op,35086,23518,-32.97041555036196,0.0021645021645021645,6,6,35078,-32.95512857061406,0.0021645021645021645,128x,equal operation counts; separate from warm repeats
instantiate-fixed-explicit,explicit,BenchmarkPluginInstantiate/wasm3,allocs/op,844,234,-72.27488151658767,0.0021645021645021645,6,6,843,-72.24199288256227,0.0021645021645021645,128x,equal operation counts; separate from warm repeats
instantiate-fixed-explicit,explicit,BenchmarkPluginInstantiate/lua,ns/op,128232.5,120076.5,-6.360322071237789,0.0021645021645021645,6,6,128778.5,-6.757339152110021,0.0021645021645021645,128x,equal operation counts; separate from warm repeats
instantiate-fixed-explicit,explicit,BenchmarkPluginInstantiate/lua,B/op,30759,22271,-27.595175395819105,0.0021645021645021645,6,6,30751,-27.57633898084615,0.0021645021645021645,128x,equal operation counts; separate from warm repeats
instantiate-fixed-explicit,explicit,BenchmarkPluginInstantiate/lua,allocs/op,562,213,-62.09964412811389,0.0021645021645021645,6,6,561,-62.03208556149733,0.0021645021645021645,128x,equal operation counts; separate from warm repeats
instantiate-fixed-signals,signals,BenchmarkPluginInstantiate/ruby,ns/op,1717121.5,1540837.5,-10.266250815681943,0.025974025974025976,6,6,1687052.5,-8.66689092366717,0.06493506493506493,128x,equal operation counts; separate from warm repeats
instantiate-fixed-signals,signals,BenchmarkPluginInstantiate/ruby,B/op,302069,86626,-71.32244619606777,0.0021645021645021645,6,6,302060.5,-71.32163920803944,0.0021645021645021645,128x,equal operation counts; separate from warm repeats
instantiate-fixed-signals,signals,BenchmarkPluginInstantiate/ruby,allocs/op,9405,779,-91.71717171717172,0.0021645021645021645,6,6,9404,-91.71629094002553,0.0021645021645021645,128x,equal operation counts; separate from warm repeats
instantiate-fixed-signals,signals,BenchmarkPluginInstantiate/esbuild,ns/op,1330770.5,1175823,-11.64344265220788,0.015151515151515152,6,6,1255659.5,-6.35813291740317,0.04112554112554113,128x,equal operation counts; separate from warm repeats
instantiate-fixed-signals,signals,BenchmarkPluginInstantiate/esbuild,B/op,88997,14969,-83.18033192130072,0.0021645021645021645,6,6,88991,-83.1791978964165,0.0021645021645021645,128x,equal operation counts; separate from warm repeats
instantiate-fixed-signals,signals,BenchmarkPluginInstantiate/esbuild,allocs/op,4397,251,-94.29156242892881,0.0021645021645021645,6,6,4396,-94.29026387625113,0.0021645021645021645,128x,equal operation counts; separate from warm repeats
instantiate-fixed-signals,signals,BenchmarkPluginInstantiate/sqlite3,ns/op,246043.5,221933,-9.799283460038566,0.0021645021645021645,6,6,238903,-7.103301339874346,0.04112554112554113,128x,equal operation counts; separate from warm repeats
instantiate-fixed-signals,signals,BenchmarkPluginInstantiate/sqlite3,B/op,69944,38664,-44.7214914788974,0.0021645021645021645,6,6,69934,-44.713587096405185,0.0021645021645021645,128x,equal operation counts; separate from warm repeats
instantiate-fixed-signals,signals,BenchmarkPluginInstantiate/sqlite3,allocs/op,1246,312,-74.95987158908507,0.0021645021645021645,6,6,1245,-74.93975903614458,0.0021645021645021645,128x,equal operation counts; separate from warm repeats
instantiate-fixed-signals,signals,BenchmarkPluginInstantiate/wasm3,ns/op,93128.5,85016,-8.7110819996027,0.0021645021645021645,6,6,94200,-9.749469214437367,0.0021645021645021645,128x,equal operation counts; separate from warm repeats
instantiate-fixed-signals,signals,BenchmarkPluginInstantiate/wasm3,B/op,35086,23518,-32.97041555036196,0.0021645021645021645,6,6,35078,-32.95512857061406,0.0021645021645021645,128x,equal operation counts; separate from warm repeats
instantiate-fixed-signals,signals,BenchmarkPluginInstantiate/wasm3,allocs/op,844,234,-72.27488151658767,0.0021645021645021645,6,6,843,-72.24199288256227,0.0021645021645021645,128x,equal operation counts; separate from warm repeats
instantiate-fixed-signals,signals,BenchmarkPluginInstantiate/lua,ns/op,80257.5,74200.5,-7.546958228202971,0.06493506493506493,6,6,80022.5,-7.2754537786247635,0.06493506493506493,128x,equal operation counts; separate from warm repeats
instantiate-fixed-signals,signals,BenchmarkPluginInstantiate/lua,B/op,30759,22269,-27.601677557787962,0.0021645021645021645,6,6,30751,-27.582842834379374,0.0021645021645021645,128x,equal operation counts; separate from warm repeats
instantiate-fixed-signals,signals,BenchmarkPluginInstantiate/lua,allocs/op,562,213,-62.09964412811389,0.0021645021645021645,6,6,561,-62.03208556149733,0.0021645021645021645,128x,equal operation counts; separate from warm repeats
resource-explicit-fixed,explicit,BenchmarkCompileFull/dispatch,ns/op,281738,291025,3.2963249543902506,1,6,6,313983,-7.311860833229822,0.13203463203463203,1x,single-operation memory check; not a timing claim
resource-explicit-fixed,explicit,BenchmarkCompileFull/dispatch,code-B,475,475,0,1,6,6,475,0,1,1x,single-operation memory check; not a timing claim
resource-explicit-fixed,explicit,BenchmarkCompileFull/dispatch,B/op,43600,43696,0.22018348623853434,0.0021645021645021645,6,6,43696,0,1,1x,single-operation memory check; not a timing claim
resource-explicit-fixed,explicit,BenchmarkCompileFull/dispatch,allocs/op,136,138,1.4705882352941124,0.0021645021645021645,6,6,138,0,1,1x,single-operation memory check; not a timing claim
resource-explicit-fixed,explicit,BenchmarkCompileFull/linked_list,ns/op,297543,308628.5,3.7256799857499523,0.8181818181818182,6,6,323180.5,-4.502746916970546,0.3939393939393939,1x,single-operation memory check; not a timing claim
resource-explicit-fixed,explicit,BenchmarkCompileFull/linked_list,code-B,274,274,0,1,6,6,274,0,1,1x,single-operation memory check; not a timing claim
resource-explicit-fixed,explicit,BenchmarkCompileFull/linked_list,B/op,29976,28120,-6.191619962636774,0.0021645021645021645,6,6,28120,0,1,1x,single-operation memory check; not a timing claim
resource-explicit-fixed,explicit,BenchmarkCompileFull/linked_list,allocs/op,106,108,1.8867924528301883,0.0021645021645021645,6,6,108,0,1,1x,single-operation memory check; not a timing claim
resource-explicit-fixed,explicit,BenchmarkCompileFullWorkers/fib_rec/p2,ns/op,267015.5,266224,-0.29642473938779057,0.8181818181818182,6,6,290619.5,-8.39430939768322,0.025974025974025976,1x,single-operation memory check; not a timing claim
resource-explicit-fixed,explicit,BenchmarkCompileFullWorkers/fib_rec/p2,code-B,163,163,0,1,6,6,163,0,1,1x,single-operation memory check; not a timing claim
resource-explicit-fixed,explicit,BenchmarkCompileFullWorkers/fib_rec/p2,B/op,26112,25424,-2.634803921568629,0.0021645021645021645,6,6,25424,0,1,1x,single-operation memory check; not a timing claim
resource-explicit-fixed,explicit,BenchmarkCompileFullWorkers/fib_rec/p2,allocs/op,100,102,2.0000000000000018,0.0021645021645021645,6,6,102,0,1,1x,single-operation memory check; not a timing claim
resource-explicit-fixed,explicit,BenchmarkCompileFullWorkers/fib_rec/p8,ns/op,260042,277460,6.698148760584832,0.025974025974025976,6,6,272946.5,1.6536207645087897,0.3939393939393939,1x,single-operation memory check; not a timing claim
resource-explicit-fixed,explicit,BenchmarkCompileFullWorkers/fib_rec/p8,code-B,163,163,0,1,6,6,163,0,1,1x,single-operation memory check; not a timing claim
resource-explicit-fixed,explicit,BenchmarkCompileFullWorkers/fib_rec/p8,B/op,26112,25424,-2.634803921568629,0.0021645021645021645,6,6,25424,0,1,1x,single-operation memory check; not a timing claim
resource-explicit-fixed,explicit,BenchmarkCompileFullWorkers/fib_rec/p8,allocs/op,100,102,2.0000000000000018,0.0021645021645021645,6,6,102,0,1,1x,single-operation memory check; not a timing claim
resource-explicit-fixed,explicit,BenchmarkCompileFullWorkers/fib_rec/auto,ns/op,266514,266139,-0.14070555392962092,0.9372294372294372,6,6,288586,-7.778270602177518,0.09307359307359307,1x,single-operation memory check; not a timing claim
resource-explicit-fixed,explicit,BenchmarkCompileFullWorkers/fib_rec/auto,code-B,163,163,0,1,6,6,163,0,1,1x,single-operation memory check; not a timing claim
resource-explicit-fixed,explicit,BenchmarkCompileFullWorkers/fib_rec/auto,B/op,26112,25424,-2.634803921568629,0.0021645021645021645,6,6,25424,0,1,1x,single-operation memory check; not a timing claim
resource-explicit-fixed,explicit,BenchmarkCompileFullWorkers/fib_rec/auto,allocs/op,100,102,2.0000000000000018,0.0021645021645021645,6,6,102,0,1,1x,single-operation memory check; not a timing claim
resource-explicit-fixed,explicit,BenchmarkCompileFullWorkers/fib_rec/p1,ns/op,262867.5,270041,2.7289413868203605,0.48484848484848486,6,6,294041,-8.162127050309309,0.04112554112554113,1x,single-operation memory check; not a timing claim
resource-explicit-fixed,explicit,BenchmarkCompileFullWorkers/fib_rec/p1,code-B,163,163,0,1,6,6,163,0,1,1x,single-operation memory check; not a timing claim
resource-explicit-fixed,explicit,BenchmarkCompileFullWorkers/fib_rec/p1,B/op,26112,25424,-2.634803921568629,0.0021645021645021645,6,6,25424,0,1,1x,single-operation memory check; not a timing claim
resource-explicit-fixed,explicit,BenchmarkCompileFullWorkers/fib_rec/p1,allocs/op,100,102,2.0000000000000018,0.0021645021645021645,6,6,102,0,1,1x,single-operation memory check; not a timing claim
resource-explicit-fixed,explicit,BenchmarkCompileFullWorkers/tiny/auto,ns/op,254762.5,253129,-0.6411854177910792,0.5887445887445888,6,6,280896,-9.885153223969013,0.24025974025974026,1x,single-operation memory check; not a timing claim
resource-explicit-fixed,explicit,BenchmarkCompileFullWorkers/tiny/auto,code-B,96,96,0,1,6,6,96,0,1,1x,single-operation memory check; not a timing claim
resource-explicit-fixed,explicit,BenchmarkCompileFullWorkers/tiny/auto,B/op,24304,24384,0.3291639236339794,0.0021645021645021645,6,6,24384,0,1,1x,single-operation memory check; not a timing claim
resource-explicit-fixed,explicit,BenchmarkCompileFullWorkers/tiny/auto,allocs/op,91,93,2.19780219780219,0.0021645021645021645,6,6,93,0,1,1x,single-operation memory check; not a timing claim
resource-explicit-fixed,explicit,BenchmarkCompileFull/tiny,ns/op,258619.5,260092.5,0.5695626199880621,0.7316017316017316,6,6,268188,-3.018591435858431,0.6991341991341992,1x,single-operation memory check; not a timing claim
resource-explicit-fixed,explicit,BenchmarkCompileFull/tiny,code-B,96,96,0,1,6,6,96,0,1,1x,single-operation memory check; not a timing claim
resource-explicit-fixed,explicit,BenchmarkCompileFull/tiny,B/op,24160,24240,0.3311258278145601,0.0021645021645021645,6,6,24240,0,1,1x,single-operation memory check; not a timing claim
resource-explicit-fixed,explicit,BenchmarkCompileFull/tiny,allocs/op,90,92,2.2222222222222143,0.0021645021645021645,6,6,92,0,1,1x,single-operation memory check; not a timing claim
resource-explicit-fixed,explicit,BenchmarkCompileWorkers/sqlite3/p4,ns/op,25672566,14998248,-41.5786953279232,0.0021645021645021645,6,6,15742235.5,-4.726060031308766,0.04112554112554113,1x,single-operation memory check; not a timing claim
resource-explicit-fixed,explicit,BenchmarkCompileWorkers/sqlite3/p4,code-B,3634105,3634105,0,1,6,6,3634105,0,1,1x,single-operation memory check; not a timing claim
resource-explicit-fixed,explicit,BenchmarkCompileWorkers/sqlite3/p4,B/op,14099000,14037220,-0.4381871054684683,0.13203463203463203,6,6,13964708,0.5192518167941751,0.9372294372294372,1x,single-operation memory check; not a timing claim
resource-explicit-fixed,explicit,BenchmarkCompileWorkers/sqlite3/p4,allocs/op,3560,3639.5,2.2331460674157366,0.015151515151515152,6,6,3627.5,0.3308063404548589,0.48484848484848486,1x,single-operation memory check; not a timing claim
resource-explicit-fixed,explicit,BenchmarkCompileFullWorkers/tiny/p1,ns/op,243486.5,256560.5,5.369496871489798,0.025974025974025976,6,6,280010,-8.37452233848791,0.06493506493506493,1x,single-operation memory check; not a timing claim
resource-explicit-fixed,explicit,BenchmarkCompileFullWorkers/tiny/p1,code-B,96,96,0,1,6,6,96,0,1,1x,single-operation memory check; not a timing claim
resource-explicit-fixed,explicit,BenchmarkCompileFullWorkers/tiny/p1,B/op,24304,24384,0.3291639236339794,0.0021645021645021645,6,6,24384,0,1,1x,single-operation memory check; not a timing claim
resource-explicit-fixed,explicit,BenchmarkCompileFullWorkers/tiny/p1,allocs/op,91,93,2.19780219780219,0.0021645021645021645,6,6,93,0,1,1x,single-operation memory check; not a timing claim
resource-explicit-fixed,explicit,BenchmarkCompileWorkers/sqlite3/p8,ns/op,19408968,10043291.5,-48.254376533569435,0.0021645021645021645,6,6,9626947.5,4.324776882807346,0.3939393939393939,1x,single-operation memory check; not a timing claim
resource-explicit-fixed,explicit,BenchmarkCompileWorkers/sqlite3/p8,code-B,3634105,3634105,0,1,6,6,3634105,0,1,1x,single-operation memory check; not a timing claim
resource-explicit-fixed,explicit,BenchmarkCompileWorkers/sqlite3/p8,B/op,16922260,17359212,2.582113736581282,0.5887445887445888,6,6,17146520,1.2404382930180535,0.9372294372294372,1x,single-operation memory check; not a timing claim
resource-explicit-fixed,explicit,BenchmarkCompileWorkers/sqlite3/p8,allocs/op,4516.5,4635,2.6237130521421514,0.0021645021645021645,6,6,4677.5,-0.9086050240513122,0.16666666666666666,1x,single-operation memory check; not a timing claim
resource-explicit-fixed,explicit,BenchmarkCompileFullWorkers/lua/p4,ns/op,15553388,7661382,-50.74139473663231,0.0021645021645021645,6,6,7791262.5,-1.6670019781774736,0.8181818181818182,1x,single-operation memory check; not a timing claim
resource-explicit-fixed,explicit,BenchmarkCompileFullWorkers/lua/p4,code-B,897828,897828,0,1,6,6,897828,0,1,1x,single-operation memory check; not a timing claim
resource-explicit-fixed,explicit,BenchmarkCompileFullWorkers/lua/p4,B/op,4887444,4921224,0.6911588143004854,0.5887445887445888,6,6,4912188,0.18395061426801362,0.9372294372294372,1x,single-operation memory check; not a timing claim
resource-explicit-fixed,explicit,BenchmarkCompileFullWorkers/lua/p4,allocs/op,3333,3391,1.740174017401741,0.0021645021645021645,6,6,3388.5,0.0737789582410997,1,1x,single-operation memory check; not a timing claim
resource-explicit-fixed,explicit,BenchmarkCompileFull/memory,ns/op,300574,282073.5,-6.155056658260527,0.5887445887445888,6,6,330369,-14.618653687240634,0.008658008658008658,1x,single-operation memory check; not a timing claim
resource-explicit-fixed,explicit,BenchmarkCompileFull/memory,code-B,292,292,0,1,6,6,292,0,1,1x,single-operation memory check; not a timing claim
resource-explicit-fixed,explicit,BenchmarkCompileFull/memory,B/op,27784,26968,-2.9369421249640038,0.0021645021645021645,6,6,26968,0,1,1x,single-operation memory check; not a timing claim
resource-explicit-fixed,explicit,BenchmarkCompileFull/memory,allocs/op,106,108,1.8867924528301883,0.0021645021645021645,6,6,108,0,1,1x,single-operation memory check; not a timing claim
resource-explicit-fixed,explicit,BenchmarkCompileFullWorkers/lua/auto,ns/op,15696410.5,8189923.5,-47.822952897415625,0.0021645021645021645,6,6,7695967,6.418381211873703,0.04112554112554113,1x,single-operation memory check; not a timing claim
resource-explicit-fixed,explicit,BenchmarkCompileFullWorkers/lua/auto,code-B,897828,897828,0,1,6,6,897828,0,1,1x,single-operation memory check; not a timing claim
resource-explicit-fixed,explicit,BenchmarkCompileFullWorkers/lua/auto,B/op,4825736,4895556,1.4468259349454726,0.24025974025974026,6,6,4927604,-0.6503769377571689,0.48484848484848486,1x,single-operation memory check; not a timing claim
resource-explicit-fixed,explicit,BenchmarkCompileFullWorkers/lua/auto,allocs/op,3319.5,3391,2.153938846211778,0.0021645021645021645,6,6,3391.5,-0.01474273920094582,0.854978354978355,1x,single-operation memory check; not a timing claim
resource-explicit-fixed,explicit,BenchmarkCompileFullWorkers/lua/p8,ns/op,14110372.5,6200831,-56.054802947264506,0.0021645021645021645,6,6,6392224,-2.994153521528653,0.8181818181818182,1x,single-operation memory check; not a timing claim
resource-explicit-fixed,explicit,BenchmarkCompileFullWorkers/lua/p8,code-B,897828,897828,0,1,6,6,897828,0,1,1x,single-operation memory check; not a timing claim
resource-explicit-fixed,explicit,BenchmarkCompileFullWorkers/lua/p8,B/op,5776400,5965276,3.269787410844116,0.48484848484848486,6,6,5821168,2.475585655662238,0.30952380952380953,1x,single-operation memory check; not a timing claim
resource-explicit-fixed,explicit,BenchmarkCompileFullWorkers/lua/p8,allocs/op,4109.5,4219.5,2.67672466236768,0.0021645021645021645,6,6,4224.5,-0.11835720203574596,0.9372294372294372,1x,single-operation memory check; not a timing claim
resource-explicit-fixed,explicit,BenchmarkCompileWorkers/lua/p2,ns/op,10438462.5,7655222,-26.663318472428287,0.0021645021645021645,6,6,7540701,1.518704958597361,0.5887445887445888,1x,single-operation memory check; not a timing claim
resource-explicit-fixed,explicit,BenchmarkCompileWorkers/lua/p2,code-B,889172,889172,0,1,6,6,889172,0,1,1x,single-operation memory check; not a timing claim
resource-explicit-fixed,explicit,BenchmarkCompileWorkers/lua/p2,B/op,3878756,3887412,0.22316433413187564,0.48484848484848486,6,6,3885192,0.05714003323387118,0.6991341991341992,1x,single-operation memory check; not a timing claim
resource-explicit-fixed,explicit,BenchmarkCompileWorkers/lua/p2,allocs/op,1056.5,1079.5,2.176999526739243,0.0021645021645021645,6,6,1082,-0.23105360443622658,0.8376623376623377,1x,single-operation memory check; not a timing claim
resource-explicit-fixed,explicit,BenchmarkCompileWorkers/lua/p4,ns/op,7500231.5,4667366.5,-37.77036748799021,0.0021645021645021645,6,6,4582728,1.846902107216497,0.9372294372294372,1x,single-operation memory check; not a timing claim
resource-explicit-fixed,explicit,BenchmarkCompileWorkers/lua/p4,code-B,889172,889172,0,1,6,6,889172,0,1,1x,single-operation memory check; not a timing claim
resource-explicit-fixed,explicit,BenchmarkCompileWorkers/lua/p4,B/op,4370856,4410936,0.9169828518715839,0.48484848484848486,6,6,4336824,1.708900338127628,0.30952380952380953,1x,single-operation memory check; not a timing claim
resource-explicit-fixed,explicit,BenchmarkCompileWorkers/lua/p4,allocs/op,1488.5,1561.5,4.904266039637228,0.0021645021645021645,6,6,1533.5,1.8258884903814776,0.025974025974025976,1x,single-operation memory check; not a timing claim
resource-explicit-fixed,explicit,BenchmarkCompileWorkers/lua/p8,ns/op,6546879,3298672,-49.614587347650684,0.0021645021645021645,6,6,3665339,-10.003631314866102,0.06493506493506493,1x,single-operation memory check; not a timing claim
resource-explicit-fixed,explicit,BenchmarkCompileWorkers/lua/p8,code-B,889172,889172,0,1,6,6,889172,0,1,1x,single-operation memory check; not a timing claim
resource-explicit-fixed,explicit,BenchmarkCompileWorkers/lua/p8,B/op,5280508,5312956,0.6144863335118433,0.9372294372294372,6,6,5330208,-0.3236646674951493,0.8181818181818182,1x,single-operation memory check; not a timing claim
resource-explicit-fixed,explicit,BenchmarkCompileWorkers/lua/p8,allocs/op,2217.5,2340.5,5.54678692220969,0.0021645021645021645,6,6,2334,0.27849185946873245,0.6147186147186147,1x,single-operation memory check; not a timing claim
resource-explicit-fixed,explicit,BenchmarkCompileFullWorkers/json-as/p2,ns/op,1831828,1368184.5,-25.31042761656662,0.0021645021645021645,6,6,1299450.5,5.289466586068503,0.24025974025974026,1x,single-operation memory check; not a timing claim
resource-explicit-fixed,explicit,BenchmarkCompileFullWorkers/json-as/p2,code-B,66366,66366,0,1,6,6,66366,0,1,1x,single-operation memory check; not a timing claim
resource-explicit-fixed,explicit,BenchmarkCompileFullWorkers/json-as/p2,B/op,537656,542436,0.8890442959810674,0.004329004329004329,6,6,539180,0.603879965874099,0.3939393939393939,1x,single-operation memory check; not a timing claim
resource-explicit-fixed,explicit,BenchmarkCompileFullWorkers/json-as/p2,allocs/op,568,589.5,3.785211267605626,0.0021645021645021645,6,6,589,0.0848896434634927,0.6233766233766234,1x,single-operation memory check; not a timing claim
resource-explicit-fixed,explicit,BenchmarkCompileFullWorkers/json-as/p4,ns/op,1693949.5,1047032,-38.18989291003068,0.0021645021645021645,6,6,1189980.5,-12.012675837965414,0.025974025974025976,1x,single-operation memory check; not a timing claim
resource-explicit-fixed,explicit,BenchmarkCompileFullWorkers/json-as/p4,code-B,66366,66366,0,1,6,6,66366,0,1,1x,single-operation memory check; not a timing claim
resource-explicit-fixed,explicit,BenchmarkCompileFullWorkers/json-as/p4,B/op,655776,683200,4.181915776118683,0.30952380952380953,6,6,685128,-0.2814072698824166,0.3939393939393939,1x,single-operation memory check; not a timing claim
resource-explicit-fixed,explicit,BenchmarkCompileFullWorkers/json-as/p4,allocs/op,734.5,775,5.513955071477206,0.0021645021645021645,6,6,781,-0.7682458386683688,0.4523809523809524,1x,single-operation memory check; not a timing claim
resource-explicit-fixed,explicit,BenchmarkCompileFullWorkers/json-as/p8,ns/op,1857561.5,1278005,-31.199855294158496,0.0021645021645021645,6,6,1260783,1.3659765399755441,0.9372294372294372,1x,single-operation memory check; not a timing claim
resource-explicit-fixed,explicit,BenchmarkCompileFullWorkers/json-as/p8,code-B,66366,66366,0,1,6,6,66366,0,1,1x,single-operation memory check; not a timing claim
resource-explicit-fixed,explicit,BenchmarkCompileFullWorkers/json-as/p8,B/op,887392,906224,2.1221737405791252,0.3939393939393939,6,6,894412,1.3206441774036959,0.9372294372294372,1x,single-operation memory check; not a timing claim
resource-explicit-fixed,explicit,BenchmarkCompileFullWorkers/json-as/p8,allocs/op,994,1064.5,7.0925553319919565,0.0021645021645021645,6,6,1076,-1.0687732342007483,0.36796536796536794,1x,single-operation memory check; not a timing claim
resource-explicit-fixed,explicit,BenchmarkCompileWorkers/ruby/p8,ns/op,215035574.5,92783960,-56.85180918750725,0.0021645021645021645,6,6,97955783,-5.279752600211463,0.04112554112554113,1x,single-operation memory check; not a timing claim
resource-explicit-fixed,explicit,BenchmarkCompileWorkers/ruby/p8,code-B,35155402,35155402,0,1,6,6,35155402,0,1,1x,single-operation memory check; not a timing claim
resource-explicit-fixed,explicit,BenchmarkCompileWorkers/ruby/p8,B/op,139900636,139442936,-0.32716077144924194,0.6991341991341992,6,6,139493804,-0.03646613580055025,1,1x,single-operation memory check; not a timing claim
resource-explicit-fixed,explicit,BenchmarkCompileWorkers/ruby/p8,allocs/op,14368.5,14578,1.4580505967915824,0.0021645021645021645,6,6,14530.5,0.3268985926155432,0.6991341991341992,1x,single-operation memory check; not a timing claim
resource-explicit-fixed,explicit,BenchmarkCompileFullWorkers/json-as/auto,ns/op,1620261,1041281,-35.73374906882286,0.0021645021645021645,6,6,1038125.5,0.3039613225953808,1,1x,single-operation memory check; not a timing claim
resource-explicit-fixed,explicit,BenchmarkCompileFullWorkers/json-as/auto,code-B,66366,66366,0,1,6,6,66366,0,1,1x,single-operation memory check; not a timing claim
resource-explicit-fixed,explicit,BenchmarkCompileFullWorkers/json-as/auto,B/op,676084,655360,-3.065299578158931,0.3939393939393939,6,6,684000,-4.187134502923973,0.09307359307359307,1x,single-operation memory check; not a timing claim
resource-explicit-fixed,explicit,BenchmarkCompileFullWorkers/json-as/auto,allocs/op,726.5,774,6.538196834136278,0.0021645021645021645,6,6,777,-0.38610038610038533,0.1471861471861472,1x,single-operation memory check; not a timing claim
resource-explicit-fixed,explicit,BenchmarkCompileFull/globals,ns/op,270447,287970,6.479273203252389,0.13203463203463203,6,6,297587.5,-3.2318225731927552,0.24025974025974026,1x,single-operation memory check; not a timing claim
resource-explicit-fixed,explicit,BenchmarkCompileFull/globals,code-B,148,148,0,1,6,6,148,0,1,1x,single-operation memory check; not a timing claim
resource-explicit-fixed,explicit,BenchmarkCompileFull/globals,B/op,28160,27472,-2.4431818181818166,0.0021645021645021645,6,6,27472,0,1,1x,single-operation memory check; not a timing claim
resource-explicit-fixed,explicit,BenchmarkCompileFull/globals,allocs/op,111,113,1.8018018018018056,0.0021645021645021645,6,6,113,0,1,1x,single-operation memory check; not a timing claim
resource-explicit-fixed,explicit,BenchmarkCompileFull/isa_simd_i16x8,ns/op,1212687.5,750942,-38.076215018296146,0.0021645021645021645,6,6,898719,-16.443070637206958,0.015151515151515152,1x,single-operation memory check; not a timing claim
resource-explicit-fixed,explicit,BenchmarkCompileFull/isa_simd_i16x8,code-B,32028,32028,0,1,6,6,32028,0,1,1x,single-operation memory check; not a timing claim
resource-explicit-fixed,explicit,BenchmarkCompileFull/isa_simd_i16x8,B/op,65344,59456,-9.010773751224288,0.0021645021645021645,6,6,59456,0,1,1x,single-operation memory check; not a timing claim
resource-explicit-fixed,explicit,BenchmarkCompileFull/isa_simd_i16x8,allocs/op,191,193,1.0471204188481575,0.0021645021645021645,6,6,193,0,1,1x,single-operation memory check; not a timing claim
resource-explicit-fixed,explicit,BenchmarkCompileFull/coremark,ns/op,1207838.5,932697.5,-22.779618301618964,0.0021645021645021645,6,6,1002874.5,-6.997585440650845,0.13203463203463203,1x,single-operation memory check; not a timing claim
resource-explicit-fixed,explicit,BenchmarkCompileFull/coremark,code-B,24278,24278,0,1,6,6,24278,0,1,1x,single-operation memory check; not a timing claim
resource-explicit-fixed,explicit,BenchmarkCompileFull/coremark,B/op,265760,265872,0.04214328717639937,0.0021645021645021645,6,6,265872,0,1,1x,single-operation memory check; not a timing claim
resource-explicit-fixed,explicit,BenchmarkCompileFull/coremark,allocs/op,216,218,0.92592592592593,0.0021645021645021645,6,6,218,0,1,1x,single-operation memory check; not a timing claim
resource-explicit-fixed,explicit,BenchmarkCompileFull/isa_simd_i32x4,ns/op,1241932.5,868743,-30.04909687120677,0.0021645021645021645,6,6,848875.5,2.3404492178181524,0.8181818181818182,1x,single-operation memory check; not a timing claim
resource-explicit-fixed,explicit,BenchmarkCompileFull/isa_simd_i32x4,code-B,35356,35356,0,1,6,6,35356,0,1,1x,single-operation memory check; not a timing claim
resource-explicit-fixed,explicit,BenchmarkCompileFull/isa_simd_i32x4,B/op,64224,58336,-9.167912306925762,0.0021645021645021645,6,6,58336,0,1,1x,single-operation memory check; not a timing claim
resource-explicit-fixed,explicit,BenchmarkCompileFull/isa_simd_i32x4,allocs/op,186,188,1.0752688172043001,0.0021645021645021645,6,6,188,0,1,1x,single-operation memory check; not a timing claim
resource-explicit-fixed,explicit,BenchmarkCompileFull/isa_simd_i8x16,ns/op,1067976.5,740287,-30.683212598779097,0.0021645021645021645,6,6,708067,4.550416839084437,0.30952380952380953,1x,single-operation memory check; not a timing claim
resource-explicit-fixed,explicit,BenchmarkCompileFull/isa_simd_i8x16,code-B,23548,23548,0,1,6,6,23548,0,1,1x,single-operation memory check; not a timing claim
resource-explicit-fixed,explicit,BenchmarkCompileFull/isa_simd_i8x16,B/op,62904,56168,-10.708381025054049,0.0021645021645021645,6,6,56168,0,1,1x,single-operation memory check; not a timing claim
resource-explicit-fixed,explicit,BenchmarkCompileFull/isa_simd_i8x16,allocs/op,179,181,1.1173184357541999,0.0021645021645021645,6,6,181,0,1,1x,single-operation memory check; not a timing claim
resource-explicit-fixed,explicit,BenchmarkCompileWorkers/json-as/p2,ns/op,933354,730364,-21.7484469986736,0.0021645021645021645,6,6,761136.5,-4.042967325834457,0.9372294372294372,1x,single-operation memory check; not a timing claim
resource-explicit-fixed,explicit,BenchmarkCompileWorkers/json-as/p2,code-B,57470,57470,0,1,6,6,57470,0,1,1x,single-operation memory check; not a timing claim
resource-explicit-fixed,explicit,BenchmarkCompileWorkers/json-as/p2,B/op,430976,436660,1.3188669438669365,0.015151515151515152,6,6,435068,0.36591981023657016,0.3939393939393939,1x,single-operation memory check; not a timing claim
resource-explicit-fixed,explicit,BenchmarkCompileWorkers/json-as/p2,allocs/op,263.5,287,8.918406072106254,0.0021645021645021645,6,6,283.5,1.2345679012345734,0.10606060606060606,1x,single-operation memory check; not a timing claim
resource-explicit-fixed,explicit,BenchmarkCompileWorkers/json-as/p4,ns/op,767042,569417,-25.76456048039091,0.0021645021645021645,6,6,539731.5,5.500049561680198,0.8181818181818182,1x,single-operation memory check; not a timing claim
resource-explicit-fixed,explicit,BenchmarkCompileWorkers/json-as/p4,code-B,57470,57470,0,1,6,6,57470,0,1,1x,single-operation memory check; not a timing claim
resource-explicit-fixed,explicit,BenchmarkCompileWorkers/json-as/p4,B/op,562112,569872,1.38050779915746,0.24025974025974026,6,6,570716,-0.1478844118615874,0.6991341991341992,1x,single-operation memory check; not a timing claim
resource-explicit-fixed,explicit,BenchmarkCompileWorkers/json-as/p4,allocs/op,403.5,449,11.276332094175956,0.0021645021645021645,6,6,450,-0.22222222222222365,0.5303030303030303,1x,single-operation memory check; not a timing claim
resource-explicit-fixed,explicit,BenchmarkCompileFull/isa_simd_f32x4,ns/op,895012,651996.5,-27.152205780481154,0.008658008658008658,6,6,698058,-6.5985204667807,0.06493506493506493,1x,single-operation memory check; not a timing claim
resource-explicit-fixed,explicit,BenchmarkCompileFull/isa_simd_f32x4,code-B,17724,17724,0,1,6,6,17724,0,1,1x,single-operation memory check; not a timing claim
resource-explicit-fixed,explicit,BenchmarkCompileFull/isa_simd_f32x4,B/op,53744,47792,-11.07472462042275,0.0021645021645021645,6,6,47792,0,1,1x,single-operation memory check; not a timing claim
resource-explicit-fixed,explicit,BenchmarkCompileFull/isa_simd_f32x4,allocs/op,155,157,1.2903225806451646,0.0021645021645021645,6,6,157,0,1,1x,single-operation memory check; not a timing claim
resource-explicit-fixed,explicit,BenchmarkCompileFull/isa_simd_f64x2,ns/op,798151,633733,-20.59986142972946,0.0021645021645021645,6,6,631458.5,0.3601978594001132,0.8181818181818182,1x,single-operation memory check; not a timing claim
resource-explicit-fixed,explicit,BenchmarkCompileFull/isa_simd_f64x2,code-B,17180,17180,0,1,6,6,17180,0,1,1x,single-operation memory check; not a timing claim
resource-explicit-fixed,explicit,BenchmarkCompileFull/isa_simd_f64x2,B/op,53712,47760,-11.081322609472743,0.0021645021645021645,6,6,47760,0,1,1x,single-operation memory check; not a timing claim
resource-explicit-fixed,explicit,BenchmarkCompileFull/isa_simd_f64x2,allocs/op,154,156,1.298701298701288,0.0021645021645021645,6,6,156,0,1,1x,single-operation memory check; not a timing claim
resource-explicit-fixed,explicit,BenchmarkCompileFull/isa_simd_i64x2,ns/op,723896.5,648330,-10.438854173213985,0.015151515151515152,6,6,567533.5,14.236428334186435,0.13203463203463203,1x,single-operation memory check; not a timing claim
resource-explicit-fixed,explicit,BenchmarkCompileFull/isa_simd_i64x2,code-B,20828,20828,0,1,6,6,20828,0,1,1x,single-operation memory check; not a timing claim
resource-explicit-fixed,explicit,BenchmarkCompileFull/isa_simd_i64x2,B/op,52720,46752,-11.320182094081943,0.0021645021645021645,6,6,46752,0,1,1x,single-operation memory check; not a timing claim
resource-explicit-fixed,explicit,BenchmarkCompileFull/isa_simd_i64x2,allocs/op,149,151,1.342281879194629,0.0021645021645021645,6,6,151,0,1,1x,single-operation memory check; not a timing claim
resource-explicit-fixed,explicit,BenchmarkCompileFull/many_funcs,ns/op,759087.5,689372,-9.184119090355193,0.17965367965367965,6,6,729612,-5.515260165677105,0.17965367965367965,1x,single-operation memory check; not a timing claim
resource-explicit-fixed,explicit,BenchmarkCompileFull/many_funcs,code-B,7817,7817,0,1,6,6,7817,0,1,1x,single-operation memory check; not a timing claim
resource-explicit-fixed,explicit,BenchmarkCompileFull/many_funcs,B/op,166968,169464,1.4948972258157278,0.0021645021645021645,6,6,169464,0,1,1x,single-operation memory check; not a timing claim
resource-explicit-fixed,explicit,BenchmarkCompileFull/many_funcs,allocs/op,99,101,2.020202020202011,0.0021645021645021645,6,6,101,0,1,1x,single-operation memory check; not a timing claim
resource-explicit-fixed,explicit,BenchmarkCompileFull/arith,ns/op,276583.5,282469,2.127928817156488,0.5541125541125541,6,6,291210.5,-3.0017804989861285,0.3939393939393939,1x,single-operation memory check; not a timing claim
resource-explicit-fixed,explicit,BenchmarkCompileFull/arith,code-B,107,107,0,1,6,6,107,0,1,1x,single-operation memory check; not a timing claim
resource-explicit-fixed,explicit,BenchmarkCompileFull/arith,B/op,40520,26008,-35.81441263573544,0.0021645021645021645,6,6,26008,0,1,1x,single-operation memory check; not a timing claim
resource-explicit-fixed,explicit,BenchmarkCompileFull/arith,allocs/op,91,93,2.19780219780219,0.0021645021645021645,6,6,93,0,1,1x,single-operation memory check; not a timing claim
resource-explicit-fixed,explicit,BenchmarkCompileWorkers/json-as/p8,ns/op,988407.5,739250,-25.207973432010576,0.015151515151515152,6,6,654702,12.913966965123059,0.5887445887445888,1x,single-operation memory check; not a timing claim
resource-explicit-fixed,explicit,BenchmarkCompileWorkers/json-as/p8,code-B,57470,57470,0,1,6,6,57470,0,1,1x,single-operation memory check; not a timing claim
resource-explicit-fixed,explicit,BenchmarkCompileWorkers/json-as/p8,B/op,767088,784088,2.2161733725465593,0.13203463203463203,6,6,759460,3.2428304321491686,0.24025974025974026,1x,single-operation memory check; not a timing claim
resource-explicit-fixed,explicit,BenchmarkCompileWorkers/json-as/p8,allocs/op,571,688.5,20.57793345008756,0.06493506493506493,6,6,712,-3.30056179775281,0.30952380952380953,1x,single-operation memory check; not a timing claim
resource-explicit-fixed,explicit,BenchmarkCompileFullWorkers/many_funcs/p1,ns/op,778980,688405,-11.627384528485972,0.17965367965367965,6,6,647878.5,6.255262367866821,0.24025974025974026,1x,single-operation memory check; not a timing claim
resource-explicit-fixed,explicit,BenchmarkCompileFullWorkers/many_funcs/p1,code-B,7817,7817,0,1,6,6,7817,0,1,1x,single-operation memory check; not a timing claim
resource-explicit-fixed,explicit,BenchmarkCompileFullWorkers/many_funcs/p1,B/op,167112,169608,1.4936090765474752,0.0021645021645021645,6,6,169608,0,1,1x,single-operation memory check; not a timing claim
resource-explicit-fixed,explicit,BenchmarkCompileFullWorkers/many_funcs/p1,allocs/op,100,102,2.0000000000000018,0.0021645021645021645,6,6,102,0,1,1x,single-operation memory check; not a timing claim
resource-explicit-fixed,explicit,BenchmarkCompileFull/isa_i64,ns/op,837700,553717.5,-33.90026262385102,0.0021645021645021645,6,6,611015,-9.377429359344703,0.13203463203463203,1x,single-operation memory check; not a timing claim
resource-explicit-fixed,explicit,BenchmarkCompileFull/isa_i64,code-B,13397,13397,0,1,6,6,13397,0,1,1x,single-operation memory check; not a timing claim
resource-explicit-fixed,explicit,BenchmarkCompileFull/isa_i64,B/op,52616,52760,0.27368100957883,0.0021645021645021645,6,6,52760,0,1,1x,single-operation memory check; not a timing claim
resource-explicit-fixed,explicit,BenchmarkCompileFull/isa_i64,allocs/op,151,153,1.324503311258285,0.0021645021645021645,6,6,153,0,1,1x,single-operation memory check; not a timing claim
resource-explicit-fixed,explicit,BenchmarkCompileFull/isa_i32,ns/op,757339.5,568941.5,-24.876293921022206,0.04112554112554113,6,6,605279.5,-6.0035074705156894,0.5887445887445888,1x,single-operation memory check; not a timing claim
resource-explicit-fixed,explicit,BenchmarkCompileFull/isa_i32,code-B,11317,11317,0,1,6,6,11317,0,1,1x,single-operation memory check; not a timing claim
resource-explicit-fixed,explicit,BenchmarkCompileFull/isa_i32,B/op,52616,52760,0.27368100957883,0.0021645021645021645,6,6,52760,0,1,1x,single-operation memory check; not a timing claim
resource-explicit-fixed,explicit,BenchmarkCompileFull/isa_i32,allocs/op,151,153,1.324503311258285,0.0021645021645021645,6,6,153,0,1,1x,single-operation memory check; not a timing claim
resource-explicit-fixed,explicit,BenchmarkCompileFullWorkers/many_funcs/p2,ns/op,657988,597745,-9.155638096743402,0.30952380952380953,6,6,629244,-5.005848287786618,0.3939393939393939,1x,single-operation memory check; not a timing claim
resource-explicit-fixed,explicit,BenchmarkCompileFullWorkers/many_funcs/p2,code-B,7817,7817,0,1,6,6,7817,0,1,1x,single-operation memory check; not a timing claim
resource-explicit-fixed,explicit,BenchmarkCompileFullWorkers/many_funcs/p2,B/op,245528,248112,1.052425792577627,0.0021645021645021645,6,6,248176,-0.02578815034491866,0.008658008658008658,1x,single-operation memory check; not a timing claim
resource-explicit-fixed,explicit,BenchmarkCompileFullWorkers/many_funcs/p2,allocs/op,136,138.5,1.8382352941176405,0.0021645021645021645,6,6,139,-0.3597122302158251,0.18181818181818182,1x,single-operation memory check; not a timing claim
resource-explicit-fixed,explicit,BenchmarkCompileWorkers/esbuild/p8,ns/op,146167273,59833480,-59.065063764307894,0.0021645021645021645,6,6,64805153,-7.671724808673774,0.30952380952380953,1x,single-operation memory check; not a timing claim
resource-explicit-fixed,explicit,BenchmarkCompileWorkers/esbuild/p8,code-B,26612624,26612624,0,1,6,6,26612624,0,1,1x,single-operation memory check; not a timing claim
resource-explicit-fixed,explicit,BenchmarkCompileWorkers/esbuild/p8,B/op,130486136,131267368,0.5987088160844811,1,6,6,133448480,-1.6344225127180145,0.30952380952380953,1x,single-operation memory check; not a timing claim
resource-explicit-fixed,explicit,BenchmarkCompileWorkers/esbuild/p8,allocs/op,26268,25125,-4.351301964367293,0.6991341991341992,6,6,27227.5,-7.721972270682209,0.025974025974025976,1x,single-operation memory check; not a timing claim
resource-explicit-fixed,explicit,BenchmarkCompileFull/raytrace,ns/op,722243.5,564056.5,-21.902170112988205,0.004329004329004329,6,6,629931,-10.457415177217822,0.09307359307359307,1x,single-operation memory check; not a timing claim
resource-explicit-fixed,explicit,BenchmarkCompileFull/raytrace,code-B,13282,13282,0,1,6,6,13282,0,1,1x,single-operation memory check; not a timing claim
resource-explicit-fixed,explicit,BenchmarkCompileFull/raytrace,B/op,146904,146984,0.05445733267983588,0.0021645021645021645,6,6,146984,0,1,1x,single-operation memory check; not a timing claim
resource-explicit-fixed,explicit,BenchmarkCompileFull/raytrace,allocs/op,198,200,1.0101010101010166,0.0021645021645021645,6,6,200,0,1,1x,single-operation memory check; not a timing claim
resource-explicit-fixed,explicit,BenchmarkCompileFullWorkers/many_funcs/auto,ns/op,621164.5,545056,-12.252551457786144,0.09307359307359307,6,6,641001,-14.967995369742015,0.48484848484848486,1x,single-operation memory check; not a timing claim
resource-explicit-fixed,explicit,BenchmarkCompileFullWorkers/many_funcs/auto,code-B,7817,7817,0,1,6,6,7817,0,1,1x,single-operation memory check; not a timing claim
resource-explicit-fixed,explicit,BenchmarkCompileFullWorkers/many_funcs/auto,B/op,296328,298864,0.8558084284981504,0.03896103896103896,6,6,298912,-0.01605823787602656,0.8268398268398268,1x,single-operation memory check; not a timing claim
resource-explicit-fixed,explicit,BenchmarkCompileFullWorkers/many_funcs/auto,allocs/op,172.5,174.5,1.1594202898550732,0.008658008658008658,6,6,175,-0.28571428571428914,1,1x,single-operation memory check; not a timing claim
resource-explicit-fixed,explicit,BenchmarkCompileFullWorkers/many_funcs/p4,ns/op,597590,550065.5,-7.952693318161286,0.17965367965367965,6,6,586374,-6.1920378461527985,0.5887445887445888,1x,single-operation memory check; not a timing claim
resource-explicit-fixed,explicit,BenchmarkCompileFullWorkers/many_funcs/p4,code-B,7817,7817,0,1,6,6,7817,0,1,1x,single-operation memory check; not a timing claim
resource-explicit-fixed,explicit,BenchmarkCompileFullWorkers/many_funcs/p4,B/op,296368,298912,0.8583922690708956,0.0021645021645021645,6,6,298808,0.03480495836791775,0.3181818181818182,1x,single-operation memory check; not a timing claim
resource-explicit-fixed,explicit,BenchmarkCompileFullWorkers/many_funcs/p4,allocs/op,173,175,1.1560693641618602,0.0021645021645021645,6,6,174,0.5747126436781658,0.24242424242424243,1x,single-operation memory check; not a timing claim
resource-explicit-fixed,explicit,BenchmarkCompileFull/utf-as,ns/op,661440,557379,-15.732492743105952,0.24025974025974026,6,6,567072.5,-1.709393419712646,0.8181818181818182,1x,single-operation memory check; not a timing claim
resource-explicit-fixed,explicit,BenchmarkCompileFull/utf-as,code-B,4769,4769,0,1,6,6,4769,0,1,1x,single-operation memory check; not a timing claim
resource-explicit-fixed,explicit,BenchmarkCompileFull/utf-as,B/op,222576,222656,0.03594277909568788,0.0021645021645021645,6,6,222656,0,1,1x,single-operation memory check; not a timing claim
resource-explicit-fixed,explicit,BenchmarkCompileFull/utf-as,allocs/op,170,172,1.17647058823529,0.0021645021645021645,6,6,172,0,1,1x,single-operation memory check; not a timing claim
resource-explicit-fixed,explicit,BenchmarkCompileFull/float,ns/op,268357.5,279794.5,4.261852193436,0.30952380952380953,6,6,305898.5,-8.533549527049,0.025974025974025976,1x,single-operation memory check; not a timing claim
resource-explicit-fixed,explicit,BenchmarkCompileFull/float,code-B,150,150,0,1,6,6,150,0,1,1x,single-operation memory check; not a timing claim
resource-explicit-fixed,explicit,BenchmarkCompileFull/float,B/op,40584,26072,-35.75793416124581,0.0021645021645021645,6,6,26072,0,1,1x,single-operation memory check; not a timing claim
resource-explicit-fixed,explicit,BenchmarkCompileFull/float,allocs/op,95,97,2.1052631578947434,0.0021645021645021645,6,6,97,0,1,1x,single-operation memory check; not a timing claim
resource-explicit-fixed,explicit,BenchmarkCompileFull/qoi,ns/op,675431,555420.5,-17.767988143866653,0.008658008658008658,6,6,560656,-0.9338168145886283,0.8181818181818182,1x,single-operation memory check; not a timing claim
resource-explicit-fixed,explicit,BenchmarkCompileFull/qoi,code-B,6810,6810,0,1,6,6,6810,0,1,1x,single-operation memory check; not a timing claim
resource-explicit-fixed,explicit,BenchmarkCompileFull/qoi,B/op,88960,89072,0.12589928057553657,0.0021645021645021645,6,6,89072,0,1,1x,single-operation memory check; not a timing claim
resource-explicit-fixed,explicit,BenchmarkCompileFull/qoi,allocs/op,214,216,0.9345794392523255,0.0021645021645021645,6,6,216,0,1,1x,single-operation memory check; not a timing claim
resource-explicit-fixed,explicit,BenchmarkCompileMultiModuleThroughput/json-as/auto,ns/op,1618593.5,1113441.5,-31.209318460750023,0.0021645021645021645,6,6,1101078.5,1.1228082284778118,0.9372294372294372,1x,single-operation memory check; not a timing claim
resource-explicit-fixed,explicit,BenchmarkCompileMultiModuleThroughput/json-as/auto,B/op,677256,688560,1.669088202983815,0.09307359307359307,6,6,691992,-0.4959594908611642,0.13203463203463203,1x,single-operation memory check; not a timing claim
resource-explicit-fixed,explicit,BenchmarkCompileMultiModuleThroughput/json-as/auto,allocs/op,759,798.5,5.204216073781298,0.0021645021645021645,6,6,813.5,-1.8438844499078066,0.015151515151515152,1x,single-operation memory check; not a timing claim
resource-explicit-fixed,explicit,BenchmarkCompileFull/isa_f64,ns/op,582026,458154,-21.282898014865314,0.0021645021645021645,6,6,455433.5,0.5973429710374845,0.3939393939393939,1x,single-operation memory check; not a timing claim
resource-explicit-fixed,explicit,BenchmarkCompileFull/isa_f64,code-B,9104,9104,0,1,6,6,9104,0,1,1x,single-operation memory check; not a timing claim
resource-explicit-fixed,explicit,BenchmarkCompileFull/isa_f64,B/op,47976,44024,-8.237452059363015,0.0021645021645021645,6,6,44024,0,1,1x,single-operation memory check; not a timing claim
resource-explicit-fixed,explicit,BenchmarkCompileFull/isa_f64,allocs/op,145,147,1.379310344827589,0.0021645021645021645,6,6,147,0,1,1x,single-operation memory check; not a timing claim
resource-explicit-fixed,explicit,BenchmarkCompileFull/isa_f32,ns/op,575563,456105,-20.754982512774443,0.0021645021645021645,6,6,475872.5,-4.1539487993107365,0.6991341991341992,1x,single-operation memory check; not a timing claim
resource-explicit-fixed,explicit,BenchmarkCompileFull/isa_f32,code-B,8860,8860,0,1,6,6,8860,0,1,1x,single-operation memory check; not a timing claim
resource-explicit-fixed,explicit,BenchmarkCompileFull/isa_f32,B/op,47976,44024,-8.237452059363015,0.0021645021645021645,6,6,44024,0,1,1x,single-operation memory check; not a timing claim
resource-explicit-fixed,explicit,BenchmarkCompileFull/isa_f32,allocs/op,145,147,1.379310344827589,0.0021645021645021645,6,6,147,0,1,1x,single-operation memory check; not a timing claim
resource-explicit-fixed,explicit,BenchmarkCompileFull/lz4,ns/op,621364.5,506559.5,-18.476272783527225,0.0021645021645021645,6,6,529587,-4.3481996348097685,0.04112554112554113,1x,single-operation memory check; not a timing claim
resource-explicit-fixed,explicit,BenchmarkCompileFull/lz4,code-B,6075,6075,0,1,6,6,6075,0,1,1x,single-operation memory check; not a timing claim
resource-explicit-fixed,explicit,BenchmarkCompileFull/lz4,B/op,83400,83480,0.09592326139089558,0.0021645021645021645,6,6,83480,0,1,1x,single-operation memory check; not a timing claim
resource-explicit-fixed,explicit,BenchmarkCompileFull/lz4,allocs/op,169,171,1.183431952662728,0.0021645021645021645,6,6,171,0,1,1x,single-operation memory check; not a timing claim
resource-explicit-fixed,explicit,BenchmarkCompileFull/isa_mem,ns/op,513747.5,396884,-22.747263976953658,0.0021645021645021645,6,6,416505.5,-4.710982207918024,0.30952380952380953,1x,single-operation memory check; not a timing claim
resource-explicit-fixed,explicit,BenchmarkCompileFull/isa_mem,code-B,4855,4855,0,1,6,6,4855,0,1,1x,single-operation memory check; not a timing claim
resource-explicit-fixed,explicit,BenchmarkCompileFull/isa_mem,B/op,45560,42856,-5.935030728709389,0.0021645021645021645,6,6,42856,0,1,1x,single-operation memory check; not a timing claim
resource-explicit-fixed,explicit,BenchmarkCompileFull/isa_mem,allocs/op,129,131,1.5503875968992276,0.0021645021645021645,6,6,131,0,1,1x,single-operation memory check; not a timing claim
resource-explicit-fixed,explicit,BenchmarkCompileFull/isa_ctl,ns/op,430822,392164.5,-8.972963311994276,0.13203463203463203,6,6,412808.5,-5.000866018989436,0.30952380952380953,1x,single-operation memory check; not a timing claim
resource-explicit-fixed,explicit,BenchmarkCompileFull/isa_ctl,code-B,3890,3890,0,1,6,6,3890,0,1,1x,single-operation memory check; not a timing claim
resource-explicit-fixed,explicit,BenchmarkCompileFull/isa_ctl,B/op,77056,77152,0.1245847176079673,0.0021645021645021645,6,6,77152,0,1,1x,single-operation memory check; not a timing claim
resource-explicit-fixed,explicit,BenchmarkCompileFull/isa_ctl,allocs/op,133,135,1.5037593984962516,0.0021645021645021645,6,6,135,0,1,1x,single-operation memory check; not a timing claim
resource-explicit-fixed,explicit,BenchmarkCompileFull/fannkuch,ns/op,502557,427621.5,-14.910845933894068,0.015151515151515152,6,6,426264,0.3184646134789748,0.6991341991341992,1x,single-operation memory check; not a timing claim
resource-explicit-fixed,explicit,BenchmarkCompileFull/fannkuch,code-B,4691,4691,0,1,6,6,4691,0,1,1x,single-operation memory check; not a timing claim
resource-explicit-fixed,explicit,BenchmarkCompileFull/fannkuch,B/op,85816,85896,0.0932227090519211,0.0021645021645021645,6,6,85896,0,1,1x,single-operation memory check; not a timing claim
resource-explicit-fixed,explicit,BenchmarkCompileFull/fannkuch,allocs/op,179,181,1.1173184357541999,0.0021645021645021645,6,6,181,0,1,1x,single-operation memory check; not a timing claim
resource-explicit-fixed,explicit,BenchmarkCompileFullWorkers/sqlite3/p8,ns/op,47851706,19197717,-59.88080968314902,0.0021645021645021645,6,6,19506937,-1.585179672236603,0.3939393939393939,1x,single-operation memory check; not a timing claim
resource-explicit-fixed,explicit,BenchmarkCompileFullWorkers/sqlite3/p8,code-B,3646361,3646361,0,1,6,6,3646361,0,1,1x,single-operation memory check; not a timing claim
resource-explicit-fixed,explicit,BenchmarkCompileFullWorkers/sqlite3/p8,B/op,20303920,20224484,-0.3912347960393858,0.6991341991341992,6,6,20364340,-0.6867691268167775,0.8181818181818182,1x,single-operation memory check; not a timing claim
resource-explicit-fixed,explicit,BenchmarkCompileFullWorkers/sqlite3/p8,allocs/op,10029.5,10167.5,1.3759409741263218,0.0021645021645021645,6,6,10162,0.05412320409368121,0.6147186147186147,1x,single-operation memory check; not a timing claim
resource-explicit-fixed,explicit,BenchmarkCompileFull/isa_simd_v128,ns/op,454726.5,381079,-16.195999133545115,0.04112554112554113,6,6,402564,-5.337039576315816,0.17965367965367965,1x,single-operation memory check; not a timing claim
resource-explicit-fixed,explicit,BenchmarkCompileFull/isa_simd_v128,code-B,4159,4159,0,1,6,6,4159,0,1,1x,single-operation memory check; not a timing claim
resource-explicit-fixed,explicit,BenchmarkCompileFull/isa_simd_v128,B/op,43808,43904,0.21913805697588717,0.0021645021645021645,6,6,43904,0,1,1x,single-operation memory check; not a timing claim
resource-explicit-fixed,explicit,BenchmarkCompileFull/isa_simd_v128,allocs/op,113,115,1.7699115044247815,0.0021645021645021645,6,6,115,0,1,1x,single-operation memory check; not a timing claim
resource-explicit-fixed,explicit,BenchmarkCompileFull/fib_rec,ns/op,275561,268834,-2.441201766577994,0.13203463203463203,6,6,303508.5,-11.424556478648872,0.008658008658008658,1x,single-operation memory check; not a timing claim
resource-explicit-fixed,explicit,BenchmarkCompileFull/fib_rec,code-B,163,163,0,1,6,6,163,0,1,1x,single-operation memory check; not a timing claim
resource-explicit-fixed,explicit,BenchmarkCompileFull/fib_rec,B/op,25968,25280,-2.649414664202099,0.0021645021645021645,6,6,25280,0,1,1x,single-operation memory check; not a timing claim
resource-explicit-fixed,explicit,BenchmarkCompileFull/fib_rec,allocs/op,99,101,2.020202020202011,0.0021645021645021645,6,6,101,0,1,1x,single-operation memory check; not a timing claim
resource-explicit-fixed,explicit,BenchmarkCompileFull/isa_simd_reduce,ns/op,430762,366726.5,-14.865633458847348,0.06493506493506493,6,6,371140,-1.1891738966427812,0.3939393939393939,1x,single-operation memory check; not a timing claim
resource-explicit-fixed,explicit,BenchmarkCompileFull/isa_simd_reduce,code-B,4594,4594,0,1,6,6,4594,0,1,1x,single-operation memory check; not a timing claim
resource-explicit-fixed,explicit,BenchmarkCompileFull/isa_simd_reduce,B/op,45200,42496,-5.982300884955749,0.0021645021645021645,6,6,42496,0,1,1x,single-operation memory check; not a timing claim
resource-explicit-fixed,explicit,BenchmarkCompileFull/isa_simd_reduce,allocs/op,123,125,1.6260162601626105,0.0021645021645021645,6,6,125,0,1,1x,single-operation memory check; not a timing claim
resource-explicit-fixed,explicit,BenchmarkCompileFull/isa_cvt,ns/op,411922,364297.5,-11.56153349420521,0.6991341991341992,6,6,346064,5.268823107864451,0.48484848484848486,1x,single-operation memory check; not a timing claim
resource-explicit-fixed,explicit,BenchmarkCompileFull/isa_cvt,code-B,5858,5858,0,1,6,6,5858,0,1,1x,single-operation memory check; not a timing claim
resource-explicit-fixed,explicit,BenchmarkCompileFull/isa_cvt,B/op,38384,35792,-6.752813672363489,0.0021645021645021645,6,6,35792,0,1,1x,single-operation memory check; not a timing claim
resource-explicit-fixed,explicit,BenchmarkCompileFull/isa_cvt,allocs/op,112,114,1.7857142857142794,0.0021645021645021645,6,6,114,0,1,1x,single-operation memory check; not a timing claim
resource-explicit-fixed,explicit,BenchmarkCompileFull/nbody,ns/op,453504.5,414571.5,-8.58492032603866,0.17965367965367965,6,6,408315.5,1.5321485468957174,0.8181818181818182,1x,single-operation memory check; not a timing claim
resource-explicit-fixed,explicit,BenchmarkCompileFull/nbody,code-B,4174,4174,0,1,6,6,4174,0,1,1x,single-operation memory check; not a timing claim
resource-explicit-fixed,explicit,BenchmarkCompileFull/nbody,B/op,81808,81888,0.09778994719342737,0.0021645021645021645,6,6,81888,0,1,1x,single-operation memory check; not a timing claim
resource-explicit-fixed,explicit,BenchmarkCompileFull/nbody,allocs/op,167,169,1.1976047904191711,0.0021645021645021645,6,6,169,0,1,1x,single-operation memory check; not a timing claim
resource-explicit-fixed,explicit,BenchmarkCompileFull/sha256,ns/op,467551.5,401823,-14.058023554624466,0.13203463203463203,6,6,448330.5,-10.37348563169358,0.13203463203463203,1x,single-operation memory check; not a timing claim
resource-explicit-fixed,explicit,BenchmarkCompileFull/sha256,code-B,3107,3107,0,1,6,6,3107,0,1,1x,single-operation memory check; not a timing claim
resource-explicit-fixed,explicit,BenchmarkCompileFull/sha256,B/op,82480,82560,0.09699321047527132,0.0021645021645021645,6,6,82560,0,1,1x,single-operation memory check; not a timing claim
resource-explicit-fixed,explicit,BenchmarkCompileFull/sha256,allocs/op,170,172,1.17647058823529,0.0021645021645021645,6,6,172,0,1,1x,single-operation memory check; not a timing claim
resource-explicit-fixed,explicit,BenchmarkCompileFull/spectralnorm,ns/op,414792.5,382953,-7.676006678037817,0.3939393939393939,6,6,405790,-5.627787772000293,0.3939393939393939,1x,single-operation memory check; not a timing claim
resource-explicit-fixed,explicit,BenchmarkCompileFull/spectralnorm,code-B,2499,2499,0,1,6,6,2499,0,1,1x,single-operation memory check; not a timing claim
resource-explicit-fixed,explicit,BenchmarkCompileFull/spectralnorm,B/op,79224,79304,0.10097950116125798,0.0021645021645021645,6,6,79304,0,1,1x,single-operation memory check; not a timing claim
resource-explicit-fixed,explicit,BenchmarkCompileFull/spectralnorm,allocs/op,163,165,1.2269938650306678,0.0021645021645021645,6,6,165,0,1,1x,single-operation memory check; not a timing claim
resource-explicit-fixed,explicit,BenchmarkCompileFull/quicksort,ns/op,387887,356087,-8.19826392738091,0.48484848484848486,6,6,386965,-7.979533032703213,0.5887445887445888,1x,single-operation memory check; not a timing claim
resource-explicit-fixed,explicit,BenchmarkCompileFull/quicksort,code-B,1967,1967,0,1,6,6,1967,0,1,1x,single-operation memory check; not a timing claim
resource-explicit-fixed,explicit,BenchmarkCompileFull/quicksort,B/op,51576,51656,0.1551109042965626,0.0021645021645021645,6,6,51656,0,1,1x,single-operation memory check; not a timing claim
resource-explicit-fixed,explicit,BenchmarkCompileFull/quicksort,allocs/op,190,192,1.0526315789473717,0.0021645021645021645,6,6,192,0,1,1x,single-operation memory check; not a timing claim
resource-explicit-fixed,explicit,BenchmarkCompileFull/matmul,ns/op,418679.5,383468.5,-8.410012909636134,0.09307359307359307,6,6,414046,-7.385049004216926,0.17965367965367965,1x,single-operation memory check; not a timing claim
resource-explicit-fixed,explicit,BenchmarkCompileFull/matmul,code-B,1932,1932,0,1,6,6,1932,0,1,1x,single-operation memory check; not a timing claim
resource-explicit-fixed,explicit,BenchmarkCompileFull/matmul,B/op,79848,79928,0.10019036168720241,0.0021645021645021645,6,6,79928,0,1,1x,single-operation memory check; not a timing claim
resource-explicit-fixed,explicit,BenchmarkCompileFull/matmul,allocs/op,162,164,1.2345679012345734,0.0021645021645021645,6,6,164,0,1,1x,single-operation memory check; not a timing claim
resource-explicit-fixed,explicit,BenchmarkCompileMultiModuleThroughput/many_funcs/auto,ns/op,700072.5,553181.5,-20.982255409261185,0.06493506493506493,6,6,561727.5,-1.5213782483499583,0.48484848484848486,1x,single-operation memory check; not a timing claim
resource-explicit-fixed,explicit,BenchmarkCompileMultiModuleThroughput/many_funcs/auto,B/op,301424,304032,0.8652263920590375,0.0021645021645021645,6,6,304032,0,0.8138528138528138,1x,single-operation memory check; not a timing claim
resource-explicit-fixed,explicit,BenchmarkCompileMultiModuleThroughput/many_funcs/auto,allocs/op,202,204.5,1.2376237623762387,0.1406926406926407,6,6,204.5,0,0.7835497835497836,1x,single-operation memory check; not a timing claim
resource-explicit-fixed,explicit,BenchmarkCompileMultiModuleThroughput/many_funcs/p1,ns/op,788743,678411,-13.988333335446402,0.24025974025974026,6,6,743132.5,-8.709281319280205,0.24025974025974026,1x,single-operation memory check; not a timing claim
resource-explicit-fixed,explicit,BenchmarkCompileMultiModuleThroughput/many_funcs/p1,B/op,171768,174152,1.387918587862691,0.0021645021645021645,6,6,174264,-0.06427030252948995,0.5670995670995671,1x,single-operation memory check; not a timing claim
resource-explicit-fixed,explicit,BenchmarkCompileMultiModuleThroughput/many_funcs/p1,allocs/op,129,130,0.7751937984496138,0.0021645021645021645,6,6,131,-0.7633587786259555,0.5670995670995671,1x,single-operation memory check; not a timing claim
resource-explicit-fixed,explicit,BenchmarkCompileFull/isa_call,ns/op,352100,318702,-9.485373473445048,0.025974025974025976,6,6,347326,-8.24124885554206,0.06493506493506493,1x,single-operation memory check; not a timing claim
resource-explicit-fixed,explicit,BenchmarkCompileFull/isa_call,code-B,1911,1911,0,1,6,6,1911,0,1,1x,single-operation memory check; not a timing claim
resource-explicit-fixed,explicit,BenchmarkCompileFull/isa_call,B/op,46608,46696,0.1888087881908751,0.0021645021645021645,6,6,46696,0,1,1x,single-operation memory check; not a timing claim
resource-explicit-fixed,explicit,BenchmarkCompileFull/isa_call,allocs/op,165,167,1.21212121212122,0.0021645021645021645,6,6,167,0,1,1x,single-operation memory check; not a timing claim
resource-explicit-fixed,explicit,BenchmarkCompileFull/fib_iter,ns/op,273827.5,269064.5,-1.7394162383252199,0.5887445887445888,6,6,294787.5,-8.725946656489846,0.13203463203463203,1x,single-operation memory check; not a timing claim
resource-explicit-fixed,explicit,BenchmarkCompileFull/fib_iter,code-B,99,99,0,1,6,6,99,0,1,1x,single-operation memory check; not a timing claim
resource-explicit-fixed,explicit,BenchmarkCompileFull/fib_iter,B/op,26152,25704,-1.7130620985010725,0.0021645021645021645,6,6,25704,0,1,1x,single-operation memory check; not a timing claim
resource-explicit-fixed,explicit,BenchmarkCompileFull/fib_iter,allocs/op,91,93,2.19780219780219,0.0021645021645021645,6,6,93,0,1,1x,single-operation memory check; not a timing claim
resource-explicit-fixed,explicit,BenchmarkCompileFull/crc32,ns/op,374216,364658.5,-2.554006242384077,0.3939393939393939,6,6,379215.5,-3.8387143985411987,0.24025974025974026,1x,single-operation memory check; not a timing claim
resource-explicit-fixed,explicit,BenchmarkCompileFull/crc32,code-B,1171,1171,0,1,6,6,1171,0,1,1x,single-operation memory check; not a timing claim
resource-explicit-fixed,explicit,BenchmarkCompileFull/crc32,B/op,46400,46464,0.13793103448276334,0.0021645021645021645,6,6,46464,0,1,1x,single-operation memory check; not a timing claim
resource-explicit-fixed,explicit,BenchmarkCompileFull/crc32,allocs/op,149,151,1.342281879194629,0.0021645021645021645,6,6,151,0,1,1x,single-operation memory check; not a timing claim
resource-explicit-fixed,explicit,BenchmarkCompileFull/isa_bulk_mem,ns/op,338925.5,330855,-2.38120176853025,1,6,6,353477.5,-6.399983025793721,0.24025974025974026,1x,single-operation memory check; not a timing claim
resource-explicit-fixed,explicit,BenchmarkCompileFull/isa_bulk_mem,code-B,3774,3774,0,1,6,6,3774,0,1,1x,single-operation memory check; not a timing claim
resource-explicit-fixed,explicit,BenchmarkCompileFull/isa_bulk_mem,B/op,30592,30320,-0.8891213389121355,0.0021645021645021645,6,6,30320,0,1,1x,single-operation memory check; not a timing claim
resource-explicit-fixed,explicit,BenchmarkCompileFull/isa_bulk_mem,allocs/op,122,124,1.6393442622950838,0.0021645021645021645,6,6,124,0,1,1x,single-operation memory check; not a timing claim
resource-explicit-fixed,explicit,BenchmarkCompileFull/isa_var,ns/op,324959.5,307045.5,-5.512686965606484,0.24025974025974026,6,6,311965,-1.5769397208020175,0.5887445887445888,1x,single-operation memory check; not a timing claim
resource-explicit-fixed,explicit,BenchmarkCompileFull/isa_var,code-B,546,546,0,1,6,6,546,0,1,1x,single-operation memory check; not a timing claim
resource-explicit-fixed,explicit,BenchmarkCompileFull/isa_var,B/op,39968,39280,-1.7213771016813428,0.0021645021645021645,6,6,39280,0,1,1x,single-operation memory check; not a timing claim
resource-explicit-fixed,explicit,BenchmarkCompileFull/isa_var,allocs/op,109,111,1.83486238532109,0.0021645021645021645,6,6,111,0,1,1x,single-operation memory check; not a timing claim
resource-explicit-fixed,explicit,BenchmarkCompileFull/memory_tree,ns/op,327308,290975.5,-11.10040084568663,0.06493506493506493,6,6,350471.5,-16.975988061796755,0.004329004329004329,1x,single-operation memory check; not a timing claim
resource-explicit-fixed,explicit,BenchmarkCompileFull/memory_tree,code-B,566,566,0,1,6,6,566,0,1,1x,single-operation memory check; not a timing claim
resource-explicit-fixed,explicit,BenchmarkCompileFull/memory_tree,B/op,43256,31816,-26.447198076567414,0.0021645021645021645,6,6,31816,0,1,1x,single-operation memory check; not a timing claim
resource-explicit-fixed,explicit,BenchmarkCompileFull/memory_tree,allocs/op,128,130,1.5625,0.0021645021645021645,6,6,130,0,1,1x,single-operation memory check; not a timing claim
resource-explicit-fixed,explicit,BenchmarkCompileFull/xjb-mulhi,ns/op,309880.5,285770.5,-7.780418580710946,0.17965367965367965,6,6,333420.5,-14.291262834768704,0.06493506493506493,1x,single-operation memory check; not a timing claim
resource-explicit-fixed,explicit,BenchmarkCompileFull/xjb-mulhi,code-B,398,398,0,1,6,6,398,0,1,1x,single-operation memory check; not a timing claim
resource-explicit-fixed,explicit,BenchmarkCompileFull/xjb-mulhi,B/op,41192,29752,-27.772382986987765,0.0021645021645021645,6,6,29752,0,1,1x,single-operation memory check; not a timing claim
resource-explicit-fixed,explicit,BenchmarkCompileFull/xjb-mulhi,allocs/op,109,111,1.83486238532109,0.0021645021645021645,6,6,111,0,1,1x,single-operation memory check; not a timing claim
resource-explicit-fixed,explicit,BenchmarkCompileFull/swar-pack-parse,ns/op,316308,298494.5,-5.631694424421763,0.5887445887445888,6,6,328155,-9.038564093187674,0.17965367965367965,1x,single-operation memory check; not a timing claim
resource-explicit-fixed,explicit,BenchmarkCompileFull/swar-pack-parse,code-B,469,469,0,1,6,6,469,0,1,1x,single-operation memory check; not a timing claim
resource-explicit-fixed,explicit,BenchmarkCompileFull/swar-pack-parse,B/op,41296,29864,-27.683068578070515,0.0021645021645021645,6,6,29864,0,1,1x,single-operation memory check; not a timing claim
resource-explicit-fixed,explicit,BenchmarkCompileFull/swar-pack-parse,allocs/op,107,109,1.869158878504673,0.0021645021645021645,6,6,109,0,1,1x,single-operation memory check; not a timing claim
resource-explicit-fixed,explicit,BenchmarkCompileFullWorkers/tiny/p8,ns/op,293215,322444.5,9.96862370615419,0.17965367965367965,6,6,321587.5,0.26649045749602696,0.5887445887445888,1x,single-operation memory check; not a timing claim
resource-explicit-fixed,explicit,BenchmarkCompileFullWorkers/tiny/p8,code-B,96,96,0,1,6,6,96,0,1,1x,single-operation memory check; not a timing claim
resource-explicit-fixed,explicit,BenchmarkCompileFullWorkers/tiny/p8,B/op,36520,36600,0.21905805038335835,0.045454545454545456,6,6,36632,-0.08735531775496685,1,1x,single-operation memory check; not a timing claim
resource-explicit-fixed,explicit,BenchmarkCompileFullWorkers/tiny/p8,allocs/op,123,124.5,1.2195121951219523,0.0021645021645021645,6,6,125,-0.40000000000000036,1,1x,single-operation memory check; not a timing claim
resource-explicit-fixed,explicit,BenchmarkCompileFullWorkers/tiny/p4,ns/op,270797.5,288866.5,6.6725135941063,0.30952380952380953,6,6,324774,-11.056149814948245,0.06493506493506493,1x,single-operation memory check; not a timing claim
resource-explicit-fixed,explicit,BenchmarkCompileFullWorkers/tiny/p4,code-B,96,96,0,1,6,6,96,0,1,1x,single-operation memory check; not a timing claim
resource-explicit-fixed,explicit,BenchmarkCompileFullWorkers/tiny/p4,B/op,36520,36632,0.3066812705367017,0.032467532467532464,6,6,36632,0,1,1x,single-operation memory check; not a timing claim
resource-explicit-fixed,explicit,BenchmarkCompileFullWorkers/tiny/p4,allocs/op,123,125,1.6260162601626105,0.0021645021645021645,6,6,125,0,1,1x,single-operation memory check; not a timing claim
resource-explicit-fixed,explicit,BenchmarkCompileFullWorkers/tiny/p2,ns/op,281603,312646,11.023675173915048,0.48484848484848486,6,6,315291,-0.8389075488992703,0.48484848484848486,1x,single-operation memory check; not a timing claim
resource-explicit-fixed,explicit,BenchmarkCompileFullWorkers/tiny/p2,code-B,96,96,0,1,6,6,96,0,1,1x,single-operation memory check; not a timing claim
resource-explicit-fixed,explicit,BenchmarkCompileFullWorkers/tiny/p2,B/op,36520,36576,0.15334063526835084,0.07575757575757576,6,6,36632,-0.15287180607119755,0.42424242424242425,1x,single-operation memory check; not a timing claim
resource-explicit-fixed,explicit,BenchmarkCompileFullWorkers/tiny/p2,allocs/op,123,124.5,1.2195121951219523,0.010822510822510822,6,6,125,-0.40000000000000036,0.42424242424242425,1x,single-operation memory check; not a timing claim
resource-explicit-fixed,explicit,BenchmarkCompileFull/mandelbrot,ns/op,301195,279784,-7.108683743090028,0.3939393939393939,6,6,313292.5,-10.695595968623572,0.13203463203463203,1x,single-operation memory check; not a timing claim
resource-explicit-fixed,explicit,BenchmarkCompileFull/mandelbrot,code-B,504,504,0,1,6,6,504,0,1,1x,single-operation memory check; not a timing claim
resource-explicit-fixed,explicit,BenchmarkCompileFull/mandelbrot,B/op,42720,34608,-18.988764044943817,0.0021645021645021645,6,6,34608,0,1,1x,single-operation memory check; not a timing claim
resource-explicit-fixed,explicit,BenchmarkCompileFull/mandelbrot,allocs/op,110,112,1.8181818181818077,0.0021645021645021645,6,6,112,0,1,1x,single-operation memory check; not a timing claim
resource-explicit-fixed,explicit,BenchmarkCompileFull/branches,ns/op,252879,267026,5.594375175479183,0.13203463203463203,6,6,294171,-9.227626108623898,0.0021645021645021645,1x,single-operation memory check; not a timing claim
resource-explicit-fixed,explicit,BenchmarkCompileFull/branches,code-B,120,120,0,1,6,6,120,0,1,1x,single-operation memory check; not a timing claim
resource-explicit-fixed,explicit,BenchmarkCompileFull/branches,B/op,26944,25984,-3.562945368171022,0.0021645021645021645,6,6,25984,0,1,1x,single-operation memory check; not a timing claim
resource-explicit-fixed,explicit,BenchmarkCompileFull/branches,allocs/op,90,92,2.2222222222222143,0.0021645021645021645,6,6,92,0,1,1x,single-operation memory check; not a timing claim
resource-explicit-fixed,explicit,BenchmarkCompileFull/sieve,ns/op,296290,322123.5,8.718991528569987,0.008658008658008658,6,6,324488,-0.7286864229185674,0.8181818181818182,1x,single-operation memory check; not a timing claim
resource-explicit-fixed,explicit,BenchmarkCompileFull/sieve,code-B,367,367,0,1,6,6,367,0,1,1x,single-operation memory check; not a timing claim
resource-explicit-fixed,explicit,BenchmarkCompileFull/sieve,B/op,33624,30360,-9.707351891506066,0.0021645021645021645,6,6,30360,0,1,1x,single-operation memory check; not a timing claim
resource-explicit-fixed,explicit,BenchmarkCompileFull/sieve,allocs/op,107,109,1.869158878504673,0.0021645021645021645,6,6,109,0,1,1x,single-operation memory check; not a timing claim
resource-explicit-fixed,explicit,BenchmarkCompileFullWorkers/fib_rec/p4,ns/op,249587.5,249839,0.10076626433614955,0.5887445887445888,6,6,287399,-13.068939001179547,0.06493506493506493,1x,single-operation memory check; not a timing claim
resource-explicit-fixed,explicit,BenchmarkCompileFullWorkers/fib_rec/p4,code-B,163,163,0,1,6,6,163,0,1,1x,single-operation memory check; not a timing claim
resource-explicit-fixed,explicit,BenchmarkCompileFullWorkers/fib_rec/p4,B/op,26112,25424,-2.634803921568629,0.0021645021645021645,6,6,25424,0,1,1x,single-operation memory check; not a timing claim
resource-explicit-fixed,explicit,BenchmarkCompileFullWorkers/fib_rec/p4,allocs/op,100,102,2.0000000000000018,0.0021645021645021645,6,6,102,0,1,1x,single-operation memory check; not a timing claim
resource-explicit-warm,explicit,BenchmarkCompileFullWorkers/json-as/p2,ns/op,1387636,893420,-35.61568019278831,7.39602301050679e-7,12,12,892710,0.07953310705604011,0.629725504001988,500ms,warm resource diagnostic; separate from full suite
resource-explicit-warm,explicit,BenchmarkCompileFullWorkers/json-as/p2,code-B,66366,66366,0,1,12,12,66366,0,1,500ms,warm resource diagnostic; separate from full suite
resource-explicit-warm,explicit,BenchmarkCompileFullWorkers/json-as/p2,B/op,527965.5,533342,1.0183430546124805,7.39602301050679e-7,12,12,533363.5,-0.004031021995321016,0.6706595329559389,500ms,warm resource diagnostic; separate from full suite
resource-explicit-warm,explicit,BenchmarkCompileFullWorkers/json-as/p2,allocs/op,548,570,4.014598540145986,7.39602301050679e-7,12,12,570,0,1,500ms,warm resource diagnostic; separate from full suite
resource-explicit-warm,explicit,BenchmarkCompileFullWorkers/json-as/p8,ns/op,1214385.5,659093.5,-45.726171796352965,7.39602301050679e-7,12,12,646776.5,1.904367273702734,0.15997301930805768,500ms,warm resource diagnostic; separate from full suite
resource-explicit-warm,explicit,BenchmarkCompileFullWorkers/json-as/p8,code-B,66366,66366,0,1,12,12,66366,0,1,500ms,warm resource diagnostic; separate from full suite
resource-explicit-warm,explicit,BenchmarkCompileFullWorkers/json-as/p8,B/op,878151,890395,1.3942932365845984,7.39602301050679e-7,12,12,889845,0.061808517213668424,0.4428331797425888,500ms,warm resource diagnostic; separate from full suite
resource-explicit-warm,explicit,BenchmarkCompileFullWorkers/json-as/p8,allocs/op,967,1033,6.825232678386772,7.39602301050679e-7,12,12,1033,0,0.4611760564109467,500ms,warm resource diagnostic; separate from full suite
resource-explicit-warm,explicit,BenchmarkCompileFullWorkers/json-as/auto,ns/op,1186756,695173.5,-41.42237325954113,7.39602301050679e-7,12,12,697463.5,-0.328332593748637,0.4775752582321434,500ms,warm resource diagnostic; separate from full suite
resource-explicit-warm,explicit,BenchmarkCompileFullWorkers/json-as/auto,code-B,66366,66366,0,1,12,12,66366,0,1,500ms,warm resource diagnostic; separate from full suite
resource-explicit-warm,explicit,BenchmarkCompileFullWorkers/json-as/auto,B/op,661918.5,667300.5,0.8130910376428435,7.39602301050679e-7,12,12,667817,-0.07734154716037,0.3185851703821821,500ms,warm resource diagnostic; separate from full suite
resource-explicit-warm,explicit,BenchmarkCompileFullWorkers/json-as/auto,allocs/op,704,747,6.107954545454541,7.39602301050679e-7,12,12,746,0.13404825737264314,0.2203467551428246,500ms,warm resource diagnostic; separate from full suite
resource-explicit-warm,explicit,BenchmarkCompileWorkers/json-as/p4,ns/op,517478,347225,-32.90052910461894,7.39602301050679e-7,12,12,348091.5,-0.2489288017662017,0.8428359902313328,500ms,warm resource diagnostic; separate from full suite
resource-explicit-warm,explicit,BenchmarkCompileWorkers/json-as/p4,code-B,57470,57470,0,1,12,12,57470,0,1,500ms,warm resource diagnostic; separate from full suite
resource-explicit-warm,explicit,BenchmarkCompileWorkers/json-as/p4,B/op,550846,557619,1.2295632536135415,7.39602301050679e-7,12,12,557402.5,0.03884087351599952,0.2415237878288087,500ms,warm resource diagnostic; separate from full suite
resource-explicit-warm,explicit,BenchmarkCompileWorkers/json-as/p4,allocs/op,402,442,9.950248756218905,7.39602301050679e-7,12,12,442,0,1,500ms,warm resource diagnostic; separate from full suite
resource-explicit-warm,explicit,BenchmarkCompileFull/many_funcs,ns/op,457569.5,380097,-16.931307702982824,7.39602301050679e-7,12,12,388358.5,-2.127287029896341,0.0000495533541703955,500ms,warm resource diagnostic; separate from full suite
resource-explicit-warm,explicit,BenchmarkCompileFull/many_funcs,code-B,7817,7817,0,1,12,12,7817,0,1,500ms,warm resource diagnostic; separate from full suite
resource-explicit-warm,explicit,BenchmarkCompileFull/many_funcs,B/op,159043,161536,1.5675006130417612,7.39602301050679e-7,12,12,161536,0,0.5646730440107746,500ms,warm resource diagnostic; separate from full suite
resource-explicit-warm,explicit,BenchmarkCompileFull/many_funcs,allocs/op,83,85,2.4096385542168752,7.39602301050679e-7,12,12,85,0,1,500ms,warm resource diagnostic; separate from full suite
resource-explicit-warm,explicit,BenchmarkCompileWorkers/json-as/p8,ns/op,502094.5,333232.5,-33.63151757288717,7.39602301050679e-7,12,12,331216.5,0.6086653291729194,0.5898757320213774,500ms,warm resource diagnostic; separate from full suite
resource-explicit-warm,explicit,BenchmarkCompileWorkers/json-as/p8,code-B,57470,57470,0,1,12,12,57470,0,1,500ms,warm resource diagnostic; separate from full suite
resource-explicit-warm,explicit,BenchmarkCompileWorkers/json-as/p8,B/op,749945,758496.5,1.1402836207988543,7.39602301050679e-7,12,12,758122.5,0.04933239680922075,0.17818202795992538,500ms,warm resource diagnostic; separate from full suite
resource-explicit-warm,explicit,BenchmarkCompileWorkers/json-as/p8,allocs/op,628.5,692,10.103420843277643,7.39602301050679e-7,12,12,691,0.14471780028944004,0.29283517666880166,500ms,warm resource diagnostic; separate from full suite
resource-explicit-warm,explicit,BenchmarkCompileFullWorkers/many_funcs/p1,ns/op,461116,382065.5,-17.143300167419916,7.39602301050679e-7,12,12,388762.5,-1.7226455740972924,0.003636624514266189,500ms,warm resource diagnostic; separate from full suite
resource-explicit-warm,explicit,BenchmarkCompileFullWorkers/many_funcs/p1,code-B,7817,7817,0,1,12,12,7817,0,1,500ms,warm resource diagnostic; separate from full suite
resource-explicit-warm,explicit,BenchmarkCompileFullWorkers/many_funcs/p1,B/op,158899,161392,1.568921138584889,7.39602301050679e-7,12,12,161392,0,0.7724746649231775,500ms,warm resource diagnostic; separate from full suite
resource-explicit-warm,explicit,BenchmarkCompileFullWorkers/many_funcs/p1,allocs/op,82,84,2.4390243902439046,7.39602301050679e-7,12,12,84,0,1,500ms,warm resource diagnostic; separate from full suite
resource-explicit-warm,explicit,BenchmarkCompileFullWorkers/many_funcs/p2,ns/op,379835.5,324166.5,-14.656081382598519,7.39602301050679e-7,12,12,326706,-0.7773043653927392,0.2189208019063989,500ms,warm resource diagnostic; separate from full suite
resource-explicit-warm,explicit,BenchmarkCompileFullWorkers/many_funcs/p2,code-B,7817,7817,0,1,12,12,7817,0,1,500ms,warm resource diagnostic; separate from full suite
resource-explicit-warm,explicit,BenchmarkCompileFullWorkers/many_funcs/p2,B/op,235902,238432,1.0724792498579827,7.39602301050679e-7,12,12,238431,0.00041940855006750155,0.7656067179556209,500ms,warm resource diagnostic; separate from full suite
resource-explicit-warm,explicit,BenchmarkCompileFullWorkers/many_funcs/p2,allocs/op,115,117,1.7391304347825987,7.39602301050679e-7,12,12,117,0,1,500ms,warm resource diagnostic; separate from full suite
resource-explicit-warm,explicit,BenchmarkCompileMultiModuleThroughput/many_funcs/p1,ns/op,86447,72597.5,-16.02079887098453,7.39602301050679e-7,12,12,72642.5,-0.06194720721340863,1,500ms,warm resource diagnostic; separate from full suite
resource-explicit-warm,explicit,BenchmarkCompileMultiModuleThroughput/many_funcs/p1,B/op,158886,161381,1.5703082713391936,7.39602301050679e-7,12,12,161381,0,0.7201507605330462,500ms,warm resource diagnostic; separate from full suite
resource-explicit-warm,explicit,BenchmarkCompileMultiModuleThroughput/many_funcs/p1,allocs/op,82,84,2.4390243902439046,7.39602301050679e-7,12,12,84,0,1,500ms,warm resource diagnostic; separate from full suite
resource-signals-fixed,signals,BenchmarkCompileFull/memory_tree,ns/op,332774,340293,2.2594914266138577,0.5887445887445888,6,6,358397,-5.051381568484114,0.48484848484848486,1x,single-operation memory check; not a timing claim
resource-signals-fixed,signals,BenchmarkCompileFull/memory_tree,code-B,479,479,0,1,6,6,479,0,1,1x,single-operation memory check; not a timing claim
resource-signals-fixed,signals,BenchmarkCompileFull/memory_tree,B/op,43240,31800,-26.456984273820538,0.0021645021645021645,6,6,31800,0,1,1x,single-operation memory check; not a timing claim
resource-signals-fixed,signals,BenchmarkCompileFull/memory_tree,allocs/op,127,129,1.5748031496062964,0.0021645021645021645,6,6,129,0,1,1x,single-operation memory check; not a timing claim
resource-signals-fixed,signals,BenchmarkCompileFullWorkers/tiny/p4,ns/op,296776,305407,2.9082540367145526,0.8181818181818182,6,6,306318.5,-0.29756609542028745,0.8181818181818182,1x,single-operation memory check; not a timing claim
resource-signals-fixed,signals,BenchmarkCompileFullWorkers/tiny/p4,code-B,96,96,0,1,6,6,96,0,1,1x,single-operation memory check; not a timing claim
resource-signals-fixed,signals,BenchmarkCompileFullWorkers/tiny/p4,B/op,36520,36632,0.3066812705367017,0.0021645021645021645,6,6,36576,0.1531058617672887,0.18181818181818182,1x,single-operation memory check; not a timing claim
resource-signals-fixed,signals,BenchmarkCompileFullWorkers/tiny/p4,allocs/op,123,125,1.6260162601626105,0.0021645021645021645,6,6,124.5,0.40160642570281624,0.18181818181818182,1x,single-operation memory check; not a timing claim
resource-signals-fixed,signals,BenchmarkCompileFull/memory,ns/op,289152,294276.5,1.772251272687031,0.9372294372294372,6,6,309008.5,-4.767506395455145,0.025974025974025976,1x,single-operation memory check; not a timing claim
resource-signals-fixed,signals,BenchmarkCompileFull/memory,code-B,196,196,0,1,6,6,196,0,1,1x,single-operation memory check; not a timing claim
resource-signals-fixed,signals,BenchmarkCompileFull/memory,B/op,27768,26952,-2.9386343993085595,0.0021645021645021645,6,6,26952,0,1,1x,single-operation memory check; not a timing claim
resource-signals-fixed,signals,BenchmarkCompileFull/memory,allocs/op,105,107,1.904761904761898,0.0021645021645021645,6,6,107,0,1,1x,single-operation memory check; not a timing claim
resource-signals-fixed,signals,BenchmarkCompileFull/globals,ns/op,284603.5,253685.5,-10.863534707057365,0.13203463203463203,6,6,300417.5,-15.555685005034658,0.025974025974025976,1x,single-operation memory check; not a timing claim
resource-signals-fixed,signals,BenchmarkCompileFull/globals,code-B,148,148,0,1,6,6,148,0,1,1x,single-operation memory check; not a timing claim
resource-signals-fixed,signals,BenchmarkCompileFull/globals,B/op,28160,27472,-2.4431818181818166,0.0021645021645021645,6,6,27472,0,1,1x,single-operation memory check; not a timing claim
resource-signals-fixed,signals,BenchmarkCompileFull/globals,allocs/op,111,113,1.8018018018018056,0.0021645021645021645,6,6,113,0,1,1x,single-operation memory check; not a timing claim
resource-signals-fixed,signals,BenchmarkCompileWorkers/sqlite3/p8,ns/op,19601884.5,10388538.5,-47.00234816708567,0.0021645021645021645,6,6,9918287.5,4.741251955037606,0.5887445887445888,1x,single-operation memory check; not a timing claim
resource-signals-fixed,signals,BenchmarkCompileWorkers/sqlite3/p8,code-B,3634105,3634105,0,1,6,6,3634105,0,1,1x,single-operation memory check; not a timing claim
resource-signals-fixed,signals,BenchmarkCompileWorkers/sqlite3/p8,B/op,16904112,17377368,2.7996501679591335,0.5887445887445888,6,6,16743532,3.7855573125192388,0.3939393939393939,1x,single-operation memory check; not a timing claim
resource-signals-fixed,signals,BenchmarkCompileWorkers/sqlite3/p8,allocs/op,4483,4645.5,3.6248048182020876,0.0021645021645021645,6,6,4669.5,-0.5139736588499866,0.30952380952380953,1x,single-operation memory check; not a timing claim
resource-signals-fixed,signals,BenchmarkCompileFull/float,ns/op,276252.5,292999,6.062026587994684,0.24025974025974026,6,6,274874.5,6.593736414254514,0.5887445887445888,1x,single-operation memory check; not a timing claim
resource-signals-fixed,signals,BenchmarkCompileFull/float,code-B,150,150,0,1,6,6,150,0,1,1x,single-operation memory check; not a timing claim
resource-signals-fixed,signals,BenchmarkCompileFull/float,B/op,40584,26072,-35.75793416124581,0.0021645021645021645,6,6,26072,0,1,1x,single-operation memory check; not a timing claim
resource-signals-fixed,signals,BenchmarkCompileFull/float,allocs/op,95,97,2.1052631578947434,0.0021645021645021645,6,6,97,0,1,1x,single-operation memory check; not a timing claim
resource-signals-fixed,signals,BenchmarkCompileFull/arith,ns/op,277269.5,277545,0.09936181224403651,0.9372294372294372,6,6,292527.5,-5.121740691046139,0.06493506493506493,1x,single-operation memory check; not a timing claim
resource-signals-fixed,signals,BenchmarkCompileFull/arith,code-B,107,107,0,1,6,6,107,0,1,1x,single-operation memory check; not a timing claim
resource-signals-fixed,signals,BenchmarkCompileFull/arith,B/op,40520,26008,-35.81441263573544,0.0021645021645021645,6,6,26008,0,1,1x,single-operation memory check; not a timing claim
resource-signals-fixed,signals,BenchmarkCompileFull/arith,allocs/op,91,93,2.19780219780219,0.0021645021645021645,6,6,93,0,1,1x,single-operation memory check; not a timing claim
resource-signals-fixed,signals,BenchmarkCompileFull/fib_rec,ns/op,304064.5,283166,-6.873048317051156,0.30952380952380953,6,6,300778.5,-5.855637952845694,0.13203463203463203,1x,single-operation memory check; not a timing claim
resource-signals-fixed,signals,BenchmarkCompileFull/fib_rec,code-B,163,163,0,1,6,6,163,0,1,1x,single-operation memory check; not a timing claim
resource-signals-fixed,signals,BenchmarkCompileFull/fib_rec,B/op,25968,25280,-2.649414664202099,0.0021645021645021645,6,6,25280,0,1,1x,single-operation memory check; not a timing claim
resource-signals-fixed,signals,BenchmarkCompileFull/fib_rec,allocs/op,99,101,2.020202020202011,0.0021645021645021645,6,6,101,0,1,1x,single-operation memory check; not a timing claim
resource-signals-fixed,signals,BenchmarkCompileFull/branches,ns/op,254342,269750.5,6.0581815036446995,0.3939393939393939,6,6,268979,0.28682536554898164,1,1x,single-operation memory check; not a timing claim
resource-signals-fixed,signals,BenchmarkCompileFull/branches,code-B,120,120,0,1,6,6,120,0,1,1x,single-operation memory check; not a timing claim
resource-signals-fixed,signals,BenchmarkCompileFull/branches,B/op,26944,25984,-3.562945368171022,0.0021645021645021645,6,6,25984,0,1,1x,single-operation memory check; not a timing claim
resource-signals-fixed,signals,BenchmarkCompileFull/branches,allocs/op,90,92,2.2222222222222143,0.0021645021645021645,6,6,92,0,1,1x,single-operation memory check; not a timing claim
resource-signals-fixed,signals,BenchmarkCompileFull/fib_iter,ns/op,289191.5,280456,-3.020662778816108,0.025974025974025976,6,6,286947.5,-2.2622605180390165,0.17965367965367965,1x,single-operation memory check; not a timing claim
resource-signals-fixed,signals,BenchmarkCompileFull/fib_iter,code-B,99,99,0,1,6,6,99,0,1,1x,single-operation memory check; not a timing claim
resource-signals-fixed,signals,BenchmarkCompileFull/fib_iter,B/op,26152,25704,-1.7130620985010725,0.0021645021645021645,6,6,25704,0,1,1x,single-operation memory check; not a timing claim
resource-signals-fixed,signals,BenchmarkCompileFull/fib_iter,allocs/op,91,93,2.19780219780219,0.0021645021645021645,6,6,93,0,1,1x,single-operation memory check; not a timing claim
resource-signals-fixed,signals,BenchmarkCompileFullWorkers/fib_rec/p1,ns/op,275221,293870.5,6.776190770326385,0.0021645021645021645,6,6,282870,3.8888888888888973,0.5887445887445888,1x,single-operation memory check; not a timing claim
resource-signals-fixed,signals,BenchmarkCompileFullWorkers/fib_rec/p1,code-B,163,163,0,1,6,6,163,0,1,1x,single-operation memory check; not a timing claim
resource-signals-fixed,signals,BenchmarkCompileFullWorkers/fib_rec/p1,B/op,26112,25424,-2.634803921568629,0.0021645021645021645,6,6,25424,0,1,1x,single-operation memory check; not a timing claim
resource-signals-fixed,signals,BenchmarkCompileFullWorkers/fib_rec/p1,allocs/op,100,102,2.0000000000000018,0.0021645021645021645,6,6,102,0,1,1x,single-operation memory check; not a timing claim
resource-signals-fixed,signals,BenchmarkCompileFullWorkers/fib_rec/auto,ns/op,285620.5,289783,1.4573533762457513,0.8181818181818182,6,6,288019.5,0.6122849320966184,0.9372294372294372,1x,single-operation memory check; not a timing claim
resource-signals-fixed,signals,BenchmarkCompileFullWorkers/fib_rec/auto,code-B,163,163,0,1,6,6,163,0,1,1x,single-operation memory check; not a timing claim
resource-signals-fixed,signals,BenchmarkCompileFullWorkers/fib_rec/auto,B/op,26112,25424,-2.634803921568629,0.0021645021645021645,6,6,25424,0,1,1x,single-operation memory check; not a timing claim
resource-signals-fixed,signals,BenchmarkCompileFullWorkers/fib_rec/auto,allocs/op,100,102,2.0000000000000018,0.0021645021645021645,6,6,102,0,1,1x,single-operation memory check; not a timing claim
resource-signals-fixed,signals,BenchmarkCompileFull/xjb-mulhi,ns/op,314229,307837,-2.0341852597946075,0.8181818181818182,6,6,312065,-1.3548459455562156,0.5887445887445888,1x,single-operation memory check; not a timing claim
resource-signals-fixed,signals,BenchmarkCompileFull/xjb-mulhi,code-B,355,355,0,1,6,6,355,0,1,1x,single-operation memory check; not a timing claim
resource-signals-fixed,signals,BenchmarkCompileFull/xjb-mulhi,B/op,41192,29752,-27.772382986987765,0.0021645021645021645,6,6,29752,0,1,1x,single-operation memory check; not a timing claim
resource-signals-fixed,signals,BenchmarkCompileFull/xjb-mulhi,allocs/op,109,111,1.83486238532109,0.0021645021645021645,6,6,111,0,1,1x,single-operation memory check; not a timing claim
resource-signals-fixed,signals,BenchmarkCompileFullWorkers/fib_rec/p2,ns/op,264556,288601,9.088812954535141,0.17965367965367965,6,6,293430,-1.6457076645196467,0.48484848484848486,1x,single-operation memory check; not a timing claim
resource-signals-fixed,signals,BenchmarkCompileFullWorkers/fib_rec/p2,code-B,163,163,0,1,6,6,163,0,1,1x,single-operation memory check; not a timing claim
resource-signals-fixed,signals,BenchmarkCompileFullWorkers/fib_rec/p2,B/op,26112,25424,-2.634803921568629,0.0021645021645021645,6,6,25424,0,1,1x,single-operation memory check; not a timing claim
resource-signals-fixed,signals,BenchmarkCompileFullWorkers/fib_rec/p2,allocs/op,100,102,2.0000000000000018,0.0021645021645021645,6,6,102,0,1,1x,single-operation memory check; not a timing claim
resource-signals-fixed,signals,BenchmarkCompileFullWorkers/fib_rec/p8,ns/op,276497.5,279924.5,1.2394325445980625,0.8181818181818182,6,6,283191,-1.1534617978678718,0.48484848484848486,1x,single-operation memory check; not a timing claim
resource-signals-fixed,signals,BenchmarkCompileFullWorkers/fib_rec/p8,code-B,163,163,0,1,6,6,163,0,1,1x,single-operation memory check; not a timing claim
resource-signals-fixed,signals,BenchmarkCompileFullWorkers/fib_rec/p8,B/op,26112,25424,-2.634803921568629,0.0021645021645021645,6,6,25424,0,1,1x,single-operation memory check; not a timing claim
resource-signals-fixed,signals,BenchmarkCompileFullWorkers/fib_rec/p8,allocs/op,100,102,2.0000000000000018,0.0021645021645021645,6,6,102,0,1,1x,single-operation memory check; not a timing claim
resource-signals-fixed,signals,BenchmarkCompileFullWorkers/fib_rec/p4,ns/op,272005,298254,9.650190253855628,0.09307359307359307,6,6,298489.5,-0.07889724764187367,0.9372294372294372,1x,single-operation memory check; not a timing claim
resource-signals-fixed,signals,BenchmarkCompileFullWorkers/fib_rec/p4,code-B,163,163,0,1,6,6,163,0,1,1x,single-operation memory check; not a timing claim
resource-signals-fixed,signals,BenchmarkCompileFullWorkers/fib_rec/p4,B/op,26112,25424,-2.634803921568629,0.0021645021645021645,6,6,25424,0,1,1x,single-operation memory check; not a timing claim
resource-signals-fixed,signals,BenchmarkCompileFullWorkers/fib_rec/p4,allocs/op,100,102,2.0000000000000018,0.0021645021645021645,6,6,102,0,1,1x,single-operation memory check; not a timing claim
resource-signals-fixed,signals,BenchmarkCompileFullWorkers/tiny/auto,ns/op,255193.5,262622,2.910928373959365,0.48484848484848486,6,6,273317.5,-3.9132144849854056,0.5887445887445888,1x,single-operation memory check; not a timing claim
resource-signals-fixed,signals,BenchmarkCompileFullWorkers/tiny/auto,code-B,96,96,0,1,6,6,96,0,1,1x,single-operation memory check; not a timing claim
resource-signals-fixed,signals,BenchmarkCompileFullWorkers/tiny/auto,B/op,24304,24384,0.3291639236339794,0.0021645021645021645,6,6,24384,0,1,1x,single-operation memory check; not a timing claim
resource-signals-fixed,signals,BenchmarkCompileFullWorkers/tiny/auto,allocs/op,91,93,2.19780219780219,0.0021645021645021645,6,6,93,0,1,1x,single-operation memory check; not a timing claim
resource-signals-fixed,signals,BenchmarkCompileFull/tiny,ns/op,267956.5,287719.5,7.3754508660920814,0.13203463203463203,6,6,284102.5,1.2731320562121118,1,1x,single-operation memory check; not a timing claim
resource-signals-fixed,signals,BenchmarkCompileFull/tiny,code-B,96,96,0,1,6,6,96,0,1,1x,single-operation memory check; not a timing claim
resource-signals-fixed,signals,BenchmarkCompileFull/tiny,B/op,24160,24240,0.3311258278145601,0.0021645021645021645,6,6,24240,0,1,1x,single-operation memory check; not a timing claim
resource-signals-fixed,signals,BenchmarkCompileFull/tiny,allocs/op,90,92,2.2222222222222143,0.0021645021645021645,6,6,92,0,1,1x,single-operation memory check; not a timing claim
resource-signals-fixed,signals,BenchmarkCompileFullWorkers/tiny/p1,ns/op,260974,268253,2.7891667369163153,0.3939393939393939,6,6,283982.5,-5.538897643340701,0.06493506493506493,1x,single-operation memory check; not a timing claim
resource-signals-fixed,signals,BenchmarkCompileFullWorkers/tiny/p1,code-B,96,96,0,1,6,6,96,0,1,1x,single-operation memory check; not a timing claim
resource-signals-fixed,signals,BenchmarkCompileFullWorkers/tiny/p1,B/op,24304,24384,0.3291639236339794,0.0021645021645021645,6,6,24384,0,1,1x,single-operation memory check; not a timing claim
resource-signals-fixed,signals,BenchmarkCompileFullWorkers/tiny/p1,allocs/op,91,93,2.19780219780219,0.0021645021645021645,6,6,93,0,1,1x,single-operation memory check; not a timing claim
resource-signals-fixed,signals,BenchmarkCompileFullWorkers/lua/auto,ns/op,14993241.5,7209971.5,-51.91185641877375,0.0021645021645021645,6,6,7445082.5,-3.157936799222838,0.24025974025974026,1x,single-operation memory check; not a timing claim
resource-signals-fixed,signals,BenchmarkCompileFullWorkers/lua/auto,code-B,709149,709149,0,1,6,6,709149,0,1,1x,single-operation memory check; not a timing claim
resource-signals-fixed,signals,BenchmarkCompileFullWorkers/lua/auto,B/op,4714348,4695976,-0.3897039420933668,0.8181818181818182,6,6,4676976,0.40624540301255063,0.8181818181818182,1x,single-operation memory check; not a timing claim
resource-signals-fixed,signals,BenchmarkCompileFullWorkers/lua/auto,allocs/op,3300,3359.5,1.8030303030303063,0.0021645021645021645,6,6,3358.5,0.029775197260684116,0.49783549783549785,1x,single-operation memory check; not a timing claim
resource-signals-fixed,signals,BenchmarkCompileFullWorkers/lua/p4,ns/op,15007252.5,7403869,-50.66472693785889,0.0021645021645021645,6,6,7103503,4.228420822796863,0.17965367965367965,1x,single-operation memory check; not a timing claim
resource-signals-fixed,signals,BenchmarkCompileFullWorkers/lua/p4,code-B,709149,709149,0,1,6,6,709149,0,1,1x,single-operation memory check; not a timing claim
resource-signals-fixed,signals,BenchmarkCompileFullWorkers/lua/p4,B/op,4727716,4712276,-0.3265847610135597,1,6,6,4768220,-1.173268011962536,0.04112554112554113,1x,single-operation memory check; not a timing claim
resource-signals-fixed,signals,BenchmarkCompileFullWorkers/lua/p4,allocs/op,3300,3349.5,1.4999999999999902,0.006493506493506494,6,6,3361.5,-0.35698348951360703,0.48484848484848486,1x,single-operation memory check; not a timing claim
resource-signals-fixed,signals,BenchmarkCompileFullWorkers/lua/p8,ns/op,14848748,6647638.5,-55.23098311049524,0.0021645021645021645,6,6,6978372.5,-4.739414526811226,0.30952380952380953,1x,single-operation memory check; not a timing claim
resource-signals-fixed,signals,BenchmarkCompileFullWorkers/lua/p8,code-B,709149,709149,0,1,6,6,709149,0,1,1x,single-operation memory check; not a timing claim
resource-signals-fixed,signals,BenchmarkCompileFullWorkers/lua/p8,B/op,5472212,5502048,0.5452274144349678,0.5887445887445888,6,6,5547132,-0.8127443154408387,0.8181818181818182,1x,single-operation memory check; not a timing claim
resource-signals-fixed,signals,BenchmarkCompileFullWorkers/lua/p8,allocs/op,4047.5,4134,2.137121680049403,0.0021645021645021645,6,6,4147,-0.31347962382445305,1,1x,single-operation memory check; not a timing claim
resource-signals-fixed,signals,BenchmarkCompileWorkers/lua/p2,ns/op,10558571,7639510.5,-27.64635953103881,0.0021645021645021645,6,6,7513134,1.6820743513958458,0.48484848484848486,1x,single-operation memory check; not a timing claim
resource-signals-fixed,signals,BenchmarkCompileWorkers/lua/p2,code-B,889172,889172,0,1,6,6,889172,0,1,1x,single-operation memory check; not a timing claim
resource-signals-fixed,signals,BenchmarkCompileWorkers/lua/p2,B/op,3877008,3903872,0.692905456991566,0.17965367965367965,6,6,3886764,0.4401605036992162,0.3939393939393939,1x,single-operation memory check; not a timing claim
resource-signals-fixed,signals,BenchmarkCompileWorkers/lua/p2,allocs/op,1053,1077,2.279202279202286,0.004329004329004329,6,6,1076,0.09293680297397522,0.7813852813852814,1x,single-operation memory check; not a timing claim
resource-signals-fixed,signals,BenchmarkCompileFullWorkers/tiny/p2,ns/op,276598.5,298749.5,8.008358685965389,0.48484848484848486,6,6,296400.5,0.7925087845668255,0.6991341991341992,1x,single-operation memory check; not a timing claim
resource-signals-fixed,signals,BenchmarkCompileFullWorkers/tiny/p2,code-B,96,96,0,1,6,6,96,0,1,1x,single-operation memory check; not a timing claim
resource-signals-fixed,signals,BenchmarkCompileFullWorkers/tiny/p2,B/op,36488,36632,0.3946502959877307,0.008658008658008658,6,6,36632,0,1,1x,single-operation memory check; not a timing claim
resource-signals-fixed,signals,BenchmarkCompileFullWorkers/tiny/p2,allocs/op,122.5,125,2.0408163265306145,0.0021645021645021645,6,6,125,0,1,1x,single-operation memory check; not a timing claim
resource-signals-fixed,signals,BenchmarkCompileWorkers/lua/p4,ns/op,7709127,4425127.5,-42.5988506869844,0.0021645021645021645,6,6,4379306.5,1.0463072178209076,0.48484848484848486,1x,single-operation memory check; not a timing claim
resource-signals-fixed,signals,BenchmarkCompileWorkers/lua/p4,code-B,889172,889172,0,1,6,6,889172,0,1,1x,single-operation memory check; not a timing claim
resource-signals-fixed,signals,BenchmarkCompileWorkers/lua/p4,B/op,4372840,4424572,1.1830297929949385,0.24025974025974026,6,6,4399372,0.5728090281976517,0.6991341991341992,1x,single-operation memory check; not a timing claim
resource-signals-fixed,signals,BenchmarkCompileWorkers/lua/p4,allocs/op,1484,1549.5,4.413746630727755,0.008658008658008658,6,6,1551,-0.09671179883945502,0.854978354978355,1x,single-operation memory check; not a timing claim
resource-signals-fixed,signals,BenchmarkCompileWorkers/esbuild/p2,ns/op,260851423,180879449.5,-30.658055294565134,0.0021645021645021645,6,6,174843708,3.452078184020202,0.3939393939393939,1x,single-operation memory check; not a timing claim
resource-signals-fixed,signals,BenchmarkCompileWorkers/esbuild/p2,code-B,26612624,26612624,0,1,6,6,26612624,0,1,1x,single-operation memory check; not a timing claim
resource-signals-fixed,signals,BenchmarkCompileWorkers/esbuild/p2,B/op,111797372,113502204,1.524930299792726,0.008658008658008658,6,6,111959128,1.3782493911528082,0.30952380952380953,1x,single-operation memory check; not a timing claim
resource-signals-fixed,signals,BenchmarkCompileWorkers/esbuild/p2,allocs/op,14686,15360.5,4.592809478414828,0.30952380952380953,6,6,14002,9.702185402085405,0.48484848484848486,1x,single-operation memory check; not a timing claim
resource-signals-fixed,signals,BenchmarkCompileWorkers/lua/p8,ns/op,7126215,3435112.5,-51.796114767797484,0.0021645021645021645,6,6,3748609.5,-8.363021008189842,0.24025974025974026,1x,single-operation memory check; not a timing claim
resource-signals-fixed,signals,BenchmarkCompileWorkers/lua/p8,code-B,889172,889172,0,1,6,6,889172,0,1,1x,single-operation memory check; not a timing claim
resource-signals-fixed,signals,BenchmarkCompileWorkers/lua/p8,B/op,5188508,5416028,4.38507563253252,0.015151515151515152,6,6,5260748,2.951671511351628,0.09307359307359307,1x,single-operation memory check; not a timing claim
resource-signals-fixed,signals,BenchmarkCompileWorkers/lua/p8,allocs/op,2229,2349.5,5.406011664423516,0.0021645021645021645,6,6,2331.5,0.7720351704910922,0.17965367965367965,1x,single-operation memory check; not a timing claim
resource-signals-fixed,signals,BenchmarkCompileFullWorkers/json-as/p2,ns/op,1787334.5,1305326.5,-26.967979412919075,0.0021645021645021645,6,6,1246411,4.726811621527727,0.8181818181818182,1x,single-operation memory check; not a timing claim
resource-signals-fixed,signals,BenchmarkCompileFullWorkers/json-as/p2,code-B,55821,55821,0,1,6,6,55821,0,1,1x,single-operation memory check; not a timing claim
resource-signals-fixed,signals,BenchmarkCompileFullWorkers/json-as/p2,B/op,520480,527420,1.3333845680910006,0.008658008658008658,6,6,525420,0.38064786266225337,0.09307359307359307,1x,single-operation memory check; not a timing claim
resource-signals-fixed,signals,BenchmarkCompileFullWorkers/json-as/p2,allocs/op,560.5,580,3.479036574487071,0.0021645021645021645,6,6,581.5,-0.2579535683576939,0.5,1x,single-operation memory check; not a timing claim
resource-signals-fixed,signals,BenchmarkCompileFullWorkers/json-as/auto,ns/op,1604452,1073386.5,-33.099494406813044,0.0021645021645021645,6,6,1097462,-2.1937433824588015,0.3939393939393939,1x,single-operation memory check; not a timing claim
resource-signals-fixed,signals,BenchmarkCompileFullWorkers/json-as/auto,code-B,55821,55821,0,1,6,6,55821,0,1,1x,single-operation memory check; not a timing claim
resource-signals-fixed,signals,BenchmarkCompileFullWorkers/json-as/auto,B/op,638180,654404,2.5422294650412125,0.17965367965367965,6,6,654304,0.015283415659994581,0.6991341991341992,1x,single-operation memory check; not a timing claim
resource-signals-fixed,signals,BenchmarkCompileFullWorkers/json-as/auto,allocs/op,709,745.5,5.14809590973202,0.0021645021645021645,6,6,748.5,-0.4008016032064132,0.564935064935065,1x,single-operation memory check; not a timing claim
resource-signals-fixed,signals,BenchmarkCompileFullWorkers/json-as/p4,ns/op,1613824,1116707.5,-30.803637819241747,0.0021645021645021645,6,6,1049671.5,6.386378976660789,0.04112554112554113,1x,single-operation memory check; not a timing claim
resource-signals-fixed,signals,BenchmarkCompileFullWorkers/json-as/p4,code-B,55821,55821,0,1,6,6,55821,0,1,1x,single-operation memory check; not a timing claim
resource-signals-fixed,signals,BenchmarkCompileFullWorkers/json-as/p4,B/op,651088,659712,1.3245521342737154,0.24025974025974026,6,6,659048,0.10075138684890739,0.9372294372294372,1x,single-operation memory check; not a timing claim
resource-signals-fixed,signals,BenchmarkCompileFullWorkers/json-as/p4,allocs/op,709.5,750,5.708245243128962,0.0021645021645021645,6,6,749,0.1335113484646211,0.6233766233766234,1x,single-operation memory check; not a timing claim
resource-signals-fixed,signals,BenchmarkCompileFullWorkers/json-as/p8,ns/op,1805764,1108733,-38.60033758564242,0.0021645021645021645,6,6,1095462.5,1.211406141241711,0.9372294372294372,1x,single-operation memory check; not a timing claim
resource-signals-fixed,signals,BenchmarkCompileFullWorkers/json-as/p8,code-B,55821,55821,0,1,6,6,55821,0,1,1x,single-operation memory check; not a timing claim
resource-signals-fixed,signals,BenchmarkCompileFullWorkers/json-as/p8,B/op,844028,862732,2.216040226153626,0.06493506493506493,6,6,859852,0.3349413620018282,1,1x,single-operation memory check; not a timing claim
resource-signals-fixed,signals,BenchmarkCompileFullWorkers/json-as/p8,allocs/op,937.5,1017.5,8.533333333333326,0.0021645021645021645,6,6,1018.5,-0.09818360333824216,0.7878787878787878,1x,single-operation memory check; not a timing claim
resource-signals-fixed,signals,BenchmarkCompileWorkers/ruby/p8,ns/op,218218334,95076654.5,-56.43049199523262,0.0021645021645021645,6,6,101271003,-6.1166062510509605,0.17965367965367965,1x,single-operation memory check; not a timing claim
resource-signals-fixed,signals,BenchmarkCompileWorkers/ruby/p8,code-B,35155402,35155402,0,1,6,6,35155402,0,1,1x,single-operation memory check; not a timing claim
resource-signals-fixed,signals,BenchmarkCompileWorkers/ruby/p8,B/op,138825716,139070964,0.17665891238767273,1,6,6,139564864,-0.3538856312717775,0.17965367965367965,1x,single-operation memory check; not a timing claim
resource-signals-fixed,signals,BenchmarkCompileWorkers/ruby/p8,allocs/op,14233,14487,1.7845851190894324,0.008658008658008658,6,6,14535,-0.3302373581011375,0.29004329004329005,1x,single-operation memory check; not a timing claim
resource-signals-fixed,signals,BenchmarkCompileFull/isa_simd_i16x8,ns/op,1287517.5,910596.5,-29.2750195628409,0.0021645021645021645,6,6,956487.5,-4.797867196382599,0.9372294372294372,1x,single-operation memory check; not a timing claim
resource-signals-fixed,signals,BenchmarkCompileFull/isa_simd_i16x8,code-B,32028,32028,0,1,6,6,32028,0,1,1x,single-operation memory check; not a timing claim
resource-signals-fixed,signals,BenchmarkCompileFull/isa_simd_i16x8,B/op,65344,59456,-9.010773751224288,0.0021645021645021645,6,6,59456,0,1,1x,single-operation memory check; not a timing claim
resource-signals-fixed,signals,BenchmarkCompileFull/isa_simd_i16x8,allocs/op,191,193,1.0471204188481575,0.0021645021645021645,6,6,193,0,1,1x,single-operation memory check; not a timing claim
resource-signals-fixed,signals,BenchmarkCompileFull/coremark,ns/op,1296034,884392.5,-31.761628167162282,0.008658008658008658,6,6,998601.5,-11.436894496953986,0.24025974025974026,1x,single-operation memory check; not a timing claim
resource-signals-fixed,signals,BenchmarkCompileFull/coremark,code-B,19331,19331,0,1,6,6,19331,0,1,1x,single-operation memory check; not a timing claim
resource-signals-fixed,signals,BenchmarkCompileFull/coremark,B/op,259640,259752,0.04313665074717754,0.0021645021645021645,6,6,259752,0,1,1x,single-operation memory check; not a timing claim
resource-signals-fixed,signals,BenchmarkCompileFull/coremark,allocs/op,208,210,0.9615384615384581,0.0021645021645021645,6,6,210,0,1,1x,single-operation memory check; not a timing claim
resource-signals-fixed,signals,BenchmarkCompileFullWorkers/tiny/p8,ns/op,281623,282775,0.4090574988548479,1,6,6,312656,-9.557149071183668,0.008658008658008658,1x,single-operation memory check; not a timing claim
resource-signals-fixed,signals,BenchmarkCompileFullWorkers/tiny/p8,code-B,96,96,0,1,6,6,96,0,1,1x,single-operation memory check; not a timing claim
resource-signals-fixed,signals,BenchmarkCompileFullWorkers/tiny/p8,B/op,36464,36520,0.15357612988151637,0.07575757575757576,6,6,36600,-0.21857923497268228,0.5670995670995671,1x,single-operation memory check; not a timing claim
resource-signals-fixed,signals,BenchmarkCompileFullWorkers/tiny/p8,allocs/op,122.5,124,1.2244897959183598,0.0021645021645021645,6,6,124.5,-0.40160642570281624,1,1x,single-operation memory check; not a timing claim
resource-signals-fixed,signals,BenchmarkCompileFull/isa_simd_i32x4,ns/op,1171255,798636.5,-31.81361018736313,0.0021645021645021645,6,6,889121,-10.17684882035178,0.24025974025974026,1x,single-operation memory check; not a timing claim
resource-signals-fixed,signals,BenchmarkCompileFull/isa_simd_i32x4,code-B,35356,35356,0,1,6,6,35356,0,1,1x,single-operation memory check; not a timing claim
resource-signals-fixed,signals,BenchmarkCompileFull/isa_simd_i32x4,B/op,64224,58336,-9.167912306925762,0.0021645021645021645,6,6,58336,0,1,1x,single-operation memory check; not a timing claim
resource-signals-fixed,signals,BenchmarkCompileFull/isa_simd_i32x4,allocs/op,186,188,1.0752688172043001,0.0021645021645021645,6,6,188,0,1,1x,single-operation memory check; not a timing claim
resource-signals-fixed,signals,BenchmarkCompileWorkers/json-as/p2,ns/op,981043.5,694797,-29.177758172802736,0.0021645021645021645,6,6,810128.5,-14.236198331499262,0.09307359307359307,1x,single-operation memory check; not a timing claim
resource-signals-fixed,signals,BenchmarkCompileWorkers/json-as/p2,code-B,57470,57470,0,1,6,6,57470,0,1,1x,single-operation memory check; not a timing claim
resource-signals-fixed,signals,BenchmarkCompileWorkers/json-as/p2,B/op,431208,435560,1.0092577132149616,0.06493506493506493,6,6,436144,-0.13390073003411995,0.6688311688311688,1x,single-operation memory check; not a timing claim
resource-signals-fixed,signals,BenchmarkCompileWorkers/json-as/p2,allocs/op,265,281.5,6.226415094339632,0.0021645021645021645,6,6,280,0.5357142857142838,0.2857142857142857,1x,single-operation memory check; not a timing claim
resource-signals-fixed,signals,BenchmarkCompileFull/isa_simd_i8x16,ns/op,1022822,755436,-26.141987559907786,0.0021645021645021645,6,6,711092.5,6.235967894472227,0.30952380952380953,1x,single-operation memory check; not a timing claim
resource-signals-fixed,signals,BenchmarkCompileFull/isa_simd_i8x16,code-B,23548,23548,0,1,6,6,23548,0,1,1x,single-operation memory check; not a timing claim
resource-signals-fixed,signals,BenchmarkCompileFull/isa_simd_i8x16,B/op,62904,56168,-10.708381025054049,0.0021645021645021645,6,6,56168,0,1,1x,single-operation memory check; not a timing claim
resource-signals-fixed,signals,BenchmarkCompileFull/isa_simd_i8x16,allocs/op,179,181,1.1173184357541999,0.0021645021645021645,6,6,181,0,1,1x,single-operation memory check; not a timing claim
resource-signals-fixed,signals,BenchmarkCompileWorkers/json-as/p4,ns/op,774892.5,538218.5,-30.542817229486673,0.0021645021645021645,6,6,646862.5,-16.795532280817017,0.3939393939393939,1x,single-operation memory check; not a timing claim
resource-signals-fixed,signals,BenchmarkCompileWorkers/json-as/p4,code-B,57470,57470,0,1,6,6,57470,0,1,1x,single-operation memory check; not a timing claim
resource-signals-fixed,signals,BenchmarkCompileWorkers/json-as/p4,B/op,560056,551700,-1.4919936577770798,0.8181818181818182,6,6,571196,-3.4131891679913706,0.09307359307359307,1x,single-operation memory check; not a timing claim
resource-signals-fixed,signals,BenchmarkCompileWorkers/json-as/p4,allocs/op,404,451,11.633663366336645,0.0021645021645021645,6,6,449.5,0.33370411568409697,0.9913419913419913,1x,single-operation memory check; not a timing claim
resource-signals-fixed,signals,BenchmarkCompileFull/isa_simd_f32x4,ns/op,873126,687087.5,-21.307176741959356,0.04112554112554113,6,6,698133,-1.5821483871984232,0.9372294372294372,1x,single-operation memory check; not a timing claim
resource-signals-fixed,signals,BenchmarkCompileFull/isa_simd_f32x4,code-B,17724,17724,0,1,6,6,17724,0,1,1x,single-operation memory check; not a timing claim
resource-signals-fixed,signals,BenchmarkCompileFull/isa_simd_f32x4,B/op,53744,47792,-11.07472462042275,0.0021645021645021645,6,6,47792,0,1,1x,single-operation memory check; not a timing claim
resource-signals-fixed,signals,BenchmarkCompileFull/isa_simd_f32x4,allocs/op,155,157,1.2903225806451646,0.0021645021645021645,6,6,157,0,1,1x,single-operation memory check; not a timing claim
resource-signals-fixed,signals,BenchmarkCompileFull/isa_simd_f64x2,ns/op,1017451.5,747230,-26.55866151850973,0.04112554112554113,6,6,672825.5,11.058513685940863,0.13203463203463203,1x,single-operation memory check; not a timing claim
resource-signals-fixed,signals,BenchmarkCompileFull/isa_simd_f64x2,code-B,17180,17180,0,1,6,6,17180,0,1,1x,single-operation memory check; not a timing claim
resource-signals-fixed,signals,BenchmarkCompileFull/isa_simd_f64x2,B/op,53712,47760,-11.081322609472743,0.0021645021645021645,6,6,47760,0,1,1x,single-operation memory check; not a timing claim
resource-signals-fixed,signals,BenchmarkCompileFull/isa_simd_f64x2,allocs/op,154,156,1.298701298701288,0.0021645021645021645,6,6,156,0,1,1x,single-operation memory check; not a timing claim
resource-signals-fixed,signals,BenchmarkCompileFull/isa_simd_i64x2,ns/op,1002894.5,727002,-27.509623395082926,0.0021645021645021645,6,6,737832.5,-1.4678805826525698,0.8181818181818182,1x,single-operation memory check; not a timing claim
resource-signals-fixed,signals,BenchmarkCompileFull/isa_simd_i64x2,code-B,20828,20828,0,1,6,6,20828,0,1,1x,single-operation memory check; not a timing claim
resource-signals-fixed,signals,BenchmarkCompileFull/isa_simd_i64x2,B/op,52720,46752,-11.320182094081943,0.0021645021645021645,6,6,46752,0,1,1x,single-operation memory check; not a timing claim
resource-signals-fixed,signals,BenchmarkCompileFull/isa_simd_i64x2,allocs/op,149,151,1.342281879194629,0.0021645021645021645,6,6,151,0,1,1x,single-operation memory check; not a timing claim
resource-signals-fixed,signals,BenchmarkCompileWorkers/json-as/p8,ns/op,925038.5,775453,-16.170732353302053,0.24025974025974026,6,6,650604.5,19.18961519632896,0.30952380952380953,1x,single-operation memory check; not a timing claim
resource-signals-fixed,signals,BenchmarkCompileWorkers/json-as/p8,code-B,57470,57470,0,1,6,6,57470,0,1,1x,single-operation memory check; not a timing claim
resource-signals-fixed,signals,BenchmarkCompileWorkers/json-as/p8,B/op,748188,769328,2.825493057894546,0.04112554112554113,6,6,758620,1.4115103741003443,0.8181818181818182,1x,single-operation memory check; not a timing claim
resource-signals-fixed,signals,BenchmarkCompileWorkers/json-as/p8,allocs/op,559.5,700.5,25.201072386058975,0.004329004329004329,6,6,721,-2.843273231622745,0.329004329004329,1x,single-operation memory check; not a timing claim
resource-signals-fixed,signals,BenchmarkCompileFull/many_funcs,ns/op,770965,805850,4.524848728541508,0.3939393939393939,6,6,797584.5,1.0363165282173847,1,1x,single-operation memory check; not a timing claim
resource-signals-fixed,signals,BenchmarkCompileFull/many_funcs,code-B,7817,7817,0,1,6,6,7817,0,1,1x,single-operation memory check; not a timing claim
resource-signals-fixed,signals,BenchmarkCompileFull/many_funcs,B/op,166968,169464,1.4948972258157278,0.0021645021645021645,6,6,169464,0,1,1x,single-operation memory check; not a timing claim
resource-signals-fixed,signals,BenchmarkCompileFull/many_funcs,allocs/op,99,101,2.020202020202011,0.0021645021645021645,6,6,101,0,1,1x,single-operation memory check; not a timing claim
resource-signals-fixed,signals,BenchmarkCompileFullWorkers/many_funcs/p1,ns/op,694246.5,677710,-2.3819349467372186,0.48484848484848486,6,6,750967.5,-9.755082610099642,0.13203463203463203,1x,single-operation memory check; not a timing claim
resource-signals-fixed,signals,BenchmarkCompileFullWorkers/many_funcs/p1,code-B,7817,7817,0,1,6,6,7817,0,1,1x,single-operation memory check; not a timing claim
resource-signals-fixed,signals,BenchmarkCompileFullWorkers/many_funcs/p1,B/op,167112,169608,1.4936090765474752,0.0021645021645021645,6,6,169608,0,1,1x,single-operation memory check; not a timing claim
resource-signals-fixed,signals,BenchmarkCompileFullWorkers/many_funcs/p1,allocs/op,100,102,2.0000000000000018,0.0021645021645021645,6,6,102,0,1,1x,single-operation memory check; not a timing claim
resource-signals-fixed,signals,BenchmarkCompileFull/swar-pack-parse,ns/op,314353.5,301344.5,-4.138334709172953,0.04112554112554113,6,6,323305.5,-6.792646583494555,0.24025974025974026,1x,single-operation memory check; not a timing claim
resource-signals-fixed,signals,BenchmarkCompileFull/swar-pack-parse,code-B,430,430,0,1,6,6,430,0,1,1x,single-operation memory check; not a timing claim
resource-signals-fixed,signals,BenchmarkCompileFull/swar-pack-parse,B/op,41296,29864,-27.683068578070515,0.0021645021645021645,6,6,29864,0,1,1x,single-operation memory check; not a timing claim
resource-signals-fixed,signals,BenchmarkCompileFull/swar-pack-parse,allocs/op,107,109,1.869158878504673,0.0021645021645021645,6,6,109,0,1,1x,single-operation memory check; not a timing claim
resource-signals-fixed,signals,BenchmarkCompileFull/isa_i64,ns/op,734591,566657,-22.860884492186806,0.0021645021645021645,6,6,625533,-9.412133332693884,0.17965367965367965,1x,single-operation memory check; not a timing claim
resource-signals-fixed,signals,BenchmarkCompileFull/isa_i64,code-B,13397,13397,0,1,6,6,13397,0,1,1x,single-operation memory check; not a timing claim
resource-signals-fixed,signals,BenchmarkCompileFull/isa_i64,B/op,52616,52760,0.27368100957883,0.0021645021645021645,6,6,52760,0,1,1x,single-operation memory check; not a timing claim
resource-signals-fixed,signals,BenchmarkCompileFull/isa_i64,allocs/op,151,153,1.324503311258285,0.0021645021645021645,6,6,153,0,1,1x,single-operation memory check; not a timing claim
resource-signals-fixed,signals,BenchmarkCompileFull/isa_i32,ns/op,785487,567884.5,-27.702877323240227,0.0021645021645021645,6,6,599864,-5.331125055012464,0.17965367965367965,1x,single-operation memory check; not a timing claim
resource-signals-fixed,signals,BenchmarkCompileFull/isa_i32,code-B,11317,11317,0,1,6,6,11317,0,1,1x,single-operation memory check; not a timing claim
resource-signals-fixed,signals,BenchmarkCompileFull/isa_i32,B/op,52616,52760,0.27368100957883,0.0021645021645021645,6,6,52760,0,1,1x,single-operation memory check; not a timing claim
resource-signals-fixed,signals,BenchmarkCompileFull/isa_i32,allocs/op,151,153,1.324503311258285,0.0021645021645021645,6,6,153,0,1,1x,single-operation memory check; not a timing claim
resource-signals-fixed,signals,BenchmarkCompileFullWorkers/many_funcs/p2,ns/op,630591.5,667005,5.774499021950019,0.09307359307359307,6,6,720735.5,-7.454954001849501,0.5887445887445888,1x,single-operation memory check; not a timing claim
resource-signals-fixed,signals,BenchmarkCompileFullWorkers/many_funcs/p2,code-B,7817,7817,0,1,6,6,7817,0,1,1x,single-operation memory check; not a timing claim
resource-signals-fixed,signals,BenchmarkCompileFullWorkers/many_funcs/p2,B/op,245632,248112,1.0096404377279766,0.0021645021645021645,6,6,248160,-0.019342359767893225,0.841991341991342,1x,single-operation memory check; not a timing claim
resource-signals-fixed,signals,BenchmarkCompileFullWorkers/many_funcs/p2,allocs/op,137,138.5,1.0948905109489093,0.0021645021645021645,6,6,139,-0.3597122302158251,1,1x,single-operation memory check; not a timing claim
resource-signals-fixed,signals,BenchmarkCompileFull/raytrace,ns/op,798401,593061.5,-25.718843037521243,0.008658008658008658,6,6,633207,-6.340027826603311,0.48484848484848486,1x,single-operation memory check; not a timing claim
resource-signals-fixed,signals,BenchmarkCompileFull/raytrace,code-B,12675,12675,0,1,6,6,12675,0,1,1x,single-operation memory check; not a timing claim
resource-signals-fixed,signals,BenchmarkCompileFull/raytrace,B/op,145376,145456,0.05502971604667284,0.0021645021645021645,6,6,145456,0,1,1x,single-operation memory check; not a timing claim
resource-signals-fixed,signals,BenchmarkCompileFull/raytrace,allocs/op,191,193,1.0471204188481575,0.0021645021645021645,6,6,193,0,1,1x,single-operation memory check; not a timing claim
resource-signals-fixed,signals,BenchmarkCompileFullWorkers/many_funcs/auto,ns/op,608856,620888.5,1.9762472571511092,0.6991341991341992,6,6,605480,2.5448404571579486,0.48484848484848486,1x,single-operation memory check; not a timing claim
resource-signals-fixed,signals,BenchmarkCompileFullWorkers/many_funcs/auto,code-B,7817,7817,0,1,6,6,7817,0,1,1x,single-operation memory check; not a timing claim
resource-signals-fixed,signals,BenchmarkCompileFullWorkers/many_funcs/auto,B/op,296368,298864,0.8421961885223705,0.0021645021645021645,6,6,298864,0,0.974025974025974,1x,single-operation memory check; not a timing claim
resource-signals-fixed,signals,BenchmarkCompileFullWorkers/many_funcs/auto,allocs/op,173,174.5,0.8670520231213841,0.0021645021645021645,6,6,174.5,0,1,1x,single-operation memory check; not a timing claim
resource-signals-fixed,signals,BenchmarkCompileFullWorkers/many_funcs/p4,ns/op,676107,649988.5,-3.8630719693776294,0.6991341991341992,6,6,684452.5,-5.035265412866485,0.5887445887445888,1x,single-operation memory check; not a timing claim
resource-signals-fixed,signals,BenchmarkCompileFullWorkers/many_funcs/p4,code-B,7817,7817,0,1,6,6,7817,0,1,1x,single-operation memory check; not a timing claim
resource-signals-fixed,signals,BenchmarkCompileFullWorkers/many_funcs/p4,B/op,296264,298808,0.8586935976021337,0.0021645021645021645,6,6,298912,-0.03479284873140198,0.5670995670995671,1x,single-operation memory check; not a timing claim
resource-signals-fixed,signals,BenchmarkCompileFullWorkers/many_funcs/p4,allocs/op,172,174,1.1627906976744207,0.0021645021645021645,6,6,175,-0.5714285714285672,0.5670995670995671,1x,single-operation memory check; not a timing claim
resource-signals-fixed,signals,BenchmarkCompileMultiModuleThroughput/json-as/auto,ns/op,1717157.5,1143958.5,-33.38068872540813,0.0021645021645021645,6,6,1155074.5,-0.9623621679813676,0.6991341991341992,1x,single-operation memory check; not a timing claim
resource-signals-fixed,signals,BenchmarkCompileMultiModuleThroughput/json-as/auto,B/op,655448,663340,1.2040619545715225,0.17965367965367965,6,6,666524,-0.47770222827685505,0.30952380952380953,1x,single-operation memory check; not a timing claim
resource-signals-fixed,signals,BenchmarkCompileMultiModuleThroughput/json-as/auto,allocs/op,737,776.5,5.359565807326994,0.0021645021645021645,6,6,782,-0.703324808184147,0.512987012987013,1x,single-operation memory check; not a timing claim
resource-signals-fixed,signals,BenchmarkCompileFull/utf-as,ns/op,679052.5,571941.5,-15.773596297782577,0.0021645021645021645,6,6,560115,2.1114414004266946,0.9372294372294372,1x,single-operation memory check; not a timing claim
resource-signals-fixed,signals,BenchmarkCompileFull/utf-as,code-B,4080,4080,0,1,6,6,4080,0,1,1x,single-operation memory check; not a timing claim
resource-signals-fixed,signals,BenchmarkCompileFull/utf-as,B/op,221048,221128,0.03619123448301842,0.0021645021645021645,6,6,221128,0,1,1x,single-operation memory check; not a timing claim
resource-signals-fixed,signals,BenchmarkCompileFull/utf-as,allocs/op,163,165,1.2269938650306678,0.0021645021645021645,6,6,165,0,1,1x,single-operation memory check; not a timing claim
resource-signals-fixed,signals,BenchmarkCompileFull/qoi,ns/op,598637,560064.5,-6.443387227986241,0.17965367965367965,6,6,544205,2.914251063477913,0.8181818181818182,1x,single-operation memory check; not a timing claim
resource-signals-fixed,signals,BenchmarkCompileFull/qoi,code-B,5119,5119,0,1,6,6,5119,0,1,1x,single-operation memory check; not a timing claim
resource-signals-fixed,signals,BenchmarkCompileFull/qoi,B/op,87416,87528,0.12812299807816174,0.0021645021645021645,6,6,87528,0,1,1x,single-operation memory check; not a timing claim
resource-signals-fixed,signals,BenchmarkCompileFull/qoi,allocs/op,207,209,0.9661835748792313,0.0021645021645021645,6,6,209,0,1,1x,single-operation memory check; not a timing claim
resource-signals-fixed,signals,BenchmarkCompileFull/isa_f64,ns/op,572303,457763,-20.01387376966397,0.0021645021645021645,6,6,472656,-3.150917369080264,0.17965367965367965,1x,single-operation memory check; not a timing claim
resource-signals-fixed,signals,BenchmarkCompileFull/isa_f64,code-B,9104,9104,0,1,6,6,9104,0,1,1x,single-operation memory check; not a timing claim
resource-signals-fixed,signals,BenchmarkCompileFull/isa_f64,B/op,47976,44024,-8.237452059363015,0.0021645021645021645,6,6,44024,0,1,1x,single-operation memory check; not a timing claim
resource-signals-fixed,signals,BenchmarkCompileFull/isa_f64,allocs/op,145,147,1.379310344827589,0.0021645021645021645,6,6,147,0,1,1x,single-operation memory check; not a timing claim
resource-signals-fixed,signals,BenchmarkCompileFull/mandelbrot,ns/op,300753.5,290725,-3.33445828560599,0.5887445887445888,6,6,317024,-8.295586454022407,0.09307359307359307,1x,single-operation memory check; not a timing claim
resource-signals-fixed,signals,BenchmarkCompileFull/mandelbrot,code-B,504,504,0,1,6,6,504,0,1,1x,single-operation memory check; not a timing claim
resource-signals-fixed,signals,BenchmarkCompileFull/mandelbrot,B/op,42720,34608,-18.988764044943817,0.0021645021645021645,6,6,34608,0,1,1x,single-operation memory check; not a timing claim
resource-signals-fixed,signals,BenchmarkCompileFull/mandelbrot,allocs/op,110,112,1.8181818181818077,0.0021645021645021645,6,6,112,0,1,1x,single-operation memory check; not a timing claim
resource-signals-fixed,signals,BenchmarkCompileFull/isa_f32,ns/op,589119,424771,-27.897249961383018,0.004329004329004329,6,6,446171.5,-4.796474001589079,0.5887445887445888,1x,single-operation memory check; not a timing claim
resource-signals-fixed,signals,BenchmarkCompileFull/isa_f32,code-B,8860,8860,0,1,6,6,8860,0,1,1x,single-operation memory check; not a timing claim
resource-signals-fixed,signals,BenchmarkCompileFull/isa_f32,B/op,47976,44024,-8.237452059363015,0.0021645021645021645,6,6,44024,0,1,1x,single-operation memory check; not a timing claim
resource-signals-fixed,signals,BenchmarkCompileFull/isa_f32,allocs/op,145,147,1.379310344827589,0.0021645021645021645,6,6,147,0,1,1x,single-operation memory check; not a timing claim
resource-signals-fixed,signals,BenchmarkCompileFull/lz4,ns/op,614351.5,485354.5,-20.99726296753569,0.0021645021645021645,6,6,513256.5,-5.436268220665497,0.24025974025974026,1x,single-operation memory check; not a timing claim
resource-signals-fixed,signals,BenchmarkCompileFull/lz4,code-B,4912,4912,0,1,6,6,4912,0,1,1x,single-operation memory check; not a timing claim
resource-signals-fixed,signals,BenchmarkCompileFull/lz4,B/op,81912,81992,0.09766578767458345,0.0021645021645021645,6,6,81992,0,1,1x,single-operation memory check; not a timing claim
resource-signals-fixed,signals,BenchmarkCompileFull/lz4,allocs/op,164,166,1.2195121951219523,0.0021645021645021645,6,6,166,0,1,1x,single-operation memory check; not a timing claim
resource-signals-fixed,signals,BenchmarkCompileFull/isa_mem,ns/op,486862.5,428587.5,-11.969498575059689,0.025974025974025976,6,6,432741,-0.9598119891574886,0.8181818181818182,1x,single-operation memory check; not a timing claim
resource-signals-fixed,signals,BenchmarkCompileFull/isa_mem,code-B,3065,3065,0,1,6,6,3065,0,1,1x,single-operation memory check; not a timing claim
resource-signals-fixed,signals,BenchmarkCompileFull/isa_mem,B/op,45184,42480,-5.984419263456086,0.0021645021645021645,6,6,42480,0,1,1x,single-operation memory check; not a timing claim
resource-signals-fixed,signals,BenchmarkCompileFull/isa_mem,allocs/op,124,126,1.6129032258064502,0.0021645021645021645,6,6,126,0,1,1x,single-operation memory check; not a timing claim
resource-signals-fixed,signals,BenchmarkCompileFullWorkers/sqlite3/p8,ns/op,45876272.5,17328793.5,-62.227110975504814,0.0021645021645021645,6,6,17976167.5,-3.6012904307884286,0.30952380952380953,1x,single-operation memory check; not a timing claim
resource-signals-fixed,signals,BenchmarkCompileFullWorkers/sqlite3/p8,code-B,2625865,2625865,0,1,6,6,2625865,0,1,1x,single-operation memory check; not a timing claim
resource-signals-fixed,signals,BenchmarkCompileFullWorkers/sqlite3/p8,B/op,16953528,17051704,0.5790889070404592,0.48484848484848486,6,6,17073432,-0.12726205252698852,0.9372294372294372,1x,single-operation memory check; not a timing claim
resource-signals-fixed,signals,BenchmarkCompileFullWorkers/sqlite3/p8,allocs/op,9825.5,9968.5,1.455396671925091,0.0021645021645021645,6,6,9964.5,0.04014250589592372,0.5606060606060606,1x,single-operation memory check; not a timing claim
resource-signals-fixed,signals,BenchmarkCompileFull/isa_ctl,ns/op,465151.5,417086.5,-10.333192518996503,0.0021645021645021645,6,6,405675.5,2.812839326013039,0.6991341991341992,1x,single-operation memory check; not a timing claim
resource-signals-fixed,signals,BenchmarkCompileFull/isa_ctl,code-B,3890,3890,0,1,6,6,3890,0,1,1x,single-operation memory check; not a timing claim
resource-signals-fixed,signals,BenchmarkCompileFull/isa_ctl,B/op,77056,77152,0.1245847176079673,0.0021645021645021645,6,6,77152,0,1,1x,single-operation memory check; not a timing claim
resource-signals-fixed,signals,BenchmarkCompileFull/isa_ctl,allocs/op,133,135,1.5037593984962516,0.0021645021645021645,6,6,135,0,1,1x,single-operation memory check; not a timing claim
resource-signals-fixed,signals,BenchmarkCompileFull/fannkuch,ns/op,488490.5,426309,-12.729316127949264,0.025974025974025976,6,6,442264,-3.6075737568511124,0.17965367965367965,1x,single-operation memory check; not a timing claim
resource-signals-fixed,signals,BenchmarkCompileFull/fannkuch,code-B,3779,3779,0,1,6,6,3779,0,1,1x,single-operation memory check; not a timing claim
resource-signals-fixed,signals,BenchmarkCompileFull/fannkuch,B/op,82840,82920,0.09657170449057784,0.0021645021645021645,6,6,82920,0,1,1x,single-operation memory check; not a timing claim
resource-signals-fixed,signals,BenchmarkCompileFull/fannkuch,allocs/op,174,176,1.1494252873563315,0.0021645021645021645,6,6,176,0,1,1x,single-operation memory check; not a timing claim
resource-signals-fixed,signals,BenchmarkCompileFull/isa_simd_reduce,ns/op,448555.5,409272,-8.757779137698684,0.0021645021645021645,6,6,408531,0.18138158426166395,1,1x,single-operation memory check; not a timing claim
resource-signals-fixed,signals,BenchmarkCompileFull/isa_simd_reduce,code-B,4594,4594,0,1,6,6,4594,0,1,1x,single-operation memory check; not a timing claim
resource-signals-fixed,signals,BenchmarkCompileFull/isa_simd_reduce,B/op,45200,42496,-5.982300884955749,0.0021645021645021645,6,6,42496,0,1,1x,single-operation memory check; not a timing claim
resource-signals-fixed,signals,BenchmarkCompileFull/isa_simd_reduce,allocs/op,123,125,1.6260162601626105,0.0021645021645021645,6,6,125,0,1,1x,single-operation memory check; not a timing claim
resource-signals-fixed,signals,BenchmarkCompileFull/isa_simd_v128,ns/op,458494,387481,-15.48831609573953,0.004329004329004329,6,6,397330,-2.478795963053382,0.5887445887445888,1x,single-operation memory check; not a timing claim
resource-signals-fixed,signals,BenchmarkCompileFull/isa_simd_v128,code-B,4159,4159,0,1,6,6,4159,0,1,1x,single-operation memory check; not a timing claim
resource-signals-fixed,signals,BenchmarkCompileFull/isa_simd_v128,B/op,43808,43904,0.21913805697588717,0.0021645021645021645,6,6,43904,0,1,1x,single-operation memory check; not a timing claim
resource-signals-fixed,signals,BenchmarkCompileFull/isa_simd_v128,allocs/op,113,115,1.7699115044247815,0.0021645021645021645,6,6,115,0,1,1x,single-operation memory check; not a timing claim
resource-signals-fixed,signals,BenchmarkCompileFull/isa_cvt,ns/op,411005,374697.5,-8.833834138270824,0.13203463203463203,6,6,381395,-1.7560534354147284,0.9372294372294372,1x,single-operation memory check; not a timing claim
resource-signals-fixed,signals,BenchmarkCompileFull/isa_cvt,code-B,5858,5858,0,1,6,6,5858,0,1,1x,single-operation memory check; not a timing claim
resource-signals-fixed,signals,BenchmarkCompileFull/isa_cvt,B/op,38384,35792,-6.752813672363489,0.0021645021645021645,6,6,35792,0,1,1x,single-operation memory check; not a timing claim
resource-signals-fixed,signals,BenchmarkCompileFull/isa_cvt,allocs/op,112,114,1.7857142857142794,0.0021645021645021645,6,6,114,0,1,1x,single-operation memory check; not a timing claim
resource-signals-fixed,signals,BenchmarkCompileFull/nbody,ns/op,415344,403296,-2.9007280711891847,0.48484848484848486,6,6,407678.5,-1.0749892378430603,0.3939393939393939,1x,single-operation memory check; not a timing claim
resource-signals-fixed,signals,BenchmarkCompileFull/nbody,code-B,3503,3503,0,1,6,6,3503,0,1,1x,single-operation memory check; not a timing claim
resource-signals-fixed,signals,BenchmarkCompileFull/nbody,B/op,80280,80360,0.09965122072745913,0.0021645021645021645,6,6,80360,0,1,1x,single-operation memory check; not a timing claim
resource-signals-fixed,signals,BenchmarkCompileFull/nbody,allocs/op,160,162,1.2499999999999956,0.0021645021645021645,6,6,162,0,1,1x,single-operation memory check; not a timing claim
resource-signals-fixed,signals,BenchmarkCompileFull/dispatch,ns/op,279403.5,307496,10.054455294940823,0.24025974025974026,6,6,316928.5,-2.976223343751039,0.13203463203463203,1x,single-operation memory check; not a timing claim
resource-signals-fixed,signals,BenchmarkCompileFull/dispatch,code-B,475,475,0,1,6,6,475,0,1,1x,single-operation memory check; not a timing claim
resource-signals-fixed,signals,BenchmarkCompileFull/dispatch,B/op,43600,43696,0.22018348623853434,0.0021645021645021645,6,6,43696,0,1,1x,single-operation memory check; not a timing claim
resource-signals-fixed,signals,BenchmarkCompileFull/dispatch,allocs/op,136,138,1.4705882352941124,0.0021645021645021645,6,6,138,0,1,1x,single-operation memory check; not a timing claim
resource-signals-fixed,signals,BenchmarkCompileFull/spectralnorm,ns/op,441011.5,389600,-11.657632510716843,0.09307359307359307,6,6,421490,-7.566015801086623,0.06493506493506493,1x,single-operation memory check; not a timing claim
resource-signals-fixed,signals,BenchmarkCompileFull/spectralnorm,code-B,2165,2165,0,1,6,6,2165,0,1,1x,single-operation memory check; not a timing claim
resource-signals-fixed,signals,BenchmarkCompileFull/spectralnorm,B/op,78504,78584,0.10190563538163833,0.0021645021645021645,6,6,78584,0,1,1x,single-operation memory check; not a timing claim
resource-signals-fixed,signals,BenchmarkCompileFull/spectralnorm,allocs/op,159,161,1.2578616352201255,0.0021645021645021645,6,6,161,0,1,1x,single-operation memory check; not a timing claim
resource-signals-fixed,signals,BenchmarkCompileFull/sha256,ns/op,396528.5,397089,0.14135175655722865,0.5887445887445888,6,6,418249,-5.05918723057317,0.13203463203463203,1x,single-operation memory check; not a timing claim
resource-signals-fixed,signals,BenchmarkCompileFull/sha256,code-B,2387,2387,0,1,6,6,2387,0,1,1x,single-operation memory check; not a timing claim
resource-signals-fixed,signals,BenchmarkCompileFull/sha256,B/op,80992,81072,0.09877518767285043,0.0021645021645021645,6,6,81072,0,1,1x,single-operation memory check; not a timing claim
resource-signals-fixed,signals,BenchmarkCompileFull/sha256,allocs/op,165,167,1.21212121212122,0.0021645021645021645,6,6,167,0,1,1x,single-operation memory check; not a timing claim
resource-signals-fixed,signals,BenchmarkCompileFull/quicksort,ns/op,403376,380863.5,-5.581021181230417,0.06493506493506493,6,6,391759,-2.781174140223963,0.3939393939393939,1x,single-operation memory check; not a timing claim
resource-signals-fixed,signals,BenchmarkCompileFull/quicksort,code-B,1735,1735,0,1,6,6,1735,0,1,1x,single-operation memory check; not a timing claim
resource-signals-fixed,signals,BenchmarkCompileFull/quicksort,B/op,51184,51264,0.15629884338856925,0.0021645021645021645,6,6,51264,0,1,1x,single-operation memory check; not a timing claim
resource-signals-fixed,signals,BenchmarkCompileFull/quicksort,allocs/op,186,188,1.0752688172043001,0.0021645021645021645,6,6,188,0,1,1x,single-operation memory check; not a timing claim
resource-signals-fixed,signals,BenchmarkCompileFull/matmul,ns/op,402243.5,381845.5,-5.071057705096537,0.13203463203463203,6,6,381199.5,0.16946507012731704,0.8181818181818182,1x,single-operation memory check; not a timing claim
resource-signals-fixed,signals,BenchmarkCompileFull/matmul,code-B,1758,1758,0,1,6,6,1758,0,1,1x,single-operation memory check; not a timing claim
resource-signals-fixed,signals,BenchmarkCompileFull/matmul,B/op,79176,79256,0.10104071940992831,0.0021645021645021645,6,6,79256,0,1,1x,single-operation memory check; not a timing claim
resource-signals-fixed,signals,BenchmarkCompileFull/matmul,allocs/op,159,161,1.2578616352201255,0.0021645021645021645,6,6,161,0,1,1x,single-operation memory check; not a timing claim
resource-signals-fixed,signals,BenchmarkCompileMultiModuleThroughput/many_funcs/auto,ns/op,595667,672179.5,12.84484451883352,0.06493506493506493,6,6,630356.5,6.6348169646858635,0.9372294372294372,1x,single-operation memory check; not a timing claim
resource-signals-fixed,signals,BenchmarkCompileMultiModuleThroughput/many_funcs/auto,B/op,300992,303416,0.8053370189240905,0.0021645021645021645,6,6,302680,0.2431610942249307,0.6666666666666666,1x,single-operation memory check; not a timing claim
resource-signals-fixed,signals,BenchmarkCompileMultiModuleThroughput/many_funcs/auto,allocs/op,201.5,202.5,0.496277915632759,0.13203463203463203,6,6,201.5,0.496277915632759,0.5844155844155844,1x,single-operation memory check; not a timing claim
resource-signals-fixed,signals,BenchmarkCompileMultiModuleThroughput/many_funcs/p1,ns/op,805199,675921.5,-16.055347808429964,0.17965367965367965,6,6,751674,-10.077839595356497,0.48484848484848486,1x,single-operation memory check; not a timing claim
resource-signals-fixed,signals,BenchmarkCompileMultiModuleThroughput/many_funcs/p1,B/op,171656,174264,1.5193177051777917,0.0021645021645021645,6,6,174264,0,0.5454545454545454,1x,single-operation memory check; not a timing claim
resource-signals-fixed,signals,BenchmarkCompileMultiModuleThroughput/many_funcs/p1,allocs/op,128,131,2.34375,0.0021645021645021645,6,6,131,0,0.5454545454545454,1x,single-operation memory check; not a timing claim
resource-signals-fixed,signals,BenchmarkCompileFull/isa_call,ns/op,315110.5,341189,8.275985725642276,0.6991341991341992,6,6,352079,-3.0930558198586144,0.06493506493506493,1x,single-operation memory check; not a timing claim
resource-signals-fixed,signals,BenchmarkCompileFull/isa_call,code-B,1911,1911,0,1,6,6,1911,0,1,1x,single-operation memory check; not a timing claim
resource-signals-fixed,signals,BenchmarkCompileFull/isa_call,B/op,46608,46696,0.1888087881908751,0.0021645021645021645,6,6,46696,0,1,1x,single-operation memory check; not a timing claim
resource-signals-fixed,signals,BenchmarkCompileFull/isa_call,allocs/op,165,167,1.21212121212122,0.0021645021645021645,6,6,167,0,1,1x,single-operation memory check; not a timing claim
resource-signals-fixed,signals,BenchmarkCompileFull/crc32,ns/op,358902.5,335428.5,-6.540494981227496,0.5887445887445888,6,6,360195.5,-6.875988178641879,0.48484848484848486,1x,single-operation memory check; not a timing claim
resource-signals-fixed,signals,BenchmarkCompileFull/crc32,code-B,962,962,0,1,6,6,962,0,1,1x,single-operation memory check; not a timing claim
resource-signals-fixed,signals,BenchmarkCompileFull/crc32,B/op,45680,45744,0.14010507880910517,0.0021645021645021645,6,6,45744,0,1,1x,single-operation memory check; not a timing claim
resource-signals-fixed,signals,BenchmarkCompileFull/crc32,allocs/op,145,147,1.379310344827589,0.0021645021645021645,6,6,147,0,1,1x,single-operation memory check; not a timing claim
resource-signals-fixed,signals,BenchmarkCompileFull/isa_bulk_mem,ns/op,347531,291992,-15.981020398180302,0.06493506493506493,6,6,347111,-15.879358476107065,0.09307359307359307,1x,single-operation memory check; not a timing claim
resource-signals-fixed,signals,BenchmarkCompileFull/isa_bulk_mem,code-B,3749,3749,0,1,6,6,3749,0,1,1x,single-operation memory check; not a timing claim
resource-signals-fixed,signals,BenchmarkCompileFull/isa_bulk_mem,B/op,30544,30272,-0.8905185961236239,0.0021645021645021645,6,6,30272,0,1,1x,single-operation memory check; not a timing claim
resource-signals-fixed,signals,BenchmarkCompileFull/isa_bulk_mem,allocs/op,121,123,1.6528925619834656,0.0021645021645021645,6,6,123,0,1,1x,single-operation memory check; not a timing claim
resource-signals-fixed,signals,BenchmarkCompileWorkers/sqlite3/p4,ns/op,26047719.5,15317494.5,-41.19448921430531,0.0021645021645021645,6,6,15139742,1.1740787920956564,0.6991341991341992,1x,single-operation memory check; not a timing claim
resource-signals-fixed,signals,BenchmarkCompileWorkers/sqlite3/p4,code-B,3634105,3634105,0,1,6,6,3634105,0,1,1x,single-operation memory check; not a timing claim
resource-signals-fixed,signals,BenchmarkCompileWorkers/sqlite3/p4,B/op,14111292,13938484,-1.2246079239236263,0.3939393939393939,6,6,14089508,-1.0718898062302862,0.9372294372294372,1x,single-operation memory check; not a timing claim
resource-signals-fixed,signals,BenchmarkCompileWorkers/sqlite3/p4,allocs/op,3570.5,3609,1.0782803528917473,0.015151515151515152,6,6,3620,-0.3038674033149169,0.5043290043290043,1x,single-operation memory check; not a timing claim
resource-signals-fixed,signals,BenchmarkCompileFull/sieve,ns/op,297677.5,287253.5,-3.501776251144273,0.45670995670995673,6,6,299707,-4.155224936354507,0.1645021645021645,1x,single-operation memory check; not a timing claim
resource-signals-fixed,signals,BenchmarkCompileFull/sieve,code-B,260,260,0,1,6,6,260,0,1,1x,single-operation memory check; not a timing claim
resource-signals-fixed,signals,BenchmarkCompileFull/sieve,B/op,33536,30272,-9.732824427480914,0.0021645021645021645,6,6,30272,0,1,1x,single-operation memory check; not a timing claim
resource-signals-fixed,signals,BenchmarkCompileFull/sieve,allocs/op,104,106,1.9230769230769162,0.0021645021645021645,6,6,106,0,1,1x,single-operation memory check; not a timing claim
resource-signals-fixed,signals,BenchmarkCompileFull/isa_var,ns/op,325039,317545,-2.3055694855078968,0.6991341991341992,6,6,316213,0.42123505358728774,0.8181818181818182,1x,single-operation memory check; not a timing claim
resource-signals-fixed,signals,BenchmarkCompileFull/isa_var,code-B,546,546,0,1,6,6,546,0,1,1x,single-operation memory check; not a timing claim
resource-signals-fixed,signals,BenchmarkCompileFull/isa_var,B/op,39968,39280,-1.7213771016813428,0.0021645021645021645,6,6,39280,0,1,1x,single-operation memory check; not a timing claim
resource-signals-fixed,signals,BenchmarkCompileFull/isa_var,allocs/op,109,111,1.83486238532109,0.0021645021645021645,6,6,111,0,1,1x,single-operation memory check; not a timing claim
resource-signals-fixed,signals,BenchmarkCompileFull/linked_list,ns/op,283446,291801.5,2.947827804943448,0.9372294372294372,6,6,307907.5,-5.230791715044292,0.09307359307359307,1x,single-operation memory check; not a timing claim
resource-signals-fixed,signals,BenchmarkCompileFull/linked_list,code-B,199,199,0,1,6,6,199,0,1,1x,single-operation memory check; not a timing claim
resource-signals-fixed,signals,BenchmarkCompileFull/linked_list,B/op,29888,28032,-6.209850107066384,0.0021645021645021645,6,6,28032,0,1,1x,single-operation memory check; not a timing claim
resource-signals-fixed,signals,BenchmarkCompileFull/linked_list,allocs/op,103,105,1.9417475728155331,0.0021645021645021645,6,6,105,0,1,1x,single-operation memory check; not a timing claim
resource-signals-warm,signals,BenchmarkCompileFullWorkers/json-as/p2,ns/op,1319904,829116.5,-37.18357547215555,7.39602301050679e-7,12,12,821672,0.9060184599207544,0.10053044277031355,500ms,warm resource diagnostic; separate from full suite
resource-signals-warm,signals,BenchmarkCompileFullWorkers/json-as/p2,code-B,55821,55821,0,1,12,12,55821,0,1,500ms,warm resource diagnostic; separate from full suite
resource-signals-warm,signals,BenchmarkCompileFullWorkers/json-as/p2,B/op,511510,516971.5,1.0677210611718335,7.39602301050679e-7,12,12,516971,0.00009671722398518767,0.6294518511505993,500ms,warm resource diagnostic; separate from full suite
resource-signals-warm,signals,BenchmarkCompileFullWorkers/json-as/p2,allocs/op,536,559,4.291044776119413,7.39602301050679e-7,12,12,559,0,1,500ms,warm resource diagnostic; separate from full suite
resource-signals-warm,signals,BenchmarkCompileFullWorkers/json-as/auto,ns/op,1139435.5,640794.5,-43.76210851777043,7.39602301050679e-7,12,12,653225,-1.9029430900531996,0.10053044277031355,500ms,warm resource diagnostic; separate from full suite
resource-signals-warm,signals,BenchmarkCompileFullWorkers/json-as/auto,code-B,55821,55821,0,1,12,12,55821,0,1,500ms,warm resource diagnostic; separate from full suite
resource-signals-warm,signals,BenchmarkCompileFullWorkers/json-as/auto,B/op,632771.5,640207.5,1.1751477429056134,7.39602301050679e-7,12,12,640158.5,0.007654354351305237,0.551167166391288,500ms,warm resource diagnostic; separate from full suite
resource-signals-warm,signals,BenchmarkCompileFullWorkers/json-as/auto,allocs/op,679,720,6.038291605301915,7.39602301050679e-7,12,12,720,0,1,500ms,warm resource diagnostic; separate from full suite
resource-signals-warm,signals,BenchmarkCompileMultiModuleThroughput/many_funcs/p1,ns/op,83328,75185.5,-9.771625384024574,7.39602301050679e-7,12,12,77026,-2.389452912003742,0.05965706120504882,500ms,warm resource diagnostic; separate from full suite
resource-signals-warm,signals,BenchmarkCompileMultiModuleThroughput/many_funcs/p1,B/op,158886,161381,1.5703082713391936,7.39602301050679e-7,12,12,161382,-0.0006196477921993626,0.05656996120046329,500ms,warm resource diagnostic; separate from full suite
resource-signals-warm,signals,BenchmarkCompileMultiModuleThroughput/many_funcs/p1,allocs/op,82,84,2.4390243902439046,7.39602301050679e-7,12,12,84,0,1,500ms,warm resource diagnostic; separate from full suite
resource-signals-warm,signals,BenchmarkCompileFullWorkers/json-as/p4,ns/op,1147716,651700,-43.21766011800828,7.39602301050679e-7,12,12,665151.5,-2.0223212305767957,0.551167166391288,500ms,warm resource diagnostic; separate from full suite
resource-signals-warm,signals,BenchmarkCompileFullWorkers/json-as/p4,code-B,55821,55821,0,1,12,12,55821,0,1,500ms,warm resource diagnostic; separate from full suite
resource-signals-warm,signals,BenchmarkCompileFullWorkers/json-as/p4,B/op,632722.5,639477.5,1.0676086277949581,7.39602301050679e-7,12,12,639611.5,-0.020950217436677132,0.7440140287764463,500ms,warm resource diagnostic; separate from full suite
resource-signals-warm,signals,BenchmarkCompileFullWorkers/json-as/p4,allocs/op,678,720,6.194690265486735,7.39602301050679e-7,12,12,720,0,0.6900948022229487,500ms,warm resource diagnostic; separate from full suite
resource-signals-warm,signals,BenchmarkCompileFullWorkers/json-as/p8,ns/op,1164528.5,597658.5,-48.678070137398954,7.39602301050679e-7,12,12,607269.5,-1.5826581114315785,0.34735791869995664,500ms,warm resource diagnostic; separate from full suite
resource-signals-warm,signals,BenchmarkCompileFullWorkers/json-as/p8,code-B,55821,55821,0,1,12,12,55821,0,1,500ms,warm resource diagnostic; separate from full suite
resource-signals-warm,signals,BenchmarkCompileFullWorkers/json-as/p8,B/op,832098,843652.5,1.3885984583546618,7.39602301050679e-7,12,12,843677.5,-0.0029632175801763694,0.8428359902313328,500ms,warm resource diagnostic; separate from full suite
resource-signals-warm,signals,BenchmarkCompileFullWorkers/json-as/p8,allocs/op,912,978,7.236842105263164,7.39602301050679e-7,12,12,978,0,0.3167701863354037,500ms,warm resource diagnostic; separate from full suite
resource-signals-warm,signals,BenchmarkCompileWorkers/json-as/p4,ns/op,508566,344163,-32.32677764537936,7.39602301050679e-7,12,12,338114.5,1.7888910413484282,0.3185851703821821,500ms,warm resource diagnostic; separate from full suite
resource-signals-warm,signals,BenchmarkCompileWorkers/json-as/p4,code-B,57470,57470,0,1,12,12,57470,0,1,500ms,warm resource diagnostic; separate from full suite
resource-signals-warm,signals,BenchmarkCompileWorkers/json-as/p4,B/op,551465.5,557812,1.150842618441228,7.39602301050679e-7,12,12,557809.5,0.00044818168210003506,0.5137225810936943,500ms,warm resource diagnostic; separate from full suite
resource-signals-warm,signals,BenchmarkCompileWorkers/json-as/p4,allocs/op,403,442,9.677419354838701,7.39602301050679e-7,12,12,442,0,0.39143895544487817,500ms,warm resource diagnostic; separate from full suite
resource-signals-warm,signals,BenchmarkCompileWorkers/json-as/p8,ns/op,507736.5,334798,-34.060679112098505,7.39602301050679e-7,12,12,331446.5,1.0111737490062556,0.1978081146206062,500ms,warm resource diagnostic; separate from full suite
resource-signals-warm,signals,BenchmarkCompileWorkers/json-as/p8,code-B,57470,57470,0,1,12,12,57470,0,1,500ms,warm resource diagnostic; separate from full suite
resource-signals-warm,signals,BenchmarkCompileWorkers/json-as/p8,B/op,749223,758436.5,1.2297406780090947,7.39602301050679e-7,12,12,758458.5,-0.0029006201394010667,0.7552848282421576,500ms,warm resource diagnostic; separate from full suite
resource-signals-warm,signals,BenchmarkCompileWorkers/json-as/p8,allocs/op,629,691,9.856915739268679,7.39602301050679e-7,12,12,691,0,0.7639966037462336,500ms,warm resource diagnostic; separate from full suite
resource-signals-warm,signals,BenchmarkCompileFull/many_funcs,ns/op,436888,400726,-8.277178590393873,7.39602301050679e-7,12,12,411847,-2.7002746165444957,0.000495533541703955,500ms,warm resource diagnostic; separate from full suite
resource-signals-warm,signals,BenchmarkCompileFull/many_funcs,code-B,7817,7817,0,1,12,12,7817,0,1,500ms,warm resource diagnostic; separate from full suite
resource-signals-warm,signals,BenchmarkCompileFull/many_funcs,B/op,159042,161536,1.5681392336615474,7.39602301050679e-7,12,12,161537,-0.0006190532200078813,0.37938195873315,500ms,warm resource diagnostic; separate from full suite
resource-signals-warm,signals,BenchmarkCompileFull/many_funcs,allocs/op,83,85,2.4096385542168752,7.39602301050679e-7,12,12,85,0,1,500ms,warm resource diagnostic; separate from full suite
resource-signals-warm,signals,BenchmarkCompileFullWorkers/many_funcs/p1,ns/op,433319,395788,-8.661286488706931,7.39602301050679e-7,12,12,405579.5,-2.414199928743932,7.39602301050679e-7,500ms,warm resource diagnostic; separate from full suite
resource-signals-warm,signals,BenchmarkCompileFullWorkers/many_funcs/p1,code-B,7817,7817,0,1,12,12,7817,0,1,500ms,warm resource diagnostic; separate from full suite
resource-signals-warm,signals,BenchmarkCompileFullWorkers/many_funcs/p1,B/op,158898,161392,1.5695603468891983,7.39602301050679e-7,12,12,161393,-0.0006196055591045635,0.041257235159510026,500ms,warm resource diagnostic; separate from full suite
resource-signals-warm,signals,BenchmarkCompileFullWorkers/many_funcs/p1,allocs/op,82,84,2.4390243902439046,7.39602301050679e-7,12,12,84,0,1,500ms,warm resource diagnostic; separate from full suite
resource-signals-warm,signals,BenchmarkCompileFullWorkers/many_funcs/p2,ns/op,371475.5,326389.5,-12.137004997637801,7.39602301050679e-7,12,12,326666.5,-0.08479596163059044,0.9774021912936975,500ms,warm resource diagnostic; separate from full suite
resource-signals-warm,signals,BenchmarkCompileFullWorkers/many_funcs/p2,code-B,7817,7817,0,1,12,12,7817,0,1,500ms,warm resource diagnostic; separate from full suite
resource-signals-warm,signals,BenchmarkCompileFullWorkers/many_funcs/p2,B/op,235900,238431.5,1.0731242051716938,7.39602301050679e-7,12,12,238436,-0.0018872988978180238,0.541256495557209,500ms,warm resource diagnostic; separate from full suite
resource-signals-warm,signals,BenchmarkCompileFullWorkers/many_funcs/p2,allocs/op,115,117,1.7391304347825987,7.39602301050679e-7,12,12,117,0,1,500ms,warm resource diagnostic; separate from full suite
resource-signals-warm,signals,BenchmarkCompileMultiModuleThroughput/json-as/auto,ns/op,301819.5,222369.5,-26.323680212842447,7.39602301050679e-7,12,12,217257,2.3532038093133867,0.3185851703821821,500ms,warm resource diagnostic; separate from full suite
resource-signals-warm,signals,BenchmarkCompileMultiModuleThroughput/json-as/auto,B/op,631583.5,639948.5,1.324448786265009,7.39602301050679e-7,12,12,639896.5,0.008126314177370197,0.8428359902313328,500ms,warm resource diagnostic; separate from full suite
resource-signals-warm,signals,BenchmarkCompileMultiModuleThroughput/json-as/auto,allocs/op,497,525,5.633802816901401,7.39602301050679e-7,12,12,525,0,0.27834932600042306,500ms,warm resource diagnostic; separate from full suite
