file,benchmark,ns/op,B/op,allocs/op,code-B,calls/batch
helpers-block1-1-B.txt,SharingNative/small,10364.0,8248.0,21.0,,
helpers-block1-1-B.txt,SharingNative/pressure,28215.0,19488.0,18.0,,
helpers-block1-1-B.txt,SharingNative/join,12442.0,10152.0,26.0,,
helpers-block1-1-B.txt,SharingNative/large,236750.0,228544.0,24.0,,
helpers-block1-1-B.txt,SharingNative/deep,15419.0,11504.0,22.0,,
helpers-block1-1-B.txt,SharingNative/locals,39190.0,29192.0,21.0,,
helpers-block1-1-B.txt,SharingNative/many,655171.0,50600.0,24.0,,
helpers-block1-1-B.txt,SharingNative/large_then_small,911696.0,275320.0,30.0,,
helpers-block1-1-B.txt,SharingNative/fallback,10898.0,8248.0,21.0,,
helpers-block1-1-B.txt,SharingFull/small,12769.0,15776.0,74.0,,
helpers-block1-1-B.txt,SharingFull/pressure,45220.0,31449.0,75.0,,
helpers-block1-1-B.txt,SharingFull/join,13969.0,17688.0,80.0,,
helpers-block1-1-B.txt,SharingFull/large,305863.0,315927.0,87.0,,
helpers-block1-1-B.txt,SharingFull/deep,20380.0,24961.0,83.0,,
helpers-block1-1-B.txt,SharingFull/locals,49468.0,41242.0,73.0,,
helpers-block1-1-B.txt,SharingFull/many,861128.0,243900.0,588.0,,
helpers-block1-1-B.txt,SharingFull/large_then_small,1187398.0,514235.0,595.0,,
helpers-block1-1-B.txt,SharingFull/fallback,10208.0,15776.0,74.0,,
helpers-block1-1-B.txt,SharingExec/small,15.89,0.0,0.0,,
helpers-block1-1-B.txt,SharingExec/pressure,48.84,0.0,0.0,,
helpers-block1-1-B.txt,SharingExec/join,16.11,0.0,0.0,,
helpers-block1-1-B.txt,SharingExec/large,258.2,0.0,0.0,,
helpers-block1-1-B.txt,SharingExec/deep,15.82,0.0,0.0,,
helpers-block1-1-B.txt,SharingExec/locals,86.79,0.0,0.0,,
helpers-block1-1-B.txt,SharingExec/many,15.81,0.0,0.0,,
helpers-block1-1-B.txt,SharingExec/large_then_small,256.6,0.0,0.0,,
helpers-block1-1-B.txt,SharingExec/fallback,16.36,0.0,0.0,,
helpers-block1-1-B.txt,SharingZeroLocals/1,12211.0,8216.0,20.0,,
helpers-block1-1-B.txt,SharingZeroLocals/8,12869.0,8360.0,22.0,,
helpers-block1-1-B.txt,SharingZeroLocals/64,13128.0,9064.0,19.0,,
helpers-block1-1-B.txt,SharingZeroLocals/256,18701.0,14569.0,16.0,,
helpers-block1-1-B.txt,Compile/tiny,13440.0,8344.0,22.0,,
helpers-block1-1-B.txt,Compile/fib_rec,24132.0,26792.0,50.0,,
helpers-block1-1-B.txt,Compile/many_funcs,425922.0,69272.0,31.0,,
helpers-block1-1-B.txt,Compile/json-as,1187533.0,134624.0,125.0,,
helpers-block1-1-B.txt,Compile/xxhash,114192.0,65720.0,58.0,,
helpers-block1-1-B.txt,CompileFull/tiny,16390.0,18416.0,91.0,96.0,
helpers-block1-1-B.txt,CompileFull/fib_rec,25349.0,35497.0,107.0,320.0,
helpers-block1-1-B.txt,CompileFull/many_funcs,584653.0,179337.0,85.0,7771.0,
helpers-block1-1-B.txt,CompileFull/json-as,1874036.0,309674.0,399.0,67398.0,
helpers-block1-1-B.txt,CompileFull/xxhash,147294.0,107228.0,146.0,3301.0,
helpers-block1-1-B.txt,Exec/tiny.add,15.35,,,,134374.0
helpers-block1-1-B.txt,Exec/fib_rec.fib,694522.0,,,,3.0
helpers-block1-1-B.txt,Exec/many_funcs.run,20.62,,,,130812.0
helpers-block1-1-B.txt,Exec/json-as.serializeN,22554.0,,,,99.0
helpers-block1-1-B.txt,Exec/json-as.deserializeN,41919.0,,,,61.0
helpers-block1-1-B.txt,Exec/xxhash.xxhash_run,125910.0,,,,16.0
helpers-block1-2-F.txt,SharingNative/small,9583.0,7536.0,20.0,,
helpers-block1-2-F.txt,SharingNative/pressure,20384.0,10072.0,23.0,,
helpers-block1-2-F.txt,SharingNative/join,10391.0,7936.0,21.0,,
helpers-block1-2-F.txt,SharingNative/large,132184.0,9416.0,18.0,,
helpers-block1-2-F.txt,SharingNative/deep,11690.0,8496.0,21.0,,
helpers-block1-2-F.txt,SharingNative/locals,21135.0,14160.0,22.0,,
helpers-block1-2-F.txt,SharingNative/many,554208.0,49888.0,23.0,,
helpers-block1-2-F.txt,SharingNative/large_then_small,668568.0,56192.0,24.0,,
helpers-block1-2-F.txt,SharingNative/fallback,10298.0,8504.0,21.0,,
helpers-block1-2-F.txt,SharingFull/small,9988.0,15064.0,73.0,,
helpers-block1-2-F.txt,SharingFull/pressure,27261.0,22033.0,80.0,,
helpers-block1-2-F.txt,SharingFull/join,10724.0,15472.0,75.0,,
helpers-block1-2-F.txt,SharingFull/large,240058.0,95523.0,81.0,,
helpers-block1-2-F.txt,SharingFull/deep,13207.0,21953.0,82.0,,
helpers-block1-2-F.txt,SharingFull/locals,31197.0,26217.0,74.0,,
helpers-block1-2-F.txt,SharingFull/many,764352.0,243187.0,587.0,,
helpers-block1-2-F.txt,SharingFull/large_then_small,1037384.0,295103.0,589.0,,
helpers-block1-2-F.txt,SharingFull/fallback,10704.0,16032.0,74.0,,
helpers-block1-2-F.txt,SharingExec/small,15.76,0.0,0.0,,
helpers-block1-2-F.txt,SharingExec/pressure,47.53,0.0,0.0,,
helpers-block1-2-F.txt,SharingExec/join,18.6,0.0,0.0,,
helpers-block1-2-F.txt,SharingExec/large,258.8,0.0,0.0,,
helpers-block1-2-F.txt,SharingExec/deep,15.63,0.0,0.0,,
helpers-block1-2-F.txt,SharingExec/locals,40.72,0.0,0.0,,
helpers-block1-2-F.txt,SharingExec/many,18.44,0.0,0.0,,
helpers-block1-2-F.txt,SharingExec/large_then_small,275.7,0.0,0.0,,
helpers-block1-2-F.txt,SharingExec/fallback,16.63,0.0,0.0,,
helpers-block1-2-F.txt,SharingZeroLocals/1,11378.0,7416.0,20.0,,
helpers-block1-2-F.txt,SharingZeroLocals/8,11112.0,7544.0,20.0,,
helpers-block1-2-F.txt,SharingZeroLocals/64,13137.0,8520.0,17.0,,
helpers-block1-2-F.txt,SharingZeroLocals/256,15615.0,11976.0,17.0,,
helpers-block1-2-F.txt,Compile/tiny,14404.0,8672.0,24.0,,
helpers-block1-2-F.txt,Compile/fib_rec,23717.0,27048.0,50.0,,
helpers-block1-2-F.txt,Compile/many_funcs,386242.0,69680.0,35.0,,
helpers-block1-2-F.txt,Compile/json-as,1157856.0,134880.0,125.0,,
helpers-block1-2-F.txt,Compile/xxhash,116222.0,65976.0,58.0,,
helpers-block1-2-F.txt,CompileFull/tiny,17293.0,18752.0,93.0,96.0,
helpers-block1-2-F.txt,CompileFull/fib_rec,25120.0,35753.0,107.0,320.0,
helpers-block1-2-F.txt,CompileFull/many_funcs,530911.0,179745.0,89.0,8363.0,
helpers-block1-2-F.txt,CompileFull/json-as,1873084.0,309930.0,399.0,67398.0,
helpers-block1-2-F.txt,CompileFull/xxhash,151415.0,107500.0,146.0,3301.0,
helpers-block1-2-F.txt,Exec/tiny.add,15.45,,,,129764.0
helpers-block1-2-F.txt,Exec/fib_rec.fib,709857.0,,,,3.0
helpers-block1-2-F.txt,Exec/many_funcs.run,15.55,,,,130190.0
helpers-block1-2-F.txt,Exec/json-as.serializeN,23184.0,,,,93.0
helpers-block1-2-F.txt,Exec/json-as.deserializeN,42986.0,,,,57.0
helpers-block1-2-F.txt,Exec/xxhash.xxhash_run,127271.0,,,,15.0
helpers-block1-3-F.txt,SharingNative/small,10446.0,7536.0,20.0,,
helpers-block1-3-F.txt,SharingNative/pressure,21611.0,10072.0,23.0,,
helpers-block1-3-F.txt,SharingNative/join,10888.0,7936.0,21.0,,
helpers-block1-3-F.txt,SharingNative/large,133198.0,9416.0,18.0,,
helpers-block1-3-F.txt,SharingNative/deep,11025.0,8496.0,21.0,,
helpers-block1-3-F.txt,SharingNative/locals,21347.0,14160.0,22.0,,
helpers-block1-3-F.txt,SharingNative/many,573556.0,49888.0,23.0,,
helpers-block1-3-F.txt,SharingNative/large_then_small,672296.0,56192.0,24.0,,
helpers-block1-3-F.txt,SharingNative/fallback,10160.0,8504.0,21.0,,
helpers-block1-3-F.txt,SharingFull/small,9916.0,15064.0,73.0,,
helpers-block1-3-F.txt,SharingFull/pressure,28223.0,22033.0,80.0,,
helpers-block1-3-F.txt,SharingFull/join,10976.0,15472.0,75.0,,
helpers-block1-3-F.txt,SharingFull/large,244356.0,95523.0,81.0,,
helpers-block1-3-F.txt,SharingFull/deep,13808.0,21953.0,82.0,,
helpers-block1-3-F.txt,SharingFull/locals,32140.0,26217.0,74.0,,
helpers-block1-3-F.txt,SharingFull/many,778717.0,243188.0,587.0,,
helpers-block1-3-F.txt,SharingFull/large_then_small,1028645.0,295103.0,589.0,,
helpers-block1-3-F.txt,SharingFull/fallback,11133.0,16032.0,74.0,,
helpers-block1-3-F.txt,SharingExec/small,16.68,0.0,0.0,,
helpers-block1-3-F.txt,SharingExec/pressure,49.44,0.0,0.0,,
helpers-block1-3-F.txt,SharingExec/join,16.65,0.0,0.0,,
helpers-block1-3-F.txt,SharingExec/large,260.0,0.0,0.0,,
helpers-block1-3-F.txt,SharingExec/deep,16.04,0.0,0.0,,
helpers-block1-3-F.txt,SharingExec/locals,42.2,0.0,0.0,,
helpers-block1-3-F.txt,SharingExec/many,16.51,0.0,0.0,,
helpers-block1-3-F.txt,SharingExec/large_then_small,280.9,0.0,0.0,,
helpers-block1-3-F.txt,SharingExec/fallback,16.43,0.0,0.0,,
helpers-block1-3-F.txt,SharingZeroLocals/1,12030.0,7416.0,20.0,,
helpers-block1-3-F.txt,SharingZeroLocals/8,12100.0,7544.0,20.0,,
helpers-block1-3-F.txt,SharingZeroLocals/64,14417.0,8520.0,17.0,,
helpers-block1-3-F.txt,SharingZeroLocals/256,21340.0,11976.0,17.0,,
helpers-block1-3-F.txt,Compile/tiny,14235.0,8672.0,24.0,,
helpers-block1-3-F.txt,Compile/fib_rec,26188.0,27048.0,50.0,,
helpers-block1-3-F.txt,Compile/many_funcs,389609.0,69680.0,35.0,,
helpers-block1-3-F.txt,Compile/json-as,1247009.0,134880.0,125.0,,
helpers-block1-3-F.txt,Compile/xxhash,122549.0,65976.0,58.0,,
helpers-block1-3-F.txt,CompileFull/tiny,19469.0,18752.0,93.0,96.0,
helpers-block1-3-F.txt,CompileFull/fib_rec,25514.0,35753.0,107.0,320.0,
helpers-block1-3-F.txt,CompileFull/many_funcs,533869.0,179745.0,89.0,8363.0,
helpers-block1-3-F.txt,CompileFull/json-as,1801636.0,309930.0,399.0,67398.0,
helpers-block1-3-F.txt,CompileFull/xxhash,149412.0,107500.0,146.0,3301.0,
helpers-block1-3-F.txt,Exec/tiny.add,15.45,,,,131879.0
helpers-block1-3-F.txt,Exec/fib_rec.fib,694699.0,,,,3.0
helpers-block1-3-F.txt,Exec/many_funcs.run,15.41,,,,132748.0
helpers-block1-3-F.txt,Exec/json-as.serializeN,22815.0,,,,90.0
helpers-block1-3-F.txt,Exec/json-as.deserializeN,41695.0,,,,57.0
helpers-block1-3-F.txt,Exec/xxhash.xxhash_run,124294.0,,,,16.0
helpers-block1-4-B.txt,SharingNative/small,11919.0,8248.0,21.0,,
helpers-block1-4-B.txt,SharingNative/pressure,29996.0,19488.0,18.0,,
helpers-block1-4-B.txt,SharingNative/join,13409.0,10152.0,26.0,,
helpers-block1-4-B.txt,SharingNative/large,218163.0,228544.0,24.0,,
helpers-block1-4-B.txt,SharingNative/deep,16753.0,11504.0,22.0,,
helpers-block1-4-B.txt,SharingNative/locals,34528.0,29192.0,21.0,,
helpers-block1-4-B.txt,SharingNative/many,621273.0,50600.0,24.0,,
helpers-block1-4-B.txt,SharingNative/large_then_small,872026.0,275320.0,30.0,,
helpers-block1-4-B.txt,SharingNative/fallback,13470.0,8248.0,21.0,,
helpers-block1-4-B.txt,SharingFull/small,11043.0,15776.0,74.0,,
helpers-block1-4-B.txt,SharingFull/pressure,34577.0,31449.0,75.0,,
helpers-block1-4-B.txt,SharingFull/join,12349.0,17688.0,80.0,,
helpers-block1-4-B.txt,SharingFull/large,277278.0,315927.0,87.0,,
helpers-block1-4-B.txt,SharingFull/deep,16469.0,24961.0,83.0,,
helpers-block1-4-B.txt,SharingFull/locals,46284.0,41242.0,73.0,,
helpers-block1-4-B.txt,SharingFull/many,844059.0,243900.0,588.0,,
helpers-block1-4-B.txt,SharingFull/large_then_small,1164508.0,514235.0,595.0,,
helpers-block1-4-B.txt,SharingFull/fallback,10549.0,15776.0,74.0,,
helpers-block1-4-B.txt,SharingExec/small,15.59,0.0,0.0,,
helpers-block1-4-B.txt,SharingExec/pressure,47.99,0.0,0.0,,
helpers-block1-4-B.txt,SharingExec/join,15.81,0.0,0.0,,
helpers-block1-4-B.txt,SharingExec/large,252.8,0.0,0.0,,
helpers-block1-4-B.txt,SharingExec/deep,15.75,0.0,0.0,,
helpers-block1-4-B.txt,SharingExec/locals,88.6,0.0,0.0,,
helpers-block1-4-B.txt,SharingExec/many,16.13,0.0,0.0,,
helpers-block1-4-B.txt,SharingExec/large_then_small,254.3,0.0,0.0,,
helpers-block1-4-B.txt,SharingExec/fallback,16.34,0.0,0.0,,
helpers-block1-4-B.txt,SharingZeroLocals/1,12355.0,8216.0,20.0,,
helpers-block1-4-B.txt,SharingZeroLocals/8,12001.0,8360.0,22.0,,
helpers-block1-4-B.txt,SharingZeroLocals/64,13212.0,9064.0,19.0,,
helpers-block1-4-B.txt,SharingZeroLocals/256,16600.0,14569.0,16.0,,
helpers-block1-4-B.txt,Compile/tiny,12862.0,8344.0,22.0,,
helpers-block1-4-B.txt,Compile/fib_rec,23157.0,26792.0,50.0,,
helpers-block1-4-B.txt,Compile/many_funcs,418794.0,69272.0,31.0,,
helpers-block1-4-B.txt,Compile/json-as,1187131.0,134624.0,125.0,,
helpers-block1-4-B.txt,Compile/xxhash,118638.0,65720.0,58.0,,
helpers-block1-4-B.txt,CompileFull/tiny,25191.0,18416.0,91.0,96.0,
helpers-block1-4-B.txt,CompileFull/fib_rec,24273.0,35497.0,107.0,320.0,
helpers-block1-4-B.txt,CompileFull/many_funcs,620183.0,179337.0,85.0,7771.0,
helpers-block1-4-B.txt,CompileFull/json-as,2047251.0,309672.0,399.0,67398.0,
helpers-block1-4-B.txt,CompileFull/xxhash,149641.0,107228.0,146.0,3301.0,
helpers-block1-4-B.txt,Exec/tiny.add,15.54,,,,128934.0
helpers-block1-4-B.txt,Exec/fib_rec.fib,700364.0,,,,3.0
helpers-block1-4-B.txt,Exec/many_funcs.run,15.73,,,,127663.0
helpers-block1-4-B.txt,Exec/json-as.serializeN,23766.0,,,,94.0
helpers-block1-4-B.txt,Exec/json-as.deserializeN,42397.0,,,,57.0
helpers-block1-4-B.txt,Exec/xxhash.xxhash_run,129681.0,,,,17.0
helpers-block2-1-B.txt,SharingNative/small,10772.0,8248.0,21.0,,
helpers-block2-1-B.txt,SharingNative/pressure,28690.0,19488.0,18.0,,
helpers-block2-1-B.txt,SharingNative/join,11545.0,10152.0,26.0,,
helpers-block2-1-B.txt,SharingNative/large,209246.0,228544.0,24.0,,
helpers-block2-1-B.txt,SharingNative/deep,13913.0,11504.0,22.0,,
helpers-block2-1-B.txt,SharingNative/locals,39394.0,29192.0,21.0,,
helpers-block2-1-B.txt,SharingNative/many,630236.0,50600.0,24.0,,
helpers-block2-1-B.txt,SharingNative/large_then_small,879633.0,275320.0,30.0,,
helpers-block2-1-B.txt,SharingNative/fallback,11407.0,8248.0,21.0,,
helpers-block2-1-B.txt,SharingFull/small,12786.0,15776.0,74.0,,
helpers-block2-1-B.txt,SharingFull/pressure,40796.0,31449.0,75.0,,
helpers-block2-1-B.txt,SharingFull/join,14501.0,17688.0,80.0,,
helpers-block2-1-B.txt,SharingFull/large,331364.0,315927.0,87.0,,
helpers-block2-1-B.txt,SharingFull/deep,20300.0,24961.0,83.0,,
helpers-block2-1-B.txt,SharingFull/locals,52950.0,41242.0,73.0,,
helpers-block2-1-B.txt,SharingFull/many,1158050.0,243900.0,588.0,,
helpers-block2-1-B.txt,SharingFull/large_then_small,1247071.0,514235.0,595.0,,
helpers-block2-1-B.txt,SharingFull/fallback,10493.0,15776.0,74.0,,
helpers-block2-1-B.txt,SharingExec/small,16.09,0.0,0.0,,
helpers-block2-1-B.txt,SharingExec/pressure,50.91,0.0,0.0,,
helpers-block2-1-B.txt,SharingExec/join,16.12,0.0,0.0,,
helpers-block2-1-B.txt,SharingExec/large,254.4,0.0,0.0,,
helpers-block2-1-B.txt,SharingExec/deep,15.94,0.0,0.0,,
helpers-block2-1-B.txt,SharingExec/locals,86.97,0.0,0.0,,
helpers-block2-1-B.txt,SharingExec/many,16.12,0.0,0.0,,
helpers-block2-1-B.txt,SharingExec/large_then_small,255.6,0.0,0.0,,
helpers-block2-1-B.txt,SharingExec/fallback,16.42,0.0,0.0,,
helpers-block2-1-B.txt,SharingZeroLocals/1,12045.0,8216.0,20.0,,
helpers-block2-1-B.txt,SharingZeroLocals/8,12734.0,8360.0,22.0,,
helpers-block2-1-B.txt,SharingZeroLocals/64,13986.0,9064.0,19.0,,
helpers-block2-1-B.txt,SharingZeroLocals/256,16745.0,14569.0,16.0,,
helpers-block2-1-B.txt,Compile/tiny,12790.0,8344.0,22.0,,
helpers-block2-1-B.txt,Compile/fib_rec,23500.0,26792.0,50.0,,
helpers-block2-1-B.txt,Compile/many_funcs,416295.0,69272.0,31.0,,
helpers-block2-1-B.txt,Compile/json-as,1210839.0,134624.0,125.0,,
helpers-block2-1-B.txt,Compile/xxhash,114777.0,65720.0,58.0,,
helpers-block2-1-B.txt,CompileFull/tiny,22306.0,18416.0,91.0,96.0,
helpers-block2-1-B.txt,CompileFull/fib_rec,28205.0,35497.0,107.0,320.0,
helpers-block2-1-B.txt,CompileFull/many_funcs,562841.0,179337.0,85.0,7771.0,
helpers-block2-1-B.txt,CompileFull/json-as,1781237.0,309673.0,399.0,67398.0,
helpers-block2-1-B.txt,CompileFull/xxhash,141895.0,107228.0,146.0,3301.0,
helpers-block2-1-B.txt,Exec/tiny.add,15.36,,,,133534.0
helpers-block2-1-B.txt,Exec/fib_rec.fib,691332.0,,,,3.0
helpers-block2-1-B.txt,Exec/many_funcs.run,15.88,,,,131447.0
helpers-block2-1-B.txt,Exec/json-as.serializeN,23167.0,,,,94.0
helpers-block2-1-B.txt,Exec/json-as.deserializeN,43636.0,,,,60.0
helpers-block2-1-B.txt,Exec/xxhash.xxhash_run,126241.0,,,,17.0
helpers-block2-2-F.txt,SharingNative/small,9811.0,7536.0,20.0,,
helpers-block2-2-F.txt,SharingNative/pressure,19639.0,10072.0,23.0,,
helpers-block2-2-F.txt,SharingNative/join,10062.0,7936.0,21.0,,
helpers-block2-2-F.txt,SharingNative/large,133071.0,9416.0,18.0,,
helpers-block2-2-F.txt,SharingNative/deep,10617.0,8496.0,21.0,,
helpers-block2-2-F.txt,SharingNative/locals,19976.0,14160.0,22.0,,
helpers-block2-2-F.txt,SharingNative/many,550555.0,49888.0,23.0,,
helpers-block2-2-F.txt,SharingNative/large_then_small,667961.0,56192.0,24.0,,
helpers-block2-2-F.txt,SharingNative/fallback,10260.0,8504.0,21.0,,
helpers-block2-2-F.txt,SharingFull/small,10338.0,15064.0,73.0,,
helpers-block2-2-F.txt,SharingFull/pressure,27351.0,22033.0,80.0,,
helpers-block2-2-F.txt,SharingFull/join,11606.0,15472.0,75.0,,
helpers-block2-2-F.txt,SharingFull/large,246084.0,95523.0,81.0,,
helpers-block2-2-F.txt,SharingFull/deep,13748.0,21953.0,82.0,,
helpers-block2-2-F.txt,SharingFull/locals,30413.0,26217.0,74.0,,
helpers-block2-2-F.txt,SharingFull/many,769790.0,243188.0,587.0,,
helpers-block2-2-F.txt,SharingFull/large_then_small,1005431.0,295103.0,589.0,,
helpers-block2-2-F.txt,SharingFull/fallback,10039.0,16032.0,74.0,,
helpers-block2-2-F.txt,SharingExec/small,15.56,0.0,0.0,,
helpers-block2-2-F.txt,SharingExec/pressure,47.04,0.0,0.0,,
helpers-block2-2-F.txt,SharingExec/join,16.15,0.0,0.0,,
helpers-block2-2-F.txt,SharingExec/large,262.0,0.0,0.0,,
helpers-block2-2-F.txt,SharingExec/deep,17.01,0.0,0.0,,
helpers-block2-2-F.txt,SharingExec/locals,43.04,0.0,0.0,,
helpers-block2-2-F.txt,SharingExec/many,16.1,0.0,0.0,,
helpers-block2-2-F.txt,SharingExec/large_then_small,259.1,0.0,0.0,,
helpers-block2-2-F.txt,SharingExec/fallback,16.08,0.0,0.0,,
helpers-block2-2-F.txt,SharingZeroLocals/1,10932.0,7416.0,20.0,,
helpers-block2-2-F.txt,SharingZeroLocals/8,11477.0,7544.0,20.0,,
helpers-block2-2-F.txt,SharingZeroLocals/64,12357.0,8520.0,17.0,,
helpers-block2-2-F.txt,SharingZeroLocals/256,14485.0,11976.0,17.0,,
helpers-block2-2-F.txt,Compile/tiny,13259.0,8672.0,24.0,,
helpers-block2-2-F.txt,Compile/fib_rec,23170.0,27048.0,50.0,,
helpers-block2-2-F.txt,Compile/many_funcs,385457.0,69680.0,35.0,,
helpers-block2-2-F.txt,Compile/json-as,1189330.0,134880.0,125.0,,
helpers-block2-2-F.txt,Compile/xxhash,111749.0,65976.0,58.0,,
helpers-block2-2-F.txt,CompileFull/tiny,15187.0,18752.0,93.0,96.0,
helpers-block2-2-F.txt,CompileFull/fib_rec,25330.0,35753.0,107.0,320.0,
helpers-block2-2-F.txt,CompileFull/many_funcs,525346.0,179745.0,89.0,8363.0,
helpers-block2-2-F.txt,CompileFull/json-as,1782018.0,309929.0,399.0,67398.0,
helpers-block2-2-F.txt,CompileFull/xxhash,155853.0,107500.0,146.0,3301.0,
helpers-block2-2-F.txt,Exec/tiny.add,15.4,,,,133279.0
helpers-block2-2-F.txt,Exec/fib_rec.fib,693880.0,,,,3.0
helpers-block2-2-F.txt,Exec/many_funcs.run,15.46,,,,134777.0
helpers-block2-2-F.txt,Exec/json-as.serializeN,23479.0,,,,90.0
helpers-block2-2-F.txt,Exec/json-as.deserializeN,43356.0,,,,52.0
helpers-block2-2-F.txt,Exec/xxhash.xxhash_run,127001.0,,,,16.0
helpers-block2-3-F.txt,SharingNative/small,10313.0,7536.0,20.0,,
helpers-block2-3-F.txt,SharingNative/pressure,22185.0,10072.0,23.0,,
helpers-block2-3-F.txt,SharingNative/join,11090.0,7936.0,21.0,,
helpers-block2-3-F.txt,SharingNative/large,138870.0,9416.0,18.0,,
helpers-block2-3-F.txt,SharingNative/deep,11644.0,8496.0,21.0,,
helpers-block2-3-F.txt,SharingNative/locals,20828.0,14160.0,22.0,,
helpers-block2-3-F.txt,SharingNative/many,738847.0,49888.0,23.0,,
helpers-block2-3-F.txt,SharingNative/large_then_small,693690.0,56192.0,24.0,,
helpers-block2-3-F.txt,SharingNative/fallback,10718.0,8504.0,21.0,,
helpers-block2-3-F.txt,SharingFull/small,10867.0,15064.0,73.0,,
helpers-block2-3-F.txt,SharingFull/pressure,29468.0,22033.0,80.0,,
helpers-block2-3-F.txt,SharingFull/join,11015.0,15472.0,75.0,,
helpers-block2-3-F.txt,SharingFull/large,248912.0,95523.0,81.0,,
helpers-block2-3-F.txt,SharingFull/deep,14920.0,21953.0,82.0,,
helpers-block2-3-F.txt,SharingFull/locals,34208.0,26217.0,74.0,,
helpers-block2-3-F.txt,SharingFull/many,791658.0,243188.0,587.0,,
helpers-block2-3-F.txt,SharingFull/large_then_small,1037907.0,295103.0,589.0,,
helpers-block2-3-F.txt,SharingFull/fallback,11143.0,16032.0,74.0,,
helpers-block2-3-F.txt,SharingExec/small,15.84,0.0,0.0,,
helpers-block2-3-F.txt,SharingExec/pressure,47.98,0.0,0.0,,
helpers-block2-3-F.txt,SharingExec/join,16.14,0.0,0.0,,
helpers-block2-3-F.txt,SharingExec/large,254.9,0.0,0.0,,
helpers-block2-3-F.txt,SharingExec/deep,15.84,0.0,0.0,,
helpers-block2-3-F.txt,SharingExec/locals,41.12,0.0,0.0,,
helpers-block2-3-F.txt,SharingExec/many,15.93,0.0,0.0,,
helpers-block2-3-F.txt,SharingExec/large_then_small,254.0,0.0,0.0,,
helpers-block2-3-F.txt,SharingExec/fallback,16.1,0.0,0.0,,
helpers-block2-3-F.txt,SharingZeroLocals/1,12179.0,7416.0,20.0,,
helpers-block2-3-F.txt,SharingZeroLocals/8,12223.0,7544.0,20.0,,
helpers-block2-3-F.txt,SharingZeroLocals/64,12326.0,8520.0,17.0,,
helpers-block2-3-F.txt,SharingZeroLocals/256,15155.0,11976.0,17.0,,
helpers-block2-3-F.txt,Compile/tiny,13872.0,8672.0,24.0,,
helpers-block2-3-F.txt,Compile/fib_rec,24729.0,27048.0,50.0,,
helpers-block2-3-F.txt,Compile/many_funcs,400235.0,69680.0,35.0,,
helpers-block2-3-F.txt,Compile/json-as,1177390.0,134880.0,125.0,,
helpers-block2-3-F.txt,Compile/xxhash,114997.0,65976.0,58.0,,
helpers-block2-3-F.txt,CompileFull/tiny,16507.0,18752.0,93.0,96.0,
helpers-block2-3-F.txt,CompileFull/fib_rec,24386.0,35753.0,107.0,320.0,
helpers-block2-3-F.txt,CompileFull/many_funcs,536455.0,179745.0,89.0,8363.0,
helpers-block2-3-F.txt,CompileFull/json-as,1747531.0,309930.0,399.0,67398.0,
helpers-block2-3-F.txt,CompileFull/xxhash,144417.0,107500.0,146.0,3301.0,
helpers-block2-3-F.txt,Exec/tiny.add,15.34,,,,133441.0
helpers-block2-3-F.txt,Exec/fib_rec.fib,705679.0,,,,3.0
helpers-block2-3-F.txt,Exec/many_funcs.run,15.74,,,,134097.0
helpers-block2-3-F.txt,Exec/json-as.serializeN,23407.0,,,,90.0
helpers-block2-3-F.txt,Exec/json-as.deserializeN,43371.0,,,,56.0
helpers-block2-3-F.txt,Exec/xxhash.xxhash_run,123227.0,,,,17.0
helpers-block2-4-B.txt,SharingNative/small,10061.0,8248.0,21.0,,
helpers-block2-4-B.txt,SharingNative/pressure,27606.0,19488.0,18.0,,
helpers-block2-4-B.txt,SharingNative/join,11948.0,10152.0,26.0,,
helpers-block2-4-B.txt,SharingNative/large,220705.0,228544.0,24.0,,
helpers-block2-4-B.txt,SharingNative/deep,15289.0,11504.0,22.0,,
helpers-block2-4-B.txt,SharingNative/locals,36236.0,29192.0,21.0,,
helpers-block2-4-B.txt,SharingNative/many,626423.0,50600.0,24.0,,
helpers-block2-4-B.txt,SharingNative/large_then_small,918286.0,275320.0,30.0,,
helpers-block2-4-B.txt,SharingNative/fallback,10941.0,8248.0,21.0,,
helpers-block2-4-B.txt,SharingFull/small,12034.0,15776.0,74.0,,
helpers-block2-4-B.txt,SharingFull/pressure,36141.0,31449.0,75.0,,
helpers-block2-4-B.txt,SharingFull/join,15296.0,17688.0,80.0,,
helpers-block2-4-B.txt,SharingFull/large,299464.0,315927.0,87.0,,
helpers-block2-4-B.txt,SharingFull/deep,18182.0,24961.0,83.0,,
helpers-block2-4-B.txt,SharingFull/locals,50448.0,41242.0,73.0,,
helpers-block2-4-B.txt,SharingFull/many,875396.0,243900.0,588.0,,
helpers-block2-4-B.txt,SharingFull/large_then_small,1218508.0,514235.0,595.0,,
helpers-block2-4-B.txt,SharingFull/fallback,10809.0,15776.0,74.0,,
helpers-block2-4-B.txt,SharingExec/small,16.4,0.0,0.0,,
helpers-block2-4-B.txt,SharingExec/pressure,49.98,0.0,0.0,,
helpers-block2-4-B.txt,SharingExec/join,16.43,0.0,0.0,,
helpers-block2-4-B.txt,SharingExec/large,257.9,0.0,0.0,,
helpers-block2-4-B.txt,SharingExec/deep,16.02,0.0,0.0,,
helpers-block2-4-B.txt,SharingExec/locals,87.49,0.0,0.0,,
helpers-block2-4-B.txt,SharingExec/many,16.24,0.0,0.0,,
helpers-block2-4-B.txt,SharingExec/large_then_small,255.9,0.0,0.0,,
helpers-block2-4-B.txt,SharingExec/fallback,16.38,0.0,0.0,,
helpers-block2-4-B.txt,SharingZeroLocals/1,13271.0,8216.0,20.0,,
helpers-block2-4-B.txt,SharingZeroLocals/8,12585.0,8360.0,22.0,,
helpers-block2-4-B.txt,SharingZeroLocals/64,14291.0,9064.0,19.0,,
helpers-block2-4-B.txt,SharingZeroLocals/256,18806.0,14569.0,16.0,,
helpers-block2-4-B.txt,Compile/tiny,15907.0,8344.0,22.0,,
helpers-block2-4-B.txt,Compile/fib_rec,29179.0,26792.0,50.0,,
helpers-block2-4-B.txt,Compile/many_funcs,448096.0,69272.0,31.0,,
helpers-block2-4-B.txt,Compile/json-as,1240582.0,134624.0,125.0,,
helpers-block2-4-B.txt,Compile/xxhash,121934.0,65720.0,58.0,,
helpers-block2-4-B.txt,CompileFull/tiny,19947.0,18416.0,91.0,96.0,
helpers-block2-4-B.txt,CompileFull/fib_rec,28036.0,35497.0,107.0,320.0,
helpers-block2-4-B.txt,CompileFull/many_funcs,668225.0,179337.0,85.0,7771.0,
helpers-block2-4-B.txt,CompileFull/json-as,2487056.0,309674.0,399.0,67398.0,
helpers-block2-4-B.txt,CompileFull/xxhash,157421.0,107228.0,146.0,3301.0,
helpers-block2-4-B.txt,Exec/tiny.add,15.63,,,,134073.0
helpers-block2-4-B.txt,Exec/fib_rec.fib,711131.0,,,,3.0
helpers-block2-4-B.txt,Exec/many_funcs.run,15.74,,,,127728.0
helpers-block2-4-B.txt,Exec/json-as.serializeN,22610.0,,,,95.0
helpers-block2-4-B.txt,Exec/json-as.deserializeN,42303.0,,,,53.0
helpers-block2-4-B.txt,Exec/xxhash.xxhash_run,124087.0,,,,17.0
helpers-block3-1-B.txt,SharingNative/small,10545.0,8248.0,21.0,,
helpers-block3-1-B.txt,SharingNative/pressure,26907.0,19488.0,18.0,,
helpers-block3-1-B.txt,SharingNative/join,11175.0,10152.0,26.0,,
helpers-block3-1-B.txt,SharingNative/large,202215.0,228544.0,24.0,,
helpers-block3-1-B.txt,SharingNative/deep,14064.0,11504.0,22.0,,
helpers-block3-1-B.txt,SharingNative/locals,34559.0,29192.0,21.0,,
helpers-block3-1-B.txt,SharingNative/many,591093.0,50600.0,24.0,,
helpers-block3-1-B.txt,SharingNative/large_then_small,889253.0,275320.0,30.0,,
helpers-block3-1-B.txt,SharingNative/fallback,11005.0,8248.0,21.0,,
helpers-block3-1-B.txt,SharingFull/small,11200.0,15776.0,74.0,,
helpers-block3-1-B.txt,SharingFull/pressure,35256.0,31449.0,75.0,,
helpers-block3-1-B.txt,SharingFull/join,12991.0,17688.0,80.0,,
helpers-block3-1-B.txt,SharingFull/large,291724.0,315927.0,87.0,,
helpers-block3-1-B.txt,SharingFull/deep,17526.0,24961.0,83.0,,
helpers-block3-1-B.txt,SharingFull/locals,48044.0,41242.0,73.0,,
helpers-block3-1-B.txt,SharingFull/many,863509.0,243900.0,588.0,,
helpers-block3-1-B.txt,SharingFull/large_then_small,1191244.0,514235.0,595.0,,
helpers-block3-1-B.txt,SharingFull/fallback,11309.0,15776.0,74.0,,
helpers-block3-1-B.txt,SharingExec/small,15.72,0.0,0.0,,
helpers-block3-1-B.txt,SharingExec/pressure,48.37,0.0,0.0,,
helpers-block3-1-B.txt,SharingExec/join,15.99,0.0,0.0,,
helpers-block3-1-B.txt,SharingExec/large,250.5,0.0,0.0,,
helpers-block3-1-B.txt,SharingExec/deep,15.57,0.0,0.0,,
helpers-block3-1-B.txt,SharingExec/locals,85.43,0.0,0.0,,
helpers-block3-1-B.txt,SharingExec/many,17.01,0.0,0.0,,
helpers-block3-1-B.txt,SharingExec/large_then_small,254.2,0.0,0.0,,
helpers-block3-1-B.txt,SharingExec/fallback,16.45,0.0,0.0,,
helpers-block3-1-B.txt,SharingZeroLocals/1,12954.0,8216.0,20.0,,
helpers-block3-1-B.txt,SharingZeroLocals/8,13224.0,8360.0,22.0,,
helpers-block3-1-B.txt,SharingZeroLocals/64,14177.0,9064.0,19.0,,
helpers-block3-1-B.txt,SharingZeroLocals/256,18014.0,14569.0,16.0,,
helpers-block3-1-B.txt,Compile/tiny,14580.0,8344.0,22.0,,
helpers-block3-1-B.txt,Compile/fib_rec,37101.0,26792.0,50.0,,
helpers-block3-1-B.txt,Compile/many_funcs,417788.0,69272.0,31.0,,
helpers-block3-1-B.txt,Compile/json-as,1225598.0,134624.0,125.0,,
helpers-block3-1-B.txt,Compile/xxhash,115765.0,65720.0,58.0,,
helpers-block3-1-B.txt,CompileFull/tiny,16776.0,18416.0,91.0,96.0,
helpers-block3-1-B.txt,CompileFull/fib_rec,25161.0,35497.0,107.0,320.0,
helpers-block3-1-B.txt,CompileFull/many_funcs,570957.0,179337.0,85.0,7771.0,
helpers-block3-1-B.txt,CompileFull/json-as,1803576.0,309674.0,399.0,67398.0,
helpers-block3-1-B.txt,CompileFull/xxhash,149678.0,107228.0,146.0,3301.0,
helpers-block3-1-B.txt,Exec/tiny.add,15.65,,,,134126.0
helpers-block3-1-B.txt,Exec/fib_rec.fib,701728.0,,,,3.0
helpers-block3-1-B.txt,Exec/many_funcs.run,15.9,,,,129772.0
helpers-block3-1-B.txt,Exec/json-as.serializeN,23130.0,,,,92.0
helpers-block3-1-B.txt,Exec/json-as.deserializeN,43295.0,,,,49.0
helpers-block3-1-B.txt,Exec/xxhash.xxhash_run,123738.0,,,,16.0
helpers-block3-2-F.txt,SharingNative/small,9963.0,7536.0,20.0,,
helpers-block3-2-F.txt,SharingNative/pressure,21120.0,10072.0,23.0,,
helpers-block3-2-F.txt,SharingNative/join,10573.0,7936.0,21.0,,
helpers-block3-2-F.txt,SharingNative/large,163167.0,9416.0,18.0,,
helpers-block3-2-F.txt,SharingNative/deep,11028.0,8496.0,21.0,,
helpers-block3-2-F.txt,SharingNative/locals,21929.0,14160.0,22.0,,
helpers-block3-2-F.txt,SharingNative/many,573150.0,49888.0,23.0,,
helpers-block3-2-F.txt,SharingNative/large_then_small,684883.0,56192.0,24.0,,
helpers-block3-2-F.txt,SharingNative/fallback,10983.0,8504.0,21.0,,
helpers-block3-2-F.txt,SharingFull/small,12138.0,15064.0,73.0,,
helpers-block3-2-F.txt,SharingFull/pressure,31370.0,22033.0,80.0,,
helpers-block3-2-F.txt,SharingFull/join,12354.0,15472.0,75.0,,
helpers-block3-2-F.txt,SharingFull/large,262922.0,95523.0,81.0,,
helpers-block3-2-F.txt,SharingFull/deep,15015.0,21953.0,82.0,,
helpers-block3-2-F.txt,SharingFull/locals,34146.0,26217.0,74.0,,
helpers-block3-2-F.txt,SharingFull/many,917966.0,243188.0,587.0,,
helpers-block3-2-F.txt,SharingFull/large_then_small,1039972.0,295103.0,589.0,,
helpers-block3-2-F.txt,SharingFull/fallback,10555.0,16032.0,74.0,,
helpers-block3-2-F.txt,SharingExec/small,16.31,0.0,0.0,,
helpers-block3-2-F.txt,SharingExec/pressure,51.27,0.0,0.0,,
helpers-block3-2-F.txt,SharingExec/join,17.55,0.0,0.0,,
helpers-block3-2-F.txt,SharingExec/large,264.4,0.0,0.0,,
helpers-block3-2-F.txt,SharingExec/deep,22.54,0.0,0.0,,
helpers-block3-2-F.txt,SharingExec/locals,40.64,0.0,0.0,,
helpers-block3-2-F.txt,SharingExec/many,15.68,0.0,0.0,,
helpers-block3-2-F.txt,SharingExec/large_then_small,250.5,0.0,0.0,,
helpers-block3-2-F.txt,SharingExec/fallback,16.09,0.0,0.0,,
helpers-block3-2-F.txt,SharingZeroLocals/1,12359.0,7416.0,20.0,,
helpers-block3-2-F.txt,SharingZeroLocals/8,12724.0,7544.0,20.0,,
helpers-block3-2-F.txt,SharingZeroLocals/64,13192.0,8520.0,17.0,,
helpers-block3-2-F.txt,SharingZeroLocals/256,14725.0,11976.0,17.0,,
helpers-block3-2-F.txt,Compile/tiny,14236.0,8672.0,24.0,,
helpers-block3-2-F.txt,Compile/fib_rec,23628.0,27048.0,50.0,,
helpers-block3-2-F.txt,Compile/many_funcs,388844.0,69680.0,35.0,,
helpers-block3-2-F.txt,Compile/json-as,1170636.0,134880.0,125.0,,
helpers-block3-2-F.txt,Compile/xxhash,114602.0,65976.0,58.0,,
helpers-block3-2-F.txt,CompileFull/tiny,17366.0,18752.0,93.0,96.0,
helpers-block3-2-F.txt,CompileFull/fib_rec,24925.0,35753.0,107.0,320.0,
helpers-block3-2-F.txt,CompileFull/many_funcs,523420.0,179745.0,89.0,8363.0,
helpers-block3-2-F.txt,CompileFull/json-as,1823775.0,309930.0,399.0,67398.0,
helpers-block3-2-F.txt,CompileFull/xxhash,149544.0,107500.0,146.0,3301.0,
helpers-block3-2-F.txt,Exec/tiny.add,15.34,,,,133760.0
helpers-block3-2-F.txt,Exec/fib_rec.fib,700134.0,,,,3.0
helpers-block3-2-F.txt,Exec/many_funcs.run,15.75,,,,127564.0
helpers-block3-2-F.txt,Exec/json-as.serializeN,23323.0,,,,91.0
helpers-block3-2-F.txt,Exec/json-as.deserializeN,42308.0,,,,64.0
helpers-block3-2-F.txt,Exec/xxhash.xxhash_run,124204.0,,,,17.0
helpers-block3-3-F.txt,SharingNative/small,10137.0,7536.0,20.0,,
helpers-block3-3-F.txt,SharingNative/pressure,20221.0,10072.0,23.0,,
helpers-block3-3-F.txt,SharingNative/join,10382.0,7936.0,21.0,,
helpers-block3-3-F.txt,SharingNative/large,129624.0,9416.0,18.0,,
helpers-block3-3-F.txt,SharingNative/deep,11895.0,8496.0,21.0,,
helpers-block3-3-F.txt,SharingNative/locals,20437.0,14160.0,22.0,,
helpers-block3-3-F.txt,SharingNative/many,560160.0,49888.0,23.0,,
helpers-block3-3-F.txt,SharingNative/large_then_small,670572.0,56192.0,24.0,,
helpers-block3-3-F.txt,SharingNative/fallback,10543.0,8504.0,21.0,,
helpers-block3-3-F.txt,SharingFull/small,10893.0,15064.0,73.0,,
helpers-block3-3-F.txt,SharingFull/pressure,29798.0,22033.0,80.0,,
helpers-block3-3-F.txt,SharingFull/join,13082.0,15472.0,75.0,,
helpers-block3-3-F.txt,SharingFull/large,256375.0,95524.0,81.0,,
helpers-block3-3-F.txt,SharingFull/deep,26009.0,21953.0,82.0,,
helpers-block3-3-F.txt,SharingFull/locals,34691.0,26217.0,74.0,,
helpers-block3-3-F.txt,SharingFull/many,810153.0,243188.0,587.0,,
helpers-block3-3-F.txt,SharingFull/large_then_small,1089239.0,295102.0,589.0,,
helpers-block3-3-F.txt,SharingFull/fallback,11330.0,16032.0,74.0,,
helpers-block3-3-F.txt,SharingExec/small,16.66,0.0,0.0,,
helpers-block3-3-F.txt,SharingExec/pressure,50.03,0.0,0.0,,
helpers-block3-3-F.txt,SharingExec/join,16.91,0.0,0.0,,
helpers-block3-3-F.txt,SharingExec/large,254.9,0.0,0.0,,
helpers-block3-3-F.txt,SharingExec/deep,16.81,0.0,0.0,,
helpers-block3-3-F.txt,SharingExec/locals,43.22,0.0,0.0,,
helpers-block3-3-F.txt,SharingExec/many,16.94,0.0,0.0,,
helpers-block3-3-F.txt,SharingExec/large_then_small,257.1,0.0,0.0,,
helpers-block3-3-F.txt,SharingExec/fallback,16.98,0.0,0.0,,
helpers-block3-3-F.txt,SharingZeroLocals/1,12554.0,7416.0,20.0,,
helpers-block3-3-F.txt,SharingZeroLocals/8,12789.0,7544.0,20.0,,
helpers-block3-3-F.txt,SharingZeroLocals/64,12807.0,8520.0,17.0,,
helpers-block3-3-F.txt,SharingZeroLocals/256,15919.0,11976.0,17.0,,
helpers-block3-3-F.txt,Compile/tiny,14207.0,8672.0,24.0,,
helpers-block3-3-F.txt,Compile/fib_rec,24739.0,27048.0,50.0,,
helpers-block3-3-F.txt,Compile/many_funcs,380713.0,69680.0,35.0,,
helpers-block3-3-F.txt,Compile/json-as,1237780.0,134880.0,125.0,,
helpers-block3-3-F.txt,Compile/xxhash,115716.0,65976.0,58.0,,
helpers-block3-3-F.txt,CompileFull/tiny,18779.0,18752.0,93.0,96.0,
helpers-block3-3-F.txt,CompileFull/fib_rec,26118.0,35753.0,107.0,320.0,
helpers-block3-3-F.txt,CompileFull/many_funcs,551635.0,179745.0,89.0,8363.0,
helpers-block3-3-F.txt,CompileFull/json-as,2219640.0,309930.0,399.0,67398.0,
helpers-block3-3-F.txt,CompileFull/xxhash,143576.0,107500.0,146.0,3301.0,
helpers-block3-3-F.txt,Exec/tiny.add,20.51,,,,133972.0
helpers-block3-3-F.txt,Exec/fib_rec.fib,725221.0,,,,3.0
helpers-block3-3-F.txt,Exec/many_funcs.run,15.57,,,,132198.0
helpers-block3-3-F.txt,Exec/json-as.serializeN,22577.0,,,,94.0
helpers-block3-3-F.txt,Exec/json-as.deserializeN,42166.0,,,,57.0
helpers-block3-3-F.txt,Exec/xxhash.xxhash_run,123023.0,,,,16.0
helpers-block3-4-B.txt,SharingNative/small,11251.0,8248.0,21.0,,
helpers-block3-4-B.txt,SharingNative/pressure,31622.0,19488.0,18.0,,
helpers-block3-4-B.txt,SharingNative/join,12458.0,10152.0,26.0,,
helpers-block3-4-B.txt,SharingNative/large,211039.0,228544.0,24.0,,
helpers-block3-4-B.txt,SharingNative/deep,15236.0,11504.0,22.0,,
helpers-block3-4-B.txt,SharingNative/locals,41692.0,29192.0,21.0,,
helpers-block3-4-B.txt,SharingNative/many,657689.0,50600.0,24.0,,
helpers-block3-4-B.txt,SharingNative/large_then_small,934902.0,275320.0,30.0,,
helpers-block3-4-B.txt,SharingNative/fallback,11686.0,8248.0,21.0,,
helpers-block3-4-B.txt,SharingFull/small,12954.0,15776.0,74.0,,
helpers-block3-4-B.txt,SharingFull/pressure,41686.0,31449.0,75.0,,
helpers-block3-4-B.txt,SharingFull/join,14259.0,17688.0,80.0,,
helpers-block3-4-B.txt,SharingFull/large,299252.0,315927.0,87.0,,
helpers-block3-4-B.txt,SharingFull/deep,17725.0,24961.0,83.0,,
helpers-block3-4-B.txt,SharingFull/locals,50344.0,41242.0,73.0,,
helpers-block3-4-B.txt,SharingFull/many,851920.0,243900.0,588.0,,
helpers-block3-4-B.txt,SharingFull/large_then_small,1186203.0,514234.0,595.0,,
helpers-block3-4-B.txt,SharingFull/fallback,10706.0,15776.0,74.0,,
helpers-block3-4-B.txt,SharingExec/small,15.92,0.0,0.0,,
helpers-block3-4-B.txt,SharingExec/pressure,48.64,0.0,0.0,,
helpers-block3-4-B.txt,SharingExec/join,16.09,0.0,0.0,,
helpers-block3-4-B.txt,SharingExec/large,254.3,0.0,0.0,,
helpers-block3-4-B.txt,SharingExec/deep,15.87,0.0,0.0,,
helpers-block3-4-B.txt,SharingExec/locals,84.45,0.0,0.0,,
helpers-block3-4-B.txt,SharingExec/many,15.91,0.0,0.0,,
helpers-block3-4-B.txt,SharingExec/large_then_small,251.4,0.0,0.0,,
helpers-block3-4-B.txt,SharingExec/fallback,16.19,0.0,0.0,,
helpers-block3-4-B.txt,SharingZeroLocals/1,12170.0,8216.0,20.0,,
helpers-block3-4-B.txt,SharingZeroLocals/8,11674.0,8360.0,22.0,,
helpers-block3-4-B.txt,SharingZeroLocals/64,14437.0,9064.0,19.0,,
helpers-block3-4-B.txt,SharingZeroLocals/256,17709.0,14569.0,16.0,,
helpers-block3-4-B.txt,Compile/tiny,13468.0,8344.0,22.0,,
helpers-block3-4-B.txt,Compile/fib_rec,23509.0,26792.0,50.0,,
helpers-block3-4-B.txt,Compile/many_funcs,426310.0,69272.0,31.0,,
helpers-block3-4-B.txt,Compile/json-as,1186667.0,134624.0,125.0,,
helpers-block3-4-B.txt,Compile/xxhash,116678.0,65720.0,58.0,,
helpers-block3-4-B.txt,CompileFull/tiny,17652.0,18416.0,91.0,96.0,
helpers-block3-4-B.txt,CompileFull/fib_rec,26743.0,35497.0,107.0,320.0,
helpers-block3-4-B.txt,CompileFull/many_funcs,571778.0,179337.0,85.0,7771.0,
helpers-block3-4-B.txt,CompileFull/json-as,1896861.0,309674.0,399.0,67398.0,
helpers-block3-4-B.txt,CompileFull/xxhash,156784.0,107228.0,146.0,3301.0,
helpers-block3-4-B.txt,Exec/tiny.add,16.49,,,,131108.0
helpers-block3-4-B.txt,Exec/fib_rec.fib,753146.0,,,,3.0
helpers-block3-4-B.txt,Exec/many_funcs.run,15.63,,,,132766.0
helpers-block3-4-B.txt,Exec/json-as.serializeN,22810.0,,,,94.0
helpers-block3-4-B.txt,Exec/json-as.deserializeN,42271.0,,,,56.0
helpers-block3-4-B.txt,Exec/xxhash.xxhash_run,132396.0,,,,16.0
long-block1-1-M.txt,SharingExec/small,15.92,0.0,0.0,,
long-block1-1-M.txt,SharingExec/pressure,48.99,0.0,0.0,,
long-block1-1-M.txt,SharingExec/join,16.09,0.0,0.0,,
long-block1-1-M.txt,SharingExec/large,276.1,0.0,0.0,,
long-block1-1-M.txt,SharingExec/deep,15.89,0.0,0.0,,
long-block1-1-M.txt,SharingExec/locals,86.11,0.0,0.0,,
long-block1-1-M.txt,SharingExec/many,16.39,0.0,0.0,,
long-block1-1-M.txt,SharingExec/large_then_small,260.9,0.0,0.0,,
long-block1-1-M.txt,SharingExec/fallback,16.18,0.0,0.0,,
long-block1-1-M.txt,Exec/tiny.add,15.41,,,,131885.0
long-block1-1-M.txt,Exec/many_funcs.run,15.3,,,,133614.0
long-block1-2-P.txt,SharingExec/small,16.25,0.0,0.0,,
long-block1-2-P.txt,SharingExec/pressure,48.46,0.0,0.0,,
long-block1-2-P.txt,SharingExec/join,17.21,0.0,0.0,,
long-block1-2-P.txt,SharingExec/large,257.0,0.0,0.0,,
long-block1-2-P.txt,SharingExec/deep,16.48,0.0,0.0,,
long-block1-2-P.txt,SharingExec/locals,41.35,0.0,0.0,,
long-block1-2-P.txt,SharingExec/many,16.35,0.0,0.0,,
long-block1-2-P.txt,SharingExec/large_then_small,284.9,0.0,0.0,,
long-block1-2-P.txt,SharingExec/fallback,17.45,0.0,0.0,,
long-block1-2-P.txt,Exec/tiny.add,16.73,,,,119459.0
long-block1-2-P.txt,Exec/many_funcs.run,15.52,,,,131207.0
long-block1-3-F.txt,SharingExec/small,16.05,0.0,0.0,,
long-block1-3-F.txt,SharingExec/pressure,48.63,0.0,0.0,,
long-block1-3-F.txt,SharingExec/join,16.69,0.0,0.0,,
long-block1-3-F.txt,SharingExec/large,257.2,0.0,0.0,,
long-block1-3-F.txt,SharingExec/deep,16.01,0.0,0.0,,
long-block1-3-F.txt,SharingExec/locals,41.6,0.0,0.0,,
long-block1-3-F.txt,SharingExec/many,16.41,0.0,0.0,,
long-block1-3-F.txt,SharingExec/large_then_small,264.0,0.0,0.0,,
long-block1-3-F.txt,SharingExec/fallback,16.28,0.0,0.0,,
long-block1-3-F.txt,Exec/tiny.add,15.29,,,,131302.0
long-block1-3-F.txt,Exec/many_funcs.run,15.47,,,,130389.0
long-block1-4-F.txt,SharingExec/small,15.92,0.0,0.0,,
long-block1-4-F.txt,SharingExec/pressure,47.28,0.0,0.0,,
long-block1-4-F.txt,SharingExec/join,16.12,0.0,0.0,,
long-block1-4-F.txt,SharingExec/large,257.4,0.0,0.0,,
long-block1-4-F.txt,SharingExec/deep,15.8,0.0,0.0,,
long-block1-4-F.txt,SharingExec/locals,41.62,0.0,0.0,,
long-block1-4-F.txt,SharingExec/many,15.95,0.0,0.0,,
long-block1-4-F.txt,SharingExec/large_then_small,259.3,0.0,0.0,,
long-block1-4-F.txt,SharingExec/fallback,16.32,0.0,0.0,,
long-block1-4-F.txt,Exec/tiny.add,15.71,,,,130183.0
long-block1-4-F.txt,Exec/many_funcs.run,15.36,,,,129490.0
long-block1-5-P.txt,SharingExec/small,16.09,0.0,0.0,,
long-block1-5-P.txt,SharingExec/pressure,49.64,0.0,0.0,,
long-block1-5-P.txt,SharingExec/join,17.63,0.0,0.0,,
long-block1-5-P.txt,SharingExec/large,259.8,0.0,0.0,,
long-block1-5-P.txt,SharingExec/deep,16.25,0.0,0.0,,
long-block1-5-P.txt,SharingExec/locals,45.21,0.0,0.0,,
long-block1-5-P.txt,SharingExec/many,17.39,0.0,0.0,,
long-block1-5-P.txt,SharingExec/large_then_small,278.6,0.0,0.0,,
long-block1-5-P.txt,SharingExec/fallback,18.44,0.0,0.0,,
long-block1-5-P.txt,Exec/tiny.add,17.15,,,,118837.0
long-block1-5-P.txt,Exec/many_funcs.run,15.48,,,,130241.0
long-block1-6-M.txt,SharingExec/small,16.11,0.0,0.0,,
long-block1-6-M.txt,SharingExec/pressure,52.27,0.0,0.0,,
long-block1-6-M.txt,SharingExec/join,17.05,0.0,0.0,,
long-block1-6-M.txt,SharingExec/large,259.2,0.0,0.0,,
long-block1-6-M.txt,SharingExec/deep,16.18,0.0,0.0,,
long-block1-6-M.txt,SharingExec/locals,86.07,0.0,0.0,,
long-block1-6-M.txt,SharingExec/many,16.45,0.0,0.0,,
long-block1-6-M.txt,SharingExec/large_then_small,256.3,0.0,0.0,,
long-block1-6-M.txt,SharingExec/fallback,16.69,0.0,0.0,,
long-block1-6-M.txt,Exec/tiny.add,16.61,,,,131487.0
long-block1-6-M.txt,Exec/many_funcs.run,16.53,,,,121887.0
long-block2-1-M.txt,SharingExec/small,15.94,0.0,0.0,,
long-block2-1-M.txt,SharingExec/pressure,48.57,0.0,0.0,,
long-block2-1-M.txt,SharingExec/join,16.34,0.0,0.0,,
long-block2-1-M.txt,SharingExec/large,257.6,0.0,0.0,,
long-block2-1-M.txt,SharingExec/deep,16.23,0.0,0.0,,
long-block2-1-M.txt,SharingExec/locals,88.13,0.0,0.0,,
long-block2-1-M.txt,SharingExec/many,17.22,0.0,0.0,,
long-block2-1-M.txt,SharingExec/large_then_small,260.2,0.0,0.0,,
long-block2-1-M.txt,SharingExec/fallback,16.74,0.0,0.0,,
long-block2-1-M.txt,Exec/tiny.add,15.46,,,,131168.0
long-block2-1-M.txt,Exec/many_funcs.run,15.52,,,,131314.0
long-block2-2-P.txt,SharingExec/small,16.16,0.0,0.0,,
long-block2-2-P.txt,SharingExec/pressure,51.05,0.0,0.0,,
long-block2-2-P.txt,SharingExec/join,18.26,0.0,0.0,,
long-block2-2-P.txt,SharingExec/large,254.0,0.0,0.0,,
long-block2-2-P.txt,SharingExec/deep,15.9,0.0,0.0,,
long-block2-2-P.txt,SharingExec/locals,40.86,0.0,0.0,,
long-block2-2-P.txt,SharingExec/many,18.06,0.0,0.0,,
long-block2-2-P.txt,SharingExec/large_then_small,270.6,0.0,0.0,,
long-block2-2-P.txt,SharingExec/fallback,16.99,0.0,0.0,,
long-block2-2-P.txt,Exec/tiny.add,17.16,,,,120951.0
long-block2-2-P.txt,Exec/many_funcs.run,15.73,,,,130247.0
long-block2-3-F.txt,SharingExec/small,16.4,0.0,0.0,,
long-block2-3-F.txt,SharingExec/pressure,49.5,0.0,0.0,,
long-block2-3-F.txt,SharingExec/join,16.99,0.0,0.0,,
long-block2-3-F.txt,SharingExec/large,262.9,0.0,0.0,,
long-block2-3-F.txt,SharingExec/deep,16.49,0.0,0.0,,
long-block2-3-F.txt,SharingExec/locals,42.75,0.0,0.0,,
long-block2-3-F.txt,SharingExec/many,15.97,0.0,0.0,,
long-block2-3-F.txt,SharingExec/large_then_small,266.1,0.0,0.0,,
long-block2-3-F.txt,SharingExec/fallback,16.83,0.0,0.0,,
long-block2-3-F.txt,Exec/tiny.add,21.57,,,,132969.0
long-block2-3-F.txt,Exec/many_funcs.run,15.71,,,,129648.0
long-block2-4-F.txt,SharingExec/small,17.82,0.0,0.0,,
long-block2-4-F.txt,SharingExec/pressure,51.68,0.0,0.0,,
long-block2-4-F.txt,SharingExec/join,17.12,0.0,0.0,,
long-block2-4-F.txt,SharingExec/large,292.4,0.0,0.0,,
long-block2-4-F.txt,SharingExec/deep,17.25,0.0,0.0,,
long-block2-4-F.txt,SharingExec/locals,47.56,0.0,0.0,,
long-block2-4-F.txt,SharingExec/many,17.07,0.0,0.0,,
long-block2-4-F.txt,SharingExec/large_then_small,264.4,0.0,0.0,,
long-block2-4-F.txt,SharingExec/fallback,16.7,0.0,0.0,,
long-block2-4-F.txt,Exec/tiny.add,15.57,,,,130272.0
long-block2-4-F.txt,Exec/many_funcs.run,15.59,,,,130362.0
long-block2-5-P.txt,SharingExec/small,15.95,0.0,0.0,,
long-block2-5-P.txt,SharingExec/pressure,48.8,0.0,0.0,,
long-block2-5-P.txt,SharingExec/join,18.33,0.0,0.0,,
long-block2-5-P.txt,SharingExec/large,254.0,0.0,0.0,,
long-block2-5-P.txt,SharingExec/deep,16.19,0.0,0.0,,
long-block2-5-P.txt,SharingExec/locals,45.51,0.0,0.0,,
long-block2-5-P.txt,SharingExec/many,16.99,0.0,0.0,,
long-block2-5-P.txt,SharingExec/large_then_small,257.3,0.0,0.0,,
long-block2-5-P.txt,SharingExec/fallback,16.18,0.0,0.0,,
long-block2-5-P.txt,Exec/tiny.add,16.65,,,,121071.0
long-block2-5-P.txt,Exec/many_funcs.run,15.8,,,,133281.0
long-block2-6-M.txt,SharingExec/small,16.77,0.0,0.0,,
long-block2-6-M.txt,SharingExec/pressure,48.45,0.0,0.0,,
long-block2-6-M.txt,SharingExec/join,17.09,0.0,0.0,,
long-block2-6-M.txt,SharingExec/large,258.4,0.0,0.0,,
long-block2-6-M.txt,SharingExec/deep,17.7,0.0,0.0,,
long-block2-6-M.txt,SharingExec/locals,87.5,0.0,0.0,,
long-block2-6-M.txt,SharingExec/many,15.78,0.0,0.0,,
long-block2-6-M.txt,SharingExec/large_then_small,252.8,0.0,0.0,,
long-block2-6-M.txt,SharingExec/fallback,16.07,0.0,0.0,,
long-block2-6-M.txt,Exec/tiny.add,15.24,,,,133594.0
long-block2-6-M.txt,Exec/many_funcs.run,15.44,,,,80491.0
long-block3-1-M.txt,SharingExec/small,15.7,0.0,0.0,,
long-block3-1-M.txt,SharingExec/pressure,48.12,0.0,0.0,,
long-block3-1-M.txt,SharingExec/join,16.34,0.0,0.0,,
long-block3-1-M.txt,SharingExec/large,256.2,0.0,0.0,,
long-block3-1-M.txt,SharingExec/deep,15.99,0.0,0.0,,
long-block3-1-M.txt,SharingExec/locals,85.3,0.0,0.0,,
long-block3-1-M.txt,SharingExec/many,15.78,0.0,0.0,,
long-block3-1-M.txt,SharingExec/large_then_small,257.6,0.0,0.0,,
long-block3-1-M.txt,SharingExec/fallback,16.23,0.0,0.0,,
long-block3-1-M.txt,Exec/tiny.add,15.48,,,,133536.0
long-block3-1-M.txt,Exec/many_funcs.run,15.5,,,,128920.0
long-block3-2-P.txt,SharingExec/small,15.81,0.0,0.0,,
long-block3-2-P.txt,SharingExec/pressure,50.35,0.0,0.0,,
long-block3-2-P.txt,SharingExec/join,17.31,0.0,0.0,,
long-block3-2-P.txt,SharingExec/large,258.5,0.0,0.0,,
long-block3-2-P.txt,SharingExec/deep,16.29,0.0,0.0,,
long-block3-2-P.txt,SharingExec/locals,41.89,0.0,0.0,,
long-block3-2-P.txt,SharingExec/many,16.33,0.0,0.0,,
long-block3-2-P.txt,SharingExec/large_then_small,259.5,0.0,0.0,,
long-block3-2-P.txt,SharingExec/fallback,16.74,0.0,0.0,,
long-block3-2-P.txt,Exec/tiny.add,16.68,,,,120950.0
long-block3-2-P.txt,Exec/many_funcs.run,15.53,,,,129979.0
long-block3-3-F.txt,SharingExec/small,15.92,0.0,0.0,,
long-block3-3-F.txt,SharingExec/pressure,48.47,0.0,0.0,,
long-block3-3-F.txt,SharingExec/join,16.37,0.0,0.0,,
long-block3-3-F.txt,SharingExec/large,258.8,0.0,0.0,,
long-block3-3-F.txt,SharingExec/deep,15.91,0.0,0.0,,
long-block3-3-F.txt,SharingExec/locals,41.01,0.0,0.0,,
long-block3-3-F.txt,SharingExec/many,16.64,0.0,0.0,,
long-block3-3-F.txt,SharingExec/large_then_small,255.6,0.0,0.0,,
long-block3-3-F.txt,SharingExec/fallback,16.43,0.0,0.0,,
long-block3-3-F.txt,Exec/tiny.add,15.27,,,,132291.0
long-block3-3-F.txt,Exec/many_funcs.run,15.41,,,,133081.0
long-block3-4-F.txt,SharingExec/small,15.97,0.0,0.0,,
long-block3-4-F.txt,SharingExec/pressure,48.97,0.0,0.0,,
long-block3-4-F.txt,SharingExec/join,16.66,0.0,0.0,,
long-block3-4-F.txt,SharingExec/large,259.8,0.0,0.0,,
long-block3-4-F.txt,SharingExec/deep,16.21,0.0,0.0,,
long-block3-4-F.txt,SharingExec/locals,41.05,0.0,0.0,,
long-block3-4-F.txt,SharingExec/many,15.93,0.0,0.0,,
long-block3-4-F.txt,SharingExec/large_then_small,257.4,0.0,0.0,,
long-block3-4-F.txt,SharingExec/fallback,16.76,0.0,0.0,,
long-block3-4-F.txt,Exec/tiny.add,16.15,,,,133158.0
long-block3-4-F.txt,Exec/many_funcs.run,15.63,,,,133816.0
long-block3-5-P.txt,SharingExec/small,18.02,0.0,0.0,,
long-block3-5-P.txt,SharingExec/pressure,48.64,0.0,0.0,,
long-block3-5-P.txt,SharingExec/join,17.33,0.0,0.0,,
long-block3-5-P.txt,SharingExec/large,254.2,0.0,0.0,,
long-block3-5-P.txt,SharingExec/deep,16.19,0.0,0.0,,
long-block3-5-P.txt,SharingExec/locals,42.06,0.0,0.0,,
long-block3-5-P.txt,SharingExec/many,16.13,0.0,0.0,,
long-block3-5-P.txt,SharingExec/large_then_small,256.6,0.0,0.0,,
long-block3-5-P.txt,SharingExec/fallback,16.32,0.0,0.0,,
long-block3-5-P.txt,Exec/tiny.add,17.47,,,,124697.0
long-block3-5-P.txt,Exec/many_funcs.run,16.06,,,,125724.0
long-block3-6-M.txt,SharingExec/small,16.37,0.0,0.0,,
long-block3-6-M.txt,SharingExec/pressure,48.9,0.0,0.0,,
long-block3-6-M.txt,SharingExec/join,16.36,0.0,0.0,,
long-block3-6-M.txt,SharingExec/large,257.2,0.0,0.0,,
long-block3-6-M.txt,SharingExec/deep,15.76,0.0,0.0,,
long-block3-6-M.txt,SharingExec/locals,85.51,0.0,0.0,,
long-block3-6-M.txt,SharingExec/many,15.74,0.0,0.0,,
long-block3-6-M.txt,SharingExec/large_then_small,253.2,0.0,0.0,,
long-block3-6-M.txt,SharingExec/fallback,16.9,0.0,0.0,,
long-block3-6-M.txt,Exec/tiny.add,15.58,,,,132567.0
long-block3-6-M.txt,Exec/many_funcs.run,16.31,,,,129706.0
policy-exec-block1-1-normal.txt,SharingExec/small,27.67,0.0,0.0,,
policy-exec-block1-1-normal.txt,SharingExec/pressure,86.57,0.0,0.0,,
policy-exec-block1-1-normal.txt,SharingExec/join,26.33,0.0,0.0,,
policy-exec-block1-1-normal.txt,SharingExec/large,329.5,0.0,0.0,,
policy-exec-block1-1-normal.txt,SharingExec/deep,27.07,0.0,0.0,,
policy-exec-block1-1-normal.txt,SharingExec/locals,48.24,0.0,0.0,,
policy-exec-block1-1-normal.txt,SharingExec/many,18.3,0.0,0.0,,
policy-exec-block1-1-normal.txt,SharingExec/large_then_small,276.7,0.0,0.0,,
policy-exec-block1-1-normal.txt,SharingExec/fallback,18.77,0.0,0.0,,
policy-exec-block1-1-normal.txt,Exec/tiny.add,33.05,,,,68774.0
policy-exec-block1-1-normal.txt,Exec/fib_rec.fib,867144.0,,,,3.0
policy-exec-block1-1-normal.txt,Exec/many_funcs.run,18.59,,,,122817.0
policy-exec-block1-1-normal.txt,Exec/json-as.serializeN,30712.0,,,,82.0
policy-exec-block1-1-normal.txt,Exec/json-as.deserializeN,48100.0,,,,43.0
policy-exec-block1-1-normal.txt,Exec/xxhash.xxhash_run,135996.0,,,,15.0
policy-exec-block1-2-no-thp.txt,SharingExec/small,17.83,0.0,0.0,,
policy-exec-block1-2-no-thp.txt,SharingExec/pressure,64.78,0.0,0.0,,
policy-exec-block1-2-no-thp.txt,SharingExec/join,18.1,0.0,0.0,,
policy-exec-block1-2-no-thp.txt,SharingExec/large,266.7,0.0,0.0,,
policy-exec-block1-2-no-thp.txt,SharingExec/deep,17.71,0.0,0.0,,
policy-exec-block1-2-no-thp.txt,SharingExec/locals,46.15,0.0,0.0,,
policy-exec-block1-2-no-thp.txt,SharingExec/many,17.74,0.0,0.0,,
policy-exec-block1-2-no-thp.txt,SharingExec/large_then_small,269.5,0.0,0.0,,
policy-exec-block1-2-no-thp.txt,SharingExec/fallback,21.67,0.0,0.0,,
policy-exec-block1-2-no-thp.txt,Exec/tiny.add,18.0,,,,126765.0
policy-exec-block1-2-no-thp.txt,Exec/fib_rec.fib,848913.0,,,,3.0
policy-exec-block1-2-no-thp.txt,Exec/many_funcs.run,19.45,,,,119417.0
policy-exec-block1-2-no-thp.txt,Exec/json-as.serializeN,27931.0,,,,82.0
policy-exec-block1-2-no-thp.txt,Exec/json-as.deserializeN,48753.0,,,,47.0
policy-exec-block1-2-no-thp.txt,Exec/xxhash.xxhash_run,184622.0,,,,15.0
policy-exec-block1-3-no-thp.txt,SharingExec/small,25.95,0.0,0.0,,
policy-exec-block1-3-no-thp.txt,SharingExec/pressure,91.99,0.0,0.0,,
policy-exec-block1-3-no-thp.txt,SharingExec/join,26.58,0.0,0.0,,
policy-exec-block1-3-no-thp.txt,SharingExec/large,318.9,0.0,0.0,,
policy-exec-block1-3-no-thp.txt,SharingExec/deep,27.08,0.0,0.0,,
policy-exec-block1-3-no-thp.txt,SharingExec/locals,80.2,0.0,0.0,,
policy-exec-block1-3-no-thp.txt,SharingExec/many,29.35,0.0,0.0,,
policy-exec-block1-3-no-thp.txt,SharingExec/large_then_small,340.7,0.0,0.0,,
policy-exec-block1-3-no-thp.txt,SharingExec/fallback,28.66,0.0,0.0,,
policy-exec-block1-3-no-thp.txt,Exec/tiny.add,27.44,,,,75206.0
policy-exec-block1-3-no-thp.txt,Exec/fib_rec.fib,1385658.0,,,,2.0
policy-exec-block1-3-no-thp.txt,Exec/many_funcs.run,26.77,,,,86802.0
policy-exec-block1-3-no-thp.txt,Exec/json-as.serializeN,42014.0,,,,50.0
policy-exec-block1-3-no-thp.txt,Exec/json-as.deserializeN,69392.0,,,,33.0
policy-exec-block1-3-no-thp.txt,Exec/xxhash.xxhash_run,142154.0,,,,16.0
policy-exec-block1-4-normal.txt,SharingExec/small,18.65,0.0,0.0,,
policy-exec-block1-4-normal.txt,SharingExec/pressure,52.93,0.0,0.0,,
policy-exec-block1-4-normal.txt,SharingExec/join,17.8,0.0,0.0,,
policy-exec-block1-4-normal.txt,SharingExec/large,273.9,0.0,0.0,,
policy-exec-block1-4-normal.txt,SharingExec/deep,18.96,0.0,0.0,,
policy-exec-block1-4-normal.txt,SharingExec/locals,44.49,0.0,0.0,,
policy-exec-block1-4-normal.txt,SharingExec/many,16.85,0.0,0.0,,
policy-exec-block1-4-normal.txt,SharingExec/large_then_small,258.0,0.0,0.0,,
policy-exec-block1-4-normal.txt,SharingExec/fallback,17.7,0.0,0.0,,
policy-exec-block1-4-normal.txt,Exec/tiny.add,17.94,,,,129563.0
policy-exec-block1-4-normal.txt,Exec/fib_rec.fib,761843.0,,,,3.0
policy-exec-block1-4-normal.txt,Exec/many_funcs.run,15.99,,,,127818.0
policy-exec-block1-4-normal.txt,Exec/json-as.serializeN,23665.0,,,,90.0
policy-exec-block1-4-normal.txt,Exec/json-as.deserializeN,43142.0,,,,54.0
policy-exec-block1-4-normal.txt,Exec/xxhash.xxhash_run,137538.0,,,,15.0
policy-exec-block2-1-normal.txt,SharingExec/small,17.02,0.0,0.0,,
policy-exec-block2-1-normal.txt,SharingExec/pressure,47.78,0.0,0.0,,
policy-exec-block2-1-normal.txt,SharingExec/join,16.24,0.0,0.0,,
policy-exec-block2-1-normal.txt,SharingExec/large,256.1,0.0,0.0,,
policy-exec-block2-1-normal.txt,SharingExec/deep,16.32,0.0,0.0,,
policy-exec-block2-1-normal.txt,SharingExec/locals,42.34,0.0,0.0,,
policy-exec-block2-1-normal.txt,SharingExec/many,18.01,0.0,0.0,,
policy-exec-block2-1-normal.txt,SharingExec/large_then_small,252.6,0.0,0.0,,
policy-exec-block2-1-normal.txt,SharingExec/fallback,16.15,0.0,0.0,,
policy-exec-block2-1-normal.txt,Exec/tiny.add,15.62,,,,131664.0
policy-exec-block2-1-normal.txt,Exec/fib_rec.fib,684838.0,,,,3.0
policy-exec-block2-1-normal.txt,Exec/many_funcs.run,16.72,,,,131222.0
policy-exec-block2-1-normal.txt,Exec/json-as.serializeN,23776.0,,,,97.0
policy-exec-block2-1-normal.txt,Exec/json-as.deserializeN,43326.0,,,,56.0
policy-exec-block2-1-normal.txt,Exec/xxhash.xxhash_run,128651.0,,,,17.0
policy-exec-block2-2-no-thp.txt,SharingExec/small,16.55,0.0,0.0,,
policy-exec-block2-2-no-thp.txt,SharingExec/pressure,46.97,0.0,0.0,,
policy-exec-block2-2-no-thp.txt,SharingExec/join,16.01,0.0,0.0,,
policy-exec-block2-2-no-thp.txt,SharingExec/large,251.8,0.0,0.0,,
policy-exec-block2-2-no-thp.txt,SharingExec/deep,16.23,0.0,0.0,,
policy-exec-block2-2-no-thp.txt,SharingExec/locals,41.26,0.0,0.0,,
policy-exec-block2-2-no-thp.txt,SharingExec/many,16.17,0.0,0.0,,
policy-exec-block2-2-no-thp.txt,SharingExec/large_then_small,266.3,0.0,0.0,,
policy-exec-block2-2-no-thp.txt,SharingExec/fallback,15.95,0.0,0.0,,
policy-exec-block2-2-no-thp.txt,Exec/tiny.add,29.09,,,,70218.0
policy-exec-block2-2-no-thp.txt,Exec/fib_rec.fib,729458.0,,,,3.0
policy-exec-block2-2-no-thp.txt,Exec/many_funcs.run,15.45,,,,130602.0
policy-exec-block2-2-no-thp.txt,Exec/json-as.serializeN,22713.0,,,,89.0
policy-exec-block2-2-no-thp.txt,Exec/json-as.deserializeN,41907.0,,,,57.0
policy-exec-block2-2-no-thp.txt,Exec/xxhash.xxhash_run,123379.0,,,,16.0
policy-exec-block2-3-no-thp.txt,SharingExec/small,15.58,0.0,0.0,,
policy-exec-block2-3-no-thp.txt,SharingExec/pressure,46.92,0.0,0.0,,
policy-exec-block2-3-no-thp.txt,SharingExec/join,16.42,0.0,0.0,,
policy-exec-block2-3-no-thp.txt,SharingExec/large,250.4,0.0,0.0,,
policy-exec-block2-3-no-thp.txt,SharingExec/deep,18.47,0.0,0.0,,
policy-exec-block2-3-no-thp.txt,SharingExec/locals,43.04,0.0,0.0,,
policy-exec-block2-3-no-thp.txt,SharingExec/many,16.14,0.0,0.0,,
policy-exec-block2-3-no-thp.txt,SharingExec/large_then_small,255.1,0.0,0.0,,
policy-exec-block2-3-no-thp.txt,SharingExec/fallback,16.93,0.0,0.0,,
policy-exec-block2-3-no-thp.txt,Exec/tiny.add,16.16,,,,133913.0
policy-exec-block2-3-no-thp.txt,Exec/fib_rec.fib,683559.0,,,,3.0
policy-exec-block2-3-no-thp.txt,Exec/many_funcs.run,15.3,,,,134355.0
policy-exec-block2-3-no-thp.txt,Exec/json-as.serializeN,22919.0,,,,94.0
policy-exec-block2-3-no-thp.txt,Exec/json-as.deserializeN,42154.0,,,,56.0
policy-exec-block2-3-no-thp.txt,Exec/xxhash.xxhash_run,149117.0,,,,16.0
policy-exec-block2-4-normal.txt,SharingExec/small,16.06,0.0,0.0,,
policy-exec-block2-4-normal.txt,SharingExec/pressure,49.8,0.0,0.0,,
policy-exec-block2-4-normal.txt,SharingExec/join,16.69,0.0,0.0,,
policy-exec-block2-4-normal.txt,SharingExec/large,250.6,0.0,0.0,,
policy-exec-block2-4-normal.txt,SharingExec/deep,16.7,0.0,0.0,,
policy-exec-block2-4-normal.txt,SharingExec/locals,42.45,0.0,0.0,,
policy-exec-block2-4-normal.txt,SharingExec/many,15.87,0.0,0.0,,
policy-exec-block2-4-normal.txt,SharingExec/large_then_small,254.1,0.0,0.0,,
policy-exec-block2-4-normal.txt,SharingExec/fallback,16.71,0.0,0.0,,
policy-exec-block2-4-normal.txt,Exec/tiny.add,16.05,,,,131125.0
policy-exec-block2-4-normal.txt,Exec/fib_rec.fib,710208.0,,,,3.0
policy-exec-block2-4-normal.txt,Exec/many_funcs.run,15.91,,,,133660.0
policy-exec-block2-4-normal.txt,Exec/json-as.serializeN,23508.0,,,,94.0
policy-exec-block2-4-normal.txt,Exec/json-as.deserializeN,42912.0,,,,52.0
policy-exec-block2-4-normal.txt,Exec/xxhash.xxhash_run,128341.0,,,,16.0
policy-exec-block3-1-normal.txt,SharingExec/small,16.19,0.0,0.0,,
policy-exec-block3-1-normal.txt,SharingExec/pressure,48.04,0.0,0.0,,
policy-exec-block3-1-normal.txt,SharingExec/join,17.1,0.0,0.0,,
policy-exec-block3-1-normal.txt,SharingExec/large,256.4,0.0,0.0,,
policy-exec-block3-1-normal.txt,SharingExec/deep,16.59,0.0,0.0,,
policy-exec-block3-1-normal.txt,SharingExec/locals,41.56,0.0,0.0,,
policy-exec-block3-1-normal.txt,SharingExec/many,16.53,0.0,0.0,,
policy-exec-block3-1-normal.txt,SharingExec/large_then_small,254.3,0.0,0.0,,
policy-exec-block3-1-normal.txt,SharingExec/fallback,17.47,0.0,0.0,,
policy-exec-block3-1-normal.txt,Exec/tiny.add,52.4,,,,38239.0
policy-exec-block3-1-normal.txt,Exec/fib_rec.fib,709117.0,,,,3.0
policy-exec-block3-1-normal.txt,Exec/many_funcs.run,15.63,,,,130406.0
policy-exec-block3-1-normal.txt,Exec/json-as.serializeN,22888.0,,,,95.0
policy-exec-block3-1-normal.txt,Exec/json-as.deserializeN,42655.0,,,,56.0
policy-exec-block3-1-normal.txt,Exec/xxhash.xxhash_run,125578.0,,,,16.0
policy-exec-block3-2-no-thp.txt,SharingExec/small,16.12,0.0,0.0,,
policy-exec-block3-2-no-thp.txt,SharingExec/pressure,47.91,0.0,0.0,,
policy-exec-block3-2-no-thp.txt,SharingExec/join,17.99,0.0,0.0,,
policy-exec-block3-2-no-thp.txt,SharingExec/large,252.7,0.0,0.0,,
policy-exec-block3-2-no-thp.txt,SharingExec/deep,16.15,0.0,0.0,,
policy-exec-block3-2-no-thp.txt,SharingExec/locals,42.73,0.0,0.0,,
policy-exec-block3-2-no-thp.txt,SharingExec/many,16.25,0.0,0.0,,
policy-exec-block3-2-no-thp.txt,SharingExec/large_then_small,253.5,0.0,0.0,,
policy-exec-block3-2-no-thp.txt,SharingExec/fallback,16.23,0.0,0.0,,
policy-exec-block3-2-no-thp.txt,Exec/tiny.add,15.73,,,,131601.0
policy-exec-block3-2-no-thp.txt,Exec/fib_rec.fib,778856.0,,,,3.0
policy-exec-block3-2-no-thp.txt,Exec/many_funcs.run,15.57,,,,131778.0
policy-exec-block3-2-no-thp.txt,Exec/json-as.serializeN,23408.0,,,,95.0
policy-exec-block3-2-no-thp.txt,Exec/json-as.deserializeN,42993.0,,,,56.0
policy-exec-block3-2-no-thp.txt,Exec/xxhash.xxhash_run,125426.0,,,,17.0
policy-exec-block3-3-no-thp.txt,SharingExec/small,18.99,0.0,0.0,,
policy-exec-block3-3-no-thp.txt,SharingExec/pressure,50.91,0.0,0.0,,
policy-exec-block3-3-no-thp.txt,SharingExec/join,16.25,0.0,0.0,,
policy-exec-block3-3-no-thp.txt,SharingExec/large,252.5,0.0,0.0,,
policy-exec-block3-3-no-thp.txt,SharingExec/deep,15.83,0.0,0.0,,
policy-exec-block3-3-no-thp.txt,SharingExec/locals,41.3,0.0,0.0,,
policy-exec-block3-3-no-thp.txt,SharingExec/many,16.32,0.0,0.0,,
policy-exec-block3-3-no-thp.txt,SharingExec/large_then_small,248.8,0.0,0.0,,
policy-exec-block3-3-no-thp.txt,SharingExec/fallback,15.86,0.0,0.0,,
policy-exec-block3-3-no-thp.txt,Exec/tiny.add,15.16,,,,135083.0
policy-exec-block3-3-no-thp.txt,Exec/fib_rec.fib,681551.0,,,,3.0
policy-exec-block3-3-no-thp.txt,Exec/many_funcs.run,15.24,,,,132557.0
policy-exec-block3-3-no-thp.txt,Exec/json-as.serializeN,22498.0,,,,96.0
policy-exec-block3-3-no-thp.txt,Exec/json-as.deserializeN,41895.0,,,,56.0
policy-exec-block3-3-no-thp.txt,Exec/xxhash.xxhash_run,126503.0,,,,16.0
policy-exec-block3-4-normal.txt,SharingExec/small,15.5,0.0,0.0,,
policy-exec-block3-4-normal.txt,SharingExec/pressure,46.94,0.0,0.0,,
policy-exec-block3-4-normal.txt,SharingExec/join,15.86,0.0,0.0,,
policy-exec-block3-4-normal.txt,SharingExec/large,250.0,0.0,0.0,,
policy-exec-block3-4-normal.txt,SharingExec/deep,15.62,0.0,0.0,,
policy-exec-block3-4-normal.txt,SharingExec/locals,40.3,0.0,0.0,,
policy-exec-block3-4-normal.txt,SharingExec/many,15.58,0.0,0.0,,
policy-exec-block3-4-normal.txt,SharingExec/large_then_small,252.1,0.0,0.0,,
policy-exec-block3-4-normal.txt,SharingExec/fallback,17.11,0.0,0.0,,
policy-exec-block3-4-normal.txt,Exec/tiny.add,52.76,,,,40353.0
policy-exec-block3-4-normal.txt,Exec/fib_rec.fib,687272.0,,,,3.0
policy-exec-block3-4-normal.txt,Exec/many_funcs.run,15.78,,,,132101.0
policy-exec-block3-4-normal.txt,Exec/json-as.serializeN,24604.0,,,,91.0
policy-exec-block3-4-normal.txt,Exec/json-as.deserializeN,44078.0,,,,53.0
policy-exec-block3-4-normal.txt,Exec/xxhash.xxhash_run,126193.0,,,,16.0
repeat-compile-block1-1-M.txt,SharingFull/fallback,10499.0,15776.0,74.0,,
repeat-compile-block1-2-P.txt,SharingFull/fallback,10245.0,16032.0,74.0,,
repeat-compile-block1-3-F.txt,SharingFull/fallback,10825.0,16032.0,74.0,,
repeat-compile-block1-4-F.txt,SharingFull/fallback,10520.0,16032.0,74.0,,
repeat-compile-block1-5-P.txt,SharingFull/fallback,10735.0,16032.0,74.0,,
repeat-compile-block1-6-M.txt,SharingFull/fallback,10434.0,15776.0,74.0,,
repeat-compile-block2-1-M.txt,SharingFull/fallback,11098.0,15776.0,74.0,,
repeat-compile-block2-2-P.txt,SharingFull/fallback,10900.0,16032.0,74.0,,
repeat-compile-block2-3-F.txt,SharingFull/fallback,10596.0,16032.0,74.0,,
repeat-compile-block2-4-F.txt,SharingFull/fallback,11603.0,16032.0,74.0,,
repeat-compile-block2-5-P.txt,SharingFull/fallback,10361.0,16032.0,74.0,,
repeat-compile-block2-6-M.txt,SharingFull/fallback,10536.0,15776.0,74.0,,
repeat-compile-block3-1-M.txt,SharingFull/fallback,10418.0,15776.0,74.0,,
repeat-compile-block3-2-P.txt,SharingFull/fallback,10726.0,16032.0,74.0,,
repeat-compile-block3-3-F.txt,SharingFull/fallback,10232.0,16032.0,74.0,,
repeat-compile-block3-4-F.txt,SharingFull/fallback,11483.0,16032.0,74.0,,
repeat-compile-block3-5-P.txt,SharingFull/fallback,11052.0,16032.0,74.0,,
repeat-compile-block3-6-M.txt,SharingFull/fallback,11173.0,15776.0,74.0,,
repeat-execution-block1-1-M.txt,SharingExec/join,16.47,0.0,0.0,,
repeat-execution-block1-1-M.txt,Exec/tiny.add,16.23,,,,131548.0
repeat-execution-block1-2-P.txt,SharingExec/join,17.6,0.0,0.0,,
repeat-execution-block1-2-P.txt,Exec/tiny.add,16.57,,,,117991.0
repeat-execution-block1-3-F.txt,SharingExec/join,16.34,0.0,0.0,,
repeat-execution-block1-3-F.txt,Exec/tiny.add,15.56,,,,133787.0
repeat-execution-block1-4-F.txt,SharingExec/join,16.21,0.0,0.0,,
repeat-execution-block1-4-F.txt,Exec/tiny.add,15.4,,,,132565.0
repeat-execution-block1-5-P.txt,SharingExec/join,19.67,0.0,0.0,,
repeat-execution-block1-5-P.txt,Exec/tiny.add,16.66,,,,121643.0
repeat-execution-block1-6-M.txt,SharingExec/join,16.3,0.0,0.0,,
repeat-execution-block1-6-M.txt,Exec/tiny.add,15.59,,,,123928.0
repeat-execution-block2-1-M.txt,SharingExec/join,18.41,0.0,0.0,,
repeat-execution-block2-1-M.txt,Exec/tiny.add,16.32,,,,127874.0
repeat-execution-block2-2-P.txt,SharingExec/join,18.07,0.0,0.0,,
repeat-execution-block2-2-P.txt,Exec/tiny.add,16.94,,,,125127.0
repeat-execution-block2-3-F.txt,SharingExec/join,16.51,0.0,0.0,,
repeat-execution-block2-3-F.txt,Exec/tiny.add,15.74,,,,132541.0
repeat-execution-block2-4-F.txt,SharingExec/join,17.0,0.0,0.0,,
repeat-execution-block2-4-F.txt,Exec/tiny.add,16.25,,,,128083.0
repeat-execution-block2-5-P.txt,SharingExec/join,17.92,0.0,0.0,,
repeat-execution-block2-5-P.txt,Exec/tiny.add,16.76,,,,123606.0
repeat-execution-block2-6-M.txt,SharingExec/join,16.76,0.0,0.0,,
repeat-execution-block2-6-M.txt,Exec/tiny.add,17.3,,,,128096.0
repeat-execution-block3-1-M.txt,SharingExec/join,15.98,0.0,0.0,,
repeat-execution-block3-1-M.txt,Exec/tiny.add,15.5,,,,133426.0
repeat-execution-block3-2-P.txt,SharingExec/join,17.86,0.0,0.0,,
repeat-execution-block3-2-P.txt,Exec/tiny.add,16.65,,,,123006.0
repeat-execution-block3-3-F.txt,SharingExec/join,16.25,0.0,0.0,,
repeat-execution-block3-3-F.txt,Exec/tiny.add,16.08,,,,128539.0
repeat-execution-block3-4-F.txt,SharingExec/join,16.88,0.0,0.0,,
repeat-execution-block3-4-F.txt,Exec/tiny.add,15.72,,,,132974.0
repeat-execution-block3-5-P.txt,SharingExec/join,18.17,0.0,0.0,,
repeat-execution-block3-5-P.txt,Exec/tiny.add,16.91,,,,125080.0
repeat-execution-block3-6-M.txt,SharingExec/join,16.22,0.0,0.0,,
repeat-execution-block3-6-M.txt,Exec/tiny.add,15.43,,,,131715.0
timing-block1-1-M.txt,SharingNative/small,10595.0,8248.0,21.0,,
timing-block1-1-M.txt,SharingNative/pressure,29998.0,19488.0,18.0,,
timing-block1-1-M.txt,SharingNative/join,12635.0,10152.0,26.0,,
timing-block1-1-M.txt,SharingNative/large,209189.0,228544.0,24.0,,
timing-block1-1-M.txt,SharingNative/deep,15311.0,11504.0,22.0,,
timing-block1-1-M.txt,SharingNative/locals,37513.0,29192.0,21.0,,
timing-block1-1-M.txt,SharingNative/many,609244.0,50600.0,24.0,,
timing-block1-1-M.txt,SharingNative/large_then_small,876808.0,275320.0,30.0,,
timing-block1-1-M.txt,SharingNative/fallback,10870.0,8248.0,21.0,,
timing-block1-1-M.txt,SharingFull/small,11331.0,15776.0,74.0,,
timing-block1-1-M.txt,SharingFull/pressure,37460.0,31449.0,75.0,,
timing-block1-1-M.txt,SharingFull/join,13376.0,17688.0,80.0,,
timing-block1-1-M.txt,SharingFull/large,301664.0,315927.0,87.0,,
timing-block1-1-M.txt,SharingFull/deep,20482.0,24961.0,83.0,,
timing-block1-1-M.txt,SharingFull/locals,58248.0,41242.0,73.0,,
timing-block1-1-M.txt,SharingFull/many,882915.0,243900.0,588.0,,
timing-block1-1-M.txt,SharingFull/large_then_small,1302877.0,514234.0,595.0,,
timing-block1-1-M.txt,SharingFull/fallback,12400.0,15776.0,74.0,,
timing-block1-1-M.txt,SharingExec/small,17.63,0.0,0.0,,
timing-block1-1-M.txt,SharingExec/pressure,54.22,0.0,0.0,,
timing-block1-1-M.txt,SharingExec/join,16.76,0.0,0.0,,
timing-block1-1-M.txt,SharingExec/large,256.0,0.0,0.0,,
timing-block1-1-M.txt,SharingExec/deep,16.54,0.0,0.0,,
timing-block1-1-M.txt,SharingExec/locals,90.16,0.0,0.0,,
timing-block1-1-M.txt,SharingExec/many,19.38,0.0,0.0,,
timing-block1-1-M.txt,SharingExec/large_then_small,293.2,0.0,0.0,,
timing-block1-1-M.txt,SharingExec/fallback,25.05,0.0,0.0,,
timing-block1-1-M.txt,SharingZeroLocals/1,13994.0,8216.0,20.0,,
timing-block1-1-M.txt,SharingZeroLocals/8,13639.0,8360.0,22.0,,
timing-block1-1-M.txt,SharingZeroLocals/64,16478.0,9064.0,19.0,,
timing-block1-1-M.txt,SharingZeroLocals/256,21993.0,14569.0,16.0,,
timing-block1-1-M.txt,Compile/tiny,16257.0,8344.0,22.0,,
timing-block1-1-M.txt,Compile/fib_rec,30408.0,26792.0,50.0,,
timing-block1-1-M.txt,Compile/many_funcs,495977.0,69272.0,31.0,,
timing-block1-1-M.txt,Compile/json-as,1907065.0,134624.0,125.0,,
timing-block1-1-M.txt,Compile/xxhash,155182.0,65720.0,58.0,,
timing-block1-1-M.txt,CompileFull/tiny,29013.0,18416.0,91.0,96.0,
timing-block1-1-M.txt,CompileFull/fib_rec,39354.0,35497.0,107.0,320.0,
timing-block1-1-M.txt,CompileFull/many_funcs,1023421.0,179337.0,85.0,7771.0,
timing-block1-1-M.txt,CompileFull/json-as,2235992.0,309673.0,399.0,67398.0,
timing-block1-1-M.txt,CompileFull/xxhash,159947.0,107228.0,146.0,3301.0,
timing-block1-1-M.txt,Exec/tiny.add,22.67,,,,131135.0
timing-block1-1-M.txt,Exec/fib_rec.fib,708370.0,,,,3.0
timing-block1-1-M.txt,Exec/many_funcs.run,15.99,,,,129142.0
timing-block1-1-M.txt,Exec/json-as.serializeN,24364.0,,,,100.0
timing-block1-1-M.txt,Exec/json-as.deserializeN,43337.0,,,,54.0
timing-block1-1-M.txt,Exec/xxhash.xxhash_run,125829.0,,,,17.0
timing-block1-2-P.txt,SharingNative/small,10756.0,7536.0,20.0,,
timing-block1-2-P.txt,SharingNative/pressure,21273.0,10072.0,23.0,,
timing-block1-2-P.txt,SharingNative/join,11693.0,7936.0,21.0,,
timing-block1-2-P.txt,SharingNative/large,122341.0,9416.0,18.0,,
timing-block1-2-P.txt,SharingNative/deep,11638.0,8496.0,21.0,,
timing-block1-2-P.txt,SharingNative/locals,22632.0,14160.0,22.0,,
timing-block1-2-P.txt,SharingNative/many,589319.0,49888.0,23.0,,
timing-block1-2-P.txt,SharingNative/large_then_small,703154.0,56192.0,24.0,,
timing-block1-2-P.txt,SharingNative/fallback,11317.0,8504.0,21.0,,
timing-block1-2-P.txt,SharingFull/small,12335.0,15064.0,73.0,,
timing-block1-2-P.txt,SharingFull/pressure,30608.0,22033.0,80.0,,
timing-block1-2-P.txt,SharingFull/join,13579.0,15472.0,75.0,,
timing-block1-2-P.txt,SharingFull/large,257524.0,95523.0,81.0,,
timing-block1-2-P.txt,SharingFull/deep,15382.0,21953.0,82.0,,
timing-block1-2-P.txt,SharingFull/locals,35383.0,26217.0,74.0,,
timing-block1-2-P.txt,SharingFull/many,839229.0,243188.0,587.0,,
timing-block1-2-P.txt,SharingFull/large_then_small,1082487.0,295103.0,589.0,,
timing-block1-2-P.txt,SharingFull/fallback,12335.0,16032.0,74.0,,
timing-block1-2-P.txt,SharingExec/small,15.88,0.0,0.0,,
timing-block1-2-P.txt,SharingExec/pressure,47.71,0.0,0.0,,
timing-block1-2-P.txt,SharingExec/join,17.25,0.0,0.0,,
timing-block1-2-P.txt,SharingExec/large,248.8,0.0,0.0,,
timing-block1-2-P.txt,SharingExec/deep,16.31,0.0,0.0,,
timing-block1-2-P.txt,SharingExec/locals,40.87,0.0,0.0,,
timing-block1-2-P.txt,SharingExec/many,15.83,0.0,0.0,,
timing-block1-2-P.txt,SharingExec/large_then_small,253.1,0.0,0.0,,
timing-block1-2-P.txt,SharingExec/fallback,16.07,0.0,0.0,,
timing-block1-2-P.txt,SharingZeroLocals/1,11648.0,7416.0,20.0,,
timing-block1-2-P.txt,SharingZeroLocals/8,11911.0,7544.0,20.0,,
timing-block1-2-P.txt,SharingZeroLocals/64,13168.0,8520.0,17.0,,
timing-block1-2-P.txt,SharingZeroLocals/256,17016.0,11976.0,17.0,,
timing-block1-2-P.txt,Compile/tiny,14325.0,7672.0,23.0,,
timing-block1-2-P.txt,Compile/fib_rec,25123.0,27048.0,50.0,,
timing-block1-2-P.txt,Compile/many_funcs,413792.0,69680.0,35.0,,
timing-block1-2-P.txt,Compile/json-as,1286395.0,134880.0,125.0,,
timing-block1-2-P.txt,Compile/xxhash,115304.0,65976.0,58.0,,
timing-block1-2-P.txt,CompileFull/tiny,14899.0,17752.0,92.0,102.0,
timing-block1-2-P.txt,CompileFull/fib_rec,26810.0,35753.0,107.0,320.0,
timing-block1-2-P.txt,CompileFull/many_funcs,614104.0,179745.0,89.0,8363.0,
timing-block1-2-P.txt,CompileFull/json-as,2087354.0,309929.0,399.0,67398.0,
timing-block1-2-P.txt,CompileFull/xxhash,253298.0,107500.0,146.0,3301.0,
timing-block1-2-P.txt,Exec/tiny.add,25.31,,,,75246.0
timing-block1-2-P.txt,Exec/fib_rec.fib,689976.0,,,,3.0
timing-block1-2-P.txt,Exec/many_funcs.run,15.18,,,,133115.0
timing-block1-2-P.txt,Exec/json-as.serializeN,22545.0,,,,92.0
timing-block1-2-P.txt,Exec/json-as.deserializeN,42766.0,,,,55.0
timing-block1-2-P.txt,Exec/xxhash.xxhash_run,126977.0,,,,16.0
timing-block1-3-F.txt,SharingNative/small,9724.0,7536.0,20.0,,
timing-block1-3-F.txt,SharingNative/pressure,20284.0,10072.0,23.0,,
timing-block1-3-F.txt,SharingNative/join,11514.0,7936.0,21.0,,
timing-block1-3-F.txt,SharingNative/large,148995.0,9416.0,18.0,,
timing-block1-3-F.txt,SharingNative/deep,11633.0,8496.0,21.0,,
timing-block1-3-F.txt,SharingNative/locals,22260.0,14160.0,22.0,,
timing-block1-3-F.txt,SharingNative/many,577222.0,49888.0,23.0,,
timing-block1-3-F.txt,SharingNative/large_then_small,689871.0,56192.0,24.0,,
timing-block1-3-F.txt,SharingNative/fallback,10643.0,8504.0,21.0,,
timing-block1-3-F.txt,SharingFull/small,10797.0,15064.0,73.0,,
timing-block1-3-F.txt,SharingFull/pressure,29578.0,22033.0,80.0,,
timing-block1-3-F.txt,SharingFull/join,11494.0,15472.0,75.0,,
timing-block1-3-F.txt,SharingFull/large,255563.0,95523.0,81.0,,
timing-block1-3-F.txt,SharingFull/deep,13558.0,21953.0,82.0,,
timing-block1-3-F.txt,SharingFull/locals,33377.0,26217.0,74.0,,
timing-block1-3-F.txt,SharingFull/many,787352.0,243188.0,587.0,,
timing-block1-3-F.txt,SharingFull/large_then_small,1062607.0,295103.0,589.0,,
timing-block1-3-F.txt,SharingFull/fallback,12077.0,16032.0,74.0,,
timing-block1-3-F.txt,SharingExec/small,17.0,0.0,0.0,,
timing-block1-3-F.txt,SharingExec/pressure,49.33,0.0,0.0,,
timing-block1-3-F.txt,SharingExec/join,16.72,0.0,0.0,,
timing-block1-3-F.txt,SharingExec/large,255.5,0.0,0.0,,
timing-block1-3-F.txt,SharingExec/deep,16.41,0.0,0.0,,
timing-block1-3-F.txt,SharingExec/locals,42.54,0.0,0.0,,
timing-block1-3-F.txt,SharingExec/many,16.88,0.0,0.0,,
timing-block1-3-F.txt,SharingExec/large_then_small,256.7,0.0,0.0,,
timing-block1-3-F.txt,SharingExec/fallback,17.1,0.0,0.0,,
timing-block1-3-F.txt,SharingZeroLocals/1,11940.0,7416.0,20.0,,
timing-block1-3-F.txt,SharingZeroLocals/8,12160.0,7544.0,20.0,,
timing-block1-3-F.txt,SharingZeroLocals/64,12483.0,8520.0,17.0,,
timing-block1-3-F.txt,SharingZeroLocals/256,15507.0,11976.0,17.0,,
timing-block1-3-F.txt,Compile/tiny,13850.0,8672.0,24.0,,
timing-block1-3-F.txt,Compile/fib_rec,25211.0,27048.0,50.0,,
timing-block1-3-F.txt,Compile/many_funcs,405736.0,69680.0,35.0,,
timing-block1-3-F.txt,Compile/json-as,1378957.0,134880.0,125.0,,
timing-block1-3-F.txt,Compile/xxhash,130497.0,65976.0,58.0,,
timing-block1-3-F.txt,CompileFull/tiny,21843.0,18752.0,93.0,96.0,
timing-block1-3-F.txt,CompileFull/fib_rec,25770.0,35753.0,107.0,320.0,
timing-block1-3-F.txt,CompileFull/many_funcs,556182.0,179745.0,89.0,8363.0,
timing-block1-3-F.txt,CompileFull/json-as,1972049.0,309932.0,399.0,67398.0,
timing-block1-3-F.txt,CompileFull/xxhash,160262.0,107500.0,146.0,3301.0,
timing-block1-3-F.txt,Exec/tiny.add,15.8,,,,130395.0
timing-block1-3-F.txt,Exec/fib_rec.fib,733296.0,,,,3.0
timing-block1-3-F.txt,Exec/many_funcs.run,16.5,,,,124478.0
timing-block1-3-F.txt,Exec/json-as.serializeN,24387.0,,,,89.0
timing-block1-3-F.txt,Exec/json-as.deserializeN,42907.0,,,,55.0
timing-block1-3-F.txt,Exec/xxhash.xxhash_run,129781.0,,,,16.0
timing-block1-4-F.txt,SharingNative/small,10074.0,7536.0,20.0,,
timing-block1-4-F.txt,SharingNative/pressure,22209.0,10072.0,23.0,,
timing-block1-4-F.txt,SharingNative/join,12980.0,7936.0,21.0,,
timing-block1-4-F.txt,SharingNative/large,152140.0,9416.0,18.0,,
timing-block1-4-F.txt,SharingNative/deep,11448.0,8496.0,21.0,,
timing-block1-4-F.txt,SharingNative/locals,21034.0,14160.0,22.0,,
timing-block1-4-F.txt,SharingNative/many,556707.0,49888.0,23.0,,
timing-block1-4-F.txt,SharingNative/large_then_small,666192.0,56192.0,24.0,,
timing-block1-4-F.txt,SharingNative/fallback,10508.0,8504.0,21.0,,
timing-block1-4-F.txt,SharingFull/small,11831.0,15064.0,73.0,,
timing-block1-4-F.txt,SharingFull/pressure,30926.0,22033.0,80.0,,
timing-block1-4-F.txt,SharingFull/join,15035.0,15472.0,75.0,,
timing-block1-4-F.txt,SharingFull/large,313282.0,95523.0,81.0,,
timing-block1-4-F.txt,SharingFull/deep,16529.0,21953.0,82.0,,
timing-block1-4-F.txt,SharingFull/locals,38067.0,26217.0,74.0,,
timing-block1-4-F.txt,SharingFull/many,862628.0,243188.0,587.0,,
timing-block1-4-F.txt,SharingFull/large_then_small,1120407.0,295103.0,589.0,,
timing-block1-4-F.txt,SharingFull/fallback,13871.0,16032.0,74.0,,
timing-block1-4-F.txt,SharingExec/small,17.08,0.0,0.0,,
timing-block1-4-F.txt,SharingExec/pressure,51.51,0.0,0.0,,
timing-block1-4-F.txt,SharingExec/join,16.89,0.0,0.0,,
timing-block1-4-F.txt,SharingExec/large,264.6,0.0,0.0,,
timing-block1-4-F.txt,SharingExec/deep,16.81,0.0,0.0,,
timing-block1-4-F.txt,SharingExec/locals,43.03,0.0,0.0,,
timing-block1-4-F.txt,SharingExec/many,18.46,0.0,0.0,,
timing-block1-4-F.txt,SharingExec/large_then_small,276.2,0.0,0.0,,
timing-block1-4-F.txt,SharingExec/fallback,20.44,0.0,0.0,,
timing-block1-4-F.txt,SharingZeroLocals/1,11497.0,7416.0,20.0,,
timing-block1-4-F.txt,SharingZeroLocals/8,11217.0,7544.0,20.0,,
timing-block1-4-F.txt,SharingZeroLocals/64,11825.0,8520.0,17.0,,
timing-block1-4-F.txt,SharingZeroLocals/256,14596.0,11976.0,17.0,,
timing-block1-4-F.txt,Compile/tiny,13640.0,8672.0,24.0,,
timing-block1-4-F.txt,Compile/fib_rec,24345.0,27048.0,50.0,,
timing-block1-4-F.txt,Compile/many_funcs,393891.0,69680.0,35.0,,
timing-block1-4-F.txt,Compile/json-as,1223324.0,134880.0,125.0,,
timing-block1-4-F.txt,Compile/xxhash,117641.0,65976.0,58.0,,
timing-block1-4-F.txt,CompileFull/tiny,18312.0,18752.0,93.0,96.0,
timing-block1-4-F.txt,CompileFull/fib_rec,25881.0,35753.0,107.0,320.0,
timing-block1-4-F.txt,CompileFull/many_funcs,533778.0,179745.0,89.0,8363.0,
timing-block1-4-F.txt,CompileFull/json-as,1806471.0,309930.0,399.0,67398.0,
timing-block1-4-F.txt,CompileFull/xxhash,152142.0,107500.0,146.0,3301.0,
timing-block1-4-F.txt,Exec/tiny.add,15.7,,,,133837.0
timing-block1-4-F.txt,Exec/fib_rec.fib,701252.0,,,,3.0
timing-block1-4-F.txt,Exec/many_funcs.run,15.69,,,,130408.0
timing-block1-4-F.txt,Exec/json-as.serializeN,23293.0,,,,91.0
timing-block1-4-F.txt,Exec/json-as.deserializeN,42882.0,,,,54.0
timing-block1-4-F.txt,Exec/xxhash.xxhash_run,124349.0,,,,17.0
timing-block1-5-P.txt,SharingNative/small,11974.0,7536.0,20.0,,
timing-block1-5-P.txt,SharingNative/pressure,22166.0,10072.0,23.0,,
timing-block1-5-P.txt,SharingNative/join,12356.0,7936.0,21.0,,
timing-block1-5-P.txt,SharingNative/large,126743.0,9416.0,18.0,,
timing-block1-5-P.txt,SharingNative/deep,13172.0,8496.0,21.0,,
timing-block1-5-P.txt,SharingNative/locals,24025.0,14160.0,22.0,,
timing-block1-5-P.txt,SharingNative/many,605447.0,49888.0,23.0,,
timing-block1-5-P.txt,SharingNative/large_then_small,685848.0,56192.0,24.0,,
timing-block1-5-P.txt,SharingNative/fallback,12295.0,8504.0,21.0,,
timing-block1-5-P.txt,SharingFull/small,11134.0,15064.0,73.0,,
timing-block1-5-P.txt,SharingFull/pressure,28763.0,22033.0,80.0,,
timing-block1-5-P.txt,SharingFull/join,12415.0,15472.0,75.0,,
timing-block1-5-P.txt,SharingFull/large,259170.0,95523.0,81.0,,
timing-block1-5-P.txt,SharingFull/deep,15873.0,21953.0,82.0,,
timing-block1-5-P.txt,SharingFull/locals,35897.0,26217.0,74.0,,
timing-block1-5-P.txt,SharingFull/many,851183.0,243187.0,587.0,,
timing-block1-5-P.txt,SharingFull/large_then_small,1108597.0,295103.0,589.0,,
timing-block1-5-P.txt,SharingFull/fallback,12047.0,16032.0,74.0,,
timing-block1-5-P.txt,SharingExec/small,17.02,0.0,0.0,,
timing-block1-5-P.txt,SharingExec/pressure,47.9,0.0,0.0,,
timing-block1-5-P.txt,SharingExec/join,17.83,0.0,0.0,,
timing-block1-5-P.txt,SharingExec/large,250.3,0.0,0.0,,
timing-block1-5-P.txt,SharingExec/deep,16.07,0.0,0.0,,
timing-block1-5-P.txt,SharingExec/locals,41.49,0.0,0.0,,
timing-block1-5-P.txt,SharingExec/many,16.05,0.0,0.0,,
timing-block1-5-P.txt,SharingExec/large_then_small,250.4,0.0,0.0,,
timing-block1-5-P.txt,SharingExec/fallback,15.96,0.0,0.0,,
timing-block1-5-P.txt,SharingZeroLocals/1,11473.0,7416.0,20.0,,
timing-block1-5-P.txt,SharingZeroLocals/8,10969.0,7544.0,20.0,,
timing-block1-5-P.txt,SharingZeroLocals/64,11963.0,8520.0,17.0,,
timing-block1-5-P.txt,SharingZeroLocals/256,16526.0,11976.0,17.0,,
timing-block1-5-P.txt,Compile/tiny,12604.0,7672.0,23.0,,
timing-block1-5-P.txt,Compile/fib_rec,22855.0,27048.0,50.0,,
timing-block1-5-P.txt,Compile/many_funcs,413615.0,69680.0,35.0,,
timing-block1-5-P.txt,Compile/json-as,1188801.0,134880.0,125.0,,
timing-block1-5-P.txt,Compile/xxhash,110786.0,65976.0,58.0,,
timing-block1-5-P.txt,CompileFull/tiny,15552.0,17752.0,92.0,102.0,
timing-block1-5-P.txt,CompileFull/fib_rec,23267.0,35753.0,107.0,320.0,
timing-block1-5-P.txt,CompileFull/many_funcs,547021.0,179745.0,89.0,8363.0,
timing-block1-5-P.txt,CompileFull/json-as,1762155.0,309931.0,399.0,67398.0,
timing-block1-5-P.txt,CompileFull/xxhash,139532.0,107500.0,146.0,3301.0,
timing-block1-5-P.txt,Exec/tiny.add,16.5,,,,125361.0
timing-block1-5-P.txt,Exec/fib_rec.fib,707569.0,,,,3.0
timing-block1-5-P.txt,Exec/many_funcs.run,15.88,,,,127296.0
timing-block1-5-P.txt,Exec/json-as.serializeN,23716.0,,,,94.0
timing-block1-5-P.txt,Exec/json-as.deserializeN,42622.0,,,,56.0
timing-block1-5-P.txt,Exec/xxhash.xxhash_run,123365.0,,,,16.0
timing-block1-6-M.txt,SharingNative/small,9560.0,8248.0,21.0,,
timing-block1-6-M.txt,SharingNative/pressure,26921.0,19488.0,18.0,,
timing-block1-6-M.txt,SharingNative/join,10856.0,10152.0,26.0,,
timing-block1-6-M.txt,SharingNative/large,196362.0,228544.0,24.0,,
timing-block1-6-M.txt,SharingNative/deep,13806.0,11504.0,22.0,,
timing-block1-6-M.txt,SharingNative/locals,35399.0,29192.0,21.0,,
timing-block1-6-M.txt,SharingNative/many,594670.0,50600.0,24.0,,
timing-block1-6-M.txt,SharingNative/large_then_small,837441.0,275320.0,30.0,,
timing-block1-6-M.txt,SharingNative/fallback,10147.0,8248.0,21.0,,
timing-block1-6-M.txt,SharingFull/small,10083.0,15776.0,74.0,,
timing-block1-6-M.txt,SharingFull/pressure,33578.0,31449.0,75.0,,
timing-block1-6-M.txt,SharingFull/join,11888.0,17688.0,80.0,,
timing-block1-6-M.txt,SharingFull/large,279314.0,315927.0,87.0,,
timing-block1-6-M.txt,SharingFull/deep,16344.0,24961.0,83.0,,
timing-block1-6-M.txt,SharingFull/locals,44875.0,41242.0,73.0,,
timing-block1-6-M.txt,SharingFull/many,814630.0,243900.0,588.0,,
timing-block1-6-M.txt,SharingFull/large_then_small,1148231.0,514235.0,595.0,,
timing-block1-6-M.txt,SharingFull/fallback,9701.0,15776.0,74.0,,
timing-block1-6-M.txt,SharingExec/small,15.73,0.0,0.0,,
timing-block1-6-M.txt,SharingExec/pressure,48.3,0.0,0.0,,
timing-block1-6-M.txt,SharingExec/join,15.99,0.0,0.0,,
timing-block1-6-M.txt,SharingExec/large,248.2,0.0,0.0,,
timing-block1-6-M.txt,SharingExec/deep,15.54,0.0,0.0,,
timing-block1-6-M.txt,SharingExec/locals,85.07,0.0,0.0,,
timing-block1-6-M.txt,SharingExec/many,15.76,0.0,0.0,,
timing-block1-6-M.txt,SharingExec/large_then_small,248.9,0.0,0.0,,
timing-block1-6-M.txt,SharingExec/fallback,16.07,0.0,0.0,,
timing-block1-6-M.txt,SharingZeroLocals/1,11622.0,8216.0,20.0,,
timing-block1-6-M.txt,SharingZeroLocals/8,11699.0,8360.0,22.0,,
timing-block1-6-M.txt,SharingZeroLocals/64,14895.0,9064.0,19.0,,
timing-block1-6-M.txt,SharingZeroLocals/256,16796.0,14569.0,16.0,,
timing-block1-6-M.txt,Compile/tiny,13237.0,8344.0,22.0,,
timing-block1-6-M.txt,Compile/fib_rec,24287.0,26792.0,50.0,,
timing-block1-6-M.txt,Compile/many_funcs,413814.0,69272.0,31.0,,
timing-block1-6-M.txt,Compile/json-as,1158378.0,134624.0,125.0,,
timing-block1-6-M.txt,Compile/xxhash,112492.0,65720.0,58.0,,
timing-block1-6-M.txt,CompileFull/tiny,14705.0,18416.0,91.0,96.0,
timing-block1-6-M.txt,CompileFull/fib_rec,23229.0,35497.0,107.0,320.0,
timing-block1-6-M.txt,CompileFull/many_funcs,544839.0,179337.0,85.0,7771.0,
timing-block1-6-M.txt,CompileFull/json-as,1724965.0,309674.0,399.0,67398.0,
timing-block1-6-M.txt,CompileFull/xxhash,140652.0,107228.0,146.0,3301.0,
timing-block1-6-M.txt,Exec/tiny.add,15.87,,,,132039.0
timing-block1-6-M.txt,Exec/fib_rec.fib,719460.0,,,,3.0
timing-block1-6-M.txt,Exec/many_funcs.run,15.85,,,,130960.0
timing-block1-6-M.txt,Exec/json-as.serializeN,23046.0,,,,94.0
timing-block1-6-M.txt,Exec/json-as.deserializeN,41935.0,,,,61.0
timing-block1-6-M.txt,Exec/xxhash.xxhash_run,123688.0,,,,17.0
timing-block2-1-M.txt,SharingNative/small,9585.0,8248.0,21.0,,
timing-block2-1-M.txt,SharingNative/pressure,26567.0,19488.0,18.0,,
timing-block2-1-M.txt,SharingNative/join,11416.0,10152.0,26.0,,
timing-block2-1-M.txt,SharingNative/large,194929.0,228544.0,24.0,,
timing-block2-1-M.txt,SharingNative/deep,14491.0,11504.0,22.0,,
timing-block2-1-M.txt,SharingNative/locals,34088.0,29192.0,21.0,,
timing-block2-1-M.txt,SharingNative/many,582219.0,50600.0,24.0,,
timing-block2-1-M.txt,SharingNative/large_then_small,816544.0,275320.0,30.0,,
timing-block2-1-M.txt,SharingNative/fallback,9928.0,8248.0,21.0,,
timing-block2-1-M.txt,SharingFull/small,10207.0,15776.0,74.0,,
timing-block2-1-M.txt,SharingFull/pressure,33289.0,31449.0,75.0,,
timing-block2-1-M.txt,SharingFull/join,11497.0,17688.0,80.0,,
timing-block2-1-M.txt,SharingFull/large,277910.0,315927.0,87.0,,
timing-block2-1-M.txt,SharingFull/deep,16399.0,24961.0,83.0,,
timing-block2-1-M.txt,SharingFull/locals,45461.0,41242.0,73.0,,
timing-block2-1-M.txt,SharingFull/many,813879.0,243899.0,588.0,,
timing-block2-1-M.txt,SharingFull/large_then_small,1137321.0,514235.0,595.0,,
timing-block2-1-M.txt,SharingFull/fallback,9687.0,15776.0,74.0,,
timing-block2-1-M.txt,SharingExec/small,15.72,0.0,0.0,,
timing-block2-1-M.txt,SharingExec/pressure,47.94,0.0,0.0,,
timing-block2-1-M.txt,SharingExec/join,15.82,0.0,0.0,,
timing-block2-1-M.txt,SharingExec/large,249.1,0.0,0.0,,
timing-block2-1-M.txt,SharingExec/deep,15.62,0.0,0.0,,
timing-block2-1-M.txt,SharingExec/locals,84.11,0.0,0.0,,
timing-block2-1-M.txt,SharingExec/many,15.65,0.0,0.0,,
timing-block2-1-M.txt,SharingExec/large_then_small,248.7,0.0,0.0,,
timing-block2-1-M.txt,SharingExec/fallback,15.89,0.0,0.0,,
timing-block2-1-M.txt,SharingZeroLocals/1,10993.0,8216.0,20.0,,
timing-block2-1-M.txt,SharingZeroLocals/8,11382.0,8360.0,22.0,,
timing-block2-1-M.txt,SharingZeroLocals/64,12861.0,9064.0,19.0,,
timing-block2-1-M.txt,SharingZeroLocals/256,16775.0,14569.0,16.0,,
timing-block2-1-M.txt,Compile/tiny,12643.0,8344.0,22.0,,
timing-block2-1-M.txt,Compile/fib_rec,22545.0,26792.0,50.0,,
timing-block2-1-M.txt,Compile/many_funcs,401548.0,69272.0,31.0,,
timing-block2-1-M.txt,Compile/json-as,1135199.0,134624.0,125.0,,
timing-block2-1-M.txt,Compile/xxhash,111694.0,65720.0,58.0,,
timing-block2-1-M.txt,CompileFull/tiny,15134.0,18416.0,91.0,96.0,
timing-block2-1-M.txt,CompileFull/fib_rec,22843.0,35497.0,107.0,320.0,
timing-block2-1-M.txt,CompileFull/many_funcs,536152.0,179337.0,85.0,7771.0,
timing-block2-1-M.txt,CompileFull/json-as,1687489.0,309673.0,399.0,67398.0,
timing-block2-1-M.txt,CompileFull/xxhash,134878.0,107228.0,146.0,3301.0,
timing-block2-1-M.txt,Exec/tiny.add,15.13,,,,134986.0
timing-block2-1-M.txt,Exec/fib_rec.fib,680254.0,,,,3.0
timing-block2-1-M.txt,Exec/many_funcs.run,15.31,,,,131601.0
timing-block2-1-M.txt,Exec/json-as.serializeN,22452.0,,,,94.0
timing-block2-1-M.txt,Exec/json-as.deserializeN,41288.0,,,,59.0
timing-block2-1-M.txt,Exec/xxhash.xxhash_run,122917.0,,,,17.0
timing-block2-2-P.txt,SharingNative/small,9321.0,7536.0,20.0,,
timing-block2-2-P.txt,SharingNative/pressure,19723.0,10072.0,23.0,,
timing-block2-2-P.txt,SharingNative/join,10002.0,7936.0,21.0,,
timing-block2-2-P.txt,SharingNative/large,117040.0,9416.0,18.0,,
timing-block2-2-P.txt,SharingNative/deep,10197.0,8496.0,21.0,,
timing-block2-2-P.txt,SharingNative/locals,20084.0,14160.0,22.0,,
timing-block2-2-P.txt,SharingNative/many,561616.0,49888.0,23.0,,
timing-block2-2-P.txt,SharingNative/large_then_small,649260.0,56192.0,24.0,,
timing-block2-2-P.txt,SharingNative/fallback,9438.0,8504.0,21.0,,
timing-block2-2-P.txt,SharingFull/small,9550.0,15064.0,73.0,,
timing-block2-2-P.txt,SharingFull/pressure,24794.0,22033.0,80.0,,
timing-block2-2-P.txt,SharingFull/join,10617.0,15472.0,75.0,,
timing-block2-2-P.txt,SharingFull/large,226585.0,95523.0,81.0,,
timing-block2-2-P.txt,SharingFull/deep,13553.0,21953.0,82.0,,
timing-block2-2-P.txt,SharingFull/locals,31255.0,26217.0,74.0,,
timing-block2-2-P.txt,SharingFull/many,773861.0,243188.0,587.0,,
timing-block2-2-P.txt,SharingFull/large_then_small,1005578.0,295103.0,589.0,,
timing-block2-2-P.txt,SharingFull/fallback,9940.0,16032.0,74.0,,
timing-block2-2-P.txt,SharingExec/small,15.6,0.0,0.0,,
timing-block2-2-P.txt,SharingExec/pressure,53.74,0.0,0.0,,
timing-block2-2-P.txt,SharingExec/join,17.08,0.0,0.0,,
timing-block2-2-P.txt,SharingExec/large,248.3,0.0,0.0,,
timing-block2-2-P.txt,SharingExec/deep,15.57,0.0,0.0,,
timing-block2-2-P.txt,SharingExec/locals,41.07,0.0,0.0,,
timing-block2-2-P.txt,SharingExec/many,15.58,0.0,0.0,,
timing-block2-2-P.txt,SharingExec/large_then_small,247.8,0.0,0.0,,
timing-block2-2-P.txt,SharingExec/fallback,15.99,0.0,0.0,,
timing-block2-2-P.txt,SharingZeroLocals/1,11813.0,7416.0,20.0,,
timing-block2-2-P.txt,SharingZeroLocals/8,10882.0,7544.0,20.0,,
timing-block2-2-P.txt,SharingZeroLocals/64,12171.0,8520.0,17.0,,
timing-block2-2-P.txt,SharingZeroLocals/256,15594.0,11976.0,17.0,,
timing-block2-2-P.txt,Compile/tiny,12362.0,7672.0,23.0,,
timing-block2-2-P.txt,Compile/fib_rec,23512.0,27048.0,50.0,,
timing-block2-2-P.txt,Compile/many_funcs,396771.0,69680.0,35.0,,
timing-block2-2-P.txt,Compile/json-as,1176140.0,134880.0,125.0,,
timing-block2-2-P.txt,Compile/xxhash,116662.0,65976.0,58.0,,
timing-block2-2-P.txt,CompileFull/tiny,13824.0,17752.0,92.0,102.0,
timing-block2-2-P.txt,CompileFull/fib_rec,30584.0,35753.0,107.0,320.0,
timing-block2-2-P.txt,CompileFull/many_funcs,514671.0,179745.0,89.0,8363.0,
timing-block2-2-P.txt,CompileFull/json-as,1780412.0,309931.0,399.0,67398.0,
timing-block2-2-P.txt,CompileFull/xxhash,146440.0,107500.0,146.0,3301.0,
timing-block2-2-P.txt,Exec/tiny.add,16.2,,,,124767.0
timing-block2-2-P.txt,Exec/fib_rec.fib,681166.0,,,,3.0
timing-block2-2-P.txt,Exec/many_funcs.run,15.14,,,,133655.0
timing-block2-2-P.txt,Exec/json-as.serializeN,22534.0,,,,93.0
timing-block2-2-P.txt,Exec/json-as.deserializeN,41450.0,,,,57.0
timing-block2-2-P.txt,Exec/xxhash.xxhash_run,146802.0,,,,17.0
timing-block2-3-F.txt,SharingNative/small,10655.0,7536.0,20.0,,
timing-block2-3-F.txt,SharingNative/pressure,20497.0,10072.0,23.0,,
timing-block2-3-F.txt,SharingNative/join,10596.0,7936.0,21.0,,
timing-block2-3-F.txt,SharingNative/large,129826.0,9416.0,18.0,,
timing-block2-3-F.txt,SharingNative/deep,10871.0,8496.0,21.0,,
timing-block2-3-F.txt,SharingNative/locals,19575.0,14160.0,22.0,,
timing-block2-3-F.txt,SharingNative/many,538268.0,49888.0,23.0,,
timing-block2-3-F.txt,SharingNative/large_then_small,655250.0,56192.0,24.0,,
timing-block2-3-F.txt,SharingNative/fallback,9590.0,8504.0,21.0,,
timing-block2-3-F.txt,SharingFull/small,9549.0,15064.0,73.0,,
timing-block2-3-F.txt,SharingFull/pressure,26166.0,22033.0,80.0,,
timing-block2-3-F.txt,SharingFull/join,10882.0,15472.0,75.0,,
timing-block2-3-F.txt,SharingFull/large,235721.0,95523.0,81.0,,
timing-block2-3-F.txt,SharingFull/deep,13450.0,21953.0,82.0,,
timing-block2-3-F.txt,SharingFull/locals,30863.0,26217.0,74.0,,
timing-block2-3-F.txt,SharingFull/many,759142.0,243188.0,587.0,,
timing-block2-3-F.txt,SharingFull/large_then_small,1004752.0,295103.0,589.0,,
timing-block2-3-F.txt,SharingFull/fallback,10148.0,16032.0,74.0,,
timing-block2-3-F.txt,SharingExec/small,22.18,0.0,0.0,,
timing-block2-3-F.txt,SharingExec/pressure,47.38,0.0,0.0,,
timing-block2-3-F.txt,SharingExec/join,16.2,0.0,0.0,,
timing-block2-3-F.txt,SharingExec/large,248.4,0.0,0.0,,
timing-block2-3-F.txt,SharingExec/deep,15.52,0.0,0.0,,
timing-block2-3-F.txt,SharingExec/locals,40.34,0.0,0.0,,
timing-block2-3-F.txt,SharingExec/many,15.83,0.0,0.0,,
timing-block2-3-F.txt,SharingExec/large_then_small,247.1,0.0,0.0,,
timing-block2-3-F.txt,SharingExec/fallback,15.84,0.0,0.0,,
timing-block2-3-F.txt,SharingZeroLocals/1,10729.0,7416.0,20.0,,
timing-block2-3-F.txt,SharingZeroLocals/8,10401.0,7544.0,20.0,,
timing-block2-3-F.txt,SharingZeroLocals/64,11864.0,8520.0,17.0,,
timing-block2-3-F.txt,SharingZeroLocals/256,14767.0,11976.0,17.0,,
timing-block2-3-F.txt,Compile/tiny,13337.0,8672.0,24.0,,
timing-block2-3-F.txt,Compile/fib_rec,22552.0,27048.0,50.0,,
timing-block2-3-F.txt,Compile/many_funcs,373336.0,69680.0,35.0,,
timing-block2-3-F.txt,Compile/json-as,1161298.0,134880.0,125.0,,
timing-block2-3-F.txt,Compile/xxhash,114145.0,65976.0,58.0,,
timing-block2-3-F.txt,CompileFull/tiny,16220.0,18752.0,93.0,96.0,
timing-block2-3-F.txt,CompileFull/fib_rec,25922.0,35753.0,107.0,320.0,
timing-block2-3-F.txt,CompileFull/many_funcs,526933.0,179745.0,89.0,8363.0,
timing-block2-3-F.txt,CompileFull/json-as,1784477.0,309929.0,399.0,67398.0,
timing-block2-3-F.txt,CompileFull/xxhash,141937.0,107500.0,146.0,3301.0,
timing-block2-3-F.txt,Exec/tiny.add,15.02,,,,135445.0
timing-block2-3-F.txt,Exec/fib_rec.fib,692739.0,,,,3.0
timing-block2-3-F.txt,Exec/many_funcs.run,15.79,,,,131144.0
timing-block2-3-F.txt,Exec/json-as.serializeN,22536.0,,,,94.0
timing-block2-3-F.txt,Exec/json-as.deserializeN,41847.0,,,,57.0
timing-block2-3-F.txt,Exec/xxhash.xxhash_run,124680.0,,,,16.0
timing-block2-4-F.txt,SharingNative/small,10027.0,7536.0,20.0,,
timing-block2-4-F.txt,SharingNative/pressure,20562.0,10072.0,23.0,,
timing-block2-4-F.txt,SharingNative/join,10317.0,7936.0,21.0,,
timing-block2-4-F.txt,SharingNative/large,131256.0,9416.0,18.0,,
timing-block2-4-F.txt,SharingNative/deep,10657.0,8496.0,21.0,,
timing-block2-4-F.txt,SharingNative/locals,19628.0,14160.0,22.0,,
timing-block2-4-F.txt,SharingNative/many,535519.0,49888.0,23.0,,
timing-block2-4-F.txt,SharingNative/large_then_small,661402.0,56192.0,24.0,,
timing-block2-4-F.txt,SharingNative/fallback,9743.0,8504.0,21.0,,
timing-block2-4-F.txt,SharingFull/small,9998.0,15064.0,73.0,,
timing-block2-4-F.txt,SharingFull/pressure,28629.0,22033.0,80.0,,
timing-block2-4-F.txt,SharingFull/join,11744.0,15472.0,75.0,,
timing-block2-4-F.txt,SharingFull/large,255509.0,95523.0,81.0,,
timing-block2-4-F.txt,SharingFull/deep,14690.0,21953.0,82.0,,
timing-block2-4-F.txt,SharingFull/locals,32936.0,26217.0,74.0,,
timing-block2-4-F.txt,SharingFull/many,782581.0,243188.0,587.0,,
timing-block2-4-F.txt,SharingFull/large_then_small,1072474.0,295103.0,589.0,,
timing-block2-4-F.txt,SharingFull/fallback,12651.0,16032.0,74.0,,
timing-block2-4-F.txt,SharingExec/small,17.87,0.0,0.0,,
timing-block2-4-F.txt,SharingExec/pressure,50.06,0.0,0.0,,
timing-block2-4-F.txt,SharingExec/join,16.42,0.0,0.0,,
timing-block2-4-F.txt,SharingExec/large,251.0,0.0,0.0,,
timing-block2-4-F.txt,SharingExec/deep,16.25,0.0,0.0,,
timing-block2-4-F.txt,SharingExec/locals,41.78,0.0,0.0,,
timing-block2-4-F.txt,SharingExec/many,15.68,0.0,0.0,,
timing-block2-4-F.txt,SharingExec/large_then_small,252.2,0.0,0.0,,
timing-block2-4-F.txt,SharingExec/fallback,15.99,0.0,0.0,,
timing-block2-4-F.txt,SharingZeroLocals/1,11112.0,7416.0,20.0,,
timing-block2-4-F.txt,SharingZeroLocals/8,11273.0,7544.0,20.0,,
timing-block2-4-F.txt,SharingZeroLocals/64,11403.0,8520.0,17.0,,
timing-block2-4-F.txt,SharingZeroLocals/256,13572.0,11976.0,17.0,,
timing-block2-4-F.txt,Compile/tiny,12783.0,8672.0,24.0,,
timing-block2-4-F.txt,Compile/fib_rec,22311.0,27048.0,50.0,,
timing-block2-4-F.txt,Compile/many_funcs,376238.0,69680.0,35.0,,
timing-block2-4-F.txt,Compile/json-as,1184079.0,134880.0,125.0,,
timing-block2-4-F.txt,Compile/xxhash,111906.0,65976.0,58.0,,
timing-block2-4-F.txt,CompileFull/tiny,15338.0,18752.0,93.0,96.0,
timing-block2-4-F.txt,CompileFull/fib_rec,22875.0,35753.0,107.0,320.0,
timing-block2-4-F.txt,CompileFull/many_funcs,511136.0,179745.0,89.0,8363.0,
timing-block2-4-F.txt,CompileFull/json-as,1735134.0,309930.0,399.0,67398.0,
timing-block2-4-F.txt,CompileFull/xxhash,136273.0,107500.0,146.0,3301.0,
timing-block2-4-F.txt,Exec/tiny.add,18.59,,,,109414.0
timing-block2-4-F.txt,Exec/fib_rec.fib,682363.0,,,,4.0
timing-block2-4-F.txt,Exec/many_funcs.run,18.12,,,,113670.0
timing-block2-4-F.txt,Exec/json-as.serializeN,22439.0,,,,95.0
timing-block2-4-F.txt,Exec/json-as.deserializeN,41420.0,,,,64.0
timing-block2-4-F.txt,Exec/xxhash.xxhash_run,125783.0,,,,17.0
timing-block2-5-P.txt,SharingNative/small,9772.0,7536.0,20.0,,
timing-block2-5-P.txt,SharingNative/pressure,19111.0,10072.0,23.0,,
timing-block2-5-P.txt,SharingNative/join,9667.0,7936.0,21.0,,
timing-block2-5-P.txt,SharingNative/large,117576.0,9416.0,18.0,,
timing-block2-5-P.txt,SharingNative/deep,10135.0,8496.0,21.0,,
timing-block2-5-P.txt,SharingNative/locals,20722.0,14160.0,22.0,,
timing-block2-5-P.txt,SharingNative/many,558706.0,49888.0,23.0,,
timing-block2-5-P.txt,SharingNative/large_then_small,665861.0,56192.0,24.0,,
timing-block2-5-P.txt,SharingNative/fallback,9582.0,8504.0,21.0,,
timing-block2-5-P.txt,SharingFull/small,9345.0,15064.0,73.0,,
timing-block2-5-P.txt,SharingFull/pressure,25426.0,22033.0,80.0,,
timing-block2-5-P.txt,SharingFull/join,11050.0,15472.0,75.0,,
timing-block2-5-P.txt,SharingFull/large,232990.0,95523.0,81.0,,
timing-block2-5-P.txt,SharingFull/deep,13402.0,21953.0,82.0,,
timing-block2-5-P.txt,SharingFull/locals,31879.0,26217.0,74.0,,
timing-block2-5-P.txt,SharingFull/many,792715.0,243188.0,587.0,,
timing-block2-5-P.txt,SharingFull/large_then_small,1008090.0,295103.0,589.0,,
timing-block2-5-P.txt,SharingFull/fallback,9916.0,16032.0,74.0,,
timing-block2-5-P.txt,SharingExec/small,15.88,0.0,0.0,,
timing-block2-5-P.txt,SharingExec/pressure,48.08,0.0,0.0,,
timing-block2-5-P.txt,SharingExec/join,17.2,0.0,0.0,,
timing-block2-5-P.txt,SharingExec/large,248.5,0.0,0.0,,
timing-block2-5-P.txt,SharingExec/deep,15.69,0.0,0.0,,
timing-block2-5-P.txt,SharingExec/locals,40.47,0.0,0.0,,
timing-block2-5-P.txt,SharingExec/many,15.64,0.0,0.0,,
timing-block2-5-P.txt,SharingExec/large_then_small,248.6,0.0,0.0,,
timing-block2-5-P.txt,SharingExec/fallback,16.1,0.0,0.0,,
timing-block2-5-P.txt,SharingZeroLocals/1,11467.0,7416.0,20.0,,
timing-block2-5-P.txt,SharingZeroLocals/8,11299.0,7544.0,20.0,,
timing-block2-5-P.txt,SharingZeroLocals/64,12788.0,8520.0,17.0,,
timing-block2-5-P.txt,SharingZeroLocals/256,16327.0,11976.0,17.0,,
timing-block2-5-P.txt,Compile/tiny,13107.0,7672.0,23.0,,
timing-block2-5-P.txt,Compile/fib_rec,23489.0,27048.0,50.0,,
timing-block2-5-P.txt,Compile/many_funcs,397584.0,69680.0,35.0,,
timing-block2-5-P.txt,Compile/json-as,1169430.0,134880.0,125.0,,
timing-block2-5-P.txt,Compile/xxhash,110591.0,65976.0,58.0,,
timing-block2-5-P.txt,CompileFull/tiny,14177.0,17752.0,92.0,102.0,
timing-block2-5-P.txt,CompileFull/fib_rec,23735.0,35753.0,107.0,320.0,
timing-block2-5-P.txt,CompileFull/many_funcs,535508.0,179745.0,89.0,8363.0,
timing-block2-5-P.txt,CompileFull/json-as,1785127.0,309930.0,399.0,67398.0,
timing-block2-5-P.txt,CompileFull/xxhash,144579.0,107500.0,146.0,3301.0,
timing-block2-5-P.txt,Exec/tiny.add,16.68,,,,124983.0
timing-block2-5-P.txt,Exec/fib_rec.fib,764383.0,,,,3.0
timing-block2-5-P.txt,Exec/many_funcs.run,15.62,,,,132467.0
timing-block2-5-P.txt,Exec/json-as.serializeN,22298.0,,,,94.0
timing-block2-5-P.txt,Exec/json-as.deserializeN,42353.0,,,,58.0
timing-block2-5-P.txt,Exec/xxhash.xxhash_run,124909.0,,,,16.0
timing-block2-6-M.txt,SharingNative/small,10091.0,8248.0,21.0,,
timing-block2-6-M.txt,SharingNative/pressure,27651.0,19488.0,18.0,,
timing-block2-6-M.txt,SharingNative/join,11434.0,10152.0,26.0,,
timing-block2-6-M.txt,SharingNative/large,199443.0,228544.0,24.0,,
timing-block2-6-M.txt,SharingNative/deep,14803.0,11504.0,22.0,,
timing-block2-6-M.txt,SharingNative/locals,36469.0,29192.0,21.0,,
timing-block2-6-M.txt,SharingNative/many,571833.0,50600.0,24.0,,
timing-block2-6-M.txt,SharingNative/large_then_small,837509.0,275320.0,30.0,,
timing-block2-6-M.txt,SharingNative/fallback,9575.0,8248.0,21.0,,
timing-block2-6-M.txt,SharingFull/small,10007.0,15776.0,74.0,,
timing-block2-6-M.txt,SharingFull/pressure,34146.0,31449.0,75.0,,
timing-block2-6-M.txt,SharingFull/join,13377.0,17688.0,80.0,,
timing-block2-6-M.txt,SharingFull/large,399743.0,315927.0,87.0,,
timing-block2-6-M.txt,SharingFull/deep,28176.0,24961.0,83.0,,
timing-block2-6-M.txt,SharingFull/locals,53203.0,41242.0,73.0,,
timing-block2-6-M.txt,SharingFull/many,862634.0,243900.0,588.0,,
timing-block2-6-M.txt,SharingFull/large_then_small,1380363.0,514235.0,595.0,,
timing-block2-6-M.txt,SharingFull/fallback,12815.0,15776.0,74.0,,
timing-block2-6-M.txt,SharingExec/small,19.04,0.0,0.0,,
timing-block2-6-M.txt,SharingExec/pressure,50.78,0.0,0.0,,
timing-block2-6-M.txt,SharingExec/join,17.11,0.0,0.0,,
timing-block2-6-M.txt,SharingExec/large,256.5,0.0,0.0,,
timing-block2-6-M.txt,SharingExec/deep,16.24,0.0,0.0,,
timing-block2-6-M.txt,SharingExec/locals,85.19,0.0,0.0,,
timing-block2-6-M.txt,SharingExec/many,15.87,0.0,0.0,,
timing-block2-6-M.txt,SharingExec/large_then_small,249.4,0.0,0.0,,
timing-block2-6-M.txt,SharingExec/fallback,15.92,0.0,0.0,,
timing-block2-6-M.txt,SharingZeroLocals/1,12537.0,8216.0,20.0,,
timing-block2-6-M.txt,SharingZeroLocals/8,12037.0,8360.0,22.0,,
timing-block2-6-M.txt,SharingZeroLocals/64,12941.0,9064.0,19.0,,
timing-block2-6-M.txt,SharingZeroLocals/256,16299.0,14569.0,16.0,,
timing-block2-6-M.txt,Compile/tiny,12846.0,8344.0,22.0,,
timing-block2-6-M.txt,Compile/fib_rec,22876.0,26792.0,50.0,,
timing-block2-6-M.txt,Compile/many_funcs,402801.0,69272.0,31.0,,
timing-block2-6-M.txt,Compile/json-as,1378594.0,134624.0,125.0,,
timing-block2-6-M.txt,Compile/xxhash,116634.0,65720.0,58.0,,
timing-block2-6-M.txt,CompileFull/tiny,15806.0,18416.0,91.0,96.0,
timing-block2-6-M.txt,CompileFull/fib_rec,24596.0,35497.0,107.0,320.0,
timing-block2-6-M.txt,CompileFull/many_funcs,570757.0,179337.0,85.0,7771.0,
timing-block2-6-M.txt,CompileFull/json-as,1795890.0,309674.0,399.0,67398.0,
timing-block2-6-M.txt,CompileFull/xxhash,145004.0,107228.0,146.0,3301.0,
timing-block2-6-M.txt,Exec/tiny.add,15.39,,,,134667.0
timing-block2-6-M.txt,Exec/fib_rec.fib,693798.0,,,,3.0
timing-block2-6-M.txt,Exec/many_funcs.run,15.5,,,,132404.0
timing-block2-6-M.txt,Exec/json-as.serializeN,23213.0,,,,92.0
timing-block2-6-M.txt,Exec/json-as.deserializeN,42259.0,,,,60.0
timing-block2-6-M.txt,Exec/xxhash.xxhash_run,125432.0,,,,16.0
timing-block3-1-M.txt,SharingNative/small,10181.0,8248.0,21.0,,
timing-block3-1-M.txt,SharingNative/pressure,27665.0,19488.0,18.0,,
timing-block3-1-M.txt,SharingNative/join,11983.0,10152.0,26.0,,
timing-block3-1-M.txt,SharingNative/large,202638.0,228544.0,24.0,,
timing-block3-1-M.txt,SharingNative/deep,15005.0,11504.0,22.0,,
timing-block3-1-M.txt,SharingNative/locals,35689.0,29192.0,21.0,,
timing-block3-1-M.txt,SharingNative/many,589083.0,50600.0,24.0,,
timing-block3-1-M.txt,SharingNative/large_then_small,845351.0,275320.0,30.0,,
timing-block3-1-M.txt,SharingNative/fallback,10231.0,8248.0,21.0,,
timing-block3-1-M.txt,SharingFull/small,10139.0,15776.0,74.0,,
timing-block3-1-M.txt,SharingFull/pressure,34114.0,31449.0,75.0,,
timing-block3-1-M.txt,SharingFull/join,12288.0,17688.0,80.0,,
timing-block3-1-M.txt,SharingFull/large,293454.0,315927.0,87.0,,
timing-block3-1-M.txt,SharingFull/deep,19024.0,24961.0,83.0,,
timing-block3-1-M.txt,SharingFull/locals,49592.0,41242.0,73.0,,
timing-block3-1-M.txt,SharingFull/many,873985.0,243900.0,588.0,,
timing-block3-1-M.txt,SharingFull/large_then_small,1243797.0,514234.0,595.0,,
timing-block3-1-M.txt,SharingFull/fallback,10759.0,15776.0,74.0,,
timing-block3-1-M.txt,SharingExec/small,15.97,0.0,0.0,,
timing-block3-1-M.txt,SharingExec/pressure,55.27,0.0,0.0,,
timing-block3-1-M.txt,SharingExec/join,16.01,0.0,0.0,,
timing-block3-1-M.txt,SharingExec/large,259.5,0.0,0.0,,
timing-block3-1-M.txt,SharingExec/deep,16.08,0.0,0.0,,
timing-block3-1-M.txt,SharingExec/locals,86.19,0.0,0.0,,
timing-block3-1-M.txt,SharingExec/many,15.87,0.0,0.0,,
timing-block3-1-M.txt,SharingExec/large_then_small,258.9,0.0,0.0,,
timing-block3-1-M.txt,SharingExec/fallback,16.17,0.0,0.0,,
timing-block3-1-M.txt,SharingZeroLocals/1,11714.0,8216.0,20.0,,
timing-block3-1-M.txt,SharingZeroLocals/8,12520.0,8360.0,22.0,,
timing-block3-1-M.txt,SharingZeroLocals/64,14968.0,9064.0,19.0,,
timing-block3-1-M.txt,SharingZeroLocals/256,17955.0,14569.0,16.0,,
timing-block3-1-M.txt,Compile/tiny,13584.0,8344.0,22.0,,
timing-block3-1-M.txt,Compile/fib_rec,23888.0,26792.0,50.0,,
timing-block3-1-M.txt,Compile/many_funcs,440440.0,69272.0,31.0,,
timing-block3-1-M.txt,Compile/json-as,1537555.0,134624.0,125.0,,
timing-block3-1-M.txt,Compile/xxhash,121302.0,65720.0,58.0,,
timing-block3-1-M.txt,CompileFull/tiny,27173.0,18416.0,91.0,96.0,
timing-block3-1-M.txt,CompileFull/fib_rec,51231.0,35497.0,107.0,320.0,
timing-block3-1-M.txt,CompileFull/many_funcs,679998.0,179337.0,85.0,7771.0,
timing-block3-1-M.txt,CompileFull/json-as,2035233.0,309673.0,399.0,67398.0,
timing-block3-1-M.txt,CompileFull/xxhash,196401.0,107228.0,146.0,3301.0,
timing-block3-1-M.txt,Exec/tiny.add,16.07,,,,124839.0
timing-block3-1-M.txt,Exec/fib_rec.fib,837990.0,,,,3.0
timing-block3-1-M.txt,Exec/many_funcs.run,16.95,,,,127768.0
timing-block3-1-M.txt,Exec/json-as.serializeN,24124.0,,,,84.0
timing-block3-1-M.txt,Exec/json-as.deserializeN,61067.0,,,,56.0
timing-block3-1-M.txt,Exec/xxhash.xxhash_run,132581.0,,,,16.0
timing-block3-2-P.txt,SharingNative/small,11719.0,7536.0,20.0,,
timing-block3-2-P.txt,SharingNative/pressure,20041.0,10072.0,23.0,,
timing-block3-2-P.txt,SharingNative/join,11524.0,7936.0,21.0,,
timing-block3-2-P.txt,SharingNative/large,142335.0,9416.0,18.0,,
timing-block3-2-P.txt,SharingNative/deep,11738.0,8496.0,21.0,,
timing-block3-2-P.txt,SharingNative/locals,22485.0,14160.0,22.0,,
timing-block3-2-P.txt,SharingNative/many,581384.0,49888.0,23.0,,
timing-block3-2-P.txt,SharingNative/large_then_small,770252.0,56192.0,24.0,,
timing-block3-2-P.txt,SharingNative/fallback,14859.0,8504.0,21.0,,
timing-block3-2-P.txt,SharingFull/small,19752.0,15064.0,73.0,,
timing-block3-2-P.txt,SharingFull/pressure,46029.0,22033.0,80.0,,
timing-block3-2-P.txt,SharingFull/join,19861.0,15472.0,75.0,,
timing-block3-2-P.txt,SharingFull/large,383138.0,95523.0,81.0,,
timing-block3-2-P.txt,SharingFull/deep,17682.0,21953.0,82.0,,
timing-block3-2-P.txt,SharingFull/locals,40564.0,26217.0,74.0,,
timing-block3-2-P.txt,SharingFull/many,834382.0,243188.0,587.0,,
timing-block3-2-P.txt,SharingFull/large_then_small,1181600.0,295103.0,589.0,,
timing-block3-2-P.txt,SharingFull/fallback,11576.0,16032.0,74.0,,
timing-block3-2-P.txt,SharingExec/small,16.96,0.0,0.0,,
timing-block3-2-P.txt,SharingExec/pressure,50.43,0.0,0.0,,
timing-block3-2-P.txt,SharingExec/join,17.99,0.0,0.0,,
timing-block3-2-P.txt,SharingExec/large,260.5,0.0,0.0,,
timing-block3-2-P.txt,SharingExec/deep,15.73,0.0,0.0,,
timing-block3-2-P.txt,SharingExec/locals,40.73,0.0,0.0,,
timing-block3-2-P.txt,SharingExec/many,15.65,0.0,0.0,,
timing-block3-2-P.txt,SharingExec/large_then_small,256.9,0.0,0.0,,
timing-block3-2-P.txt,SharingExec/fallback,16.02,0.0,0.0,,
timing-block3-2-P.txt,SharingZeroLocals/1,10922.0,7416.0,20.0,,
timing-block3-2-P.txt,SharingZeroLocals/8,11440.0,7544.0,20.0,,
timing-block3-2-P.txt,SharingZeroLocals/64,12167.0,8520.0,17.0,,
timing-block3-2-P.txt,SharingZeroLocals/256,15772.0,11976.0,17.0,,
timing-block3-2-P.txt,Compile/tiny,13310.0,7672.0,23.0,,
timing-block3-2-P.txt,Compile/fib_rec,24332.0,27048.0,50.0,,
timing-block3-2-P.txt,Compile/many_funcs,417748.0,69680.0,35.0,,
timing-block3-2-P.txt,Compile/json-as,1190881.0,134880.0,125.0,,
timing-block3-2-P.txt,Compile/xxhash,128033.0,65976.0,58.0,,
timing-block3-2-P.txt,CompileFull/tiny,16030.0,17752.0,92.0,102.0,
timing-block3-2-P.txt,CompileFull/fib_rec,24797.0,35753.0,107.0,320.0,
timing-block3-2-P.txt,CompileFull/many_funcs,543197.0,179745.0,89.0,8363.0,
timing-block3-2-P.txt,CompileFull/json-as,1945595.0,309929.0,399.0,67398.0,
timing-block3-2-P.txt,CompileFull/xxhash,169595.0,107500.0,146.0,3301.0,
timing-block3-2-P.txt,Exec/tiny.add,16.72,,,,121962.0
timing-block3-2-P.txt,Exec/fib_rec.fib,695385.0,,,,3.0
timing-block3-2-P.txt,Exec/many_funcs.run,15.49,,,,130369.0
timing-block3-2-P.txt,Exec/json-as.serializeN,22772.0,,,,96.0
timing-block3-2-P.txt,Exec/json-as.deserializeN,43562.0,,,,48.0
timing-block3-2-P.txt,Exec/xxhash.xxhash_run,128247.0,,,,16.0
timing-block3-3-F.txt,SharingNative/small,10384.0,7536.0,20.0,,
timing-block3-3-F.txt,SharingNative/pressure,21420.0,10072.0,23.0,,
timing-block3-3-F.txt,SharingNative/join,12121.0,7936.0,21.0,,
timing-block3-3-F.txt,SharingNative/large,133800.0,9416.0,18.0,,
timing-block3-3-F.txt,SharingNative/deep,11238.0,8496.0,21.0,,
timing-block3-3-F.txt,SharingNative/locals,20380.0,14160.0,22.0,,
timing-block3-3-F.txt,SharingNative/many,571412.0,49888.0,23.0,,
timing-block3-3-F.txt,SharingNative/large_then_small,676332.0,56192.0,24.0,,
timing-block3-3-F.txt,SharingNative/fallback,10131.0,8504.0,21.0,,
timing-block3-3-F.txt,SharingFull/small,9824.0,15064.0,73.0,,
timing-block3-3-F.txt,SharingFull/pressure,26899.0,22033.0,80.0,,
timing-block3-3-F.txt,SharingFull/join,11026.0,15472.0,75.0,,
timing-block3-3-F.txt,SharingFull/large,249432.0,95523.0,81.0,,
timing-block3-3-F.txt,SharingFull/deep,13495.0,21953.0,82.0,,
timing-block3-3-F.txt,SharingFull/locals,31120.0,26217.0,74.0,,
timing-block3-3-F.txt,SharingFull/many,788052.0,243188.0,587.0,,
timing-block3-3-F.txt,SharingFull/large_then_small,1034176.0,295103.0,589.0,,
timing-block3-3-F.txt,SharingFull/fallback,11007.0,16032.0,74.0,,
timing-block3-3-F.txt,SharingExec/small,15.78,0.0,0.0,,
timing-block3-3-F.txt,SharingExec/pressure,47.57,0.0,0.0,,
timing-block3-3-F.txt,SharingExec/join,17.53,0.0,0.0,,
timing-block3-3-F.txt,SharingExec/large,255.7,0.0,0.0,,
timing-block3-3-F.txt,SharingExec/deep,15.6,0.0,0.0,,
timing-block3-3-F.txt,SharingExec/locals,46.77,0.0,0.0,,
timing-block3-3-F.txt,SharingExec/many,15.76,0.0,0.0,,
timing-block3-3-F.txt,SharingExec/large_then_small,256.8,0.0,0.0,,
timing-block3-3-F.txt,SharingExec/fallback,17.06,0.0,0.0,,
timing-block3-3-F.txt,SharingZeroLocals/1,11903.0,7416.0,20.0,,
timing-block3-3-F.txt,SharingZeroLocals/8,11471.0,7544.0,20.0,,
timing-block3-3-F.txt,SharingZeroLocals/64,12362.0,8520.0,17.0,,
timing-block3-3-F.txt,SharingZeroLocals/256,14433.0,11976.0,17.0,,
timing-block3-3-F.txt,Compile/tiny,13172.0,8672.0,24.0,,
timing-block3-3-F.txt,Compile/fib_rec,22731.0,27048.0,50.0,,
timing-block3-3-F.txt,Compile/many_funcs,380640.0,69680.0,35.0,,
timing-block3-3-F.txt,Compile/json-as,1167363.0,134880.0,125.0,,
timing-block3-3-F.txt,Compile/xxhash,111119.0,65976.0,58.0,,
timing-block3-3-F.txt,CompileFull/tiny,15179.0,18752.0,93.0,96.0,
timing-block3-3-F.txt,CompileFull/fib_rec,23285.0,35753.0,107.0,320.0,
timing-block3-3-F.txt,CompileFull/many_funcs,506055.0,179745.0,89.0,8363.0,
timing-block3-3-F.txt,CompileFull/json-as,1794613.0,309930.0,399.0,67398.0,
timing-block3-3-F.txt,CompileFull/xxhash,138236.0,107500.0,146.0,3301.0,
timing-block3-3-F.txt,Exec/tiny.add,15.13,,,,135252.0
timing-block3-3-F.txt,Exec/fib_rec.fib,685467.0,,,,3.0
timing-block3-3-F.txt,Exec/many_funcs.run,15.5,,,,132294.0
timing-block3-3-F.txt,Exec/json-as.serializeN,22668.0,,,,95.0
timing-block3-3-F.txt,Exec/json-as.deserializeN,42078.0,,,,61.0
timing-block3-3-F.txt,Exec/xxhash.xxhash_run,125824.0,,,,16.0
timing-block3-4-F.txt,SharingNative/small,10155.0,7536.0,20.0,,
timing-block3-4-F.txt,SharingNative/pressure,20530.0,10072.0,23.0,,
timing-block3-4-F.txt,SharingNative/join,10625.0,7936.0,21.0,,
timing-block3-4-F.txt,SharingNative/large,134176.0,9416.0,18.0,,
timing-block3-4-F.txt,SharingNative/deep,10795.0,8496.0,21.0,,
timing-block3-4-F.txt,SharingNative/locals,20004.0,14160.0,22.0,,
timing-block3-4-F.txt,SharingNative/many,559726.0,49888.0,23.0,,
timing-block3-4-F.txt,SharingNative/large_then_small,673428.0,56192.0,24.0,,
timing-block3-4-F.txt,SharingNative/fallback,9848.0,8504.0,21.0,,
timing-block3-4-F.txt,SharingFull/small,9927.0,15064.0,73.0,,
timing-block3-4-F.txt,SharingFull/pressure,27172.0,22033.0,80.0,,
timing-block3-4-F.txt,SharingFull/join,11103.0,15472.0,75.0,,
timing-block3-4-F.txt,SharingFull/large,248324.0,95523.0,81.0,,
timing-block3-4-F.txt,SharingFull/deep,13131.0,21953.0,82.0,,
timing-block3-4-F.txt,SharingFull/locals,32317.0,26217.0,74.0,,
timing-block3-4-F.txt,SharingFull/many,778335.0,243188.0,587.0,,
timing-block3-4-F.txt,SharingFull/large_then_small,1012057.0,295102.0,589.0,,
timing-block3-4-F.txt,SharingFull/fallback,10093.0,16032.0,74.0,,
timing-block3-4-F.txt,SharingExec/small,15.68,0.0,0.0,,
timing-block3-4-F.txt,SharingExec/pressure,47.57,0.0,0.0,,
timing-block3-4-F.txt,SharingExec/join,16.06,0.0,0.0,,
timing-block3-4-F.txt,SharingExec/large,257.0,0.0,0.0,,
timing-block3-4-F.txt,SharingExec/deep,15.65,0.0,0.0,,
timing-block3-4-F.txt,SharingExec/locals,40.57,0.0,0.0,,
timing-block3-4-F.txt,SharingExec/many,15.7,0.0,0.0,,
timing-block3-4-F.txt,SharingExec/large_then_small,257.1,0.0,0.0,,
timing-block3-4-F.txt,SharingExec/fallback,20.14,0.0,0.0,,
timing-block3-4-F.txt,SharingZeroLocals/1,11276.0,7416.0,20.0,,
timing-block3-4-F.txt,SharingZeroLocals/8,11648.0,7544.0,20.0,,
timing-block3-4-F.txt,SharingZeroLocals/64,11747.0,8520.0,17.0,,
timing-block3-4-F.txt,SharingZeroLocals/256,14162.0,11976.0,17.0,,
timing-block3-4-F.txt,Compile/tiny,13269.0,8672.0,24.0,,
timing-block3-4-F.txt,Compile/fib_rec,23644.0,27048.0,50.0,,
timing-block3-4-F.txt,Compile/many_funcs,382154.0,69680.0,35.0,,
timing-block3-4-F.txt,Compile/json-as,1164309.0,134880.0,125.0,,
timing-block3-4-F.txt,Compile/xxhash,113113.0,65976.0,58.0,,
timing-block3-4-F.txt,CompileFull/tiny,17964.0,18752.0,93.0,96.0,
timing-block3-4-F.txt,CompileFull/fib_rec,30557.0,35753.0,107.0,320.0,
timing-block3-4-F.txt,CompileFull/many_funcs,555230.0,179745.0,89.0,8363.0,
timing-block3-4-F.txt,CompileFull/json-as,1998539.0,309930.0,399.0,67398.0,
timing-block3-4-F.txt,CompileFull/xxhash,169680.0,107500.0,146.0,3301.0,
timing-block3-4-F.txt,Exec/tiny.add,16.41,,,,130124.0
timing-block3-4-F.txt,Exec/fib_rec.fib,727251.0,,,,3.0
timing-block3-4-F.txt,Exec/many_funcs.run,15.46,,,,130786.0
timing-block3-4-F.txt,Exec/json-as.serializeN,23648.0,,,,92.0
timing-block3-4-F.txt,Exec/json-as.deserializeN,42609.0,,,,48.0
timing-block3-4-F.txt,Exec/xxhash.xxhash_run,127331.0,,,,16.0
timing-block3-5-P.txt,SharingNative/small,9774.0,7536.0,20.0,,
timing-block3-5-P.txt,SharingNative/pressure,18925.0,10072.0,23.0,,
timing-block3-5-P.txt,SharingNative/join,10394.0,7936.0,21.0,,
timing-block3-5-P.txt,SharingNative/large,119362.0,9416.0,18.0,,
timing-block3-5-P.txt,SharingNative/deep,10449.0,8496.0,21.0,,
timing-block3-5-P.txt,SharingNative/locals,20652.0,14160.0,22.0,,
timing-block3-5-P.txt,SharingNative/many,576293.0,49888.0,23.0,,
timing-block3-5-P.txt,SharingNative/large_then_small,682607.0,56192.0,24.0,,
timing-block3-5-P.txt,SharingNative/fallback,10715.0,8504.0,21.0,,
timing-block3-5-P.txt,SharingFull/small,10100.0,15064.0,73.0,,
timing-block3-5-P.txt,SharingFull/pressure,26061.0,22033.0,80.0,,
timing-block3-5-P.txt,SharingFull/join,11390.0,15472.0,75.0,,
timing-block3-5-P.txt,SharingFull/large,233325.0,95523.0,81.0,,
timing-block3-5-P.txt,SharingFull/deep,13365.0,21953.0,82.0,,
timing-block3-5-P.txt,SharingFull/locals,32947.0,26217.0,74.0,,
timing-block3-5-P.txt,SharingFull/many,805905.0,243188.0,587.0,,
timing-block3-5-P.txt,SharingFull/large_then_small,1067318.0,295103.0,589.0,,
timing-block3-5-P.txt,SharingFull/fallback,10628.0,16032.0,74.0,,
timing-block3-5-P.txt,SharingExec/small,15.84,0.0,0.0,,
timing-block3-5-P.txt,SharingExec/pressure,48.52,0.0,0.0,,
timing-block3-5-P.txt,SharingExec/join,17.11,0.0,0.0,,
timing-block3-5-P.txt,SharingExec/large,280.0,0.0,0.0,,
timing-block3-5-P.txt,SharingExec/deep,27.18,0.0,0.0,,
timing-block3-5-P.txt,SharingExec/locals,72.31,0.0,0.0,,
timing-block3-5-P.txt,SharingExec/many,25.86,0.0,0.0,,
timing-block3-5-P.txt,SharingExec/large_then_small,284.5,0.0,0.0,,
timing-block3-5-P.txt,SharingExec/fallback,20.79,0.0,0.0,,
timing-block3-5-P.txt,SharingZeroLocals/1,16081.0,7416.0,20.0,,
timing-block3-5-P.txt,SharingZeroLocals/8,13208.0,7544.0,20.0,,
timing-block3-5-P.txt,SharingZeroLocals/64,14634.0,8520.0,17.0,,
timing-block3-5-P.txt,SharingZeroLocals/256,17959.0,11976.0,17.0,,
timing-block3-5-P.txt,Compile/tiny,14576.0,7672.0,23.0,,
timing-block3-5-P.txt,Compile/fib_rec,27276.0,27048.0,50.0,,
timing-block3-5-P.txt,Compile/many_funcs,432611.0,69680.0,35.0,,
timing-block3-5-P.txt,Compile/json-as,1390152.0,134880.0,125.0,,
timing-block3-5-P.txt,Compile/xxhash,124060.0,65976.0,58.0,,
timing-block3-5-P.txt,CompileFull/tiny,17193.0,17752.0,92.0,102.0,
timing-block3-5-P.txt,CompileFull/fib_rec,25827.0,35753.0,107.0,320.0,
timing-block3-5-P.txt,CompileFull/many_funcs,552468.0,179745.0,89.0,8363.0,
timing-block3-5-P.txt,CompileFull/json-as,1941147.0,309929.0,399.0,67398.0,
timing-block3-5-P.txt,CompileFull/xxhash,151764.0,107500.0,146.0,3301.0,
timing-block3-5-P.txt,Exec/tiny.add,17.16,,,,121523.0
timing-block3-5-P.txt,Exec/fib_rec.fib,719386.0,,,,3.0
timing-block3-5-P.txt,Exec/many_funcs.run,15.61,,,,131435.0
timing-block3-5-P.txt,Exec/json-as.serializeN,23337.0,,,,89.0
timing-block3-5-P.txt,Exec/json-as.deserializeN,42026.0,,,,57.0
timing-block3-5-P.txt,Exec/xxhash.xxhash_run,126244.0,,,,17.0
timing-block3-6-M.txt,SharingNative/small,10275.0,8248.0,21.0,,
timing-block3-6-M.txt,SharingNative/pressure,27929.0,19488.0,18.0,,
timing-block3-6-M.txt,SharingNative/join,11683.0,10152.0,26.0,,
timing-block3-6-M.txt,SharingNative/large,202394.0,228544.0,24.0,,
timing-block3-6-M.txt,SharingNative/deep,14370.0,11504.0,22.0,,
timing-block3-6-M.txt,SharingNative/locals,35290.0,29192.0,21.0,,
timing-block3-6-M.txt,SharingNative/many,597972.0,50600.0,24.0,,
timing-block3-6-M.txt,SharingNative/large_then_small,864913.0,275320.0,30.0,,
timing-block3-6-M.txt,SharingNative/fallback,11449.0,8248.0,21.0,,
timing-block3-6-M.txt,SharingFull/small,10681.0,15776.0,74.0,,
timing-block3-6-M.txt,SharingFull/pressure,34774.0,31449.0,75.0,,
timing-block3-6-M.txt,SharingFull/join,12186.0,17688.0,80.0,,
timing-block3-6-M.txt,SharingFull/large,284195.0,315927.0,87.0,,
timing-block3-6-M.txt,SharingFull/deep,17500.0,24961.0,83.0,,
timing-block3-6-M.txt,SharingFull/locals,48105.0,41242.0,73.0,,
timing-block3-6-M.txt,SharingFull/many,838270.0,243900.0,588.0,,
timing-block3-6-M.txt,SharingFull/large_then_small,1199081.0,514234.0,595.0,,
timing-block3-6-M.txt,SharingFull/fallback,10502.0,15776.0,74.0,,
timing-block3-6-M.txt,SharingExec/small,16.03,0.0,0.0,,
timing-block3-6-M.txt,SharingExec/pressure,49.18,0.0,0.0,,
timing-block3-6-M.txt,SharingExec/join,16.16,0.0,0.0,,
timing-block3-6-M.txt,SharingExec/large,259.8,0.0,0.0,,
timing-block3-6-M.txt,SharingExec/deep,16.13,0.0,0.0,,
timing-block3-6-M.txt,SharingExec/locals,86.4,0.0,0.0,,
timing-block3-6-M.txt,SharingExec/many,16.59,0.0,0.0,,
timing-block3-6-M.txt,SharingExec/large_then_small,254.2,0.0,0.0,,
timing-block3-6-M.txt,SharingExec/fallback,17.31,0.0,0.0,,
timing-block3-6-M.txt,SharingZeroLocals/1,12282.0,8216.0,20.0,,
timing-block3-6-M.txt,SharingZeroLocals/8,12078.0,8360.0,22.0,,
timing-block3-6-M.txt,SharingZeroLocals/64,14113.0,9064.0,19.0,,
timing-block3-6-M.txt,SharingZeroLocals/256,17705.0,14569.0,16.0,,
timing-block3-6-M.txt,Compile/tiny,13421.0,8344.0,22.0,,
timing-block3-6-M.txt,Compile/fib_rec,25268.0,26792.0,50.0,,
timing-block3-6-M.txt,Compile/many_funcs,418361.0,69272.0,31.0,,
timing-block3-6-M.txt,Compile/json-as,1248540.0,134624.0,125.0,,
timing-block3-6-M.txt,Compile/xxhash,113331.0,65720.0,58.0,,
timing-block3-6-M.txt,CompileFull/tiny,16347.0,18416.0,91.0,96.0,
timing-block3-6-M.txt,CompileFull/fib_rec,24202.0,35497.0,107.0,320.0,
timing-block3-6-M.txt,CompileFull/many_funcs,557118.0,179337.0,85.0,7771.0,
timing-block3-6-M.txt,CompileFull/json-as,1773537.0,309673.0,399.0,67398.0,
timing-block3-6-M.txt,CompileFull/xxhash,141529.0,107228.0,146.0,3301.0,
timing-block3-6-M.txt,Exec/tiny.add,15.37,,,,132384.0
timing-block3-6-M.txt,Exec/fib_rec.fib,690159.0,,,,3.0
timing-block3-6-M.txt,Exec/many_funcs.run,15.44,,,,131478.0
timing-block3-6-M.txt,Exec/json-as.serializeN,23072.0,,,,91.0
timing-block3-6-M.txt,Exec/json-as.deserializeN,42010.0,,,,68.0
timing-block3-6-M.txt,Exec/xxhash.xxhash_run,126252.0,,,,16.0
workers-block1-1-M.txt,CompileFullWorkers/tiny/p1-4,26420.0,18278.0,90.0,96.0,
workers-block1-1-M.txt,CompileFullWorkers/tiny/auto-4,25357.0,18277.0,90.0,96.0,
workers-block1-1-M.txt,CompileFullWorkers/many_funcs/p1-4,582359.0,179233.0,84.0,7771.0,
workers-block1-1-M.txt,CompileFullWorkers/many_funcs/auto-4,576384.0,300993.0,141.0,7771.0,
workers-block1-1-M.txt,CompileFullWorkers/json-as/p1-4,1740424.0,309601.0,398.0,67398.0,
workers-block1-1-M.txt,CompileFullWorkers/json-as/auto-4,2419139.0,686088.0,590.0,67398.0,
workers-block1-2-P.txt,CompileFullWorkers/tiny/p1-4,24057.0,17613.0,91.0,102.0,
workers-block1-2-P.txt,CompileFullWorkers/tiny/auto-4,25210.0,17612.0,91.0,102.0,
workers-block1-2-P.txt,CompileFullWorkers/many_funcs/p1-4,583580.0,179641.0,88.0,8363.0,
workers-block1-2-P.txt,CompileFullWorkers/many_funcs/auto-4,404801.0,242888.0,148.0,8363.0,
workers-block1-2-P.txt,CompileFullWorkers/json-as/p1-4,1573758.0,309847.0,398.0,67398.0,
workers-block1-2-P.txt,CompileFullWorkers/json-as/auto-4,1879988.0,660342.0,610.0,67398.0,
workers-block1-3-F.txt,CompileFullWorkers/tiny/p1-4,29082.0,18614.0,92.0,96.0,
workers-block1-3-F.txt,CompileFullWorkers/tiny/auto-4,25553.0,18613.0,92.0,96.0,
workers-block1-3-F.txt,CompileFullWorkers/many_funcs/p1-4,572143.0,179636.0,88.0,8363.0,
workers-block1-3-F.txt,CompileFullWorkers/many_funcs/auto-4,607034.0,251587.0,142.0,8363.0,
workers-block1-3-F.txt,CompileFullWorkers/json-as/p1-4,1821356.0,309851.0,398.0,67398.0,
workers-block1-3-F.txt,CompileFullWorkers/json-as/auto-4,1761255.0,666148.0,596.0,67398.0,
workers-block1-4-F.txt,CompileFullWorkers/tiny/p1-4,25898.0,18614.0,92.0,96.0,
workers-block1-4-F.txt,CompileFullWorkers/tiny/auto-4,25917.0,18613.0,92.0,96.0,
workers-block1-4-F.txt,CompileFullWorkers/many_funcs/p1-4,511626.0,179636.0,88.0,8363.0,
workers-block1-4-F.txt,CompileFullWorkers/many_funcs/auto-4,562617.0,254608.0,140.0,8363.0,
workers-block1-4-F.txt,CompileFullWorkers/json-as/p1-4,1672202.0,309853.0,398.0,67398.0,
workers-block1-4-F.txt,CompileFullWorkers/json-as/auto-4,1721268.0,668058.0,598.0,67398.0,
workers-block1-5-P.txt,CompileFullWorkers/tiny/p1-4,22960.0,17612.0,91.0,102.0,
workers-block1-5-P.txt,CompileFullWorkers/tiny/auto-4,23224.0,17612.0,91.0,102.0,
workers-block1-5-P.txt,CompileFullWorkers/many_funcs/p1-4,537139.0,179636.0,88.0,8363.0,
workers-block1-5-P.txt,CompileFullWorkers/many_funcs/auto-4,601025.0,253264.0,141.0,8363.0,
workers-block1-5-P.txt,CompileFullWorkers/json-as/p1-4,1538812.0,309842.0,398.0,67398.0,
workers-block1-5-P.txt,CompileFullWorkers/json-as/auto-4,1552336.0,672241.0,612.0,67398.0,
workers-block1-6-M.txt,CompileFullWorkers/tiny/p1-4,22044.0,18276.0,90.0,96.0,
workers-block1-6-M.txt,CompileFullWorkers/tiny/auto-4,24226.0,18276.0,90.0,96.0,
workers-block1-6-M.txt,CompileFullWorkers/many_funcs/p1-4,618866.0,179229.0,84.0,7771.0,
workers-block1-6-M.txt,CompileFullWorkers/many_funcs/auto-4,595323.0,299422.0,141.0,7771.0,
workers-block1-6-M.txt,CompileFullWorkers/json-as/p1-4,1626354.0,309585.0,398.0,67398.0,
workers-block1-6-M.txt,CompileFullWorkers/json-as/auto-4,1659957.0,680258.0,612.0,67398.0,
workers-block2-1-M.txt,CompileFullWorkers/tiny/p1-4,27921.0,18276.0,90.0,96.0,
workers-block2-1-M.txt,CompileFullWorkers/tiny/auto-4,25832.0,18276.0,90.0,96.0,
workers-block2-1-M.txt,CompileFullWorkers/many_funcs/p1-4,629832.0,179228.0,84.0,7771.0,
workers-block2-1-M.txt,CompileFullWorkers/many_funcs/auto-4,644238.0,300224.0,142.0,7771.0,
workers-block2-1-M.txt,CompileFullWorkers/json-as/p1-4,1782465.0,309599.0,398.0,67398.0,
workers-block2-1-M.txt,CompileFullWorkers/json-as/auto-4,1407468.0,668864.0,635.0,67398.0,
workers-block2-2-P.txt,CompileFullWorkers/tiny/p1-4,21835.0,17612.0,91.0,102.0,
workers-block2-2-P.txt,CompileFullWorkers/tiny/auto-4,22913.0,17613.0,91.0,102.0,
workers-block2-2-P.txt,CompileFullWorkers/many_funcs/p1-4,533297.0,179633.0,88.0,8363.0,
workers-block2-2-P.txt,CompileFullWorkers/many_funcs/auto-4,521941.0,248909.0,144.0,8363.0,
workers-block2-2-P.txt,CompileFullWorkers/json-as/p1-4,1564789.0,309858.0,398.0,67398.0,
workers-block2-2-P.txt,CompileFullWorkers/json-as/auto-4,1656301.0,668777.0,603.0,67398.0,
workers-block2-3-F.txt,CompileFullWorkers/tiny/p1-4,24843.0,18613.0,92.0,96.0,
workers-block2-3-F.txt,CompileFullWorkers/tiny/auto-4,23354.0,18612.0,92.0,96.0,
workers-block2-3-F.txt,CompileFullWorkers/many_funcs/p1-4,527399.0,179637.0,88.0,8363.0,
workers-block2-3-F.txt,CompileFullWorkers/many_funcs/auto-4,581560.0,253462.0,141.0,8363.0,
workers-block2-3-F.txt,CompileFullWorkers/json-as/p1-4,1560739.0,309840.0,398.0,67398.0,
workers-block2-3-F.txt,CompileFullWorkers/json-as/auto-4,1551751.0,668128.0,601.0,67398.0,
workers-block2-4-F.txt,CompileFullWorkers/tiny/p1-4,23749.0,18612.0,92.0,96.0,
workers-block2-4-F.txt,CompileFullWorkers/tiny/auto-4,24306.0,18613.0,92.0,96.0,
workers-block2-4-F.txt,CompileFullWorkers/many_funcs/p1-4,541757.0,179641.0,88.0,8363.0,
workers-block2-4-F.txt,CompileFullWorkers/many_funcs/auto-4,582598.0,253305.0,141.0,8363.0,
workers-block2-4-F.txt,CompileFullWorkers/json-as/p1-4,1588912.0,309842.0,398.0,67398.0,
workers-block2-4-F.txt,CompileFullWorkers/json-as/auto-4,1724260.0,669808.0,605.0,67398.0,
workers-block2-5-P.txt,CompileFullWorkers/tiny/p1-4,22324.0,17613.0,91.0,102.0,
workers-block2-5-P.txt,CompileFullWorkers/tiny/auto-4,21741.0,17612.0,91.0,102.0,
workers-block2-5-P.txt,CompileFullWorkers/many_funcs/p1-4,541027.0,179639.0,88.0,8363.0,
workers-block2-5-P.txt,CompileFullWorkers/many_funcs/auto-4,564878.0,252616.0,141.0,8363.0,
workers-block2-5-P.txt,CompileFullWorkers/json-as/p1-4,1639174.0,309865.0,398.0,67398.0,
workers-block2-5-P.txt,CompileFullWorkers/json-as/auto-4,1565926.0,666075.0,610.0,67398.0,
workers-block2-6-M.txt,CompileFullWorkers/tiny/p1-4,23483.0,18277.0,90.0,96.0,
workers-block2-6-M.txt,CompileFullWorkers/tiny/auto-4,24189.0,18276.0,90.0,96.0,
workers-block2-6-M.txt,CompileFullWorkers/many_funcs/p1-4,578652.0,179232.0,84.0,7771.0,
workers-block2-6-M.txt,CompileFullWorkers/many_funcs/auto-4,600261.0,300459.0,141.0,7771.0,
workers-block2-6-M.txt,CompileFullWorkers/json-as/p1-4,1647890.0,309599.0,398.0,67398.0,
workers-block2-6-M.txt,CompileFullWorkers/json-as/auto-4,1632312.0,686063.0,598.0,67398.0,
workers-block3-1-M.txt,CompileFullWorkers/tiny/p1-4,23321.0,18278.0,90.0,96.0,
workers-block3-1-M.txt,CompileFullWorkers/tiny/auto-4,23495.0,18276.0,90.0,96.0,
workers-block3-1-M.txt,CompileFullWorkers/many_funcs/p1-4,530916.0,179229.0,84.0,7771.0,
workers-block3-1-M.txt,CompileFullWorkers/many_funcs/auto-4,582431.0,300381.0,141.0,7771.0,
workers-block3-1-M.txt,CompileFullWorkers/json-as/p1-4,1742119.0,309596.0,398.0,67398.0,
workers-block3-1-M.txt,CompileFullWorkers/json-as/auto-4,1628663.0,681214.0,605.0,67398.0,
workers-block3-2-P.txt,CompileFullWorkers/tiny/p1-4,22107.0,17613.0,91.0,102.0,
workers-block3-2-P.txt,CompileFullWorkers/tiny/auto-4,22161.0,17612.0,91.0,102.0,
workers-block3-2-P.txt,CompileFullWorkers/many_funcs/p1-4,534774.0,179632.0,88.0,8363.0,
workers-block3-2-P.txt,CompileFullWorkers/many_funcs/auto-4,573480.0,253127.0,141.0,8363.0,
workers-block3-2-P.txt,CompileFullWorkers/json-as/p1-4,1709612.0,309855.0,398.0,67398.0,
workers-block3-2-P.txt,CompileFullWorkers/json-as/auto-4,1628880.0,670179.0,601.0,67398.0,
workers-block3-3-F.txt,CompileFullWorkers/tiny/p1-4,28052.0,18612.0,92.0,96.0,
workers-block3-3-F.txt,CompileFullWorkers/tiny/auto-4,34037.0,18613.0,92.0,96.0,
workers-block3-3-F.txt,CompileFullWorkers/many_funcs/p1-4,549439.0,179642.0,88.0,8363.0,
workers-block3-3-F.txt,CompileFullWorkers/many_funcs/auto-4,575863.0,252754.0,141.0,8363.0,
workers-block3-3-F.txt,CompileFullWorkers/json-as/p1-4,1889978.0,309858.0,398.0,67398.0,
workers-block3-3-F.txt,CompileFullWorkers/json-as/auto-4,1675424.0,667855.0,597.0,67398.0,
workers-block3-4-F.txt,CompileFullWorkers/tiny/p1-4,21775.0,18613.0,92.0,96.0,
workers-block3-4-F.txt,CompileFullWorkers/tiny/auto-4,22948.0,18613.0,92.0,96.0,
workers-block3-4-F.txt,CompileFullWorkers/many_funcs/p1-4,531019.0,179639.0,88.0,8363.0,
workers-block3-4-F.txt,CompileFullWorkers/many_funcs/auto-4,518534.0,250556.0,143.0,8363.0,
workers-block3-4-F.txt,CompileFullWorkers/json-as/p1-4,1632172.0,309846.0,398.0,67398.0,
workers-block3-4-F.txt,CompileFullWorkers/json-as/auto-4,1728183.0,669499.0,602.0,67398.0,
workers-block3-5-P.txt,CompileFullWorkers/tiny/p1-4,22500.0,17613.0,91.0,102.0,
workers-block3-5-P.txt,CompileFullWorkers/tiny/auto-4,21273.0,17612.0,91.0,102.0,
workers-block3-5-P.txt,CompileFullWorkers/many_funcs/p1-4,555940.0,179634.0,88.0,8363.0,
workers-block3-5-P.txt,CompileFullWorkers/many_funcs/auto-4,595175.0,253475.0,141.0,8363.0,
workers-block3-5-P.txt,CompileFullWorkers/json-as/p1-4,1514123.0,309846.0,398.0,67398.0,
workers-block3-5-P.txt,CompileFullWorkers/json-as/auto-4,1734622.0,666738.0,597.0,67398.0,
workers-block3-6-M.txt,CompileFullWorkers/tiny/p1-4,21576.0,18277.0,90.0,96.0,
workers-block3-6-M.txt,CompileFullWorkers/tiny/auto-4,23873.0,18277.0,90.0,96.0,
workers-block3-6-M.txt,CompileFullWorkers/many_funcs/p1-4,565508.0,179231.0,84.0,7771.0,
workers-block3-6-M.txt,CompileFullWorkers/many_funcs/auto-4,584787.0,299562.0,141.0,7771.0,
workers-block3-6-M.txt,CompileFullWorkers/json-as/p1-4,1743370.0,309598.0,398.0,67398.0,
workers-block3-6-M.txt,CompileFullWorkers/json-as/auto-4,1699628.0,683812.0,603.0,67398.0,
