code_bytes,heap_alloc,heap_inuse,heap_objects,heap_released,mallocs,modules,peak_rss_kib,phase,rss_bytes,total_alloc,file,scenario,native_Supported,native_Active,native_Cached,native_Registered,native_PeakRegistered,native_Capacity,native_ScanSpan,functions_per_corpus,mapped_bytes,payload_bytes_page_rounded,functions_per_batch,instances
0,278544,966656,751,6627328,5502,0,15396,initial,16465920,494056,memory-auto-block1-1-M.txt,TestSharingMemory,True,0,0,0,0,4096,0,,,,,
0,580352,1474560,1003,7479296,64277,0,22460,compile_release_270,21995520,46426288,memory-auto-block1-1-M.txt,TestSharingMemory,True,0,0,0,0,4096,0,,,,,
167268,1540320,2514944,1829,7045120,72049,36,22460,retained_0,22110208,52471008,memory-auto-block1-1-M.txt,TestSharingMemory,True,0,0,0,0,4096,0,,,,,
0,1537472,2490368,1801,8814592,72292,0,22460,released_0,20701184,52487896,memory-auto-block1-1-M.txt,TestSharingMemory,True,0,0,0,0,4096,0,,,,,
167268,1545104,2375680,1838,7282688,80064,36,22460,retained_1,22028288,58600128,memory-auto-block1-1-M.txt,TestSharingMemory,True,0,0,0,0,4096,0,,,,,
0,1542256,2367488,1810,8658944,80307,0,22460,released_1,20910080,58617016,memory-auto-block1-1-M.txt,TestSharingMemory,True,0,0,0,0,4096,0,,,,,
167268,1549328,2482176,1850,6545408,88072,36,22460,retained_2,22663168,64713408,memory-auto-block1-1-M.txt,TestSharingMemory,True,0,0,0,0,4096,0,,,,,
0,1546096,2473984,1818,8249344,88314,0,22460,released_2,21282816,64730120,memory-auto-block1-1-M.txt,TestSharingMemory,True,0,0,0,0,4096,0,,,,,
0,331000,1048576,944,9232384,88402,0,22460,runtime_released,20434944,64738408,memory-auto-block1-1-M.txt,TestSharingMemory,True,0,0,0,0,4096,0,,,,,
0,488104,1228800,2050,9158656,94178,0,22460,initial,20574208,65137184,memory-auto-block1-1-M.txt,TestSharingMappedMemory,,,,,,,,1032,0,0,,
0,484736,1204224,2042,7946240,100494,0,22460,compile_release_270,21962752,84387176,memory-auto-block1-1-M.txt,TestSharingMappedMemory,,,,,,,,1032,0,0,,
167268,563152,1302528,2157,8298496,101435,36,22460,retained_0,21786624,86968352,memory-auto-block1-1-M.txt,TestSharingMappedMemory,,,,,,,,1032,606208,278528,,
0,490640,1228800,2060,10166272,101537,0,22460,released_0,19746816,86978696,memory-auto-block1-1-M.txt,TestSharingMappedMemory,,,,,,,,1032,0,0,,
167268,566048,1327104,2166,8159232,102455,36,22460,retained_1,21291008,89552344,memory-auto-block1-1-M.txt,TestSharingMappedMemory,,,,,,,,1032,606208,278528,,
0,490640,1228800,2060,8151040,102556,0,22460,released_1,21024768,89562576,memory-auto-block1-1-M.txt,TestSharingMappedMemory,,,,,,,,1032,0,0,,
167268,566048,1327104,2166,7995392,103474,36,22460,retained_2,21458944,92136224,memory-auto-block1-1-M.txt,TestSharingMappedMemory,,,,,,,,1032,606208,278528,,
0,490640,1228800,2060,7987200,103575,0,22460,released_2,21188608,92146456,memory-auto-block1-1-M.txt,TestSharingMappedMemory,,,,,,,,1032,0,0,,
0,278544,811008,751,6848512,5502,0,13672,initial,14286848,494056,memory-auto-block1-10-M.txt,TestSharingMemory,True,0,0,0,0,4096,0,,,,,
0,605360,1490944,1068,7946240,64299,0,20432,compile_release_270,20107264,46235624,memory-auto-block1-10-M.txt,TestSharingMemory,True,0,0,0,0,4096,0,,,,,
167268,1536224,2392064,1819,6438912,72063,36,20432,retained_0,21164032,52349848,memory-auto-block1-10-M.txt,TestSharingMemory,True,0,0,0,0,4096,0,,,,,
0,1533200,2367488,1790,8798208,72306,0,20432,released_0,19263488,52366576,memory-auto-block1-10-M.txt,TestSharingMemory,True,0,0,0,0,4096,0,,,,,
167268,1536352,2310144,1821,7143424,80073,36,20432,retained_1,20684800,58459752,memory-auto-block1-10-M.txt,TestSharingMemory,True,0,0,0,0,4096,0,,,,,
0,1533280,2293760,1789,8454144,80315,0,20432,released_1,19648512,58476464,memory-auto-block1-10-M.txt,TestSharingMemory,True,0,0,0,0,4096,0,,,,,
167268,1536656,2342912,1824,6979584,88053,36,20432,retained_2,20795392,64688160,memory-auto-block1-10-M.txt,TestSharingMemory,True,0,0,0,0,4096,0,,,,,
0,1533392,2326528,1790,7888896,88295,0,20432,released_2,20176896,64704872,memory-auto-block1-10-M.txt,TestSharingMemory,True,0,0,0,0,4096,0,,,,,
0,318296,892928,916,9003008,88397,0,20432,runtime_released,19107840,64715984,memory-auto-block1-10-M.txt,TestSharingMemory,True,0,0,0,0,4096,0,,,,,
0,475400,1073152,2022,9527296,94187,0,20432,initial,18825216,65117584,memory-auto-block1-10-M.txt,TestSharingMappedMemory,,,,,,,,1032,0,0,,
0,471808,1056768,2012,7897088,100501,0,20432,compile_release_270,20557824,84367320,memory-auto-block1-10-M.txt,TestSharingMappedMemory,,,,,,,,1032,0,0,,
167268,553024,1196032,2136,8323072,101438,36,20432,retained_0,20103168,86947784,memory-auto-block1-10-M.txt,TestSharingMappedMemory,,,,,,,,1032,606208,278528,,
0,477600,1097728,2029,8323072,101539,0,20432,released_0,19832832,86958016,memory-auto-block1-10-M.txt,TestSharingMappedMemory,,,,,,,,1032,0,0,,
167268,553024,1196032,2136,8331264,102469,36,20432,retained_1,20336640,89534344,memory-auto-block1-10-M.txt,TestSharingMappedMemory,,,,,,,,1032,606208,278528,,
0,477600,1097728,2029,8323072,102570,0,20432,released_1,20066304,89544576,memory-auto-block1-10-M.txt,TestSharingMappedMemory,,,,,,,,1032,0,0,,
167268,553008,1196032,2135,8331264,103488,36,20432,retained_2,20459520,92118224,memory-auto-block1-10-M.txt,TestSharingMappedMemory,,,,,,,,1032,606208,278528,,
0,477600,1097728,2029,8331264,103589,0,20432,released_2,20180992,92128456,memory-auto-block1-10-M.txt,TestSharingMappedMemory,,,,,,,,1032,0,0,,
0,278560,811008,752,6815744,5505,0,17744,initial,18444288,494104,memory-auto-block1-2-P.txt,TestSharingMemory,True,0,0,0,0,4096,0,,,,,
0,757888,1671168,1182,3457024,63565,0,24152,compile_release_270,24428544,30492944,memory-auto-block1-2-P.txt,TestSharingMemory,True,0,0,0,0,4096,0,,,,,
134972,1529680,2408448,1812,3104768,71218,36,24152,retained_0,24604672,34468872,memory-auto-block1-2-P.txt,TestSharingMemory,True,0,0,0,0,4096,0,,,,,
0,1525728,2383872,1778,3956736,71458,0,24152,released_0,24014848,34484496,memory-auto-block1-2-P.txt,TestSharingMemory,True,0,0,0,0,4096,0,,,,,
134972,1529264,2416640,1810,3358720,79118,36,24152,retained_1,24547328,38494592,memory-auto-block1-2-P.txt,TestSharingMemory,True,0,0,0,0,4096,0,,,,,
0,1526176,2408448,1777,3817472,79360,0,24152,released_1,24223744,38511304,memory-auto-block1-2-P.txt,TestSharingMemory,True,0,0,0,0,4096,0,,,,,
134972,1530128,2359296,1811,3407872,86989,36,24152,retained_2,24604672,42552240,memory-auto-block1-2-P.txt,TestSharingMemory,True,0,0,0,0,4096,0,,,,,
0,1526176,2334720,1777,4259840,87231,0,24152,released_2,23830528,42568952,memory-auto-block1-2-P.txt,TestSharingMemory,True,0,0,0,0,4096,0,,,,,
0,316232,925696,905,5242880,87319,0,24152,runtime_released,22917120,42577240,memory-auto-block1-2-P.txt,TestSharingMemory,True,0,0,0,0,4096,0,,,,,
0,473336,1105920,2011,5300224,93095,0,24152,initial,22904832,42976016,memory-auto-block1-2-P.txt,TestSharingMappedMemory,,,,,,,,1032,0,0,,
0,469744,1073152,2001,3735552,98989,0,24152,compile_release_270,24637440,48153080,memory-auto-block1-2-P.txt,TestSharingMappedMemory,,,,,,,,1032,0,0,,
134972,550944,1187840,2124,4128768,99870,36,24152,retained_0,24510464,48857176,memory-auto-block1-2-P.txt,TestSharingMappedMemory,,,,,,,,1032,606208,262144,,
0,475552,1097728,2019,5308416,99959,0,24152,released_0,22917120,48864728,memory-auto-block1-2-P.txt,TestSharingMappedMemory,,,,,,,,1032,0,0,,
134972,550944,1187840,2124,6012928,100833,36,24152,retained_1,22646784,49564688,memory-auto-block1-2-P.txt,TestSharingMappedMemory,,,,,,,,1032,606208,262144,,
0,475536,1097728,2018,6012928,100934,0,24152,released_1,22384640,49574920,memory-auto-block1-2-P.txt,TestSharingMappedMemory,,,,,,,,1032,0,0,,
134972,550944,1187840,2124,5603328,101808,36,24152,retained_2,23064576,50274880,memory-auto-block1-2-P.txt,TestSharingMappedMemory,,,,,,,,1032,606208,262144,,
0,475536,1097728,2018,5906432,101909,0,24152,released_2,22511616,50285112,memory-auto-block1-2-P.txt,TestSharingMappedMemory,,,,,,,,1032,0,0,,
0,278264,966656,751,2433024,5504,0,15616,initial,16322560,493808,memory-auto-block1-3-P0.txt,TestSharingMemory,True,0,0,0,0,4096,0,,,,,
0,616872,1548288,1135,3121152,64204,0,24136,compile_release_270,24363008,45714440,memory-auto-block1-3-P0.txt,TestSharingMemory,True,0,0,0,0,4096,0,,,,,
167268,1529816,2367488,1803,3072000,71980,36,24136,retained_0,24633344,51758072,memory-auto-block1-3-P0.txt,TestSharingMemory,True,0,0,0,0,4096,0,,,,,
0,1526984,2367488,1776,4579328,72223,0,24136,released_0,23183360,51774800,memory-auto-block1-3-P0.txt,TestSharingMemory,True,0,0,0,0,4096,0,,,,,
167268,1534968,2359296,1817,3186688,80003,36,24136,retained_1,24543232,57904136,memory-auto-block1-3-P0.txt,TestSharingMemory,True,0,0,0,0,4096,0,,,,,
0,1532120,2359296,1789,4628480,80246,0,24136,released_1,23187456,57921024,memory-auto-block1-3-P0.txt,TestSharingMemory,True,0,0,0,0,4096,0,,,,,
167268,1537224,2514944,1826,3194880,87972,36,24136,retained_2,24207360,63956416,memory-auto-block1-3-P0.txt,TestSharingMemory,True,0,0,0,0,4096,0,,,,,
0,1534136,2482176,1793,5095424,88214,0,24136,released_2,22765568,63973128,memory-auto-block1-3-P0.txt,TestSharingMemory,True,0,0,0,0,4096,0,,,,,
0,319040,1024000,919,5095424,88316,0,24136,runtime_released,22831104,63984240,memory-auto-block1-3-P0.txt,TestSharingMemory,True,0,0,0,0,4096,0,,,,,
0,476144,1204224,2025,5021696,94106,0,24136,initial,22953984,64385840,memory-auto-block1-3-P0.txt,TestSharingMappedMemory,,,,,,,,1032,0,0,,
0,472552,1187840,2015,3620864,100420,0,24380,compile_release_270,24580096,83704712,memory-auto-block1-3-P0.txt,TestSharingMappedMemory,,,,,,,,1032,0,0,,
167268,551592,1294336,2130,4022272,101359,36,24380,retained_0,24461312,86294912,memory-auto-block1-3-P0.txt,TestSharingMappedMemory,,,,,,,,1032,606208,278528,,
0,478344,1212416,2032,6053888,101457,0,24380,released_0,22151168,86304008,memory-auto-block1-3-P0.txt,TestSharingMappedMemory,,,,,,,,1032,0,0,,
167268,553768,1310720,2139,4005888,102387,36,24380,retained_1,23650304,88889552,memory-auto-block1-3-P0.txt,TestSharingMappedMemory,,,,,,,,1032,606208,278528,,
0,478344,1212416,2032,4005888,102488,0,24380,released_1,23371776,88899784,memory-auto-block1-3-P0.txt,TestSharingMappedMemory,,,,,,,,1032,0,0,,
167268,553768,1310720,2139,4038656,103418,36,24380,retained_2,23818240,91485328,memory-auto-block1-3-P0.txt,TestSharingMappedMemory,,,,,,,,1032,606208,278528,,
0,478344,1212416,2032,4038656,103519,0,24380,released_2,23539712,91495560,memory-auto-block1-3-P0.txt,TestSharingMappedMemory,,,,,,,,1032,0,0,,
0,278720,811008,753,2654208,5506,0,15820,initial,16367616,494264,memory-auto-block1-4-F.txt,TestSharingMemory,True,0,0,0,0,4096,0,,,,,
0,563608,1351680,962,3678208,63560,0,23960,compile_release_270,23785472,30521152,memory-auto-block1-4-F.txt,TestSharingMemory,True,0,0,0,0,4096,0,,,,,
134972,1518120,2457600,1785,2686976,71235,36,23960,retained_0,24580096,34509880,memory-auto-block1-4-F.txt,TestSharingMemory,True,0,0,0,0,4096,0,,,,,
0,1515272,2433024,1757,4325376,71478,0,23960,released_0,23212032,34526768,memory-auto-block1-4-F.txt,TestSharingMemory,True,0,0,0,0,4096,0,,,,,
134972,1519256,2367488,1791,3219456,79130,36,23960,retained_1,24203264,38514968,memory-auto-block1-4-F.txt,TestSharingMemory,True,0,0,0,0,4096,0,,,,,
0,1515480,2342912,1758,3940352,79373,0,23960,released_1,23597056,38531856,memory-auto-block1-4-F.txt,TestSharingMemory,True,0,0,0,0,4096,0,,,,,
134972,1526912,2285568,1801,3170304,87030,36,23960,retained_2,24182784,42547008,memory-auto-block1-4-F.txt,TestSharingMemory,True,0,0,0,0,4096,0,,,,,
0,1524032,2269184,1771,4546560,87272,0,23960,released_2,23040000,42563720,memory-auto-block1-4-F.txt,TestSharingMemory,True,0,0,0,0,4096,0,,,,,
0,314088,909312,899,5332992,87360,0,23960,runtime_released,22331392,42572008,memory-auto-block1-4-F.txt,TestSharingMemory,True,0,0,0,0,4096,0,,,,,
0,471192,1089536,2005,5201920,93150,0,23960,initial,22544384,42973608,memory-auto-block1-4-F.txt,TestSharingMappedMemory,,,,,,,,1032,0,0,,
0,467600,1064960,1995,3874816,99044,0,23960,compile_release_270,23994368,48150672,memory-auto-block1-4-F.txt,TestSharingMappedMemory,,,,,,,,1032,0,0,,
134972,548800,1179648,2118,3940352,99925,36,23960,retained_0,24207360,48854768,memory-auto-block1-4-F.txt,TestSharingMappedMemory,,,,,,,,1032,606208,262144,,
0,473408,1089536,2013,5906432,100014,0,23960,released_0,22024192,48862320,memory-auto-block1-4-F.txt,TestSharingMappedMemory,,,,,,,,1032,0,0,,
134972,548800,1179648,2118,6012928,100876,36,23960,retained_1,22155264,49559600,memory-auto-block1-4-F.txt,TestSharingMappedMemory,,,,,,,,1032,606208,262144,,
0,473408,1089536,2013,5971968,100965,0,23960,released_1,21938176,49567152,memory-auto-block1-4-F.txt,TestSharingMappedMemory,,,,,,,,1032,0,0,,
134972,548800,1179648,2118,6004736,101839,36,23960,retained_2,22183936,50267112,memory-auto-block1-4-F.txt,TestSharingMappedMemory,,,,,,,,1032,606208,262144,,
0,473408,1089536,2013,5971968,101928,0,23960,released_2,21954560,50274664,memory-auto-block1-4-F.txt,TestSharingMappedMemory,,,,,,,,1032,0,0,,
0,278424,811008,752,6815744,5505,0,15856,initial,16363520,493968,memory-auto-block1-5-F0.txt,TestSharingMemory,True,0,0,0,0,4096,0,,,,,
0,450864,1138688,961,3186688,64165,0,22028,compile_release_270,22282240,45709032,memory-auto-block1-5-F0.txt,TestSharingMemory,True,0,0,0,0,4096,0,,,,,
167268,1528528,2392064,1808,3358720,71912,36,22040,retained_0,22040576,51713248,memory-auto-block1-5-F0.txt,TestSharingMemory,True,0,0,0,0,4096,0,,,,,
0,1525680,2383872,1780,5062656,72154,0,22040,released_0,20439040,51729960,memory-auto-block1-5-F0.txt,TestSharingMemory,True,0,0,0,0,4096,0,,,,,
167268,1532368,2244608,1816,3506176,79920,36,22040,retained_1,21954560,57785920,memory-auto-block1-5-F0.txt,TestSharingMemory,True,0,0,0,0,4096,0,,,,,
0,1529520,2244608,1788,4751360,80162,0,22040,released_1,20836352,57802632,memory-auto-block1-5-F0.txt,TestSharingMemory,True,0,0,0,0,4096,0,,,,,
167268,1532800,2342912,1821,3203072,87889,36,22040,retained_2,22372352,63843664,memory-auto-block1-5-F0.txt,TestSharingMemory,True,0,0,0,0,4096,0,,,,,
0,1529728,2334720,1789,4448256,88132,0,22040,released_2,21180416,63860552,memory-auto-block1-5-F0.txt,TestSharingMemory,True,0,0,0,0,4096,0,,,,,
0,314632,901120,915,5234688,88234,0,22040,runtime_released,20488192,63871664,memory-auto-block1-5-F0.txt,TestSharingMemory,True,0,0,0,0,4096,0,,,,,
0,471736,1081344,2021,5300224,94010,0,22040,initial,20480000,64270440,memory-auto-block1-5-F0.txt,TestSharingMappedMemory,,,,,,,,1032,0,0,,
0,468256,1056768,2012,3006464,100314,0,22540,compile_release_270,23031808,83587064,memory-auto-block1-5-F0.txt,TestSharingMappedMemory,,,,,,,,1032,0,0,,
167268,549472,1196032,2136,4128768,101251,36,22540,retained_0,21975040,86176744,memory-auto-block1-5-F0.txt,TestSharingMappedMemory,,,,,,,,1032,606208,278528,,
0,474064,1097728,2030,4087808,101340,0,22540,released_0,21745664,86184296,memory-auto-block1-5-F0.txt,TestSharingMappedMemory,,,,,,,,1032,0,0,,
167268,549472,1196032,2136,4120576,102258,36,22540,retained_1,22110208,88767160,memory-auto-block1-5-F0.txt,TestSharingMappedMemory,,,,,,,,1032,606208,278528,,
0,474064,1097728,2030,4087808,102347,0,22540,released_1,21864448,88774712,memory-auto-block1-5-F0.txt,TestSharingMappedMemory,,,,,,,,1032,0,0,,
167268,549472,1196032,2136,4128768,103277,36,22540,retained_2,22220800,91360256,memory-auto-block1-5-F0.txt,TestSharingMappedMemory,,,,,,,,1032,606208,278528,,
0,474048,1097728,2029,4128768,103378,0,22540,released_2,21942272,91370488,memory-auto-block1-5-F0.txt,TestSharingMappedMemory,,,,,,,,1032,0,0,,
0,278584,811008,753,6848512,5506,0,15920,initial,16465920,494128,memory-auto-block1-6-F0.txt,TestSharingMemory,True,0,0,0,0,4096,0,,,,,
0,590104,1310720,1025,7847936,64209,0,24236,compile_release_270,23449600,45723432,memory-auto-block1-6-F0.txt,TestSharingMemory,True,0,0,0,0,4096,0,,,,,
167268,1537448,2367488,1821,6930432,71954,36,24236,retained_0,24162304,51733928,memory-auto-block1-6-F0.txt,TestSharingMemory,True,0,0,0,0,4096,0,,,,,
0,1534600,2351104,1793,8044544,72197,0,24236,released_0,22990848,51750816,memory-auto-block1-6-F0.txt,TestSharingMemory,True,0,0,0,0,4096,0,,,,,
167268,1537416,2359296,1819,7233536,79975,36,24236,retained_1,23695360,57790944,memory-auto-block1-6-F0.txt,TestSharingMemory,True,0,0,0,0,4096,0,,,,,
0,1534568,2351104,1791,8675328,80217,0,24236,released_1,22736896,57807656,memory-auto-block1-6-F0.txt,TestSharingMemory,True,0,0,0,0,4096,0,,,,,
167268,1537752,2310144,1824,7471104,87961,36,24236,retained_2,23646208,63798216,memory-auto-block1-6-F0.txt,TestSharingMemory,True,0,0,0,0,4096,0,,,,,
0,1534680,2293760,1792,8388608,88203,0,24236,released_2,23064576,63814928,memory-auto-block1-6-F0.txt,TestSharingMemory,True,0,0,0,0,4096,0,,,,,
0,319600,901120,919,9420800,88291,0,24236,runtime_released,22085632,63823216,memory-auto-block1-6-F0.txt,TestSharingMemory,True,0,0,0,0,4096,0,,,,,
0,476704,1081344,2025,9478144,94067,0,24236,initial,22126592,64221992,memory-auto-block1-6-F0.txt,TestSharingMappedMemory,,,,,,,,1032,0,0,,
0,473112,1048576,2015,7389184,100370,0,24236,compile_release_270,24174592,83538472,memory-auto-block1-6-F0.txt,TestSharingMappedMemory,,,,,,,,1032,0,0,,
167268,554328,1187840,2139,8249344,101307,36,24236,retained_0,23855104,86128152,memory-auto-block1-6-F0.txt,TestSharingMappedMemory,,,,,,,,1032,606208,278528,,
0,478904,1089536,2032,8249344,101408,0,24236,released_0,23584768,86138384,memory-auto-block1-6-F0.txt,TestSharingMappedMemory,,,,,,,,1032,0,0,,
167268,554328,1187840,2139,8265728,102338,36,24236,retained_1,23851008,88723928,memory-auto-block1-6-F0.txt,TestSharingMappedMemory,,,,,,,,1032,606208,278528,,
0,478920,1089536,2033,8265728,102427,0,24236,released_1,23572480,88731480,memory-auto-block1-6-F0.txt,TestSharingMappedMemory,,,,,,,,1032,0,0,,
167268,554328,1187840,2139,7995392,103357,36,24236,retained_2,23691264,91317024,memory-auto-block1-6-F0.txt,TestSharingMappedMemory,,,,,,,,1032,606208,278528,,
0,478904,1089536,2032,7995392,103458,0,24236,released_2,23412736,91327256,memory-auto-block1-6-F0.txt,TestSharingMappedMemory,,,,,,,,1032,0,0,,
0,278240,933888,750,2465792,5503,0,15828,initial,16437248,493784,memory-auto-block1-7-F.txt,TestSharingMemory,True,0,0,0,0,4096,0,,,,,
0,584520,1458176,1048,3538944,63575,0,24256,compile_release_270,24477696,30502872,memory-auto-block1-7-F.txt,TestSharingMemory,True,0,0,0,0,4096,0,,,,,
134972,1530696,2392064,1818,3670016,71270,36,24256,retained_0,24391680,34471488,memory-auto-block1-7-F.txt,TestSharingMemory,True,0,0,0,0,4096,0,,,,,
0,1527816,2375680,1788,4521984,71513,0,24256,released_0,23552000,34488376,memory-auto-block1-7-F.txt,TestSharingMemory,True,0,0,0,0,4096,0,,,,,
134972,1533944,2695168,1827,2695168,79189,36,24256,retained_1,25182208,38482568,memory-auto-block1-7-F.txt,TestSharingMemory,True,0,0,0,0,4096,0,,,,,
0,1530680,2670592,1793,3416064,79431,0,24256,released_1,24580096,38499280,memory-auto-block1-7-F.txt,TestSharingMemory,True,0,0,0,0,4096,0,,,,,
134972,1533592,2523136,1825,3407872,87110,36,24256,retained_2,24653824,42491640,memory-auto-block1-7-F.txt,TestSharingMemory,True,0,0,0,0,4096,0,,,,,
0,1530760,2498560,1798,4915200,87353,0,24256,released_2,23265280,42508368,memory-auto-block1-7-F.txt,TestSharingMemory,True,0,0,0,0,4096,0,,,,,
0,320880,1024000,924,5111808,87456,0,24256,runtime_released,23134208,42519592,memory-auto-block1-7-F.txt,TestSharingMemory,True,0,0,0,0,4096,0,,,,,
0,477984,1187840,2030,4964352,93246,0,24256,initial,23359488,42921192,memory-auto-block1-7-F.txt,TestSharingMappedMemory,,,,,,,,1032,0,0,,
0,474392,1155072,2020,2924544,99140,0,24828,compile_release_270,25505792,48098256,memory-auto-block1-7-F.txt,TestSharingMappedMemory,,,,,,,,1032,0,0,,
134972,555592,1269760,2143,3915776,100021,36,24956,retained_0,24825856,48802352,memory-auto-block1-7-F.txt,TestSharingMappedMemory,,,,,,,,1032,606208,262144,,
0,480200,1179648,2038,5816320,100110,0,24956,released_0,22667264,48809904,memory-auto-block1-7-F.txt,TestSharingMappedMemory,,,,,,,,1032,0,0,,
134972,555592,1269760,2143,5849088,100984,36,24956,retained_1,22896640,49509864,memory-auto-block1-7-F.txt,TestSharingMappedMemory,,,,,,,,1032,606208,262144,,
0,480184,1179648,2037,5849088,101085,0,24956,released_1,22634496,49520096,memory-auto-block1-7-F.txt,TestSharingMappedMemory,,,,,,,,1032,0,0,,
134972,555592,1269760,2143,5840896,101959,36,24956,retained_2,22904832,50220056,memory-auto-block1-7-F.txt,TestSharingMappedMemory,,,,,,,,1032,606208,262144,,
0,480184,1179648,2037,5840896,102060,0,24956,released_2,22642688,50230288,memory-auto-block1-7-F.txt,TestSharingMappedMemory,,,,,,,,1032,0,0,,
0,278424,966656,752,6627328,5505,0,17728,initial,18423808,493968,memory-auto-block1-8-P0.txt,TestSharingMemory,True,0,0,0,0,4096,0,,,,,
0,615008,1572864,1137,7364608,64184,0,24084,compile_release_270,24473600,45860248,memory-auto-block1-8-P0.txt,TestSharingMemory,True,0,0,0,0,4096,0,,,,,
167268,1527680,2482176,1807,7389184,71939,36,24084,retained_0,24584192,51868320,memory-auto-block1-8-P0.txt,TestSharingMemory,True,0,0,0,0,4096,0,,,,,
0,1524608,2465792,1775,8568832,72182,0,24084,released_0,23412736,51885208,memory-auto-block1-8-P0.txt,TestSharingMemory,True,0,0,0,0,4096,0,,,,,
167268,1532448,2441216,1813,7389184,79952,36,24084,retained_1,24379392,57977824,memory-auto-block1-8-P0.txt,TestSharingMemory,True,0,0,0,0,4096,0,,,,,
0,1529600,2433024,1785,8699904,80194,0,24084,released_1,23310336,57994536,memory-auto-block1-8-P0.txt,TestSharingMemory,True,0,0,0,0,4096,0,,,,,
167268,1538256,2392064,1831,7479296,87943,36,24084,retained_2,24375296,64070080,memory-auto-block1-8-P0.txt,TestSharingMemory,True,0,0,0,0,4096,0,,,,,
0,1534976,2375680,1796,7872512,88185,0,24084,released_2,24059904,64086792,memory-auto-block1-8-P0.txt,TestSharingMemory,True,0,0,0,0,4096,0,,,,,
0,319992,1024000,923,9379840,88274,0,24084,runtime_released,22736896,64095192,memory-auto-block1-8-P0.txt,TestSharingMemory,True,0,0,0,0,4096,0,,,,,
0,477112,1204224,2030,9428992,94065,0,24084,initial,22798336,64496808,memory-auto-block1-8-P0.txt,TestSharingMappedMemory,,,,,,,,1032,0,0,,
0,473520,1187840,2020,7217152,100379,0,24700,compile_release_270,25141248,83815648,memory-auto-block1-8-P0.txt,TestSharingMappedMemory,,,,,,,,1032,0,0,,
167268,554736,1310720,2144,8241152,101316,36,24700,retained_0,24309760,86405328,memory-auto-block1-8-P0.txt,TestSharingMappedMemory,,,,,,,,1032,606208,278528,,
0,479328,1212416,2038,8232960,101405,0,24700,released_0,24047616,86412880,memory-auto-block1-8-P0.txt,TestSharingMappedMemory,,,,,,,,1032,0,0,,
167268,554736,1310720,2144,8241152,102323,36,24700,retained_1,24424448,88995744,memory-auto-block1-8-P0.txt,TestSharingMappedMemory,,,,,,,,1032,606208,278528,,
0,479312,1212416,2037,8241152,102424,0,24700,released_1,24346624,89005976,memory-auto-block1-8-P0.txt,TestSharingMappedMemory,,,,,,,,1032,0,0,,
167268,554736,1310720,2144,8142848,103354,36,24700,retained_2,24199168,91591520,memory-auto-block1-8-P0.txt,TestSharingMappedMemory,,,,,,,,1032,606208,278528,,
0,479328,1212416,2038,8134656,103443,0,24700,released_2,23932928,91599072,memory-auto-block1-8-P0.txt,TestSharingMappedMemory,,,,,,,,1032,0,0,,
0,278400,811008,751,2654208,5504,0,15804,initial,16338944,493944,memory-auto-block1-9-P.txt,TestSharingMemory,True,0,0,0,0,4096,0,,,,,
0,759984,1613824,1180,3145728,63499,0,24000,compile_release_270,24231936,30597232,memory-auto-block1-9-P.txt,TestSharingMemory,True,0,0,0,0,4096,0,,,,,
134972,1535936,2400256,1817,2965504,71179,36,24000,retained_0,24403968,34560088,memory-auto-block1-9-P.txt,TestSharingMemory,True,0,0,0,0,4096,0,,,,,
0,1533088,2383872,1789,4538368,71421,0,24000,released_0,23007232,34576800,memory-auto-block1-9-P.txt,TestSharingMemory,True,0,0,0,0,4096,0,,,,,
134972,1536048,2473984,1818,2768896,79077,36,24000,retained_1,24834048,38586144,memory-auto-block1-9-P.txt,TestSharingMemory,True,0,0,0,0,4096,0,,,,,
0,1533168,2465792,1788,4014080,79320,0,24000,released_1,23724032,38603032,memory-auto-block1-9-P.txt,TestSharingMemory,True,0,0,0,0,4096,0,,,,,
134972,1536912,2424832,1828,2449408,87004,36,24000,retained_2,25075712,42633432,memory-auto-block1-9-P.txt,TestSharingMemory,True,0,0,0,0,4096,0,,,,,
0,1533680,2400256,1796,4087808,87246,0,24000,released_2,23732224,42650144,memory-auto-block1-9-P.txt,TestSharingMemory,True,0,0,0,0,4096,0,,,,,
0,323704,933888,922,5201920,87334,0,24000,runtime_released,22687744,42658432,memory-auto-block1-9-P.txt,TestSharingMemory,True,0,0,0,0,4096,0,,,,,
0,480808,1114112,2028,5013504,93110,0,24000,initial,22974464,43057208,memory-auto-block1-9-P.txt,TestSharingMappedMemory,,,,,,,,1032,0,0,,
0,477216,1081344,2018,3227648,99004,0,24172,compile_release_270,24948736,48234272,memory-auto-block1-9-P.txt,TestSharingMappedMemory,,,,,,,,1032,0,0,,
134972,558416,1196032,2141,3948544,99885,36,24172,retained_0,24522752,48938368,memory-auto-block1-9-P.txt,TestSharingMappedMemory,,,,,,,,1032,606208,262144,,
0,483008,1105920,2035,5267456,99986,0,24172,released_0,22941696,48948600,memory-auto-block1-9-P.txt,TestSharingMappedMemory,,,,,,,,1032,0,0,,
134972,558416,1196032,2141,5275648,100860,36,24172,retained_1,23203840,49648560,memory-auto-block1-9-P.txt,TestSharingMappedMemory,,,,,,,,1032,606208,262144,,
0,483024,1105920,2036,5308416,100949,0,24172,released_1,22908928,49656112,memory-auto-block1-9-P.txt,TestSharingMappedMemory,,,,,,,,1032,0,0,,
134972,558416,1196032,2141,5308416,101811,36,24172,retained_2,23175168,50353392,memory-auto-block1-9-P.txt,TestSharingMappedMemory,,,,,,,,1032,606208,262144,,
0,483008,1105920,2035,5373952,101912,0,24172,released_2,22847488,50363624,memory-auto-block1-9-P.txt,TestSharingMappedMemory,,,,,,,,1032,0,0,,
0,278064,811008,748,2654208,5499,0,13688,initial,14258176,493576,memory-auto-block2-1-M.txt,TestSharingMemory,True,0,0,0,0,4096,0,,,,,
0,755568,1662976,1173,3317760,64293,0,21848,compile_release_270,22188032,46101160,memory-auto-block2-1-M.txt,TestSharingMemory,True,0,0,0,0,4096,0,,,,,
167268,1535360,2277376,1814,3383296,72056,36,21848,retained_0,22147072,52184856,memory-auto-block2-1-M.txt,TestSharingMemory,True,0,0,0,0,4096,0,,,,,
0,1532464,2269184,1783,4497408,72299,0,21848,released_0,21037056,52201744,memory-auto-block2-1-M.txt,TestSharingMemory,True,0,0,0,0,4096,0,,,,,
167268,1541184,2506752,1827,2342912,80084,36,21848,retained_1,22749184,58249144,memory-auto-block2-1-M.txt,TestSharingMemory,True,0,0,0,0,4096,0,,,,,
0,1537920,2482176,1793,3522560,80326,0,21848,released_1,21872640,58265856,memory-auto-block2-1-M.txt,TestSharingMemory,True,0,0,0,0,4096,0,,,,,
167268,1548576,2318336,1846,3489792,88096,36,21848,retained_2,21794816,64382872,memory-auto-block2-1-M.txt,TestSharingMemory,True,0,0,0,0,4096,0,,,,,
0,1545632,2318336,1816,4472832,88340,0,21848,released_2,21090304,64399712,memory-auto-block2-1-M.txt,TestSharingMemory,True,0,0,0,0,4096,0,,,,,
0,330520,901120,941,5308416,88428,0,21848,runtime_released,20389888,64408000,memory-auto-block2-1-M.txt,TestSharingMemory,True,0,0,0,0,4096,0,,,,,
0,487624,1081344,2047,5169152,94204,0,21848,initial,20586496,64806776,memory-auto-block2-1-M.txt,TestSharingMappedMemory,,,,,,,,1032,0,0,,
0,484032,1048576,2037,2924544,100518,0,22136,compile_release_270,22863872,84056496,memory-auto-block2-1-M.txt,TestSharingMappedMemory,,,,,,,,1032,0,0,,
167268,565248,1187840,2161,4112384,101455,36,22136,retained_0,21528576,86636960,memory-auto-block2-1-M.txt,TestSharingMappedMemory,,,,,,,,1032,606208,278528,,
0,489824,1089536,2054,4071424,101556,0,22136,released_0,21299200,86647192,memory-auto-block2-1-M.txt,TestSharingMappedMemory,,,,,,,,1032,0,0,,
167268,565232,1187840,2160,4161536,102474,36,22136,retained_1,21913600,89220840,memory-auto-block2-1-M.txt,TestSharingMappedMemory,,,,,,,,1032,606208,278528,,
0,489824,1089536,2054,4161536,102563,0,22136,released_1,21635072,89228392,memory-auto-block2-1-M.txt,TestSharingMappedMemory,,,,,,,,1032,0,0,,
167268,565360,1187840,2162,3866624,103494,36,22136,retained_2,22028288,91804832,memory-auto-block2-1-M.txt,TestSharingMappedMemory,,,,,,,,1032,606208,278528,,
0,489952,1089536,2056,3866624,103583,0,22136,released_2,21749760,91812384,memory-auto-block2-1-M.txt,TestSharingMappedMemory,,,,,,,,1032,0,0,,
0,279024,811008,754,6815744,5505,0,15704,initial,16371712,494536,memory-auto-block2-10-M.txt,TestSharingMemory,True,0,0,0,0,4096,0,,,,,
0,616632,1433600,1115,3383296,64318,0,21848,compile_release_270,22278144,46049496,memory-auto-block2-10-M.txt,TestSharingMemory,True,0,0,0,0,4096,0,,,,,
167268,1540648,2408448,1829,3407872,72085,36,21848,retained_0,22327296,52131672,memory-auto-block2-10-M.txt,TestSharingMemory,True,0,0,0,0,4096,0,,,,,
0,1537800,2383872,1801,5177344,72328,0,21848,released_0,20570112,52148560,memory-auto-block2-10-M.txt,TestSharingMemory,True,0,0,0,0,4096,0,,,,,
167268,1546536,2244608,1848,3432448,80108,36,21848,retained_1,22294528,58263464,memory-auto-block2-10-M.txt,TestSharingMemory,True,0,0,0,0,4096,0,,,,,
0,1543656,2244608,1818,4284416,80351,0,21848,released_1,21454848,58280192,memory-auto-block2-10-M.txt,TestSharingMemory,True,0,0,0,0,4096,0,,,,,
167268,1547496,2301952,1849,3457024,88113,36,21848,retained_2,22261760,64340408,memory-auto-block2-10-M.txt,TestSharingMemory,True,0,0,0,0,4096,0,,,,,
0,1543736,2277376,1817,3850240,88353,0,21848,released_2,21991424,64356032,memory-auto-block2-10-M.txt,TestSharingMemory,True,0,0,0,0,4096,0,,,,,
0,328656,901120,944,5292032,88455,0,21848,runtime_released,20684800,64367144,memory-auto-block2-10-M.txt,TestSharingMemory,True,0,0,0,0,4096,0,,,,,
0,485760,1081344,2050,5332992,94245,0,21848,initial,20705280,64768744,memory-auto-block2-10-M.txt,TestSharingMappedMemory,,,,,,,,1032,0,0,,
0,487744,1064960,2047,3170304,100566,0,22440,compile_release_270,23023616,84024056,memory-auto-block2-10-M.txt,TestSharingMappedMemory,,,,,,,,1032,0,0,,
167268,568976,1204224,2172,4022272,101504,36,22540,retained_0,22474752,86604536,memory-auto-block2-10-M.txt,TestSharingMappedMemory,,,,,,,,1032,606208,278528,,
0,493552,1105920,2065,4022272,101605,0,22540,released_0,22196224,86614768,memory-auto-block2-10-M.txt,TestSharingMappedMemory,,,,,,,,1032,0,0,,
167268,568960,1204224,2171,3981312,102523,36,22540,retained_1,21770240,89188416,memory-auto-block2-10-M.txt,TestSharingMappedMemory,,,,,,,,1032,606208,278528,,
0,493552,1105920,2065,3981312,102624,0,22540,released_1,21491712,89198648,memory-auto-block2-10-M.txt,TestSharingMappedMemory,,,,,,,,1032,0,0,,
167268,568976,1204224,2172,3981312,103554,36,22540,retained_2,22294528,91774976,memory-auto-block2-10-M.txt,TestSharingMappedMemory,,,,,,,,1032,606208,278528,,
0,493552,1105920,2065,3981312,103655,0,22540,released_2,22016000,91785208,memory-auto-block2-10-M.txt,TestSharingMappedMemory,,,,,,,,1032,0,0,,
0,278720,811008,753,6848512,5506,0,15720,initial,16449536,494264,memory-auto-block2-2-P.txt,TestSharingMemory,True,0,0,0,0,4096,0,,,,,
0,454048,1212416,963,7618560,63550,0,24548,compile_release_270,24690688,30458712,memory-auto-block2-2-P.txt,TestSharingMemory,True,0,0,0,0,4096,0,,,,,
134972,1526320,2342912,1803,7372800,71212,36,24548,retained_0,24924160,34449440,memory-auto-block2-2-P.txt,TestSharingMemory,True,0,0,0,0,4096,0,,,,,
0,1523472,2326528,1775,9076736,71455,0,24548,released_0,23318528,34466328,memory-auto-block2-2-P.txt,TestSharingMemory,True,0,0,0,0,4096,0,,,,,
134972,1529328,2482176,1812,6873088,79118,36,24548,retained_1,25055232,38444584,memory-auto-block2-2-P.txt,TestSharingMemory,True,0,0,0,0,4096,0,,,,,
0,1525392,2449408,1779,8052736,79359,0,24548,released_1,24121344,38460224,memory-auto-block2-2-P.txt,TestSharingMemory,True,0,0,0,0,4096,0,,,,,
134972,1528704,2416640,1814,6955008,87015,36,24548,retained_2,25227264,42474464,memory-auto-block2-2-P.txt,TestSharingMemory,True,0,0,0,0,4096,0,,,,,
0,1525632,2383872,1782,7987200,87258,0,24548,released_2,24207360,42491352,memory-auto-block2-2-P.txt,TestSharingMemory,True,0,0,0,0,4096,0,,,,,
0,315672,892928,909,9355264,87346,0,24548,runtime_released,23101440,42499640,memory-auto-block2-2-P.txt,TestSharingMemory,True,0,0,0,0,4096,0,,,,,
0,472776,1073152,2015,9371648,93136,0,24548,initial,23158784,42901240,memory-auto-block2-2-P.txt,TestSharingMappedMemory,,,,,,,,1032,0,0,,
0,469184,1048576,2005,7438336,99030,0,24548,compile_release_270,25260032,48078304,memory-auto-block2-2-P.txt,TestSharingMappedMemory,,,,,,,,1032,0,0,,
134972,550384,1163264,2128,8159232,99911,36,24724,retained_0,24498176,48782400,memory-auto-block2-2-P.txt,TestSharingMappedMemory,,,,,,,,1032,606208,262144,,
0,475104,1073152,2024,9863168,100001,0,24724,released_0,22429696,48790064,memory-auto-block2-2-P.txt,TestSharingMappedMemory,,,,,,,,1032,0,0,,
134972,550496,1163264,2129,9666560,100863,36,24724,retained_1,22974464,49487344,memory-auto-block2-2-P.txt,TestSharingMappedMemory,,,,,,,,1032,606208,262144,,
0,475104,1073152,2024,10117120,100952,0,24724,released_1,22261760,49494896,memory-auto-block2-2-P.txt,TestSharingMappedMemory,,,,,,,,1032,0,0,,
134972,550496,1163264,2129,10240000,101814,36,24724,retained_2,22425600,50192176,memory-auto-block2-2-P.txt,TestSharingMappedMemory,,,,,,,,1032,606208,262144,,
0,475088,1073152,2023,10240000,101915,0,24724,released_2,22163456,50202408,memory-auto-block2-2-P.txt,TestSharingMappedMemory,,,,,,,,1032,0,0,,
0,278584,966656,753,2433024,5506,0,15640,initial,16404480,494128,memory-auto-block2-3-P0.txt,TestSharingMemory,True,0,0,0,0,4096,0,,,,,
0,448104,1376256,949,3334144,64229,0,24104,compile_release_270,24276992,45799832,memory-auto-block2-3-P0.txt,TestSharingMemory,True,0,0,0,0,4096,0,,,,,
167268,1527512,2465792,1802,2859008,71975,36,24104,retained_0,24444928,51837216,memory-auto-block2-3-P0.txt,TestSharingMemory,True,0,0,0,0,4096,0,,,,,
0,1524440,2449408,1770,3579904,72218,0,24104,released_0,23916544,51854104,memory-auto-block2-3-P0.txt,TestSharingMemory,True,0,0,0,0,4096,0,,,,,
167268,1532952,2490368,1812,3334144,79950,36,24104,retained_1,24358912,57896976,memory-auto-block2-3-P0.txt,TestSharingMemory,True,0,0,0,0,4096,0,,,,,
0,1529880,2482176,1780,3596288,80193,0,24104,released_1,24137728,57913864,memory-auto-block2-3-P0.txt,TestSharingMemory,True,0,0,0,0,4096,0,,,,,
167268,1536616,2498560,1818,3039232,87889,36,24104,retained_2,24608768,64017720,memory-auto-block2-3-P0.txt,TestSharingMemory,True,0,0,0,0,4096,0,,,,,
0,1532888,2473984,1788,3497984,88129,0,24104,released_2,24240128,64033344,memory-auto-block2-3-P0.txt,TestSharingMemory,True,0,0,0,0,4096,0,,,,,
0,317792,1048576,914,5070848,88217,0,24104,runtime_released,22810624,64041632,memory-auto-block2-3-P0.txt,TestSharingMemory,True,0,0,0,0,4096,0,,,,,
0,474896,1220608,2020,6119424,93993,0,24104,initial,21893120,64440408,memory-auto-block2-3-P0.txt,TestSharingMappedMemory,,,,,,,,1032,0,0,,
0,471304,1187840,2010,2924544,100307,0,24588,compile_release_270,24862720,83759280,memory-auto-block2-3-P0.txt,TestSharingMappedMemory,,,,,,,,1032,0,0,,
167268,550344,1294336,2125,4292608,101246,36,24588,retained_0,24018944,86349480,memory-auto-block2-3-P0.txt,TestSharingMappedMemory,,,,,,,,1032,606208,278528,,
0,477096,1212416,2027,5996544,101344,0,24588,released_0,22142976,86358576,memory-auto-block2-3-P0.txt,TestSharingMappedMemory,,,,,,,,1032,0,0,,
167268,549720,1310720,2125,3956736,102266,36,24588,retained_1,23691264,88942152,memory-auto-block2-3-P0.txt,TestSharingMappedMemory,,,,,,,,1032,606208,278528,,
0,477096,1220608,2027,5955584,102367,0,24588,released_1,22183936,88952384,memory-auto-block2-3-P0.txt,TestSharingMappedMemory,,,,,,,,1032,0,0,,
167268,550344,1302528,2125,4218880,103287,36,24588,retained_2,23654400,91535768,memory-auto-block2-3-P0.txt,TestSharingMappedMemory,,,,,,,,1032,606208,278528,,
0,477096,1220608,2027,6053888,103388,0,24588,released_2,22089728,91546000,memory-auto-block2-3-P0.txt,TestSharingMappedMemory,,,,,,,,1032,0,0,,
0,278560,811008,752,6848512,5505,0,15936,initial,16474112,494104,memory-auto-block2-4-F.txt,TestSharingMemory,True,0,0,0,0,4096,0,,,,,
0,319384,974848,928,3432448,63518,0,22472,compile_release_270,22503424,30533720,memory-auto-block2-4-F.txt,TestSharingMemory,True,0,0,0,0,4096,0,,,,,
134972,1533000,2457600,1815,2826240,71166,36,22472,retained_0,22757376,34567032,memory-auto-block2-4-F.txt,TestSharingMemory,True,0,0,0,0,4096,0,,,,,
0,1529224,2433024,1782,3809280,71406,0,22472,released_0,21983232,34582656,memory-auto-block2-4-F.txt,TestSharingMemory,True,0,0,0,0,4096,0,,,,,
134972,1532216,2408448,1813,6815744,79060,36,24308,retained_1,25235456,38591824,memory-auto-block2-4-F.txt,TestSharingMemory,True,0,0,0,0,4096,0,,,,,
0,1529368,2383872,1785,8388608,79303,0,24308,released_1,23691264,38608712,memory-auto-block2-4-F.txt,TestSharingMemory,True,0,0,0,0,4096,0,,,,,
134972,1532568,2392064,1819,7340032,86976,36,24308,retained_2,24850432,42567080,memory-auto-block2-4-F.txt,TestSharingMemory,True,0,0,0,0,4096,0,,,,,
0,1535056,2367488,1793,8060928,87226,0,24308,released_2,24289280,42589544,memory-auto-block2-4-F.txt,TestSharingMemory,True,0,0,0,0,4096,0,,,,,
0,325208,909312,921,9043968,87329,0,24308,runtime_released,23367680,42600768,memory-auto-block2-4-F.txt,TestSharingMemory,True,0,0,0,0,4096,0,,,,,
0,482312,1089536,2027,9502720,93119,0,24308,initial,23089152,43002368,memory-auto-block2-4-F.txt,TestSharingMappedMemory,,,,,,,,1032,0,0,,
0,478736,1064960,2018,7274496,99003,0,24672,compile_release_270,25395200,48177104,memory-auto-block2-4-F.txt,TestSharingMappedMemory,,,,,,,,1032,0,0,,
134972,560048,1179648,2142,8216576,99885,36,25312,retained_0,24756224,48881312,memory-auto-block2-4-F.txt,TestSharingMappedMemory,,,,,,,,1032,606208,262144,,
0,484768,1089536,2038,10117120,99975,0,25312,released_0,22614016,48888976,memory-auto-block2-4-F.txt,TestSharingMappedMemory,,,,,,,,1032,0,0,,
134972,560160,1179648,2143,10166272,100837,36,25312,retained_1,22847488,49586256,memory-auto-block2-4-F.txt,TestSharingMappedMemory,,,,,,,,1032,606208,262144,,
0,484768,1089536,2038,10166272,100926,0,25312,released_1,22585344,49593808,memory-auto-block2-4-F.txt,TestSharingMappedMemory,,,,,,,,1032,0,0,,
134972,560160,1179648,2143,10043392,101788,36,25312,retained_2,22958080,50291088,memory-auto-block2-4-F.txt,TestSharingMappedMemory,,,,,,,,1032,606208,262144,,
0,484768,1089536,2038,10035200,101877,0,25312,released_2,22708224,50298640,memory-auto-block2-4-F.txt,TestSharingMappedMemory,,,,,,,,1032,0,0,,
0,278424,811008,752,6848512,5505,0,15900,initial,16646144,493968,memory-auto-block2-5-F0.txt,TestSharingMemory,True,0,0,0,0,4096,0,,,,,
0,456488,1130496,959,7356416,64396,0,24152,compile_release_270,24707072,45981080,memory-auto-block2-5-F0.txt,TestSharingMemory,True,0,0,0,0,4096,0,,,,,
167268,1536008,2392064,1809,7208960,72186,36,24152,retained_0,24842240,52041352,memory-auto-block2-5-F0.txt,TestSharingMemory,True,0,0,0,0,4096,0,,,,,
0,1532472,2367488,1781,8781824,72429,0,24152,released_0,23302144,52058240,memory-auto-block2-5-F0.txt,TestSharingMemory,True,0,0,0,0,4096,0,,,,,
167268,1535336,2465792,1810,7544832,80227,36,24152,retained_1,24506368,58117736,memory-auto-block2-5-F0.txt,TestSharingMemory,True,0,0,0,0,4096,0,,,,,
0,1532488,2433024,1782,9379840,80470,0,24152,released_1,22720512,58134624,memory-auto-block2-5-F0.txt,TestSharingMemory,True,0,0,0,0,4096,0,,,,,
167268,1535320,2392064,1809,7782400,88268,36,24152,retained_2,24293376,64194832,memory-auto-block2-5-F0.txt,TestSharingMemory,True,0,0,0,0,4096,0,,,,,
0,1532472,2383872,1781,9289728,88510,0,24152,released_2,22814720,64211544,memory-auto-block2-5-F0.txt,TestSharingMemory,True,0,0,0,0,4096,0,,,,,
0,317376,892928,907,9420800,88612,0,24152,runtime_released,22749184,64222656,memory-auto-block2-5-F0.txt,TestSharingMemory,True,0,0,0,0,4096,0,,,,,
0,474480,1073152,2013,9445376,94402,0,24152,initial,22777856,64624256,memory-auto-block2-5-F0.txt,TestSharingMappedMemory,,,,,,,,1032,0,0,,
0,470904,1056768,2004,7471104,100716,0,24152,compile_release_270,24862720,83943112,memory-auto-block2-5-F0.txt,TestSharingMappedMemory,,,,,,,,1032,0,0,,
167268,552104,1196032,2127,7659520,101653,36,24152,retained_0,25063424,86532792,memory-auto-block2-5-F0.txt,TestSharingMappedMemory,,,,,,,,1032,606208,278528,,
0,476696,1097728,2021,7659520,101742,0,24152,released_0,24788992,86540344,memory-auto-block2-5-F0.txt,TestSharingMappedMemory,,,,,,,,1032,0,0,,
167268,552104,1196032,2127,8192000,102672,36,24152,retained_1,24539136,89125888,memory-auto-block2-5-F0.txt,TestSharingMappedMemory,,,,,,,,1032,606208,278528,,
0,476680,1097728,2020,8192000,102773,0,24152,released_1,24260608,89136120,memory-auto-block2-5-F0.txt,TestSharingMappedMemory,,,,,,,,1032,0,0,,
167268,552104,1196032,2127,8126464,103703,36,24152,retained_2,24391680,91721664,memory-auto-block2-5-F0.txt,TestSharingMappedMemory,,,,,,,,1032,606208,278528,,
0,476696,1097728,2021,8118272,103792,0,24152,released_2,24121344,91729216,memory-auto-block2-5-F0.txt,TestSharingMappedMemory,,,,,,,,1032,0,0,,
0,278264,811008,751,6848512,5504,0,15948,initial,16494592,493808,memory-auto-block2-6-F0.txt,TestSharingMemory,True,0,0,0,0,4096,0,,,,,
0,452200,1204224,954,7299072,64225,0,22244,compile_release_270,22700032,45831064,memory-auto-block2-6-F0.txt,TestSharingMemory,True,0,0,0,0,4096,0,,,,,
167268,1531768,2277376,1804,7249920,71980,36,22244,retained_0,22777856,51837584,memory-auto-block2-6-F0.txt,TestSharingMemory,True,0,0,0,0,4096,0,,,,,
0,1528920,2277376,1776,8822784,72223,0,22244,released_0,21053440,51854472,memory-auto-block2-6-F0.txt,TestSharingMemory,True,0,0,0,0,4096,0,,,,,
167268,1535176,2334720,1814,7258112,79982,36,22244,retained_1,22560768,57862328,memory-auto-block2-6-F0.txt,TestSharingMemory,True,0,0,0,0,4096,0,,,,,
0,1532296,2326528,1784,8437760,80225,0,22244,released_1,21614592,57879216,memory-auto-block2-6-F0.txt,TestSharingMemory,True,0,0,0,0,4096,0,,,,,
167268,1538856,2301952,1821,6897664,87969,36,22244,retained_2,23015424,63871680,memory-auto-block2-6-F0.txt,TestSharingMemory,True,0,0,0,0,4096,0,,,,,
0,1535640,2260992,1790,9568256,88212,0,22244,released_2,20549632,63888408,memory-auto-block2-6-F0.txt,TestSharingMemory,True,0,0,0,0,4096,0,,,,,
0,320544,909312,916,9568256,88314,0,22244,runtime_released,20615168,63899520,memory-auto-block2-6-F0.txt,TestSharingMemory,True,0,0,0,0,4096,0,,,,,
0,477648,1089536,2022,9396224,94104,0,22244,initial,20840448,64301120,memory-auto-block2-6-F0.txt,TestSharingMappedMemory,,,,,,,,1032,0,0,,
0,474056,1064960,2012,8093696,100407,0,22560,compile_release_270,22351872,83617632,memory-auto-block2-6-F0.txt,TestSharingMappedMemory,,,,,,,,1032,0,0,,
167268,552472,1179648,2127,8273920,101348,36,22560,retained_0,21917696,86208024,memory-auto-block2-6-F0.txt,TestSharingMappedMemory,,,,,,,,1032,606208,278528,,
0,479960,1105920,2030,9879552,101450,0,22560,released_0,20430848,86218368,memory-auto-block2-6-F0.txt,TestSharingMappedMemory,,,,,,,,1032,0,0,,
167268,552696,1179648,2129,8331264,102385,36,22560,retained_1,21532672,88804736,memory-auto-block2-6-F0.txt,TestSharingMappedMemory,,,,,,,,1032,606208,278528,,
0,480072,1105920,2031,10264576,102486,0,22560,released_1,19943424,88814968,memory-auto-block2-6-F0.txt,TestSharingMappedMemory,,,,,,,,1032,0,0,,
167268,553320,1187840,2129,8445952,103418,36,22560,retained_2,21630976,91401032,memory-auto-block2-6-F0.txt,TestSharingMappedMemory,,,,,,,,1032,606208,278528,,
0,480072,1105920,2031,10182656,103519,0,22560,released_2,20017152,91411264,memory-auto-block2-6-F0.txt,TestSharingMappedMemory,,,,,,,,1032,0,0,,
0,278400,811008,751,2654208,5504,0,15856,initial,16486400,493944,memory-auto-block2-7-F.txt,TestSharingMemory,True,0,0,0,0,4096,0,,,,,
0,447488,1212416,948,3276800,63533,0,24428,compile_release_270,24334336,30421328,memory-auto-block2-7-F.txt,TestSharingMemory,True,0,0,0,0,4096,0,,,,,
134972,1526768,2400256,1803,3153920,71220,36,24428,retained_0,23322624,34386888,memory-auto-block2-7-F.txt,TestSharingMemory,True,0,0,0,0,4096,0,,,,,
0,1523920,2375680,1775,5054464,71463,0,24428,released_0,21987328,34403776,memory-auto-block2-7-F.txt,TestSharingMemory,True,0,0,0,0,4096,0,,,,,
134972,1527008,2490368,1808,2408448,79127,36,24428,retained_1,24223744,38413696,memory-auto-block2-7-F.txt,TestSharingMemory,True,0,0,0,0,4096,0,,,,,
0,1523920,2457600,1775,3457024,79370,0,24428,released_1,23355392,38430584,memory-auto-block2-7-F.txt,TestSharingMemory,True,0,0,0,0,4096,0,,,,,
134972,1527872,2383872,1804,3571712,87020,36,24428,retained_2,23482368,42472328,memory-auto-block2-7-F.txt,TestSharingMemory,True,0,0,0,0,4096,0,,,,,
0,1524832,2342912,1774,5013504,87263,0,24428,released_2,22179840,42489216,memory-auto-block2-7-F.txt,TestSharingMemory,True,0,0,0,0,4096,0,,,,,
0,314904,892928,903,5210112,87365,0,24428,runtime_released,22048768,42500328,memory-auto-block2-7-F.txt,TestSharingMemory,True,0,0,0,0,4096,0,,,,,
0,472008,1073152,2009,5283840,93155,0,24428,initial,22073344,42901928,memory-auto-block2-7-F.txt,TestSharingMappedMemory,,,,,,,,1032,0,0,,
0,468416,1056768,1999,3932160,99049,0,24428,compile_release_270,23564288,48078992,memory-auto-block2-7-F.txt,TestSharingMappedMemory,,,,,,,,1032,0,0,,
134972,549616,1171456,2122,6004736,99930,36,24428,retained_0,21753856,48783088,memory-auto-block2-7-F.txt,TestSharingMappedMemory,,,,,,,,1032,606208,262144,,
0,474208,1081344,2016,5971968,100031,0,24428,released_0,21528576,48793320,memory-auto-block2-7-F.txt,TestSharingMappedMemory,,,,,,,,1032,0,0,,
134972,549616,1171456,2122,5971968,100905,36,24428,retained_1,21827584,49493280,memory-auto-block2-7-F.txt,TestSharingMappedMemory,,,,,,,,1032,606208,262144,,
0,474208,1081344,2016,5971968,101006,0,24428,released_1,21565440,49503512,memory-auto-block2-7-F.txt,TestSharingMappedMemory,,,,,,,,1032,0,0,,
134972,549616,1171456,2122,6012928,101880,36,24428,retained_2,21798912,50203472,memory-auto-block2-7-F.txt,TestSharingMappedMemory,,,,,,,,1032,606208,262144,,
0,474224,1081344,2017,6012928,101969,0,24428,released_2,21540864,50211024,memory-auto-block2-7-F.txt,TestSharingMappedMemory,,,,,,,,1032,0,0,,
0,278424,966656,752,6627328,5505,0,15560,initial,16257024,493968,memory-auto-block2-8-P0.txt,TestSharingMemory,True,0,0,0,0,4096,0,,,,,
0,450992,1236992,956,7667712,64111,0,24056,compile_release_270,24309760,45683280,memory-auto-block2-8-P0.txt,TestSharingMemory,True,0,0,0,0,4096,0,,,,,
167268,1534216,2449408,1809,7012352,71869,36,24056,retained_0,24797184,51710512,memory-auto-block2-8-P0.txt,TestSharingMemory,True,0,0,0,0,4096,0,,,,,
0,1531368,2433024,1781,8847360,72112,0,24056,released_0,23085056,51727400,memory-auto-block2-8-P0.txt,TestSharingMemory,True,0,0,0,0,4096,0,,,,,
167268,1538024,2318336,1820,7430144,79895,36,24056,retained_1,24686592,57786152,memory-auto-block2-8-P0.txt,TestSharingMemory,True,0,0,0,0,4096,0,,,,,
0,1535176,2318336,1792,8347648,80138,0,24056,released_1,23805952,57803040,memory-auto-block2-8-P0.txt,TestSharingMemory,True,0,0,0,0,4096,0,,,,,
167268,1538360,2433024,1825,7110656,87891,36,24056,retained_2,24809472,63810440,memory-auto-block2-8-P0.txt,TestSharingMemory,True,0,0,0,0,4096,0,,,,,
0,1535272,2416640,1792,7700480,88133,0,24056,released_2,24252416,63827152,memory-auto-block2-8-P0.txt,TestSharingMemory,True,0,0,0,0,4096,0,,,,,
0,320288,1024000,919,9338880,88236,0,24056,runtime_released,22953984,63838376,memory-auto-block2-8-P0.txt,TestSharingMemory,True,0,0,0,0,4096,0,,,,,
0,477392,1196032,2025,9199616,94026,0,24056,initial,23166976,64239976,memory-auto-block2-8-P0.txt,TestSharingMappedMemory,,,,,,,,1032,0,0,,
0,473912,1179648,2016,7684096,100341,0,24588,compile_release_270,24817664,83558960,memory-auto-block2-8-P0.txt,TestSharingMappedMemory,,,,,,,,1032,0,0,,
167268,555128,1302528,2140,7839744,101278,36,24588,retained_0,25067520,86148640,memory-auto-block2-8-P0.txt,TestSharingMappedMemory,,,,,,,,1032,606208,278528,,
0,479720,1204224,2034,7839744,101367,0,24588,released_0,24788992,86156192,memory-auto-block2-8-P0.txt,TestSharingMappedMemory,,,,,,,,1032,0,0,,
167268,555128,1302528,2140,8151040,102297,36,24588,retained_1,23986176,88741736,memory-auto-block2-8-P0.txt,TestSharingMappedMemory,,,,,,,,1032,606208,278528,,
0,479704,1204224,2033,8118272,102398,0,24588,released_1,23744512,88751968,memory-auto-block2-8-P0.txt,TestSharingMappedMemory,,,,,,,,1032,0,0,,
167268,555128,1302528,2140,8159232,103328,36,24588,retained_2,24313856,91337512,memory-auto-block2-8-P0.txt,TestSharingMappedMemory,,,,,,,,1032,606208,278528,,
0,479704,1204224,2033,8126464,103429,0,24588,released_2,24068096,91347744,memory-auto-block2-8-P0.txt,TestSharingMappedMemory,,,,,,,,1032,0,0,,
0,278240,811008,750,6848512,5503,0,15788,initial,16310272,493784,memory-auto-block2-9-P.txt,TestSharingMemory,True,0,0,0,0,4096,0,,,,,
0,741656,1638400,1147,6709248,63510,0,24152,compile_release_270,24510464,30518848,memory-auto-block2-9-P.txt,TestSharingMemory,True,0,0,0,0,4096,0,,,,,
134972,1522792,2301952,1797,7667712,71177,36,24152,retained_0,23736320,34537928,memory-auto-block2-9-P.txt,TestSharingMemory,True,0,0,0,0,4096,0,,,,,
0,1519704,2293760,1764,8650752,71419,0,24152,released_0,22880256,34554640,memory-auto-block2-9-P.txt,TestSharingMemory,True,0,0,0,0,4096,0,,,,,
134972,1522728,2433024,1797,7585792,79095,36,24152,retained_1,23707648,38565880,memory-auto-block2-9-P.txt,TestSharingMemory,True,0,0,0,0,4096,0,,,,,
0,1519880,2416640,1769,9060352,79337,0,24152,released_1,22429696,38582592,memory-auto-block2-9-P.txt,TestSharingMemory,True,0,0,0,0,4096,0,,,,,
134972,1525560,2383872,1805,7438336,87007,36,24152,retained_2,24002560,42542208,memory-auto-block2-9-P.txt,TestSharingMemory,True,0,0,0,0,4096,0,,,,,
0,1521800,2359296,1773,8552448,87250,0,24152,released_2,23003136,42559096,memory-auto-block2-9-P.txt,TestSharingMemory,True,0,0,0,0,4096,0,,,,,
0,311824,876544,899,9404416,87352,0,24152,runtime_released,22163456,42570208,memory-auto-block2-9-P.txt,TestSharingMemory,True,0,0,0,0,4096,0,,,,,
0,468928,1056768,2005,9388032,93142,0,24152,initial,22306816,42971808,memory-auto-block2-9-P.txt,TestSharingMappedMemory,,,,,,,,1032,0,0,,
0,465336,1032192,1995,7684096,99036,0,24152,compile_release_270,24182784,48148872,memory-auto-block2-9-P.txt,TestSharingMappedMemory,,,,,,,,1032,0,0,,
134972,552112,1155072,2125,8404992,99924,36,24152,retained_0,23773184,48858544,memory-auto-block2-9-P.txt,TestSharingMappedMemory,,,,,,,,1032,606208,262144,,
0,476704,1064960,2019,9519104,100025,0,24152,released_0,22220800,48868776,memory-auto-block2-9-P.txt,TestSharingMappedMemory,,,,,,,,1032,0,0,,
134972,552096,1155072,2124,10125312,100887,36,24152,retained_1,22052864,49566056,memory-auto-block2-9-P.txt,TestSharingMappedMemory,,,,,,,,1032,606208,262144,,
0,476704,1064960,2019,10092544,100988,0,24152,released_1,21823488,49576288,memory-auto-block2-9-P.txt,TestSharingMappedMemory,,,,,,,,1032,0,0,,
134972,552096,1155072,2124,10190848,101850,36,24152,retained_2,21975040,50273568,memory-auto-block2-9-P.txt,TestSharingMappedMemory,,,,,,,,1032,606208,262144,,
0,476704,1064960,2019,10190848,101951,0,24152,released_2,21716992,50283800,memory-auto-block2-9-P.txt,TestSharingMappedMemory,,,,,,,,1032,0,0,,
0,278864,811008,753,2654208,5504,0,13776,initial,14221312,494376,memory-auto-block3-1-M.txt,TestSharingMemory,True,0,0,0,0,4096,0,,,,,
0,577152,1425408,988,2711552,64296,0,20852,compile_release_270,21393408,46052448,memory-auto-block3-1-M.txt,TestSharingMemory,True,0,0,0,0,4096,0,,,,,
167268,1534336,2441216,1810,2744320,72066,36,20964,retained_0,21368832,52184320,memory-auto-block3-1-M.txt,TestSharingMemory,True,0,0,0,0,4096,0,,,,,
0,1531488,2416640,1782,4513792,72308,0,20964,released_0,19910656,52201032,memory-auto-block3-1-M.txt,TestSharingMemory,True,0,0,0,0,4096,0,,,,,
167268,1535792,2252800,1814,3416064,80073,36,20964,retained_1,20914176,58242080,memory-auto-block3-1-M.txt,TestSharingMemory,True,0,0,0,0,4096,0,,,,,
0,1532944,2252800,1786,4595712,80315,0,20964,released_1,19836928,58258792,memory-auto-block3-1-M.txt,TestSharingMemory,True,0,0,0,0,4096,0,,,,,
167268,1537936,2367488,1822,3203072,88085,36,20964,retained_2,21204992,64302160,memory-auto-block3-1-M.txt,TestSharingMemory,True,0,0,0,0,4096,0,,,,,
0,1534848,2334720,1789,3661824,88328,0,20964,released_2,20758528,64319048,memory-auto-block3-1-M.txt,TestSharingMemory,True,0,0,0,0,4096,0,,,,,
0,319752,901120,915,5226496,88430,0,20964,runtime_released,19341312,64330160,memory-auto-block3-1-M.txt,TestSharingMemory,True,0,0,0,0,4096,0,,,,,
0,476856,1081344,2021,5169152,94220,0,20964,initial,19460096,64731760,memory-auto-block3-1-M.txt,TestSharingMappedMemory,,,,,,,,1032,0,0,,
0,473264,1056768,2011,2711552,100534,0,21132,compile_release_270,21995520,83981544,memory-auto-block3-1-M.txt,TestSharingMappedMemory,,,,,,,,1032,0,0,,
167268,554480,1196032,2135,4145152,101471,36,21132,retained_0,20520960,86562008,memory-auto-block3-1-M.txt,TestSharingMappedMemory,,,,,,,,1032,606208,278528,,
0,479072,1097728,2029,4112384,101560,0,21132,released_0,20279296,86569560,memory-auto-block3-1-M.txt,TestSharingMappedMemory,,,,,,,,1032,0,0,,
167268,554480,1196032,2135,4161536,102490,36,21132,retained_1,20746240,89145888,memory-auto-block3-1-M.txt,TestSharingMappedMemory,,,,,,,,1032,606208,278528,,
0,479056,1097728,2028,4161536,102591,0,21132,released_1,20467712,89156120,memory-auto-block3-1-M.txt,TestSharingMappedMemory,,,,,,,,1032,0,0,,
167268,554480,1196032,2135,3940352,103521,36,21132,retained_2,21069824,91732448,memory-auto-block3-1-M.txt,TestSharingMappedMemory,,,,,,,,1032,606208,278528,,
0,479072,1097728,2029,3932160,103610,0,21132,released_2,20803584,91740000,memory-auto-block3-1-M.txt,TestSharingMappedMemory,,,,,,,,1032,0,0,,
0,278544,811008,751,6848512,5502,0,13688,initial,14286848,494056,memory-auto-block3-10-M.txt,TestSharingMemory,True,0,0,0,0,4096,0,,,,,
0,748680,1581056,1160,7634944,64260,0,21944,compile_release_270,22196224,46194752,memory-auto-block3-10-M.txt,TestSharingMemory,True,0,0,0,0,4096,0,,,,,
167268,1527080,2359296,1797,7700480,72022,36,21944,retained_0,22159360,52290448,memory-auto-block3-10-M.txt,TestSharingMemory,True,0,0,0,0,4096,0,,,,,
0,1524232,2351104,1769,9338880,72265,0,21944,released_0,20520960,52307336,memory-auto-block3-10-M.txt,TestSharingMemory,True,0,0,0,0,4096,0,,,,,
167268,1528744,2433024,1800,7602176,80024,36,21944,retained_1,22331392,58428424,memory-auto-block3-10-M.txt,TestSharingMemory,True,0,0,0,0,4096,0,,,,,
0,1525208,2400256,1772,8650752,80264,0,21944,released_1,21303296,58444048,memory-auto-block3-10-M.txt,TestSharingMemory,True,0,0,0,0,4096,0,,,,,
167268,1533576,2416640,1816,7323648,88028,36,21944,retained_2,22614016,64515312,memory-auto-block3-10-M.txt,TestSharingMemory,True,0,0,0,0,4096,0,,,,,
0,1530488,2383872,1783,8175616,88271,0,21944,released_2,21917696,64532200,memory-auto-block3-10-M.txt,TestSharingMemory,True,0,0,0,0,4096,0,,,,,
0,315392,892928,909,9355264,88374,0,21944,runtime_released,20877312,64543328,memory-auto-block3-10-M.txt,TestSharingMemory,True,0,0,0,0,4096,0,,,,,
0,472496,1073152,2015,9445376,94164,0,21944,initial,20860928,64944928,memory-auto-block3-10-M.txt,TestSharingMappedMemory,,,,,,,,1032,0,0,,
0,474704,1064960,2014,7479296,100487,0,22624,compile_release_270,22949888,84200464,memory-auto-block3-10-M.txt,TestSharingMappedMemory,,,,,,,,1032,0,0,,
167268,555920,1204224,2138,8126464,101424,36,22624,retained_0,22286336,86780928,memory-auto-block3-10-M.txt,TestSharingMappedMemory,,,,,,,,1032,606208,278528,,
0,480496,1105920,2031,8093696,101525,0,22624,released_0,22040576,86791160,memory-auto-block3-10-M.txt,TestSharingMappedMemory,,,,,,,,1032,0,0,,
167268,555920,1204224,2138,8151040,102455,36,22624,retained_1,22364160,89367488,memory-auto-block3-10-M.txt,TestSharingMappedMemory,,,,,,,,1032,606208,278528,,
0,480496,1105920,2031,8118272,102556,0,22624,released_1,22323200,89377720,memory-auto-block3-10-M.txt,TestSharingMappedMemory,,,,,,,,1032,0,0,,
167268,555920,1204224,2138,8224768,103486,36,22624,retained_2,22712320,91954048,memory-auto-block3-10-M.txt,TestSharingMappedMemory,,,,,,,,1032,606208,278528,,
0,480496,1105920,2031,8224768,103587,0,22624,released_2,22433792,91964280,memory-auto-block3-10-M.txt,TestSharingMappedMemory,,,,,,,,1032,0,0,,
0,278240,811008,750,6848512,5503,0,15724,initial,16322560,493784,memory-auto-block3-2-P.txt,TestSharingMemory,True,0,0,0,0,4096,0,,,,,
0,881576,1794048,1234,6758400,63495,0,24224,compile_release_270,25075712,30567480,memory-auto-block3-2-P.txt,TestSharingMemory,True,0,0,0,0,4096,0,,,,,
134972,1518152,2531328,1793,7143424,71126,36,24224,retained_0,24752128,34661312,memory-auto-block3-2-P.txt,TestSharingMemory,True,0,0,0,0,4096,0,,,,,
0,1515080,2498560,1761,8192000,71369,0,24224,released_0,23453696,34678200,memory-auto-block3-2-P.txt,TestSharingMemory,True,0,0,0,0,4096,0,,,,,
134972,1518424,2424832,1794,7208960,79033,36,24224,retained_1,24649728,38673912,memory-auto-block3-2-P.txt,TestSharingMemory,True,0,0,0,0,4096,0,,,,,
0,1515144,2400256,1759,8060928,79275,0,24224,released_1,23896064,38690624,memory-auto-block3-2-P.txt,TestSharingMemory,True,0,0,0,0,4096,0,,,,,
134972,1519784,2342912,1796,7643136,86934,36,24224,retained_2,24399872,42701408,memory-auto-block3-2-P.txt,TestSharingMemory,True,0,0,0,0,4096,0,,,,,
0,1516696,2318336,1763,8626176,87176,0,24224,released_2,23474176,42718120,memory-auto-block3-2-P.txt,TestSharingMemory,True,0,0,0,0,4096,0,,,,,
0,306912,909312,895,9404416,87280,0,24224,runtime_released,22790144,42729360,memory-auto-block3-2-P.txt,TestSharingMemory,True,0,0,0,0,4096,0,,,,,
0,464016,1089536,2001,9437184,93070,0,24224,initial,22863872,43130960,memory-auto-block3-2-P.txt,TestSharingMappedMemory,,,,,,,,1032,0,0,,
0,460424,1073152,1991,7372800,98953,0,24224,compile_release_270,25042944,48305664,memory-auto-block3-2-P.txt,TestSharingMappedMemory,,,,,,,,1032,0,0,,
134972,541624,1187840,2114,8273920,99834,36,24388,retained_0,24485888,49009760,memory-auto-block3-2-P.txt,TestSharingMappedMemory,,,,,,,,1032,606208,262144,,
0,466216,1097728,2008,10108928,99935,0,24388,released_0,22392832,49019992,memory-auto-block3-2-P.txt,TestSharingMappedMemory,,,,,,,,1032,0,0,,
134972,541608,1187840,2113,10125312,100797,36,24388,retained_1,22650880,49717272,memory-auto-block3-2-P.txt,TestSharingMappedMemory,,,,,,,,1032,606208,262144,,
0,466216,1097728,2008,10092544,100886,0,24388,released_1,22421504,49724824,memory-auto-block3-2-P.txt,TestSharingMappedMemory,,,,,,,,1032,0,0,,
134972,541624,1187840,2114,10125312,101760,36,24388,retained_2,22659072,50424784,memory-auto-block3-2-P.txt,TestSharingMappedMemory,,,,,,,,1032,606208,262144,,
0,466216,1097728,2008,10125312,101861,0,24388,released_2,22396928,50435016,memory-auto-block3-2-P.txt,TestSharingMappedMemory,,,,,,,,1032,0,0,,
0,279064,811008,756,2654208,5509,0,15688,initial,16322560,494608,memory-auto-block3-3-P0.txt,TestSharingMemory,True,0,0,0,0,4096,0,,,,,
0,592936,1384448,1041,3055616,64130,0,23976,compile_release_270,24334336,45716944,memory-auto-block3-3-P0.txt,TestSharingMemory,True,0,0,0,0,4096,0,,,,,
167268,1537960,2342912,1823,3481600,71895,36,23976,retained_0,24006656,51718288,memory-auto-block3-3-P0.txt,TestSharingMemory,True,0,0,0,0,4096,0,,,,,
0,1534888,2326528,1791,4071424,72138,0,23976,released_0,23490560,51735176,memory-auto-block3-3-P0.txt,TestSharingMemory,True,0,0,0,0,4096,0,,,,,
167268,1538696,2367488,1826,3457024,79904,36,23976,retained_1,24055808,57757800,memory-auto-block3-3-P0.txt,TestSharingMemory,True,0,0,0,0,4096,0,,,,,
0,1535816,2351104,1796,4505600,80146,0,23976,released_1,23076864,57774512,memory-auto-block3-3-P0.txt,TestSharingMemory,True,0,0,0,0,4096,0,,,,,
167268,1538680,2244608,1825,3334144,87914,36,23976,retained_2,23982080,63829104,memory-auto-block3-3-P0.txt,TestSharingMemory,True,0,0,0,0,4096,0,,,,,
0,1535832,2244608,1797,4579328,88156,0,23976,released_2,22994944,63845816,memory-auto-block3-3-P0.txt,TestSharingMemory,True,0,0,0,0,4096,0,,,,,
0,320832,909312,923,5365760,88259,0,23976,runtime_released,22339584,63857040,memory-auto-block3-3-P0.txt,TestSharingMemory,True,0,0,0,0,4096,0,,,,,
0,477936,1089536,2029,5177344,94049,0,23976,initial,22593536,64258640,memory-auto-block3-3-P0.txt,TestSharingMappedMemory,,,,,,,,1032,0,0,,
0,474344,1064960,2019,3162112,100352,0,24156,compile_release_270,24858624,83575168,memory-auto-block3-3-P0.txt,TestSharingMappedMemory,,,,,,,,1032,0,0,,
167268,555560,1204224,2143,3579904,101289,36,24412,retained_0,24743936,86164848,memory-auto-block3-3-P0.txt,TestSharingMappedMemory,,,,,,,,1032,606208,278528,,
0,480136,1105920,2036,3842048,101390,0,24412,released_0,24203264,86175080,memory-auto-block3-3-P0.txt,TestSharingMappedMemory,,,,,,,,1032,0,0,,
167268,555560,1204224,2143,4063232,102320,36,24412,retained_1,23953408,88760624,memory-auto-block3-3-P0.txt,TestSharingMappedMemory,,,,,,,,1032,606208,278528,,
0,480136,1105920,2036,4063232,102421,0,24412,released_1,23674880,88770856,memory-auto-block3-3-P0.txt,TestSharingMappedMemory,,,,,,,,1032,0,0,,
167268,555560,1204224,2143,4063232,103351,36,24412,retained_2,24064000,91356400,memory-auto-block3-3-P0.txt,TestSharingMappedMemory,,,,,,,,1032,606208,278528,,
0,480136,1105920,2036,4063232,103452,0,24412,released_2,23785472,91366632,memory-auto-block3-3-P0.txt,TestSharingMappedMemory,,,,,,,,1032,0,0,,
0,278560,811008,752,2654208,5505,0,15932,initial,16457728,494104,memory-auto-block3-4-F.txt,TestSharingMemory,True,0,0,0,0,4096,0,,,,,
0,751304,1556480,1168,3366912,63530,0,23904,compile_release_270,24002560,30512080,memory-auto-block3-4-F.txt,TestSharingMemory,True,0,0,0,0,4096,0,,,,,
134972,1531160,2424832,1813,3358720,71211,36,23960,retained_0,23977984,34530536,memory-auto-block3-4-F.txt,TestSharingMemory,True,0,0,0,0,4096,0,,,,,
0,1528312,2400256,1785,4538368,71453,0,23960,released_0,22810624,34547248,memory-auto-block3-4-F.txt,TestSharingMemory,True,0,0,0,0,4096,0,,,,,
134972,1532584,2342912,1820,3104768,79118,36,23960,retained_1,23941120,38538512,memory-auto-block3-4-F.txt,TestSharingMemory,True,0,0,0,0,4096,0,,,,,
0,1528824,2326528,1788,3891200,79361,0,23960,released_1,23486464,38555400,memory-auto-block3-4-F.txt,TestSharingMemory,True,0,0,0,0,4096,0,,,,,
134972,1532136,2367488,1819,3399680,87017,36,23960,retained_2,23994368,42527008,memory-auto-block3-4-F.txt,TestSharingMemory,True,0,0,0,0,4096,0,,,,,
0,1528872,2334720,1785,4055040,87260,0,23960,released_2,23433216,42543896,memory-auto-block3-4-F.txt,TestSharingMemory,True,0,0,0,0,4096,0,,,,,
0,318976,909312,916,5169152,87348,0,23960,runtime_released,22253568,42552184,memory-auto-block3-4-F.txt,TestSharingMemory,True,0,0,0,0,4096,0,,,,,
0,476080,1089536,2022,5300224,93138,0,23960,initial,22351872,42953784,memory-auto-block3-4-F.txt,TestSharingMappedMemory,,,,,,,,1032,0,0,,
0,472488,1064960,2012,3448832,99032,0,23960,compile_release_270,24309760,48130848,memory-auto-block3-4-F.txt,TestSharingMappedMemory,,,,,,,,1032,0,0,,
134972,553688,1179648,2135,4038656,99913,36,23960,retained_0,24018944,48834944,memory-auto-block3-4-F.txt,TestSharingMappedMemory,,,,,,,,1032,606208,262144,,
0,478296,1089536,2030,5939200,100002,0,23960,released_0,21860352,48842496,memory-auto-block3-4-F.txt,TestSharingMappedMemory,,,,,,,,1032,0,0,,
134972,553688,1179648,2135,5955584,100876,36,23960,retained_1,22122496,49542456,memory-auto-block3-4-F.txt,TestSharingMappedMemory,,,,,,,,1032,606208,262144,,
0,478280,1089536,2029,5922816,100977,0,23960,released_1,21893120,49552688,memory-auto-block3-4-F.txt,TestSharingMappedMemory,,,,,,,,1032,0,0,,
134972,553688,1179648,2135,6021120,101851,36,23960,retained_2,22065152,50252648,memory-auto-block3-4-F.txt,TestSharingMappedMemory,,,,,,,,1032,606208,262144,,
0,478296,1089536,2030,6012928,101940,0,23960,released_2,21811200,50260200,memory-auto-block3-4-F.txt,TestSharingMappedMemory,,,,,,,,1032,0,0,,
0,278424,811008,752,2654208,5505,0,15824,initial,16351232,493968,memory-auto-block3-5-F0.txt,TestSharingMemory,True,0,0,0,0,4096,0,,,,,
0,590160,1433600,1036,3325952,64069,0,24284,compile_release_270,24621056,45784080,memory-auto-block3-5-F0.txt,TestSharingMemory,True,0,0,0,0,4096,0,,,,,
167268,1520288,2252800,1791,3694592,71800,36,24284,retained_0,24236032,51754200,memory-auto-block3-5-F0.txt,TestSharingMemory,True,0,0,0,0,4096,0,,,,,
0,1517200,2244608,1758,3694592,72042,0,24284,released_0,24236032,51770912,memory-auto-block3-5-F0.txt,TestSharingMemory,True,0,0,0,0,4096,0,,,,,
167268,1525248,2351104,1800,3145728,79791,36,24284,retained_1,24584192,57750376,memory-auto-block3-5-F0.txt,TestSharingMemory,True,0,0,0,0,4096,0,,,,,
0,1522176,2334720,1768,4096000,80034,0,24284,released_1,23826432,57767104,memory-auto-block3-5-F0.txt,TestSharingMemory,True,0,0,0,0,4096,0,,,,,
167268,1528384,2252800,1803,3301376,87795,36,24284,retained_2,24276992,63824992,memory-auto-block3-5-F0.txt,TestSharingMemory,True,0,0,0,0,4096,0,,,,,
0,1525536,2244608,1775,4743168,88038,0,24284,released_2,22970368,63841880,memory-auto-block3-5-F0.txt,TestSharingMemory,True,0,0,0,0,4096,0,,,,,
0,310440,892928,901,5398528,88140,0,24284,runtime_released,22380544,63852992,memory-auto-block3-5-F0.txt,TestSharingMemory,True,0,0,0,0,4096,0,,,,,
0,467544,1073152,2007,5308416,93930,0,24284,initial,22577152,64254592,memory-auto-block3-5-F0.txt,TestSharingMappedMemory,,,,,,,,1032,0,0,,
0,464176,1056768,1999,2924544,100235,0,24476,compile_release_270,25137152,83571328,memory-auto-block3-5-F0.txt,TestSharingMappedMemory,,,,,,,,1032,0,0,,
167268,545392,1196032,2123,4112384,101172,36,24476,retained_0,23814144,86161008,memory-auto-block3-5-F0.txt,TestSharingMappedMemory,,,,,,,,1032,606208,278528,,
0,469968,1097728,2016,4079616,101273,0,24476,released_0,23568384,86171240,memory-auto-block3-5-F0.txt,TestSharingMappedMemory,,,,,,,,1032,0,0,,
167268,545376,1196032,2122,4177920,102191,36,24476,retained_1,24076288,88754104,memory-auto-block3-5-F0.txt,TestSharingMappedMemory,,,,,,,,1032,606208,278528,,
0,469968,1097728,2016,4145152,102292,0,24476,released_1,23830528,88764336,memory-auto-block3-5-F0.txt,TestSharingMappedMemory,,,,,,,,1032,0,0,,
167268,545392,1196032,2123,3932160,103222,36,24476,retained_2,24334336,91349880,memory-auto-block3-5-F0.txt,TestSharingMappedMemory,,,,,,,,1032,606208,278528,,
0,469984,1097728,2017,3932160,103311,0,24476,released_2,24055808,91357432,memory-auto-block3-5-F0.txt,TestSharingMappedMemory,,,,,,,,1032,0,0,,
0,278264,933888,751,6660096,5504,0,15864,initial,16629760,493808,memory-auto-block3-6-F0.txt,TestSharingMemory,True,0,0,0,0,4096,0,,,,,
0,567136,1474560,975,7454720,64136,0,23936,compile_release_270,24338432,45855744,memory-auto-block3-6-F0.txt,TestSharingMemory,True,0,0,0,0,4096,0,,,,,
167268,1525888,2457600,1802,7430144,71879,36,23936,retained_0,24195072,51856008,memory-auto-block3-6-F0.txt,TestSharingMemory,True,0,0,0,0,4096,0,,,,,
0,1522832,2441216,1771,8544256,72121,0,23936,released_0,23244800,51872720,memory-auto-block3-6-F0.txt,TestSharingMemory,True,0,0,0,0,4096,0,,,,,
167268,1528768,2424832,1804,7069696,79848,36,23936,retained_1,24637440,57912928,memory-auto-block3-6-F0.txt,TestSharingMemory,True,0,0,0,0,4096,0,,,,,
0,1525200,2400256,1774,7856128,80091,0,23936,released_1,24055808,57929816,memory-auto-block3-6-F0.txt,TestSharingMemory,True,0,0,0,0,4096,0,,,,,
167268,1530448,2433024,1807,7004160,87861,36,23960,retained_2,24887296,64055480,memory-auto-block3-6-F0.txt,TestSharingMemory,True,0,0,0,0,4096,0,,,,,
0,1527600,2416640,1779,8052736,88104,0,23960,released_2,23711744,64072368,memory-auto-block3-6-F0.txt,TestSharingMemory,True,0,0,0,0,4096,0,,,,,
0,312504,1007616,905,9363456,88206,0,23960,runtime_released,22671360,64083480,memory-auto-block3-6-F0.txt,TestSharingMemory,True,0,0,0,0,4096,0,,,,,
0,469608,1179648,2011,9404416,93996,0,23960,initial,22732800,64485080,memory-auto-block3-6-F0.txt,TestSharingMappedMemory,,,,,,,,1032,0,0,,
0,466016,1155072,2001,7692288,100310,0,23960,compile_release_270,24592384,83803952,memory-auto-block3-6-F0.txt,TestSharingMappedMemory,,,,,,,,1032,0,0,,
167268,547232,1277952,2125,8208384,101247,36,23960,retained_0,24371200,86393632,memory-auto-block3-6-F0.txt,TestSharingMappedMemory,,,,,,,,1032,606208,278528,,
0,471808,1179648,2018,8167424,101348,0,23960,released_0,24141824,86403864,memory-auto-block3-6-F0.txt,TestSharingMappedMemory,,,,,,,,1032,0,0,,
167268,547216,1277952,2124,7790592,102266,36,23960,retained_1,24682496,88986728,memory-auto-block3-6-F0.txt,TestSharingMappedMemory,,,,,,,,1032,606208,278528,,
0,471824,1179648,2019,7987200,102368,0,23960,released_1,24256512,88996976,memory-auto-block3-6-F0.txt,TestSharingMappedMemory,,,,,,,,1032,0,0,,
167268,547248,1277952,2126,7970816,103298,36,23960,retained_2,24219648,91582520,memory-auto-block3-6-F0.txt,TestSharingMappedMemory,,,,,,,,1032,606208,278528,,
0,471824,1179648,2019,7970816,103399,0,23960,released_2,23941120,91592752,memory-auto-block3-6-F0.txt,TestSharingMappedMemory,,,,,,,,1032,0,0,,
0,278560,933888,752,2465792,5505,0,15848,initial,16371712,494104,memory-auto-block3-7-F.txt,TestSharingMemory,True,0,0,0,0,4096,0,,,,,
0,749832,1736704,1170,3063808,63490,0,24180,compile_release_270,24457216,30682200,memory-auto-block3-7-F.txt,TestSharingMemory,True,0,0,0,0,4096,0,,,,,
134972,1521064,2473984,1798,3268608,71158,36,24180,retained_0,24440832,34659040,memory-auto-block3-7-F.txt,TestSharingMemory,True,0,0,0,0,4096,0,,,,,
0,1517992,2457600,1766,4317184,71401,0,24180,released_0,23404544,34675928,memory-auto-block3-7-F.txt,TestSharingMemory,True,0,0,0,0,4096,0,,,,,
134972,1527992,2457600,1813,3260416,79092,36,24180,retained_1,24285184,38641256,memory-auto-block3-7-F.txt,TestSharingMemory,True,0,0,0,0,4096,0,,,,,
0,1525032,2441216,1782,4374528,79336,0,24180,released_1,23379968,38658256,memory-auto-block3-7-F.txt,TestSharingMemory,True,0,0,0,0,4096,0,,,,,
134972,1531368,2564096,1819,3432448,86999,36,24180,retained_2,24408064,42644448,memory-auto-block3-7-F.txt,TestSharingMemory,True,0,0,0,0,4096,0,,,,,
0,1534112,2531328,1799,4939776,87250,0,24180,released_2,22953984,42666928,memory-auto-block3-7-F.txt,TestSharingMemory,True,0,0,0,0,4096,0,,,,,
0,324152,999424,926,5005312,87352,0,24180,runtime_released,22953984,42678040,memory-auto-block3-7-F.txt,TestSharingMemory,True,0,0,0,0,4096,0,,,,,
0,481256,1171456,2032,5079040,93142,0,24180,initial,22913024,43079640,memory-auto-block3-7-F.txt,TestSharingMappedMemory,,,,,,,,1032,0,0,,
0,477664,1146880,2022,3178496,99036,0,24336,compile_release_270,24973312,48256720,memory-auto-block3-7-F.txt,TestSharingMappedMemory,,,,,,,,1032,0,0,,
134972,558864,1261568,2145,4423680,99917,36,24336,retained_0,24068096,48960816,memory-auto-block3-7-F.txt,TestSharingMappedMemory,,,,,,,,1032,606208,262144,,
0,483472,1171456,2040,6455296,100006,0,24336,released_0,21778432,48968368,memory-auto-block3-7-F.txt,TestSharingMappedMemory,,,,,,,,1032,0,0,,
134972,558864,1261568,2145,5865472,100880,36,24336,retained_1,22597632,49668328,memory-auto-block3-7-F.txt,TestSharingMappedMemory,,,,,,,,1032,606208,262144,,
0,483456,1171456,2039,5865472,100981,0,24336,released_1,22335488,49678560,memory-auto-block3-7-F.txt,TestSharingMappedMemory,,,,,,,,1032,0,0,,
134972,558848,1261568,2144,5931008,101843,36,24336,retained_2,22519808,50375840,memory-auto-block3-7-F.txt,TestSharingMappedMemory,,,,,,,,1032,606208,262144,,
0,483456,1171456,2039,5922816,101932,0,24336,released_2,22269952,50383392,memory-auto-block3-7-F.txt,TestSharingMappedMemory,,,,,,,,1032,0,0,,
0,278424,811008,752,2654208,5505,0,15704,initial,16470016,493968,memory-auto-block3-8-P0.txt,TestSharingMemory,True,0,0,0,0,4096,0,,,,,
0,767784,1646592,1195,3260416,64204,0,22308,compile_release_270,22126592,45730344,memory-auto-block3-8-P0.txt,TestSharingMemory,True,0,0,0,0,4096,0,,,,,
167268,1542712,2252800,1824,3358720,71955,36,22308,retained_0,22028288,51849792,memory-auto-block3-8-P0.txt,TestSharingMemory,True,0,0,0,0,4096,0,,,,,
0,1539864,2252800,1796,4669440,72198,0,22308,released_0,20930560,51866680,memory-auto-block3-8-P0.txt,TestSharingMemory,True,0,0,0,0,4096,0,,,,,
167268,1542888,2351104,1825,3309568,79915,36,22308,retained_1,22274048,57903216,memory-auto-block3-8-P0.txt,TestSharingMemory,True,0,0,0,0,4096,0,,,,,
0,1539848,2342912,1795,4096000,80157,0,22308,released_1,21569536,57919928,memory-auto-block3-8-P0.txt,TestSharingMemory,True,0,0,0,0,4096,0,,,,,
167268,1542728,2400256,1825,3522560,87911,36,22308,retained_2,22171648,63975672,memory-auto-block3-8-P0.txt,TestSharingMemory,True,0,0,0,0,4096,0,,,,,
0,1539896,2383872,1798,5095424,88155,0,22308,released_2,20606976,63992576,memory-auto-block3-8-P0.txt,TestSharingMemory,True,0,0,0,0,4096,0,,,,,
0,324784,917504,923,5160960,88243,0,22308,runtime_released,20672512,64000864,memory-auto-block3-8-P0.txt,TestSharingMemory,True,0,0,0,0,4096,0,,,,,
0,481888,1097728,2029,5193728,94019,0,22308,initial,20602880,64399640,memory-auto-block3-8-P0.txt,TestSharingMappedMemory,,,,,,,,1032,0,0,,
0,478296,1073152,2019,2965504,100333,0,22720,compile_release_270,23101440,83718496,memory-auto-block3-8-P0.txt,TestSharingMappedMemory,,,,,,,,1032,0,0,,
167268,559512,1212416,2143,4104192,101270,36,22720,retained_0,21598208,86308176,memory-auto-block3-8-P0.txt,TestSharingMappedMemory,,,,,,,,1032,606208,278528,,
0,484088,1114112,2036,4104192,101371,0,22720,released_0,21323776,86318408,memory-auto-block3-8-P0.txt,TestSharingMappedMemory,,,,,,,,1032,0,0,,
167268,559512,1212416,2143,4128768,102301,36,22720,retained_1,21594112,88903952,memory-auto-block3-8-P0.txt,TestSharingMappedMemory,,,,,,,,1032,606208,278528,,
0,484104,1114112,2037,4087808,102390,0,22720,released_1,21356544,88911504,memory-auto-block3-8-P0.txt,TestSharingMappedMemory,,,,,,,,1032,0,0,,
167268,559512,1212416,2143,4128768,103320,36,22720,retained_2,21831680,91497048,memory-auto-block3-8-P0.txt,TestSharingMappedMemory,,,,,,,,1032,606208,278528,,
0,484088,1114112,2036,4120576,103421,0,22720,released_2,21565440,91507280,memory-auto-block3-8-P0.txt,TestSharingMappedMemory,,,,,,,,1032,0,0,,
0,278560,966656,752,2433024,5505,0,15448,initial,16175104,494104,memory-auto-block3-9-P.txt,TestSharingMemory,True,0,0,0,0,4096,0,,,,,
0,606512,1490944,1062,3588096,63622,0,24404,compile_release_270,24408064,30341976,memory-auto-block3-9-P.txt,TestSharingMemory,True,0,0,0,0,4096,0,,,,,
134972,1532208,2547712,1816,3481600,71291,36,24404,retained_0,24547328,34334016,memory-auto-block3-9-P.txt,TestSharingMemory,True,0,0,0,0,4096,0,,,,,
0,1528944,2514944,1782,3809280,71533,0,24404,released_0,24231936,34350728,memory-auto-block3-9-P.txt,TestSharingMemory,True,0,0,0,0,4096,0,,,,,
134972,1532288,2490368,1815,3391488,79179,36,24404,retained_1,24539136,38378568,memory-auto-block3-9-P.txt,TestSharingMemory,True,0,0,0,0,4096,0,,,,,
0,1529008,2473984,1780,3850240,79421,0,24404,released_1,24117248,38395280,memory-auto-block3-9-P.txt,TestSharingMemory,True,0,0,0,0,4096,0,,,,,
134972,1533024,2539520,1816,2678784,87066,36,24404,retained_2,25042944,42456224,memory-auto-block3-9-P.txt,TestSharingMemory,True,0,0,0,0,4096,0,,,,,
0,1529296,2514944,1786,3989504,87309,0,24404,released_2,23838720,42473112,memory-auto-block3-9-P.txt,TestSharingMemory,True,0,0,0,0,4096,0,,,,,
0,319320,1024000,912,5103616,87397,0,24404,runtime_released,22925312,42481400,memory-auto-block3-9-P.txt,TestSharingMemory,True,0,0,0,0,4096,0,,,,,
0,476424,1187840,2018,4939776,93187,0,24404,initial,23126016,42883000,memory-auto-block3-9-P.txt,TestSharingMappedMemory,,,,,,,,1032,0,0,,
0,472832,1163264,2008,2801664,99081,0,24536,compile_release_270,25448448,48060064,memory-auto-block3-9-P.txt,TestSharingMappedMemory,,,,,,,,1032,0,0,,
134972,554032,1277952,2131,4374528,99962,36,24792,retained_0,24203264,48764160,memory-auto-block3-9-P.txt,TestSharingMappedMemory,,,,,,,,1032,606208,262144,,
0,478624,1187840,2025,5554176,100063,0,24792,released_0,22634496,48774392,memory-auto-block3-9-P.txt,TestSharingMappedMemory,,,,,,,,1032,0,0,,
134972,554032,1277952,2131,5971968,100937,36,24792,retained_1,22564864,49474352,memory-auto-block3-9-P.txt,TestSharingMappedMemory,,,,,,,,1032,606208,262144,,
0,478624,1187840,2025,5939200,101038,0,24792,released_1,22339584,49484584,memory-auto-block3-9-P.txt,TestSharingMappedMemory,,,,,,,,1032,0,0,,
134972,554016,1277952,2130,5971968,101900,36,24792,retained_2,22573056,50181864,memory-auto-block3-9-P.txt,TestSharingMappedMemory,,,,,,,,1032,606208,262144,,
0,478624,1187840,2025,5931008,102001,0,24792,released_2,22351872,50192096,memory-auto-block3-9-P.txt,TestSharingMappedMemory,,,,,,,,1032,0,0,,
0,213232,704512,725,2818048,5473,0,13776,initial,12066816,428696,memory-block1-1-M.txt,TestSharingMemory,True,0,0,0,0,4096,0,,,,,
0,744656,1441792,1131,3735552,60542,0,20172,compile_release_270,20094976,38199736,memory-block1-1-M.txt,TestSharingMemory,True,0,0,0,0,4096,0,,,,,
167268,1557280,2154496,1692,3588096,67813,36,20172,retained_0,20287488,43237024,memory-block1-1-M.txt,TestSharingMemory,True,0,0,0,0,4096,0,,,,,
0,1552976,2138112,1664,5292032,68053,0,20172,released_0,18583552,43251496,memory-block1-1-M.txt,TestSharingMemory,True,0,0,0,0,4096,0,,,,,
167268,1557264,2170880,1691,3284992,75316,36,20172,retained_1,20066304,48287280,memory-block1-1-M.txt,TestSharingMemory,True,0,0,0,0,4096,0,,,,,
0,1552960,2154496,1663,5079040,75556,0,20172,released_1,18702336,48301752,memory-block1-1-M.txt,TestSharingMemory,True,0,0,0,0,4096,0,,,,,
167268,1557264,2162688,1691,3735552,82819,36,20172,retained_2,19648512,53337536,memory-block1-1-M.txt,TestSharingMemory,True,0,0,0,0,4096,0,,,,,
0,1552960,2146304,1663,4718592,83059,0,20172,released_2,19132416,53352008,memory-block1-1-M.txt,TestSharingMemory,True,0,0,0,0,4096,0,,,,,
0,206792,712704,789,5767168,83147,0,20172,runtime_released,18214912,53359144,memory-block1-1-M.txt,TestSharingMemory,True,0,0,0,0,4096,0,,,,,
0,363512,892928,1895,5619712,88923,0,20172,initial,18378752,53756384,memory-block1-1-M.txt,TestSharingMappedMemory,,,,,,,,1032,0,0,,
0,361456,884736,1885,3162112,95226,0,20472,compile_release_270,21118976,73002544,memory-block1-1-M.txt,TestSharingMappedMemory,,,,,,,,1032,0,0,,
167268,441520,1007616,2009,4276224,96163,36,20728,retained_0,20303872,75581856,memory-block1-1-M.txt,TestSharingMappedMemory,,,,,,,,1032,606208,278528,,
0,366112,901120,1903,4276224,96252,0,20728,released_0,20025344,75588256,memory-block1-1-M.txt,TestSharingMappedMemory,,,,,,,,1032,0,0,,
167268,441520,1007616,2009,4579328,97170,36,20728,retained_1,20008960,78160752,memory-block1-1-M.txt,TestSharingMappedMemory,,,,,,,,1032,606208,278528,,
0,366112,901120,1903,4579328,97259,0,20728,released_1,19730432,78167152,memory-block1-1-M.txt,TestSharingMappedMemory,,,,,,,,1032,0,0,,
167268,441520,1007616,2009,4579328,98177,36,20728,retained_2,20008960,80739648,memory-block1-1-M.txt,TestSharingMappedMemory,,,,,,,,1032,606208,278528,,
0,366112,901120,1903,4579328,98266,0,20728,released_2,19730432,80746048,memory-block1-1-M.txt,TestSharingMappedMemory,,,,,,,,1032,0,0,,
0,213072,704512,724,2818048,5472,0,13712,initial,14192640,428536,memory-block1-10-M.txt,TestSharingMemory,True,0,0,0,0,4096,0,,,,,
0,1051552,1736704,1271,3383296,60540,0,20248,compile_release_270,20639744,38199416,memory-block1-10-M.txt,TestSharingMemory,True,0,0,0,0,4096,0,,,,,
167268,1556976,2236416,1691,3383296,67811,36,20248,retained_0,20742144,43236704,memory-block1-10-M.txt,TestSharingMemory,True,0,0,0,0,4096,0,,,,,
0,1552672,2220032,1663,5087232,68051,0,20248,released_0,19038208,43251176,memory-block1-10-M.txt,TestSharingMemory,True,0,0,0,0,4096,0,,,,,
167268,1556960,2187264,1690,3874816,75314,36,20248,retained_1,20029440,48286960,memory-block1-10-M.txt,TestSharingMemory,True,0,0,0,0,4096,0,,,,,
0,1552656,2170880,1662,4595712,75554,0,20248,released_1,19415040,48301432,memory-block1-10-M.txt,TestSharingMemory,True,0,0,0,0,4096,0,,,,,
167268,1556960,2170880,1690,4005888,82817,36,20248,retained_2,20013056,53337216,memory-block1-10-M.txt,TestSharingMemory,True,0,0,0,0,4096,0,,,,,
0,1552656,2154496,1662,4333568,83057,0,20248,released_2,19787776,53351688,memory-block1-10-M.txt,TestSharingMemory,True,0,0,0,0,4096,0,,,,,
0,206472,712704,787,5709824,83145,0,20248,runtime_released,18587648,53358824,memory-block1-10-M.txt,TestSharingMemory,True,0,0,0,0,4096,0,,,,,
0,363192,892928,1893,5554176,88921,0,20248,initial,18751488,53756064,memory-block1-10-M.txt,TestSharingMappedMemory,,,,,,,,1032,0,0,,
0,361120,884736,1882,3923968,95224,0,20836,compile_release_270,20606976,73002224,memory-block1-10-M.txt,TestSharingMappedMemory,,,,,,,,1032,0,0,,
167268,439792,991232,1998,4317184,96163,36,20836,retained_0,20500480,75581672,memory-block1-10-M.txt,TestSharingMappedMemory,,,,,,,,1032,606208,278528,,
0,365776,901120,1900,6742016,96261,0,20836,released_0,17797120,75589616,memory-block1-10-M.txt,TestSharingMappedMemory,,,,,,,,1032,0,0,,
167268,441184,1007616,2006,4595712,97179,36,20836,retained_1,19472384,78162112,memory-block1-10-M.txt,TestSharingMappedMemory,,,,,,,,1032,606208,278528,,
0,365776,901120,1900,4587520,97268,0,20836,released_1,19202048,78168512,memory-block1-10-M.txt,TestSharingMappedMemory,,,,,,,,1032,0,0,,
167268,441184,1007616,2006,4472832,98186,36,20836,retained_2,20348928,80741008,memory-block1-10-M.txt,TestSharingMappedMemory,,,,,,,,1032,606208,278528,,
0,365776,901120,1900,4440064,98275,0,20836,released_2,20111360,80747408,memory-block1-10-M.txt,TestSharingMappedMemory,,,,,,,,1032,0,0,,
0,212928,704512,724,2818048,5474,0,13780,initial,14114816,428424,memory-block1-2-P.txt,TestSharingMemory,True,0,0,0,0,4096,0,,,,,
0,1503584,2236416,1506,3629056,60109,0,22048,compile_release_270,22503424,24087752,memory-block1-2-P.txt,TestSharingMemory,True,0,0,0,0,4096,0,,,,,
134972,1551456,2244608,1684,3891200,67322,36,22048,retained_0,22261760,27243496,memory-block1-2-P.txt,TestSharingMemory,True,0,0,0,0,4096,0,,,,,
0,1547152,2228224,1656,4612096,67562,0,22048,released_0,21540864,27257968,memory-block1-2-P.txt,TestSharingMemory,True,0,0,0,0,4096,0,,,,,
134972,1551456,2277376,1684,3915776,74767,36,22048,retained_1,22089728,30412208,memory-block1-2-P.txt,TestSharingMemory,True,0,0,0,0,4096,0,,,,,
0,1547152,2260992,1656,4571136,75007,0,22048,released_1,21549056,30426680,memory-block1-2-P.txt,TestSharingMemory,True,0,0,0,0,4096,0,,,,,
134972,1551456,2260992,1684,3973120,82212,36,22048,retained_2,22044672,33580920,memory-block1-2-P.txt,TestSharingMemory,True,0,0,0,0,4096,0,,,,,
0,1547152,2244608,1656,4628480,82452,0,22048,released_2,21504000,33595392,memory-block1-2-P.txt,TestSharingMemory,True,0,0,0,0,4096,0,,,,,
0,206168,712704,786,5611520,82540,0,22048,runtime_released,20586496,33602528,memory-block1-2-P.txt,TestSharingMemory,True,0,0,0,0,4096,0,,,,,
0,362888,892928,1892,5431296,88316,0,22048,initial,20905984,33999768,memory-block1-2-P.txt,TestSharingMappedMemory,,,,,,,,1032,0,0,,
0,360832,884736,1882,3448832,94199,0,22544,compile_release_270,23207936,39173256,memory-block1-2-P.txt,TestSharingMappedMemory,,,,,,,,1032,0,0,,
134972,440880,999424,2005,4694016,95080,36,22800,retained_0,22228992,39876200,memory-block1-2-P.txt,TestSharingMappedMemory,,,,,,,,1032,606208,262144,,
0,365488,901120,1900,6397952,95169,0,22800,released_0,20275200,39882600,memory-block1-2-P.txt,TestSharingMappedMemory,,,,,,,,1032,0,0,,
134972,440880,999424,2005,6397952,96031,36,22800,retained_1,20541440,40578728,memory-block1-2-P.txt,TestSharingMappedMemory,,,,,,,,1032,606208,262144,,
0,365488,901120,1900,6397952,96120,0,22800,released_1,20279296,40585128,memory-block1-2-P.txt,TestSharingMappedMemory,,,,,,,,1032,0,0,,
134972,440880,999424,2005,6447104,96982,36,22800,retained_2,20451328,41281256,memory-block1-2-P.txt,TestSharingMappedMemory,,,,,,,,1032,606208,262144,,
0,365488,901120,1900,6406144,97071,0,22800,released_2,20230144,41287656,memory-block1-2-P.txt,TestSharingMappedMemory,,,,,,,,1032,0,0,,
0,214104,696320,729,2826240,5479,0,13744,initial,14135296,429600,memory-block1-3-P0.txt,TestSharingMemory,True,0,0,0,0,4096,0,,,,,
0,1052408,1810432,1274,3293184,60545,0,22108,compile_release_270,22761472,38269904,memory-block1-3-P0.txt,TestSharingMemory,True,0,0,0,0,4096,0,,,,,
167268,1557816,2195456,1693,3293184,67816,36,22236,retained_0,22786048,43316472,memory-block1-3-P0.txt,TestSharingMemory,True,0,0,0,0,4096,0,,,,,
0,1553528,2179072,1666,5259264,68057,0,22236,released_0,20819968,43330960,memory-block1-3-P0.txt,TestSharingMemory,True,0,0,0,0,4096,0,,,,,
167268,1557832,2170880,1694,3915776,75320,36,22236,retained_1,22007808,48376024,memory-block1-3-P0.txt,TestSharingMemory,True,0,0,0,0,4096,0,,,,,
0,1553528,2154496,1666,4308992,75560,0,22236,released_1,21721088,48390496,memory-block1-3-P0.txt,TestSharingMemory,True,0,0,0,0,4096,0,,,,,
167268,1557832,2162688,1694,4022272,82823,36,22236,retained_2,21897216,53435560,memory-block1-3-P0.txt,TestSharingMemory,True,0,0,0,0,4096,0,,,,,
0,1553528,2146304,1666,4284416,83063,0,22236,released_2,21839872,53450032,memory-block1-3-P0.txt,TestSharingMemory,True,0,0,0,0,4096,0,,,,,
0,207344,704512,791,5726208,83151,0,22236,runtime_released,20475904,53457168,memory-block1-3-P0.txt,TestSharingMemory,True,0,0,0,0,4096,0,,,,,
0,364064,884736,1897,5668864,88927,0,22236,initial,20701184,53854408,memory-block1-3-P0.txt,TestSharingMappedMemory,,,,,,,,1032,0,0,,
0,362008,876544,1887,3104768,95230,0,22656,compile_release_270,23236608,73169688,memory-block1-3-P0.txt,TestSharingMappedMemory,,,,,,,,1032,0,0,,
167268,442072,1015808,2011,4562944,96167,36,22912,retained_0,22089728,75758216,memory-block1-3-P0.txt,TestSharingMappedMemory,,,,,,,,1032,606208,278528,,
0,366664,909312,1905,4521984,96256,0,22912,released_0,21852160,75764616,memory-block1-3-P0.txt,TestSharingMappedMemory,,,,,,,,1032,0,0,,
167268,442072,1015808,2011,4554752,97174,36,22912,retained_1,21987328,78346328,memory-block1-3-P0.txt,TestSharingMappedMemory,,,,,,,,1032,606208,278528,,
0,366664,909312,1905,4554752,97263,0,22912,released_1,21708800,78352728,memory-block1-3-P0.txt,TestSharingMappedMemory,,,,,,,,1032,0,0,,
167268,442072,1015808,2011,4571136,98181,36,22912,retained_2,21983232,80934440,memory-block1-3-P0.txt,TestSharingMappedMemory,,,,,,,,1032,606208,278528,,
0,366664,909312,1905,4562944,98270,0,22912,released_2,21712896,80940840,memory-block1-3-P0.txt,TestSharingMappedMemory,,,,,,,,1032,0,0,,
0,219304,704512,736,2785280,5486,0,15884,initial,16379904,434800,memory-block1-4-F.txt,TestSharingMemory,True,0,0,0,0,4096,0,,,,,
0,1389176,2179072,1494,3325952,60122,0,24348,compile_release_270,24641536,24094320,memory-block1-4-F.txt,TestSharingMemory,True,0,0,0,0,4096,0,,,,,
134972,1557992,2285568,1697,3850240,67335,36,24348,retained_0,24145920,27250064,memory-block1-4-F.txt,TestSharingMemory,True,0,0,0,0,4096,0,,,,,
0,1553688,2269184,1669,4636672,67575,0,24348,released_0,23359488,27264536,memory-block1-4-F.txt,TestSharingMemory,True,0,0,0,0,4096,0,,,,,
134972,1557992,2252800,1697,4145152,74780,36,24348,retained_1,23773184,30418776,memory-block1-4-F.txt,TestSharingMemory,True,0,0,0,0,4096,0,,,,,
0,1553688,2236416,1669,4603904,75020,0,24348,released_1,23355392,30433248,memory-block1-4-F.txt,TestSharingMemory,True,0,0,0,0,4096,0,,,,,
134972,1557992,2236416,1697,4112384,82225,36,24348,retained_2,23769088,33587488,memory-block1-4-F.txt,TestSharingMemory,True,0,0,0,0,4096,0,,,,,
0,1553688,2220032,1669,4571136,82465,0,24348,released_2,23412736,33601960,memory-block1-4-F.txt,TestSharingMemory,True,0,0,0,0,4096,0,,,,,
0,212704,712704,799,5619712,82553,0,24348,runtime_released,22429696,33609096,memory-block1-4-F.txt,TestSharingMemory,True,0,0,0,0,4096,0,,,,,
0,369424,892928,1905,5472256,88329,0,24348,initial,22642688,34006336,memory-block1-4-F.txt,TestSharingMappedMemory,,,,,,,,1032,0,0,,
0,367368,884736,1895,3391488,94212,0,24368,compile_release_270,25038848,39179824,memory-block1-4-F.txt,TestSharingMappedMemory,,,,,,,,1032,0,0,,
134972,447416,999424,2018,4636672,95093,36,24624,retained_0,24068096,39882768,memory-block1-4-F.txt,TestSharingMappedMemory,,,,,,,,1032,606208,262144,,
0,372024,901120,1913,6340608,95182,0,24624,released_0,22114304,39889168,memory-block1-4-F.txt,TestSharingMappedMemory,,,,,,,,1032,0,0,,
134972,447416,999424,2018,6397952,96044,36,24624,retained_1,22327296,40585296,memory-block1-4-F.txt,TestSharingMappedMemory,,,,,,,,1032,606208,262144,,
0,372024,901120,1913,6356992,96133,0,24624,released_1,22106112,40591696,memory-block1-4-F.txt,TestSharingMappedMemory,,,,,,,,1032,0,0,,
134972,447416,999424,2018,6053888,96995,36,24624,retained_2,22646784,41287824,memory-block1-4-F.txt,TestSharingMappedMemory,,,,,,,,1032,606208,262144,,
0,372024,901120,1913,6340608,97084,0,24624,released_2,22122496,41294224,memory-block1-4-F.txt,TestSharingMappedMemory,,,,,,,,1032,0,0,,
0,219520,704512,735,6979584,5485,0,15852,initial,16338944,435016,memory-block1-5-F0.txt,TestSharingMemory,True,0,0,0,0,4096,0,,,,,
0,1174208,1859584,1283,8069120,60552,0,22700,compile_release_270,22765568,38275336,memory-block1-5-F0.txt,TestSharingMemory,True,0,0,0,0,4096,0,,,,,
167268,1563248,2252800,1700,7626752,67823,36,22700,retained_0,23015424,43321904,memory-block1-5-F0.txt,TestSharingMemory,True,0,0,0,0,4096,0,,,,,
0,1558944,2236416,1672,9330688,68063,0,22700,released_0,21540864,43336376,memory-block1-5-F0.txt,TestSharingMemory,True,0,0,0,0,4096,0,,,,,
167268,1563248,2179072,1700,8126464,75326,36,22700,retained_1,22614016,48381440,memory-block1-5-F0.txt,TestSharingMemory,True,0,0,0,0,4096,0,,,,,
0,1558944,2162688,1672,8454144,75566,0,22700,released_1,22286336,48395912,memory-block1-5-F0.txt,TestSharingMemory,True,0,0,0,0,4096,0,,,,,
167268,1563248,2179072,1700,8298496,82829,36,22700,retained_2,22614016,53440976,memory-block1-5-F0.txt,TestSharingMemory,True,0,0,0,0,4096,0,,,,,
0,1558944,2162688,1672,8429568,83069,0,22700,released_2,22482944,53455448,memory-block1-5-F0.txt,TestSharingMemory,True,0,0,0,0,4096,0,,,,,
0,212760,712704,797,9871360,83157,0,22700,runtime_released,21106688,53462584,memory-block1-5-F0.txt,TestSharingMemory,True,0,0,0,0,4096,0,,,,,
0,369480,892928,1903,9773056,88933,0,22700,initial,21286912,53859824,memory-block1-5-F0.txt,TestSharingMappedMemory,,,,,,,,1032,0,0,,
0,367424,884736,1893,7446528,95236,0,23140,compile_release_270,23732224,73175120,memory-block1-5-F0.txt,TestSharingMappedMemory,,,,,,,,1032,0,0,,
167268,446080,1007616,2008,8429568,96175,36,23396,retained_0,23162880,75763784,memory-block1-5-F0.txt,TestSharingMappedMemory,,,,,,,,1032,606208,278528,,
0,372064,917504,1910,10854400,96273,0,23396,released_0,20459520,75771728,memory-block1-5-F0.txt,TestSharingMappedMemory,,,,,,,,1032,0,0,,
167268,447472,1024000,2016,8708096,97191,36,23396,retained_1,22122496,78353440,memory-block1-5-F0.txt,TestSharingMappedMemory,,,,,,,,1032,606208,278528,,
0,372064,917504,1910,8699904,97280,0,23396,released_1,21852160,78359840,memory-block1-5-F0.txt,TestSharingMappedMemory,,,,,,,,1032,0,0,,
167268,447472,1024000,2016,8585216,98198,36,23396,retained_2,23015424,80941552,memory-block1-5-F0.txt,TestSharingMappedMemory,,,,,,,,1032,606208,278528,,
0,372064,917504,1910,8577024,98287,0,23396,released_2,22745088,80947952,memory-block1-5-F0.txt,TestSharingMappedMemory,,,,,,,,1032,0,0,,
0,219360,704512,734,6979584,5484,0,15944,initial,16404480,434856,memory-block1-6-F0.txt,TestSharingMemory,True,0,0,0,0,4096,0,,,,,
0,1057536,1744896,1280,7561216,60550,0,24324,compile_release_270,24784896,38275016,memory-block1-6-F0.txt,TestSharingMemory,True,0,0,0,0,4096,0,,,,,
167268,1562928,2195456,1698,7561216,67821,36,24324,retained_0,24813568,43321584,memory-block1-6-F0.txt,TestSharingMemory,True,0,0,0,0,4096,0,,,,,
0,1558624,2179072,1670,9461760,68061,0,24324,released_0,22913024,43336056,memory-block1-6-F0.txt,TestSharingMemory,True,0,0,0,0,4096,0,,,,,
167268,1562928,2179072,1698,8159232,75324,36,24324,retained_1,24068096,48381120,memory-block1-6-F0.txt,TestSharingMemory,True,0,0,0,0,4096,0,,,,,
0,1558624,2162688,1670,8421376,75564,0,24324,released_1,23805952,48395592,memory-block1-6-F0.txt,TestSharingMemory,True,0,0,0,0,4096,0,,,,,
167268,1562928,2179072,1698,8298496,82827,36,24324,retained_2,24121344,53440656,memory-block1-6-F0.txt,TestSharingMemory,True,0,0,0,0,4096,0,,,,,
0,1558624,2162688,1670,8429568,83067,0,24324,released_2,23990272,53455128,memory-block1-6-F0.txt,TestSharingMemory,True,0,0,0,0,4096,0,,,,,
0,212440,712704,795,9871360,83155,0,24324,runtime_released,22614016,53462264,memory-block1-6-F0.txt,TestSharingMemory,True,0,0,0,0,4096,0,,,,,
0,369160,892928,1901,9773056,88931,0,24324,initial,22794240,53859504,memory-block1-6-F0.txt,TestSharingMappedMemory,,,,,,,,1032,0,0,,
0,367104,884736,1891,7495680,95234,0,24548,compile_release_270,25194496,73174784,memory-block1-6-F0.txt,TestSharingMappedMemory,,,,,,,,1032,0,0,,
167268,447168,1024000,2015,8478720,96171,36,24804,retained_0,24510464,75763312,memory-block1-6-F0.txt,TestSharingMappedMemory,,,,,,,,1032,606208,278528,,
0,371760,917504,1909,8478720,96260,0,24804,released_0,24236032,75769712,memory-block1-6-F0.txt,TestSharingMappedMemory,,,,,,,,1032,0,0,,
167268,447168,1024000,2015,8699904,97178,36,24804,retained_1,24301568,78351424,memory-block1-6-F0.txt,TestSharingMappedMemory,,,,,,,,1032,606208,278528,,
0,371760,917504,1909,8699904,97267,0,24804,released_1,24023040,78357824,memory-block1-6-F0.txt,TestSharingMappedMemory,,,,,,,,1032,0,0,,
167268,447168,1024000,2015,8699904,98185,36,24804,retained_2,24301568,80939536,memory-block1-6-F0.txt,TestSharingMappedMemory,,,,,,,,1032,606208,278528,,
0,371760,917504,1909,8699904,98274,0,24804,released_2,24023040,80945936,memory-block1-6-F0.txt,TestSharingMappedMemory,,,,,,,,1032,0,0,,
0,219144,704512,735,2785280,5485,0,13848,initial,14286848,434640,memory-block1-7-F.txt,TestSharingMemory,True,0,0,0,0,4096,0,,,,,
0,1536408,2252800,1587,3497984,60119,0,22360,compile_release_270,22888448,24093824,memory-block1-7-F.txt,TestSharingMemory,True,0,0,0,0,4096,0,,,,,
134972,1557512,2244608,1694,3825664,67332,36,22360,retained_0,22601728,27249568,memory-block1-7-F.txt,TestSharingMemory,True,0,0,0,0,4096,0,,,,,
0,1553208,2228224,1666,4612096,67572,0,22360,released_0,21815296,27264040,memory-block1-7-F.txt,TestSharingMemory,True,0,0,0,0,4096,0,,,,,
134972,1557512,2260992,1694,3956736,74777,36,22360,retained_1,22331392,30418280,memory-block1-7-F.txt,TestSharingMemory,True,0,0,0,0,4096,0,,,,,
0,1553208,2244608,1666,4538368,75017,0,22360,released_1,21860352,30432752,memory-block1-7-F.txt,TestSharingMemory,True,0,0,0,0,4096,0,,,,,
134972,1557512,2260992,1694,4136960,82222,36,22360,retained_2,22188032,33586992,memory-block1-7-F.txt,TestSharingMemory,True,0,0,0,0,4096,0,,,,,
0,1553208,2244608,1666,4595712,82462,0,22360,released_2,21815296,33601464,memory-block1-7-F.txt,TestSharingMemory,True,0,0,0,0,4096,0,,,,,
0,212224,712704,796,5578752,82550,0,22360,runtime_released,20897792,33608600,memory-block1-7-F.txt,TestSharingMemory,True,0,0,0,0,4096,0,,,,,
0,368944,892928,1902,5480448,88326,0,22360,initial,21078016,34005840,memory-block1-7-F.txt,TestSharingMappedMemory,,,,,,,,1032,0,0,,
0,366888,884736,1892,3424256,94209,0,22744,compile_release_270,23367680,39179344,memory-block1-7-F.txt,TestSharingMappedMemory,,,,,,,,1032,0,0,,
134972,446936,999424,2015,4538368,95090,36,23000,retained_0,22523904,39882288,memory-block1-7-F.txt,TestSharingMappedMemory,,,,,,,,1032,606208,262144,,
0,371544,901120,1910,6160384,95179,0,23000,released_0,20643840,39888688,memory-block1-7-F.txt,TestSharingMappedMemory,,,,,,,,1032,0,0,,
134972,446936,999424,2015,6217728,96041,36,23000,retained_1,20860928,40584816,memory-block1-7-F.txt,TestSharingMappedMemory,,,,,,,,1032,606208,262144,,
0,371544,901120,1910,6348800,96130,0,23000,released_1,20467712,40591216,memory-block1-7-F.txt,TestSharingMappedMemory,,,,,,,,1032,0,0,,
134972,446936,999424,2015,6217728,96992,36,23000,retained_2,20860928,41287344,memory-block1-7-F.txt,TestSharingMappedMemory,,,,,,,,1032,606208,262144,,
0,371544,901120,1910,6316032,97081,0,23000,released_2,20500480,41293744,memory-block1-7-F.txt,TestSharingMappedMemory,,,,,,,,1032,0,0,,
0,218880,704512,731,2785280,5481,0,15768,initial,16248832,434376,memory-block1-8-P0.txt,TestSharingMemory,True,0,0,0,0,4096,0,,,,,
0,1056864,1785856,1274,3366912,60545,0,22656,compile_release_270,23220224,38274360,memory-block1-8-P0.txt,TestSharingMemory,True,0,0,0,0,4096,0,,,,,
167268,1562304,2211840,1695,3366912,67816,36,22656,retained_0,23244800,43320928,memory-block1-8-P0.txt,TestSharingMemory,True,0,0,0,0,4096,0,,,,,
0,1558016,2195456,1668,5267456,68057,0,22656,released_0,21344256,43335416,memory-block1-8-P0.txt,TestSharingMemory,True,0,0,0,0,4096,0,,,,,
167268,1562288,2170880,1694,3923968,75320,36,22656,retained_1,22528000,48380480,memory-block1-8-P0.txt,TestSharingMemory,True,0,0,0,0,4096,0,,,,,
0,1557984,2154496,1666,4251648,75560,0,22656,released_1,22302720,48394952,memory-block1-8-P0.txt,TestSharingMemory,True,0,0,0,0,4096,0,,,,,
167268,1562288,2179072,1694,4030464,82823,36,22656,retained_2,22511616,53440016,memory-block1-8-P0.txt,TestSharingMemory,True,0,0,0,0,4096,0,,,,,
0,1557984,2162688,1666,4227072,83063,0,22656,released_2,22417408,53454488,memory-block1-8-P0.txt,TestSharingMemory,True,0,0,0,0,4096,0,,,,,
0,211800,712704,791,5668864,83151,0,22656,runtime_released,21041152,53461624,memory-block1-8-P0.txt,TestSharingMemory,True,0,0,0,0,4096,0,,,,,
0,368520,892928,1897,5603328,88927,0,22656,initial,21274624,53858864,memory-block1-8-P0.txt,TestSharingMappedMemory,,,,,,,,1032,0,0,,
0,366464,884736,1887,3137536,95230,0,23272,compile_release_270,23916544,73174128,memory-block1-8-P0.txt,TestSharingMappedMemory,,,,,,,,1032,0,0,,
167268,446528,1024000,2011,4186112,96167,36,23468,retained_0,23318528,75762656,memory-block1-8-P0.txt,TestSharingMappedMemory,,,,,,,,1032,606208,278528,,
0,371120,917504,1905,4186112,96256,0,23468,released_0,23040000,75769056,memory-block1-8-P0.txt,TestSharingMappedMemory,,,,,,,,1032,0,0,,
167268,446528,1024000,2011,4497408,97174,36,23468,retained_1,23015424,78350768,memory-block1-8-P0.txt,TestSharingMappedMemory,,,,,,,,1032,606208,278528,,
0,371120,917504,1905,4497408,97263,0,23468,released_1,22736896,78357168,memory-block1-8-P0.txt,TestSharingMappedMemory,,,,,,,,1032,0,0,,
167268,446528,1024000,2011,4374528,98181,36,23468,retained_2,23146496,80938880,memory-block1-8-P0.txt,TestSharingMappedMemory,,,,,,,,1032,606208,278528,,
0,371120,917504,1905,4366336,98270,0,23468,released_2,22876160,80945280,memory-block1-8-P0.txt,TestSharingMappedMemory,,,,,,,,1032,0,0,,
0,213568,704512,728,7012352,5478,0,15716,initial,16105472,429064,memory-block1-9-P.txt,TestSharingMemory,True,0,0,0,0,4096,0,,,,,
0,1530832,2301952,1580,7716864,60112,0,22288,compile_release_270,22708224,24088248,memory-block1-9-P.txt,TestSharingMemory,True,0,0,0,0,4096,0,,,,,
134972,1551936,2252800,1687,8044544,67325,36,22288,retained_0,22396928,27243992,memory-block1-9-P.txt,TestSharingMemory,True,0,0,0,0,4096,0,,,,,
0,1547632,2236416,1659,8830976,67565,0,22288,released_0,21610496,27258464,memory-block1-9-P.txt,TestSharingMemory,True,0,0,0,0,4096,0,,,,,
134972,1551936,2277376,1687,8355840,74770,36,22288,retained_1,22007808,30412704,memory-block1-9-P.txt,TestSharingMemory,True,0,0,0,0,4096,0,,,,,
0,1547632,2260992,1659,8749056,75010,0,22288,released_1,21667840,30427176,memory-block1-9-P.txt,TestSharingMemory,True,0,0,0,0,4096,0,,,,,
134972,1551936,2269184,1687,8282112,82215,36,22288,retained_2,22036480,33581416,memory-block1-9-P.txt,TestSharingMemory,True,0,0,0,0,4096,0,,,,,
0,1547632,2252800,1659,8806400,82455,0,22288,released_2,21622784,33595888,memory-block1-9-P.txt,TestSharingMemory,True,0,0,0,0,4096,0,,,,,
0,206648,712704,789,9789440,82543,0,22288,runtime_released,20705280,33603024,memory-block1-9-P.txt,TestSharingMemory,True,0,0,0,0,4096,0,,,,,
0,363368,892928,1895,9650176,88319,0,22288,initial,21000192,34000264,memory-block1-9-P.txt,TestSharingMappedMemory,,,,,,,,1032,0,0,,
0,361312,884736,1885,7782400,94202,0,22692,compile_release_270,23252992,39173752,memory-block1-9-P.txt,TestSharingMappedMemory,,,,,,,,1032,0,0,,
134972,441360,999424,2008,8765440,95083,36,22948,retained_0,22536192,39876696,memory-block1-9-P.txt,TestSharingMappedMemory,,,,,,,,1032,606208,262144,,
0,365968,901120,1903,10600448,95172,0,22948,released_0,20443136,39883096,memory-block1-9-P.txt,TestSharingMappedMemory,,,,,,,,1032,0,0,,
134972,441360,999424,2008,10641408,96034,36,22948,retained_1,20668416,40579224,memory-block1-9-P.txt,TestSharingMappedMemory,,,,,,,,1032,606208,262144,,
0,365968,901120,1903,10633216,96123,0,22948,released_1,20414464,40585624,memory-block1-9-P.txt,TestSharingMappedMemory,,,,,,,,1032,0,0,,
134972,441360,999424,2008,10371072,96985,36,22948,retained_2,20934656,41281752,memory-block1-9-P.txt,TestSharingMappedMemory,,,,,,,,1032,606208,262144,,
0,365968,901120,1903,10567680,97074,0,22948,released_2,20475904,41288152,memory-block1-9-P.txt,TestSharingMappedMemory,,,,,,,,1032,0,0,,
0,218648,704512,731,6979584,5479,0,13740,initial,14266368,434112,memory-block2-1-M.txt,TestSharingMemory,True,0,0,0,0,4096,0,,,,,
0,870680,1589248,1159,3776512,60546,0,20220,compile_release_270,20373504,38204864,memory-block2-1-M.txt,TestSharingMemory,True,0,0,0,0,4096,0,,,,,
167268,1562376,2195456,1696,3645440,67817,36,20220,retained_0,20537344,43242152,memory-block2-1-M.txt,TestSharingMemory,True,0,0,0,0,4096,0,,,,,
0,1558072,2179072,1668,5283840,68057,0,20220,released_0,18898944,43256624,memory-block2-1-M.txt,TestSharingMemory,True,0,0,0,0,4096,0,,,,,
167268,1562360,2146304,1695,3907584,75320,36,20220,retained_1,20135936,48292408,memory-block2-1-M.txt,TestSharingMemory,True,0,0,0,0,4096,0,,,,,
0,1558056,2129920,1667,4628480,75560,0,20220,released_1,19517440,48306880,memory-block2-1-M.txt,TestSharingMemory,True,0,0,0,0,4096,0,,,,,
167268,1562360,2146304,1695,3883008,82823,36,20220,retained_2,20033536,53342664,memory-block2-1-M.txt,TestSharingMemory,True,0,0,0,0,4096,0,,,,,
0,1558056,2129920,1667,4669440,83063,0,20220,released_2,19542016,53357136,memory-block2-1-M.txt,TestSharingMemory,True,0,0,0,0,4096,0,,,,,
0,211888,712704,793,5718016,83151,0,20220,runtime_released,18624512,53364272,memory-block2-1-M.txt,TestSharingMemory,True,0,0,0,0,4096,0,,,,,
0,368608,892928,1899,5627904,88927,0,20220,initial,18771968,53761512,memory-block2-1-M.txt,TestSharingMappedMemory,,,,,,,,1032,0,0,,
0,366552,884736,1889,3194880,95230,0,20872,compile_release_270,21397504,73007672,memory-block2-1-M.txt,TestSharingMappedMemory,,,,,,,,1032,0,0,,
167268,445208,991232,2004,4243456,96169,36,21128,retained_0,20660224,75587120,memory-block2-1-M.txt,TestSharingMappedMemory,,,,,,,,1032,606208,278528,,
0,371192,901120,1906,6668288,96267,0,21128,released_0,17960960,75595064,memory-block2-1-M.txt,TestSharingMappedMemory,,,,,,,,1032,0,0,,
167268,446600,1007616,2012,4546560,97185,36,21128,retained_1,19603456,78167560,memory-block2-1-M.txt,TestSharingMappedMemory,,,,,,,,1032,606208,278528,,
0,371192,901120,1906,4538368,97274,0,21128,released_1,19333120,78173960,memory-block2-1-M.txt,TestSharingMappedMemory,,,,,,,,1032,0,0,,
167268,446600,1007616,2012,4521984,98192,36,21128,retained_2,20369408,80746456,memory-block2-1-M.txt,TestSharingMappedMemory,,,,,,,,1032,606208,278528,,
0,371192,901120,1906,4513792,98281,0,21128,released_2,20099072,80752856,memory-block2-1-M.txt,TestSharingMappedMemory,,,,,,,,1032,0,0,,
0,218648,704512,731,6979584,5479,0,13688,initial,14147584,434112,memory-block2-10-M.txt,TestSharingMemory,True,0,0,0,0,4096,0,,,,,
0,1056968,1753088,1277,7634944,60546,0,20184,compile_release_270,20762624,38204832,memory-block2-10-M.txt,TestSharingMemory,True,0,0,0,0,4096,0,,,,,
167268,1562392,2244608,1697,7634944,67817,36,20184,retained_0,20787200,43242120,memory-block2-10-M.txt,TestSharingMemory,True,0,0,0,0,4096,0,,,,,
0,1558088,2228224,1669,9338880,68057,0,20184,released_0,19083264,43256592,memory-block2-10-M.txt,TestSharingMemory,True,0,0,0,0,4096,0,,,,,
167268,1562376,2179072,1696,8044544,75320,36,20184,retained_1,20221952,48292376,memory-block2-10-M.txt,TestSharingMemory,True,0,0,0,0,4096,0,,,,,
0,1558072,2162688,1668,8765440,75560,0,20184,released_1,19607552,48306848,memory-block2-10-M.txt,TestSharingMemory,True,0,0,0,0,4096,0,,,,,
167268,1562376,2179072,1696,8159232,82823,36,20184,retained_2,20103168,53342632,memory-block2-10-M.txt,TestSharingMemory,True,0,0,0,0,4096,0,,,,,
0,1558072,2162688,1668,8486912,83063,0,20184,released_2,19980288,53357104,memory-block2-10-M.txt,TestSharingMemory,True,0,0,0,0,4096,0,,,,,
0,211888,712704,793,9863168,83151,0,20184,runtime_released,18743296,53364240,memory-block2-10-M.txt,TestSharingMemory,True,0,0,0,0,4096,0,,,,,
0,368608,892928,1899,9822208,88927,0,20184,initial,18845696,53761480,memory-block2-10-M.txt,TestSharingMappedMemory,,,,,,,,1032,0,0,,
0,366552,884736,1889,7520256,95230,0,20924,compile_release_270,21233664,73007640,memory-block2-10-M.txt,TestSharingMappedMemory,,,,,,,,1032,0,0,,
167268,446616,1007616,2013,8175616,96167,36,20924,retained_0,20975616,75586952,memory-block2-10-M.txt,TestSharingMappedMemory,,,,,,,,1032,606208,278528,,
0,371208,901120,1907,8503296,96256,0,20924,released_0,20377600,75593352,memory-block2-10-M.txt,TestSharingMappedMemory,,,,,,,,1032,0,0,,
167268,446616,1007616,2013,8691712,97174,36,20924,retained_1,20475904,78165848,memory-block2-10-M.txt,TestSharingMappedMemory,,,,,,,,1032,606208,278528,,
0,371208,901120,1907,8691712,97263,0,20924,released_1,20197376,78172248,memory-block2-10-M.txt,TestSharingMappedMemory,,,,,,,,1032,0,0,,
167268,446616,1007616,2013,8691712,98181,36,20924,retained_2,20475904,80744744,memory-block2-10-M.txt,TestSharingMappedMemory,,,,,,,,1032,606208,278528,,
0,371208,901120,1907,8691712,98270,0,20924,released_2,20197376,80751144,memory-block2-10-M.txt,TestSharingMappedMemory,,,,,,,,1032,0,0,,
0,213568,704512,728,7012352,5478,0,15704,initial,16125952,429064,memory-block2-2-P.txt,TestSharingMemory,True,0,0,0,0,4096,0,,,,,
0,1530976,2301952,1580,3538944,60113,0,22092,compile_release_270,22204416,24088392,memory-block2-2-P.txt,TestSharingMemory,True,0,0,0,0,4096,0,,,,,
134972,1552096,2269184,1688,3801088,67326,36,22092,retained_0,21958656,27244136,memory-block2-2-P.txt,TestSharingMemory,True,0,0,0,0,4096,0,,,,,
0,1547792,2252800,1660,4587520,67566,0,22092,released_0,21172224,27258608,memory-block2-2-P.txt,TestSharingMemory,True,0,0,0,0,4096,0,,,,,
134972,1552096,2293760,1688,4030464,74771,36,22092,retained_1,21598208,30412848,memory-block2-2-P.txt,TestSharingMemory,True,0,0,0,0,4096,0,,,,,
0,1547792,2277376,1660,4554752,75011,0,22092,released_1,21184512,30427320,memory-block2-2-P.txt,TestSharingMemory,True,0,0,0,0,4096,0,,,,,
134972,1552096,2269184,1688,4087808,82216,36,22092,retained_2,21573632,33581560,memory-block2-2-P.txt,TestSharingMemory,True,0,0,0,0,4096,0,,,,,
0,1547792,2252800,1660,4612096,82456,0,22092,released_2,21159936,33596032,memory-block2-2-P.txt,TestSharingMemory,True,0,0,0,0,4096,0,,,,,
0,206808,712704,790,5595136,82544,0,22092,runtime_released,20242432,33603168,memory-block2-2-P.txt,TestSharingMemory,True,0,0,0,0,4096,0,,,,,
0,363528,892928,1896,5562368,88320,0,22092,initial,20447232,34000408,memory-block2-2-P.txt,TestSharingMappedMemory,,,,,,,,1032,0,0,,
0,361472,884736,1886,3604480,94203,0,22184,compile_release_270,22700032,39173896,memory-block2-2-P.txt,TestSharingMappedMemory,,,,,,,,1032,0,0,,
134972,441520,999424,2009,4653056,95084,36,22312,retained_0,21921792,39876840,memory-block2-2-P.txt,TestSharingMappedMemory,,,,,,,,1032,606208,262144,,
0,366128,901120,1904,6356992,95173,0,22312,released_0,19959808,39883240,memory-block2-2-P.txt,TestSharingMappedMemory,,,,,,,,1032,0,0,,
134972,441520,999424,2009,6365184,96035,36,22312,retained_1,20213760,40579368,memory-block2-2-P.txt,TestSharingMappedMemory,,,,,,,,1032,606208,262144,,
0,366128,901120,1904,6365184,96124,0,22312,released_1,19951616,40585768,memory-block2-2-P.txt,TestSharingMappedMemory,,,,,,,,1032,0,0,,
134972,441520,999424,2009,6430720,96986,36,22312,retained_2,20127744,41281896,memory-block2-2-P.txt,TestSharingMappedMemory,,,,,,,,1032,606208,262144,,
0,366128,901120,1904,6430720,97075,0,22312,released_2,19865600,41288296,memory-block2-2-P.txt,TestSharingMappedMemory,,,,,,,,1032,0,0,,
0,219680,704512,736,2785280,5486,0,15740,initial,16162816,435176,memory-block2-3-P0.txt,TestSharingMemory,True,0,0,0,0,4096,0,,,,,
0,1057840,1720320,1281,3416064,60552,0,22028,compile_release_270,22401024,38275336,memory-block2-3-P0.txt,TestSharingMemory,True,0,0,0,0,4096,0,,,,,
167268,1563280,2269184,1702,3416064,67823,36,22028,retained_0,22425600,43321904,memory-block2-3-P0.txt,TestSharingMemory,True,0,0,0,0,4096,0,,,,,
0,1558976,2252800,1674,5185536,68063,0,22028,released_0,20656128,43336376,memory-block2-3-P0.txt,TestSharingMemory,True,0,0,0,0,4096,0,,,,,
167268,1563248,2170880,1700,3981312,75326,36,22028,retained_1,21721088,48381440,memory-block2-3-P0.txt,TestSharingMemory,True,0,0,0,0,4096,0,,,,,
0,1558944,2154496,1672,4243456,75566,0,22028,released_1,21561344,48395912,memory-block2-3-P0.txt,TestSharingMemory,True,0,0,0,0,4096,0,,,,,
167268,1563248,2179072,1700,4055040,82829,36,22028,retained_2,21725184,53440976,memory-block2-3-P0.txt,TestSharingMemory,True,0,0,0,0,4096,0,,,,,
0,1558944,2162688,1672,4251648,83069,0,22028,released_2,21630976,53455448,memory-block2-3-P0.txt,TestSharingMemory,True,0,0,0,0,4096,0,,,,,
0,212760,712704,797,5693440,83157,0,22028,runtime_released,20254720,53462584,memory-block2-3-P0.txt,TestSharingMemory,True,0,0,0,0,4096,0,,,,,
0,369480,892928,1903,5619712,88933,0,22028,initial,20480000,53859824,memory-block2-3-P0.txt,TestSharingMappedMemory,,,,,,,,1032,0,0,,
0,367424,884736,1893,3096576,95236,0,22696,compile_release_270,23261184,73175104,memory-block2-3-P0.txt,TestSharingMappedMemory,,,,,,,,1032,0,0,,
167268,446080,1007616,2008,4210688,96175,36,22952,retained_0,22519808,75763768,memory-block2-3-P0.txt,TestSharingMappedMemory,,,,,,,,1032,606208,278528,,
0,372064,917504,1910,6635520,96273,0,22952,released_0,19816448,75771712,memory-block2-3-P0.txt,TestSharingMappedMemory,,,,,,,,1032,0,0,,
167268,447472,1024000,2016,4513792,97191,36,22952,retained_1,21483520,78353424,memory-block2-3-P0.txt,TestSharingMappedMemory,,,,,,,,1032,606208,278528,,
0,372064,917504,1910,4505600,97280,0,22952,released_1,21213184,78359824,memory-block2-3-P0.txt,TestSharingMappedMemory,,,,,,,,1032,0,0,,
167268,447472,1024000,2016,4489216,98198,36,22952,retained_2,22241280,80941536,memory-block2-3-P0.txt,TestSharingMappedMemory,,,,,,,,1032,606208,278528,,
0,372064,917504,1910,4489216,98287,0,22952,released_2,21962752,80947936,memory-block2-3-P0.txt,TestSharingMappedMemory,,,,,,,,1032,0,0,,
0,213088,704512,725,7012352,5475,0,15968,initial,16429056,428584,memory-block2-4-F.txt,TestSharingMemory,True,0,0,0,0,4096,0,,,,,
0,1530496,2285568,1577,7716864,60110,0,24500,compile_release_270,24915968,24087912,memory-block2-4-F.txt,TestSharingMemory,True,0,0,0,0,4096,0,,,,,
134972,1551616,2236416,1685,8044544,67323,36,24500,retained_0,24621056,27243656,memory-block2-4-F.txt,TestSharingMemory,True,0,0,0,0,4096,0,,,,,
0,1547312,2220032,1657,8830976,67563,0,24500,released_0,23834624,27258128,memory-block2-4-F.txt,TestSharingMemory,True,0,0,0,0,4096,0,,,,,
134972,1551616,2236416,1685,8151040,74768,36,24500,retained_1,24330240,30412368,memory-block2-4-F.txt,TestSharingMemory,True,0,0,0,0,4096,0,,,,,
0,1547312,2220032,1657,8806400,75008,0,24500,released_1,23818240,30426840,memory-block2-4-F.txt,TestSharingMemory,True,0,0,0,0,4096,0,,,,,
134972,1551616,2236416,1685,8183808,82213,36,24500,retained_2,24297472,33581080,memory-block2-4-F.txt,TestSharingMemory,True,0,0,0,0,4096,0,,,,,
0,1547312,2220032,1657,8839168,82453,0,24500,released_2,23801856,33595552,memory-block2-4-F.txt,TestSharingMemory,True,0,0,0,0,4096,0,,,,,
0,206328,712704,787,9822208,82541,0,24500,runtime_released,22884352,33602688,memory-block2-4-F.txt,TestSharingMemory,True,0,0,0,0,4096,0,,,,,
0,363048,892928,1893,9666560,88317,0,24500,initial,23121920,33999928,memory-block2-4-F.txt,TestSharingMappedMemory,,,,,,,,1032,0,0,,
0,360992,884736,1883,7815168,94200,0,24500,compile_release_270,25096192,39173416,memory-block2-4-F.txt,TestSharingMappedMemory,,,,,,,,1032,0,0,,
134972,441040,999424,2006,8773632,95081,36,24788,retained_0,24379392,39876360,memory-block2-4-F.txt,TestSharingMappedMemory,,,,,,,,1032,606208,262144,,
0,365648,901120,1901,10543104,95170,0,24788,released_0,22433792,39882760,memory-block2-4-F.txt,TestSharingMappedMemory,,,,,,,,1032,0,0,,
134972,441040,999424,2006,10551296,96032,36,24788,retained_1,22687744,40578888,memory-block2-4-F.txt,TestSharingMappedMemory,,,,,,,,1032,606208,262144,,
0,365648,901120,1901,10551296,96121,0,24788,released_1,22425600,40585288,memory-block2-4-F.txt,TestSharingMappedMemory,,,,,,,,1032,0,0,,
134972,441040,999424,2006,10616832,96983,36,24788,retained_2,22593536,41281416,memory-block2-4-F.txt,TestSharingMappedMemory,,,,,,,,1032,606208,262144,,
0,365648,901120,1901,10616832,97072,0,24788,released_2,22331392,41287816,memory-block2-4-F.txt,TestSharingMappedMemory,,,,,,,,1032,0,0,,
0,219360,704512,734,2785280,5484,0,13916,initial,14360576,434856,memory-block2-5-F0.txt,TestSharingMemory,True,0,0,0,0,4096,0,,,,,
0,1058000,1728512,1282,3366912,60553,0,22436,compile_release_270,22712320,38275496,memory-block2-5-F0.txt,TestSharingMemory,True,0,0,0,0,4096,0,,,,,
167268,1563440,2260992,1703,3366912,67824,36,22436,retained_0,22736896,43322064,memory-block2-5-F0.txt,TestSharingMemory,True,0,0,0,0,4096,0,,,,,
0,1559136,2244608,1675,5201920,68064,0,22436,released_0,20901888,43336536,memory-block2-5-F0.txt,TestSharingMemory,True,0,0,0,0,4096,0,,,,,
167268,1563408,2170880,1701,3858432,75327,36,22436,retained_1,22179840,48381600,memory-block2-5-F0.txt,TestSharingMemory,True,0,0,0,0,4096,0,,,,,
0,1559104,2154496,1673,4251648,75567,0,22436,released_1,21786624,48396072,memory-block2-5-F0.txt,TestSharingMemory,True,0,0,0,0,4096,0,,,,,
167268,1563408,2179072,1701,4079616,82830,36,22436,retained_2,22036480,53441136,memory-block2-5-F0.txt,TestSharingMemory,True,0,0,0,0,4096,0,,,,,
0,1559104,2162688,1673,4276224,83070,0,22436,released_2,21839872,53455608,memory-block2-5-F0.txt,TestSharingMemory,True,0,0,0,0,4096,0,,,,,
0,212920,712704,798,5652480,83158,0,22436,runtime_released,20545536,53462744,memory-block2-5-F0.txt,TestSharingMemory,True,0,0,0,0,4096,0,,,,,
0,369640,892928,1904,5636096,88934,0,22436,initial,20676608,53859984,memory-block2-5-F0.txt,TestSharingMappedMemory,,,,,,,,1032,0,0,,
0,367584,884736,1894,2990080,95237,0,22692,compile_release_270,23298048,73175248,memory-block2-5-F0.txt,TestSharingMappedMemory,,,,,,,,1032,0,0,,
167268,446240,1007616,2009,4235264,96176,36,22948,retained_0,22491136,75763912,memory-block2-5-F0.txt,TestSharingMappedMemory,,,,,,,,1032,606208,278528,,
0,372224,917504,1911,6660096,96274,0,22948,released_0,19787776,75771856,memory-block2-5-F0.txt,TestSharingMappedMemory,,,,,,,,1032,0,0,,
167268,446240,1007616,2009,4521984,97194,36,22948,retained_1,21479424,78353704,memory-block2-5-F0.txt,TestSharingMappedMemory,,,,,,,,1032,606208,278528,,
0,372224,917504,1911,6668288,97292,0,22948,released_1,19791872,78361648,memory-block2-5-F0.txt,TestSharingMappedMemory,,,,,,,,1032,0,0,,
167268,446240,1007616,2009,4521984,98212,36,22948,retained_2,21479424,80943496,memory-block2-5-F0.txt,TestSharingMappedMemory,,,,,,,,1032,606208,278528,,
0,372224,917504,1911,6668288,98310,0,22948,released_2,19791872,80951440,memory-block2-5-F0.txt,TestSharingMappedMemory,,,,,,,,1032,0,0,,
0,214264,696320,730,2826240,5480,0,13868,initial,14274560,429760,memory-block2-6-F0.txt,TestSharingMemory,True,0,0,0,0,4096,0,,,,,
0,1052408,1794048,1274,3293184,60545,0,22340,compile_release_270,22945792,38269904,memory-block2-6-F0.txt,TestSharingMemory,True,0,0,0,0,4096,0,,,,,
167268,1557816,2187264,1693,3293184,67816,36,22468,retained_0,23040000,43316488,memory-block2-6-F0.txt,TestSharingMemory,True,0,0,0,0,4096,0,,,,,
0,1553528,2170880,1666,5193728,68057,0,22468,released_0,21143552,43330976,memory-block2-6-F0.txt,TestSharingMemory,True,0,0,0,0,4096,0,,,,,
167268,1557832,2154496,1694,4005888,75320,36,22468,retained_1,22159360,48376040,memory-block2-6-F0.txt,TestSharingMemory,True,0,0,0,0,4096,0,,,,,
0,1553528,2138112,1666,4333568,75560,0,22468,released_1,21934080,48390512,memory-block2-6-F0.txt,TestSharingMemory,True,0,0,0,0,4096,0,,,,,
167268,1557832,2162688,1694,4104192,82823,36,22468,retained_2,22233088,53435576,memory-block2-6-F0.txt,TestSharingMemory,True,0,0,0,0,4096,0,,,,,
0,1553528,2146304,1666,4300800,83063,0,22468,released_2,22069248,53450048,memory-block2-6-F0.txt,TestSharingMemory,True,0,0,0,0,4096,0,,,,,
0,207344,704512,791,5742592,83151,0,22468,runtime_released,20692992,53457184,memory-block2-6-F0.txt,TestSharingMemory,True,0,0,0,0,4096,0,,,,,
0,364064,884736,1897,5570560,88927,0,22468,initial,20897792,53854424,memory-block2-6-F0.txt,TestSharingMappedMemory,,,,,,,,1032,0,0,,
0,361992,876544,1886,3219456,95230,0,22544,compile_release_270,23138304,73169704,memory-block2-6-F0.txt,TestSharingMappedMemory,,,,,,,,1032,0,0,,
167268,440664,999424,2002,4268032,96169,36,22768,retained_0,22618112,75758368,memory-block2-6-F0.txt,TestSharingMappedMemory,,,,,,,,1032,606208,278528,,
0,366648,909312,1904,6692864,96267,0,22768,released_0,19914752,75766312,memory-block2-6-F0.txt,TestSharingMappedMemory,,,,,,,,1032,0,0,,
167268,440664,999424,2002,4530176,97187,36,22768,retained_1,21508096,78348160,memory-block2-6-F0.txt,TestSharingMappedMemory,,,,,,,,1032,606208,278528,,
0,366648,909312,1904,6668288,97285,0,22768,released_1,19931136,78356104,memory-block2-6-F0.txt,TestSharingMappedMemory,,,,,,,,1032,0,0,,
167268,440664,999424,2002,4554752,98205,36,22768,retained_2,21512192,80937952,memory-block2-6-F0.txt,TestSharingMappedMemory,,,,,,,,1032,606208,278528,,
0,366648,909312,1904,6643712,98303,0,22768,released_2,19947520,80945896,memory-block2-6-F0.txt,TestSharingMappedMemory,,,,,,,,1032,0,0,,
0,218984,704512,734,2785280,5484,0,13856,initial,14295040,434480,memory-block2-7-F.txt,TestSharingMemory,True,0,0,0,0,4096,0,,,,,
0,1388856,2179072,1492,3317760,60120,0,22376,compile_release_270,22913024,24093984,memory-block2-7-F.txt,TestSharingMemory,True,0,0,0,0,4096,0,,,,,
134972,1557672,2252800,1695,3907584,67333,36,22376,retained_0,22331392,27249728,memory-block2-7-F.txt,TestSharingMemory,True,0,0,0,0,4096,0,,,,,
0,1553368,2236416,1667,4628480,67573,0,22376,released_0,21610496,27264200,memory-block2-7-F.txt,TestSharingMemory,True,0,0,0,0,4096,0,,,,,
134972,1557672,2260992,1695,4120576,74778,36,22376,retained_1,22036480,30418440,memory-block2-7-F.txt,TestSharingMemory,True,0,0,0,0,4096,0,,,,,
0,1553368,2244608,1667,4579328,75018,0,22376,released_1,21630976,30432912,memory-block2-7-F.txt,TestSharingMemory,True,0,0,0,0,4096,0,,,,,
134972,1557672,2260992,1695,4161536,82223,36,22376,retained_2,21975040,33587152,memory-block2-7-F.txt,TestSharingMemory,True,0,0,0,0,4096,0,,,,,
0,1553368,2244608,1667,4554752,82463,0,22376,released_2,21663744,33601624,memory-block2-7-F.txt,TestSharingMemory,True,0,0,0,0,4096,0,,,,,
0,212384,712704,797,5603328,82551,0,22376,runtime_released,20680704,33608760,memory-block2-7-F.txt,TestSharingMemory,True,0,0,0,0,4096,0,,,,,
0,369104,892928,1903,5521408,88327,0,22376,initial,20852736,34006000,memory-block2-7-F.txt,TestSharingMappedMemory,,,,,,,,1032,0,0,,
0,367048,884736,1893,3186688,94210,0,22744,compile_release_270,23408640,39179504,memory-block2-7-F.txt,TestSharingMappedMemory,,,,,,,,1032,0,0,,
134972,447096,999424,2016,4562944,95091,36,23000,retained_0,22306816,39882448,memory-block2-7-F.txt,TestSharingMappedMemory,,,,,,,,1032,606208,262144,,
0,371704,901120,1911,6332416,95180,0,23000,released_0,20283392,39888848,memory-block2-7-F.txt,TestSharingMappedMemory,,,,,,,,1032,0,0,,
134972,447096,999424,2016,6332416,96042,36,23000,retained_1,20545536,40584976,memory-block2-7-F.txt,TestSharingMappedMemory,,,,,,,,1032,606208,262144,,
0,371704,901120,1911,6332416,96131,0,23000,released_1,20283392,40591376,memory-block2-7-F.txt,TestSharingMappedMemory,,,,,,,,1032,0,0,,
134972,447096,999424,2016,6332416,96993,36,23000,retained_2,20549632,41287504,memory-block2-7-F.txt,TestSharingMappedMemory,,,,,,,,1032,606208,262144,,
0,371704,901120,1911,6332416,97082,0,23000,released_2,20287488,41293904,memory-block2-7-F.txt,TestSharingMappedMemory,,,,,,,,1032,0,0,,
0,213944,696320,728,2826240,5478,0,15752,initial,16142336,429440,memory-block2-8-P0.txt,TestSharingMemory,True,0,0,0,0,4096,0,,,,,
0,744728,1441792,1130,3661824,60543,0,22584,compile_release_270,22736896,38269456,memory-block2-8-P0.txt,TestSharingMemory,True,0,0,0,0,4096,0,,,,,
167268,1557352,2146304,1691,3645440,67814,36,22584,retained_0,22798336,43316024,memory-block2-8-P0.txt,TestSharingMemory,True,0,0,0,0,4096,0,,,,,
0,1553048,2129920,1663,5218304,68054,0,22584,released_0,21225472,43330496,memory-block2-8-P0.txt,TestSharingMemory,True,0,0,0,0,4096,0,,,,,
167268,1557336,2162688,1690,3293184,75317,36,22584,retained_1,22736896,48375560,memory-block2-8-P0.txt,TestSharingMemory,True,0,0,0,0,4096,0,,,,,
0,1553032,2146304,1662,5087232,75557,0,22584,released_1,21282816,48390032,memory-block2-8-P0.txt,TestSharingMemory,True,0,0,0,0,4096,0,,,,,
167268,1557352,2187264,1691,3145728,82820,36,22584,retained_2,22859776,53435096,memory-block2-8-P0.txt,TestSharingMemory,True,0,0,0,0,4096,0,,,,,
0,1553048,2170880,1663,5242880,83060,0,22584,released_2,21159936,53449568,memory-block2-8-P0.txt,TestSharingMemory,True,0,0,0,0,4096,0,,,,,
0,206864,704512,788,5701632,83148,0,22584,runtime_released,20766720,53456704,memory-block2-8-P0.txt,TestSharingMemory,True,0,0,0,0,4096,0,,,,,
0,363584,884736,1894,5496832,88924,0,22584,initial,21082112,53853944,memory-block2-8-P0.txt,TestSharingMappedMemory,,,,,,,,1032,0,0,,
0,361528,876544,1884,3104768,95227,0,23260,compile_release_270,23830528,73169224,memory-block2-8-P0.txt,TestSharingMappedMemory,,,,,,,,1032,0,0,,
167268,440184,999424,1999,4284416,96166,36,23516,retained_0,22966272,75757888,memory-block2-8-P0.txt,TestSharingMappedMemory,,,,,,,,1032,606208,278528,,
0,366168,909312,1901,6643712,96264,0,23516,released_0,20328448,75765832,memory-block2-8-P0.txt,TestSharingMappedMemory,,,,,,,,1032,0,0,,
167268,441576,1015808,2007,4571136,97182,36,23516,retained_1,21942272,78347544,memory-block2-8-P0.txt,TestSharingMappedMemory,,,,,,,,1032,606208,278528,,
0,366168,909312,1901,4530176,97271,0,23516,released_1,21704704,78353944,memory-block2-8-P0.txt,TestSharingMappedMemory,,,,,,,,1032,0,0,,
167268,441576,1015808,2007,4382720,98189,36,23516,retained_2,22769664,80935656,memory-block2-8-P0.txt,TestSharingMappedMemory,,,,,,,,1032,606208,278528,,
0,366168,909312,1901,4382720,98278,0,23516,released_2,22507520,80942056,memory-block2-8-P0.txt,TestSharingMappedMemory,,,,,,,,1032,0,0,,
0,219144,704512,735,6979584,5485,0,15820,initial,16236544,434640,memory-block2-9-P.txt,TestSharingMemory,True,0,0,0,0,4096,0,,,,,
0,1536408,2252800,1587,3457024,60119,0,22068,compile_release_270,22577152,24093824,memory-block2-9-P.txt,TestSharingMemory,True,0,0,0,0,4096,0,,,,,
134972,1557512,2244608,1694,3784704,67332,36,22068,retained_0,22269952,27249568,memory-block2-9-P.txt,TestSharingMemory,True,0,0,0,0,4096,0,,,,,
0,1553208,2228224,1666,4571136,67572,0,22068,released_0,21483520,27264040,memory-block2-9-P.txt,TestSharingMemory,True,0,0,0,0,4096,0,,,,,
134972,1557512,2260992,1694,4161536,74777,36,22068,retained_1,21839872,30418280,memory-block2-9-P.txt,TestSharingMemory,True,0,0,0,0,4096,0,,,,,
0,1553208,2244608,1666,4554752,75017,0,22068,released_1,21483520,30432752,memory-block2-9-P.txt,TestSharingMemory,True,0,0,0,0,4096,0,,,,,
134972,1557512,2260992,1694,4136960,82222,36,22068,retained_2,21864448,33586992,memory-block2-9-P.txt,TestSharingMemory,True,0,0,0,0,4096,0,,,,,
0,1553208,2244608,1666,4595712,82462,0,22068,released_2,21504000,33601464,memory-block2-9-P.txt,TestSharingMemory,True,0,0,0,0,4096,0,,,,,
0,212224,712704,796,5578752,82550,0,22068,runtime_released,20586496,33608600,memory-block2-9-P.txt,TestSharingMemory,True,0,0,0,0,4096,0,,,,,
0,368944,892928,1902,5447680,88326,0,22068,initial,20877312,34005840,memory-block2-9-P.txt,TestSharingMappedMemory,,,,,,,,1032,0,0,,
0,366888,884736,1892,3325952,94209,0,22764,compile_release_270,23330816,39179328,memory-block2-9-P.txt,TestSharingMappedMemory,,,,,,,,1032,0,0,,
134972,446936,999424,2015,4440064,95090,36,23020,retained_0,22487040,39882272,memory-block2-9-P.txt,TestSharingMappedMemory,,,,,,,,1032,606208,262144,,
0,371544,901120,1910,6234112,95179,0,23020,released_0,20434944,39888672,memory-block2-9-P.txt,TestSharingMappedMemory,,,,,,,,1032,0,0,,
134972,446936,999424,2015,6356992,96041,36,23020,retained_1,20578304,40584800,memory-block2-9-P.txt,TestSharingMappedMemory,,,,,,,,1032,606208,262144,,
0,371544,901120,1910,6356992,96130,0,23020,released_1,20316160,40591200,memory-block2-9-P.txt,TestSharingMappedMemory,,,,,,,,1032,0,0,,
134972,446936,999424,2015,5955584,96992,36,23020,retained_2,20951040,41287328,memory-block2-9-P.txt,TestSharingMappedMemory,,,,,,,,1032,606208,262144,,
0,371544,901120,1910,6266880,97081,0,23020,released_2,20389888,41293728,memory-block2-9-P.txt,TestSharingMappedMemory,,,,,,,,1032,0,0,,
0,219128,704512,734,2785280,5482,0,13776,initial,14196736,434592,memory-block3-1-M.txt,TestSharingMemory,True,0,0,0,0,4096,0,,,,,
0,843128,1507328,1092,3727360,60549,0,22260,compile_release_270,22265856,38205312,memory-block3-1-M.txt,TestSharingMemory,True,0,0,0,0,4096,0,,,,,
167268,1562856,2187264,1699,3579904,67820,36,22260,retained_0,22433792,43242600,memory-block3-1-M.txt,TestSharingMemory,True,0,0,0,0,4096,0,,,,,
0,1558552,2170880,1671,5283840,68060,0,22260,released_0,20729856,43257072,memory-block3-1-M.txt,TestSharingMemory,True,0,0,0,0,4096,0,,,,,
167268,1562856,2179072,1699,4005888,75323,36,22260,retained_1,21831680,48292856,memory-block3-1-M.txt,TestSharingMemory,True,0,0,0,0,4096,0,,,,,
0,1558552,2162688,1671,4268032,75563,0,22260,released_1,21671936,48307328,memory-block3-1-M.txt,TestSharingMemory,True,0,0,0,0,4096,0,,,,,
167268,1562856,2179072,1699,4096000,82826,36,22260,retained_2,21950464,53343112,memory-block3-1-M.txt,TestSharingMemory,True,0,0,0,0,4096,0,,,,,
0,1558552,2162688,1671,4292608,83066,0,22260,released_2,21753856,53357584,memory-block3-1-M.txt,TestSharingMemory,True,0,0,0,0,4096,0,,,,,
0,212368,712704,796,5668864,83154,0,22260,runtime_released,20508672,53364720,memory-block3-1-M.txt,TestSharingMemory,True,0,0,0,0,4096,0,,,,,
0,369088,892928,1902,5562368,88930,0,22260,initial,20660224,53761960,memory-block3-1-M.txt,TestSharingMappedMemory,,,,,,,,1032,0,0,,
0,367032,884736,1892,3252224,95233,0,22456,compile_release_270,23068672,73008136,memory-block3-1-M.txt,TestSharingMappedMemory,,,,,,,,1032,0,0,,
167268,447096,1007616,2016,4538368,96170,36,22712,retained_0,22179840,75587448,memory-block3-1-M.txt,TestSharingMappedMemory,,,,,,,,1032,606208,278528,,
0,371688,901120,1910,4538368,96259,0,22712,released_0,21901312,75593848,memory-block3-1-M.txt,TestSharingMappedMemory,,,,,,,,1032,0,0,,
167268,447096,1007616,2016,4538368,97177,36,22712,retained_1,22179840,78166344,memory-block3-1-M.txt,TestSharingMappedMemory,,,,,,,,1032,606208,278528,,
0,371688,901120,1910,4538368,97266,0,22712,released_1,21901312,78172744,memory-block3-1-M.txt,TestSharingMappedMemory,,,,,,,,1032,0,0,,
167268,447096,1007616,2016,4538368,98184,36,22712,retained_2,22183936,80745240,memory-block3-1-M.txt,TestSharingMappedMemory,,,,,,,,1032,606208,278528,,
0,371688,901120,1910,4538368,98273,0,22712,released_2,21905408,80751640,memory-block3-1-M.txt,TestSharingMappedMemory,,,,,,,,1032,0,0,,
0,213232,704512,725,7012352,5473,0,13632,initial,14155776,428696,memory-block3-10-M.txt,TestSharingMemory,True,0,0,0,0,4096,0,,,,,
0,1172480,1908736,1295,7462912,60539,0,20460,compile_release_270,21176320,38199400,memory-block3-10-M.txt,TestSharingMemory,True,0,0,0,0,4096,0,,,,,
167268,1556944,2187264,1689,7462912,67810,36,20588,retained_0,21213184,43236688,memory-block3-10-M.txt,TestSharingMemory,True,0,0,0,0,4096,0,,,,,
0,1552656,2170880,1662,9428992,68051,0,20588,released_0,19308544,43251176,memory-block3-10-M.txt,TestSharingMemory,True,0,0,0,0,4096,0,,,,,
167268,1556960,2170880,1690,8192000,75314,36,20588,retained_1,20414464,48286960,memory-block3-10-M.txt,TestSharingMemory,True,0,0,0,0,4096,0,,,,,
0,1552656,2154496,1662,8519680,75554,0,20588,released_1,20086784,48301432,memory-block3-10-M.txt,TestSharingMemory,True,0,0,0,0,4096,0,,,,,
167268,1556960,2170880,1690,8323072,82817,36,20588,retained_2,20348928,53337216,memory-block3-10-M.txt,TestSharingMemory,True,0,0,0,0,4096,0,,,,,
0,1552656,2154496,1662,8519680,83057,0,20588,released_2,20254720,53351688,memory-block3-10-M.txt,TestSharingMemory,True,0,0,0,0,4096,0,,,,,
0,206472,712704,787,9895936,83145,0,20588,runtime_released,19009536,53358824,memory-block3-10-M.txt,TestSharingMemory,True,0,0,0,0,4096,0,,,,,
0,363192,892928,1893,9805824,88921,0,20588,initial,19165184,53756064,memory-block3-10-M.txt,TestSharingMappedMemory,,,,,,,,1032,0,0,,
0,361120,884736,1882,7725056,95224,0,22400,compile_release_270,21454848,73002224,memory-block3-10-M.txt,TestSharingMappedMemory,,,,,,,,1032,0,0,,
167268,439792,991232,1998,8511488,96163,36,22400,retained_0,20963328,75581672,memory-block3-10-M.txt,TestSharingMappedMemory,,,,,,,,1032,606208,278528,,
0,365776,901120,1900,10870784,96261,0,22400,released_0,18325504,75589616,memory-block3-10-M.txt,TestSharingMappedMemory,,,,,,,,1032,0,0,,
167268,439792,991232,1998,8773632,97181,36,22400,retained_1,19976192,78162248,memory-block3-10-M.txt,TestSharingMappedMemory,,,,,,,,1032,606208,278528,,
0,365776,901120,1900,10895360,97279,0,22400,released_1,18309120,78170192,memory-block3-10-M.txt,TestSharingMappedMemory,,,,,,,,1032,0,0,,
167268,439792,991232,1998,8749056,98199,36,22400,retained_2,20283392,80742824,memory-block3-10-M.txt,TestSharingMappedMemory,,,,,,,,1032,606208,278528,,
0,365776,901120,1900,10911744,98297,0,22400,released_2,18280448,80750768,memory-block3-10-M.txt,TestSharingMappedMemory,,,,,,,,1032,0,0,,
0,218984,704512,734,6979584,5484,0,15824,initial,16252928,434480,memory-block3-2-P.txt,TestSharingMemory,True,0,0,0,0,4096,0,,,,,
0,1536408,2293760,1587,3506176,60119,0,22380,compile_release_270,22454272,24093808,memory-block3-2-P.txt,TestSharingMemory,True,0,0,0,0,4096,0,,,,,
134972,1557512,2244608,1694,3768320,67332,36,22380,retained_0,22208512,27249552,memory-block3-2-P.txt,TestSharingMemory,True,0,0,0,0,4096,0,,,,,
0,1553208,2228224,1666,4554752,67572,0,22380,released_0,21422080,27264024,memory-block3-2-P.txt,TestSharingMemory,True,0,0,0,0,4096,0,,,,,
134972,1557512,2269184,1694,3989504,74777,36,22380,retained_1,21848064,30418264,memory-block3-2-P.txt,TestSharingMemory,True,0,0,0,0,4096,0,,,,,
0,1553208,2252800,1666,4579328,75017,0,22380,released_1,21368832,30432736,memory-block3-2-P.txt,TestSharingMemory,True,0,0,0,0,4096,0,,,,,
134972,1557512,2260992,1694,4014080,82222,36,22380,retained_2,21794816,33586976,memory-block3-2-P.txt,TestSharingMemory,True,0,0,0,0,4096,0,,,,,
0,1553208,2244608,1666,4538368,82462,0,22380,released_2,21417984,33601448,memory-block3-2-P.txt,TestSharingMemory,True,0,0,0,0,4096,0,,,,,
0,212224,712704,796,5586944,82550,0,22380,runtime_released,20434944,33608584,memory-block3-2-P.txt,TestSharingMemory,True,0,0,0,0,4096,0,,,,,
0,368944,892928,1902,5505024,88326,0,22380,initial,20598784,34005824,memory-block3-2-P.txt,TestSharingMappedMemory,,,,,,,,1032,0,0,,
0,366888,884736,1892,3506176,94209,0,22440,compile_release_270,22978560,39179312,memory-block3-2-P.txt,TestSharingMappedMemory,,,,,,,,1032,0,0,,
134972,446936,999424,2015,4489216,95090,36,22696,retained_0,22265856,39882256,memory-block3-2-P.txt,TestSharingMappedMemory,,,,,,,,1032,606208,262144,,
0,371544,901120,1910,6324224,95179,0,22696,released_0,20172800,39888656,memory-block3-2-P.txt,TestSharingMappedMemory,,,,,,,,1032,0,0,,
134972,446936,999424,2015,6373376,96041,36,22696,retained_1,20389888,40584784,memory-block3-2-P.txt,TestSharingMappedMemory,,,,,,,,1032,606208,262144,,
0,371544,901120,1910,6373376,96130,0,22696,released_1,20127744,40591184,memory-block3-2-P.txt,TestSharingMappedMemory,,,,,,,,1032,0,0,,
134972,446936,999424,2015,6135808,96992,36,22696,retained_2,20623360,41287312,memory-block3-2-P.txt,TestSharingMappedMemory,,,,,,,,1032,606208,262144,,
0,371544,901120,1910,6316032,97081,0,22696,released_2,20189184,41293712,memory-block3-2-P.txt,TestSharingMappedMemory,,,,,,,,1032,0,0,,
0,213624,696320,726,2826240,5476,0,15772,initial,16211968,429120,memory-block3-3-P0.txt,TestSharingMemory,True,0,0,0,0,4096,0,,,,,
0,1162120,1818624,1251,3883008,60543,0,24340,compile_release_270,24510464,38269440,memory-block3-3-P0.txt,TestSharingMemory,True,0,0,0,0,4096,0,,,,,
167268,1557352,2236416,1691,3465216,67814,36,24340,retained_0,24739840,43316008,memory-block3-3-P0.txt,TestSharingMemory,True,0,0,0,0,4096,0,,,,,
0,1553048,2220032,1663,5234688,68054,0,24340,released_0,23175168,43330480,memory-block3-3-P0.txt,TestSharingMemory,True,0,0,0,0,4096,0,,,,,
167268,1557352,2138112,1691,4005888,75317,36,24340,retained_1,24182784,48375544,memory-block3-3-P0.txt,TestSharingMemory,True,0,0,0,0,4096,0,,,,,
0,1553048,2121728,1663,4661248,75557,0,24340,released_1,23662592,48390016,memory-block3-3-P0.txt,TestSharingMemory,True,0,0,0,0,4096,0,,,,,
167268,1557336,2138112,1690,3907584,82820,36,24340,retained_2,24326144,53435080,memory-block3-3-P0.txt,TestSharingMemory,True,0,0,0,0,4096,0,,,,,
0,1553032,2121728,1662,4628480,83060,0,24340,released_2,23822336,53449552,memory-block3-3-P0.txt,TestSharingMemory,True,0,0,0,0,4096,0,,,,,
0,206864,704512,788,5742592,83148,0,24340,runtime_released,22777856,53456688,memory-block3-3-P0.txt,TestSharingMemory,True,0,0,0,0,4096,0,,,,,
0,363584,884736,1894,5685248,88924,0,24340,initial,22994944,53853928,memory-block3-3-P0.txt,TestSharingMappedMemory,,,,,,,,1032,0,0,,
0,361528,876544,1884,3244032,95227,0,24904,compile_release_270,25534464,73169240,memory-block3-3-P0.txt,TestSharingMappedMemory,,,,,,,,1032,0,0,,
167268,440184,999424,1999,4292608,96166,36,25156,retained_0,24883200,75757904,memory-block3-3-P0.txt,TestSharingMappedMemory,,,,,,,,1032,606208,278528,,
0,366168,909312,1901,6651904,96264,0,25156,released_0,22245376,75765848,memory-block3-3-P0.txt,TestSharingMappedMemory,,,,,,,,1032,0,0,,
167268,440184,999424,1999,4530176,97184,36,25156,retained_1,23896064,78347696,memory-block3-3-P0.txt,TestSharingMappedMemory,,,,,,,,1032,606208,278528,,
0,366168,909312,1901,6684672,97282,0,25156,released_1,22200320,78355640,memory-block3-3-P0.txt,TestSharingMappedMemory,,,,,,,,1032,0,0,,
167268,440184,999424,1999,4554752,98202,36,25156,retained_2,23785472,80937488,memory-block3-3-P0.txt,TestSharingMappedMemory,,,,,,,,1032,606208,278528,,
0,366168,909312,1901,6643712,98300,0,25156,released_2,22212608,80945432,memory-block3-3-P0.txt,TestSharingMappedMemory,,,,,,,,1032,0,0,,
0,213728,704512,729,2818048,5479,0,13836,initial,14245888,429224,memory-block3-4-F.txt,TestSharingMemory,True,0,0,0,0,4096,0,,,,,
0,1531152,2293760,1582,3530752,60114,0,22332,compile_release_270,22675456,24088568,memory-block3-4-F.txt,TestSharingMemory,True,0,0,0,0,4096,0,,,,,
134972,1552256,2260992,1689,3792896,67327,36,22332,retained_0,22441984,27244312,memory-block3-4-F.txt,TestSharingMemory,True,0,0,0,0,4096,0,,,,,
0,1547952,2244608,1661,4579328,67567,0,22332,released_0,21655552,27258784,memory-block3-4-F.txt,TestSharingMemory,True,0,0,0,0,4096,0,,,,,
134972,1552256,2285568,1689,4136960,74772,36,22332,retained_1,21991424,30413024,memory-block3-4-F.txt,TestSharingMemory,True,0,0,0,0,4096,0,,,,,
0,1547952,2269184,1661,4595712,75012,0,22332,released_1,21618688,30427496,memory-block3-4-F.txt,TestSharingMemory,True,0,0,0,0,4096,0,,,,,
134972,1552256,2269184,1689,4186112,82217,36,22332,retained_2,21950464,33581736,memory-block3-4-F.txt,TestSharingMemory,True,0,0,0,0,4096,0,,,,,
0,1547952,2252800,1661,4579328,82457,0,22332,released_2,21639168,33596208,memory-block3-4-F.txt,TestSharingMemory,True,0,0,0,0,4096,0,,,,,
0,206968,712704,791,5627904,82545,0,22332,runtime_released,20656128,33603344,memory-block3-4-F.txt,TestSharingMemory,True,0,0,0,0,4096,0,,,,,
0,363688,892928,1897,5529600,88321,0,22332,initial,20840448,34000584,memory-block3-4-F.txt,TestSharingMappedMemory,,,,,,,,1032,0,0,,
0,361632,884736,1887,3203072,94204,0,22764,compile_release_270,23388160,39174072,memory-block3-4-F.txt,TestSharingMappedMemory,,,,,,,,1032,0,0,,
134972,441680,999424,2010,5816320,95085,36,23020,retained_0,21037056,39877016,memory-block3-4-F.txt,TestSharingMappedMemory,,,,,,,,1032,606208,262144,,
0,366288,901120,1905,6406144,95174,0,23020,released_0,20189184,39883416,memory-block3-4-F.txt,TestSharingMappedMemory,,,,,,,,1032,0,0,,
134972,441680,999424,2010,5873664,96036,36,23020,retained_1,20946944,40579544,memory-block3-4-F.txt,TestSharingMappedMemory,,,,,,,,1032,606208,262144,,
0,366288,901120,1905,6365184,96125,0,23020,released_1,20201472,40585944,memory-block3-4-F.txt,TestSharingMappedMemory,,,,,,,,1032,0,0,,
134972,441680,999424,2010,5881856,96987,36,23020,retained_2,20955136,41282072,memory-block3-4-F.txt,TestSharingMappedMemory,,,,,,,,1032,606208,262144,,
0,366288,901120,1905,6397952,97076,0,23020,released_2,20180992,41288472,memory-block3-4-F.txt,TestSharingMappedMemory,,,,,,,,1032,0,0,,
0,220000,704512,738,6979584,5488,0,15900,initial,16371712,435496,memory-block3-5-F0.txt,TestSharingMemory,True,0,0,0,0,4096,0,,,,,
0,1058320,1818624,1284,3317760,60554,0,22136,compile_release_270,22802432,38275800,memory-block3-5-F0.txt,TestSharingMemory,True,0,0,0,0,4096,0,,,,,
167268,1563712,2203648,1702,3317760,67825,36,22136,retained_0,22831104,43322368,memory-block3-5-F0.txt,TestSharingMemory,True,0,0,0,0,4096,0,,,,,
0,1559424,2187264,1675,5283840,68066,0,22136,released_0,20865024,43336856,memory-block3-5-F0.txt,TestSharingMemory,True,0,0,0,0,4096,0,,,,,
167268,1563728,2170880,1703,3907584,75329,36,22136,retained_1,22151168,48381920,memory-block3-5-F0.txt,TestSharingMemory,True,0,0,0,0,4096,0,,,,,
0,1559424,2154496,1675,4235264,75569,0,22136,released_1,21905408,48396392,memory-block3-5-F0.txt,TestSharingMemory,True,0,0,0,0,4096,0,,,,,
167268,1563728,2179072,1703,4055040,82832,36,22136,retained_2,22233088,53441456,memory-block3-5-F0.txt,TestSharingMemory,True,0,0,0,0,4096,0,,,,,
0,1559424,2162688,1675,4251648,83072,0,22136,released_2,22069248,53455928,memory-block3-5-F0.txt,TestSharingMemory,True,0,0,0,0,4096,0,,,,,
0,213240,712704,800,5693440,83160,0,22136,runtime_released,20692992,53463064,memory-block3-5-F0.txt,TestSharingMemory,True,0,0,0,0,4096,0,,,,,
0,369960,892928,1906,5505024,88936,0,22136,initial,20946944,53860304,memory-block3-5-F0.txt,TestSharingMappedMemory,,,,,,,,1032,0,0,,
0,367904,884736,1896,7315456,95239,0,24916,compile_release_270,25251840,73175600,memory-block3-5-F0.txt,TestSharingMappedMemory,,,,,,,,1032,0,0,,
167268,447968,1024000,2020,8429568,96176,36,24916,retained_0,24440832,75764128,memory-block3-5-F0.txt,TestSharingMappedMemory,,,,,,,,1032,606208,278528,,
0,372560,917504,1914,8429568,96265,0,24916,released_0,24162304,75770528,memory-block3-5-F0.txt,TestSharingMappedMemory,,,,,,,,1032,0,0,,
167268,447968,1024000,2020,8560640,97183,36,24916,retained_1,24317952,78352240,memory-block3-5-F0.txt,TestSharingMappedMemory,,,,,,,,1032,606208,278528,,
0,372560,917504,1914,8560640,97272,0,24916,released_1,24039424,78358640,memory-block3-5-F0.txt,TestSharingMappedMemory,,,,,,,,1032,0,0,,
167268,447968,1024000,2020,8699904,98190,36,24916,retained_2,24182784,80940352,memory-block3-5-F0.txt,TestSharingMappedMemory,,,,,,,,1032,606208,278528,,
0,372560,917504,1914,8699904,98279,0,24916,released_2,23904256,80946752,memory-block3-5-F0.txt,TestSharingMappedMemory,,,,,,,,1032,0,0,,
0,213624,696320,726,2826240,5476,0,13920,initial,14311424,429120,memory-block3-6-F0.txt,TestSharingMemory,True,0,0,0,0,4096,0,,,,,
0,1051960,1736704,1273,3416064,60543,0,22384,compile_release_270,22290432,38269440,memory-block3-6-F0.txt,TestSharingMemory,True,0,0,0,0,4096,0,,,,,
167268,1557352,2195456,1691,3416064,67814,36,22384,retained_0,22323200,43316008,memory-block3-6-F0.txt,TestSharingMemory,True,0,0,0,0,4096,0,,,,,
0,1553048,2179072,1663,5251072,68054,0,22384,released_0,20488192,43330480,memory-block3-6-F0.txt,TestSharingMemory,True,0,0,0,0,4096,0,,,,,
167268,1557352,2154496,1691,3997696,75317,36,22384,retained_1,21565440,48375544,memory-block3-6-F0.txt,TestSharingMemory,True,0,0,0,0,4096,0,,,,,
0,1553048,2138112,1663,4325376,75557,0,22384,released_1,21340160,48390016,memory-block3-6-F0.txt,TestSharingMemory,True,0,0,0,0,4096,0,,,,,
167268,1557352,2162688,1691,4087808,82820,36,22384,retained_2,21581824,53435080,memory-block3-6-F0.txt,TestSharingMemory,True,0,0,0,0,4096,0,,,,,
0,1553048,2146304,1663,4284416,83060,0,22384,released_2,21487616,53449552,memory-block3-6-F0.txt,TestSharingMemory,True,0,0,0,0,4096,0,,,,,
0,206864,704512,788,5726208,83148,0,22384,runtime_released,20111360,53456688,memory-block3-6-F0.txt,TestSharingMemory,True,0,0,0,0,4096,0,,,,,
0,363584,884736,1894,5611520,88924,0,22384,initial,20307968,53853928,memory-block3-6-F0.txt,TestSharingMappedMemory,,,,,,,,1032,0,0,,
0,361528,876544,1884,3219456,95227,0,22384,compile_release_270,22884352,73169208,memory-block3-6-F0.txt,TestSharingMappedMemory,,,,,,,,1032,0,0,,
167268,441592,1015808,2008,4005888,96164,36,22552,retained_0,22474752,75757736,memory-block3-6-F0.txt,TestSharingMappedMemory,,,,,,,,1032,606208,278528,,
0,366184,909312,1902,4333568,96253,0,22552,released_0,21901312,75764136,memory-block3-6-F0.txt,TestSharingMappedMemory,,,,,,,,1032,0,0,,
167268,441592,1015808,2008,4554752,97171,36,22552,retained_1,21966848,78345848,memory-block3-6-F0.txt,TestSharingMappedMemory,,,,,,,,1032,606208,278528,,
0,366184,909312,1902,4554752,97260,0,22552,released_1,21688320,78352248,memory-block3-6-F0.txt,TestSharingMappedMemory,,,,,,,,1032,0,0,,
167268,441592,1015808,2008,4382720,98178,36,22552,retained_2,22040576,80933960,memory-block3-6-F0.txt,TestSharingMappedMemory,,,,,,,,1032,606208,278528,,
0,366184,909312,1902,4341760,98267,0,22552,released_2,21803008,80940360,memory-block3-6-F0.txt,TestSharingMappedMemory,,,,,,,,1032,0,0,,
0,218664,704512,732,2785280,5482,0,13852,initial,14290944,434160,memory-block3-7-F.txt,TestSharingMemory,True,0,0,0,0,4096,0,,,,,
0,1535912,2269184,1583,3514368,60116,0,22380,compile_release_270,22765568,24093344,memory-block3-7-F.txt,TestSharingMemory,True,0,0,0,0,4096,0,,,,,
134972,1557032,2285568,1691,3842048,67329,36,22380,retained_0,22454272,27249088,memory-block3-7-F.txt,TestSharingMemory,True,0,0,0,0,4096,0,,,,,
0,1552728,2269184,1663,4562944,67569,0,22380,released_0,21733376,27263560,memory-block3-7-F.txt,TestSharingMemory,True,0,0,0,0,4096,0,,,,,
134972,1557032,2260992,1691,4136960,74774,36,22380,retained_1,22081536,30417800,memory-block3-7-F.txt,TestSharingMemory,True,0,0,0,0,4096,0,,,,,
0,1552728,2244608,1663,4595712,75014,0,22380,released_1,21676032,30432272,memory-block3-7-F.txt,TestSharingMemory,True,0,0,0,0,4096,0,,,,,
134972,1557032,2244608,1691,4153344,82219,36,22380,retained_2,22052864,33586512,memory-block3-7-F.txt,TestSharingMemory,True,0,0,0,0,4096,0,,,,,
0,1552728,2228224,1663,4612096,82459,0,22380,released_2,21676032,33600984,memory-block3-7-F.txt,TestSharingMemory,True,0,0,0,0,4096,0,,,,,
0,211744,712704,793,5595136,82547,0,22380,runtime_released,20758528,33608120,memory-block3-7-F.txt,TestSharingMemory,True,0,0,0,0,4096,0,,,,,
0,368464,892928,1899,5505024,88323,0,22380,initial,20951040,34005360,memory-block3-7-F.txt,TestSharingMappedMemory,,,,,,,,1032,0,0,,
0,366408,884736,1889,3252224,94206,0,22736,compile_release_270,23416832,39178864,memory-block3-7-F.txt,TestSharingMappedMemory,,,,,,,,1032,0,0,,
134972,446456,999424,2012,5865472,95087,36,22992,retained_0,21078016,39881808,memory-block3-7-F.txt,TestSharingMappedMemory,,,,,,,,1032,606208,262144,,
0,371064,901120,1907,6324224,95176,0,22992,released_0,20373504,39888208,memory-block3-7-F.txt,TestSharingMappedMemory,,,,,,,,1032,0,0,,
134972,446456,999424,2012,6389760,96038,36,22992,retained_1,20582400,40584336,memory-block3-7-F.txt,TestSharingMappedMemory,,,,,,,,1032,606208,262144,,
0,371064,901120,1907,6389760,96127,0,22992,released_1,20320256,40590736,memory-block3-7-F.txt,TestSharingMappedMemory,,,,,,,,1032,0,0,,
134972,446456,999424,2012,6389760,96989,36,22992,retained_2,20586496,41286864,memory-block3-7-F.txt,TestSharingMappedMemory,,,,,,,,1032,606208,262144,,
0,371064,901120,1907,6389760,97078,0,22992,released_2,20324352,41293264,memory-block3-7-F.txt,TestSharingMappedMemory,,,,,,,,1032,0,0,,
0,214264,696320,730,2826240,5480,0,15840,initial,16289792,429760,memory-block3-8-P0.txt,TestSharingMemory,True,0,0,0,0,4096,0,,,,,
0,838104,1499136,1087,3334144,60544,0,22664,compile_release_270,23187456,38269800,memory-block3-8-P0.txt,TestSharingMemory,True,0,0,0,0,4096,0,,,,,
167268,1557832,2179072,1694,3588096,67815,36,22664,retained_0,22958080,43316368,memory-block3-8-P0.txt,TestSharingMemory,True,0,0,0,0,4096,0,,,,,
0,1553528,2162688,1666,5226496,68055,0,22664,released_0,21319680,43330840,memory-block3-8-P0.txt,TestSharingMemory,True,0,0,0,0,4096,0,,,,,
167268,1557832,2138112,1694,4038656,75318,36,22664,retained_1,22364160,48375904,memory-block3-8-P0.txt,TestSharingMemory,True,0,0,0,0,4096,0,,,,,
0,1553528,2121728,1666,4628480,75558,0,22664,released_1,21876736,48390376,memory-block3-8-P0.txt,TestSharingMemory,True,0,0,0,0,4096,0,,,,,
167268,1557832,2138112,1694,4136960,82821,36,22664,retained_2,22335488,53435440,memory-block3-8-P0.txt,TestSharingMemory,True,0,0,0,0,4096,0,,,,,
0,1553528,2121728,1666,4661248,83061,0,22664,released_2,21946368,53449912,memory-block3-8-P0.txt,TestSharingMemory,True,0,0,0,0,4096,0,,,,,
0,207344,704512,791,5775360,83149,0,22664,runtime_released,20897792,53457048,memory-block3-8-P0.txt,TestSharingMemory,True,0,0,0,0,4096,0,,,,,
0,364064,884736,1897,5627904,88925,0,22664,initial,21192704,53854288,memory-block3-8-P0.txt,TestSharingMappedMemory,,,,,,,,1032,0,0,,
0,362008,876544,1887,3268608,95228,0,23068,compile_release_270,23711744,73169568,memory-block3-8-P0.txt,TestSharingMappedMemory,,,,,,,,1032,0,0,,
167268,442072,1015808,2011,4317184,96165,36,23324,retained_0,23080960,75758096,memory-block3-8-P0.txt,TestSharingMappedMemory,,,,,,,,1032,606208,278528,,
0,366664,909312,1905,4317184,96254,0,23324,released_0,22806528,75764496,memory-block3-8-P0.txt,TestSharingMappedMemory,,,,,,,,1032,0,0,,
167268,442072,1015808,2011,4317184,97172,36,23324,retained_1,23093248,78346208,memory-block3-8-P0.txt,TestSharingMappedMemory,,,,,,,,1032,606208,278528,,
0,366664,909312,1905,4317184,97261,0,23324,released_1,22814720,78352608,memory-block3-8-P0.txt,TestSharingMappedMemory,,,,,,,,1032,0,0,,
167268,442072,1015808,2011,4562944,98179,36,23324,retained_2,22843392,80934320,memory-block3-8-P0.txt,TestSharingMappedMemory,,,,,,,,1032,606208,278528,,
0,366664,909312,1905,4562944,98268,0,23324,released_2,22564864,80940720,memory-block3-8-P0.txt,TestSharingMappedMemory,,,,,,,,1032,0,0,,
0,213888,704512,730,7012352,5480,0,15808,initial,16224256,429384,memory-block3-9-P.txt,TestSharingMemory,True,0,0,0,0,4096,0,,,,,
0,1531472,2269184,1584,3530752,60116,0,22172,compile_release_270,22577152,24088888,memory-block3-9-P.txt,TestSharingMemory,True,0,0,0,0,4096,0,,,,,
134972,1552576,2252800,1691,3858432,67329,36,22172,retained_0,22278144,27244632,memory-block3-9-P.txt,TestSharingMemory,True,0,0,0,0,4096,0,,,,,
0,1548272,2236416,1663,4579328,67569,0,22172,released_0,21557248,27259104,memory-block3-9-P.txt,TestSharingMemory,True,0,0,0,0,4096,0,,,,,
134972,1552576,2244608,1691,4153344,74774,36,22172,retained_1,21897216,30413344,memory-block3-9-P.txt,TestSharingMemory,True,0,0,0,0,4096,0,,,,,
0,1548272,2228224,1663,4612096,75014,0,22172,released_1,21491712,30427816,memory-block3-9-P.txt,TestSharingMemory,True,0,0,0,0,4096,0,,,,,
134972,1552576,2244608,1691,4177920,82219,36,22172,retained_2,21856256,33582056,memory-block3-9-P.txt,TestSharingMemory,True,0,0,0,0,4096,0,,,,,
0,1548272,2228224,1663,4636672,82459,0,22172,released_2,21479424,33596528,memory-block3-9-P.txt,TestSharingMemory,True,0,0,0,0,4096,0,,,,,
0,207288,712704,793,5619712,82547,0,22172,runtime_released,20561920,33603664,memory-block3-9-P.txt,TestSharingMemory,True,0,0,0,0,4096,0,,,,,
0,364008,892928,1899,5521408,88323,0,22172,initial,20819968,34000904,memory-block3-9-P.txt,TestSharingMappedMemory,,,,,,,,1032,0,0,,
0,361952,884736,1889,3399680,94206,0,22612,compile_release_270,23232512,39174392,memory-block3-9-P.txt,TestSharingMappedMemory,,,,,,,,1032,0,0,,
134972,442000,999424,2012,4579328,95087,36,22868,retained_0,22319104,39877336,memory-block3-9-P.txt,TestSharingMappedMemory,,,,,,,,1032,606208,262144,,
0,366608,901120,1907,6348800,95176,0,22868,released_0,20299776,39883736,memory-block3-9-P.txt,TestSharingMappedMemory,,,,,,,,1032,0,0,,
134972,442000,999424,2012,6438912,96038,36,22868,retained_1,20471808,40579864,memory-block3-9-P.txt,TestSharingMappedMemory,,,,,,,,1032,606208,262144,,
0,366608,901120,1907,6438912,96127,0,22868,released_1,20209664,40586264,memory-block3-9-P.txt,TestSharingMappedMemory,,,,,,,,1032,0,0,,
134972,442000,999424,2012,6062080,96989,36,22868,retained_2,20852736,41282392,memory-block3-9-P.txt,TestSharingMappedMemory,,,,,,,,1032,606208,262144,,
0,366608,901120,1907,6348800,97078,0,22868,released_2,20312064,41288792,memory-block3-9-P.txt,TestSharingMappedMemory,,,,,,,,1032,0,0,,
0,278384,811008,750,2654208,5501,0,13672,initial,11259904,493896,no-thp-memory-auto-block1-1-M.txt,TestSharingMemory,True,0,0,0,0,4096,0,,,,,
0,777248,1638400,1218,3670016,64548,0,19220,compile_release_270,19218432,45923016,no-thp-memory-auto-block1-1-M.txt,TestSharingMemory,True,0,0,0,0,4096,0,,,,,
167268,1554400,2392064,1854,3391488,72345,36,19220,retained_0,19468288,51968088,no-thp-memory-auto-block1-1-M.txt,TestSharingMemory,True,0,0,0,0,4096,0,,,,,
0,1551312,2367488,1821,4046848,72588,0,19220,released_0,18948096,51984976,no-thp-memory-auto-block1-1-M.txt,TestSharingMemory,True,0,0,0,0,4096,0,,,,,
167268,1554176,2424832,1850,3629056,80390,36,19220,retained_1,19378176,58048032,no-thp-memory-auto-block1-1-M.txt,TestSharingMemory,True,0,0,0,0,4096,0,,,,,
0,1551328,2392064,1822,4939776,80633,0,19220,released_1,17973248,58064920,no-thp-memory-auto-block1-1-M.txt,TestSharingMemory,True,0,0,0,0,4096,0,,,,,
167268,1554224,2334720,1853,3497984,88433,36,19220,retained_2,19427328,64108888,no-thp-memory-auto-block1-1-M.txt,TestSharingMemory,True,0,0,0,0,4096,0,,,,,
0,1551376,2326528,1825,4677632,88676,0,19220,released_2,18350080,64125776,no-thp-memory-auto-block1-1-M.txt,TestSharingMemory,True,0,0,0,0,4096,0,,,,,
0,336232,925696,948,5332992,88778,0,19220,runtime_released,17821696,64136888,no-thp-memory-auto-block1-1-M.txt,TestSharingMemory,True,0,0,0,0,4096,0,,,,,
0,493336,1105920,2054,5177344,94568,0,19220,initial,18046976,64538488,no-thp-memory-auto-block1-1-M.txt,TestSharingMappedMemory,,,,,,,,1032,0,0,,
0,489744,1081344,2044,3366912,100882,0,19220,compile_release_270,20062208,83788224,no-thp-memory-auto-block1-1-M.txt,TestSharingMappedMemory,,,,,,,,1032,0,0,,
167268,570960,1220608,2168,4186112,101819,36,19220,retained_0,19296256,86368688,no-thp-memory-auto-block1-1-M.txt,TestSharingMappedMemory,,,,,,,,1032,606208,278528,,
0,495536,1122304,2061,4153344,101920,0,19220,released_0,19054592,86378920,no-thp-memory-auto-block1-1-M.txt,TestSharingMappedMemory,,,,,,,,1032,0,0,,
167268,570944,1220608,2167,4194304,102838,36,19220,retained_1,19517440,88952568,no-thp-memory-auto-block1-1-M.txt,TestSharingMappedMemory,,,,,,,,1032,606208,278528,,
0,495536,1122304,2061,4194304,102939,0,19220,released_1,19238912,88962800,no-thp-memory-auto-block1-1-M.txt,TestSharingMappedMemory,,,,,,,,1032,0,0,,
167268,570960,1220608,2168,4161536,103869,36,19220,retained_2,18817024,91539128,no-thp-memory-auto-block1-1-M.txt,TestSharingMappedMemory,,,,,,,,1032,606208,278528,,
0,495536,1122304,2061,4161536,103970,0,19220,released_2,18538496,91549360,no-thp-memory-auto-block1-1-M.txt,TestSharingMappedMemory,,,,,,,,1032,0,0,,
0,278560,811008,752,2654208,5505,0,13800,initial,10940416,494104,no-thp-memory-auto-block1-2-F.txt,TestSharingMemory,True,0,0,0,0,4096,0,,,,,
0,883008,1753088,1215,3063808,63905,0,18736,compile_release_270,19480576,30237576,no-thp-memory-auto-block1-2-F.txt,TestSharingMemory,True,0,0,0,0,4096,0,,,,,
134972,1534400,2342912,1823,3317760,71609,36,18864,retained_0,19267584,34198672,no-thp-memory-auto-block1-2-F.txt,TestSharingMemory,True,0,0,0,0,4096,0,,,,,
0,1531312,2334720,1790,5283840,71852,0,18864,released_0,17354752,34215560,no-thp-memory-auto-block1-2-F.txt,TestSharingMemory,True,0,0,0,0,4096,0,,,,,
134972,1537568,2416640,1835,3006464,79572,36,18864,retained_1,19386368,38179384,no-thp-memory-auto-block1-2-F.txt,TestSharingMemory,True,0,0,0,0,4096,0,,,,,
0,1534480,2400256,1802,4087808,79815,0,18864,released_1,18452480,38196272,no-thp-memory-auto-block1-2-F.txt,TestSharingMemory,True,0,0,0,0,4096,0,,,,,
134972,1538224,2433024,1833,3194880,87523,36,18864,retained_2,19353600,42156624,no-thp-memory-auto-block1-2-F.txt,TestSharingMemory,True,0,0,0,0,4096,0,,,,,
0,1534448,2408448,1800,4046848,87766,0,18864,released_2,18624512,42173512,no-thp-memory-auto-block1-2-F.txt,TestSharingMemory,True,0,0,0,0,4096,0,,,,,
0,324472,909312,926,5226496,87868,0,18864,runtime_released,17563648,42184624,no-thp-memory-auto-block1-2-F.txt,TestSharingMemory,True,0,0,0,0,4096,0,,,,,
0,481576,1089536,2032,5226496,93658,0,18864,initial,17678336,42586224,no-thp-memory-auto-block1-2-F.txt,TestSharingMappedMemory,,,,,,,,1032,0,0,,
0,477984,1056768,2022,3260416,99541,0,18864,compile_release_270,19746816,47760928,no-thp-memory-auto-block1-2-F.txt,TestSharingMappedMemory,,,,,,,,1032,0,0,,
134972,559184,1171456,2145,4505600,100422,36,18864,retained_0,18804736,48465024,no-thp-memory-auto-block1-2-F.txt,TestSharingMappedMemory,,,,,,,,1032,606208,262144,,
0,483792,1081344,2040,5062656,100511,0,18864,released_0,17989632,48472576,no-thp-memory-auto-block1-2-F.txt,TestSharingMappedMemory,,,,,,,,1032,0,0,,
134972,559184,1171456,2145,5980160,101373,36,18864,retained_1,17334272,49169856,no-thp-memory-auto-block1-2-F.txt,TestSharingMappedMemory,,,,,,,,1032,606208,262144,,
0,483776,1081344,2039,5980160,101474,0,18864,released_1,17063936,49180088,no-thp-memory-auto-block1-2-F.txt,TestSharingMappedMemory,,,,,,,,1032,0,0,,
134972,559184,1171456,2145,6021120,102348,36,18864,retained_2,17268736,49880048,no-thp-memory-auto-block1-2-F.txt,TestSharingMappedMemory,,,,,,,,1032,606208,262144,,
0,483776,1081344,2039,6021120,102449,0,18864,released_2,17006592,49890280,no-thp-memory-auto-block1-2-F.txt,TestSharingMappedMemory,,,,,,,,1032,0,0,,
0,278080,933888,749,6660096,5502,0,13624,initial,11231232,493624,no-thp-memory-auto-block1-3-F.txt,TestSharingMemory,True,0,0,0,0,4096,0,,,,,
0,456832,1335296,958,7258112,63892,0,19120,compile_release_270,19431424,30225560,no-thp-memory-auto-block1-3-F.txt,TestSharingMemory,True,0,0,0,0,4096,0,,,,,
134972,1532080,2621440,1813,7184384,71605,36,19120,retained_0,19431424,34188560,no-thp-memory-auto-block1-3-F.txt,TestSharingMemory,True,0,0,0,0,4096,0,,,,,
0,1528992,2596864,1780,8232960,71847,0,19120,released_0,18280448,34205272,no-thp-memory-auto-block1-3-F.txt,TestSharingMemory,True,0,0,0,0,4096,0,,,,,
134972,1533216,2564096,1816,7217152,79561,36,19120,retained_1,19288064,38167032,no-thp-memory-auto-block1-3-F.txt,TestSharingMemory,True,0,0,0,0,4096,0,,,,,
0,1529952,2531328,1782,8265728,79804,0,19120,released_1,18374656,38183760,no-thp-memory-auto-block1-3-F.txt,TestSharingMemory,True,0,0,0,0,4096,0,,,,,
134972,1533840,2605056,1825,6463488,87485,36,19144,retained_2,19910656,42175920,no-thp-memory-auto-block1-3-F.txt,TestSharingMemory,True,0,0,0,0,4096,0,,,,,
0,1530576,2580480,1791,7970816,87727,0,19144,released_2,18649088,42192632,no-thp-memory-auto-block1-3-F.txt,TestSharingMemory,True,0,0,0,0,4096,0,,,,,
0,320584,1056768,916,8822784,87815,0,19144,runtime_released,17866752,42200920,no-thp-memory-auto-block1-3-F.txt,TestSharingMemory,True,0,0,0,0,4096,0,,,,,
0,477688,1228800,2022,9216000,93591,0,19144,initial,17760256,42599696,no-thp-memory-auto-block1-3-F.txt,TestSharingMappedMemory,,,,,,,,1032,0,0,,
0,474096,1196032,2012,7626752,99485,0,19144,compile_release_270,19402752,47776760,no-thp-memory-auto-block1-3-F.txt,TestSharingMappedMemory,,,,,,,,1032,0,0,,
134972,555296,1310720,2135,8216576,100366,36,19144,retained_0,19156992,48480856,no-thp-memory-auto-block1-3-F.txt,TestSharingMappedMemory,,,,,,,,1032,606208,262144,,
0,479888,1220608,2029,9789440,100467,0,19144,released_0,17338368,48491088,no-thp-memory-auto-block1-3-F.txt,TestSharingMappedMemory,,,,,,,,1032,0,0,,
134972,555280,1310720,2134,9633792,101329,36,19144,retained_1,17768448,49188368,no-thp-memory-auto-block1-3-F.txt,TestSharingMappedMemory,,,,,,,,1032,606208,262144,,
0,479888,1220608,2029,9961472,101430,0,19144,released_1,17178624,49198600,no-thp-memory-auto-block1-3-F.txt,TestSharingMappedMemory,,,,,,,,1032,0,0,,
134972,555296,1310720,2135,9953280,102304,36,19144,retained_2,17444864,49898560,no-thp-memory-auto-block1-3-F.txt,TestSharingMappedMemory,,,,,,,,1032,606208,262144,,
0,479888,1220608,2029,9953280,102405,0,19144,released_2,17182720,49908792,no-thp-memory-auto-block1-3-F.txt,TestSharingMappedMemory,,,,,,,,1032,0,0,,
0,278384,933888,750,2465792,5501,0,13648,initial,11112448,493896,no-thp-memory-auto-block1-4-M.txt,TestSharingMemory,True,0,0,0,0,4096,0,,,,,
0,603656,1490944,1058,3260416,64480,0,18848,compile_release_270,19505152,45929104,no-thp-memory-auto-block1-4-M.txt,TestSharingMemory,True,0,0,0,0,4096,0,,,,,
167268,1536536,2523136,1815,2940928,72277,36,18848,retained_0,19746816,51976000,no-thp-memory-auto-block1-4-M.txt,TestSharingMemory,True,0,0,0,0,4096,0,,,,,
0,1533688,2514944,1787,4382720,72520,0,18848,released_0,18436096,51992888,no-thp-memory-auto-block1-4-M.txt,TestSharingMemory,True,0,0,0,0,4096,0,,,,,
167268,1541128,2473984,1830,3227648,80320,36,18848,retained_1,19542016,58039216,no-thp-memory-auto-block1-4-M.txt,TestSharingMemory,True,0,0,0,0,4096,0,,,,,
0,1537160,2449408,1795,3948544,80562,0,18848,released_1,18923520,58055928,no-thp-memory-auto-block1-4-M.txt,TestSharingMemory,True,0,0,0,0,4096,0,,,,,
167268,1541592,2547712,1834,2916352,88364,36,18848,retained_2,19718144,64100512,no-thp-memory-auto-block1-4-M.txt,TestSharingMemory,True,0,0,0,0,4096,0,,,,,
0,1543696,2514944,1804,3768320,88613,0,18848,released_2,19128320,64122800,no-thp-memory-auto-block1-4-M.txt,TestSharingMemory,True,0,0,0,0,4096,0,,,,,
0,328584,1040384,929,4423680,88701,0,18848,runtime_released,18481152,64131088,no-thp-memory-auto-block1-4-M.txt,TestSharingMemory,True,0,0,0,0,4096,0,,,,,
0,485688,1212416,2035,5144576,94491,0,18848,initial,17989632,64532688,no-thp-memory-auto-block1-4-M.txt,TestSharingMappedMemory,,,,,,,,1032,0,0,,
0,482096,1196032,2025,3473408,100805,0,18976,compile_release_270,19779584,83782408,no-thp-memory-auto-block1-4-M.txt,TestSharingMappedMemory,,,,,,,,1032,0,0,,
167268,563312,1318912,2149,4038656,101742,36,19080,retained_0,19173376,86362872,no-thp-memory-auto-block1-4-M.txt,TestSharingMappedMemory,,,,,,,,1032,606208,278528,,
0,487888,1220608,2042,4005888,101843,0,19080,released_0,18935808,86373104,no-thp-memory-auto-block1-4-M.txt,TestSharingMappedMemory,,,,,,,,1032,0,0,,
167268,563296,1318912,2148,3923968,102761,36,19080,retained_1,19558400,88946752,no-thp-memory-auto-block1-4-M.txt,TestSharingMappedMemory,,,,,,,,1032,606208,278528,,
0,487888,1220608,2042,3891200,102862,0,19080,released_1,19345408,88956984,no-thp-memory-auto-block1-4-M.txt,TestSharingMappedMemory,,,,,,,,1032,0,0,,
167268,563312,1318912,2149,3989504,103792,36,19080,retained_2,18673664,91533312,no-thp-memory-auto-block1-4-M.txt,TestSharingMappedMemory,,,,,,,,1032,606208,278528,,
0,487888,1220608,2042,3915776,103893,0,19080,released_2,18472960,91543544,no-thp-memory-auto-block1-4-M.txt,TestSharingMappedMemory,,,,,,,,1032,0,0,,
0,278224,933888,749,6660096,5500,0,13804,initial,11341824,493736,no-thp-memory-auto-block2-1-M.txt,TestSharingMemory,True,0,0,0,0,4096,0,,,,,
0,621440,1548288,1114,6668288,64446,0,19432,compile_release_270,20262912,45886504,no-thp-memory-auto-block2-1-M.txt,TestSharingMemory,True,0,0,0,0,4096,0,,,,,
167268,1540672,2441216,1819,7479296,72211,36,20084,retained_0,19632128,51999768,no-thp-memory-auto-block2-1-M.txt,TestSharingMemory,True,0,0,0,0,4096,0,,,,,
0,1537824,2433024,1791,8658944,72454,0,20084,released_0,18505728,52016656,no-thp-memory-auto-block2-1-M.txt,TestSharingMemory,True,0,0,0,0,4096,0,,,,,
167268,1540784,2424832,1820,7438336,80214,36,20084,retained_1,19742720,58232000,no-thp-memory-auto-block2-1-M.txt,TestSharingMemory,True,0,0,0,0,4096,0,,,,,
0,1537936,2416640,1792,8683520,80456,0,20084,released_1,18518016,58248712,no-thp-memory-auto-block2-1-M.txt,TestSharingMemory,True,0,0,0,0,4096,0,,,,,
167268,1541024,2408448,1825,7127040,88209,36,20084,retained_2,20025344,64360128,no-thp-memory-auto-block2-1-M.txt,TestSharingMemory,True,0,0,0,0,4096,0,,,,,
0,1537936,2400256,1792,8306688,88451,0,20084,released_2,18956288,64376840,no-thp-memory-auto-block2-1-M.txt,TestSharingMemory,True,0,0,0,0,4096,0,,,,,
0,322840,1024000,918,9281536,88553,0,20084,runtime_released,18120704,64387952,no-thp-memory-auto-block2-1-M.txt,TestSharingMemory,True,0,0,0,0,4096,0,,,,,
0,479944,1196032,2024,9437184,94343,0,20084,initial,18067456,64789552,no-thp-memory-auto-block2-1-M.txt,TestSharingMappedMemory,,,,,,,,1032,0,0,,
0,476352,1179648,2014,7438336,100657,0,20084,compile_release_270,20119552,84039320,no-thp-memory-auto-block2-1-M.txt,TestSharingMappedMemory,,,,,,,,1032,0,0,,
167268,557568,1302528,2138,7954432,101594,36,20084,retained_0,20008960,86619784,no-thp-memory-auto-block2-1-M.txt,TestSharingMappedMemory,,,,,,,,1032,606208,278528,,
0,482160,1204224,2032,7954432,101683,0,20084,released_0,19730432,86627336,no-thp-memory-auto-block2-1-M.txt,TestSharingMappedMemory,,,,,,,,1032,0,0,,
167268,557568,1302528,2138,8044544,102613,36,20084,retained_1,19181568,89203664,no-thp-memory-auto-block2-1-M.txt,TestSharingMappedMemory,,,,,,,,1032,606208,278528,,
0,482144,1204224,2031,8044544,102714,0,20084,released_1,18903040,89213896,no-thp-memory-auto-block2-1-M.txt,TestSharingMappedMemory,,,,,,,,1032,0,0,,
167268,557552,1302528,2137,8282112,103632,36,20084,retained_2,19378176,91787544,no-thp-memory-auto-block2-1-M.txt,TestSharingMappedMemory,,,,,,,,1032,606208,278528,,
0,482144,1204224,2031,8273920,103733,0,20084,released_2,19111936,91797776,no-thp-memory-auto-block2-1-M.txt,TestSharingMappedMemory,,,,,,,,1032,0,0,,
0,278720,811008,753,2654208,5506,0,13800,initial,10883072,494264,no-thp-memory-auto-block2-2-F.txt,TestSharingMemory,True,0,0,0,0,4096,0,,,,,
0,595496,1449984,1048,2973696,63840,0,19008,compile_release_270,19427328,30303144,no-thp-memory-auto-block2-2-F.txt,TestSharingMemory,True,0,0,0,0,4096,0,,,,,
134972,1532952,2416640,1822,3178496,71550,36,19008,retained_0,19005440,34263920,no-thp-memory-auto-block2-2-F.txt,TestSharingMemory,True,0,0,0,0,4096,0,,,,,
0,1529864,2392064,1789,5275648,71793,0,19008,released_0,17108992,34280808,no-thp-memory-auto-block2-2-F.txt,TestSharingMemory,True,0,0,0,0,4096,0,,,,,
134972,1532984,2375680,1824,3186688,79496,36,19008,retained_1,19083264,38240872,no-thp-memory-auto-block2-2-F.txt,TestSharingMemory,True,0,0,0,0,4096,0,,,,,
0,1529896,2342912,1791,4694016,79738,0,19008,released_1,17584128,38257584,no-thp-memory-auto-block2-2-F.txt,TestSharingMemory,True,0,0,0,0,4096,0,,,,,
134972,1533144,2416640,1824,3334144,87448,36,19008,retained_2,18931712,42218224,no-thp-memory-auto-block2-2-F.txt,TestSharingMemory,True,0,0,0,0,4096,0,,,,,
0,1529864,2392064,1789,4120576,87690,0,19008,released_2,18276352,42234936,no-thp-memory-auto-block2-2-F.txt,TestSharingMemory,True,0,0,0,0,4096,0,,,,,
0,325624,917504,926,4775936,87800,0,19008,runtime_released,17584128,42251736,no-thp-memory-auto-block2-2-F.txt,TestSharingMemory,True,0,0,0,0,4096,0,,,,,
0,482728,1097728,2032,5210112,93590,0,19008,initial,17461248,42653336,no-thp-memory-auto-block2-2-F.txt,TestSharingMappedMemory,,,,,,,,1032,0,0,,
0,479136,1073152,2022,3309568,99484,0,19008,compile_release_270,19496960,47830400,no-thp-memory-auto-block2-2-F.txt,TestSharingMappedMemory,,,,,,,,1032,0,0,,
134972,560336,1187840,2145,4423680,100365,36,19040,retained_0,18735104,48534496,no-thp-memory-auto-block2-2-F.txt,TestSharingMappedMemory,,,,,,,,1032,606208,262144,,
0,484944,1097728,2040,5341184,100454,0,19040,released_0,17559552,48542048,no-thp-memory-auto-block2-2-F.txt,TestSharingMappedMemory,,,,,,,,1032,0,0,,
134972,560336,1187840,2145,5996544,101316,36,19040,retained_1,17166336,49239328,no-thp-memory-auto-block2-2-F.txt,TestSharingMappedMemory,,,,,,,,1032,606208,262144,,
0,484944,1097728,2040,5988352,101405,0,19040,released_1,16912384,49246880,no-thp-memory-auto-block2-2-F.txt,TestSharingMappedMemory,,,,,,,,1032,0,0,,
134972,560336,1187840,2145,5791744,102267,36,19040,retained_2,17371136,49944160,no-thp-memory-auto-block2-2-F.txt,TestSharingMappedMemory,,,,,,,,1032,606208,262144,,
0,484928,1097728,2039,5890048,102368,0,19040,released_2,17018880,49954392,no-thp-memory-auto-block2-2-F.txt,TestSharingMappedMemory,,,,,,,,1032,0,0,,
0,278080,966656,749,6627328,5502,0,13764,initial,11431936,493624,no-thp-memory-auto-block2-3-F.txt,TestSharingMemory,True,0,0,0,0,4096,0,,,,,
0,753816,1744896,1180,7249920,63791,0,18892,compile_release_270,19496960,30377168,no-thp-memory-auto-block2-3-F.txt,TestSharingMemory,True,0,0,0,0,4096,0,,,,,
134972,1524728,2564096,1802,7233536,71453,36,19276,retained_0,19558400,34406056,no-thp-memory-auto-block2-3-F.txt,TestSharingMemory,True,0,0,0,0,4096,0,,,,,
0,1527456,2531328,1781,8740864,71703,0,19276,released_0,18006016,34428520,no-thp-memory-auto-block2-3-F.txt,TestSharingMemory,True,0,0,0,0,4096,0,,,,,
134972,1532880,2531328,1820,7102464,79402,36,19276,retained_1,19554304,38387712,no-thp-memory-auto-block2-3-F.txt,TestSharingMemory,True,0,0,0,0,4096,0,,,,,
0,1528928,2498560,1786,8142848,79643,0,19276,released_1,18653184,38403352,no-thp-memory-auto-block2-3-F.txt,TestSharingMemory,True,0,0,0,0,4096,0,,,,,
134972,1536368,2580480,1833,7290880,87352,36,19276,retained_2,19394560,42365376,no-thp-memory-auto-block2-3-F.txt,TestSharingMemory,True,0,0,0,0,4096,0,,,,,
0,1532896,2555904,1796,7995392,87594,0,19276,released_2,18849792,42382088,no-thp-memory-auto-block2-3-F.txt,TestSharingMemory,True,0,0,0,0,4096,0,,,,,
0,322936,1024000,923,8814592,87696,0,19276,runtime_released,18034688,42393200,no-thp-memory-auto-block2-3-F.txt,TestSharingMemory,True,0,0,0,0,4096,0,,,,,
0,480040,1196032,2029,9273344,93486,0,19276,initial,17772544,42794800,no-thp-memory-auto-block2-3-F.txt,TestSharingMappedMemory,,,,,,,,1032,0,0,,
0,476448,1171456,2019,7430144,99369,0,19276,compile_release_270,19697664,47969504,no-thp-memory-auto-block2-3-F.txt,TestSharingMappedMemory,,,,,,,,1032,0,0,,
134972,557648,1286144,2142,8904704,100250,36,19276,retained_0,18386944,48673600,no-thp-memory-auto-block2-3-F.txt,TestSharingMappedMemory,,,,,,,,1032,606208,262144,,
0,482256,1196032,2037,10084352,100339,0,19276,released_0,17080320,48681152,no-thp-memory-auto-block2-3-F.txt,TestSharingMappedMemory,,,,,,,,1032,0,0,,
134972,557648,1286144,2142,10027008,101213,36,19276,retained_1,17436672,49381112,no-thp-memory-auto-block2-3-F.txt,TestSharingMappedMemory,,,,,,,,1032,606208,262144,,
0,482240,1196032,2036,9994240,101314,0,19276,released_1,17207296,49391344,no-thp-memory-auto-block2-3-F.txt,TestSharingMappedMemory,,,,,,,,1032,0,0,,
134972,557632,1286144,2141,10166272,102176,36,19276,retained_2,17334272,50088624,no-thp-memory-auto-block2-3-F.txt,TestSharingMappedMemory,,,,,,,,1032,606208,262144,,
0,482240,1196032,2036,10125312,102277,0,19276,released_2,17117184,50098856,no-thp-memory-auto-block2-3-F.txt,TestSharingMappedMemory,,,,,,,,1032,0,0,,
0,278384,966656,750,2433024,5501,0,13352,initial,11194368,493896,no-thp-memory-auto-block2-4-M.txt,TestSharingMemory,True,0,0,0,0,4096,0,,,,,
0,601176,1589248,1056,3096576,64531,0,18960,compile_release_270,19742720,45831688,no-thp-memory-auto-block2-4-M.txt,TestSharingMemory,True,0,0,0,0,4096,0,,,,,
167268,1529960,2514944,1808,3235840,72320,36,18960,retained_0,19537920,51874472,no-thp-memory-auto-block2-4-M.txt,TestSharingMemory,True,0,0,0,0,4096,0,,,,,
0,1526872,2498560,1775,4153344,72562,0,18960,released_0,18685952,51891184,no-thp-memory-auto-block2-4-M.txt,TestSharingMemory,True,0,0,0,0,4096,0,,,,,
167268,1529720,2482176,1803,3530752,80358,36,18960,retained_1,19369984,57934800,no-thp-memory-auto-block2-4-M.txt,TestSharingMemory,True,0,0,0,0,4096,0,,,,,
0,1526872,2465792,1775,5038080,80600,0,18960,released_1,17739776,57951512,no-thp-memory-auto-block2-4-M.txt,TestSharingMemory,True,0,0,0,0,4096,0,,,,,
167268,1531032,2498560,1814,3325952,88402,36,18960,retained_2,19472384,63995648,no-thp-memory-auto-block2-4-M.txt,TestSharingMemory,True,0,0,0,0,4096,0,,,,,
0,1527560,2457600,1777,3325952,88644,0,18960,released_2,19476480,64012360,no-thp-memory-auto-block2-4-M.txt,TestSharingMemory,True,0,0,0,0,4096,0,,,,,
0,312480,1015808,904,4308992,88746,0,18960,runtime_released,18612224,64023472,no-thp-memory-auto-block2-4-M.txt,TestSharingMemory,True,0,0,0,0,4096,0,,,,,
0,469584,1179648,2010,5292032,94536,0,18960,initial,17874944,64425072,no-thp-memory-auto-block2-4-M.txt,TestSharingMappedMemory,,,,,,,,1032,0,0,,
0,465992,1163264,2000,3211264,100850,0,19536,compile_release_270,20066304,83674792,no-thp-memory-auto-block2-4-M.txt,TestSharingMappedMemory,,,,,,,,1032,0,0,,
167268,547208,1286144,2124,3932160,101787,36,19536,retained_0,19230720,86255256,no-thp-memory-auto-block2-4-M.txt,TestSharingMappedMemory,,,,,,,,1032,606208,278528,,
0,471896,1187840,2018,3932160,101889,0,19536,released_0,18956288,86265600,no-thp-memory-auto-block2-4-M.txt,TestSharingMappedMemory,,,,,,,,1032,0,0,,
167268,547320,1286144,2125,4038656,102819,36,19536,retained_1,19501056,88841928,no-thp-memory-auto-block2-4-M.txt,TestSharingMappedMemory,,,,,,,,1032,606208,278528,,
0,471896,1187840,2018,4038656,102920,0,19536,released_1,19222528,88852160,no-thp-memory-auto-block2-4-M.txt,TestSharingMappedMemory,,,,,,,,1032,0,0,,
167268,547320,1286144,2125,4161536,103850,36,19536,retained_2,18571264,91428488,no-thp-memory-auto-block2-4-M.txt,TestSharingMappedMemory,,,,,,,,1032,606208,278528,,
0,471896,1187840,2018,4128768,103951,0,19536,released_2,18325504,91438720,no-thp-memory-auto-block2-4-M.txt,TestSharingMappedMemory,,,,,,,,1032,0,0,,
0,278384,811008,750,6848512,5501,0,13728,initial,10940416,493896,no-thp-memory-auto-block3-1-M.txt,TestSharingMemory,True,0,0,0,0,4096,0,,,,,
0,607752,1548288,1069,3555328,64520,0,18932,compile_release_270,19128320,45835976,no-thp-memory-auto-block3-1-M.txt,TestSharingMemory,True,0,0,0,0,4096,0,,,,,
167268,1540168,2367488,1826,3571712,72317,36,18932,retained_0,19238912,51882568,no-thp-memory-auto-block3-1-M.txt,TestSharingMemory,True,0,0,0,0,4096,0,,,,,
0,1537096,2351104,1794,4358144,72560,0,18932,released_0,18452480,51899296,no-thp-memory-auto-block3-1-M.txt,TestSharingMemory,True,0,0,0,0,4096,0,,,,,
167268,1543800,2301952,1831,3137536,80362,36,18932,retained_1,19533824,57946216,no-thp-memory-auto-block3-1-M.txt,TestSharingMemory,True,0,0,0,0,4096,0,,,,,
0,1540952,2293760,1803,4579328,80605,0,18932,released_1,18317312,57963104,no-thp-memory-auto-block3-1-M.txt,TestSharingMemory,True,0,0,0,0,4096,0,,,,,
167268,1546376,2334720,1840,3366912,88400,36,18932,retained_2,19480576,64007432,no-thp-memory-auto-block3-1-M.txt,TestSharingMemory,True,0,0,0,0,4096,0,,,,,
0,1548176,2326528,1814,3760128,88650,0,18932,released_2,19144704,64029896,no-thp-memory-auto-block3-1-M.txt,TestSharingMemory,True,0,0,0,0,4096,0,,,,,
0,333192,925696,941,4612096,88753,0,18932,runtime_released,18321408,64041120,no-thp-memory-auto-block3-1-M.txt,TestSharingMemory,True,0,0,0,0,4096,0,,,,,
0,490296,1105920,2047,5332992,94543,0,18932,initial,17813504,64442720,no-thp-memory-auto-block3-1-M.txt,TestSharingMappedMemory,,,,,,,,1032,0,0,,
0,486704,1081344,2037,3080192,100857,0,19596,compile_release_270,20180992,83692456,no-thp-memory-auto-block3-1-M.txt,TestSharingMappedMemory,,,,,,,,1032,0,0,,
167268,567920,1220608,2161,4120576,101794,36,19724,retained_0,19210240,86272920,no-thp-memory-auto-block3-1-M.txt,TestSharingMappedMemory,,,,,,,,1032,606208,278528,,
0,492496,1122304,2054,4112384,101895,0,19724,released_0,18944000,86283152,no-thp-memory-auto-block3-1-M.txt,TestSharingMappedMemory,,,,,,,,1032,0,0,,
167268,567920,1220608,2161,4120576,102825,36,19724,retained_1,19398656,88859480,no-thp-memory-auto-block3-1-M.txt,TestSharingMappedMemory,,,,,,,,1032,606208,278528,,
0,492512,1122304,2055,4120576,102914,0,19724,released_1,19128320,88867032,no-thp-memory-auto-block3-1-M.txt,TestSharingMappedMemory,,,,,,,,1032,0,0,,
167268,567920,1220608,2161,4161536,103832,36,19724,retained_2,18751488,91440680,no-thp-memory-auto-block3-1-M.txt,TestSharingMappedMemory,,,,,,,,1032,606208,278528,,
0,492512,1122304,2055,4120576,103921,0,19724,released_2,18518016,91448232,no-thp-memory-auto-block3-1-M.txt,TestSharingMappedMemory,,,,,,,,1032,0,0,,
0,278720,933888,753,6660096,5506,0,13704,initial,11202560,494264,no-thp-memory-auto-block3-2-F.txt,TestSharingMemory,True,0,0,0,0,4096,0,,,,,
0,572504,1376256,980,3268608,63671,0,19452,compile_release_270,19542016,30393216,no-thp-memory-auto-block3-2-F.txt,TestSharingMemory,True,0,0,0,0,4096,0,,,,,
134972,1527448,2498560,1808,3342336,71383,36,19452,retained_0,19521536,34356904,no-thp-memory-auto-block3-2-F.txt,TestSharingMemory,True,0,0,0,0,4096,0,,,,,
0,1524552,2482176,1777,4456448,71626,0,19452,released_0,18493440,34373792,no-thp-memory-auto-block3-2-F.txt,TestSharingMemory,True,0,0,0,0,4096,0,,,,,
134972,1528024,2523136,1812,3317760,79340,36,19452,retained_1,19505152,38334752,no-thp-memory-auto-block3-2-F.txt,TestSharingMemory,True,0,0,0,0,4096,0,,,,,
0,1524744,2490368,1777,3645440,79582,0,19452,released_1,19247104,38351464,no-thp-memory-auto-block3-2-F.txt,TestSharingMemory,True,0,0,0,0,4096,0,,,,,
134972,1527832,2539520,1810,2973696,87282,36,19452,retained_2,19914752,42309584,no-thp-memory-auto-block3-2-F.txt,TestSharingMemory,True,0,0,0,0,4096,0,,,,,
0,1524744,2514944,1777,4284416,87524,0,19452,released_2,18604032,42326296,no-thp-memory-auto-block3-2-F.txt,TestSharingMemory,True,0,0,0,0,4096,0,,,,,
0,314800,1032192,905,5070848,87626,0,19452,runtime_released,17944576,42337408,no-thp-memory-auto-block3-2-F.txt,TestSharingMemory,True,0,0,0,0,4096,0,,,,,
0,471904,1212416,2011,5095424,93416,0,19452,initial,18046976,42739008,no-thp-memory-auto-block3-2-F.txt,TestSharingMappedMemory,,,,,,,,1032,0,0,,
0,468328,1187840,2002,3342336,99310,0,19452,compile_release_270,19922944,47916072,no-thp-memory-auto-block3-2-F.txt,TestSharingMappedMemory,,,,,,,,1032,0,0,,
134972,549512,1294336,2124,4456448,100191,36,19592,retained_0,19144704,48620168,no-thp-memory-auto-block3-2-F.txt,TestSharingMappedMemory,,,,,,,,1032,606208,262144,,
0,474104,1204224,2018,5398528,100292,0,19592,released_0,17944576,48630400,no-thp-memory-auto-block3-2-F.txt,TestSharingMappedMemory,,,,,,,,1032,0,0,,
134972,549496,1294336,2123,5398528,101154,36,19592,retained_1,18214912,49327680,no-thp-memory-auto-block3-2-F.txt,TestSharingMappedMemory,,,,,,,,1032,606208,262144,,
0,474104,1204224,2018,5464064,101243,0,19592,released_1,17887232,49335232,no-thp-memory-auto-block3-2-F.txt,TestSharingMappedMemory,,,,,,,,1032,0,0,,
134972,549512,1294336,2124,5644288,102117,36,19592,retained_2,17944576,50035192,no-thp-memory-auto-block3-2-F.txt,TestSharingMappedMemory,,,,,,,,1032,606208,262144,,
0,474104,1204224,2018,5677056,102218,0,19592,released_2,17649664,50045424,no-thp-memory-auto-block3-2-F.txt,TestSharingMappedMemory,,,,,,,,1032,0,0,,
0,278720,933888,753,6660096,5506,0,13728,initial,11284480,494264,no-thp-memory-auto-block3-3-F.txt,TestSharingMemory,True,0,0,0,0,4096,0,,,,,
0,579784,1499136,1002,7249920,63883,0,18736,compile_release_270,19513344,30270064,no-thp-memory-auto-block3-3-F.txt,TestSharingMemory,True,0,0,0,0,4096,0,,,,,
134972,1535640,2498560,1827,7282688,71536,36,18784,retained_0,19607552,34335336,no-thp-memory-auto-block3-3-F.txt,TestSharingMemory,True,0,0,0,0,4096,0,,,,,
0,1532568,2482176,1795,8462336,71779,0,18784,released_0,18436096,34352064,no-thp-memory-auto-block3-3-F.txt,TestSharingMemory,True,0,0,0,0,4096,0,,,,,
134972,1535896,2547712,1833,7110656,79493,36,18784,retained_1,19648512,38313024,no-thp-memory-auto-block3-3-F.txt,TestSharingMemory,True,0,0,0,0,4096,0,,,,,
0,1532616,2531328,1798,8290304,79736,0,18784,released_1,18620416,38329912,no-thp-memory-auto-block3-3-F.txt,TestSharingMemory,True,0,0,0,0,4096,0,,,,,
134972,1535896,2555904,1831,7479296,87450,36,18784,retained_2,19329024,42290888,no-thp-memory-auto-block3-3-F.txt,TestSharingMemory,True,0,0,0,0,4096,0,,,,,
0,1532808,2523136,1798,8265728,87693,0,18784,released_2,18608128,42307776,no-thp-memory-auto-block3-3-F.txt,TestSharingMemory,True,0,0,0,0,4096,0,,,,,
0,322992,1032192,928,8986624,87796,0,18784,runtime_released,17850368,42319000,no-thp-memory-auto-block3-3-F.txt,TestSharingMemory,True,0,0,0,0,4096,0,,,,,
0,480096,1212416,2034,9379840,93586,0,18784,initial,17731584,42720600,no-thp-memory-auto-block3-3-F.txt,TestSharingMappedMemory,,,,,,,,1032,0,0,,
0,476504,1196032,2024,7610368,99480,0,18892,compile_release_270,19623936,47897664,no-thp-memory-auto-block3-3-F.txt,TestSharingMappedMemory,,,,,,,,1032,0,0,,
134972,557704,1310720,2147,8462336,100361,36,19148,retained_0,19079168,48601760,no-thp-memory-auto-block3-3-F.txt,TestSharingMappedMemory,,,,,,,,1032,606208,262144,,
0,482296,1220608,2041,10690560,100462,0,19148,released_0,16588800,48611992,no-thp-memory-auto-block3-3-F.txt,TestSharingMappedMemory,,,,,,,,1032,0,0,,
134972,557704,1310720,2147,10084352,101336,36,19148,retained_1,17420288,49311952,no-thp-memory-auto-block3-3-F.txt,TestSharingMappedMemory,,,,,,,,1032,606208,262144,,
0,482296,1220608,2041,10084352,101437,0,19148,released_1,17158144,49322184,no-thp-memory-auto-block3-3-F.txt,TestSharingMappedMemory,,,,,,,,1032,0,0,,
134972,557704,1310720,2147,10076160,102311,36,19148,retained_2,17448960,50022144,no-thp-memory-auto-block3-3-F.txt,TestSharingMappedMemory,,,,,,,,1032,606208,262144,,
0,482296,1220608,2041,10067968,102412,0,19148,released_2,17199104,50032376,no-thp-memory-auto-block3-3-F.txt,TestSharingMappedMemory,,,,,,,,1032,0,0,,
0,278384,811008,750,6815744,5501,0,13496,initial,11087872,493896,no-thp-memory-auto-block3-4-M.txt,TestSharingMemory,True,0,0,0,0,4096,0,,,,,
0,459712,1220608,968,7512064,64522,0,19080,compile_release_270,19517440,45857200,no-thp-memory-auto-block3-4-M.txt,TestSharingMemory,True,0,0,0,0,4096,0,,,,,
167268,1537184,2301952,1813,7733248,72313,36,19112,retained_0,19329024,51900256,no-thp-memory-auto-block3-4-M.txt,TestSharingMemory,True,0,0,0,0,4096,0,,,,,
0,1534288,2277376,1782,8716288,72556,0,19112,released_0,18345984,51917144,no-thp-memory-auto-block3-4-M.txt,TestSharingMemory,True,0,0,0,0,4096,0,,,,,
167268,1537104,2375680,1808,7716864,80356,36,19112,retained_1,19324928,57961112,no-thp-memory-auto-block3-4-M.txt,TestSharingMemory,True,0,0,0,0,4096,0,,,,,
0,1534256,2342912,1780,9224192,80599,0,19112,released_1,17793024,57978000,no-thp-memory-auto-block3-4-M.txt,TestSharingMemory,True,0,0,0,0,4096,0,,,,,
167268,1539632,2392064,1815,7561216,88410,36,19112,retained_2,19513344,64024864,no-thp-memory-auto-block3-4-M.txt,TestSharingMemory,True,0,0,0,0,4096,0,,,,,
0,1536784,2367488,1787,9134080,88653,0,19112,released_2,17870848,64041752,no-thp-memory-auto-block3-4-M.txt,TestSharingMemory,True,0,0,0,0,4096,0,,,,,
0,321704,909312,914,9527296,88755,0,19112,runtime_released,17719296,64052864,no-thp-memory-auto-block3-4-M.txt,TestSharingMemory,True,0,0,0,0,4096,0,,,,,
0,478808,1089536,2020,9355264,94545,0,19112,initial,17944576,64454464,no-thp-memory-auto-block3-4-M.txt,TestSharingMappedMemory,,,,,,,,1032,0,0,,
0,475216,1064960,2010,7462912,100848,0,19112,compile_release_270,19881984,83701872,no-thp-memory-auto-block3-4-M.txt,TestSharingMappedMemory,,,,,,,,1032,0,0,,
167268,556432,1204224,2134,8347648,101785,36,19112,retained_0,19087360,86282336,no-thp-memory-auto-block3-4-M.txt,TestSharingMappedMemory,,,,,,,,1032,606208,278528,,
0,481008,1105920,2027,8347648,101886,0,19112,released_0,18808832,86292568,no-thp-memory-auto-block3-4-M.txt,TestSharingMappedMemory,,,,,,,,1032,0,0,,
167268,556432,1204224,2134,8404992,102816,36,19112,retained_1,19116032,88868896,no-thp-memory-auto-block3-4-M.txt,TestSharingMappedMemory,,,,,,,,1032,606208,278528,,
0,481024,1105920,2028,8404992,102905,0,19112,released_1,18841600,88876448,no-thp-memory-auto-block3-4-M.txt,TestSharingMappedMemory,,,,,,,,1032,0,0,,
167268,556432,1204224,2134,8404992,103835,36,19112,retained_2,19341312,91452776,no-thp-memory-auto-block3-4-M.txt,TestSharingMappedMemory,,,,,,,,1032,606208,278528,,
0,481008,1105920,2027,8404992,103936,0,19112,released_2,19062784,91463008,no-thp-memory-auto-block3-4-M.txt,TestSharingMappedMemory,,,,,,,,1032,0,0,,
0,213392,704512,726,2818048,5474,0,13688,initial,10862592,428856,no-thp-memory-block1-1-M.txt,TestSharingMemory,True,0,0,0,0,4096,0,,,,,
0,1172640,1908736,1296,3383296,60540,0,18692,compile_release_270,19197952,38199560,no-thp-memory-block1-1-M.txt,TestSharingMemory,True,0,0,0,0,4096,0,,,,,
167268,1557104,2187264,1690,3383296,67811,36,18692,retained_0,19234816,43236848,no-thp-memory-block1-1-M.txt,TestSharingMemory,True,0,0,0,0,4096,0,,,,,
0,1552816,2170880,1663,5283840,68052,0,18692,released_0,17334272,43251336,no-thp-memory-block1-1-M.txt,TestSharingMemory,True,0,0,0,0,4096,0,,,,,
167268,1557120,2170880,1691,3866624,75315,36,18692,retained_1,18591744,48287120,no-thp-memory-block1-1-M.txt,TestSharingMemory,True,0,0,0,0,4096,0,,,,,
0,1552816,2154496,1663,4325376,75555,0,18692,released_1,18235392,48301592,no-thp-memory-block1-1-M.txt,TestSharingMemory,True,0,0,0,0,4096,0,,,,,
167268,1557120,2170880,1691,4096000,82818,36,18692,retained_2,18448384,53337376,no-thp-memory-block1-1-M.txt,TestSharingMemory,True,0,0,0,0,4096,0,,,,,
0,1552816,2154496,1663,4292608,83058,0,18692,released_2,18300928,53351848,no-thp-memory-block1-1-M.txt,TestSharingMemory,True,0,0,0,0,4096,0,,,,,
0,206632,712704,788,5734400,83146,0,18692,runtime_released,17035264,53358984,no-thp-memory-block1-1-M.txt,TestSharingMemory,True,0,0,0,0,4096,0,,,,,
0,363352,892928,1894,5636096,88922,0,18692,initial,17203200,53756224,no-thp-memory-block1-1-M.txt,TestSharingMappedMemory,,,,,,,,1032,0,0,,
0,361296,884736,1884,3227648,95225,0,19448,compile_release_270,19767296,73002400,no-thp-memory-block1-1-M.txt,TestSharingMappedMemory,,,,,,,,1032,0,0,,
167268,439952,991232,1999,4276224,96164,36,19524,retained_0,19128320,75581848,no-thp-memory-block1-1-M.txt,TestSharingMappedMemory,,,,,,,,1032,606208,278528,,
0,365936,901120,1901,6701056,96262,0,19524,released_0,16424960,75589792,no-thp-memory-block1-1-M.txt,TestSharingMappedMemory,,,,,,,,1032,0,0,,
167268,439952,991232,1999,4595712,97182,36,19524,retained_1,17969152,78162424,no-thp-memory-block1-1-M.txt,TestSharingMappedMemory,,,,,,,,1032,606208,278528,,
0,365936,901120,1901,6701056,97280,0,19524,released_1,16429056,78170368,no-thp-memory-block1-1-M.txt,TestSharingMappedMemory,,,,,,,,1032,0,0,,
167268,439952,991232,1999,4538368,98200,36,19524,retained_2,18137088,80743000,no-thp-memory-block1-1-M.txt,TestSharingMappedMemory,,,,,,,,1032,606208,278528,,
0,365936,901120,1901,6692864,98298,0,19524,released_2,16445440,80750944,no-thp-memory-block1-1-M.txt,TestSharingMappedMemory,,,,,,,,1032,0,0,,
0,213408,704512,727,2818048,5477,0,13784,initial,10690560,428904,no-thp-memory-block1-2-F.txt,TestSharingMemory,True,0,0,0,0,4096,0,,,,,
0,1382960,2170880,1483,3366912,60111,0,18456,compile_release_270,18989056,24088072,no-thp-memory-block1-2-F.txt,TestSharingMemory,True,0,0,0,0,4096,0,,,,,
134972,1551776,2269184,1686,3956736,67324,36,18456,retained_0,18432000,27243816,no-thp-memory-block1-2-F.txt,TestSharingMemory,True,0,0,0,0,4096,0,,,,,
0,1547472,2252800,1658,4677632,67564,0,18456,released_0,17711104,27258288,no-thp-memory-block1-2-F.txt,TestSharingMemory,True,0,0,0,0,4096,0,,,,,
134972,1551776,2252800,1686,4169728,74769,36,18456,retained_1,18141184,30412528,no-thp-memory-block1-2-F.txt,TestSharingMemory,True,0,0,0,0,4096,0,,,,,
0,1547472,2236416,1658,4628480,75009,0,18456,released_1,17723392,30427000,no-thp-memory-block1-2-F.txt,TestSharingMemory,True,0,0,0,0,4096,0,,,,,
134972,1551776,2252800,1686,4169728,82214,36,18456,retained_2,18112512,33581240,no-thp-memory-block1-2-F.txt,TestSharingMemory,True,0,0,0,0,4096,0,,,,,
0,1547472,2236416,1658,4628480,82454,0,18456,released_2,17752064,33595712,no-thp-memory-block1-2-F.txt,TestSharingMemory,True,0,0,0,0,4096,0,,,,,
0,206488,712704,788,5611520,82542,0,18456,runtime_released,16830464,33602848,no-thp-memory-block1-2-F.txt,TestSharingMemory,True,0,0,0,0,4096,0,,,,,
0,363208,892928,1894,5513216,88318,0,18456,initial,17039360,34000088,no-thp-memory-block1-2-F.txt,TestSharingMappedMemory,,,,,,,,1032,0,0,,
0,361152,884736,1884,3301376,94201,0,18952,compile_release_270,19521536,39173576,no-thp-memory-block1-2-F.txt,TestSharingMappedMemory,,,,,,,,1032,0,0,,
134972,441200,999424,2007,5398528,95082,36,19208,retained_0,17690624,39876520,no-thp-memory-block1-2-F.txt,TestSharingMappedMemory,,,,,,,,1032,606208,262144,,
0,365808,901120,1902,6381568,95171,0,19208,released_0,16461824,39882920,no-thp-memory-block1-2-F.txt,TestSharingMappedMemory,,,,,,,,1032,0,0,,
134972,441200,999424,2007,6447104,96033,36,19208,retained_1,16670720,40579048,no-thp-memory-block1-2-F.txt,TestSharingMappedMemory,,,,,,,,1032,606208,262144,,
0,365808,901120,1902,6447104,96122,0,19208,released_1,16408576,40585448,no-thp-memory-block1-2-F.txt,TestSharingMappedMemory,,,,,,,,1032,0,0,,
134972,441200,999424,2007,6447104,96984,36,19208,retained_2,16670720,41281576,no-thp-memory-block1-2-F.txt,TestSharingMappedMemory,,,,,,,,1032,606208,262144,,
0,365808,901120,1902,6447104,97073,0,19208,released_2,16408576,41287976,no-thp-memory-block1-2-F.txt,TestSharingMappedMemory,,,,,,,,1032,0,0,,
0,213248,704512,726,2818048,5476,0,13804,initial,10764288,428744,no-thp-memory-block1-3-F.txt,TestSharingMemory,True,0,0,0,0,4096,0,,,,,
0,1530656,2269184,1578,3547136,60111,0,18732,compile_release_270,18853888,24088088,no-thp-memory-block1-3-F.txt,TestSharingMemory,True,0,0,0,0,4096,0,,,,,
134972,1551776,2252800,1686,3874816,67324,36,18732,retained_0,18571264,27243832,no-thp-memory-block1-3-F.txt,TestSharingMemory,True,0,0,0,0,4096,0,,,,,
0,1547472,2236416,1658,4595712,67564,0,18732,released_0,17850368,27258304,no-thp-memory-block1-3-F.txt,TestSharingMemory,True,0,0,0,0,4096,0,,,,,
134972,1551776,2244608,1686,3915776,74769,36,18732,retained_1,18350080,30412544,no-thp-memory-block1-3-F.txt,TestSharingMemory,True,0,0,0,0,4096,0,,,,,
0,1547472,2228224,1658,4636672,75009,0,18732,released_1,17772544,30427016,no-thp-memory-block1-3-F.txt,TestSharingMemory,True,0,0,0,0,4096,0,,,,,
134972,1551776,2244608,1686,4186112,82214,36,18732,retained_2,18149376,33581256,no-thp-memory-block1-3-F.txt,TestSharingMemory,True,0,0,0,0,4096,0,,,,,
0,1547472,2228224,1658,4644864,82454,0,18732,released_2,17776640,33595728,no-thp-memory-block1-3-F.txt,TestSharingMemory,True,0,0,0,0,4096,0,,,,,
0,206488,712704,788,5627904,82542,0,18732,runtime_released,16855040,33602864,no-thp-memory-block1-3-F.txt,TestSharingMemory,True,0,0,0,0,4096,0,,,,,
0,363208,892928,1894,5554176,88318,0,18732,initial,17027072,34000104,no-thp-memory-block1-3-F.txt,TestSharingMappedMemory,,,,,,,,1032,0,0,,
0,361152,884736,1884,3481600,94201,0,18848,compile_release_270,19320832,39173592,no-thp-memory-block1-3-F.txt,TestSharingMappedMemory,,,,,,,,1032,0,0,,
134972,441200,999424,2007,4530176,95082,36,19104,retained_0,18550784,39876536,no-thp-memory-block1-3-F.txt,TestSharingMappedMemory,,,,,,,,1032,606208,262144,,
0,365808,901120,1902,6258688,95171,0,19104,released_0,16564224,39882936,no-thp-memory-block1-3-F.txt,TestSharingMappedMemory,,,,,,,,1032,0,0,,
134972,441200,999424,2007,6430720,96033,36,19104,retained_1,16666624,40579064,no-thp-memory-block1-3-F.txt,TestSharingMappedMemory,,,,,,,,1032,606208,262144,,
0,365808,901120,1902,6430720,96122,0,19104,released_1,16404480,40585464,no-thp-memory-block1-3-F.txt,TestSharingMappedMemory,,,,,,,,1032,0,0,,
134972,441200,999424,2007,6144000,96984,36,19104,retained_2,16945152,41281592,no-thp-memory-block1-3-F.txt,TestSharingMappedMemory,,,,,,,,1032,606208,262144,,
0,365808,901120,1902,6250496,97073,0,19104,released_2,16580608,41287992,no-thp-memory-block1-3-F.txt,TestSharingMappedMemory,,,,,,,,1032,0,0,,
0,213552,704512,727,2818048,5475,0,13800,initial,10850304,429016,no-thp-memory-block1-4-M.txt,TestSharingMemory,True,0,0,0,0,4096,0,,,,,
0,1172656,1925120,1297,3186688,60540,0,18624,compile_release_270,19259392,38199560,no-thp-memory-block1-4-M.txt,TestSharingMemory,True,0,0,0,0,4096,0,,,,,
167268,1557104,2187264,1690,3186688,67811,36,18752,retained_0,19312640,43236848,no-thp-memory-block1-4-M.txt,TestSharingMemory,True,0,0,0,0,4096,0,,,,,
0,1552816,2170880,1663,5283840,68052,0,18752,released_0,17342464,43251336,no-thp-memory-block1-4-M.txt,TestSharingMemory,True,0,0,0,0,4096,0,,,,,
167268,1557120,2170880,1691,3948544,75315,36,18752,retained_1,18513920,48287120,no-thp-memory-block1-4-M.txt,TestSharingMemory,True,0,0,0,0,4096,0,,,,,
0,1552816,2154496,1663,4341760,75555,0,18752,released_1,18223104,48301592,no-thp-memory-block1-4-M.txt,TestSharingMemory,True,0,0,0,0,4096,0,,,,,
167268,1557120,2170880,1691,4104192,82818,36,18752,retained_2,18460672,53337376,no-thp-memory-block1-4-M.txt,TestSharingMemory,True,0,0,0,0,4096,0,,,,,
0,1552816,2154496,1663,4300800,83058,0,18752,released_2,18366464,53351848,no-thp-memory-block1-4-M.txt,TestSharingMemory,True,0,0,0,0,4096,0,,,,,
0,206632,712704,788,5742592,83146,0,18752,runtime_released,17047552,53358984,no-thp-memory-block1-4-M.txt,TestSharingMemory,True,0,0,0,0,4096,0,,,,,
0,363352,892928,1894,5595136,88922,0,18752,initial,17227776,53756224,no-thp-memory-block1-4-M.txt,TestSharingMappedMemory,,,,,,,,1032,0,0,,
0,361280,884736,1883,3342336,95225,0,20348,compile_release_270,19795968,73002400,no-thp-memory-block1-4-M.txt,TestSharingMappedMemory,,,,,,,,1032,0,0,,
167268,439952,991232,1999,4325376,96164,36,20348,retained_0,19107840,75581848,no-thp-memory-block1-4-M.txt,TestSharingMappedMemory,,,,,,,,1032,606208,278528,,
0,365936,901120,1901,6684672,96262,0,20348,released_0,16470016,75589792,no-thp-memory-block1-4-M.txt,TestSharingMappedMemory,,,,,,,,1032,0,0,,
167268,439952,991232,1999,4579328,97182,36,20348,retained_1,18030592,78162424,no-thp-memory-block1-4-M.txt,TestSharingMappedMemory,,,,,,,,1032,606208,278528,,
0,365936,901120,1901,6676480,97280,0,20348,released_1,16490496,78170368,no-thp-memory-block1-4-M.txt,TestSharingMappedMemory,,,,,,,,1032,0,0,,
167268,439952,991232,1999,4587520,98200,36,20348,retained_2,18026496,80743000,no-thp-memory-block1-4-M.txt,TestSharingMappedMemory,,,,,,,,1032,606208,278528,,
0,365936,901120,1901,6676480,98298,0,20348,released_2,16490496,80750944,no-thp-memory-block1-4-M.txt,TestSharingMappedMemory,,,,,,,,1032,0,0,,
0,218808,704512,732,2785280,5480,0,13800,initial,10911744,434272,no-thp-memory-block2-1-M.txt,TestSharingMemory,True,0,0,0,0,4096,0,,,,,
0,740472,1441792,1111,3727360,60546,0,18896,compile_release_270,18882560,38204848,no-thp-memory-block2-1-M.txt,TestSharingMemory,True,0,0,0,0,4096,0,,,,,
167268,1562376,2162688,1696,3588096,67817,36,18896,retained_0,19054592,43242136,no-thp-memory-block2-1-M.txt,TestSharingMemory,True,0,0,0,0,4096,0,,,,,
0,1558072,2146304,1668,5226496,68057,0,18896,released_0,17416192,43256608,no-thp-memory-block2-1-M.txt,TestSharingMemory,True,0,0,0,0,4096,0,,,,,
167268,1562360,2170880,1695,3252224,75320,36,18896,retained_1,18972672,48292392,no-thp-memory-block2-1-M.txt,TestSharingMemory,True,0,0,0,0,4096,0,,,,,
0,1558056,2154496,1667,5046272,75560,0,18896,released_1,17506304,48306864,no-thp-memory-block2-1-M.txt,TestSharingMemory,True,0,0,0,0,4096,0,,,,,
167268,1562360,2138112,1695,3604480,82823,36,18896,retained_2,18477056,53342648,no-thp-memory-block2-1-M.txt,TestSharingMemory,True,0,0,0,0,4096,0,,,,,
0,1558056,2121728,1667,4718592,83063,0,18896,released_2,17829888,53357120,no-thp-memory-block2-1-M.txt,TestSharingMemory,True,0,0,0,0,4096,0,,,,,
0,211888,712704,793,5701632,83151,0,18896,runtime_released,17002496,53364256,no-thp-memory-block2-1-M.txt,TestSharingMemory,True,0,0,0,0,4096,0,,,,,
0,368608,892928,1899,5660672,88927,0,18896,initial,17125376,53761496,no-thp-memory-block2-1-M.txt,TestSharingMappedMemory,,,,,,,,1032,0,0,,
0,366552,884736,1889,3219456,95230,0,19340,compile_release_270,19836928,73007672,no-thp-memory-block2-1-M.txt,TestSharingMappedMemory,,,,,,,,1032,0,0,,
167268,446616,1007616,2013,4202496,96167,36,19596,retained_0,19156992,75586984,no-thp-memory-block2-1-M.txt,TestSharingMappedMemory,,,,,,,,1032,606208,278528,,
0,371208,901120,1907,4202496,96256,0,19596,released_0,18878464,75593384,no-thp-memory-block2-1-M.txt,TestSharingMappedMemory,,,,,,,,1032,0,0,,
167268,446616,1007616,2013,4481024,97174,36,19596,retained_1,18894848,78165880,no-thp-memory-block2-1-M.txt,TestSharingMappedMemory,,,,,,,,1032,606208,278528,,
0,371208,901120,1907,4481024,97263,0,19596,released_1,18616320,78172280,no-thp-memory-block2-1-M.txt,TestSharingMappedMemory,,,,,,,,1032,0,0,,
167268,446616,1007616,2013,4481024,98181,36,19596,retained_2,18907136,80744776,no-thp-memory-block2-1-M.txt,TestSharingMappedMemory,,,,,,,,1032,606208,278528,,
0,371208,901120,1907,4481024,98270,0,19596,released_2,18628608,80751176,no-thp-memory-block2-1-M.txt,TestSharingMappedMemory,,,,,,,,1032,0,0,,
0,218984,704512,734,6979584,5484,0,13804,initial,10780672,434480,no-thp-memory-block2-2-F.txt,TestSharingMemory,True,0,0,0,0,4096,0,,,,,
0,1536248,2252800,1586,7684096,60118,0,18512,compile_release_270,18862080,24093664,no-thp-memory-block2-2-F.txt,TestSharingMemory,True,0,0,0,0,4096,0,,,,,
134972,1557352,2244608,1693,8011776,67331,36,18512,retained_0,18636800,27249408,no-thp-memory-block2-2-F.txt,TestSharingMemory,True,0,0,0,0,4096,0,,,,,
0,1553048,2228224,1665,8798208,67571,0,18512,released_0,17850368,27263880,no-thp-memory-block2-2-F.txt,TestSharingMemory,True,0,0,0,0,4096,0,,,,,
134972,1557352,2260992,1693,8077312,74776,36,18512,retained_1,18391040,30418120,no-thp-memory-block2-2-F.txt,TestSharingMemory,True,0,0,0,0,4096,0,,,,,
0,1553048,2244608,1665,8732672,75016,0,18512,released_1,17891328,30432592,no-thp-memory-block2-2-F.txt,TestSharingMemory,True,0,0,0,0,4096,0,,,,,
134972,1557352,2260992,1693,8134656,82221,36,18512,retained_2,18333696,33586832,no-thp-memory-block2-2-F.txt,TestSharingMemory,True,0,0,0,0,4096,0,,,,,
0,1553048,2244608,1665,8790016,82461,0,18512,released_2,17842176,33601304,no-thp-memory-block2-2-F.txt,TestSharingMemory,True,0,0,0,0,4096,0,,,,,
0,212064,712704,795,9773056,82549,0,18512,runtime_released,16920576,33608440,no-thp-memory-block2-2-F.txt,TestSharingMemory,True,0,0,0,0,4096,0,,,,,
0,368784,892928,1901,9674752,88325,0,18512,initial,17108992,34005680,no-thp-memory-block2-2-F.txt,TestSharingMappedMemory,,,,,,,,1032,0,0,,
0,366728,884736,1891,7610368,94208,0,18848,compile_release_270,19406848,39179184,no-thp-memory-block2-2-F.txt,TestSharingMappedMemory,,,,,,,,1032,0,0,,
134972,446776,999424,2014,8724480,95089,36,19232,retained_0,18579456,39882128,no-thp-memory-block2-2-F.txt,TestSharingMappedMemory,,,,,,,,1032,606208,262144,,
0,371384,901120,1909,10559488,95178,0,19232,released_0,16490496,39888528,no-thp-memory-block2-2-F.txt,TestSharingMappedMemory,,,,,,,,1032,0,0,,
134972,446776,999424,2014,10592256,96040,36,19232,retained_1,16719872,40584656,no-thp-memory-block2-2-F.txt,TestSharingMappedMemory,,,,,,,,1032,606208,262144,,
0,371384,901120,1909,10559488,96129,0,19232,released_1,16490496,40591056,no-thp-memory-block2-2-F.txt,TestSharingMappedMemory,,,,,,,,1032,0,0,,
134972,446776,999424,2014,10592256,96991,36,19232,retained_2,16699392,41287184,no-thp-memory-block2-2-F.txt,TestSharingMappedMemory,,,,,,,,1032,606208,262144,,
0,371384,901120,1909,10592256,97080,0,19232,released_2,16437248,41293584,no-thp-memory-block2-2-F.txt,TestSharingMappedMemory,,,,,,,,1032,0,0,,
0,219304,704512,736,6979584,5486,0,13800,initial,10878976,434800,no-thp-memory-block2-3-F.txt,TestSharingMemory,True,0,0,0,0,4096,0,,,,,
0,1536712,2260992,1588,7659520,60121,0,18660,compile_release_270,19058688,24094144,no-thp-memory-block2-3-F.txt,TestSharingMemory,True,0,0,0,0,4096,0,,,,,
134972,1557832,2236416,1696,7987200,67334,36,18660,retained_0,18747392,27249888,no-thp-memory-block2-3-F.txt,TestSharingMemory,True,0,0,0,0,4096,0,,,,,
0,1553528,2220032,1668,8773632,67574,0,18660,released_0,17960960,27264360,no-thp-memory-block2-3-F.txt,TestSharingMemory,True,0,0,0,0,4096,0,,,,,
134972,1557832,2260992,1696,8306688,74779,36,18660,retained_1,18341888,30418600,no-thp-memory-block2-3-F.txt,TestSharingMemory,True,0,0,0,0,4096,0,,,,,
0,1553528,2244608,1668,8765440,75019,0,18660,released_1,17952768,30433072,no-thp-memory-block2-3-F.txt,TestSharingMemory,True,0,0,0,0,4096,0,,,,,
134972,1557832,2260992,1696,8306688,82224,36,18660,retained_2,18321408,33587312,no-thp-memory-block2-3-F.txt,TestSharingMemory,True,0,0,0,0,4096,0,,,,,
0,1553528,2244608,1668,8765440,82464,0,18660,released_2,17965056,33601784,no-thp-memory-block2-3-F.txt,TestSharingMemory,True,0,0,0,0,4096,0,,,,,
0,212544,712704,798,9814016,82552,0,18660,runtime_released,16986112,33608920,no-thp-memory-block2-3-F.txt,TestSharingMemory,True,0,0,0,0,4096,0,,,,,
0,369264,892928,1904,9633792,88328,0,18660,initial,17248256,34006160,no-thp-memory-block2-3-F.txt,TestSharingMappedMemory,,,,,,,,1032,0,0,,
0,367208,884736,1894,7397376,94211,0,19052,compile_release_270,19738624,39179664,no-thp-memory-block2-3-F.txt,TestSharingMappedMemory,,,,,,,,1032,0,0,,
134972,447256,999424,2017,8708096,95092,36,19308,retained_0,18702336,39882608,no-thp-memory-block2-3-F.txt,TestSharingMappedMemory,,,,,,,,1032,606208,262144,,
0,371864,901120,1912,10543104,95181,0,19308,released_0,16613376,39889008,no-thp-memory-block2-3-F.txt,TestSharingMappedMemory,,,,,,,,1032,0,0,,
134972,447256,999424,2017,10543104,96043,36,19308,retained_1,16879616,40585136,no-thp-memory-block2-3-F.txt,TestSharingMappedMemory,,,,,,,,1032,606208,262144,,
0,371864,901120,1912,10534912,96132,0,19308,released_1,16625664,40591536,no-thp-memory-block2-3-F.txt,TestSharingMappedMemory,,,,,,,,1032,0,0,,
134972,447256,999424,2017,10534912,96994,36,19308,retained_2,16891904,41287664,no-thp-memory-block2-3-F.txt,TestSharingMappedMemory,,,,,,,,1032,606208,262144,,
0,371864,901120,1912,10534912,97083,0,19308,released_2,16629760,41294064,no-thp-memory-block2-3-F.txt,TestSharingMappedMemory,,,,,,,,1032,0,0,,
0,213552,704512,727,2818048,5475,0,13800,initial,10850304,429016,no-thp-memory-block2-4-M.txt,TestSharingMemory,True,0,0,0,0,4096,0,,,,,
0,735536,1433600,1108,3760128,60543,0,18804,compile_release_270,18825216,38199928,no-thp-memory-block2-4-M.txt,TestSharingMemory,True,0,0,0,0,4096,0,,,,,
167268,1557440,2154496,1693,3555328,67814,36,18804,retained_0,19066880,43237216,no-thp-memory-block2-4-M.txt,TestSharingMemory,True,0,0,0,0,4096,0,,,,,
0,1553136,2138112,1665,5259264,68054,0,18804,released_0,17362944,43251688,no-thp-memory-block2-4-M.txt,TestSharingMemory,True,0,0,0,0,4096,0,,,,,
167268,1557424,2170880,1692,3284992,75317,36,18804,retained_1,18771968,48287472,no-thp-memory-block2-4-M.txt,TestSharingMemory,True,0,0,0,0,4096,0,,,,,
0,1553120,2154496,1664,5120000,75557,0,18804,released_1,17436672,48301944,no-thp-memory-block2-4-M.txt,TestSharingMemory,True,0,0,0,0,4096,0,,,,,
167268,1557424,2146304,1692,3760128,82820,36,18804,retained_2,18341888,53337728,no-thp-memory-block2-4-M.txt,TestSharingMemory,True,0,0,0,0,4096,0,,,,,
0,1553120,2129920,1664,4743168,83060,0,18804,released_2,17846272,53352200,no-thp-memory-block2-4-M.txt,TestSharingMemory,True,0,0,0,0,4096,0,,,,,
0,206952,712704,790,5726208,83148,0,18804,runtime_released,17014784,53359336,no-thp-memory-block2-4-M.txt,TestSharingMemory,True,0,0,0,0,4096,0,,,,,
0,363672,892928,1896,5578752,88924,0,18804,initial,17203200,53756576,no-thp-memory-block2-4-M.txt,TestSharingMappedMemory,,,,,,,,1032,0,0,,
0,361616,884736,1886,3203072,95227,0,19236,compile_release_270,19869696,73002752,no-thp-memory-block2-4-M.txt,TestSharingMappedMemory,,,,,,,,1032,0,0,,
167268,440272,991232,2001,4317184,96166,36,19492,retained_0,19050496,75582200,no-thp-memory-block2-4-M.txt,TestSharingMappedMemory,,,,,,,,1032,606208,278528,,
0,366256,901120,1903,6676480,96264,0,19492,released_0,16412672,75590144,no-thp-memory-block2-4-M.txt,TestSharingMappedMemory,,,,,,,,1032,0,0,,
167268,440272,991232,2001,4538368,97184,36,19492,retained_1,18075648,78162776,no-thp-memory-block2-4-M.txt,TestSharingMappedMemory,,,,,,,,1032,606208,278528,,
0,366256,901120,1903,6676480,97282,0,19492,released_1,16384000,78170720,no-thp-memory-block2-4-M.txt,TestSharingMappedMemory,,,,,,,,1032,0,0,,
167268,440272,991232,2001,4587520,98202,36,19492,retained_2,18055168,80743352,no-thp-memory-block2-4-M.txt,TestSharingMappedMemory,,,,,,,,1032,606208,278528,,
0,366256,901120,1903,6684672,98300,0,19492,released_2,16420864,80751296,no-thp-memory-block2-4-M.txt,TestSharingMappedMemory,,,,,,,,1032,0,0,,
0,213712,704512,728,2818048,5476,0,13676,initial,10809344,429176,no-thp-memory-block3-1-M.txt,TestSharingMemory,True,0,0,0,0,4096,0,,,,,
0,1172960,1925120,1298,3407872,60542,0,18640,compile_release_270,19132416,38199880,no-thp-memory-block3-1-M.txt,TestSharingMemory,True,0,0,0,0,4096,0,,,,,
167268,1557424,2187264,1692,3407872,67813,36,18640,retained_0,19177472,43237168,no-thp-memory-block3-1-M.txt,TestSharingMemory,True,0,0,0,0,4096,0,,,,,
0,1553136,2170880,1665,5242880,68054,0,18640,released_0,17342464,43251656,no-thp-memory-block3-1-M.txt,TestSharingMemory,True,0,0,0,0,4096,0,,,,,
167268,1557440,2170880,1693,3883008,75317,36,18640,retained_1,18526208,48287440,no-thp-memory-block3-1-M.txt,TestSharingMemory,True,0,0,0,0,4096,0,,,,,
0,1553136,2154496,1665,4341760,75557,0,18640,released_1,18169856,48301912,no-thp-memory-block3-1-M.txt,TestSharingMemory,True,0,0,0,0,4096,0,,,,,
167268,1557440,2170880,1693,4161536,82820,36,18640,retained_2,18345984,53337696,no-thp-memory-block3-1-M.txt,TestSharingMemory,True,0,0,0,0,4096,0,,,,,
0,1553136,2154496,1665,4292608,83060,0,18640,released_2,18313216,53352168,no-thp-memory-block3-1-M.txt,TestSharingMemory,True,0,0,0,0,4096,0,,,,,
0,206952,712704,790,5734400,83148,0,18640,runtime_released,16998400,53359304,no-thp-memory-block3-1-M.txt,TestSharingMemory,True,0,0,0,0,4096,0,,,,,
0,363672,892928,1896,5619712,88924,0,18640,initial,17170432,53756544,no-thp-memory-block3-1-M.txt,TestSharingMappedMemory,,,,,,,,1032,0,0,,
0,361616,884736,1886,3293184,95227,0,19732,compile_release_270,19734528,73002720,no-thp-memory-block3-1-M.txt,TestSharingMappedMemory,,,,,,,,1032,0,0,,
167268,440272,991232,2001,4276224,96166,36,19732,retained_0,19050496,75582168,no-thp-memory-block3-1-M.txt,TestSharingMappedMemory,,,,,,,,1032,606208,278528,,
0,366256,901120,1903,6701056,96264,0,19732,released_0,16347136,75590112,no-thp-memory-block3-1-M.txt,TestSharingMappedMemory,,,,,,,,1032,0,0,,
167268,440272,991232,2001,4554752,97184,36,19732,retained_1,17936384,78162744,no-thp-memory-block3-1-M.txt,TestSharingMappedMemory,,,,,,,,1032,606208,278528,,
0,366256,901120,1903,6692864,97282,0,19732,released_1,16359424,78170688,no-thp-memory-block3-1-M.txt,TestSharingMappedMemory,,,,,,,,1032,0,0,,
167268,440272,991232,2001,4579328,98202,36,19732,retained_2,17928192,80743320,no-thp-memory-block3-1-M.txt,TestSharingMappedMemory,,,,,,,,1032,606208,278528,,
0,366256,901120,1903,6668288,98300,0,19732,released_2,16392192,80751264,no-thp-memory-block3-1-M.txt,TestSharingMappedMemory,,,,,,,,1032,0,0,,
0,218984,704512,734,6979584,5484,0,13720,initial,10719232,434480,no-thp-memory-block3-2-F.txt,TestSharingMemory,True,0,0,0,0,4096,0,,,,,
0,1536408,2293760,1587,7692288,60119,0,18580,compile_release_270,18935808,24093824,no-thp-memory-block3-2-F.txt,TestSharingMemory,True,0,0,0,0,4096,0,,,,,
134972,1557512,2252800,1694,7954432,67332,36,18580,retained_0,18706432,27249568,no-thp-memory-block3-2-F.txt,TestSharingMemory,True,0,0,0,0,4096,0,,,,,
0,1553208,2236416,1666,8740864,67572,0,18580,released_0,17924096,27264040,no-thp-memory-block3-2-F.txt,TestSharingMemory,True,0,0,0,0,4096,0,,,,,
134972,1557512,2269184,1694,8331264,74777,36,18580,retained_1,18247680,30418280,no-thp-memory-block3-2-F.txt,TestSharingMemory,True,0,0,0,0,4096,0,,,,,
0,1553208,2252800,1666,8724480,75017,0,18580,released_1,17907712,30432752,no-thp-memory-block3-2-F.txt,TestSharingMemory,True,0,0,0,0,4096,0,,,,,
134972,1557512,2269184,1694,8290304,82222,36,18580,retained_2,18255872,33586992,no-thp-memory-block3-2-F.txt,TestSharingMemory,True,0,0,0,0,4096,0,,,,,
0,1553208,2252800,1666,8749056,82462,0,18580,released_2,17895424,33601464,no-thp-memory-block3-2-F.txt,TestSharingMemory,True,0,0,0,0,4096,0,,,,,
0,212224,712704,796,9797632,82550,0,18580,runtime_released,16908288,33608600,no-thp-memory-block3-2-F.txt,TestSharingMemory,True,0,0,0,0,4096,0,,,,,
0,368944,892928,1902,9674752,88326,0,18580,initial,17113088,34005840,no-thp-memory-block3-2-F.txt,TestSharingMappedMemory,,,,,,,,1032,0,0,,
0,366888,884736,1892,7618560,94209,0,19000,compile_release_270,19476480,39179344,no-thp-memory-block3-2-F.txt,TestSharingMappedMemory,,,,,,,,1032,0,0,,
134972,446936,999424,2015,8732672,95090,36,19256,retained_0,18644992,39882288,no-thp-memory-block3-2-F.txt,TestSharingMappedMemory,,,,,,,,1032,606208,262144,,
0,371544,901120,1910,10502144,95179,0,19256,released_0,16617472,39888688,no-thp-memory-block3-2-F.txt,TestSharingMappedMemory,,,,,,,,1032,0,0,,
134972,446936,999424,2015,10559488,96041,36,19256,retained_1,16822272,40584816,no-thp-memory-block3-2-F.txt,TestSharingMappedMemory,,,,,,,,1032,606208,262144,,
0,371544,901120,1910,10526720,96130,0,19256,released_1,16592896,40591216,no-thp-memory-block3-2-F.txt,TestSharingMappedMemory,,,,,,,,1032,0,0,,
134972,446936,999424,2015,10280960,96992,36,19256,retained_2,17084416,41287344,no-thp-memory-block3-2-F.txt,TestSharingMappedMemory,,,,,,,,1032,606208,262144,,
0,371544,901120,1910,10502144,97081,0,19256,released_2,16621568,41293744,no-thp-memory-block3-2-F.txt,TestSharingMappedMemory,,,,,,,,1032,0,0,,
0,213248,704512,726,2818048,5476,0,13572,initial,10760192,428744,no-thp-memory-block3-3-F.txt,TestSharingMemory,True,0,0,0,0,4096,0,,,,,
0,1530832,2301952,1580,3489792,60112,0,18672,compile_release_270,18944000,24088232,no-thp-memory-block3-3-F.txt,TestSharingMemory,True,0,0,0,0,4096,0,,,,,
134972,1551936,2252800,1687,3817472,67325,36,18672,retained_0,18649088,27243976,no-thp-memory-block3-3-F.txt,TestSharingMemory,True,0,0,0,0,4096,0,,,,,
0,1547632,2236416,1659,4603904,67565,0,18672,released_0,17862656,27258448,no-thp-memory-block3-3-F.txt,TestSharingMemory,True,0,0,0,0,4096,0,,,,,
134972,1551936,2277376,1687,3973120,74770,36,18672,retained_1,18362368,30412688,no-thp-memory-block3-3-F.txt,TestSharingMemory,True,0,0,0,0,4096,0,,,,,
0,1547632,2260992,1659,4562944,75010,0,18672,released_1,17887232,30427160,no-thp-memory-block3-3-F.txt,TestSharingMemory,True,0,0,0,0,4096,0,,,,,
134972,1551936,2269184,1687,4071424,82215,36,18672,retained_2,18231296,33581400,no-thp-memory-block3-3-F.txt,TestSharingMemory,True,0,0,0,0,4096,0,,,,,
0,1547632,2252800,1659,4595712,82455,0,18672,released_2,17858560,33595872,no-thp-memory-block3-3-F.txt,TestSharingMemory,True,0,0,0,0,4096,0,,,,,
0,206648,712704,789,5644288,82543,0,18672,runtime_released,16871424,33603008,no-thp-memory-block3-3-F.txt,TestSharingMemory,True,0,0,0,0,4096,0,,,,,
0,363368,892928,1895,5496832,88319,0,18672,initial,17080320,34000248,no-thp-memory-block3-3-F.txt,TestSharingMappedMemory,,,,,,,,1032,0,0,,
0,361312,884736,1885,3579904,94202,0,18736,compile_release_270,19288064,39173736,no-thp-memory-block3-3-F.txt,TestSharingMappedMemory,,,,,,,,1032,0,0,,
134972,441360,999424,2008,4694016,95083,36,18992,retained_0,18440192,39876680,no-thp-memory-block3-3-F.txt,TestSharingMappedMemory,,,,,,,,1032,606208,262144,,
0,365968,901120,1903,6397952,95172,0,18992,released_0,16478208,39883080,no-thp-memory-block3-3-F.txt,TestSharingMappedMemory,,,,,,,,1032,0,0,,
134972,441360,999424,2008,6397952,96034,36,18992,retained_1,16752640,40579208,no-thp-memory-block3-3-F.txt,TestSharingMappedMemory,,,,,,,,1032,606208,262144,,
0,365968,901120,1903,6365184,96123,0,18992,released_1,16523264,40585608,no-thp-memory-block3-3-F.txt,TestSharingMappedMemory,,,,,,,,1032,0,0,,
134972,441360,999424,2008,6381568,96985,36,18992,retained_2,16756736,41281736,no-thp-memory-block3-3-F.txt,TestSharingMappedMemory,,,,,,,,1032,606208,262144,,
0,365968,901120,1903,6381568,97074,0,18992,released_2,16494592,41288136,no-thp-memory-block3-3-F.txt,TestSharingMappedMemory,,,,,,,,1032,0,0,,
0,218968,704512,733,2785280,5481,0,13624,initial,10907648,434432,no-thp-memory-block3-4-M.txt,TestSharingMemory,True,0,0,0,0,4096,0,,,,,
0,749912,1417216,1136,3719168,60547,0,18768,compile_release_270,18923520,38205024,no-thp-memory-block3-4-M.txt,TestSharingMemory,True,0,0,0,0,4096,0,,,,,
167268,1562536,2162688,1697,3563520,67818,36,18768,retained_0,19120128,43242312,no-thp-memory-block3-4-M.txt,TestSharingMemory,True,0,0,0,0,4096,0,,,,,
0,1558232,2146304,1669,5201920,68058,0,18768,released_0,17481728,43256784,no-thp-memory-block3-4-M.txt,TestSharingMemory,True,0,0,0,0,4096,0,,,,,
167268,1562520,2179072,1696,3244032,75321,36,18768,retained_1,19042304,48292568,no-thp-memory-block3-4-M.txt,TestSharingMemory,True,0,0,0,0,4096,0,,,,,
0,1558216,2162688,1668,5013504,75561,0,18768,released_1,17502208,48307040,no-thp-memory-block3-4-M.txt,TestSharingMemory,True,0,0,0,0,4096,0,,,,,
167268,1562520,2179072,1696,3211264,82824,36,18768,retained_2,19116032,53342824,no-thp-memory-block3-4-M.txt,TestSharingMemory,True,0,0,0,0,4096,0,,,,,
0,1558216,2162688,1668,5111808,83064,0,18768,released_2,17543168,53357296,no-thp-memory-block3-4-M.txt,TestSharingMemory,True,0,0,0,0,4096,0,,,,,
0,212048,712704,794,5701632,83152,0,18768,runtime_released,17076224,53364432,no-thp-memory-block3-4-M.txt,TestSharingMemory,True,0,0,0,0,4096,0,,,,,
0,368768,892928,1900,5496832,88928,0,18768,initial,17289216,53761672,no-thp-memory-block3-4-M.txt,TestSharingMappedMemory,,,,,,,,1032,0,0,,
0,366712,884736,1890,3342336,95231,0,19268,compile_release_270,19804160,73007832,no-thp-memory-block3-4-M.txt,TestSharingMappedMemory,,,,,,,,1032,0,0,,
167268,445368,991232,2005,4259840,96170,36,19524,retained_0,19193856,75587280,no-thp-memory-block3-4-M.txt,TestSharingMappedMemory,,,,,,,,1032,606208,278528,,
0,371352,901120,1907,6684672,96268,0,19524,released_0,16490496,75595224,no-thp-memory-block3-4-M.txt,TestSharingMappedMemory,,,,,,,,1032,0,0,,
167268,445368,991232,2005,4546560,97188,36,19524,retained_1,18276352,78167856,no-thp-memory-block3-4-M.txt,TestSharingMappedMemory,,,,,,,,1032,606208,278528,,
0,371352,901120,1907,6684672,97286,0,19524,released_1,16494592,78175800,no-thp-memory-block3-4-M.txt,TestSharingMappedMemory,,,,,,,,1032,0,0,,
167268,445368,991232,2005,4546560,98206,36,19524,retained_2,18186240,80748432,no-thp-memory-block3-4-M.txt,TestSharingMappedMemory,,,,,,,,1032,606208,278528,,
0,371352,901120,1907,6692864,98304,0,19524,released_2,16490496,80756376,no-thp-memory-block3-4-M.txt,TestSharingMappedMemory,,,,,,,,1032,0,0,,
0,181992,598016,461,6914048,5014,0,13584,initial,5857280,386688,no-thp-runtime-auto-block1-1-M.txt,RuntimeMemory,True,0,0,0,0,4096,0,,,,4128,0
0,698328,1482752,916,7266304,64007,0,13584,compile_release_270,14110720,45825624,no-thp-runtime-auto-block1-1-M.txt,RuntimeMemory,True,0,0,0,0,4096,0,,,,4128,0
167268,1284608,2105344,1810,7364608,72491,36,14412,retained_0,15032320,52006720,no-thp-runtime-auto-block1-1-M.txt,RuntimeMemory,True,36,0,36,36,4096,36,,,,4128,36
0,1194520,1990656,1530,8871936,72832,0,14516,released_0,12984320,52032352,no-thp-runtime-auto-block1-1-M.txt,RuntimeMemory,True,0,1,1,36,4096,1,,,,4128,0
167268,1286864,2056192,1817,7585792,81284,36,14516,retained_1,14962688,58186144,no-thp-runtime-auto-block1-1-M.txt,RuntimeMemory,True,36,0,36,36,4096,36,,,,4128,36
0,1196440,1957888,1534,9027584,81623,0,14516,released_1,12726272,58211456,no-thp-runtime-auto-block1-1-M.txt,RuntimeMemory,True,0,1,1,36,4096,1,,,,4128,0
167268,1294304,2056192,1837,7520256,90072,36,14516,retained_2,14897152,64368776,no-thp-runtime-auto-block1-1-M.txt,RuntimeMemory,True,36,0,36,36,4096,36,,,,4128,36
0,1203656,1933312,1550,8830976,90411,0,14516,released_2,13017088,64394088,no-thp-runtime-auto-block1-1-M.txt,RuntimeMemory,True,0,1,1,36,4096,1,,,,4128,0
0,274056,851968,663,9486336,90497,0,14516,runtime_released,12308480,64400216,no-thp-runtime-auto-block1-1-M.txt,RuntimeMemory,True,0,1,1,36,4096,1,,,,4128,0
0,181848,598016,461,6914048,5014,0,13716,initial,6254592,386544,no-thp-runtime-auto-block1-2-F.txt,RuntimeMemory,True,0,0,0,0,4096,0,,,,4128,0
0,248376,794624,642,8003584,63329,0,13716,compile_release_270,13369344,30199528,no-thp-runtime-auto-block1-2-F.txt,RuntimeMemory,True,0,0,0,0,4096,0,,,,4128,0
134972,1272584,2129920,1790,7438336,71738,36,14048,retained_0,14704640,34298928,no-thp-runtime-auto-block1-2-F.txt,RuntimeMemory,True,36,0,36,36,4096,36,,,,4128,36
0,1182256,1998848,1505,7438336,72077,0,14176,released_0,14094336,34324368,no-thp-runtime-auto-block1-2-F.txt,RuntimeMemory,True,0,1,1,36,4096,1,,,,4128,0
134972,1284728,2048000,1810,7069696,80449,36,14688,retained_1,14962688,38423800,no-thp-runtime-auto-block1-2-F.txt,RuntimeMemory,True,36,0,36,36,4096,36,,,,4128,36
0,1199672,1949696,1536,8970240,80794,0,14688,released_1,12681216,38454432,no-thp-runtime-auto-block1-2-F.txt,RuntimeMemory,True,0,1,1,36,4096,1,,,,4128,0
134972,1296928,2203648,1843,7184384,89174,36,14688,retained_2,14925824,42530344,no-thp-runtime-auto-block1-2-F.txt,RuntimeMemory,True,36,0,36,36,4096,36,,,,4128,36
0,1206072,2039808,1553,8298496,89511,0,14688,released_2,13307904,42555464,no-thp-runtime-auto-block1-2-F.txt,RuntimeMemory,True,0,1,1,36,4096,1,,,,4128,0
0,276520,843776,669,9019392,89597,0,14688,runtime_released,12591104,42561592,no-thp-runtime-auto-block1-2-F.txt,RuntimeMemory,True,0,1,1,36,4096,1,,,,4128,0
0,182008,598016,462,2719744,5015,0,13800,initial,6254592,386704,no-thp-runtime-auto-block1-3-F.txt,RuntimeMemory,True,0,0,0,0,4096,0,,,,4128,0
0,803472,1687552,914,3276800,63289,0,13940,compile_release_270,14045184,30222664,no-thp-runtime-auto-block1-3-F.txt,RuntimeMemory,True,0,0,0,0,4096,0,,,,4128,0
134972,1272680,2129920,1790,3268608,71707,36,14484,retained_0,15007744,34324792,no-thp-runtime-auto-block1-3-F.txt,RuntimeMemory,True,36,0,36,36,4096,36,,,,4128,36
0,1182352,1982464,1505,4513792,72048,0,14484,released_0,13025280,34350424,no-thp-runtime-auto-block1-3-F.txt,RuntimeMemory,True,0,1,1,36,4096,1,,,,4128,0
134972,1275112,2203648,1798,2809856,80416,36,14600,retained_1,15343616,38421744,no-thp-runtime-auto-block1-3-F.txt,RuntimeMemory,True,36,0,36,36,4096,36,,,,4128,36
0,1184288,2048000,1510,4055040,80754,0,14600,released_1,13570048,38446880,no-thp-runtime-auto-block1-3-F.txt,RuntimeMemory,True,0,1,1,36,4096,1,,,,4128,0
134972,1278824,2187264,1808,3112960,89130,36,14600,retained_2,15036416,42520472,no-thp-runtime-auto-block1-3-F.txt,RuntimeMemory,True,36,0,36,36,4096,36,,,,4128,36
0,1188176,2039808,1521,4554752,89467,0,14600,released_2,13021184,42545592,no-thp-runtime-auto-block1-3-F.txt,RuntimeMemory,True,0,1,1,36,4096,1,,,,4128,0
0,258736,851968,638,5455872,89554,0,14600,runtime_released,12279808,42551832,no-thp-runtime-auto-block1-3-F.txt,RuntimeMemory,True,0,1,1,36,4096,1,,,,4128,0
0,181992,704512,461,6733824,5014,0,13736,initial,6029312,386688,no-thp-runtime-auto-block1-4-M.txt,RuntimeMemory,True,0,0,0,0,4096,0,,,,4128,0
0,493376,1310720,683,7528448,64004,0,13736,compile_release_270,13848576,45726232,no-thp-runtime-auto-block1-4-M.txt,RuntimeMemory,True,0,0,0,0,4096,0,,,,4128,0
167268,1269736,2072576,1784,7561216,72510,36,14104,retained_0,14704640,51916544,no-thp-runtime-auto-block1-4-M.txt,RuntimeMemory,True,36,0,36,36,4096,36,,,,4128,36
0,1179648,1990656,1504,9068544,72851,0,14104,released_0,12632064,51942176,no-thp-runtime-auto-block1-4-M.txt,RuntimeMemory,True,0,1,1,36,4096,1,,,,4128,0
167268,1274184,2113536,1796,7274496,81313,36,14492,retained_1,15183872,58098416,no-thp-runtime-auto-block1-4-M.txt,RuntimeMemory,True,36,0,36,36,4096,36,,,,4128,36
0,1183568,2007040,1511,9445376,81651,0,14492,released_1,12423168,58123552,no-thp-runtime-auto-block1-4-M.txt,RuntimeMemory,True,0,1,1,36,4096,1,,,,4128,0
167268,1273960,2211840,1792,7249920,90100,36,14576,retained_2,15269888,64275456,no-thp-runtime-auto-block1-4-M.txt,RuntimeMemory,True,36,0,36,36,4096,36,,,,4128,36
0,1183568,2080768,1511,8101888,90439,0,14576,released_2,13627392,64300768,no-thp-runtime-auto-block1-4-M.txt,RuntimeMemory,True,0,1,1,36,4096,1,,,,4128,0
0,259336,909312,633,9281536,90531,0,14576,runtime_released,12578816,64312216,no-thp-runtime-auto-block1-4-M.txt,RuntimeMemory,True,0,1,1,36,4096,1,,,,4128,0
0,181992,598016,461,2719744,5014,0,13656,initial,5906432,386688,no-thp-runtime-auto-block2-1-M.txt,RuntimeMemory,True,0,0,0,0,4096,0,,,,4128,0
0,531720,1277952,773,3031040,64019,0,13656,compile_release_270,13864960,45736160,no-thp-runtime-auto-block2-1-M.txt,RuntimeMemory,True,0,0,0,0,4096,0,,,,4128,0
167268,1271616,2072576,1791,3309568,72512,36,14544,retained_0,14897152,51917848,no-thp-runtime-auto-block2-1-M.txt,RuntimeMemory,True,36,0,36,36,4096,36,,,,4128,36
0,1181480,1957888,1508,4685824,72851,0,14544,released_0,12640256,51943288,no-thp-runtime-auto-block2-1-M.txt,RuntimeMemory,True,0,1,1,36,4096,1,,,,4128,0
167268,1272176,2056192,1792,3416064,81309,36,14544,retained_1,14782464,58095928,no-thp-runtime-auto-block2-1-M.txt,RuntimeMemory,True,36,0,36,36,4096,36,,,,4128,36
0,1181544,1941504,1506,4661248,81648,0,14544,released_1,12943360,58121240,no-thp-runtime-auto-block2-1-M.txt,RuntimeMemory,True,0,1,1,36,4096,1,,,,4128,0
167268,1272192,2146304,1793,3170304,90082,36,14544,retained_2,15097856,64271376,no-thp-runtime-auto-block2-1-M.txt,RuntimeMemory,True,36,0,36,36,4096,36,,,,4128,36
0,1181576,1998848,1508,4481024,90419,0,14544,released_2,13156352,64296496,no-thp-runtime-auto-block2-1-M.txt,RuntimeMemory,True,0,1,1,36,4096,1,,,,4128,0
0,251992,819200,622,5464064,90505,0,14544,runtime_released,12349440,64302624,no-thp-runtime-auto-block2-1-M.txt,RuntimeMemory,True,0,1,1,36,4096,1,,,,4128,0
0,182008,598016,462,2719744,5015,0,13800,initial,6254592,386704,no-thp-runtime-auto-block2-2-F.txt,RuntimeMemory,True,0,0,0,0,4096,0,,,,4128,0
0,684040,1482752,888,3416064,63390,0,13800,compile_release_270,13717504,30118440,no-thp-runtime-auto-block2-2-F.txt,RuntimeMemory,True,0,0,0,0,4096,0,,,,4128,0
134972,1273136,2129920,1789,3538944,71808,36,14016,retained_0,14508032,34219832,no-thp-runtime-auto-block2-2-F.txt,RuntimeMemory,True,36,0,36,36,4096,36,,,,4128,36
0,1182632,1998848,1503,4456448,72147,0,14136,released_0,13000704,34245272,no-thp-runtime-auto-block2-2-F.txt,RuntimeMemory,True,0,1,1,36,4096,1,,,,4128,0
134972,1274032,2170880,1789,3645440,80503,36,14540,retained_1,14622720,38314544,no-thp-runtime-auto-block2-2-F.txt,RuntimeMemory,True,36,0,36,36,4096,36,,,,4128,36
0,1183624,2031616,1507,5087232,80842,0,14540,released_1,12333056,38339856,no-thp-runtime-auto-block2-2-F.txt,RuntimeMemory,True,0,1,1,36,4096,1,,,,4128,0
134972,1274528,2179072,1798,3039232,89217,36,14540,retained_2,15081472,42410024,no-thp-runtime-auto-block2-2-F.txt,RuntimeMemory,True,36,0,36,36,4096,36,,,,4128,36
0,1183848,2031616,1509,4415488,89556,0,14540,released_2,13144064,42435336,no-thp-runtime-auto-block2-2-F.txt,RuntimeMemory,True,0,1,1,36,4096,1,,,,4128,0
0,254408,843776,626,5267456,89643,0,14540,runtime_released,12328960,42441576,no-thp-runtime-auto-block2-2-F.txt,RuntimeMemory,True,0,1,1,36,4096,1,,,,4128,0
0,181848,598016,461,6914048,5014,0,13692,initial,6266880,386544,no-thp-runtime-auto-block2-3-F.txt,RuntimeMemory,True,0,0,0,0,4096,0,,,,4128,0
0,816952,1785856,936,7331840,63397,0,13848,compile_release_270,13987840,30129120,no-thp-runtime-auto-block2-3-F.txt,RuntimeMemory,True,0,0,0,0,4096,0,,,,4128,0
134972,1283808,2277376,1810,7151616,71795,36,14796,retained_0,15175680,34227520,no-thp-runtime-auto-block2-3-F.txt,RuntimeMemory,True,36,0,36,36,4096,36,,,,4128,36
0,1193288,2105344,1523,9379840,72137,0,14796,released_0,12353536,34253168,no-thp-runtime-auto-block2-3-F.txt,RuntimeMemory,True,0,1,1,36,4096,1,,,,4128,0
134972,1284688,2187264,1819,7208960,80504,36,14796,retained_1,15097856,38322888,no-thp-runtime-auto-block2-3-F.txt,RuntimeMemory,True,36,0,36,36,4096,36,,,,4128,36
0,1193640,2023424,1527,8126464,80841,0,14796,released_1,13590528,38348008,no-thp-runtime-auto-block2-3-F.txt,RuntimeMemory,True,0,1,1,36,4096,1,,,,4128,0
134972,1284416,2129920,1812,7356416,89204,36,14796,retained_2,15007744,42417392,no-thp-runtime-auto-block2-3-F.txt,RuntimeMemory,True,36,0,36,36,4096,36,,,,4128,36
0,1193592,1982464,1524,8536064,89543,0,14796,released_2,13225984,42442704,no-thp-runtime-auto-block2-3-F.txt,RuntimeMemory,True,0,1,1,36,4096,1,,,,4128,0
0,264088,843776,643,9519104,89629,0,14796,runtime_released,12247040,42448832,no-thp-runtime-auto-block2-3-F.txt,RuntimeMemory,True,0,1,1,36,4096,1,,,,4128,0
0,182472,598016,464,6914048,5017,0,13644,initial,5898240,387168,no-thp-runtime-auto-block2-4-M.txt,RuntimeMemory,True,0,0,0,0,4096,0,,,,4128,0
0,375744,974848,662,7413760,64016,0,13644,compile_release_270,14077952,45729960,no-thp-runtime-auto-block2-4-M.txt,RuntimeMemory,True,0,0,0,0,4096,0,,,,4128,0
167268,1265288,2064384,1785,7733248,72516,36,14168,retained_0,14819328,51912272,no-thp-runtime-auto-block2-4-M.txt,RuntimeMemory,True,36,0,36,36,4096,36,,,,4128,36
0,1175152,1949696,1502,8716288,72857,0,14168,released_0,13053952,51937904,no-thp-runtime-auto-block2-4-M.txt,RuntimeMemory,True,0,1,1,36,4096,1,,,,4128,0
167268,1266008,2162688,1783,7225344,81294,36,14340,retained_1,15163392,58089600,no-thp-runtime-auto-block2-4-M.txt,RuntimeMemory,True,36,0,36,36,4096,36,,,,4128,36
0,1175584,2031616,1500,8798208,81633,0,14468,released_1,12890112,58114912,no-thp-runtime-auto-block2-4-M.txt,RuntimeMemory,True,0,1,1,36,4096,1,,,,4128,0
167268,1267192,2129920,1789,7372800,90048,36,14592,retained_2,15253504,64264648,no-thp-runtime-auto-block2-4-M.txt,RuntimeMemory,True,36,0,36,36,4096,36,,,,4128,36
0,1176576,2023424,1504,8019968,90387,0,14592,released_2,13930496,64289960,no-thp-runtime-auto-block2-4-M.txt,RuntimeMemory,True,0,1,1,36,4096,1,,,,4128,0
0,246992,827392,618,9854976,90473,0,14592,runtime_released,12193792,64296088,no-thp-runtime-auto-block2-4-M.txt,RuntimeMemory,True,0,1,1,36,4096,1,,,,4128,0
0,187152,630784,466,6848512,5019,0,13804,initial,5935104,391848,no-thp-runtime-auto-block3-1-M.txt,RuntimeMemory,True,0,0,0,0,4096,0,,,,4128,0
0,697840,1515520,919,7004160,63969,0,13804,compile_release_270,14147584,45776560,no-thp-runtime-auto-block3-1-M.txt,RuntimeMemory,True,0,0,0,0,4096,0,,,,4128,0
167268,1287976,2146304,1822,7397376,72466,36,14172,retained_0,14991360,51961864,no-thp-runtime-auto-block3-1-M.txt,RuntimeMemory,True,36,0,36,36,4096,36,,,,4128,36
0,1197872,2007040,1541,8511488,72805,0,14172,released_0,13107200,51987304,no-thp-runtime-auto-block3-1-M.txt,RuntimeMemory,True,0,1,1,36,4096,1,,,,4128,0
167268,1291144,2162688,1828,7266304,81254,36,14472,retained_1,15081472,58141704,no-thp-runtime-auto-block3-1-M.txt,RuntimeMemory,True,36,0,36,36,4096,36,,,,4128,36
0,1200752,2056192,1547,8249344,81593,0,14472,released_1,13262848,58167016,no-thp-runtime-auto-block3-1-M.txt,RuntimeMemory,True,0,1,1,36,4096,1,,,,4128,0
167268,1291144,2170880,1828,7110656,90046,36,14472,retained_2,15224832,64319320,no-thp-runtime-auto-block3-1-M.txt,RuntimeMemory,True,36,0,36,36,4096,36,,,,4128,36
0,1200768,2048000,1548,8683520,90385,0,14472,released_2,12816384,64344632,no-thp-runtime-auto-block3-1-M.txt,RuntimeMemory,True,0,1,1,36,4096,1,,,,4128,0
0,271200,892928,663,9732096,90460,0,14472,runtime_released,12038144,64349184,no-thp-runtime-auto-block3-1-M.txt,RuntimeMemory,True,0,1,1,36,4096,1,,,,4128,0
0,182168,598016,463,2719744,5016,0,13800,initial,6246400,386864,no-thp-runtime-auto-block3-2-F.txt,RuntimeMemory,True,0,0,0,0,4096,0,,,,4128,0
0,691472,1540096,911,3203072,63369,0,13800,compile_release_270,13910016,30142008,no-thp-runtime-auto-block3-2-F.txt,RuntimeMemory,True,0,0,0,0,4096,0,,,,4128,0
134972,1280664,2138112,1810,3227648,71772,36,14188,retained_0,14987264,34242040,no-thp-runtime-auto-block3-2-F.txt,RuntimeMemory,True,36,0,36,36,4096,36,,,,4128,36
0,1190336,1974272,1525,4603904,72113,0,14188,released_0,13021184,34267672,no-thp-runtime-auto-block3-2-F.txt,RuntimeMemory,True,0,1,1,36,4096,1,,,,4128,0
134972,1285144,2252800,1820,3203072,80490,36,14188,retained_1,14893056,38341328,no-thp-runtime-auto-block3-2-F.txt,RuntimeMemory,True,36,0,36,36,4096,36,,,,4128,36
0,1194128,2072576,1530,3989504,80827,0,14188,released_1,13619200,38366448,no-thp-runtime-auto-block3-2-F.txt,RuntimeMemory,True,0,1,1,36,4096,1,,,,4128,0
134972,1284936,2162688,1817,3325952,89196,36,14200,retained_2,14929920,42436232,no-thp-runtime-auto-block3-2-F.txt,RuntimeMemory,True,36,0,36,36,4096,36,,,,4128,36
0,1194112,2031616,1529,4177920,89533,0,14200,released_2,13459456,42461352,no-thp-runtime-auto-block3-2-F.txt,RuntimeMemory,True,0,1,1,36,4096,1,,,,4128,0
0,264752,843776,651,4767744,89620,0,14200,runtime_released,12857344,42467592,no-thp-runtime-auto-block3-2-F.txt,RuntimeMemory,True,0,1,1,36,4096,1,,,,4128,0
0,182328,688128,464,2555904,5017,0,13736,initial,6361088,387024,no-thp-runtime-auto-block3-3-F.txt,RuntimeMemory,True,0,0,0,0,4096,0,,,,4128,0
0,501264,1310720,700,3309568,63228,0,13772,compile_release_270,14090240,30309024,no-thp-runtime-auto-block3-3-F.txt,RuntimeMemory,True,0,0,0,0,4096,0,,,,4128,0
134972,1270648,2179072,1795,3153920,71634,36,14612,retained_0,15085568,34409024,no-thp-runtime-auto-block3-3-F.txt,RuntimeMemory,True,36,0,36,36,4096,36,,,,4128,36
0,1180304,2048000,1509,4530176,71975,0,14612,released_0,13053952,34434656,no-thp-runtime-auto-block3-3-F.txt,RuntimeMemory,True,0,1,1,36,4096,1,,,,4128,0
134972,1275496,2187264,1809,3194880,80345,36,14612,retained_1,15040512,38508136,no-thp-runtime-auto-block3-3-F.txt,RuntimeMemory,True,36,0,36,36,4096,36,,,,4128,36
0,1189944,2056192,1524,4440064,80688,0,14612,released_1,13287424,38538576,no-thp-runtime-auto-block3-3-F.txt,RuntimeMemory,True,0,1,1,36,4096,1,,,,4128,0
134972,1285392,2195456,1815,3162112,89063,36,14612,retained_2,15208448,42612920,no-thp-runtime-auto-block3-3-F.txt,RuntimeMemory,True,36,0,36,36,4096,36,,,,4128,36
0,1194776,2072576,1530,4538368,89400,0,14612,released_2,13221888,42638040,no-thp-runtime-auto-block3-3-F.txt,RuntimeMemory,True,0,1,1,36,4096,1,,,,4128,0
0,265400,917504,651,5193728,89476,0,14612,runtime_released,12558336,42642704,no-thp-runtime-auto-block3-3-F.txt,RuntimeMemory,True,0,1,1,36,4096,1,,,,4128,0
0,181992,598016,461,2719744,5014,0,13540,initial,5894144,386688,no-thp-runtime-auto-block3-4-M.txt,RuntimeMemory,True,0,0,0,0,4096,0,,,,4128,0
0,691048,1425408,900,3203072,63983,0,13540,compile_release_270,13717504,45908448,no-thp-runtime-auto-block3-4-M.txt,RuntimeMemory,True,0,0,0,0,4096,0,,,,4128,0
167268,1277536,2056192,1797,3588096,72475,36,14808,retained_0,14680064,52090280,no-thp-runtime-auto-block3-4-M.txt,RuntimeMemory,True,36,0,36,36,4096,36,,,,4128,36
0,1187416,1941504,1515,4702208,72816,0,14808,released_0,12922880,52115912,no-thp-runtime-auto-block3-4-M.txt,RuntimeMemory,True,0,1,1,36,4096,1,,,,4128,0
167268,1278400,2146304,1798,3104768,81266,36,14808,retained_1,15167488,58268440,no-thp-runtime-auto-block3-4-M.txt,RuntimeMemory,True,36,0,36,36,4096,36,,,,4128,36
0,1187992,2031616,1516,4448256,81605,0,14808,released_1,13103104,58293752,no-thp-runtime-auto-block3-4-M.txt,RuntimeMemory,True,0,1,1,36,4096,1,,,,4128,0
167268,1278512,2097152,1799,3129344,90059,36,14808,retained_2,15179776,64446136,no-thp-runtime-auto-block3-4-M.txt,RuntimeMemory,True,36,0,36,36,4096,36,,,,4128,36
0,1188152,1990656,1520,5554176,90398,0,14808,released_2,12079104,64471448,no-thp-runtime-auto-block3-4-M.txt,RuntimeMemory,True,0,1,1,36,4096,1,,,,4128,0
0,258552,827392,633,5554176,90484,0,14808,runtime_released,12140544,64477576,no-thp-runtime-auto-block3-4-M.txt,RuntimeMemory,True,0,1,1,36,4096,1,,,,4128,0
0,123728,507904,443,2867200,4992,0,13668,initial,5517312,328312,no-thp-runtime-block1-1-M.txt,RuntimeMemory,True,0,0,0,0,4096,0,,,,4128,0
0,803520,1458176,885,3776512,60053,0,13668,compile_release_270,13144064,38114400,no-thp-runtime-block1-1-M.txt,RuntimeMemory,True,0,0,0,0,4096,0,,,,4128,0
167268,1175816,1818624,1696,3497984,68024,36,13976,retained_0,14376960,43291552,no-thp-runtime-block1-1-M.txt,RuntimeMemory,True,36,0,36,36,4096,36,,,,4128,36
0,1084896,1720320,1412,5267456,68363,0,13976,released_0,12070912,43315840,no-thp-runtime-block1-1-M.txt,RuntimeMemory,True,0,1,1,36,4096,1,,,,4128,0
167268,1176120,1835008,1697,3538944,76280,36,13976,retained_1,14389248,48461632,no-thp-runtime-block1-1-M.txt,RuntimeMemory,True,36,0,36,36,4096,36,,,,4128,36
0,1084896,1744896,1412,5111808,76617,0,14024,released_1,12234752,48485600,no-thp-runtime-block1-1-M.txt,RuntimeMemory,True,0,1,1,36,4096,1,,,,4128,0
167268,1176120,1892352,1697,3473408,84534,36,14024,retained_2,14360576,53631392,no-thp-runtime-block1-1-M.txt,RuntimeMemory,True,36,0,36,36,4096,36,,,,4128,36
0,1084896,1794048,1412,5046272,84871,0,14024,released_2,12312576,53655360,no-thp-runtime-block1-1-M.txt,RuntimeMemory,True,0,1,1,36,4096,1,,,,4128,0
0,155568,655360,525,6029312,84946,0,14024,runtime_released,11390976,53659144,no-thp-runtime-block1-1-M.txt,RuntimeMemory,True,0,1,1,36,4096,1,,,,4128,0
0,118744,499712,440,2940928,4989,0,13800,initial,5804032,323328,no-thp-runtime-block1-2-F.txt,RuntimeMemory,True,0,0,0,0,4096,0,,,,4128,0
0,1316216,2031616,1211,3817472,59618,0,13800,compile_release_270,13021184,23997992,no-thp-runtime-block1-2-F.txt,RuntimeMemory,True,0,0,0,0,4096,0,,,,4128,0
134972,1170560,1859584,1677,3948544,67530,36,13800,retained_0,13893632,27293584,no-thp-runtime-block1-2-F.txt,RuntimeMemory,True,36,0,36,36,4096,36,,,,4128,36
0,1079752,1769472,1400,4669440,67869,0,13800,released_0,12554240,27317872,no-thp-runtime-block1-2-F.txt,RuntimeMemory,True,0,1,1,36,4096,1,,,,4128,0
134972,1170896,1908736,1680,3629056,75728,36,13800,retained_1,14114816,30582136,no-thp-runtime-block1-2-F.txt,RuntimeMemory,True,36,0,36,36,4096,36,,,,4128,36
0,1079752,1818624,1400,4808704,76065,0,13800,released_1,12414976,30606104,no-thp-runtime-block1-2-F.txt,RuntimeMemory,True,0,1,1,36,4096,1,,,,4128,0
134972,1170896,1941504,1680,3637248,83924,36,13800,retained_2,14045184,33870368,no-thp-runtime-block1-2-F.txt,RuntimeMemory,True,36,0,36,36,4096,36,,,,4128,36
0,1079768,1851392,1401,4743168,84261,0,13800,released_2,12476416,33894336,no-thp-runtime-block1-2-F.txt,RuntimeMemory,True,0,1,1,36,4096,1,,,,4128,0
0,150568,655360,522,5988352,84336,0,13800,runtime_released,11300864,33898120,no-thp-runtime-block1-2-F.txt,RuntimeMemory,True,0,1,1,36,4096,1,,,,4128,0
0,118744,499712,440,2940928,4989,0,13496,initial,6057984,323328,no-thp-runtime-block1-3-F.txt,RuntimeMemory,True,0,0,0,0,4096,0,,,,4128,0
0,1316216,2031616,1211,3637248,59618,0,13516,compile_release_270,13352960,23997992,no-thp-runtime-block1-3-F.txt,RuntimeMemory,True,0,0,0,0,4096,0,,,,4128,0
134972,1170576,1851392,1677,3964928,67531,36,13616,retained_0,13959168,27293616,no-thp-runtime-block1-3-F.txt,RuntimeMemory,True,36,0,36,36,4096,36,,,,4128,36
0,1079768,1761280,1400,4620288,67870,0,13704,released_0,12677120,27317904,no-thp-runtime-block1-3-F.txt,RuntimeMemory,True,0,1,1,36,4096,1,,,,4128,0
134972,1170928,1900544,1681,3833856,75729,36,13704,retained_1,14012416,30582168,no-thp-runtime-block1-3-F.txt,RuntimeMemory,True,36,0,36,36,4096,36,,,,4128,36
0,1079800,1810432,1402,4816896,76066,0,13704,released_1,12484608,30606136,no-thp-runtime-block1-3-F.txt,RuntimeMemory,True,0,1,1,36,4096,1,,,,4128,0
134972,1170896,1925120,1679,3833856,83925,36,13704,retained_2,13971456,33870400,no-thp-runtime-block1-3-F.txt,RuntimeMemory,True,36,0,36,36,4096,36,,,,4128,36
0,1079768,1835008,1400,4751360,84262,0,13704,released_2,12550144,33894368,no-thp-runtime-block1-3-F.txt,RuntimeMemory,True,0,1,1,36,4096,1,,,,4128,0
0,150584,655360,522,6062080,84337,0,13704,runtime_released,11304960,33898152,no-thp-runtime-block1-3-F.txt,RuntimeMemory,True,0,1,1,36,4096,1,,,,4128,0
0,118248,499712,436,2940928,4985,0,13728,initial,5660672,322832,no-thp-runtime-block1-4-M.txt,RuntimeMemory,True,0,0,0,0,4096,0,,,,4128,0
0,798040,1449984,878,3833856,60046,0,13728,compile_release_270,13164544,38108872,no-thp-runtime-block1-4-M.txt,RuntimeMemory,True,0,0,0,0,4096,0,,,,4128,0
167268,1170336,1810432,1689,3661824,68017,36,13932,retained_0,14336000,43286024,no-thp-runtime-block1-4-M.txt,RuntimeMemory,True,36,0,36,36,4096,36,,,,4128,36
0,1079416,1712128,1405,5300224,68356,0,14060,released_0,12120064,43310312,no-thp-runtime-block1-4-M.txt,RuntimeMemory,True,0,1,1,36,4096,1,,,,4128,0
167268,1170640,1826816,1690,3596288,76273,36,14060,retained_1,14315520,48456104,no-thp-runtime-block1-4-M.txt,RuntimeMemory,True,36,0,36,36,4096,36,,,,4128,36
0,1079416,1736704,1405,5431296,76610,0,14060,released_1,11988992,48480072,no-thp-runtime-block1-4-M.txt,RuntimeMemory,True,0,1,1,36,4096,1,,,,4128,0
167268,1170640,1884160,1690,3522560,84527,36,14060,retained_2,14409728,53625864,no-thp-runtime-block1-4-M.txt,RuntimeMemory,True,36,0,36,36,4096,36,,,,4128,36
0,1079416,1785856,1405,5095424,84864,0,14060,released_2,12324864,53649832,no-thp-runtime-block1-4-M.txt,RuntimeMemory,True,0,1,1,36,4096,1,,,,4128,0
0,150088,655360,518,6078464,84939,0,14060,runtime_released,11403264,53653616,no-thp-runtime-block1-4-M.txt,RuntimeMemory,True,0,1,1,36,4096,1,,,,4128,0
0,118728,499712,439,7135232,4988,0,13784,initial,5672960,323312,no-thp-runtime-block2-1-M.txt,RuntimeMemory,True,0,0,0,0,4096,0,,,,4128,0
0,984808,1613824,999,7766016,60049,0,13784,compile_release_270,13373440,38109352,no-thp-runtime-block2-1-M.txt,RuntimeMemory,True,0,0,0,0,4096,0,,,,4128,0
167268,1170800,1818624,1691,7757824,68020,36,14056,retained_0,14483456,43286504,no-thp-runtime-block2-1-M.txt,RuntimeMemory,True,36,0,36,36,4096,36,,,,4128,36
0,1079896,1720320,1408,9330688,68359,0,14184,released_0,12267520,43310792,no-thp-runtime-block2-1-M.txt,RuntimeMemory,True,0,1,1,36,4096,1,,,,4128,0
167268,1171120,1884160,1693,9256960,76276,36,14184,retained_1,13037568,48456584,no-thp-runtime-block2-1-M.txt,RuntimeMemory,True,36,0,36,36,4096,36,,,,4128,36
0,1079896,1794048,1408,9297920,76613,0,14184,released_1,12283904,48480552,no-thp-runtime-block2-1-M.txt,RuntimeMemory,True,0,1,1,36,4096,1,,,,4128,0
167268,1171120,1826816,1693,7790592,84530,36,14184,retained_2,14344192,53626344,no-thp-runtime-block2-1-M.txt,RuntimeMemory,True,36,0,36,36,4096,36,,,,4128,36
0,1079896,1728512,1408,9355264,84867,0,14184,released_2,12230656,53650312,no-thp-runtime-block2-1-M.txt,RuntimeMemory,True,0,1,1,36,4096,1,,,,4128,0
0,150568,655360,521,10338304,84942,0,14184,runtime_released,11317248,53654096,no-thp-runtime-block2-1-M.txt,RuntimeMemory,True,0,1,1,36,4096,1,,,,4128,0
0,118584,499712,439,2940928,4988,0,13692,initial,6057984,323168,no-thp-runtime-block2-2-F.txt,RuntimeMemory,True,0,0,0,0,4096,0,,,,4128,0
0,1316216,2015232,1211,3743744,59618,0,13692,compile_release_270,13271040,23997992,no-thp-runtime-block2-2-F.txt,RuntimeMemory,True,0,0,0,0,4096,0,,,,4128,0
134972,1170576,1835008,1677,4005888,67531,36,13692,retained_0,13946880,27293616,no-thp-runtime-block2-2-F.txt,RuntimeMemory,True,36,0,36,36,4096,36,,,,4128,36
0,1079768,1744896,1400,4726784,67870,0,13724,released_0,12599296,27317904,no-thp-runtime-block2-2-F.txt,RuntimeMemory,True,0,1,1,36,4096,1,,,,4128,0
134972,1170896,1892352,1679,3817472,75729,36,13724,retained_1,14045184,30582168,no-thp-runtime-block2-2-F.txt,RuntimeMemory,True,36,0,36,36,4096,36,,,,4128,36
0,1079768,1802240,1400,4800512,76066,0,13724,released_1,12513280,30606136,no-thp-runtime-block2-2-F.txt,RuntimeMemory,True,0,1,1,36,4096,1,,,,4128,0
134972,1170896,1916928,1679,3817472,83925,36,13724,retained_2,14008320,33870400,no-thp-runtime-block2-2-F.txt,RuntimeMemory,True,36,0,36,36,4096,36,,,,4128,36
0,1079768,1826816,1400,4800512,84262,0,13724,released_2,12521472,33894368,no-thp-runtime-block2-2-F.txt,RuntimeMemory,True,0,1,1,36,4096,1,,,,4128,0
0,150584,647168,522,6045696,84337,0,13724,runtime_released,11341824,33898152,no-thp-runtime-block2-2-F.txt,RuntimeMemory,True,0,1,1,36,4096,1,,,,4128,0
0,118424,499712,438,2940928,4987,0,13648,initial,6057984,323008,no-thp-runtime-block2-3-F.txt,RuntimeMemory,True,0,0,0,0,4096,0,,,,4128,0
0,1129800,1794048,1094,3866624,59617,0,13648,compile_release_270,13115392,23997832,no-thp-runtime-block2-3-F.txt,RuntimeMemory,True,0,0,0,0,4096,0,,,,4128,0
134972,1170416,1859584,1676,3596288,67530,36,13648,retained_0,14049280,27293456,no-thp-runtime-block2-3-F.txt,RuntimeMemory,True,36,0,36,36,4096,36,,,,4128,36
0,1079608,1769472,1399,4775936,67869,0,13752,released_0,12484608,27317744,no-thp-runtime-block2-3-F.txt,RuntimeMemory,True,0,1,1,36,4096,1,,,,4128,0
134972,1170752,1884160,1679,3735552,75728,36,13752,retained_1,13987840,30582008,no-thp-runtime-block2-3-F.txt,RuntimeMemory,True,36,0,36,36,4096,36,,,,4128,36
0,1079624,1794048,1400,4849664,76065,0,13752,released_1,12398592,30605976,no-thp-runtime-block2-3-F.txt,RuntimeMemory,True,0,1,1,36,4096,1,,,,4128,0
134972,1170736,1957888,1678,3735552,83924,36,13752,retained_2,13971456,33870240,no-thp-runtime-block2-3-F.txt,RuntimeMemory,True,36,0,36,36,4096,36,,,,4128,36
0,1079608,1867776,1399,4718592,84261,0,13752,released_2,12529664,33894208,no-thp-runtime-block2-3-F.txt,RuntimeMemory,True,0,1,1,36,4096,1,,,,4128,0
0,150424,647168,521,6029312,84336,0,13752,runtime_released,11284480,33897992,no-thp-runtime-block2-3-F.txt,RuntimeMemory,True,0,1,1,36,4096,1,,,,4128,0
0,118776,499712,440,2940928,4989,0,13752,initial,5664768,323360,no-thp-runtime-block2-4-M.txt,RuntimeMemory,True,0,0,0,0,4096,0,,,,4128,0
0,1133848,1802240,1096,3833856,60048,0,13752,compile_release_270,13230080,38109264,no-thp-runtime-block2-4-M.txt,RuntimeMemory,True,0,0,0,0,4096,0,,,,4128,0
167268,1170848,1826816,1692,3375104,68019,36,14188,retained_0,14610432,43286416,no-thp-runtime-block2-4-M.txt,RuntimeMemory,True,36,0,36,36,4096,36,,,,4128,36
0,1079944,1728512,1409,5120000,68358,0,14316,released_0,12365824,43310704,no-thp-runtime-block2-4-M.txt,RuntimeMemory,True,0,1,1,36,4096,1,,,,4128,0
167268,1171168,1826816,1694,3563520,76275,36,14316,retained_1,14536704,48456496,no-thp-runtime-block2-4-M.txt,RuntimeMemory,True,36,0,36,36,4096,36,,,,4128,36
0,1079944,1736704,1409,5128192,76612,0,14316,released_1,12357632,48480464,no-thp-runtime-block2-4-M.txt,RuntimeMemory,True,0,1,1,36,4096,1,,,,4128,0
167268,1171168,1884160,1694,3555328,84529,36,14316,retained_2,14426112,53626256,no-thp-runtime-block2-4-M.txt,RuntimeMemory,True,36,0,36,36,4096,36,,,,4128,36
0,1079944,1785856,1409,5046272,84866,0,14316,released_2,12431360,53650224,no-thp-runtime-block2-4-M.txt,RuntimeMemory,True,0,1,1,36,4096,1,,,,4128,0
0,150616,655360,522,6094848,84941,0,14316,runtime_released,11448320,53654008,no-thp-runtime-block2-4-M.txt,RuntimeMemory,True,0,1,1,36,4096,1,,,,4128,0
0,118888,499712,440,2940928,4989,0,13496,initial,5664768,323472,no-thp-runtime-block3-1-M.txt,RuntimeMemory,True,0,0,0,0,4096,0,,,,4128,0
0,1140120,1753088,1166,3350528,60048,0,13496,compile_release_270,13774848,38109376,no-thp-runtime-block3-1-M.txt,RuntimeMemory,True,0,0,0,0,4096,0,,,,4128,0
167268,1170960,1826816,1692,3350528,68019,36,14316,retained_0,14843904,43286528,no-thp-runtime-block3-1-M.txt,RuntimeMemory,True,36,0,36,36,4096,36,,,,4128,36
0,1080056,1728512,1409,5120000,68358,0,14444,released_0,12431360,43310816,no-thp-runtime-block3-1-M.txt,RuntimeMemory,True,0,1,1,36,4096,1,,,,4128,0
167268,1171280,1884160,1694,3522560,76275,36,14444,retained_1,14528512,48456608,no-thp-runtime-block3-1-M.txt,RuntimeMemory,True,36,0,36,36,4096,36,,,,4128,36
0,1080056,1794048,1409,5062656,76612,0,14444,released_1,12476416,48480576,no-thp-runtime-block3-1-M.txt,RuntimeMemory,True,0,1,1,36,4096,1,,,,4128,0
167268,1171280,1826816,1694,3579904,84529,36,14444,retained_2,14626816,53626368,no-thp-runtime-block3-1-M.txt,RuntimeMemory,True,36,0,36,36,4096,36,,,,4128,36
0,1080056,1728512,1409,5152768,84866,0,14444,released_2,12398592,53650336,no-thp-runtime-block3-1-M.txt,RuntimeMemory,True,0,1,1,36,4096,1,,,,4128,0
0,150728,655360,522,6135808,84941,0,14444,runtime_released,11476992,53654120,no-thp-runtime-block3-1-M.txt,RuntimeMemory,True,0,1,1,36,4096,1,,,,4128,0
0,118424,499712,438,2940928,4987,0,13720,initial,6062080,323008,no-thp-runtime-block3-2-F.txt,RuntimeMemory,True,0,0,0,0,4096,0,,,,4128,0
0,1315896,2023424,1209,3670016,59616,0,13720,compile_release_270,13348864,23997672,no-thp-runtime-block3-2-F.txt,RuntimeMemory,True,0,0,0,0,4096,0,,,,4128,0
134972,1170256,1843200,1675,3932160,67529,36,13932,retained_0,14028800,27293296,no-thp-runtime-block3-2-F.txt,RuntimeMemory,True,36,0,36,36,4096,36,,,,4128,36
0,1079448,1753088,1398,4718592,67868,0,13932,released_0,12615680,27317584,no-thp-runtime-block3-2-F.txt,RuntimeMemory,True,0,1,1,36,4096,1,,,,4128,0
134972,1170576,1884160,1677,3563520,75727,36,13932,retained_1,14254080,30581848,no-thp-runtime-block3-2-F.txt,RuntimeMemory,True,36,0,36,36,4096,36,,,,4128,36
0,1079448,1794048,1398,4808704,76064,0,13932,released_1,12513280,30605816,no-thp-runtime-block3-2-F.txt,RuntimeMemory,True,0,1,1,36,4096,1,,,,4128,0
134972,1170576,1949696,1677,3801088,83923,36,13932,retained_2,14041088,33870080,no-thp-runtime-block3-2-F.txt,RuntimeMemory,True,36,0,36,36,4096,36,,,,4128,36
0,1079448,1859584,1398,4718592,84260,0,13932,released_2,12615680,33894048,no-thp-runtime-block3-2-F.txt,RuntimeMemory,True,0,1,1,36,4096,1,,,,4128,0
0,150264,655360,520,6029312,84335,0,13932,runtime_released,11370496,33897832,no-thp-runtime-block3-2-F.txt,RuntimeMemory,True,0,1,1,36,4096,1,,,,4128,0
0,124224,507904,447,7061504,4996,0,13716,initial,6094848,328808,no-thp-runtime-block3-3-F.txt,RuntimeMemory,True,0,0,0,0,4096,0,,,,4128,0
0,1321696,2023424,1218,7749632,59625,0,13716,compile_release_270,13434880,24003472,no-thp-runtime-block3-3-F.txt,RuntimeMemory,True,0,0,0,0,4096,0,,,,4128,0
134972,1176056,1843200,1684,8142848,67538,36,13716,retained_0,13975552,27299096,no-thp-runtime-block3-3-F.txt,RuntimeMemory,True,36,0,36,36,4096,36,,,,4128,36
0,1085248,1753088,1407,8798208,67877,0,13724,released_0,12697600,27323384,no-thp-runtime-block3-3-F.txt,RuntimeMemory,True,0,1,1,36,4096,1,,,,4128,0
134972,1176376,1908736,1686,7880704,75736,36,13724,retained_1,14110720,30587648,no-thp-runtime-block3-3-F.txt,RuntimeMemory,True,36,0,36,36,4096,36,,,,4128,36
0,1085248,1818624,1407,8929280,76073,0,13804,released_1,12554240,30611616,no-thp-runtime-block3-3-F.txt,RuntimeMemory,True,0,1,1,36,4096,1,,,,4128,0
134972,1176376,1941504,1686,7905280,83932,36,13804,retained_2,14135296,33875880,no-thp-runtime-block3-3-F.txt,RuntimeMemory,True,36,0,36,36,4096,36,,,,4128,36
0,1085248,1851392,1407,8888320,84269,0,13804,released_2,12599296,33899848,no-thp-runtime-block3-3-F.txt,RuntimeMemory,True,0,1,1,36,4096,1,,,,4128,0
0,156064,655360,529,10133504,84344,0,13804,runtime_released,11419648,33903632,no-thp-runtime-block3-3-F.txt,RuntimeMemory,True,0,1,1,36,4096,1,,,,4128,0
0,119048,499712,441,7135232,4990,0,13784,initial,5672960,323632,no-thp-runtime-block3-4-M.txt,RuntimeMemory,True,0,0,0,0,4096,0,,,,4128,0
0,799000,1449984,884,7995392,60052,0,13784,compile_release_270,13197312,38109848,no-thp-runtime-block3-4-M.txt,RuntimeMemory,True,0,0,0,0,4096,0,,,,4128,0
167268,1171296,1810432,1695,7856128,68023,36,14024,retained_0,14401536,43287000,no-thp-runtime-block3-4-M.txt,RuntimeMemory,True,36,0,36,36,4096,36,,,,4128,36
0,1080376,1712128,1411,9494528,68362,0,14152,released_0,12120064,43311288,no-thp-runtime-block3-4-M.txt,RuntimeMemory,True,0,1,1,36,4096,1,,,,4128,0
167268,1171600,1835008,1696,7798784,76279,36,14152,retained_1,14426112,48457080,no-thp-runtime-block3-4-M.txt,RuntimeMemory,True,36,0,36,36,4096,36,,,,4128,36
0,1080376,1744896,1411,9502720,76616,0,14152,released_1,12115968,48481048,no-thp-runtime-block3-4-M.txt,RuntimeMemory,True,0,1,1,36,4096,1,,,,4128,0
167268,1171584,1892352,1695,8044544,84533,36,14152,retained_2,14352384,53626856,no-thp-runtime-block3-4-M.txt,RuntimeMemory,True,36,0,36,36,4096,36,,,,4128,36
0,1080360,1794048,1410,9420800,84870,0,14152,released_2,12324864,53650824,no-thp-runtime-block3-4-M.txt,RuntimeMemory,True,0,1,1,36,4096,1,,,,4128,0
0,151048,655360,524,10272768,84945,0,14152,runtime_released,11534336,53654608,no-thp-runtime-block3-4-M.txt,RuntimeMemory,True,0,1,1,36,4096,1,,,,4128,0
0,182312,688128,463,2555904,5016,0,13680,initial,9154560,387008,runtime-auto-block1-1-M.txt,RuntimeMemory,True,0,0,0,0,4096,0,,,,4128,0
0,379248,1064960,670,3022848,63782,0,14748,compile_release_270,15167488,46154232,runtime-auto-block1-1-M.txt,RuntimeMemory,True,0,0,0,0,4096,0,,,,4128,0
167268,1273000,2170880,1795,3080192,72250,36,89080,retained_0,91377664,52390000,runtime-auto-block1-1-M.txt,RuntimeMemory,True,36,0,36,36,4096,36,,,,4128,36
0,1182944,2048000,1517,4849664,72591,0,89080,released_0,13684736,52415648,runtime-auto-block1-1-M.txt,RuntimeMemory,True,0,1,1,36,4096,1,,,,4128,0
167268,1273288,2285568,1795,2637824,80997,36,89080,retained_1,89915392,58739504,runtime-auto-block1-1-M.txt,RuntimeMemory,True,36,0,36,36,4096,36,,,,4128,36
0,1182912,2154496,1515,4374528,81336,0,89080,released_1,14487552,58764832,runtime-auto-block1-1-M.txt,RuntimeMemory,True,0,1,1,36,4096,1,,,,4128,0
167268,1283888,2170880,1819,2924544,89772,36,89080,retained_2,89509888,64925240,runtime-auto-block1-1-M.txt,RuntimeMemory,True,36,0,36,36,4096,36,,,,4128,36
0,1193272,2072576,1534,3743744,90109,0,89080,released_2,14802944,64950376,runtime-auto-block1-1-M.txt,RuntimeMemory,True,0,1,1,36,4096,1,,,,4128,0
0,263816,917504,650,5087232,90196,0,89080,runtime_released,13484032,64956616,runtime-auto-block1-1-M.txt,RuntimeMemory,True,0,1,1,36,4096,1,,,,4128,0
0,182328,704512,464,6733824,5017,0,13544,initial,9519104,387024,runtime-auto-block1-2-P.txt,RuntimeMemory,True,0,0,0,0,4096,0,,,,4128,0
0,387472,1179648,683,8101888,62977,0,16620,compile_release_270,16408576,30541744,runtime-auto-block1-2-P.txt,RuntimeMemory,True,0,0,0,0,4096,0,,,,4128,0
134972,1278616,2146304,1804,7897088,71357,36,90852,retained_0,92463104,34640592,runtime-auto-block1-2-P.txt,RuntimeMemory,True,36,0,36,36,4096,36,,,,4128,36
0,1188128,2023424,1519,8421376,71696,0,90852,released_0,16543744,34666048,runtime-auto-block1-2-P.txt,RuntimeMemory,True,0,1,1,36,4096,1,,,,4128,0
134972,1279160,2293760,1808,6881280,80006,36,90852,retained_1,91668480,38764512,runtime-auto-block1-2-P.txt,RuntimeMemory,True,36,0,36,36,4096,36,,,,4128,36
0,1188352,2146304,1521,8323072,80344,0,90852,released_1,16551936,38789664,runtime-auto-block1-2-P.txt,RuntimeMemory,True,0,1,1,36,4096,1,,,,4128,0
134972,1281032,2252800,1807,7118848,88633,36,90852,retained_2,91582464,42987816,runtime-auto-block1-2-P.txt,RuntimeMemory,True,36,0,36,36,4096,36,,,,4128,36
0,1190464,2121728,1525,8757248,88972,0,90852,released_2,15998976,43013144,runtime-auto-block1-2-P.txt,RuntimeMemory,True,0,1,1,36,4096,1,,,,4128,0
0,260992,925696,646,9609216,89058,0,90852,runtime_released,15384576,43019272,runtime-auto-block1-2-P.txt,RuntimeMemory,True,0,1,1,36,4096,1,,,,4128,0
0,181688,688128,460,2555904,5013,0,13580,initial,9584640,386384,runtime-auto-block1-3-F.txt,RuntimeMemory,True,0,0,0,0,4096,0,,,,4128,0
0,389176,1056768,686,3735552,63011,0,16712,compile_release_270,16027648,30512936,runtime-auto-block1-3-F.txt,RuntimeMemory,True,0,0,0,0,4096,0,,,,4128,0
134972,1283120,2072576,1806,3497984,71384,36,90064,retained_0,92401664,34633192,runtime-auto-block1-3-F.txt,RuntimeMemory,True,36,0,36,36,4096,36,,,,4128,36
0,1193032,1982464,1526,4677632,71725,0,90064,released_0,15872000,34658840,runtime-auto-block1-3-F.txt,RuntimeMemory,True,0,1,1,36,4096,1,,,,4128,0
134972,1288384,2211840,1817,3063808,80048,36,90064,retained_1,91258880,38756184,runtime-auto-block1-3-F.txt,RuntimeMemory,True,36,0,36,36,4096,36,,,,4128,36
0,1197800,2080768,1534,4440064,80387,0,90064,released_1,16080896,38781512,runtime-auto-block1-3-F.txt,RuntimeMemory,True,0,1,1,36,4096,1,,,,4128,0
134972,1288320,2318336,1823,2441216,88691,36,90064,retained_2,91832320,42932640,runtime-auto-block1-3-F.txt,RuntimeMemory,True,36,0,36,36,4096,36,,,,4128,36
0,1197880,2154496,1539,4472832,89030,0,90064,released_2,16039936,42957968,runtime-auto-block1-3-F.txt,RuntimeMemory,True,0,1,1,36,4096,1,,,,4128,0
0,268344,876544,656,5193728,89116,0,90064,runtime_released,15433728,42964096,runtime-auto-block1-3-F.txt,RuntimeMemory,True,0,1,1,36,4096,1,,,,4128,0
0,182488,598016,465,6914048,5018,0,13680,initial,9596928,387184,runtime-auto-block1-4-F.txt,RuntimeMemory,True,0,0,0,0,4096,0,,,,4128,0
0,504288,1277952,711,7512064,62995,0,16968,compile_release_270,17375232,30627144,runtime-auto-block1-4-F.txt,RuntimeMemory,True,0,0,0,0,4096,0,,,,4128,0
134972,1272216,2048000,1789,7200768,71369,36,91392,retained_0,93917184,34762296,runtime-auto-block1-4-F.txt,RuntimeMemory,True,36,0,36,36,4096,36,,,,4128,36
0,1182144,1941504,1510,8937472,71710,0,91520,released_0,16838656,34787944,runtime-auto-block1-4-F.txt,RuntimeMemory,True,0,1,1,36,4096,1,,,,4128,0
134972,1282856,2162688,1824,7364608,80059,36,91520,retained_1,92090368,38917136,runtime-auto-block1-4-F.txt,RuntimeMemory,True,36,0,36,36,4096,36,,,,4128,36
0,1192000,2023424,1534,8413184,80396,0,91520,released_1,17190912,38942272,runtime-auto-block1-4-F.txt,RuntimeMemory,True,0,1,1,36,4096,1,,,,4128,0
134972,1282392,2023424,1815,7413760,88695,36,91520,retained_2,92041216,43097928,runtime-auto-block1-4-F.txt,RuntimeMemory,True,36,0,36,36,4096,36,,,,4128,36
0,1191968,1916928,1532,8855552,89034,0,91520,released_2,16764928,43123256,runtime-auto-block1-4-F.txt,RuntimeMemory,True,0,1,1,36,4096,1,,,,4128,0
0,262496,835584,653,9838592,89120,0,91520,runtime_released,15872000,43129384,runtime-auto-block1-4-F.txt,RuntimeMemory,True,0,1,1,36,4096,1,,,,4128,0
0,181816,786432,462,6578176,5014,0,13776,initial,9539584,386512,runtime-auto-block1-5-P.txt,RuntimeMemory,True,0,0,0,0,4096,0,,,,4128,0
0,685504,1662976,898,3350528,63011,0,14356,compile_release_270,14753792,30451616,runtime-auto-block1-5-P.txt,RuntimeMemory,True,0,0,0,0,4096,0,,,,4128,0
134972,1284760,2195456,1811,2940928,71379,36,88956,retained_0,91377664,34610248,runtime-auto-block1-5-P.txt,RuntimeMemory,True,36,0,36,36,4096,36,,,,4128,36
0,1194496,2105344,1530,3571712,71720,0,88956,released_0,15396864,34635896,runtime-auto-block1-5-P.txt,RuntimeMemory,True,0,1,1,36,4096,1,,,,4128,0
134972,1285160,2154496,1818,2539520,80042,36,88956,retained_1,90152960,38735920,runtime-auto-block1-5-P.txt,RuntimeMemory,True,36,0,36,36,4096,36,,,,4128,36
0,1194560,2048000,1534,4636672,80379,0,88956,released_1,14381056,38761056,runtime-auto-block1-5-P.txt,RuntimeMemory,True,0,1,1,36,4096,1,,,,4128,0
134972,1285160,2220032,1818,3039232,88699,36,88956,retained_2,89763840,42861016,runtime-auto-block1-5-P.txt,RuntimeMemory,True,36,0,36,36,4096,36,,,,4128,36
0,1194560,2105344,1534,4481024,89036,0,88956,released_2,14520320,42886152,runtime-auto-block1-5-P.txt,RuntimeMemory,True,0,1,1,36,4096,1,,,,4128,0
0,265040,942080,652,5398528,89111,0,88956,runtime_released,13697024,42890704,runtime-auto-block1-5-P.txt,RuntimeMemory,True,0,1,1,36,4096,1,,,,4128,0
0,181800,786432,461,6578176,5013,0,13756,initial,9179136,386496,runtime-auto-block1-6-M.txt,RuntimeMemory,True,0,0,0,0,4096,0,,,,4128,0
0,569920,1613824,911,2875392,63807,0,14508,compile_release_270,14671872,46161128,runtime-auto-block1-6-M.txt,RuntimeMemory,True,0,0,0,0,4096,0,,,,4128,0
167268,1292312,2195456,1839,3555328,72277,36,88428,retained_0,90664960,52419584,runtime-auto-block1-6-M.txt,RuntimeMemory,True,36,0,36,36,4096,36,,,,4128,36
0,1202000,2080768,1555,4276224,72618,0,88428,released_0,14548992,52445232,runtime-auto-block1-6-M.txt,RuntimeMemory,True,0,1,1,36,4096,1,,,,4128,0
167268,1293816,2260992,1838,3063808,81050,36,88428,retained_1,89546752,58664800,runtime-auto-block1-6-M.txt,RuntimeMemory,True,36,0,36,36,4096,36,,,,4128,36
0,1203424,2154496,1557,4505600,81389,0,88428,released_1,14286848,58690128,runtime-auto-block1-6-M.txt,RuntimeMemory,True,0,1,1,36,4096,1,,,,4128,0
167268,1294696,2154496,1844,3710976,89812,36,88428,retained_2,89075712,64893344,runtime-auto-block1-6-M.txt,RuntimeMemory,True,36,0,36,36,4096,36,,,,4128,36
0,1203872,2056192,1556,4562944,90149,0,88428,released_2,13361152,64918480,runtime-auto-block1-6-M.txt,RuntimeMemory,True,0,1,1,36,4096,1,,,,4128,0
0,274320,966656,672,5480448,90224,0,88428,runtime_released,13352960,64923032,runtime-auto-block1-6-M.txt,RuntimeMemory,True,0,1,1,36,4096,1,,,,4128,0
0,182120,737280,463,6709248,5015,0,13760,initial,9170944,386816,runtime-auto-block2-1-M.txt,RuntimeMemory,True,0,0,0,0,4096,0,,,,4128,0
0,386872,1138688,681,7503872,63771,0,16524,compile_release_270,16498688,46207680,runtime-auto-block2-1-M.txt,RuntimeMemory,True,0,0,0,0,4096,0,,,,4128,0
167268,1276064,2162688,1793,7643136,72216,36,90740,retained_0,92962816,52432728,runtime-auto-block2-1-M.txt,RuntimeMemory,True,36,0,36,36,4096,36,,,,4128,36
0,1186008,2048000,1515,8822784,72557,0,90740,released_0,16359424,52458376,runtime-auto-block2-1-M.txt,RuntimeMemory,True,0,1,1,36,4096,1,,,,4128,0
167268,1279312,2203648,1807,6627328,80959,36,90740,retained_1,92119040,58687568,runtime-auto-block2-1-M.txt,RuntimeMemory,True,36,0,36,36,4096,36,,,,4128,36
0,1188520,2048000,1521,7610368,81296,0,90740,released_1,17448960,58712704,runtime-auto-block2-1-M.txt,RuntimeMemory,True,0,1,1,36,4096,1,,,,4128,0
167268,1281888,2138112,1808,7471104,89737,36,90740,retained_2,91561984,64960184,runtime-auto-block2-1-M.txt,RuntimeMemory,True,36,0,36,36,4096,36,,,,4128,36
0,1191512,2031616,1528,8585216,90076,0,90740,released_2,16474112,64985512,runtime-auto-block2-1-M.txt,RuntimeMemory,True,0,1,1,36,4096,1,,,,4128,0
0,261944,917504,643,9699328,90162,0,90740,runtime_released,15618048,64991640,runtime-auto-block2-1-M.txt,RuntimeMemory,True,0,1,1,36,4096,1,,,,4128,0
0,182008,598016,462,6914048,5015,0,13672,initial,9535488,386704,runtime-auto-block2-2-P.txt,RuntimeMemory,True,0,0,0,0,4096,0,,,,4128,0
0,244184,770048,637,7815168,62994,0,16828,compile_release_270,16297984,30488264,runtime-auto-block2-2-P.txt,RuntimeMemory,True,0,0,0,0,4096,0,,,,4128,0
134972,1276072,2162688,1797,6545408,71365,36,90612,retained_0,93167616,34610992,runtime-auto-block2-2-P.txt,RuntimeMemory,True,36,0,36,36,4096,36,,,,4128,36
0,1185584,2015232,1512,7659520,71704,0,90740,released_0,16859136,34636448,runtime-auto-block2-2-P.txt,RuntimeMemory,True,0,1,1,36,4096,1,,,,4128,0
134972,1279624,2138112,1808,7012352,80052,36,90740,retained_1,91586560,38726728,runtime-auto-block2-2-P.txt,RuntimeMemory,True,36,0,36,36,4096,36,,,,4128,36
0,1188992,1982464,1522,8847360,80391,0,90740,released_1,15978496,38752056,runtime-auto-block2-2-P.txt,RuntimeMemory,True,0,1,1,36,4096,1,,,,4128,0
134972,1288680,2211840,1823,7225344,88718,36,90740,retained_2,91643904,42859480,runtime-auto-block2-2-P.txt,RuntimeMemory,True,36,0,36,36,4096,36,,,,4128,36
0,1198080,2056192,1539,8404992,89056,0,90740,released_2,16338944,42884632,runtime-auto-block2-2-P.txt,RuntimeMemory,True,0,1,1,36,4096,1,,,,4128,0
0,268592,827392,659,9592832,89142,0,90740,runtime_released,15478784,42890760,runtime-auto-block2-2-P.txt,RuntimeMemory,True,0,1,1,36,4096,1,,,,4128,0
0,181848,704512,461,6733824,5014,0,13780,initial,11685888,386544,runtime-auto-block2-3-F.txt,RuntimeMemory,True,0,0,0,0,4096,0,,,,4128,0
0,677232,1531904,878,3497984,62963,0,16920,compile_release_270,16642048,30602240,runtime-auto-block2-3-F.txt,RuntimeMemory,True,0,0,0,0,4096,0,,,,4128,0
134972,1265384,2195456,1770,3137536,71311,36,90680,retained_0,92979200,34769376,runtime-auto-block2-3-F.txt,RuntimeMemory,True,36,0,36,36,4096,36,,,,4128,36
0,1175312,2097152,1491,5300224,71652,0,90680,released_0,15654912,34795024,runtime-auto-block2-3-F.txt,RuntimeMemory,True,0,1,1,36,4096,1,,,,4128,0
134972,1265784,2170880,1777,3219456,79992,36,90680,retained_1,91557888,38881992,runtime-auto-block2-3-F.txt,RuntimeMemory,True,36,0,36,36,4096,36,,,,4128,36
0,1175328,2072576,1492,4464640,80331,0,90680,released_1,16195584,38907320,runtime-auto-block2-3-F.txt,RuntimeMemory,True,0,1,1,36,4096,1,,,,4128,0
134972,1266184,2154496,1782,2916352,88645,36,90680,retained_2,91848704,43027872,runtime-auto-block2-3-F.txt,RuntimeMemory,True,36,0,36,36,4096,36,,,,4128,36
0,1175376,2031616,1495,4005888,88982,0,90680,released_2,16752640,43053008,runtime-auto-block2-3-F.txt,RuntimeMemory,True,0,1,1,36,4096,1,,,,4128,0
0,245936,901120,612,5578752,89069,0,90680,runtime_released,15503360,43059248,runtime-auto-block2-3-F.txt,RuntimeMemory,True,0,1,1,36,4096,1,,,,4128,0
0,181368,704512,458,2539520,5011,0,13672,initial,9584640,386064,runtime-auto-block2-4-F.txt,RuntimeMemory,True,0,0,0,0,4096,0,,,,4128,0
0,683416,1523712,864,3457024,63001,0,17072,compile_release_270,16912384,30605648,runtime-auto-block2-4-F.txt,RuntimeMemory,True,0,0,0,0,4096,0,,,,4128,0
134972,1290064,2211840,1822,3366912,71376,36,90940,retained_0,93360128,34706608,runtime-auto-block2-4-F.txt,RuntimeMemory,True,36,0,36,36,4096,36,,,,4128,36
0,1199784,2088960,1540,5201920,71715,0,90940,released_0,16130048,34732064,runtime-auto-block2-4-F.txt,RuntimeMemory,True,0,1,1,36,4096,1,,,,4128,0
134972,1290528,2121728,1823,2998272,80020,36,90940,retained_1,92123136,38869048,runtime-auto-block2-4-F.txt,RuntimeMemory,True,36,0,36,36,4096,36,,,,4128,36
0,1199720,2023424,1536,4702208,80357,0,90940,released_1,16568320,38894184,runtime-auto-block2-4-F.txt,RuntimeMemory,True,0,1,1,36,4096,1,,,,4128,0
134972,1290720,2220032,1829,2719744,88699,36,90940,retained_2,92250112,42970432,runtime-auto-block2-4-F.txt,RuntimeMemory,True,36,0,36,36,4096,36,,,,4128,36
0,1199880,2088960,1540,4227072,89036,0,90940,released_2,16826368,42995568,runtime-auto-block2-4-F.txt,RuntimeMemory,True,0,1,1,36,4096,1,,,,4128,0
0,270376,909312,659,5341184,89123,0,90940,runtime_released,16015360,43001712,runtime-auto-block2-4-F.txt,RuntimeMemory,True,0,1,1,36,4096,1,,,,4128,0
0,181688,704512,460,2539520,5013,0,13496,initial,9519104,386384,runtime-auto-block2-5-P.txt,RuntimeMemory,True,0,0,0,0,4096,0,,,,4128,0
0,502656,1310720,701,3252224,63011,0,16796,compile_release_270,16560128,30591312,runtime-auto-block2-5-P.txt,RuntimeMemory,True,0,0,0,0,4096,0,,,,4128,0
134972,1274504,2072576,1792,3645440,71398,36,90692,retained_0,92389376,34692576,runtime-auto-block2-5-P.txt,RuntimeMemory,True,36,0,36,36,4096,36,,,,4128,36
0,1184400,1957888,1511,5611520,71737,0,90692,released_0,15155200,34718032,runtime-auto-block2-5-P.txt,RuntimeMemory,True,0,1,1,36,4096,1,,,,4128,0
134972,1275560,2162688,1802,3620864,80064,36,90692,retained_1,91013120,38856488,runtime-auto-block2-5-P.txt,RuntimeMemory,True,36,0,36,36,4096,36,,,,4128,36
0,1184736,2039808,1514,4210688,80401,0,90692,released_1,16551936,38881624,runtime-auto-block2-5-P.txt,RuntimeMemory,True,0,1,1,36,4096,1,,,,4128,0
134972,1275304,2146304,1796,3506176,88702,36,90692,retained_2,91099136,43051536,runtime-auto-block2-5-P.txt,RuntimeMemory,True,36,0,36,36,4096,36,,,,4128,36
0,1184720,2039808,1513,4292608,89039,0,90692,released_2,16527360,43076672,runtime-auto-block2-5-P.txt,RuntimeMemory,True,0,1,1,36,4096,1,,,,4128,0
0,255344,892928,634,5668864,89126,0,90692,runtime_released,15241216,43082912,runtime-auto-block2-5-P.txt,RuntimeMemory,True,0,1,1,36,4096,1,,,,4128,0
0,182152,598016,462,6914048,5015,0,13776,initial,9175040,386848,runtime-auto-block2-6-M.txt,RuntimeMemory,True,0,0,0,0,4096,0,,,,4128,0
0,682960,1499136,893,3219456,63820,0,14312,compile_release_270,14307328,46158072,runtime-auto-block2-6-M.txt,RuntimeMemory,True,0,0,0,0,4096,0,,,,4128,0
167268,1271240,2121728,1797,3366912,72283,36,88736,retained_0,90599424,52410096,runtime-auto-block2-6-M.txt,RuntimeMemory,True,36,0,36,36,4096,36,,,,4128,36
0,1181152,1990656,1517,4612096,72622,0,88736,released_0,13991936,52435552,runtime-auto-block2-6-M.txt,RuntimeMemory,True,0,1,1,36,4096,1,,,,4128,0
167268,1276696,2031616,1814,3342336,81050,36,88736,retained_1,89153536,58597832,runtime-auto-block2-6-M.txt,RuntimeMemory,True,36,0,36,36,4096,36,,,,4128,36
0,1186064,1925120,1528,4390912,81387,0,88736,released_1,14278656,58622968,runtime-auto-block2-6-M.txt,RuntimeMemory,True,0,1,1,36,4096,1,,,,4128,0
167268,1286144,2162688,1828,3547136,89821,36,88736,retained_2,89042944,64782544,runtime-auto-block2-6-M.txt,RuntimeMemory,True,36,0,36,36,4096,36,,,,4128,36
0,1195528,2015232,1543,3809280,90158,0,88736,released_2,14831616,64807680,runtime-auto-block2-6-M.txt,RuntimeMemory,True,0,1,1,36,4096,1,,,,4128,0
0,266088,843776,660,5382144,90245,0,88736,runtime_released,13332480,64813920,runtime-auto-block2-6-M.txt,RuntimeMemory,True,0,1,1,36,4096,1,,,,4128,0
0,181992,688128,461,2555904,5014,0,13472,initial,9162752,386688,runtime-auto-block3-1-M.txt,RuntimeMemory,True,0,0,0,0,4096,0,,,,4128,0
0,554552,1335296,871,2949120,63814,0,16364,compile_release_270,16560128,45978416,runtime-auto-block3-1-M.txt,RuntimeMemory,True,0,0,0,0,4096,0,,,,4128,0
167268,1278240,2146304,1806,3522560,72281,36,90404,retained_0,92323840,52221320,runtime-auto-block3-1-M.txt,RuntimeMemory,True,36,0,36,36,4096,36,,,,4128,36
0,1187912,2015232,1521,4571136,72620,0,90404,released_0,15998976,52246776,runtime-auto-block3-1-M.txt,RuntimeMemory,True,0,1,1,36,4096,1,,,,4128,0
167268,1280864,2203648,1816,3096576,81044,36,90404,retained_1,91181056,58488664,runtime-auto-block3-1-M.txt,RuntimeMemory,True,36,0,36,36,4096,36,,,,4128,36
0,1189848,2080768,1526,3489792,81382,0,90404,released_1,17043456,58513816,runtime-auto-block3-1-M.txt,RuntimeMemory,True,0,1,1,36,4096,1,,,,4128,0
167268,1281664,2195456,1809,2793472,89796,36,90404,retained_2,91590656,64735592,runtime-auto-block3-1-M.txt,RuntimeMemory,True,36,0,36,36,4096,36,,,,4128,36
0,1191272,2064384,1528,4431872,90135,0,90404,released_2,15749120,64760920,runtime-auto-block3-1-M.txt,RuntimeMemory,True,0,1,1,36,4096,1,,,,4128,0
0,261720,909312,644,5480448,90221,0,90404,runtime_released,15155200,64767048,runtime-auto-block3-1-M.txt,RuntimeMemory,True,0,1,1,36,4096,1,,,,4128,0
0,181848,704512,461,6733824,5014,0,13552,initial,9519104,386544,runtime-auto-block3-2-P.txt,RuntimeMemory,True,0,0,0,0,4096,0,,,,4128,0
0,677040,1556480,879,7454720,63046,0,16908,compile_release_270,15921152,30485040,runtime-auto-block3-2-P.txt,RuntimeMemory,True,0,0,0,0,4096,0,,,,4128,0
134972,1266616,2220032,1780,6922240,71429,36,90608,retained_0,93184000,34584032,runtime-auto-block3-2-P.txt,RuntimeMemory,True,36,0,36,36,4096,36,,,,4128,36
0,1181656,2097152,1504,8085504,71774,0,90736,released_0,16842752,34614808,runtime-auto-block3-2-P.txt,RuntimeMemory,True,0,1,1,36,4096,1,,,,4128,0
134972,1278816,2154496,1804,7716864,80117,36,90736,retained_1,91336704,38708080,runtime-auto-block3-2-P.txt,RuntimeMemory,True,36,0,36,36,4096,36,,,,4128,36
0,1188200,2048000,1519,8110080,80454,0,90736,released_1,17051648,38733216,runtime-auto-block3-2-P.txt,RuntimeMemory,True,0,1,1,36,4096,1,,,,4128,0
134972,1280240,2220032,1806,7553024,88767,36,90736,retained_2,91570176,42852952,runtime-auto-block3-2-P.txt,RuntimeMemory,True,36,0,36,36,4096,36,,,,4128,36
0,1189640,2113536,1522,8077312,89106,0,90736,released_2,17125376,42878280,runtime-auto-block3-2-P.txt,RuntimeMemory,True,0,1,1,36,4096,1,,,,4128,0
0,260152,933888,642,9519104,89192,0,90736,runtime_released,15757312,42884408,runtime-auto-block3-2-P.txt,RuntimeMemory,True,0,1,1,36,4096,1,,,,4128,0
0,181688,688128,460,6750208,5013,0,13776,initial,9592832,386384,runtime-auto-block3-3-F.txt,RuntimeMemory,True,0,0,0,0,4096,0,,,,4128,0
0,505264,1286144,707,3145728,63069,0,14752,compile_release_270,14688256,30423912,runtime-auto-block3-3-F.txt,RuntimeMemory,True,0,0,0,0,4096,0,,,,4128,0
134972,1278688,2220032,1796,2850816,71440,36,88716,retained_0,91103232,34563808,runtime-auto-block3-3-F.txt,RuntimeMemory,True,36,0,36,36,4096,36,,,,4128,36
0,1188616,2088960,1517,4685824,71781,0,88716,released_0,14151680,34589456,runtime-auto-block3-3-F.txt,RuntimeMemory,True,0,1,1,36,4096,1,,,,4128,0
134972,1280288,2236416,1810,2785280,80124,36,88716,retained_1,89788416,38658456,runtime-auto-block3-3-F.txt,RuntimeMemory,True,36,0,36,36,4096,36,,,,4128,36
0,1189624,2113536,1522,4390912,80463,0,88716,released_1,14409728,38683784,runtime-auto-block3-3-F.txt,RuntimeMemory,True,0,1,1,36,4096,1,,,,4128,0
134972,1280320,2260992,1806,2957312,88782,36,88716,retained_2,89694208,42776712,runtime-auto-block3-3-F.txt,RuntimeMemory,True,36,0,36,36,4096,36,,,,4128,36
0,1189704,2097152,1521,4071424,89121,0,88716,released_2,14798848,42802040,runtime-auto-block3-3-F.txt,RuntimeMemory,True,0,1,1,36,4096,1,,,,4128,0
0,260184,884736,639,5316608,89207,0,88716,runtime_released,13639680,42808168,runtime-auto-block3-3-F.txt,RuntimeMemory,True,0,1,1,36,4096,1,,,,4128,0
0,181976,753664,463,2465792,5015,0,13708,initial,9592832,386672,runtime-auto-block3-4-F.txt,RuntimeMemory,True,0,0,0,0,4096,0,,,,4128,0
0,693416,1441792,905,3809280,63097,0,16776,compile_release_270,16273408,30357800,runtime-auto-block3-4-F.txt,RuntimeMemory,True,0,0,0,0,4096,0,,,,4128,0
134972,1281552,2170880,1805,3145728,71455,36,90576,retained_0,92971008,34506264,runtime-auto-block3-4-F.txt,RuntimeMemory,True,36,0,36,36,4096,36,,,,4128,36
0,1191272,2031616,1523,4497408,71796,0,90704,released_0,16351232,34531912,runtime-auto-block3-4-F.txt,RuntimeMemory,True,0,1,1,36,4096,1,,,,4128,0
134972,1282032,2269184,1807,3072000,80105,36,90704,retained_1,91537408,38683376,runtime-auto-block3-4-F.txt,RuntimeMemory,True,36,0,36,36,4096,36,,,,4128,36
0,1191240,2105344,1521,4186112,80444,0,90704,released_1,16535552,38708704,runtime-auto-block3-4-F.txt,RuntimeMemory,True,0,1,1,36,4096,1,,,,4128,0
134972,1283184,2170880,1812,2965504,88780,36,90704,retained_2,91619328,42796648,runtime-auto-block3-4-F.txt,RuntimeMemory,True,36,0,36,36,4096,36,,,,4128,36
0,1192744,2056192,1528,4603904,89119,0,90704,released_2,16003072,42821976,runtime-auto-block3-4-F.txt,RuntimeMemory,True,0,1,1,36,4096,1,,,,4128,0
0,263208,933888,645,5455872,89205,0,90704,runtime_released,15486976,42828104,runtime-auto-block3-4-F.txt,RuntimeMemory,True,0,1,1,36,4096,1,,,,4128,0
0,182328,704512,464,2539520,5017,0,13824,initial,9515008,387024,runtime-auto-block3-5-P.txt,RuntimeMemory,True,0,0,0,0,4096,0,,,,4128,0
0,380128,1122304,670,2883584,63018,0,14600,compile_release_270,14831616,30577120,runtime-auto-block3-5-P.txt,RuntimeMemory,True,0,0,0,0,4096,0,,,,4128,0
134972,1271176,2244608,1792,3710976,71378,36,88148,retained_0,90419200,34741024,runtime-auto-block3-5-P.txt,RuntimeMemory,True,36,0,36,36,4096,36,,,,4128,36
0,1180672,2080768,1506,4407296,71717,0,88276,released_0,14331904,34766480,runtime-auto-block3-5-P.txt,RuntimeMemory,True,0,1,1,36,4096,1,,,,4128,0
134972,1274696,2113536,1801,3678208,80035,36,88276,retained_1,88944640,38940424,runtime-auto-block3-5-P.txt,RuntimeMemory,True,36,0,36,36,4096,36,,,,4128,36
0,1184048,2007040,1514,4268032,80372,0,88276,released_1,14499840,38965560,runtime-auto-block3-5-P.txt,RuntimeMemory,True,0,1,1,36,4096,1,,,,4128,0
134972,1277784,2228224,1801,3702784,88705,36,88276,retained_2,88924160,43104888,runtime-auto-block3-5-P.txt,RuntimeMemory,True,36,0,36,36,4096,36,,,,4128,36
0,1187376,2097152,1519,5341184,89044,0,88276,released_2,13418496,43130216,runtime-auto-block3-5-P.txt,RuntimeMemory,True,0,1,1,36,4096,1,,,,4128,0
0,257872,901120,638,5472256,89119,0,88276,runtime_released,13352960,43134768,runtime-auto-block3-5-P.txt,RuntimeMemory,True,0,1,1,36,4096,1,,,,4128,0
0,176672,565248,455,2818048,5008,0,13604,initial,9154560,381368,runtime-auto-block3-6-M.txt,RuntimeMemory,True,0,0,0,0,4096,0,,,,4128,0
0,522608,1269760,755,3334144,63747,0,16520,compile_release_270,16654336,46214688,runtime-auto-block3-6-M.txt,RuntimeMemory,True,0,0,0,0,4096,0,,,,4128,0
167268,1262648,1982464,1772,3325952,72219,36,90728,retained_0,92983296,52428392,runtime-auto-block3-6-M.txt,RuntimeMemory,True,36,0,36,36,4096,36,,,,4128,36
0,1172576,1875968,1493,4898816,72560,0,90728,released_0,16052224,52454040,runtime-auto-block3-6-M.txt,RuntimeMemory,True,0,1,1,36,4096,1,,,,4128,0
167268,1272600,2039808,1796,3375104,81009,36,90728,retained_1,91574272,58639240,runtime-auto-block3-6-M.txt,RuntimeMemory,True,36,0,36,36,4096,36,,,,4128,36
0,1182192,1957888,1514,4751360,81346,0,90728,released_1,16244736,58664376,runtime-auto-block3-6-M.txt,RuntimeMemory,True,0,1,1,36,4096,1,,,,4128,0
167268,1272584,2080768,1795,3465216,89771,36,90728,retained_2,91316224,64866504,runtime-auto-block3-6-M.txt,RuntimeMemory,True,36,0,36,36,4096,36,,,,4128,36
0,1182176,1957888,1513,4775936,90110,0,90728,released_2,16248832,64891832,runtime-auto-block3-6-M.txt,RuntimeMemory,True,0,1,1,36,4096,1,,,,4128,0
0,252608,819200,628,5562368,90196,0,90728,runtime_released,15523840,64897960,runtime-auto-block3-6-M.txt,RuntimeMemory,True,0,1,1,36,4096,1,,,,4128,0
0,118728,499712,439,2940928,4988,0,13444,initial,9097216,323312,runtime-block1-1-M.txt,RuntimeMemory,True,0,0,0,0,4096,0,,,,4128,0
0,677432,1327104,856,3809280,60048,0,14764,compile_release_270,14512128,38109192,runtime-block1-1-M.txt,RuntimeMemory,True,0,0,0,0,4096,0,,,,4128,0
167268,1170656,1785856,1691,3579904,68019,36,88852,retained_0,91054080,43286344,runtime-block1-1-M.txt,RuntimeMemory,True,36,0,36,36,4096,36,,,,4128,36
0,1079736,1687552,1407,5283840,68358,0,88852,released_0,13979648,43310648,runtime-block1-1-M.txt,RuntimeMemory,True,0,1,1,36,4096,1,,,,4128,0
167268,1170960,1826816,1692,3563520,76275,36,88852,retained_1,89513984,48456440,runtime-block1-1-M.txt,RuntimeMemory,True,36,0,36,36,4096,36,,,,4128,36
0,1079736,1736704,1407,5332992,76612,0,88852,released_1,13983744,48480424,runtime-block1-1-M.txt,RuntimeMemory,True,0,1,1,36,4096,1,,,,4128,0
167268,1170960,1884160,1692,3555328,84529,36,88852,retained_2,89595904,53626216,runtime-block1-1-M.txt,RuntimeMemory,True,36,0,36,36,4096,36,,,,4128,36
0,1079736,1785856,1407,5316608,84866,0,88852,released_2,14069760,53650200,runtime-block1-1-M.txt,RuntimeMemory,True,0,1,1,36,4096,1,,,,4128,0
0,150408,655360,520,6103040,84941,0,88852,runtime_released,13348864,53653984,runtime-block1-1-M.txt,RuntimeMemory,True,0,1,1,36,4096,1,,,,4128,0
0,118744,499712,440,2940928,4989,0,13824,initial,9453568,323328,runtime-block1-2-P.txt,RuntimeMemory,True,0,0,0,0,4096,0,,,,4128,0
0,1316056,1974272,1210,3710976,59617,0,16632,compile_release_270,16351232,23997832,runtime-block1-2-P.txt,RuntimeMemory,True,0,0,0,0,4096,0,,,,4128,0
134972,1170416,1835008,1676,4694016,67530,36,90392,retained_0,91652096,27293456,runtime-block1-2-P.txt,RuntimeMemory,True,36,0,36,36,4096,36,,,,4128,36
0,1079608,1744896,1399,4694016,67869,0,90392,released_0,16195584,27317760,runtime-block1-2-P.txt,RuntimeMemory,True,0,1,1,36,4096,1,,,,4128,0
134972,1170736,1875968,1678,3465216,75728,36,90392,retained_1,91152384,30582024,runtime-block1-2-P.txt,RuntimeMemory,True,36,0,36,36,4096,36,,,,4128,36
0,1079608,1785856,1399,4825088,76065,0,90392,released_1,16060416,30606008,runtime-block1-2-P.txt,RuntimeMemory,True,0,1,1,36,4096,1,,,,4128,0
134972,1170736,1957888,1678,3801088,83924,36,90392,retained_2,90857472,33870272,runtime-block1-2-P.txt,RuntimeMemory,True,36,0,36,36,4096,36,,,,4128,36
0,1079608,1867776,1399,4718592,84261,0,90392,released_2,16138240,33894256,runtime-block1-2-P.txt,RuntimeMemory,True,0,1,1,36,4096,1,,,,4128,0
0,150424,638976,521,6029312,84336,0,90392,runtime_released,14938112,33898040,runtime-block1-2-P.txt,RuntimeMemory,True,0,1,1,36,4096,1,,,,4128,0
0,118744,499712,440,2940928,4989,0,13588,initial,7426048,323328,runtime-block1-3-F.txt,RuntimeMemory,True,0,0,0,0,4096,0,,,,4128,0
0,1316056,2015232,1210,3686400,59617,0,14812,compile_release_270,14811136,23997832,runtime-block1-3-F.txt,RuntimeMemory,True,0,0,0,0,4096,0,,,,4128,0
134972,1170416,1835008,1676,4120576,67530,36,88148,retained_0,90337280,27293456,runtime-block1-3-F.txt,RuntimeMemory,True,36,0,36,36,4096,36,,,,4128,36
0,1079608,1744896,1399,4710400,67869,0,88148,released_0,14417920,27317760,runtime-block1-3-F.txt,RuntimeMemory,True,0,1,1,36,4096,1,,,,4128,0
134972,1170752,1867776,1679,3751936,75728,36,88148,retained_1,89321472,30582024,runtime-block1-3-F.txt,RuntimeMemory,True,36,0,36,36,4096,36,,,,4128,36
0,1079624,1777664,1400,4866048,76065,0,88148,released_1,14409728,30606008,runtime-block1-3-F.txt,RuntimeMemory,True,0,1,1,36,4096,1,,,,4128,0
134972,1170752,1941504,1679,3751936,83924,36,88148,retained_2,89247744,33870272,runtime-block1-3-F.txt,RuntimeMemory,True,36,0,36,36,4096,36,,,,4128,36
0,1079624,1851392,1400,4734976,84261,0,88148,released_2,14548992,33894256,runtime-block1-3-F.txt,RuntimeMemory,True,0,1,1,36,4096,1,,,,4128,0
0,150424,647168,521,6045696,84336,0,88148,runtime_released,13303808,33898040,runtime-block1-3-F.txt,RuntimeMemory,True,0,1,1,36,4096,1,,,,4128,0
0,118904,499712,441,7135232,4990,0,13760,initial,9527296,323488,runtime-block1-4-F.txt,RuntimeMemory,True,0,0,0,0,4096,0,,,,4128,0
0,1316376,2023424,1212,7872512,59619,0,15408,compile_release_270,15372288,23998152,runtime-block1-4-F.txt,RuntimeMemory,True,0,0,0,0,4096,0,,,,4128,0
134972,1170720,1835008,1678,8200192,67531,36,89120,retained_0,91328512,27293744,runtime-block1-4-F.txt,RuntimeMemory,True,36,0,36,36,4096,36,,,,4128,36
0,1079912,1744896,1401,8921088,67870,0,89120,released_0,15155200,27318048,runtime-block1-4-F.txt,RuntimeMemory,True,0,1,1,36,4096,1,,,,4128,0
134972,1171056,1875968,1681,7806976,75729,36,89120,retained_1,89948160,30582312,runtime-block1-4-F.txt,RuntimeMemory,True,36,0,36,36,4096,36,,,,4128,36
0,1079928,1785856,1402,9052160,76066,0,89120,released_1,15011840,30606296,runtime-block1-4-F.txt,RuntimeMemory,True,0,1,1,36,4096,1,,,,4128,0
134972,1171040,1949696,1680,7995392,83925,36,89120,retained_2,89837568,33870560,runtime-block1-4-F.txt,RuntimeMemory,True,36,0,36,36,4096,36,,,,4128,36
0,1079912,1859584,1401,8912896,84262,0,89120,released_2,15130624,33894544,runtime-block1-4-F.txt,RuntimeMemory,True,0,1,1,36,4096,1,,,,4128,0
0,150728,647168,523,10223616,84337,0,89120,runtime_released,13914112,33898328,runtime-block1-4-F.txt,RuntimeMemory,True,0,1,1,36,4096,1,,,,4128,0
0,118744,499712,440,2940928,4989,0,13688,initial,9453568,323328,runtime-block1-5-P.txt,RuntimeMemory,True,0,0,0,0,4096,0,,,,4128,0
0,1316376,2023424,1212,3678208,59619,0,15164,compile_release_270,15106048,23998152,runtime-block1-5-P.txt,RuntimeMemory,True,0,0,0,0,4096,0,,,,4128,0
134972,1170736,1851392,1678,4005888,67532,36,88852,retained_0,91058176,27293776,runtime-block1-5-P.txt,RuntimeMemory,True,36,0,36,36,4096,36,,,,4128,36
0,1079928,1761280,1401,4661248,67871,0,88852,released_0,14946304,27318080,runtime-block1-5-P.txt,RuntimeMemory,True,0,1,1,36,4096,1,,,,4128,0
134972,1171072,1900544,1681,3620864,75730,36,88852,retained_1,89776128,30582344,runtime-block1-5-P.txt,RuntimeMemory,True,36,0,36,36,4096,36,,,,4128,36
0,1079944,1810432,1402,4792320,76067,0,88852,released_1,14811136,30606328,runtime-block1-5-P.txt,RuntimeMemory,True,0,1,1,36,4096,1,,,,4128,0
134972,1171056,1933312,1680,3801088,83926,36,88852,retained_2,89616384,33870592,runtime-block1-5-P.txt,RuntimeMemory,True,36,0,36,36,4096,36,,,,4128,36
0,1079928,1843200,1401,4784128,84263,0,88852,released_2,14831616,33894576,runtime-block1-5-P.txt,RuntimeMemory,True,0,1,1,36,4096,1,,,,4128,0
0,150744,655360,523,6029312,84338,0,88852,runtime_released,13651968,33898360,runtime-block1-5-P.txt,RuntimeMemory,True,0,1,1,36,4096,1,,,,4128,0
0,118568,499712,438,2940928,4987,0,13680,initial,7000064,323152,runtime-block1-6-M.txt,RuntimeMemory,True,0,0,0,0,4096,0,,,,4128,0
0,1315192,1949696,1188,3366912,60044,0,14636,compile_release_270,15151104,38108880,runtime-block1-6-M.txt,RuntimeMemory,True,0,0,0,0,4096,0,,,,4128,0
167268,1170416,1785856,1686,3694592,68015,36,89412,retained_0,91234304,43286032,runtime-block1-6-M.txt,RuntimeMemory,True,36,0,36,36,4096,36,,,,4128,36
0,1079528,1695744,1404,4939776,68354,0,89412,released_0,14512128,43310336,runtime-block1-6-M.txt,RuntimeMemory,True,0,1,1,36,4096,1,,,,4128,0
167268,1170784,1826816,1691,3571712,76271,36,89412,retained_1,89698304,48456128,runtime-block1-6-M.txt,RuntimeMemory,True,36,0,36,36,4096,36,,,,4128,36
0,1079560,1736704,1406,5120000,76608,0,89412,released_1,14401536,48480112,runtime-block1-6-M.txt,RuntimeMemory,True,0,1,1,36,4096,1,,,,4128,0
167268,1170784,1884160,1691,3547136,84525,36,89412,retained_2,89735168,53625904,runtime-block1-6-M.txt,RuntimeMemory,True,36,0,36,36,4096,36,,,,4128,36
0,1079560,1785856,1406,5242880,84862,0,89412,released_2,14274560,53649888,runtime-block1-6-M.txt,RuntimeMemory,True,0,1,1,36,4096,1,,,,4128,0
0,150232,655360,519,6094848,84937,0,89412,runtime_released,13488128,53653672,runtime-block1-6-M.txt,RuntimeMemory,True,0,1,1,36,4096,1,,,,4128,0
0,118728,499712,439,7135232,4988,0,13776,initial,9105408,323312,runtime-block2-1-M.txt,RuntimeMemory,True,0,0,0,0,4096,0,,,,4128,0
0,1154008,1744896,1190,3375104,60048,0,14756,compile_release_270,14954496,38109392,runtime-block2-1-M.txt,RuntimeMemory,True,0,0,0,0,4096,0,,,,4128,0
167268,1170944,1818624,1692,3375104,68018,36,89096,retained_0,91365376,43286512,runtime-block2-1-M.txt,RuntimeMemory,True,36,0,36,36,4096,36,,,,4128,36
0,1080040,1720320,1409,5144576,68357,0,89096,released_0,14118912,43310816,runtime-block2-1-M.txt,RuntimeMemory,True,0,1,1,36,4096,1,,,,4128,0
167268,1171264,1884160,1694,3538944,76274,36,89096,retained_1,89575424,48456608,runtime-block2-1-M.txt,RuntimeMemory,True,36,0,36,36,4096,36,,,,4128,36
0,1080040,1794048,1409,5111808,76611,0,89096,released_1,14147584,48480592,runtime-block2-1-M.txt,RuntimeMemory,True,0,1,1,36,4096,1,,,,4128,0
167268,1171264,1826816,1694,3547136,84528,36,89096,retained_2,89468928,53626384,runtime-block2-1-M.txt,RuntimeMemory,True,36,0,36,36,4096,36,,,,4128,36
0,1080040,1728512,1409,5439488,84865,0,89096,released_2,13815808,53650368,runtime-block2-1-M.txt,RuntimeMemory,True,0,1,1,36,4096,1,,,,4128,0
0,150712,655360,522,6160384,84940,0,89096,runtime_released,13160448,53654152,runtime-block2-1-M.txt,RuntimeMemory,True,0,1,1,36,4096,1,,,,4128,0
0,118584,499712,439,2940928,4988,0,13780,initial,7356416,323168,runtime-block2-2-P.txt,RuntimeMemory,True,0,0,0,0,4096,0,,,,4128,0
0,1129768,1851392,1092,3858432,59617,0,14664,compile_release_270,14430208,23997832,runtime-block2-2-P.txt,RuntimeMemory,True,0,0,0,0,4096,0,,,,4128,0
134972,1170416,1875968,1676,3670016,67530,36,88528,retained_0,90726400,27293456,runtime-block2-2-P.txt,RuntimeMemory,True,36,0,36,36,4096,36,,,,4128,36
0,1079608,1785856,1399,4718592,67869,0,88528,released_0,14360576,27317760,runtime-block2-2-P.txt,RuntimeMemory,True,0,1,1,36,4096,1,,,,4128,0
134972,1170736,1990656,1678,3670016,75728,36,88528,retained_1,89145344,30582024,runtime-block2-2-P.txt,RuntimeMemory,True,36,0,36,36,4096,36,,,,4128,36
0,1079608,1900544,1399,4718592,76065,0,88528,released_1,14344192,30606008,runtime-block2-2-P.txt,RuntimeMemory,True,0,1,1,36,4096,1,,,,4128,0
134972,1170752,1884160,1679,3801088,83924,36,88528,retained_2,89092096,33870272,runtime-block2-2-P.txt,RuntimeMemory,True,36,0,36,36,4096,36,,,,4128,36
0,1079624,1794048,1400,4849664,84261,0,88528,released_2,14237696,33894256,runtime-block2-2-P.txt,RuntimeMemory,True,0,1,1,36,4096,1,,,,4128,0
0,150424,655360,521,6094848,84336,0,88528,runtime_released,13058048,33898040,runtime-block2-2-P.txt,RuntimeMemory,True,0,1,1,36,4096,1,,,,4128,0
0,118584,499712,439,2940928,4988,0,13604,initial,9523200,323168,runtime-block2-3-F.txt,RuntimeMemory,True,0,0,0,0,4096,0,,,,4128,0
0,1315896,2023424,1209,3645440,59616,0,14928,compile_release_270,14782464,23997672,runtime-block2-3-F.txt,RuntimeMemory,True,0,0,0,0,4096,0,,,,4128,0
134972,1170256,1835008,1675,3973120,67529,36,88540,retained_0,90738688,27293296,runtime-block2-3-F.txt,RuntimeMemory,True,36,0,36,36,4096,36,,,,4128,36
0,1079448,1744896,1398,4694016,67868,0,88540,released_0,14561280,27317600,runtime-block2-3-F.txt,RuntimeMemory,True,0,1,1,36,4096,1,,,,4128,0
134972,1170576,1875968,1677,3645440,75727,36,88540,retained_1,89399296,30581864,runtime-block2-3-F.txt,RuntimeMemory,True,36,0,36,36,4096,36,,,,4128,36
0,1079448,1785856,1398,4825088,76064,0,88540,released_1,14417920,30605848,runtime-block2-3-F.txt,RuntimeMemory,True,0,1,1,36,4096,1,,,,4128,0
134972,1170576,1941504,1677,3809280,83923,36,88540,retained_2,89206784,33870112,runtime-block2-3-F.txt,RuntimeMemory,True,36,0,36,36,4096,36,,,,4128,36
0,1079448,1851392,1398,4726784,84260,0,88540,released_2,14528512,33894096,runtime-block2-3-F.txt,RuntimeMemory,True,0,1,1,36,4096,1,,,,4128,0
0,150264,655360,520,6021120,84335,0,88540,runtime_released,13299712,33897880,runtime-block2-3-F.txt,RuntimeMemory,True,0,1,1,36,4096,1,,,,4128,0
0,118424,499712,438,2940928,4987,0,13780,initial,9523200,323008,runtime-block2-4-F.txt,RuntimeMemory,True,0,0,0,0,4096,0,,,,4128,0
0,1008664,1646592,1066,3710976,59616,0,16932,compile_release_270,16793600,23997672,runtime-block2-4-F.txt,RuntimeMemory,True,0,0,0,0,4096,0,,,,4128,0
134972,1170256,1908736,1675,3522560,67529,36,90984,retained_0,93241344,27293296,runtime-block2-4-F.txt,RuntimeMemory,True,36,0,36,36,4096,36,,,,4128,36
0,1079448,1818624,1398,4898816,67868,0,90984,released_0,16433152,27317600,runtime-block2-4-F.txt,RuntimeMemory,True,0,1,1,36,4096,1,,,,4128,0
134972,1170592,1933312,1678,3809280,75727,36,90984,retained_1,91275264,30581864,runtime-block2-4-F.txt,RuntimeMemory,True,36,0,36,36,4096,36,,,,4128,36
0,1079448,1843200,1398,4726784,76064,0,90984,released_1,16596992,30605848,runtime-block2-4-F.txt,RuntimeMemory,True,0,1,1,36,4096,1,,,,4128,0
134972,1170576,1949696,1677,3833856,83923,36,90984,retained_2,91258880,33870112,runtime-block2-4-F.txt,RuntimeMemory,True,36,0,36,36,4096,36,,,,4128,36
0,1079448,1859584,1398,4751360,84260,0,90984,released_2,16580608,33894096,runtime-block2-4-F.txt,RuntimeMemory,True,0,1,1,36,4096,1,,,,4128,0
0,150264,647168,520,5996544,84335,0,90984,runtime_released,15400960,33897880,runtime-block2-4-F.txt,RuntimeMemory,True,0,1,1,36,4096,1,,,,4128,0
0,118744,499712,440,2940928,4989,0,13604,initial,9453568,323328,runtime-block2-5-P.txt,RuntimeMemory,True,0,0,0,0,4096,0,,,,4128,0
0,1316056,1974272,1210,3661824,59617,0,16628,compile_release_270,16547840,23997832,runtime-block2-5-P.txt,RuntimeMemory,True,0,0,0,0,4096,0,,,,4128,0
134972,1170416,1835008,1676,4292608,67530,36,89792,retained_0,92020736,27293456,runtime-block2-5-P.txt,RuntimeMemory,True,36,0,36,36,4096,36,,,,4128,36
0,1079608,1744896,1399,4816896,67869,0,89792,released_0,16138240,27317760,runtime-block2-5-P.txt,RuntimeMemory,True,0,1,1,36,4096,1,,,,4128,0
134972,1170736,1875968,1678,3596288,75728,36,89792,retained_1,91189248,30582024,runtime-block2-5-P.txt,RuntimeMemory,True,36,0,36,36,4096,36,,,,4128,36
0,1079608,1785856,1399,4841472,76065,0,89792,released_1,16195584,30606008,runtime-block2-5-P.txt,RuntimeMemory,True,0,1,1,36,4096,1,,,,4128,0
134972,1170736,1957888,1678,3792896,83924,36,89792,retained_2,91062272,33870272,runtime-block2-5-P.txt,RuntimeMemory,True,36,0,36,36,4096,36,,,,4128,36
0,1079608,1867776,1399,4710400,84261,0,89792,released_2,16338944,33894256,runtime-block2-5-P.txt,RuntimeMemory,True,0,1,1,36,4096,1,,,,4128,0
0,150424,638976,521,6021120,84336,0,89792,runtime_released,15093760,33898040,runtime-block2-5-P.txt,RuntimeMemory,True,0,1,1,36,4096,1,,,,4128,0
0,119048,499712,441,2940928,4990,0,13824,initial,7004160,323632,runtime-block2-6-M.txt,RuntimeMemory,True,0,0,0,0,4096,0,,,,4128,0
0,798680,1458176,882,3858432,60050,0,14640,compile_release_270,14581760,38109528,runtime-block2-6-M.txt,RuntimeMemory,True,0,0,0,0,4096,0,,,,4128,0
167268,1170976,1810432,1693,3579904,68021,36,89116,retained_0,91262976,43286680,runtime-block2-6-M.txt,RuntimeMemory,True,36,0,36,36,4096,36,,,,4128,36
0,1080056,1712128,1409,5283840,68360,0,89116,released_0,14094336,43310984,runtime-block2-6-M.txt,RuntimeMemory,True,0,1,1,36,4096,1,,,,4128,0
167268,1171280,1826816,1694,3604480,76277,36,89116,retained_1,89591808,48456776,runtime-block2-6-M.txt,RuntimeMemory,True,36,0,36,36,4096,36,,,,4128,36
0,1080056,1736704,1409,5160960,76614,0,89116,released_1,14213120,48480760,runtime-block2-6-M.txt,RuntimeMemory,True,0,1,1,36,4096,1,,,,4128,0
167268,1171280,1884160,1694,3514368,84531,36,89116,retained_2,89530368,53626552,runtime-block2-6-M.txt,RuntimeMemory,True,36,0,36,36,4096,36,,,,4128,36
0,1080056,1785856,1409,5087232,84868,0,89116,released_2,14299136,53650536,runtime-block2-6-M.txt,RuntimeMemory,True,0,1,1,36,4096,1,,,,4128,0
0,150728,655360,522,6070272,84943,0,89116,runtime_released,13377536,53654320,runtime-block2-6-M.txt,RuntimeMemory,True,0,1,1,36,4096,1,,,,4128,0
0,118408,499712,437,7135232,4986,0,13764,initial,9105408,322992,runtime-block3-1-M.txt,RuntimeMemory,True,0,0,0,0,4096,0,,,,4128,0
0,798040,1441792,878,3915776,60046,0,14752,compile_release_270,14512128,38108872,runtime-block3-1-M.txt,RuntimeMemory,True,0,0,0,0,4096,0,,,,4128,0
167268,1170336,1785856,1689,3596288,68017,36,88844,retained_0,91045888,43286024,runtime-block3-1-M.txt,RuntimeMemory,True,36,0,36,36,4096,36,,,,4128,36
0,1079416,1687552,1405,5365760,68356,0,88844,released_0,14000128,43310328,runtime-block3-1-M.txt,RuntimeMemory,True,0,1,1,36,4096,1,,,,4128,0
167268,1170640,1884160,1690,3522560,76273,36,88844,retained_1,89489408,48456120,runtime-block3-1-M.txt,RuntimeMemory,True,36,0,36,36,4096,36,,,,4128,36
0,1079416,1794048,1405,5095424,76610,0,88844,released_1,14270464,48480104,runtime-block3-1-M.txt,RuntimeMemory,True,0,1,1,36,4096,1,,,,4128,0
167268,1170640,1826816,1690,3604480,84527,36,88844,retained_2,89530368,53625896,runtime-block3-1-M.txt,RuntimeMemory,True,36,0,36,36,4096,36,,,,4128,36
0,1079416,1728512,1405,5111808,84864,0,88844,released_2,14258176,53649880,runtime-block3-1-M.txt,RuntimeMemory,True,0,1,1,36,4096,1,,,,4128,0
0,150088,655360,518,6094848,84939,0,88844,runtime_released,13336576,53653664,runtime-block3-1-M.txt,RuntimeMemory,True,0,1,1,36,4096,1,,,,4128,0
0,118904,499712,441,2940928,4990,0,13604,initial,9453568,323488,runtime-block3-2-P.txt,RuntimeMemory,True,0,0,0,0,4096,0,,,,4128,0
0,1316376,2031616,1212,3596288,59619,0,15004,compile_release_270,15151104,23998152,runtime-block3-2-P.txt,RuntimeMemory,True,0,0,0,0,4096,0,,,,4128,0
134972,1170736,1851392,1678,4136960,67532,36,88508,retained_0,90705920,27293776,runtime-block3-2-P.txt,RuntimeMemory,True,36,0,36,36,4096,36,,,,4128,36
0,1079928,1761280,1401,4726784,67871,0,88508,released_0,14774272,27318080,runtime-block3-2-P.txt,RuntimeMemory,True,0,1,1,36,4096,1,,,,4128,0
134972,1171072,1884160,1681,3637248,75730,36,88508,retained_1,89677824,30582344,runtime-block3-2-P.txt,RuntimeMemory,True,36,0,36,36,4096,36,,,,4128,36
0,1079944,1794048,1402,4808704,76067,0,88508,released_1,14749696,30606328,runtime-block3-2-P.txt,RuntimeMemory,True,0,1,1,36,4096,1,,,,4128,0
134972,1171056,1949696,1680,3792896,83926,36,88508,retained_2,89579520,33870592,runtime-block3-2-P.txt,RuntimeMemory,True,36,0,36,36,4096,36,,,,4128,36
0,1079928,1859584,1401,4775936,84263,0,88508,released_2,14794752,33894576,runtime-block3-2-P.txt,RuntimeMemory,True,0,1,1,36,4096,1,,,,4128,0
0,150744,655360,523,6021120,84338,0,88508,runtime_released,13615104,33898360,runtime-block3-2-P.txt,RuntimeMemory,True,0,1,1,36,4096,1,,,,4128,0
0,118904,499712,441,2940928,4990,0,13748,initial,7426048,323488,runtime-block3-3-F.txt,RuntimeMemory,True,0,0,0,0,4096,0,,,,4128,0
0,1316536,2023424,1213,3678208,59620,0,14812,compile_release_270,14749696,23998312,runtime-block3-3-F.txt,RuntimeMemory,True,0,0,0,0,4096,0,,,,4128,0
134972,1170896,1843200,1679,3940352,67533,36,88828,retained_0,90771456,27293936,runtime-block3-3-F.txt,RuntimeMemory,True,36,0,36,36,4096,36,,,,4128,36
0,1080088,1753088,1402,4661248,67872,0,88828,released_0,14594048,27318240,runtime-block3-3-F.txt,RuntimeMemory,True,0,1,1,36,4096,1,,,,4128,0
134972,1171232,1875968,1682,3678208,75731,36,88828,retained_1,89325568,30582504,runtime-block3-3-F.txt,RuntimeMemory,True,36,0,36,36,4096,36,,,,4128,36
0,1080104,1785856,1403,4857856,76068,0,88828,released_1,14397440,30606488,runtime-block3-3-F.txt,RuntimeMemory,True,0,1,1,36,4096,1,,,,4128,0
134972,1171216,1949696,1681,3809280,83927,36,88828,retained_2,89223168,33870752,runtime-block3-3-F.txt,RuntimeMemory,True,36,0,36,36,4096,36,,,,4128,36
0,1080088,1859584,1402,4726784,84264,0,88828,released_2,14528512,33894736,runtime-block3-3-F.txt,RuntimeMemory,True,0,1,1,36,4096,1,,,,4128,0
0,150904,655360,524,6037504,84339,0,88828,runtime_released,13295616,33898520,runtime-block3-3-F.txt,RuntimeMemory,True,0,1,1,36,4096,1,,,,4128,0
0,118744,499712,440,7135232,4989,0,13716,initial,9527296,323328,runtime-block3-4-F.txt,RuntimeMemory,True,0,0,0,0,4096,0,,,,4128,0
0,1316216,2023424,1211,7839744,59618,0,15412,compile_release_270,15339520,23997992,runtime-block3-4-F.txt,RuntimeMemory,True,0,0,0,0,4096,0,,,,4128,0
134972,1170576,1843200,1677,8167424,67531,36,89404,retained_0,91295744,27293616,runtime-block3-4-F.txt,RuntimeMemory,True,36,0,36,36,4096,36,,,,4128,36
0,1079768,1753088,1400,8888320,67870,0,89404,released_0,15118336,27317920,runtime-block3-4-F.txt,RuntimeMemory,True,0,1,1,36,4096,1,,,,4128,0
134972,1170912,1875968,1680,7774208,75729,36,89404,retained_1,89944064,30582184,runtime-block3-4-F.txt,RuntimeMemory,True,36,0,36,36,4096,36,,,,4128,36
0,1079784,1785856,1401,9019392,76066,0,89404,released_1,14987264,30606168,runtime-block3-4-F.txt,RuntimeMemory,True,0,1,1,36,4096,1,,,,4128,0
134972,1170912,1949696,1680,7979008,83925,36,89404,retained_2,89845760,33870432,runtime-block3-4-F.txt,RuntimeMemory,True,36,0,36,36,4096,36,,,,4128,36
0,1079784,1859584,1401,8962048,84262,0,89404,released_2,15056896,33894416,runtime-block3-4-F.txt,RuntimeMemory,True,0,1,1,36,4096,1,,,,4128,0
0,150584,655360,522,10207232,84337,0,89404,runtime_released,13877248,33898200,runtime-block3-4-F.txt,RuntimeMemory,True,0,1,1,36,4096,1,,,,4128,0
0,118584,499712,439,2940928,4988,0,13720,initial,7356416,323168,runtime-block3-5-P.txt,RuntimeMemory,True,0,0,0,0,4096,0,,,,4128,0
0,1316056,1998848,1210,3670016,59617,0,14676,compile_release_270,14635008,23997832,runtime-block3-5-P.txt,RuntimeMemory,True,0,0,0,0,4096,0,,,,4128,0
134972,1170416,1843200,1676,3997696,67530,36,88720,retained_0,90591232,27293456,runtime-block3-5-P.txt,RuntimeMemory,True,36,0,36,36,4096,36,,,,4128,36
0,1079608,1753088,1399,4718592,67869,0,88720,released_0,14417920,27317760,runtime-block3-5-P.txt,RuntimeMemory,True,0,1,1,36,4096,1,,,,4128,0
134972,1170736,1867776,1678,3678208,75728,36,88720,retained_1,89182208,30582024,runtime-block3-5-P.txt,RuntimeMemory,True,36,0,36,36,4096,36,,,,4128,36
0,1079608,1777664,1399,4857856,76065,0,88720,released_1,14266368,30606008,runtime-block3-5-P.txt,RuntimeMemory,True,0,1,1,36,4096,1,,,,4128,0
134972,1170752,1941504,1679,3809280,83924,36,88720,retained_2,89079808,33870272,runtime-block3-5-P.txt,RuntimeMemory,True,36,0,36,36,4096,36,,,,4128,36
0,1079624,1851392,1400,4726784,84261,0,88720,released_2,14364672,33894256,runtime-block3-5-P.txt,RuntimeMemory,True,0,1,1,36,4096,1,,,,4128,0
0,150424,647168,521,6037504,84336,0,88720,runtime_released,13156352,33898040,runtime-block3-5-P.txt,RuntimeMemory,True,0,1,1,36,4096,1,,,,4128,0
0,118568,499712,438,2940928,4987,0,13604,initial,9101312,323152,runtime-block3-6-M.txt,RuntimeMemory,True,0,0,0,0,4096,0,,,,4128,0
0,784632,1376256,857,3538944,60047,0,16744,compile_release_270,17076224,38109232,runtime-block3-6-M.txt,RuntimeMemory,True,0,0,0,0,4096,0,,,,4128,0
167268,1170816,1810432,1692,3538944,68018,36,91232,retained_0,93491200,43286384,runtime-block3-6-M.txt,RuntimeMemory,True,36,0,36,36,4096,36,,,,4128,36
0,1079896,1712128,1408,5308416,68357,0,91232,released_0,16248832,43310688,runtime-block3-6-M.txt,RuntimeMemory,True,0,1,1,36,4096,1,,,,4128,0
167268,1171120,1826816,1693,3588096,76274,36,91232,retained_1,91897856,48456480,runtime-block3-6-M.txt,RuntimeMemory,True,36,0,36,36,4096,36,,,,4128,36
0,1079896,1736704,1408,5160960,76611,0,91232,released_1,16457728,48480464,runtime-block3-6-M.txt,RuntimeMemory,True,0,1,1,36,4096,1,,,,4128,0
167268,1171120,1884160,1693,3514368,84528,36,91232,retained_2,91865088,53626256,runtime-block3-6-M.txt,RuntimeMemory,True,36,0,36,36,4096,36,,,,4128,36
0,1079896,1785856,1408,5087232,84865,0,91232,released_2,16527360,53650240,runtime-block3-6-M.txt,RuntimeMemory,True,0,1,1,36,4096,1,,,,4128,0
0,150568,655360,521,6070272,84940,0,91232,runtime_released,15605760,53654024,runtime-block3-6-M.txt,RuntimeMemory,True,0,1,1,36,4096,1,,,,4128,0
