scenario,phase,revision,metric,median,min,max,n
memory/TestSharingMappedMemory,initial,M,heap_alloc,369088.0,363352,369248,6
memory/TestSharingMappedMemory,initial,B,heap_alloc,368768.0,363512,368928,6
memory/TestSharingMappedMemory,initial,R,heap_alloc,368864.0,363208,369104,6
memory/TestSharingMappedMemory,initial,P,heap_alloc,363528.0,362728,368944,6
memory/TestSharingMappedMemory,initial,M,heap_inuse,892928.0,892928,892928,6
memory/TestSharingMappedMemory,initial,B,heap_inuse,892928.0,892928,892928,6
memory/TestSharingMappedMemory,initial,R,heap_inuse,892928.0,892928,892928,6
memory/TestSharingMappedMemory,initial,P,heap_inuse,892928.0,892928,892928,6
memory/TestSharingMappedMemory,initial,M,heap_objects,1902.0,1894,1903,6
memory/TestSharingMappedMemory,initial,B,heap_objects,1900.0,1895,1901,6
memory/TestSharingMappedMemory,initial,R,heap_objects,1901.5,1894,1903,6
memory/TestSharingMappedMemory,initial,P,heap_objects,1896.0,1891,1902,6
memory/TestSharingMappedMemory,initial,M,heap_released,5627904.0,5537792,9764864,6
memory/TestSharingMappedMemory,initial,B,heap_released,5607424.0,5545984,9797632,6
memory/TestSharingMappedMemory,initial,R,heap_released,5451776.0,5398528,5513216,6
memory/TestSharingMappedMemory,initial,P,heap_released,5484544.0,5431296,9740288,6
memory/TestSharingMappedMemory,initial,M,rss_bytes,18591744.0,18317312,20807680,6
memory/TestSharingMappedMemory,initial,B,rss_bytes,18790400.0,18321408,20819968,6
memory/TestSharingMappedMemory,initial,R,rss_bytes,20807680.0,20561920,21102592,6
memory/TestSharingMappedMemory,initial,P,rss_bytes,22097920.0,20856832,23166976,6
memory/TestSharingMappedMemory,initial,M,peak_rss_kib,20222.0,20112,22212,6
memory/TestSharingMappedMemory,initial,B,peak_rss_kib,20196.0,19956,22172,6
memory/TestSharingMappedMemory,initial,R,peak_rss_kib,22162.0,22084,22560,6
memory/TestSharingMappedMemory,initial,P,peak_rss_kib,23494.0,22240,24436,6
memory/TestSharingMappedMemory,initial,M,code_bytes,0.0,0,0,6
memory/TestSharingMappedMemory,initial,B,code_bytes,0.0,0,0,6
memory/TestSharingMappedMemory,initial,R,code_bytes,0.0,0,0,6
memory/TestSharingMappedMemory,initial,P,code_bytes,0.0,0,0,6
memory/TestSharingMappedMemory,initial,M,mapped_bytes,0.0,0,0,6
memory/TestSharingMappedMemory,initial,B,mapped_bytes,0.0,0,0,6
memory/TestSharingMappedMemory,initial,R,mapped_bytes,0.0,0,0,6
memory/TestSharingMappedMemory,initial,P,mapped_bytes,0.0,0,0,6
memory/TestSharingMappedMemory,initial,M,payload_bytes_page_rounded,0.0,0,0,6
memory/TestSharingMappedMemory,initial,B,payload_bytes_page_rounded,0.0,0,0,6
memory/TestSharingMappedMemory,initial,R,payload_bytes_page_rounded,0.0,0,0,6
memory/TestSharingMappedMemory,initial,P,payload_bytes_page_rounded,0.0,0,0,6
memory/TestSharingMappedMemory,compile_release_270,M,heap_alloc,367032.0,361296,367192,6
memory/TestSharingMappedMemory,compile_release_270,B,heap_alloc,366712.0,361456,366872,6
memory/TestSharingMappedMemory,compile_release_270,R,heap_alloc,366792.0,361152,367032,6
memory/TestSharingMappedMemory,compile_release_270,P,heap_alloc,361472.0,360672,366888,6
memory/TestSharingMappedMemory,compile_release_270,M,heap_inuse,884736.0,884736,884736,6
memory/TestSharingMappedMemory,compile_release_270,B,heap_inuse,884736.0,884736,884736,6
memory/TestSharingMappedMemory,compile_release_270,R,heap_inuse,884736.0,884736,884736,6
memory/TestSharingMappedMemory,compile_release_270,P,heap_inuse,884736.0,884736,884736,6
memory/TestSharingMappedMemory,compile_release_270,M,heap_objects,1892.0,1884,1893,6
memory/TestSharingMappedMemory,compile_release_270,B,heap_objects,1890.0,1885,1891,6
memory/TestSharingMappedMemory,compile_release_270,R,heap_objects,1890.5,1884,1892,6
memory/TestSharingMappedMemory,compile_release_270,P,heap_objects,1886.0,1881,1892,6
memory/TestSharingMappedMemory,compile_release_270,M,heap_released,5206016.0,2990080,7495680,6
memory/TestSharingMappedMemory,compile_release_270,B,heap_released,3153920.0,3022848,7430144,6
memory/TestSharingMappedMemory,compile_release_270,R,heap_released,3428352.0,3309568,3588096,6
memory/TestSharingMappedMemory,compile_release_270,P,heap_released,3350528.0,3153920,7536640,6
memory/TestSharingMappedMemory,compile_release_270,M,rss_bytes,21182464.0,20877312,23277568,6
memory/TestSharingMappedMemory,compile_release_270,B,rss_bytes,21835776.0,20938752,23171072,6
memory/TestSharingMappedMemory,compile_release_270,R,rss_bytes,23265280.0,22925312,23449600,6
memory/TestSharingMappedMemory,compile_release_270,P,rss_bytes,24535040.0,23367680,25563136,6
memory/TestSharingMappedMemory,compile_release_270,M,peak_rss_kib,20794.0,20332,22864,6
memory/TestSharingMappedMemory,compile_release_270,B,peak_rss_kib,21594.0,20440,22680,6
memory/TestSharingMappedMemory,compile_release_270,R,peak_rss_kib,22680.0,22332,22836,6
memory/TestSharingMappedMemory,compile_release_270,P,peak_rss_kib,23808.0,22712,24908,6
memory/TestSharingMappedMemory,compile_release_270,M,code_bytes,0.0,0,0,6
memory/TestSharingMappedMemory,compile_release_270,B,code_bytes,0.0,0,0,6
memory/TestSharingMappedMemory,compile_release_270,R,code_bytes,0.0,0,0,6
memory/TestSharingMappedMemory,compile_release_270,P,code_bytes,0.0,0,0,6
memory/TestSharingMappedMemory,compile_release_270,M,mapped_bytes,0.0,0,0,6
memory/TestSharingMappedMemory,compile_release_270,B,mapped_bytes,0.0,0,0,6
memory/TestSharingMappedMemory,compile_release_270,R,mapped_bytes,0.0,0,0,6
memory/TestSharingMappedMemory,compile_release_270,P,mapped_bytes,0.0,0,0,6
memory/TestSharingMappedMemory,compile_release_270,M,payload_bytes_page_rounded,0.0,0,0,6
memory/TestSharingMappedMemory,compile_release_270,B,payload_bytes_page_rounded,0.0,0,0,6
memory/TestSharingMappedMemory,compile_release_270,R,payload_bytes_page_rounded,0.0,0,0,6
memory/TestSharingMappedMemory,compile_release_270,P,payload_bytes_page_rounded,0.0,0,0,6
memory/TestSharingMappedMemory,retained_0,M,heap_alloc,447096.0,439952,447256,6
memory/TestSharingMappedMemory,retained_0,B,heap_alloc,446776.0,440112,446936,6
memory/TestSharingMappedMemory,retained_0,R,heap_alloc,446856.0,441200,447096,6
memory/TestSharingMappedMemory,retained_0,P,heap_alloc,441520.0,440720,446936,6
memory/TestSharingMappedMemory,retained_0,M,heap_inuse,1007616.0,991232,1007616,6
memory/TestSharingMappedMemory,retained_0,B,heap_inuse,1007616.0,991232,1007616,6
memory/TestSharingMappedMemory,retained_0,R,heap_inuse,999424.0,999424,999424,6
memory/TestSharingMappedMemory,retained_0,P,heap_inuse,999424.0,999424,999424,6
memory/TestSharingMappedMemory,retained_0,M,heap_objects,2016.0,1999,2017,6
memory/TestSharingMappedMemory,retained_0,B,heap_objects,2014.0,2000,2015,6
memory/TestSharingMappedMemory,retained_0,R,heap_objects,2014.5,2007,2016,6
memory/TestSharingMappedMemory,retained_0,P,heap_objects,2009.0,2004,2015,6
memory/TestSharingMappedMemory,retained_0,M,heap_released,6307840.0,4235264,8609792,6
memory/TestSharingMappedMemory,retained_0,B,heap_released,4304896.0,4259840,8478720,6
memory/TestSharingMappedMemory,retained_0,R,heap_released,5705728.0,5488640,5832704,6
memory/TestSharingMappedMemory,retained_0,P,heap_released,5316608.0,4579328,8781824,6
memory/TestSharingMappedMemory,retained_0,M,rss_bytes,20385792.0,20164608,22679552,6
memory/TestSharingMappedMemory,retained_0,B,rss_bytes,21041152.0,20180992,22433792,6
memory/TestSharingMappedMemory,retained_0,R,rss_bytes,21288960.0,20926464,21508096,6
memory/TestSharingMappedMemory,retained_0,P,rss_bytes,23212032.0,21557248,24543232,6
memory/TestSharingMappedMemory,retained_0,M,peak_rss_kib,20886.0,20588,22952,6
memory/TestSharingMappedMemory,retained_0,B,peak_rss_kib,21710.0,20696,22780,6
memory/TestSharingMappedMemory,retained_0,R,peak_rss_kib,22936.0,22588,23092,6
memory/TestSharingMappedMemory,retained_0,P,peak_rss_kib,24026.0,22968,25164,6
memory/TestSharingMappedMemory,retained_0,M,code_bytes,167268.0,167268,167268,6
memory/TestSharingMappedMemory,retained_0,B,code_bytes,167268.0,167268,167268,6
memory/TestSharingMappedMemory,retained_0,R,code_bytes,134972.0,134972,134972,6
memory/TestSharingMappedMemory,retained_0,P,code_bytes,134972.0,134972,134972,6
memory/TestSharingMappedMemory,retained_0,M,mapped_bytes,606208.0,606208,606208,6
memory/TestSharingMappedMemory,retained_0,B,mapped_bytes,606208.0,606208,606208,6
memory/TestSharingMappedMemory,retained_0,R,mapped_bytes,606208.0,606208,606208,6
memory/TestSharingMappedMemory,retained_0,P,mapped_bytes,606208.0,606208,606208,6
memory/TestSharingMappedMemory,retained_0,M,payload_bytes_page_rounded,278528.0,278528,278528,6
memory/TestSharingMappedMemory,retained_0,B,payload_bytes_page_rounded,278528.0,278528,278528,6
memory/TestSharingMappedMemory,retained_0,R,payload_bytes_page_rounded,262144.0,262144,262144,6
memory/TestSharingMappedMemory,retained_0,P,payload_bytes_page_rounded,262144.0,262144,262144,6
memory/TestSharingMappedMemory,released_0,M,heap_alloc,371688.0,365936,371848,6
memory/TestSharingMappedMemory,released_0,B,heap_alloc,371368.0,366096,371528,6
memory/TestSharingMappedMemory,released_0,R,heap_alloc,371464.0,365808,371704,6
memory/TestSharingMappedMemory,released_0,P,heap_alloc,366128.0,365328,371544,6
memory/TestSharingMappedMemory,released_0,M,heap_inuse,901120.0,901120,901120,6
memory/TestSharingMappedMemory,released_0,B,heap_inuse,901120.0,901120,901120,6
memory/TestSharingMappedMemory,released_0,R,heap_inuse,901120.0,901120,901120,6
memory/TestSharingMappedMemory,released_0,P,heap_inuse,901120.0,901120,901120,6
memory/TestSharingMappedMemory,released_0,M,heap_objects,1910.0,1901,1911,6
memory/TestSharingMappedMemory,released_0,B,heap_objects,1908.0,1902,1909,6
memory/TestSharingMappedMemory,released_0,R,heap_objects,1909.5,1902,1911,6
memory/TestSharingMappedMemory,released_0,P,heap_objects,1904.0,1899,1910,6
memory/TestSharingMappedMemory,released_0,M,heap_released,6406144.0,4235264,10862592,6
memory/TestSharingMappedMemory,released_0,B,heap_released,5484544.0,4259840,10903552,6
memory/TestSharingMappedMemory,released_0,R,heap_released,5738496.0,5685248,5832704,6
memory/TestSharingMappedMemory,released_0,P,heap_released,6356992.0,5988352,10551296,6
memory/TestSharingMappedMemory,released_0,M,rss_bytes,20054016.0,17760256,22204416,6
memory/TestSharingMappedMemory,released_0,B,rss_bytes,19957760.0,19116032,21884928,6
memory/TestSharingMappedMemory,released_0,R,rss_bytes,20899840.0,20668416,21250048,6
memory/TestSharingMappedMemory,released_0,P,rss_bytes,21590016.0,20316160,22958080,6
memory/TestSharingMappedMemory,released_0,M,peak_rss_kib,20886.0,20588,22952,6
memory/TestSharingMappedMemory,released_0,B,peak_rss_kib,21710.0,20696,22780,6
memory/TestSharingMappedMemory,released_0,R,peak_rss_kib,22936.0,22588,23092,6
memory/TestSharingMappedMemory,released_0,P,peak_rss_kib,24026.0,22968,25164,6
memory/TestSharingMappedMemory,released_0,M,code_bytes,0.0,0,0,6
memory/TestSharingMappedMemory,released_0,B,code_bytes,0.0,0,0,6
memory/TestSharingMappedMemory,released_0,R,code_bytes,0.0,0,0,6
memory/TestSharingMappedMemory,released_0,P,code_bytes,0.0,0,0,6
memory/TestSharingMappedMemory,released_0,M,mapped_bytes,0.0,0,0,6
memory/TestSharingMappedMemory,released_0,B,mapped_bytes,0.0,0,0,6
memory/TestSharingMappedMemory,released_0,R,mapped_bytes,0.0,0,0,6
memory/TestSharingMappedMemory,released_0,P,mapped_bytes,0.0,0,0,6
memory/TestSharingMappedMemory,released_0,M,payload_bytes_page_rounded,0.0,0,0,6
memory/TestSharingMappedMemory,released_0,B,payload_bytes_page_rounded,0.0,0,0,6
memory/TestSharingMappedMemory,released_0,R,payload_bytes_page_rounded,0.0,0,0,6
memory/TestSharingMappedMemory,released_0,P,payload_bytes_page_rounded,0.0,0,0,6
memory/TestSharingMappedMemory,retained_1,M,heap_alloc,447096.0,441344,447256,6
memory/TestSharingMappedMemory,retained_1,B,heap_alloc,446776.0,441504,446936,6
memory/TestSharingMappedMemory,retained_1,R,heap_alloc,446856.0,441200,447096,6
memory/TestSharingMappedMemory,retained_1,P,heap_alloc,441520.0,440720,446936,6
memory/TestSharingMappedMemory,retained_1,M,heap_inuse,1007616.0,1007616,1007616,6
memory/TestSharingMappedMemory,retained_1,B,heap_inuse,1007616.0,1007616,1007616,6
memory/TestSharingMappedMemory,retained_1,R,heap_inuse,999424.0,999424,999424,6
memory/TestSharingMappedMemory,retained_1,P,heap_inuse,999424.0,999424,999424,6
memory/TestSharingMappedMemory,retained_1,M,heap_objects,2016.0,2007,2017,6
memory/TestSharingMappedMemory,retained_1,B,heap_objects,2014.0,2008,2015,6
memory/TestSharingMappedMemory,retained_1,R,heap_objects,2014.5,2007,2016,6
memory/TestSharingMappedMemory,retained_1,P,heap_objects,2009.0,2004,2015,6
memory/TestSharingMappedMemory,retained_1,M,heap_released,6545408.0,4513792,8790016,6
memory/TestSharingMappedMemory,retained_1,B,heap_released,4571136.0,4448256,8781824,6
memory/TestSharingMappedMemory,retained_1,R,heap_released,5750784.0,5701632,5857280,6
memory/TestSharingMappedMemory,retained_1,P,heap_released,6410240.0,6348800,10641408,6
memory/TestSharingMappedMemory,retained_1,M,rss_bytes,20092928.0,19386368,22454272,6
memory/TestSharingMappedMemory,retained_1,B,rss_bytes,20389888.0,19931136,21872640,6
memory/TestSharingMappedMemory,retained_1,R,rss_bytes,21137408.0,20934656,21504000,6
memory/TestSharingMappedMemory,retained_1,P,rss_bytes,21817344.0,20525056,22794240,6
memory/TestSharingMappedMemory,retained_1,M,peak_rss_kib,20886.0,20588,22952,6
memory/TestSharingMappedMemory,retained_1,B,peak_rss_kib,21710.0,20696,22780,6
memory/TestSharingMappedMemory,retained_1,R,peak_rss_kib,22936.0,22588,23092,6
memory/TestSharingMappedMemory,retained_1,P,peak_rss_kib,24026.0,22968,25164,6
memory/TestSharingMappedMemory,retained_1,M,code_bytes,167268.0,167268,167268,6
memory/TestSharingMappedMemory,retained_1,B,code_bytes,167268.0,167268,167268,6
memory/TestSharingMappedMemory,retained_1,R,code_bytes,134972.0,134972,134972,6
memory/TestSharingMappedMemory,retained_1,P,code_bytes,134972.0,134972,134972,6
memory/TestSharingMappedMemory,retained_1,M,mapped_bytes,606208.0,606208,606208,6
memory/TestSharingMappedMemory,retained_1,B,mapped_bytes,606208.0,606208,606208,6
memory/TestSharingMappedMemory,retained_1,R,mapped_bytes,606208.0,606208,606208,6
memory/TestSharingMappedMemory,retained_1,P,mapped_bytes,606208.0,606208,606208,6
memory/TestSharingMappedMemory,retained_1,M,payload_bytes_page_rounded,278528.0,278528,278528,6
memory/TestSharingMappedMemory,retained_1,B,payload_bytes_page_rounded,278528.0,278528,278528,6
memory/TestSharingMappedMemory,retained_1,R,payload_bytes_page_rounded,262144.0,262144,262144,6
memory/TestSharingMappedMemory,retained_1,P,payload_bytes_page_rounded,262144.0,262144,262144,6
memory/TestSharingMappedMemory,released_1,M,heap_alloc,371688.0,365936,371848,6
memory/TestSharingMappedMemory,released_1,B,heap_alloc,371368.0,366096,371528,6
memory/TestSharingMappedMemory,released_1,R,heap_alloc,371464.0,365808,371704,6
memory/TestSharingMappedMemory,released_1,P,heap_alloc,366128.0,365328,371544,6
memory/TestSharingMappedMemory,released_1,M,heap_inuse,901120.0,901120,901120,6
memory/TestSharingMappedMemory,released_1,B,heap_inuse,901120.0,901120,901120,6
memory/TestSharingMappedMemory,released_1,R,heap_inuse,901120.0,901120,901120,6
memory/TestSharingMappedMemory,released_1,P,heap_inuse,901120.0,901120,901120,6
memory/TestSharingMappedMemory,released_1,M,heap_objects,1910.0,1901,1911,6
memory/TestSharingMappedMemory,released_1,B,heap_objects,1908.0,1902,1909,6
memory/TestSharingMappedMemory,released_1,R,heap_objects,1909.5,1902,1911,6
memory/TestSharingMappedMemory,released_1,P,heap_objects,1904.0,1899,1910,6
memory/TestSharingMappedMemory,released_1,M,heap_released,6545408.0,4513792,8781824,6
memory/TestSharingMappedMemory,released_1,B,heap_released,4567040.0,4448256,8749056,6
memory/TestSharingMappedMemory,released_1,R,heap_released,5750784.0,5701632,5816320,6
memory/TestSharingMappedMemory,released_1,P,heap_released,6406144.0,6324224,10600448,6
memory/TestSharingMappedMemory,released_1,M,rss_bytes,19814400.0,19116032,22175744,6
memory/TestSharingMappedMemory,released_1,B,rss_bytes,20115456.0,19652608,21594112,6
memory/TestSharingMappedMemory,released_1,R,rss_bytes,20895744.0,20672512,21241856,6
memory/TestSharingMappedMemory,released_1,P,rss_bytes,21575680.0,20262912,22532096,6
memory/TestSharingMappedMemory,released_1,M,peak_rss_kib,20886.0,20588,22952,6
memory/TestSharingMappedMemory,released_1,B,peak_rss_kib,21710.0,20696,22780,6
memory/TestSharingMappedMemory,released_1,R,peak_rss_kib,22936.0,22588,23092,6
memory/TestSharingMappedMemory,released_1,P,peak_rss_kib,24026.0,22968,25164,6
memory/TestSharingMappedMemory,released_1,M,code_bytes,0.0,0,0,6
memory/TestSharingMappedMemory,released_1,B,code_bytes,0.0,0,0,6
memory/TestSharingMappedMemory,released_1,R,code_bytes,0.0,0,0,6
memory/TestSharingMappedMemory,released_1,P,code_bytes,0.0,0,0,6
memory/TestSharingMappedMemory,released_1,M,mapped_bytes,0.0,0,0,6
memory/TestSharingMappedMemory,released_1,B,mapped_bytes,0.0,0,0,6
memory/TestSharingMappedMemory,released_1,R,mapped_bytes,0.0,0,0,6
memory/TestSharingMappedMemory,released_1,P,mapped_bytes,0.0,0,0,6
memory/TestSharingMappedMemory,released_1,M,payload_bytes_page_rounded,0.0,0,0,6
memory/TestSharingMappedMemory,released_1,B,payload_bytes_page_rounded,0.0,0,0,6
memory/TestSharingMappedMemory,released_1,R,payload_bytes_page_rounded,0.0,0,0,6
memory/TestSharingMappedMemory,released_1,P,payload_bytes_page_rounded,0.0,0,0,6
memory/TestSharingMappedMemory,retained_2,M,heap_alloc,447096.0,441344,447256,6
memory/TestSharingMappedMemory,retained_2,B,heap_alloc,446776.0,441504,446936,6
memory/TestSharingMappedMemory,retained_2,R,heap_alloc,446856.0,441200,447096,6
memory/TestSharingMappedMemory,retained_2,P,heap_alloc,441520.0,440720,446936,6
memory/TestSharingMappedMemory,retained_2,M,heap_inuse,1007616.0,1007616,1007616,6
memory/TestSharingMappedMemory,retained_2,B,heap_inuse,1007616.0,1007616,1007616,6
memory/TestSharingMappedMemory,retained_2,R,heap_inuse,999424.0,999424,999424,6
memory/TestSharingMappedMemory,retained_2,P,heap_inuse,999424.0,999424,999424,6
memory/TestSharingMappedMemory,retained_2,M,heap_objects,2016.0,2007,2017,6
memory/TestSharingMappedMemory,retained_2,B,heap_objects,2014.0,2008,2015,6
memory/TestSharingMappedMemory,retained_2,R,heap_objects,2014.5,2007,2016,6
memory/TestSharingMappedMemory,retained_2,P,heap_objects,2009.0,2004,2015,6
memory/TestSharingMappedMemory,retained_2,M,heap_released,6598656.0,4513792,8773632,6
memory/TestSharingMappedMemory,retained_2,B,heap_released,4546560.0,4415488,8740864,6
memory/TestSharingMappedMemory,retained_2,R,heap_released,5722112.0,5537792,5849088,6
memory/TestSharingMappedMemory,retained_2,P,heap_released,6352896.0,6004736,10559488,6
memory/TestSharingMappedMemory,retained_2,M,rss_bytes,20127744.0,19902464,22212608,6
memory/TestSharingMappedMemory,retained_2,B,rss_bytes,20865024.0,19931136,22179840,6
memory/TestSharingMappedMemory,retained_2,R,rss_bytes,21256192.0,20934656,21508096,6
memory/TestSharingMappedMemory,retained_2,P,rss_bytes,21798912.0,20525056,23146496,6
memory/TestSharingMappedMemory,retained_2,M,peak_rss_kib,20886.0,20588,22952,6
memory/TestSharingMappedMemory,retained_2,B,peak_rss_kib,21710.0,20696,22780,6
memory/TestSharingMappedMemory,retained_2,R,peak_rss_kib,22936.0,22588,23092,6
memory/TestSharingMappedMemory,retained_2,P,peak_rss_kib,24026.0,22968,25164,6
memory/TestSharingMappedMemory,retained_2,M,code_bytes,167268.0,167268,167268,6
memory/TestSharingMappedMemory,retained_2,B,code_bytes,167268.0,167268,167268,6
memory/TestSharingMappedMemory,retained_2,R,code_bytes,134972.0,134972,134972,6
memory/TestSharingMappedMemory,retained_2,P,code_bytes,134972.0,134972,134972,6
memory/TestSharingMappedMemory,retained_2,M,mapped_bytes,606208.0,606208,606208,6
memory/TestSharingMappedMemory,retained_2,B,mapped_bytes,606208.0,606208,606208,6
memory/TestSharingMappedMemory,retained_2,R,mapped_bytes,606208.0,606208,606208,6
memory/TestSharingMappedMemory,retained_2,P,mapped_bytes,606208.0,606208,606208,6
memory/TestSharingMappedMemory,retained_2,M,payload_bytes_page_rounded,278528.0,278528,278528,6
memory/TestSharingMappedMemory,retained_2,B,payload_bytes_page_rounded,278528.0,278528,278528,6
memory/TestSharingMappedMemory,retained_2,R,payload_bytes_page_rounded,262144.0,262144,262144,6
memory/TestSharingMappedMemory,retained_2,P,payload_bytes_page_rounded,262144.0,262144,262144,6
memory/TestSharingMappedMemory,released_2,M,heap_alloc,371688.0,365936,371848,6
memory/TestSharingMappedMemory,released_2,B,heap_alloc,371368.0,366096,371528,6
memory/TestSharingMappedMemory,released_2,R,heap_alloc,371464.0,365808,371704,6
memory/TestSharingMappedMemory,released_2,P,heap_alloc,366128.0,365328,371544,6
memory/TestSharingMappedMemory,released_2,M,heap_inuse,901120.0,901120,901120,6
memory/TestSharingMappedMemory,released_2,B,heap_inuse,901120.0,901120,901120,6
memory/TestSharingMappedMemory,released_2,R,heap_inuse,901120.0,901120,901120,6
memory/TestSharingMappedMemory,released_2,P,heap_inuse,901120.0,901120,901120,6
memory/TestSharingMappedMemory,released_2,M,heap_objects,1910.0,1901,1911,6
memory/TestSharingMappedMemory,released_2,B,heap_objects,1908.0,1902,1909,6
memory/TestSharingMappedMemory,released_2,R,heap_objects,1909.5,1902,1911,6
memory/TestSharingMappedMemory,released_2,P,heap_objects,1904.0,1899,1910,6
memory/TestSharingMappedMemory,released_2,M,heap_released,6594560.0,4513792,8773632,6
memory/TestSharingMappedMemory,released_2,B,heap_released,4546560.0,4407296,8740864,6
memory/TestSharingMappedMemory,released_2,R,heap_released,5722112.0,5693440,5849088,6
memory/TestSharingMappedMemory,released_2,P,heap_released,6352896.0,5996544,10559488,6
memory/TestSharingMappedMemory,released_2,M,rss_bytes,19849216.0,19623936,21934080,6
memory/TestSharingMappedMemory,released_2,B,rss_bytes,20590592.0,19652608,21901312,6
memory/TestSharingMappedMemory,released_2,R,rss_bytes,20920320.0,20672512,21245952,6
memory/TestSharingMappedMemory,released_2,P,rss_bytes,21536768.0,20262912,22925312,6
memory/TestSharingMappedMemory,released_2,M,peak_rss_kib,20886.0,20588,22952,6
memory/TestSharingMappedMemory,released_2,B,peak_rss_kib,21710.0,20696,22780,6
memory/TestSharingMappedMemory,released_2,R,peak_rss_kib,22936.0,22588,23092,6
memory/TestSharingMappedMemory,released_2,P,peak_rss_kib,24026.0,22968,25164,6
memory/TestSharingMappedMemory,released_2,M,code_bytes,0.0,0,0,6
memory/TestSharingMappedMemory,released_2,B,code_bytes,0.0,0,0,6
memory/TestSharingMappedMemory,released_2,R,code_bytes,0.0,0,0,6
memory/TestSharingMappedMemory,released_2,P,code_bytes,0.0,0,0,6
memory/TestSharingMappedMemory,released_2,M,mapped_bytes,0.0,0,0,6
memory/TestSharingMappedMemory,released_2,B,mapped_bytes,0.0,0,0,6
memory/TestSharingMappedMemory,released_2,R,mapped_bytes,0.0,0,0,6
memory/TestSharingMappedMemory,released_2,P,mapped_bytes,0.0,0,0,6
memory/TestSharingMappedMemory,released_2,M,payload_bytes_page_rounded,0.0,0,0,6
memory/TestSharingMappedMemory,released_2,B,payload_bytes_page_rounded,0.0,0,0,6
memory/TestSharingMappedMemory,released_2,R,payload_bytes_page_rounded,0.0,0,0,6
memory/TestSharingMappedMemory,released_2,P,payload_bytes_page_rounded,0.0,0,0,6
memory/TestSharingMappedMemory,compile_release_delta,M,bytes,19246168.0,19246160,19246176,6
memory/TestSharingMappedMemory,compile_release_delta,M,allocs,6303.0,6303,6303,6
memory/TestSharingMappedMemory,compile_release_delta,B,bytes,19246176.0,19246160,19246176,6
memory/TestSharingMappedMemory,compile_release_delta,B,allocs,6303.0,6303,6303,6
memory/TestSharingMappedMemory,compile_release_delta,R,bytes,9237168.0,9237168,9237184,6
memory/TestSharingMappedMemory,compile_release_delta,R,allocs,5883.0,5883,5883,6
memory/TestSharingMappedMemory,compile_release_delta,P,bytes,5173488.0,5173488,5173504,6
memory/TestSharingMappedMemory,compile_release_delta,P,allocs,5883.0,5883,5883,6
memory/TestSharingMemory,initial,M,heap_alloc,219128.0,213392,219288,6
memory/TestSharingMemory,initial,B,heap_alloc,218888.0,213552,219128,6
memory/TestSharingMemory,initial,R,heap_alloc,218904.0,213248,219144,6
memory/TestSharingMemory,initial,P,heap_alloc,213488.0,212928,219144,6
memory/TestSharingMemory,initial,M,heap_inuse,704512.0,704512,704512,6
memory/TestSharingMemory,initial,B,heap_inuse,704512.0,704512,704512,6
memory/TestSharingMemory,initial,R,heap_inuse,704512.0,704512,704512,6
memory/TestSharingMemory,initial,P,heap_inuse,704512.0,704512,704512,6
memory/TestSharingMemory,initial,M,heap_objects,734.0,726,735,6
memory/TestSharingMemory,initial,B,heap_objects,732.5,727,734,6
memory/TestSharingMemory,initial,R,heap_objects,733.5,726,735,6
memory/TestSharingMemory,initial,P,heap_objects,727.5,724,735,6
memory/TestSharingMemory,initial,M,heap_released,6979584.0,2785280,7012352,6
memory/TestSharingMemory,initial,B,heap_released,2801664.0,2785280,7012352,6
memory/TestSharingMemory,initial,R,heap_released,2785280.0,2785280,6979584,6
memory/TestSharingMemory,initial,P,heap_released,4898816.0,2785280,7012352,6
memory/TestSharingMemory,initial,M,rss_bytes,14135296.0,12038144,14204928,6
memory/TestSharingMemory,initial,B,rss_bytes,14161920.0,12013568,14254080,6
memory/TestSharingMemory,initial,R,rss_bytes,16146432.0,14110720,16199680,6
memory/TestSharingMemory,initial,P,rss_bytes,16304128.0,16211968,16355328,6
memory/TestSharingMemory,initial,M,peak_rss_kib,13712.0,13648,13768,6
memory/TestSharingMemory,initial,B,peak_rss_kib,13754.0,13596,13820,6
memory/TestSharingMemory,initial,R,peak_rss_kib,15700.0,13628,15756,6
memory/TestSharingMemory,initial,P,peak_rss_kib,15772.0,15700,15836,6
memory/TestSharingMemory,initial,M,code_bytes,0.0,0,0,6
memory/TestSharingMemory,initial,B,code_bytes,0.0,0,0,6
memory/TestSharingMemory,initial,R,code_bytes,0.0,0,0,6
memory/TestSharingMemory,initial,P,code_bytes,0.0,0,0,6
memory/TestSharingMemory,compile_release_270,M,heap_alloc,1173816.0,842968,1173976,6
memory/TestSharingMemory,compile_release_270,B,heap_alloc,1173148.0,1052192,1173656,6
memory/TestSharingMemory,compile_release_270,R,heap_alloc,1054632.0,888616,1388376,6
memory/TestSharingMemory,compile_release_270,P,heap_alloc,1459684.0,1382464,1536392,6
memory/TestSharingMemory,compile_release_270,M,heap_inuse,1855488.0,1482752,1908736,6
memory/TestSharingMemory,compile_release_270,B,heap_inuse,1855488.0,1744896,1916928,6
memory/TestSharingMemory,compile_release_270,R,heap_inuse,1740800.0,1605632,2105344,6
memory/TestSharingMemory,compile_release_270,P,heap_inuse,2211840.0,2179072,2301952,6
memory/TestSharingMemory,compile_release_270,M,heap_objects,1282.0,1091,1296,6
memory/TestSharingMemory,compile_release_270,B,heap_objects,1280.0,1233,1297,6
memory/TestSharingMemory,compile_release_270,R,heap_objects,1277.5,1232,1489,6
memory/TestSharingMemory,compile_release_270,P,heap_objects,1535.0,1479,1586,6
memory/TestSharingMemory,compile_release_270,M,heap_released,3870720.0,3186688,8101888,6
memory/TestSharingMemory,compile_release_270,B,heap_released,3903488.0,3350528,8060928,6
memory/TestSharingMemory,compile_release_270,R,heap_released,3760128.0,3211264,3899392,6
memory/TestSharingMemory,compile_release_270,P,heap_released,3424256.0,3334144,7733248,6
memory/TestSharingMemory,compile_release_270,M,rss_bytes,20381696.0,19779584,22274048,6
memory/TestSharingMemory,compile_release_270,B,rss_bytes,20490240.0,19804160,22462464,6
memory/TestSharingMemory,compile_release_270,R,rss_bytes,22329344.0,22011904,23040000,6
memory/TestSharingMemory,compile_release_270,P,rss_bytes,23855104.0,22646784,25006080,6
memory/TestSharingMemory,compile_release_270,M,peak_rss_kib,20222.0,20112,22212,6
memory/TestSharingMemory,compile_release_270,B,peak_rss_kib,20196.0,19956,22172,6
memory/TestSharingMemory,compile_release_270,R,peak_rss_kib,22162.0,22084,22560,6
memory/TestSharingMemory,compile_release_270,P,peak_rss_kib,23494.0,22240,24436,6
memory/TestSharingMemory,compile_release_270,M,code_bytes,0.0,0,0,6
memory/TestSharingMemory,compile_release_270,B,code_bytes,0.0,0,0,6
memory/TestSharingMemory,compile_release_270,R,code_bytes,0.0,0,0,6
memory/TestSharingMemory,compile_release_270,P,code_bytes,0.0,0,0,6
memory/TestSharingMemory,retained_0,M,heap_alloc,1562856.0,1557104,1563016,6
memory/TestSharingMemory,retained_0,B,heap_alloc,1562536.0,1557264,1562696,6
memory/TestSharingMemory,retained_0,R,heap_alloc,1557432.0,1551776,1557672,6
memory/TestSharingMemory,retained_0,P,heap_alloc,1552096.0,1551296,1557512,6
memory/TestSharingMemory,retained_0,M,heap_inuse,2252800.0,2187264,2252800,6
memory/TestSharingMemory,retained_0,B,heap_inuse,2252800.0,2187264,2269184,6
memory/TestSharingMemory,retained_0,R,heap_inuse,2248704.0,2211840,2310144,6
memory/TestSharingMemory,retained_0,P,heap_inuse,2252800.0,2244608,2277376,6
memory/TestSharingMemory,retained_0,M,heap_objects,1699.0,1690,1700,6
memory/TestSharingMemory,retained_0,B,heap_objects,1697.0,1691,1698,6
memory/TestSharingMemory,retained_0,R,heap_objects,1693.5,1686,1695,6
memory/TestSharingMemory,retained_0,P,heap_objects,1688.0,1683,1694,6
memory/TestSharingMemory,retained_0,M,heap_released,3522560.0,3186688,7643136,6
memory/TestSharingMemory,retained_0,B,heap_released,3461120.0,3350528,7675904,6
memory/TestSharingMemory,retained_0,R,heap_released,3596288.0,3424256,4030464,6
memory/TestSharingMemory,retained_0,P,heap_released,3940352.0,3809280,7995392,6
memory/TestSharingMemory,retained_0,M,rss_bytes,20525056.0,20082688,22548480,6
memory/TestSharingMemory,retained_0,B,rss_bytes,20664320.0,20144128,22659072,6
memory/TestSharingMemory,retained_0,R,rss_bytes,22458368.0,21770240,22769664,6
memory/TestSharingMemory,retained_0,P,rss_bytes,23480320.0,22151168,24539136,6
memory/TestSharingMemory,retained_0,M,peak_rss_kib,20222.0,20112,22212,6
memory/TestSharingMemory,retained_0,B,peak_rss_kib,20196.0,19956,22172,6
memory/TestSharingMemory,retained_0,R,peak_rss_kib,22162.0,22084,22560,6
memory/TestSharingMemory,retained_0,P,peak_rss_kib,23494.0,22240,24436,6
memory/TestSharingMemory,retained_0,M,code_bytes,167268.0,167268,167268,6
memory/TestSharingMemory,retained_0,B,code_bytes,167268.0,167268,167268,6
memory/TestSharingMemory,retained_0,R,code_bytes,134972.0,134972,134972,6
memory/TestSharingMemory,retained_0,P,code_bytes,134972.0,134972,134972,6
memory/TestSharingMemory,released_0,M,heap_alloc,1558552.0,1552816,1558712,6
memory/TestSharingMemory,released_0,B,heap_alloc,1558232.0,1552976,1558392,6
memory/TestSharingMemory,released_0,R,heap_alloc,1553128.0,1547472,1553368,6
memory/TestSharingMemory,released_0,P,heap_alloc,1547792.0,1546992,1553208,6
memory/TestSharingMemory,released_0,M,heap_inuse,2236416.0,2170880,2236416,6
memory/TestSharingMemory,released_0,B,heap_inuse,2236416.0,2170880,2252800,6
memory/TestSharingMemory,released_0,R,heap_inuse,2232320.0,2195456,2293760,6
memory/TestSharingMemory,released_0,P,heap_inuse,2236416.0,2228224,2260992,6
memory/TestSharingMemory,released_0,M,heap_objects,1671.0,1663,1672,6
memory/TestSharingMemory,released_0,B,heap_objects,1669.0,1664,1670,6
memory/TestSharingMemory,released_0,R,heap_objects,1665.5,1658,1667,6
memory/TestSharingMemory,released_0,P,heap_objects,1660.0,1655,1666,6
memory/TestSharingMemory,released_0,M,heap_released,5279744.0,5144576,9347072,6
memory/TestSharingMemory,released_0,B,heap_released,5210112.0,5144576,9445376,6
memory/TestSharingMemory,released_0,R,heap_released,4202496.0,4112384,4292608,6
memory/TestSharingMemory,released_0,P,heap_released,4661248.0,4595712,8781824,6
memory/TestSharingMemory,released_0,M,rss_bytes,18743296.0,18481152,20983808,6
memory/TestSharingMemory,released_0,B,rss_bytes,18974720.0,18542592,21061632,6
memory/TestSharingMemory,released_0,R,rss_bytes,21860352.0,21508096,22163456,6
memory/TestSharingMemory,released_0,P,rss_bytes,22726656.0,21430272,23752704,6
memory/TestSharingMemory,released_0,M,peak_rss_kib,20222.0,20112,22212,6
memory/TestSharingMemory,released_0,B,peak_rss_kib,20196.0,19956,22172,6
memory/TestSharingMemory,released_0,R,peak_rss_kib,22162.0,22084,22560,6
memory/TestSharingMemory,released_0,P,peak_rss_kib,23494.0,22240,24436,6
memory/TestSharingMemory,released_0,M,code_bytes,0.0,0,0,6
memory/TestSharingMemory,released_0,B,code_bytes,0.0,0,0,6
memory/TestSharingMemory,released_0,R,code_bytes,0.0,0,0,6
memory/TestSharingMemory,released_0,P,code_bytes,0.0,0,0,6
memory/TestSharingMemory,retained_1,M,heap_alloc,1562840.0,1557120,1563000,6
memory/TestSharingMemory,retained_1,B,heap_alloc,1562528.0,1557280,1562680,6
memory/TestSharingMemory,retained_1,R,heap_alloc,1557432.0,1551776,1557672,6
memory/TestSharingMemory,retained_1,P,heap_alloc,1552096.0,1551296,1557512,6
memory/TestSharingMemory,retained_1,M,heap_inuse,2162688.0,2154496,2179072,6
memory/TestSharingMemory,retained_1,B,heap_inuse,2162688.0,2146304,2187264,6
memory/TestSharingMemory,retained_1,R,heap_inuse,2252800.0,2236416,2260992,6
memory/TestSharingMemory,retained_1,P,heap_inuse,2260992.0,2252800,2277376,6
memory/TestSharingMemory,retained_1,M,heap_objects,1698.0,1691,1699,6
memory/TestSharingMemory,retained_1,B,heap_objects,1696.5,1692,1697,6
memory/TestSharingMemory,retained_1,R,heap_objects,1693.5,1686,1695,6
memory/TestSharingMemory,retained_1,P,heap_objects,1688.0,1683,1694,6
memory/TestSharingMemory,retained_1,M,heap_released,3932160.0,3645440,7880704,6
memory/TestSharingMemory,retained_1,B,heap_released,3977216.0,3653632,8077312,6
memory/TestSharingMemory,retained_1,R,heap_released,3809280.0,3637248,4046848,6
memory/TestSharingMemory,retained_1,P,heap_released,4128768.0,3858432,8372224,6
memory/TestSharingMemory,retained_1,M,rss_bytes,20002816.0,19628032,22228992,6
memory/TestSharingMemory,retained_1,B,rss_bytes,20060160.0,19767296,22274048,6
memory/TestSharingMemory,retained_1,R,rss_bytes,22173696.0,21827584,22556672,6
memory/TestSharingMemory,retained_1,P,rss_bytes,23193600.0,21860352,24375296,6
memory/TestSharingMemory,retained_1,M,peak_rss_kib,20222.0,20112,22212,6
memory/TestSharingMemory,retained_1,B,peak_rss_kib,20196.0,19956,22172,6
memory/TestSharingMemory,retained_1,R,peak_rss_kib,22162.0,22084,22560,6
memory/TestSharingMemory,retained_1,P,peak_rss_kib,23494.0,22240,24436,6
memory/TestSharingMemory,retained_1,M,code_bytes,167268.0,167268,167268,6
memory/TestSharingMemory,retained_1,B,code_bytes,167268.0,167268,167268,6
memory/TestSharingMemory,retained_1,R,code_bytes,134972.0,134972,134972,6
memory/TestSharingMemory,retained_1,P,code_bytes,134972.0,134972,134972,6
memory/TestSharingMemory,released_1,M,heap_alloc,1558536.0,1552816,1558696,6
memory/TestSharingMemory,released_1,B,heap_alloc,1558224.0,1552976,1558376,6
memory/TestSharingMemory,released_1,R,heap_alloc,1553128.0,1547472,1553368,6
memory/TestSharingMemory,released_1,P,heap_alloc,1547792.0,1546992,1553208,6
memory/TestSharingMemory,released_1,M,heap_inuse,2146304.0,2138112,2162688,6
memory/TestSharingMemory,released_1,B,heap_inuse,2146304.0,2129920,2170880,6
memory/TestSharingMemory,released_1,R,heap_inuse,2236416.0,2220032,2244608,6
memory/TestSharingMemory,released_1,P,heap_inuse,2244608.0,2236416,2260992,6
memory/TestSharingMemory,released_1,M,heap_objects,1670.0,1663,1671,6
memory/TestSharingMemory,released_1,B,heap_objects,1668.5,1664,1669,6
memory/TestSharingMemory,released_1,R,heap_objects,1665.5,1658,1667,6
memory/TestSharingMemory,released_1,P,heap_objects,1660.0,1655,1666,6
memory/TestSharingMemory,released_1,M,heap_released,4575232.0,4251648,8798208,6
memory/TestSharingMemory,released_1,B,heap_released,4648960.0,4276224,8798208,6
memory/TestSharingMemory,released_1,R,heap_released,4108288.0,4063232,5521408,6
memory/TestSharingMemory,released_1,P,heap_released,4579328.0,4554752,8765440,6
memory/TestSharingMemory,released_1,M,rss_bytes,19517440.0,19017728,21512192,6
memory/TestSharingMemory,released_1,B,rss_bytes,19662848.0,18997248,21430272,6
memory/TestSharingMemory,released_1,R,rss_bytes,21792768.0,20385792,22216704,6
memory/TestSharingMemory,released_1,P,rss_bytes,22784000.0,21557248,23801856,6
memory/TestSharingMemory,released_1,M,peak_rss_kib,20222.0,20112,22212,6
memory/TestSharingMemory,released_1,B,peak_rss_kib,20196.0,19956,22172,6
memory/TestSharingMemory,released_1,R,peak_rss_kib,22162.0,22084,22560,6
memory/TestSharingMemory,released_1,P,peak_rss_kib,23494.0,22240,24436,6
memory/TestSharingMemory,released_1,M,code_bytes,0.0,0,0,6
memory/TestSharingMemory,released_1,B,code_bytes,0.0,0,0,6
memory/TestSharingMemory,released_1,R,code_bytes,0.0,0,0,6
memory/TestSharingMemory,released_1,P,code_bytes,0.0,0,0,6
memory/TestSharingMemory,retained_2,M,heap_alloc,1562856.0,1557120,1563016,6
memory/TestSharingMemory,retained_2,B,heap_alloc,1562536.0,1557264,1562696,6
memory/TestSharingMemory,retained_2,R,heap_alloc,1557432.0,1551776,1557672,6
memory/TestSharingMemory,retained_2,P,heap_alloc,1552096.0,1551296,1557512,6
memory/TestSharingMemory,retained_2,M,heap_inuse,2158592.0,2146304,2195456,6
memory/TestSharingMemory,retained_2,B,heap_inuse,2154496.0,2146304,2179072,6
memory/TestSharingMemory,retained_2,R,heap_inuse,2244608.0,2228224,2252800,6
memory/TestSharingMemory,retained_2,P,heap_inuse,2260992.0,2244608,2269184,6
memory/TestSharingMemory,retained_2,M,heap_objects,1699.0,1691,1700,6
memory/TestSharingMemory,retained_2,B,heap_objects,1697.0,1691,1698,6
memory/TestSharingMemory,retained_2,R,heap_objects,1693.5,1686,1695,6
memory/TestSharingMemory,retained_2,P,heap_objects,1688.0,1683,1694,6
memory/TestSharingMemory,retained_2,M,heap_released,4153344.0,4005888,8241152,6
memory/TestSharingMemory,retained_2,B,heap_released,4014080.0,3973120,8265728,6
memory/TestSharingMemory,retained_2,R,heap_released,4030464.0,3858432,4079616,6
memory/TestSharingMemory,retained_2,P,heap_released,4136960.0,4022272,8060928,6
memory/TestSharingMemory,retained_2,M,rss_bytes,19800064.0,19582976,22040576,6
memory/TestSharingMemory,retained_2,B,rss_bytes,20064256.0,19521536,22122496,6
memory/TestSharingMemory,retained_2,R,rss_bytes,22056960.0,21725184,22282240,6
memory/TestSharingMemory,retained_2,P,rss_bytes,23173120.0,21868544,24276992,6
memory/TestSharingMemory,retained_2,M,peak_rss_kib,20222.0,20112,22212,6
memory/TestSharingMemory,retained_2,B,peak_rss_kib,20196.0,19956,22172,6
memory/TestSharingMemory,retained_2,R,peak_rss_kib,22162.0,22084,22560,6
memory/TestSharingMemory,retained_2,P,peak_rss_kib,23494.0,22240,24436,6
memory/TestSharingMemory,retained_2,M,code_bytes,167268.0,167268,167268,6
memory/TestSharingMemory,retained_2,B,code_bytes,167268.0,167268,167268,6
memory/TestSharingMemory,retained_2,R,code_bytes,134972.0,134972,134972,6
memory/TestSharingMemory,retained_2,P,code_bytes,134972.0,134972,134972,6
memory/TestSharingMemory,released_2,M,heap_alloc,1558552.0,1552816,1558712,6
memory/TestSharingMemory,released_2,B,heap_alloc,1558232.0,1552960,1558392,6
memory/TestSharingMemory,released_2,R,heap_alloc,1553128.0,1547472,1553368,6
memory/TestSharingMemory,released_2,P,heap_alloc,1547792.0,1546992,1553208,6
memory/TestSharingMemory,released_2,M,heap_inuse,2142208.0,2129920,2179072,6
memory/TestSharingMemory,released_2,B,heap_inuse,2138112.0,2129920,2162688,6
memory/TestSharingMemory,released_2,R,heap_inuse,2228224.0,2211840,2236416,6
memory/TestSharingMemory,released_2,P,heap_inuse,2244608.0,2228224,2252800,6
memory/TestSharingMemory,released_2,M,heap_objects,1671.0,1663,1672,6
memory/TestSharingMemory,released_2,B,heap_objects,1669.0,1663,1670,6
memory/TestSharingMemory,released_2,R,heap_objects,1665.5,1658,1667,6
memory/TestSharingMemory,released_2,P,heap_objects,1660.0,1655,1666,6
memory/TestSharingMemory,released_2,M,heap_released,4628480.0,4251648,8847360,6
memory/TestSharingMemory,released_2,B,heap_released,4673536.0,4268032,8798208,6
memory/TestSharingMemory,released_2,R,heap_released,5529600.0,4104192,5644288,6
memory/TestSharingMemory,released_2,P,heap_released,4603904.0,4579328,8781824,6
memory/TestSharingMemory,released_2,M,rss_bytes,19537920.0,19304448,21553152,6
memory/TestSharingMemory,released_2,B,rss_bytes,19757056.0,19079168,21618688,6
memory/TestSharingMemory,released_2,R,rss_bytes,20721664.0,20279296,22040576,6
memory/TestSharingMemory,released_2,P,rss_bytes,22777856.0,21540864,23785472,6
memory/TestSharingMemory,released_2,M,peak_rss_kib,20222.0,20112,22212,6
memory/TestSharingMemory,released_2,B,peak_rss_kib,20196.0,19956,22172,6
memory/TestSharingMemory,released_2,R,peak_rss_kib,22162.0,22084,22560,6
memory/TestSharingMemory,released_2,P,peak_rss_kib,23494.0,22240,24436,6
memory/TestSharingMemory,released_2,M,code_bytes,0.0,0,0,6
memory/TestSharingMemory,released_2,B,code_bytes,0.0,0,0,6
memory/TestSharingMemory,released_2,R,code_bytes,0.0,0,0,6
memory/TestSharingMemory,released_2,P,code_bytes,0.0,0,0,6
memory/TestSharingMemory,runtime_released,M,heap_alloc,212368.0,206632,212528,6
memory/TestSharingMemory,runtime_released,B,heap_alloc,212048.0,206792,212208,6
memory/TestSharingMemory,runtime_released,R,heap_alloc,212144.0,206488,212384,6
memory/TestSharingMemory,runtime_released,P,heap_alloc,206808.0,206008,212224,6
memory/TestSharingMemory,runtime_released,M,heap_inuse,712704.0,712704,712704,6
memory/TestSharingMemory,runtime_released,B,heap_inuse,712704.0,712704,712704,6
memory/TestSharingMemory,runtime_released,R,heap_inuse,712704.0,712704,712704,6
memory/TestSharingMemory,runtime_released,P,heap_inuse,712704.0,712704,712704,6
memory/TestSharingMemory,runtime_released,M,heap_objects,796.0,788,797,6
memory/TestSharingMemory,runtime_released,B,heap_objects,794.0,789,795,6
memory/TestSharingMemory,runtime_released,R,heap_objects,795.5,788,797,6
memory/TestSharingMemory,runtime_released,P,heap_objects,790.0,785,796,6
memory/TestSharingMemory,runtime_released,M,heap_released,5742592.0,5644288,9895936,6
memory/TestSharingMemory,runtime_released,B,heap_released,5734400.0,5701632,9912320,6
memory/TestSharingMemory,runtime_released,R,heap_released,5607424.0,5586944,5644288,6
memory/TestSharingMemory,runtime_released,P,heap_released,5595136.0,5562368,9830400,6
memory/TestSharingMemory,runtime_released,M,rss_bytes,18409472.0,18198528,20664320,6
memory/TestSharingMemory,runtime_released,B,rss_bytes,18628608.0,18178048,20668416,6
memory/TestSharingMemory,runtime_released,R,rss_bytes,20541440.0,20275200,20774912,6
memory/TestSharingMemory,runtime_released,P,rss_bytes,21848064.0,20574208,22867968,6
memory/TestSharingMemory,runtime_released,M,peak_rss_kib,20222.0,20112,22212,6
memory/TestSharingMemory,runtime_released,B,peak_rss_kib,20196.0,19956,22172,6
memory/TestSharingMemory,runtime_released,R,peak_rss_kib,22162.0,22084,22560,6
memory/TestSharingMemory,runtime_released,P,peak_rss_kib,23494.0,22240,24436,6
memory/TestSharingMemory,runtime_released,M,code_bytes,0.0,0,0,6
memory/TestSharingMemory,runtime_released,B,code_bytes,0.0,0,0,6
memory/TestSharingMemory,runtime_released,R,code_bytes,0.0,0,0,6
memory/TestSharingMemory,runtime_released,P,code_bytes,0.0,0,0,6
memory/TestSharingMemory,compile_release_delta,M,bytes,37770712.0,37770560,37770880,6
memory/TestSharingMemory,compile_release_delta,M,allocs,55066.5,55066,55068,6
memory/TestSharingMemory,compile_release_delta,B,bytes,37770640.0,37770400,37770880,6
memory/TestSharingMemory,compile_release_delta,B,allocs,55066.0,55065,55068,6
memory/TestSharingMemory,compile_release_delta,R,bytes,27723200.0,27723120,27723600,6
memory/TestSharingMemory,compile_release_delta,R,allocs,54638.5,54637,54641,6
memory/TestSharingMemory,compile_release_delta,P,bytes,23659256.0,23659152,23659504,6
memory/TestSharingMemory,compile_release_delta,P,allocs,54634.5,54633,54636,6
memory-auto/TestSharingMappedMemory,initial,M,heap_alloc,479216.0,477304,483992,6
memory-auto/TestSharingMappedMemory,initial,B,heap_alloc,471848.0,464080,474552,6
memory-auto/TestSharingMappedMemory,initial,R,heap_alloc,472620.0,465104,477672,6
memory-auto/TestSharingMappedMemory,initial,P,heap_alloc,477760.0,467152,478944,6
memory-auto/TestSharingMappedMemory,initial,M,heap_inuse,1191936.0,1089536,1212416,6
memory-auto/TestSharingMappedMemory,initial,B,heap_inuse,1077248.0,1064960,1204224,6
memory-auto/TestSharingMappedMemory,initial,R,heap_inuse,1171456.0,1073152,1204224,6
memory-auto/TestSharingMappedMemory,initial,P,heap_inuse,1101824.0,1073152,1212416,6
memory-auto/TestSharingMappedMemory,initial,M,heap_objects,2025.0,2023,2040,6
memory-auto/TestSharingMappedMemory,initial,B,heap_objects,2011.5,2001,2023,6
memory-auto/TestSharingMappedMemory,initial,R,heap_objects,2011.0,1998,2021,6
memory-auto/TestSharingMappedMemory,initial,P,heap_objects,2023.0,2006,2028,6
memory-auto/TestSharingMappedMemory,initial,M,heap_released,5165056.0,5062656,9240576,6
memory-auto/TestSharingMappedMemory,initial,B,heap_released,7307264.0,5193728,9412608,6
memory-auto/TestSharingMappedMemory,initial,R,heap_released,7221248.0,4874240,9437184,6
memory-auto/TestSharingMappedMemory,initial,P,heap_released,5038080.0,5013504,5226496,6
memory-auto/TestSharingMappedMemory,initial,M,rss_bytes,20664320.0,18763776,21139456,6
memory-auto/TestSharingMappedMemory,initial,B,rss_bytes,19585024.0,18595840,20795392,6
memory-auto/TestSharingMappedMemory,initial,R,rss_bytes,22781952.0,22556672,23126016,6
memory-auto/TestSharingMappedMemory,initial,P,rss_bytes,22757376.0,20959232,23429120,6
memory-auto/TestSharingMappedMemory,initial,M,peak_rss_kib,22230.0,20132,22376,6
memory-auto/TestSharingMappedMemory,initial,B,peak_rss_kib,21180.0,20204,22216,6
memory-auto/TestSharingMappedMemory,initial,R,peak_rss_kib,24196.0,23984,24572,6
memory-auto/TestSharingMappedMemory,initial,P,peak_rss_kib,24296.0,22064,24596,6
memory-auto/TestSharingMappedMemory,initial,M,code_bytes,0.0,0,0,6
memory-auto/TestSharingMappedMemory,initial,B,code_bytes,0.0,0,0,6
memory-auto/TestSharingMappedMemory,initial,R,code_bytes,0.0,0,0,6
memory-auto/TestSharingMappedMemory,initial,P,code_bytes,0.0,0,0,6
memory-auto/TestSharingMappedMemory,initial,M,mapped_bytes,0.0,0,0,6
memory-auto/TestSharingMappedMemory,initial,B,mapped_bytes,0.0,0,0,6
memory-auto/TestSharingMappedMemory,initial,R,mapped_bytes,0.0,0,0,6
memory-auto/TestSharingMappedMemory,initial,P,mapped_bytes,0.0,0,0,6
memory-auto/TestSharingMappedMemory,initial,M,payload_bytes_page_rounded,0.0,0,0,6
memory-auto/TestSharingMappedMemory,initial,B,payload_bytes_page_rounded,0.0,0,0,6
memory-auto/TestSharingMappedMemory,initial,R,payload_bytes_page_rounded,0.0,0,0,6
memory-auto/TestSharingMappedMemory,initial,P,payload_bytes_page_rounded,0.0,0,0,6
memory-auto/TestSharingMappedMemory,compile_release_270,M,heap_alloc,475708.0,473712,480512,6
memory-auto/TestSharingMappedMemory,compile_release_270,B,heap_alloc,468440.0,460488,471088,6
memory-auto/TestSharingMappedMemory,compile_release_270,R,heap_alloc,469028.0,461512,474080,6
memory-auto/TestSharingMappedMemory,compile_release_270,P,heap_alloc,474168.0,463560,475352,6
memory-auto/TestSharingMappedMemory,compile_release_270,M,heap_inuse,1171456.0,1064960,1196032,6
memory-auto/TestSharingMappedMemory,compile_release_270,B,heap_inuse,1056768.0,1048576,1187840,6
memory-auto/TestSharingMappedMemory,compile_release_270,R,heap_inuse,1146880.0,1048576,1171456,6
memory-auto/TestSharingMappedMemory,compile_release_270,P,heap_inuse,1081344.0,1048576,1187840,6
memory-auto/TestSharingMappedMemory,compile_release_270,M,heap_objects,2015.0,2013,2031,6
memory-auto/TestSharingMappedMemory,compile_release_270,B,heap_objects,2005.0,1991,2015,6
memory-auto/TestSharingMappedMemory,compile_release_270,R,heap_objects,2001.0,1988,2011,6
memory-auto/TestSharingMappedMemory,compile_release_270,P,heap_objects,2013.0,1996,2018,6
memory-auto/TestSharingMappedMemory,compile_release_270,M,heap_released,3284992.0,2940928,8077312,6
memory-auto/TestSharingMappedMemory,compile_release_270,B,heap_released,7450624.0,2760704,7725056,6
memory-auto/TestSharingMappedMemory,compile_release_270,R,heap_released,5537792.0,3178496,7806976,6
memory-auto/TestSharingMappedMemory,compile_release_270,P,heap_released,3436544.0,2834432,3915776,6
memory-auto/TestSharingMappedMemory,compile_release_270,M,rss_bytes,22394880.0,20803584,23199744,6
memory-auto/TestSharingMappedMemory,compile_release_270,B,rss_bytes,22112256.0,20885504,22802432,6
memory-auto/TestSharingMappedMemory,compile_release_270,R,rss_bytes,24690688.0,24391680,24805376,6
memory-auto/TestSharingMappedMemory,compile_release_270,P,rss_bytes,24465408.0,22667264,25284608,6
memory-auto/TestSharingMappedMemory,compile_release_270,M,peak_rss_kib,22270.0,20420,22816,6
memory-auto/TestSharingMappedMemory,compile_release_270,B,peak_rss_kib,22336.0,20472,22572,6
memory-auto/TestSharingMappedMemory,compile_release_270,R,peak_rss_kib,24196.0,24052,24572,6
memory-auto/TestSharingMappedMemory,compile_release_270,P,peak_rss_kib,24446.0,22064,24596,6
memory-auto/TestSharingMappedMemory,compile_release_270,M,code_bytes,0.0,0,0,6
memory-auto/TestSharingMappedMemory,compile_release_270,B,code_bytes,0.0,0,0,6
memory-auto/TestSharingMappedMemory,compile_release_270,R,code_bytes,0.0,0,0,6
memory-auto/TestSharingMappedMemory,compile_release_270,P,code_bytes,0.0,0,0,6
memory-auto/TestSharingMappedMemory,compile_release_270,M,mapped_bytes,0.0,0,0,6
memory-auto/TestSharingMappedMemory,compile_release_270,B,mapped_bytes,0.0,0,0,6
memory-auto/TestSharingMappedMemory,compile_release_270,R,mapped_bytes,0.0,0,0,6
memory-auto/TestSharingMappedMemory,compile_release_270,P,mapped_bytes,0.0,0,0,6
memory-auto/TestSharingMappedMemory,compile_release_270,M,payload_bytes_page_rounded,0.0,0,0,6
memory-auto/TestSharingMappedMemory,compile_release_270,B,payload_bytes_page_rounded,0.0,0,0,6
memory-auto/TestSharingMappedMemory,compile_release_270,R,payload_bytes_page_rounded,0.0,0,0,6
memory-auto/TestSharingMappedMemory,compile_release_270,P,payload_bytes_page_rounded,0.0,0,0,6
memory-auto/TestSharingMappedMemory,retained_0,M,heap_alloc,556932.0,554928,558928,6
memory-auto/TestSharingMappedMemory,retained_0,B,heap_alloc,549656.0,541704,552304,6
memory-auto/TestSharingMappedMemory,retained_0,R,heap_alloc,550228.0,543832,555280,6
memory-auto/TestSharingMappedMemory,retained_0,P,heap_alloc,555368.0,544760,556552,6
memory-auto/TestSharingMappedMemory,retained_0,M,heap_inuse,1294336.0,1179648,1318912,6
memory-auto/TestSharingMappedMemory,retained_0,B,heap_inuse,1196032.0,1187840,1310720,6
memory-auto/TestSharingMappedMemory,retained_0,R,heap_inuse,1261568.0,1163264,1286144,6
memory-auto/TestSharingMappedMemory,retained_0,P,heap_inuse,1196032.0,1163264,1302528,6
memory-auto/TestSharingMappedMemory,retained_0,M,heap_objects,2139.5,2137,2152,6
memory-auto/TestSharingMappedMemory,retained_0,B,heap_objects,2129.0,2115,2139,6
memory-auto/TestSharingMappedMemory,retained_0,R,heap_objects,2124.0,2116,2134,6
memory-auto/TestSharingMappedMemory,retained_0,P,heap_objects,2136.0,2119,2141,6
memory-auto/TestSharingMappedMemory,retained_0,M,heap_released,4042752.0,3538944,8249344,6
memory-auto/TestSharingMappedMemory,retained_0,B,heap_released,7921664.0,3457024,8298496,6
memory-auto/TestSharingMappedMemory,retained_0,R,heap_released,7344128.0,4866048,9568256,6
memory-auto/TestSharingMappedMemory,retained_0,P,heap_released,3866624.0,3751936,4104192,6
memory-auto/TestSharingMappedMemory,retained_0,M,rss_bytes,21780480.0,20332544,22736896,6
memory-auto/TestSharingMappedMemory,retained_0,B,rss_bytes,21989376.0,20361216,23023616,6
memory-auto/TestSharingMappedMemory,retained_0,R,rss_bytes,23121920.0,22994944,23367680,6
memory-auto/TestSharingMappedMemory,retained_0,P,rss_bytes,24422400.0,22487040,24903680,6
memory-auto/TestSharingMappedMemory,retained_0,M,peak_rss_kib,22270.0,20420,22816,6
memory-auto/TestSharingMappedMemory,retained_0,B,peak_rss_kib,22336.0,20628,22572,6
memory-auto/TestSharingMappedMemory,retained_0,R,peak_rss_kib,24226.0,24096,24572,6
memory-auto/TestSharingMappedMemory,retained_0,P,peak_rss_kib,24446.0,22192,24784,6
memory-auto/TestSharingMappedMemory,retained_0,M,code_bytes,167268.0,167268,167268,6
memory-auto/TestSharingMappedMemory,retained_0,B,code_bytes,167268.0,167268,167268,6
memory-auto/TestSharingMappedMemory,retained_0,R,code_bytes,134972.0,134972,134972,6
memory-auto/TestSharingMappedMemory,retained_0,P,code_bytes,134972.0,134972,134972,6
memory-auto/TestSharingMappedMemory,retained_0,M,mapped_bytes,606208.0,606208,606208,6
memory-auto/TestSharingMappedMemory,retained_0,B,mapped_bytes,606208.0,606208,606208,6
memory-auto/TestSharingMappedMemory,retained_0,R,mapped_bytes,606208.0,606208,606208,6
memory-auto/TestSharingMappedMemory,retained_0,P,mapped_bytes,606208.0,606208,606208,6
memory-auto/TestSharingMappedMemory,retained_0,M,payload_bytes_page_rounded,278528.0,278528,278528,6
memory-auto/TestSharingMappedMemory,retained_0,B,payload_bytes_page_rounded,278528.0,278528,278528,6
memory-auto/TestSharingMappedMemory,retained_0,R,payload_bytes_page_rounded,262144.0,262144,262144,6
memory-auto/TestSharingMappedMemory,retained_0,P,payload_bytes_page_rounded,262144.0,262144,262144,6
memory-auto/TestSharingMappedMemory,released_0,M,heap_alloc,481516.0,479504,486304,6
memory-auto/TestSharingMappedMemory,released_0,B,heap_alloc,474240.0,466280,476896,6
memory-auto/TestSharingMappedMemory,released_0,R,heap_alloc,474828.0,468424,479872,6
memory-auto/TestSharingMappedMemory,released_0,P,heap_alloc,479968.0,469352,481160,6
memory-auto/TestSharingMappedMemory,released_0,M,heap_inuse,1196032.0,1105920,1220608,6
memory-auto/TestSharingMappedMemory,released_0,B,heap_inuse,1097728.0,1089536,1212416,6
memory-auto/TestSharingMappedMemory,released_0,R,heap_inuse,1171456.0,1073152,1196032,6
memory-auto/TestSharingMappedMemory,released_0,P,heap_inuse,1105920.0,1073152,1212416,6
memory-auto/TestSharingMappedMemory,released_0,M,heap_objects,2033.0,2030,2048,6
memory-auto/TestSharingMappedMemory,released_0,B,heap_objects,2022.5,2008,2033,6
memory-auto/TestSharingMappedMemory,released_0,R,heap_objects,2018.5,2010,2028,6
memory-auto/TestSharingMappedMemory,released_0,P,heap_objects,2031.0,2013,2035,6
memory-auto/TestSharingMappedMemory,released_0,M,heap_released,4026368.0,3735552,10346496,6
memory-auto/TestSharingMappedMemory,released_0,B,heap_released,8081408.0,3858432,8298496,6
memory-auto/TestSharingMappedMemory,released_0,R,heap_released,7344128.0,5136384,9568256,6
memory-auto/TestSharingMappedMemory,released_0,P,heap_released,5799936.0,5169152,5939200,6
memory-auto/TestSharingMappedMemory,released_0,M,rss_bytes,20815872.0,20004864,22466560,6
memory-auto/TestSharingMappedMemory,released_0,B,rss_bytes,21551104.0,20086784,22286336,6
memory-auto/TestSharingMappedMemory,released_0,R,rss_bytes,22841344.0,22687744,23097344,6
memory-auto/TestSharingMappedMemory,released_0,P,rss_bytes,22335488.0,20254720,23011328,6
memory-auto/TestSharingMappedMemory,released_0,M,peak_rss_kib,22270.0,20420,22816,6
memory-auto/TestSharingMappedMemory,released_0,B,peak_rss_kib,22336.0,20628,22572,6
memory-auto/TestSharingMappedMemory,released_0,R,peak_rss_kib,24226.0,24096,24572,6
memory-auto/TestSharingMappedMemory,released_0,P,peak_rss_kib,24446.0,22192,24784,6
memory-auto/TestSharingMappedMemory,released_0,M,code_bytes,0.0,0,0,6
memory-auto/TestSharingMappedMemory,released_0,B,code_bytes,0.0,0,0,6
memory-auto/TestSharingMappedMemory,released_0,R,code_bytes,0.0,0,0,6
memory-auto/TestSharingMappedMemory,released_0,P,code_bytes,0.0,0,0,6
memory-auto/TestSharingMappedMemory,released_0,M,mapped_bytes,0.0,0,0,6
memory-auto/TestSharingMappedMemory,released_0,B,mapped_bytes,0.0,0,0,6
memory-auto/TestSharingMappedMemory,released_0,R,mapped_bytes,0.0,0,0,6
memory-auto/TestSharingMappedMemory,released_0,P,mapped_bytes,0.0,0,0,6
memory-auto/TestSharingMappedMemory,released_0,M,payload_bytes_page_rounded,0.0,0,0,6
memory-auto/TestSharingMappedMemory,released_0,B,payload_bytes_page_rounded,0.0,0,0,6
memory-auto/TestSharingMappedMemory,released_0,R,payload_bytes_page_rounded,0.0,0,0,6
memory-auto/TestSharingMappedMemory,released_0,P,payload_bytes_page_rounded,0.0,0,0,6
memory-auto/TestSharingMappedMemory,retained_1,M,heap_alloc,556932.0,554928,561712,6
memory-auto/TestSharingMappedMemory,retained_1,B,heap_alloc,549656.0,541704,552304,6
memory-auto/TestSharingMappedMemory,retained_1,R,heap_alloc,550228.0,543832,555264,6
memory-auto/TestSharingMappedMemory,retained_1,P,heap_alloc,555368.0,544744,556552,6
memory-auto/TestSharingMappedMemory,retained_1,M,heap_inuse,1294336.0,1204224,1318912,6
memory-auto/TestSharingMappedMemory,retained_1,B,heap_inuse,1196032.0,1187840,1310720,6
memory-auto/TestSharingMappedMemory,retained_1,R,heap_inuse,1261568.0,1163264,1286144,6
memory-auto/TestSharingMappedMemory,retained_1,P,heap_inuse,1196032.0,1163264,1302528,6
memory-auto/TestSharingMappedMemory,retained_1,M,heap_objects,2139.5,2137,2154,6
memory-auto/TestSharingMappedMemory,retained_1,B,heap_objects,2128.5,2115,2139,6
memory-auto/TestSharingMappedMemory,retained_1,R,heap_objects,2124.0,2116,2133,6
memory-auto/TestSharingMappedMemory,retained_1,P,heap_objects,2136.0,2118,2140,6
memory-auto/TestSharingMappedMemory,retained_1,M,heap_released,4055040.0,4022272,8347648,6
memory-auto/TestSharingMappedMemory,retained_1,B,heap_released,8105984.0,3817472,8265728,6
memory-auto/TestSharingMappedMemory,retained_1,R,heap_released,7421952.0,5201920,9691136,6
memory-auto/TestSharingMappedMemory,retained_1,P,heap_released,5840896.0,5668864,6062080,6
memory-auto/TestSharingMappedMemory,retained_1,M,rss_bytes,21768192.0,19660800,22716416,6
memory-auto/TestSharingMappedMemory,retained_1,B,rss_bytes,21573632.0,19820544,22573056,6
memory-auto/TestSharingMappedMemory,retained_1,R,rss_bytes,23035904.0,22781952,23322624,6
memory-auto/TestSharingMappedMemory,retained_1,P,rss_bytes,22423552.0,20561920,23150592,6
memory-auto/TestSharingMappedMemory,retained_1,M,peak_rss_kib,22270.0,20420,22816,6
memory-auto/TestSharingMappedMemory,retained_1,B,peak_rss_kib,22336.0,20628,22572,6
memory-auto/TestSharingMappedMemory,retained_1,R,peak_rss_kib,24226.0,24096,24572,6
memory-auto/TestSharingMappedMemory,retained_1,P,peak_rss_kib,24446.0,22192,24784,6
memory-auto/TestSharingMappedMemory,retained_1,M,code_bytes,167268.0,167268,167268,6
memory-auto/TestSharingMappedMemory,retained_1,B,code_bytes,167268.0,167268,167268,6
memory-auto/TestSharingMappedMemory,retained_1,R,code_bytes,134972.0,134972,134972,6
memory-auto/TestSharingMappedMemory,retained_1,P,code_bytes,134972.0,134972,134972,6
memory-auto/TestSharingMappedMemory,retained_1,M,mapped_bytes,606208.0,606208,606208,6
memory-auto/TestSharingMappedMemory,retained_1,B,mapped_bytes,606208.0,606208,606208,6
memory-auto/TestSharingMappedMemory,retained_1,R,mapped_bytes,606208.0,606208,606208,6
memory-auto/TestSharingMappedMemory,retained_1,P,mapped_bytes,606208.0,606208,606208,6
memory-auto/TestSharingMappedMemory,retained_1,M,payload_bytes_page_rounded,278528.0,278528,278528,6
memory-auto/TestSharingMappedMemory,retained_1,B,payload_bytes_page_rounded,278528.0,278528,278528,6
memory-auto/TestSharingMappedMemory,retained_1,R,payload_bytes_page_rounded,262144.0,262144,262144,6
memory-auto/TestSharingMappedMemory,retained_1,P,payload_bytes_page_rounded,262144.0,262144,262144,6
memory-auto/TestSharingMappedMemory,released_1,M,heap_alloc,481508.0,479504,486304,6
memory-auto/TestSharingMappedMemory,released_1,B,heap_alloc,474232.0,466280,476896,6
memory-auto/TestSharingMappedMemory,released_1,R,heap_alloc,474828.0,468440,479872,6
memory-auto/TestSharingMappedMemory,released_1,P,heap_alloc,479960.0,469352,481144,6
memory-auto/TestSharingMappedMemory,released_1,M,heap_inuse,1196032.0,1105920,1220608,6
memory-auto/TestSharingMappedMemory,released_1,B,heap_inuse,1097728.0,1089536,1212416,6
memory-auto/TestSharingMappedMemory,released_1,R,heap_inuse,1171456.0,1073152,1196032,6
memory-auto/TestSharingMappedMemory,released_1,P,heap_inuse,1105920.0,1073152,1212416,6
memory-auto/TestSharingMappedMemory,released_1,M,heap_objects,2033.0,2030,2048,6
memory-auto/TestSharingMappedMemory,released_1,B,heap_objects,2022.0,2008,2033,6
memory-auto/TestSharingMappedMemory,released_1,R,heap_objects,2018.5,2011,2028,6
memory-auto/TestSharingMappedMemory,released_1,P,heap_objects,2030.0,2013,2035,6
memory-auto/TestSharingMappedMemory,released_1,M,heap_released,4046848.0,4022272,8306688,6
memory-auto/TestSharingMappedMemory,released_1,B,heap_released,8101888.0,3915776,8224768,6
memory-auto/TestSharingMappedMemory,released_1,R,heap_released,7421952.0,5201920,9691136,6
memory-auto/TestSharingMappedMemory,released_1,P,heap_released,5869568.0,5718016,6029312,6
memory-auto/TestSharingMappedMemory,released_1,M,rss_bytes,21512192.0,19415040,22306816,6
memory-auto/TestSharingMappedMemory,released_1,B,rss_bytes,21321728.0,19574784,22294528,6
memory-auto/TestSharingMappedMemory,released_1,R,rss_bytes,22804480.0,22519808,23060480,6
memory-auto/TestSharingMappedMemory,released_1,P,rss_bytes,22179840.0,20287488,22896640,6
memory-auto/TestSharingMappedMemory,released_1,M,peak_rss_kib,22270.0,20420,22816,6
memory-auto/TestSharingMappedMemory,released_1,B,peak_rss_kib,22336.0,20628,22572,6
memory-auto/TestSharingMappedMemory,released_1,R,peak_rss_kib,24226.0,24096,24572,6
memory-auto/TestSharingMappedMemory,released_1,P,peak_rss_kib,24446.0,22192,24784,6
memory-auto/TestSharingMappedMemory,released_1,M,code_bytes,0.0,0,0,6
memory-auto/TestSharingMappedMemory,released_1,B,code_bytes,0.0,0,0,6
memory-auto/TestSharingMappedMemory,released_1,R,code_bytes,0.0,0,0,6
memory-auto/TestSharingMappedMemory,released_1,P,code_bytes,0.0,0,0,6
memory-auto/TestSharingMappedMemory,released_1,M,mapped_bytes,0.0,0,0,6
memory-auto/TestSharingMappedMemory,released_1,B,mapped_bytes,0.0,0,0,6
memory-auto/TestSharingMappedMemory,released_1,R,mapped_bytes,0.0,0,0,6
memory-auto/TestSharingMappedMemory,released_1,P,mapped_bytes,0.0,0,0,6
memory-auto/TestSharingMappedMemory,released_1,M,payload_bytes_page_rounded,0.0,0,0,6
memory-auto/TestSharingMappedMemory,released_1,B,payload_bytes_page_rounded,0.0,0,0,6
memory-auto/TestSharingMappedMemory,released_1,R,payload_bytes_page_rounded,0.0,0,0,6
memory-auto/TestSharingMappedMemory,released_1,P,payload_bytes_page_rounded,0.0,0,0,6
memory-auto/TestSharingMappedMemory,retained_2,M,heap_alloc,557412.0,554928,562096,6
memory-auto/TestSharingMappedMemory,retained_2,B,heap_alloc,549656.0,541704,552304,6
memory-auto/TestSharingMappedMemory,retained_2,R,heap_alloc,550220.0,543832,555280,6
memory-auto/TestSharingMappedMemory,retained_2,P,heap_alloc,555368.0,544760,556552,6
memory-auto/TestSharingMappedMemory,retained_2,M,heap_inuse,1294336.0,1204224,1318912,6
memory-auto/TestSharingMappedMemory,retained_2,B,heap_inuse,1196032.0,1187840,1310720,6
memory-auto/TestSharingMappedMemory,retained_2,R,heap_inuse,1261568.0,1163264,1286144,6
memory-auto/TestSharingMappedMemory,retained_2,P,heap_inuse,1196032.0,1163264,1302528,6
memory-auto/TestSharingMappedMemory,retained_2,M,heap_objects,2143.0,2137,2155,6
memory-auto/TestSharingMappedMemory,retained_2,B,heap_objects,2129.0,2115,2139,6
memory-auto/TestSharingMappedMemory,retained_2,R,heap_objects,2123.5,2116,2134,6
memory-auto/TestSharingMappedMemory,retained_2,P,heap_objects,2136.0,2119,2140,6
memory-auto/TestSharingMappedMemory,retained_2,M,heap_released,4050944.0,3809280,8347648,6
memory-auto/TestSharingMappedMemory,retained_2,B,heap_released,8065024.0,3833856,8273920,6
memory-auto/TestSharingMappedMemory,retained_2,R,heap_released,7401472.0,5275648,9699328,6
memory-auto/TestSharingMappedMemory,retained_2,P,heap_released,5910528.0,5832704,6062080,6
memory-auto/TestSharingMappedMemory,retained_2,M,rss_bytes,21651456.0,19955712,22577152,6
memory-auto/TestSharingMappedMemory,retained_2,B,rss_bytes,21716992.0,19800064,22122496,6
memory-auto/TestSharingMappedMemory,retained_2,R,rss_bytes,23072768.0,22761472,23228416,6
memory-auto/TestSharingMappedMemory,retained_2,P,rss_bytes,22298624.0,20549632,22978560,6
memory-auto/TestSharingMappedMemory,retained_2,M,peak_rss_kib,22270.0,20420,22816,6
memory-auto/TestSharingMappedMemory,retained_2,B,peak_rss_kib,22336.0,20628,22572,6
memory-auto/TestSharingMappedMemory,retained_2,R,peak_rss_kib,24226.0,24096,24572,6
memory-auto/TestSharingMappedMemory,retained_2,P,peak_rss_kib,24446.0,22192,24784,6
memory-auto/TestSharingMappedMemory,retained_2,M,code_bytes,167268.0,167268,167268,6
memory-auto/TestSharingMappedMemory,retained_2,B,code_bytes,167268.0,167268,167268,6
memory-auto/TestSharingMappedMemory,retained_2,R,code_bytes,134972.0,134972,134972,6
memory-auto/TestSharingMappedMemory,retained_2,P,code_bytes,134972.0,134972,134972,6
memory-auto/TestSharingMappedMemory,retained_2,M,mapped_bytes,606208.0,606208,606208,6
memory-auto/TestSharingMappedMemory,retained_2,B,mapped_bytes,606208.0,606208,606208,6
memory-auto/TestSharingMappedMemory,retained_2,R,mapped_bytes,606208.0,606208,606208,6
memory-auto/TestSharingMappedMemory,retained_2,P,mapped_bytes,606208.0,606208,606208,6
memory-auto/TestSharingMappedMemory,retained_2,M,payload_bytes_page_rounded,278528.0,278528,278528,6
memory-auto/TestSharingMappedMemory,retained_2,B,payload_bytes_page_rounded,278528.0,278528,278528,6
memory-auto/TestSharingMappedMemory,retained_2,R,payload_bytes_page_rounded,262144.0,262144,262144,6
memory-auto/TestSharingMappedMemory,retained_2,P,payload_bytes_page_rounded,262144.0,262144,262144,6
memory-auto/TestSharingMappedMemory,released_2,M,heap_alloc,481996.0,479520,486672,6
memory-auto/TestSharingMappedMemory,released_2,B,heap_alloc,474232.0,466280,476896,6
memory-auto/TestSharingMappedMemory,released_2,R,heap_alloc,474828.0,468424,479872,6
memory-auto/TestSharingMappedMemory,released_2,P,heap_alloc,479968.0,469368,481160,6
memory-auto/TestSharingMappedMemory,released_2,M,heap_inuse,1196032.0,1105920,1220608,6
memory-auto/TestSharingMappedMemory,released_2,B,heap_inuse,1097728.0,1089536,1212416,6
memory-auto/TestSharingMappedMemory,released_2,R,heap_inuse,1171456.0,1073152,1196032,6
memory-auto/TestSharingMappedMemory,released_2,P,heap_inuse,1105920.0,1073152,1212416,6
memory-auto/TestSharingMappedMemory,released_2,M,heap_objects,2036.5,2031,2048,6
memory-auto/TestSharingMappedMemory,released_2,B,heap_objects,2022.0,2008,2033,6
memory-auto/TestSharingMappedMemory,released_2,R,heap_objects,2018.5,2010,2028,6
memory-auto/TestSharingMappedMemory,released_2,P,heap_objects,2030.5,2014,2035,6
memory-auto/TestSharingMappedMemory,released_2,M,heap_released,4018176.0,3809280,8339456,6
memory-auto/TestSharingMappedMemory,released_2,B,heap_released,8060928.0,3825664,8273920,6
memory-auto/TestSharingMappedMemory,released_2,R,heap_released,7393280.0,5267456,9699328,6
memory-auto/TestSharingMappedMemory,released_2,P,heap_released,5898240.0,5808128,6053888,6
memory-auto/TestSharingMappedMemory,released_2,M,rss_bytes,21377024.0,19714048,22298624,6
memory-auto/TestSharingMappedMemory,released_2,B,rss_bytes,21444608.0,19521536,21852160,6
memory-auto/TestSharingMappedMemory,released_2,R,rss_bytes,22818816.0,22499328,22982656,6
memory-auto/TestSharingMappedMemory,released_2,P,rss_bytes,21989376.0,20299776,22761472,6
memory-auto/TestSharingMappedMemory,released_2,M,peak_rss_kib,22270.0,20420,22816,6
memory-auto/TestSharingMappedMemory,released_2,B,peak_rss_kib,22336.0,20628,22572,6
memory-auto/TestSharingMappedMemory,released_2,R,peak_rss_kib,24226.0,24096,24572,6
memory-auto/TestSharingMappedMemory,released_2,P,peak_rss_kib,24446.0,22192,24784,6
memory-auto/TestSharingMappedMemory,released_2,M,code_bytes,0.0,0,0,6
memory-auto/TestSharingMappedMemory,released_2,B,code_bytes,0.0,0,0,6
memory-auto/TestSharingMappedMemory,released_2,R,code_bytes,0.0,0,0,6
memory-auto/TestSharingMappedMemory,released_2,P,code_bytes,0.0,0,0,6
memory-auto/TestSharingMappedMemory,released_2,M,mapped_bytes,0.0,0,0,6
memory-auto/TestSharingMappedMemory,released_2,B,mapped_bytes,0.0,0,0,6
memory-auto/TestSharingMappedMemory,released_2,R,mapped_bytes,0.0,0,0,6
memory-auto/TestSharingMappedMemory,released_2,P,mapped_bytes,0.0,0,0,6
memory-auto/TestSharingMappedMemory,released_2,M,payload_bytes_page_rounded,0.0,0,0,6
memory-auto/TestSharingMappedMemory,released_2,B,payload_bytes_page_rounded,0.0,0,0,6
memory-auto/TestSharingMappedMemory,released_2,R,payload_bytes_page_rounded,0.0,0,0,6
memory-auto/TestSharingMappedMemory,released_2,P,payload_bytes_page_rounded,0.0,0,0,6
memory-auto/TestSharingMappedMemory,compile_release_delta,M,bytes,19249816.0,19247488,19249864,6
memory-auto/TestSharingMappedMemory,compile_release_delta,M,allocs,6314.5,6304,6315,6
memory-auto/TestSharingMappedMemory,compile_release_delta,B,bytes,19249760.0,19249752,19255312,6
memory-auto/TestSharingMappedMemory,compile_release_delta,B,allocs,6314.0,6314,6321,6
memory-auto/TestSharingMappedMemory,compile_release_delta,R,bytes,9239564.0,9238384,9240744,6
memory-auto/TestSharingMappedMemory,compile_release_delta,R,allocs,5888.5,5883,5894,6
memory-auto/TestSharingMappedMemory,compile_release_delta,P,bytes,5177064.0,5174704,5177080,6
memory-auto/TestSharingMappedMemory,compile_release_delta,P,allocs,5894.0,5883,5894,6
memory-auto/TestSharingMemory,initial,M,heap_alloc,278520.0,278224,278544,6
memory-auto/TestSharingMemory,initial,B,heap_alloc,278304.0,278224,279184,6
memory-auto/TestSharingMemory,initial,R,heap_alloc,278320.0,278080,278560,6
memory-auto/TestSharingMemory,initial,P,heap_alloc,278400.0,278240,278560,6
memory-auto/TestSharingMemory,initial,M,heap_inuse,950272.0,811008,966656,6
memory-auto/TestSharingMemory,initial,B,heap_inuse,811008.0,811008,966656,6
memory-auto/TestSharingMemory,initial,R,heap_inuse,950272.0,811008,966656,6
memory-auto/TestSharingMemory,initial,P,heap_inuse,811008.0,811008,966656,6
memory-auto/TestSharingMemory,initial,M,heap_objects,751.0,749,751,6
memory-auto/TestSharingMemory,initial,B,heap_objects,749.5,749,755,6
memory-auto/TestSharingMemory,initial,R,heap_objects,750.5,749,752,6
memory-auto/TestSharingMemory,initial,P,heap_objects,751.0,750,752,6
memory-auto/TestSharingMemory,initial,M,heap_released,4640768.0,2433024,6840320,6
memory-auto/TestSharingMemory,initial,B,heap_released,6627328.0,2621440,6848512,6
memory-auto/TestSharingMemory,initial,R,heap_released,6627328.0,2433024,6848512,6
memory-auto/TestSharingMemory,initial,P,heap_released,2654208.0,2465792,6815744,6
memory-auto/TestSharingMemory,initial,M,rss_bytes,14387200.0,14139392,16367616,6
memory-auto/TestSharingMemory,initial,B,rss_bytes,14389248.0,14249984,16314368,6
memory-auto/TestSharingMemory,initial,R,rss_bytes,16408576.0,16236544,18354176,6
memory-auto/TestSharingMemory,initial,P,rss_bytes,16437248.0,16384000,18485248,6
memory-auto/TestSharingMemory,initial,M,peak_rss_kib,13744.0,13400,15660,6
memory-auto/TestSharingMemory,initial,B,peak_rss_kib,13792.0,13684,15676,6
memory-auto/TestSharingMemory,initial,R,peak_rss_kib,15690.0,15420,17808,6
memory-auto/TestSharingMemory,initial,P,peak_rss_kib,15762.0,15672,17816,6
memory-auto/TestSharingMemory,initial,M,code_bytes,0.0,0,0,6
memory-auto/TestSharingMemory,initial,B,code_bytes,0.0,0,0,6
memory-auto/TestSharingMemory,initial,R,code_bytes,0.0,0,0,6
memory-auto/TestSharingMemory,initial,P,code_bytes,0.0,0,0,6
memory-auto/TestSharingMemory,compile_release_270,M,heap_alloc,536140.0,455680,750984,6
memory-auto/TestSharingMemory,compile_release_270,B,heap_alloc,580572.0,312376,745864,6
memory-auto/TestSharingMemory,compile_release_270,R,heap_alloc,512256.0,439848,608304,6
memory-auto/TestSharingMemory,compile_release_270,P,heap_alloc,580680.0,321816,876376,6
memory-auto/TestSharingMemory,compile_release_270,M,heap_inuse,1437696.0,1155072,1712128,6
memory-auto/TestSharingMemory,compile_release_270,B,heap_inuse,1409024.0,1056768,1581056,6
memory-auto/TestSharingMemory,compile_release_270,R,heap_inuse,1290240.0,1236992,1572864,6
memory-auto/TestSharingMemory,compile_release_270,P,heap_inuse,1449984.0,1040384,1703936,6
memory-auto/TestSharingMemory,compile_release_270,M,heap_objects,1022.0,962,1167,6
memory-auto/TestSharingMemory,compile_release_270,B,heap_objects,1008.0,920,1162,6
memory-auto/TestSharingMemory,compile_release_270,R,heap_objects,969.0,930,1066,6
memory-auto/TestSharingMemory,compile_release_270,P,heap_objects,1006.0,932,1201,6
memory-auto/TestSharingMemory,compile_release_270,M,heap_released,3485696.0,2514944,7938048,6
memory-auto/TestSharingMemory,compile_release_270,B,heap_released,3452928.0,2809856,7520256,6
memory-auto/TestSharingMemory,compile_release_270,R,heap_released,5656576.0,3186688,7553024,6
memory-auto/TestSharingMemory,compile_release_270,P,heap_released,3604480.0,3080192,3923968,6
memory-auto/TestSharingMemory,compile_release_270,M,rss_bytes,22073344.0,20201472,22409216,6
memory-auto/TestSharingMemory,compile_release_270,B,rss_bytes,21254144.0,20189184,22757376,6
memory-auto/TestSharingMemory,compile_release_270,R,rss_bytes,24150016.0,23920640,24403968,6
memory-auto/TestSharingMemory,compile_release_270,P,rss_bytes,24238080.0,21958656,24457216,6
memory-auto/TestSharingMemory,compile_release_270,M,peak_rss_kib,21934.0,20132,22376,6
memory-auto/TestSharingMemory,compile_release_270,B,peak_rss_kib,21118.0,20072,22216,6
memory-auto/TestSharingMemory,compile_release_270,R,peak_rss_kib,24196.0,23984,24572,6
memory-auto/TestSharingMemory,compile_release_270,P,peak_rss_kib,24296.0,22064,24504,6
memory-auto/TestSharingMemory,compile_release_270,M,code_bytes,0.0,0,0,6
memory-auto/TestSharingMemory,compile_release_270,B,code_bytes,0.0,0,0,6
memory-auto/TestSharingMemory,compile_release_270,R,code_bytes,0.0,0,0,6
memory-auto/TestSharingMemory,compile_release_270,P,code_bytes,0.0,0,0,6
memory-auto/TestSharingMemory,retained_0,M,heap_alloc,1538636.0,1533368,1540464,6
memory-auto/TestSharingMemory,retained_0,B,heap_alloc,1526284.0,1522600,1529392,6
memory-auto/TestSharingMemory,retained_0,R,heap_alloc,1525048.0,1515928,1533696,6
memory-auto/TestSharingMemory,retained_0,P,heap_alloc,1530460.0,1518152,1532328,6
memory-auto/TestSharingMemory,retained_0,M,heap_inuse,2392064.0,2318336,2498560,6
memory-auto/TestSharingMemory,retained_0,B,heap_inuse,2334720.0,2244608,2490368,6
memory-auto/TestSharingMemory,retained_0,R,heap_inuse,2461696.0,2383872,2564096,6
memory-auto/TestSharingMemory,retained_0,P,heap_inuse,2416640.0,2359296,2539520,6
memory-auto/TestSharingMemory,retained_0,M,heap_objects,1820.5,1808,1827,6
memory-auto/TestSharingMemory,retained_0,B,heap_objects,1798.0,1793,1806,6
memory-auto/TestSharingMemory,retained_0,R,heap_objects,1805.5,1785,1814,6
memory-auto/TestSharingMemory,retained_0,P,heap_objects,1810.5,1792,1816,6
memory-auto/TestSharingMemory,retained_0,M,heap_released,3538944.0,2998272,7651328,6
memory-auto/TestSharingMemory,retained_0,B,heap_released,3608576.0,2932736,7675904,6
memory-auto/TestSharingMemory,retained_0,R,heap_released,5230592.0,2818048,7774208,6
memory-auto/TestSharingMemory,retained_0,P,heap_released,3309568.0,2654208,3743744,6
memory-auto/TestSharingMemory,retained_0,M,rss_bytes,22228992.0,20078592,22319104,6
memory-auto/TestSharingMemory,retained_0,B,rss_bytes,21370880.0,19865600,22450176,6
memory-auto/TestSharingMemory,retained_0,R,rss_bytes,24285184.0,23629824,24920064,6
memory-auto/TestSharingMemory,retained_0,P,rss_bytes,24326144.0,22327296,24670208,6
memory-auto/TestSharingMemory,retained_0,M,peak_rss_kib,22098.0,20132,22376,6
memory-auto/TestSharingMemory,retained_0,B,peak_rss_kib,21118.0,20072,22216,6
memory-auto/TestSharingMemory,retained_0,R,peak_rss_kib,24196.0,23984,24572,6
memory-auto/TestSharingMemory,retained_0,P,peak_rss_kib,24296.0,22064,24504,6
memory-auto/TestSharingMemory,retained_0,M,code_bytes,167268.0,167268,167268,6
memory-auto/TestSharingMemory,retained_0,B,code_bytes,167268.0,167268,167268,6
memory-auto/TestSharingMemory,retained_0,R,code_bytes,134972.0,134972,134972,6
memory-auto/TestSharingMemory,retained_0,P,code_bytes,134972.0,134972,134972,6
memory-auto/TestSharingMemory,released_0,M,heap_alloc,1536140.0,1530520,1541184,6
memory-auto/TestSharingMemory,released_0,B,heap_alloc,1525176.0,1521096,1526544,6
memory-auto/TestSharingMemory,released_0,R,heap_alloc,1521992.0,1512840,1529936,6
memory-auto/TestSharingMemory,released_0,P,heap_alloc,1527404.0,1515400,1529256,6
memory-auto/TestSharingMemory,released_0,M,heap_inuse,2379776.0,2310144,2482176,6
memory-auto/TestSharingMemory,released_0,B,heap_inuse,2330624.0,2228224,2473984,6
memory-auto/TestSharingMemory,released_0,R,heap_inuse,2428928.0,2359296,2539520,6
memory-auto/TestSharingMemory,released_0,P,heap_inuse,2412544.0,2334720,2523136,6
memory-auto/TestSharingMemory,released_0,M,heap_objects,1791.5,1780,1800,6
memory-auto/TestSharingMemory,released_0,B,heap_objects,1769.5,1765,1777,6
memory-auto/TestSharingMemory,released_0,R,heap_objects,1774.5,1752,1782,6
memory-auto/TestSharingMemory,released_0,P,heap_objects,1779.5,1764,1784,6
memory-auto/TestSharingMemory,released_0,M,heap_released,5046272.0,4268032,9289728,6
memory-auto/TestSharingMemory,released_0,B,heap_released,4567040.0,3833856,9412608,6
memory-auto/TestSharingMemory,released_0,R,heap_released,6246400.0,3735552,8232960,6
memory-auto/TestSharingMemory,released_0,P,heap_released,4550656.0,3375104,4931584,6
memory-auto/TestSharingMemory,released_0,M,rss_bytes,20633600.0,18644992,21553152,6
memory-auto/TestSharingMemory,released_0,B,rss_bytes,19855360.0,19222528,21381120,6
memory-auto/TestSharingMemory,released_0,R,rss_bytes,23771136.0,22671360,24133632,6
memory-auto/TestSharingMemory,released_0,P,rss_bytes,23035904.0,21118976,24158208,6
memory-auto/TestSharingMemory,released_0,M,peak_rss_kib,22098.0,20132,22376,6
memory-auto/TestSharingMemory,released_0,B,peak_rss_kib,21118.0,20072,22216,6
memory-auto/TestSharingMemory,released_0,R,peak_rss_kib,24196.0,23984,24572,6
memory-auto/TestSharingMemory,released_0,P,peak_rss_kib,24296.0,22064,24504,6
memory-auto/TestSharingMemory,released_0,M,code_bytes,0.0,0,0,6
memory-auto/TestSharingMemory,released_0,B,code_bytes,0.0,0,0,6
memory-auto/TestSharingMemory,released_0,R,code_bytes,0.0,0,0,6
memory-auto/TestSharingMemory,released_0,P,code_bytes,0.0,0,0,6
memory-auto/TestSharingMemory,retained_1,M,heap_alloc,1539548.0,1536224,1544848,6
memory-auto/TestSharingMemory,retained_1,B,heap_alloc,1529752.0,1524920,1534672,6
memory-auto/TestSharingMemory,retained_1,R,heap_alloc,1524800.0,1520760,1534384,6
memory-auto/TestSharingMemory,retained_1,P,heap_alloc,1532812.0,1519256,1534520,6
memory-auto/TestSharingMemory,retained_1,M,heap_inuse,2461696.0,2334720,2506752,6
memory-auto/TestSharingMemory,retained_1,B,heap_inuse,2400256.0,2375680,2473984,6
memory-auto/TestSharingMemory,retained_1,R,heap_inuse,2433024.0,2342912,2498560,6
memory-auto/TestSharingMemory,retained_1,P,heap_inuse,2437120.0,2351104,2547712,6
memory-auto/TestSharingMemory,retained_1,M,heap_objects,1823.5,1815,1839,6
memory-auto/TestSharingMemory,retained_1,B,heap_objects,1801.5,1798,1820,6
memory-auto/TestSharingMemory,retained_1,R,heap_objects,1802.5,1790,1822,6
memory-auto/TestSharingMemory,retained_1,P,heap_objects,1817.5,1796,1819,6
memory-auto/TestSharingMemory,retained_1,M,heap_released,3383296.0,2940928,7675904,6
memory-auto/TestSharingMemory,retained_1,B,heap_released,5111808.0,2744320,7806976,6
memory-auto/TestSharingMemory,retained_1,R,heap_released,5550080.0,2588672,7667712,6
memory-auto/TestSharingMemory,retained_1,P,heap_released,2945024.0,2564096,3424256,6
memory-auto/TestSharingMemory,retained_1,M,rss_bytes,21913600.0,20275200,22769664,6
memory-auto/TestSharingMemory,retained_1,B,rss_bytes,21374976.0,20447232,22683648,6
memory-auto/TestSharingMemory,retained_1,R,rss_bytes,24209408.0,24039424,25182208,6
memory-auto/TestSharingMemory,retained_1,P,rss_bytes,24262656.0,22867968,25165824,6
memory-auto/TestSharingMemory,retained_1,M,peak_rss_kib,22098.0,20132,22376,6
memory-auto/TestSharingMemory,retained_1,B,peak_rss_kib,21180.0,20128,22216,6
memory-auto/TestSharingMemory,retained_1,R,peak_rss_kib,24196.0,23984,24572,6
memory-auto/TestSharingMemory,retained_1,P,peak_rss_kib,24296.0,22064,24504,6
memory-auto/TestSharingMemory,retained_1,M,code_bytes,167268.0,167268,167268,6
memory-auto/TestSharingMemory,retained_1,B,code_bytes,167268.0,167268,167268,6
memory-auto/TestSharingMemory,retained_1,R,code_bytes,134972.0,134972,134972,6
memory-auto/TestSharingMemory,retained_1,P,code_bytes,134972.0,134972,134972,6
memory-auto/TestSharingMemory,released_1,M,heap_alloc,1536708.0,1533360,1541776,6
memory-auto/TestSharingMemory,released_1,B,heap_alloc,1526904.0,1521848,1531824,6
memory-auto/TestSharingMemory,released_1,R,heap_alloc,1524416.0,1517912,1530432,6
memory-auto/TestSharingMemory,released_1,P,heap_alloc,1529500.0,1515592,1531640,6
memory-auto/TestSharingMemory,released_1,M,heap_inuse,2437120.0,2326528,2498560,6
memory-auto/TestSharingMemory,released_1,B,heap_inuse,2379776.0,2351104,2457600,6
memory-auto/TestSharingMemory,released_1,R,heap_inuse,2416640.0,2318336,2482176,6
memory-auto/TestSharingMemory,released_1,P,heap_inuse,2412544.0,2310144,2523136,6
memory-auto/TestSharingMemory,released_1,M,heap_objects,1791.0,1786,1807,6
memory-auto/TestSharingMemory,released_1,B,heap_objects,1773.5,1767,1787,6
memory-auto/TestSharingMemory,released_1,R,heap_objects,1775.5,1762,1788,6
memory-auto/TestSharingMemory,released_1,P,heap_objects,1786.0,1764,1791,6
memory-auto/TestSharingMemory,released_1,M,heap_released,4640768.0,3416064,7782400,6
memory-auto/TestSharingMemory,released_1,B,heap_released,6332416.0,3858432,9248768,6
memory-auto/TestSharingMemory,released_1,R,heap_released,6918144.0,3506176,9265152,6
memory-auto/TestSharingMemory,released_1,P,heap_released,4141056.0,3948544,4620288,6
memory-auto/TestSharingMemory,released_1,M,rss_bytes,21182464.0,19288064,22441984,6
memory-auto/TestSharingMemory,released_1,B,rss_bytes,20398080.0,18792448,21159936,6
memory-auto/TestSharingMemory,released_1,R,rss_bytes,23166976.0,22687744,24379392,6
memory-auto/TestSharingMemory,released_1,P,rss_bytes,23400448.0,21393408,24068096,6
memory-auto/TestSharingMemory,released_1,M,peak_rss_kib,22098.0,20132,22376,6
memory-auto/TestSharingMemory,released_1,B,peak_rss_kib,21180.0,20128,22216,6
memory-auto/TestSharingMemory,released_1,R,peak_rss_kib,24196.0,23984,24572,6
memory-auto/TestSharingMemory,released_1,P,peak_rss_kib,24296.0,22064,24504,6
memory-auto/TestSharingMemory,released_1,M,code_bytes,0.0,0,0,6
memory-auto/TestSharingMemory,released_1,B,code_bytes,0.0,0,0,6
memory-auto/TestSharingMemory,released_1,R,code_bytes,0.0,0,0,6
memory-auto/TestSharingMemory,released_1,P,code_bytes,0.0,0,0,6
memory-auto/TestSharingMemory,retained_2,M,heap_alloc,1540212.0,1538368,1544832,6
memory-auto/TestSharingMemory,retained_2,B,heap_alloc,1532808.0,1524936,1535744,6
memory-auto/TestSharingMemory,retained_2,R,heap_alloc,1528412.0,1520744,1533344,6
memory-auto/TestSharingMemory,retained_2,P,heap_alloc,1533560.0,1523128,1534776,6
memory-auto/TestSharingMemory,retained_2,M,heap_inuse,2404352.0,2342912,2441216,6
memory-auto/TestSharingMemory,retained_2,B,heap_inuse,2355200.0,2260992,2482176,6
memory-auto/TestSharingMemory,retained_2,R,heap_inuse,2445312.0,2392064,2514944,6
memory-auto/TestSharingMemory,retained_2,P,heap_inuse,2453504.0,2383872,2539520,6
memory-auto/TestSharingMemory,retained_2,M,heap_objects,1825.0,1819,1836,6
memory-auto/TestSharingMemory,retained_2,B,heap_objects,1811.0,1798,1827,6
memory-auto/TestSharingMemory,retained_2,R,heap_objects,1806.5,1789,1814,6
memory-auto/TestSharingMemory,retained_2,P,heap_objects,1821.5,1804,1826,6
memory-auto/TestSharingMemory,retained_2,M,heap_released,3354624.0,3121152,7692288,6
memory-auto/TestSharingMemory,retained_2,B,heap_released,5173248.0,3284992,7315456,6
memory-auto/TestSharingMemory,retained_2,R,heap_released,5341184.0,2908160,7757824,6
memory-auto/TestSharingMemory,retained_2,P,heap_released,3219456.0,2433024,3702784,6
memory-auto/TestSharingMemory,retained_2,M,rss_bytes,22136832.0,20176896,23085056,6
memory-auto/TestSharingMemory,retained_2,B,rss_bytes,21450752.0,20099072,22626304,6
memory-auto/TestSharingMemory,retained_2,R,rss_bytes,24373248.0,24109056,24637440,6
memory-auto/TestSharingMemory,retained_2,P,rss_bytes,24219648.0,22130688,25206784,6
memory-auto/TestSharingMemory,retained_2,M,peak_rss_kib,22230.0,20132,22376,6
memory-auto/TestSharingMemory,retained_2,B,peak_rss_kib,21180.0,20204,22216,6
memory-auto/TestSharingMemory,retained_2,R,peak_rss_kib,24196.0,23984,24572,6
memory-auto/TestSharingMemory,retained_2,P,peak_rss_kib,24296.0,22064,24596,6
memory-auto/TestSharingMemory,retained_2,M,code_bytes,167268.0,167268,167268,6
memory-auto/TestSharingMemory,retained_2,B,code_bytes,167268.0,167268,167268,6
memory-auto/TestSharingMemory,retained_2,R,code_bytes,134972.0,134972,134972,6
memory-auto/TestSharingMemory,retained_2,P,code_bytes,134972.0,134972,134972,6
memory-auto/TestSharingMemory,released_2,M,heap_alloc,1537208.0,1535296,1541984,6
memory-auto/TestSharingMemory,released_2,B,heap_alloc,1529832.0,1522072,1532544,6
memory-auto/TestSharingMemory,released_2,R,heap_alloc,1525468.0,1517896,1530512,6
memory-auto/TestSharingMemory,released_2,P,heap_alloc,1530592.0,1519976,1531816,6
memory-auto/TestSharingMemory,released_2,M,heap_inuse,2396160.0,2334720,2416640,6
memory-auto/TestSharingMemory,released_2,B,heap_inuse,2338816.0,2244608,2473984,6
memory-auto/TestSharingMemory,released_2,R,heap_inuse,2433024.0,2383872,2506752,6
memory-auto/TestSharingMemory,released_2,P,heap_inuse,2420736.0,2367488,2523136,6
memory-auto/TestSharingMemory,released_2,M,heap_objects,1793.5,1791,1808,6
memory-auto/TestSharingMemory,released_2,B,heap_objects,1779.5,1769,1792,6
memory-auto/TestSharingMemory,released_2,R,heap_objects,1777.5,1761,1787,6
memory-auto/TestSharingMemory,released_2,P,heap_objects,1790.5,1771,1794,6
memory-auto/TestSharingMemory,released_2,M,heap_released,4517888.0,3710976,9265152,6
memory-auto/TestSharingMemory,released_2,B,heap_released,6402048.0,3678208,8101888,6
memory-auto/TestSharingMemory,released_2,R,heap_released,6578176.0,3497984,8830976,6
memory-auto/TestSharingMemory,released_2,P,heap_released,4059136.0,3915776,4923392,6
memory-auto/TestSharingMemory,released_2,M,rss_bytes,21080064.0,19382272,21680128,6
memory-auto/TestSharingMemory,released_2,B,rss_bytes,20506624.0,19492864,21979136,6
memory-auto/TestSharingMemory,released_2,R,rss_bytes,23322624.0,23031808,23937024,6
memory-auto/TestSharingMemory,released_2,P,rss_bytes,23367680.0,20860928,24182784,6
memory-auto/TestSharingMemory,released_2,M,peak_rss_kib,22230.0,20132,22376,6
memory-auto/TestSharingMemory,released_2,B,peak_rss_kib,21180.0,20204,22216,6
memory-auto/TestSharingMemory,released_2,R,peak_rss_kib,24196.0,23984,24572,6
memory-auto/TestSharingMemory,released_2,P,peak_rss_kib,24296.0,22064,24596,6
memory-auto/TestSharingMemory,released_2,M,code_bytes,0.0,0,0,6
memory-auto/TestSharingMemory,released_2,B,code_bytes,0.0,0,0,6
memory-auto/TestSharingMemory,released_2,R,code_bytes,0.0,0,0,6
memory-auto/TestSharingMemory,released_2,P,code_bytes,0.0,0,0,6
memory-auto/TestSharingMemory,runtime_released,M,heap_alloc,322112.0,320200,326888,6
memory-auto/TestSharingMemory,runtime_released,B,heap_alloc,314744.0,306976,317448,6
memory-auto/TestSharingMemory,runtime_released,R,heap_alloc,315516.0,308000,320568,6
memory-auto/TestSharingMemory,runtime_released,P,heap_alloc,320656.0,310048,321840,6
memory-auto/TestSharingMemory,runtime_released,M,heap_inuse,1015808.0,909312,1040384,6
memory-auto/TestSharingMemory,runtime_released,B,heap_inuse,897024.0,884736,1024000,6
memory-auto/TestSharingMemory,runtime_released,R,heap_inuse,999424.0,892928,1024000,6
memory-auto/TestSharingMemory,runtime_released,P,heap_inuse,921600.0,892928,1040384,6
memory-auto/TestSharingMemory,runtime_released,M,heap_objects,919.0,917,934,6
memory-auto/TestSharingMemory,runtime_released,B,heap_objects,905.5,895,917,6
memory-auto/TestSharingMemory,runtime_released,R,heap_objects,905.0,892,915,6
memory-auto/TestSharingMemory,runtime_released,P,heap_objects,917.0,900,922,6
memory-auto/TestSharingMemory,runtime_released,M,heap_released,5181440.0,5120000,9461760,6
memory-auto/TestSharingMemory,runtime_released,B,heap_released,7249920.0,5177344,9420800,6
memory-auto/TestSharingMemory,runtime_released,R,heap_released,7262208.0,5103616,9388032,6
memory-auto/TestSharingMemory,runtime_released,P,heap_released,5152768.0,5070848,5275648,6
memory-auto/TestSharingMemory,runtime_released,M,rss_bytes,20471808.0,18796544,20955136,6
memory-auto/TestSharingMemory,runtime_released,B,rss_bytes,19445760.0,18685952,20779008,6
memory-auto/TestSharingMemory,runtime_released,R,rss_bytes,22681600.0,22478848,22876160,6
memory-auto/TestSharingMemory,runtime_released,P,rss_bytes,22581248.0,20729856,23285760,6
memory-auto/TestSharingMemory,runtime_released,M,peak_rss_kib,22230.0,20132,22376,6
memory-auto/TestSharingMemory,runtime_released,B,peak_rss_kib,21180.0,20204,22216,6
memory-auto/TestSharingMemory,runtime_released,R,peak_rss_kib,24196.0,23984,24572,6
memory-auto/TestSharingMemory,runtime_released,P,peak_rss_kib,24296.0,22064,24596,6
memory-auto/TestSharingMemory,runtime_released,M,code_bytes,0.0,0,0,6
memory-auto/TestSharingMemory,runtime_released,B,code_bytes,0.0,0,0,6
memory-auto/TestSharingMemory,runtime_released,R,code_bytes,0.0,0,0,6
memory-auto/TestSharingMemory,runtime_released,P,code_bytes,0.0,0,0,6
memory-auto/TestSharingMemory,compile_release_delta,M,bytes,45676976.0,45597520,45812384,6
memory-auto/TestSharingMemory,compile_release_delta,M,allocs,58808.0,58767,58838,6
memory-auto/TestSharingMemory,compile_release_delta,B,bytes,45808196.0,45540000,45958696,6
memory-auto/TestSharingMemory,compile_release_delta,B,allocs,58771.5,58741,58809,6
memory-auto/TestSharingMemory,compile_release_delta,R,bytes,34118452.0,33972816,34303584,6
memory-auto/TestSharingMemory,compile_release_delta,R,allocs,58037.0,57971,58092,6
memory-auto/TestSharingMemory,compile_release_delta,P,bytes,30116312.0,30018544,30251224,6
memory-auto/TestSharingMemory,compile_release_delta,P,allocs,58000.5,57984,58035,6
runtime/RuntimeMemory,initial,M,heap_alloc,118808.0,118408,124208,6
runtime/RuntimeMemory,initial,B,heap_alloc,118568.0,118248,118888,6
runtime/RuntimeMemory,initial,R,heap_alloc,118584.0,118424,118904,6
runtime/RuntimeMemory,initial,P,heap_alloc,118824.0,118584,123744,6
runtime/RuntimeMemory,initial,M,heap_inuse,499712.0,499712,507904,6
runtime/RuntimeMemory,initial,B,heap_inuse,499712.0,499712,499712,6
runtime/RuntimeMemory,initial,R,heap_inuse,499712.0,499712,499712,6
runtime/RuntimeMemory,initial,P,heap_inuse,499712.0,499712,507904,6
runtime/RuntimeMemory,initial,M,heap_objects,439.5,437,446,6
runtime/RuntimeMemory,initial,B,heap_objects,438.0,436,440,6
runtime/RuntimeMemory,initial,R,heap_objects,439.0,438,441,6
runtime/RuntimeMemory,initial,P,heap_objects,440.5,439,444,6
runtime/RuntimeMemory,initial,M,heap_released,2940928.0,2867200,7135232,6
runtime/RuntimeMemory,initial,B,heap_released,5038080.0,2940928,7135232,6
runtime/RuntimeMemory,initial,R,heap_released,5038080.0,2940928,7135232,6
runtime/RuntimeMemory,initial,P,heap_released,7135232.0,2867200,7135232,6
runtime/RuntimeMemory,initial,M,rss_bytes,9056256.0,6959104,9068544,6
runtime/RuntimeMemory,initial,B,rss_bytes,8280064.0,6778880,9138176,6
runtime/RuntimeMemory,initial,R,rss_bytes,8611840.0,7352320,9457664,6
runtime/RuntimeMemory,initial,P,rss_bytes,9496576.0,7630848,9506816,6
runtime/RuntimeMemory,initial,M,peak_rss_kib,13682.0,13548,13808,6
runtime/RuntimeMemory,initial,B,peak_rss_kib,13736.0,13684,13764,6
runtime/RuntimeMemory,initial,R,peak_rss_kib,13624.0,13492,13732,6
runtime/RuntimeMemory,initial,P,peak_rss_kib,13754.0,13656,13808,6
runtime/RuntimeMemory,initial,M,code_bytes,0.0,0,0,6
runtime/RuntimeMemory,initial,B,code_bytes,0.0,0,0,6
runtime/RuntimeMemory,initial,R,code_bytes,0.0,0,0,6
runtime/RuntimeMemory,initial,P,code_bytes,0.0,0,0,6
runtime/RuntimeMemory,compile_release_270,M,heap_alloc,791576.0,507256,984504,6
runtime/RuntimeMemory,compile_release_270,B,heap_alloc,891504.0,632424,1320104,6
runtime/RuntimeMemory,compile_release_270,R,heap_alloc,921540.0,811192,982072,6
runtime/RuntimeMemory,compile_release_270,P,heap_alloc,1223072.0,1103496,1321216,6
runtime/RuntimeMemory,compile_release_270,M,heap_inuse,1409024.0,1179648,1597440,6
runtime/RuntimeMemory,compile_release_270,B,heap_inuse,1511424.0,1253376,1900544,6
runtime/RuntimeMemory,compile_release_270,R,heap_inuse,1548288.0,1458176,1638400,6
runtime/RuntimeMemory,compile_release_270,P,heap_inuse,1929216.0,1777664,2031616,6
runtime/RuntimeMemory,compile_release_270,M,heap_objects,869.0,809,998,6
runtime/RuntimeMemory,compile_release_270,B,heap_objects,939.0,857,1214,6
runtime/RuntimeMemory,compile_release_270,R,heap_objects,983.5,949,997,6
runtime/RuntimeMemory,compile_release_270,P,heap_objects,1152.0,1025,1215,6
runtime/RuntimeMemory,compile_release_270,M,heap_released,3805184.0,3366912,8003584,6
runtime/RuntimeMemory,compile_release_270,B,heap_released,3780608.0,3538944,8110080,6
runtime/RuntimeMemory,compile_release_270,R,heap_released,4157440.0,3956736,8306688,6
runtime/RuntimeMemory,compile_release_270,P,heap_released,5787648.0,3563520,7962624,6
runtime/RuntimeMemory,compile_release_270,M,rss_bytes,15771648.0,14622720,16920576,6
runtime/RuntimeMemory,compile_release_270,B,rss_bytes,14837760.0,14151680,16613376,6
runtime/RuntimeMemory,compile_release_270,R,rss_bytes,14432256.0,13819904,16400384,6
runtime/RuntimeMemory,compile_release_270,P,rss_bytes,15091712.0,14520320,17137664,6
runtime/RuntimeMemory,compile_release_270,M,peak_rss_kib,15864.0,14588,16784,6
runtime/RuntimeMemory,compile_release_270,B,peak_rss_kib,14880.0,14228,16808,6
runtime/RuntimeMemory,compile_release_270,R,peak_rss_kib,14696.0,14324,16652,6
runtime/RuntimeMemory,compile_release_270,P,peak_rss_kib,15038.0,14708,16980,6
runtime/RuntimeMemory,compile_release_270,M,code_bytes,0.0,0,0,6
runtime/RuntimeMemory,compile_release_270,B,code_bytes,0.0,0,0,6
runtime/RuntimeMemory,compile_release_270,R,code_bytes,0.0,0,0,6
runtime/RuntimeMemory,compile_release_270,P,code_bytes,0.0,0,0,6
runtime/RuntimeMemory,retained_0,M,heap_alloc,1170816.0,1170480,1176328,6
runtime/RuntimeMemory,retained_0,B,heap_alloc,1170664.0,1170176,1170976,6
runtime/RuntimeMemory,retained_0,R,heap_alloc,1170416.0,1170160,1170576,6
runtime/RuntimeMemory,retained_0,P,heap_alloc,1170808.0,1170416,1175576,6
runtime/RuntimeMemory,retained_0,M,heap_inuse,1814528.0,1794048,1826816,6
runtime/RuntimeMemory,retained_0,B,heap_inuse,1814528.0,1777664,1818624,6
runtime/RuntimeMemory,retained_0,R,heap_inuse,1806336.0,1769472,1900544,6
runtime/RuntimeMemory,retained_0,P,heap_inuse,1867776.0,1843200,1908736,6
runtime/RuntimeMemory,retained_0,M,heap_objects,1692.0,1689,1699,6
runtime/RuntimeMemory,retained_0,B,heap_objects,1691.5,1688,1693,6
runtime/RuntimeMemory,retained_0,R,heap_objects,1676.0,1676,1678,6
runtime/RuntimeMemory,retained_0,P,heap_objects,1678.5,1676,1681,6
runtime/RuntimeMemory,retained_0,M,heap_released,3592192.0,3366912,7749632,6
runtime/RuntimeMemory,retained_0,B,heap_released,3727360.0,3522560,7888896,6
runtime/RuntimeMemory,retained_0,R,heap_released,4161536.0,3268608,8224768,6
runtime/RuntimeMemory,retained_0,P,heap_released,5775360.0,3891200,7839744,6
runtime/RuntimeMemory,retained_0,M,rss_bytes,40873984.0,36806656,49872896,6
runtime/RuntimeMemory,retained_0,B,rss_bytes,35686400.0,14962688,38866944,6
runtime/RuntimeMemory,retained_0,R,rss_bytes,34752512.0,15458304,38264832,6
runtime/RuntimeMemory,retained_0,P,rss_bytes,36974592.0,15843328,38490112,6
runtime/RuntimeMemory,retained_0,M,peak_rss_kib,39844.0,35868,48648,6
runtime/RuntimeMemory,retained_0,B,peak_rss_kib,34678.0,14832,37936,6
runtime/RuntimeMemory,retained_0,R,peak_rss_kib,33796.0,15076,37296,6
runtime/RuntimeMemory,retained_0,P,peak_rss_kib,36198.0,15456,37784,6
runtime/RuntimeMemory,retained_0,M,code_bytes,167268.0,167268,167268,6
runtime/RuntimeMemory,retained_0,B,code_bytes,167268.0,167268,167268,6
runtime/RuntimeMemory,retained_0,R,code_bytes,134972.0,134972,134972,6
runtime/RuntimeMemory,retained_0,P,code_bytes,134972.0,134972,134972,6
runtime/RuntimeMemory,released_0,M,heap_alloc,1079896.0,1079576,1085408,6
runtime/RuntimeMemory,released_0,B,heap_alloc,1079752.0,1079256,1080056,6
runtime/RuntimeMemory,released_0,R,heap_alloc,1079608.0,1079352,1079768,6
runtime/RuntimeMemory,released_0,P,heap_alloc,1080000.0,1079608,1084768,6
runtime/RuntimeMemory,released_0,M,heap_inuse,1716224.0,1695744,1728512,6
runtime/RuntimeMemory,released_0,B,heap_inuse,1716224.0,1687552,1720320,6
runtime/RuntimeMemory,released_0,R,heap_inuse,1716224.0,1679360,1810432,6
runtime/RuntimeMemory,released_0,P,heap_inuse,1777664.0,1753088,1818624,6
runtime/RuntimeMemory,released_0,M,heap_objects,1408.0,1406,1415,6
runtime/RuntimeMemory,released_0,B,heap_objects,1408.0,1404,1409,6
runtime/RuntimeMemory,released_0,R,heap_objects,1399.0,1399,1401,6
runtime/RuntimeMemory,released_0,P,heap_objects,1401.5,1399,1404,6
runtime/RuntimeMemory,released_0,M,heap_released,5328896.0,5193728,9322496,6
runtime/RuntimeMemory,released_0,B,heap_released,5259264.0,4857856,9527296,6
runtime/RuntimeMemory,released_0,R,heap_released,4448256.0,4300800,8552448,6
runtime/RuntimeMemory,released_0,P,heap_released,6807552.0,4612096,9166848,6
runtime/RuntimeMemory,released_0,M,rss_bytes,15282176.0,14049280,16322560,6
runtime/RuntimeMemory,released_0,B,rss_bytes,14202880.0,13336576,16097280,6
runtime/RuntimeMemory,released_0,R,rss_bytes,14759936.0,14528512,16900096,6
runtime/RuntimeMemory,released_0,P,rss_bytes,14581760.0,14159872,16912384,6
runtime/RuntimeMemory,released_0,M,peak_rss_kib,39844.0,35996,48648,6
runtime/RuntimeMemory,released_0,B,peak_rss_kib,34742.0,14832,37936,6
runtime/RuntimeMemory,released_0,R,peak_rss_kib,33860.0,15204,37296,6
runtime/RuntimeMemory,released_0,P,peak_rss_kib,36262.0,15584,37784,6
runtime/RuntimeMemory,released_0,M,code_bytes,0.0,0,0,6
runtime/RuntimeMemory,released_0,B,code_bytes,0.0,0,0,6
runtime/RuntimeMemory,released_0,R,code_bytes,0.0,0,0,6
runtime/RuntimeMemory,released_0,P,code_bytes,0.0,0,0,6
runtime/RuntimeMemory,retained_1,M,heap_alloc,1171120.0,1170800,1176648,6
runtime/RuntimeMemory,retained_1,B,heap_alloc,1170960.0,1170480,1171264,6
runtime/RuntimeMemory,retained_1,R,heap_alloc,1170736.0,1170464,1170896,6
runtime/RuntimeMemory,retained_1,P,heap_alloc,1171136.0,1170736,1175896,6
runtime/RuntimeMemory,retained_1,M,heap_inuse,1830912.0,1826816,1900544,6
runtime/RuntimeMemory,retained_1,B,heap_inuse,1884160.0,1826816,1884160,6
runtime/RuntimeMemory,retained_1,R,heap_inuse,1835008.0,1826816,1851392,6
runtime/RuntimeMemory,retained_1,P,heap_inuse,1900544.0,1875968,1941504,6
runtime/RuntimeMemory,retained_1,M,heap_objects,1693.0,1691,1701,6
runtime/RuntimeMemory,retained_1,B,heap_objects,1692.0,1689,1693,6
runtime/RuntimeMemory,retained_1,R,heap_objects,1678.0,1677,1679,6
runtime/RuntimeMemory,retained_1,P,heap_objects,1680.5,1678,1683,6
runtime/RuntimeMemory,retained_1,M,heap_released,3579904.0,3465216,7749632,6
runtime/RuntimeMemory,retained_1,B,heap_released,3596288.0,3547136,7798784,6
runtime/RuntimeMemory,retained_1,R,heap_released,4071424.0,3907584,8364032,6
runtime/RuntimeMemory,retained_1,P,heap_released,5791744.0,3522560,8003584,6
runtime/RuntimeMemory,retained_1,M,rss_bytes,37206016.0,18444288,46190592,6
runtime/RuntimeMemory,retained_1,B,rss_bytes,33140736.0,15286272,37109760,6
runtime/RuntimeMemory,retained_1,R,rss_bytes,32509952.0,15314944,36909056,6
runtime/RuntimeMemory,retained_1,P,rss_bytes,33212416.0,15654912,37036032,6
runtime/RuntimeMemory,retained_1,M,peak_rss_kib,39844.0,35996,48648,6
runtime/RuntimeMemory,retained_1,B,peak_rss_kib,34742.0,14832,37936,6
runtime/RuntimeMemory,retained_1,R,peak_rss_kib,33860.0,15204,37296,6
runtime/RuntimeMemory,retained_1,P,peak_rss_kib,36262.0,15584,37784,6
runtime/RuntimeMemory,retained_1,M,code_bytes,167268.0,167268,167268,6
runtime/RuntimeMemory,retained_1,B,code_bytes,167268.0,167268,167268,6
runtime/RuntimeMemory,retained_1,R,code_bytes,134972.0,134972,134972,6
runtime/RuntimeMemory,retained_1,P,code_bytes,134972.0,134972,134972,6
runtime/RuntimeMemory,released_1,M,heap_alloc,1079896.0,1079576,1085424,6
runtime/RuntimeMemory,released_1,B,heap_alloc,1079736.0,1079256,1080040,6
runtime/RuntimeMemory,released_1,R,heap_alloc,1079608.0,1079336,1079768,6
runtime/RuntimeMemory,released_1,P,heap_alloc,1080000.0,1079608,1084768,6
runtime/RuntimeMemory,released_1,M,heap_inuse,1740800.0,1736704,1810432,6
runtime/RuntimeMemory,released_1,B,heap_inuse,1794048.0,1736704,1794048,6
runtime/RuntimeMemory,released_1,R,heap_inuse,1744896.0,1736704,1761280,6
runtime/RuntimeMemory,released_1,P,heap_inuse,1810432.0,1785856,1851392,6
runtime/RuntimeMemory,released_1,M,heap_objects,1408.0,1406,1416,6
runtime/RuntimeMemory,released_1,B,heap_objects,1407.0,1404,1408,6
runtime/RuntimeMemory,released_1,R,heap_objects,1399.0,1398,1400,6
runtime/RuntimeMemory,released_1,P,heap_objects,1401.5,1399,1404,6
runtime/RuntimeMemory,released_1,M,heap_released,5152768.0,5038080,9256960,6
runtime/RuntimeMemory,released_1,B,heap_released,5214208.0,4964352,9502720,6
runtime/RuntimeMemory,released_1,R,heap_released,4403200.0,4366336,8560640,6
runtime/RuntimeMemory,released_1,P,heap_released,6873088.0,4718592,9003008,6
runtime/RuntimeMemory,released_1,M,rss_bytes,15390720.0,14266368,16375808,6
runtime/RuntimeMemory,released_1,B,rss_bytes,14329856.0,12873728,16211968,6
runtime/RuntimeMemory,released_1,R,rss_bytes,14782464.0,14532608,17068032,6
runtime/RuntimeMemory,released_1,P,rss_bytes,14598144.0,14094336,16793600,6
runtime/RuntimeMemory,released_1,M,peak_rss_kib,39844.0,35996,48648,6
runtime/RuntimeMemory,released_1,B,peak_rss_kib,34742.0,14940,37936,6
runtime/RuntimeMemory,released_1,R,peak_rss_kib,33860.0,15204,37296,6
runtime/RuntimeMemory,released_1,P,peak_rss_kib,36262.0,15584,37784,6
runtime/RuntimeMemory,released_1,M,code_bytes,0.0,0,0,6
runtime/RuntimeMemory,released_1,B,code_bytes,0.0,0,0,6
runtime/RuntimeMemory,released_1,R,code_bytes,0.0,0,0,6
runtime/RuntimeMemory,released_1,P,code_bytes,0.0,0,0,6
runtime/RuntimeMemory,retained_2,M,heap_alloc,1171120.0,1170800,1176632,6
runtime/RuntimeMemory,retained_2,B,heap_alloc,1170960.0,1170480,1171280,6
runtime/RuntimeMemory,retained_2,R,heap_alloc,1170736.0,1170464,1170896,6
runtime/RuntimeMemory,retained_2,P,heap_alloc,1171136.0,1170736,1175896,6
runtime/RuntimeMemory,retained_2,M,heap_inuse,1884160.0,1826816,1884160,6
runtime/RuntimeMemory,retained_2,B,heap_inuse,1826816.0,1826816,1884160,6
runtime/RuntimeMemory,retained_2,R,heap_inuse,1851392.0,1826816,1875968,6
runtime/RuntimeMemory,retained_2,P,heap_inuse,1941504.0,1916928,1974272,6
runtime/RuntimeMemory,retained_2,M,heap_objects,1693.0,1691,1700,6
runtime/RuntimeMemory,retained_2,B,heap_objects,1692.0,1689,1694,6
runtime/RuntimeMemory,retained_2,R,heap_objects,1678.0,1677,1679,6
runtime/RuntimeMemory,retained_2,P,heap_objects,1680.5,1678,1683,6
runtime/RuntimeMemory,retained_2,M,heap_released,3547136.0,3522560,7536640,6
runtime/RuntimeMemory,retained_2,B,heap_released,3592192.0,3514368,7806976,6
runtime/RuntimeMemory,retained_2,R,heap_released,3907584.0,3465216,7847936,6
runtime/RuntimeMemory,retained_2,P,heap_released,5804032.0,3727360,7979008,6
runtime/RuntimeMemory,retained_2,M,rss_bytes,35067904.0,18636800,41586688,6
runtime/RuntimeMemory,retained_2,B,rss_bytes,33079296.0,15077376,37163008,6
runtime/RuntimeMemory,retained_2,R,rss_bytes,32401408.0,15867904,37404672,6
runtime/RuntimeMemory,retained_2,P,rss_bytes,33140736.0,15609856,37003264,6
runtime/RuntimeMemory,retained_2,M,peak_rss_kib,41156.0,35996,48648,6
runtime/RuntimeMemory,retained_2,B,peak_rss_kib,34742.0,14940,37936,6
runtime/RuntimeMemory,retained_2,R,peak_rss_kib,33860.0,15376,37296,6
runtime/RuntimeMemory,retained_2,P,peak_rss_kib,36262.0,15584,37784,6
runtime/RuntimeMemory,retained_2,M,code_bytes,167268.0,167268,167268,6
runtime/RuntimeMemory,retained_2,B,code_bytes,167268.0,167268,167268,6
runtime/RuntimeMemory,retained_2,R,code_bytes,134972.0,134972,134972,6
runtime/RuntimeMemory,retained_2,P,code_bytes,134972.0,134972,134972,6
runtime/RuntimeMemory,released_2,M,heap_alloc,1079896.0,1079576,1085408,6
runtime/RuntimeMemory,released_2,B,heap_alloc,1079736.0,1079256,1080056,6
runtime/RuntimeMemory,released_2,R,heap_alloc,1079608.0,1079336,1079768,6
runtime/RuntimeMemory,released_2,P,heap_alloc,1080008.0,1079608,1084768,6
runtime/RuntimeMemory,released_2,M,heap_inuse,1785856.0,1728512,1785856,6
runtime/RuntimeMemory,released_2,B,heap_inuse,1728512.0,1728512,1785856,6
runtime/RuntimeMemory,released_2,R,heap_inuse,1761280.0,1736704,1785856,6
runtime/RuntimeMemory,released_2,P,heap_inuse,1851392.0,1826816,1884160,6
runtime/RuntimeMemory,released_2,M,heap_objects,1408.0,1406,1415,6
runtime/RuntimeMemory,released_2,B,heap_objects,1407.0,1404,1409,6
runtime/RuntimeMemory,released_2,R,heap_objects,1399.0,1398,1400,6
runtime/RuntimeMemory,released_2,P,heap_objects,1401.5,1399,1404,6
runtime/RuntimeMemory,released_2,M,heap_released,5058560.0,5054464,9338880,6
runtime/RuntimeMemory,released_2,B,heap_released,5263360.0,5062656,9576448,6
runtime/RuntimeMemory,released_2,R,heap_released,4497408.0,4390912,8699904,6
runtime/RuntimeMemory,released_2,P,heap_released,6832128.0,4710400,8962048,6
runtime/RuntimeMemory,released_2,M,rss_bytes,15429632.0,14331904,16297984,6
runtime/RuntimeMemory,released_2,B,rss_bytes,14245888.0,12787712,16060416,6
runtime/RuntimeMemory,released_2,R,rss_bytes,14825472.0,14385152,16957440,6
runtime/RuntimeMemory,released_2,P,rss_bytes,14641152.0,14123008,16809984,6
runtime/RuntimeMemory,released_2,M,peak_rss_kib,41156.0,35996,48648,6
runtime/RuntimeMemory,released_2,B,peak_rss_kib,34742.0,14940,37936,6
runtime/RuntimeMemory,released_2,R,peak_rss_kib,33860.0,15504,37296,6
runtime/RuntimeMemory,released_2,P,peak_rss_kib,36262.0,15584,37784,6
runtime/RuntimeMemory,released_2,M,code_bytes,0.0,0,0,6
runtime/RuntimeMemory,released_2,B,code_bytes,0.0,0,0,6
runtime/RuntimeMemory,released_2,R,code_bytes,0.0,0,0,6
runtime/RuntimeMemory,released_2,P,code_bytes,0.0,0,0,6
runtime/RuntimeMemory,runtime_released,M,heap_alloc,150568.0,150248,156208,6
runtime/RuntimeMemory,runtime_released,B,heap_alloc,150408.0,149928,150728,6
runtime/RuntimeMemory,runtime_released,R,heap_alloc,150424.0,150264,150584,6
runtime/RuntimeMemory,runtime_released,P,heap_alloc,150816.0,150424,155584,6
runtime/RuntimeMemory,runtime_released,M,heap_inuse,655360.0,638976,663552,6
runtime/RuntimeMemory,runtime_released,B,heap_inuse,655360.0,638976,655360,6
runtime/RuntimeMemory,runtime_released,R,heap_inuse,655360.0,655360,655360,6
runtime/RuntimeMemory,runtime_released,P,heap_inuse,655360.0,647168,655360,6
runtime/RuntimeMemory,runtime_released,M,heap_objects,521.0,519,529,6
runtime/RuntimeMemory,runtime_released,B,heap_objects,520.0,517,522,6
runtime/RuntimeMemory,runtime_released,R,heap_objects,521.0,520,522,6
runtime/RuntimeMemory,runtime_released,P,heap_objects,523.5,521,526,6
runtime/RuntimeMemory,runtime_released,M,heap_released,6103040.0,6078464,10321920,6
runtime/RuntimeMemory,runtime_released,B,heap_released,6139904.0,6111232,10321920,6
runtime/RuntimeMemory,runtime_released,R,heap_released,6111232.0,6086656,10338304,6
runtime/RuntimeMemory,runtime_released,P,heap_released,8077312.0,5955584,10231808,6
runtime/RuntimeMemory,runtime_released,M,rss_bytes,14512128.0,13344768,15380480,6
runtime/RuntimeMemory,runtime_released,B,rss_bytes,13293568.0,12132352,15376384,6
runtime/RuntimeMemory,runtime_released,R,rss_bytes,13154304.0,12820480,15450112,6
runtime/RuntimeMemory,runtime_released,P,rss_bytes,13430784.0,12943360,15630336,6
runtime/RuntimeMemory,runtime_released,M,peak_rss_kib,41156.0,35996,48648,6
runtime/RuntimeMemory,runtime_released,B,peak_rss_kib,34742.0,14940,37936,6
runtime/RuntimeMemory,runtime_released,R,peak_rss_kib,33860.0,15504,37296,6
runtime/RuntimeMemory,runtime_released,P,peak_rss_kib,36262.0,15584,37784,6
runtime/RuntimeMemory,runtime_released,M,code_bytes,0.0,0,0,6
runtime/RuntimeMemory,runtime_released,B,code_bytes,0.0,0,0,6
runtime/RuntimeMemory,runtime_released,R,code_bytes,0.0,0,0,6
runtime/RuntimeMemory,runtime_released,P,code_bytes,0.0,0,0,6
runtime/RuntimeMemory,compile_release_delta,M,bytes,37785988.0,37785904,37786360,6
runtime/RuntimeMemory,compile_release_delta,M,allocs,55060.0,55059,55063,6
runtime/RuntimeMemory,compile_release_delta,B,bytes,37786052.0,37785880,37786232,6
runtime/RuntimeMemory,compile_release_delta,B,allocs,55060.5,55060,55062,6
runtime/RuntimeMemory,compile_release_delta,R,bytes,27738548.0,27738320,27738776,6
runtime/RuntimeMemory,compile_release_delta,R,allocs,54632.0,54630,54634,6
runtime/RuntimeMemory,compile_release_delta,P,bytes,23674664.0,23674368,23674824,6
runtime/RuntimeMemory,compile_release_delta,P,allocs,54629.0,54626,54630,6
runtime-auto/RuntimeMemory,initial,M,heap_alloc,181912.0,181352,182312,6
runtime-auto/RuntimeMemory,initial,B,heap_alloc,181992.0,181800,182312,6
runtime-auto/RuntimeMemory,initial,R,heap_alloc,181848.0,181368,182008,6
runtime-auto/RuntimeMemory,initial,P,heap_alloc,181928.0,181688,182296,6
runtime-auto/RuntimeMemory,initial,M,heap_inuse,598016.0,598016,704512,6
runtime-auto/RuntimeMemory,initial,B,heap_inuse,692224.0,598016,704512,6
runtime-auto/RuntimeMemory,initial,R,heap_inuse,696320.0,598016,704512,6
runtime-auto/RuntimeMemory,initial,P,heap_inuse,692224.0,598016,712704,6
runtime-auto/RuntimeMemory,initial,M,heap_objects,460.5,457,463,6
runtime-auto/RuntimeMemory,initial,B,heap_objects,461.0,460,463,6
runtime-auto/RuntimeMemory,initial,R,heap_objects,461.0,458,462,6
runtime-auto/RuntimeMemory,initial,P,heap_objects,461.5,460,465,6
runtime-auto/RuntimeMemory,initial,M,heap_released,6914048.0,2539520,6946816,6
runtime-auto/RuntimeMemory,initial,B,heap_released,4726784.0,2539520,6914048,6
runtime-auto/RuntimeMemory,initial,R,heap_released,6750208.0,2539520,6914048,6
runtime-auto/RuntimeMemory,initial,P,heap_released,6742016.0,2719744,6914048,6
runtime-auto/RuntimeMemory,initial,M,rss_bytes,9166848.0,7069696,9179136,6
runtime-auto/RuntimeMemory,initial,B,rss_bytes,9226240.0,9207808,9240576,6
runtime-auto/RuntimeMemory,initial,R,rss_bytes,9527296.0,9515008,9539584,6
runtime-auto/RuntimeMemory,initial,P,rss_bytes,9564160.0,9560064,9568256,6
runtime-auto/RuntimeMemory,initial,M,peak_rss_kib,13586.0,13488,13680,6
runtime-auto/RuntimeMemory,initial,B,peak_rss_kib,13668.0,13420,13840,6
runtime-auto/RuntimeMemory,initial,R,peak_rss_kib,13690.0,13364,13792,6
runtime-auto/RuntimeMemory,initial,P,peak_rss_kib,13622.0,13400,13840,6
runtime-auto/RuntimeMemory,initial,M,code_bytes,0.0,0,0,6
runtime-auto/RuntimeMemory,initial,B,code_bytes,0.0,0,0,6
runtime-auto/RuntimeMemory,initial,R,code_bytes,0.0,0,0,6
runtime-auto/RuntimeMemory,initial,P,code_bytes,0.0,0,0,6
runtime-auto/RuntimeMemory,compile_release_270,M,heap_alloc,450556.0,375600,518408,6
runtime-auto/RuntimeMemory,compile_release_270,B,heap_alloc,451780.0,377920,674160,6
runtime-auto/RuntimeMemory,compile_release_270,R,heap_alloc,516532.0,380592,538408,6
runtime-auto/RuntimeMemory,compile_release_270,P,heap_alloc,381416.0,374432,800952,6
runtime-auto/RuntimeMemory,compile_release_270,M,heap_inuse,1167360.0,974848,1335296,6
runtime-auto/RuntimeMemory,compile_release_270,B,heap_inuse,1155072.0,983040,1490944,6
runtime-auto/RuntimeMemory,compile_release_270,R,heap_inuse,1265664.0,1130496,1343488,6
runtime-auto/RuntimeMemory,compile_release_270,P,heap_inuse,1142784.0,1048576,1515520,6
runtime-auto/RuntimeMemory,compile_release_270,M,heap_objects,701.5,662,755,6
runtime-auto/RuntimeMemory,compile_release_270,B,heap_objects,704.5,670,874,6
runtime-auto/RuntimeMemory,compile_release_270,R,heap_objects,738.0,675,809,6
runtime-auto/RuntimeMemory,compile_release_270,P,heap_objects,675.0,657,901,6
runtime-auto/RuntimeMemory,compile_release_270,M,heap_released,5734400.0,3170304,7823360,6
runtime-auto/RuntimeMemory,compile_release_270,B,heap_released,5599232.0,3063808,7708672,6
runtime-auto/RuntimeMemory,compile_release_270,R,heap_released,7122944.0,3194880,7782400,6
runtime-auto/RuntimeMemory,compile_release_270,P,heap_released,7139328.0,3448832,7995392,6
runtime-auto/RuntimeMemory,compile_release_270,M,rss_bytes,16312320.0,13971456,16777216,6
runtime-auto/RuntimeMemory,compile_release_270,B,rss_bytes,16594944.0,15859712,16977920,6
runtime-auto/RuntimeMemory,compile_release_270,R,rss_bytes,16427008.0,15257600,17100800,6
runtime-auto/RuntimeMemory,compile_release_270,P,rss_bytes,16973824.0,14770176,17342464,6
runtime-auto/RuntimeMemory,compile_release_270,M,peak_rss_kib,16574.0,14252,16880,6
runtime-auto/RuntimeMemory,compile_release_270,B,peak_rss_kib,16688.0,16232,16868,6
runtime-auto/RuntimeMemory,compile_release_270,R,peak_rss_kib,16538.0,15100,16900,6
runtime-auto/RuntimeMemory,compile_release_270,P,peak_rss_kib,16812.0,14772,17004,6
runtime-auto/RuntimeMemory,compile_release_270,M,code_bytes,0.0,0,0,6
runtime-auto/RuntimeMemory,compile_release_270,B,code_bytes,0.0,0,0,6
runtime-auto/RuntimeMemory,compile_release_270,R,code_bytes,0.0,0,0,6
runtime-auto/RuntimeMemory,compile_release_270,P,code_bytes,0.0,0,0,6
runtime-auto/RuntimeMemory,retained_0,M,heap_alloc,1274732.0,1270184,1285144,6
runtime-auto/RuntimeMemory,retained_0,B,heap_alloc,1277600.0,1268672,1283664,6
runtime-auto/RuntimeMemory,retained_0,R,heap_alloc,1272452.0,1269720,1285040,6
runtime-auto/RuntimeMemory,retained_0,P,heap_alloc,1270644.0,1265048,1272168,6
runtime-auto/RuntimeMemory,retained_0,M,heap_inuse,2113536.0,2097152,2146304,6
runtime-auto/RuntimeMemory,retained_0,B,heap_inuse,2076672.0,2056192,2138112,6
runtime-auto/RuntimeMemory,retained_0,R,heap_inuse,2125824.0,2056192,2228224,6
runtime-auto/RuntimeMemory,retained_0,P,heap_inuse,2105344.0,2031616,2170880,6
runtime-auto/RuntimeMemory,retained_0,M,heap_objects,1799.0,1789,1818,6
runtime-auto/RuntimeMemory,retained_0,B,heap_objects,1806.5,1785,1815,6
runtime-auto/RuntimeMemory,retained_0,R,heap_objects,1791.5,1780,1817,6
runtime-auto/RuntimeMemory,retained_0,P,heap_objects,1782.5,1777,1795,6
runtime-auto/RuntimeMemory,retained_0,M,heap_released,7294976.0,2998272,7970816,6
runtime-auto/RuntimeMemory,retained_0,B,heap_released,5468160.0,3317760,7700480,6
runtime-auto/RuntimeMemory,retained_0,R,heap_released,6938624.0,3006464,8044544,6
runtime-auto/RuntimeMemory,retained_0,P,heap_released,7421952.0,3293184,8011776,6
runtime-auto/RuntimeMemory,retained_0,M,rss_bytes,26140672.0,22220800,36491264,6
runtime-auto/RuntimeMemory,retained_0,B,rss_bytes,26232832.0,23728128,36458496,6
runtime-auto/RuntimeMemory,retained_0,R,rss_bytes,25896960.0,19095552,36102144,6
runtime-auto/RuntimeMemory,retained_0,P,rss_bytes,27265024.0,18989056,34443264,6
runtime-auto/RuntimeMemory,retained_0,M,peak_rss_kib,25218.0,21380,35932,6
runtime-auto/RuntimeMemory,retained_0,B,peak_rss_kib,25272.0,23128,35620,6
runtime-auto/RuntimeMemory,retained_0,R,peak_rss_kib,25030.0,18236,34996,6
runtime-auto/RuntimeMemory,retained_0,P,peak_rss_kib,26566.0,18688,33620,6
runtime-auto/RuntimeMemory,retained_0,M,code_bytes,167268.0,167268,167268,6
runtime-auto/RuntimeMemory,retained_0,B,code_bytes,167268.0,167268,167268,6
runtime-auto/RuntimeMemory,retained_0,R,code_bytes,134972.0,134972,134972,6
runtime-auto/RuntimeMemory,retained_0,P,code_bytes,134972.0,134972,134972,6
runtime-auto/RuntimeMemory,released_0,M,heap_alloc,1184568.0,1179920,1194864,6
runtime-auto/RuntimeMemory,released_0,B,heap_alloc,1187504.0,1178376,1193608,6
runtime-auto/RuntimeMemory,released_0,R,heap_alloc,1182180.0,1179424,1194728,6
runtime-auto/RuntimeMemory,released_0,P,heap_alloc,1180356.0,1174720,1182096,6
runtime-auto/RuntimeMemory,released_0,M,heap_inuse,1998848.0,1966080,2031616,6
runtime-auto/RuntimeMemory,released_0,B,heap_inuse,1970176.0,1925120,2015232,6
runtime-auto/RuntimeMemory,released_0,R,heap_inuse,2007040.0,1933312,2097152,6
runtime-auto/RuntimeMemory,released_0,P,heap_inuse,1982464.0,1933312,2031616,6
runtime-auto/RuntimeMemory,released_0,M,heap_objects,1515.5,1508,1536,6
runtime-auto/RuntimeMemory,released_0,B,heap_objects,1526.0,1502,1534,6
runtime-auto/RuntimeMemory,released_0,R,heap_objects,1506.5,1500,1533,6
runtime-auto/RuntimeMemory,released_0,P,heap_objects,1500.0,1493,1510,6
runtime-auto/RuntimeMemory,released_0,M,heap_released,8278016.0,3784704,9814016,6
runtime-auto/RuntimeMemory,released_0,B,heap_released,6615040.0,4382720,8945664,6
runtime-auto/RuntimeMemory,released_0,R,heap_released,7921664.0,4120576,9158656,6
runtime-auto/RuntimeMemory,released_0,P,heap_released,8794112.0,4472832,9142272,6
runtime-auto/RuntimeMemory,released_0,M,rss_bytes,15368192.0,15130624,16834560,6
runtime-auto/RuntimeMemory,released_0,B,rss_bytes,16291840.0,15966208,16633856,6
runtime-auto/RuntimeMemory,released_0,R,rss_bytes,16091136.0,15228928,17383424,6
runtime-auto/RuntimeMemory,released_0,P,rss_bytes,16236544.0,14139392,16830464,6
runtime-auto/RuntimeMemory,released_0,M,peak_rss_kib,25218.0,21508,35932,6
runtime-auto/RuntimeMemory,released_0,B,peak_rss_kib,25272.0,23128,35620,6
runtime-auto/RuntimeMemory,released_0,R,peak_rss_kib,25094.0,18328,34996,6
runtime-auto/RuntimeMemory,released_0,P,peak_rss_kib,26566.0,18688,33620,6
runtime-auto/RuntimeMemory,released_0,M,code_bytes,0.0,0,0,6
runtime-auto/RuntimeMemory,released_0,B,code_bytes,0.0,0,0,6
runtime-auto/RuntimeMemory,released_0,R,code_bytes,0.0,0,0,6
runtime-auto/RuntimeMemory,released_0,P,code_bytes,0.0,0,0,6
runtime-auto/RuntimeMemory,retained_1,M,heap_alloc,1278232.0,1273224,1286216,6
runtime-auto/RuntimeMemory,retained_1,B,heap_alloc,1278968.0,1269008,1284552,6
runtime-auto/RuntimeMemory,retained_1,R,heap_alloc,1275796.0,1270328,1287288,6
runtime-auto/RuntimeMemory,retained_1,P,heap_alloc,1271852.0,1266152,1275000,6
runtime-auto/RuntimeMemory,retained_1,M,heap_inuse,2084864.0,2007040,2203648,6
runtime-auto/RuntimeMemory,retained_1,B,heap_inuse,2166784.0,2113536,2244608,6
runtime-auto/RuntimeMemory,retained_1,R,heap_inuse,2125824.0,2048000,2236416,6
runtime-auto/RuntimeMemory,retained_1,P,heap_inuse,2121728.0,2064384,2162688,6
runtime-auto/RuntimeMemory,retained_1,M,heap_objects,1801.5,1797,1819,6
runtime-auto/RuntimeMemory,retained_1,B,heap_objects,1810.5,1788,1824,6
runtime-auto/RuntimeMemory,retained_1,R,heap_objects,1797.0,1786,1821,6
runtime-auto/RuntimeMemory,retained_1,P,heap_objects,1788.5,1781,1807,6
runtime-auto/RuntimeMemory,retained_1,M,heap_released,7053312.0,3235840,7462912,6
runtime-auto/RuntimeMemory,retained_1,B,heap_released,5054464.0,2555904,7602176,6
runtime-auto/RuntimeMemory,retained_1,R,heap_released,7507968.0,2408448,7970816,6
runtime-auto/RuntimeMemory,retained_1,P,heap_released,7065600.0,3055616,7495680,6
runtime-auto/RuntimeMemory,retained_1,M,rss_bytes,24610816.0,18595840,35241984,6
runtime-auto/RuntimeMemory,retained_1,B,rss_bytes,20783104.0,17915904,33730560,6
runtime-auto/RuntimeMemory,retained_1,R,rss_bytes,20449280.0,17776640,32268288,6
runtime-auto/RuntimeMemory,retained_1,P,rss_bytes,21866496.0,18108416,35610624,6
runtime-auto/RuntimeMemory,retained_1,M,peak_rss_kib,25218.0,21508,35932,6
runtime-auto/RuntimeMemory,retained_1,B,peak_rss_kib,25272.0,23128,35620,6
runtime-auto/RuntimeMemory,retained_1,R,peak_rss_kib,25094.0,18328,34996,6
runtime-auto/RuntimeMemory,retained_1,P,peak_rss_kib,26566.0,18688,34372,6
runtime-auto/RuntimeMemory,retained_1,M,code_bytes,167268.0,167268,167268,6
runtime-auto/RuntimeMemory,retained_1,B,code_bytes,167268.0,167268,167268,6
runtime-auto/RuntimeMemory,retained_1,R,code_bytes,134972.0,134972,134972,6
runtime-auto/RuntimeMemory,retained_1,P,code_bytes,134972.0,134972,134972,6
runtime-auto/RuntimeMemory,released_1,M,heap_alloc,1187728.0,1182832,1195824,6
runtime-auto/RuntimeMemory,released_1,B,heap_alloc,1188424.0,1178360,1193888,6
runtime-auto/RuntimeMemory,released_1,R,heap_alloc,1185180.0,1179744,1196880,6
runtime-auto/RuntimeMemory,released_1,P,heap_alloc,1181684.0,1175312,1184968,6
runtime-auto/RuntimeMemory,released_1,M,heap_inuse,1974272.0,1916928,2064384,6
runtime-auto/RuntimeMemory,released_1,B,heap_inuse,2043904.0,2007040,2105344,6
runtime-auto/RuntimeMemory,released_1,R,heap_inuse,2011136.0,1933312,2097152,6
runtime-auto/RuntimeMemory,released_1,P,heap_inuse,1998848.0,1974272,2023424,6
runtime-auto/RuntimeMemory,released_1,M,heap_objects,1518.5,1516,1538,6
runtime-auto/RuntimeMemory,released_1,B,heap_objects,1528.0,1501,1535,6
runtime-auto/RuntimeMemory,released_1,R,heap_objects,1512.0,1503,1539,6
runtime-auto/RuntimeMemory,released_1,P,heap_objects,1505.5,1495,1514,6
runtime-auto/RuntimeMemory,released_1,M,heap_released,8757248.0,4464640,9035776,6
runtime-auto/RuntimeMemory,released_1,B,heap_released,6488064.0,3670016,8585216,6
runtime-auto/RuntimeMemory,released_1,R,heap_released,8704000.0,3391488,9650176,6
runtime-auto/RuntimeMemory,released_1,P,heap_released,8310784.0,4169728,9265152,6
runtime-auto/RuntimeMemory,released_1,M,rss_bytes,15998976.0,14118912,16392192,6
runtime-auto/RuntimeMemory,released_1,B,rss_bytes,16801792.0,16281600,17330176,6
runtime-auto/RuntimeMemory,released_1,R,rss_bytes,15863808.0,14438400,17141760,6
runtime-auto/RuntimeMemory,released_1,P,rss_bytes,16173056.0,14831616,17399808,6
runtime-auto/RuntimeMemory,released_1,M,peak_rss_kib,25218.0,21508,35932,6
runtime-auto/RuntimeMemory,released_1,B,peak_rss_kib,25272.0,23128,35620,6
runtime-auto/RuntimeMemory,released_1,R,peak_rss_kib,25094.0,18328,34996,6
runtime-auto/RuntimeMemory,released_1,P,peak_rss_kib,26566.0,18688,34500,6
runtime-auto/RuntimeMemory,released_1,M,code_bytes,0.0,0,0,6
runtime-auto/RuntimeMemory,released_1,B,code_bytes,0.0,0,0,6
runtime-auto/RuntimeMemory,released_1,R,code_bytes,0.0,0,0,6
runtime-auto/RuntimeMemory,released_1,P,code_bytes,0.0,0,0,6
runtime-auto/RuntimeMemory,retained_2,M,heap_alloc,1282488.0,1273192,1286360,6
runtime-auto/RuntimeMemory,retained_2,B,heap_alloc,1283932.0,1274896,1287048,6
runtime-auto/RuntimeMemory,retained_2,R,heap_alloc,1281884.0,1271208,1292680,6
runtime-auto/RuntimeMemory,retained_2,P,heap_alloc,1274112.0,1272144,1279800,6
runtime-auto/RuntimeMemory,retained_2,M,heap_inuse,2125824.0,2031616,2285568,6
runtime-auto/RuntimeMemory,retained_2,B,heap_inuse,2138112.0,2064384,2203648,6
runtime-auto/RuntimeMemory,retained_2,R,heap_inuse,2121728.0,2039808,2138112,6
runtime-auto/RuntimeMemory,retained_2,P,heap_inuse,2170880.0,2031616,2203648,6
runtime-auto/RuntimeMemory,retained_2,M,heap_objects,1810.5,1795,1822,6
runtime-auto/RuntimeMemory,retained_2,B,heap_objects,1822.0,1797,1828,6
runtime-auto/RuntimeMemory,retained_2,R,heap_objects,1811.0,1786,1829,6
runtime-auto/RuntimeMemory,retained_2,P,heap_objects,1794.0,1787,1808,6
runtime-auto/RuntimeMemory,retained_2,M,heap_released,7290880.0,2654208,7913472,6
runtime-auto/RuntimeMemory,retained_2,B,heap_released,5324800.0,3039232,7864320,6
runtime-auto/RuntimeMemory,retained_2,R,heap_released,7073792.0,2891776,7962624,6
runtime-auto/RuntimeMemory,retained_2,P,heap_released,7057408.0,3317760,7413760,6
runtime-auto/RuntimeMemory,retained_2,M,rss_bytes,21733376.0,18108416,34414592,6
runtime-auto/RuntimeMemory,retained_2,B,rss_bytes,18614272.0,17715200,33312768,6
runtime-auto/RuntimeMemory,retained_2,R,rss_bytes,19580928.0,17707008,24662016,6
runtime-auto/RuntimeMemory,retained_2,P,rss_bytes,19828736.0,16384000,31076352,6
runtime-auto/RuntimeMemory,retained_2,M,peak_rss_kib,25218.0,21508,35932,6
runtime-auto/RuntimeMemory,retained_2,B,peak_rss_kib,25272.0,23128,35620,6
runtime-auto/RuntimeMemory,retained_2,R,peak_rss_kib,25094.0,18328,34996,6
runtime-auto/RuntimeMemory,retained_2,P,peak_rss_kib,26566.0,21572,34500,6
runtime-auto/RuntimeMemory,retained_2,M,code_bytes,167268.0,167268,167268,6
runtime-auto/RuntimeMemory,retained_2,B,code_bytes,167268.0,167268,167268,6
runtime-auto/RuntimeMemory,retained_2,R,code_bytes,134972.0,134972,134972,6
runtime-auto/RuntimeMemory,retained_2,P,code_bytes,134972.0,134972,134972,6
runtime-auto/RuntimeMemory,released_2,M,heap_alloc,1192072.0,1182800,1195920,6
runtime-auto/RuntimeMemory,released_2,B,heap_alloc,1193428.0,1184264,1200568,6
runtime-auto/RuntimeMemory,released_2,R,heap_alloc,1191372.0,1180832,1202064,6
runtime-auto/RuntimeMemory,released_2,P,heap_alloc,1183616.0,1181544,1189168,6
runtime-auto/RuntimeMemory,released_2,M,heap_inuse,2011136.0,1916928,2080768,6
runtime-auto/RuntimeMemory,released_2,B,heap_inuse,2027520.0,1957888,2072576,6
runtime-auto/RuntimeMemory,released_2,R,heap_inuse,2007040.0,1957888,2039808,6
runtime-auto/RuntimeMemory,released_2,P,heap_inuse,2043904.0,1949696,2080768,6
runtime-auto/RuntimeMemory,released_2,M,heap_objects,1528.0,1514,1538,6
runtime-auto/RuntimeMemory,released_2,B,heap_objects,1539.5,1511,1547,6
runtime-auto/RuntimeMemory,released_2,R,heap_objects,1527.5,1506,1544,6
runtime-auto/RuntimeMemory,released_2,P,heap_objects,1511.5,1503,1522,6
runtime-auto/RuntimeMemory,released_2,M,heap_released,8470528.0,3571712,8962048,6
runtime-auto/RuntimeMemory,released_2,B,heap_released,6610944.0,3825664,9306112,6
runtime-auto/RuntimeMemory,released_2,R,heap_released,7790592.0,4136960,9527296,6
runtime-auto/RuntimeMemory,released_2,P,heap_released,8568832.0,4104192,9109504,6
runtime-auto/RuntimeMemory,released_2,M,rss_bytes,16031744.0,13877248,16715776,6
runtime-auto/RuntimeMemory,released_2,B,rss_bytes,16543744.0,15564800,16666624,6
runtime-auto/RuntimeMemory,released_2,R,rss_bytes,16492544.0,13926400,17498112,6
runtime-auto/RuntimeMemory,released_2,P,rss_bytes,16154624.0,15200256,16740352,6
runtime-auto/RuntimeMemory,released_2,M,peak_rss_kib,25218.0,21508,35932,6
runtime-auto/RuntimeMemory,released_2,B,peak_rss_kib,25272.0,23128,35620,6
runtime-auto/RuntimeMemory,released_2,R,peak_rss_kib,25094.0,18328,34996,6
runtime-auto/RuntimeMemory,released_2,P,peak_rss_kib,26566.0,21700,34500,6
runtime-auto/RuntimeMemory,released_2,M,code_bytes,0.0,0,0,6
runtime-auto/RuntimeMemory,released_2,B,code_bytes,0.0,0,0,6
runtime-auto/RuntimeMemory,released_2,R,code_bytes,0.0,0,0,6
runtime-auto/RuntimeMemory,released_2,P,code_bytes,0.0,0,0,6
runtime-auto/RuntimeMemory,runtime_released,M,heap_alloc,262488.0,253248,266368,6
runtime-auto/RuntimeMemory,runtime_released,B,heap_alloc,263852.0,254728,271096,6
runtime-auto/RuntimeMemory,runtime_released,R,heap_alloc,261948.0,251328,278072,6
runtime-auto/RuntimeMemory,runtime_released,P,heap_alloc,255372.0,252072,259632,6
runtime-auto/RuntimeMemory,runtime_released,M,heap_inuse,851968.0,819200,917504,6
runtime-auto/RuntimeMemory,runtime_released,B,heap_inuse,868352.0,851968,917504,6
runtime-auto/RuntimeMemory,runtime_released,R,heap_inuse,888832.0,827392,933888,6
runtime-auto/RuntimeMemory,runtime_released,P,heap_inuse,880640.0,835584,925696,6
runtime-auto/RuntimeMemory,runtime_released,M,heap_objects,642.0,630,654,6
runtime-auto/RuntimeMemory,runtime_released,B,heap_objects,654.5,628,662,6
runtime-auto/RuntimeMemory,runtime_released,R,heap_objects,645.5,625,675,6
runtime-auto/RuntimeMemory,runtime_released,P,heap_objects,631.0,624,639,6
runtime-auto/RuntimeMemory,runtime_released,M,heap_released,9687040.0,4489216,9814016,6
runtime-auto/RuntimeMemory,runtime_released,B,heap_released,7651328.0,5431296,9764864,6
runtime-auto/RuntimeMemory,runtime_released,R,heap_released,9129984.0,5447680,9863168,6
runtime-auto/RuntimeMemory,runtime_released,P,heap_released,9641984.0,5480448,9764864,6
runtime-auto/RuntimeMemory,runtime_released,M,rss_bytes,15290368.0,13094912,15663104,6
runtime-auto/RuntimeMemory,runtime_released,B,rss_bytes,15599616.0,15138816,15769600,6
runtime-auto/RuntimeMemory,runtime_released,R,rss_bytes,15259648.0,13864960,16547840,6
runtime-auto/RuntimeMemory,runtime_released,P,rss_bytes,15595520.0,13910016,15953920,6
runtime-auto/RuntimeMemory,runtime_released,M,peak_rss_kib,25218.0,21508,35932,6
runtime-auto/RuntimeMemory,runtime_released,B,peak_rss_kib,25272.0,23128,35620,6
runtime-auto/RuntimeMemory,runtime_released,R,peak_rss_kib,25094.0,18328,34996,6
runtime-auto/RuntimeMemory,runtime_released,P,peak_rss_kib,26566.0,21700,34500,6
runtime-auto/RuntimeMemory,runtime_released,M,code_bytes,0.0,0,0,6
runtime-auto/RuntimeMemory,runtime_released,B,code_bytes,0.0,0,0,6
runtime-auto/RuntimeMemory,runtime_released,R,code_bytes,0.0,0,0,6
runtime-auto/RuntimeMemory,runtime_released,P,code_bytes,0.0,0,0,6
runtime-auto/RuntimeMemory,compile_release_delta,M,bytes,45740604.0,45356224,46005512,6
runtime-auto/RuntimeMemory,compile_release_delta,M,allocs,58769.5,58707,59011,6
runtime-auto/RuntimeMemory,compile_release_delta,B,bytes,45795188.0,45354824,46036592,6
runtime-auto/RuntimeMemory,compile_release_delta,B,allocs,58760.5,58686,59013,6
runtime-auto/RuntimeMemory,compile_release_delta,R,bytes,34082876.0,33916024,34287032,6
runtime-auto/RuntimeMemory,compile_release_delta,R,allocs,58028.5,57940,58115,6
runtime-auto/RuntimeMemory,compile_release_delta,P,bytes,30088256.0,29725680,30352040,6
runtime-auto/RuntimeMemory,compile_release_delta,P,allocs,58019.5,57897,58337,6
