code_bytes,heap_alloc,heap_inuse,heap_objects,heap_released,mallocs,modules,peak_rss_kib,phase,rss_bytes,statm,total_alloc,revision,kind,file,scenario,native_Supported,native_Active,native_Cached,native_Registered,native_PeakRegistered,native_Capacity,native_ScanSpan,functions_per_corpus,mapped_bytes,payload_bytes_page_rounded,functions_per_batch,instances
0,219128,704512,734,6979584,5482,0,13756,initial,14180352,"376141 3462 2210 1733 0 27917 0
",434592,M,memory,final-memory-block1-1-M.txt,TestSharingMemory,True,0,0,0,0,4096,0,,,,,
0,842968,1482752,1091,3710976,60548,0,20184,compile_release_270,20058112,"392735 4897 3001 1733 0 28160 0
",38205168,M,memory,final-memory-block1-1-M.txt,TestSharingMemory,True,0,0,0,0,4096,0,,,,,
167268,1562696,2187264,1698,3571712,67819,36,20184,retained_0,20230144,"392735 4939 3001 1733 0 28160 0
",43242456,M,memory,final-memory-block1-1-M.txt,TestSharingMemory,True,0,0,0,0,4096,0,,,,,
0,1558392,2170880,1670,5275648,68059,0,20184,released_0,18526208,"392735 4523 3001 1733 0 28160 0
",43256928,M,memory,final-memory-block1-1-M.txt,TestSharingMemory,True,0,0,0,0,4096,0,,,,,
167268,1562696,2179072,1698,3923968,75322,36,20184,retained_1,19628032,"392735 4792 3001 1733 0 28160 0
",48292712,M,memory,final-memory-block1-1-M.txt,TestSharingMemory,True,0,0,0,0,4096,0,,,,,
0,1558392,2162688,1670,4251648,75562,0,20184,released_1,19492864,"392735 4759 3001 1733 0 28160 0
",48307184,M,memory,final-memory-block1-1-M.txt,TestSharingMemory,True,0,0,0,0,4096,0,,,,,
167268,1562696,2179072,1698,4120576,82825,36,20184,retained_2,19718144,"392735 4814 3001 1733 0 28160 0
",53342968,M,memory,final-memory-block1-1-M.txt,TestSharingMemory,True,0,0,0,0,4096,0,,,,,
0,1558392,2162688,1670,4251648,83065,0,20184,released_2,19587072,"392735 4782 3001 1733 0 28160 0
",53357440,M,memory,final-memory-block1-1-M.txt,TestSharingMemory,True,0,0,0,0,4096,0,,,,,
0,212208,712704,795,5693440,83153,0,20184,runtime_released,18280448,"392735 4463 3032 1733 0 28160 0
",53364576,M,memory,final-memory-block1-1-M.txt,TestSharingMemory,True,0,0,0,0,4096,0,,,,,
0,368928,892928,1901,5537792,88929,0,20184,initial,18489344,,53761816,M,memory,final-memory-block1-1-M.txt,TestSharingMappedMemory,,,,,,,,1032,0,0,,
0,366872,884736,1891,2990080,95232,0,20604,compile_release_270,21164032,,73007992,M,memory,final-memory-block1-1-M.txt,TestSharingMappedMemory,,,,,,,,1032,0,0,,
167268,446936,1007616,2015,4300800,96169,36,20860,retained_0,20287488,,75587304,M,memory,final-memory-block1-1-M.txt,TestSharingMappedMemory,,,,,,,,1032,606208,278528,,
0,371528,901120,1909,4300800,96258,0,20860,released_0,20008960,,75593704,M,memory,final-memory-block1-1-M.txt,TestSharingMappedMemory,,,,,,,,1032,0,0,,
167268,446936,1007616,2015,4513792,97176,36,20860,retained_1,20078592,,78166200,M,memory,final-memory-block1-1-M.txt,TestSharingMappedMemory,,,,,,,,1032,606208,278528,,
0,371528,901120,1909,4513792,97265,0,20860,released_1,19800064,,78172600,M,memory,final-memory-block1-1-M.txt,TestSharingMappedMemory,,,,,,,,1032,0,0,,
167268,446936,1007616,2015,4513792,98183,36,20860,retained_2,20078592,,80745096,M,memory,final-memory-block1-1-M.txt,TestSharingMappedMemory,,,,,,,,1032,606208,278528,,
0,371528,901120,1909,4513792,98272,0,20860,released_2,19800064,,80751496,M,memory,final-memory-block1-1-M.txt,TestSharingMappedMemory,,,,,,,,1032,0,0,,
0,219288,704512,735,2785280,5483,0,13712,initial,12038144,"376141 2939 2200 1733 0 26893 0
",434752,M,memory,final-memory-block1-8-M.txt,TestSharingMemory,True,0,0,0,0,4096,0,,,,,
0,1173816,1843200,1282,3866624,60549,0,20112,compile_release_270,19779584,"392735 4829 2991 1733 0 28160 0
",38205312,M,memory,final-memory-block1-8-M.txt,TestSharingMemory,True,0,0,0,0,4096,0,,,,,
167268,1562856,2252800,1699,3473408,67820,36,20112,retained_0,20082688,"392735 4903 2991 1733 0 28160 0
",43242600,M,memory,final-memory-block1-8-M.txt,TestSharingMemory,True,0,0,0,0,4096,0,,,,,
0,1558552,2236416,1671,5177344,68060,0,20112,released_0,18481152,"392735 4512 2991 1733 0 28160 0
",43257072,M,memory,final-memory-block1-8-M.txt,TestSharingMemory,True,0,0,0,0,4096,0,,,,,
167268,1562856,2162688,1699,3866624,75323,36,20112,retained_1,19730432,"392735 4817 2991 1733 0 28160 0
",48292856,M,memory,final-memory-block1-8-M.txt,TestSharingMemory,True,0,0,0,0,4096,0,,,,,
0,1558552,2146304,1671,4587520,75563,0,20112,released_1,19017728,"392735 4643 2991 1733 0 28160 0
",48307328,M,memory,final-memory-block1-8-M.txt,TestSharingMemory,True,0,0,0,0,4096,0,,,,,
167268,1562856,2195456,1699,4005888,82826,36,20112,retained_2,19582976,"392735 4781 2991 1733 0 28160 0
",53343112,M,memory,final-memory-block1-8-M.txt,TestSharingMemory,True,0,0,0,0,4096,0,,,,,
0,1558552,2179072,1671,4268032,83066,0,20112,released_2,19378176,"392735 4731 2991 1733 0 28160 0
",53357584,M,memory,final-memory-block1-8-M.txt,TestSharingMemory,True,0,0,0,0,4096,0,,,,,
0,212368,712704,796,5644288,83154,0,20112,runtime_released,18198528,"392735 4443 3022 1733 0 28160 0
",53364720,M,memory,final-memory-block1-8-M.txt,TestSharingMemory,True,0,0,0,0,4096,0,,,,,
0,369088,892928,1902,5595136,88930,0,20112,initial,18317312,,53761960,M,memory,final-memory-block1-8-M.txt,TestSharingMappedMemory,,,,,,,,1032,0,0,,
0,367032,884736,1892,3121152,95233,0,20332,compile_release_270,20877312,,73008120,M,memory,final-memory-block1-8-M.txt,TestSharingMappedMemory,,,,,,,,1032,0,0,,
167268,447096,1007616,2016,4235264,96170,36,20588,retained_0,20164608,,75587432,M,memory,final-memory-block1-8-M.txt,TestSharingMappedMemory,,,,,,,,1032,606208,278528,,
0,371688,901120,1910,4235264,96259,0,20588,released_0,19886080,,75593832,M,memory,final-memory-block1-8-M.txt,TestSharingMappedMemory,,,,,,,,1032,0,0,,
167268,447096,1007616,2016,4521984,97177,36,20588,retained_1,19898368,,78166328,M,memory,final-memory-block1-8-M.txt,TestSharingMappedMemory,,,,,,,,1032,606208,278528,,
0,371688,901120,1910,4521984,97266,0,20588,released_1,19619840,,78172728,M,memory,final-memory-block1-8-M.txt,TestSharingMappedMemory,,,,,,,,1032,0,0,,
167268,447096,1007616,2016,4521984,98184,36,20588,retained_2,19902464,,80745224,M,memory,final-memory-block1-8-M.txt,TestSharingMappedMemory,,,,,,,,1032,606208,278528,,
0,371688,901120,1910,4521984,98273,0,20588,released_2,19623936,,80751624,M,memory,final-memory-block1-8-M.txt,TestSharingMappedMemory,,,,,,,,1032,0,0,,
0,213392,704512,726,7012352,5474,0,13648,initial,14147584,"374092 3454 2209 1733 0 25869 0
",428856,M,memory,final-memory-block2-1-M.txt,TestSharingMemory,True,0,0,0,0,4096,0,,,,,
0,1172640,1908736,1296,3186688,60540,0,20212,compile_release_270,20705280,"374302 5055 3000 1733 0 26079 0
",38199560,M,memory,final-memory-block2-1-M.txt,TestSharingMemory,True,0,0,0,0,4096,0,,,,,
167268,1557104,2187264,1690,3186688,67811,36,20212,retained_0,20738048,"374302 5063 3000 1733 0 26079 0
",43236848,M,memory,final-memory-block2-1-M.txt,TestSharingMemory,True,0,0,0,0,4096,0,,,,,
0,1552816,2170880,1663,5283840,68052,0,20212,released_0,18640896,"374302 4551 3000 1733 0 26079 0
",43251336,M,memory,final-memory-block2-1-M.txt,TestSharingMemory,True,0,0,0,0,4096,0,,,,,
167268,1557120,2170880,1691,3940352,75315,36,20212,retained_1,19832832,"374302 4842 3000 1733 0 26079 0
",48287120,M,memory,final-memory-block2-1-M.txt,TestSharingMemory,True,0,0,0,0,4096,0,,,,,
0,1552816,2154496,1663,4333568,75555,0,20212,released_1,19542016,"374302 4771 3000 1733 0 26079 0
",48301592,M,memory,final-memory-block2-1-M.txt,TestSharingMemory,True,0,0,0,0,4096,0,,,,,
167268,1557120,2146304,1691,4186112,82818,36,20212,retained_2,19730432,"374302 4817 3000 1733 0 26079 0
",53337376,M,memory,final-memory-block2-1-M.txt,TestSharingMemory,True,0,0,0,0,4096,0,,,,,
0,1552816,2129920,1663,4644864,83058,0,20212,released_2,19304448,"374302 4713 3000 1733 0 26079 0
",53351848,M,memory,final-memory-block2-1-M.txt,TestSharingMemory,True,0,0,0,0,4096,0,,,,,
0,206632,712704,788,5758976,83146,0,20212,runtime_released,18317312,"374302 4472 3031 1733 0 26079 0
",53358984,M,memory,final-memory-block2-1-M.txt,TestSharingMemory,True,0,0,0,0,4096,0,,,,,
0,363352,892928,1894,5660672,88922,0,20212,initial,18448384,,53756224,M,memory,final-memory-block2-1-M.txt,TestSharingMappedMemory,,,,,,,,1032,0,0,,
0,361296,884736,1884,7258112,95225,0,20832,compile_release_270,21200896,,73002384,M,memory,final-memory-block2-1-M.txt,TestSharingMappedMemory,,,,,,,,1032,0,0,,
167268,439952,991232,1999,8503296,96164,36,20900,retained_0,20398080,,75581832,M,memory,final-memory-block2-1-M.txt,TestSharingMappedMemory,,,,,,,,1032,606208,278528,,
0,365936,901120,1901,10862592,96262,0,20900,released_0,17760256,,75589776,M,memory,final-memory-block2-1-M.txt,TestSharingMappedMemory,,,,,,,,1032,0,0,,
167268,441344,1007616,2007,8790016,97180,36,20900,retained_1,19386368,,78162272,M,memory,final-memory-block2-1-M.txt,TestSharingMappedMemory,,,,,,,,1032,606208,278528,,
0,365936,901120,1901,8781824,97269,0,20900,released_1,19116032,,78168672,M,memory,final-memory-block2-1-M.txt,TestSharingMappedMemory,,,,,,,,1032,0,0,,
167268,441344,1007616,2007,8773632,98187,36,20900,retained_2,20140032,,80741168,M,memory,final-memory-block2-1-M.txt,TestSharingMappedMemory,,,,,,,,1032,606208,278528,,
0,365936,901120,1901,8773632,98276,0,20900,released_2,19861504,,80747568,M,memory,final-memory-block2-1-M.txt,TestSharingMappedMemory,,,,,,,,1032,0,0,,
0,219288,704512,735,6979584,5483,0,13768,initial,14123008,"376141 3448 2196 1733 0 27917 0
",434752,M,memory,final-memory-block2-8-M.txt,TestSharingMemory,True,0,0,0,0,4096,0,,,,,
0,1173976,1851392,1283,8052736,60550,0,22112,compile_release_270,22274048,"392735 5438 2987 1733 0 29184 0
",38205472,M,memory,final-memory-block2-8-M.txt,TestSharingMemory,True,0,0,0,0,4096,0,,,,,
167268,1563016,2252800,1700,7643136,67821,36,22112,retained_0,22548480,"392735 5505 2987 1733 0 29184 0
",43242760,M,memory,final-memory-block2-8-M.txt,TestSharingMemory,True,0,0,0,0,4096,0,,,,,
0,1558712,2236416,1672,9347072,68061,0,22112,released_0,20983808,"392735 5123 2987 1733 0 29184 0
",43257232,M,memory,final-memory-block2-8-M.txt,TestSharingMemory,True,0,0,0,0,4096,0,,,,,
167268,1563000,2162688,1699,7815168,75324,36,22112,retained_1,22228992,"392735 5427 2987 1733 0 29184 0
",48293016,M,memory,final-memory-block2-8-M.txt,TestSharingMemory,True,0,0,0,0,4096,0,,,,,
0,1558696,2146304,1671,8798208,75564,0,22112,released_1,21512192,"392735 5252 2987 1733 0 29184 0
",48307488,M,memory,final-memory-block2-8-M.txt,TestSharingMemory,True,0,0,0,0,4096,0,,,,,
167268,1563016,2154496,1700,8241152,82827,36,22112,retained_2,22040576,"392735 5381 2987 1733 0 29184 0
",53343272,M,memory,final-memory-block2-8-M.txt,TestSharingMemory,True,0,0,0,0,4096,0,,,,,
0,1558712,2138112,1672,8830976,83067,0,22112,released_2,21553152,"392735 5262 2987 1733 0 29184 0
",53357744,M,memory,final-memory-block2-8-M.txt,TestSharingMemory,True,0,0,0,0,4096,0,,,,,
0,212528,712704,797,9879552,83155,0,22112,runtime_released,20664320,"392735 5045 3018 1733 0 29184 0
",53364880,M,memory,final-memory-block2-8-M.txt,TestSharingMemory,True,0,0,0,0,4096,0,,,,,
0,369248,892928,1903,9764864,88931,0,22112,initial,20807680,,53762120,M,memory,final-memory-block2-8-M.txt,TestSharingMappedMemory,,,,,,,,1032,0,0,,
0,367192,884736,1893,7495680,95234,0,22740,compile_release_270,22863872,,73008296,M,memory,final-memory-block2-8-M.txt,TestSharingMappedMemory,,,,,,,,1032,0,0,,
167268,447256,1007616,2017,8609792,96171,36,22740,retained_0,22061056,,75587608,M,memory,final-memory-block2-8-M.txt,TestSharingMappedMemory,,,,,,,,1032,606208,278528,,
0,371848,901120,1911,8609792,96260,0,22740,released_0,21782528,,75594008,M,memory,final-memory-block2-8-M.txt,TestSharingMappedMemory,,,,,,,,1032,0,0,,
167268,447256,1007616,2017,8724480,97178,36,22740,retained_1,21946368,,78166504,M,memory,final-memory-block2-8-M.txt,TestSharingMappedMemory,,,,,,,,1032,606208,278528,,
0,371848,901120,1911,8724480,97267,0,22740,released_1,21667840,,78172904,M,memory,final-memory-block2-8-M.txt,TestSharingMappedMemory,,,,,,,,1032,0,0,,
167268,447256,1007616,2017,8658944,98185,36,22740,retained_2,22032384,,80745400,M,memory,final-memory-block2-8-M.txt,TestSharingMappedMemory,,,,,,,,1032,606208,278528,,
0,371848,901120,1911,8650752,98274,0,22740,released_2,21762048,,80751800,M,memory,final-memory-block2-8-M.txt,TestSharingMappedMemory,,,,,,,,1032,0,0,,
0,219128,704512,734,2785280,5482,0,13664,initial,12103680,"376141 2955 2216 1733 0 26893 0
",434592,M,memory,final-memory-block3-1-M.txt,TestSharingMemory,True,0,0,0,0,4096,0,,,,,
0,1173816,1859584,1282,3874816,60549,0,20232,compile_release_270,20000768,"409137 4883 3007 1733 0 28178 0
",38205328,M,memory,final-memory-block3-1-M.txt,TestSharingMemory,True,0,0,0,0,4096,0,,,,,
167268,1562856,2252800,1699,3440640,67820,36,20232,retained_0,20312064,"409137 4959 3007 1733 0 28178 0
",43242616,M,memory,final-memory-block3-1-M.txt,TestSharingMemory,True,0,0,0,0,4096,0,,,,,
0,1558552,2236416,1671,5144576,68060,0,20232,released_0,18845696,"409137 4601 3039 1733 0 28178 0
",43257088,M,memory,final-memory-block3-1-M.txt,TestSharingMemory,True,0,0,0,0,4096,0,,,,,
167268,1562840,2154496,1698,3645440,75323,36,20232,retained_1,20172800,"409137 4925 3039 1733 0 28178 0
",48292872,M,memory,final-memory-block3-1-M.txt,TestSharingMemory,True,0,0,0,0,4096,0,,,,,
0,1558536,2138112,1670,4562944,75563,0,20232,released_1,19402752,"409137 4737 3039 1733 0 28178 0
",48307344,M,memory,final-memory-block3-1-M.txt,TestSharingMemory,True,0,0,0,0,4096,0,,,,,
167268,1562856,2162688,1699,4087808,82826,36,20232,retained_2,19869696,"409137 4851 3039 1733 0 28178 0
",53343128,M,memory,final-memory-block3-1-M.txt,TestSharingMemory,True,0,0,0,0,4096,0,,,,,
0,1558552,2146304,1671,4612096,83066,0,20232,released_2,19488768,"409137 4758 3039 1733 0 28178 0
",53357600,M,memory,final-memory-block3-1-M.txt,TestSharingMemory,True,0,0,0,0,4096,0,,,,,
0,212368,712704,796,5726208,83154,0,20232,runtime_released,18501632,"409137 4517 3070 1733 0 28178 0
",53364736,M,memory,final-memory-block3-1-M.txt,TestSharingMemory,True,0,0,0,0,4096,0,,,,,
0,369088,892928,1902,5595136,88930,0,20232,initial,18694144,,53761976,M,memory,final-memory-block3-1-M.txt,TestSharingMappedMemory,,,,,,,,1032,0,0,,
0,367032,884736,1892,3153920,95233,0,20756,compile_release_270,21106688,,73008152,M,memory,final-memory-block3-1-M.txt,TestSharingMappedMemory,,,,,,,,1032,0,0,,
167268,447096,1007616,2016,4268032,96170,36,20872,retained_0,20373504,,75587464,M,memory,final-memory-block3-1-M.txt,TestSharingMappedMemory,,,,,,,,1032,606208,278528,,
0,371688,901120,1910,4268032,96259,0,20872,released_0,20099072,,75593864,M,memory,final-memory-block3-1-M.txt,TestSharingMappedMemory,,,,,,,,1032,0,0,,
167268,447096,1007616,2016,4538368,97177,36,20872,retained_1,20107264,,78166360,M,memory,final-memory-block3-1-M.txt,TestSharingMappedMemory,,,,,,,,1032,606208,278528,,
0,371688,901120,1910,4538368,97266,0,20872,released_1,19828736,,78172760,M,memory,final-memory-block3-1-M.txt,TestSharingMappedMemory,,,,,,,,1032,0,0,,
167268,447096,1007616,2016,4538368,98184,36,20872,retained_2,20115456,,80745256,M,memory,final-memory-block3-1-M.txt,TestSharingMappedMemory,,,,,,,,1032,606208,278528,,
0,371688,901120,1910,4538368,98273,0,20872,released_2,19836928,,80751656,M,memory,final-memory-block3-1-M.txt,TestSharingMappedMemory,,,,,,,,1032,0,0,,
0,218968,704512,733,6979584,5481,0,13712,initial,14204928,"392543 3468 2214 1733 0 27935 0
",434432,M,memory,final-memory-block3-8-M.txt,TestSharingMemory,True,0,0,0,0,4096,0,,,,,
0,1173816,1859584,1282,8101888,60549,0,22212,compile_release_270,22097920,"409137 5395 3005 1733 0 29202 0
",38205312,M,memory,final-memory-block3-8-M.txt,TestSharingMemory,True,0,0,0,0,4096,0,,,,,
167268,1562856,2252800,1699,7643136,67820,36,22212,retained_0,22392832,"409137 5467 3005 1733 0 29202 0
",43242600,M,memory,final-memory-block3-8-M.txt,TestSharingMemory,True,0,0,0,0,4096,0,,,,,
0,1558552,2236416,1671,9347072,68060,0,22212,released_0,20893696,"409137 5101 3005 1733 0 29202 0
",43257072,M,memory,final-memory-block3-8-M.txt,TestSharingMemory,True,0,0,0,0,4096,0,,,,,
167268,1562840,2162688,1698,7880704,75323,36,22212,retained_1,22155264,"409137 5409 3005 1733 0 29202 0
",48292856,M,memory,final-memory-block3-8-M.txt,TestSharingMemory,True,0,0,0,0,4096,0,,,,,
0,1558536,2146304,1670,8798208,75563,0,22212,released_1,21344256,"409137 5211 3005 1733 0 29202 0
",48307328,M,memory,final-memory-block3-8-M.txt,TestSharingMemory,True,0,0,0,0,4096,0,,,,,
167268,1562856,2154496,1699,8126464,82826,36,22212,retained_2,21823488,"409137 5328 3005 1733 0 29202 0
",53343112,M,memory,final-memory-block3-8-M.txt,TestSharingMemory,True,0,0,0,0,4096,0,,,,,
0,1558552,2138112,1671,8847360,83066,0,22212,released_2,21450752,"409137 5237 3005 1733 0 29202 0
",53357584,M,memory,final-memory-block3-8-M.txt,TestSharingMemory,True,0,0,0,0,4096,0,,,,,
0,212368,712704,796,9895936,83154,0,22212,runtime_released,20529152,"409137 5012 3036 1733 0 29202 0
",53364720,M,memory,final-memory-block3-8-M.txt,TestSharingMemory,True,0,0,0,0,4096,0,,,,,
0,369088,892928,1902,9732096,88930,0,22212,initial,20733952,,53761960,M,memory,final-memory-block3-8-M.txt,TestSharingMappedMemory,,,,,,,,1032,0,0,,
0,367032,884736,1892,7331840,95233,0,22864,compile_release_270,23277568,,73008120,M,memory,final-memory-block3-8-M.txt,TestSharingMappedMemory,,,,,,,,1032,0,0,,
167268,447096,1007616,2016,8314880,96170,36,22952,retained_0,22679552,,75587432,M,memory,final-memory-block3-8-M.txt,TestSharingMappedMemory,,,,,,,,1032,606208,278528,,
0,371688,901120,1910,8511488,96259,0,22952,released_0,22204416,,75593832,M,memory,final-memory-block3-8-M.txt,TestSharingMappedMemory,,,,,,,,1032,0,0,,
167268,447096,1007616,2016,8552448,97177,36,22952,retained_1,22454272,,78166328,M,memory,final-memory-block3-8-M.txt,TestSharingMappedMemory,,,,,,,,1032,606208,278528,,
0,371688,901120,1910,8552448,97266,0,22952,released_1,22175744,,78172728,M,memory,final-memory-block3-8-M.txt,TestSharingMappedMemory,,,,,,,,1032,0,0,,
167268,447096,1007616,2016,8691712,98184,36,22952,retained_2,22212608,,80745224,M,memory,final-memory-block3-8-M.txt,TestSharingMappedMemory,,,,,,,,1032,606208,278528,,
0,371688,901120,1910,8691712,98273,0,22952,released_2,21934080,,80751624,M,memory,final-memory-block3-8-M.txt,TestSharingMappedMemory,,,,,,,,1032,0,0,,
0,219128,704512,734,2785280,5482,0,13596,initial,12070912,"376141 2947 2208 1733 0 26893 0
",434592,B,memory,final-memory-block1-2-B.txt,TestSharingMemory,True,0,0,0,0,4096,0,,,,,
0,1173656,1859584,1281,3866624,60548,0,20080,compile_release_270,19804160,"392735 4835 2997 1733 0 28160 0
",38205168,B,memory,final-memory-block1-2-B.txt,TestSharingMemory,True,0,0,0,0,4096,0,,,,,
167268,1562696,2252800,1698,3457024,67819,36,20080,retained_0,20144128,"392735 4918 2997 1733 0 28160 0
",43242456,B,memory,final-memory-block1-2-B.txt,TestSharingMemory,True,0,0,0,0,4096,0,,,,,
0,1558392,2236416,1670,5160960,68059,0,20080,released_0,18542592,"392735 4527 2997 1733 0 28160 0
",43256928,B,memory,final-memory-block1-2-B.txt,TestSharingMemory,True,0,0,0,0,4096,0,,,,,
167268,1562680,2162688,1697,3653632,75322,36,20080,retained_1,19767296,"392735 4826 2997 1733 0 28160 0
",48292712,B,memory,final-memory-block1-2-B.txt,TestSharingMemory,True,0,0,0,0,4096,0,,,,,
0,1558376,2146304,1669,4636672,75562,0,20080,released_1,18997248,"392735 4638 2997 1733 0 28160 0
",48307184,B,memory,final-memory-block1-2-B.txt,TestSharingMemory,True,0,0,0,0,4096,0,,,,,
167268,1562696,2154496,1698,3997696,82825,36,20080,retained_2,19521536,"392735 4766 2997 1733 0 28160 0
",53342968,B,memory,final-memory-block1-2-B.txt,TestSharingMemory,True,0,0,0,0,4096,0,,,,,
0,1558392,2138112,1670,4653056,83065,0,20080,released_2,19079168,"392735 4658 2997 1733 0 28160 0
",53357440,B,memory,final-memory-block1-2-B.txt,TestSharingMemory,True,0,0,0,0,4096,0,,,,,
0,212208,712704,795,5701632,83153,0,20080,runtime_released,18178048,"392735 4438 3029 1733 0 28160 0
",53364576,B,memory,final-memory-block1-2-B.txt,TestSharingMemory,True,0,0,0,0,4096,0,,,,,
0,368928,892928,1901,5611520,88929,0,20080,initial,18321408,,53761816,B,memory,final-memory-block1-2-B.txt,TestSharingMappedMemory,,,,,,,,1032,0,0,,
0,366872,884736,1891,3145728,95232,0,20440,compile_release_270,20938752,,73007992,B,memory,final-memory-block1-2-B.txt,TestSharingMappedMemory,,,,,,,,1032,0,0,,
167268,446936,1007616,2015,4259840,96169,36,20696,retained_0,20180992,,75587304,B,memory,final-memory-block1-2-B.txt,TestSharingMappedMemory,,,,,,,,1032,606208,278528,,
0,371528,901120,1909,4259840,96258,0,20696,released_0,19906560,,75593704,B,memory,final-memory-block1-2-B.txt,TestSharingMappedMemory,,,,,,,,1032,0,0,,
167268,446936,1007616,2015,4521984,97176,36,20696,retained_1,19931136,,78166200,B,memory,final-memory-block1-2-B.txt,TestSharingMappedMemory,,,,,,,,1032,606208,278528,,
0,371528,901120,1909,4521984,97265,0,20696,released_1,19652608,,78172600,B,memory,final-memory-block1-2-B.txt,TestSharingMappedMemory,,,,,,,,1032,0,0,,
167268,446936,1007616,2015,4521984,98183,36,20696,retained_2,19931136,,80745096,B,memory,final-memory-block1-2-B.txt,TestSharingMappedMemory,,,,,,,,1032,606208,278528,,
0,371528,901120,1909,4521984,98272,0,20696,released_2,19652608,,80751496,B,memory,final-memory-block1-2-B.txt,TestSharingMappedMemory,,,,,,,,1032,0,0,,
0,213552,704512,727,2818048,5475,0,13608,initial,12013568,"374092 2933 2200 1733 0 24845 0
",429016,B,memory,final-memory-block1-7-B.txt,TestSharingMemory,True,0,0,0,0,4096,0,,,,,
0,1172800,1916928,1297,3350528,60541,0,19956,compile_release_270,20652032,"374302 5042 2991 1733 0 26079 0
",38199720,B,memory,final-memory-block1-7-B.txt,TestSharingMemory,True,0,0,0,0,4096,0,,,,,
167268,1557264,2187264,1691,3350528,67812,36,19956,retained_0,20684800,"374302 5050 2991 1733 0 26079 0
",43237008,B,memory,final-memory-block1-7-B.txt,TestSharingMemory,True,0,0,0,0,4096,0,,,,,
0,1552976,2170880,1664,5251072,68053,0,19956,released_0,18784256,"374302 4586 2991 1733 0 26079 0
",43251496,B,memory,final-memory-block1-7-B.txt,TestSharingMemory,True,0,0,0,0,4096,0,,,,,
167268,1557280,2146304,1692,4005888,75316,36,19956,retained_1,19836928,"374302 4843 2991 1733 0 26079 0
",48287280,B,memory,final-memory-block1-7-B.txt,TestSharingMemory,True,0,0,0,0,4096,0,,,,,
0,1552976,2129920,1664,4661248,75556,0,19956,released_1,19316736,"374302 4716 2991 1733 0 26079 0
",48301752,B,memory,final-memory-block1-7-B.txt,TestSharingMemory,True,0,0,0,0,4096,0,,,,,
167268,1557264,2146304,1691,3973120,82819,36,19956,retained_2,19947520,"374302 4870 2991 1733 0 26079 0
",53337536,B,memory,final-memory-block1-7-B.txt,TestSharingMemory,True,0,0,0,0,4096,0,,,,,
0,1552960,2129920,1663,4694016,83059,0,19956,released_2,19398656,"374302 4736 2991 1733 0 26079 0
",53352008,B,memory,final-memory-block1-7-B.txt,TestSharingMemory,True,0,0,0,0,4096,0,,,,,
0,206792,712704,789,5742592,83147,0,19956,runtime_released,18477056,"374302 4511 3022 1733 0 26079 0
",53359144,B,memory,final-memory-block1-7-B.txt,TestSharingMemory,True,0,0,0,0,4096,0,,,,,
0,363512,892928,1895,5603328,88923,0,19956,initial,18665472,,53756384,B,memory,final-memory-block1-7-B.txt,TestSharingMappedMemory,,,,,,,,1032,0,0,,
0,361456,884736,1885,3022848,95226,0,22500,compile_release_270,22528000,,73002560,B,memory,final-memory-block1-7-B.txt,TestSharingMappedMemory,,,,,,,,1032,0,0,,
167268,440112,991232,2000,4333568,96165,36,22500,retained_0,21753856,,75582008,B,memory,final-memory-block1-7-B.txt,TestSharingMappedMemory,,,,,,,,1032,606208,278528,,
0,366096,901120,1902,6692864,96263,0,22500,released_0,19116032,,75589952,B,memory,final-memory-block1-7-B.txt,TestSharingMappedMemory,,,,,,,,1032,0,0,,
167268,441504,1007616,2008,4595712,97181,36,22500,retained_1,20668416,,78162448,B,memory,final-memory-block1-7-B.txt,TestSharingMappedMemory,,,,,,,,1032,606208,278528,,
0,366096,901120,1902,4587520,97270,0,22500,released_1,20398080,,78168848,B,memory,final-memory-block1-7-B.txt,TestSharingMappedMemory,,,,,,,,1032,0,0,,
167268,441504,1007616,2008,4571136,98188,36,22500,retained_2,21532672,,80741344,B,memory,final-memory-block1-7-B.txt,TestSharingMappedMemory,,,,,,,,1032,606208,278528,,
0,366096,901120,1902,4571136,98277,0,22500,released_2,21254144,,80747744,B,memory,final-memory-block1-7-B.txt,TestSharingMappedMemory,,,,,,,,1032,0,0,,
0,213872,704512,729,7012352,5477,0,13752,initial,14143488,"357708 3453 2210 1733 0 25836 0
",429336,B,memory,final-memory-block2-2-B.txt,TestSharingMemory,True,0,0,0,0,4096,0,,,,,
0,1052192,1744896,1275,7684096,60544,0,22164,compile_release_270,22462464,"374302 5484 3001 1733 0 27103 0
",38200056,B,memory,final-memory-block2-2-B.txt,TestSharingMemory,True,0,0,0,0,4096,0,,,,,
167268,1557600,2269184,1694,7675904,67815,36,22164,retained_0,22503424,"374302 5494 3001 1733 0 27103 0
",43237360,B,memory,final-memory-block2-2-B.txt,TestSharingMemory,True,0,0,0,0,4096,0,,,,,
0,1553296,2252800,1666,9445376,68055,0,22164,released_0,20733952,"374302 5062 3001 1733 0 27103 0
",43251832,B,memory,final-memory-block2-2-B.txt,TestSharingMemory,True,0,0,0,0,4096,0,,,,,
167268,1557600,2187264,1694,8077312,75318,36,22164,retained_1,21954560,"374302 5360 3001 1733 0 27103 0
",48287616,B,memory,final-memory-block2-2-B.txt,TestSharingMemory,True,0,0,0,0,4096,0,,,,,
0,1553296,2170880,1666,8798208,75558,0,22164,released_1,21340160,"374302 5210 3001 1733 0 27103 0
",48302088,B,memory,final-memory-block2-2-B.txt,TestSharingMemory,True,0,0,0,0,4096,0,,,,,
167268,1557600,2179072,1694,8265728,82821,36,22164,retained_2,21762048,"374302 5313 3001 1733 0 27103 0
",53337872,B,memory,final-memory-block2-2-B.txt,TestSharingMemory,True,0,0,0,0,4096,0,,,,,
0,1553296,2162688,1666,8527872,83061,0,22164,released_2,21573632,"374302 5267 3001 1733 0 27103 0
",53352344,B,memory,final-memory-block2-2-B.txt,TestSharingMemory,True,0,0,0,0,4096,0,,,,,
0,207112,712704,791,9904128,83149,0,22164,runtime_released,20443136,"374302 4991 3032 1733 0 27103 0
",53359480,B,memory,final-memory-block2-2-B.txt,TestSharingMemory,True,0,0,0,0,4096,0,,,,,
0,363832,892928,1897,9723904,88925,0,22164,initial,20631552,,53756720,B,memory,final-memory-block2-2-B.txt,TestSharingMappedMemory,,,,,,,,1032,0,0,,
0,361776,884736,1887,7430144,95228,0,22524,compile_release_270,23171072,,73002896,B,memory,final-memory-block2-2-B.txt,TestSharingMappedMemory,,,,,,,,1032,0,0,,
167268,440432,991232,2002,8478720,96167,36,22780,retained_0,22433792,,75582344,B,memory,final-memory-block2-2-B.txt,TestSharingMappedMemory,,,,,,,,1032,606208,278528,,
0,366416,901120,1904,10903552,96265,0,22780,released_0,19730432,,75590288,B,memory,final-memory-block2-2-B.txt,TestSharingMappedMemory,,,,,,,,1032,0,0,,
167268,441824,1007616,2010,8781824,97183,36,22780,retained_1,21368832,,78162784,B,memory,final-memory-block2-2-B.txt,TestSharingMappedMemory,,,,,,,,1032,606208,278528,,
0,366416,901120,1904,8740864,97272,0,22780,released_1,21131264,,78169184,B,memory,final-memory-block2-2-B.txt,TestSharingMappedMemory,,,,,,,,1032,0,0,,
167268,441824,1007616,2010,8740864,98190,36,22780,retained_2,22179840,,80741680,B,memory,final-memory-block2-2-B.txt,TestSharingMappedMemory,,,,,,,,1032,606208,278528,,
0,366416,901120,1904,8740864,98279,0,22780,released_2,21901312,,80748080,B,memory,final-memory-block2-2-B.txt,TestSharingMappedMemory,,,,,,,,1032,0,0,,
0,219128,704512,734,2785280,5482,0,13820,initial,14254080,"376141 3480 2228 1733 0 26893 0
",434592,B,memory,final-memory-block2-7-B.txt,TestSharingMemory,True,0,0,0,0,4096,0,,,,,
0,1162664,1835008,1233,3899392,60547,0,20252,compile_release_270,20328448,"392735 4963 3019 1733 0 28160 0
",38204992,B,memory,final-memory-block2-7-B.txt,TestSharingMemory,True,0,0,0,0,4096,0,,,,,
167268,1562536,2252800,1697,3465216,67818,36,20252,retained_0,20643840,"392735 5040 3019 1733 0 28160 0
",43242280,B,memory,final-memory-block2-7-B.txt,TestSharingMemory,True,0,0,0,0,4096,0,,,,,
0,1558232,2236416,1669,5169152,68058,0,20252,released_0,19042304,"392735 4649 3019 1733 0 28160 0
",43256752,B,memory,final-memory-block2-7-B.txt,TestSharingMemory,True,0,0,0,0,4096,0,,,,,
167268,1562536,2162688,1697,3899392,75321,36,20252,retained_1,20140032,"392735 4917 3019 1733 0 28160 0
",48292536,B,memory,final-memory-block2-7-B.txt,TestSharingMemory,True,0,0,0,0,4096,0,,,,,
0,1558232,2146304,1669,4620288,75561,0,20252,released_1,19525632,"392735 4767 3019 1733 0 28160 0
",48307008,B,memory,final-memory-block2-7-B.txt,TestSharingMemory,True,0,0,0,0,4096,0,,,,,
167268,1562536,2154496,1697,4022272,82824,36,20252,retained_2,20090880,"392735 4905 3019 1733 0 28160 0
",53342792,B,memory,final-memory-block2-7-B.txt,TestSharingMemory,True,0,0,0,0,4096,0,,,,,
0,1558232,2138112,1669,4612096,83064,0,20252,released_2,19636224,"392735 4794 3019 1733 0 28160 0
",53357264,B,memory,final-memory-block2-7-B.txt,TestSharingMemory,True,0,0,0,0,4096,0,,,,,
0,212048,712704,794,5726208,83152,0,20252,runtime_released,18694144,"392735 4564 3050 1733 0 28160 0
",53364400,B,memory,final-memory-block2-7-B.txt,TestSharingMemory,True,0,0,0,0,4096,0,,,,,
0,368768,892928,1900,5586944,88928,0,20252,initial,18829312,,53761640,B,memory,final-memory-block2-7-B.txt,TestSharingMappedMemory,,,,,,,,1032,0,0,,
0,366712,884736,1890,3145728,95231,0,20624,compile_release_270,20971520,,73007816,B,memory,final-memory-block2-7-B.txt,TestSharingMappedMemory,,,,,,,,1032,0,0,,
167268,446776,1007616,2014,4259840,96168,36,20716,retained_0,20283392,,75587128,B,memory,final-memory-block2-7-B.txt,TestSharingMappedMemory,,,,,,,,1032,606208,278528,,
0,371368,901120,1908,4259840,96257,0,20716,released_0,20008960,,75593528,B,memory,final-memory-block2-7-B.txt,TestSharingMappedMemory,,,,,,,,1032,0,0,,
167268,446776,1007616,2014,4448256,97175,36,20716,retained_1,20111360,,78166024,B,memory,final-memory-block2-7-B.txt,TestSharingMappedMemory,,,,,,,,1032,606208,278528,,
0,371368,901120,1908,4448256,97264,0,20716,released_1,19832832,,78172424,B,memory,final-memory-block2-7-B.txt,TestSharingMappedMemory,,,,,,,,1032,0,0,,
167268,446776,1007616,2014,4448256,98182,36,20716,retained_2,20111360,,80744920,B,memory,final-memory-block2-7-B.txt,TestSharingMappedMemory,,,,,,,,1032,606208,278528,,
0,371368,901120,1908,4448256,98271,0,20716,released_2,19832832,,80751320,B,memory,final-memory-block2-7-B.txt,TestSharingMappedMemory,,,,,,,,1032,0,0,,
0,218648,704512,731,6979584,5479,0,13784,initial,14217216,"376141 3471 2218 1733 0 27917 0
",434112,B,memory,final-memory-block3-2-B.txt,TestSharingMemory,True,0,0,0,0,4096,0,,,,,
0,1173496,1851392,1280,8060928,60547,0,22172,compile_release_270,22315008,"392735 5448 3009 1733 0 29184 0
",38204992,B,memory,final-memory-block3-2-B.txt,TestSharingMemory,True,0,0,0,0,4096,0,,,,,
167268,1562536,2252800,1697,7643136,67818,36,22172,retained_0,22659072,"392735 5532 3009 1733 0 29184 0
",43242280,B,memory,final-memory-block3-2-B.txt,TestSharingMemory,True,0,0,0,0,4096,0,,,,,
0,1558232,2236416,1669,9347072,68058,0,22172,released_0,21061632,"392735 5142 3009 1733 0 29184 0
",43256752,B,memory,final-memory-block3-2-B.txt,TestSharingMemory,True,0,0,0,0,4096,0,,,,,
167268,1562520,2162688,1696,7798784,75321,36,22172,retained_1,22274048,"392735 5438 3009 1733 0 29184 0
",48292536,B,memory,final-memory-block3-2-B.txt,TestSharingMemory,True,0,0,0,0,4096,0,,,,,
0,1558216,2146304,1668,8781824,75561,0,22172,released_1,21430272,"392735 5232 3009 1733 0 29184 0
",48307008,B,memory,final-memory-block3-2-B.txt,TestSharingMemory,True,0,0,0,0,4096,0,,,,,
167268,1562536,2154496,1697,8077312,82824,36,22172,retained_2,22122496,"392735 5401 3009 1733 0 29184 0
",53342792,B,memory,final-memory-block3-2-B.txt,TestSharingMemory,True,0,0,0,0,4096,0,,,,,
0,1558232,2138112,1669,8798208,83064,0,22172,released_2,21618688,"392735 5278 3009 1733 0 29184 0
",53357264,B,memory,final-memory-block3-2-B.txt,TestSharingMemory,True,0,0,0,0,4096,0,,,,,
0,212048,712704,794,9912320,83152,0,22172,runtime_released,20668416,"392735 5046 3040 1733 0 29184 0
",53364400,B,memory,final-memory-block3-2-B.txt,TestSharingMemory,True,0,0,0,0,4096,0,,,,,
0,368768,892928,1900,9797632,88928,0,22172,initial,20819968,,53761640,B,memory,final-memory-block3-2-B.txt,TestSharingMappedMemory,,,,,,,,1032,0,0,,
0,366712,884736,1890,7340032,95231,0,22680,compile_release_270,22863872,,73007800,B,memory,final-memory-block3-2-B.txt,TestSharingMappedMemory,,,,,,,,1032,0,0,,
167268,446776,1007616,2014,8454144,96168,36,22680,retained_0,22159360,,75587112,B,memory,final-memory-block3-2-B.txt,TestSharingMappedMemory,,,,,,,,1032,606208,278528,,
0,371368,901120,1908,8454144,96257,0,22680,released_0,21884928,,75593512,B,memory,final-memory-block3-2-B.txt,TestSharingMappedMemory,,,,,,,,1032,0,0,,
167268,446776,1007616,2014,8749056,97175,36,22680,retained_1,21872640,,78166008,B,memory,final-memory-block3-2-B.txt,TestSharingMappedMemory,,,,,,,,1032,606208,278528,,
0,371368,901120,1908,8749056,97264,0,22680,released_1,21594112,,78172408,B,memory,final-memory-block3-2-B.txt,TestSharingMappedMemory,,,,,,,,1032,0,0,,
167268,446776,1007616,2014,8568832,98182,36,22680,retained_2,21954560,,80744904,B,memory,final-memory-block3-2-B.txt,TestSharingMappedMemory,,,,,,,,1032,606208,278528,,
0,371368,901120,1908,8560640,98271,0,22680,released_2,21684224,,80751304,B,memory,final-memory-block3-2-B.txt,TestSharingMappedMemory,,,,,,,,1032,0,0,,
0,219128,704512,734,2785280,5482,0,13756,initial,14180352,"376141 3462 2210 1733 0 26893 0
",434592,B,memory,final-memory-block3-7-B.txt,TestSharingMemory,True,0,0,0,0,4096,0,,,,,
0,1173496,1859584,1280,3907584,60547,0,20140,compile_release_270,20164608,"392735 4923 3001 1733 0 28160 0
",38205008,B,memory,final-memory-block3-7-B.txt,TestSharingMemory,True,0,0,0,0,4096,0,,,,,
167268,1562536,2252800,1697,3440640,67818,36,20140,retained_0,20484096,"392735 5001 3001 1733 0 28160 0
",43242296,B,memory,final-memory-block3-7-B.txt,TestSharingMemory,True,0,0,0,0,4096,0,,,,,
0,1558232,2236416,1669,5144576,68058,0,20140,released_0,18907136,"392735 4616 3001 1733 0 28160 0
",43256768,B,memory,final-memory-block3-7-B.txt,TestSharingMemory,True,0,0,0,0,4096,0,,,,,
167268,1562536,2179072,1697,3948544,75321,36,20140,retained_1,19980288,"392735 4878 3001 1733 0 28160 0
",48292552,B,memory,final-memory-block3-7-B.txt,TestSharingMemory,True,0,0,0,0,4096,0,,,,,
0,1558232,2162688,1669,4276224,75561,0,20140,released_1,19800064,"392735 4834 3001 1733 0 28160 0
",48307024,B,memory,final-memory-block3-7-B.txt,TestSharingMemory,True,0,0,0,0,4096,0,,,,,
167268,1562536,2179072,1697,4005888,82824,36,20140,retained_2,20037632,"392735 4892 3001 1733 0 28160 0
",53342808,B,memory,final-memory-block3-7-B.txt,TestSharingMemory,True,0,0,0,0,4096,0,,,,,
0,1558232,2162688,1669,4268032,83064,0,20140,released_2,19877888,"392735 4853 3001 1733 0 28160 0
",53357280,B,memory,final-memory-block3-7-B.txt,TestSharingMemory,True,0,0,0,0,4096,0,,,,,
0,212048,712704,794,5709824,83152,0,20140,runtime_released,18563072,"392735 4532 3032 1733 0 28160 0
",53364416,B,memory,final-memory-block3-7-B.txt,TestSharingMemory,True,0,0,0,0,4096,0,,,,,
0,368768,892928,1900,5545984,88928,0,20140,initial,18751488,,53761656,B,memory,final-memory-block3-7-B.txt,TestSharingMappedMemory,,,,,,,,1032,0,0,,
0,366712,884736,1890,3162112,95231,0,20688,compile_release_270,21143552,,73007832,B,memory,final-memory-block3-7-B.txt,TestSharingMappedMemory,,,,,,,,1032,0,0,,
167268,446776,1007616,2014,4276224,96168,36,20920,retained_0,20328448,,75587144,B,memory,final-memory-block3-7-B.txt,TestSharingMappedMemory,,,,,,,,1032,606208,278528,,
0,371368,901120,1908,4276224,96257,0,20920,released_0,20054016,,75593544,B,memory,final-memory-block3-7-B.txt,TestSharingMappedMemory,,,,,,,,1032,0,0,,
167268,446776,1007616,2014,4546560,97175,36,20920,retained_1,20066304,,78166040,B,memory,final-memory-block3-7-B.txt,TestSharingMappedMemory,,,,,,,,1032,606208,278528,,
0,371368,901120,1908,4546560,97264,0,20920,released_1,19787776,,78172440,B,memory,final-memory-block3-7-B.txt,TestSharingMappedMemory,,,,,,,,1032,0,0,,
167268,446776,1007616,2014,4415488,98182,36,20920,retained_2,20197376,,80744936,B,memory,final-memory-block3-7-B.txt,TestSharingMappedMemory,,,,,,,,1032,606208,278528,,
0,371368,901120,1908,4407296,98271,0,20920,released_2,19927040,,80751336,B,memory,final-memory-block3-7-B.txt,TestSharingMappedMemory,,,,,,,,1032,0,0,,
0,218664,704512,732,2785280,5482,0,13628,initial,14118912,"376145 3447 2198 1735 0 26893 0
",434160,R,memory,final-memory-block1-3-R.txt,TestSharingMemory,True,0,0,0,0,4096,0,,,,,
0,1045464,1744896,1232,3899392,60123,0,22172,compile_release_270,22040576,"392739 5381 2962 1735 0 28160 0
",28157760,R,memory,final-memory-block1-3-R.txt,TestSharingMemory,True,0,0,0,0,4096,0,,,,,
134972,1557512,2269184,1694,3424256,67336,36,22172,retained_0,22441984,"392739 5479 2962 1735 0 28160 0
",31855328,R,memory,final-memory-block1-3-R.txt,TestSharingMemory,True,0,0,0,0,4096,0,,,,,
0,1553208,2252800,1666,4210688,67576,0,22172,released_0,21704704,"392739 5299 2962 1735 0 28160 0
",31869800,R,memory,final-memory-block1-3-R.txt,TestSharingMemory,True,0,0,0,0,4096,0,,,,,
134972,1557512,2236416,1694,3801088,74781,36,22172,retained_1,22077440,"392739 5390 2962 1735 0 28160 0
",35565864,R,memory,final-memory-block1-3-R.txt,TestSharingMemory,True,0,0,0,0,4096,0,,,,,
0,1553208,2220032,1666,4063232,75021,0,22172,released_1,21909504,"392739 5349 2962 1735 0 28160 0
",35580336,R,memory,final-memory-block1-3-R.txt,TestSharingMemory,True,0,0,0,0,4096,0,,,,,
134972,1557512,2244608,1694,4079616,82228,36,22172,retained_2,21921792,"392739 5352 2962 1735 0 28160 0
",39276536,R,memory,final-memory-block1-3-R.txt,TestSharingMemory,True,0,0,0,0,4096,0,,,,,
0,1553208,2228224,1666,5521408,82468,0,22172,released_2,20480000,"392739 5000 2962 1735 0 28160 0
",39291008,R,memory,final-memory-block1-3-R.txt,TestSharingMemory,True,0,0,0,0,4096,0,,,,,
0,212224,712704,796,5586944,82556,0,22172,runtime_released,20488192,"392739 5002 2980 1735 0 28160 0
",39298144,R,memory,final-memory-block1-3-R.txt,TestSharingMemory,True,0,0,0,0,4096,0,,,,,
0,368944,892928,1902,5455872,88332,0,22172,initial,20750336,,39695384,R,memory,final-memory-block1-3-R.txt,TestSharingMappedMemory,,,,,,,,1032,0,0,,
0,366872,884736,1891,3424256,94215,0,22668,compile_release_270,23216128,,48932552,R,memory,final-memory-block1-3-R.txt,TestSharingMappedMemory,,,,,,,,1032,0,0,,
134972,446936,999424,2015,5488640,95096,36,22924,retained_0,21426176,,50177320,R,memory,final-memory-block1-3-R.txt,TestSharingMappedMemory,,,,,,,,1032,606208,262144,,
0,371544,901120,1910,5750784,95185,0,22924,released_0,20905984,,50183720,R,memory,final-memory-block1-3-R.txt,TestSharingMappedMemory,,,,,,,,1032,0,0,,
134972,446936,999424,2015,5791744,96047,36,22924,retained_1,21135360,,51421672,R,memory,final-memory-block1-3-R.txt,TestSharingMappedMemory,,,,,,,,1032,606208,262144,,
0,371544,901120,1910,5791744,96136,0,22924,released_1,20873216,,51428072,R,memory,final-memory-block1-3-R.txt,TestSharingMappedMemory,,,,,,,,1032,0,0,,
134972,446936,999424,2015,5537792,96998,36,22924,retained_2,21385216,,52666024,R,memory,final-memory-block1-3-R.txt,TestSharingMappedMemory,,,,,,,,1032,606208,262144,,
0,371544,901120,1910,5693440,97087,0,22924,released_2,20975616,,52672424,R,memory,final-memory-block1-3-R.txt,TestSharingMappedMemory,,,,,,,,1032,0,0,,
0,218984,704512,734,2785280,5484,0,15692,initial,16142336,"376145 3941 2180 1735 0 26893 0
",434480,R,memory,final-memory-block1-6-R.txt,TestSharingMemory,True,0,0,0,0,4096,0,,,,,
0,1054552,1736704,1277,3768320,60122,0,22084,compile_release_270,22011904,"392739 5374 2944 1735 0 28160 0
",28157600,R,memory,final-memory-block1-6-R.txt,TestSharingMemory,True,0,0,0,0,4096,0,,,,,
134972,1557352,2228224,1693,4030464,67335,36,22084,retained_0,21770240,"392739 5315 2944 1735 0 28160 0
",31855168,R,memory,final-memory-block1-6-R.txt,TestSharingMemory,True,0,0,0,0,4096,0,,,,,
0,1553048,2211840,1665,4292608,67575,0,22084,released_0,21508096,"392739 5251 2944 1735 0 28160 0
",31869640,R,memory,final-memory-block1-6-R.txt,TestSharingMemory,True,0,0,0,0,4096,0,,,,,
134972,1557352,2252800,1693,3637248,74780,36,22084,retained_1,22016000,"392739 5375 2944 1735 0 28160 0
",35565704,R,memory,final-memory-block1-6-R.txt,TestSharingMemory,True,0,0,0,0,4096,0,,,,,
0,1553048,2236416,1665,4096000,75020,0,22084,released_1,21676032,"392739 5292 2944 1735 0 28160 0
",35580176,R,memory,final-memory-block1-6-R.txt,TestSharingMemory,True,0,0,0,0,4096,0,,,,,
134972,1557352,2252800,1693,3907584,82225,36,22084,retained_2,21889024,"392739 5344 2944 1735 0 28160 0
",39276240,R,memory,final-memory-block1-6-R.txt,TestSharingMemory,True,0,0,0,0,4096,0,,,,,
0,1553048,2236416,1665,4104192,82465,0,22084,released_2,21737472,"392739 5307 2944 1735 0 28160 0
",39290712,R,memory,final-memory-block1-6-R.txt,TestSharingMemory,True,0,0,0,0,4096,0,,,,,
0,212064,712704,795,5611520,82553,0,22084,runtime_released,20291584,"392739 4954 2959 1735 0 28160 0
",39297848,R,memory,final-memory-block1-6-R.txt,TestSharingMemory,True,0,0,0,0,4096,0,,,,,
0,368784,892928,1901,5447680,88329,0,22084,initial,20561920,,39695088,R,memory,final-memory-block1-6-R.txt,TestSharingMappedMemory,,,,,,,,1032,0,0,,
0,366712,884736,1890,3309568,94212,0,22668,compile_release_270,23101440,,48932256,R,memory,final-memory-block1-6-R.txt,TestSharingMappedMemory,,,,,,,,1032,0,0,,
134972,446776,999424,2014,5685248,95093,36,22752,retained_0,20992000,,50177024,R,memory,final-memory-block1-6-R.txt,TestSharingMappedMemory,,,,,,,,1032,606208,262144,,
0,371384,901120,1909,5685248,95182,0,22752,released_0,20733952,,50183424,R,memory,final-memory-block1-6-R.txt,TestSharingMappedMemory,,,,,,,,1032,0,0,,
134972,446776,999424,2014,5701632,96044,36,22752,retained_1,20979712,,51421376,R,memory,final-memory-block1-6-R.txt,TestSharingMappedMemory,,,,,,,,1032,606208,262144,,
0,371384,901120,1909,5701632,96133,0,22752,released_1,20717568,,51427776,R,memory,final-memory-block1-6-R.txt,TestSharingMappedMemory,,,,,,,,1032,0,0,,
134972,446776,999424,2014,5701632,96995,36,22752,retained_2,20983808,,52665728,R,memory,final-memory-block1-6-R.txt,TestSharingMappedMemory,,,,,,,,1032,606208,262144,,
0,371384,901120,1909,5701632,97084,0,22752,released_2,20721664,,52672128,R,memory,final-memory-block1-6-R.txt,TestSharingMappedMemory,,,,,,,,1032,0,0,,
0,219144,704512,735,2785280,5485,0,15724,initial,16150528,"392529 3943 2180 1735 0 26926 0
",434640,R,memory,final-memory-block2-3-R.txt,TestSharingMemory,True,0,0,0,0,4096,0,,,,,
0,888616,1605632,1254,3776512,60124,0,22560,compile_release_270,22536192,"392739 5502 2944 1735 0 28160 0
",28157920,R,memory,final-memory-block2-3-R.txt,TestSharingMemory,True,0,0,0,0,4096,0,,,,,
134972,1557672,2269184,1695,3538944,67337,36,22560,retained_0,22769664,"392739 5559 2944 1735 0 28160 0
",31855488,R,memory,final-memory-block2-3-R.txt,TestSharingMemory,True,0,0,0,0,4096,0,,,,,
0,1553368,2252800,1667,4194304,67577,0,22560,released_0,22151168,"392739 5408 2944 1735 0 28160 0
",31869960,R,memory,final-memory-block2-3-R.txt,TestSharingMemory,True,0,0,0,0,4096,0,,,,,
134972,1557672,2260992,1695,4014080,74784,36,22560,retained_1,22360064,"392739 5459 2944 1735 0 28160 0
",35566160,R,memory,final-memory-block2-3-R.txt,TestSharingMemory,True,0,0,0,0,4096,0,,,,,
0,1553368,2244608,1667,5521408,75024,0,22560,released_1,20852736,"392739 5091 2944 1735 0 28160 0
",35580632,R,memory,final-memory-block2-3-R.txt,TestSharingMemory,True,0,0,0,0,4096,0,,,,,
134972,1557672,2228224,1695,4030464,82231,36,22560,retained_2,22192128,"392739 5418 2944 1735 0 28160 0
",39276832,R,memory,final-memory-block2-3-R.txt,TestSharingMemory,True,0,0,0,0,4096,0,,,,,
0,1553368,2211840,1667,5537792,82471,0,22560,released_2,20729856,"392739 5061 2944 1735 0 28160 0
",39291304,R,memory,final-memory-block2-3-R.txt,TestSharingMemory,True,0,0,0,0,4096,0,,,,,
0,212384,712704,797,5603328,82559,0,22560,runtime_released,20750336,"392739 5066 2959 1735 0 28160 0
",39298440,R,memory,final-memory-block2-3-R.txt,TestSharingMemory,True,0,0,0,0,4096,0,,,,,
0,369104,892928,1903,5513216,88335,0,22560,initial,20996096,,39695680,R,memory,final-memory-block2-3-R.txt,TestSharingMappedMemory,,,,,,,,1032,0,0,,
0,367032,884736,1892,3432448,94218,0,22836,compile_release_270,23449600,,48932848,R,memory,final-memory-block2-3-R.txt,TestSharingMappedMemory,,,,,,,,1032,0,0,,
134972,447096,999424,2016,5685248,95099,36,23092,retained_0,21471232,,50177616,R,memory,final-memory-block2-3-R.txt,TestSharingMappedMemory,,,,,,,,1032,606208,262144,,
0,371704,901120,1911,5685248,95188,0,23092,released_0,21213184,,50184016,R,memory,final-memory-block2-3-R.txt,TestSharingMappedMemory,,,,,,,,1032,0,0,,
134972,447096,999424,2016,5709824,96050,36,23092,retained_1,21458944,,51421968,R,memory,final-memory-block2-3-R.txt,TestSharingMappedMemory,,,,,,,,1032,606208,262144,,
0,371704,901120,1911,5709824,96139,0,23092,released_1,21196800,,51428368,R,memory,final-memory-block2-3-R.txt,TestSharingMappedMemory,,,,,,,,1032,0,0,,
134972,447096,999424,2016,5709824,97001,36,23092,retained_2,21458944,,52666320,R,memory,final-memory-block2-3-R.txt,TestSharingMappedMemory,,,,,,,,1032,606208,262144,,
0,371704,901120,1911,5709824,97090,0,23092,released_2,21196800,,52672720,R,memory,final-memory-block2-3-R.txt,TestSharingMappedMemory,,,,,,,,1032,0,0,,
0,213248,704512,726,2818048,5476,0,15756,initial,16158720,"374096 3945 2191 1735 0 24845 0
",428744,R,memory,final-memory-block2-6-R.txt,TestSharingMemory,True,0,0,0,0,4096,0,,,,,
0,1382976,2105344,1484,3211264,60115,0,22448,compile_release_270,23040000,"374306 5625 2955 1735 0 26079 0
",28152040,R,memory,final-memory-block2-6-R.txt,TestSharingMemory,True,0,0,0,0,4096,0,,,,,
134972,1551776,2211840,1686,3670016,67328,36,22448,retained_0,22687744,"374306 5539 2955 1735 0 26079 0
",31849608,R,memory,final-memory-block2-6-R.txt,TestSharingMemory,True,0,0,0,0,4096,0,,,,,
0,1547472,2195456,1658,4194304,67568,0,22448,released_0,22163456,"374306 5411 2955 1735 0 26079 0
",31864080,R,memory,final-memory-block2-6-R.txt,TestSharingMemory,True,0,0,0,0,4096,0,,,,,
134972,1551776,2252800,1686,3661824,74773,36,22448,retained_1,22556672,"374306 5507 2955 1735 0 26079 0
",35560144,R,memory,final-memory-block2-6-R.txt,TestSharingMemory,True,0,0,0,0,4096,0,,,,,
0,1547472,2236416,1658,4120576,75013,0,22448,released_1,22216704,"374306 5424 2955 1735 0 26079 0
",35574616,R,memory,final-memory-block2-6-R.txt,TestSharingMemory,True,0,0,0,0,4096,0,,,,,
134972,1551776,2244608,1686,4071424,82220,36,22448,retained_2,22249472,"374306 5432 2955 1735 0 26079 0
",39270816,R,memory,final-memory-block2-6-R.txt,TestSharingMemory,True,0,0,0,0,4096,0,,,,,
0,1547472,2228224,1658,5644288,82460,0,22448,released_2,20713472,"374306 5057 2955 1735 0 26079 0
",39285288,R,memory,final-memory-block2-6-R.txt,TestSharingMemory,True,0,0,0,0,4096,0,,,,,
0,206488,712704,788,5644288,82548,0,22448,runtime_released,20774912,"374306 5072 2970 1735 0 26079 0
",39292424,R,memory,final-memory-block2-6-R.txt,TestSharingMemory,True,0,0,0,0,4096,0,,,,,
0,363208,892928,1894,5398528,88324,0,22448,initial,21102592,,39689664,R,memory,final-memory-block2-6-R.txt,TestSharingMappedMemory,,,,,,,,1032,0,0,,
0,361152,884736,1884,3588096,94207,0,22692,compile_release_270,23375872,,48926832,R,memory,final-memory-block2-6-R.txt,TestSharingMappedMemory,,,,,,,,1032,0,0,,
134972,441200,999424,2007,5726208,95088,36,22948,retained_0,21508096,,50171600,R,memory,final-memory-block2-6-R.txt,TestSharingMappedMemory,,,,,,,,1032,606208,262144,,
0,365808,901120,1902,5726208,95177,0,22948,released_0,21250048,,50178000,R,memory,final-memory-block2-6-R.txt,TestSharingMappedMemory,,,,,,,,1032,0,0,,
134972,441200,999424,2007,5734400,96039,36,22948,retained_1,21504000,,51415952,R,memory,final-memory-block2-6-R.txt,TestSharingMappedMemory,,,,,,,,1032,606208,262144,,
0,365808,901120,1902,5734400,96128,0,22948,released_1,21241856,,51422352,R,memory,final-memory-block2-6-R.txt,TestSharingMappedMemory,,,,,,,,1032,0,0,,
134972,441200,999424,2007,5734400,96990,36,22948,retained_2,21508096,,52660304,R,memory,final-memory-block2-6-R.txt,TestSharingMappedMemory,,,,,,,,1032,606208,262144,,
0,365808,901120,1902,5734400,97079,0,22948,released_2,21245952,,52666704,R,memory,final-memory-block2-6-R.txt,TestSharingMappedMemory,,,,,,,,1032,0,0,,
0,219144,704512,735,2785280,5485,0,13680,initial,14110720,"376145 3445 2195 1735 0 26893 0
",434640,R,memory,final-memory-block3-3-R.txt,TestSharingMemory,True,0,0,0,0,4096,0,,,,,
0,1054712,1736704,1278,3751936,60123,0,22152,compile_release_270,22122496,"392739 5401 2959 1735 0 28160 0
",28157760,R,memory,final-memory-block3-3-R.txt,TestSharingMemory,True,0,0,0,0,4096,0,,,,,
134972,1557512,2310144,1694,3506176,67336,36,22152,retained_0,22343680,"392739 5455 2959 1735 0 28160 0
",31855328,R,memory,final-memory-block3-3-R.txt,TestSharingMemory,True,0,0,0,0,4096,0,,,,,
0,1553208,2293760,1666,4227072,67576,0,22152,released_0,21622784,"392739 5279 2959 1735 0 28160 0
",31869800,R,memory,final-memory-block3-3-R.txt,TestSharingMemory,True,0,0,0,0,4096,0,,,,,
134972,1557512,2260992,1694,4046848,74783,36,22152,retained_1,21827584,"392739 5329 2959 1735 0 28160 0
",35566000,R,memory,final-memory-block3-3-R.txt,TestSharingMemory,True,0,0,0,0,4096,0,,,,,
0,1553208,2244608,1666,5488640,75023,0,22152,released_1,20385792,"392739 4977 2959 1735 0 28160 0
",35580472,R,memory,final-memory-block3-3-R.txt,TestSharingMemory,True,0,0,0,0,4096,0,,,,,
134972,1557512,2244608,1694,4030464,82230,36,22152,retained_2,21725184,"392739 5304 2959 1735 0 28160 0
",39276672,R,memory,final-memory-block3-3-R.txt,TestSharingMemory,True,0,0,0,0,4096,0,,,,,
0,1553208,2228224,1666,5537792,82470,0,22152,released_2,20279296,"392739 4951 2959 1735 0 28160 0
",39291144,R,memory,final-memory-block3-3-R.txt,TestSharingMemory,True,0,0,0,0,4096,0,,,,,
0,212224,712704,796,5603328,82558,0,22152,runtime_released,20275200,"392739 4950 2974 1735 0 28160 0
",39298280,R,memory,final-memory-block3-3-R.txt,TestSharingMemory,True,0,0,0,0,4096,0,,,,,
0,368944,892928,1902,5431296,88334,0,22152,initial,20582400,,39695520,R,memory,final-memory-block3-3-R.txt,TestSharingMappedMemory,,,,,,,,1032,0,0,,
0,366888,884736,1892,3473408,94217,0,22332,compile_release_270,22925312,,48932704,R,memory,final-memory-block3-3-R.txt,TestSharingMappedMemory,,,,,,,,1032,0,0,,
134972,446936,999424,2015,5767168,95098,36,22588,retained_0,20926464,,50177472,R,memory,final-memory-block3-3-R.txt,TestSharingMappedMemory,,,,,,,,1032,606208,262144,,
0,371544,901120,1910,5767168,95187,0,22588,released_0,20668416,,50183872,R,memory,final-memory-block3-3-R.txt,TestSharingMappedMemory,,,,,,,,1032,0,0,,
134972,446936,999424,2015,5767168,96049,36,22588,retained_1,20934656,,51421824,R,memory,final-memory-block3-3-R.txt,TestSharingMappedMemory,,,,,,,,1032,606208,262144,,
0,371544,901120,1910,5767168,96138,0,22588,released_1,20672512,,51428224,R,memory,final-memory-block3-3-R.txt,TestSharingMappedMemory,,,,,,,,1032,0,0,,
134972,446936,999424,2015,5767168,97000,36,22588,retained_2,20934656,,52666176,R,memory,final-memory-block3-3-R.txt,TestSharingMappedMemory,,,,,,,,1032,606208,262144,,
0,371544,901120,1910,5767168,97089,0,22588,released_2,20672512,,52672576,R,memory,final-memory-block3-3-R.txt,TestSharingMappedMemory,,,,,,,,1032,0,0,,
0,218824,704512,733,6979584,5483,0,15708,initial,16199680,"376145 3955 2193 1735 0 27917 0
",434320,R,memory,final-memory-block3-6-R.txt,TestSharingMemory,True,0,0,0,0,4096,0,,,,,
0,1388376,2080768,1489,3391488,60120,0,22100,compile_release_270,22716416,"392739 5546 2957 1735 0 28160 0
",28157440,R,memory,final-memory-block3-6-R.txt,TestSharingMemory,True,0,0,0,0,4096,0,,,,,
134972,1557192,2211840,1692,3653632,67334,36,22100,retained_0,22474752,"392739 5487 2957 1735 0 28160 0
",31855024,R,memory,final-memory-block3-6-R.txt,TestSharingMemory,True,0,0,0,0,4096,0,,,,,
0,1552888,2195456,1664,4112384,67574,0,22100,released_0,22016000,"392739 5375 2957 1735 0 28160 0
",31869496,R,memory,final-memory-block3-6-R.txt,TestSharingMemory,True,0,0,0,0,4096,0,,,,,
134972,1557192,2252800,1692,3817472,74779,36,22100,retained_1,22269952,"392739 5437 2957 1735 0 28160 0
",35565560,R,memory,final-memory-block3-6-R.txt,TestSharingMemory,True,0,0,0,0,4096,0,,,,,
0,1552888,2236416,1664,4079616,75019,0,22100,released_1,22061056,"392739 5386 2957 1735 0 28160 0
",35580032,R,memory,final-memory-block3-6-R.txt,TestSharingMemory,True,0,0,0,0,4096,0,,,,,
134972,1557192,2244608,1692,3858432,82224,36,22100,retained_2,22282240,"392739 5440 2957 1735 0 28160 0
",39276096,R,memory,final-memory-block3-6-R.txt,TestSharingMemory,True,0,0,0,0,4096,0,,,,,
0,1552888,2228224,1664,4120576,82464,0,22100,released_2,22040576,"392739 5381 2957 1735 0 28160 0
",39290568,R,memory,final-memory-block3-6-R.txt,TestSharingMemory,True,0,0,0,0,4096,0,,,,,
0,211904,712704,794,5627904,82552,0,22100,runtime_released,20594688,"392739 5028 2972 1735 0 28160 0
",39297704,R,memory,final-memory-block3-6-R.txt,TestSharingMemory,True,0,0,0,0,4096,0,,,,,
0,368624,892928,1900,5472256,88328,0,22100,initial,20865024,,39694944,R,memory,final-memory-block3-6-R.txt,TestSharingMappedMemory,,,,,,,,1032,0,0,,
0,366552,884736,1889,3391488,94211,0,22708,compile_release_270,23314432,,48932112,R,memory,final-memory-block3-6-R.txt,TestSharingMappedMemory,,,,,,,,1032,0,0,,
134972,446616,999424,2013,5832704,95092,36,22964,retained_0,21151744,,50176880,R,memory,final-memory-block3-6-R.txt,TestSharingMappedMemory,,,,,,,,1032,606208,262144,,
0,371224,901120,1908,5832704,95181,0,22964,released_0,20893696,,50183280,R,memory,final-memory-block3-6-R.txt,TestSharingMappedMemory,,,,,,,,1032,0,0,,
134972,446616,999424,2013,5857280,96043,36,22964,retained_1,21139456,,51421232,R,memory,final-memory-block3-6-R.txt,TestSharingMappedMemory,,,,,,,,1032,606208,262144,,
0,371224,901120,1908,5816320,96132,0,22964,released_1,20918272,,51427632,R,memory,final-memory-block3-6-R.txt,TestSharingMappedMemory,,,,,,,,1032,0,0,,
134972,446616,999424,2013,5849088,96994,36,22964,retained_2,21127168,,52665584,R,memory,final-memory-block3-6-R.txt,TestSharingMappedMemory,,,,,,,,1032,606208,262144,,
0,371224,901120,1908,5849088,97083,0,22964,released_2,20865024,,52671984,R,memory,final-memory-block3-6-R.txt,TestSharingMappedMemory,,,,,,,,1032,0,0,,
0,213408,704512,727,2818048,5477,0,15736,initial,16306176,"374096 3981 2227 1735 0 24845 0
",428904,P,memory,final-memory-block1-4-P.txt,TestSharingMemory,True,0,0,0,0,4096,0,,,,,
0,1530832,2252800,1580,3530752,60112,0,22700,compile_release_270,22925312,"374306 5597 3009 1735 0 26079 0
",24088248,P,memory,final-memory-block1-4-P.txt,TestSharingMemory,True,0,0,0,0,4096,0,,,,,
134972,1551936,2244608,1687,3858432,67325,36,22700,retained_0,22605824,"374370 5519 3009 1735 0 26143 0
",27243992,P,memory,final-memory-block1-4-P.txt,TestSharingMemory,True,0,0,0,0,4096,0,,,,,
0,1547632,2228224,1659,4644864,67565,0,22700,released_0,21819392,"374370 5327 3009 1735 0 26143 0
",27258464,P,memory,final-memory-block1-4-P.txt,TestSharingMemory,True,0,0,0,0,4096,0,,,,,
134972,1551936,2260992,1687,3989504,74770,36,22700,retained_1,22327296,"374370 5451 3009 1735 0 26143 0
",30412704,P,memory,final-memory-block1-4-P.txt,TestSharingMemory,True,0,0,0,0,4096,0,,,,,
0,1547632,2244608,1659,4579328,75010,0,22700,released_1,21852160,"374370 5335 3009 1735 0 26143 0
",30427176,P,memory,final-memory-block1-4-P.txt,TestSharingMemory,True,0,0,0,0,4096,0,,,,,
134972,1551936,2260992,1687,4022272,82215,36,22700,retained_2,22282240,"374370 5440 3009 1735 0 26143 0
",33581416,P,memory,final-memory-block1-4-P.txt,TestSharingMemory,True,0,0,0,0,4096,0,,,,,
0,1547632,2244608,1659,4612096,82455,0,22700,released_2,21852160,"374370 5335 3009 1735 0 26143 0
",33595888,P,memory,final-memory-block1-4-P.txt,TestSharingMemory,True,0,0,0,0,4096,0,,,,,
0,206648,712704,789,5595136,82543,0,22700,runtime_released,20934656,"374370 5111 3025 1735 0 26143 0
",33603024,P,memory,final-memory-block1-4-P.txt,TestSharingMemory,True,0,0,0,0,4096,0,,,,,
0,363368,892928,1895,5505024,88319,0,22700,initial,21184512,,34000264,P,memory,final-memory-block1-4-P.txt,TestSharingMappedMemory,,,,,,,,1032,0,0,,
0,361312,884736,1885,3530752,94202,0,22712,compile_release_270,23470080,,39173752,P,memory,final-memory-block1-4-P.txt,TestSharingMappedMemory,,,,,,,,1032,0,0,,
134972,441360,999424,2008,4579328,95083,36,22968,retained_0,22691840,,39876696,P,memory,final-memory-block1-4-P.txt,TestSharingMappedMemory,,,,,,,,1032,606208,262144,,
0,365968,901120,1903,6348800,95172,0,22968,released_0,20664320,,39883096,P,memory,final-memory-block1-4-P.txt,TestSharingMappedMemory,,,,,,,,1032,0,0,,
134972,441360,999424,2008,6348800,96034,36,22968,retained_1,20938752,,40579224,P,memory,final-memory-block1-4-P.txt,TestSharingMappedMemory,,,,,,,,1032,606208,262144,,
0,365968,901120,1903,6348800,96123,0,22968,released_1,20676608,,40585624,P,memory,final-memory-block1-4-P.txt,TestSharingMappedMemory,,,,,,,,1032,0,0,,
134972,441360,999424,2008,6406144,96985,36,22968,retained_2,20860928,,41281752,P,memory,final-memory-block1-4-P.txt,TestSharingMappedMemory,,,,,,,,1032,606208,262144,,
0,365968,901120,1903,6406144,97074,0,22968,released_2,20598784,,41288152,P,memory,final-memory-block1-4-P.txt,TestSharingMappedMemory,,,,,,,,1032,0,0,,
0,219144,704512,735,6979584,5485,0,15836,initial,16355328,"376145 3993 2231 1735 0 27917 0
",434640,P,memory,final-memory-block1-5-P.txt,TestSharingMemory,True,0,0,0,0,4096,0,,,,,
0,1536392,2244608,1586,3481600,60119,0,22380,compile_release_270,22646784,"392739 5529 3013 1735 0 28160 0
",24093824,P,memory,final-memory-block1-5-P.txt,TestSharingMemory,True,0,0,0,0,4096,0,,,,,
134972,1557512,2252800,1694,3809280,67332,36,22380,retained_0,22347776,"392803 5456 3013 1735 0 28224 0
",27249568,P,memory,final-memory-block1-5-P.txt,TestSharingMemory,True,0,0,0,0,4096,0,,,,,
0,1553208,2236416,1666,4595712,67572,0,22380,released_0,21561344,"392803 5264 3013 1735 0 28224 0
",27264040,P,memory,final-memory-block1-5-P.txt,TestSharingMemory,True,0,0,0,0,4096,0,,,,,
134972,1557512,2269184,1694,4096000,74777,36,22380,retained_1,21954560,"392803 5360 3013 1735 0 28224 0
",30418280,P,memory,final-memory-block1-5-P.txt,TestSharingMemory,True,0,0,0,0,4096,0,,,,,
0,1553208,2252800,1666,4554752,75017,0,22380,released_1,21569536,"392803 5266 3013 1735 0 28224 0
",30432752,P,memory,final-memory-block1-5-P.txt,TestSharingMemory,True,0,0,0,0,4096,0,,,,,
134972,1557512,2260992,1694,4071424,82222,36,22380,retained_2,21954560,"392803 5360 3013 1735 0 28224 0
",33586992,P,memory,final-memory-block1-5-P.txt,TestSharingMemory,True,0,0,0,0,4096,0,,,,,
0,1553208,2244608,1666,4595712,82462,0,22380,released_2,21540864,"392803 5259 3013 1735 0 28224 0
",33601464,P,memory,final-memory-block1-5-P.txt,TestSharingMemory,True,0,0,0,0,4096,0,,,,,
0,212224,712704,796,5578752,82550,0,22380,runtime_released,20623360,"392803 5035 3029 1735 0 28224 0
",33608600,P,memory,final-memory-block1-5-P.txt,TestSharingMemory,True,0,0,0,0,4096,0,,,,,
0,368944,892928,1902,5472256,88326,0,22380,initial,20885504,,34005840,P,memory,final-memory-block1-5-P.txt,TestSharingMappedMemory,,,,,,,,1032,0,0,,
0,366888,884736,1892,3153920,94209,0,22860,compile_release_270,23556096,,39179344,P,memory,final-memory-block1-5-P.txt,TestSharingMappedMemory,,,,,,,,1032,0,0,,
134972,446936,999424,2015,5251072,95090,36,23116,retained_0,21741568,,39882288,P,memory,final-memory-block1-5-P.txt,TestSharingMappedMemory,,,,,,,,1032,606208,262144,,
0,371544,901120,1910,6365184,95179,0,23116,released_0,20369408,,39888688,P,memory,final-memory-block1-5-P.txt,TestSharingMappedMemory,,,,,,,,1032,0,0,,
134972,446936,999424,2015,6356992,96041,36,23116,retained_1,20639744,,40584816,P,memory,final-memory-block1-5-P.txt,TestSharingMappedMemory,,,,,,,,1032,606208,262144,,
0,371544,901120,1910,6324224,96130,0,23116,released_1,20410368,,40591216,P,memory,final-memory-block1-5-P.txt,TestSharingMappedMemory,,,,,,,,1032,0,0,,
134972,446936,999424,2015,6299648,96992,36,23116,retained_2,20697088,,41287344,P,memory,final-memory-block1-5-P.txt,TestSharingMappedMemory,,,,,,,,1032,606208,262144,,
0,371544,901120,1910,6299648,97081,0,23116,released_2,20434944,,41293744,P,memory,final-memory-block1-5-P.txt,TestSharingMappedMemory,,,,,,,,1032,0,0,,
0,213568,704512,728,7012352,5478,0,15700,initial,16211968,"357712 3958 2205 1735 0 25836 0
",429064,P,memory,final-memory-block2-4-P.txt,TestSharingMemory,True,0,0,0,0,4096,0,,,,,
0,1383280,2179072,1485,3350528,60113,0,22240,compile_release_270,22777856,"374370 5561 2987 1735 0 26143 0
",24088392,P,memory,final-memory-block2-4-P.txt,TestSharingMemory,True,0,0,0,0,4096,0,,,,,
134972,1552096,2244608,1688,4005888,67326,36,22240,retained_0,22151168,"374370 5408 2987 1735 0 26143 0
",27244136,P,memory,final-memory-block2-4-P.txt,TestSharingMemory,True,0,0,0,0,4096,0,,,,,
0,1547792,2228224,1660,4726784,67566,0,22240,released_0,21430272,"374370 5232 2987 1735 0 26143 0
",27258608,P,memory,final-memory-block2-4-P.txt,TestSharingMemory,True,0,0,0,0,4096,0,,,,,
134972,1552096,2252800,1688,4186112,74771,36,22240,retained_1,21860352,"374370 5337 2987 1735 0 26143 0
",30412848,P,memory,final-memory-block2-4-P.txt,TestSharingMemory,True,0,0,0,0,4096,0,,,,,
0,1547792,2236416,1660,4579328,75011,0,22240,released_1,21557248,"374370 5263 2987 1735 0 26143 0
",30427320,P,memory,final-memory-block2-4-P.txt,TestSharingMemory,True,0,0,0,0,4096,0,,,,,
134972,1552096,2244608,1688,4194304,82216,36,22240,retained_2,21868544,"374370 5339 2987 1735 0 26143 0
",33581560,P,memory,final-memory-block2-4-P.txt,TestSharingMemory,True,0,0,0,0,4096,0,,,,,
0,1547792,2228224,1660,4587520,82456,0,22240,released_2,21557248,"374370 5263 2987 1735 0 26143 0
",33596032,P,memory,final-memory-block2-4-P.txt,TestSharingMemory,True,0,0,0,0,4096,0,,,,,
0,206808,712704,790,5636096,82544,0,22240,runtime_released,20574208,"374370 5023 3003 1735 0 26143 0
",33603168,P,memory,final-memory-block2-4-P.txt,TestSharingMemory,True,0,0,0,0,4096,0,,,,,
0,363528,892928,1896,5496832,88320,0,22240,initial,20856832,,34000408,P,memory,final-memory-block2-4-P.txt,TestSharingMappedMemory,,,,,,,,1032,0,0,,
0,361472,884736,1886,3284992,94203,0,22812,compile_release_270,23367680,,39173896,P,memory,final-memory-block2-4-P.txt,TestSharingMappedMemory,,,,,,,,1032,0,0,,
134972,441520,999424,2009,5382144,95084,36,23068,retained_0,21557248,,39876840,P,memory,final-memory-block2-4-P.txt,TestSharingMappedMemory,,,,,,,,1032,606208,262144,,
0,366128,901120,1904,6365184,95173,0,23068,released_0,20316160,,39883240,P,memory,final-memory-block2-4-P.txt,TestSharingMappedMemory,,,,,,,,1032,0,0,,
134972,441520,999424,2009,6430720,96035,36,23068,retained_1,20525056,,40579368,P,memory,final-memory-block2-4-P.txt,TestSharingMappedMemory,,,,,,,,1032,606208,262144,,
0,366128,901120,1904,6430720,96124,0,23068,released_1,20262912,,40585768,P,memory,final-memory-block2-4-P.txt,TestSharingMappedMemory,,,,,,,,1032,0,0,,
134972,441520,999424,2009,6430720,96986,36,23068,retained_2,20525056,,41281896,P,memory,final-memory-block2-4-P.txt,TestSharingMappedMemory,,,,,,,,1032,606208,262144,,
0,366128,901120,1904,6430720,97075,0,23068,released_2,20262912,,41288296,P,memory,final-memory-block2-4-P.txt,TestSharingMappedMemory,,,,,,,,1032,0,0,,
0,212928,704512,724,2818048,5474,0,15780,initial,16289792,"357712 3977 2225 1735 0 24812 0
",428424,P,memory,final-memory-block2-5-P.txt,TestSharingMemory,True,0,0,0,0,4096,0,,,,,
0,1382464,2179072,1479,3366912,60107,0,24420,compile_release_270,25006080,"374306 6105 3007 1735 0 26079 0
",24087576,P,memory,final-memory-block2-5-P.txt,TestSharingMemory,True,0,0,0,0,4096,0,,,,,
134972,1551296,2277376,1683,3956736,67321,36,24420,retained_0,24461312,"374370 5972 3007 1735 0 26143 0
",27243336,P,memory,final-memory-block2-5-P.txt,TestSharingMemory,True,0,0,0,0,4096,0,,,,,
0,1546992,2260992,1655,4677632,67561,0,24420,released_0,23740416,"374370 5796 3007 1735 0 26143 0
",27257808,P,memory,final-memory-block2-5-P.txt,TestSharingMemory,True,0,0,0,0,4096,0,,,,,
134972,1551296,2260992,1683,3858432,74766,36,24420,retained_1,24375296,"374370 5951 3007 1735 0 26143 0
",30412048,P,memory,final-memory-block2-5-P.txt,TestSharingMemory,True,0,0,0,0,4096,0,,,,,
0,1546992,2244608,1655,4579328,75006,0,24420,released_1,23801856,"374370 5811 3007 1735 0 26143 0
",30426520,P,memory,final-memory-block2-5-P.txt,TestSharingMemory,True,0,0,0,0,4096,0,,,,,
134972,1551296,2260992,1683,4153344,82211,36,24420,retained_2,24141824,"374370 5894 3007 1735 0 26143 0
",33580760,P,memory,final-memory-block2-5-P.txt,TestSharingMemory,True,0,0,0,0,4096,0,,,,,
0,1546992,2244608,1655,4612096,82451,0,24420,released_2,23785472,"374370 5807 3007 1735 0 26143 0
",33595232,P,memory,final-memory-block2-5-P.txt,TestSharingMemory,True,0,0,0,0,4096,0,,,,,
0,206008,712704,785,5595136,82539,0,24420,runtime_released,22867968,"374370 5583 3023 1735 0 26143 0
",33602368,P,memory,final-memory-block2-5-P.txt,TestSharingMemory,True,0,0,0,0,4096,0,,,,,
0,362728,892928,1891,5447680,88315,0,24420,initial,23166976,,33999608,P,memory,final-memory-block2-5-P.txt,TestSharingMappedMemory,,,,,,,,1032,0,0,,
0,360672,884736,1881,3366912,94198,0,24756,compile_release_270,25563136,,39173096,P,memory,final-memory-block2-5-P.txt,TestSharingMappedMemory,,,,,,,,1032,0,0,,
134972,440720,999424,2004,5464064,95079,36,25012,retained_0,23732224,,39876040,P,memory,final-memory-block2-5-P.txt,TestSharingMappedMemory,,,,,,,,1032,606208,262144,,
0,365328,901120,1899,5988352,95168,0,25012,released_0,22958080,,39882440,P,memory,final-memory-block2-5-P.txt,TestSharingMappedMemory,,,,,,,,1032,0,0,,
134972,440720,999424,2004,6414336,96030,36,25012,retained_1,22794240,,40578568,P,memory,final-memory-block2-5-P.txt,TestSharingMappedMemory,,,,,,,,1032,606208,262144,,
0,365328,901120,1899,6414336,96119,0,25012,released_1,22532096,,40584968,P,memory,final-memory-block2-5-P.txt,TestSharingMappedMemory,,,,,,,,1032,0,0,,
134972,440720,999424,2004,6037504,96981,36,25012,retained_2,23146496,,41281096,P,memory,final-memory-block2-5-P.txt,TestSharingMappedMemory,,,,,,,,1032,606208,262144,,
0,365328,901120,1899,5996544,97070,0,25012,released_2,22925312,,41287496,P,memory,final-memory-block2-5-P.txt,TestSharingMappedMemory,,,,,,,,1032,0,0,,
0,218984,704512,734,2785280,5484,0,15764,initial,16302080,"376145 3980 2218 1735 0 26893 0
",434480,P,memory,final-memory-block3-4-P.txt,TestSharingMemory,True,0,0,0,0,4096,0,,,,,
0,1388536,2179072,1490,3334144,60118,0,24288,compile_release_270,24932352,"392803 6087 3000 1735 0 28224 0
",24093664,P,memory,final-memory-block3-4-P.txt,TestSharingMemory,True,0,0,0,0,4096,0,,,,,
134972,1557352,2252800,1693,3923968,67331,36,24288,retained_0,24354816,"392803 5946 3000 1735 0 28224 0
",27249408,P,memory,final-memory-block3-4-P.txt,TestSharingMemory,True,0,0,0,0,4096,0,,,,,
0,1553048,2236416,1665,4644864,67571,0,24288,released_0,23633920,"392803 5770 3000 1735 0 28224 0
",27263880,P,memory,final-memory-block3-4-P.txt,TestSharingMemory,True,0,0,0,0,4096,0,,,,,
134972,1557352,2260992,1693,4161536,74776,36,24288,retained_1,24059904,"392803 5874 3000 1735 0 28224 0
",30418120,P,memory,final-memory-block3-4-P.txt,TestSharingMemory,True,0,0,0,0,4096,0,,,,,
0,1553048,2244608,1665,4554752,75016,0,24288,released_1,23715840,"392803 5790 3000 1735 0 28224 0
",30432592,P,memory,final-memory-block3-4-P.txt,TestSharingMemory,True,0,0,0,0,4096,0,,,,,
134972,1557352,2260992,1693,4120576,82221,36,24288,retained_2,24064000,"392803 5875 3000 1735 0 28224 0
",33586832,P,memory,final-memory-block3-4-P.txt,TestSharingMemory,True,0,0,0,0,4096,0,,,,,
0,1553048,2244608,1665,4579328,82461,0,24288,released_2,23703552,"392803 5787 3000 1735 0 28224 0
",33601304,P,memory,final-memory-block3-4-P.txt,TestSharingMemory,True,0,0,0,0,4096,0,,,,,
0,212064,712704,795,5562368,82549,0,24288,runtime_released,22786048,"392803 5563 3016 1735 0 28224 0
",33608440,P,memory,final-memory-block3-4-P.txt,TestSharingMemory,True,0,0,0,0,4096,0,,,,,
0,368784,892928,1901,5431296,88325,0,24288,initial,23064576,,34005680,P,memory,final-memory-block3-4-P.txt,TestSharingMappedMemory,,,,,,,,1032,0,0,,
0,366728,884736,1891,3334144,94208,0,24908,compile_release_270,25530368,,39179168,P,memory,final-memory-block3-4-P.txt,TestSharingMappedMemory,,,,,,,,1032,0,0,,
134972,446776,999424,2014,4644864,95089,36,25164,retained_0,24498176,,39882112,P,memory,final-memory-block3-4-P.txt,TestSharingMappedMemory,,,,,,,,1032,606208,262144,,
0,371384,901120,1909,6348800,95178,0,25164,released_0,22544384,,39888512,P,memory,final-memory-block3-4-P.txt,TestSharingMappedMemory,,,,,,,,1032,0,0,,
134972,446776,999424,2014,6406144,96040,36,25164,retained_1,22745088,,40584640,P,memory,final-memory-block3-4-P.txt,TestSharingMappedMemory,,,,,,,,1032,606208,262144,,
0,371384,901120,1909,6397952,96129,0,25164,released_1,22491136,,40591040,P,memory,final-memory-block3-4-P.txt,TestSharingMappedMemory,,,,,,,,1032,0,0,,
134972,446776,999424,2014,6004736,96991,36,25164,retained_2,23130112,,41287168,P,memory,final-memory-block3-4-P.txt,TestSharingMappedMemory,,,,,,,,1032,606208,262144,,
0,371384,901120,1909,6291456,97080,0,25164,released_2,22593536,,41293568,P,memory,final-memory-block3-4-P.txt,TestSharingMappedMemory,,,,,,,,1032,0,0,,
0,213408,704512,727,7012352,5477,0,15792,initial,16322560,"374096 3985 2229 1735 0 25869 0
",428904,P,memory,final-memory-block3-5-P.txt,TestSharingMemory,True,0,0,0,0,4096,0,,,,,
0,1530992,2301952,1581,7733248,60113,0,24436,compile_release_270,24784896,"374370 6051 3011 1735 0 27167 0
",24088408,P,memory,final-memory-block3-5-P.txt,TestSharingMemory,True,0,0,0,0,4096,0,,,,,
134972,1552096,2252800,1688,7995392,67326,36,24436,retained_0,24539136,"374370 5991 3011 1735 0 27167 0
",27244152,P,memory,final-memory-block3-5-P.txt,TestSharingMemory,True,0,0,0,0,4096,0,,,,,
0,1547792,2236416,1660,8781824,67566,0,24436,released_0,23752704,"374370 5799 3011 1735 0 27167 0
",27258624,P,memory,final-memory-block3-5-P.txt,TestSharingMemory,True,0,0,0,0,4096,0,,,,,
134972,1552096,2277376,1688,8372224,74771,36,24436,retained_1,24096768,"374370 5883 3011 1735 0 27167 0
",30412864,P,memory,final-memory-block3-5-P.txt,TestSharingMemory,True,0,0,0,0,4096,0,,,,,
0,1547792,2260992,1660,8765440,75011,0,24436,released_1,23752704,"374370 5799 3011 1735 0 27167 0
",30427336,P,memory,final-memory-block3-5-P.txt,TestSharingMemory,True,0,0,0,0,4096,0,,,,,
134972,1552096,2269184,1688,8060928,82216,36,24436,retained_2,24276992,"374370 5927 3011 1735 0 27167 0
",33581576,P,memory,final-memory-block3-5-P.txt,TestSharingMemory,True,0,0,0,0,4096,0,,,,,
0,1547792,2252800,1660,8781824,82456,0,24436,released_2,23744512,"374370 5797 3011 1735 0 27167 0
",33596048,P,memory,final-memory-block3-5-P.txt,TestSharingMemory,True,0,0,0,0,4096,0,,,,,
0,206808,712704,790,9830400,82544,0,24436,runtime_released,22761472,"374370 5557 3027 1735 0 27167 0
",33603184,P,memory,final-memory-block3-5-P.txt,TestSharingMemory,True,0,0,0,0,4096,0,,,,,
0,363528,892928,1896,9740288,88320,0,24436,initial,23011328,,34000424,P,memory,final-memory-block3-5-P.txt,TestSharingMappedMemory,,,,,,,,1032,0,0,,
0,361472,884736,1886,7536640,94203,0,24808,compile_release_270,25513984,,39173912,P,memory,final-memory-block3-5-P.txt,TestSharingMappedMemory,,,,,,,,1032,0,0,,
134972,441520,999424,2009,8781824,95084,36,24936,retained_0,24543232,,39876856,P,memory,final-memory-block3-5-P.txt,TestSharingMappedMemory,,,,,,,,1032,606208,262144,,
0,366128,901120,1904,10551296,95173,0,24936,released_0,22515712,,39883256,P,memory,final-memory-block3-5-P.txt,TestSharingMappedMemory,,,,,,,,1032,0,0,,
134972,441520,999424,2009,10641408,96035,36,24936,retained_1,22695936,,40579384,P,memory,final-memory-block3-5-P.txt,TestSharingMappedMemory,,,,,,,,1032,606208,262144,,
0,366128,901120,1904,10600448,96124,0,24936,released_1,22474752,,40585784,P,memory,final-memory-block3-5-P.txt,TestSharingMappedMemory,,,,,,,,1032,0,0,,
134972,441520,999424,2009,10559488,96986,36,24936,retained_2,22736896,,41281912,P,memory,final-memory-block3-5-P.txt,TestSharingMappedMemory,,,,,,,,1032,606208,262144,,
0,366128,901120,1904,10559488,97075,0,24936,released_2,22474752,,41288312,P,memory,final-memory-block3-5-P.txt,TestSharingMappedMemory,,,,,,,,1032,0,0,,
0,278544,966656,751,6627328,5502,0,15660,initial,16367616,"411086 3996 2224 1733 0 30159 0
",494056,M,memory-auto,final-memory-auto-block1-1-M.txt,TestSharingMemory,True,0,0,0,0,4096,0,,,,,
0,750984,1712128,1167,3497984,64269,0,22376,compile_release_270,22257664,"429735 5434 3078 1733 0 32456 0
",46103472,M,memory-auto,final-memory-auto-block1-1-M.txt,TestSharingMemory,True,0,0,0,0,4096,0,,,,,
167268,1533368,2367488,1808,3481600,72039,36,22376,retained_0,22249472,"429735 5432 3078 1733 0 32456 0
",52151728,M,memory-auto,final-memory-auto-block1-1-M.txt,TestSharingMemory,True,0,0,0,0,4096,0,,,,,
0,1530520,2351104,1780,5054464,72282,0,22376,released_0,20676608,"429735 5048 3078 1733 0 32456 0
",52168616,M,memory-auto,final-memory-auto-block1-1-M.txt,TestSharingMemory,True,0,0,0,0,4096,0,,,,,
167268,1536696,2506752,1822,2957312,80053,36,22376,retained_1,22769664,"429735 5559 3078 1733 0 32456 0
",58248464,M,memory-auto,final-memory-auto-block1-1-M.txt,TestSharingMemory,True,0,0,0,0,4096,0,,,,,
0,1533432,2473984,1788,3416064,80296,0,22376,released_1,22310912,"429735 5447 3078 1733 0 32456 0
",58265192,M,memory-auto,final-memory-auto-block1-1-M.txt,TestSharingMemory,True,0,0,0,0,4096,0,,,,,
167268,1539864,2400256,1827,3145728,88051,36,22376,retained_2,22622208,"429735 5523 3078 1733 0 32456 0
",64306824,M,memory-auto,final-memory-auto-block1-1-M.txt,TestSharingMemory,True,0,0,0,0,4096,0,,,,,
0,1536792,2392064,1795,4390912,88294,0,22376,released_2,21426176,"429735 5231 3078 1733 0 32456 0
",64323712,M,memory-auto,final-memory-auto-block1-1-M.txt,TestSharingMemory,True,0,0,0,0,4096,0,,,,,
0,321680,1032192,920,5177344,88396,0,22376,runtime_released,20766720,"429735 5070 3109 1733 0 32456 0
",64334824,M,memory-auto,final-memory-auto-block1-1-M.txt,TestSharingMemory,True,0,0,0,0,4096,0,,,,,
0,478784,1204224,2026,5160960,94186,0,22376,initial,20852736,,64736424,M,memory-auto,final-memory-auto-block1-1-M.txt,TestSharingMappedMemory,,,,,,,,1032,0,0,,
0,475288,1187840,2016,2940928,100501,0,22376,compile_release_270,23199744,,83986256,M,memory-auto,final-memory-auto-block1-1-M.txt,TestSharingMappedMemory,,,,,,,,1032,0,0,,
167268,556520,1310720,2141,4005888,101438,36,22432,retained_0,22122496,,86566720,M,memory-auto,final-memory-auto-block1-1-M.txt,TestSharingMappedMemory,,,,,,,,1032,606208,278528,,
0,481096,1212416,2034,3973120,101539,0,22432,released_0,21880832,,86576952,M,memory-auto,final-memory-auto-block1-1-M.txt,TestSharingMappedMemory,,,,,,,,1032,0,0,,
167268,556520,1310720,2141,4022272,102469,36,22432,retained_1,22315008,,89153280,M,memory-auto,final-memory-auto-block1-1-M.txt,TestSharingMappedMemory,,,,,,,,1032,606208,278528,,
0,481096,1212416,2034,4022272,102570,0,22432,released_1,22036480,,89163512,M,memory-auto,final-memory-auto-block1-1-M.txt,TestSharingMappedMemory,,,,,,,,1032,0,0,,
167268,562096,1318912,2148,3809280,103507,36,22432,retained_2,22577152,,91745416,M,memory-auto,final-memory-auto-block1-1-M.txt,TestSharingMappedMemory,,,,,,,,1032,606208,278528,,
0,486672,1220608,2041,3809280,103608,0,22432,released_2,22298624,,91755648,M,memory-auto,final-memory-auto-block1-1-M.txt,TestSharingMappedMemory,,,,,,,,1032,0,0,,
0,278224,966656,749,2433024,5500,0,13864,initial,14516224,"411150 3544 2283 1733 0 29199 0
",493736,M,memory-auto,final-memory-auto-block1-8-M.txt,TestSharingMemory,True,0,0,0,0,4096,0,,,,,
0,627088,1613824,1159,2514944,64293,0,20328,compile_release_270,21028864,"448168 5134 3028 1733 0 34537 0
",46226256,M,memory-auto,final-memory-auto-block1-8-M.txt,TestSharingMemory,True,0,0,0,0,4096,0,,,,,
167268,1538816,2490368,1821,3350528,72063,36,20328,retained_0,20533248,"448168 5013 3028 1733 0 34537 0
",52270944,M,memory-auto,final-memory-auto-block1-8-M.txt,TestSharingMemory,True,0,0,0,0,4096,0,,,,,
0,1535936,2482176,1791,4268032,72306,0,20328,released_0,19677184,"448168 4804 3028 1733 0 34537 0
",52287832,M,memory-auto,final-memory-auto-block1-8-M.txt,TestSharingMemory,True,0,0,0,0,4096,0,,,,,
167268,1538880,2506752,1819,2940928,80071,36,20328,retained_1,20824064,"448168 5084 3044 1733 0 34537 0
",58327584,M,memory-auto,final-memory-auto-block1-8-M.txt,TestSharingMemory,True,0,0,0,0,4096,0,,,,,
0,1536032,2498560,1791,4382720,80314,0,20328,released_1,19603456,"448168 4786 3044 1733 0 34537 0
",58344472,M,memory-auto,final-memory-auto-block1-8-M.txt,TestSharingMemory,True,0,0,0,0,4096,0,,,,,
167268,1538880,2424832,1819,3203072,88092,36,20328,retained_2,20410368,"448168 4983 3044 1733 0 34537 0
",64386936,M,memory-auto,final-memory-auto-block1-8-M.txt,TestSharingMemory,True,0,0,0,0,4096,0,,,,,
0,1536032,2416640,1791,4644864,88335,0,20328,released_2,19382272,"448168 4732 3044 1733 0 34537 0
",64403824,M,memory-auto,final-memory-auto-block1-8-M.txt,TestSharingMemory,True,0,0,0,0,4096,0,,,,,
0,320936,1040384,917,5169152,88437,0,20328,runtime_released,18984960,"448168 4635 3075 1733 0 34537 0
",64414936,M,memory-auto,final-memory-auto-block1-8-M.txt,TestSharingMemory,True,0,0,0,0,4096,0,,,,,
0,478040,1212416,2023,5111808,94227,0,20328,initial,19103744,,64816536,M,memory-auto,final-memory-auto-block1-8-M.txt,TestSharingMappedMemory,,,,,,,,1032,0,0,,
0,474560,1196032,2014,3244032,100531,0,20420,compile_release_270,21049344,,84064024,M,memory-auto,final-memory-auto-block1-8-M.txt,TestSharingMappedMemory,,,,,,,,1032,0,0,,
167268,555776,1318912,2138,4030464,101468,36,20420,retained_0,20332544,,86644488,M,memory-auto,final-memory-auto-block1-8-M.txt,TestSharingMappedMemory,,,,,,,,1032,606208,278528,,
0,480352,1220608,2031,4030464,101569,0,20420,released_0,20058112,,86654720,M,memory-auto,final-memory-auto-block1-8-M.txt,TestSharingMappedMemory,,,,,,,,1032,0,0,,
167268,555776,1318912,2138,4038656,102499,36,20420,retained_1,20541440,,89231048,M,memory-auto,final-memory-auto-block1-8-M.txt,TestSharingMappedMemory,,,,,,,,1032,606208,278528,,
0,480368,1220608,2032,4038656,102588,0,20420,released_1,20262912,,89238600,M,memory-auto,final-memory-auto-block1-8-M.txt,TestSharingMappedMemory,,,,,,,,1032,0,0,,
167268,555776,1318912,2138,4038656,103506,36,20420,retained_2,20541440,,91812248,M,memory-auto,final-memory-auto-block1-8-M.txt,TestSharingMappedMemory,,,,,,,,1032,606208,278528,,
0,480368,1220608,2032,4005888,103595,0,20420,released_2,20299776,,91819800,M,memory-auto,final-memory-auto-block1-8-M.txt,TestSharingMappedMemory,,,,,,,,1032,0,0,,
0,278544,966656,751,2433024,5502,0,13756,initial,14307328,"411102 3493 2231 1733 0 29151 0
",494056,M,memory-auto,final-memory-auto-block2-1-M.txt,TestSharingMemory,True,0,0,0,0,4096,0,,,,,
0,455680,1310720,962,3473408,64307,0,20132,compile_release_270,20201472,"448104 4932 3070 1733 0 34473 0
",46306440,M,memory-auto,final-memory-auto-block2-1-M.txt,TestSharingMemory,True,0,0,0,0,4096,0,,,,,
167268,1533808,2498560,1809,3596288,72048,36,20132,retained_0,20078592,"448104 4902 3070 1733 0 34473 0
",52464352,M,memory-auto,final-memory-auto-block2-1-M.txt,TestSharingMemory,True,0,0,0,0,4096,0,,,,,
0,1530960,2473984,1781,5038080,72291,0,20132,released_0,18644992,"448104 4552 3070 1733 0 34473 0
",52481240,M,memory-auto,final-memory-auto-block2-1-M.txt,TestSharingMemory,True,0,0,0,0,4096,0,,,,,
167268,1536224,2473984,1815,3112960,80052,36,20132,retained_1,20275200,"448104 4950 3070 1733 0 34473 0
",58524432,M,memory-auto,final-memory-auto-block2-1-M.txt,TestSharingMemory,True,0,0,0,0,4096,0,,,,,
0,1533360,2449408,1786,4358144,80295,0,20132,released_1,19288064,"448104 4709 3070 1733 0 34473 0
",58541320,M,memory-auto,final-memory-auto-block2-1-M.txt,TestSharingMemory,True,0,0,0,0,4096,0,,,,,
167268,1538368,2441216,1823,3506176,88048,36,20132,retained_2,20176896,"448104 4926 3070 1733 0 34473 0
",64581640,M,memory-auto,final-memory-auto-block2-1-M.txt,TestSharingMemory,True,0,0,0,0,4096,0,,,,,
0,1535296,2416640,1791,4358144,88291,0,20132,released_2,19386368,"448104 4733 3070 1733 0 34473 0
",64598528,M,memory-auto,final-memory-auto-block2-1-M.txt,TestSharingMemory,True,0,0,0,0,4096,0,,,,,
0,320200,1024000,917,5120000,88393,0,20132,runtime_released,18796544,"448104 4589 3101 1733 0 34473 0
",64609640,M,memory-auto,final-memory-auto-block2-1-M.txt,TestSharingMemory,True,0,0,0,0,4096,0,,,,,
0,477304,1196032,2023,5169152,94183,0,20132,initial,18763776,,65011240,M,memory-auto,final-memory-auto-block2-1-M.txt,TestSharingMappedMemory,,,,,,,,1032,0,0,,
0,473712,1171456,2013,3325952,100497,0,20576,compile_release_270,20803584,,84260992,M,memory-auto,final-memory-auto-block2-1-M.txt,TestSharingMappedMemory,,,,,,,,1032,0,0,,
167268,554928,1294336,2137,3538944,101434,36,20576,retained_0,20905984,,86841456,M,memory-auto,final-memory-auto-block2-1-M.txt,TestSharingMappedMemory,,,,,,,,1032,606208,278528,,
0,479504,1196032,2030,3735552,101535,0,20576,released_0,20430848,,86851688,M,memory-auto,final-memory-auto-block2-1-M.txt,TestSharingMappedMemory,,,,,,,,1032,0,0,,
167268,554928,1294336,2137,4055040,102465,36,20576,retained_1,19660800,,89428016,M,memory-auto,final-memory-auto-block2-1-M.txt,TestSharingMappedMemory,,,,,,,,1032,606208,278528,,
0,479504,1196032,2030,4022272,102566,0,20576,released_1,19415040,,89438248,M,memory-auto,final-memory-auto-block2-1-M.txt,TestSharingMappedMemory,,,,,,,,1032,0,0,,
167268,554928,1294336,2137,4063232,103496,36,20576,retained_2,19955712,,92014576,M,memory-auto,final-memory-auto-block2-1-M.txt,TestSharingMappedMemory,,,,,,,,1032,606208,278528,,
0,479520,1196032,2031,4030464,103585,0,20576,released_2,19714048,,92022128,M,memory-auto,final-memory-auto-block2-1-M.txt,TestSharingMappedMemory,,,,,,,,1032,0,0,,
0,278496,819200,751,6840320,5502,0,13676,initial,14467072,"411086 3532 2257 1733 0 30159 0
",494008,M,memory-auto,final-memory-auto-block2-8-M.txt,TestSharingMemory,True,0,0,0,0,4096,0,,,,,
0,460376,1155072,972,7938048,64327,0,22192,compile_release_270,21889024,"429735 5344 3065 1733 0 33480 0
",46091528,M,memory-auto,final-memory-auto-block2-8-M.txt,TestSharingMemory,True,0,0,0,0,4096,0,,,,,
167268,1538456,2318336,1821,7651328,72089,36,22252,retained_0,22208512,"429735 5422 3065 1733 0 33480 0
",52203768,M,memory-auto,final-memory-auto-block2-8-M.txt,TestSharingMemory,True,0,0,0,0,4096,0,,,,,
0,1541184,2310144,1800,9289728,72339,0,22252,released_0,20590592,"448168 5027 3065 1733 0 35561 0
",52226232,M,memory-auto,final-memory-auto-block2-8-M.txt,TestSharingMemory,True,0,0,0,0,4096,0,,,,,
167268,1544848,2383872,1839,7323648,80100,36,22252,retained_1,22421504,"448168 5474 3065 1733 0 35561 0
",58305824,M,memory-auto,final-memory-auto-block2-8-M.txt,TestSharingMemory,True,0,0,0,0,4096,0,,,,,
0,1541776,2359296,1807,7782400,80343,0,22252,released_1,21991424,"448168 5369 3065 1733 0 35561 0
",58322712,M,memory-auto,final-memory-auto-block2-8-M.txt,TestSharingMemory,True,0,0,0,0,4096,0,,,,,
167268,1544832,2342912,1836,7692288,88093,36,22252,retained_2,22253568,"448168 5433 3081 1733 0 35561 0
",64453304,M,memory-auto,final-memory-auto-block2-8-M.txt,TestSharingMemory,True,0,0,0,0,4096,0,,,,,
0,1541984,2334720,1808,9265152,88336,0,22252,released_2,20733952,"448168 5062 3081 1733 0 35561 0
",64470192,M,memory-auto,final-memory-auto-block2-8-M.txt,TestSharingMemory,True,0,0,0,0,4096,0,,,,,
0,326888,909312,934,9461760,88438,0,22252,runtime_released,20664320,"448168 5045 3112 1733 0 35561 0
",64481304,M,memory-auto,final-memory-auto-block2-8-M.txt,TestSharingMemory,True,0,0,0,0,4096,0,,,,,
0,483992,1089536,2040,9240576,94228,0,22252,initial,20852736,,64882904,M,memory-auto,final-memory-auto-block2-8-M.txt,TestSharingMappedMemory,,,,,,,,1032,0,0,,
0,480512,1064960,2031,8077312,100543,0,22252,compile_release_270,22245376,,84132768,M,memory-auto,final-memory-auto-block2-8-M.txt,TestSharingMappedMemory,,,,,,,,1032,0,0,,
167268,558928,1179648,2146,8249344,101484,36,22252,retained_0,22155264,,86713944,M,memory-auto,final-memory-auto-block2-8-M.txt,TestSharingMappedMemory,,,,,,,,1032,606208,278528,,
0,486304,1105920,2048,10346496,101585,0,22252,released_0,20004864,,86724176,M,memory-auto,final-memory-auto-block2-8-M.txt,TestSharingMappedMemory,,,,,,,,1032,0,0,,
167268,561712,1204224,2154,8347648,102503,36,22252,retained_1,21635072,,89297824,M,memory-auto,final-memory-auto-block2-8-M.txt,TestSharingMappedMemory,,,,,,,,1032,606208,278528,,
0,486304,1105920,2048,8306688,102604,0,22252,released_1,21401600,,89308056,M,memory-auto,final-memory-auto-block2-8-M.txt,TestSharingMappedMemory,,,,,,,,1032,0,0,,
167268,561728,1204224,2155,8347648,103534,36,22252,retained_2,21520384,,91884384,M,memory-auto,final-memory-auto-block2-8-M.txt,TestSharingMappedMemory,,,,,,,,1032,606208,278528,,
0,486304,1105920,2048,8339456,103635,0,22252,released_2,21250048,,91894616,M,memory-auto,final-memory-auto-block2-8-M.txt,TestSharingMappedMemory,,,,,,,,1032,0,0,,
0,278544,933888,751,6660096,5502,0,13400,initial,14139392,"427424 3452 2190 1733 0 30113 0
",494056,M,memory-auto,final-memory-auto-block3-1-M.txt,TestSharingMemory,True,0,0,0,0,4096,0,,,,,
0,611904,1564672,1072,7487488,64340,0,21892,compile_release_270,22409216,"464506 5471 3029 1733 0 35515 0
",46129200,M,memory-auto,final-memory-auto-block3-1-M.txt,TestSharingMemory,True,0,0,0,0,4096,0,,,,,
167268,1540464,2416640,1820,7495680,72098,36,21944,retained_0,22294528,"464506 5443 3029 1733 0 35515 0
",52273520,M,memory-auto,final-memory-auto-block3-1-M.txt,TestSharingMemory,True,0,0,0,0,4096,0,,,,,
0,1537616,2408448,1792,8544256,72341,0,21944,released_0,21553152,"464506 5262 3077 1733 0 35515 0
",52290408,M,memory-auto,final-memory-auto-block3-1-M.txt,TestSharingMemory,True,0,0,0,0,4096,0,,,,,
167268,1540960,2449408,1825,7675904,80102,36,21944,retained_1,22441984,"464506 5479 3093 1733 0 35515 0
",58358800,M,memory-auto,final-memory-auto-block3-1-M.txt,TestSharingMemory,True,0,0,0,0,4096,0,,,,,
0,1537696,2424832,1791,7675904,80345,0,21944,released_1,22441984,"464506 5479 3093 1733 0 35515 0
",58375688,M,memory-auto,final-memory-auto-block3-1-M.txt,TestSharingMemory,True,0,0,0,0,4096,0,,,,,
167268,1540560,2408448,1820,6995968,88082,36,22208,retained_2,23085056,"464506 5636 3093 1733 0 35515 0
",64575680,M,memory-auto,final-memory-auto-block3-1-M.txt,TestSharingMemory,True,0,0,0,0,4096,0,,,,,
0,1537712,2400256,1792,8495104,88324,0,22208,released_2,21680128,"464506 5293 3093 1733 0 35515 0
",64592392,M,memory-auto,final-memory-auto-block3-1-M.txt,TestSharingMemory,True,0,0,0,0,4096,0,,,,,
0,322616,1007616,918,9347072,88426,0,22208,runtime_released,20955136,"464506 5116 3124 1733 0 35515 0
",64603504,M,memory-auto,final-memory-auto-block3-1-M.txt,TestSharingMemory,True,0,0,0,0,4096,0,,,,,
0,479720,1187840,2024,9216000,94216,0,22208,initial,21139456,,65005104,M,memory-auto,final-memory-auto-block3-1-M.txt,TestSharingMappedMemory,,,,,,,,1032,0,0,,
0,476128,1171456,2014,7716864,100530,0,22816,compile_release_270,22663168,,84254904,M,memory-auto,final-memory-auto-block3-1-M.txt,TestSharingMappedMemory,,,,,,,,1032,0,0,,
167268,557344,1294336,2138,7987200,101467,36,22816,retained_0,22736896,,86835368,M,memory-auto,final-memory-auto-block3-1-M.txt,TestSharingMappedMemory,,,,,,,,1032,606208,278528,,
0,481936,1196032,2032,7987200,101556,0,22816,released_0,22466560,,86842920,M,memory-auto,final-memory-auto-block3-1-M.txt,TestSharingMappedMemory,,,,,,,,1032,0,0,,
167268,557344,1294336,2138,8019968,102486,36,22816,retained_1,22716416,,89419248,M,memory-auto,final-memory-auto-block3-1-M.txt,TestSharingMappedMemory,,,,,,,,1032,606208,278528,,
0,481920,1196032,2031,8019968,102587,0,22816,released_1,22306816,,89429480,M,memory-auto,final-memory-auto-block3-1-M.txt,TestSharingMappedMemory,,,,,,,,1032,0,0,,
167268,557344,1294336,2138,8069120,103517,36,22816,retained_2,21782528,,92005808,M,memory-auto,final-memory-auto-block3-1-M.txt,TestSharingMappedMemory,,,,,,,,1032,606208,278528,,
0,481920,1196032,2031,8069120,103618,0,22816,released_2,21504000,,92016040,M,memory-auto,final-memory-auto-block3-1-M.txt,TestSharingMappedMemory,,,,,,,,1032,0,0,,
0,278384,811008,750,2654208,5501,0,13732,initial,14254080,"411086 3480 2213 1733 0 29135 0
",493896,M,memory-auto,final-memory-auto-block3-8-M.txt,TestSharingMemory,True,0,0,0,0,4096,0,,,,,
0,456888,1196032,970,3424256,64312,0,21976,compile_release_270,22310912,"429735 5447 3052 1733 0 32456 0
",46212704,M,memory-auto,final-memory-auto-block3-8-M.txt,TestSharingMemory,True,0,0,0,0,4096,0,,,,,
167268,1539080,2359296,1827,2998272,72085,36,22288,retained_0,22319104,"429735 5449 3052 1733 0 32456 0
",52329104,M,memory-auto,final-memory-auto-block3-8-M.txt,TestSharingMemory,True,0,0,0,0,4096,0,,,,,
0,1536344,2334720,1800,4669440,72329,0,22288,released_0,20754432,"429735 5067 3052 1733 0 32456 0
",52346104,M,memory-auto,final-memory-auto-block3-8-M.txt,TestSharingMemory,True,0,0,0,0,4096,0,,,,,
167268,1540216,2334720,1828,3653632,80100,36,22288,retained_1,21405696,"429735 5226 3052 1733 0 32456 0
",58493128,M,memory-auto,final-memory-auto-block3-8-M.txt,TestSharingMemory,True,0,0,0,0,4096,0,,,,,
0,1537384,2326528,1801,4898816,80344,0,22288,released_1,20373504,"429735 4974 3052 1733 0 32456 0
",58510032,M,memory-auto,final-memory-auto-block3-8-M.txt,TestSharingMemory,True,0,0,0,0,4096,0,,,,,
167268,1540696,2375680,1836,3121152,88115,36,22288,retained_2,22020096,"429735 5376 3068 1733 0 32456 0
",64570792,M,memory-auto,final-memory-auto-block3-8-M.txt,TestSharingMemory,True,0,0,0,0,4096,0,,,,,
0,1537624,2367488,1804,3710976,88357,0,22288,released_2,21602304,"429735 5274 3068 1733 0 32456 0
",64587504,M,memory-auto,final-memory-auto-block3-8-M.txt,TestSharingMemory,True,0,0,0,0,4096,0,,,,,
0,322544,925696,931,5185536,88459,0,22288,runtime_released,20279296,"429735 4951 3099 1733 0 32456 0
",64598616,M,memory-auto,final-memory-auto-block3-8-M.txt,TestSharingMemory,True,0,0,0,0,4096,0,,,,,
0,479648,1105920,2037,5062656,94235,0,22288,initial,20475904,,64997392,M,memory-auto,final-memory-auto-block3-8-M.txt,TestSharingMappedMemory,,,,,,,,1032,0,0,,
0,476168,1081344,2028,3219456,100550,0,22288,compile_release_270,22544384,,84247240,M,memory-auto,final-memory-auto-block3-8-M.txt,TestSharingMappedMemory,,,,,,,,1032,0,0,,
167268,557384,1220608,2152,4055040,101487,36,22288,retained_0,21438464,,86827704,M,memory-auto,final-memory-auto-block3-8-M.txt,TestSharingMappedMemory,,,,,,,,1032,606208,278528,,
0,481976,1122304,2046,4022272,101576,0,22288,released_0,21200896,,86835256,M,memory-auto,final-memory-auto-block3-8-M.txt,TestSharingMappedMemory,,,,,,,,1032,0,0,,
167268,557496,1220608,2153,4055040,102495,36,22288,retained_1,21901312,,89409016,M,memory-auto,final-memory-auto-block3-8-M.txt,TestSharingMappedMemory,,,,,,,,1032,606208,278528,,
0,482072,1122304,2046,4055040,102596,0,22288,released_1,21622784,,89419248,M,memory-auto,final-memory-auto-block3-8-M.txt,TestSharingMappedMemory,,,,,,,,1032,0,0,,
167268,557480,1220608,2152,3907584,103514,36,22288,retained_2,22020096,,91992896,M,memory-auto,final-memory-auto-block3-8-M.txt,TestSharingMappedMemory,,,,,,,,1032,606208,278528,,
0,482072,1122304,2046,3907584,103603,0,22288,released_2,21749760,,92000448,M,memory-auto,final-memory-auto-block3-8-M.txt,TestSharingMappedMemory,,,,,,,,1032,0,0,,
0,278224,811008,749,6848512,5500,0,13684,initial,14249984,"413087 3479 2209 1733 0 32159 0
",493736,B,memory-auto,final-memory-auto-block1-2-B.txt,TestSharingMemory,True,0,0,0,0,4096,0,,,,,
0,618096,1466368,1141,2809856,64266,0,20220,compile_release_270,20811776,"448104 5081 3048 1733 0 34473 0
",46452432,B,memory-auto,final-memory-auto-block1-2-B.txt,TestSharingMemory,True,0,0,0,0,4096,0,,,,,
167268,1529392,2244608,1800,3833856,72006,36,20220,retained_0,19865600,"448104 4850 3048 1733 0 34473 0
",52584992,B,memory-auto,final-memory-auto-block1-2-B.txt,TestSharingMemory,True,0,0,0,0,4096,0,,,,,
0,1526544,2228224,1772,3833856,72249,0,20220,released_0,19865600,"448104 4850 3048 1733 0 34473 0
",52601880,B,memory-auto,final-memory-auto-block1-2-B.txt,TestSharingMemory,True,0,0,0,0,4096,0,,,,,
167268,1534672,2375680,1811,3244032,80030,36,20220,retained_1,20447232,"448104 4992 3048 1733 0 34473 0
",58649160,B,memory-auto,final-memory-auto-block1-2-B.txt,TestSharingMemory,True,0,0,0,0,4096,0,,,,,
0,1531824,2351104,1783,4947968,80273,0,20220,released_1,18792448,"448104 4588 3048 1733 0 34473 0
",58666048,B,memory-auto,final-memory-auto-block1-2-B.txt,TestSharingMemory,True,0,0,0,0,4096,0,,,,,
167268,1535616,2260992,1819,3448832,88034,36,20220,retained_2,20099072,"448104 4907 3048 1733 0 34473 0
",64759208,B,memory-auto,final-memory-auto-block1-2-B.txt,TestSharingMemory,True,0,0,0,0,4096,0,,,,,
0,1532544,2244608,1787,4235264,88277,0,20220,released_2,19492864,"448104 4759 3048 1733 0 34473 0
",64776096,B,memory-auto,final-memory-auto-block1-2-B.txt,TestSharingMemory,True,0,0,0,0,4096,0,,,,,
0,317432,884736,912,5177344,88379,0,20220,runtime_released,18685952,"448104 4562 3079 1733 0 34473 0
",64787208,B,memory-auto,final-memory-auto-block1-2-B.txt,TestSharingMemory,True,0,0,0,0,4096,0,,,,,
0,474536,1064960,2018,5341184,94169,0,20220,initial,18595840,,65188808,B,memory-auto,final-memory-auto-block1-2-B.txt,TestSharingMappedMemory,,,,,,,,1032,0,0,,
0,470944,1048576,2008,7479296,100483,0,22572,compile_release_270,22228992,,84438576,B,memory-auto,final-memory-auto-block1-2-B.txt,TestSharingMappedMemory,,,,,,,,1032,0,0,,
167268,552160,1187840,2132,8298496,101420,36,22572,retained_0,21692416,,87019040,B,memory-auto,final-memory-auto-block1-2-B.txt,TestSharingMappedMemory,,,,,,,,1032,606208,278528,,
0,476736,1089536,2025,8298496,101521,0,22572,released_0,21413888,,87029272,B,memory-auto,final-memory-auto-block1-2-B.txt,TestSharingMappedMemory,,,,,,,,1032,0,0,,
167268,552144,1187840,2131,8052736,102439,36,22572,retained_1,21630976,,89602920,B,memory-auto,final-memory-auto-block1-2-B.txt,TestSharingMappedMemory,,,,,,,,1032,606208,278528,,
0,476736,1089536,2025,8044544,102528,0,22572,released_1,21360640,,89610472,B,memory-auto,final-memory-auto-block1-2-B.txt,TestSharingMappedMemory,,,,,,,,1032,0,0,,
167268,552160,1187840,2132,8273920,103458,36,22572,retained_2,21696512,,92186800,B,memory-auto,final-memory-auto-block1-2-B.txt,TestSharingMappedMemory,,,,,,,,1032,606208,278528,,
0,476736,1089536,2025,8273920,103559,0,22572,released_2,21422080,,92197032,B,memory-auto,final-memory-auto-block1-2-B.txt,TestSharingMappedMemory,,,,,,,,1032,0,0,,
0,278224,811008,749,6848512,5500,0,13808,initial,14462976,"411086 3531 2262 1733 0 30159 0
",493736,B,memory-auto,final-memory-auto-block1-7-B.txt,TestSharingMemory,True,0,0,0,0,4096,0,,,,,
0,568096,1351680,970,7520256,64281,0,22152,compile_release_270,21696512,"448168 5297 3053 1733 0 35561 0
",46273520,B,memory-auto,final-memory-auto-block1-7-B.txt,TestSharingMemory,True,0,0,0,0,4096,0,,,,,
167268,1528096,2416640,1793,7184384,72039,36,22152,retained_0,22016000,"448168 5375 3053 1733 0 35561 0
",52473072,B,memory-auto,final-memory-auto-block1-7-B.txt,TestSharingMemory,True,0,0,0,0,4096,0,,,,,
0,1525248,2392064,1765,9412608,72282,0,22152,released_0,19845120,"448168 4845 3053 1733 0 35561 0
",52489960,B,memory-auto,final-memory-auto-block1-7-B.txt,TestSharingMemory,True,0,0,0,0,4096,0,,,,,
167268,1529392,2408448,1798,7110656,80049,36,22152,retained_1,21917696,"448168 5351 3069 1733 0 35561 0
",58582608,B,memory-auto,final-memory-auto-block1-7-B.txt,TestSharingMemory,True,0,0,0,0,4096,0,,,,,
0,1526544,2392064,1770,8683520,80291,0,22152,released_1,20561920,"448168 5020 3069 1733 0 35561 0
",58599320,B,memory-auto,final-memory-auto-block1-7-B.txt,TestSharingMemory,True,0,0,0,0,4096,0,,,,,
167268,1531504,2342912,1804,7192576,88050,36,22152,retained_2,21966848,"448168 5363 3069 1733 0 35561 0
",64661072,B,memory-auto,final-memory-auto-block1-7-B.txt,TestSharingMemory,True,0,0,0,0,4096,0,,,,,
0,1528432,2334720,1772,7782400,88293,0,22152,released_2,21487616,"448168 5246 3069 1733 0 35561 0
",64677960,B,memory-auto,final-memory-auto-block1-7-B.txt,TestSharingMemory,True,0,0,0,0,4096,0,,,,,
0,313352,892928,899,9420800,88395,0,22152,runtime_released,20066304,"448168 4899 3100 1733 0 35561 0
",64689072,B,memory-auto,final-memory-auto-block1-7-B.txt,TestSharingMemory,True,0,0,0,0,4096,0,,,,,
0,470456,1073152,2005,9306112,94185,0,22152,initial,20238336,,65090672,B,memory-auto,final-memory-auto-block1-7-B.txt,TestSharingMappedMemory,,,,,,,,1032,0,0,,
0,466864,1048576,1995,7725056,100499,0,22152,compile_release_270,21995520,,84340424,B,memory-auto,final-memory-auto-block1-7-B.txt,TestSharingMappedMemory,,,,,,,,1032,0,0,,
167268,548080,1187840,2119,7725056,101436,36,22152,retained_0,22286336,,86920888,B,memory-auto,final-memory-auto-block1-7-B.txt,TestSharingMappedMemory,,,,,,,,1032,606208,278528,,
0,472656,1089536,2012,8044544,101537,0,22152,released_0,21688320,,86931120,B,memory-auto,final-memory-auto-block1-7-B.txt,TestSharingMappedMemory,,,,,,,,1032,0,0,,
167268,548080,1187840,2119,8265728,102467,36,22152,retained_1,21516288,,89507448,B,memory-auto,final-memory-auto-block1-7-B.txt,TestSharingMappedMemory,,,,,,,,1032,606208,278528,,
0,472656,1089536,2012,8224768,102568,0,22152,released_1,21282816,,89517680,B,memory-auto,final-memory-auto-block1-7-B.txt,TestSharingMappedMemory,,,,,,,,1032,0,0,,
167268,548080,1187840,2119,8265728,103498,36,22152,retained_2,21737472,,92094008,B,memory-auto,final-memory-auto-block1-7-B.txt,TestSharingMappedMemory,,,,,,,,1032,606208,278528,,
0,472656,1089536,2012,8257536,103599,0,22152,released_2,21467136,,92104240,B,memory-auto,final-memory-auto-block1-7-B.txt,TestSharingMappedMemory,,,,,,,,1032,0,0,,
0,279184,966656,755,6627328,5506,0,13840,initial,14372864,"411022 3509 2248 1733 0 30095 0
",494696,B,memory-auto,final-memory-auto-block2-2-B.txt,TestSharingMemory,True,0,0,0,0,4096,0,,,,,
0,312376,1056768,920,3366912,64247,0,20072,compile_release_270,20344832,"429735 4967 3065 1733 0 32456 0
",46331304,B,memory-auto,final-memory-auto-block2-2-B.txt,TestSharingMemory,True,0,0,0,0,4096,0,,,,,
167268,1524472,2490368,1793,2932736,72017,36,20072,retained_0,20725760,"429735 5060 3065 1733 0 32456 0
",52392984,B,memory-auto,final-memory-auto-block2-2-B.txt,TestSharingMemory,True,0,0,0,0,4096,0,,,,,
0,1521624,2473984,1765,4505600,72259,0,20072,released_0,19275776,"429735 4706 3065 1733 0 32456 0
",52409696,B,memory-auto,final-memory-auto-block2-2-B.txt,TestSharingMemory,True,0,0,0,0,4096,0,,,,,
167268,1524920,2473984,1799,6979584,80016,36,20128,retained_1,20832256,"429735 5086 3065 1733 0 33480 0
",58521352,B,memory-auto,final-memory-auto-block2-2-B.txt,TestSharingMemory,True,0,0,0,0,4096,0,,,,,
0,1521848,2457600,1767,7716864,80259,0,20128,released_1,20234240,"429735 4940 3065 1733 0 33480 0
",58538240,B,memory-auto,final-memory-auto-block2-2-B.txt,TestSharingMemory,True,0,0,0,0,4096,0,,,,,
167268,1524936,2482176,1798,6766592,88022,36,20204,retained_2,20934656,"429735 5111 3065 1733 0 33480 0
",64598696,B,memory-auto,final-memory-auto-block2-2-B.txt,TestSharingMemory,True,0,0,0,0,4096,0,,,,,
0,1522072,2473984,1769,8011776,88264,0,20204,released_2,19943424,"429735 4869 3065 1733 0 33480 0
",64615408,B,memory-auto,final-memory-auto-block2-2-B.txt,TestSharingMemory,True,0,0,0,0,4096,0,,,,,
0,306976,1024000,895,9256960,88366,0,20204,runtime_released,18825216,"429735 4596 3096 1733 0 33480 0
",64626520,B,memory-auto,final-memory-auto-block2-2-B.txt,TestSharingMemory,True,0,0,0,0,4096,0,,,,,
0,464080,1204224,2001,9265152,94142,0,20204,initial,18931712,,65025296,B,memory-auto,final-memory-auto-block2-2-B.txt,TestSharingMappedMemory,,,,,,,,1032,0,0,,
0,460488,1187840,1991,7421952,100456,0,20628,compile_release_270,20885504,,84275048,B,memory-auto,final-memory-auto-block2-2-B.txt,TestSharingMappedMemory,,,,,,,,1032,0,0,,
167268,541704,1310720,2115,8118272,101393,36,20628,retained_0,20361216,,86855512,B,memory-auto,final-memory-auto-block2-2-B.txt,TestSharingMappedMemory,,,,,,,,1032,606208,278528,,
0,466280,1212416,2008,8118272,101494,0,20628,released_0,20086784,,86865744,B,memory-auto,final-memory-auto-block2-2-B.txt,TestSharingMappedMemory,,,,,,,,1032,0,0,,
167268,541704,1310720,2115,8249344,102424,36,20628,retained_1,19820544,,89442072,B,memory-auto,final-memory-auto-block2-2-B.txt,TestSharingMappedMemory,,,,,,,,1032,606208,278528,,
0,466280,1212416,2008,8216576,102525,0,20628,released_1,19574784,,89452304,B,memory-auto,final-memory-auto-block2-2-B.txt,TestSharingMappedMemory,,,,,,,,1032,0,0,,
167268,541704,1310720,2115,7897088,103455,36,20628,retained_2,20287488,,92028632,B,memory-auto,final-memory-auto-block2-2-B.txt,TestSharingMappedMemory,,,,,,,,1032,606208,278528,,
0,466280,1212416,2008,7897088,103556,0,20628,released_2,20013056,,92038864,B,memory-auto,final-memory-auto-block2-2-B.txt,TestSharingMappedMemory,,,,,,,,1032,0,0,,
0,278864,966656,753,6627328,5504,0,15676,initial,16314368,"427488 3983 2209 1733 0 30177 0
",494376,B,memory-auto,final-memory-auto-block2-7-B.txt,TestSharingMemory,True,0,0,0,0,4096,0,,,,,
0,593048,1540096,1046,7348224,64281,0,22216,compile_release_270,22757376,"446137 5556 3096 1733 0 33498 0
",46132312,B,memory-auto,final-memory-auto-block2-7-B.txt,TestSharingMemory,True,0,0,0,0,4096,0,,,,,
167268,1522600,2375680,1798,7675904,72038,36,22216,retained_0,22450176,"446137 5481 3096 1733 0 33498 0
",52277240,B,memory-auto,final-memory-auto-block2-7-B.txt,TestSharingMemory,True,0,0,0,0,4096,0,,,,,
0,1525104,2375680,1773,8658944,72288,0,22216,released_0,21381120,"464570 5220 3096 1733 0 35579 0
",52299704,B,memory-auto,final-memory-auto-block2-7-B.txt,TestSharingMemory,True,0,0,0,0,4096,0,,,,,
167268,1530112,2433024,1803,7806976,80035,36,22216,retained_1,22167552,"464570 5412 3112 1733 0 35579 0
",58430704,B,memory-auto,final-memory-auto-block2-7-B.txt,TestSharingMemory,True,0,0,0,0,4096,0,,,,,
0,1527264,2416640,1775,9248768,80278,0,22216,released_1,20774912,"464570 5072 3112 1733 0 35579 0
",58447592,B,memory-auto,final-memory-auto-block2-7-B.txt,TestSharingMemory,True,0,0,0,0,4096,0,,,,,
167268,1535744,2433024,1827,7315456,88043,36,22216,retained_2,22626304,"464570 5524 3112 1733 0 35579 0
",64491352,B,memory-auto,final-memory-auto-block2-7-B.txt,TestSharingMemory,True,0,0,0,0,4096,0,,,,,
0,1532464,2424832,1792,8101888,88285,0,22216,released_2,21979136,"464570 5366 3112 1733 0 35579 0
",64508064,B,memory-auto,final-memory-auto-block2-7-B.txt,TestSharingMemory,True,0,0,0,0,4096,0,,,,,
0,317448,1015808,917,9216000,88388,0,22216,runtime_released,20779008,"464570 5073 3127 1733 0 35579 0
",64519288,B,memory-auto,final-memory-auto-block2-7-B.txt,TestSharingMemory,True,0,0,0,0,4096,0,,,,,
0,474552,1196032,2023,9412608,94178,0,22216,initial,20795392,,64920888,B,memory-auto,final-memory-auto-block2-7-B.txt,TestSharingMappedMemory,,,,,,,,1032,0,0,,
0,471088,1171456,2015,7561216,100494,0,22528,compile_release_270,22794240,,84170784,B,memory-auto,final-memory-auto-block2-7-B.txt,TestSharingMappedMemory,,,,,,,,1032,0,0,,
167268,552304,1294336,2139,8159232,101431,36,22528,retained_0,22482944,,86751248,B,memory-auto,final-memory-auto-block2-7-B.txt,TestSharingMappedMemory,,,,,,,,1032,606208,278528,,
0,476896,1196032,2033,8159232,101520,0,22528,released_0,22208512,,86758800,B,memory-auto,final-memory-auto-block2-7-B.txt,TestSharingMappedMemory,,,,,,,,1032,0,0,,
167268,552304,1294336,2139,8159232,102450,36,22528,retained_1,22495232,,89335128,B,memory-auto,final-memory-auto-block2-7-B.txt,TestSharingMappedMemory,,,,,,,,1032,606208,278528,,
0,476896,1196032,2033,8159232,102539,0,22528,released_1,22216704,,89342680,B,memory-auto,final-memory-auto-block2-7-B.txt,TestSharingMappedMemory,,,,,,,,1032,0,0,,
167268,552304,1294336,2139,8232960,103457,36,22528,retained_2,22122496,,91916328,B,memory-auto,final-memory-auto-block2-7-B.txt,TestSharingMappedMemory,,,,,,,,1032,606208,278528,,
0,476896,1196032,2033,8224768,103546,0,22528,released_2,21852160,,91923880,B,memory-auto,final-memory-auto-block2-7-B.txt,TestSharingMappedMemory,,,,,,,,1032,0,0,,
0,278384,811008,750,2654208,5501,0,13776,initial,14270464,"411022 3484 2216 1733 0 29071 0
",493896,B,memory-auto,final-memory-auto-block3-2-B.txt,TestSharingMemory,True,0,0,0,0,4096,0,,,,,
0,444104,1212416,945,3383296,64310,0,22016,compile_release_270,22319104,"429735 5449 3055 1733 0 32456 0
",46033896,B,memory-auto,final-memory-auto-block3-2-B.txt,TestSharingMemory,True,0,0,0,0,4096,0,,,,,
167268,1524056,2293760,1798,3252224,72068,36,22016,retained_0,22446080,"429735 5480 3055 1733 0 32456 0
",52096408,B,memory-auto,final-memory-auto-block3-2-B.txt,TestSharingMemory,True,0,0,0,0,4096,0,,,,,
0,1521096,2285568,1767,4497408,72311,0,22016,released_0,21327872,"429735 5207 3055 1733 0 32456 0
",52113232,B,memory-auto,final-memory-auto-block3-2-B.txt,TestSharingMemory,True,0,0,0,0,4096,0,,,,,
167268,1525976,2392064,1800,2891776,80071,36,22016,retained_1,22683648,"429799 5538 3055 1733 0 32520 0
",58226680,B,memory-auto,final-memory-auto-block3-2-B.txt,TestSharingMemory,True,0,0,0,0,4096,0,,,,,
0,1523128,2367488,1772,4595712,80314,0,22016,released_1,21159936,"429799 5166 3055 1733 0 32520 0
",58243568,B,memory-auto,final-memory-auto-block3-2-B.txt,TestSharingMemory,True,0,0,0,0,4096,0,,,,,
167268,1526040,2367488,1798,3579904,88087,36,22016,retained_2,22200320,"429799 5420 3055 1733 0 32520 0
",64286032,B,memory-auto,final-memory-auto-block3-2-B.txt,TestSharingMemory,True,0,0,0,0,4096,0,,,,,
0,1523192,2342912,1770,5021696,88330,0,22016,released_2,20869120,"429799 5095 3055 1733 0 32520 0
",64302920,B,memory-auto,final-memory-auto-block3-2-B.txt,TestSharingMemory,True,0,0,0,0,4096,0,,,,,
0,308144,892928,899,5283840,88432,0,22016,runtime_released,20733952,"429799 5062 3086 1733 0 32520 0
",64314032,B,memory-auto,final-memory-auto-block3-2-B.txt,TestSharingMemory,True,0,0,0,0,4096,0,,,,,
0,465248,1073152,2005,5349376,94222,0,22016,initial,20627456,,64715632,B,memory-auto,final-memory-auto-block3-2-B.txt,TestSharingMappedMemory,,,,,,,,1032,0,0,,
0,467232,1056768,2002,3391488,100543,0,22520,compile_release_270,22802432,,83970944,B,memory-auto,final-memory-auto-block3-2-B.txt,TestSharingMappedMemory,,,,,,,,1032,0,0,,
167268,548448,1196032,2126,3457024,101480,36,22520,retained_0,23023616,,86551408,B,memory-auto,final-memory-auto-block3-2-B.txt,TestSharingMappedMemory,,,,,,,,1032,606208,278528,,
0,473040,1097728,2020,3915776,101569,0,22520,released_0,22286336,,86558960,B,memory-auto,final-memory-auto-block3-2-B.txt,TestSharingMappedMemory,,,,,,,,1032,0,0,,
167268,548448,1196032,2126,3817472,102499,36,22520,retained_1,22573056,,89135288,B,memory-auto,final-memory-auto-block3-2-B.txt,TestSharingMappedMemory,,,,,,,,1032,606208,278528,,
0,473024,1097728,2019,3915776,102600,0,22520,released_1,22294528,,89145520,B,memory-auto,final-memory-auto-block3-2-B.txt,TestSharingMappedMemory,,,,,,,,1032,0,0,,
167268,548448,1196032,2126,3833856,103530,36,22520,retained_2,21913600,,91721848,B,memory-auto,final-memory-auto-block3-2-B.txt,TestSharingMappedMemory,,,,,,,,1032,606208,278528,,
0,473024,1097728,2019,3825664,103631,0,22520,released_2,21643264,,91732080,B,memory-auto,final-memory-auto-block3-2-B.txt,TestSharingMappedMemory,,,,,,,,1032,0,0,,
0,278224,811008,749,2621440,5500,0,13688,initial,14405632,"411038 3517 2247 1733 0 29087 0
",493736,B,memory-auto,final-memory-auto-block3-7-B.txt,TestSharingMemory,True,0,0,0,0,4096,0,,,,,
0,745864,1581056,1162,3522560,64264,0,20152,compile_release_270,20189184,"429735 4929 3087 1733 0 32456 0
",46361464,B,memory-auto,final-memory-auto-block3-7-B.txt,TestSharingMemory,True,0,0,0,0,4096,0,,,,,
167268,1528168,2285568,1806,3383296,72033,36,20204,retained_0,20463616,"429735 4996 3087 1733 0 32456 0
",52522120,B,memory-auto,final-memory-auto-block3-7-B.txt,TestSharingMemory,True,0,0,0,0,4096,0,,,,,
0,1525304,2285568,1777,4628480,72276,0,20204,released_0,19222528,"429735 4693 3087 1733 0 32456 0
",52539008,B,memory-auto,final-memory-auto-block3-7-B.txt,TestSharingMemory,True,0,0,0,0,4096,0,,,,,
167268,1534368,2392064,1820,2744320,80059,36,20344,retained_1,20733952,"448168 5062 3087 1733 0 34537 0
",58605712,B,memory-auto,final-memory-auto-block3-7-B.txt,TestSharingMemory,True,0,0,0,0,4096,0,,,,,
0,1531120,2367488,1787,3858432,80301,0,20344,released_1,19992576,"448168 4881 3087 1733 0 34537 0
",58622424,B,memory-auto,final-memory-auto-block3-7-B.txt,TestSharingMemory,True,0,0,0,0,4096,0,,,,,
167268,1534112,2326528,1818,3284992,88066,36,20344,retained_2,20439040,"448168 4990 3087 1733 0 34537 0
",64783328,B,memory-auto,final-memory-auto-block3-7-B.txt,TestSharingMemory,True,0,0,0,0,4096,0,,,,,
0,1531232,2318336,1788,3678208,88309,0,20344,released_2,20144128,"448168 4918 3087 1733 0 34537 0
",64800216,B,memory-auto,final-memory-auto-block3-7-B.txt,TestSharingMemory,True,0,0,0,0,4096,0,,,,,
0,316136,901120,914,5251072,88412,0,20344,runtime_released,18771968,"448168 4583 3118 1733 0 34537 0
",64811344,B,memory-auto,final-memory-auto-block3-7-B.txt,TestSharingMemory,True,0,0,0,0,4096,0,,,,,
0,473240,1081344,2020,5193728,94202,0,20344,initial,18870272,,65212944,B,memory-auto,final-memory-auto-block3-7-B.txt,TestSharingMappedMemory,,,,,,,,1032,0,0,,
0,469648,1056768,2010,2760704,100516,0,20472,compile_release_270,21258240,,84462696,B,memory-auto,final-memory-auto-block3-7-B.txt,TestSharingMappedMemory,,,,,,,,1032,0,0,,
167268,550864,1196032,2134,3530752,101453,36,20856,retained_0,20668416,,87043160,B,memory-auto,final-memory-auto-block3-7-B.txt,TestSharingMappedMemory,,,,,,,,1032,606208,278528,,
0,475440,1097728,2027,3858432,101554,0,20856,released_0,20160512,,87053392,B,memory-auto,final-memory-auto-block3-7-B.txt,TestSharingMappedMemory,,,,,,,,1032,0,0,,
167268,550864,1196032,2134,4063232,102484,36,20856,retained_1,20471808,,89629720,B,memory-auto,final-memory-auto-block3-7-B.txt,TestSharingMappedMemory,,,,,,,,1032,606208,278528,,
0,475440,1097728,2027,4063232,102585,0,20856,released_1,20193280,,89639952,B,memory-auto,final-memory-auto-block3-7-B.txt,TestSharingMappedMemory,,,,,,,,1032,0,0,,
167268,550864,1196032,2134,4112384,103515,36,20856,retained_2,19800064,,92216280,B,memory-auto,final-memory-auto-block3-7-B.txt,TestSharingMappedMemory,,,,,,,,1032,606208,278528,,
0,475440,1097728,2027,4112384,103616,0,20856,released_2,19521536,,92226512,B,memory-auto,final-memory-auto-block3-7-B.txt,TestSharingMappedMemory,,,,,,,,1032,0,0,,
0,278080,966656,749,6627328,5502,0,16036,initial,16556032,"411154 4042 2267 1735 0 30223 0
",493624,R,memory-auto,final-memory-auto-block1-3-R.txt,TestSharingMemory,True,0,0,0,0,4096,0,,,,,
0,572792,1499136,987,7553024,63586,0,24096,compile_release_270,24072192,"429803 5877 3044 1735 0 33544 0
",34570664,R,memory-auto,final-memory-auto-block1-3-R.txt,TestSharingMemory,True,0,0,0,0,4096,0,,,,,
134972,1528568,2564096,1814,7405568,71234,36,24096,retained_0,24248320,"429803 5920 3044 1735 0 33544 0
",39157520,R,memory-auto,final-memory-auto-block1-3-R.txt,TestSharingMemory,True,0,0,0,0,4096,0,,,,,
0,1524648,2539520,1782,7864320,71474,0,24096,released_0,23867392,"429803 5827 3044 1735 0 33544 0
",39173144,R,memory-auto,final-memory-auto-block1-3-R.txt,TestSharingMemory,True,0,0,0,0,4096,0,,,,,
134972,1527928,2498560,1808,7634944,79120,36,24096,retained_1,24039424,"429803 5869 3044 1735 0 33544 0
",43776816,R,memory-auto,final-memory-auto-block1-3-R.txt,TestSharingMemory,True,0,0,0,0,4096,0,,,,,
0,1525080,2482176,1780,8749056,79363,0,24096,released_1,23031808,"429803 5623 3044 1735 0 33544 0
",43793704,R,memory-auto,final-memory-auto-block1-3-R.txt,TestSharingMemory,True,0,0,0,0,4096,0,,,,,
134972,1529848,2449408,1812,7585792,87021,36,24096,retained_2,24215552,"429803 5912 3060 1735 0 33544 0
",48380384,R,memory-auto,final-memory-auto-block1-3-R.txt,TestSharingMemory,True,0,0,0,0,4096,0,,,,,
0,1527000,2441216,1784,8830976,87264,0,24096,released_2,23031808,"429803 5623 3060 1735 0 33544 0
",48397272,R,memory-auto,final-memory-auto-block1-3-R.txt,TestSharingMemory,True,0,0,0,0,4096,0,,,,,
0,317072,1024000,913,9248768,87366,0,24096,runtime_released,22675456,"429803 5536 3075 1735 0 33544 0
",48408384,R,memory-auto,final-memory-auto-block1-3-R.txt,TestSharingMemory,True,0,0,0,0,4096,0,,,,,
0,474176,1187840,2019,9388032,93156,0,24096,initial,22638592,,48809984,R,memory-auto,final-memory-auto-block1-3-R.txt,TestSharingMappedMemory,,,,,,,,1032,0,0,,
0,470584,1171456,2009,7643136,99039,0,24096,compile_release_270,24518656,,58048368,R,memory-auto,final-memory-auto-block1-3-R.txt,TestSharingMappedMemory,,,,,,,,1032,0,0,,
134972,551784,1286144,2132,9420800,99920,36,24096,retained_0,23003136,,59294288,R,memory-auto,final-memory-auto-block1-3-R.txt,TestSharingMappedMemory,,,,,,,,1032,606208,262144,,
0,476376,1196032,2026,9420800,100021,0,24096,released_0,22745088,,59304520,R,memory-auto,final-memory-auto-block1-3-R.txt,TestSharingMappedMemory,,,,,,,,1032,0,0,,
134972,551768,1286144,2131,9388032,100883,36,24096,retained_1,23052288,,60543624,R,memory-auto,final-memory-auto-block1-3-R.txt,TestSharingMappedMemory,,,,,,,,1032,606208,262144,,
0,476376,1196032,2026,9388032,100984,0,24096,released_1,22736896,,60553856,R,memory-auto,final-memory-auto-block1-3-R.txt,TestSharingMappedMemory,,,,,,,,1032,0,0,,
134972,551784,1286144,2132,9347072,101858,36,24096,retained_2,23064576,,61795640,R,memory-auto,final-memory-auto-block1-3-R.txt,TestSharingMappedMemory,,,,,,,,1032,606208,262144,,
0,476376,1196032,2026,9338880,101959,0,24096,released_2,22814720,,61805872,R,memory-auto,final-memory-auto-block1-3-R.txt,TestSharingMappedMemory,,,,,,,,1032,0,0,,
0,278240,966656,750,2433024,5503,0,15620,initial,16236544,"411026 3964 2191 1735 0 29071 0
",493784,R,memory-auto,final-memory-auto-block1-6-R.txt,TestSharingMemory,True,0,0,0,0,4096,0,,,,,
0,608304,1572864,1066,3596288,63494,0,24572,compile_release_270,24199168,"448236 5908 3064 1735 0 34601 0
",34797368,R,memory-auto,final-memory-auto-block1-6-R.txt,TestSharingMemory,True,0,0,0,0,4096,0,,,,,
134972,1533696,2482176,1813,2818048,71156,36,24572,retained_0,24821760,"448236 6060 3064 1735 0 34601 0
",39348848,R,memory-auto,final-memory-auto-block1-6-R.txt,TestSharingMemory,True,0,0,0,0,4096,0,,,,,
0,1529936,2457600,1781,3735552,71396,0,24572,released_0,24084480,"448236 5880 3064 1735 0 34601 0
",39364472,R,memory-auto,final-memory-auto-block1-6-R.txt,TestSharingMemory,True,0,0,0,0,4096,0,,,,,
134972,1534384,2457600,1822,2588672,79062,36,24572,retained_1,25182208,"448236 6148 3080 1735 0 34601 0
",43928784,R,memory-auto,final-memory-auto-block1-6-R.txt,TestSharingMemory,True,0,0,0,0,4096,0,,,,,
0,1530432,2424832,1788,3506176,79305,0,24572,released_1,24379392,"448236 5952 3080 1735 0 34601 0
",43945672,R,memory-auto,final-memory-auto-block1-6-R.txt,TestSharingMemory,True,0,0,0,0,4096,0,,,,,
134972,1533344,2514944,1814,3203072,86991,36,24572,retained_2,24637440,"448236 6015 3080 1735 0 34601 0
",48446944,R,memory-auto,final-memory-auto-block1-6-R.txt,TestSharingMemory,True,0,0,0,0,4096,0,,,,,
0,1530512,2506752,1787,4579328,87235,0,24572,released_2,23339008,"448236 5698 3080 1735 0 34601 0
",48463848,R,memory-auto,final-memory-auto-block1-6-R.txt,TestSharingMemory,True,0,0,0,0,4096,0,,,,,
0,320568,1024000,915,5103616,87337,0,24572,runtime_released,22876160,"448236 5585 3095 1735 0 34601 0
",48474960,R,memory-auto,final-memory-auto-block1-6-R.txt,TestSharingMemory,True,0,0,0,0,4096,0,,,,,
0,477672,1204224,2021,4874240,93127,0,24572,initial,23126016,,48876560,R,memory-auto,final-memory-auto-block1-6-R.txt,TestSharingMappedMemory,,,,,,,,1032,0,0,,
0,474080,1171456,2011,3432448,99010,0,24572,compile_release_270,24805376,,58114944,R,memory-auto,final-memory-auto-block1-6-R.txt,TestSharingMappedMemory,,,,,,,,1032,0,0,,
134972,555280,1286144,2134,5267456,99891,36,24572,retained_0,23252992,,59360864,R,memory-auto,final-memory-auto-block1-6-R.txt,TestSharingMappedMemory,,,,,,,,1032,606208,262144,,
0,479872,1196032,2028,5267456,99992,0,24572,released_0,22994944,,59371096,R,memory-auto,final-memory-auto-block1-6-R.txt,TestSharingMappedMemory,,,,,,,,1032,0,0,,
134972,555264,1286144,2133,5201920,100854,36,24572,retained_1,23322624,,60610200,R,memory-auto,final-memory-auto-block1-6-R.txt,TestSharingMappedMemory,,,,,,,,1032,606208,262144,,
0,479872,1196032,2028,5201920,100955,0,24572,released_1,23060480,,60620432,R,memory-auto,final-memory-auto-block1-6-R.txt,TestSharingMappedMemory,,,,,,,,1032,0,0,,
134972,555280,1286144,2134,5275648,101829,36,24572,retained_2,23228416,,61862216,R,memory-auto,final-memory-auto-block1-6-R.txt,TestSharingMappedMemory,,,,,,,,1032,606208,262144,,
0,479872,1196032,2028,5267456,101930,0,24572,released_2,22982656,,61872448,R,memory-auto,final-memory-auto-block1-6-R.txt,TestSharingMappedMemory,,,,,,,,1032,0,0,,
0,278560,811008,752,6848512,5505,0,15592,initial,16379904,"411106 3999 2219 1735 0 30175 0
",494104,R,memory-auto,final-memory-auto-block2-3-R.txt,TestSharingMemory,True,0,0,0,0,4096,0,,,,,
0,453352,1236992,961,7553024,63517,0,24212,compile_release_270,24330240,"429675 5940 3078 1735 0 33416 0
",34653760,R,memory-auto,final-memory-auto-block2-3-R.txt,TestSharingMemory,True,0,0,0,0,4096,0,,,,,
134972,1527064,2457600,1813,6774784,71188,36,24212,retained_0,24920064,"429675 6084 3078 1735 0 33416 0
",39188024,R,memory-auto,final-memory-auto-block2-3-R.txt,TestSharingMemory,True,0,0,0,0,4096,0,,,,,
0,1523800,2408448,1779,7757824,71430,0,24212,released_0,24133632,"429675 5892 3078 1735 0 33416 0
",39204736,R,memory-auto,final-memory-auto-block2-3-R.txt,TestSharingMemory,True,0,0,0,0,4096,0,,,,,
134972,1526600,2342912,1804,7487488,79056,36,24212,retained_1,24383488,"429739 5953 3093 1735 0 33480 0
",43823648,R,memory-auto,final-memory-auto-block2-3-R.txt,TestSharingMemory,True,0,0,0,0,4096,0,,,,,
0,1523752,2318336,1776,9265152,79299,0,24212,released_1,22687744,"429739 5539 3093 1735 0 33480 0
",43840536,R,memory-auto,final-memory-auto-block2-3-R.txt,TestSharingMemory,True,0,0,0,0,4096,0,,,,,
134972,1528232,2433024,1809,7397376,86967,36,24212,retained_2,24379392,"429739 5952 3093 1735 0 33480 0
",48394288,R,memory-auto,final-memory-auto-block2-3-R.txt,TestSharingMemory,True,0,0,0,0,4096,0,,,,,
0,1525192,2408448,1779,8577024,87210,0,24212,released_2,23306240,"429739 5690 3093 1735 0 33480 0
",48411176,R,memory-auto,final-memory-auto-block2-3-R.txt,TestSharingMemory,True,0,0,0,0,4096,0,,,,,
0,315232,892928,906,9363456,87312,0,24212,runtime_released,22593536,"429739 5516 3108 1735 0 33480 0
",48422288,R,memory-auto,final-memory-auto-block2-3-R.txt,TestSharingMemory,True,0,0,0,0,4096,0,,,,,
0,472336,1073152,2012,9437184,93102,0,24212,initial,22654976,,48823888,R,memory-auto,final-memory-auto-block2-3-R.txt,TestSharingMappedMemory,,,,,,,,1032,0,0,,
0,468744,1048576,2002,7806976,98985,0,24212,compile_release_270,24391680,,58062272,R,memory-auto,final-memory-auto-block2-3-R.txt,TestSharingMappedMemory,,,,,,,,1032,0,0,,
134972,549944,1163264,2125,9568256,99866,36,24212,retained_0,22994944,,59308192,R,memory-auto,final-memory-auto-block2-3-R.txt,TestSharingMappedMemory,,,,,,,,1032,606208,262144,,
0,474536,1073152,2019,9568256,99967,0,24212,released_0,22736896,,59318424,R,memory-auto,final-memory-auto-block2-3-R.txt,TestSharingMappedMemory,,,,,,,,1032,0,0,,
134972,549944,1163264,2125,9691136,100841,36,24212,retained_1,22843392,,60560208,R,memory-auto,final-memory-auto-block2-3-R.txt,TestSharingMappedMemory,,,,,,,,1032,606208,262144,,
0,474536,1073152,2019,9691136,100942,0,24212,released_1,22585344,,60570440,R,memory-auto,final-memory-auto-block2-3-R.txt,TestSharingMappedMemory,,,,,,,,1032,0,0,,
134972,549928,1163264,2124,9699328,101804,36,24212,retained_2,22839296,,61809544,R,memory-auto,final-memory-auto-block2-3-R.txt,TestSharingMappedMemory,,,,,,,,1032,606208,262144,,
0,474536,1073152,2019,9699328,101905,0,24212,released_2,22577152,,61819776,R,memory-auto,final-memory-auto-block2-3-R.txt,TestSharingMappedMemory,,,,,,,,1032,0,0,,
0,278400,933888,751,6660096,5504,0,17808,initial,18354176,"411106 4481 2195 1735 0 30175 0
",493944,R,memory-auto,final-memory-auto-block2-6-R.txt,TestSharingMemory,True,0,0,0,0,4096,0,,,,,
0,449192,1236992,951,3186688,63566,0,24180,compile_release_270,24100864,"429739 5884 3039 1735 0 32456 0
",34620224,R,memory-auto,final-memory-auto-block2-6-R.txt,TestSharingMemory,True,0,0,0,0,4096,0,,,,,
134972,1521688,2400256,1795,3686400,71248,36,24180,retained_0,23629824,"429739 5769 3039 1735 0 32456 0
",39121328,R,memory-auto,final-memory-auto-block2-6-R.txt,TestSharingMemory,True,0,0,0,0,4096,0,,,,,
0,1518840,2383872,1767,4734976,71491,0,24180,released_0,22671360,"429739 5535 3039 1735 0 32456 0
",39138216,R,memory-auto,final-memory-auto-block2-6-R.txt,TestSharingMemory,True,0,0,0,0,4096,0,,,,,
134972,1522824,2449408,1801,3293184,79151,36,24180,retained_1,24088576,"429739 5881 3052 1735 0 32456 0
",43675560,R,memory-auto,final-memory-auto-block2-6-R.txt,TestSharingMemory,True,0,0,0,0,4096,0,,,,,
0,1519048,2433024,1768,3555328,79394,0,24180,released_1,23855104,"429739 5824 3052 1735 0 32456 0
",43692448,R,memory-auto,final-memory-auto-block2-6-R.txt,TestSharingMemory,True,0,0,0,0,4096,0,,,,,
134972,1521912,2441216,1797,2908160,87038,36,24180,retained_2,24367104,"429739 5949 3052 1735 0 32456 0
",48314176,R,memory-auto,final-memory-auto-block2-6-R.txt,TestSharingMemory,True,0,0,0,0,4096,0,,,,,
0,1519064,2424832,1769,3497984,87281,0,24180,released_2,23937024,"429739 5844 3052 1735 0 32456 0
",48331064,R,memory-auto,final-memory-auto-block2-6-R.txt,TestSharingMemory,True,0,0,0,0,4096,0,,,,,
0,309120,983040,897,5136384,87383,0,24180,runtime_released,22478848,"429739 5488 3083 1735 0 32456 0
",48342176,R,memory-auto,final-memory-auto-block2-6-R.txt,TestSharingMemory,True,0,0,0,0,4096,0,,,,,
0,466224,1155072,2003,5160960,93173,0,24180,initial,22556672,,48743776,R,memory-auto,final-memory-auto-block2-6-R.txt,TestSharingMappedMemory,,,,,,,,1032,0,0,,
0,462632,1138688,1993,3178496,99067,0,24180,compile_release_270,24702976,,57984520,R,memory-auto,final-memory-auto-block2-6-R.txt,TestSharingMappedMemory,,,,,,,,1032,0,0,,
134972,543832,1253376,2116,5087232,99948,36,24224,retained_0,23076864,,59230440,R,memory-auto,final-memory-auto-block2-6-R.txt,TestSharingMappedMemory,,,,,,,,1032,606208,262144,,
0,468424,1163264,2010,5218304,100049,0,24224,released_0,22687744,,59240672,R,memory-auto,final-memory-auto-block2-6-R.txt,TestSharingMappedMemory,,,,,,,,1032,0,0,,
134972,543832,1253376,2116,5398528,100923,36,24224,retained_1,22781952,,60482456,R,memory-auto,final-memory-auto-block2-6-R.txt,TestSharingMappedMemory,,,,,,,,1032,606208,262144,,
0,468440,1163264,2011,5398528,101012,0,24224,released_1,22519808,,60490008,R,memory-auto,final-memory-auto-block2-6-R.txt,TestSharingMappedMemory,,,,,,,,1032,0,0,,
134972,543832,1253376,2116,5414912,101886,36,24224,retained_2,22761472,,61731792,R,memory-auto,final-memory-auto-block2-6-R.txt,TestSharingMappedMemory,,,,,,,,1032,606208,262144,,
0,468424,1163264,2010,5414912,101987,0,24224,released_2,22499328,,61742024,R,memory-auto,final-memory-auto-block2-6-R.txt,TestSharingMappedMemory,,,,,,,,1032,0,0,,
0,278080,966656,749,6627328,5502,0,15420,initial,16240640,"411026 3965 2195 1735 0 30095 0
",493624,R,memory-auto,final-memory-auto-block3-3-R.txt,TestSharingMemory,True,0,0,0,0,4096,0,,,,,
0,439848,1253376,930,7536640,63473,0,24228,compile_release_270,24403968,"429739 5958 3039 1735 0 33480 0
",34604248,R,memory-auto,final-memory-auto-block3-3-R.txt,TestSharingMemory,True,0,0,0,0,4096,0,,,,,
134972,1515928,2465792,1785,7774208,71135,36,24228,retained_0,24223744,"429739 5914 3055 1735 0 33480 0
",39144672,R,memory-auto,final-memory-auto-block3-3-R.txt,TestSharingMemory,True,0,0,0,0,4096,0,,,,,
0,1512840,2449408,1752,8232960,71377,0,24228,released_0,23674880,"429739 5780 3055 1735 0 33480 0
",39161384,R,memory-auto,final-memory-auto-block3-3-R.txt,TestSharingMemory,True,0,0,0,0,4096,0,,,,,
134972,1520760,2416640,1790,7667712,79038,36,24228,retained_1,24227840,"429739 5915 3055 1735 0 33480 0
",43749528,R,memory-auto,final-memory-auto-block3-3-R.txt,TestSharingMemory,True,0,0,0,0,4096,0,,,,,
0,1517912,2408448,1762,8650752,79280,0,24228,released_1,23302144,"429739 5689 3055 1735 0 33480 0
",43766240,R,memory-auto,final-memory-auto-block3-3-R.txt,TestSharingMemory,True,0,0,0,0,4096,0,,,,,
134972,1520744,2449408,1789,7757824,86923,36,24228,retained_2,24109056,"429739 5886 3055 1735 0 33480 0
",48407272,R,memory-auto,final-memory-auto-block3-3-R.txt,TestSharingMemory,True,0,0,0,0,4096,0,,,,,
0,1517896,2441216,1761,8806400,87165,0,24228,released_2,23216128,"429739 5668 3055 1735 0 33480 0
",48423984,R,memory-auto,final-memory-auto-block3-3-R.txt,TestSharingMemory,True,0,0,0,0,4096,0,,,,,
0,308000,1015808,892,9388032,87267,0,24228,runtime_released,22712320,"429739 5545 3070 1735 0 33480 0
",48435096,R,memory-auto,final-memory-auto-block3-3-R.txt,TestSharingMemory,True,0,0,0,0,4096,0,,,,,
0,465104,1187840,1998,9281536,93057,0,24228,initial,22908928,,48836696,R,memory-auto,final-memory-auto-block3-3-R.txt,TestSharingMappedMemory,,,,,,,,1032,0,0,,
0,461512,1155072,1988,7659520,98951,0,24228,compile_release_270,24678400,,58077440,R,memory-auto,final-memory-auto-block3-3-R.txt,TestSharingMappedMemory,,,,,,,,1032,0,0,,
134972,548288,1269760,2118,9502720,99839,36,24228,retained_0,23166976,,59328936,R,memory-auto,final-memory-auto-block3-3-R.txt,TestSharingMappedMemory,,,,,,,,1032,606208,262144,,
0,472880,1179648,2012,9469952,99940,0,24228,released_0,22937600,,59339168,R,memory-auto,final-memory-auto-block3-3-R.txt,TestSharingMappedMemory,,,,,,,,1032,0,0,,
134972,548288,1269760,2118,9568256,100814,36,24228,retained_1,23093248,,60580952,R,memory-auto,final-memory-auto-block3-3-R.txt,TestSharingMappedMemory,,,,,,,,1032,606208,262144,,
0,472896,1179648,2013,9527296,100903,0,24228,released_1,22872064,,60588504,R,memory-auto,final-memory-auto-block3-3-R.txt,TestSharingMappedMemory,,,,,,,,1032,0,0,,
134972,548288,1269760,2118,9568256,101777,36,24228,retained_2,23080960,,61830288,R,memory-auto,final-memory-auto-block3-3-R.txt,TestSharingMappedMemory,,,,,,,,1032,606208,262144,,
0,472896,1179648,2013,9568256,101866,0,24228,released_2,22822912,,61837840,R,memory-auto,final-memory-auto-block3-3-R.txt,TestSharingMappedMemory,,,,,,,,1032,0,0,,
0,278560,811008,752,2654208,5505,0,15760,initial,16437248,"411106 4013 2233 1735 0 29151 0
",494104,R,memory-auto,final-memory-auto-block3-6-R.txt,TestSharingMemory,True,0,0,0,0,4096,0,,,,,
0,571160,1327104,977,3776512,63597,0,23984,compile_release_270,23920640,"429675 5840 3026 1735 0 32392 0
",34466920,R,memory-auto,final-memory-auto-block3-6-R.txt,TestSharingMemory,True,0,0,0,0,4096,0,,,,,
134972,1523032,2383872,1798,3358720,71265,36,23984,retained_0,24322048,"429675 5938 3042 1735 0 32392 0
",39000520,R,memory-auto,final-memory-auto-block3-6-R.txt,TestSharingMemory,True,0,0,0,0,4096,0,,,,,
0,1520184,2359296,1770,4521984,71507,0,23984,released_0,23248896,"429675 5676 3042 1735 0 32392 0
",39017232,R,memory-auto,final-memory-auto-block3-6-R.txt,TestSharingMemory,True,0,0,0,0,4096,0,,,,,
134972,1523000,2351104,1796,3612672,79146,36,23984,retained_1,24190976,"429675 5906 3058 1735 0 32392 0
",43593008,R,memory-auto,final-memory-auto-block3-6-R.txt,TestSharingMemory,True,0,0,0,0,4096,0,,,,,
0,1525728,2334720,1775,5185536,79396,0,23984,released_1,22708224,"448108 5544 3058 1735 0 34473 0
",43615472,R,memory-auto,final-memory-auto-block3-6-R.txt,TestSharingMemory,True,0,0,0,0,4096,0,,,,,
134972,1528592,2392064,1804,3284992,87034,36,23984,retained_2,24571904,"448108 5999 3058 1735 0 34473 0
",48230480,R,memory-auto,final-memory-auto-block3-6-R.txt,TestSharingMemory,True,0,0,0,0,4096,0,,,,,
0,1525744,2383872,1776,4513792,87277,0,23984,released_2,23379968,"448108 5708 3058 1735 0 34473 0
",48247368,R,memory-auto,final-memory-auto-block3-6-R.txt,TestSharingMemory,True,0,0,0,0,4096,0,,,,,
0,315800,917504,904,5275648,87379,0,23984,runtime_released,22687744,"448108 5539 3073 1735 0 34473 0
",48258480,R,memory-auto,final-memory-auto-block3-6-R.txt,TestSharingMemory,True,0,0,0,0,4096,0,,,,,
0,472904,1097728,2010,5021696,93169,0,23984,initial,22986752,,48660080,R,memory-auto,final-memory-auto-block3-6-R.txt,TestSharingMappedMemory,,,,,,,,1032,0,0,,
0,469312,1073152,2000,3424256,99063,0,24052,compile_release_270,24788992,,57900824,R,memory-auto,final-memory-auto-block3-6-R.txt,TestSharingMappedMemory,,,,,,,,1032,0,0,,
134972,550512,1187840,2123,4866048,99944,36,24308,retained_0,23367680,,59146744,R,memory-auto,final-memory-auto-block3-6-R.txt,TestSharingMappedMemory,,,,,,,,1032,606208,262144,,
0,475120,1097728,2018,5136384,100033,0,24308,released_0,23097344,,59154296,R,memory-auto,final-memory-auto-block3-6-R.txt,TestSharingMappedMemory,,,,,,,,1032,0,0,,
134972,550512,1187840,2123,5455872,100907,36,24308,retained_1,23019520,,60396080,R,memory-auto,final-memory-auto-block3-6-R.txt,TestSharingMappedMemory,,,,,,,,1032,606208,262144,,
0,475120,1097728,2018,5455872,100996,0,24308,released_1,22884352,,60403632,R,memory-auto,final-memory-auto-block3-6-R.txt,TestSharingMappedMemory,,,,,,,,1032,0,0,,
134972,550512,1187840,2123,5455872,101858,36,24308,retained_2,23134208,,61642736,R,memory-auto,final-memory-auto-block3-6-R.txt,TestSharingMappedMemory,,,,,,,,1032,606208,262144,,
0,475120,1097728,2018,5447680,101947,0,24308,released_2,22884352,,61650288,R,memory-auto,final-memory-auto-block3-6-R.txt,TestSharingMappedMemory,,,,,,,,1032,0,0,,
0,278240,811008,750,2654208,5503,0,15796,initial,16388096,"411026 4001 2223 1735 0 29071 0
",493784,P,memory-auto,final-memory-auto-block1-4-P.txt,TestSharingMemory,True,0,0,0,0,4096,0,,,,,
0,593368,1433600,1040,3923968,63489,0,22452,compile_release_270,22085632,"429803 5392 3100 1735 0 32520 0
",30626544,P,memory-auto,final-memory-auto-block1-4-P.txt,TestSharingMemory,True,0,0,0,0,4096,0,,,,,
134972,1518152,2457600,1792,3244032,71173,36,22452,retained_0,22630400,"429803 5525 3100 1735 0 32520 0
",34601800,P,memory-auto,final-memory-auto-block1-4-P.txt,TestSharingMemory,True,0,0,0,0,4096,0,,,,,
0,1515400,2433024,1764,4423680,71418,0,22452,released_0,21553152,"429803 5262 3100 1735 0 32520 0
",34618816,P,memory-auto,final-memory-auto-block1-4-P.txt,TestSharingMemory,True,0,0,0,0,4096,0,,,,,
134972,1519256,2351104,1796,2908160,79098,36,22452,retained_1,23011328,"429803 5618 3100 1735 0 32520 0
",38577408,P,memory-auto,final-memory-auto-block1-4-P.txt,TestSharingMemory,True,0,0,0,0,4096,0,,,,,
0,1515592,2310144,1764,4087808,79339,0,22452,released_1,21893120,"429803 5345 3100 1735 0 32520 0
",38593144,P,memory-auto,final-memory-auto-block1-4-P.txt,TestSharingMemory,True,0,0,0,0,4096,0,,,,,
134972,1523128,2392064,1804,3178496,86993,36,22452,retained_2,22659072,"429803 5532 3100 1735 0 32520 0
",42639352,P,memory-auto,final-memory-auto-block1-4-P.txt,TestSharingMemory,True,0,0,0,0,4096,0,,,,,
0,1519976,2367488,1771,4030464,87236,0,22452,released_2,21962752,"429803 5362 3100 1735 0 32520 0
",42656176,P,memory-auto,final-memory-auto-block1-4-P.txt,TestSharingMemory,True,0,0,0,0,4096,0,,,,,
0,310048,892928,900,5275648,87338,0,22452,runtime_released,20828160,"429803 5085 3116 1735 0 32520 0
",42667288,P,memory-auto,final-memory-auto-block1-4-P.txt,TestSharingMemory,True,0,0,0,0,4096,0,,,,,
0,467152,1073152,2006,5169152,93128,0,22452,initial,21012480,,43068888,P,memory-auto,final-memory-auto-block1-4-P.txt,TestSharingMappedMemory,,,,,,,,1032,0,0,,
0,463560,1048576,1996,3555328,99022,0,22452,compile_release_270,22745088,,48245952,P,memory-auto,final-memory-auto-block1-4-P.txt,TestSharingMappedMemory,,,,,,,,1032,0,0,,
134972,544760,1163264,2119,4104192,99903,36,22452,retained_0,22487040,,48950048,P,memory-auto,final-memory-auto-block1-4-P.txt,TestSharingMappedMemory,,,,,,,,1032,606208,262144,,
0,469352,1073152,2013,5939200,100004,0,22452,released_0,20430848,,48960280,P,memory-auto,final-memory-auto-block1-4-P.txt,TestSharingMappedMemory,,,,,,,,1032,0,0,,
134972,544744,1163264,2118,6062080,100866,36,22452,retained_1,20561920,,49657560,P,memory-auto,final-memory-auto-block1-4-P.txt,TestSharingMappedMemory,,,,,,,,1032,606208,262144,,
0,469352,1073152,2013,6029312,100967,0,22452,released_1,20332544,,49667792,P,memory-auto,final-memory-auto-block1-4-P.txt,TestSharingMappedMemory,,,,,,,,1032,0,0,,
134972,544760,1163264,2119,6062080,101841,36,22452,retained_2,20549632,,50367752,P,memory-auto,final-memory-auto-block1-4-P.txt,TestSharingMappedMemory,,,,,,,,1032,606208,262144,,
0,469368,1073152,2014,6053888,101930,0,22452,released_2,20299776,,50375304,P,memory-auto,final-memory-auto-block1-4-P.txt,TestSharingMappedMemory,,,,,,,,1032,0,0,,
0,278400,811008,751,6815744,5504,0,15672,initial,16515072,"411106 4032 2250 1735 0 30175 0
",493944,P,memory-auto,final-memory-auto-block1-5-P.txt,TestSharingMemory,True,0,0,0,0,4096,0,,,,,
0,452256,1236992,952,3645440,63539,0,22064,compile_release_270,21958656,"448236 5361 3079 1735 0 34601 0
",30512488,P,memory-auto,final-memory-auto-block1-5-P.txt,TestSharingMemory,True,0,0,0,0,4096,0,,,,,
134972,1530368,2359296,1812,3260416,71203,36,22064,retained_0,22327296,"448236 5451 3079 1735 0 34601 0
",34546032,P,memory-auto,final-memory-auto-block1-5-P.txt,TestSharingMemory,True,0,0,0,0,4096,0,,,,,
0,1527296,2334720,1780,4636672,71446,0,22064,released_0,21118976,"448236 5156 3111 1735 0 34601 0
",34562920,P,memory-auto,final-memory-auto-block1-5-P.txt,TestSharingMemory,True,0,0,0,0,4096,0,,,,,
134972,1533280,2547712,1818,2580480,79125,36,22064,retained_1,22867968,"448236 5583 3111 1735 0 34601 0
",38557288,P,memory-auto,final-memory-auto-block1-5-P.txt,TestSharingMemory,True,0,0,0,0,4096,0,,,,,
0,1530448,2523136,1791,4349952,79369,0,22064,released_1,21393408,"448236 5223 3111 1735 0 34601 0
",38574192,P,memory-auto,final-memory-auto-block1-5-P.txt,TestSharingMemory,True,0,0,0,0,4096,0,,,,,
134972,1533280,2433024,1818,3481600,87018,36,22064,retained_2,22130688,"448236 5403 3111 1735 0 34601 0
",42581664,P,memory-auto,final-memory-auto-block1-5-P.txt,TestSharingMemory,True,0,0,0,0,4096,0,,,,,
0,1530432,2400256,1790,4923392,87261,0,22064,released_2,20860928,"448236 5093 3111 1735 0 34601 0
",42598552,P,memory-auto,final-memory-auto-block1-5-P.txt,TestSharingMemory,True,0,0,0,0,4096,0,,,,,
0,320472,917504,917,5185536,87349,0,22064,runtime_released,20729856,"448236 5061 3143 1735 0 34601 0
",42606840,P,memory-auto,final-memory-auto-block1-5-P.txt,TestSharingMemory,True,0,0,0,0,4096,0,,,,,
0,477576,1097728,2023,5038080,93139,0,22064,initial,20959232,,43008440,P,memory-auto,final-memory-auto-block1-5-P.txt,TestSharingMappedMemory,,,,,,,,1032,0,0,,
0,473984,1081344,2013,3448832,99033,0,22064,compile_release_270,22667264,,48185504,P,memory-auto,final-memory-auto-block1-5-P.txt,TestSharingMappedMemory,,,,,,,,1032,0,0,,
134972,555184,1196032,2136,3825664,99914,36,22192,retained_0,22577152,,48889600,P,memory-auto,final-memory-auto-block1-5-P.txt,TestSharingMappedMemory,,,,,,,,1032,606208,262144,,
0,479792,1105920,2031,5922816,100003,0,22192,released_0,20254720,,48897152,P,memory-auto,final-memory-auto-block1-5-P.txt,TestSharingMappedMemory,,,,,,,,1032,0,0,,
134972,555184,1196032,2136,5668864,100877,36,22192,retained_1,20725760,,49597112,P,memory-auto,final-memory-auto-block1-5-P.txt,TestSharingMappedMemory,,,,,,,,1032,606208,262144,,
0,479776,1105920,2030,5857280,100978,0,22192,released_1,20287488,,49607344,P,memory-auto,final-memory-auto-block1-5-P.txt,TestSharingMappedMemory,,,,,,,,1032,0,0,,
134972,555184,1196032,2136,5840896,101852,36,22192,retained_2,20594688,,50307304,P,memory-auto,final-memory-auto-block1-5-P.txt,TestSharingMappedMemory,,,,,,,,1032,606208,262144,,
0,479776,1105920,2030,5808128,101953,0,22192,released_2,20365312,,50317536,P,memory-auto,final-memory-auto-block1-5-P.txt,TestSharingMappedMemory,,,,,,,,1032,0,0,,
0,278240,966656,750,6627328,5503,0,17816,initial,18485248,"413155 4513 2225 1735 0 32223 0
",493784,P,memory-auto,final-memory-auto-block2-4-P.txt,TestSharingMemory,True,0,0,0,0,4096,0,,,,,
0,321816,1040384,932,3899392,63536,0,24504,compile_release_270,24268800,"448236 5925 3180 1735 0 34601 0
",30536600,P,memory-auto,final-memory-auto-block2-4-P.txt,TestSharingMemory,True,0,0,0,0,4096,0,,,,,
134972,1531120,2416640,1809,3743744,71178,36,24504,retained_0,24453120,"448236 5970 3196 1735 0 34601 0
",34590208,P,memory-auto,final-memory-auto-block2-4-P.txt,TestSharingMemory,True,0,0,0,0,4096,0,,,,,
0,1527552,2408448,1779,4464640,71421,0,24504,released_0,23773184,"448236 5804 3196 1735 0 34601 0
",34607096,P,memory-auto,final-memory-auto-block2-4-P.txt,TestSharingMemory,True,0,0,0,0,4096,0,,,,,
134972,1533296,2490368,1814,2981888,79072,36,24504,retained_1,25165824,"448236 6144 3196 1735 0 34601 0
",38651912,P,memory-auto,final-memory-auto-block2-4-P.txt,TestSharingMemory,True,0,0,0,0,4096,0,,,,,
0,1530416,2457600,1784,4620288,79315,0,24504,released_1,23654400,"448236 5775 3196 1735 0 34601 0
",38668800,P,memory-auto,final-memory-auto-block2-4-P.txt,TestSharingMemory,True,0,0,0,0,4096,0,,,,,
134972,1533840,2531328,1820,2908160,86970,36,24596,retained_2,25206784,"448236 6154 3196 1735 0 34601 0
",42665576,P,memory-auto,final-memory-auto-block2-4-P.txt,TestSharingMemory,True,0,0,0,0,4096,0,,,,,
0,1530752,2506752,1787,4087808,87213,0,24596,released_2,24182784,"448236 5904 3196 1735 0 34601 0
",42682464,P,memory-auto,final-memory-auto-block2-4-P.txt,TestSharingMemory,True,0,0,0,0,4096,0,,,,,
0,320840,1040384,917,5070848,87301,0,24596,runtime_released,23285760,"448236 5685 3212 1735 0 34601 0
",42690752,P,memory-auto,final-memory-auto-block2-4-P.txt,TestSharingMemory,True,0,0,0,0,4096,0,,,,,
0,477944,1212416,2023,5038080,93077,0,24596,initial,23429120,,43089528,P,memory-auto,final-memory-auto-block2-4-P.txt,TestSharingMappedMemory,,,,,,,,1032,0,0,,
0,474352,1187840,2013,3325952,98960,0,24596,compile_release_270,25284608,,48264232,P,memory-auto,final-memory-auto-block2-4-P.txt,TestSharingMappedMemory,,,,,,,,1032,0,0,,
134972,555552,1302528,2136,3981312,99841,36,24596,retained_0,24903680,,48968328,P,memory-auto,final-memory-auto-block2-4-P.txt,TestSharingMappedMemory,,,,,,,,1032,606208,262144,,
0,480144,1212416,2030,5750784,99942,0,24596,released_0,22872064,,48978560,P,memory-auto,final-memory-auto-block2-4-P.txt,TestSharingMappedMemory,,,,,,,,1032,0,0,,
134972,555552,1302528,2136,5726208,100816,36,24596,retained_1,23150592,,49678520,P,memory-auto,final-memory-auto-block2-4-P.txt,TestSharingMappedMemory,,,,,,,,1032,606208,262144,,
0,480144,1212416,2030,5718016,100917,0,24596,released_1,22896640,,49688752,P,memory-auto,final-memory-auto-block2-4-P.txt,TestSharingMappedMemory,,,,,,,,1032,0,0,,
134972,555552,1302528,2136,5881856,101791,36,24596,retained_2,22978560,,50388712,P,memory-auto,final-memory-auto-block2-4-P.txt,TestSharingMappedMemory,,,,,,,,1032,606208,262144,,
0,480160,1212416,2031,5840896,101880,0,24596,released_2,22761472,,50396264,P,memory-auto,final-memory-auto-block2-4-P.txt,TestSharingMappedMemory,,,,,,,,1032,0,0,,
0,278560,811008,752,2654208,5505,0,15760,initial,16384000,"411026 4000 2223 1735 0 29071 0
",494104,P,memory-auto,final-memory-auto-block2-5-P.txt,TestSharingMemory,True,0,0,0,0,4096,0,,,,,
0,876376,1703936,1201,3080192,63489,0,24396,compile_release_270,24260608,"429739 5923 3131 1735 0 32456 0
",30745328,P,memory-auto,final-memory-auto-block2-5-P.txt,TestSharingMemory,True,0,0,0,0,4096,0,,,,,
134972,1529848,2375680,1809,2654208,71121,36,24396,retained_0,24670208,"429739 6023 3131 1735 0 32456 0
",34793088,P,memory-auto,final-memory-auto-block2-5-P.txt,TestSharingMemory,True,0,0,0,0,4096,0,,,,,
0,1526088,2342912,1777,3375104,71363,0,24396,released_0,24158208,"429739 5898 3131 1735 0 32456 0
",34809800,P,memory-auto,final-memory-auto-block2-5-P.txt,TestSharingMemory,True,0,0,0,0,4096,0,,,,,
134972,1531368,2383872,1819,3325952,79020,36,24396,retained_1,24080384,"429739 5879 3131 1735 0 32456 0
",38800128,P,memory-auto,final-memory-auto-block2-5-P.txt,TestSharingMemory,True,0,0,0,0,4096,0,,,,,
0,1528296,2367488,1787,4112384,79262,0,24396,released_1,23449600,"429739 5725 3131 1735 0 32456 0
",38816840,P,memory-auto,final-memory-auto-block2-5-P.txt,TestSharingMemory,True,0,0,0,0,4096,0,,,,,
134972,1532504,2473984,1823,2433024,86921,36,24396,retained_2,24633344,"429739 6014 3131 1735 0 32456 0
",42826552,P,memory-auto,final-memory-auto-block2-5-P.txt,TestSharingMemory,True,0,0,0,0,4096,0,,,,,
0,1528744,2441216,1791,4005888,87164,0,24396,released_2,23412736,"429739 5716 3131 1735 0 32456 0
",42843440,P,memory-auto,final-memory-auto-block2-5-P.txt,TestSharingMemory,True,0,0,0,0,4096,0,,,,,
0,318768,901120,917,5120000,87252,0,24396,runtime_released,22482944,"429739 5489 3163 1735 0 32456 0
",42851728,P,memory-auto,final-memory-auto-block2-5-P.txt,TestSharingMemory,True,0,0,0,0,4096,0,,,,,
0,475872,1081344,2023,5029888,93028,0,24396,initial,22663168,,43250504,P,memory-auto,final-memory-auto-block2-5-P.txt,TestSharingMappedMemory,,,,,,,,1032,0,0,,
0,472280,1056768,2013,3424256,98922,0,24396,compile_release_270,24453120,,48427568,P,memory-auto,final-memory-auto-block2-5-P.txt,TestSharingMappedMemory,,,,,,,,1032,0,0,,
134972,553480,1171456,2136,3874816,99803,36,24396,retained_0,24281088,,49131664,P,memory-auto,final-memory-auto-block2-5-P.txt,TestSharingMappedMemory,,,,,,,,1032,606208,262144,,
0,478088,1081344,2031,5447680,99892,0,24396,released_0,22429696,,49139216,P,memory-auto,final-memory-auto-block2-5-P.txt,TestSharingMappedMemory,,,,,,,,1032,0,0,,
134972,553480,1171456,2136,5767168,100754,36,24396,retained_1,22405120,,49836496,P,memory-auto,final-memory-auto-block2-5-P.txt,TestSharingMappedMemory,,,,,,,,1032,606208,262144,,
0,478072,1081344,2030,5767168,100855,0,24396,released_1,22147072,,49846728,P,memory-auto,final-memory-auto-block2-5-P.txt,TestSharingMappedMemory,,,,,,,,1032,0,0,,
134972,553480,1171456,2136,6021120,101729,36,24396,retained_2,22159360,,50546688,P,memory-auto,final-memory-auto-block2-5-P.txt,TestSharingMappedMemory,,,,,,,,1032,606208,262144,,
0,478072,1081344,2030,6021120,101830,0,24396,released_2,21901312,,50556920,P,memory-auto,final-memory-auto-block2-5-P.txt,TestSharingMappedMemory,,,,,,,,1032,0,0,,
0,278400,933888,751,2465792,5504,0,15764,initial,16486400,"411090 4025 2253 1735 0 29135 0
",493944,P,memory-auto,final-memory-auto-block3-4-P.txt,TestSharingMemory,True,0,0,0,0,4096,0,,,,,
0,567992,1466368,972,3342336,63508,0,24196,compile_release_270,24215552,"429739 5912 3130 1735 0 32456 0
",30612288,P,memory-auto,final-memory-auto-block3-4-P.txt,TestSharingMemory,True,0,0,0,0,4096,0,,,,,
134972,1530552,2539520,1812,3358720,71199,36,24196,retained_0,24211456,"429739 5911 3130 1735 0 32456 0
",34581352,P,memory-auto,final-memory-auto-block3-4-P.txt,TestSharingMemory,True,0,0,0,0,4096,0,,,,,
0,1527512,2523136,1782,4931584,71442,0,24196,released_0,22728704,"429739 5549 3130 1735 0 32456 0
",34598240,P,memory-auto,final-memory-auto-block3-4-P.txt,TestSharingMemory,True,0,0,0,0,4096,0,,,,,
134972,1532344,2547712,1817,2564096,79101,36,24196,retained_1,24772608,"429739 6048 3130 1735 0 32456 0
",38608736,P,memory-auto,final-memory-auto-block3-4-P.txt,TestSharingMemory,True,0,0,0,0,4096,0,,,,,
0,1528584,2498560,1785,4169728,79344,0,24196,released_1,23351296,"429739 5701 3130 1735 0 32456 0
",38625624,P,memory-auto,final-memory-auto-block3-4-P.txt,TestSharingMemory,True,0,0,0,0,4096,0,,,,,
134972,1534776,2539520,1826,3260416,87015,36,24196,retained_2,24174592,"429739 5902 3130 1735 0 32456 0
",42605432,P,memory-auto,final-memory-auto-block3-4-P.txt,TestSharingMemory,True,0,0,0,0,4096,0,,,,,
0,1531704,2523136,1794,3915776,87257,0,24196,released_2,23674880,"429739 5780 3130 1735 0 32456 0
",42622144,P,memory-auto,final-memory-auto-block3-4-P.txt,TestSharingMemory,True,0,0,0,0,4096,0,,,,,
0,321760,1015808,922,5095424,87359,0,24196,runtime_released,22679552,"429739 5537 3162 1735 0 32456 0
",42633256,P,memory-auto,final-memory-auto-block3-4-P.txt,TestSharingMemory,True,0,0,0,0,4096,0,,,,,
0,478864,1196032,2028,5013504,93149,0,24196,initial,22851584,,43034856,P,memory-auto,final-memory-auto-block3-4-P.txt,TestSharingMappedMemory,,,,,,,,1032,0,0,,
0,475272,1179648,2018,2834432,99032,0,24528,compile_release_270,25214976,,48209560,P,memory-auto,final-memory-auto-block3-4-P.txt,TestSharingMappedMemory,,,,,,,,1032,0,0,,
134972,556472,1294336,2141,3751936,99913,36,24784,retained_0,24563712,,48913656,P,memory-auto,final-memory-auto-block3-4-P.txt,TestSharingMappedMemory,,,,,,,,1032,606208,262144,,
0,481064,1204224,2035,5849088,100014,0,24784,released_0,22241280,,48923888,P,memory-auto,final-memory-auto-block3-4-P.txt,TestSharingMappedMemory,,,,,,,,1032,0,0,,
134972,556456,1294336,2140,5914624,100876,36,24784,retained_1,22441984,,49621168,P,memory-auto,final-memory-auto-block3-4-P.txt,TestSharingMappedMemory,,,,,,,,1032,606208,262144,,
0,481064,1204224,2035,5881856,100977,0,24784,released_1,22212608,,49631400,P,memory-auto,final-memory-auto-block3-4-P.txt,TestSharingMappedMemory,,,,,,,,1032,0,0,,
134972,556456,1294336,2140,5939200,101839,36,24784,retained_2,22437888,,50328680,P,memory-auto,final-memory-auto-block3-4-P.txt,TestSharingMappedMemory,,,,,,,,1032,606208,262144,,
0,481064,1204224,2035,5906432,101928,0,24784,released_2,22077440,,50336232,P,memory-auto,final-memory-auto-block3-4-P.txt,TestSharingMappedMemory,,,,,,,,1032,0,0,,
0,278400,811008,751,2654208,5504,0,15716,initial,16384000,"411026 4000 2223 1735 0 29071 0
",493944,P,memory-auto,final-memory-auto-block3-5-P.txt,TestSharingMemory,True,0,0,0,0,4096,0,,,,,
0,623464,1507328,1155,3563520,63501,0,24496,compile_release_270,24457216,"429739 5971 3116 1735 0 32456 0
",30608224,P,memory-auto,final-memory-auto-block3-5-P.txt,TestSharingMemory,True,0,0,0,0,4096,0,,,,,
134972,1532328,2416640,1816,3424256,71126,36,24496,retained_0,24440832,"429739 5967 3116 1735 0 32456 0
",34723880,P,memory-auto,final-memory-auto-block3-5-P.txt,TestSharingMemory,True,0,0,0,0,4096,0,,,,,
0,1529256,2416640,1784,4669440,71368,0,24496,released_0,23343104,"429739 5699 3116 1735 0 32456 0
",34740592,P,memory-auto,final-memory-auto-block3-5-P.txt,TestSharingMemory,True,0,0,0,0,4096,0,,,,,
134972,1534520,2367488,1818,3424256,79032,36,24496,retained_1,24444928,"429739 5968 3116 1735 0 32456 0
",38752592,P,memory-auto,final-memory-auto-block3-5-P.txt,TestSharingMemory,True,0,0,0,0,4096,0,,,,,
0,1531640,2359296,1788,3948544,79275,0,24496,released_1,24068096,"429739 5876 3116 1735 0 32456 0
",38769480,P,memory-auto,final-memory-auto-block3-5-P.txt,TestSharingMemory,True,0,0,0,0,4096,0,,,,,
134972,1534696,2383872,1823,3702784,86948,36,24496,retained_2,24264704,"429739 5924 3116 1735 0 32456 0
",42761456,P,memory-auto,final-memory-auto-block3-5-P.txt,TestSharingMemory,True,0,0,0,0,4096,0,,,,,
0,1531816,2367488,1793,4751360,87191,0,24496,released_2,23322624,"429739 5694 3116 1735 0 32456 0
",42778344,P,memory-auto,final-memory-auto-block3-5-P.txt,TestSharingMemory,True,0,0,0,0,4096,0,,,,,
0,321840,925696,919,5210112,87293,0,24496,runtime_released,22994944,"429739 5614 3148 1735 0 32456 0
",42789456,P,memory-auto,final-memory-auto-block3-5-P.txt,TestSharingMemory,True,0,0,0,0,4096,0,,,,,
0,478944,1105920,2025,5226496,93083,0,24496,initial,23085056,,43191056,P,memory-auto,final-memory-auto-block3-5-P.txt,TestSharingMappedMemory,,,,,,,,1032,0,0,,
0,475352,1081344,2015,3915776,98977,0,24496,compile_release_270,24477696,,48368136,P,memory-auto,final-memory-auto-block3-5-P.txt,TestSharingMappedMemory,,,,,,,,1032,0,0,,
134972,556552,1196032,2138,3858432,99858,36,24496,retained_0,24797184,,49072232,P,memory-auto,final-memory-auto-block3-5-P.txt,TestSharingMappedMemory,,,,,,,,1032,606208,262144,,
0,481160,1105920,2033,5169152,99947,0,24496,released_0,23011328,,49079784,P,memory-auto,final-memory-auto-block3-5-P.txt,TestSharingMappedMemory,,,,,,,,1032,0,0,,
134972,556552,1196032,2138,6012928,100821,36,24496,retained_1,22683648,,49779744,P,memory-auto,final-memory-auto-block3-5-P.txt,TestSharingMappedMemory,,,,,,,,1032,606208,262144,,
0,481144,1105920,2032,6012928,100922,0,24496,released_1,22421504,,49789976,P,memory-auto,final-memory-auto-block3-5-P.txt,TestSharingMappedMemory,,,,,,,,1032,0,0,,
134972,556552,1196032,2138,5832704,101796,36,24496,retained_2,22855680,,50489936,P,memory-auto,final-memory-auto-block3-5-P.txt,TestSharingMappedMemory,,,,,,,,1032,606208,262144,,
0,481160,1105920,2033,5890048,101885,0,24496,released_2,22540288,,50497488,P,memory-auto,final-memory-auto-block3-5-P.txt,TestSharingMappedMemory,,,,,,,,1032,0,0,,
0,118888,499712,440,2940928,4989,0,13636,initial,6959104,,323472,M,runtime,final-runtime-block1-1-M.txt,RuntimeMemory,True,0,0,0,0,4096,0,,,,4128,0
0,784792,1368064,858,3489792,60048,0,14588,compile_release_270,15040512,,38109376,M,runtime,final-runtime-block1-1-M.txt,RuntimeMemory,True,0,0,0,0,4096,0,,,,4128,0
167268,1170976,1810432,1693,3489792,68019,36,48336,retained_0,49590272,,43286528,M,runtime,final-runtime-block1-1-M.txt,RuntimeMemory,True,36,0,36,36,4096,36,,,,4128,36
0,1080056,1712128,1409,5324800,68358,0,48336,released_0,14143488,,43310832,M,runtime,final-runtime-block1-1-M.txt,RuntimeMemory,True,0,1,1,36,4096,1,,,,4128,0
167268,1171280,1826816,1694,3579904,76275,36,48336,retained_1,18444288,,48456624,M,runtime,final-runtime-block1-1-M.txt,RuntimeMemory,True,36,0,36,36,4096,36,,,,4128,36
0,1080056,1736704,1409,5152768,76612,0,48336,released_1,14311424,,48480592,M,runtime,final-runtime-block1-1-M.txt,RuntimeMemory,True,0,1,1,36,4096,1,,,,4128,0
167268,1171280,1884160,1694,3547136,84529,36,48336,retained_2,18636800,,53626384,M,runtime,final-runtime-block1-1-M.txt,RuntimeMemory,True,36,0,36,36,4096,36,,,,4128,36
0,1080056,1785856,1409,5054464,84866,0,48336,released_2,14417920,,53650352,M,runtime,final-runtime-block1-1-M.txt,RuntimeMemory,True,0,1,1,36,4096,1,,,,4128,0
0,150728,655360,522,6103040,84941,0,48336,runtime_released,13430784,,53654136,M,runtime,final-runtime-block1-1-M.txt,RuntimeMemory,True,0,1,1,36,4096,1,,,,4128,0
0,124208,507904,446,2867200,4995,0,13548,initial,9068544,,328792,M,runtime,final-runtime-block1-8-M.txt,RuntimeMemory,True,0,0,0,0,4096,0,,,,4128,0
0,507256,1179648,812,3883008,60055,0,15176,compile_release_270,15036416,,38114888,M,runtime,final-runtime-block1-8-M.txt,RuntimeMemory,True,0,0,0,0,4096,0,,,,4128,0
167268,1176328,1818624,1699,3555328,68029,36,48648,retained_0,49872896,,43292248,M,runtime,final-runtime-block1-8-M.txt,RuntimeMemory,True,36,0,36,36,4096,36,,,,4128,36
0,1085408,1720320,1415,5193728,68368,0,48648,released_0,14667776,,43316552,M,runtime,final-runtime-block1-8-M.txt,RuntimeMemory,True,0,1,1,36,4096,1,,,,4128,0
167268,1176648,1900544,1701,3465216,76285,36,48648,retained_1,46190592,,48462344,M,runtime,final-runtime-block1-8-M.txt,RuntimeMemory,True,36,0,36,36,4096,36,,,,4128,36
0,1085424,1810432,1416,5038080,76622,0,48648,released_1,14819328,,48486328,M,runtime,final-runtime-block1-8-M.txt,RuntimeMemory,True,0,1,1,36,4096,1,,,,4128,0
167268,1176632,1843200,1700,3751936,84539,36,48648,retained_2,18849792,,53632136,M,runtime,final-runtime-block1-8-M.txt,RuntimeMemory,True,36,0,36,36,4096,36,,,,4128,36
0,1085408,1744896,1415,5160960,84876,0,48648,released_2,14700544,,53656104,M,runtime,final-runtime-block1-8-M.txt,RuntimeMemory,True,0,1,1,36,4096,1,,,,4128,0
0,156208,663552,529,6078464,84951,0,48648,runtime_released,13848576,,53659888,M,runtime,final-runtime-block1-8-M.txt,RuntimeMemory,True,0,1,1,36,4096,1,,,,4128,0
0,118408,499712,437,2940928,4986,0,13808,initial,9056256,,322992,M,runtime,final-runtime-block2-1-M.txt,RuntimeMemory,True,0,0,0,0,4096,0,,,,4128,0
0,770168,1368064,809,3366912,60045,0,16552,compile_release_270,16920576,,38108928,M,runtime,final-runtime-block2-1-M.txt,RuntimeMemory,True,0,0,0,0,4096,0,,,,4128,0
167268,1170496,1794048,1690,3366912,68016,36,37924,retained_0,38920192,,43286080,M,runtime,final-runtime-block2-1-M.txt,RuntimeMemory,True,36,0,36,36,4096,36,,,,4128,36
0,1079576,1695744,1406,5332992,68355,0,37924,released_0,15896576,,43310368,M,runtime,final-runtime-block2-1-M.txt,RuntimeMemory,True,0,1,1,36,4096,1,,,,4128,0
167268,1170800,1826816,1691,3579904,76272,36,37924,retained_1,37146624,,48456160,M,runtime,final-runtime-block2-1-M.txt,RuntimeMemory,True,36,0,36,36,4096,36,,,,4128,36
0,1079576,1736704,1406,5152768,76609,0,37924,released_1,16080896,,48480128,M,runtime,final-runtime-block2-1-M.txt,RuntimeMemory,True,0,1,1,36,4096,1,,,,4128,0
167268,1170800,1884160,1691,3522560,84526,36,37924,retained_2,37048320,,53625920,M,runtime,final-runtime-block2-1-M.txt,RuntimeMemory,True,36,0,36,36,4096,36,,,,4128,36
0,1079576,1785856,1406,5062656,84863,0,37924,released_2,16158720,,53649888,M,runtime,final-runtime-block2-1-M.txt,RuntimeMemory,True,0,1,1,36,4096,1,,,,4128,0
0,150248,638976,519,6111232,84938,0,37924,runtime_released,15175680,,53653672,M,runtime,final-runtime-block2-1-M.txt,RuntimeMemory,True,0,1,1,36,4096,1,,,,4128,0
0,118408,499712,437,7135232,4986,0,13776,initial,9064448,,322992,M,runtime,final-runtime-block2-8-M.txt,RuntimeMemory,True,0,0,0,0,4096,0,,,,4128,0
0,984504,1597440,998,8003584,60047,0,16784,compile_release_270,16609280,,38109032,M,runtime,final-runtime-block2-8-M.txt,RuntimeMemory,True,0,0,0,0,4096,0,,,,4128,0
167268,1170480,1826816,1689,7749632,68018,36,37740,retained_0,38780928,,43286184,M,runtime,final-runtime-block2-8-M.txt,RuntimeMemory,True,36,0,36,36,4096,36,,,,4128,36
0,1079576,1728512,1406,9322496,68357,0,37868,released_0,16322560,,43310472,M,runtime,final-runtime-block2-8-M.txt,RuntimeMemory,True,0,1,1,36,4096,1,,,,4128,0
167268,1170800,1884160,1691,7749632,76274,36,37868,retained_1,37265408,,48456264,M,runtime,final-runtime-block2-8-M.txt,RuntimeMemory,True,36,0,36,36,4096,36,,,,4128,36
0,1079576,1794048,1406,9256960,76611,0,37868,released_1,16375808,,48480232,M,runtime,final-runtime-block2-8-M.txt,RuntimeMemory,True,0,1,1,36,4096,1,,,,4128,0
167268,1170800,1826816,1691,7536640,84528,36,40548,retained_2,41586688,,53626024,M,runtime,final-runtime-block2-8-M.txt,RuntimeMemory,True,36,0,36,36,4096,36,,,,4128,36
0,1079576,1728512,1406,9338880,84865,0,40548,released_2,16297984,,53650008,M,runtime,final-runtime-block2-8-M.txt,RuntimeMemory,True,0,1,1,36,4096,1,,,,4128,0
0,150248,655360,519,10321920,84940,0,40548,runtime_released,15380480,,53653792,M,runtime,final-runtime-block2-8-M.txt,RuntimeMemory,True,0,1,1,36,4096,1,,,,4128,0
0,118728,499712,439,2940928,4988,0,13728,initial,9056256,,323312,M,runtime,final-runtime-block3-1-M.txt,RuntimeMemory,True,0,0,0,0,4096,0,,,,4128,0
0,798360,1449984,880,3792896,60048,0,16680,compile_release_270,16502784,,38109224,M,runtime,final-runtime-block3-1-M.txt,RuntimeMemory,True,0,0,0,0,4096,0,,,,4128,0
167268,1170656,1810432,1691,3645440,68019,36,41764,retained_0,42827776,,43286376,M,runtime,final-runtime-block3-1-M.txt,RuntimeMemory,True,36,0,36,36,4096,36,,,,4128,36
0,1079736,1712128,1407,5283840,68358,0,41764,released_0,15949824,,43310680,M,runtime,final-runtime-block3-1-M.txt,RuntimeMemory,True,0,1,1,36,4096,1,,,,4128,0
167268,1170960,1826816,1692,3571712,76275,36,41764,retained_1,39198720,,48456472,M,runtime,final-runtime-block3-1-M.txt,RuntimeMemory,True,36,0,36,36,4096,36,,,,4128,36
0,1079736,1736704,1407,5275648,76612,0,41764,released_1,15962112,,48480440,M,runtime,final-runtime-block3-1-M.txt,RuntimeMemory,True,0,1,1,36,4096,1,,,,4128,0
167268,1170960,1884160,1692,3547136,84529,36,41764,retained_2,39133184,,53626232,M,runtime,final-runtime-block3-1-M.txt,RuntimeMemory,True,36,0,36,36,4096,36,,,,4128,36
0,1079736,1785856,1407,5054464,84866,0,41764,released_2,16191488,,53650200,M,runtime,final-runtime-block3-1-M.txt,RuntimeMemory,True,0,1,1,36,4096,1,,,,4128,0
0,150408,655360,520,6103040,84941,0,41764,runtime_released,15204352,,53653984,M,runtime,final-runtime-block3-1-M.txt,RuntimeMemory,True,0,1,1,36,4096,1,,,,4128,0
0,118888,499712,440,2940928,4989,0,13620,initial,6959104,,323472,M,runtime,final-runtime-block3-8-M.txt,RuntimeMemory,True,0,0,0,0,4096,0,,,,4128,0
0,809768,1466368,930,3817472,60052,0,14616,compile_release_270,14622720,,38109832,M,runtime,final-runtime-block3-8-M.txt,RuntimeMemory,True,0,0,0,0,4096,0,,,,4128,0
167268,1171296,1818624,1695,3629056,68023,36,35868,retained_0,36806656,,43286984,M,runtime,final-runtime-block3-8-M.txt,RuntimeMemory,True,36,0,36,36,4096,36,,,,4128,36
0,1080376,1720320,1411,5332992,68362,0,35996,released_0,14049280,,43311272,M,runtime,final-runtime-block3-8-M.txt,RuntimeMemory,True,0,1,1,36,4096,1,,,,4128,0
167268,1171600,1835008,1696,3596288,76279,36,35996,retained_1,33062912,,48457064,M,runtime,final-runtime-block3-8-M.txt,RuntimeMemory,True,36,0,36,36,4096,36,,,,4128,36
0,1080376,1744896,1411,5103616,76616,0,35996,released_1,14266368,,48481032,M,runtime,final-runtime-block3-8-M.txt,RuntimeMemory,True,0,1,1,36,4096,1,,,,4128,0
167268,1171600,1884160,1696,3547136,84533,36,35996,retained_2,33087488,,53626824,M,runtime,final-runtime-block3-8-M.txt,RuntimeMemory,True,36,0,36,36,4096,36,,,,4128,36
0,1080376,1785856,1411,5054464,84870,0,35996,released_2,14331904,,53650792,M,runtime,final-runtime-block3-8-M.txt,RuntimeMemory,True,0,1,1,36,4096,1,,,,4128,0
0,151048,655360,524,6103040,84945,0,35996,runtime_released,13344768,,53654576,M,runtime,final-runtime-block3-8-M.txt,RuntimeMemory,True,0,1,1,36,4096,1,,,,4128,0
0,118568,499712,438,2940928,4987,0,13720,initial,6778880,,323152,B,runtime,final-runtime-block1-2-B.txt,RuntimeMemory,True,0,0,0,0,4096,0,,,,4128,0
0,1320104,1900544,1214,3612672,60047,0,14228,compile_release_270,14151680,,38109216,B,runtime,final-runtime-block1-2-B.txt,RuntimeMemory,True,0,0,0,0,4096,0,,,,4128,0
167268,1170800,1777664,1691,3874816,68018,36,14832,retained_0,14962688,,43286368,B,runtime,final-runtime-block1-2-B.txt,RuntimeMemory,True,36,0,36,36,4096,36,,,,4128,36
0,1079896,1687552,1408,4857856,68357,0,14832,released_0,13336576,,43310656,B,runtime,final-runtime-block1-2-B.txt,RuntimeMemory,True,0,1,1,36,4096,1,,,,4128,0
167268,1171120,1884160,1693,3547136,76274,36,14832,retained_1,15286272,,48456448,B,runtime,final-runtime-block1-2-B.txt,RuntimeMemory,True,36,0,36,36,4096,36,,,,4128,36
0,1079896,1794048,1408,5316608,76611,0,14940,released_1,12873728,,48480416,B,runtime,final-runtime-block1-2-B.txt,RuntimeMemory,True,0,1,1,36,4096,1,,,,4128,0
167268,1171120,1826816,1693,3579904,84528,36,14940,retained_2,15077376,,53626208,B,runtime,final-runtime-block1-2-B.txt,RuntimeMemory,True,36,0,36,36,4096,36,,,,4128,36
0,1079896,1728512,1408,5398528,84865,0,14940,released_2,12787712,,53650176,B,runtime,final-runtime-block1-2-B.txt,RuntimeMemory,True,0,1,1,36,4096,1,,,,4128,0
0,150568,638976,521,6119424,84940,0,14940,runtime_released,12132352,,53653960,B,runtime,final-runtime-block1-2-B.txt,RuntimeMemory,True,0,1,1,36,4096,1,,,,4128,0
0,118248,499712,436,2940928,4985,0,13684,initial,7430144,,322832,B,runtime,final-runtime-block1-7-B.txt,RuntimeMemory,True,0,0,0,0,4096,0,,,,4128,0
0,797880,1433600,877,3768320,60045,0,15024,compile_release_270,14913536,,38108776,B,runtime,final-runtime-block1-7-B.txt,RuntimeMemory,True,0,0,0,0,4096,0,,,,4128,0
167268,1170176,1810432,1688,3579904,68016,36,15580,retained_0,16171008,,43285928,B,runtime,final-runtime-block1-7-B.txt,RuntimeMemory,True,36,0,36,36,4096,36,,,,4128,36
0,1079256,1712128,1404,5349376,68355,0,15708,released_0,13758464,,43310216,B,runtime,final-runtime-block1-7-B.txt,RuntimeMemory,True,0,1,1,36,4096,1,,,,4128,0
167268,1170480,1826816,1689,3604480,76272,36,15708,retained_1,16093184,,48456008,B,runtime,final-runtime-block1-7-B.txt,RuntimeMemory,True,36,0,36,36,4096,36,,,,4128,36
0,1079256,1736704,1404,5111808,76609,0,15708,released_1,13987840,,48479976,B,runtime,final-runtime-block1-7-B.txt,RuntimeMemory,True,0,1,1,36,4096,1,,,,4128,0
167268,1170480,1884160,1689,3514368,84526,36,15708,retained_2,16109568,,53625768,B,runtime,final-runtime-block1-7-B.txt,RuntimeMemory,True,36,0,36,36,4096,36,,,,4128,36
0,1079256,1785856,1404,5062656,84863,0,15708,released_2,14045184,,53649736,B,runtime,final-runtime-block1-7-B.txt,RuntimeMemory,True,0,1,1,36,4096,1,,,,4128,0
0,149928,655360,517,6111232,84938,0,15708,runtime_released,13058048,,53653520,B,runtime,final-runtime-block1-7-B.txt,RuntimeMemory,True,0,1,1,36,4096,1,,,,4128,0
0,118568,499712,438,2940928,4987,0,13756,initial,7028736,,323152,B,runtime,final-runtime-block2-2-B.txt,RuntimeMemory,True,0,0,0,0,4096,0,,,,4128,0
0,984488,1589248,997,3538944,60047,0,14736,compile_release_270,14761984,,38109032,B,runtime,final-runtime-block2-2-B.txt,RuntimeMemory,True,0,0,0,0,4096,0,,,,4128,0
167268,1170528,1818624,1692,3530752,68018,36,37936,retained_0,38866944,,43286184,B,runtime,final-runtime-block2-2-B.txt,RuntimeMemory,True,36,0,36,36,4096,36,,,,4128,36
0,1079608,1720320,1408,5169152,68357,0,37936,released_0,14082048,,43310472,B,runtime,final-runtime-block2-2-B.txt,RuntimeMemory,True,0,1,1,36,4096,1,,,,4128,0
167268,1170784,1884160,1690,3588096,76274,36,37936,retained_1,37101568,,48456280,B,runtime,final-runtime-block2-2-B.txt,RuntimeMemory,True,36,0,36,36,4096,36,,,,4128,36
0,1079560,1794048,1405,4964352,76611,0,37936,released_1,14290944,,48480248,B,runtime,final-runtime-block2-2-B.txt,RuntimeMemory,True,0,1,1,36,4096,1,,,,4128,0
167268,1170800,1826816,1691,3604480,84528,36,37936,retained_2,37081088,,53626040,B,runtime,final-runtime-block2-2-B.txt,RuntimeMemory,True,36,0,36,36,4096,36,,,,4128,36
0,1079576,1728512,1406,5111808,84865,0,37936,released_2,14139392,,53650008,B,runtime,final-runtime-block2-2-B.txt,RuntimeMemory,True,0,1,1,36,4096,1,,,,4128,0
0,150248,655360,519,6160384,84940,0,37936,runtime_released,13152256,,53653792,B,runtime,final-runtime-block2-2-B.txt,RuntimeMemory,True,0,1,1,36,4096,1,,,,4128,0
0,118568,499712,438,7135232,4987,0,13740,initial,9129984,,323152,B,runtime,final-runtime-block2-7-B.txt,RuntimeMemory,True,0,0,0,0,4096,0,,,,4128,0
0,798520,1425408,881,8110080,60049,0,16808,compile_release_270,16470016,,38109384,B,runtime,final-runtime-block2-7-B.txt,RuntimeMemory,True,0,0,0,0,4096,0,,,,4128,0
167268,1170816,1818624,1692,7700480,68020,36,37548,retained_0,38596608,,43286536,B,runtime,final-runtime-block2-7-B.txt,RuntimeMemory,True,36,0,36,36,4096,36,,,,4128,36
0,1079896,1720320,1408,9469952,68359,0,37548,released_0,16048128,,43310824,B,runtime,final-runtime-block2-7-B.txt,RuntimeMemory,True,0,1,1,36,4096,1,,,,4128,0
167268,1171120,1826816,1693,7798784,76276,36,37548,retained_1,37109760,,48456616,B,runtime,final-runtime-block2-7-B.txt,RuntimeMemory,True,36,0,36,36,4096,36,,,,4128,36
0,1079896,1736704,1408,9502720,76613,0,37548,released_1,16011264,,48480584,B,runtime,final-runtime-block2-7-B.txt,RuntimeMemory,True,0,1,1,36,4096,1,,,,4128,0
167268,1171120,1884160,1693,7692288,84530,36,37548,retained_2,37163008,,53626376,B,runtime,final-runtime-block2-7-B.txt,RuntimeMemory,True,36,0,36,36,4096,36,,,,4128,36
0,1079896,1785856,1408,9527296,84867,0,37548,released_2,15994880,,53650344,B,runtime,final-runtime-block2-7-B.txt,RuntimeMemory,True,0,1,1,36,4096,1,,,,4128,0
0,150568,655360,521,10248192,84942,0,37548,runtime_released,15335424,,53654128,B,runtime,final-runtime-block2-7-B.txt,RuntimeMemory,True,0,1,1,36,4096,1,,,,4128,0
0,118888,499712,440,7135232,4989,0,13764,initial,9138176,,323472,B,runtime,final-runtime-block3-2-B.txt,RuntimeMemory,True,0,0,0,0,4096,0,,,,4128,0
0,632424,1253376,857,8093696,60050,0,16808,compile_release_270,16613376,,38109512,B,runtime,final-runtime-block3-2-B.txt,RuntimeMemory,True,0,0,0,0,4096,0,,,,4128,0
167268,1170976,1810432,1693,7888896,68021,36,33572,retained_0,34562048,,43286664,B,runtime,final-runtime-block3-2-B.txt,RuntimeMemory,True,36,0,36,36,4096,36,,,,4128,36
0,1080056,1712128,1409,9527296,68360,0,33572,released_0,16097280,,43310952,B,runtime,final-runtime-block3-2-B.txt,RuntimeMemory,True,0,1,1,36,4096,1,,,,4128,0
167268,1171264,1884160,1693,7782400,76277,36,33572,retained_1,33009664,,48456760,B,runtime,final-runtime-block3-2-B.txt,RuntimeMemory,True,36,0,36,36,4096,36,,,,4128,36
0,1080040,1794048,1408,9420800,76614,0,33572,released_1,16211968,,48480728,B,runtime,final-runtime-block3-2-B.txt,RuntimeMemory,True,0,1,1,36,4096,1,,,,4128,0
167268,1171280,1826816,1694,7806976,84531,36,33572,retained_2,32993280,,53626520,B,runtime,final-runtime-block3-2-B.txt,RuntimeMemory,True,36,0,36,36,4096,36,,,,4128,36
0,1080056,1728512,1409,9576448,84868,0,33572,released_2,16060416,,53650488,B,runtime,final-runtime-block3-2-B.txt,RuntimeMemory,True,0,1,1,36,4096,1,,,,4128,0
0,150728,655360,522,10321920,84943,0,33572,runtime_released,15376384,,53654272,B,runtime,final-runtime-block3-2-B.txt,RuntimeMemory,True,0,1,1,36,4096,1,,,,4128,0
0,118248,499712,436,7135232,4985,0,13732,initial,9134080,,322832,B,runtime,final-runtime-block3-7-B.txt,RuntimeMemory,True,0,0,0,0,4096,0,,,,4128,0
0,984504,1605632,998,3792896,60047,0,14668,compile_release_270,14729216,,38109032,B,runtime,final-runtime-block3-7-B.txt,RuntimeMemory,True,0,0,0,0,4096,0,,,,4128,0
167268,1170496,1818624,1690,3522560,68018,36,35784,retained_0,36810752,,43286200,B,runtime,final-runtime-block3-7-B.txt,RuntimeMemory,True,36,0,36,36,4096,36,,,,4128,36
0,1079576,1720320,1406,5160960,68357,0,35912,released_0,14323712,,43310488,B,runtime,final-runtime-block3-7-B.txt,RuntimeMemory,True,0,1,1,36,4096,1,,,,4128,0
167268,1170800,1884160,1691,3555328,76274,36,35912,retained_1,33271808,,48456280,B,runtime,final-runtime-block3-7-B.txt,RuntimeMemory,True,36,0,36,36,4096,36,,,,4128,36
0,1079576,1794048,1406,5103616,76611,0,35912,released_1,14368768,,48480248,B,runtime,final-runtime-block3-7-B.txt,RuntimeMemory,True,0,1,1,36,4096,1,,,,4128,0
167268,1170800,1826816,1691,3563520,84528,36,35912,retained_2,33165312,,53626040,B,runtime,final-runtime-block3-7-B.txt,RuntimeMemory,True,36,0,36,36,4096,36,,,,4128,36
0,1079576,1728512,1406,5128192,84865,0,35912,released_2,14352384,,53650008,B,runtime,final-runtime-block3-7-B.txt,RuntimeMemory,True,0,1,1,36,4096,1,,,,4128,0
0,150248,655360,519,6111232,84940,0,35912,runtime_released,13434880,,53653792,B,runtime,final-runtime-block3-7-B.txt,RuntimeMemory,True,0,1,1,36,4096,1,,,,4128,0
0,118424,499712,438,7135232,4987,0,13732,initial,7774208,,323008,R,runtime,final-runtime-block1-3-R.txt,RuntimeMemory,True,0,0,0,0,4096,0,,,,4128,0
0,982072,1613824,997,8306688,59621,0,14832,compile_release_270,14454784,,28061784,R,runtime,final-runtime-block1-3-R.txt,RuntimeMemory,True,0,0,0,0,4096,0,,,,4128,0
134972,1170416,1818624,1676,8224768,67534,36,15076,retained_0,15458304,,31899232,R,runtime,final-runtime-block1-3-R.txt,RuntimeMemory,True,36,0,36,36,4096,36,,,,4128,36
0,1079608,1728512,1399,8552448,67873,0,15204,released_0,14528512,,31923520,R,runtime,final-runtime-block1-3-R.txt,RuntimeMemory,True,0,1,1,36,4096,1,,,,4128,0
134972,1170736,1843200,1678,8364032,75732,36,15204,retained_1,15314944,,35729608,R,runtime,final-runtime-block1-3-R.txt,RuntimeMemory,True,36,0,36,36,4096,36,,,,4128,36
0,1079608,1753088,1399,8560640,76069,0,15204,released_1,14532608,,35753576,R,runtime,final-runtime-block1-3-R.txt,RuntimeMemory,True,0,1,1,36,4096,1,,,,4128,0
134972,1170736,1851392,1678,7847936,83928,36,15376,retained_2,15867904,,39559680,R,runtime,final-runtime-block1-3-R.txt,RuntimeMemory,True,36,0,36,36,4096,36,,,,4128,36
0,1079608,1761280,1399,8699904,84265,0,15504,released_2,14393344,,39583648,R,runtime,final-runtime-block1-3-R.txt,RuntimeMemory,True,0,1,1,36,4096,1,,,,4128,0
0,150424,655360,521,10338304,84340,0,15504,runtime_released,12820480,,39587432,R,runtime,final-runtime-block1-3-R.txt,RuntimeMemory,True,0,1,1,36,4096,1,,,,4128,0
0,118904,499712,441,2940928,4990,0,13680,initial,7479296,,323488,R,runtime,final-runtime-block1-6-R.txt,RuntimeMemory,True,0,0,0,0,4096,0,,,,4128,0
0,981792,1638400,994,4268032,59620,0,14324,compile_release_270,13819904,,28061808,R,runtime,final-runtime-block1-6-R.txt,RuntimeMemory,True,0,0,0,0,4096,0,,,,4128,0
134972,1170480,1769472,1678,4104192,67536,36,16528,retained_0,16949248,,31899448,R,runtime,final-runtime-block1-6-R.txt,RuntimeMemory,True,36,0,36,36,4096,36,,,,4128,36
0,1079672,1679360,1401,4300800,67875,0,16528,released_0,14581760,,31923736,R,runtime,final-runtime-block1-6-R.txt,RuntimeMemory,True,0,1,1,36,4096,1,,,,4128,0
134972,1170784,1826816,1679,4194304,75734,36,16528,retained_1,15400960,,35729824,R,runtime,final-runtime-block1-6-R.txt,RuntimeMemory,True,36,0,36,36,4096,36,,,,4128,36
0,1079656,1736704,1400,4390912,76071,0,16528,released_1,14544896,,35753792,R,runtime,final-runtime-block1-6-R.txt,RuntimeMemory,True,0,1,1,36,4096,1,,,,4128,0
134972,1170784,1851392,1679,3678208,83930,36,16528,retained_2,15867904,,39559896,R,runtime,final-runtime-block1-6-R.txt,RuntimeMemory,True,36,0,36,36,4096,36,,,,4128,36
0,1079656,1761280,1400,4530176,84267,0,16528,released_2,14385152,,39583864,R,runtime,final-runtime-block1-6-R.txt,RuntimeMemory,True,0,1,1,36,4096,1,,,,4128,0
0,150584,655360,522,6103040,84342,0,16528,runtime_released,12877824,,39587648,R,runtime,final-runtime-block1-6-R.txt,RuntimeMemory,True,0,1,1,36,4096,1,,,,4128,0
0,118584,499712,439,2940928,4988,0,13680,initial,9449472,,323168,R,runtime,final-runtime-block2-3-R.txt,RuntimeMemory,True,0,0,0,0,4096,0,,,,4128,0
0,815216,1458176,967,4251648,59618,0,16652,compile_release_270,16400384,,28061488,R,runtime,final-runtime-block2-3-R.txt,RuntimeMemory,True,0,0,0,0,4096,0,,,,4128,0
134972,1170160,1794048,1676,4251648,67534,36,37296,retained_0,38264832,,31899128,R,runtime,final-runtime-block2-3-R.txt,RuntimeMemory,True,36,0,36,36,4096,36,,,,4128,36
0,1079352,1703936,1399,4579328,67873,0,37296,released_0,16900096,,31923416,R,runtime,final-runtime-block2-3-R.txt,RuntimeMemory,True,0,1,1,36,4096,1,,,,4128,0
134972,1170464,1826816,1677,3964928,75732,36,37296,retained_1,36909056,,35729504,R,runtime,final-runtime-block2-3-R.txt,RuntimeMemory,True,36,0,36,36,4096,36,,,,4128,36
0,1079336,1736704,1398,4423680,76069,0,37296,released_1,17068032,,35753472,R,runtime,final-runtime-block2-3-R.txt,RuntimeMemory,True,0,1,1,36,4096,1,,,,4128,0
134972,1170464,1851392,1677,3465216,83928,36,37296,retained_2,37404672,,39559576,R,runtime,final-runtime-block2-3-R.txt,RuntimeMemory,True,36,0,36,36,4096,36,,,,4128,36
0,1079336,1761280,1398,4513792,84265,0,37296,released_2,16957440,,39583544,R,runtime,final-runtime-block2-3-R.txt,RuntimeMemory,True,0,1,1,36,4096,1,,,,4128,0
0,150264,655360,520,6086656,84340,0,37296,runtime_released,15450112,,39587328,R,runtime,final-runtime-block2-3-R.txt,RuntimeMemory,True,0,1,1,36,4096,1,,,,4128,0
0,118584,499712,439,7135232,4988,0,13520,initial,9453568,,323168,R,runtime,final-runtime-block2-6-R.txt,RuntimeMemory,True,0,0,0,0,4096,0,,,,4128,0
0,982072,1597440,997,3956736,59619,0,14572,compile_release_270,14565376,,28061648,R,runtime,final-runtime-block2-6-R.txt,RuntimeMemory,True,0,0,0,0,4096,0,,,,4128,0
134972,1170416,1794048,1676,4218880,67532,36,37264,retained_0,38264832,,31899096,R,runtime,final-runtime-block2-6-R.txt,RuntimeMemory,True,36,0,36,36,4096,36,,,,4128,36
0,1079608,1703936,1399,4415488,67871,0,37264,released_0,14938112,,31923384,R,runtime,final-runtime-block2-6-R.txt,RuntimeMemory,True,0,1,1,36,4096,1,,,,4128,0
134972,1170736,1826816,1678,3989504,75730,36,37264,retained_1,36847616,,35729472,R,runtime,final-runtime-block2-6-R.txt,RuntimeMemory,True,36,0,36,36,4096,36,,,,4128,36
0,1079608,1736704,1399,4382720,76067,0,37264,released_1,14983168,,35753440,R,runtime,final-runtime-block2-6-R.txt,RuntimeMemory,True,0,1,1,36,4096,1,,,,4128,0
134972,1170736,1875968,1678,3497984,83926,36,37264,retained_2,37322752,,39559544,R,runtime,final-runtime-block2-6-R.txt,RuntimeMemory,True,36,0,36,36,4096,36,,,,4128,36
0,1079608,1785856,1399,4481024,84263,0,37264,released_2,14884864,,39583512,R,runtime,final-runtime-block2-6-R.txt,RuntimeMemory,True,0,1,1,36,4096,1,,,,4128,0
0,150424,655360,521,6119424,84338,0,37264,runtime_released,13312000,,39587296,R,runtime,final-runtime-block2-6-R.txt,RuntimeMemory,True,0,1,1,36,4096,1,,,,4128,0
0,118744,499712,440,7135232,4989,0,13492,initial,9457664,,323328,R,runtime,final-runtime-block3-3-R.txt,RuntimeMemory,True,0,0,0,0,4096,0,,,,4128,0
0,861288,1482752,973,3981312,59622,0,14684,compile_release_270,14389248,,28061944,R,runtime,final-runtime-block3-3-R.txt,RuntimeMemory,True,0,0,0,0,4096,0,,,,4128,0
134972,1170576,1900544,1677,3268608,67535,36,33788,retained_0,34766848,,31899392,R,runtime,final-runtime-block3-3-R.txt,RuntimeMemory,True,36,0,36,36,4096,36,,,,4128,36
0,1079768,1810432,1400,4440064,67874,0,33916,released_0,14712832,,31923680,R,runtime,final-runtime-block3-3-R.txt,RuntimeMemory,True,0,1,1,36,4096,1,,,,4128,0
134972,1170896,1851392,1679,3907584,75733,36,33916,retained_1,32542720,,35729768,R,runtime,final-runtime-block3-3-R.txt,RuntimeMemory,True,36,0,36,36,4096,36,,,,4128,36
0,1079768,1761280,1400,4366336,76070,0,33916,released_1,14729216,,35753736,R,runtime,final-runtime-block3-3-R.txt,RuntimeMemory,True,0,1,1,36,4096,1,,,,4128,0
134972,1170896,1835008,1679,4136960,83929,36,33916,retained_2,32387072,,39559824,R,runtime,final-runtime-block3-3-R.txt,RuntimeMemory,True,36,0,36,36,4096,36,,,,4128,36
0,1079768,1744896,1400,4399104,84266,0,33916,released_2,14770176,,39583792,R,runtime,final-runtime-block3-3-R.txt,RuntimeMemory,True,0,1,1,36,4096,1,,,,4128,0
0,150584,655360,522,6103040,84341,0,33916,runtime_released,13131776,,39587576,R,runtime,final-runtime-block3-3-R.txt,RuntimeMemory,True,0,1,1,36,4096,1,,,,4128,0
0,118584,499712,439,2940928,4988,0,13568,initial,7352320,,323168,R,runtime,final-runtime-block3-6-R.txt,RuntimeMemory,True,0,0,0,0,4096,0,,,,4128,0
0,811192,1499136,949,4063232,59621,0,14708,compile_release_270,14409728,,28061784,R,runtime,final-runtime-block3-6-R.txt,RuntimeMemory,True,0,0,0,0,4096,0,,,,4128,0
134972,1170416,1843200,1676,3407872,67534,36,33804,retained_0,34738176,,31899232,R,runtime,final-runtime-block3-6-R.txt,RuntimeMemory,True,36,0,36,36,4096,36,,,,4128,36
0,1079608,1753088,1399,4456448,67873,0,33804,released_0,14807040,,31923520,R,runtime,final-runtime-block3-6-R.txt,RuntimeMemory,True,0,1,1,36,4096,1,,,,4128,0
134972,1170736,1843200,1678,4153344,75732,36,33804,retained_1,32477184,,35729608,R,runtime,final-runtime-block3-6-R.txt,RuntimeMemory,True,36,0,36,36,4096,36,,,,4128,36
0,1079608,1753088,1399,4415488,76069,0,33804,released_1,14835712,,35753576,R,runtime,final-runtime-block3-6-R.txt,RuntimeMemory,True,0,1,1,36,4096,1,,,,4128,0
134972,1170736,1826816,1678,4259840,83928,36,33804,retained_2,32415744,,39559664,R,runtime,final-runtime-block3-6-R.txt,RuntimeMemory,True,36,0,36,36,4096,36,,,,4128,36
0,1079608,1736704,1399,4390912,84265,0,33804,released_2,14880768,,39583632,R,runtime,final-runtime-block3-6-R.txt,RuntimeMemory,True,0,1,1,36,4096,1,,,,4128,0
0,150424,655360,521,6160384,84340,0,33804,runtime_released,13176832,,39587416,R,runtime,final-runtime-block3-6-R.txt,RuntimeMemory,True,0,1,1,36,4096,1,,,,4128,0
0,119224,499712,443,7135232,4992,0,13768,initial,8159232,,323808,P,runtime,final-runtime-block1-4-P.txt,RuntimeMemory,True,0,0,0,0,4096,0,,,,4128,0
0,1103496,1785856,1025,7962624,59618,0,14944,compile_release_270,15392768,,23998176,P,runtime,final-runtime-block1-4-P.txt,RuntimeMemory,True,0,0,0,0,4096,0,,,,4128,0
134972,1170880,1884160,1679,7790592,67530,36,15900,retained_0,16465920,,27293768,P,runtime,final-runtime-block1-4-P.txt,RuntimeMemory,True,36,0,36,36,4096,36,,,,4128,36
0,1080072,1794048,1402,9166848,67869,0,16028,released_0,14458880,,27318056,P,runtime,final-runtime-block1-4-P.txt,RuntimeMemory,True,0,1,1,36,4096,1,,,,4128,0
134972,1171216,1941504,1682,7806976,75728,36,16028,retained_1,16232448,,30582320,P,runtime,final-runtime-block1-4-P.txt,RuntimeMemory,True,36,0,36,36,4096,36,,,,4128,36
0,1080072,1851392,1402,8921088,76065,0,16028,released_1,14688256,,30606288,P,runtime,final-runtime-block1-4-P.txt,RuntimeMemory,True,0,1,1,36,4096,1,,,,4128,0
134972,1171216,1941504,1682,7823360,83924,36,16028,retained_2,16257024,,33870552,P,runtime,final-runtime-block1-4-P.txt,RuntimeMemory,True,36,0,36,36,4096,36,,,,4128,36
0,1080088,1851392,1403,8921088,84261,0,16028,released_2,14700544,,33894520,P,runtime,final-runtime-block1-4-P.txt,RuntimeMemory,True,0,1,1,36,4096,1,,,,4128,0
0,150888,655360,524,10231808,84336,0,16028,runtime_released,13459456,,33898304,P,runtime,final-runtime-block1-4-P.txt,RuntimeMemory,True,0,1,1,36,4096,1,,,,4128,0
0,118744,499712,440,7135232,4989,0,13656,initial,7630848,,323328,P,runtime,final-runtime-block1-5-P.txt,RuntimeMemory,True,0,0,0,0,4096,0,,,,4128,0
0,1129928,1826816,1093,7929856,59618,0,15132,compile_release_270,14848000,,23997992,P,runtime,final-runtime-block1-5-P.txt,RuntimeMemory,True,0,0,0,0,4096,0,,,,4128,0
134972,1170576,1884160,1677,7839744,67531,36,15456,retained_0,15843328,,27293616,P,runtime,final-runtime-block1-5-P.txt,RuntimeMemory,True,36,0,36,36,4096,36,,,,4128,36
0,1079768,1794048,1400,8929280,67870,0,15584,released_0,14159872,,27317904,P,runtime,final-runtime-block1-5-P.txt,RuntimeMemory,True,0,1,1,36,4096,1,,,,4128,0
134972,1170896,1925120,1679,8003584,75729,36,15584,retained_1,15654912,,30582168,P,runtime,final-runtime-block1-5-P.txt,RuntimeMemory,True,36,0,36,36,4096,36,,,,4128,36
0,1079768,1835008,1400,8986624,76066,0,15584,released_1,14094336,,30606136,P,runtime,final-runtime-block1-5-P.txt,RuntimeMemory,True,0,1,1,36,4096,1,,,,4128,0
134972,1170896,1941504,1679,7979008,83925,36,15584,retained_2,15609856,,33870400,P,runtime,final-runtime-block1-5-P.txt,RuntimeMemory,True,36,0,36,36,4096,36,,,,4128,36
0,1079768,1851392,1400,8962048,84262,0,15584,released_2,14123008,,33894368,P,runtime,final-runtime-block1-5-P.txt,RuntimeMemory,True,0,1,1,36,4096,1,,,,4128,0
0,150584,647168,522,10207232,84337,0,15584,runtime_released,12943360,,33898152,P,runtime,final-runtime-block1-5-P.txt,RuntimeMemory,True,0,1,1,36,4096,1,,,,4128,0
0,118584,499712,439,2940928,4988,0,13772,initial,9494528,,323168,P,runtime,final-runtime-block2-4-P.txt,RuntimeMemory,True,0,0,0,0,4096,0,,,,4128,0
0,1316056,2031616,1210,3637248,59617,0,14708,compile_release_270,14520320,,23997832,P,runtime,final-runtime-block2-4-P.txt,RuntimeMemory,True,0,0,0,0,4096,0,,,,4128,0
134972,1170416,1843200,1676,3964928,67530,36,37452,retained_0,38146048,,27293456,P,runtime,final-runtime-block2-4-P.txt,RuntimeMemory,True,36,0,36,36,4096,36,,,,4128,36
0,1079608,1753088,1399,4685824,67869,0,37452,released_0,14295040,,27317744,P,runtime,final-runtime-block2-4-P.txt,RuntimeMemory,True,0,1,1,36,4096,1,,,,4128,0
134972,1170736,1900544,1678,3522560,75728,36,37452,retained_1,36859904,,30582008,P,runtime,final-runtime-block2-4-P.txt,RuntimeMemory,True,36,0,36,36,4096,36,,,,4128,36
0,1079608,1810432,1399,4816896,76065,0,37452,released_1,14163968,,30605976,P,runtime,final-runtime-block2-4-P.txt,RuntimeMemory,True,0,1,1,36,4096,1,,,,4128,0
134972,1170736,1916928,1678,3784704,83924,36,37452,retained_2,36638720,,33870240,P,runtime,final-runtime-block2-4-P.txt,RuntimeMemory,True,36,0,36,36,4096,36,,,,4128,36
0,1079608,1826816,1399,4767744,84261,0,37452,released_2,14213120,,33894208,P,runtime,final-runtime-block2-4-P.txt,RuntimeMemory,True,0,1,1,36,4096,1,,,,4128,0
0,150424,655360,521,6012928,84336,0,37452,runtime_released,13045760,,33897992,P,runtime,final-runtime-block2-4-P.txt,RuntimeMemory,True,0,1,1,36,4096,1,,,,4128,0
0,118904,499712,441,7135232,4990,0,13740,initial,9498624,,323488,P,runtime,final-runtime-block2-5-P.txt,RuntimeMemory,True,0,0,0,0,4096,0,,,,4128,0
0,1316536,2031616,1213,3645440,59620,0,14892,compile_release_270,14864384,,23998312,P,runtime,final-runtime-block2-5-P.txt,RuntimeMemory,True,0,0,0,0,4096,0,,,,4128,0
134972,1170896,1851392,1679,3973120,67533,36,37784,retained_0,38490112,,27293936,P,runtime,final-runtime-block2-5-P.txt,RuntimeMemory,True,36,0,36,36,4096,36,,,,4128,36
0,1080088,1761280,1402,4628480,67872,0,37784,released_0,14704640,,27318224,P,runtime,final-runtime-block2-5-P.txt,RuntimeMemory,True,0,1,1,36,4096,1,,,,4128,0
134972,1171216,1875968,1681,3776512,75731,36,37784,retained_1,37036032,,30582488,P,runtime,final-runtime-block2-5-P.txt,RuntimeMemory,True,36,0,36,36,4096,36,,,,4128,36
0,1080088,1785856,1402,4825088,76068,0,37784,released_1,14508032,,30606456,P,runtime,final-runtime-block2-5-P.txt,RuntimeMemory,True,0,1,1,36,4096,1,,,,4128,0
134972,1171216,1957888,1681,3776512,83927,36,37784,retained_2,37003264,,33870720,P,runtime,final-runtime-block2-5-P.txt,RuntimeMemory,True,36,0,36,36,4096,36,,,,4128,36
0,1080088,1867776,1402,4759552,84264,0,37784,released_2,14581760,,33894688,P,runtime,final-runtime-block2-5-P.txt,RuntimeMemory,True,0,1,1,36,4096,1,,,,4128,0
0,150904,655360,524,6004736,84339,0,37784,runtime_released,13402112,,33898472,P,runtime,final-runtime-block2-5-P.txt,RuntimeMemory,True,0,1,1,36,4096,1,,,,4128,0
0,118744,499712,440,7135232,4989,0,13656,initial,9498624,,323328,P,runtime,final-runtime-block3-4-P.txt,RuntimeMemory,True,0,0,0,0,4096,0,,,,4128,0
0,1130088,1777664,1094,7962624,59619,0,15688,compile_release_270,15319040,,23998152,P,runtime,final-runtime-block3-4-P.txt,RuntimeMemory,True,0,0,0,0,4096,0,,,,4128,0
134972,1170736,1908736,1678,7577600,67532,36,36380,retained_0,37371904,,27293776,P,runtime,final-runtime-block3-4-P.txt,RuntimeMemory,True,36,0,36,36,4096,36,,,,4128,36
0,1079928,1818624,1401,8945664,67871,0,36508,released_0,15085568,,27318064,P,runtime,final-runtime-block3-4-P.txt,RuntimeMemory,True,0,1,1,36,4096,1,,,,4128,0
134972,1171056,1892352,1680,7954432,75730,36,36508,retained_1,33386496,,30582328,P,runtime,final-runtime-block3-4-P.txt,RuntimeMemory,True,36,0,36,36,4096,36,,,,4128,36
0,1079928,1802240,1401,9003008,76067,0,36508,released_1,15056896,,30606296,P,runtime,final-runtime-block3-4-P.txt,RuntimeMemory,True,0,1,1,36,4096,1,,,,4128,0
134972,1171056,1974272,1680,7979008,83926,36,36508,retained_2,33292288,,33870560,P,runtime,final-runtime-block3-4-P.txt,RuntimeMemory,True,36,0,36,36,4096,36,,,,4128,36
0,1079928,1884160,1401,8896512,84263,0,36508,released_2,15163392,,33894528,P,runtime,final-runtime-block3-4-P.txt,RuntimeMemory,True,0,1,1,36,4096,1,,,,4128,0
0,150744,647168,523,10141696,84338,0,36508,runtime_released,13983744,,33898312,P,runtime,final-runtime-block3-4-P.txt,RuntimeMemory,True,0,1,1,36,4096,1,,,,4128,0
0,123744,507904,444,2867200,4993,0,13808,initial,9506816,,328328,P,runtime,final-runtime-block3-5-P.txt,RuntimeMemory,True,0,0,0,0,4096,0,,,,4128,0
0,1321216,2031616,1215,3563520,59622,0,16980,compile_release_270,17137664,,24002992,P,runtime,final-runtime-block3-5-P.txt,RuntimeMemory,True,0,0,0,0,4096,0,,,,4128,0
134972,1175576,1843200,1681,3891200,67535,36,36016,retained_0,36577280,,27298616,P,runtime,final-runtime-block3-5-P.txt,RuntimeMemory,True,36,0,36,36,4096,36,,,,4128,36
0,1084768,1753088,1404,4612096,67874,0,36016,released_0,16912384,,27322904,P,runtime,final-runtime-block3-5-P.txt,RuntimeMemory,True,0,1,1,36,4096,1,,,,4128,0
134972,1175896,1900544,1683,3670016,75733,36,36016,retained_1,33038336,,30587168,P,runtime,final-runtime-block3-5-P.txt,RuntimeMemory,True,36,0,36,36,4096,36,,,,4128,36
0,1084768,1810432,1404,4718592,76070,0,36016,released_1,16793600,,30611136,P,runtime,final-runtime-block3-5-P.txt,RuntimeMemory,True,0,1,1,36,4096,1,,,,4128,0
134972,1175896,1933312,1683,3727360,83929,36,36016,retained_2,32989184,,33875400,P,runtime,final-runtime-block3-5-P.txt,RuntimeMemory,True,36,0,36,36,4096,36,,,,4128,36
0,1084768,1843200,1404,4710400,84266,0,36016,released_2,16809984,,33899368,P,runtime,final-runtime-block3-5-P.txt,RuntimeMemory,True,0,1,1,36,4096,1,,,,4128,0
0,155584,655360,526,5955584,84341,0,36016,runtime_released,15630336,,33903152,P,runtime,final-runtime-block3-5-P.txt,RuntimeMemory,True,0,1,1,36,4096,1,,,,4128,0
0,182152,598016,462,6914048,5015,0,13680,initial,9125888,,386848,M,runtime-auto,final-runtime-auto-block1-1-M.txt,RuntimeMemory,True,0,0,0,0,4096,0,,,,4128,0
0,375600,974848,662,3940352,63722,0,14252,compile_release_270,13971456,,46392360,M,runtime-auto,final-runtime-auto-block1-1-M.txt,RuntimeMemory,True,0,0,0,0,4096,0,,,,4128,0
167268,1270184,2113536,1789,7323648,72177,36,35932,retained_0,36491264,,52698712,M,runtime-auto,final-runtime-auto-block1-1-M.txt,RuntimeMemory,True,36,0,36,36,4096,36,,,,4128,36
0,1179920,2007040,1508,7651328,72516,0,35932,released_0,15130624,,52724152,M,runtime-auto,final-runtime-auto-block1-1-M.txt,RuntimeMemory,True,0,1,1,36,4096,1,,,,4128,0
167268,1273224,2203648,1797,6889472,80917,36,35932,retained_1,35241984,,58945472,M,runtime-auto,final-runtime-auto-block1-1-M.txt,RuntimeMemory,True,36,0,36,36,4096,36,,,,4128,36
0,1182832,2064384,1516,8658944,81256,0,35932,released_1,14118912,,58970784,M,runtime-auto,final-runtime-auto-block1-1-M.txt,RuntimeMemory,True,0,1,1,36,4096,1,,,,4128,0
167268,1273192,2031616,1795,7913472,89689,36,35932,retained_2,34414592,,65122248,M,runtime-auto,final-runtime-auto-block1-1-M.txt,RuntimeMemory,True,36,0,36,36,4096,36,,,,4128,36
0,1182800,1916928,1514,8962048,90026,0,35932,released_2,13877248,,65147368,M,runtime-auto,final-runtime-auto-block1-1-M.txt,RuntimeMemory,True,0,1,1,36,4096,1,,,,4128,0
0,253248,835584,630,9814016,90113,0,35932,runtime_released,13094912,,65153512,M,runtime-auto,final-runtime-auto-block1-1-M.txt,RuntimeMemory,True,0,1,1,36,4096,1,,,,4128,0
0,181672,598016,459,6914048,5012,0,13488,initial,9179136,,386368,M,runtime-auto,final-runtime-auto-block1-8-M.txt,RuntimeMemory,True,0,0,0,0,4096,0,,,,4128,0
0,388744,1122304,680,7528448,64023,0,16684,compile_release_270,16777216,,45742592,M,runtime-auto,final-runtime-auto-block1-8-M.txt,RuntimeMemory,True,0,0,0,0,4096,0,,,,4128,0
167268,1278000,2113536,1797,7266304,72520,36,33496,retained_0,34836480,,51924664,M,runtime-auto,final-runtime-auto-block1-8-M.txt,RuntimeMemory,True,36,0,36,36,4096,36,,,,4128,36
0,1187896,1982464,1516,9814016,72859,0,33624,released_0,15433728,,51950104,M,runtime-auto,final-runtime-auto-block1-8-M.txt,RuntimeMemory,True,0,1,1,36,4096,1,,,,4128,0
167268,1278544,2097152,1803,7217152,81300,36,33624,retained_1,33333248,,58120712,M,runtime-auto,final-runtime-auto-block1-8-M.txt,RuntimeMemory,True,36,0,36,36,4096,36,,,,4128,36
0,1187896,1957888,1516,8855552,81637,0,33624,released_1,16392192,,58145832,M,runtime-auto,final-runtime-auto-block1-8-M.txt,RuntimeMemory,True,0,1,1,36,4096,1,,,,4128,0
167268,1282192,2179072,1809,7495680,90077,36,33624,retained_2,33067008,,64299600,M,runtime-auto,final-runtime-auto-block1-8-M.txt,RuntimeMemory,True,36,0,36,36,4096,36,,,,4128,36
0,1191752,2031616,1525,8806400,90416,0,33624,released_2,16420864,,64324912,M,runtime-auto,final-runtime-auto-block1-8-M.txt,RuntimeMemory,True,0,1,1,36,4096,1,,,,4128,0
0,262168,860160,639,9658368,90502,0,33624,runtime_released,15630336,,64331040,M,runtime-auto,final-runtime-auto-block1-8-M.txt,RuntimeMemory,True,0,1,1,36,4096,1,,,,4128,0
0,182312,598016,463,2719744,5016,0,13540,initial,7069696,,387008,M,runtime-auto,final-runtime-auto-block2-1-M.txt,RuntimeMemory,True,0,0,0,0,4096,0,,,,4128,0
0,518320,1212416,755,3710976,63831,0,14596,compile_release_270,14381056,,46033800,M,runtime-auto,final-runtime-auto-block2-1-M.txt,RuntimeMemory,True,0,0,0,0,4096,0,,,,4128,0
167268,1272344,2097152,1802,3194880,72283,36,25328,retained_0,26390528,,52213024,M,runtime-auto,final-runtime-auto-block2-1-M.txt,RuntimeMemory,True,36,0,36,36,4096,36,,,,4128,36
0,1181984,1966080,1515,3915776,72624,0,25328,released_0,15179776,,52238656,M,runtime-auto,final-runtime-auto-block2-1-M.txt,RuntimeMemory,True,0,1,1,36,4096,1,,,,4128,0
167268,1274760,2064384,1800,3612672,81045,36,25328,retained_1,24616960,,58450736,M,runtime-auto,final-runtime-auto-block2-1-M.txt,RuntimeMemory,True,36,0,36,36,4096,36,,,,4128,36
0,1184352,1974272,1518,4464640,81382,0,25328,released_1,14729216,,58475856,M,runtime-auto,final-runtime-auto-block2-1-M.txt,RuntimeMemory,True,0,1,1,36,4096,1,,,,4128,0
167268,1275176,2285568,1806,2654208,89821,36,25328,retained_2,19185664,,64627360,M,runtime-auto,final-runtime-auto-block2-1-M.txt,RuntimeMemory,True,36,0,36,36,4096,36,,,,4128,36
0,1184352,2080768,1518,3571712,90158,0,25328,released_2,15642624,,64652480,M,runtime-auto,final-runtime-auto-block2-1-M.txt,RuntimeMemory,True,0,1,1,36,4096,1,,,,4128,0
0,254784,819200,633,4489216,90244,0,25328,runtime_released,14663680,,64658608,M,runtime-auto,final-runtime-auto-block2-1-M.txt,RuntimeMemory,True,0,1,1,36,4096,1,,,,4128,0
0,181672,598016,459,6914048,5012,0,13488,initial,9170944,,386368,M,runtime-auto,final-runtime-auto-block2-8-M.txt,RuntimeMemory,True,0,0,0,0,4096,0,,,,4128,0
0,518408,1335296,753,7823360,63754,0,16464,compile_release_270,16269312,,46292160,M,runtime-auto,final-runtime-auto-block2-8-M.txt,RuntimeMemory,True,0,0,0,0,4096,0,,,,4128,0
167268,1272224,2097152,1790,7970816,72192,36,24568,retained_0,25493504,,52620432,M,runtime-auto,final-runtime-auto-block2-8-M.txt,RuntimeMemory,True,36,0,36,36,4096,36,,,,4128,36
0,1182120,2007040,1509,9674752,72531,0,24568,released_0,15302656,,52645872,M,runtime-auto,final-runtime-auto-block2-8-M.txt,RuntimeMemory,True,0,1,1,36,4096,1,,,,4128,0
167268,1277920,2097152,1798,7258112,80952,36,24568,retained_1,24604672,,58872112,M,runtime-auto,final-runtime-auto-block2-8-M.txt,RuntimeMemory,True,36,0,36,36,4096,36,,,,4128,36
0,1187560,1974272,1519,8962048,81289,0,24568,released_1,16035840,,58897232,M,runtime-auto,final-runtime-auto-block2-8-M.txt,RuntimeMemory,True,0,1,1,36,4096,1,,,,4128,0
167268,1282784,2113536,1812,7356416,89717,36,24568,retained_2,18108416,,65103856,M,runtime-auto,final-runtime-auto-block2-8-M.txt,RuntimeMemory,True,36,0,36,36,4096,36,,,,4128,36
0,1192392,2007040,1531,8339456,90056,0,24568,released_2,16527360,,65129168,M,runtime-auto,final-runtime-auto-block2-8-M.txt,RuntimeMemory,True,0,1,1,36,4096,1,,,,4128,0
0,262808,860160,645,9715712,90142,0,24568,runtime_released,15331328,,65135296,M,runtime-auto,final-runtime-auto-block2-8-M.txt,RuntimeMemory,True,0,1,1,36,4096,1,,,,4128,0
0,181352,704512,457,2539520,5010,0,13632,initial,9166848,,386048,M,runtime-auto,final-runtime-auto-block3-1-M.txt,RuntimeMemory,True,0,0,0,0,4096,0,,,,4128,0
0,512368,1228800,718,3170304,63770,0,16792,compile_release_270,16355328,,46142552,M,runtime-auto,final-runtime-auto-block3-1-M.txt,RuntimeMemory,True,0,0,0,0,4096,0,,,,4128,0
167268,1285144,2146304,1818,2998272,72234,36,25108,retained_0,25890816,,52353176,M,runtime-auto,final-runtime-auto-block3-1-M.txt,RuntimeMemory,True,36,0,36,36,4096,36,,,,4128,36
0,1194864,2031616,1536,3784704,72573,0,25108,released_0,16834560,,52378616,M,runtime-auto,final-runtime-auto-block3-1-M.txt,RuntimeMemory,True,0,1,1,36,4096,1,,,,4128,0
167268,1286216,2072576,1819,3235840,80979,36,25108,retained_1,22286336,,58626664,M,runtime-auto,final-runtime-auto-block3-1-M.txt,RuntimeMemory,True,36,0,36,36,4096,36,,,,4128,36
0,1195824,1974272,1538,4677632,81318,0,25108,released_1,15962112,,58651976,M,runtime-auto,final-runtime-auto-block3-1-M.txt,RuntimeMemory,True,0,1,1,36,4096,1,,,,4128,0
167268,1286360,2138112,1822,3252224,89735,36,25108,retained_2,24281088,,64924392,M,runtime-auto,final-runtime-auto-block3-1-M.txt,RuntimeMemory,True,36,0,36,36,4096,36,,,,4128,36
0,1195920,2015232,1538,5447680,90072,0,25108,released_2,15142912,,64949512,M,runtime-auto,final-runtime-auto-block3-1-M.txt,RuntimeMemory,True,0,1,1,36,4096,1,,,,4128,0
0,266368,917504,654,5414912,90158,0,25108,runtime_released,15249408,,64955640,M,runtime-auto,final-runtime-auto-block3-1-M.txt,RuntimeMemory,True,0,1,1,36,4096,1,,,,4128,0
0,182152,598016,462,6946816,5015,0,13648,initial,9166848,,386848,M,runtime-auto,final-runtime-auto-block3-8-M.txt,RuntimeMemory,True,0,0,0,0,4096,0,,,,4128,0
0,387880,1056768,685,7553024,63794,0,16880,compile_release_270,16646144,,46111552,M,runtime-auto,final-runtime-auto-block3-8-M.txt,RuntimeMemory,True,0,0,0,0,4096,0,,,,4128,0
167268,1277120,2113536,1801,7331840,72263,36,21380,retained_0,22220800,,52291976,M,runtime-auto,final-runtime-auto-block3-8-M.txt,RuntimeMemory,True,36,0,36,36,4096,36,,,,4128,36
0,1187016,1990656,1520,8904704,72604,0,21508,released_0,16388096,,52317608,M,runtime-auto,final-runtime-auto-block3-8-M.txt,RuntimeMemory,True,0,1,1,36,4096,1,,,,4128,0
167268,1283648,2007040,1814,7462912,81037,36,21508,retained_1,18595840,,58474120,M,runtime-auto,final-runtime-auto-block3-8-M.txt,RuntimeMemory,True,36,0,36,36,4096,36,,,,4128,36
0,1193240,1916928,1532,9035776,81376,0,21508,released_1,16330752,,58499432,M,runtime-auto,final-runtime-auto-block3-8-M.txt,RuntimeMemory,True,0,1,1,36,4096,1,,,,4128,0
167268,1284336,2048000,1818,7225344,89788,36,21508,retained_2,18751488,,64728344,M,runtime-auto,final-runtime-auto-block3-8-M.txt,RuntimeMemory,True,36,0,36,36,4096,36,,,,4128,36
0,1193720,1925120,1533,8601600,90127,0,21508,released_2,16715776,,64753656,M,runtime-auto,final-runtime-auto-block3-8-M.txt,RuntimeMemory,True,0,1,1,36,4096,1,,,,4128,0
0,264152,843776,648,9781248,90213,0,21508,runtime_released,15663104,,64759784,M,runtime-auto,final-runtime-auto-block3-8-M.txt,RuntimeMemory,True,0,1,1,36,4096,1,,,,4128,0
0,181800,679936,461,6791168,5013,0,13600,initial,9207808,,386496,B,runtime-auto,final-runtime-auto-block1-2-B.txt,RuntimeMemory,True,0,0,0,0,4096,0,,,,4128,0
0,384064,1032192,681,7266304,63806,0,16696,compile_release_270,16977920,,46021328,B,runtime-auto,final-runtime-auto-block1-2-B.txt,RuntimeMemory,True,0,0,0,0,4096,0,,,,4128,0
167268,1278536,2080768,1805,7700480,72278,36,33624,retained_0,34459648,,52258056,B,runtime-auto,final-runtime-auto-block1-2-B.txt,RuntimeMemory,True,36,0,36,36,4096,36,,,,4128,36
0,1188496,1966080,1528,8945664,72619,0,33624,released_0,16412672,,52283688,B,runtime-auto,final-runtime-auto-block1-2-B.txt,RuntimeMemory,True,0,1,1,36,4096,1,,,,4128,0
167268,1280600,2113536,1824,6692864,81045,36,33624,retained_1,33730560,,58486704,B,runtime-auto,final-runtime-auto-block1-2-B.txt,RuntimeMemory,True,36,0,36,36,4096,36,,,,4128,36
0,1189920,2007040,1535,8265728,81384,0,33624,released_1,16990208,,58512016,B,runtime-auto,final-runtime-auto-block1-2-B.txt,RuntimeMemory,True,0,1,1,36,4096,1,,,,4128,0
167268,1283832,2064384,1828,7864320,89836,36,33624,retained_2,22306816,,64719048,B,runtime-auto,final-runtime-auto-block1-2-B.txt,RuntimeMemory,True,36,0,36,36,4096,36,,,,4128,36
0,1193216,1957888,1543,8978432,90173,0,33624,released_2,16338944,,64744168,B,runtime-auto,final-runtime-auto-block1-2-B.txt,RuntimeMemory,True,0,1,1,36,4096,1,,,,4128,0
0,263648,860160,658,9764864,90248,0,33624,runtime_released,15638528,,64748720,B,runtime-auto,final-runtime-auto-block1-2-B.txt,RuntimeMemory,True,0,1,1,36,4096,1,,,,4128,0
0,181992,598016,461,2719744,5014,0,13776,initial,9228288,,386688,B,runtime-auto,final-runtime-auto-block1-7-B.txt,RuntimeMemory,True,0,0,0,0,4096,0,,,,4128,0
0,387920,983040,685,3932160,64027,0,16568,compile_release_270,16146432,,45741512,B,runtime-auto,final-runtime-auto-block1-7-B.txt,RuntimeMemory,True,0,0,0,0,4096,0,,,,4128,0
167268,1282952,2056192,1815,3399680,72531,36,35620,retained_0,36458496,,51928944,B,runtime-auto,final-runtime-auto-block1-7-B.txt,RuntimeMemory,True,36,0,36,36,4096,36,,,,4128,36
0,1192848,1941504,1534,4775936,72870,0,35620,released_0,16240640,,51954384,B,runtime-auto,final-runtime-auto-block1-7-B.txt,RuntimeMemory,True,0,1,1,36,4096,1,,,,4128,0
167268,1284552,2179072,1823,3416064,81323,36,35620,retained_1,28848128,,58107504,B,runtime-auto,final-runtime-auto-block1-7-B.txt,RuntimeMemory,True,36,0,36,36,4096,36,,,,4128,36
0,1193888,2031616,1535,3809280,81662,0,35620,released_1,17330176,,58132816,B,runtime-auto,final-runtime-auto-block1-7-B.txt,RuntimeMemory,True,0,1,1,36,4096,1,,,,4128,0
167268,1287048,2179072,1828,3039232,90122,36,35620,retained_2,33312768,,64287648,B,runtime-auto,final-runtime-auto-block1-7-B.txt,RuntimeMemory,True,36,0,36,36,4096,36,,,,4128,36
0,1196400,2031616,1541,4546560,90459,0,35620,released_2,16609280,,64312768,B,runtime-auto,final-runtime-auto-block1-7-B.txt,RuntimeMemory,True,0,1,1,36,4096,1,,,,4128,0
0,266832,860160,656,5529600,90534,0,35620,runtime_released,15691776,,64317320,B,runtime-auto,final-runtime-auto-block1-7-B.txt,RuntimeMemory,True,0,1,1,36,4096,1,,,,4128,0
0,182312,704512,463,6733824,5016,0,13840,initial,9236480,,387008,B,runtime-auto,final-runtime-auto-block2-2-B.txt,RuntimeMemory,True,0,0,0,0,4096,0,,,,4128,0
0,377920,1122304,670,7708672,63735,0,16868,compile_release_270,16523264,,46342552,B,runtime-auto,final-runtime-auto-block2-2-B.txt,RuntimeMemory,True,0,0,0,0,4096,0,,,,4128,0
167268,1276664,2138112,1808,7274496,72216,36,25284,retained_0,26255360,,52532368,B,runtime-auto,final-runtime-auto-block2-2-B.txt,RuntimeMemory,True,36,0,36,36,4096,36,,,,4128,36
0,1186352,2007040,1524,8454144,72557,0,25284,released_0,16633856,,52558000,B,runtime-auto,final-runtime-auto-block2-2-B.txt,RuntimeMemory,True,0,1,1,36,4096,1,,,,4128,0
167268,1277336,2129920,1807,7159808,80953,36,25284,retained_1,20832256,,58823080,B,runtime-auto,final-runtime-auto-block2-2-B.txt,RuntimeMemory,True,36,0,36,36,4096,36,,,,4128,36
0,1186928,2031616,1525,8273920,81292,0,25284,released_1,16859136,,58848392,B,runtime-auto,final-runtime-auto-block2-2-B.txt,RuntimeMemory,True,0,1,1,36,4096,1,,,,4128,0
167268,1283224,2203648,1821,7217152,89719,36,25284,retained_2,18763776,,65074744,B,runtime-auto,final-runtime-auto-block2-2-B.txt,RuntimeMemory,True,36,0,36,36,4096,36,,,,4128,36
0,1192800,2072576,1538,8527872,90056,0,25284,released_2,16617472,,65099864,B,runtime-auto,final-runtime-auto-block2-2-B.txt,RuntimeMemory,True,0,1,1,36,4096,1,,,,4128,0
0,263232,917504,653,9641984,90142,0,25284,runtime_released,15769600,,65105992,B,runtime-auto,final-runtime-auto-block2-2-B.txt,RuntimeMemory,True,0,1,1,36,4096,1,,,,4128,0
0,181832,598016,460,6914048,5013,0,13616,initial,9240576,,386528,B,runtime-auto,final-runtime-auto-block2-7-B.txt,RuntimeMemory,True,0,0,0,0,4096,0,,,,4128,0
0,515640,1187840,724,7692288,63741,0,16744,compile_release_270,16666624,,46361040,B,runtime-auto,final-runtime-auto-block2-7-B.txt,RuntimeMemory,True,0,0,0,0,4096,0,,,,4128,0
167268,1283664,2064384,1808,7307264,72214,36,23128,retained_0,23728128,,52541704,B,runtime-auto,final-runtime-auto-block2-7-B.txt,RuntimeMemory,True,36,0,36,36,4096,36,,,,4128,36
0,1193608,1925120,1530,8855552,72555,0,23128,released_0,15966208,,52567336,B,runtime-auto,final-runtime-auto-block2-7-B.txt,RuntimeMemory,True,0,1,1,36,4096,1,,,,4128,0
167268,1284048,2203648,1814,7602176,80995,36,23128,retained_1,17915904,,58738256,B,runtime-auto,final-runtime-auto-block2-7-B.txt,RuntimeMemory,True,36,0,36,36,4096,36,,,,4128,36
0,1193624,2056192,1531,8585216,81334,0,23128,released_1,16281600,,58763568,B,runtime-auto,final-runtime-auto-block2-7-B.txt,RuntimeMemory,True,0,1,1,36,4096,1,,,,4128,0
167268,1284032,2097152,1813,7503872,89775,36,23128,retained_2,18059264,,64923656,B,runtime-auto,final-runtime-auto-block2-7-B.txt,RuntimeMemory,True,36,0,36,36,4096,36,,,,4128,36
0,1193640,1966080,1532,9306112,90112,0,23128,released_2,15564800,,64948776,B,runtime-auto,final-runtime-auto-block2-7-B.txt,RuntimeMemory,True,0,1,1,36,4096,1,,,,4128,0
0,264056,851968,646,9625600,90198,0,23128,runtime_released,15310848,,64954904,B,runtime-auto,final-runtime-auto-block2-7-B.txt,RuntimeMemory,True,0,1,1,36,4096,1,,,,4128,0
0,181992,704512,461,2539520,5014,0,13720,initial,9224192,,386688,B,runtime-auto,final-runtime-auto-block3-2-B.txt,RuntimeMemory,True,0,0,0,0,4096,0,,,,4128,0
0,536736,1310720,787,3063808,63994,0,16232,compile_release_270,16891904,,45777144,B,runtime-auto,final-runtime-auto-block3-2-B.txt,RuntimeMemory,True,0,0,0,0,4096,0,,,,4128,0
167268,1276600,2129920,1803,3317760,72491,36,25260,retained_0,26210304,,51959040,B,runtime-auto,final-runtime-auto-block3-2-B.txt,RuntimeMemory,True,36,0,36,36,4096,36,,,,4128,36
0,1186512,2015232,1523,4759552,72833,0,25260,released_0,16343040,,51984688,B,runtime-auto,final-runtime-auto-block3-2-B.txt,RuntimeMemory,True,0,1,1,36,4096,1,,,,4128,0
167268,1277000,2154496,1804,3006464,81290,36,25260,retained_1,20733952,,58137264,B,runtime-auto,final-runtime-auto-block3-2-B.txt,RuntimeMemory,True,36,0,36,36,4096,36,,,,4128,36
0,1186576,2056192,1521,4710400,81629,0,25260,released_1,16461824,,58162576,B,runtime-auto,final-runtime-auto-block3-2-B.txt,RuntimeMemory,True,0,1,1,36,4096,1,,,,4128,0
167268,1285656,2121728,1823,3252224,90095,36,25260,retained_2,18464768,,64323088,B,runtime-auto,final-runtime-auto-block3-2-B.txt,RuntimeMemory,True,36,0,36,36,4096,36,,,,4128,36
0,1200568,2023424,1547,4694016,90440,0,25260,released_2,16478208,,64353720,B,runtime-auto,final-runtime-auto-block3-2-B.txt,RuntimeMemory,True,0,1,1,36,4096,1,,,,4128,0
0,271096,917504,662,5677056,90516,0,25260,runtime_released,15560704,,64358384,B,runtime-auto,final-runtime-auto-block3-2-B.txt,RuntimeMemory,True,0,1,1,36,4096,1,,,,4128,0
0,182152,704512,462,2539520,5015,0,13420,initial,9224192,,386848,B,runtime-auto,final-runtime-auto-block3-7-B.txt,RuntimeMemory,True,0,0,0,0,4096,0,,,,4128,0
0,674160,1490944,874,3604480,63701,0,16680,compile_release_270,15859712,,46423440,B,runtime-auto,final-runtime-auto-block3-7-B.txt,RuntimeMemory,True,0,0,0,0,4096,0,,,,4128,0
167268,1268672,2072576,1785,3661824,72180,36,24808,retained_0,25296896,,52611696,B,runtime-auto,final-runtime-auto-block3-7-B.txt,RuntimeMemory,True,36,0,36,36,4096,36,,,,4128,36
0,1178376,1974272,1502,4382720,72521,0,24808,released_0,16109568,,52637328,B,runtime-auto,final-runtime-auto-block3-7-B.txt,RuntimeMemory,True,0,1,1,36,4096,1,,,,4128,0
167268,1269008,2244608,1788,2555904,80933,36,24808,retained_1,18280448,,58857744,B,runtime-auto,final-runtime-auto-block3-7-B.txt,RuntimeMemory,True,36,0,36,36,4096,36,,,,4128,36
0,1178360,2105344,1501,3670016,81272,0,24808,released_1,16744448,,58883056,B,runtime-auto,final-runtime-auto-block3-7-B.txt,RuntimeMemory,True,0,1,1,36,4096,1,,,,4128,0
167268,1274896,2154496,1797,3432448,89694,36,24808,retained_2,17715200,,65058160,B,runtime-auto,final-runtime-auto-block3-7-B.txt,RuntimeMemory,True,36,0,36,36,4096,36,,,,4128,36
0,1184264,2048000,1511,3825664,90033,0,24808,released_2,16666624,,65083472,B,runtime-auto,final-runtime-auto-block3-7-B.txt,RuntimeMemory,True,0,1,1,36,4096,1,,,,4128,0
0,254728,876544,628,5431296,90108,0,24808,runtime_released,15138816,,65088024,B,runtime-auto,final-runtime-auto-block3-7-B.txt,RuntimeMemory,True,0,1,1,36,4096,1,,,,4128,0
0,182008,598016,462,6914048,5015,0,13792,initial,9515008,,386704,R,runtime-auto,final-runtime-auto-block1-3-R.txt,RuntimeMemory,True,0,0,0,0,4096,0,,,,4128,0
0,531088,1245184,774,7110656,62955,0,16356,compile_release_270,16732160,,34673736,R,runtime-auto,final-runtime-auto-block1-3-R.txt,RuntimeMemory,True,0,0,0,0,4096,0,,,,4128,0
134972,1278328,2121728,1797,7036928,71298,36,23312,retained_0,23916544,,39420200,R,runtime-auto,final-runtime-auto-block1-3-R.txt,RuntimeMemory,True,36,0,36,36,4096,36,,,,4128,36
0,1188048,1982464,1515,8151040,71639,0,23312,released_0,16752640,,39445832,R,runtime-auto,final-runtime-auto-block1-3-R.txt,RuntimeMemory,True,0,1,1,36,4096,1,,,,4128,0
134972,1287288,2048000,1821,7675904,79983,36,23312,retained_1,17776640,,44071040,R,runtime-auto,final-runtime-auto-block1-3-R.txt,RuntimeMemory,True,36,0,36,36,4096,36,,,,4128,36
0,1196880,1933312,1539,9248768,80322,0,23312,released_1,15159296,,44096352,R,runtime-auto,final-runtime-auto-block1-3-R.txt,RuntimeMemory,True,0,1,1,36,4096,1,,,,4128,0
134972,1292680,2039808,1829,7962624,88630,36,23312,retained_2,17707008,,48760064,R,runtime-auto,final-runtime-auto-block1-3-R.txt,RuntimeMemory,True,36,0,36,36,4096,36,,,,4128,36
0,1202064,1957888,1544,7962624,88969,0,23312,released_2,17010688,,48785376,R,runtime-auto,final-runtime-auto-block1-3-R.txt,RuntimeMemory,True,0,1,1,36,4096,1,,,,4128,0
0,278072,860160,675,9863168,89063,0,23312,runtime_released,15216640,,48796952,R,runtime-auto,final-runtime-auto-block1-3-R.txt,RuntimeMemory,True,0,1,1,36,4096,1,,,,4128,0
0,181848,688128,461,2555904,5014,0,13364,initial,9519104,,386544,R,runtime-auto,final-runtime-auto-block1-6-R.txt,RuntimeMemory,True,0,0,0,0,4096,0,,,,4128,0
0,380592,1130496,675,3473408,63045,0,16600,compile_release_270,16031744,,34433624,R,runtime-auto,final-runtime-auto-block1-6-R.txt,RuntimeMemory,True,0,0,0,0,4096,0,,,,4128,0
134972,1269720,2170880,1784,3006464,71395,36,34996,retained_0,36102144,,39123352,R,runtime-auto,final-runtime-auto-block1-6-R.txt,RuntimeMemory,True,36,0,36,36,4096,36,,,,4128,36
0,1179424,2039808,1501,4120576,71734,0,34996,released_0,16125952,,39148792,R,runtime-auto,final-runtime-auto-block1-6-R.txt,RuntimeMemory,True,0,1,1,36,4096,1,,,,4128,0
134972,1270328,2170880,1786,3194880,80026,36,34996,retained_1,32268288,,43879168,R,runtime-auto,final-runtime-auto-block1-6-R.txt,RuntimeMemory,True,36,0,36,36,4096,36,,,,4128,36
0,1179744,2039808,1503,4046848,80365,0,34996,released_1,16257024,,43904480,R,runtime-auto,final-runtime-auto-block1-6-R.txt,RuntimeMemory,True,0,1,1,36,4096,1,,,,4128,0
134972,1271208,2105344,1787,3702784,88694,36,34996,retained_2,23584768,,48533032,R,runtime-auto,final-runtime-auto-block1-6-R.txt,RuntimeMemory,True,36,0,36,36,4096,36,,,,4128,36
0,1180832,2007040,1507,4915200,89033,0,34996,released_2,15458304,,48558344,R,runtime-auto,final-runtime-auto-block1-6-R.txt,RuntimeMemory,True,0,1,1,36,4096,1,,,,4128,0
0,251328,884736,626,5734400,89108,0,34996,runtime_released,14704640,,48562896,R,runtime-auto,final-runtime-auto-block1-6-R.txt,RuntimeMemory,True,0,1,1,36,4096,1,,,,4128,0
0,182008,598016,462,6914048,5015,0,13712,initial,9539584,,386704,R,runtime-auto,final-runtime-auto-block2-3-R.txt,RuntimeMemory,True,0,0,0,0,4096,0,,,,4128,0
0,509072,1187840,719,7782400,63122,0,16900,compile_release_270,16310272,,34302728,R,runtime-auto,final-runtime-auto-block2-3-R.txt,RuntimeMemory,True,0,0,0,0,4096,0,,,,4128,0
134972,1271896,2056192,1792,8044544,71491,36,26640,retained_0,27414528,,38986416,R,runtime-auto,final-runtime-auto-block2-3-R.txt,RuntimeMemory,True,36,0,36,36,4096,36,,,,4128,36
0,1181600,1933312,1509,9158656,71832,0,26640,released_0,15798272,,39012048,R,runtime-auto,final-runtime-auto-block2-3-R.txt,RuntimeMemory,True,0,1,1,36,4096,1,,,,4128,0
134972,1274536,2048000,1794,7340032,80140,36,26640,retained_1,22306816,,43654192,R,runtime-auto,final-runtime-auto-block2-3-R.txt,RuntimeMemory,True,36,0,36,36,4096,36,,,,4128,36
0,1183936,1933312,1510,8388608,80479,0,26640,released_1,16535552,,43679504,R,runtime-auto,final-runtime-auto-block2-3-R.txt,RuntimeMemory,True,0,1,1,36,4096,1,,,,4128,0
134972,1278616,2113536,1811,6971392,88817,36,26640,retained_2,20668416,,48292488,R,runtime-auto,final-runtime-auto-block2-3-R.txt,RuntimeMemory,True,36,0,36,36,4096,36,,,,4128,36
0,1187984,1957888,1525,8544256,89154,0,26640,released_2,16437248,,48317608,R,runtime-auto,final-runtime-auto-block2-3-R.txt,RuntimeMemory,True,0,1,1,36,4096,1,,,,4128,0
0,258528,827392,641,9723904,89230,0,26640,runtime_released,15327232,,48322272,R,runtime-auto,final-runtime-auto-block2-3-R.txt,RuntimeMemory,True,0,1,1,36,4096,1,,,,4128,0
0,181848,704512,461,2539520,5014,0,13668,initial,9519104,,386544,R,runtime-auto,final-runtime-auto-block2-6-R.txt,RuntimeMemory,True,0,0,0,0,4096,0,,,,4128,0
0,516792,1286144,729,3194880,63129,0,16576,compile_release_270,16543744,,34432248,R,runtime-auto,final-runtime-auto-block2-6-R.txt,RuntimeMemory,True,0,0,0,0,4096,0,,,,4128,0
134972,1285040,2129920,1817,3670016,71509,36,18236,retained_0,19095552,,39080144,R,runtime-auto,final-runtime-auto-block2-6-R.txt,RuntimeMemory,True,36,0,36,36,4096,36,,,,4128,36
0,1194728,1998848,1533,4612096,71849,0,18328,released_0,16056320,,39105600,R,runtime-auto,final-runtime-auto-block2-6-R.txt,RuntimeMemory,True,0,1,1,36,4096,1,,,,4128,0
134972,1285376,2236416,1820,2408448,80175,36,18328,retained_1,18591744,,43766712,R,runtime-auto,final-runtime-auto-block2-6-R.txt,RuntimeMemory,True,36,0,36,36,4096,36,,,,4128,36
0,1194744,2097152,1534,3391488,80512,0,18328,released_1,17141760,,43791832,R,runtime-auto,final-runtime-auto-block2-6-R.txt,RuntimeMemory,True,0,1,1,36,4096,1,,,,4128,0
134972,1286272,2129920,1818,2891776,88840,36,18328,retained_2,18399232,,48401648,R,runtime-auto,final-runtime-auto-block2-6-R.txt,RuntimeMemory,True,36,0,36,36,4096,36,,,,4128,36
0,1195656,2007040,1533,4136960,89177,0,18328,released_2,16547840,,48426768,R,runtime-auto,final-runtime-auto-block2-6-R.txt,RuntimeMemory,True,0,1,1,36,4096,1,,,,4128,0
0,266168,925696,653,5447680,89263,0,18328,runtime_released,15302656,,48432896,R,runtime-auto,final-runtime-auto-block2-6-R.txt,RuntimeMemory,True,0,1,1,36,4096,1,,,,4128,0
0,181368,704512,458,6733824,5011,0,13768,initial,9535488,,386064,R,runtime-auto,final-runtime-auto-block3-3-R.txt,RuntimeMemory,True,0,0,0,0,4096,0,,,,4128,0
0,538408,1343488,809,7241728,63037,0,15100,compile_release_270,15257600,,34504736,R,runtime-auto,final-runtime-auto-block3-3-R.txt,RuntimeMemory,True,0,0,0,0,4096,0,,,,4128,0
134972,1273008,2105344,1780,7389184,71370,36,27392,retained_0,28479488,,39287600,R,runtime-auto,final-runtime-auto-block3-3-R.txt,RuntimeMemory,True,36,0,36,36,4096,36,,,,4128,36
0,1182760,2015232,1500,8175616,71711,0,27392,released_0,15228928,,39313232,R,runtime-auto,final-runtime-auto-block3-3-R.txt,RuntimeMemory,True,0,1,1,36,4096,1,,,,4128,0
134972,1277056,2088960,1800,7970816,80044,36,27392,retained_1,24526848,,43959232,R,runtime-auto,final-runtime-auto-block3-3-R.txt,RuntimeMemory,True,36,0,36,36,4096,36,,,,4128,36
0,1186424,1998848,1514,9019392,80381,0,27392,released_1,14438400,,43984352,R,runtime-auto,final-runtime-auto-block3-3-R.txt,RuntimeMemory,True,0,1,1,36,4096,1,,,,4128,0
134972,1285152,2138112,1811,7757824,88717,36,27392,retained_2,24662016,,48620448,R,runtime-auto,final-runtime-auto-block3-3-R.txt,RuntimeMemory,True,36,0,36,36,4096,36,,,,4128,36
0,1194760,2031616,1530,9527296,89056,0,27392,released_2,13926400,,48645760,R,runtime-auto,final-runtime-auto-block3-3-R.txt,RuntimeMemory,True,0,1,1,36,4096,1,,,,4128,0
0,265368,933888,650,9658368,89143,0,27392,runtime_released,13864960,,48652000,R,runtime-auto,final-runtime-auto-block3-3-R.txt,RuntimeMemory,True,0,1,1,36,4096,1,,,,4128,0
0,181688,704512,460,6766592,5013,0,13456,initial,9539584,,386384,R,runtime-auto,final-runtime-auto-block3-6-R.txt,RuntimeMemory,True,0,0,0,0,4096,0,,,,4128,0
0,516272,1343488,747,7135232,63001,0,16500,compile_release_270,17100800,,34657320,R,runtime-auto,final-runtime-auto-block3-6-R.txt,RuntimeMemory,True,0,0,0,0,4096,0,,,,4128,0
134972,1271016,2228224,1791,6840320,71361,36,23420,retained_0,24379392,,39345560,R,runtime-auto,final-runtime-auto-block3-6-R.txt,RuntimeMemory,True,36,0,36,36,4096,36,,,,4128,36
0,1180656,2097152,1504,7692288,71700,0,23548,released_0,17383424,,39371000,R,runtime-auto,final-runtime-auto-block3-6-R.txt,RuntimeMemory,True,0,1,1,36,4096,1,,,,4128,0
134972,1272632,2162688,1787,7815168,80017,36,23548,retained_1,17965056,,44013344,R,runtime-auto,final-runtime-auto-block3-6-R.txt,RuntimeMemory,True,36,0,36,36,4096,36,,,,4128,36
0,1182032,2023424,1503,9650176,80354,0,23548,released_1,15470592,,44038464,R,runtime-auto,final-runtime-auto-block3-6-R.txt,RuntimeMemory,True,0,1,1,36,4096,1,,,,4128,0
134972,1272552,2138112,1786,7176192,88688,36,23548,retained_2,18493440,,48666888,R,runtime-auto,final-runtime-auto-block3-6-R.txt,RuntimeMemory,True,36,0,36,36,4096,36,,,,4128,36
0,1182176,2039808,1506,7618560,89027,0,23548,released_2,17498112,,48692200,R,runtime-auto,final-runtime-auto-block3-6-R.txt,RuntimeMemory,True,0,1,1,36,4096,1,,,,4128,0
0,252768,892928,625,8601600,89114,0,23548,runtime_released,16547840,,48698440,R,runtime-auto,final-runtime-auto-block3-6-R.txt,RuntimeMemory,True,0,1,1,36,4096,1,,,,4128,0
0,182296,696320,465,6807552,5017,0,13840,initial,9564160,,386992,P,runtime-auto,final-runtime-auto-block1-4-P.txt,RuntimeMemory,True,0,0,0,0,4096,0,,,,4128,0
0,381008,1048576,675,7995392,62991,0,16808,compile_release_270,15978496,,30739032,P,runtime-auto,final-runtime-auto-block1-4-P.txt,RuntimeMemory,True,0,0,0,0,4096,0,,,,4128,0
134972,1272168,2031616,1789,8011776,71334,36,18688,retained_0,18989056,,34940424,P,runtime-auto,final-runtime-auto-block1-4-P.txt,RuntimeMemory,True,36,0,36,36,4096,36,,,,4128,36
0,1182096,1933312,1510,9060352,71675,0,18688,released_0,15740928,,34966056,P,runtime-auto,final-runtime-auto-block1-4-P.txt,RuntimeMemory,True,0,1,1,36,4096,1,,,,4128,0
134972,1272744,2162688,1797,7168000,79987,36,18688,retained_1,18108416,,39098720,P,runtime-auto,final-runtime-auto-block1-4-P.txt,RuntimeMemory,True,36,0,36,36,4096,36,,,,4128,36
0,1182144,2023424,1513,9068544,80324,0,18688,released_1,15712256,,39123840,P,runtime-auto,final-runtime-auto-block1-4-P.txt,RuntimeMemory,True,0,1,1,36,4096,1,,,,4128,0
134972,1272744,2203648,1797,6905856,88646,36,21572,retained_2,22454272,,43209624,P,runtime-auto,final-runtime-auto-block1-4-P.txt,RuntimeMemory,True,36,0,36,36,4096,36,,,,4128,36
0,1182144,2080768,1513,8544256,88985,0,21700,released_2,16162816,,43234936,P,runtime-auto,final-runtime-auto-block1-4-P.txt,RuntimeMemory,True,0,1,1,36,4096,1,,,,4128,0
0,257944,876544,637,9658368,89077,0,21700,runtime_released,15028224,,43246384,P,runtime-auto,final-runtime-auto-block1-4-P.txt,RuntimeMemory,True,0,1,1,36,4096,1,,,,4128,0
0,181848,712704,461,6725632,5014,0,13564,initial,9560064,,386544,P,runtime-auto,final-runtime-auto-block1-5-P.txt,RuntimeMemory,True,0,0,0,0,4096,0,,,,4128,0
0,374432,1130496,657,7733248,62988,0,16976,compile_release_270,16777216,,30532576,P,runtime-auto,final-runtime-auto-block1-5-P.txt,RuntimeMemory,True,0,0,0,0,4096,0,,,,4128,0
134972,1265048,2129920,1778,7782400,71358,36,33620,retained_0,34443264,,34663568,P,runtime-auto,final-runtime-auto-block1-5-P.txt,RuntimeMemory,True,36,0,36,36,4096,36,,,,4128,36
0,1174720,2015232,1493,8765440,71697,0,33620,released_0,16609280,,34689008,P,runtime-auto,final-runtime-auto-block1-5-P.txt,RuntimeMemory,True,0,1,1,36,4096,1,,,,4128,0
134972,1266152,2088960,1784,6971392,80020,36,34372,retained_1,35610624,,38808632,P,runtime-auto,final-runtime-auto-block1-5-P.txt,RuntimeMemory,True,36,0,36,36,4096,36,,,,4128,36
0,1175312,1974272,1495,8151040,80357,0,34500,released_1,17268736,,38833752,P,runtime-auto,final-runtime-auto-block1-5-P.txt,RuntimeMemory,True,0,1,1,36,4096,1,,,,4128,0
134972,1275048,2170880,1792,7413760,88701,36,34500,retained_2,31076352,,42930104,P,runtime-auto,final-runtime-auto-block1-5-P.txt,RuntimeMemory,True,36,0,36,36,4096,36,,,,4128,36
0,1184688,2048000,1513,8724480,89040,0,34500,released_2,16113664,,42955416,P,runtime-auto,final-runtime-auto-block1-5-P.txt,RuntimeMemory,True,0,1,1,36,4096,1,,,,4128,0
0,255184,925696,632,9641984,89126,0,34500,runtime_released,15851520,,42961544,P,runtime-auto,final-runtime-auto-block1-5-P.txt,RuntimeMemory,True,0,1,1,36,4096,1,,,,4128,0
0,182168,688128,463,6750208,5016,0,13768,initial,9568256,,386864,P,runtime-auto,final-runtime-auto-block2-4-P.txt,RuntimeMemory,True,0,0,0,0,4096,0,,,,4128,0
0,381824,1073152,675,3710976,63081,0,14772,compile_release_270,14770176,,30417344,P,runtime-auto,final-runtime-auto-block2-4-P.txt,RuntimeMemory,True,0,0,0,0,4096,0,,,,4128,0
134972,1271240,2121728,1786,3497984,71460,36,29660,retained_0,30498816,,34514928,P,runtime-auto,final-runtime-auto-block2-4-P.txt,RuntimeMemory,True,36,0,36,36,4096,36,,,,4128,36
0,1180960,2007040,1504,5005312,71799,0,29660,released_0,14139392,,34540368,P,runtime-auto,final-runtime-auto-block2-4-P.txt,RuntimeMemory,True,0,1,1,36,4096,1,,,,4128,0
134972,1271672,2113536,1789,3506176,80087,36,29660,retained_1,22626304,,38722848,P,runtime-auto,final-runtime-auto-block2-4-P.txt,RuntimeMemory,True,36,0,36,36,4096,36,,,,4128,36
0,1181088,2023424,1506,4423680,80424,0,29660,released_1,14831616,,38747968,P,runtime-auto,final-runtime-auto-block2-4-P.txt,RuntimeMemory,True,0,1,1,36,4096,1,,,,4128,0
134972,1273176,2170880,1796,3514368,88735,36,29660,retained_2,16384000,,42867544,P,runtime-auto,final-runtime-auto-block2-4-P.txt,RuntimeMemory,True,36,0,36,36,4096,36,,,,4128,36
0,1182544,2039808,1510,4104192,89072,0,29660,released_2,15200256,,42892664,P,runtime-auto,final-runtime-auto-block2-4-P.txt,RuntimeMemory,True,0,1,1,36,4096,1,,,,4128,0
0,253152,892928,630,5480448,89159,0,29660,runtime_released,13910016,,42898904,P,runtime-auto,final-runtime-auto-block2-4-P.txt,RuntimeMemory,True,0,1,1,36,4096,1,,,,4128,0
0,182008,598016,462,6914048,5015,0,13400,initial,9568256,,386704,P,runtime-auto,final-runtime-auto-block2-5-P.txt,RuntimeMemory,True,0,0,0,0,4096,0,,,,4128,0
0,800952,1515520,901,7151616,62912,0,16816,compile_release_270,17170432,,30681424,P,runtime-auto,final-runtime-auto-block2-5-P.txt,RuntimeMemory,True,0,0,0,0,4096,0,,,,4128,0
134972,1270048,2088960,1779,7315456,71287,36,27752,retained_0,28344320,,34799296,P,runtime-auto,final-runtime-auto-block2-5-P.txt,RuntimeMemory,True,36,0,36,36,4096,36,,,,4128,36
0,1179752,1949696,1496,8822784,71626,0,27752,released_0,16384000,,34824736,P,runtime-auto,final-runtime-auto-block2-5-P.txt,RuntimeMemory,True,0,1,1,36,4096,1,,,,4128,0
134972,1272032,2129920,1788,7159808,79958,36,27752,retained_1,26877952,,38931352,P,runtime-auto,final-runtime-auto-block2-5-P.txt,RuntimeMemory,True,36,0,36,36,4096,36,,,,4128,36
0,1181224,1982464,1501,8470528,80295,0,27752,released_1,16633856,,38956472,P,runtime-auto,final-runtime-auto-block2-5-P.txt,RuntimeMemory,True,0,1,1,36,4096,1,,,,4128,0
134972,1272144,2031616,1787,7208960,88600,36,27752,retained_2,18677760,,43112480,P,runtime-auto,final-runtime-auto-block2-5-P.txt,RuntimeMemory,True,36,0,36,36,4096,36,,,,4128,36
0,1181544,1949696,1503,9109504,88937,0,27752,released_2,16146432,,43137600,P,runtime-auto,final-runtime-auto-block2-5-P.txt,RuntimeMemory,True,0,1,1,36,4096,1,,,,4128,0
0,252072,835584,624,9764864,89023,0,27752,runtime_released,15564800,,43143728,P,runtime-auto,final-runtime-auto-block2-5-P.txt,RuntimeMemory,True,0,1,1,36,4096,1,,,,4128,0
0,181688,704512,460,6733824,5013,0,13528,initial,9564160,,386384,P,runtime-auto,final-runtime-auto-block3-4-P.txt,RuntimeMemory,True,0,0,0,0,4096,0,,,,4128,0
0,375616,1163264,659,7127040,63276,0,16572,compile_release_270,17174528,,30223064,P,runtime-auto,final-runtime-auto-block3-4-P.txt,RuntimeMemory,True,0,0,0,0,4096,0,,,,4128,0
134972,1267384,2170880,1777,7528448,71687,36,25380,retained_0,26185728,,34325272,P,runtime-auto,final-runtime-auto-block3-4-P.txt,RuntimeMemory,True,36,0,36,36,4096,36,,,,4128,36
0,1177280,2031616,1496,9142272,72028,0,25380,released_0,16089088,,34350904,P,runtime-auto,final-runtime-auto-block3-4-P.txt,RuntimeMemory,True,0,1,1,36,4096,1,,,,4128,0
134972,1270056,2064384,1781,7495680,80380,36,25380,retained_1,18255872,,38420744,P,runtime-auto,final-runtime-auto-block3-4-P.txt,RuntimeMemory,True,36,0,36,36,4096,36,,,,4128,36
0,1184968,1974272,1505,9265152,80725,0,25380,released_1,15507456,,38451376,P,runtime-auto,final-runtime-auto-block3-4-P.txt,RuntimeMemory,True,0,1,1,36,4096,1,,,,4128,0
134972,1275504,2195456,1789,7249920,89089,36,25380,retained_2,18444288,,42528984,P,runtime-auto,final-runtime-auto-block3-4-P.txt,RuntimeMemory,True,36,0,36,36,4096,36,,,,4128,36
0,1185064,2064384,1505,8593408,89426,0,25380,released_2,16355328,,42554104,P,runtime-auto,final-runtime-auto-block3-4-P.txt,RuntimeMemory,True,0,1,1,36,4096,1,,,,4128,0
0,255560,884736,624,9641984,89512,0,25380,runtime_released,15626240,,42560232,P,runtime-auto,final-runtime-auto-block3-4-P.txt,RuntimeMemory,True,0,1,1,36,4096,1,,,,4128,0
0,181848,598016,461,2719744,5014,0,13680,initial,9560064,,386544,P,runtime-auto,final-runtime-auto-block3-5-P.txt,RuntimeMemory,True,0,0,0,0,4096,0,,,,4128,0
0,499536,1155072,693,3448832,63351,0,17004,compile_release_270,17342464,,30112224,P,runtime-auto,final-runtime-auto-block3-5-P.txt,RuntimeMemory,True,0,0,0,0,4096,0,,,,4128,0
134972,1271576,2088960,1795,3293184,71770,36,23716,retained_0,24502272,,34215200,P,runtime-auto,final-runtime-auto-block3-5-P.txt,RuntimeMemory,True,36,0,36,36,4096,36,,,,4128,36
0,1181040,1957888,1507,4472832,72111,0,23716,released_0,16830464,,34240832,P,runtime-auto,final-runtime-auto-block3-5-P.txt,RuntimeMemory,True,0,1,1,36,4096,1,,,,4128,0
134972,1275000,2162688,1807,3055616,80486,36,23716,retained_1,21106688,,38313464,P,runtime-auto,final-runtime-auto-block3-5-P.txt,RuntimeMemory,True,36,0,36,36,4096,36,,,,4128,36
0,1183936,2015232,1514,4169728,80823,0,23716,released_1,17399808,,38338584,P,runtime-auto,final-runtime-auto-block3-5-P.txt,RuntimeMemory,True,0,1,1,36,4096,1,,,,4128,0
134972,1279800,2064384,1808,3317760,89193,36,23716,retained_2,20979712,,42412944,P,runtime-auto,final-runtime-auto-block3-5-P.txt,RuntimeMemory,True,36,0,36,36,4096,36,,,,4128,36
0,1189168,1966080,1522,4694016,89532,0,23716,released_2,16740352,,42438256,P,runtime-auto,final-runtime-auto-block3-5-P.txt,RuntimeMemory,True,0,1,1,36,4096,1,,,,4128,0
0,259632,835584,639,5677056,89618,0,23716,runtime_released,15953920,,42444384,P,runtime-auto,final-runtime-auto-block3-5-P.txt,RuntimeMemory,True,0,1,1,36,4096,1,,,,4128,0
