kind,revision,file,benchmark,ns/op,B/op,allocs/op,code-B,calls/batch
timing,M,final-timing-block1-1-M.txt,SharingNative/small,9978.0,8248.0,21.0,,
timing,M,final-timing-block1-1-M.txt,SharingNative/pressure,28083.0,19488.0,18.0,,
timing,M,final-timing-block1-1-M.txt,SharingNative/join,11258.0,10152.0,26.0,,
timing,M,final-timing-block1-1-M.txt,SharingNative/large,226847.0,228544.0,24.0,,
timing,M,final-timing-block1-1-M.txt,SharingNative/deep,14425.0,11504.0,22.0,,
timing,M,final-timing-block1-1-M.txt,SharingNative/locals,36044.0,29192.0,21.0,,
timing,M,final-timing-block1-1-M.txt,SharingNative/many,599944.0,50600.0,24.0,,
timing,M,final-timing-block1-1-M.txt,SharingNative/large_then_small,875112.0,275320.0,30.0,,
timing,M,final-timing-block1-1-M.txt,SharingNative/fallback,10494.0,8248.0,21.0,,
timing,M,final-timing-block1-1-M.txt,SharingFull/small,10357.0,15776.0,74.0,,
timing,M,final-timing-block1-1-M.txt,SharingFull/pressure,34786.0,31449.0,75.0,,
timing,M,final-timing-block1-1-M.txt,SharingFull/join,12226.0,17688.0,80.0,,
timing,M,final-timing-block1-1-M.txt,SharingFull/large,310839.0,315927.0,87.0,,
timing,M,final-timing-block1-1-M.txt,SharingFull/deep,17246.0,24961.0,83.0,,
timing,M,final-timing-block1-1-M.txt,SharingFull/locals,47793.0,41242.0,73.0,,
timing,M,final-timing-block1-1-M.txt,SharingFull/many,860170.0,243900.0,588.0,,
timing,M,final-timing-block1-1-M.txt,SharingFull/large_then_small,1219399.0,514235.0,595.0,,
timing,M,final-timing-block1-1-M.txt,SharingFull/fallback,10277.0,15776.0,74.0,,
timing,M,final-timing-block1-1-M.txt,SharingExec/small,16.16,0.0,0.0,,
timing,M,final-timing-block1-1-M.txt,SharingExec/pressure,49.66,0.0,0.0,,
timing,M,final-timing-block1-1-M.txt,SharingExec/join,16.32,0.0,0.0,,
timing,M,final-timing-block1-1-M.txt,SharingExec/large,265.5,0.0,0.0,,
timing,M,final-timing-block1-1-M.txt,SharingExec/deep,16.14,0.0,0.0,,
timing,M,final-timing-block1-1-M.txt,SharingExec/locals,87.75,0.0,0.0,,
timing,M,final-timing-block1-1-M.txt,SharingExec/many,16.07,0.0,0.0,,
timing,M,final-timing-block1-1-M.txt,SharingExec/large_then_small,263.3,0.0,0.0,,
timing,M,final-timing-block1-1-M.txt,SharingExec/fallback,16.41,0.0,0.0,,
timing,M,final-timing-block1-1-M.txt,SharingZeroLocals/1,11465.0,8216.0,20.0,,
timing,M,final-timing-block1-1-M.txt,SharingZeroLocals/8,11627.0,8360.0,22.0,,
timing,M,final-timing-block1-1-M.txt,SharingZeroLocals/64,14024.0,9064.0,19.0,,
timing,M,final-timing-block1-1-M.txt,SharingZeroLocals/256,16328.0,14569.0,16.0,,
timing,M,final-timing-block1-1-M.txt,Compile/tiny,13173.0,8344.0,22.0,,
timing,M,final-timing-block1-1-M.txt,Compile/fib_rec,23144.0,26792.0,50.0,,
timing,M,final-timing-block1-1-M.txt,Compile/many_funcs,404915.0,69272.0,31.0,,
timing,M,final-timing-block1-1-M.txt,Compile/json-as,1236374.0,134624.0,125.0,,
timing,M,final-timing-block1-1-M.txt,Compile/xxhash,113897.0,65720.0,58.0,,
timing,M,final-timing-block1-1-M.txt,CompileFull/tiny,15395.0,18416.0,91.0,96.0,
timing,M,final-timing-block1-1-M.txt,CompileFull/fib_rec,24649.0,35497.0,107.0,320.0,
timing,M,final-timing-block1-1-M.txt,CompileFull/many_funcs,552828.0,179337.0,85.0,7771.0,
timing,M,final-timing-block1-1-M.txt,CompileFull/json-as,1741788.0,309675.0,399.0,67398.0,
timing,M,final-timing-block1-1-M.txt,CompileFull/xxhash,143823.0,107228.0,146.0,3301.0,
timing,M,final-timing-block1-1-M.txt,Exec/tiny.add,15.41,,,,132385.0
timing,M,final-timing-block1-1-M.txt,Exec/fib_rec.fib,695972.0,,,,3.0
timing,M,final-timing-block1-1-M.txt,Exec/many_funcs.run,16.33,,,,126024.0
timing,M,final-timing-block1-1-M.txt,Exec/json-as.serializeN,22896.0,,,,92.0
timing,M,final-timing-block1-1-M.txt,Exec/json-as.deserializeN,42488.0,,,,68.0
timing,M,final-timing-block1-1-M.txt,Exec/xxhash.xxhash_run,126930.0,,,,16.0
timing,M,final-timing-block1-8-M.txt,SharingNative/small,10510.0,8248.0,21.0,,
timing,M,final-timing-block1-8-M.txt,SharingNative/pressure,28936.0,19488.0,18.0,,
timing,M,final-timing-block1-8-M.txt,SharingNative/join,11665.0,10152.0,26.0,,
timing,M,final-timing-block1-8-M.txt,SharingNative/large,230970.0,228544.0,24.0,,
timing,M,final-timing-block1-8-M.txt,SharingNative/deep,14337.0,11504.0,22.0,,
timing,M,final-timing-block1-8-M.txt,SharingNative/locals,36186.0,29192.0,21.0,,
timing,M,final-timing-block1-8-M.txt,SharingNative/many,615876.0,50600.0,24.0,,
timing,M,final-timing-block1-8-M.txt,SharingNative/large_then_small,938037.0,275320.0,30.0,,
timing,M,final-timing-block1-8-M.txt,SharingNative/fallback,10039.0,8248.0,21.0,,
timing,M,final-timing-block1-8-M.txt,SharingFull/small,10513.0,15776.0,74.0,,
timing,M,final-timing-block1-8-M.txt,SharingFull/pressure,35001.0,31449.0,75.0,,
timing,M,final-timing-block1-8-M.txt,SharingFull/join,12469.0,17688.0,80.0,,
timing,M,final-timing-block1-8-M.txt,SharingFull/large,315323.0,315927.0,87.0,,
timing,M,final-timing-block1-8-M.txt,SharingFull/deep,17194.0,24961.0,83.0,,
timing,M,final-timing-block1-8-M.txt,SharingFull/locals,47978.0,41242.0,73.0,,
timing,M,final-timing-block1-8-M.txt,SharingFull/many,836374.0,243900.0,588.0,,
timing,M,final-timing-block1-8-M.txt,SharingFull/large_then_small,1258068.0,514235.0,595.0,,
timing,M,final-timing-block1-8-M.txt,SharingFull/fallback,10578.0,15776.0,74.0,,
timing,M,final-timing-block1-8-M.txt,SharingExec/small,16.2,0.0,0.0,,
timing,M,final-timing-block1-8-M.txt,SharingExec/pressure,54.69,0.0,0.0,,
timing,M,final-timing-block1-8-M.txt,SharingExec/join,16.55,0.0,0.0,,
timing,M,final-timing-block1-8-M.txt,SharingExec/large,259.7,0.0,0.0,,
timing,M,final-timing-block1-8-M.txt,SharingExec/deep,16.27,0.0,0.0,,
timing,M,final-timing-block1-8-M.txt,SharingExec/locals,87.5,0.0,0.0,,
timing,M,final-timing-block1-8-M.txt,SharingExec/many,16.32,0.0,0.0,,
timing,M,final-timing-block1-8-M.txt,SharingExec/large_then_small,258.9,0.0,0.0,,
timing,M,final-timing-block1-8-M.txt,SharingExec/fallback,16.65,0.0,0.0,,
timing,M,final-timing-block1-8-M.txt,SharingZeroLocals/1,11885.0,8216.0,20.0,,
timing,M,final-timing-block1-8-M.txt,SharingZeroLocals/8,12389.0,8360.0,22.0,,
timing,M,final-timing-block1-8-M.txt,SharingZeroLocals/64,14367.0,9064.0,19.0,,
timing,M,final-timing-block1-8-M.txt,SharingZeroLocals/256,17938.0,14569.0,16.0,,
timing,M,final-timing-block1-8-M.txt,Compile/tiny,13673.0,8344.0,22.0,,
timing,M,final-timing-block1-8-M.txt,Compile/fib_rec,28805.0,26792.0,50.0,,
timing,M,final-timing-block1-8-M.txt,Compile/many_funcs,413270.0,69272.0,31.0,,
timing,M,final-timing-block1-8-M.txt,Compile/json-as,1145237.0,134624.0,125.0,,
timing,M,final-timing-block1-8-M.txt,Compile/xxhash,117575.0,65720.0,58.0,,
timing,M,final-timing-block1-8-M.txt,CompileFull/tiny,16256.0,18416.0,91.0,96.0,
timing,M,final-timing-block1-8-M.txt,CompileFull/fib_rec,25253.0,35497.0,107.0,320.0,
timing,M,final-timing-block1-8-M.txt,CompileFull/many_funcs,567038.0,179337.0,85.0,7771.0,
timing,M,final-timing-block1-8-M.txt,CompileFull/json-as,1802634.0,309673.0,399.0,67398.0,
timing,M,final-timing-block1-8-M.txt,CompileFull/xxhash,144596.0,107228.0,146.0,3301.0,
timing,M,final-timing-block1-8-M.txt,Exec/tiny.add,15.24,,,,131785.0
timing,M,final-timing-block1-8-M.txt,Exec/fib_rec.fib,692271.0,,,,3.0
timing,M,final-timing-block1-8-M.txt,Exec/many_funcs.run,15.38,,,,132032.0
timing,M,final-timing-block1-8-M.txt,Exec/json-as.serializeN,22614.0,,,,95.0
timing,M,final-timing-block1-8-M.txt,Exec/json-as.deserializeN,42973.0,,,,56.0
timing,M,final-timing-block1-8-M.txt,Exec/xxhash.xxhash_run,124608.0,,,,16.0
timing,M,final-timing-block2-1-M.txt,SharingNative/small,10312.0,8248.0,21.0,,
timing,M,final-timing-block2-1-M.txt,SharingNative/pressure,28014.0,19488.0,18.0,,
timing,M,final-timing-block2-1-M.txt,SharingNative/join,11446.0,10152.0,26.0,,
timing,M,final-timing-block2-1-M.txt,SharingNative/large,223823.0,228544.0,24.0,,
timing,M,final-timing-block2-1-M.txt,SharingNative/deep,14289.0,11504.0,22.0,,
timing,M,final-timing-block2-1-M.txt,SharingNative/locals,36201.0,29192.0,21.0,,
timing,M,final-timing-block2-1-M.txt,SharingNative/many,608745.0,50600.0,24.0,,
timing,M,final-timing-block2-1-M.txt,SharingNative/large_then_small,873437.0,275320.0,30.0,,
timing,M,final-timing-block2-1-M.txt,SharingNative/fallback,10343.0,8248.0,21.0,,
timing,M,final-timing-block2-1-M.txt,SharingFull/small,10591.0,15776.0,74.0,,
timing,M,final-timing-block2-1-M.txt,SharingFull/pressure,35797.0,31449.0,75.0,,
timing,M,final-timing-block2-1-M.txt,SharingFull/join,12154.0,17688.0,80.0,,
timing,M,final-timing-block2-1-M.txt,SharingFull/large,303075.0,315927.0,87.0,,
timing,M,final-timing-block2-1-M.txt,SharingFull/deep,17410.0,24961.0,83.0,,
timing,M,final-timing-block2-1-M.txt,SharingFull/locals,47823.0,41242.0,73.0,,
timing,M,final-timing-block2-1-M.txt,SharingFull/many,842260.0,243900.0,588.0,,
timing,M,final-timing-block2-1-M.txt,SharingFull/large_then_small,1198903.0,514235.0,595.0,,
timing,M,final-timing-block2-1-M.txt,SharingFull/fallback,10433.0,15776.0,74.0,,
timing,M,final-timing-block2-1-M.txt,SharingExec/small,15.85,0.0,0.0,,
timing,M,final-timing-block2-1-M.txt,SharingExec/pressure,48.66,0.0,0.0,,
timing,M,final-timing-block2-1-M.txt,SharingExec/join,16.23,0.0,0.0,,
timing,M,final-timing-block2-1-M.txt,SharingExec/large,254.0,0.0,0.0,,
timing,M,final-timing-block2-1-M.txt,SharingExec/deep,15.74,0.0,0.0,,
timing,M,final-timing-block2-1-M.txt,SharingExec/locals,85.99,0.0,0.0,,
timing,M,final-timing-block2-1-M.txt,SharingExec/many,15.77,0.0,0.0,,
timing,M,final-timing-block2-1-M.txt,SharingExec/large_then_small,256.4,0.0,0.0,,
timing,M,final-timing-block2-1-M.txt,SharingExec/fallback,16.14,0.0,0.0,,
timing,M,final-timing-block2-1-M.txt,SharingZeroLocals/1,11873.0,8216.0,20.0,,
timing,M,final-timing-block2-1-M.txt,SharingZeroLocals/8,11849.0,8360.0,22.0,,
timing,M,final-timing-block2-1-M.txt,SharingZeroLocals/64,13544.0,9064.0,19.0,,
timing,M,final-timing-block2-1-M.txt,SharingZeroLocals/256,17629.0,14569.0,16.0,,
timing,M,final-timing-block2-1-M.txt,Compile/tiny,13057.0,8344.0,22.0,,
timing,M,final-timing-block2-1-M.txt,Compile/fib_rec,23551.0,26792.0,50.0,,
timing,M,final-timing-block2-1-M.txt,Compile/many_funcs,422627.0,69272.0,31.0,,
timing,M,final-timing-block2-1-M.txt,Compile/json-as,1169300.0,134624.0,125.0,,
timing,M,final-timing-block2-1-M.txt,Compile/xxhash,114615.0,65720.0,58.0,,
timing,M,final-timing-block2-1-M.txt,CompileFull/tiny,15973.0,18416.0,91.0,96.0,
timing,M,final-timing-block2-1-M.txt,CompileFull/fib_rec,24149.0,35497.0,107.0,320.0,
timing,M,final-timing-block2-1-M.txt,CompileFull/many_funcs,550539.0,179337.0,85.0,7771.0,
timing,M,final-timing-block2-1-M.txt,CompileFull/json-as,1778829.0,309674.0,399.0,67398.0,
timing,M,final-timing-block2-1-M.txt,CompileFull/xxhash,146465.0,107228.0,146.0,3301.0,
timing,M,final-timing-block2-1-M.txt,Exec/tiny.add,17.41,,,,134036.0
timing,M,final-timing-block2-1-M.txt,Exec/fib_rec.fib,691356.0,,,,3.0
timing,M,final-timing-block2-1-M.txt,Exec/many_funcs.run,15.33,,,,131789.0
timing,M,final-timing-block2-1-M.txt,Exec/json-as.serializeN,22689.0,,,,95.0
timing,M,final-timing-block2-1-M.txt,Exec/json-as.deserializeN,41998.0,,,,59.0
timing,M,final-timing-block2-1-M.txt,Exec/xxhash.xxhash_run,125760.0,,,,17.0
timing,M,final-timing-block2-8-M.txt,SharingNative/small,9717.0,8248.0,21.0,,
timing,M,final-timing-block2-8-M.txt,SharingNative/pressure,28357.0,19488.0,18.0,,
timing,M,final-timing-block2-8-M.txt,SharingNative/join,11595.0,10152.0,26.0,,
timing,M,final-timing-block2-8-M.txt,SharingNative/large,225530.0,228544.0,24.0,,
timing,M,final-timing-block2-8-M.txt,SharingNative/deep,14412.0,11504.0,22.0,,
timing,M,final-timing-block2-8-M.txt,SharingNative/locals,36000.0,29192.0,21.0,,
timing,M,final-timing-block2-8-M.txt,SharingNative/many,586476.0,50600.0,24.0,,
timing,M,final-timing-block2-8-M.txt,SharingNative/large_then_small,880924.0,275320.0,30.0,,
timing,M,final-timing-block2-8-M.txt,SharingNative/fallback,10426.0,8248.0,21.0,,
timing,M,final-timing-block2-8-M.txt,SharingFull/small,11111.0,15776.0,74.0,,
timing,M,final-timing-block2-8-M.txt,SharingFull/pressure,35296.0,31449.0,75.0,,
timing,M,final-timing-block2-8-M.txt,SharingFull/join,12532.0,17688.0,80.0,,
timing,M,final-timing-block2-8-M.txt,SharingFull/large,315608.0,315927.0,87.0,,
timing,M,final-timing-block2-8-M.txt,SharingFull/deep,18066.0,24961.0,83.0,,
timing,M,final-timing-block2-8-M.txt,SharingFull/locals,48877.0,41242.0,73.0,,
timing,M,final-timing-block2-8-M.txt,SharingFull/many,839911.0,243900.0,588.0,,
timing,M,final-timing-block2-8-M.txt,SharingFull/large_then_small,1193209.0,514234.0,595.0,,
timing,M,final-timing-block2-8-M.txt,SharingFull/fallback,10096.0,15776.0,74.0,,
timing,M,final-timing-block2-8-M.txt,SharingExec/small,16.0,0.0,0.0,,
timing,M,final-timing-block2-8-M.txt,SharingExec/pressure,48.15,0.0,0.0,,
timing,M,final-timing-block2-8-M.txt,SharingExec/join,16.04,0.0,0.0,,
timing,M,final-timing-block2-8-M.txt,SharingExec/large,252.9,0.0,0.0,,
timing,M,final-timing-block2-8-M.txt,SharingExec/deep,15.85,0.0,0.0,,
timing,M,final-timing-block2-8-M.txt,SharingExec/locals,85.83,0.0,0.0,,
timing,M,final-timing-block2-8-M.txt,SharingExec/many,15.78,0.0,0.0,,
timing,M,final-timing-block2-8-M.txt,SharingExec/large_then_small,255.4,0.0,0.0,,
timing,M,final-timing-block2-8-M.txt,SharingExec/fallback,16.1,0.0,0.0,,
timing,M,final-timing-block2-8-M.txt,SharingZeroLocals/1,11788.0,8216.0,20.0,,
timing,M,final-timing-block2-8-M.txt,SharingZeroLocals/8,11868.0,8360.0,22.0,,
timing,M,final-timing-block2-8-M.txt,SharingZeroLocals/64,13953.0,9064.0,19.0,,
timing,M,final-timing-block2-8-M.txt,SharingZeroLocals/256,17327.0,14569.0,16.0,,
timing,M,final-timing-block2-8-M.txt,Compile/tiny,13292.0,8344.0,22.0,,
timing,M,final-timing-block2-8-M.txt,Compile/fib_rec,25382.0,26792.0,50.0,,
timing,M,final-timing-block2-8-M.txt,Compile/many_funcs,415162.0,69272.0,31.0,,
timing,M,final-timing-block2-8-M.txt,Compile/json-as,1202964.0,134624.0,125.0,,
timing,M,final-timing-block2-8-M.txt,Compile/xxhash,115883.0,65720.0,58.0,,
timing,M,final-timing-block2-8-M.txt,CompileFull/tiny,16862.0,18416.0,91.0,96.0,
timing,M,final-timing-block2-8-M.txt,CompileFull/fib_rec,24842.0,35497.0,107.0,320.0,
timing,M,final-timing-block2-8-M.txt,CompileFull/many_funcs,566313.0,179337.0,85.0,7771.0,
timing,M,final-timing-block2-8-M.txt,CompileFull/json-as,1786876.0,309674.0,399.0,67398.0,
timing,M,final-timing-block2-8-M.txt,CompileFull/xxhash,145782.0,107228.0,146.0,3301.0,
timing,M,final-timing-block2-8-M.txt,Exec/tiny.add,15.42,,,,133583.0
timing,M,final-timing-block2-8-M.txt,Exec/fib_rec.fib,697690.0,,,,3.0
timing,M,final-timing-block2-8-M.txt,Exec/many_funcs.run,15.59,,,,133153.0
timing,M,final-timing-block2-8-M.txt,Exec/json-as.serializeN,23487.0,,,,91.0
timing,M,final-timing-block2-8-M.txt,Exec/json-as.deserializeN,42646.0,,,,56.0
timing,M,final-timing-block2-8-M.txt,Exec/xxhash.xxhash_run,128012.0,,,,15.0
timing,M,final-timing-block3-1-M.txt,SharingNative/small,9916.0,8248.0,21.0,,
timing,M,final-timing-block3-1-M.txt,SharingNative/pressure,28218.0,19488.0,18.0,,
timing,M,final-timing-block3-1-M.txt,SharingNative/join,11562.0,10152.0,26.0,,
timing,M,final-timing-block3-1-M.txt,SharingNative/large,225677.0,228544.0,24.0,,
timing,M,final-timing-block3-1-M.txt,SharingNative/deep,14350.0,11504.0,22.0,,
timing,M,final-timing-block3-1-M.txt,SharingNative/locals,36322.0,29192.0,21.0,,
timing,M,final-timing-block3-1-M.txt,SharingNative/many,619601.0,50600.0,24.0,,
timing,M,final-timing-block3-1-M.txt,SharingNative/large_then_small,870019.0,275320.0,30.0,,
timing,M,final-timing-block3-1-M.txt,SharingNative/fallback,10002.0,8248.0,21.0,,
timing,M,final-timing-block3-1-M.txt,SharingFull/small,10848.0,15776.0,74.0,,
timing,M,final-timing-block3-1-M.txt,SharingFull/pressure,37164.0,31449.0,75.0,,
timing,M,final-timing-block3-1-M.txt,SharingFull/join,12454.0,17688.0,80.0,,
timing,M,final-timing-block3-1-M.txt,SharingFull/large,302520.0,315927.0,87.0,,
timing,M,final-timing-block3-1-M.txt,SharingFull/deep,17648.0,24961.0,83.0,,
timing,M,final-timing-block3-1-M.txt,SharingFull/locals,47463.0,41242.0,73.0,,
timing,M,final-timing-block3-1-M.txt,SharingFull/many,883624.0,243900.0,588.0,,
timing,M,final-timing-block3-1-M.txt,SharingFull/large_then_small,1214994.0,514234.0,595.0,,
timing,M,final-timing-block3-1-M.txt,SharingFull/fallback,10451.0,15776.0,74.0,,
timing,M,final-timing-block3-1-M.txt,SharingExec/small,15.86,0.0,0.0,,
timing,M,final-timing-block3-1-M.txt,SharingExec/pressure,49.58,0.0,0.0,,
timing,M,final-timing-block3-1-M.txt,SharingExec/join,16.15,0.0,0.0,,
timing,M,final-timing-block3-1-M.txt,SharingExec/large,257.9,0.0,0.0,,
timing,M,final-timing-block3-1-M.txt,SharingExec/deep,15.87,0.0,0.0,,
timing,M,final-timing-block3-1-M.txt,SharingExec/locals,86.48,0.0,0.0,,
timing,M,final-timing-block3-1-M.txt,SharingExec/many,16.06,0.0,0.0,,
timing,M,final-timing-block3-1-M.txt,SharingExec/large_then_small,261.0,0.0,0.0,,
timing,M,final-timing-block3-1-M.txt,SharingExec/fallback,16.32,0.0,0.0,,
timing,M,final-timing-block3-1-M.txt,SharingZeroLocals/1,11336.0,8216.0,20.0,,
timing,M,final-timing-block3-1-M.txt,SharingZeroLocals/8,11809.0,8360.0,22.0,,
timing,M,final-timing-block3-1-M.txt,SharingZeroLocals/64,14100.0,9064.0,19.0,,
timing,M,final-timing-block3-1-M.txt,SharingZeroLocals/256,16914.0,14569.0,16.0,,
timing,M,final-timing-block3-1-M.txt,Compile/tiny,13773.0,8344.0,22.0,,
timing,M,final-timing-block3-1-M.txt,Compile/fib_rec,23470.0,26792.0,50.0,,
timing,M,final-timing-block3-1-M.txt,Compile/many_funcs,417543.0,69272.0,31.0,,
timing,M,final-timing-block3-1-M.txt,Compile/json-as,1200705.0,134624.0,125.0,,
timing,M,final-timing-block3-1-M.txt,Compile/xxhash,116197.0,65720.0,58.0,,
timing,M,final-timing-block3-1-M.txt,CompileFull/tiny,16583.0,18416.0,91.0,96.0,
timing,M,final-timing-block3-1-M.txt,CompileFull/fib_rec,24676.0,35497.0,107.0,320.0,
timing,M,final-timing-block3-1-M.txt,CompileFull/many_funcs,559101.0,179337.0,85.0,7771.0,
timing,M,final-timing-block3-1-M.txt,CompileFull/json-as,1833186.0,309675.0,399.0,67398.0,
timing,M,final-timing-block3-1-M.txt,CompileFull/xxhash,148169.0,107228.0,146.0,3301.0,
timing,M,final-timing-block3-1-M.txt,Exec/tiny.add,15.39,,,,133873.0
timing,M,final-timing-block3-1-M.txt,Exec/fib_rec.fib,700683.0,,,,3.0
timing,M,final-timing-block3-1-M.txt,Exec/many_funcs.run,15.65,,,,131513.0
timing,M,final-timing-block3-1-M.txt,Exec/json-as.serializeN,23324.0,,,,92.0
timing,M,final-timing-block3-1-M.txt,Exec/json-as.deserializeN,42627.0,,,,51.0
timing,M,final-timing-block3-1-M.txt,Exec/xxhash.xxhash_run,127637.0,,,,15.0
timing,M,final-timing-block3-8-M.txt,SharingNative/small,9693.0,8248.0,21.0,,
timing,M,final-timing-block3-8-M.txt,SharingNative/pressure,28902.0,19488.0,18.0,,
timing,M,final-timing-block3-8-M.txt,SharingNative/join,11289.0,10152.0,26.0,,
timing,M,final-timing-block3-8-M.txt,SharingNative/large,227822.0,228544.0,24.0,,
timing,M,final-timing-block3-8-M.txt,SharingNative/deep,14893.0,11504.0,22.0,,
timing,M,final-timing-block3-8-M.txt,SharingNative/locals,36393.0,29192.0,21.0,,
timing,M,final-timing-block3-8-M.txt,SharingNative/many,617939.0,50600.0,24.0,,
timing,M,final-timing-block3-8-M.txt,SharingNative/large_then_small,858557.0,275320.0,30.0,,
timing,M,final-timing-block3-8-M.txt,SharingNative/fallback,9869.0,8248.0,21.0,,
timing,M,final-timing-block3-8-M.txt,SharingFull/small,10423.0,15776.0,74.0,,
timing,M,final-timing-block3-8-M.txt,SharingFull/pressure,35006.0,31449.0,75.0,,
timing,M,final-timing-block3-8-M.txt,SharingFull/join,12148.0,17688.0,80.0,,
timing,M,final-timing-block3-8-M.txt,SharingFull/large,322043.0,315927.0,87.0,,
timing,M,final-timing-block3-8-M.txt,SharingFull/deep,22458.0,24961.0,83.0,,
timing,M,final-timing-block3-8-M.txt,SharingFull/locals,49109.0,41242.0,73.0,,
timing,M,final-timing-block3-8-M.txt,SharingFull/many,831344.0,243899.0,588.0,,
timing,M,final-timing-block3-8-M.txt,SharingFull/large_then_small,1204765.0,514234.0,595.0,,
timing,M,final-timing-block3-8-M.txt,SharingFull/fallback,10900.0,15776.0,74.0,,
timing,M,final-timing-block3-8-M.txt,SharingExec/small,16.11,0.0,0.0,,
timing,M,final-timing-block3-8-M.txt,SharingExec/pressure,49.0,0.0,0.0,,
timing,M,final-timing-block3-8-M.txt,SharingExec/join,16.27,0.0,0.0,,
timing,M,final-timing-block3-8-M.txt,SharingExec/large,251.2,0.0,0.0,,
timing,M,final-timing-block3-8-M.txt,SharingExec/deep,16.14,0.0,0.0,,
timing,M,final-timing-block3-8-M.txt,SharingExec/locals,85.62,0.0,0.0,,
timing,M,final-timing-block3-8-M.txt,SharingExec/many,16.01,0.0,0.0,,
timing,M,final-timing-block3-8-M.txt,SharingExec/large_then_small,250.3,0.0,0.0,,
timing,M,final-timing-block3-8-M.txt,SharingExec/fallback,16.5,0.0,0.0,,
timing,M,final-timing-block3-8-M.txt,SharingZeroLocals/1,11071.0,8216.0,20.0,,
timing,M,final-timing-block3-8-M.txt,SharingZeroLocals/8,11532.0,8360.0,22.0,,
timing,M,final-timing-block3-8-M.txt,SharingZeroLocals/64,13338.0,9064.0,19.0,,
timing,M,final-timing-block3-8-M.txt,SharingZeroLocals/256,16950.0,14569.0,16.0,,
timing,M,final-timing-block3-8-M.txt,Compile/tiny,13198.0,8344.0,22.0,,
timing,M,final-timing-block3-8-M.txt,Compile/fib_rec,23701.0,26792.0,50.0,,
timing,M,final-timing-block3-8-M.txt,Compile/many_funcs,412451.0,69272.0,31.0,,
timing,M,final-timing-block3-8-M.txt,Compile/json-as,1180084.0,134624.0,125.0,,
timing,M,final-timing-block3-8-M.txt,Compile/xxhash,116188.0,65720.0,58.0,,
timing,M,final-timing-block3-8-M.txt,CompileFull/tiny,16628.0,18416.0,91.0,96.0,
timing,M,final-timing-block3-8-M.txt,CompileFull/fib_rec,25228.0,35497.0,107.0,320.0,
timing,M,final-timing-block3-8-M.txt,CompileFull/many_funcs,563899.0,179337.0,85.0,7771.0,
timing,M,final-timing-block3-8-M.txt,CompileFull/json-as,1769951.0,309673.0,399.0,67398.0,
timing,M,final-timing-block3-8-M.txt,CompileFull/xxhash,147136.0,107228.0,146.0,3301.0,
timing,M,final-timing-block3-8-M.txt,Exec/tiny.add,15.87,,,,134029.0
timing,M,final-timing-block3-8-M.txt,Exec/fib_rec.fib,707383.0,,,,3.0
timing,M,final-timing-block3-8-M.txt,Exec/many_funcs.run,15.73,,,,129419.0
timing,M,final-timing-block3-8-M.txt,Exec/json-as.serializeN,23181.0,,,,93.0
timing,M,final-timing-block3-8-M.txt,Exec/json-as.deserializeN,42739.0,,,,50.0
timing,M,final-timing-block3-8-M.txt,Exec/xxhash.xxhash_run,124685.0,,,,16.0
timing,B,final-timing-block1-2-B.txt,SharingNative/small,9659.0,8248.0,21.0,,
timing,B,final-timing-block1-2-B.txt,SharingNative/pressure,25886.0,19488.0,18.0,,
timing,B,final-timing-block1-2-B.txt,SharingNative/join,10936.0,10152.0,26.0,,
timing,B,final-timing-block1-2-B.txt,SharingNative/large,203663.0,228544.0,24.0,,
timing,B,final-timing-block1-2-B.txt,SharingNative/deep,14081.0,11504.0,22.0,,
timing,B,final-timing-block1-2-B.txt,SharingNative/locals,36358.0,29192.0,21.0,,
timing,B,final-timing-block1-2-B.txt,SharingNative/many,638158.0,50600.0,24.0,,
timing,B,final-timing-block1-2-B.txt,SharingNative/large_then_small,884819.0,275320.0,30.0,,
timing,B,final-timing-block1-2-B.txt,SharingNative/fallback,9901.0,8248.0,21.0,,
timing,B,final-timing-block1-2-B.txt,SharingFull/small,10240.0,15776.0,74.0,,
timing,B,final-timing-block1-2-B.txt,SharingFull/pressure,34326.0,31449.0,75.0,,
timing,B,final-timing-block1-2-B.txt,SharingFull/join,12960.0,17688.0,80.0,,
timing,B,final-timing-block1-2-B.txt,SharingFull/large,286818.0,315927.0,87.0,,
timing,B,final-timing-block1-2-B.txt,SharingFull/deep,18226.0,24961.0,83.0,,
timing,B,final-timing-block1-2-B.txt,SharingFull/locals,48454.0,41242.0,73.0,,
timing,B,final-timing-block1-2-B.txt,SharingFull/many,856847.0,243900.0,588.0,,
timing,B,final-timing-block1-2-B.txt,SharingFull/large_then_small,1224414.0,514235.0,595.0,,
timing,B,final-timing-block1-2-B.txt,SharingFull/fallback,10771.0,15776.0,74.0,,
timing,B,final-timing-block1-2-B.txt,SharingExec/small,15.94,0.0,0.0,,
timing,B,final-timing-block1-2-B.txt,SharingExec/pressure,49.05,0.0,0.0,,
timing,B,final-timing-block1-2-B.txt,SharingExec/join,16.19,0.0,0.0,,
timing,B,final-timing-block1-2-B.txt,SharingExec/large,253.3,0.0,0.0,,
timing,B,final-timing-block1-2-B.txt,SharingExec/deep,15.97,0.0,0.0,,
timing,B,final-timing-block1-2-B.txt,SharingExec/locals,86.81,0.0,0.0,,
timing,B,final-timing-block1-2-B.txt,SharingExec/many,16.01,0.0,0.0,,
timing,B,final-timing-block1-2-B.txt,SharingExec/large_then_small,258.3,0.0,0.0,,
timing,B,final-timing-block1-2-B.txt,SharingExec/fallback,16.33,0.0,0.0,,
timing,B,final-timing-block1-2-B.txt,SharingZeroLocals/1,11331.0,8216.0,20.0,,
timing,B,final-timing-block1-2-B.txt,SharingZeroLocals/8,11425.0,8360.0,22.0,,
timing,B,final-timing-block1-2-B.txt,SharingZeroLocals/64,13346.0,9064.0,19.0,,
timing,B,final-timing-block1-2-B.txt,SharingZeroLocals/256,17119.0,14569.0,16.0,,
timing,B,final-timing-block1-2-B.txt,Compile/tiny,13166.0,8344.0,22.0,,
timing,B,final-timing-block1-2-B.txt,Compile/fib_rec,24122.0,26792.0,50.0,,
timing,B,final-timing-block1-2-B.txt,Compile/many_funcs,419387.0,69272.0,31.0,,
timing,B,final-timing-block1-2-B.txt,Compile/json-as,1196412.0,134624.0,125.0,,
timing,B,final-timing-block1-2-B.txt,Compile/xxhash,112811.0,65720.0,58.0,,
timing,B,final-timing-block1-2-B.txt,CompileFull/tiny,16124.0,18416.0,91.0,96.0,
timing,B,final-timing-block1-2-B.txt,CompileFull/fib_rec,24873.0,35497.0,107.0,320.0,
timing,B,final-timing-block1-2-B.txt,CompileFull/many_funcs,583259.0,179337.0,85.0,7771.0,
timing,B,final-timing-block1-2-B.txt,CompileFull/json-as,1797995.0,309675.0,399.0,67398.0,
timing,B,final-timing-block1-2-B.txt,CompileFull/xxhash,142734.0,107228.0,146.0,3301.0,
timing,B,final-timing-block1-2-B.txt,Exec/tiny.add,15.46,,,,133951.0
timing,B,final-timing-block1-2-B.txt,Exec/fib_rec.fib,693577.0,,,,3.0
timing,B,final-timing-block1-2-B.txt,Exec/many_funcs.run,15.39,,,,130109.0
timing,B,final-timing-block1-2-B.txt,Exec/json-as.serializeN,22928.0,,,,95.0
timing,B,final-timing-block1-2-B.txt,Exec/json-as.deserializeN,46388.0,,,,57.0
timing,B,final-timing-block1-2-B.txt,Exec/xxhash.xxhash_run,124255.0,,,,16.0
timing,B,final-timing-block1-7-B.txt,SharingNative/small,10846.0,8248.0,21.0,,
timing,B,final-timing-block1-7-B.txt,SharingNative/pressure,27324.0,19488.0,18.0,,
timing,B,final-timing-block1-7-B.txt,SharingNative/join,12525.0,10152.0,26.0,,
timing,B,final-timing-block1-7-B.txt,SharingNative/large,209058.0,228544.0,24.0,,
timing,B,final-timing-block1-7-B.txt,SharingNative/deep,14351.0,11504.0,22.0,,
timing,B,final-timing-block1-7-B.txt,SharingNative/locals,36758.0,29192.0,21.0,,
timing,B,final-timing-block1-7-B.txt,SharingNative/many,637727.0,50600.0,24.0,,
timing,B,final-timing-block1-7-B.txt,SharingNative/large_then_small,883820.0,275320.0,30.0,,
timing,B,final-timing-block1-7-B.txt,SharingNative/fallback,10294.0,8248.0,21.0,,
timing,B,final-timing-block1-7-B.txt,SharingFull/small,10009.0,15776.0,74.0,,
timing,B,final-timing-block1-7-B.txt,SharingFull/pressure,34970.0,31449.0,75.0,,
timing,B,final-timing-block1-7-B.txt,SharingFull/join,11620.0,17688.0,80.0,,
timing,B,final-timing-block1-7-B.txt,SharingFull/large,277857.0,315927.0,87.0,,
timing,B,final-timing-block1-7-B.txt,SharingFull/deep,16930.0,24961.0,83.0,,
timing,B,final-timing-block1-7-B.txt,SharingFull/locals,44670.0,41242.0,73.0,,
timing,B,final-timing-block1-7-B.txt,SharingFull/many,877272.0,243900.0,588.0,,
timing,B,final-timing-block1-7-B.txt,SharingFull/large_then_small,1183137.0,514236.0,595.0,,
timing,B,final-timing-block1-7-B.txt,SharingFull/fallback,9807.0,15776.0,74.0,,
timing,B,final-timing-block1-7-B.txt,SharingExec/small,15.81,0.0,0.0,,
timing,B,final-timing-block1-7-B.txt,SharingExec/pressure,48.07,0.0,0.0,,
timing,B,final-timing-block1-7-B.txt,SharingExec/join,16.57,0.0,0.0,,
timing,B,final-timing-block1-7-B.txt,SharingExec/large,252.4,0.0,0.0,,
timing,B,final-timing-block1-7-B.txt,SharingExec/deep,15.94,0.0,0.0,,
timing,B,final-timing-block1-7-B.txt,SharingExec/locals,84.1,0.0,0.0,,
timing,B,final-timing-block1-7-B.txt,SharingExec/many,15.97,0.0,0.0,,
timing,B,final-timing-block1-7-B.txt,SharingExec/large_then_small,253.5,0.0,0.0,,
timing,B,final-timing-block1-7-B.txt,SharingExec/fallback,16.36,0.0,0.0,,
timing,B,final-timing-block1-7-B.txt,SharingZeroLocals/1,11429.0,8216.0,20.0,,
timing,B,final-timing-block1-7-B.txt,SharingZeroLocals/8,13069.0,8360.0,22.0,,
timing,B,final-timing-block1-7-B.txt,SharingZeroLocals/64,13698.0,9064.0,19.0,,
timing,B,final-timing-block1-7-B.txt,SharingZeroLocals/256,17440.0,14569.0,16.0,,
timing,B,final-timing-block1-7-B.txt,Compile/tiny,13223.0,8344.0,22.0,,
timing,B,final-timing-block1-7-B.txt,Compile/fib_rec,24209.0,26792.0,50.0,,
timing,B,final-timing-block1-7-B.txt,Compile/many_funcs,440786.0,69272.0,31.0,,
timing,B,final-timing-block1-7-B.txt,Compile/json-as,1204831.0,134624.0,125.0,,
timing,B,final-timing-block1-7-B.txt,Compile/xxhash,114754.0,65720.0,58.0,,
timing,B,final-timing-block1-7-B.txt,CompileFull/tiny,15980.0,18416.0,91.0,96.0,
timing,B,final-timing-block1-7-B.txt,CompileFull/fib_rec,24758.0,35497.0,107.0,320.0,
timing,B,final-timing-block1-7-B.txt,CompileFull/many_funcs,580192.0,179337.0,85.0,7771.0,
timing,B,final-timing-block1-7-B.txt,CompileFull/json-as,1760561.0,309673.0,399.0,67398.0,
timing,B,final-timing-block1-7-B.txt,CompileFull/xxhash,141320.0,107228.0,146.0,3301.0,
timing,B,final-timing-block1-7-B.txt,Exec/tiny.add,15.4,,,,134835.0
timing,B,final-timing-block1-7-B.txt,Exec/fib_rec.fib,700176.0,,,,3.0
timing,B,final-timing-block1-7-B.txt,Exec/many_funcs.run,15.74,,,,130503.0
timing,B,final-timing-block1-7-B.txt,Exec/json-as.serializeN,23608.0,,,,94.0
timing,B,final-timing-block1-7-B.txt,Exec/json-as.deserializeN,43165.0,,,,55.0
timing,B,final-timing-block1-7-B.txt,Exec/xxhash.xxhash_run,125303.0,,,,16.0
timing,B,final-timing-block2-2-B.txt,SharingNative/small,10009.0,8248.0,21.0,,
timing,B,final-timing-block2-2-B.txt,SharingNative/pressure,27338.0,19488.0,18.0,,
timing,B,final-timing-block2-2-B.txt,SharingNative/join,11668.0,10152.0,26.0,,
timing,B,final-timing-block2-2-B.txt,SharingNative/large,205945.0,228544.0,24.0,,
timing,B,final-timing-block2-2-B.txt,SharingNative/deep,14624.0,11504.0,22.0,,
timing,B,final-timing-block2-2-B.txt,SharingNative/locals,35985.0,29192.0,21.0,,
timing,B,final-timing-block2-2-B.txt,SharingNative/many,626011.0,50600.0,24.0,,
timing,B,final-timing-block2-2-B.txt,SharingNative/large_then_small,874526.0,275320.0,30.0,,
timing,B,final-timing-block2-2-B.txt,SharingNative/fallback,10206.0,8248.0,21.0,,
timing,B,final-timing-block2-2-B.txt,SharingFull/small,10344.0,15776.0,74.0,,
timing,B,final-timing-block2-2-B.txt,SharingFull/pressure,32985.0,31449.0,75.0,,
timing,B,final-timing-block2-2-B.txt,SharingFull/join,12603.0,17688.0,80.0,,
timing,B,final-timing-block2-2-B.txt,SharingFull/large,283781.0,315927.0,87.0,,
timing,B,final-timing-block2-2-B.txt,SharingFull/deep,17210.0,24961.0,83.0,,
timing,B,final-timing-block2-2-B.txt,SharingFull/locals,47662.0,41242.0,73.0,,
timing,B,final-timing-block2-2-B.txt,SharingFull/many,879817.0,243900.0,588.0,,
timing,B,final-timing-block2-2-B.txt,SharingFull/large_then_small,1180972.0,514235.0,595.0,,
timing,B,final-timing-block2-2-B.txt,SharingFull/fallback,10902.0,15776.0,74.0,,
timing,B,final-timing-block2-2-B.txt,SharingExec/small,16.37,0.0,0.0,,
timing,B,final-timing-block2-2-B.txt,SharingExec/pressure,49.36,0.0,0.0,,
timing,B,final-timing-block2-2-B.txt,SharingExec/join,16.43,0.0,0.0,,
timing,B,final-timing-block2-2-B.txt,SharingExec/large,252.4,0.0,0.0,,
timing,B,final-timing-block2-2-B.txt,SharingExec/deep,16.09,0.0,0.0,,
timing,B,final-timing-block2-2-B.txt,SharingExec/locals,85.54,0.0,0.0,,
timing,B,final-timing-block2-2-B.txt,SharingExec/many,15.98,0.0,0.0,,
timing,B,final-timing-block2-2-B.txt,SharingExec/large_then_small,251.6,0.0,0.0,,
timing,B,final-timing-block2-2-B.txt,SharingExec/fallback,16.24,0.0,0.0,,
timing,B,final-timing-block2-2-B.txt,SharingZeroLocals/1,11341.0,8216.0,20.0,,
timing,B,final-timing-block2-2-B.txt,SharingZeroLocals/8,11614.0,8360.0,22.0,,
timing,B,final-timing-block2-2-B.txt,SharingZeroLocals/64,13596.0,9064.0,19.0,,
timing,B,final-timing-block2-2-B.txt,SharingZeroLocals/256,17422.0,14569.0,16.0,,
timing,B,final-timing-block2-2-B.txt,Compile/tiny,12898.0,8344.0,22.0,,
timing,B,final-timing-block2-2-B.txt,Compile/fib_rec,23907.0,26792.0,50.0,,
timing,B,final-timing-block2-2-B.txt,Compile/many_funcs,427440.0,69272.0,31.0,,
timing,B,final-timing-block2-2-B.txt,Compile/json-as,1205054.0,134624.0,125.0,,
timing,B,final-timing-block2-2-B.txt,Compile/xxhash,112142.0,65720.0,58.0,,
timing,B,final-timing-block2-2-B.txt,CompileFull/tiny,16728.0,18416.0,91.0,96.0,
timing,B,final-timing-block2-2-B.txt,CompileFull/fib_rec,25518.0,35497.0,107.0,320.0,
timing,B,final-timing-block2-2-B.txt,CompileFull/many_funcs,561726.0,179337.0,85.0,7771.0,
timing,B,final-timing-block2-2-B.txt,CompileFull/json-as,1790074.0,309675.0,399.0,67398.0,
timing,B,final-timing-block2-2-B.txt,CompileFull/xxhash,145669.0,107228.0,146.0,3301.0,
timing,B,final-timing-block2-2-B.txt,Exec/tiny.add,15.32,,,,134362.0
timing,B,final-timing-block2-2-B.txt,Exec/fib_rec.fib,692878.0,,,,3.0
timing,B,final-timing-block2-2-B.txt,Exec/many_funcs.run,15.38,,,,131832.0
timing,B,final-timing-block2-2-B.txt,Exec/json-as.serializeN,22431.0,,,,95.0
timing,B,final-timing-block2-2-B.txt,Exec/json-as.deserializeN,42231.0,,,,58.0
timing,B,final-timing-block2-2-B.txt,Exec/xxhash.xxhash_run,125248.0,,,,16.0
timing,B,final-timing-block2-7-B.txt,SharingNative/small,9536.0,8248.0,21.0,,
timing,B,final-timing-block2-7-B.txt,SharingNative/pressure,25656.0,19488.0,18.0,,
timing,B,final-timing-block2-7-B.txt,SharingNative/join,11710.0,10152.0,26.0,,
timing,B,final-timing-block2-7-B.txt,SharingNative/large,203268.0,228544.0,24.0,,
timing,B,final-timing-block2-7-B.txt,SharingNative/deep,14240.0,11504.0,22.0,,
timing,B,final-timing-block2-7-B.txt,SharingNative/locals,34671.0,29192.0,21.0,,
timing,B,final-timing-block2-7-B.txt,SharingNative/many,600231.0,50600.0,24.0,,
timing,B,final-timing-block2-7-B.txt,SharingNative/large_then_small,856615.0,275320.0,30.0,,
timing,B,final-timing-block2-7-B.txt,SharingNative/fallback,10008.0,8248.0,21.0,,
timing,B,final-timing-block2-7-B.txt,SharingFull/small,10204.0,15776.0,74.0,,
timing,B,final-timing-block2-7-B.txt,SharingFull/pressure,33681.0,31449.0,75.0,,
timing,B,final-timing-block2-7-B.txt,SharingFull/join,12327.0,17688.0,80.0,,
timing,B,final-timing-block2-7-B.txt,SharingFull/large,282976.0,315927.0,87.0,,
timing,B,final-timing-block2-7-B.txt,SharingFull/deep,16931.0,24961.0,83.0,,
timing,B,final-timing-block2-7-B.txt,SharingFull/locals,47468.0,41242.0,73.0,,
timing,B,final-timing-block2-7-B.txt,SharingFull/many,873055.0,243900.0,588.0,,
timing,B,final-timing-block2-7-B.txt,SharingFull/large_then_small,1191472.0,514235.0,595.0,,
timing,B,final-timing-block2-7-B.txt,SharingFull/fallback,10714.0,15776.0,74.0,,
timing,B,final-timing-block2-7-B.txt,SharingExec/small,15.77,0.0,0.0,,
timing,B,final-timing-block2-7-B.txt,SharingExec/pressure,48.21,0.0,0.0,,
timing,B,final-timing-block2-7-B.txt,SharingExec/join,15.97,0.0,0.0,,
timing,B,final-timing-block2-7-B.txt,SharingExec/large,255.0,0.0,0.0,,
timing,B,final-timing-block2-7-B.txt,SharingExec/deep,15.7,0.0,0.0,,
timing,B,final-timing-block2-7-B.txt,SharingExec/locals,85.2,0.0,0.0,,
timing,B,final-timing-block2-7-B.txt,SharingExec/many,15.84,0.0,0.0,,
timing,B,final-timing-block2-7-B.txt,SharingExec/large_then_small,255.6,0.0,0.0,,
timing,B,final-timing-block2-7-B.txt,SharingExec/fallback,16.24,0.0,0.0,,
timing,B,final-timing-block2-7-B.txt,SharingZeroLocals/1,11163.0,8216.0,20.0,,
timing,B,final-timing-block2-7-B.txt,SharingZeroLocals/8,11547.0,8360.0,22.0,,
timing,B,final-timing-block2-7-B.txt,SharingZeroLocals/64,13538.0,9064.0,19.0,,
timing,B,final-timing-block2-7-B.txt,SharingZeroLocals/256,17319.0,14569.0,16.0,,
timing,B,final-timing-block2-7-B.txt,Compile/tiny,13387.0,8344.0,22.0,,
timing,B,final-timing-block2-7-B.txt,Compile/fib_rec,23069.0,26792.0,50.0,,
timing,B,final-timing-block2-7-B.txt,Compile/many_funcs,425680.0,69272.0,31.0,,
timing,B,final-timing-block2-7-B.txt,Compile/json-as,1211625.0,134624.0,125.0,,
timing,B,final-timing-block2-7-B.txt,Compile/xxhash,114301.0,65720.0,58.0,,
timing,B,final-timing-block2-7-B.txt,CompileFull/tiny,15839.0,18416.0,91.0,96.0,
timing,B,final-timing-block2-7-B.txt,CompileFull/fib_rec,24854.0,35497.0,107.0,320.0,
timing,B,final-timing-block2-7-B.txt,CompileFull/many_funcs,575842.0,179337.0,85.0,7771.0,
timing,B,final-timing-block2-7-B.txt,CompileFull/json-as,1780050.0,309674.0,399.0,67398.0,
timing,B,final-timing-block2-7-B.txt,CompileFull/xxhash,142963.0,107228.0,146.0,3301.0,
timing,B,final-timing-block2-7-B.txt,Exec/tiny.add,15.58,,,,132307.0
timing,B,final-timing-block2-7-B.txt,Exec/fib_rec.fib,720611.0,,,,3.0
timing,B,final-timing-block2-7-B.txt,Exec/many_funcs.run,15.83,,,,127120.0
timing,B,final-timing-block2-7-B.txt,Exec/json-as.serializeN,23077.0,,,,93.0
timing,B,final-timing-block2-7-B.txt,Exec/json-as.deserializeN,41897.0,,,,55.0
timing,B,final-timing-block2-7-B.txt,Exec/xxhash.xxhash_run,124468.0,,,,16.0
timing,B,final-timing-block3-2-B.txt,SharingNative/small,9869.0,8248.0,21.0,,
timing,B,final-timing-block3-2-B.txt,SharingNative/pressure,26830.0,19488.0,18.0,,
timing,B,final-timing-block3-2-B.txt,SharingNative/join,11373.0,10152.0,26.0,,
timing,B,final-timing-block3-2-B.txt,SharingNative/large,213223.0,228544.0,24.0,,
timing,B,final-timing-block3-2-B.txt,SharingNative/deep,14407.0,11504.0,22.0,,
timing,B,final-timing-block3-2-B.txt,SharingNative/locals,35933.0,29192.0,21.0,,
timing,B,final-timing-block3-2-B.txt,SharingNative/many,639716.0,50600.0,24.0,,
timing,B,final-timing-block3-2-B.txt,SharingNative/large_then_small,872317.0,275320.0,30.0,,
timing,B,final-timing-block3-2-B.txt,SharingNative/fallback,10054.0,8248.0,21.0,,
timing,B,final-timing-block3-2-B.txt,SharingFull/small,10685.0,15776.0,74.0,,
timing,B,final-timing-block3-2-B.txt,SharingFull/pressure,34583.0,31449.0,75.0,,
timing,B,final-timing-block3-2-B.txt,SharingFull/join,12478.0,17688.0,80.0,,
timing,B,final-timing-block3-2-B.txt,SharingFull/large,286821.0,315927.0,87.0,,
timing,B,final-timing-block3-2-B.txt,SharingFull/deep,17574.0,24961.0,83.0,,
timing,B,final-timing-block3-2-B.txt,SharingFull/locals,49421.0,41242.0,73.0,,
timing,B,final-timing-block3-2-B.txt,SharingFull/many,875313.0,243900.0,588.0,,
timing,B,final-timing-block3-2-B.txt,SharingFull/large_then_small,1224038.0,514235.0,595.0,,
timing,B,final-timing-block3-2-B.txt,SharingFull/fallback,10335.0,15776.0,74.0,,
timing,B,final-timing-block3-2-B.txt,SharingExec/small,15.95,0.0,0.0,,
timing,B,final-timing-block3-2-B.txt,SharingExec/pressure,48.77,0.0,0.0,,
timing,B,final-timing-block3-2-B.txt,SharingExec/join,16.07,0.0,0.0,,
timing,B,final-timing-block3-2-B.txt,SharingExec/large,257.6,0.0,0.0,,
timing,B,final-timing-block3-2-B.txt,SharingExec/deep,15.9,0.0,0.0,,
timing,B,final-timing-block3-2-B.txt,SharingExec/locals,85.6,0.0,0.0,,
timing,B,final-timing-block3-2-B.txt,SharingExec/many,16.06,0.0,0.0,,
timing,B,final-timing-block3-2-B.txt,SharingExec/large_then_small,261.0,0.0,0.0,,
timing,B,final-timing-block3-2-B.txt,SharingExec/fallback,16.25,0.0,0.0,,
timing,B,final-timing-block3-2-B.txt,SharingZeroLocals/1,11187.0,8216.0,20.0,,
timing,B,final-timing-block3-2-B.txt,SharingZeroLocals/8,11710.0,8360.0,22.0,,
timing,B,final-timing-block3-2-B.txt,SharingZeroLocals/64,13066.0,9064.0,19.0,,
timing,B,final-timing-block3-2-B.txt,SharingZeroLocals/256,17216.0,14569.0,16.0,,
timing,B,final-timing-block3-2-B.txt,Compile/tiny,13212.0,8344.0,22.0,,
timing,B,final-timing-block3-2-B.txt,Compile/fib_rec,23049.0,26792.0,50.0,,
timing,B,final-timing-block3-2-B.txt,Compile/many_funcs,440504.0,69272.0,31.0,,
timing,B,final-timing-block3-2-B.txt,Compile/json-as,1203302.0,134624.0,125.0,,
timing,B,final-timing-block3-2-B.txt,Compile/xxhash,117904.0,65720.0,58.0,,
timing,B,final-timing-block3-2-B.txt,CompileFull/tiny,15188.0,18416.0,91.0,96.0,
timing,B,final-timing-block3-2-B.txt,CompileFull/fib_rec,25150.0,35497.0,107.0,320.0,
timing,B,final-timing-block3-2-B.txt,CompileFull/many_funcs,573275.0,179337.0,85.0,7771.0,
timing,B,final-timing-block3-2-B.txt,CompileFull/json-as,1807620.0,309675.0,399.0,67398.0,
timing,B,final-timing-block3-2-B.txt,CompileFull/xxhash,142207.0,107228.0,146.0,3301.0,
timing,B,final-timing-block3-2-B.txt,Exec/tiny.add,15.44,,,,133956.0
timing,B,final-timing-block3-2-B.txt,Exec/fib_rec.fib,696667.0,,,,3.0
timing,B,final-timing-block3-2-B.txt,Exec/many_funcs.run,15.69,,,,130844.0
timing,B,final-timing-block3-2-B.txt,Exec/json-as.serializeN,23235.0,,,,95.0
timing,B,final-timing-block3-2-B.txt,Exec/json-as.deserializeN,42790.0,,,,56.0
timing,B,final-timing-block3-2-B.txt,Exec/xxhash.xxhash_run,124169.0,,,,16.0
timing,B,final-timing-block3-7-B.txt,SharingNative/small,10006.0,8248.0,21.0,,
timing,B,final-timing-block3-7-B.txt,SharingNative/pressure,27179.0,19488.0,18.0,,
timing,B,final-timing-block3-7-B.txt,SharingNative/join,11728.0,10152.0,26.0,,
timing,B,final-timing-block3-7-B.txt,SharingNative/large,208418.0,228544.0,24.0,,
timing,B,final-timing-block3-7-B.txt,SharingNative/deep,13999.0,11504.0,22.0,,
timing,B,final-timing-block3-7-B.txt,SharingNative/locals,36853.0,29192.0,21.0,,
timing,B,final-timing-block3-7-B.txt,SharingNative/many,618465.0,50600.0,24.0,,
timing,B,final-timing-block3-7-B.txt,SharingNative/large_then_small,891326.0,275320.0,30.0,,
timing,B,final-timing-block3-7-B.txt,SharingNative/fallback,9854.0,8248.0,21.0,,
timing,B,final-timing-block3-7-B.txt,SharingFull/small,10186.0,15776.0,74.0,,
timing,B,final-timing-block3-7-B.txt,SharingFull/pressure,32533.0,31449.0,75.0,,
timing,B,final-timing-block3-7-B.txt,SharingFull/join,12276.0,17688.0,80.0,,
timing,B,final-timing-block3-7-B.txt,SharingFull/large,287258.0,315927.0,87.0,,
timing,B,final-timing-block3-7-B.txt,SharingFull/deep,17821.0,24961.0,83.0,,
timing,B,final-timing-block3-7-B.txt,SharingFull/locals,47599.0,41242.0,73.0,,
timing,B,final-timing-block3-7-B.txt,SharingFull/many,862133.0,243900.0,588.0,,
timing,B,final-timing-block3-7-B.txt,SharingFull/large_then_small,1204431.0,514234.0,595.0,,
timing,B,final-timing-block3-7-B.txt,SharingFull/fallback,10191.0,15776.0,74.0,,
timing,B,final-timing-block3-7-B.txt,SharingExec/small,15.91,0.0,0.0,,
timing,B,final-timing-block3-7-B.txt,SharingExec/pressure,49.71,0.0,0.0,,
timing,B,final-timing-block3-7-B.txt,SharingExec/join,16.07,0.0,0.0,,
timing,B,final-timing-block3-7-B.txt,SharingExec/large,249.8,0.0,0.0,,
timing,B,final-timing-block3-7-B.txt,SharingExec/deep,15.91,0.0,0.0,,
timing,B,final-timing-block3-7-B.txt,SharingExec/locals,84.66,0.0,0.0,,
timing,B,final-timing-block3-7-B.txt,SharingExec/many,16.69,0.0,0.0,,
timing,B,final-timing-block3-7-B.txt,SharingExec/large_then_small,253.2,0.0,0.0,,
timing,B,final-timing-block3-7-B.txt,SharingExec/fallback,16.23,0.0,0.0,,
timing,B,final-timing-block3-7-B.txt,SharingZeroLocals/1,11040.0,8216.0,20.0,,
timing,B,final-timing-block3-7-B.txt,SharingZeroLocals/8,11479.0,8360.0,22.0,,
timing,B,final-timing-block3-7-B.txt,SharingZeroLocals/64,13406.0,9064.0,19.0,,
timing,B,final-timing-block3-7-B.txt,SharingZeroLocals/256,16714.0,14569.0,16.0,,
timing,B,final-timing-block3-7-B.txt,Compile/tiny,12619.0,8344.0,22.0,,
timing,B,final-timing-block3-7-B.txt,Compile/fib_rec,22568.0,26792.0,50.0,,
timing,B,final-timing-block3-7-B.txt,Compile/many_funcs,414683.0,69272.0,31.0,,
timing,B,final-timing-block3-7-B.txt,Compile/json-as,1232260.0,134624.0,125.0,,
timing,B,final-timing-block3-7-B.txt,Compile/xxhash,112634.0,65720.0,58.0,,
timing,B,final-timing-block3-7-B.txt,CompileFull/tiny,15939.0,18416.0,91.0,96.0,
timing,B,final-timing-block3-7-B.txt,CompileFull/fib_rec,25198.0,35497.0,107.0,320.0,
timing,B,final-timing-block3-7-B.txt,CompileFull/many_funcs,584798.0,179337.0,85.0,7771.0,
timing,B,final-timing-block3-7-B.txt,CompileFull/json-as,1788537.0,309673.0,399.0,67398.0,
timing,B,final-timing-block3-7-B.txt,CompileFull/xxhash,141481.0,107228.0,146.0,3301.0,
timing,B,final-timing-block3-7-B.txt,Exec/tiny.add,15.44,,,,133850.0
timing,B,final-timing-block3-7-B.txt,Exec/fib_rec.fib,694015.0,,,,3.0
timing,B,final-timing-block3-7-B.txt,Exec/many_funcs.run,15.46,,,,133712.0
timing,B,final-timing-block3-7-B.txt,Exec/json-as.serializeN,23047.0,,,,93.0
timing,B,final-timing-block3-7-B.txt,Exec/json-as.deserializeN,42923.0,,,,61.0
timing,B,final-timing-block3-7-B.txt,Exec/xxhash.xxhash_run,124846.0,,,,16.0
timing,R,final-timing-block1-3-R.txt,SharingNative/small,9163.0,7536.0,20.0,,
timing,R,final-timing-block1-3-R.txt,SharingNative/pressure,18821.0,12120.0,23.0,,
timing,R,final-timing-block1-3-R.txt,SharingNative/join,10390.0,7936.0,21.0,,
timing,R,final-timing-block1-3-R.txt,SharingNative/large,115968.0,72904.0,18.0,,
timing,R,final-timing-block1-3-R.txt,SharingNative/deep,10419.0,8496.0,21.0,,
timing,R,final-timing-block1-3-R.txt,SharingNative/locals,21798.0,20592.0,22.0,,
timing,R,final-timing-block1-3-R.txt,SharingNative/many,556074.0,49888.0,23.0,,
timing,R,final-timing-block1-3-R.txt,SharingNative/large_then_small,678183.0,119680.0,24.0,,
timing,R,final-timing-block1-3-R.txt,SharingNative/fallback,9950.0,8504.0,21.0,,
timing,R,final-timing-block1-3-R.txt,SharingFull/small,10568.0,15064.0,73.0,,
timing,R,final-timing-block1-3-R.txt,SharingFull/pressure,26343.0,24081.0,80.0,,
timing,R,final-timing-block1-3-R.txt,SharingFull/join,11855.0,15472.0,75.0,,
timing,R,final-timing-block1-3-R.txt,SharingFull/large,234604.0,159014.0,81.0,,
timing,R,final-timing-block1-3-R.txt,SharingFull/deep,13974.0,21953.0,82.0,,
timing,R,final-timing-block1-3-R.txt,SharingFull/locals,35608.0,32649.0,74.0,,
timing,R,final-timing-block1-3-R.txt,SharingFull/many,792691.0,243188.0,587.0,,
timing,R,final-timing-block1-3-R.txt,SharingFull/large_then_small,1013945.0,358594.0,589.0,,
timing,R,final-timing-block1-3-R.txt,SharingFull/fallback,10887.0,16032.0,74.0,,
timing,R,final-timing-block1-3-R.txt,SharingExec/small,16.03,0.0,0.0,,
timing,R,final-timing-block1-3-R.txt,SharingExec/pressure,47.19,0.0,0.0,,
timing,R,final-timing-block1-3-R.txt,SharingExec/join,17.46,0.0,0.0,,
timing,R,final-timing-block1-3-R.txt,SharingExec/large,256.0,0.0,0.0,,
timing,R,final-timing-block1-3-R.txt,SharingExec/deep,15.84,0.0,0.0,,
timing,R,final-timing-block1-3-R.txt,SharingExec/locals,41.05,0.0,0.0,,
timing,R,final-timing-block1-3-R.txt,SharingExec/many,15.83,0.0,0.0,,
timing,R,final-timing-block1-3-R.txt,SharingExec/large_then_small,260.7,0.0,0.0,,
timing,R,final-timing-block1-3-R.txt,SharingExec/fallback,16.18,0.0,0.0,,
timing,R,final-timing-block1-3-R.txt,SharingZeroLocals/1,11269.0,7416.0,20.0,,
timing,R,final-timing-block1-3-R.txt,SharingZeroLocals/8,11588.0,7768.0,20.0,,
timing,R,final-timing-block1-3-R.txt,SharingZeroLocals/64,12831.0,10760.0,17.0,,
timing,R,final-timing-block1-3-R.txt,SharingZeroLocals/256,17310.0,21384.0,17.0,,
timing,R,final-timing-block1-3-R.txt,Compile/tiny,13270.0,7672.0,23.0,,
timing,R,final-timing-block1-3-R.txt,Compile/fib_rec,23875.0,27048.0,50.0,,
timing,R,final-timing-block1-3-R.txt,Compile/many_funcs,400478.0,69680.0,35.0,,
timing,R,final-timing-block1-3-R.txt,Compile/json-as,1217374.0,134880.0,125.0,,
timing,R,final-timing-block1-3-R.txt,Compile/xxhash,117160.0,65976.0,58.0,,
timing,R,final-timing-block1-3-R.txt,CompileFull/tiny,14808.0,17752.0,92.0,102.0,
timing,R,final-timing-block1-3-R.txt,CompileFull/fib_rec,25497.0,35753.0,107.0,320.0,
timing,R,final-timing-block1-3-R.txt,CompileFull/many_funcs,538603.0,179745.0,89.0,8363.0,
timing,R,final-timing-block1-3-R.txt,CompileFull/json-as,1834974.0,309930.0,399.0,67398.0,
timing,R,final-timing-block1-3-R.txt,CompileFull/xxhash,147176.0,107500.0,146.0,3301.0,
timing,R,final-timing-block1-3-R.txt,Exec/tiny.add,17.3,,,,116592.0
timing,R,final-timing-block1-3-R.txt,Exec/fib_rec.fib,701030.0,,,,3.0
timing,R,final-timing-block1-3-R.txt,Exec/many_funcs.run,15.66,,,,128466.0
timing,R,final-timing-block1-3-R.txt,Exec/json-as.serializeN,22645.0,,,,93.0
timing,R,final-timing-block1-3-R.txt,Exec/json-as.deserializeN,42619.0,,,,56.0
timing,R,final-timing-block1-3-R.txt,Exec/xxhash.xxhash_run,126130.0,,,,15.0
timing,R,final-timing-block1-6-R.txt,SharingNative/small,9814.0,7536.0,20.0,,
timing,R,final-timing-block1-6-R.txt,SharingNative/pressure,19791.0,12120.0,23.0,,
timing,R,final-timing-block1-6-R.txt,SharingNative/join,9779.0,7936.0,21.0,,
timing,R,final-timing-block1-6-R.txt,SharingNative/large,116656.0,72904.0,18.0,,
timing,R,final-timing-block1-6-R.txt,SharingNative/deep,10298.0,8496.0,21.0,,
timing,R,final-timing-block1-6-R.txt,SharingNative/locals,23345.0,20592.0,22.0,,
timing,R,final-timing-block1-6-R.txt,SharingNative/many,553166.0,49888.0,23.0,,
timing,R,final-timing-block1-6-R.txt,SharingNative/large_then_small,675984.0,119680.0,24.0,,
timing,R,final-timing-block1-6-R.txt,SharingNative/fallback,9810.0,8504.0,21.0,,
timing,R,final-timing-block1-6-R.txt,SharingFull/small,9784.0,15064.0,73.0,,
timing,R,final-timing-block1-6-R.txt,SharingFull/pressure,25801.0,24081.0,80.0,,
timing,R,final-timing-block1-6-R.txt,SharingFull/join,12311.0,15472.0,75.0,,
timing,R,final-timing-block1-6-R.txt,SharingFull/large,258201.0,159014.0,81.0,,
timing,R,final-timing-block1-6-R.txt,SharingFull/deep,14198.0,21953.0,82.0,,
timing,R,final-timing-block1-6-R.txt,SharingFull/locals,34991.0,32649.0,74.0,,
timing,R,final-timing-block1-6-R.txt,SharingFull/many,804044.0,243188.0,587.0,,
timing,R,final-timing-block1-6-R.txt,SharingFull/large_then_small,1057830.0,358594.0,589.0,,
timing,R,final-timing-block1-6-R.txt,SharingFull/fallback,10616.0,16032.0,74.0,,
timing,R,final-timing-block1-6-R.txt,SharingExec/small,20.53,0.0,0.0,,
timing,R,final-timing-block1-6-R.txt,SharingExec/pressure,49.29,0.0,0.0,,
timing,R,final-timing-block1-6-R.txt,SharingExec/join,20.21,0.0,0.0,,
timing,R,final-timing-block1-6-R.txt,SharingExec/large,256.5,0.0,0.0,,
timing,R,final-timing-block1-6-R.txt,SharingExec/deep,16.12,0.0,0.0,,
timing,R,final-timing-block1-6-R.txt,SharingExec/locals,52.68,0.0,0.0,,
timing,R,final-timing-block1-6-R.txt,SharingExec/many,18.5,0.0,0.0,,
timing,R,final-timing-block1-6-R.txt,SharingExec/large_then_small,252.5,0.0,0.0,,
timing,R,final-timing-block1-6-R.txt,SharingExec/fallback,16.2,0.0,0.0,,
timing,R,final-timing-block1-6-R.txt,SharingZeroLocals/1,10569.0,7416.0,20.0,,
timing,R,final-timing-block1-6-R.txt,SharingZeroLocals/8,10971.0,7768.0,20.0,,
timing,R,final-timing-block1-6-R.txt,SharingZeroLocals/64,12520.0,10760.0,17.0,,
timing,R,final-timing-block1-6-R.txt,SharingZeroLocals/256,17001.0,21384.0,17.0,,
timing,R,final-timing-block1-6-R.txt,Compile/tiny,12343.0,7672.0,23.0,,
timing,R,final-timing-block1-6-R.txt,Compile/fib_rec,22311.0,27048.0,50.0,,
timing,R,final-timing-block1-6-R.txt,Compile/many_funcs,465539.0,69680.0,35.0,,
timing,R,final-timing-block1-6-R.txt,Compile/json-as,1216402.0,134880.0,125.0,,
timing,R,final-timing-block1-6-R.txt,Compile/xxhash,114794.0,65976.0,58.0,,
timing,R,final-timing-block1-6-R.txt,CompileFull/tiny,15581.0,17752.0,92.0,102.0,
timing,R,final-timing-block1-6-R.txt,CompileFull/fib_rec,24199.0,35753.0,107.0,320.0,
timing,R,final-timing-block1-6-R.txt,CompileFull/many_funcs,531891.0,179745.0,89.0,8363.0,
timing,R,final-timing-block1-6-R.txt,CompileFull/json-as,1815604.0,309930.0,399.0,67398.0,
timing,R,final-timing-block1-6-R.txt,CompileFull/xxhash,147333.0,107500.0,146.0,3301.0,
timing,R,final-timing-block1-6-R.txt,Exec/tiny.add,18.06,,,,111774.0
timing,R,final-timing-block1-6-R.txt,Exec/fib_rec.fib,717060.0,,,,3.0
timing,R,final-timing-block1-6-R.txt,Exec/many_funcs.run,15.59,,,,132545.0
timing,R,final-timing-block1-6-R.txt,Exec/json-as.serializeN,22628.0,,,,95.0
timing,R,final-timing-block1-6-R.txt,Exec/json-as.deserializeN,41970.0,,,,60.0
timing,R,final-timing-block1-6-R.txt,Exec/xxhash.xxhash_run,125387.0,,,,16.0
timing,R,final-timing-block2-3-R.txt,SharingNative/small,9657.0,7536.0,20.0,,
timing,R,final-timing-block2-3-R.txt,SharingNative/pressure,19666.0,12120.0,23.0,,
timing,R,final-timing-block2-3-R.txt,SharingNative/join,10417.0,7936.0,21.0,,
timing,R,final-timing-block2-3-R.txt,SharingNative/large,117436.0,72904.0,18.0,,
timing,R,final-timing-block2-3-R.txt,SharingNative/deep,10693.0,8496.0,21.0,,
timing,R,final-timing-block2-3-R.txt,SharingNative/locals,22482.0,20592.0,22.0,,
timing,R,final-timing-block2-3-R.txt,SharingNative/many,553124.0,49888.0,23.0,,
timing,R,final-timing-block2-3-R.txt,SharingNative/large_then_small,673229.0,119680.0,24.0,,
timing,R,final-timing-block2-3-R.txt,SharingNative/fallback,10197.0,8504.0,21.0,,
timing,R,final-timing-block2-3-R.txt,SharingFull/small,10494.0,15064.0,73.0,,
timing,R,final-timing-block2-3-R.txt,SharingFull/pressure,26879.0,24081.0,80.0,,
timing,R,final-timing-block2-3-R.txt,SharingFull/join,11108.0,15472.0,75.0,,
timing,R,final-timing-block2-3-R.txt,SharingFull/large,232014.0,159014.0,81.0,,
timing,R,final-timing-block2-3-R.txt,SharingFull/deep,13612.0,21953.0,82.0,,
timing,R,final-timing-block2-3-R.txt,SharingFull/locals,34144.0,32649.0,74.0,,
timing,R,final-timing-block2-3-R.txt,SharingFull/many,796834.0,243188.0,587.0,,
timing,R,final-timing-block2-3-R.txt,SharingFull/large_then_small,1036080.0,358593.0,589.0,,
timing,R,final-timing-block2-3-R.txt,SharingFull/fallback,10529.0,16032.0,74.0,,
timing,R,final-timing-block2-3-R.txt,SharingExec/small,16.03,0.0,0.0,,
timing,R,final-timing-block2-3-R.txt,SharingExec/pressure,48.03,0.0,0.0,,
timing,R,final-timing-block2-3-R.txt,SharingExec/join,17.7,0.0,0.0,,
timing,R,final-timing-block2-3-R.txt,SharingExec/large,253.5,0.0,0.0,,
timing,R,final-timing-block2-3-R.txt,SharingExec/deep,16.18,0.0,0.0,,
timing,R,final-timing-block2-3-R.txt,SharingExec/locals,41.79,0.0,0.0,,
timing,R,final-timing-block2-3-R.txt,SharingExec/many,16.66,0.0,0.0,,
timing,R,final-timing-block2-3-R.txt,SharingExec/large_then_small,253.9,0.0,0.0,,
timing,R,final-timing-block2-3-R.txt,SharingExec/fallback,16.42,0.0,0.0,,
timing,R,final-timing-block2-3-R.txt,SharingZeroLocals/1,10958.0,7416.0,20.0,,
timing,R,final-timing-block2-3-R.txt,SharingZeroLocals/8,11419.0,7768.0,20.0,,
timing,R,final-timing-block2-3-R.txt,SharingZeroLocals/64,12810.0,10760.0,17.0,,
timing,R,final-timing-block2-3-R.txt,SharingZeroLocals/256,17622.0,21384.0,17.0,,
timing,R,final-timing-block2-3-R.txt,Compile/tiny,13439.0,7672.0,23.0,,
timing,R,final-timing-block2-3-R.txt,Compile/fib_rec,23408.0,27048.0,50.0,,
timing,R,final-timing-block2-3-R.txt,Compile/many_funcs,391060.0,69680.0,35.0,,
timing,R,final-timing-block2-3-R.txt,Compile/json-as,1237305.0,134880.0,125.0,,
timing,R,final-timing-block2-3-R.txt,Compile/xxhash,115376.0,65976.0,58.0,,
timing,R,final-timing-block2-3-R.txt,CompileFull/tiny,14485.0,17752.0,92.0,102.0,
timing,R,final-timing-block2-3-R.txt,CompileFull/fib_rec,23776.0,35753.0,107.0,320.0,
timing,R,final-timing-block2-3-R.txt,CompileFull/many_funcs,534434.0,179745.0,89.0,8363.0,
timing,R,final-timing-block2-3-R.txt,CompileFull/json-as,1812792.0,309930.0,399.0,67398.0,
timing,R,final-timing-block2-3-R.txt,CompileFull/xxhash,143460.0,107500.0,146.0,3301.0,
timing,R,final-timing-block2-3-R.txt,Exec/tiny.add,17.26,,,,117792.0
timing,R,final-timing-block2-3-R.txt,Exec/fib_rec.fib,701139.0,,,,3.0
timing,R,final-timing-block2-3-R.txt,Exec/many_funcs.run,15.61,,,,129993.0
timing,R,final-timing-block2-3-R.txt,Exec/json-as.serializeN,22671.0,,,,94.0
timing,R,final-timing-block2-3-R.txt,Exec/json-as.deserializeN,42914.0,,,,54.0
timing,R,final-timing-block2-3-R.txt,Exec/xxhash.xxhash_run,124693.0,,,,16.0
timing,R,final-timing-block2-6-R.txt,SharingNative/small,9545.0,7536.0,20.0,,
timing,R,final-timing-block2-6-R.txt,SharingNative/pressure,19180.0,12120.0,23.0,,
timing,R,final-timing-block2-6-R.txt,SharingNative/join,10584.0,7936.0,21.0,,
timing,R,final-timing-block2-6-R.txt,SharingNative/large,121073.0,72904.0,18.0,,
timing,R,final-timing-block2-6-R.txt,SharingNative/deep,11388.0,8496.0,21.0,,
timing,R,final-timing-block2-6-R.txt,SharingNative/locals,23720.0,20592.0,22.0,,
timing,R,final-timing-block2-6-R.txt,SharingNative/many,575137.0,49888.0,23.0,,
timing,R,final-timing-block2-6-R.txt,SharingNative/large_then_small,696702.0,119680.0,24.0,,
timing,R,final-timing-block2-6-R.txt,SharingNative/fallback,10220.0,8504.0,21.0,,
timing,R,final-timing-block2-6-R.txt,SharingFull/small,10195.0,15064.0,73.0,,
timing,R,final-timing-block2-6-R.txt,SharingFull/pressure,26845.0,24081.0,80.0,,
timing,R,final-timing-block2-6-R.txt,SharingFull/join,11341.0,15472.0,75.0,,
timing,R,final-timing-block2-6-R.txt,SharingFull/large,233497.0,159014.0,81.0,,
timing,R,final-timing-block2-6-R.txt,SharingFull/deep,16172.0,21953.0,82.0,,
timing,R,final-timing-block2-6-R.txt,SharingFull/locals,39694.0,32649.0,74.0,,
timing,R,final-timing-block2-6-R.txt,SharingFull/many,785056.0,243188.0,587.0,,
timing,R,final-timing-block2-6-R.txt,SharingFull/large_then_small,1066238.0,358595.0,589.0,,
timing,R,final-timing-block2-6-R.txt,SharingFull/fallback,11059.0,16032.0,74.0,,
timing,R,final-timing-block2-6-R.txt,SharingExec/small,15.9,0.0,0.0,,
timing,R,final-timing-block2-6-R.txt,SharingExec/pressure,47.69,0.0,0.0,,
timing,R,final-timing-block2-6-R.txt,SharingExec/join,17.53,0.0,0.0,,
timing,R,final-timing-block2-6-R.txt,SharingExec/large,259.6,0.0,0.0,,
timing,R,final-timing-block2-6-R.txt,SharingExec/deep,15.87,0.0,0.0,,
timing,R,final-timing-block2-6-R.txt,SharingExec/locals,40.98,0.0,0.0,,
timing,R,final-timing-block2-6-R.txt,SharingExec/many,15.85,0.0,0.0,,
timing,R,final-timing-block2-6-R.txt,SharingExec/large_then_small,260.4,0.0,0.0,,
timing,R,final-timing-block2-6-R.txt,SharingExec/fallback,16.12,0.0,0.0,,
timing,R,final-timing-block2-6-R.txt,SharingZeroLocals/1,10971.0,7416.0,20.0,,
timing,R,final-timing-block2-6-R.txt,SharingZeroLocals/8,11361.0,7768.0,20.0,,
timing,R,final-timing-block2-6-R.txt,SharingZeroLocals/64,12345.0,10760.0,17.0,,
timing,R,final-timing-block2-6-R.txt,SharingZeroLocals/256,19469.0,21384.0,17.0,,
timing,R,final-timing-block2-6-R.txt,Compile/tiny,12806.0,7672.0,23.0,,
timing,R,final-timing-block2-6-R.txt,Compile/fib_rec,25292.0,27048.0,50.0,,
timing,R,final-timing-block2-6-R.txt,Compile/many_funcs,392898.0,69680.0,35.0,,
timing,R,final-timing-block2-6-R.txt,Compile/json-as,1191818.0,134880.0,125.0,,
timing,R,final-timing-block2-6-R.txt,Compile/xxhash,131863.0,65976.0,58.0,,
timing,R,final-timing-block2-6-R.txt,CompileFull/tiny,14723.0,17752.0,92.0,102.0,
timing,R,final-timing-block2-6-R.txt,CompileFull/fib_rec,24649.0,35753.0,107.0,320.0,
timing,R,final-timing-block2-6-R.txt,CompileFull/many_funcs,532081.0,179745.0,89.0,8363.0,
timing,R,final-timing-block2-6-R.txt,CompileFull/json-as,1804784.0,309930.0,399.0,67398.0,
timing,R,final-timing-block2-6-R.txt,CompileFull/xxhash,148516.0,107500.0,146.0,3301.0,
timing,R,final-timing-block2-6-R.txt,Exec/tiny.add,17.13,,,,118237.0
timing,R,final-timing-block2-6-R.txt,Exec/fib_rec.fib,690174.0,,,,3.0
timing,R,final-timing-block2-6-R.txt,Exec/many_funcs.run,15.53,,,,129372.0
timing,R,final-timing-block2-6-R.txt,Exec/json-as.serializeN,22515.0,,,,96.0
timing,R,final-timing-block2-6-R.txt,Exec/json-as.deserializeN,42517.0,,,,57.0
timing,R,final-timing-block2-6-R.txt,Exec/xxhash.xxhash_run,124127.0,,,,15.0
timing,R,final-timing-block3-3-R.txt,SharingNative/small,9507.0,7536.0,20.0,,
timing,R,final-timing-block3-3-R.txt,SharingNative/pressure,18948.0,12120.0,23.0,,
timing,R,final-timing-block3-3-R.txt,SharingNative/join,10127.0,7936.0,21.0,,
timing,R,final-timing-block3-3-R.txt,SharingNative/large,117031.0,72904.0,18.0,,
timing,R,final-timing-block3-3-R.txt,SharingNative/deep,10422.0,8496.0,21.0,,
timing,R,final-timing-block3-3-R.txt,SharingNative/locals,22381.0,20592.0,22.0,,
timing,R,final-timing-block3-3-R.txt,SharingNative/many,557173.0,49888.0,23.0,,
timing,R,final-timing-block3-3-R.txt,SharingNative/large_then_small,677714.0,119680.0,24.0,,
timing,R,final-timing-block3-3-R.txt,SharingNative/fallback,9857.0,8504.0,21.0,,
timing,R,final-timing-block3-3-R.txt,SharingFull/small,9955.0,15064.0,73.0,,
timing,R,final-timing-block3-3-R.txt,SharingFull/pressure,25475.0,24081.0,80.0,,
timing,R,final-timing-block3-3-R.txt,SharingFull/join,10930.0,15472.0,75.0,,
timing,R,final-timing-block3-3-R.txt,SharingFull/large,226685.0,159014.0,81.0,,
timing,R,final-timing-block3-3-R.txt,SharingFull/deep,13825.0,21953.0,82.0,,
timing,R,final-timing-block3-3-R.txt,SharingFull/locals,36075.0,32649.0,74.0,,
timing,R,final-timing-block3-3-R.txt,SharingFull/many,782985.0,243188.0,587.0,,
timing,R,final-timing-block3-3-R.txt,SharingFull/large_then_small,1015242.0,358595.0,589.0,,
timing,R,final-timing-block3-3-R.txt,SharingFull/fallback,10424.0,16032.0,74.0,,
timing,R,final-timing-block3-3-R.txt,SharingExec/small,16.05,0.0,0.0,,
timing,R,final-timing-block3-3-R.txt,SharingExec/pressure,48.27,0.0,0.0,,
timing,R,final-timing-block3-3-R.txt,SharingExec/join,17.65,0.0,0.0,,
timing,R,final-timing-block3-3-R.txt,SharingExec/large,258.2,0.0,0.0,,
timing,R,final-timing-block3-3-R.txt,SharingExec/deep,15.9,0.0,0.0,,
timing,R,final-timing-block3-3-R.txt,SharingExec/locals,41.51,0.0,0.0,,
timing,R,final-timing-block3-3-R.txt,SharingExec/many,15.92,0.0,0.0,,
timing,R,final-timing-block3-3-R.txt,SharingExec/large_then_small,259.7,0.0,0.0,,
timing,R,final-timing-block3-3-R.txt,SharingExec/fallback,16.22,0.0,0.0,,
timing,R,final-timing-block3-3-R.txt,SharingZeroLocals/1,10919.0,7416.0,20.0,,
timing,R,final-timing-block3-3-R.txt,SharingZeroLocals/8,11421.0,7768.0,20.0,,
timing,R,final-timing-block3-3-R.txt,SharingZeroLocals/64,12949.0,10760.0,17.0,,
timing,R,final-timing-block3-3-R.txt,SharingZeroLocals/256,17494.0,21384.0,17.0,,
timing,R,final-timing-block3-3-R.txt,Compile/tiny,13123.0,7672.0,23.0,,
timing,R,final-timing-block3-3-R.txt,Compile/fib_rec,23431.0,27048.0,50.0,,
timing,R,final-timing-block3-3-R.txt,Compile/many_funcs,391338.0,69680.0,35.0,,
timing,R,final-timing-block3-3-R.txt,Compile/json-as,1169863.0,134880.0,125.0,,
timing,R,final-timing-block3-3-R.txt,Compile/xxhash,115621.0,65976.0,58.0,,
timing,R,final-timing-block3-3-R.txt,CompileFull/tiny,15553.0,17752.0,92.0,102.0,
timing,R,final-timing-block3-3-R.txt,CompileFull/fib_rec,24347.0,35753.0,107.0,320.0,
timing,R,final-timing-block3-3-R.txt,CompileFull/many_funcs,525027.0,179745.0,89.0,8363.0,
timing,R,final-timing-block3-3-R.txt,CompileFull/json-as,2092668.0,309930.0,399.0,67398.0,
timing,R,final-timing-block3-3-R.txt,CompileFull/xxhash,143360.0,107500.0,146.0,3301.0,
timing,R,final-timing-block3-3-R.txt,Exec/tiny.add,16.92,,,,118935.0
timing,R,final-timing-block3-3-R.txt,Exec/fib_rec.fib,687058.0,,,,3.0
timing,R,final-timing-block3-3-R.txt,Exec/many_funcs.run,15.37,,,,130412.0
timing,R,final-timing-block3-3-R.txt,Exec/json-as.serializeN,22304.0,,,,95.0
timing,R,final-timing-block3-3-R.txt,Exec/json-as.deserializeN,41901.0,,,,51.0
timing,R,final-timing-block3-3-R.txt,Exec/xxhash.xxhash_run,124742.0,,,,17.0
timing,R,final-timing-block3-6-R.txt,SharingNative/small,9942.0,7536.0,20.0,,
timing,R,final-timing-block3-6-R.txt,SharingNative/pressure,19368.0,12120.0,23.0,,
timing,R,final-timing-block3-6-R.txt,SharingNative/join,10414.0,7936.0,21.0,,
timing,R,final-timing-block3-6-R.txt,SharingNative/large,118224.0,72904.0,18.0,,
timing,R,final-timing-block3-6-R.txt,SharingNative/deep,10721.0,8496.0,21.0,,
timing,R,final-timing-block3-6-R.txt,SharingNative/locals,22651.0,20592.0,22.0,,
timing,R,final-timing-block3-6-R.txt,SharingNative/many,562119.0,49888.0,23.0,,
timing,R,final-timing-block3-6-R.txt,SharingNative/large_then_small,691258.0,119680.0,24.0,,
timing,R,final-timing-block3-6-R.txt,SharingNative/fallback,9787.0,8504.0,21.0,,
timing,R,final-timing-block3-6-R.txt,SharingFull/small,10237.0,15064.0,73.0,,
timing,R,final-timing-block3-6-R.txt,SharingFull/pressure,27270.0,24081.0,80.0,,
timing,R,final-timing-block3-6-R.txt,SharingFull/join,11093.0,15472.0,75.0,,
timing,R,final-timing-block3-6-R.txt,SharingFull/large,232418.0,159014.0,81.0,,
timing,R,final-timing-block3-6-R.txt,SharingFull/deep,14294.0,21953.0,82.0,,
timing,R,final-timing-block3-6-R.txt,SharingFull/locals,33889.0,32649.0,74.0,,
timing,R,final-timing-block3-6-R.txt,SharingFull/many,802494.0,243188.0,587.0,,
timing,R,final-timing-block3-6-R.txt,SharingFull/large_then_small,985585.0,358594.0,589.0,,
timing,R,final-timing-block3-6-R.txt,SharingFull/fallback,10824.0,16032.0,74.0,,
timing,R,final-timing-block3-6-R.txt,SharingExec/small,15.79,0.0,0.0,,
timing,R,final-timing-block3-6-R.txt,SharingExec/pressure,47.95,0.0,0.0,,
timing,R,final-timing-block3-6-R.txt,SharingExec/join,17.49,0.0,0.0,,
timing,R,final-timing-block3-6-R.txt,SharingExec/large,250.4,0.0,0.0,,
timing,R,final-timing-block3-6-R.txt,SharingExec/deep,15.72,0.0,0.0,,
timing,R,final-timing-block3-6-R.txt,SharingExec/locals,40.69,0.0,0.0,,
timing,R,final-timing-block3-6-R.txt,SharingExec/many,15.91,0.0,0.0,,
timing,R,final-timing-block3-6-R.txt,SharingExec/large_then_small,255.8,0.0,0.0,,
timing,R,final-timing-block3-6-R.txt,SharingExec/fallback,16.28,0.0,0.0,,
timing,R,final-timing-block3-6-R.txt,SharingZeroLocals/1,10771.0,7416.0,20.0,,
timing,R,final-timing-block3-6-R.txt,SharingZeroLocals/8,10765.0,7768.0,20.0,,
timing,R,final-timing-block3-6-R.txt,SharingZeroLocals/64,12568.0,10760.0,17.0,,
timing,R,final-timing-block3-6-R.txt,SharingZeroLocals/256,17099.0,21384.0,17.0,,
timing,R,final-timing-block3-6-R.txt,Compile/tiny,12928.0,7672.0,23.0,,
timing,R,final-timing-block3-6-R.txt,Compile/fib_rec,24297.0,27048.0,50.0,,
timing,R,final-timing-block3-6-R.txt,Compile/many_funcs,398313.0,69680.0,35.0,,
timing,R,final-timing-block3-6-R.txt,Compile/json-as,1160568.0,134880.0,125.0,,
timing,R,final-timing-block3-6-R.txt,Compile/xxhash,114987.0,65976.0,58.0,,
timing,R,final-timing-block3-6-R.txt,CompileFull/tiny,14071.0,17752.0,92.0,102.0,
timing,R,final-timing-block3-6-R.txt,CompileFull/fib_rec,23013.0,35753.0,107.0,320.0,
timing,R,final-timing-block3-6-R.txt,CompileFull/many_funcs,519348.0,179745.0,89.0,8363.0,
timing,R,final-timing-block3-6-R.txt,CompileFull/json-as,1790326.0,309931.0,399.0,67398.0,
timing,R,final-timing-block3-6-R.txt,CompileFull/xxhash,144730.0,107500.0,146.0,3301.0,
timing,R,final-timing-block3-6-R.txt,Exec/tiny.add,17.24,,,,118302.0
timing,R,final-timing-block3-6-R.txt,Exec/fib_rec.fib,689619.0,,,,3.0
timing,R,final-timing-block3-6-R.txt,Exec/many_funcs.run,15.35,,,,131821.0
timing,R,final-timing-block3-6-R.txt,Exec/json-as.serializeN,22692.0,,,,94.0
timing,R,final-timing-block3-6-R.txt,Exec/json-as.deserializeN,42441.0,,,,54.0
timing,R,final-timing-block3-6-R.txt,Exec/xxhash.xxhash_run,126470.0,,,,16.0
timing,P,final-timing-block1-4-P.txt,SharingNative/small,9750.0,7536.0,20.0,,
timing,P,final-timing-block1-4-P.txt,SharingNative/pressure,19997.0,10072.0,23.0,,
timing,P,final-timing-block1-4-P.txt,SharingNative/join,10556.0,7936.0,21.0,,
timing,P,final-timing-block1-4-P.txt,SharingNative/large,123183.0,9416.0,18.0,,
timing,P,final-timing-block1-4-P.txt,SharingNative/deep,10874.0,8496.0,21.0,,
timing,P,final-timing-block1-4-P.txt,SharingNative/locals,21351.0,14160.0,22.0,,
timing,P,final-timing-block1-4-P.txt,SharingNative/many,593033.0,49888.0,23.0,,
timing,P,final-timing-block1-4-P.txt,SharingNative/large_then_small,702001.0,56192.0,24.0,,
timing,P,final-timing-block1-4-P.txt,SharingNative/fallback,10935.0,8504.0,21.0,,
timing,P,final-timing-block1-4-P.txt,SharingFull/small,10578.0,15064.0,73.0,,
timing,P,final-timing-block1-4-P.txt,SharingFull/pressure,28823.0,22033.0,80.0,,
timing,P,final-timing-block1-4-P.txt,SharingFull/join,11377.0,15472.0,75.0,,
timing,P,final-timing-block1-4-P.txt,SharingFull/large,235730.0,95523.0,81.0,,
timing,P,final-timing-block1-4-P.txt,SharingFull/deep,13965.0,21953.0,82.0,,
timing,P,final-timing-block1-4-P.txt,SharingFull/locals,34886.0,26217.0,74.0,,
timing,P,final-timing-block1-4-P.txt,SharingFull/many,829926.0,243188.0,587.0,,
timing,P,final-timing-block1-4-P.txt,SharingFull/large_then_small,1044584.0,295103.0,589.0,,
timing,P,final-timing-block1-4-P.txt,SharingFull/fallback,11000.0,16032.0,74.0,,
timing,P,final-timing-block1-4-P.txt,SharingExec/small,16.09,0.0,0.0,,
timing,P,final-timing-block1-4-P.txt,SharingExec/pressure,48.35,0.0,0.0,,
timing,P,final-timing-block1-4-P.txt,SharingExec/join,17.79,0.0,0.0,,
timing,P,final-timing-block1-4-P.txt,SharingExec/large,259.6,0.0,0.0,,
timing,P,final-timing-block1-4-P.txt,SharingExec/deep,16.03,0.0,0.0,,
timing,P,final-timing-block1-4-P.txt,SharingExec/locals,41.19,0.0,0.0,,
timing,P,final-timing-block1-4-P.txt,SharingExec/many,16.01,0.0,0.0,,
timing,P,final-timing-block1-4-P.txt,SharingExec/large_then_small,257.2,0.0,0.0,,
timing,P,final-timing-block1-4-P.txt,SharingExec/fallback,16.33,0.0,0.0,,
timing,P,final-timing-block1-4-P.txt,SharingZeroLocals/1,11193.0,7416.0,20.0,,
timing,P,final-timing-block1-4-P.txt,SharingZeroLocals/8,11444.0,7544.0,20.0,,
timing,P,final-timing-block1-4-P.txt,SharingZeroLocals/64,12789.0,8520.0,17.0,,
timing,P,final-timing-block1-4-P.txt,SharingZeroLocals/256,16412.0,11976.0,17.0,,
timing,P,final-timing-block1-4-P.txt,Compile/tiny,13585.0,7672.0,23.0,,
timing,P,final-timing-block1-4-P.txt,Compile/fib_rec,23905.0,27048.0,50.0,,
timing,P,final-timing-block1-4-P.txt,Compile/many_funcs,424188.0,69680.0,35.0,,
timing,P,final-timing-block1-4-P.txt,Compile/json-as,1214007.0,134880.0,125.0,,
timing,P,final-timing-block1-4-P.txt,Compile/xxhash,116742.0,65976.0,58.0,,
timing,P,final-timing-block1-4-P.txt,CompileFull/tiny,14600.0,17752.0,92.0,102.0,
timing,P,final-timing-block1-4-P.txt,CompileFull/fib_rec,23764.0,35753.0,107.0,320.0,
timing,P,final-timing-block1-4-P.txt,CompileFull/many_funcs,559899.0,179745.0,89.0,8363.0,
timing,P,final-timing-block1-4-P.txt,CompileFull/json-as,1822446.0,309929.0,399.0,67398.0,
timing,P,final-timing-block1-4-P.txt,CompileFull/xxhash,147542.0,107500.0,146.0,3301.0,
timing,P,final-timing-block1-4-P.txt,Exec/tiny.add,16.61,,,,122053.0
timing,P,final-timing-block1-4-P.txt,Exec/fib_rec.fib,691318.0,,,,3.0
timing,P,final-timing-block1-4-P.txt,Exec/many_funcs.run,15.67,,,,128726.0
timing,P,final-timing-block1-4-P.txt,Exec/json-as.serializeN,22751.0,,,,95.0
timing,P,final-timing-block1-4-P.txt,Exec/json-as.deserializeN,42433.0,,,,52.0
timing,P,final-timing-block1-4-P.txt,Exec/xxhash.xxhash_run,126081.0,,,,16.0
timing,P,final-timing-block1-5-P.txt,SharingNative/small,9804.0,7536.0,20.0,,
timing,P,final-timing-block1-5-P.txt,SharingNative/pressure,20013.0,10072.0,23.0,,
timing,P,final-timing-block1-5-P.txt,SharingNative/join,10642.0,7936.0,21.0,,
timing,P,final-timing-block1-5-P.txt,SharingNative/large,120032.0,9416.0,18.0,,
timing,P,final-timing-block1-5-P.txt,SharingNative/deep,11021.0,8496.0,21.0,,
timing,P,final-timing-block1-5-P.txt,SharingNative/locals,21721.0,14160.0,22.0,,
timing,P,final-timing-block1-5-P.txt,SharingNative/many,611457.0,49888.0,23.0,,
timing,P,final-timing-block1-5-P.txt,SharingNative/large_then_small,699152.0,56192.0,24.0,,
timing,P,final-timing-block1-5-P.txt,SharingNative/fallback,10392.0,8504.0,21.0,,
timing,P,final-timing-block1-5-P.txt,SharingFull/small,10529.0,15064.0,73.0,,
timing,P,final-timing-block1-5-P.txt,SharingFull/pressure,28305.0,22033.0,80.0,,
timing,P,final-timing-block1-5-P.txt,SharingFull/join,12400.0,15472.0,75.0,,
timing,P,final-timing-block1-5-P.txt,SharingFull/large,282075.0,95523.0,81.0,,
timing,P,final-timing-block1-5-P.txt,SharingFull/deep,15511.0,21953.0,82.0,,
timing,P,final-timing-block1-5-P.txt,SharingFull/locals,35187.0,26217.0,74.0,,
timing,P,final-timing-block1-5-P.txt,SharingFull/many,847652.0,243187.0,587.0,,
timing,P,final-timing-block1-5-P.txt,SharingFull/large_then_small,1104096.0,295103.0,589.0,,
timing,P,final-timing-block1-5-P.txt,SharingFull/fallback,11555.0,16032.0,74.0,,
timing,P,final-timing-block1-5-P.txt,SharingExec/small,16.1,0.0,0.0,,
timing,P,final-timing-block1-5-P.txt,SharingExec/pressure,48.45,0.0,0.0,,
timing,P,final-timing-block1-5-P.txt,SharingExec/join,17.54,0.0,0.0,,
timing,P,final-timing-block1-5-P.txt,SharingExec/large,260.7,0.0,0.0,,
timing,P,final-timing-block1-5-P.txt,SharingExec/deep,16.0,0.0,0.0,,
timing,P,final-timing-block1-5-P.txt,SharingExec/locals,41.37,0.0,0.0,,
timing,P,final-timing-block1-5-P.txt,SharingExec/many,15.96,0.0,0.0,,
timing,P,final-timing-block1-5-P.txt,SharingExec/large_then_small,256.4,0.0,0.0,,
timing,P,final-timing-block1-5-P.txt,SharingExec/fallback,16.29,0.0,0.0,,
timing,P,final-timing-block1-5-P.txt,SharingZeroLocals/1,11785.0,7416.0,20.0,,
timing,P,final-timing-block1-5-P.txt,SharingZeroLocals/8,11479.0,7544.0,20.0,,
timing,P,final-timing-block1-5-P.txt,SharingZeroLocals/64,12736.0,8520.0,17.0,,
timing,P,final-timing-block1-5-P.txt,SharingZeroLocals/256,15740.0,11976.0,17.0,,
timing,P,final-timing-block1-5-P.txt,Compile/tiny,14255.0,7672.0,23.0,,
timing,P,final-timing-block1-5-P.txt,Compile/fib_rec,23931.0,27048.0,50.0,,
timing,P,final-timing-block1-5-P.txt,Compile/many_funcs,424660.0,69680.0,35.0,,
timing,P,final-timing-block1-5-P.txt,Compile/json-as,1200365.0,134880.0,125.0,,
timing,P,final-timing-block1-5-P.txt,Compile/xxhash,117502.0,65976.0,58.0,,
timing,P,final-timing-block1-5-P.txt,CompileFull/tiny,17535.0,17752.0,92.0,102.0,
timing,P,final-timing-block1-5-P.txt,CompileFull/fib_rec,26060.0,35753.0,107.0,320.0,
timing,P,final-timing-block1-5-P.txt,CompileFull/many_funcs,569759.0,179745.0,89.0,8363.0,
timing,P,final-timing-block1-5-P.txt,CompileFull/json-as,1890737.0,309930.0,399.0,67398.0,
timing,P,final-timing-block1-5-P.txt,CompileFull/xxhash,146831.0,107500.0,146.0,3301.0,
timing,P,final-timing-block1-5-P.txt,Exec/tiny.add,17.17,,,,124795.0
timing,P,final-timing-block1-5-P.txt,Exec/fib_rec.fib,723114.0,,,,3.0
timing,P,final-timing-block1-5-P.txt,Exec/many_funcs.run,15.69,,,,132180.0
timing,P,final-timing-block1-5-P.txt,Exec/json-as.serializeN,23449.0,,,,95.0
timing,P,final-timing-block1-5-P.txt,Exec/json-as.deserializeN,43643.0,,,,48.0
timing,P,final-timing-block1-5-P.txt,Exec/xxhash.xxhash_run,128623.0,,,,17.0
timing,P,final-timing-block2-4-P.txt,SharingNative/small,9795.0,7536.0,20.0,,
timing,P,final-timing-block2-4-P.txt,SharingNative/pressure,19495.0,10072.0,23.0,,
timing,P,final-timing-block2-4-P.txt,SharingNative/join,10386.0,7936.0,21.0,,
timing,P,final-timing-block2-4-P.txt,SharingNative/large,119577.0,9416.0,18.0,,
timing,P,final-timing-block2-4-P.txt,SharingNative/deep,10487.0,8496.0,21.0,,
timing,P,final-timing-block2-4-P.txt,SharingNative/locals,21031.0,14160.0,22.0,,
timing,P,final-timing-block2-4-P.txt,SharingNative/many,579827.0,49888.0,23.0,,
timing,P,final-timing-block2-4-P.txt,SharingNative/large_then_small,688085.0,56192.0,24.0,,
timing,P,final-timing-block2-4-P.txt,SharingNative/fallback,9958.0,8504.0,21.0,,
timing,P,final-timing-block2-4-P.txt,SharingFull/small,10083.0,15064.0,73.0,,
timing,P,final-timing-block2-4-P.txt,SharingFull/pressure,27938.0,22033.0,80.0,,
timing,P,final-timing-block2-4-P.txt,SharingFull/join,11582.0,15472.0,75.0,,
timing,P,final-timing-block2-4-P.txt,SharingFull/large,243558.0,95523.0,81.0,,
timing,P,final-timing-block2-4-P.txt,SharingFull/deep,14264.0,21953.0,82.0,,
timing,P,final-timing-block2-4-P.txt,SharingFull/locals,33634.0,26217.0,74.0,,
timing,P,final-timing-block2-4-P.txt,SharingFull/many,818394.0,243188.0,587.0,,
timing,P,final-timing-block2-4-P.txt,SharingFull/large_then_small,1051528.0,295103.0,589.0,,
timing,P,final-timing-block2-4-P.txt,SharingFull/fallback,11198.0,16032.0,74.0,,
timing,P,final-timing-block2-4-P.txt,SharingExec/small,15.9,0.0,0.0,,
timing,P,final-timing-block2-4-P.txt,SharingExec/pressure,49.96,0.0,0.0,,
timing,P,final-timing-block2-4-P.txt,SharingExec/join,18.28,0.0,0.0,,
timing,P,final-timing-block2-4-P.txt,SharingExec/large,256.2,0.0,0.0,,
timing,P,final-timing-block2-4-P.txt,SharingExec/deep,15.75,0.0,0.0,,
timing,P,final-timing-block2-4-P.txt,SharingExec/locals,40.7,0.0,0.0,,
timing,P,final-timing-block2-4-P.txt,SharingExec/many,15.76,0.0,0.0,,
timing,P,final-timing-block2-4-P.txt,SharingExec/large_then_small,257.6,0.0,0.0,,
timing,P,final-timing-block2-4-P.txt,SharingExec/fallback,15.98,0.0,0.0,,
timing,P,final-timing-block2-4-P.txt,SharingZeroLocals/1,11206.0,7416.0,20.0,,
timing,P,final-timing-block2-4-P.txt,SharingZeroLocals/8,11357.0,7544.0,20.0,,
timing,P,final-timing-block2-4-P.txt,SharingZeroLocals/64,12394.0,8520.0,17.0,,
timing,P,final-timing-block2-4-P.txt,SharingZeroLocals/256,16068.0,11976.0,17.0,,
timing,P,final-timing-block2-4-P.txt,Compile/tiny,13388.0,7672.0,23.0,,
timing,P,final-timing-block2-4-P.txt,Compile/fib_rec,25048.0,27048.0,50.0,,
timing,P,final-timing-block2-4-P.txt,Compile/many_funcs,422811.0,69680.0,35.0,,
timing,P,final-timing-block2-4-P.txt,Compile/json-as,1240612.0,134880.0,125.0,,
timing,P,final-timing-block2-4-P.txt,Compile/xxhash,116939.0,65976.0,58.0,,
timing,P,final-timing-block2-4-P.txt,CompileFull/tiny,15623.0,17752.0,92.0,102.0,
timing,P,final-timing-block2-4-P.txt,CompileFull/fib_rec,26342.0,35753.0,107.0,320.0,
timing,P,final-timing-block2-4-P.txt,CompileFull/many_funcs,555340.0,179745.0,89.0,8363.0,
timing,P,final-timing-block2-4-P.txt,CompileFull/json-as,1814144.0,309930.0,399.0,67398.0,
timing,P,final-timing-block2-4-P.txt,CompileFull/xxhash,147413.0,107500.0,146.0,3301.0,
timing,P,final-timing-block2-4-P.txt,Exec/tiny.add,16.69,,,,124162.0
timing,P,final-timing-block2-4-P.txt,Exec/fib_rec.fib,708332.0,,,,3.0
timing,P,final-timing-block2-4-P.txt,Exec/many_funcs.run,15.72,,,,132299.0
timing,P,final-timing-block2-4-P.txt,Exec/json-as.serializeN,23391.0,,,,94.0
timing,P,final-timing-block2-4-P.txt,Exec/json-as.deserializeN,42938.0,,,,56.0
timing,P,final-timing-block2-4-P.txt,Exec/xxhash.xxhash_run,127168.0,,,,16.0
timing,P,final-timing-block2-5-P.txt,SharingNative/small,10036.0,7536.0,20.0,,
timing,P,final-timing-block2-5-P.txt,SharingNative/pressure,20899.0,10072.0,23.0,,
timing,P,final-timing-block2-5-P.txt,SharingNative/join,10779.0,7936.0,21.0,,
timing,P,final-timing-block2-5-P.txt,SharingNative/large,123171.0,9416.0,18.0,,
timing,P,final-timing-block2-5-P.txt,SharingNative/deep,11119.0,8496.0,21.0,,
timing,P,final-timing-block2-5-P.txt,SharingNative/locals,21743.0,14160.0,22.0,,
timing,P,final-timing-block2-5-P.txt,SharingNative/many,606981.0,49888.0,23.0,,
timing,P,final-timing-block2-5-P.txt,SharingNative/large_then_small,702408.0,56192.0,24.0,,
timing,P,final-timing-block2-5-P.txt,SharingNative/fallback,10519.0,8504.0,21.0,,
timing,P,final-timing-block2-5-P.txt,SharingFull/small,10420.0,15064.0,73.0,,
timing,P,final-timing-block2-5-P.txt,SharingFull/pressure,27120.0,22033.0,80.0,,
timing,P,final-timing-block2-5-P.txt,SharingFull/join,12323.0,15472.0,75.0,,
timing,P,final-timing-block2-5-P.txt,SharingFull/large,235252.0,95523.0,81.0,,
timing,P,final-timing-block2-5-P.txt,SharingFull/deep,14333.0,21953.0,82.0,,
timing,P,final-timing-block2-5-P.txt,SharingFull/locals,34151.0,26217.0,74.0,,
timing,P,final-timing-block2-5-P.txt,SharingFull/many,841199.0,243188.0,587.0,,
timing,P,final-timing-block2-5-P.txt,SharingFull/large_then_small,1065933.0,295103.0,589.0,,
timing,P,final-timing-block2-5-P.txt,SharingFull/fallback,10518.0,16032.0,74.0,,
timing,P,final-timing-block2-5-P.txt,SharingExec/small,15.98,0.0,0.0,,
timing,P,final-timing-block2-5-P.txt,SharingExec/pressure,48.0,0.0,0.0,,
timing,P,final-timing-block2-5-P.txt,SharingExec/join,17.76,0.0,0.0,,
timing,P,final-timing-block2-5-P.txt,SharingExec/large,259.2,0.0,0.0,,
timing,P,final-timing-block2-5-P.txt,SharingExec/deep,16.09,0.0,0.0,,
timing,P,final-timing-block2-5-P.txt,SharingExec/locals,41.63,0.0,0.0,,
timing,P,final-timing-block2-5-P.txt,SharingExec/many,16.05,0.0,0.0,,
timing,P,final-timing-block2-5-P.txt,SharingExec/large_then_small,254.2,0.0,0.0,,
timing,P,final-timing-block2-5-P.txt,SharingExec/fallback,16.32,0.0,0.0,,
timing,P,final-timing-block2-5-P.txt,SharingZeroLocals/1,11431.0,7416.0,20.0,,
timing,P,final-timing-block2-5-P.txt,SharingZeroLocals/8,11910.0,7544.0,20.0,,
timing,P,final-timing-block2-5-P.txt,SharingZeroLocals/64,12385.0,8520.0,17.0,,
timing,P,final-timing-block2-5-P.txt,SharingZeroLocals/256,15762.0,11976.0,17.0,,
timing,P,final-timing-block2-5-P.txt,Compile/tiny,12881.0,7672.0,23.0,,
timing,P,final-timing-block2-5-P.txt,Compile/fib_rec,23746.0,27048.0,50.0,,
timing,P,final-timing-block2-5-P.txt,Compile/many_funcs,423822.0,69680.0,35.0,,
timing,P,final-timing-block2-5-P.txt,Compile/json-as,1197623.0,134880.0,125.0,,
timing,P,final-timing-block2-5-P.txt,Compile/xxhash,116521.0,65976.0,58.0,,
timing,P,final-timing-block2-5-P.txt,CompileFull/tiny,14581.0,17752.0,92.0,102.0,
timing,P,final-timing-block2-5-P.txt,CompileFull/fib_rec,24582.0,35753.0,107.0,320.0,
timing,P,final-timing-block2-5-P.txt,CompileFull/many_funcs,548526.0,179745.0,89.0,8363.0,
timing,P,final-timing-block2-5-P.txt,CompileFull/json-as,1805870.0,309930.0,399.0,67398.0,
timing,P,final-timing-block2-5-P.txt,CompileFull/xxhash,144404.0,107500.0,146.0,3301.0,
timing,P,final-timing-block2-5-P.txt,Exec/tiny.add,16.51,,,,121867.0
timing,P,final-timing-block2-5-P.txt,Exec/fib_rec.fib,689244.0,,,,3.0
timing,P,final-timing-block2-5-P.txt,Exec/many_funcs.run,15.4,,,,131564.0
timing,P,final-timing-block2-5-P.txt,Exec/json-as.serializeN,22717.0,,,,90.0
timing,P,final-timing-block2-5-P.txt,Exec/json-as.deserializeN,42036.0,,,,67.0
timing,P,final-timing-block2-5-P.txt,Exec/xxhash.xxhash_run,126465.0,,,,16.0
timing,P,final-timing-block3-4-P.txt,SharingNative/small,9895.0,7536.0,20.0,,
timing,P,final-timing-block3-4-P.txt,SharingNative/pressure,19010.0,10072.0,23.0,,
timing,P,final-timing-block3-4-P.txt,SharingNative/join,10510.0,7936.0,21.0,,
timing,P,final-timing-block3-4-P.txt,SharingNative/large,117910.0,9416.0,18.0,,
timing,P,final-timing-block3-4-P.txt,SharingNative/deep,10806.0,8496.0,21.0,,
timing,P,final-timing-block3-4-P.txt,SharingNative/locals,21211.0,14160.0,22.0,,
timing,P,final-timing-block3-4-P.txt,SharingNative/many,577898.0,49888.0,23.0,,
timing,P,final-timing-block3-4-P.txt,SharingNative/large_then_small,693999.0,56192.0,24.0,,
timing,P,final-timing-block3-4-P.txt,SharingNative/fallback,10515.0,8504.0,21.0,,
timing,P,final-timing-block3-4-P.txt,SharingFull/small,11102.0,15064.0,73.0,,
timing,P,final-timing-block3-4-P.txt,SharingFull/pressure,25877.0,22033.0,80.0,,
timing,P,final-timing-block3-4-P.txt,SharingFull/join,10996.0,15472.0,75.0,,
timing,P,final-timing-block3-4-P.txt,SharingFull/large,230603.0,95523.0,81.0,,
timing,P,final-timing-block3-4-P.txt,SharingFull/deep,13743.0,21953.0,82.0,,
timing,P,final-timing-block3-4-P.txt,SharingFull/locals,33687.0,26217.0,74.0,,
timing,P,final-timing-block3-4-P.txt,SharingFull/many,813441.0,243188.0,587.0,,
timing,P,final-timing-block3-4-P.txt,SharingFull/large_then_small,1032098.0,295103.0,589.0,,
timing,P,final-timing-block3-4-P.txt,SharingFull/fallback,10631.0,16032.0,74.0,,
timing,P,final-timing-block3-4-P.txt,SharingExec/small,15.88,0.0,0.0,,
timing,P,final-timing-block3-4-P.txt,SharingExec/pressure,47.74,0.0,0.0,,
timing,P,final-timing-block3-4-P.txt,SharingExec/join,17.75,0.0,0.0,,
timing,P,final-timing-block3-4-P.txt,SharingExec/large,255.1,0.0,0.0,,
timing,P,final-timing-block3-4-P.txt,SharingExec/deep,16.64,0.0,0.0,,
timing,P,final-timing-block3-4-P.txt,SharingExec/locals,43.8,0.0,0.0,,
timing,P,final-timing-block3-4-P.txt,SharingExec/many,16.2,0.0,0.0,,
timing,P,final-timing-block3-4-P.txt,SharingExec/large_then_small,254.3,0.0,0.0,,
timing,P,final-timing-block3-4-P.txt,SharingExec/fallback,16.44,0.0,0.0,,
timing,P,final-timing-block3-4-P.txt,SharingZeroLocals/1,11568.0,7416.0,20.0,,
timing,P,final-timing-block3-4-P.txt,SharingZeroLocals/8,11642.0,7544.0,20.0,,
timing,P,final-timing-block3-4-P.txt,SharingZeroLocals/64,12715.0,8520.0,17.0,,
timing,P,final-timing-block3-4-P.txt,SharingZeroLocals/256,15809.0,11976.0,17.0,,
timing,P,final-timing-block3-4-P.txt,Compile/tiny,13014.0,7672.0,23.0,,
timing,P,final-timing-block3-4-P.txt,Compile/fib_rec,24124.0,27048.0,50.0,,
timing,P,final-timing-block3-4-P.txt,Compile/many_funcs,418039.0,69680.0,35.0,,
timing,P,final-timing-block3-4-P.txt,Compile/json-as,1224284.0,134880.0,125.0,,
timing,P,final-timing-block3-4-P.txt,Compile/xxhash,121366.0,65976.0,58.0,,
timing,P,final-timing-block3-4-P.txt,CompileFull/tiny,17238.0,17752.0,92.0,102.0,
timing,P,final-timing-block3-4-P.txt,CompileFull/fib_rec,26833.0,35753.0,107.0,320.0,
timing,P,final-timing-block3-4-P.txt,CompileFull/many_funcs,560027.0,179745.0,89.0,8363.0,
timing,P,final-timing-block3-4-P.txt,CompileFull/json-as,1825951.0,309929.0,399.0,67398.0,
timing,P,final-timing-block3-4-P.txt,CompileFull/xxhash,149727.0,107500.0,146.0,3301.0,
timing,P,final-timing-block3-4-P.txt,Exec/tiny.add,16.89,,,,116680.0
timing,P,final-timing-block3-4-P.txt,Exec/fib_rec.fib,706421.0,,,,3.0
timing,P,final-timing-block3-4-P.txt,Exec/many_funcs.run,15.76,,,,131050.0
timing,P,final-timing-block3-4-P.txt,Exec/json-as.serializeN,22917.0,,,,92.0
timing,P,final-timing-block3-4-P.txt,Exec/json-as.deserializeN,43100.0,,,,53.0
timing,P,final-timing-block3-4-P.txt,Exec/xxhash.xxhash_run,126957.0,,,,16.0
timing,P,final-timing-block3-5-P.txt,SharingNative/small,10008.0,7536.0,20.0,,
timing,P,final-timing-block3-5-P.txt,SharingNative/pressure,20200.0,10072.0,23.0,,
timing,P,final-timing-block3-5-P.txt,SharingNative/join,10819.0,7936.0,21.0,,
timing,P,final-timing-block3-5-P.txt,SharingNative/large,123384.0,9416.0,18.0,,
timing,P,final-timing-block3-5-P.txt,SharingNative/deep,10909.0,8496.0,21.0,,
timing,P,final-timing-block3-5-P.txt,SharingNative/locals,21552.0,14160.0,22.0,,
timing,P,final-timing-block3-5-P.txt,SharingNative/many,591103.0,49888.0,23.0,,
timing,P,final-timing-block3-5-P.txt,SharingNative/large_then_small,699255.0,56192.0,24.0,,
timing,P,final-timing-block3-5-P.txt,SharingNative/fallback,10554.0,8504.0,21.0,,
timing,P,final-timing-block3-5-P.txt,SharingFull/small,10459.0,15064.0,73.0,,
timing,P,final-timing-block3-5-P.txt,SharingFull/pressure,28866.0,22033.0,80.0,,
timing,P,final-timing-block3-5-P.txt,SharingFull/join,12224.0,15472.0,75.0,,
timing,P,final-timing-block3-5-P.txt,SharingFull/large,236042.0,95523.0,81.0,,
timing,P,final-timing-block3-5-P.txt,SharingFull/deep,14761.0,21953.0,82.0,,
timing,P,final-timing-block3-5-P.txt,SharingFull/locals,35255.0,26217.0,74.0,,
timing,P,final-timing-block3-5-P.txt,SharingFull/many,837335.0,243188.0,587.0,,
timing,P,final-timing-block3-5-P.txt,SharingFull/large_then_small,1060997.0,295103.0,589.0,,
timing,P,final-timing-block3-5-P.txt,SharingFull/fallback,11079.0,16032.0,74.0,,
timing,P,final-timing-block3-5-P.txt,SharingExec/small,16.15,0.0,0.0,,
timing,P,final-timing-block3-5-P.txt,SharingExec/pressure,48.9,0.0,0.0,,
timing,P,final-timing-block3-5-P.txt,SharingExec/join,17.63,0.0,0.0,,
timing,P,final-timing-block3-5-P.txt,SharingExec/large,258.4,0.0,0.0,,
timing,P,final-timing-block3-5-P.txt,SharingExec/deep,16.0,0.0,0.0,,
timing,P,final-timing-block3-5-P.txt,SharingExec/locals,41.69,0.0,0.0,,
timing,P,final-timing-block3-5-P.txt,SharingExec/many,16.04,0.0,0.0,,
timing,P,final-timing-block3-5-P.txt,SharingExec/large_then_small,256.3,0.0,0.0,,
timing,P,final-timing-block3-5-P.txt,SharingExec/fallback,16.29,0.0,0.0,,
timing,P,final-timing-block3-5-P.txt,SharingZeroLocals/1,11293.0,7416.0,20.0,,
timing,P,final-timing-block3-5-P.txt,SharingZeroLocals/8,11826.0,7544.0,20.0,,
timing,P,final-timing-block3-5-P.txt,SharingZeroLocals/64,12841.0,8520.0,17.0,,
timing,P,final-timing-block3-5-P.txt,SharingZeroLocals/256,16571.0,11976.0,17.0,,
timing,P,final-timing-block3-5-P.txt,Compile/tiny,13159.0,7672.0,23.0,,
timing,P,final-timing-block3-5-P.txt,Compile/fib_rec,24528.0,27048.0,50.0,,
timing,P,final-timing-block3-5-P.txt,Compile/many_funcs,429269.0,69680.0,35.0,,
timing,P,final-timing-block3-5-P.txt,Compile/json-as,1266217.0,134880.0,125.0,,
timing,P,final-timing-block3-5-P.txt,Compile/xxhash,119488.0,65976.0,58.0,,
timing,P,final-timing-block3-5-P.txt,CompileFull/tiny,15073.0,17752.0,92.0,102.0,
timing,P,final-timing-block3-5-P.txt,CompileFull/fib_rec,24834.0,35753.0,107.0,320.0,
timing,P,final-timing-block3-5-P.txt,CompileFull/many_funcs,572863.0,179745.0,89.0,8363.0,
timing,P,final-timing-block3-5-P.txt,CompileFull/json-as,1934338.0,309930.0,399.0,67398.0,
timing,P,final-timing-block3-5-P.txt,CompileFull/xxhash,152371.0,107500.0,146.0,3301.0,
timing,P,final-timing-block3-5-P.txt,Exec/tiny.add,16.53,,,,122734.0
timing,P,final-timing-block3-5-P.txt,Exec/fib_rec.fib,689004.0,,,,3.0
timing,P,final-timing-block3-5-P.txt,Exec/many_funcs.run,15.45,,,,132748.0
timing,P,final-timing-block3-5-P.txt,Exec/json-as.serializeN,23005.0,,,,94.0
timing,P,final-timing-block3-5-P.txt,Exec/json-as.deserializeN,41807.0,,,,56.0
timing,P,final-timing-block3-5-P.txt,Exec/xxhash.xxhash_run,125185.0,,,,15.0
long,M,final-long-block1-1-M.txt,SharingExec/small,16.18,0.0,0.0,,
long,M,final-long-block1-1-M.txt,SharingExec/pressure,49.87,0.0,0.0,,
long,M,final-long-block1-1-M.txt,SharingExec/join,16.39,0.0,0.0,,
long,M,final-long-block1-1-M.txt,SharingExec/large,251.8,0.0,0.0,,
long,M,final-long-block1-1-M.txt,SharingExec/deep,16.14,0.0,0.0,,
long,M,final-long-block1-1-M.txt,SharingExec/locals,85.81,0.0,0.0,,
long,M,final-long-block1-1-M.txt,SharingExec/many,16.11,0.0,0.0,,
long,M,final-long-block1-1-M.txt,SharingExec/large_then_small,251.7,0.0,0.0,,
long,M,final-long-block1-1-M.txt,SharingExec/fallback,16.47,0.0,0.0,,
long,M,final-long-block1-8-M.txt,SharingExec/small,16.01,0.0,0.0,,
long,M,final-long-block1-8-M.txt,SharingExec/pressure,49.36,0.0,0.0,,
long,M,final-long-block1-8-M.txt,SharingExec/join,16.21,0.0,0.0,,
long,M,final-long-block1-8-M.txt,SharingExec/large,253.7,0.0,0.0,,
long,M,final-long-block1-8-M.txt,SharingExec/deep,16.23,0.0,0.0,,
long,M,final-long-block1-8-M.txt,SharingExec/locals,86.21,0.0,0.0,,
long,M,final-long-block1-8-M.txt,SharingExec/many,16.04,0.0,0.0,,
long,M,final-long-block1-8-M.txt,SharingExec/large_then_small,251.5,0.0,0.0,,
long,M,final-long-block1-8-M.txt,SharingExec/fallback,16.29,0.0,0.0,,
long,M,final-long-block2-1-M.txt,SharingExec/small,15.7,0.0,0.0,,
long,M,final-long-block2-1-M.txt,SharingExec/pressure,47.57,0.0,0.0,,
long,M,final-long-block2-1-M.txt,SharingExec/join,15.86,0.0,0.0,,
long,M,final-long-block2-1-M.txt,SharingExec/large,246.9,0.0,0.0,,
long,M,final-long-block2-1-M.txt,SharingExec/deep,15.5,0.0,0.0,,
long,M,final-long-block2-1-M.txt,SharingExec/locals,84.1,0.0,0.0,,
long,M,final-long-block2-1-M.txt,SharingExec/many,15.5,0.0,0.0,,
long,M,final-long-block2-1-M.txt,SharingExec/large_then_small,247.2,0.0,0.0,,
long,M,final-long-block2-1-M.txt,SharingExec/fallback,15.95,0.0,0.0,,
long,M,final-long-block2-8-M.txt,SharingExec/small,15.52,0.0,0.0,,
long,M,final-long-block2-8-M.txt,SharingExec/pressure,47.75,0.0,0.0,,
long,M,final-long-block2-8-M.txt,SharingExec/join,15.62,0.0,0.0,,
long,M,final-long-block2-8-M.txt,SharingExec/large,238.2,0.0,0.0,,
long,M,final-long-block2-8-M.txt,SharingExec/deep,15.45,0.0,0.0,,
long,M,final-long-block2-8-M.txt,SharingExec/locals,83.28,0.0,0.0,,
long,M,final-long-block2-8-M.txt,SharingExec/many,15.45,0.0,0.0,,
long,M,final-long-block2-8-M.txt,SharingExec/large_then_small,248.1,0.0,0.0,,
long,M,final-long-block2-8-M.txt,SharingExec/fallback,15.95,0.0,0.0,,
long,M,final-long-block3-1-M.txt,SharingExec/small,15.53,0.0,0.0,,
long,M,final-long-block3-1-M.txt,SharingExec/pressure,49.54,0.0,0.0,,
long,M,final-long-block3-1-M.txt,SharingExec/join,15.81,0.0,0.0,,
long,M,final-long-block3-1-M.txt,SharingExec/large,251.4,0.0,0.0,,
long,M,final-long-block3-1-M.txt,SharingExec/deep,15.99,0.0,0.0,,
long,M,final-long-block3-1-M.txt,SharingExec/locals,83.19,0.0,0.0,,
long,M,final-long-block3-1-M.txt,SharingExec/many,15.74,0.0,0.0,,
long,M,final-long-block3-1-M.txt,SharingExec/large_then_small,247.6,0.0,0.0,,
long,M,final-long-block3-1-M.txt,SharingExec/fallback,15.88,0.0,0.0,,
long,M,final-long-block3-8-M.txt,SharingExec/small,15.61,0.0,0.0,,
long,M,final-long-block3-8-M.txt,SharingExec/pressure,47.74,0.0,0.0,,
long,M,final-long-block3-8-M.txt,SharingExec/join,15.65,0.0,0.0,,
long,M,final-long-block3-8-M.txt,SharingExec/large,246.7,0.0,0.0,,
long,M,final-long-block3-8-M.txt,SharingExec/deep,15.44,0.0,0.0,,
long,M,final-long-block3-8-M.txt,SharingExec/locals,83.48,0.0,0.0,,
long,M,final-long-block3-8-M.txt,SharingExec/many,15.5,0.0,0.0,,
long,M,final-long-block3-8-M.txt,SharingExec/large_then_small,246.6,0.0,0.0,,
long,M,final-long-block3-8-M.txt,SharingExec/fallback,15.88,0.0,0.0,,
long,B,final-long-block1-2-B.txt,SharingExec/small,16.13,0.0,0.0,,
long,B,final-long-block1-2-B.txt,SharingExec/pressure,49.27,0.0,0.0,,
long,B,final-long-block1-2-B.txt,SharingExec/join,16.35,0.0,0.0,,
long,B,final-long-block1-2-B.txt,SharingExec/large,252.5,0.0,0.0,,
long,B,final-long-block1-2-B.txt,SharingExec/deep,16.22,0.0,0.0,,
long,B,final-long-block1-2-B.txt,SharingExec/locals,85.54,0.0,0.0,,
long,B,final-long-block1-2-B.txt,SharingExec/many,16.35,0.0,0.0,,
long,B,final-long-block1-2-B.txt,SharingExec/large_then_small,251.7,0.0,0.0,,
long,B,final-long-block1-2-B.txt,SharingExec/fallback,16.57,0.0,0.0,,
long,B,final-long-block1-7-B.txt,SharingExec/small,16.07,0.0,0.0,,
long,B,final-long-block1-7-B.txt,SharingExec/pressure,49.36,0.0,0.0,,
long,B,final-long-block1-7-B.txt,SharingExec/join,16.29,0.0,0.0,,
long,B,final-long-block1-7-B.txt,SharingExec/large,253.2,0.0,0.0,,
long,B,final-long-block1-7-B.txt,SharingExec/deep,16.0,0.0,0.0,,
long,B,final-long-block1-7-B.txt,SharingExec/locals,86.36,0.0,0.0,,
long,B,final-long-block1-7-B.txt,SharingExec/many,16.06,0.0,0.0,,
long,B,final-long-block1-7-B.txt,SharingExec/large_then_small,253.7,0.0,0.0,,
long,B,final-long-block1-7-B.txt,SharingExec/fallback,16.35,0.0,0.0,,
long,B,final-long-block2-2-B.txt,SharingExec/small,15.62,0.0,0.0,,
long,B,final-long-block2-2-B.txt,SharingExec/pressure,47.58,0.0,0.0,,
long,B,final-long-block2-2-B.txt,SharingExec/join,15.66,0.0,0.0,,
long,B,final-long-block2-2-B.txt,SharingExec/large,248.4,0.0,0.0,,
long,B,final-long-block2-2-B.txt,SharingExec/deep,15.55,0.0,0.0,,
long,B,final-long-block2-2-B.txt,SharingExec/locals,83.71,0.0,0.0,,
long,B,final-long-block2-2-B.txt,SharingExec/many,15.7,0.0,0.0,,
long,B,final-long-block2-2-B.txt,SharingExec/large_then_small,249.9,0.0,0.0,,
long,B,final-long-block2-2-B.txt,SharingExec/fallback,15.83,0.0,0.0,,
long,B,final-long-block2-7-B.txt,SharingExec/small,15.6,0.0,0.0,,
long,B,final-long-block2-7-B.txt,SharingExec/pressure,48.4,0.0,0.0,,
long,B,final-long-block2-7-B.txt,SharingExec/join,15.78,0.0,0.0,,
long,B,final-long-block2-7-B.txt,SharingExec/large,249.7,0.0,0.0,,
long,B,final-long-block2-7-B.txt,SharingExec/deep,15.58,0.0,0.0,,
long,B,final-long-block2-7-B.txt,SharingExec/locals,83.65,0.0,0.0,,
long,B,final-long-block2-7-B.txt,SharingExec/many,15.54,0.0,0.0,,
long,B,final-long-block2-7-B.txt,SharingExec/large_then_small,246.7,0.0,0.0,,
long,B,final-long-block2-7-B.txt,SharingExec/fallback,15.97,0.0,0.0,,
long,B,final-long-block3-2-B.txt,SharingExec/small,15.43,0.0,0.0,,
long,B,final-long-block3-2-B.txt,SharingExec/pressure,47.41,0.0,0.0,,
long,B,final-long-block3-2-B.txt,SharingExec/join,15.61,0.0,0.0,,
long,B,final-long-block3-2-B.txt,SharingExec/large,245.9,0.0,0.0,,
long,B,final-long-block3-2-B.txt,SharingExec/deep,15.49,0.0,0.0,,
long,B,final-long-block3-2-B.txt,SharingExec/locals,84.29,0.0,0.0,,
long,B,final-long-block3-2-B.txt,SharingExec/many,15.58,0.0,0.0,,
long,B,final-long-block3-2-B.txt,SharingExec/large_then_small,246.4,0.0,0.0,,
long,B,final-long-block3-2-B.txt,SharingExec/fallback,15.87,0.0,0.0,,
long,B,final-long-block3-7-B.txt,SharingExec/small,15.63,0.0,0.0,,
long,B,final-long-block3-7-B.txt,SharingExec/pressure,48.15,0.0,0.0,,
long,B,final-long-block3-7-B.txt,SharingExec/join,15.91,0.0,0.0,,
long,B,final-long-block3-7-B.txt,SharingExec/large,245.5,0.0,0.0,,
long,B,final-long-block3-7-B.txt,SharingExec/deep,15.8,0.0,0.0,,
long,B,final-long-block3-7-B.txt,SharingExec/locals,85.05,0.0,0.0,,
long,B,final-long-block3-7-B.txt,SharingExec/many,15.78,0.0,0.0,,
long,B,final-long-block3-7-B.txt,SharingExec/large_then_small,247.3,0.0,0.0,,
long,B,final-long-block3-7-B.txt,SharingExec/fallback,16.07,0.0,0.0,,
long,R,final-long-block1-3-R.txt,SharingExec/small,16.24,0.0,0.0,,
long,R,final-long-block1-3-R.txt,SharingExec/pressure,48.39,0.0,0.0,,
long,R,final-long-block1-3-R.txt,SharingExec/join,17.35,0.0,0.0,,
long,R,final-long-block1-3-R.txt,SharingExec/large,248.3,0.0,0.0,,
long,R,final-long-block1-3-R.txt,SharingExec/deep,15.77,0.0,0.0,,
long,R,final-long-block1-3-R.txt,SharingExec/locals,41.38,0.0,0.0,,
long,R,final-long-block1-3-R.txt,SharingExec/many,17.94,0.0,0.0,,
long,R,final-long-block1-3-R.txt,SharingExec/large_then_small,246.8,0.0,0.0,,
long,R,final-long-block1-3-R.txt,SharingExec/fallback,16.01,0.0,0.0,,
long,R,final-long-block1-6-R.txt,SharingExec/small,15.53,0.0,0.0,,
long,R,final-long-block1-6-R.txt,SharingExec/pressure,47.0,0.0,0.0,,
long,R,final-long-block1-6-R.txt,SharingExec/join,17.14,0.0,0.0,,
long,R,final-long-block1-6-R.txt,SharingExec/large,250.1,0.0,0.0,,
long,R,final-long-block1-6-R.txt,SharingExec/deep,15.61,0.0,0.0,,
long,R,final-long-block1-6-R.txt,SharingExec/locals,40.39,0.0,0.0,,
long,R,final-long-block1-6-R.txt,SharingExec/many,15.79,0.0,0.0,,
long,R,final-long-block1-6-R.txt,SharingExec/large_then_small,253.6,0.0,0.0,,
long,R,final-long-block1-6-R.txt,SharingExec/fallback,16.62,0.0,0.0,,
long,R,final-long-block2-3-R.txt,SharingExec/small,15.63,0.0,0.0,,
long,R,final-long-block2-3-R.txt,SharingExec/pressure,46.82,0.0,0.0,,
long,R,final-long-block2-3-R.txt,SharingExec/join,17.17,0.0,0.0,,
long,R,final-long-block2-3-R.txt,SharingExec/large,251.1,0.0,0.0,,
long,R,final-long-block2-3-R.txt,SharingExec/deep,15.71,0.0,0.0,,
long,R,final-long-block2-3-R.txt,SharingExec/locals,40.39,0.0,0.0,,
long,R,final-long-block2-3-R.txt,SharingExec/many,15.64,0.0,0.0,,
long,R,final-long-block2-3-R.txt,SharingExec/large_then_small,250.5,0.0,0.0,,
long,R,final-long-block2-3-R.txt,SharingExec/fallback,15.92,0.0,0.0,,
long,R,final-long-block2-6-R.txt,SharingExec/small,15.52,0.0,0.0,,
long,R,final-long-block2-6-R.txt,SharingExec/pressure,46.95,0.0,0.0,,
long,R,final-long-block2-6-R.txt,SharingExec/join,17.08,0.0,0.0,,
long,R,final-long-block2-6-R.txt,SharingExec/large,248.1,0.0,0.0,,
long,R,final-long-block2-6-R.txt,SharingExec/deep,15.52,0.0,0.0,,
long,R,final-long-block2-6-R.txt,SharingExec/locals,40.23,0.0,0.0,,
long,R,final-long-block2-6-R.txt,SharingExec/many,15.52,0.0,0.0,,
long,R,final-long-block2-6-R.txt,SharingExec/large_then_small,248.7,0.0,0.0,,
long,R,final-long-block2-6-R.txt,SharingExec/fallback,16.19,0.0,0.0,,
long,R,final-long-block3-3-R.txt,SharingExec/small,15.57,0.0,0.0,,
long,R,final-long-block3-3-R.txt,SharingExec/pressure,46.69,0.0,0.0,,
long,R,final-long-block3-3-R.txt,SharingExec/join,17.27,0.0,0.0,,
long,R,final-long-block3-3-R.txt,SharingExec/large,246.0,0.0,0.0,,
long,R,final-long-block3-3-R.txt,SharingExec/deep,15.54,0.0,0.0,,
long,R,final-long-block3-3-R.txt,SharingExec/locals,56.65,0.0,0.0,,
long,R,final-long-block3-3-R.txt,SharingExec/many,15.51,0.0,0.0,,
long,R,final-long-block3-3-R.txt,SharingExec/large_then_small,255.7,0.0,0.0,,
long,R,final-long-block3-3-R.txt,SharingExec/fallback,15.77,0.0,0.0,,
long,R,final-long-block3-6-R.txt,SharingExec/small,15.76,0.0,0.0,,
long,R,final-long-block3-6-R.txt,SharingExec/pressure,47.47,0.0,0.0,,
long,R,final-long-block3-6-R.txt,SharingExec/join,17.27,0.0,0.0,,
long,R,final-long-block3-6-R.txt,SharingExec/large,247.9,0.0,0.0,,
long,R,final-long-block3-6-R.txt,SharingExec/deep,15.89,0.0,0.0,,
long,R,final-long-block3-6-R.txt,SharingExec/locals,40.84,0.0,0.0,,
long,R,final-long-block3-6-R.txt,SharingExec/many,15.95,0.0,0.0,,
long,R,final-long-block3-6-R.txt,SharingExec/large_then_small,248.4,0.0,0.0,,
long,R,final-long-block3-6-R.txt,SharingExec/fallback,16.15,0.0,0.0,,
long,P,final-long-block1-4-P.txt,SharingExec/small,15.66,0.0,0.0,,
long,P,final-long-block1-4-P.txt,SharingExec/pressure,47.08,0.0,0.0,,
long,P,final-long-block1-4-P.txt,SharingExec/join,17.16,0.0,0.0,,
long,P,final-long-block1-4-P.txt,SharingExec/large,246.5,0.0,0.0,,
long,P,final-long-block1-4-P.txt,SharingExec/deep,15.63,0.0,0.0,,
long,P,final-long-block1-4-P.txt,SharingExec/locals,40.47,0.0,0.0,,
long,P,final-long-block1-4-P.txt,SharingExec/many,15.66,0.0,0.0,,
long,P,final-long-block1-4-P.txt,SharingExec/large_then_small,245.8,0.0,0.0,,
long,P,final-long-block1-4-P.txt,SharingExec/fallback,15.89,0.0,0.0,,
long,P,final-long-block1-5-P.txt,SharingExec/small,15.64,0.0,0.0,,
long,P,final-long-block1-5-P.txt,SharingExec/pressure,48.04,0.0,0.0,,
long,P,final-long-block1-5-P.txt,SharingExec/join,17.37,0.0,0.0,,
long,P,final-long-block1-5-P.txt,SharingExec/large,246.7,0.0,0.0,,
long,P,final-long-block1-5-P.txt,SharingExec/deep,15.66,0.0,0.0,,
long,P,final-long-block1-5-P.txt,SharingExec/locals,41.1,0.0,0.0,,
long,P,final-long-block1-5-P.txt,SharingExec/many,15.73,0.0,0.0,,
long,P,final-long-block1-5-P.txt,SharingExec/large_then_small,247.0,0.0,0.0,,
long,P,final-long-block1-5-P.txt,SharingExec/fallback,15.87,0.0,0.0,,
long,P,final-long-block2-4-P.txt,SharingExec/small,15.61,0.0,0.0,,
long,P,final-long-block2-4-P.txt,SharingExec/pressure,46.87,0.0,0.0,,
long,P,final-long-block2-4-P.txt,SharingExec/join,17.12,0.0,0.0,,
long,P,final-long-block2-4-P.txt,SharingExec/large,246.9,0.0,0.0,,
long,P,final-long-block2-4-P.txt,SharingExec/deep,15.52,0.0,0.0,,
long,P,final-long-block2-4-P.txt,SharingExec/locals,40.4,0.0,0.0,,
long,P,final-long-block2-4-P.txt,SharingExec/many,15.57,0.0,0.0,,
long,P,final-long-block2-4-P.txt,SharingExec/large_then_small,249.0,0.0,0.0,,
long,P,final-long-block2-4-P.txt,SharingExec/fallback,15.84,0.0,0.0,,
long,P,final-long-block2-5-P.txt,SharingExec/small,15.74,0.0,0.0,,
long,P,final-long-block2-5-P.txt,SharingExec/pressure,47.68,0.0,0.0,,
long,P,final-long-block2-5-P.txt,SharingExec/join,17.05,0.0,0.0,,
long,P,final-long-block2-5-P.txt,SharingExec/large,251.4,0.0,0.0,,
long,P,final-long-block2-5-P.txt,SharingExec/deep,16.14,0.0,0.0,,
long,P,final-long-block2-5-P.txt,SharingExec/locals,41.25,0.0,0.0,,
long,P,final-long-block2-5-P.txt,SharingExec/many,15.65,0.0,0.0,,
long,P,final-long-block2-5-P.txt,SharingExec/large_then_small,250.6,0.0,0.0,,
long,P,final-long-block2-5-P.txt,SharingExec/fallback,16.22,0.0,0.0,,
long,P,final-long-block3-4-P.txt,SharingExec/small,15.5,0.0,0.0,,
long,P,final-long-block3-4-P.txt,SharingExec/pressure,46.62,0.0,0.0,,
long,P,final-long-block3-4-P.txt,SharingExec/join,17.02,0.0,0.0,,
long,P,final-long-block3-4-P.txt,SharingExec/large,245.0,0.0,0.0,,
long,P,final-long-block3-4-P.txt,SharingExec/deep,15.51,0.0,0.0,,
long,P,final-long-block3-4-P.txt,SharingExec/locals,40.19,0.0,0.0,,
long,P,final-long-block3-4-P.txt,SharingExec/many,15.72,0.0,0.0,,
long,P,final-long-block3-4-P.txt,SharingExec/large_then_small,245.5,0.0,0.0,,
long,P,final-long-block3-4-P.txt,SharingExec/fallback,15.79,0.0,0.0,,
long,P,final-long-block3-5-P.txt,SharingExec/small,15.59,0.0,0.0,,
long,P,final-long-block3-5-P.txt,SharingExec/pressure,46.91,0.0,0.0,,
long,P,final-long-block3-5-P.txt,SharingExec/join,17.79,0.0,0.0,,
long,P,final-long-block3-5-P.txt,SharingExec/large,247.1,0.0,0.0,,
long,P,final-long-block3-5-P.txt,SharingExec/deep,15.72,0.0,0.0,,
long,P,final-long-block3-5-P.txt,SharingExec/locals,40.89,0.0,0.0,,
long,P,final-long-block3-5-P.txt,SharingExec/many,15.86,0.0,0.0,,
long,P,final-long-block3-5-P.txt,SharingExec/large_then_small,247.4,0.0,0.0,,
long,P,final-long-block3-5-P.txt,SharingExec/fallback,16.15,0.0,0.0,,
workers,M,final-workers-block1-1-M.txt,CompileFullWorkers/tiny/p1-4,21063.0,18276.0,90.0,96.0,
workers,M,final-workers-block1-1-M.txt,CompileFullWorkers/tiny/auto-4,20361.0,18276.0,90.0,96.0,
workers,M,final-workers-block1-1-M.txt,CompileFullWorkers/many_funcs/p1-4,448472.0,179226.0,84.0,7771.0,
workers,M,final-workers-block1-1-M.txt,CompileFullWorkers/many_funcs/auto-4,355867.0,288776.0,145.0,7771.0,
workers,M,final-workers-block1-1-M.txt,CompileFullWorkers/json-as/p1-4,1458749.0,309600.0,398.0,67398.0,
workers,M,final-workers-block1-1-M.txt,CompileFullWorkers/json-as/auto-4,1214566.0,659182.0,645.0,67398.0,
workers,M,final-workers-block1-8-M.txt,CompileFullWorkers/tiny/p1-4,20826.0,18277.0,90.0,96.0,
workers,M,final-workers-block1-8-M.txt,CompileFullWorkers/tiny/auto-4,22590.0,18277.0,90.0,96.0,
workers,M,final-workers-block1-8-M.txt,CompileFullWorkers/many_funcs/p1-4,490495.0,179230.0,84.0,7771.0,
workers,M,final-workers-block1-8-M.txt,CompileFullWorkers/many_funcs/auto-4,546529.0,299280.0,141.0,7771.0,
workers,M,final-workers-block1-8-M.txt,CompileFullWorkers/json-as/p1-4,1477033.0,309596.0,398.0,67398.0,
workers,M,final-workers-block1-8-M.txt,CompileFullWorkers/json-as/auto-4,1011634.0,648402.0,672.0,67398.0,
workers,M,final-workers-block2-1-M.txt,CompileFullWorkers/tiny/p1-4,19962.0,18276.0,90.0,96.0,
workers,M,final-workers-block2-1-M.txt,CompileFullWorkers/tiny/auto-4,31673.0,18276.0,90.0,96.0,
workers,M,final-workers-block2-1-M.txt,CompileFullWorkers/many_funcs/p1-4,571979.0,179229.0,84.0,7771.0,
workers,M,final-workers-block2-1-M.txt,CompileFullWorkers/many_funcs/auto-4,684019.0,300704.0,141.0,7771.0,
workers,M,final-workers-block2-1-M.txt,CompileFullWorkers/json-as/p1-4,2123785.0,309613.0,398.0,67398.0,
workers,M,final-workers-block2-1-M.txt,CompileFullWorkers/json-as/auto-4,2367748.0,689292.0,568.0,67398.0,
workers,M,final-workers-block2-8-M.txt,CompileFullWorkers/tiny/p1-4,19387.0,18276.0,90.0,96.0,
workers,M,final-workers-block2-8-M.txt,CompileFullWorkers/tiny/auto-4,19303.0,18275.0,90.0,96.0,
workers,M,final-workers-block2-8-M.txt,CompileFullWorkers/many_funcs/p1-4,434153.0,179223.0,84.0,7771.0,
workers,M,final-workers-block2-8-M.txt,CompileFullWorkers/many_funcs/auto-4,361104.0,288928.0,145.0,7771.0,
workers,M,final-workers-block2-8-M.txt,CompileFullWorkers/json-as/p1-4,1456205.0,309586.0,398.0,67398.0,
workers,M,final-workers-block2-8-M.txt,CompileFullWorkers/json-as/auto-4,1061556.0,650300.0,665.0,67398.0,
workers,M,final-workers-block3-1-M.txt,CompileFullWorkers/tiny/p1-4,18609.0,18276.0,90.0,96.0,
workers,M,final-workers-block3-1-M.txt,CompileFullWorkers/tiny/auto-4,19099.0,18276.0,90.0,96.0,
workers,M,final-workers-block3-1-M.txt,CompileFullWorkers/many_funcs/p1-4,442718.0,179224.0,84.0,7771.0,
workers,M,final-workers-block3-1-M.txt,CompileFullWorkers/many_funcs/auto-4,359885.0,288741.0,145.0,7771.0,
workers,M,final-workers-block3-1-M.txt,CompileFullWorkers/json-as/p1-4,1433339.0,309586.0,398.0,67398.0,
workers,M,final-workers-block3-1-M.txt,CompileFullWorkers/json-as/auto-4,1011219.0,648470.0,672.0,67398.0,
workers,M,final-workers-block3-8-M.txt,CompileFullWorkers/tiny/p1-4,21308.0,18277.0,90.0,96.0,
workers,M,final-workers-block3-8-M.txt,CompileFullWorkers/tiny/auto-4,18845.0,18276.0,90.0,96.0,
workers,M,final-workers-block3-8-M.txt,CompileFullWorkers/many_funcs/p1-4,424186.0,179222.0,84.0,7771.0,
workers,M,final-workers-block3-8-M.txt,CompileFullWorkers/many_funcs/auto-4,359629.0,288804.0,145.0,7771.0,
workers,M,final-workers-block3-8-M.txt,CompileFullWorkers/json-as/p1-4,1477760.0,309587.0,398.0,67398.0,
workers,M,final-workers-block3-8-M.txt,CompileFullWorkers/json-as/auto-4,985984.0,647116.0,673.0,67398.0,
workers,B,final-workers-block1-2-B.txt,CompileFullWorkers/tiny/p1-4,22874.0,18277.0,90.0,96.0,
workers,B,final-workers-block1-2-B.txt,CompileFullWorkers/tiny/auto-4,20137.0,18277.0,90.0,96.0,
workers,B,final-workers-block1-2-B.txt,CompileFullWorkers/many_funcs/p1-4,452175.0,179225.0,84.0,7771.0,
workers,B,final-workers-block1-2-B.txt,CompileFullWorkers/many_funcs/auto-4,390925.0,290950.0,144.0,7771.0,
workers,B,final-workers-block1-2-B.txt,CompileFullWorkers/json-as/p1-4,1432447.0,309600.0,398.0,67398.0,
workers,B,final-workers-block1-2-B.txt,CompileFullWorkers/json-as/auto-4,1172174.0,659054.0,650.0,67398.0,
workers,B,final-workers-block1-7-B.txt,CompileFullWorkers/tiny/p1-4,20753.0,18277.0,90.0,96.0,
workers,B,final-workers-block1-7-B.txt,CompileFullWorkers/tiny/auto-4,21731.0,18277.0,90.0,96.0,
workers,B,final-workers-block1-7-B.txt,CompileFullWorkers/many_funcs/p1-4,521527.0,179230.0,84.0,7771.0,
workers,B,final-workers-block1-7-B.txt,CompileFullWorkers/many_funcs/auto-4,573752.0,299946.0,141.0,7771.0,
workers,B,final-workers-block1-7-B.txt,CompileFullWorkers/json-as/p1-4,1642886.0,309598.0,398.0,67398.0,
workers,B,final-workers-block1-7-B.txt,CompileFullWorkers/json-as/auto-4,1479535.0,681317.0,616.0,67398.0,
workers,B,final-workers-block2-2-B.txt,CompileFullWorkers/tiny/p1-4,26629.0,18277.0,90.0,96.0,
workers,B,final-workers-block2-2-B.txt,CompileFullWorkers/tiny/auto-4,28035.0,18276.0,90.0,96.0,
workers,B,final-workers-block2-2-B.txt,CompileFullWorkers/many_funcs/p1-4,747162.0,179230.0,84.0,7771.0,
workers,B,final-workers-block2-2-B.txt,CompileFullWorkers/many_funcs/auto-4,905228.0,303661.0,141.0,7771.0,
workers,B,final-workers-block2-2-B.txt,CompileFullWorkers/json-as/p1-4,1801700.0,309597.0,398.0,67398.0,
workers,B,final-workers-block2-2-B.txt,CompileFullWorkers/json-as/auto-4,2294128.0,691571.0,567.0,67398.0,
workers,B,final-workers-block2-7-B.txt,CompileFullWorkers/tiny/p1-4,20293.0,18277.0,90.0,96.0,
workers,B,final-workers-block2-7-B.txt,CompileFullWorkers/tiny/auto-4,21615.0,18277.0,90.0,96.0,
workers,B,final-workers-block2-7-B.txt,CompileFullWorkers/many_funcs/p1-4,493199.0,179232.0,84.0,7771.0,
workers,B,final-workers-block2-7-B.txt,CompileFullWorkers/many_funcs/auto-4,496534.0,297073.0,143.0,7771.0,
workers,B,final-workers-block2-7-B.txt,CompileFullWorkers/json-as/p1-4,1431715.0,309583.0,398.0,67398.0,
workers,B,final-workers-block2-7-B.txt,CompileFullWorkers/json-as/auto-4,1010580.0,647816.0,668.0,67398.0,
workers,B,final-workers-block3-2-B.txt,CompileFullWorkers/tiny/p1-4,18698.0,18276.0,90.0,96.0,
workers,B,final-workers-block3-2-B.txt,CompileFullWorkers/tiny/auto-4,19380.0,18276.0,90.0,96.0,
workers,B,final-workers-block3-2-B.txt,CompileFullWorkers/many_funcs/p1-4,442025.0,179227.0,84.0,7771.0,
workers,B,final-workers-block3-2-B.txt,CompileFullWorkers/many_funcs/auto-4,365968.0,288819.0,145.0,7771.0,
workers,B,final-workers-block3-2-B.txt,CompileFullWorkers/json-as/p1-4,1422373.0,309580.0,398.0,67398.0,
workers,B,final-workers-block3-2-B.txt,CompileFullWorkers/json-as/auto-4,994145.0,647844.0,673.0,67398.0,
workers,B,final-workers-block3-7-B.txt,CompileFullWorkers/tiny/p1-4,19404.0,18276.0,90.0,96.0,
workers,B,final-workers-block3-7-B.txt,CompileFullWorkers/tiny/auto-4,18987.0,18276.0,90.0,96.0,
workers,B,final-workers-block3-7-B.txt,CompileFullWorkers/many_funcs/p1-4,446308.0,179223.0,84.0,7771.0,
workers,B,final-workers-block3-7-B.txt,CompileFullWorkers/many_funcs/auto-4,367288.0,288821.0,145.0,7771.0,
workers,B,final-workers-block3-7-B.txt,CompileFullWorkers/json-as/p1-4,1443558.0,309584.0,398.0,67398.0,
workers,B,final-workers-block3-7-B.txt,CompileFullWorkers/json-as/auto-4,1012278.0,649341.0,671.0,67398.0,
workers,R,final-workers-block1-3-R.txt,CompileFullWorkers/tiny/p1-4,18315.0,17612.0,91.0,102.0,
workers,R,final-workers-block1-3-R.txt,CompileFullWorkers/tiny/auto-4,18068.0,17612.0,91.0,102.0,
workers,R,final-workers-block1-3-R.txt,CompileFullWorkers/many_funcs/p1-4,459522.0,179636.0,88.0,8363.0,
workers,R,final-workers-block1-3-R.txt,CompileFullWorkers/many_funcs/auto-4,354879.0,241298.0,149.0,8363.0,
workers,R,final-workers-block1-3-R.txt,CompileFullWorkers/json-as/p1-4,1456914.0,309840.0,398.0,67398.0,
workers,R,final-workers-block1-3-R.txt,CompileFullWorkers/json-as/auto-4,1010519.0,649427.0,671.0,67398.0,
workers,R,final-workers-block1-6-R.txt,CompileFullWorkers/tiny/p1-4,19827.0,17612.0,91.0,102.0,
workers,R,final-workers-block1-6-R.txt,CompileFullWorkers/tiny/auto-4,19474.0,17612.0,91.0,102.0,
workers,R,final-workers-block1-6-R.txt,CompileFullWorkers/many_funcs/p1-4,471444.0,179636.0,88.0,8363.0,
workers,R,final-workers-block1-6-R.txt,CompileFullWorkers/many_funcs/auto-4,520840.0,254046.0,140.0,8363.0,
workers,R,final-workers-block1-6-R.txt,CompileFullWorkers/json-as/p1-4,1606908.0,309859.0,398.0,67398.0,
workers,R,final-workers-block1-6-R.txt,CompileFullWorkers/json-as/auto-4,1527231.0,667980.0,591.0,67398.0,
workers,R,final-workers-block2-3-R.txt,CompileFullWorkers/tiny/p1-4,23568.0,17613.0,91.0,102.0,
workers,R,final-workers-block2-3-R.txt,CompileFullWorkers/tiny/auto-4,25004.0,17612.0,91.0,102.0,
workers,R,final-workers-block2-3-R.txt,CompileFullWorkers/many_funcs/p1-4,509816.0,179639.0,88.0,8363.0,
workers,R,final-workers-block2-3-R.txt,CompileFullWorkers/many_funcs/auto-4,838361.0,256646.0,140.0,8363.0,
workers,R,final-workers-block2-3-R.txt,CompileFullWorkers/json-as/p1-4,1539820.0,309848.0,398.0,67398.0,
workers,R,final-workers-block2-3-R.txt,CompileFullWorkers/json-as/auto-4,1559650.0,668092.0,601.0,67398.0,
workers,R,final-workers-block2-6-R.txt,CompileFullWorkers/tiny/p1-4,18459.0,17612.0,91.0,102.0,
workers,R,final-workers-block2-6-R.txt,CompileFullWorkers/tiny/auto-4,19038.0,17613.0,91.0,102.0,
workers,R,final-workers-block2-6-R.txt,CompileFullWorkers/many_funcs/p1-4,496886.0,179639.0,88.0,8363.0,
workers,R,final-workers-block2-6-R.txt,CompileFullWorkers/many_funcs/auto-4,523852.0,253086.0,141.0,8363.0,
workers,R,final-workers-block2-6-R.txt,CompileFullWorkers/json-as/p1-4,1508979.0,309857.0,398.0,67398.0,
workers,R,final-workers-block2-6-R.txt,CompileFullWorkers/json-as/auto-4,1540237.0,667389.0,596.0,67398.0,
workers,R,final-workers-block3-3-R.txt,CompileFullWorkers/tiny/p1-4,17552.0,17612.0,91.0,102.0,
workers,R,final-workers-block3-3-R.txt,CompileFullWorkers/tiny/auto-4,17845.0,17612.0,91.0,102.0,
workers,R,final-workers-block3-3-R.txt,CompileFullWorkers/many_funcs/p1-4,435886.0,179632.0,88.0,8363.0,
workers,R,final-workers-block3-3-R.txt,CompileFullWorkers/many_funcs/auto-4,353975.0,241043.0,149.0,8363.0,
workers,R,final-workers-block3-3-R.txt,CompileFullWorkers/json-as/p1-4,1438241.0,309838.0,398.0,67398.0,
workers,R,final-workers-block3-3-R.txt,CompileFullWorkers/json-as/auto-4,1346139.0,659357.0,626.0,67398.0,
workers,R,final-workers-block3-6-R.txt,CompileFullWorkers/tiny/p1-4,18725.0,17612.0,91.0,102.0,
workers,R,final-workers-block3-6-R.txt,CompileFullWorkers/tiny/auto-4,17799.0,17612.0,91.0,102.0,
workers,R,final-workers-block3-6-R.txt,CompileFullWorkers/many_funcs/p1-4,434948.0,179630.0,88.0,8363.0,
workers,R,final-workers-block3-6-R.txt,CompileFullWorkers/many_funcs/auto-4,406629.0,244344.0,147.0,8363.0,
workers,R,final-workers-block3-6-R.txt,CompileFullWorkers/json-as/p1-4,1425503.0,309836.0,398.0,67398.0,
workers,R,final-workers-block3-6-R.txt,CompileFullWorkers/json-as/auto-4,1454728.0,662172.0,621.0,67398.0,
workers,P,final-workers-block1-4-P.txt,CompileFullWorkers/tiny/p1-4,24687.0,17614.0,91.0,102.0,
workers,P,final-workers-block1-4-P.txt,CompileFullWorkers/tiny/auto-4,24230.0,17613.0,91.0,102.0,
workers,P,final-workers-block1-4-P.txt,CompileFullWorkers/many_funcs/p1-4,514786.0,179637.0,88.0,8363.0,
workers,P,final-workers-block1-4-P.txt,CompileFullWorkers/many_funcs/auto-4,545975.0,254086.0,141.0,8363.0,
workers,P,final-workers-block1-4-P.txt,CompileFullWorkers/json-as/p1-4,1499668.0,309850.0,398.0,67398.0,
workers,P,final-workers-block1-4-P.txt,CompileFullWorkers/json-as/auto-4,1527656.0,671412.0,594.0,67398.0,
workers,P,final-workers-block1-5-P.txt,CompileFullWorkers/tiny/p1-4,18959.0,17613.0,91.0,102.0,
workers,P,final-workers-block1-5-P.txt,CompileFullWorkers/tiny/auto-4,18973.0,17612.0,91.0,102.0,
workers,P,final-workers-block1-5-P.txt,CompileFullWorkers/many_funcs/p1-4,492026.0,179636.0,88.0,8363.0,
workers,P,final-workers-block1-5-P.txt,CompileFullWorkers/many_funcs/auto-4,541508.0,253707.0,141.0,8363.0,
workers,P,final-workers-block1-5-P.txt,CompileFullWorkers/json-as/p1-4,1529280.0,309851.0,398.0,67398.0,
workers,P,final-workers-block1-5-P.txt,CompileFullWorkers/json-as/auto-4,1489318.0,669623.0,602.0,67398.0,
workers,P,final-workers-block2-4-P.txt,CompileFullWorkers/tiny/p1-4,20543.0,17612.0,91.0,102.0,
workers,P,final-workers-block2-4-P.txt,CompileFullWorkers/tiny/auto-4,17819.0,17612.0,91.0,102.0,
workers,P,final-workers-block2-4-P.txt,CompileFullWorkers/many_funcs/p1-4,467699.0,179635.0,88.0,8363.0,
workers,P,final-workers-block2-4-P.txt,CompileFullWorkers/many_funcs/auto-4,374456.0,241908.0,148.0,8363.0,
workers,P,final-workers-block2-4-P.txt,CompileFullWorkers/json-as/p1-4,1647090.0,309856.0,398.0,67398.0,
workers,P,final-workers-block2-4-P.txt,CompileFullWorkers/json-as/auto-4,1514164.0,669442.0,604.0,67398.0,
workers,P,final-workers-block2-5-P.txt,CompileFullWorkers/tiny/p1-4,19636.0,17612.0,91.0,102.0,
workers,P,final-workers-block2-5-P.txt,CompileFullWorkers/tiny/auto-4,22811.0,17613.0,91.0,102.0,
workers,P,final-workers-block2-5-P.txt,CompileFullWorkers/many_funcs/p1-4,514857.0,179636.0,88.0,8363.0,
workers,P,final-workers-block2-5-P.txt,CompileFullWorkers/many_funcs/auto-4,625832.0,254370.0,140.0,8363.0,
workers,P,final-workers-block2-5-P.txt,CompileFullWorkers/json-as/p1-4,1551714.0,309854.0,398.0,67398.0,
workers,P,final-workers-block2-5-P.txt,CompileFullWorkers/json-as/auto-4,1526127.0,669379.0,592.0,67398.0,
workers,P,final-workers-block3-4-P.txt,CompileFullWorkers/tiny/p1-4,17908.0,17612.0,91.0,102.0,
workers,P,final-workers-block3-4-P.txt,CompileFullWorkers/tiny/auto-4,17547.0,17612.0,91.0,102.0,
workers,P,final-workers-block3-4-P.txt,CompileFullWorkers/many_funcs/p1-4,477364.0,179636.0,88.0,8363.0,
workers,P,final-workers-block3-4-P.txt,CompileFullWorkers/many_funcs/auto-4,469168.0,248670.0,144.0,8363.0,
workers,P,final-workers-block3-4-P.txt,CompileFullWorkers/json-as/p1-4,1412641.0,309840.0,398.0,67398.0,
workers,P,final-workers-block3-4-P.txt,CompileFullWorkers/json-as/auto-4,1018610.0,648912.0,672.0,67398.0,
workers,P,final-workers-block3-5-P.txt,CompileFullWorkers/tiny/p1-4,17899.0,17612.0,91.0,102.0,
workers,P,final-workers-block3-5-P.txt,CompileFullWorkers/tiny/auto-4,19539.0,17612.0,91.0,102.0,
workers,P,final-workers-block3-5-P.txt,CompileFullWorkers/many_funcs/p1-4,463061.0,179632.0,88.0,8363.0,
workers,P,final-workers-block3-5-P.txt,CompileFullWorkers/many_funcs/auto-4,357880.0,241291.0,149.0,8363.0,
workers,P,final-workers-block3-5-P.txt,CompileFullWorkers/json-as/p1-4,1440100.0,309850.0,398.0,67398.0,
workers,P,final-workers-block3-5-P.txt,CompileFullWorkers/json-as/auto-4,1079988.0,648031.0,665.0,67398.0,
