cohort,scope,phase,comparison,metric,before,after,absolute_delta,percent_delta,before_n,after_n,before_min,before_max,after_min,after_max,bootstrap_95_low,bootstrap_95_high
memory,backend,compile_release_270,A/R,allocation_bytes_delta,19246176.0,5173488.0,-14072688.0,-73.11939784817514,6,6,19246176,19246176,5173488,5173488,,
memory,backend,compile_release_270,C/R,allocation_bytes_delta,5173488.0,5173488.0,0.0,0.0,6,6,5173488,5173488,5173488,5173488,,
memory,backend,compile_release_270,A/C,allocation_bytes_delta,19246176.0,5173488.0,-14072688.0,-73.11939784817514,6,6,19246176,19246176,5173488,5173488,,
memory,backend,compile_release_270,A/R,allocation_count_delta,6303.0,5883.0,-420.0,-6.663493574488344,6,6,6303,6303,5883,5883,,
memory,backend,compile_release_270,C/R,allocation_count_delta,5883.0,5883.0,0.0,0.0,6,6,5883,5883,5883,5883,,
memory,backend,compile_release_270,A/C,allocation_count_delta,6303.0,5883.0,-420.0,-6.663493574488344,6,6,6303,6303,5883,5883,,
memory,backend,compile_release_270,A/R,code_bytes,0.0,0.0,0.0,,6,6,0,0,0,0,,
memory,backend,compile_release_270,C/R,code_bytes,0.0,0.0,0.0,,6,6,0,0,0,0,,
memory,backend,compile_release_270,A/C,code_bytes,0.0,0.0,0.0,,6,6,0,0,0,0,,
memory,backend,compile_release_270,A/R,functions_per_corpus,1032.0,1032.0,0.0,0.0,6,6,1032,1032,1032,1032,,
memory,backend,compile_release_270,C/R,functions_per_corpus,1032.0,1032.0,0.0,0.0,6,6,1032,1032,1032,1032,,
memory,backend,compile_release_270,A/C,functions_per_corpus,1032.0,1032.0,0.0,0.0,6,6,1032,1032,1032,1032,,
memory,backend,compile_release_270,A/R,heap_alloc,355888.0,350504.0,-5384.0,-1.512835498808618,6,6,350328,356128,350024,355984,,
memory,backend,compile_release_270,C/R,heap_alloc,350744.0,350504.0,-240.0,-0.06842597449991938,6,6,349864,351144,350024,355984,,
memory,backend,compile_release_270,A/C,heap_alloc,355888.0,350744.0,-5144.0,-1.4453985523535495,6,6,350328,356128,349864,351144,,
memory,backend,compile_release_270,A/R,heap_inuse,860160.0,851968.0,-8192.0,-0.952380952380949,6,6,851968,860160,851968,860160,,
memory,backend,compile_release_270,C/R,heap_inuse,851968.0,851968.0,0.0,0.0,6,6,851968,851968,851968,860160,,
memory,backend,compile_release_270,A/C,heap_inuse,860160.0,851968.0,-8192.0,-0.952380952380949,6,6,851968,860160,851968,851968,,
memory,backend,compile_release_270,A/R,heap_objects,1868.5,1863.0,-5.5,-0.2943537597002943,6,6,1861,1870,1860,1870,,
memory,backend,compile_release_270,C/R,heap_objects,1864.5,1863.0,-1.5,-0.08045052292839916,6,6,1859,1867,1860,1870,,
memory,backend,compile_release_270,A/C,heap_objects,1868.5,1864.5,-4.0,-0.21407546160021607,6,6,1861,1870,1859,1867,,
memory,backend,compile_release_270,A/R,heap_released,3366912.0,3440640.0,73728.0,2.1897810218978186,6,6,3186688,7454720,3342336,7577600,,
memory,backend,compile_release_270,C/R,heap_released,3555328.0,3440640.0,-114688.0,-3.2258064516129004,6,6,3309568,3801088,3342336,7577600,,
memory,backend,compile_release_270,A/C,heap_released,3366912.0,3555328.0,188416.0,5.596107055961075,6,6,3186688,7454720,3309568,3801088,,
memory,backend,compile_release_270,A/R,mallocs,95211.5,94180.0,-1031.5,-1.0833775331761442,6,6,95204,95213,94177,94187,,
memory,backend,compile_release_270,C/R,mallocs,94181.5,94180.0,-1.5,-0.0015926694733048308,6,6,94176,94184,94177,94187,,
memory,backend,compile_release_270,A/C,mallocs,95211.5,94181.5,-1030.0,-1.0818020932345407,6,6,95204,95213,94176,94184,,
memory,backend,compile_release_270,A/R,mapped_bytes,0.0,0.0,0.0,,6,6,0,0,0,0,,
memory,backend,compile_release_270,C/R,mapped_bytes,0.0,0.0,0.0,,6,6,0,0,0,0,,
memory,backend,compile_release_270,A/C,mapped_bytes,0.0,0.0,0.0,,6,6,0,0,0,0,,
memory,backend,compile_release_270,A/R,modules,0.0,0.0,0.0,,6,6,0,0,0,0,,
memory,backend,compile_release_270,C/R,modules,0.0,0.0,0.0,,6,6,0,0,0,0,,
memory,backend,compile_release_270,A/C,modules,0.0,0.0,0.0,,6,6,0,0,0,0,,
memory,backend,compile_release_270,A/R,payload_bytes_page_rounded,0.0,0.0,0.0,,6,6,0,0,0,0,,
memory,backend,compile_release_270,C/R,payload_bytes_page_rounded,0.0,0.0,0.0,,6,6,0,0,0,0,,
memory,backend,compile_release_270,A/C,payload_bytes_page_rounded,0.0,0.0,0.0,,6,6,0,0,0,0,,
memory,backend,compile_release_270,A/R,peak_rss_kib,19210.0,19228.0,18.0,0.09370119729308346,6,6,18844,21064,18904,21008,,
memory,backend,compile_release_270,C/R,peak_rss_kib,19026.0,19228.0,202.0,1.061705035214966,6,6,18604,19368,18904,21008,,
memory,backend,compile_release_270,A/C,peak_rss_kib,19210.0,19026.0,-184.0,-0.9578344612181211,6,6,18844,21064,18604,19368,,
memory,backend,compile_release_270,A/R,rss_bytes,19767296.0,19755008.0,-12288.0,-0.06216328222130585,6,6,19324928,21549056,19484672,21590016,,
memory,backend,compile_release_270,C/R,rss_bytes,19558400.0,19755008.0,196608.0,1.0052356020942455,6,6,19050496,20021248,19484672,21590016,,
memory,backend,compile_release_270,A/C,rss_bytes,19767296.0,19558400.0,-208896.0,-1.0567757977621217,6,6,19324928,21549056,19050496,20021248,,
memory,backend,compile_release_270,A/R,total_alloc,72997040.0,39162928.0,-33834112.0,-46.34997802650628,6,6,72991464,72997296,39162448,39168408,,
memory,backend,compile_release_270,C/R,total_alloc,39163168.0,39162928.0,-240.0,-0.0006128206992861429,6,6,39162288,39163568,39162448,39168408,,
memory,backend,compile_release_270,A/C,total_alloc,72997040.0,39163168.0,-33833872.0,-46.34964924605162,6,6,72991464,72997296,39162288,39163568,,
memory,backend,initial,A/R,code_bytes,0.0,0.0,0.0,,6,6,0,0,0,0,,
memory,backend,initial,C/R,code_bytes,0.0,0.0,0.0,,6,6,0,0,0,0,,
memory,backend,initial,A/C,code_bytes,0.0,0.0,0.0,,6,6,0,0,0,0,,
memory,backend,initial,A/R,functions_per_corpus,1032.0,1032.0,0.0,0.0,6,6,1032,1032,1032,1032,,
memory,backend,initial,C/R,functions_per_corpus,1032.0,1032.0,0.0,0.0,6,6,1032,1032,1032,1032,,
memory,backend,initial,A/C,functions_per_corpus,1032.0,1032.0,0.0,0.0,6,6,1032,1032,1032,1032,,
memory,backend,initial,A/R,heap_alloc,357944.0,352560.0,-5384.0,-1.5041458999173085,6,6,352384,358184,352080,358040,,
memory,backend,initial,C/R,heap_alloc,352800.0,352560.0,-240.0,-0.06802721088435826,6,6,351920,353200,352080,358040,,
memory,backend,initial,A/C,heap_alloc,357944.0,352800.0,-5144.0,-1.4370963055673536,6,6,352384,358184,351920,353200,,
memory,backend,initial,A/R,heap_inuse,868352.0,860160.0,-8192.0,-0.9433962264150941,6,6,860160,868352,860160,868352,,
memory,backend,initial,C/R,heap_inuse,860160.0,860160.0,0.0,0.0,6,6,860160,860160,860160,868352,,
memory,backend,initial,A/C,heap_inuse,868352.0,860160.0,-8192.0,-0.9433962264150941,6,6,860160,868352,860160,860160,,
memory,backend,initial,A/R,heap_objects,1878.5,1873.0,-5.5,-0.29278679797710705,6,6,1871,1880,1870,1880,,
memory,backend,initial,C/R,heap_objects,1874.5,1873.0,-1.5,-0.0800213390237392,6,6,1869,1877,1870,1880,,
memory,backend,initial,A/C,heap_objects,1878.5,1874.5,-4.0,-0.21293585307425866,6,6,1871,1880,1869,1877,,
memory,backend,initial,A/R,heap_released,5611520.0,5574656.0,-36864.0,-0.6569343065693456,6,6,5554176,9830400,5537792,9740288,,
memory,backend,initial,C/R,heap_released,5570560.0,5574656.0,4096.0,0.07352941176470562,6,6,5529600,5586944,5537792,9740288,,
memory,backend,initial,A/C,heap_released,5611520.0,5570560.0,-40960.0,-0.7299270072992692,6,6,5554176,9830400,5529600,5586944,,
memory,backend,initial,A/R,mallocs,88908.5,88297.0,-611.5,-0.6877857572673007,6,6,88901,88910,88294,88304,,
memory,backend,initial,C/R,mallocs,88298.5,88297.0,-1.5,-0.0016987831050307989,6,6,88293,88301,88294,88304,,
memory,backend,initial,A/C,mallocs,88908.5,88298.5,-610.0,-0.686098629489873,6,6,88901,88910,88293,88301,,
memory,backend,initial,A/R,mapped_bytes,0.0,0.0,0.0,,6,6,0,0,0,0,,
memory,backend,initial,C/R,mapped_bytes,0.0,0.0,0.0,,6,6,0,0,0,0,,
memory,backend,initial,A/C,mapped_bytes,0.0,0.0,0.0,,6,6,0,0,0,0,,
memory,backend,initial,A/R,modules,0.0,0.0,0.0,,6,6,0,0,0,0,,
memory,backend,initial,C/R,modules,0.0,0.0,0.0,,6,6,0,0,0,0,,
memory,backend,initial,A/C,modules,0.0,0.0,0.0,,6,6,0,0,0,0,,
memory,backend,initial,A/R,payload_bytes_page_rounded,0.0,0.0,0.0,,6,6,0,0,0,0,,
memory,backend,initial,C/R,payload_bytes_page_rounded,0.0,0.0,0.0,,6,6,0,0,0,0,,
memory,backend,initial,A/C,payload_bytes_page_rounded,0.0,0.0,0.0,,6,6,0,0,0,0,,
memory,backend,initial,A/R,peak_rss_kib,18668.0,18870.0,202.0,1.0820655667452383,6,6,18560,20664,18612,20624,,
memory,backend,initial,C/R,peak_rss_kib,18634.0,18870.0,236.0,1.266502092948385,6,6,18604,19080,18612,20624,,
memory,backend,initial,A/C,peak_rss_kib,18668.0,18634.0,-34.0,-0.18212984786800668,6,6,18560,20664,18604,19080,,
memory,backend,initial,A/R,rss_bytes,17113088.0,17414144.0,301056.0,1.7592149353757858,6,6,16986112,19128320,17084416,19288064,,
memory,backend,initial,C/R,rss_bytes,17272832.0,17414144.0,141312.0,0.8181171448897295,6,6,16928768,17649664,17084416,19288064,,
memory,backend,initial,A/C,rss_bytes,17113088.0,17272832.0,159744.0,0.9334609861177512,6,6,16986112,19128320,16928768,17649664,,
memory,backend,initial,A/R,total_alloc,53750864.0,33989440.0,-19761424.0,-36.764849026426816,6,6,53745288,53751120,33988960,33994920,,
memory,backend,initial,C/R,total_alloc,33989680.0,33989440.0,-240.0,-0.0007060966740524144,6,6,33988800,33990080,33988960,33994920,,
memory,backend,initial,A/C,total_alloc,53750864.0,33989680.0,-19761184.0,-36.7644025219762,6,6,53745288,53751120,33988800,33990080,,
memory,backend,released_0,A/R,allocation_bytes_delta,7172.0,6400.0,-772.0,-10.764082543223651,6,6,6400,7944,6400,6400,,
memory,backend,released_0,C/R,allocation_bytes_delta,6400.0,6400.0,0.0,0.0,6,6,6400,6400,6400,6400,,
memory,backend,released_0,A/C,allocation_bytes_delta,7172.0,6400.0,-772.0,-10.764082543223651,6,6,6400,7944,6400,6400,,
memory,backend,released_0,A/R,allocation_count_delta,93.5,89.0,-4.5,-4.8128342245989275,6,6,89,98,89,89,,
memory,backend,released_0,C/R,allocation_count_delta,89.0,89.0,0.0,0.0,6,6,89,89,89,89,,
memory,backend,released_0,A/C,allocation_count_delta,93.5,89.0,-4.5,-4.8128342245989275,6,6,89,98,89,89,,
memory,backend,released_0,A/R,code_bytes,0.0,0.0,0.0,,6,6,0,0,0,0,,
memory,backend,released_0,C/R,code_bytes,0.0,0.0,0.0,,6,6,0,0,0,0,,
memory,backend,released_0,A/C,code_bytes,0.0,0.0,0.0,,6,6,0,0,0,0,,
memory,backend,released_0,A/R,functions_per_corpus,1032.0,1032.0,0.0,0.0,6,6,1032,1032,1032,1032,,
memory,backend,released_0,C/R,functions_per_corpus,1032.0,1032.0,0.0,0.0,6,6,1032,1032,1032,1032,,
memory,backend,released_0,A/C,functions_per_corpus,1032.0,1032.0,0.0,0.0,6,6,1032,1032,1032,1032,,
memory,backend,released_0,A/R,heap_alloc,360536.0,355160.0,-5376.0,-1.491113231411012,6,6,354968,360784,354680,360640,,
memory,backend,released_0,C/R,heap_alloc,355400.0,355160.0,-240.0,-0.06752954417558188,6,6,354520,355800,354680,360640,,
memory,backend,released_0,A/C,heap_alloc,360536.0,355400.0,-5136.0,-1.4245456764373055,6,6,354968,360784,354520,355800,,
memory,backend,released_0,A/R,heap_inuse,876544.0,868352.0,-8192.0,-0.9345794392523366,6,6,868352,876544,868352,876544,,
memory,backend,released_0,C/R,heap_inuse,868352.0,868352.0,0.0,0.0,6,6,868352,868352,868352,876544,,
memory,backend,released_0,A/C,heap_inuse,876544.0,868352.0,-8192.0,-0.9345794392523366,6,6,868352,876544,868352,868352,,
memory,backend,released_0,A/R,heap_objects,1886.0,1881.0,-5.0,-0.2651113467656452,6,6,1878,1888,1878,1888,,
memory,backend,released_0,C/R,heap_objects,1882.5,1881.0,-1.5,-0.07968127490040056,6,6,1877,1885,1878,1888,,
memory,backend,released_0,A/C,heap_objects,1886.0,1882.5,-3.5,-0.1855779427359483,6,6,1878,1888,1877,1885,,
memory,backend,released_0,A/R,heap_released,5537792.0,6438912.0,901120.0,16.27218934911243,6,6,4276224,10928128,6406144,10633216,,
memory,backend,released_0,C/R,heap_released,6430720.0,6438912.0,8192.0,0.1273885350318471,6,6,6381568,6455296,6406144,10633216,,
memory,backend,released_0,A/C,heap_released,5537792.0,6430720.0,892928.0,16.124260355029584,6,6,4276224,10928128,6381568,6455296,,
memory,backend,released_0,A/R,mallocs,96240.0,95150.0,-1090.0,-1.1325852036575212,6,6,96237,96249,95147,95157,,
memory,backend,released_0,C/R,mallocs,95151.5,95150.0,-1.5,-0.001576433372041386,6,6,95146,95154,95147,95157,,
memory,backend,released_0,A/C,mallocs,96240.0,95151.5,-1088.5,-1.1310266001662517,6,6,96237,96249,95146,95154,,
memory,backend,released_0,A/R,mapped_bytes,0.0,0.0,0.0,,6,6,0,0,0,0,,
memory,backend,released_0,C/R,mapped_bytes,0.0,0.0,0.0,,6,6,0,0,0,0,,
memory,backend,released_0,A/C,mapped_bytes,0.0,0.0,0.0,,6,6,0,0,0,0,,
memory,backend,released_0,A/R,modules,0.0,0.0,0.0,,6,6,0,0,0,0,,
memory,backend,released_0,C/R,modules,0.0,0.0,0.0,,6,6,0,0,0,0,,
memory,backend,released_0,A/C,modules,0.0,0.0,0.0,,6,6,0,0,0,0,,
memory,backend,released_0,A/R,payload_bytes_page_rounded,0.0,0.0,0.0,,6,6,0,0,0,0,,
memory,backend,released_0,C/R,payload_bytes_page_rounded,0.0,0.0,0.0,,6,6,0,0,0,0,,
memory,backend,released_0,A/C,payload_bytes_page_rounded,0.0,0.0,0.0,,6,6,0,0,0,0,,
memory,backend,released_0,A/R,peak_rss_kib,19456.0,19496.0,40.0,0.20559210526316374,6,6,19128,21320,19248,21264,,
memory,backend,released_0,C/R,peak_rss_kib,19282.0,19496.0,214.0,1.109843377243025,6,6,18720,19624,19248,21264,,
memory,backend,released_0,A/C,peak_rss_kib,19456.0,19282.0,-174.0,-0.8943256578947345,6,6,19128,21320,18720,19624,,
memory,backend,released_0,A/R,rss_bytes,18235392.0,16766976.0,-1468416.0,-8.052560646900265,6,6,16506880,18558976,16482304,18587648,,
memory,backend,released_0,C/R,rss_bytes,16625664.0,16766976.0,141312.0,0.8499630450850004,6,6,16363520,16953344,16482304,18587648,,
memory,backend,released_0,A/C,rss_bytes,18235392.0,16625664.0,-1609728.0,-8.82749326145552,6,6,16506880,18558976,16363520,16953344,,
memory,backend,released_0,A/R,total_alloc,75582928.0,39872272.0,-35710656.0,-47.24698677987177,6,6,75578856,75584496,39871792,39877752,,
memory,backend,released_0,C/R,total_alloc,39872512.0,39872272.0,-240.0,-0.0006019184344396855,6,6,39871632,39872912,39871792,39877752,,
memory,backend,released_0,A/C,total_alloc,75582928.0,39872512.0,-35710416.0,-47.24666924784919,6,6,75578856,75584496,39871632,39872912,,
memory,backend,released_1,A/R,allocation_bytes_delta,7172.0,6400.0,-772.0,-10.764082543223651,6,6,6400,7944,6400,6400,,
memory,backend,released_1,C/R,allocation_bytes_delta,6400.0,6400.0,0.0,0.0,6,6,6400,6400,6400,6400,,
memory,backend,released_1,A/C,allocation_bytes_delta,7172.0,6400.0,-772.0,-10.764082543223651,6,6,6400,7944,6400,6400,,
memory,backend,released_1,A/R,allocation_count_delta,93.5,89.0,-4.5,-4.8128342245989275,6,6,89,98,89,89,,
memory,backend,released_1,C/R,allocation_count_delta,89.0,89.0,0.0,0.0,6,6,89,89,89,89,,
memory,backend,released_1,A/C,allocation_count_delta,93.5,89.0,-4.5,-4.8128342245989275,6,6,89,98,89,89,,
memory,backend,released_1,A/R,code_bytes,0.0,0.0,0.0,,6,6,0,0,0,0,,
memory,backend,released_1,C/R,code_bytes,0.0,0.0,0.0,,6,6,0,0,0,0,,
memory,backend,released_1,A/C,code_bytes,0.0,0.0,0.0,,6,6,0,0,0,0,,
memory,backend,released_1,A/R,functions_per_corpus,1032.0,1032.0,0.0,0.0,6,6,1032,1032,1032,1032,,
memory,backend,released_1,C/R,functions_per_corpus,1032.0,1032.0,0.0,0.0,6,6,1032,1032,1032,1032,,
memory,backend,released_1,A/C,functions_per_corpus,1032.0,1032.0,0.0,0.0,6,6,1032,1032,1032,1032,,
memory,backend,released_1,A/R,heap_alloc,360536.0,355160.0,-5376.0,-1.491113231411012,6,6,354968,360784,354680,360640,,
memory,backend,released_1,C/R,heap_alloc,355400.0,355160.0,-240.0,-0.06752954417558188,6,6,354520,355800,354680,360640,,
memory,backend,released_1,A/C,heap_alloc,360536.0,355400.0,-5136.0,-1.4245456764373055,6,6,354968,360784,354520,355800,,
memory,backend,released_1,A/R,heap_inuse,876544.0,868352.0,-8192.0,-0.9345794392523366,6,6,868352,876544,868352,876544,,
memory,backend,released_1,C/R,heap_inuse,868352.0,868352.0,0.0,0.0,6,6,868352,868352,868352,876544,,
memory,backend,released_1,A/C,heap_inuse,876544.0,868352.0,-8192.0,-0.9345794392523366,6,6,868352,876544,868352,868352,,
memory,backend,released_1,A/R,heap_objects,1886.0,1881.0,-5.0,-0.2651113467656452,6,6,1878,1888,1878,1888,,
memory,backend,released_1,C/R,heap_objects,1882.5,1881.0,-1.5,-0.07968127490040056,6,6,1877,1885,1878,1888,,
memory,backend,released_1,A/C,heap_objects,1886.0,1882.5,-3.5,-0.1855779427359483,6,6,1878,1888,1877,1885,,
memory,backend,released_1,A/R,heap_released,5709824.0,6467584.0,757760.0,13.271162123385949,6,6,4448256,10928128,6414336,10682368,,
memory,backend,released_1,C/R,heap_released,6447104.0,6467584.0,20480.0,0.31766200762388674,6,6,6422528,6496256,6414336,10682368,,
memory,backend,released_1,A/C,heap_released,5709824.0,6447104.0,737280.0,12.912482065997132,6,6,4448256,10928128,6422528,6496256,,
memory,backend,released_1,A/R,mallocs,97252.5,96101.0,-1151.5,-1.1840312588365376,6,6,97244,97267,96098,96108,,
memory,backend,released_1,C/R,mallocs,96102.5,96101.0,-1.5,-0.0015608334850814032,6,6,96097,96105,96098,96108,,
memory,backend,released_1,A/C,mallocs,97252.5,96102.5,-1150.0,-1.182488882033883,6,6,97244,97267,96097,96105,,
memory,backend,released_1,A/R,mapped_bytes,0.0,0.0,0.0,,6,6,0,0,0,0,,
memory,backend,released_1,C/R,mapped_bytes,0.0,0.0,0.0,,6,6,0,0,0,0,,
memory,backend,released_1,A/C,mapped_bytes,0.0,0.0,0.0,,6,6,0,0,0,0,,
memory,backend,released_1,A/R,modules,0.0,0.0,0.0,,6,6,0,0,0,0,,
memory,backend,released_1,C/R,modules,0.0,0.0,0.0,,6,6,0,0,0,0,,
memory,backend,released_1,A/C,modules,0.0,0.0,0.0,,6,6,0,0,0,0,,
memory,backend,released_1,A/R,payload_bytes_page_rounded,0.0,0.0,0.0,,6,6,0,0,0,0,,
memory,backend,released_1,C/R,payload_bytes_page_rounded,0.0,0.0,0.0,,6,6,0,0,0,0,,
memory,backend,released_1,A/C,payload_bytes_page_rounded,0.0,0.0,0.0,,6,6,0,0,0,0,,
memory,backend,released_1,A/R,peak_rss_kib,19456.0,19496.0,40.0,0.20559210526316374,6,6,19128,21320,19248,21264,,
memory,backend,released_1,C/R,peak_rss_kib,19282.0,19496.0,214.0,1.109843377243025,6,6,18720,19624,19248,21264,,
memory,backend,released_1,A/C,peak_rss_kib,19456.0,19282.0,-174.0,-0.8943256578947345,6,6,19128,21320,18720,19624,,
memory,backend,released_1,A/R,rss_bytes,18092032.0,16740352.0,-1351680.0,-7.471134254018564,6,6,16519168,18370560,16449536,18542592,,
memory,backend,released_1,C/R,rss_bytes,16590848.0,16740352.0,149504.0,0.9011233181088762,6,6,16347136,16957440,16449536,18542592,,
memory,backend,released_1,A/C,rss_bytes,18092032.0,16590848.0,-1501184.0,-8.297486982114554,6,6,16519168,18370560,16347136,16957440,,
memory,backend,released_1,A/R,total_alloc,78161824.0,40574800.0,-37587024.0,-48.08872423448051,6,6,78159432,78165072,40574320,40580280,,
memory,backend,released_1,C/R,total_alloc,40575040.0,40574800.0,-240.0,-0.0005914966442421843,6,6,40574160,40575440,40574320,40580280,,
memory,backend,released_1,A/C,total_alloc,78161824.0,40575040.0,-37586784.0,-48.088417179210154,6,6,78159432,78165072,40574160,40575440,,
memory,backend,released_2,A/R,allocation_bytes_delta,7172.0,6400.0,-772.0,-10.764082543223651,6,6,6400,7944,6400,6400,,
memory,backend,released_2,C/R,allocation_bytes_delta,6400.0,6400.0,0.0,0.0,6,6,6400,6400,6400,6400,,
memory,backend,released_2,A/C,allocation_bytes_delta,7172.0,6400.0,-772.0,-10.764082543223651,6,6,6400,7944,6400,6400,,
memory,backend,released_2,A/R,allocation_count_delta,93.5,89.0,-4.5,-4.8128342245989275,6,6,89,98,89,89,,
memory,backend,released_2,C/R,allocation_count_delta,89.0,89.0,0.0,0.0,6,6,89,89,89,89,,
memory,backend,released_2,A/C,allocation_count_delta,93.5,89.0,-4.5,-4.8128342245989275,6,6,89,98,89,89,,
memory,backend,released_2,A/R,code_bytes,0.0,0.0,0.0,,6,6,0,0,0,0,,
memory,backend,released_2,C/R,code_bytes,0.0,0.0,0.0,,6,6,0,0,0,0,,
memory,backend,released_2,A/C,code_bytes,0.0,0.0,0.0,,6,6,0,0,0,0,,
memory,backend,released_2,A/R,functions_per_corpus,1032.0,1032.0,0.0,0.0,6,6,1032,1032,1032,1032,,
memory,backend,released_2,C/R,functions_per_corpus,1032.0,1032.0,0.0,0.0,6,6,1032,1032,1032,1032,,
memory,backend,released_2,A/C,functions_per_corpus,1032.0,1032.0,0.0,0.0,6,6,1032,1032,1032,1032,,
memory,backend,released_2,A/R,heap_alloc,360536.0,355160.0,-5376.0,-1.491113231411012,6,6,354968,360784,354680,360640,,
memory,backend,released_2,C/R,heap_alloc,355400.0,355160.0,-240.0,-0.06752954417558188,6,6,354520,355800,354680,360640,,
memory,backend,released_2,A/C,heap_alloc,360536.0,355400.0,-5136.0,-1.4245456764373055,6,6,354968,360784,354520,355800,,
memory,backend,released_2,A/R,heap_inuse,876544.0,868352.0,-8192.0,-0.9345794392523366,6,6,868352,876544,868352,876544,,
memory,backend,released_2,C/R,heap_inuse,868352.0,868352.0,0.0,0.0,6,6,868352,868352,868352,876544,,
memory,backend,released_2,A/C,heap_inuse,876544.0,868352.0,-8192.0,-0.9345794392523366,6,6,868352,876544,868352,868352,,
memory,backend,released_2,A/R,heap_objects,1886.0,1881.0,-5.0,-0.2651113467656452,6,6,1878,1888,1878,1888,,
memory,backend,released_2,C/R,heap_objects,1882.5,1881.0,-1.5,-0.07968127490040056,6,6,1877,1885,1878,1888,,
memory,backend,released_2,A/C,heap_objects,1886.0,1882.5,-3.5,-0.1855779427359483,6,6,1878,1888,1877,1885,,
memory,backend,released_2,A/R,heap_released,5705728.0,6459392.0,753664.0,13.208901651112704,6,6,4407296,10928128,6365184,10682368,,
memory,backend,released_2,C/R,heap_released,6443008.0,6459392.0,16384.0,0.2542911633820699,6,6,6397952,6463488,6365184,10682368,,
memory,backend,released_2,A/C,heap_released,5705728.0,6443008.0,737280.0,12.921751615218957,6,6,4407296,10928128,6397952,6463488,,
memory,backend,released_2,A/R,mallocs,98265.0,97052.0,-1213.0,-1.2344171373327217,6,6,98251,98285,97049,97059,,
memory,backend,released_2,C/R,mallocs,97053.5,97052.0,-1.5,-0.0015455393159391484,6,6,97048,97056,97049,97059,,
memory,backend,released_2,A/C,mallocs,98265.0,97053.5,-1211.5,-1.232890652826546,6,6,98251,98285,97048,97056,,
memory,backend,released_2,A/R,mapped_bytes,0.0,0.0,0.0,,6,6,0,0,0,0,,
memory,backend,released_2,C/R,mapped_bytes,0.0,0.0,0.0,,6,6,0,0,0,0,,
memory,backend,released_2,A/C,mapped_bytes,0.0,0.0,0.0,,6,6,0,0,0,0,,
memory,backend,released_2,A/R,modules,0.0,0.0,0.0,,6,6,0,0,0,0,,
memory,backend,released_2,C/R,modules,0.0,0.0,0.0,,6,6,0,0,0,0,,
memory,backend,released_2,A/C,modules,0.0,0.0,0.0,,6,6,0,0,0,0,,
memory,backend,released_2,A/R,payload_bytes_page_rounded,0.0,0.0,0.0,,6,6,0,0,0,0,,
memory,backend,released_2,C/R,payload_bytes_page_rounded,0.0,0.0,0.0,,6,6,0,0,0,0,,
memory,backend,released_2,A/C,payload_bytes_page_rounded,0.0,0.0,0.0,,6,6,0,0,0,0,,
memory,backend,released_2,A/R,peak_rss_kib,19456.0,19496.0,40.0,0.20559210526316374,6,6,19128,21320,19248,21264,,
memory,backend,released_2,C/R,peak_rss_kib,19282.0,19496.0,214.0,1.109843377243025,6,6,18720,19624,19248,21264,,
memory,backend,released_2,A/C,peak_rss_kib,19456.0,19282.0,-174.0,-0.8943256578947345,6,6,19128,21320,18720,19624,,
memory,backend,released_2,A/R,rss_bytes,18096128.0,16762880.0,-1333248.0,-7.367587143503851,6,6,16523264,18382848,16449536,18542592,,
memory,backend,released_2,C/R,rss_bytes,16594944.0,16762880.0,167936.0,1.011970874984569,6,6,16318464,16957440,16449536,18542592,,
memory,backend,released_2,A/C,rss_bytes,18096128.0,16594944.0,-1501184.0,-8.295608872793114,6,6,16523264,18382848,16318464,16957440,,
memory,backend,released_2,A/R,total_alloc,80740720.0,41277328.0,-39463392.0,-48.8766907206178,6,6,80740008,80745648,41276848,41282808,,
memory,backend,released_2,C/R,total_alloc,41277568.0,41277328.0,-240.0,-0.0005814296036077415,6,6,41276688,41277968,41276848,41282808,,
memory,backend,released_2,A/C,total_alloc,80740720.0,41277568.0,-39463152.0,-48.87639347283502,6,6,80740008,80745648,41276688,41277968,,
memory,backend,retained_0,A/R,allocation_bytes_delta,2579380.0,702944.0,-1876436.0,-72.74755949104048,6,6,2579312,2579448,702944,702944,,
memory,backend,retained_0,C/R,allocation_bytes_delta,702944.0,702944.0,0.0,0.0,6,6,702944,702944,702944,702944,,
memory,backend,retained_0,A/C,allocation_bytes_delta,2579380.0,702944.0,-1876436.0,-72.74755949104048,6,6,2579312,2579448,702944,702944,,
memory,backend,retained_0,A/R,allocation_count_delta,938.0,881.0,-57.0,-6.076759061833692,6,6,937,939,881,881,,
memory,backend,retained_0,C/R,allocation_count_delta,881.0,881.0,0.0,0.0,6,6,881,881,881,881,,
memory,backend,retained_0,A/C,allocation_count_delta,938.0,881.0,-57.0,-6.076759061833692,6,6,937,939,881,881,,
memory,backend,retained_0,A/R,code_bytes,167268.0,134972.0,-32296.0,-19.307936963435925,6,6,167268,167268,134972,134972,,
memory,backend,retained_0,C/R,code_bytes,134972.0,134972.0,0.0,0.0,6,6,134972,134972,134972,134972,,
memory,backend,retained_0,A/C,code_bytes,167268.0,134972.0,-32296.0,-19.307936963435925,6,6,167268,167268,134972,134972,,
memory,backend,retained_0,A/R,functions_per_corpus,1032.0,1032.0,0.0,0.0,6,6,1032,1032,1032,1032,,
memory,backend,retained_0,C/R,functions_per_corpus,1032.0,1032.0,0.0,0.0,6,6,1032,1032,1032,1032,,
memory,backend,retained_0,A/C,functions_per_corpus,1032.0,1032.0,0.0,0.0,6,6,1032,1032,1032,1032,,
memory,backend,retained_0,A/R,heap_alloc,435248.0,430552.0,-4696.0,-1.078925118553098,6,6,428984,436192,430072,436032,,
memory,backend,retained_0,C/R,heap_alloc,430792.0,430552.0,-240.0,-0.05571134097197561,6,6,429912,431192,430072,436032,,
memory,backend,retained_0,A/C,heap_alloc,435248.0,430792.0,-4456.0,-1.0237841414549864,6,6,428984,436192,429912,431192,,
memory,backend,retained_0,A/R,heap_inuse,974848.0,966656.0,-8192.0,-0.8403361344537785,6,6,958464,983040,966656,974848,,
memory,backend,retained_0,C/R,heap_inuse,966656.0,966656.0,0.0,0.0,6,6,966656,966656,966656,974848,,
memory,backend,retained_0,A/C,heap_inuse,974848.0,966656.0,-8192.0,-0.8403361344537785,6,6,958464,983040,966656,966656,,
memory,backend,retained_0,A/R,heap_objects,1988.0,1986.0,-2.0,-0.1006036217303774,6,6,1976,1994,1983,1993,,
memory,backend,retained_0,C/R,heap_objects,1987.5,1986.0,-1.5,-0.07547169811320531,6,6,1982,1990,1983,1993,,
memory,backend,retained_0,A/C,heap_objects,1988.0,1987.5,-0.5,-0.025150905432591575,6,6,1976,1994,1982,1990,,
memory,backend,retained_0,A/R,heap_released,4325376.0,5365760.0,1040384.0,24.053030303030297,6,6,4276224,8503296,4857856,9650176,,
memory,backend,retained_0,C/R,heap_released,5160960.0,5365760.0,204800.0,3.9682539682539764,6,6,4718592,5914624,4857856,9650176,,
memory,backend,retained_0,A/C,heap_released,4325376.0,5160960.0,835584.0,19.318181818181813,6,6,4276224,8503296,4718592,5914624,,
memory,backend,retained_0,A/R,mallocs,96148.5,95061.0,-1087.5,-1.1310628870965234,6,6,96143,96151,95058,95068,,
memory,backend,retained_0,C/R,mallocs,95062.5,95061.0,-1.5,-0.0015779092702117303,6,6,95057,95065,95058,95068,,
memory,backend,retained_0,A/C,mallocs,96148.5,95062.5,-1086.0,-1.1295028003556973,6,6,96143,96151,95057,95065,,
memory,backend,retained_0,A/R,mapped_bytes,606208.0,606208.0,0.0,0.0,6,6,606208,606208,606208,606208,,
memory,backend,retained_0,C/R,mapped_bytes,606208.0,606208.0,0.0,0.0,6,6,606208,606208,606208,606208,,
memory,backend,retained_0,A/C,mapped_bytes,606208.0,606208.0,0.0,0.0,6,6,606208,606208,606208,606208,,
memory,backend,retained_0,A/R,modules,36.0,36.0,0.0,0.0,6,6,36,36,36,36,,
memory,backend,retained_0,C/R,modules,36.0,36.0,0.0,0.0,6,6,36,36,36,36,,
memory,backend,retained_0,A/C,modules,36.0,36.0,0.0,0.0,6,6,36,36,36,36,,
memory,backend,retained_0,A/R,payload_bytes_page_rounded,278528.0,262144.0,-16384.0,-5.882352941176472,6,6,278528,278528,262144,262144,,
memory,backend,retained_0,C/R,payload_bytes_page_rounded,262144.0,262144.0,0.0,0.0,6,6,262144,262144,262144,262144,,
memory,backend,retained_0,A/C,payload_bytes_page_rounded,278528.0,262144.0,-16384.0,-5.882352941176472,6,6,278528,278528,262144,262144,,
memory,backend,retained_0,A/R,peak_rss_kib,19456.0,19496.0,40.0,0.20559210526316374,6,6,19128,21320,19248,21264,,
memory,backend,retained_0,C/R,peak_rss_kib,19282.0,19496.0,214.0,1.109843377243025,6,6,18720,19624,19248,21264,,
memory,backend,retained_0,A/C,peak_rss_kib,19456.0,19282.0,-174.0,-0.8943256578947345,6,6,19128,21320,18720,19624,,
memory,backend,retained_0,A/R,rss_bytes,19023872.0,18286592.0,-737280.0,-3.875551727850146,6,6,18784256,20664320,17260544,20000768,,
memory,backend,retained_0,C/R,rss_bytes,18257920.0,18286592.0,28672.0,0.15703869882222055,6,6,17362944,18374656,17260544,20000768,,
memory,backend,retained_0,A/C,rss_bytes,19023872.0,18257920.0,-765952.0,-4.0262676283776555,6,6,18784256,20664320,17362944,18374656,,
memory,backend,retained_0,A/R,total_alloc,75576368.0,39865872.0,-35710496.0,-47.25087609396631,6,6,75570912,75576608,39865392,39871352,,
memory,backend,retained_0,C/R,total_alloc,39866112.0,39865872.0,-240.0,-0.0006020150648211597,6,6,39865232,39866512,39865392,39871352,,
memory,backend,retained_0,A/C,total_alloc,75576368.0,39866112.0,-35710256.0,-47.25055853438207,6,6,75570912,75576608,39865232,39866512,,
memory,backend,retained_1,A/R,allocation_bytes_delta,2572564.0,696128.0,-1876436.0,-72.94030391469366,6,6,2572496,2572632,696128,696128,,
memory,backend,retained_1,C/R,allocation_bytes_delta,696128.0,696128.0,0.0,0.0,6,6,696128,696128,696128,696128,,
memory,backend,retained_1,A/C,allocation_bytes_delta,2572564.0,696128.0,-1876436.0,-72.94030391469366,6,6,2572496,2572632,696128,696128,,
memory,backend,retained_1,A/R,allocation_count_delta,919.0,862.0,-57.0,-6.202393906420022,6,6,918,920,862,862,,
memory,backend,retained_1,C/R,allocation_count_delta,862.0,862.0,0.0,0.0,6,6,862,862,862,862,,
memory,backend,retained_1,A/C,allocation_count_delta,919.0,862.0,-57.0,-6.202393906420022,6,6,918,920,862,862,,
memory,backend,retained_1,A/R,code_bytes,167268.0,134972.0,-32296.0,-19.307936963435925,6,6,167268,167268,134972,134972,,
memory,backend,retained_1,C/R,code_bytes,134972.0,134972.0,0.0,0.0,6,6,134972,134972,134972,134972,,
memory,backend,retained_1,A/C,code_bytes,167268.0,134972.0,-32296.0,-19.307936963435925,6,6,167268,167268,134972,134972,,
memory,backend,retained_1,A/R,functions_per_corpus,1032.0,1032.0,0.0,0.0,6,6,1032,1032,1032,1032,,
memory,backend,retained_1,C/R,functions_per_corpus,1032.0,1032.0,0.0,0.0,6,6,1032,1032,1032,1032,,
memory,backend,retained_1,A/C,functions_per_corpus,1032.0,1032.0,0.0,0.0,6,6,1032,1032,1032,1032,,
memory,backend,retained_1,A/R,heap_alloc,435248.0,430552.0,-4696.0,-1.078925118553098,6,6,428984,436192,430072,436032,,
memory,backend,retained_1,C/R,heap_alloc,430792.0,430552.0,-240.0,-0.05571134097197561,6,6,429912,431192,430072,436032,,
memory,backend,retained_1,A/C,heap_alloc,435248.0,430792.0,-4456.0,-1.0237841414549864,6,6,428984,436192,429912,431192,,
memory,backend,retained_1,A/R,heap_inuse,974848.0,966656.0,-8192.0,-0.8403361344537785,6,6,958464,983040,966656,974848,,
memory,backend,retained_1,C/R,heap_inuse,966656.0,966656.0,0.0,0.0,6,6,966656,966656,966656,974848,,
memory,backend,retained_1,A/C,heap_inuse,974848.0,966656.0,-8192.0,-0.8403361344537785,6,6,958464,983040,966656,966656,,
memory,backend,retained_1,A/R,heap_objects,1988.0,1986.0,-2.0,-0.1006036217303774,6,6,1976,1994,1983,1993,,
memory,backend,retained_1,C/R,heap_objects,1987.5,1986.0,-1.5,-0.07547169811320531,6,6,1982,1990,1983,1993,,
memory,backend,retained_1,A/C,heap_objects,1988.0,1987.5,-0.5,-0.025150905432591575,6,6,1976,1994,1982,1990,,
memory,backend,retained_1,A/R,heap_released,4628480.0,6488064.0,1859584.0,40.17699115044249,6,6,4448256,8790016,6422528,10682368,,
memory,backend,retained_1,C/R,heap_released,6459392.0,6488064.0,28672.0,0.443880786303108,6,6,5963776,6496256,6422528,10682368,,
memory,backend,retained_1,A/C,heap_released,4628480.0,6459392.0,1830912.0,39.557522123893804,6,6,4448256,8790016,5963776,6496256,,
memory,backend,retained_1,A/R,mallocs,97159.0,96012.0,-1147.0,-1.1805391162939105,6,6,97155,97169,96009,96019,,
memory,backend,retained_1,C/R,mallocs,96013.5,96012.0,-1.5,-0.0015622803043346956,6,6,96008,96016,96009,96019,,
memory,backend,retained_1,A/C,mallocs,97159.0,96013.5,-1145.5,-1.1789952552002436,6,6,97155,97169,96008,96016,,
memory,backend,retained_1,A/R,mapped_bytes,606208.0,606208.0,0.0,0.0,6,6,606208,606208,606208,606208,,
memory,backend,retained_1,C/R,mapped_bytes,606208.0,606208.0,0.0,0.0,6,6,606208,606208,606208,606208,,
memory,backend,retained_1,A/C,mapped_bytes,606208.0,606208.0,0.0,0.0,6,6,606208,606208,606208,606208,,
memory,backend,retained_1,A/R,modules,36.0,36.0,0.0,0.0,6,6,36,36,36,36,,
memory,backend,retained_1,C/R,modules,36.0,36.0,0.0,0.0,6,6,36,36,36,36,,
memory,backend,retained_1,A/C,modules,36.0,36.0,0.0,0.0,6,6,36,36,36,36,,
memory,backend,retained_1,A/R,payload_bytes_page_rounded,278528.0,262144.0,-16384.0,-5.882352941176472,6,6,278528,278528,262144,262144,,
memory,backend,retained_1,C/R,payload_bytes_page_rounded,262144.0,262144.0,0.0,0.0,6,6,262144,262144,262144,262144,,
memory,backend,retained_1,A/C,payload_bytes_page_rounded,278528.0,262144.0,-16384.0,-5.882352941176472,6,6,278528,278528,262144,262144,,
memory,backend,retained_1,A/R,peak_rss_kib,19456.0,19496.0,40.0,0.20559210526316374,6,6,19128,21320,19248,21264,,
memory,backend,retained_1,C/R,peak_rss_kib,19282.0,19496.0,214.0,1.109843377243025,6,6,18720,19624,19248,21264,,
memory,backend,retained_1,A/C,peak_rss_kib,19456.0,19282.0,-174.0,-0.8943256578947345,6,6,19128,21320,18720,19624,,
memory,backend,retained_1,A/R,rss_bytes,18540544.0,16998400.0,-1542144.0,-8.317684745388265,6,6,18214912,19558400,16711680,18804736,,
memory,backend,retained_1,C/R,rss_bytes,16916480.0,16998400.0,81920.0,0.4842615012106588,6,6,16576512,17309696,16711680,18804736,,
memory,backend,retained_1,A/C,rss_bytes,18540544.0,16916480.0,-1624064.0,-8.759527228543028,6,6,18214912,19558400,16576512,17309696,,
memory,backend,retained_1,A/R,total_alloc,78155424.0,40568400.0,-37587024.0,-48.09266212924646,6,6,78151488,78157128,40567920,40573880,,
memory,backend,retained_1,C/R,total_alloc,40568640.0,40568400.0,-240.0,-0.0005915899571662386,6,6,40567760,40569040,40567920,40573880,,
memory,backend,retained_1,A/C,total_alloc,78155424.0,40568640.0,-37586784.0,-48.09235504883193,6,6,78151488,78157128,40567760,40569040,,
memory,backend,retained_2,A/R,allocation_bytes_delta,2572564.0,696128.0,-1876436.0,-72.94030391469366,6,6,2572496,2572632,696128,696128,,
memory,backend,retained_2,C/R,allocation_bytes_delta,696128.0,696128.0,0.0,0.0,6,6,696128,696128,696128,696128,,
memory,backend,retained_2,A/C,allocation_bytes_delta,2572564.0,696128.0,-1876436.0,-72.94030391469366,6,6,2572496,2572632,696128,696128,,
memory,backend,retained_2,A/R,allocation_count_delta,919.0,862.0,-57.0,-6.202393906420022,6,6,918,920,862,862,,
memory,backend,retained_2,C/R,allocation_count_delta,862.0,862.0,0.0,0.0,6,6,862,862,862,862,,
memory,backend,retained_2,A/C,allocation_count_delta,919.0,862.0,-57.0,-6.202393906420022,6,6,918,920,862,862,,
memory,backend,retained_2,A/R,code_bytes,167268.0,134972.0,-32296.0,-19.307936963435925,6,6,167268,167268,134972,134972,,
memory,backend,retained_2,C/R,code_bytes,134972.0,134972.0,0.0,0.0,6,6,134972,134972,134972,134972,,
memory,backend,retained_2,A/C,code_bytes,167268.0,134972.0,-32296.0,-19.307936963435925,6,6,167268,167268,134972,134972,,
memory,backend,retained_2,A/R,functions_per_corpus,1032.0,1032.0,0.0,0.0,6,6,1032,1032,1032,1032,,
memory,backend,retained_2,C/R,functions_per_corpus,1032.0,1032.0,0.0,0.0,6,6,1032,1032,1032,1032,,
memory,backend,retained_2,A/C,functions_per_corpus,1032.0,1032.0,0.0,0.0,6,6,1032,1032,1032,1032,,
memory,backend,retained_2,A/R,heap_alloc,435248.0,430552.0,-4696.0,-1.078925118553098,6,6,428984,436192,430072,436032,,
memory,backend,retained_2,C/R,heap_alloc,430792.0,430552.0,-240.0,-0.05571134097197561,6,6,429912,431192,430072,436032,,
memory,backend,retained_2,A/C,heap_alloc,435248.0,430792.0,-4456.0,-1.0237841414549864,6,6,428984,436192,429912,431192,,
memory,backend,retained_2,A/R,heap_inuse,974848.0,966656.0,-8192.0,-0.8403361344537785,6,6,958464,983040,966656,974848,,
memory,backend,retained_2,C/R,heap_inuse,966656.0,966656.0,0.0,0.0,6,6,966656,966656,966656,974848,,
memory,backend,retained_2,A/C,heap_inuse,974848.0,966656.0,-8192.0,-0.8403361344537785,6,6,958464,983040,966656,966656,,
memory,backend,retained_2,A/R,heap_objects,1988.0,1986.0,-2.0,-0.1006036217303774,6,6,1976,1994,1983,1993,,
memory,backend,retained_2,C/R,heap_objects,1987.5,1986.0,-1.5,-0.07547169811320531,6,6,1982,1990,1983,1993,,
memory,backend,retained_2,A/C,heap_objects,1988.0,1987.5,-0.5,-0.025150905432591575,6,6,1976,1994,1982,1990,,
memory,backend,retained_2,A/R,heap_released,4628480.0,6406144.0,1777664.0,38.407079646017706,6,6,4448256,8781824,6168576,10682368,,
memory,backend,retained_2,C/R,heap_released,6352896.0,6406144.0,53248.0,0.8381689232753065,6,6,5980160,6463488,6168576,10682368,,
memory,backend,retained_2,A/C,heap_released,4628480.0,6352896.0,1724416.0,37.25663716814158,6,6,4448256,8781824,5980160,6463488,,
memory,backend,retained_2,A/R,mallocs,98171.5,96963.0,-1208.5,-1.231008999556893,6,6,98162,98187,96960,96970,,
memory,backend,retained_2,C/R,mallocs,96964.5,96963.0,-1.5,-0.0015469579072724393,6,6,96959,96967,96960,96970,,
memory,backend,retained_2,A/C,mallocs,98171.5,96964.5,-1207.0,-1.2294810612041185,6,6,98162,98187,96959,96967,,
memory,backend,retained_2,A/R,mapped_bytes,606208.0,606208.0,0.0,0.0,6,6,606208,606208,606208,606208,,
memory,backend,retained_2,C/R,mapped_bytes,606208.0,606208.0,0.0,0.0,6,6,606208,606208,606208,606208,,
memory,backend,retained_2,A/C,mapped_bytes,606208.0,606208.0,0.0,0.0,6,6,606208,606208,606208,606208,,
memory,backend,retained_2,A/R,modules,36.0,36.0,0.0,0.0,6,6,36,36,36,36,,
memory,backend,retained_2,C/R,modules,36.0,36.0,0.0,0.0,6,6,36,36,36,36,,
memory,backend,retained_2,A/C,modules,36.0,36.0,0.0,0.0,6,6,36,36,36,36,,
memory,backend,retained_2,A/R,payload_bytes_page_rounded,278528.0,262144.0,-16384.0,-5.882352941176472,6,6,278528,278528,262144,262144,,
memory,backend,retained_2,C/R,payload_bytes_page_rounded,262144.0,262144.0,0.0,0.0,6,6,262144,262144,262144,262144,,
memory,backend,retained_2,A/C,payload_bytes_page_rounded,278528.0,262144.0,-16384.0,-5.882352941176472,6,6,278528,278528,262144,262144,,
memory,backend,retained_2,A/R,peak_rss_kib,19456.0,19496.0,40.0,0.20559210526316374,6,6,19128,21320,19248,21264,,
memory,backend,retained_2,C/R,peak_rss_kib,19282.0,19496.0,214.0,1.109843377243025,6,6,18720,19624,19248,21264,,
memory,backend,retained_2,A/C,peak_rss_kib,19456.0,19282.0,-174.0,-0.8943256578947345,6,6,19128,21320,18720,19624,,
memory,backend,retained_2,A/R,rss_bytes,18573312.0,17043456.0,-1529856.0,-8.23685081045319,6,6,18210816,19656704,16773120,18804736,,
memory,backend,retained_2,C/R,rss_bytes,17008640.0,17043456.0,34816.0,0.20469596628536202,6,6,16728064,17313792,16773120,18804736,,
memory,backend,retained_2,A/C,rss_bytes,18573312.0,17008640.0,-1564672.0,-8.424302569191756,6,6,18210816,19656704,16728064,17313792,,
memory,backend,retained_2,A/R,total_alloc,80734320.0,41270928.0,-39463392.0,-48.88056529119215,6,6,80732064,80737704,41270448,41276408,,
memory,backend,retained_2,C/R,total_alloc,41271168.0,41270928.0,-240.0,-0.0005815197670178129,6,6,41270288,41271568,41270448,41276408,,
memory,backend,retained_2,A/C,total_alloc,80734320.0,41271168.0,-39463152.0,-48.88026801984584,6,6,80732064,80737704,41270288,41271568,,
memory,public,compile_release_270,A/R,allocation_bytes_delta,37770856.0,23659456.0,-14111400.0,-37.36055121440721,6,6,37770672,37771024,23659296,23659616,,
memory,public,compile_release_270,C/R,allocation_bytes_delta,23659456.0,23659456.0,0.0,0.0,6,6,23659296,23659616,23659296,23659616,,
memory,public,compile_release_270,A/C,allocation_bytes_delta,37770856.0,23659456.0,-14111400.0,-37.36055121440721,6,6,37770672,37771024,23659296,23659616,,
memory,public,compile_release_270,A/R,allocation_count_delta,55068.0,54636.0,-432.0,-0.7844846371758529,6,6,55066,55069,54635,54637,,
memory,public,compile_release_270,C/R,allocation_count_delta,54636.0,54636.0,0.0,0.0,6,6,54635,54637,54635,54637,,
memory,public,compile_release_270,A/C,allocation_count_delta,55068.0,54636.0,-432.0,-0.7844846371758529,6,6,55066,55069,54635,54637,,
memory,public,compile_release_270,A/R,code_bytes,0.0,0.0,0.0,,6,6,0,0,0,0,,
memory,public,compile_release_270,C/R,code_bytes,0.0,0.0,0.0,,6,6,0,0,0,0,,
memory,public,compile_release_270,A/C,code_bytes,0.0,0.0,0.0,,6,6,0,0,0,0,,
memory,public,compile_release_270,A/R,heap_alloc,1046312.0,1372312.0,326000.0,31.157054492350266,6,6,1040760,1162752,1371832,1377792,,
memory,public,compile_release_270,C/R,heap_alloc,1372552.0,1372312.0,-240.0,-0.01748567631681963,6,6,1371672,1372952,1371832,1377792,,
memory,public,compile_release_270,A/C,heap_alloc,1046312.0,1372552.0,326240.0,31.179992201178997,6,6,1040760,1162752,1371672,1372952,,
memory,public,compile_release_270,A/R,heap_inuse,1724416.0,2138112.0,413696.0,23.990498812351536,6,6,1703936,1826816,2097152,2146304,,
memory,public,compile_release_270,C/R,heap_inuse,2129920.0,2138112.0,8192.0,0.38461538461538325,6,6,2129920,2138112,2097152,2146304,,
memory,public,compile_release_270,A/C,heap_inuse,1724416.0,2129920.0,405504.0,23.51543942992873,6,6,1703936,1826816,2129920,2138112,,
memory,public,compile_release_270,A/R,heap_objects,1257.0,1462.0,205.0,16.30867143993635,6,6,1250,1259,1459,1469,,
memory,public,compile_release_270,C/R,heap_objects,1463.5,1462.0,-1.5,-0.10249402118209794,6,6,1458,1466,1459,1469,,
memory,public,compile_release_270,A/C,heap_objects,1257.0,1463.5,206.5,16.428003182179786,6,6,1250,1259,1458,1466,,
memory,public,compile_release_270,A/R,heap_released,3497984.0,3424256.0,-73728.0,-2.1077283372365363,6,6,3416064,8183808,3375104,9158656,,
memory,public,compile_release_270,C/R,heap_released,3399680.0,3424256.0,24576.0,0.7228915662650603,6,6,3375104,3407872,3375104,9158656,,
memory,public,compile_release_270,A/C,heap_released,3497984.0,3399680.0,-98304.0,-2.810304449648715,6,6,3416064,8183808,3375104,3407872,,
memory,public,compile_release_270,A/R,mallocs,60527.5,60090.0,-437.5,-0.7228119449836812,6,6,60520,60529,60087,60097,,
memory,public,compile_release_270,C/R,mallocs,60091.5,60090.0,-1.5,-0.0024961933052125573,6,6,60086,60094,60087,60097,,
memory,public,compile_release_270,A/C,mallocs,60527.5,60091.5,-436.0,-0.7203337326008863,6,6,60520,60529,60086,60094,,
memory,public,compile_release_270,A/R,modules,0.0,0.0,0.0,,6,6,0,0,0,0,,
memory,public,compile_release_270,C/R,modules,0.0,0.0,0.0,,6,6,0,0,0,0,,
memory,public,compile_release_270,A/C,modules,0.0,0.0,0.0,,6,6,0,0,0,0,,
memory,public,compile_release_270,A/R,native_Active,0.0,0.0,0.0,,6,6,0,0,0,0,,
memory,public,compile_release_270,C/R,native_Active,0.0,0.0,0.0,,6,6,0,0,0,0,,
memory,public,compile_release_270,A/C,native_Active,0.0,0.0,0.0,,6,6,0,0,0,0,,
memory,public,compile_release_270,A/R,native_Cached,0.0,0.0,0.0,,6,6,0,0,0,0,,
memory,public,compile_release_270,C/R,native_Cached,0.0,0.0,0.0,,6,6,0,0,0,0,,
memory,public,compile_release_270,A/C,native_Cached,0.0,0.0,0.0,,6,6,0,0,0,0,,
memory,public,compile_release_270,A/R,native_Capacity,4096.0,4096.0,0.0,0.0,6,6,4096,4096,4096,4096,,
memory,public,compile_release_270,C/R,native_Capacity,4096.0,4096.0,0.0,0.0,6,6,4096,4096,4096,4096,,
memory,public,compile_release_270,A/C,native_Capacity,4096.0,4096.0,0.0,0.0,6,6,4096,4096,4096,4096,,
memory,public,compile_release_270,A/R,native_PeakRegistered,0.0,0.0,0.0,,6,6,0,0,0,0,,
memory,public,compile_release_270,C/R,native_PeakRegistered,0.0,0.0,0.0,,6,6,0,0,0,0,,
memory,public,compile_release_270,A/C,native_PeakRegistered,0.0,0.0,0.0,,6,6,0,0,0,0,,
memory,public,compile_release_270,A/R,native_Registered,0.0,0.0,0.0,,6,6,0,0,0,0,,
memory,public,compile_release_270,C/R,native_Registered,0.0,0.0,0.0,,6,6,0,0,0,0,,
memory,public,compile_release_270,A/C,native_Registered,0.0,0.0,0.0,,6,6,0,0,0,0,,
memory,public,compile_release_270,A/R,native_ScanSpan,0.0,0.0,0.0,,6,6,0,0,0,0,,
memory,public,compile_release_270,C/R,native_ScanSpan,0.0,0.0,0.0,,6,6,0,0,0,0,,
memory,public,compile_release_270,A/C,native_ScanSpan,0.0,0.0,0.0,,6,6,0,0,0,0,,
memory,public,compile_release_270,A/R,native_Supported,1.0,1.0,0.0,0.0,6,6,True,True,True,True,,
memory,public,compile_release_270,C/R,native_Supported,1.0,1.0,0.0,0.0,6,6,True,True,True,True,,
memory,public,compile_release_270,A/C,native_Supported,1.0,1.0,0.0,0.0,6,6,True,True,True,True,,
memory,public,compile_release_270,A/R,peak_rss_kib,18668.0,18870.0,202.0,1.0820655667452383,6,6,18560,20664,18612,20624,,
memory,public,compile_release_270,C/R,peak_rss_kib,18634.0,18870.0,236.0,1.266502092948385,6,6,18604,19080,18612,20624,,
memory,public,compile_release_270,A/C,peak_rss_kib,18668.0,18634.0,-34.0,-0.18212984786800668,6,6,18560,20664,18604,19080,,
memory,public,compile_release_270,A/R,rss_bytes,19068928.0,19038208.0,-30720.0,-0.16109977446031598,6,6,18878464,20553728,17940480,21159936,,
memory,public,compile_release_270,C/R,rss_bytes,19070976.0,19038208.0,-32768.0,-0.1718213058419238,6,6,18837504,19509248,17940480,21159936,,
memory,public,compile_release_270,A/C,rss_bytes,19068928.0,19070976.0,2048.0,0.010739984964014404,6,6,18878464,20553728,18837504,19509248,,
memory,public,compile_release_270,A/R,total_alloc,38194208.0,24077424.0,-14116784.0,-36.96053600587816,6,6,38188640,38194456,24076944,24082904,,
memory,public,compile_release_270,C/R,total_alloc,24077664.0,24077424.0,-240.0,-0.0009967744379224541,6,6,24076784,24078064,24076944,24082904,,
memory,public,compile_release_270,A/C,total_alloc,38194208.0,24077664.0,-14116544.0,-36.959907638351865,6,6,38188640,38194456,24076784,24078064,,
memory,public,initial,A/R,code_bytes,0.0,0.0,0.0,,6,6,0,0,0,0,,
memory,public,initial,C/R,code_bytes,0.0,0.0,0.0,,6,6,0,0,0,0,,
memory,public,initial,A/C,code_bytes,0.0,0.0,0.0,,6,6,0,0,0,0,,
memory,public,initial,A/R,heap_alloc,207920.0,202456.0,-5464.0,-2.627933820700268,6,6,202360,208000,202216,208016,,
memory,public,initial,C/R,heap_alloc,202776.0,202456.0,-320.0,-0.15780960271432054,6,6,202056,203016,202216,208016,,
memory,public,initial,A/C,heap_alloc,207920.0,202776.0,-5144.0,-2.47402847248942,6,6,202360,208000,202056,203016,,
memory,public,initial,A/R,heap_inuse,679936.0,671744.0,-8192.0,-1.2048192771084376,6,6,671744,679936,671744,679936,,
memory,public,initial,C/R,heap_inuse,671744.0,671744.0,0.0,0.0,6,6,671744,671744,671744,679936,,
memory,public,initial,A/C,heap_inuse,679936.0,671744.0,-8192.0,-1.2048192771084376,6,6,671744,679936,671744,671744,,
memory,public,initial,A/R,heap_objects,710.5,704.5,-6.0,-0.8444757213230125,6,6,703,711,703,712,,
memory,public,initial,C/R,heap_objects,706.5,704.5,-2.0,-0.283085633404101,6,6,702,708,703,712,,
memory,public,initial,A/C,heap_objects,710.5,706.5,-4.0,-0.5629838142153454,6,6,703,711,702,708,,
memory,public,initial,A/R,heap_released,2822144.0,4919296.0,2097152.0,74.31059506531206,6,6,2785280,6979584,2859008,7053312,,
memory,public,initial,C/R,heap_released,2859008.0,4919296.0,2060288.0,72.06303724928367,6,6,2859008,2859008,2859008,7053312,,
memory,public,initial,A/C,heap_released,2822144.0,2859008.0,36864.0,1.3062409288824295,6,6,2785280,6979584,2859008,2859008,,
memory,public,initial,A/R,mallocs,5459.5,5453.5,-6.0,-0.10990017400860363,6,6,5452,5460,5452,5461,,
memory,public,initial,C/R,mallocs,5455.5,5453.5,-2.0,-0.03666025112272209,6,6,5451,5457,5452,5461,,
memory,public,initial,A/C,mallocs,5459.5,5455.5,-4.0,-0.07326678267240982,6,6,5452,5460,5451,5457,,
memory,public,initial,A/R,modules,0.0,0.0,0.0,,6,6,0,0,0,0,,
memory,public,initial,C/R,modules,0.0,0.0,0.0,,6,6,0,0,0,0,,
memory,public,initial,A/C,modules,0.0,0.0,0.0,,6,6,0,0,0,0,,
memory,public,initial,A/R,native_Active,0.0,0.0,0.0,,6,6,0,0,0,0,,
memory,public,initial,C/R,native_Active,0.0,0.0,0.0,,6,6,0,0,0,0,,
memory,public,initial,A/C,native_Active,0.0,0.0,0.0,,6,6,0,0,0,0,,
memory,public,initial,A/R,native_Cached,0.0,0.0,0.0,,6,6,0,0,0,0,,
memory,public,initial,C/R,native_Cached,0.0,0.0,0.0,,6,6,0,0,0,0,,
memory,public,initial,A/C,native_Cached,0.0,0.0,0.0,,6,6,0,0,0,0,,
memory,public,initial,A/R,native_Capacity,4096.0,4096.0,0.0,0.0,6,6,4096,4096,4096,4096,,
memory,public,initial,C/R,native_Capacity,4096.0,4096.0,0.0,0.0,6,6,4096,4096,4096,4096,,
memory,public,initial,A/C,native_Capacity,4096.0,4096.0,0.0,0.0,6,6,4096,4096,4096,4096,,
memory,public,initial,A/R,native_PeakRegistered,0.0,0.0,0.0,,6,6,0,0,0,0,,
memory,public,initial,C/R,native_PeakRegistered,0.0,0.0,0.0,,6,6,0,0,0,0,,
memory,public,initial,A/C,native_PeakRegistered,0.0,0.0,0.0,,6,6,0,0,0,0,,
memory,public,initial,A/R,native_Registered,0.0,0.0,0.0,,6,6,0,0,0,0,,
memory,public,initial,C/R,native_Registered,0.0,0.0,0.0,,6,6,0,0,0,0,,
memory,public,initial,A/C,native_Registered,0.0,0.0,0.0,,6,6,0,0,0,0,,
memory,public,initial,A/R,native_ScanSpan,0.0,0.0,0.0,,6,6,0,0,0,0,,
memory,public,initial,C/R,native_ScanSpan,0.0,0.0,0.0,,6,6,0,0,0,0,,
memory,public,initial,A/C,native_ScanSpan,0.0,0.0,0.0,,6,6,0,0,0,0,,
memory,public,initial,A/R,native_Supported,1.0,1.0,0.0,0.0,6,6,True,True,True,True,,
memory,public,initial,C/R,native_Supported,1.0,1.0,0.0,0.0,6,6,True,True,True,True,,
memory,public,initial,A/C,native_Supported,1.0,1.0,0.0,0.0,6,6,True,True,True,True,,
memory,public,initial,A/R,peak_rss_kib,13710.0,13744.0,34.0,0.24799416484317938,6,6,13628,13860,13624,13816,,
memory,public,initial,C/R,peak_rss_kib,13556.0,13744.0,188.0,1.3868397757450523,6,6,13424,13832,13624,13816,,
memory,public,initial,A/C,peak_rss_kib,13710.0,13556.0,-154.0,-1.1232676878191072,6,6,13628,13860,13424,13832,,
memory,public,initial,A/R,rss_bytes,12582912.0,12292096.0,-290816.0,-2.311197916666663,6,6,12574720,12795904,10194944,12308480,,
memory,public,initial,C/R,rss_bytes,12357632.0,12292096.0,-65536.0,-0.530328140536962,6,6,10256384,12357632,10194944,12308480,,
memory,public,initial,A/C,rss_bytes,12582912.0,12357632.0,-225280.0,-1.790364583333337,6,6,12574720,12795904,10256384,12357632,,
memory,public,initial,A/R,total_alloc,423352.0,417888.0,-5464.0,-1.2906517507889403,6,6,417792,423432,417648,423448,,
memory,public,initial,C/R,total_alloc,418208.0,417888.0,-320.0,-0.07651694850409063,6,6,417488,418448,417648,423448,,
memory,public,initial,A/C,total_alloc,423352.0,418208.0,-5144.0,-1.2150645325875398,6,6,417792,423432,417488,418448,,
memory,public,released_0,A/R,allocation_bytes_delta,14472.0,14472.0,0.0,0.0,6,6,14472,14488,14472,14472,,
memory,public,released_0,C/R,allocation_bytes_delta,14472.0,14472.0,0.0,0.0,6,6,14472,14472,14472,14472,,
memory,public,released_0,A/C,allocation_bytes_delta,14472.0,14472.0,0.0,0.0,6,6,14472,14488,14472,14472,,
memory,public,released_0,A/R,allocation_count_delta,240.0,240.0,0.0,0.0,6,6,240,241,240,240,,
memory,public,released_0,C/R,allocation_count_delta,240.0,240.0,0.0,0.0,6,6,240,240,240,240,,
memory,public,released_0,A/C,allocation_count_delta,240.0,240.0,0.0,0.0,6,6,240,241,240,240,,
memory,public,released_0,A/R,code_bytes,0.0,0.0,0.0,,6,6,0,0,0,0,,
memory,public,released_0,C/R,code_bytes,0.0,0.0,0.0,,6,6,0,0,0,0,,
memory,public,released_0,A/C,code_bytes,0.0,0.0,0.0,,6,6,0,0,0,0,,
memory,public,released_0,A/R,heap_alloc,1547408.0,1536824.0,-10584.0,-0.6839825049372861,6,6,1541880,1547648,1536344,1542304,,
memory,public,released_0,C/R,heap_alloc,1537064.0,1536824.0,-240.0,-0.01561418392467262,6,6,1536184,1537464,1536344,1542304,,
memory,public,released_0,A/C,heap_alloc,1547408.0,1537064.0,-10344.0,-0.6684726975691002,6,6,1541880,1547648,1536184,1537464,,
memory,public,released_0,A/R,heap_inuse,2203648.0,2211840.0,8192.0,0.3717472118959009,6,6,2146304,2211840,2195456,2228224,,
memory,public,released_0,C/R,heap_inuse,2211840.0,2211840.0,0.0,0.0,6,6,2203648,2220032,2195456,2228224,,
memory,public,released_0,A/C,heap_inuse,2203648.0,2211840.0,8192.0,0.3717472118959009,6,6,2146304,2211840,2203648,2220032,,
memory,public,released_0,A/R,heap_objects,1647.5,1637.0,-10.5,-0.6373292867981828,6,6,1642,1649,1634,1644,,
memory,public,released_0,C/R,heap_objects,1638.5,1637.0,-1.5,-0.09154714678059062,6,6,1633,1641,1634,1644,,
memory,public,released_0,A/C,heap_objects,1647.5,1638.5,-9.0,-0.5462822458270122,6,6,1642,1649,1633,1641,,
memory,public,released_0,A/R,heap_released,5287936.0,4734976.0,-552960.0,-10.457010069713402,6,6,5210112,9502720,4685824,8929280,,
memory,public,released_0,C/R,heap_released,4710400.0,4734976.0,24576.0,0.521739130434784,6,6,4685824,4784128,4685824,8929280,,
memory,public,released_0,A/C,heap_released,5287936.0,4710400.0,-577536.0,-10.921766072811778,6,6,5210112,9502720,4685824,4784128,,
memory,public,released_0,A/R,mallocs,68038.5,67543.0,-495.5,-0.7282641445652049,6,6,68031,68040,67540,67550,,
memory,public,released_0,C/R,mallocs,67544.5,67543.0,-1.5,-0.002220758166837644,6,6,67539,67547,67540,67550,,
memory,public,released_0,A/C,mallocs,68038.5,67544.5,-494.0,-0.7260595104242484,6,6,68031,68040,67539,67547,,
memory,public,released_0,A/R,modules,0.0,0.0,0.0,,6,6,0,0,0,0,,
memory,public,released_0,C/R,modules,0.0,0.0,0.0,,6,6,0,0,0,0,,
memory,public,released_0,A/C,modules,0.0,0.0,0.0,,6,6,0,0,0,0,,
memory,public,released_0,A/R,native_Active,0.0,0.0,0.0,,6,6,0,0,0,0,,
memory,public,released_0,C/R,native_Active,0.0,0.0,0.0,,6,6,0,0,0,0,,
memory,public,released_0,A/C,native_Active,0.0,0.0,0.0,,6,6,0,0,0,0,,
memory,public,released_0,A/R,native_Cached,0.0,0.0,0.0,,6,6,0,0,0,0,,
memory,public,released_0,C/R,native_Cached,0.0,0.0,0.0,,6,6,0,0,0,0,,
memory,public,released_0,A/C,native_Cached,0.0,0.0,0.0,,6,6,0,0,0,0,,
memory,public,released_0,A/R,native_Capacity,4096.0,4096.0,0.0,0.0,6,6,4096,4096,4096,4096,,
memory,public,released_0,C/R,native_Capacity,4096.0,4096.0,0.0,0.0,6,6,4096,4096,4096,4096,,
memory,public,released_0,A/C,native_Capacity,4096.0,4096.0,0.0,0.0,6,6,4096,4096,4096,4096,,
memory,public,released_0,A/R,native_PeakRegistered,0.0,0.0,0.0,,6,6,0,0,0,0,,
memory,public,released_0,C/R,native_PeakRegistered,0.0,0.0,0.0,,6,6,0,0,0,0,,
memory,public,released_0,A/C,native_PeakRegistered,0.0,0.0,0.0,,6,6,0,0,0,0,,
memory,public,released_0,A/R,native_Registered,0.0,0.0,0.0,,6,6,0,0,0,0,,
memory,public,released_0,C/R,native_Registered,0.0,0.0,0.0,,6,6,0,0,0,0,,
memory,public,released_0,A/C,native_Registered,0.0,0.0,0.0,,6,6,0,0,0,0,,
memory,public,released_0,A/R,native_ScanSpan,0.0,0.0,0.0,,6,6,0,0,0,0,,
memory,public,released_0,C/R,native_ScanSpan,0.0,0.0,0.0,,6,6,0,0,0,0,,
memory,public,released_0,A/C,native_ScanSpan,0.0,0.0,0.0,,6,6,0,0,0,0,,
memory,public,released_0,A/R,native_Supported,1.0,1.0,0.0,0.0,6,6,True,True,True,True,,
memory,public,released_0,C/R,native_Supported,1.0,1.0,0.0,0.0,6,6,True,True,True,True,,
memory,public,released_0,A/C,native_Supported,1.0,1.0,0.0,0.0,6,6,True,True,True,True,,
memory,public,released_0,A/R,peak_rss_kib,18668.0,18870.0,202.0,1.0820655667452383,6,6,18560,20664,18612,20624,,
memory,public,released_0,C/R,peak_rss_kib,18634.0,18870.0,236.0,1.266502092948385,6,6,18604,19080,18612,20624,,
memory,public,released_0,A/C,peak_rss_kib,18668.0,18634.0,-34.0,-0.18212984786800668,6,6,18560,20664,18604,19080,,
memory,public,released_0,A/R,rss_bytes,17301504.0,17991680.0,690176.0,3.9891098484848397,6,6,17149952,19369984,17698816,19865600,,
memory,public,released_0,C/R,rss_bytes,17793024.0,17991680.0,198656.0,1.116482504604055,6,6,17485824,18276352,17698816,19865600,,
memory,public,released_0,A/C,rss_bytes,17301504.0,17793024.0,491520.0,2.840909090909083,6,6,17149952,19369984,17485824,18276352,,
memory,public,released_0,A/R,total_alloc,43245976.0,27247640.0,-15998336.0,-36.99381417591315,6,6,43240400,43246232,27247160,27253120,,
memory,public,released_0,C/R,total_alloc,27247880.0,27247640.0,-240.0,-0.0008808024697715133,6,6,27247000,27248280,27247160,27253120,,
memory,public,released_0,A/C,total_alloc,43245976.0,27247880.0,-15998096.0,-36.993259210984164,6,6,43240400,43246232,27247000,27248280,,
memory,public,released_1,A/R,allocation_bytes_delta,14472.0,14472.0,0.0,0.0,6,6,14472,14472,14472,14472,,
memory,public,released_1,C/R,allocation_bytes_delta,14472.0,14472.0,0.0,0.0,6,6,14472,14472,14472,14472,,
memory,public,released_1,A/C,allocation_bytes_delta,14472.0,14472.0,0.0,0.0,6,6,14472,14472,14472,14472,,
memory,public,released_1,A/R,allocation_count_delta,240.0,240.0,0.0,0.0,6,6,240,240,240,240,,
memory,public,released_1,C/R,allocation_count_delta,240.0,240.0,0.0,0.0,6,6,240,240,240,240,,
memory,public,released_1,A/C,allocation_count_delta,240.0,240.0,0.0,0.0,6,6,240,240,240,240,,
memory,public,released_1,A/R,code_bytes,0.0,0.0,0.0,,6,6,0,0,0,0,,
memory,public,released_1,C/R,code_bytes,0.0,0.0,0.0,,6,6,0,0,0,0,,
memory,public,released_1,A/C,code_bytes,0.0,0.0,0.0,,6,6,0,0,0,0,,
memory,public,released_1,A/R,heap_alloc,1547408.0,1536824.0,-10584.0,-0.6839825049372861,6,6,1541848,1547648,1536344,1542304,,
memory,public,released_1,C/R,heap_alloc,1537064.0,1536824.0,-240.0,-0.01561418392467262,6,6,1536184,1537464,1536344,1542304,,
memory,public,released_1,A/C,heap_alloc,1547408.0,1537064.0,-10344.0,-0.6684726975691002,6,6,1541848,1547648,1536184,1537464,,
memory,public,released_1,A/R,heap_inuse,2129920.0,2203648.0,73728.0,3.4615384615384714,6,6,2113536,2129920,2195456,2220032,,
memory,public,released_1,C/R,heap_inuse,2195456.0,2203648.0,8192.0,0.3731343283582156,6,6,2187264,2203648,2195456,2220032,,
memory,public,released_1,A/C,heap_inuse,2129920.0,2195456.0,65536.0,3.076923076923066,6,6,2113536,2129920,2187264,2203648,,
memory,public,released_1,A/R,heap_objects,1647.5,1637.0,-10.5,-0.6373292867981828,6,6,1640,1649,1634,1644,,
memory,public,released_1,C/R,heap_objects,1638.5,1637.0,-1.5,-0.09154714678059062,6,6,1633,1641,1634,1644,,
memory,public,released_1,A/C,heap_objects,1647.5,1638.5,-9.0,-0.5462822458270122,6,6,1640,1649,1633,1641,,
memory,public,released_1,A/R,heap_released,4513792.0,4698112.0,184320.0,4.083484573502716,6,6,4325376,8519680,4677632,8863744,,
memory,public,released_1,C/R,heap_released,4694016.0,4698112.0,4096.0,0.08726003490402423,6,6,4669440,4718592,4677632,8863744,,
memory,public,released_1,A/C,heap_released,4513792.0,4694016.0,180224.0,3.992740471869327,6,6,4325376,8519680,4669440,4718592,,
memory,public,released_1,A/R,mallocs,75541.5,74988.0,-553.5,-0.732709834991363,6,6,75534,75543,74985,74995,,
memory,public,released_1,C/R,mallocs,74989.5,74988.0,-1.5,-0.002000280039204938,6,6,74984,74992,74985,74995,,
memory,public,released_1,A/C,mallocs,75541.5,74989.5,-552.0,-0.7307241714819002,6,6,75534,75543,74984,74992,,
memory,public,released_1,A/R,modules,0.0,0.0,0.0,,6,6,0,0,0,0,,
memory,public,released_1,C/R,modules,0.0,0.0,0.0,,6,6,0,0,0,0,,
memory,public,released_1,A/C,modules,0.0,0.0,0.0,,6,6,0,0,0,0,,
memory,public,released_1,A/R,native_Active,0.0,0.0,0.0,,6,6,0,0,0,0,,
memory,public,released_1,C/R,native_Active,0.0,0.0,0.0,,6,6,0,0,0,0,,
memory,public,released_1,A/C,native_Active,0.0,0.0,0.0,,6,6,0,0,0,0,,
memory,public,released_1,A/R,native_Cached,0.0,0.0,0.0,,6,6,0,0,0,0,,
memory,public,released_1,C/R,native_Cached,0.0,0.0,0.0,,6,6,0,0,0,0,,
memory,public,released_1,A/C,native_Cached,0.0,0.0,0.0,,6,6,0,0,0,0,,
memory,public,released_1,A/R,native_Capacity,4096.0,4096.0,0.0,0.0,6,6,4096,4096,4096,4096,,
memory,public,released_1,C/R,native_Capacity,4096.0,4096.0,0.0,0.0,6,6,4096,4096,4096,4096,,
memory,public,released_1,A/C,native_Capacity,4096.0,4096.0,0.0,0.0,6,6,4096,4096,4096,4096,,
memory,public,released_1,A/R,native_PeakRegistered,0.0,0.0,0.0,,6,6,0,0,0,0,,
memory,public,released_1,C/R,native_PeakRegistered,0.0,0.0,0.0,,6,6,0,0,0,0,,
memory,public,released_1,A/C,native_PeakRegistered,0.0,0.0,0.0,,6,6,0,0,0,0,,
memory,public,released_1,A/R,native_Registered,0.0,0.0,0.0,,6,6,0,0,0,0,,
memory,public,released_1,C/R,native_Registered,0.0,0.0,0.0,,6,6,0,0,0,0,,
memory,public,released_1,A/C,native_Registered,0.0,0.0,0.0,,6,6,0,0,0,0,,
memory,public,released_1,A/R,native_ScanSpan,0.0,0.0,0.0,,6,6,0,0,0,0,,
memory,public,released_1,C/R,native_ScanSpan,0.0,0.0,0.0,,6,6,0,0,0,0,,
memory,public,released_1,A/C,native_ScanSpan,0.0,0.0,0.0,,6,6,0,0,0,0,,
memory,public,released_1,A/R,native_Supported,1.0,1.0,0.0,0.0,6,6,True,True,True,True,,
memory,public,released_1,C/R,native_Supported,1.0,1.0,0.0,0.0,6,6,True,True,True,True,,
memory,public,released_1,A/C,native_Supported,1.0,1.0,0.0,0.0,6,6,True,True,True,True,,
memory,public,released_1,A/R,peak_rss_kib,18668.0,18870.0,202.0,1.0820655667452383,6,6,18560,20664,18612,20624,,
memory,public,released_1,C/R,peak_rss_kib,18634.0,18870.0,236.0,1.266502092948385,6,6,18604,19080,18612,20624,,
memory,public,released_1,A/C,peak_rss_kib,18668.0,18634.0,-34.0,-0.18212984786800668,6,6,18560,20664,18604,19080,,
memory,public,released_1,A/R,rss_bytes,18128896.0,18022400.0,-106496.0,-0.5874378671486657,6,6,17772544,20099072,17649664,19890176,,
memory,public,released_1,C/R,rss_bytes,17756160.0,18022400.0,266240.0,1.4994232987312506,6,6,17580032,18223104,17649664,19890176,,
memory,public,released_1,A/C,rss_bytes,18128896.0,17756160.0,-372736.0,-2.0560325350203357,6,6,17772544,20099072,17580032,18223104,,
memory,public,released_1,A/R,total_alloc,48296232.0,30416352.0,-17879880.0,-37.021273212369856,6,6,48290656,48296488,30415872,30421832,,
memory,public,released_1,C/R,total_alloc,30416592.0,30416352.0,-240.0,-0.0007890430328338915,6,6,30415712,30416992,30415872,30421832,,
memory,public,released_1,A/C,total_alloc,48296232.0,30416592.0,-17879640.0,-37.02077627919296,6,6,48290656,48296488,30415712,30416992,,
memory,public,released_2,A/R,allocation_bytes_delta,14472.0,14472.0,0.0,0.0,6,6,14472,14472,14472,14472,,
memory,public,released_2,C/R,allocation_bytes_delta,14472.0,14472.0,0.0,0.0,6,6,14472,14472,14472,14472,,
memory,public,released_2,A/C,allocation_bytes_delta,14472.0,14472.0,0.0,0.0,6,6,14472,14472,14472,14472,,
memory,public,released_2,A/R,allocation_count_delta,240.0,240.0,0.0,0.0,6,6,240,240,240,240,,
memory,public,released_2,C/R,allocation_count_delta,240.0,240.0,0.0,0.0,6,6,240,240,240,240,,
memory,public,released_2,A/C,allocation_count_delta,240.0,240.0,0.0,0.0,6,6,240,240,240,240,,
memory,public,released_2,A/R,code_bytes,0.0,0.0,0.0,,6,6,0,0,0,0,,
memory,public,released_2,C/R,code_bytes,0.0,0.0,0.0,,6,6,0,0,0,0,,
memory,public,released_2,A/C,code_bytes,0.0,0.0,0.0,,6,6,0,0,0,0,,
memory,public,released_2,A/R,heap_alloc,1547408.0,1536824.0,-10584.0,-0.6839825049372861,6,6,1541848,1547648,1536344,1542304,,
memory,public,released_2,C/R,heap_alloc,1537064.0,1536824.0,-240.0,-0.01561418392467262,6,6,1536184,1537464,1536344,1542304,,
memory,public,released_2,A/C,heap_alloc,1547408.0,1537064.0,-10344.0,-0.6684726975691002,6,6,1541848,1547648,1536184,1537464,,
memory,public,released_2,A/R,heap_inuse,2129920.0,2199552.0,69632.0,3.26923076923078,6,6,2121728,2138112,2187264,2203648,,
memory,public,released_2,C/R,heap_inuse,2195456.0,2199552.0,4096.0,0.1865671641791078,6,6,2187264,2203648,2187264,2203648,,
memory,public,released_2,A/C,heap_inuse,2129920.0,2195456.0,65536.0,3.076923076923066,6,6,2121728,2138112,2187264,2203648,,
memory,public,released_2,A/R,heap_objects,1647.5,1637.0,-10.5,-0.6373292867981828,6,6,1640,1649,1634,1644,,
memory,public,released_2,C/R,heap_objects,1638.5,1637.0,-1.5,-0.09154714678059062,6,6,1633,1641,1634,1644,,
memory,public,released_2,A/C,heap_objects,1647.5,1638.5,-9.0,-0.5462822458270122,6,6,1640,1649,1633,1641,,
memory,public,released_2,A/R,heap_released,4337664.0,4706304.0,368640.0,8.498583569405094,6,6,4284416,8519680,4694016,8839168,,
memory,public,released_2,C/R,heap_released,4702208.0,4706304.0,4096.0,0.08710801393727596,6,6,4669440,4718592,4694016,8839168,,
memory,public,released_2,A/C,heap_released,4337664.0,4702208.0,364544.0,8.404154863078372,6,6,4284416,8519680,4669440,4718592,,
memory,public,released_2,A/R,mallocs,83044.5,82433.0,-611.5,-0.7363521967138076,6,6,83037,83046,82430,82440,,
memory,public,released_2,C/R,mallocs,82434.5,82433.0,-1.5,-0.0018196264913394877,6,6,82429,82437,82430,82440,,
memory,public,released_2,A/C,mallocs,83044.5,82434.5,-610.0,-0.7345459362149254,6,6,83037,83046,82429,82437,,
memory,public,released_2,A/R,modules,0.0,0.0,0.0,,6,6,0,0,0,0,,
memory,public,released_2,C/R,modules,0.0,0.0,0.0,,6,6,0,0,0,0,,
memory,public,released_2,A/C,modules,0.0,0.0,0.0,,6,6,0,0,0,0,,
memory,public,released_2,A/R,native_Active,0.0,0.0,0.0,,6,6,0,0,0,0,,
memory,public,released_2,C/R,native_Active,0.0,0.0,0.0,,6,6,0,0,0,0,,
memory,public,released_2,A/C,native_Active,0.0,0.0,0.0,,6,6,0,0,0,0,,
memory,public,released_2,A/R,native_Cached,0.0,0.0,0.0,,6,6,0,0,0,0,,
memory,public,released_2,C/R,native_Cached,0.0,0.0,0.0,,6,6,0,0,0,0,,
memory,public,released_2,A/C,native_Cached,0.0,0.0,0.0,,6,6,0,0,0,0,,
memory,public,released_2,A/R,native_Capacity,4096.0,4096.0,0.0,0.0,6,6,4096,4096,4096,4096,,
memory,public,released_2,C/R,native_Capacity,4096.0,4096.0,0.0,0.0,6,6,4096,4096,4096,4096,,
memory,public,released_2,A/C,native_Capacity,4096.0,4096.0,0.0,0.0,6,6,4096,4096,4096,4096,,
memory,public,released_2,A/R,native_PeakRegistered,0.0,0.0,0.0,,6,6,0,0,0,0,,
memory,public,released_2,C/R,native_PeakRegistered,0.0,0.0,0.0,,6,6,0,0,0,0,,
memory,public,released_2,A/C,native_PeakRegistered,0.0,0.0,0.0,,6,6,0,0,0,0,,
memory,public,released_2,A/R,native_Registered,0.0,0.0,0.0,,6,6,0,0,0,0,,
memory,public,released_2,C/R,native_Registered,0.0,0.0,0.0,,6,6,0,0,0,0,,
memory,public,released_2,A/C,native_Registered,0.0,0.0,0.0,,6,6,0,0,0,0,,
memory,public,released_2,A/R,native_ScanSpan,0.0,0.0,0.0,,6,6,0,0,0,0,,
memory,public,released_2,C/R,native_ScanSpan,0.0,0.0,0.0,,6,6,0,0,0,0,,
memory,public,released_2,A/C,native_ScanSpan,0.0,0.0,0.0,,6,6,0,0,0,0,,
memory,public,released_2,A/R,native_Supported,1.0,1.0,0.0,0.0,6,6,True,True,True,True,,
memory,public,released_2,C/R,native_Supported,1.0,1.0,0.0,0.0,6,6,True,True,True,True,,
memory,public,released_2,A/C,native_Supported,1.0,1.0,0.0,0.0,6,6,True,True,True,True,,
memory,public,released_2,A/R,peak_rss_kib,18668.0,18870.0,202.0,1.0820655667452383,6,6,18560,20664,18612,20624,,
memory,public,released_2,C/R,peak_rss_kib,18634.0,18870.0,236.0,1.266502092948385,6,6,18604,19080,18612,20624,,
memory,public,released_2,A/C,peak_rss_kib,18668.0,18634.0,-34.0,-0.18212984786800668,6,6,18560,20664,18604,19080,,
memory,public,released_2,A/R,rss_bytes,18202624.0,18012160.0,-190464.0,-1.0463546354635422,6,6,18120704,20303872,17686528,19939328,,
memory,public,released_2,C/R,rss_bytes,17858560.0,18012160.0,153600.0,0.8600917431192734,6,6,17596416,18259968,17686528,19939328,,
memory,public,released_2,A/C,rss_bytes,18202624.0,17858560.0,-344064.0,-1.8901890189018888,6,6,18120704,20303872,17596416,18259968,,
memory,public,released_2,A/R,total_alloc,53346488.0,33585064.0,-19761424.0,-37.043533212533134,6,6,53340912,53346744,33584584,33590544,,
memory,public,released_2,C/R,total_alloc,33585304.0,33585064.0,-240.0,-0.0007145982659606531,6,6,33584424,33585704,33584584,33590544,,
memory,public,released_2,A/C,total_alloc,53346488.0,33585304.0,-19761184.0,-37.04308332349826,6,6,53340912,53346744,33584424,33585704,,
memory,public,retained_0,A/R,allocation_bytes_delta,5037296.0,3155744.0,-1881552.0,-37.35242082260007,6,6,5037288,5037304,3155744,3155744,,
memory,public,retained_0,C/R,allocation_bytes_delta,3155744.0,3155744.0,0.0,0.0,6,6,3155744,3155760,3155744,3155744,,
memory,public,retained_0,A/C,allocation_bytes_delta,5037296.0,3155744.0,-1881552.0,-37.35242082260007,6,6,5037288,5037304,3155744,3155760,,
memory,public,retained_0,A/R,allocation_count_delta,7271.0,7213.0,-58.0,-0.7976894512446653,6,6,7271,7271,7213,7213,,
memory,public,retained_0,C/R,allocation_count_delta,7213.0,7213.0,0.0,0.0,6,6,7213,7214,7213,7213,,
memory,public,retained_0,A/C,allocation_count_delta,7271.0,7213.0,-58.0,-0.7976894512446653,6,6,7271,7271,7213,7214,,
memory,public,retained_0,A/R,code_bytes,167268.0,134972.0,-32296.0,-19.307936963435925,6,6,167268,167268,134972,134972,,
memory,public,retained_0,C/R,code_bytes,134972.0,134972.0,0.0,0.0,6,6,134972,134972,134972,134972,,
memory,public,retained_0,A/C,code_bytes,167268.0,134972.0,-32296.0,-19.307936963435925,6,6,167268,167268,134972,134972,,
memory,public,retained_0,A/R,heap_alloc,1551712.0,1541128.0,-10584.0,-0.682085335423066,6,6,1546184,1551952,1540648,1546608,,
memory,public,retained_0,C/R,heap_alloc,1541368.0,1541128.0,-240.0,-0.015570584052604364,6,6,1540488,1541768,1540648,1546608,,
memory,public,retained_0,A/C,heap_alloc,1551712.0,1541368.0,-10344.0,-0.6666185477717468,6,6,1546184,1551952,1540488,1541768,,
memory,public,retained_0,A/R,heap_inuse,2220032.0,2228224.0,8192.0,0.36900369003689537,6,6,2162688,2228224,2211840,2244608,,
memory,public,retained_0,C/R,heap_inuse,2228224.0,2228224.0,0.0,0.0,6,6,2220032,2236416,2211840,2244608,,
memory,public,retained_0,A/C,heap_inuse,2220032.0,2228224.0,8192.0,0.36900369003689537,6,6,2162688,2228224,2220032,2236416,,
memory,public,retained_0,A/R,heap_objects,1675.5,1665.0,-10.5,-0.6266786034019645,6,6,1670,1677,1662,1672,,
memory,public,retained_0,C/R,heap_objects,1666.5,1665.0,-1.5,-0.09000900090009312,6,6,1661,1669,1662,1672,,
memory,public,retained_0,A/C,heap_objects,1675.5,1666.5,-9.0,-0.53715308863026,6,6,1670,1677,1661,1669,,
memory,public,retained_0,A/R,heap_released,3465216.0,4059136.0,593920.0,17.139479905437362,6,6,3284992,7618560,4022272,8339456,,
memory,public,retained_0,C/R,heap_released,4055040.0,4059136.0,4096.0,0.10101010101009056,6,6,4030464,4063232,4022272,8339456,,
memory,public,retained_0,A/C,heap_released,3465216.0,4055040.0,589824.0,17.021276595744684,6,6,3284992,7618560,4030464,4063232,,
memory,public,retained_0,A/R,mallocs,67798.5,67303.0,-495.5,-0.7308421277756882,6,6,67791,67800,67300,67310,,
memory,public,retained_0,C/R,mallocs,67304.5,67303.0,-1.5,-0.0022286771315438436,6,6,67299,67307,67300,67310,,
memory,public,retained_0,A/C,mallocs,67798.5,67304.5,-494.0,-0.728629689447402,6,6,67791,67800,67299,67307,,
memory,public,retained_0,A/R,modules,36.0,36.0,0.0,0.0,6,6,36,36,36,36,,
memory,public,retained_0,C/R,modules,36.0,36.0,0.0,0.0,6,6,36,36,36,36,,
memory,public,retained_0,A/C,modules,36.0,36.0,0.0,0.0,6,6,36,36,36,36,,
memory,public,retained_0,A/R,native_Active,0.0,0.0,0.0,,6,6,0,0,0,0,,
memory,public,retained_0,C/R,native_Active,0.0,0.0,0.0,,6,6,0,0,0,0,,
memory,public,retained_0,A/C,native_Active,0.0,0.0,0.0,,6,6,0,0,0,0,,
memory,public,retained_0,A/R,native_Cached,0.0,0.0,0.0,,6,6,0,0,0,0,,
memory,public,retained_0,C/R,native_Cached,0.0,0.0,0.0,,6,6,0,0,0,0,,
memory,public,retained_0,A/C,native_Cached,0.0,0.0,0.0,,6,6,0,0,0,0,,
memory,public,retained_0,A/R,native_Capacity,4096.0,4096.0,0.0,0.0,6,6,4096,4096,4096,4096,,
memory,public,retained_0,C/R,native_Capacity,4096.0,4096.0,0.0,0.0,6,6,4096,4096,4096,4096,,
memory,public,retained_0,A/C,native_Capacity,4096.0,4096.0,0.0,0.0,6,6,4096,4096,4096,4096,,
memory,public,retained_0,A/R,native_PeakRegistered,0.0,0.0,0.0,,6,6,0,0,0,0,,
memory,public,retained_0,C/R,native_PeakRegistered,0.0,0.0,0.0,,6,6,0,0,0,0,,
memory,public,retained_0,A/C,native_PeakRegistered,0.0,0.0,0.0,,6,6,0,0,0,0,,
memory,public,retained_0,A/R,native_Registered,0.0,0.0,0.0,,6,6,0,0,0,0,,
memory,public,retained_0,C/R,native_Registered,0.0,0.0,0.0,,6,6,0,0,0,0,,
memory,public,retained_0,A/C,native_Registered,0.0,0.0,0.0,,6,6,0,0,0,0,,
memory,public,retained_0,A/R,native_ScanSpan,0.0,0.0,0.0,,6,6,0,0,0,0,,
memory,public,retained_0,C/R,native_ScanSpan,0.0,0.0,0.0,,6,6,0,0,0,0,,
memory,public,retained_0,A/C,native_ScanSpan,0.0,0.0,0.0,,6,6,0,0,0,0,,
memory,public,retained_0,A/R,native_Supported,1.0,1.0,0.0,0.0,6,6,True,True,True,True,,
memory,public,retained_0,C/R,native_Supported,1.0,1.0,0.0,0.0,6,6,True,True,True,True,,
memory,public,retained_0,A/C,native_Supported,1.0,1.0,0.0,0.0,6,6,True,True,True,True,,
memory,public,retained_0,A/R,peak_rss_kib,18668.0,18870.0,202.0,1.0820655667452383,6,6,18560,20664,18612,20624,,
memory,public,retained_0,C/R,peak_rss_kib,18634.0,18870.0,236.0,1.266502092948385,6,6,18604,19080,18612,20624,,
memory,public,retained_0,A/C,peak_rss_kib,18668.0,18634.0,-34.0,-0.18212984786800668,6,6,18560,20664,18604,19080,,
memory,public,retained_0,A/R,rss_bytes,19103744.0,18561024.0,-542720.0,-2.840909090909094,6,6,18993152,21004288,18354176,20520960,,
memory,public,retained_0,C/R,rss_bytes,18448384.0,18561024.0,112640.0,0.6105683836589604,6,6,18206720,18931712,18354176,20520960,,
memory,public,retained_0,A/C,rss_bytes,19103744.0,18448384.0,-655360.0,-3.430531732418529,6,6,18993152,21004288,18206720,18931712,,
memory,public,retained_0,A/R,total_alloc,43231504.0,27233168.0,-15998336.0,-37.00619807259077,6,6,43225928,43231760,27232688,27238648,,
memory,public,retained_0,C/R,total_alloc,27233408.0,27233168.0,-240.0,-0.0008812705336036508,6,6,27232528,27233808,27232688,27238648,,
memory,public,retained_0,A/C,total_alloc,43231504.0,27233408.0,-15998096.0,-37.00564292188401,6,6,43225928,43231760,27232528,27233808,,
memory,public,retained_1,A/R,allocation_bytes_delta,5035784.0,3154240.0,-1881544.0,-37.36347706732457,6,6,5035784,5035784,3154240,3154240,,
memory,public,retained_1,C/R,allocation_bytes_delta,3154240.0,3154240.0,0.0,0.0,6,6,3154240,3154240,3154240,3154240,,
memory,public,retained_1,A/C,allocation_bytes_delta,5035784.0,3154240.0,-1881544.0,-37.36347706732457,6,6,5035784,5035784,3154240,3154240,,
memory,public,retained_1,A/R,allocation_count_delta,7263.0,7205.0,-58.0,-0.7985680848134336,6,6,7263,7263,7205,7205,,
memory,public,retained_1,C/R,allocation_count_delta,7205.0,7205.0,0.0,0.0,6,6,7205,7205,7205,7205,,
memory,public,retained_1,A/C,allocation_count_delta,7263.0,7205.0,-58.0,-0.7985680848134336,6,6,7263,7263,7205,7205,,
memory,public,retained_1,A/R,code_bytes,167268.0,134972.0,-32296.0,-19.307936963435925,6,6,167268,167268,134972,134972,,
memory,public,retained_1,C/R,code_bytes,134972.0,134972.0,0.0,0.0,6,6,134972,134972,134972,134972,,
memory,public,retained_1,A/C,code_bytes,167268.0,134972.0,-32296.0,-19.307936963435925,6,6,167268,167268,134972,134972,,
memory,public,retained_1,A/R,heap_alloc,1551712.0,1541128.0,-10584.0,-0.682085335423066,6,6,1546152,1551952,1540648,1546608,,
memory,public,retained_1,C/R,heap_alloc,1541368.0,1541128.0,-240.0,-0.015570584052604364,6,6,1540488,1541768,1540648,1546608,,
memory,public,retained_1,A/C,heap_alloc,1551712.0,1541368.0,-10344.0,-0.6666185477717468,6,6,1546152,1551952,1540488,1541768,,
memory,public,retained_1,A/R,heap_inuse,2146304.0,2220032.0,73728.0,3.435114503816794,6,6,2129920,2146304,2211840,2236416,,
memory,public,retained_1,C/R,heap_inuse,2211840.0,2220032.0,8192.0,0.37037037037037646,6,6,2203648,2220032,2211840,2236416,,
memory,public,retained_1,A/C,heap_inuse,2146304.0,2211840.0,65536.0,3.053435114503822,6,6,2129920,2146304,2203648,2220032,,
memory,public,retained_1,A/R,heap_objects,1675.5,1665.0,-10.5,-0.6266786034019645,6,6,1668,1677,1662,1672,,
memory,public,retained_1,C/R,heap_objects,1666.5,1665.0,-1.5,-0.09000900090009312,6,6,1661,1669,1662,1672,,
memory,public,retained_1,A/C,heap_objects,1675.5,1666.5,-9.0,-0.53715308863026,6,6,1668,1677,1661,1669,,
memory,public,retained_1,A/R,heap_released,4055040.0,4218880.0,163840.0,4.040404040404044,6,6,3932160,8192000,3850240,8372224,,
memory,public,retained_1,C/R,heap_released,4235264.0,4218880.0,-16384.0,-0.3868471953578312,6,6,4145152,4259840,3850240,8372224,,
memory,public,retained_1,A/C,heap_released,4055040.0,4235264.0,180224.0,4.444444444444451,6,6,3932160,8192000,4145152,4259840,,
memory,public,retained_1,A/R,mallocs,75301.5,74748.0,-553.5,-0.7350451186231344,6,6,75294,75303,74745,74755,,
memory,public,retained_1,C/R,mallocs,74749.5,74748.0,-1.5,-0.002006702385970449,6,6,74744,74752,74745,74755,,
memory,public,retained_1,A/C,mallocs,75301.5,74749.5,-552.0,-0.7330531264317486,6,6,75294,75303,74744,74752,,
memory,public,retained_1,A/R,modules,36.0,36.0,0.0,0.0,6,6,36,36,36,36,,
memory,public,retained_1,C/R,modules,36.0,36.0,0.0,0.0,6,6,36,36,36,36,,
memory,public,retained_1,A/C,modules,36.0,36.0,0.0,0.0,6,6,36,36,36,36,,
memory,public,retained_1,A/R,native_Active,0.0,0.0,0.0,,6,6,0,0,0,0,,
memory,public,retained_1,C/R,native_Active,0.0,0.0,0.0,,6,6,0,0,0,0,,
memory,public,retained_1,A/C,native_Active,0.0,0.0,0.0,,6,6,0,0,0,0,,
memory,public,retained_1,A/R,native_Cached,0.0,0.0,0.0,,6,6,0,0,0,0,,
memory,public,retained_1,C/R,native_Cached,0.0,0.0,0.0,,6,6,0,0,0,0,,
memory,public,retained_1,A/C,native_Cached,0.0,0.0,0.0,,6,6,0,0,0,0,,
memory,public,retained_1,A/R,native_Capacity,4096.0,4096.0,0.0,0.0,6,6,4096,4096,4096,4096,,
memory,public,retained_1,C/R,native_Capacity,4096.0,4096.0,0.0,0.0,6,6,4096,4096,4096,4096,,
memory,public,retained_1,A/C,native_Capacity,4096.0,4096.0,0.0,0.0,6,6,4096,4096,4096,4096,,
memory,public,retained_1,A/R,native_PeakRegistered,0.0,0.0,0.0,,6,6,0,0,0,0,,
memory,public,retained_1,C/R,native_PeakRegistered,0.0,0.0,0.0,,6,6,0,0,0,0,,
memory,public,retained_1,A/C,native_PeakRegistered,0.0,0.0,0.0,,6,6,0,0,0,0,,
memory,public,retained_1,A/R,native_Registered,0.0,0.0,0.0,,6,6,0,0,0,0,,
memory,public,retained_1,C/R,native_Registered,0.0,0.0,0.0,,6,6,0,0,0,0,,
memory,public,retained_1,A/C,native_Registered,0.0,0.0,0.0,,6,6,0,0,0,0,,
memory,public,retained_1,A/R,native_ScanSpan,0.0,0.0,0.0,,6,6,0,0,0,0,,
memory,public,retained_1,C/R,native_ScanSpan,0.0,0.0,0.0,,6,6,0,0,0,0,,
memory,public,retained_1,A/C,native_ScanSpan,0.0,0.0,0.0,,6,6,0,0,0,0,,
memory,public,retained_1,A/R,native_Supported,1.0,1.0,0.0,0.0,6,6,True,True,True,True,,
memory,public,retained_1,C/R,native_Supported,1.0,1.0,0.0,0.0,6,6,True,True,True,True,,
memory,public,retained_1,A/C,native_Supported,1.0,1.0,0.0,0.0,6,6,True,True,True,True,,
memory,public,retained_1,A/R,peak_rss_kib,18668.0,18870.0,202.0,1.0820655667452383,6,6,18560,20664,18612,20624,,
memory,public,retained_1,C/R,peak_rss_kib,18634.0,18870.0,236.0,1.266502092948385,6,6,18604,19080,18612,20624,,
memory,public,retained_1,A/C,peak_rss_kib,18668.0,18634.0,-34.0,-0.18212984786800668,6,6,18560,20664,18604,19080,,
memory,public,retained_1,A/R,rss_bytes,18380800.0,18524160.0,143360.0,0.7799442896935904,6,6,18313216,20381696,18128896,20500480,,
memory,public,retained_1,C/R,rss_bytes,18182144.0,18524160.0,342016.0,1.8810542915070894,6,6,18034688,18644992,18128896,20500480,,
memory,public,retained_1,A/C,rss_bytes,18380800.0,18182144.0,-198656.0,-1.0807799442896893,6,6,18313216,20381696,18034688,18644992,,
memory,public,retained_1,A/R,total_alloc,48281760.0,30401880.0,-17879880.0,-37.03236998816944,6,6,48276184,48282016,30401400,30407360,,
memory,public,retained_1,C/R,total_alloc,30402120.0,30401880.0,-240.0,-0.000789418632651806,6,6,30401240,30402520,30401400,30407360,,
memory,public,retained_1,A/C,total_alloc,48281760.0,30402120.0,-17879640.0,-37.03187290604154,6,6,48276184,48282016,30401240,30402520,,
memory,public,retained_2,A/R,allocation_bytes_delta,5035784.0,3154240.0,-1881544.0,-37.36347706732457,6,6,5035784,5035784,3154240,3154240,,
memory,public,retained_2,C/R,allocation_bytes_delta,3154240.0,3154240.0,0.0,0.0,6,6,3154240,3154240,3154240,3154240,,
memory,public,retained_2,A/C,allocation_bytes_delta,5035784.0,3154240.0,-1881544.0,-37.36347706732457,6,6,5035784,5035784,3154240,3154240,,
memory,public,retained_2,A/R,allocation_count_delta,7263.0,7205.0,-58.0,-0.7985680848134336,6,6,7263,7263,7205,7205,,
memory,public,retained_2,C/R,allocation_count_delta,7205.0,7205.0,0.0,0.0,6,6,7205,7205,7205,7205,,
memory,public,retained_2,A/C,allocation_count_delta,7263.0,7205.0,-58.0,-0.7985680848134336,6,6,7263,7263,7205,7205,,
memory,public,retained_2,A/R,code_bytes,167268.0,134972.0,-32296.0,-19.307936963435925,6,6,167268,167268,134972,134972,,
memory,public,retained_2,C/R,code_bytes,134972.0,134972.0,0.0,0.0,6,6,134972,134972,134972,134972,,
memory,public,retained_2,A/C,code_bytes,167268.0,134972.0,-32296.0,-19.307936963435925,6,6,167268,167268,134972,134972,,
memory,public,retained_2,A/R,heap_alloc,1551712.0,1541128.0,-10584.0,-0.682085335423066,6,6,1546152,1551952,1540648,1546608,,
memory,public,retained_2,C/R,heap_alloc,1541368.0,1541128.0,-240.0,-0.015570584052604364,6,6,1540488,1541768,1540648,1546608,,
memory,public,retained_2,A/C,heap_alloc,1551712.0,1541368.0,-10344.0,-0.6666185477717468,6,6,1546152,1551952,1540488,1541768,,
memory,public,retained_2,A/R,heap_inuse,2146304.0,2215936.0,69632.0,3.244274809160297,6,6,2138112,2154496,2203648,2220032,,
memory,public,retained_2,C/R,heap_inuse,2211840.0,2215936.0,4096.0,0.18518518518517713,6,6,2203648,2220032,2203648,2220032,,
memory,public,retained_2,A/C,heap_inuse,2146304.0,2211840.0,65536.0,3.053435114503822,6,6,2138112,2154496,2203648,2220032,,
memory,public,retained_2,A/R,heap_objects,1675.5,1665.0,-10.5,-0.6266786034019645,6,6,1668,1677,1662,1672,,
memory,public,retained_2,C/R,heap_objects,1666.5,1665.0,-1.5,-0.09000900090009312,6,6,1661,1669,1662,1672,,
memory,public,retained_2,A/C,heap_objects,1675.5,1666.5,-9.0,-0.53715308863026,6,6,1668,1677,1661,1669,,
memory,public,retained_2,A/R,heap_released,4075520.0,4239360.0,163840.0,4.020100502512558,6,6,3973120,8290304,3989504,8445952,,
memory,public,retained_2,C/R,heap_released,4239360.0,4239360.0,0.0,0.0,6,6,4145152,4259840,3989504,8445952,,
memory,public,retained_2,A/C,heap_released,4075520.0,4239360.0,163840.0,4.020100502512558,6,6,3973120,8290304,4145152,4259840,,
memory,public,retained_2,A/R,mallocs,82804.5,82193.0,-611.5,-0.7384864349159748,6,6,82797,82806,82190,82200,,
memory,public,retained_2,C/R,mallocs,82194.5,82193.0,-1.5,-0.0018249396249170324,6,6,82189,82197,82190,82200,,
memory,public,retained_2,A/C,mallocs,82804.5,82194.5,-610.0,-0.7366749391639393,6,6,82797,82806,82189,82197,,
memory,public,retained_2,A/R,modules,36.0,36.0,0.0,0.0,6,6,36,36,36,36,,
memory,public,retained_2,C/R,modules,36.0,36.0,0.0,0.0,6,6,36,36,36,36,,
memory,public,retained_2,A/C,modules,36.0,36.0,0.0,0.0,6,6,36,36,36,36,,
memory,public,retained_2,A/R,native_Active,0.0,0.0,0.0,,6,6,0,0,0,0,,
memory,public,retained_2,C/R,native_Active,0.0,0.0,0.0,,6,6,0,0,0,0,,
memory,public,retained_2,A/C,native_Active,0.0,0.0,0.0,,6,6,0,0,0,0,,
memory,public,retained_2,A/R,native_Cached,0.0,0.0,0.0,,6,6,0,0,0,0,,
memory,public,retained_2,C/R,native_Cached,0.0,0.0,0.0,,6,6,0,0,0,0,,
memory,public,retained_2,A/C,native_Cached,0.0,0.0,0.0,,6,6,0,0,0,0,,
memory,public,retained_2,A/R,native_Capacity,4096.0,4096.0,0.0,0.0,6,6,4096,4096,4096,4096,,
memory,public,retained_2,C/R,native_Capacity,4096.0,4096.0,0.0,0.0,6,6,4096,4096,4096,4096,,
memory,public,retained_2,A/C,native_Capacity,4096.0,4096.0,0.0,0.0,6,6,4096,4096,4096,4096,,
memory,public,retained_2,A/R,native_PeakRegistered,0.0,0.0,0.0,,6,6,0,0,0,0,,
memory,public,retained_2,C/R,native_PeakRegistered,0.0,0.0,0.0,,6,6,0,0,0,0,,
memory,public,retained_2,A/C,native_PeakRegistered,0.0,0.0,0.0,,6,6,0,0,0,0,,
memory,public,retained_2,A/R,native_Registered,0.0,0.0,0.0,,6,6,0,0,0,0,,
memory,public,retained_2,C/R,native_Registered,0.0,0.0,0.0,,6,6,0,0,0,0,,
memory,public,retained_2,A/C,native_Registered,0.0,0.0,0.0,,6,6,0,0,0,0,,
memory,public,retained_2,A/R,native_ScanSpan,0.0,0.0,0.0,,6,6,0,0,0,0,,
memory,public,retained_2,C/R,native_ScanSpan,0.0,0.0,0.0,,6,6,0,0,0,0,,
memory,public,retained_2,A/C,native_ScanSpan,0.0,0.0,0.0,,6,6,0,0,0,0,,
memory,public,retained_2,A/R,native_Supported,1.0,1.0,0.0,0.0,6,6,True,True,True,True,,
memory,public,retained_2,C/R,native_Supported,1.0,1.0,0.0,0.0,6,6,True,True,True,True,,
memory,public,retained_2,A/C,native_Supported,1.0,1.0,0.0,0.0,6,6,True,True,True,True,,
memory,public,retained_2,A/R,peak_rss_kib,18668.0,18870.0,202.0,1.0820655667452383,6,6,18560,20664,18612,20624,,
memory,public,retained_2,C/R,peak_rss_kib,18634.0,18870.0,236.0,1.266502092948385,6,6,18604,19080,18612,20624,,
memory,public,retained_2,A/C,peak_rss_kib,18668.0,18634.0,-34.0,-0.18212984786800668,6,6,18560,20664,18604,19080,,
memory,public,retained_2,A/R,rss_bytes,18380800.0,18388992.0,8192.0,0.044568245125353734,6,6,18239488,20389888,18071552,20246528,,
memory,public,retained_2,C/R,rss_bytes,18276352.0,18388992.0,112640.0,0.616315553563429,6,6,18018304,18636800,18071552,20246528,,
memory,public,retained_2,A/C,rss_bytes,18380800.0,18276352.0,-104448.0,-0.5682451253481879,6,6,18239488,20389888,18018304,18636800,,
memory,public,retained_2,A/R,total_alloc,53332016.0,33570592.0,-19761424.0,-37.05358522355502,6,6,53326440,53332272,33570112,33576072,,
memory,public,retained_2,C/R,total_alloc,33570832.0,33570592.0,-240.0,-0.0007149063210531992,6,6,33569952,33571232,33570112,33576072,,
memory,public,retained_2,A/C,total_alloc,53332016.0,33570832.0,-19761184.0,-37.05313521243975,6,6,53326440,53332272,33569952,33571232,,
memory,public,runtime_released,A/R,allocation_bytes_delta,7136.0,7136.0,0.0,0.0,6,6,7136,7136,7136,7136,,
memory,public,runtime_released,C/R,allocation_bytes_delta,7136.0,7136.0,0.0,0.0,6,6,7136,7136,7136,7136,,
memory,public,runtime_released,A/C,allocation_bytes_delta,7136.0,7136.0,0.0,0.0,6,6,7136,7136,7136,7136,,
memory,public,runtime_released,A/R,allocation_count_delta,88.0,88.0,0.0,0.0,6,6,88,88,88,88,,
memory,public,runtime_released,C/R,allocation_count_delta,88.0,88.0,0.0,0.0,6,6,88,88,88,88,,
memory,public,runtime_released,A/C,allocation_count_delta,88.0,88.0,0.0,0.0,6,6,88,88,88,88,,
memory,public,runtime_released,A/R,code_bytes,0.0,0.0,0.0,,6,6,0,0,0,0,,
memory,public,runtime_released,C/R,code_bytes,0.0,0.0,0.0,,6,6,0,0,0,0,,
memory,public,runtime_released,A/C,code_bytes,0.0,0.0,0.0,,6,6,0,0,0,0,,
memory,public,runtime_released,A/R,heap_alloc,201224.0,195840.0,-5384.0,-2.675625173935514,6,6,195664,201464,195360,201320,,
memory,public,runtime_released,C/R,heap_alloc,196080.0,195840.0,-240.0,-0.1223990208078285,6,6,195200,196480,195360,201320,,
memory,public,runtime_released,A/C,heap_alloc,201224.0,196080.0,-5144.0,-2.5563551067467105,6,6,195664,201464,195200,196480,,
memory,public,runtime_released,A/R,heap_inuse,688128.0,679936.0,-8192.0,-1.1904761904761862,6,6,679936,688128,679936,688128,,
memory,public,runtime_released,C/R,heap_inuse,679936.0,679936.0,0.0,0.0,6,6,679936,679936,679936,688128,,
memory,public,runtime_released,A/C,heap_inuse,688128.0,679936.0,-8192.0,-1.1904761904761862,6,6,679936,688128,679936,679936,,
memory,public,runtime_released,A/R,heap_objects,772.5,767.0,-5.5,-0.7119741100323651,6,6,765,774,764,774,,
memory,public,runtime_released,C/R,heap_objects,768.5,767.0,-1.5,-0.19518542615484247,6,6,763,771,764,774,,
memory,public,runtime_released,A/C,heap_objects,772.5,768.5,-4.0,-0.517799352750814,6,6,765,774,763,771,,
memory,public,runtime_released,A/R,heap_released,5758976.0,5689344.0,-69632.0,-1.2091038406827903,6,6,5677056,9928704,5677056,9887744,,
memory,public,runtime_released,C/R,heap_released,5689344.0,5689344.0,0.0,0.0,6,6,5677056,5718016,5677056,9887744,,
memory,public,runtime_released,A/C,heap_released,5758976.0,5689344.0,-69632.0,-1.2091038406827903,6,6,5677056,9928704,5677056,5718016,,
memory,public,runtime_released,A/R,mallocs,83132.5,82521.0,-611.5,-0.7355727302799764,6,6,83125,83134,82518,82528,,
memory,public,runtime_released,C/R,mallocs,82522.5,82521.0,-1.5,-0.0018176860856145005,6,6,82517,82525,82518,82528,,
memory,public,runtime_released,A/C,mallocs,83132.5,82522.5,-610.0,-0.7337683818001373,6,6,83125,83134,82517,82525,,
memory,public,runtime_released,A/R,modules,0.0,0.0,0.0,,6,6,0,0,0,0,,
memory,public,runtime_released,C/R,modules,0.0,0.0,0.0,,6,6,0,0,0,0,,
memory,public,runtime_released,A/C,modules,0.0,0.0,0.0,,6,6,0,0,0,0,,
memory,public,runtime_released,A/R,native_Active,0.0,0.0,0.0,,6,6,0,0,0,0,,
memory,public,runtime_released,C/R,native_Active,0.0,0.0,0.0,,6,6,0,0,0,0,,
memory,public,runtime_released,A/C,native_Active,0.0,0.0,0.0,,6,6,0,0,0,0,,
memory,public,runtime_released,A/R,native_Cached,0.0,0.0,0.0,,6,6,0,0,0,0,,
memory,public,runtime_released,C/R,native_Cached,0.0,0.0,0.0,,6,6,0,0,0,0,,
memory,public,runtime_released,A/C,native_Cached,0.0,0.0,0.0,,6,6,0,0,0,0,,
memory,public,runtime_released,A/R,native_Capacity,4096.0,4096.0,0.0,0.0,6,6,4096,4096,4096,4096,,
memory,public,runtime_released,C/R,native_Capacity,4096.0,4096.0,0.0,0.0,6,6,4096,4096,4096,4096,,
memory,public,runtime_released,A/C,native_Capacity,4096.0,4096.0,0.0,0.0,6,6,4096,4096,4096,4096,,
memory,public,runtime_released,A/R,native_PeakRegistered,0.0,0.0,0.0,,6,6,0,0,0,0,,
memory,public,runtime_released,C/R,native_PeakRegistered,0.0,0.0,0.0,,6,6,0,0,0,0,,
memory,public,runtime_released,A/C,native_PeakRegistered,0.0,0.0,0.0,,6,6,0,0,0,0,,
memory,public,runtime_released,A/R,native_Registered,0.0,0.0,0.0,,6,6,0,0,0,0,,
memory,public,runtime_released,C/R,native_Registered,0.0,0.0,0.0,,6,6,0,0,0,0,,
memory,public,runtime_released,A/C,native_Registered,0.0,0.0,0.0,,6,6,0,0,0,0,,
memory,public,runtime_released,A/R,native_ScanSpan,0.0,0.0,0.0,,6,6,0,0,0,0,,
memory,public,runtime_released,C/R,native_ScanSpan,0.0,0.0,0.0,,6,6,0,0,0,0,,
memory,public,runtime_released,A/C,native_ScanSpan,0.0,0.0,0.0,,6,6,0,0,0,0,,
memory,public,runtime_released,A/R,native_Supported,1.0,1.0,0.0,0.0,6,6,True,True,True,True,,
memory,public,runtime_released,C/R,native_Supported,1.0,1.0,0.0,0.0,6,6,True,True,True,True,,
memory,public,runtime_released,A/C,native_Supported,1.0,1.0,0.0,0.0,6,6,True,True,True,True,,
memory,public,runtime_released,A/R,peak_rss_kib,18668.0,18870.0,202.0,1.0820655667452383,6,6,18560,20664,18612,20624,,
memory,public,runtime_released,C/R,peak_rss_kib,18634.0,18870.0,236.0,1.266502092948385,6,6,18604,19080,18612,20624,,
memory,public,runtime_released,A/C,peak_rss_kib,18668.0,18634.0,-34.0,-0.18212984786800668,6,6,18560,20664,18604,19080,,
memory,public,runtime_released,A/R,rss_bytes,16943104.0,17225728.0,282624.0,1.6680768765864773,6,6,16805888,18993152,16912384,19087360,,
memory,public,runtime_released,C/R,rss_bytes,17072128.0,17225728.0,153600.0,0.8997120921305113,6,6,16744448,17473536,16912384,19087360,,
memory,public,runtime_released,A/C,rss_bytes,16943104.0,17072128.0,129024.0,0.7615133567025367,6,6,16805888,18993152,16744448,17473536,,
memory,public,runtime_released,A/R,total_alloc,53353624.0,33592200.0,-19761424.0,-37.03857867274395,6,6,53348048,53353880,33591720,33597680,,
memory,public,runtime_released,C/R,total_alloc,33592440.0,33592200.0,-240.0,-0.0007144464647446114,6,6,33591560,33592840,33591720,33597680,,
memory,public,runtime_released,A/C,total_alloc,53353624.0,33592440.0,-19761184.0,-37.038128843881346,6,6,53348048,53353880,33591560,33592840,,
memory-auto,backend,compile_release_270,A/R,allocation_bytes_delta,19248588.0,5177064.0,-14071524.0,-73.1041882137017,6,6,19247392,19249880,5174704,5177064,,
memory-auto,backend,compile_release_270,C/R,allocation_bytes_delta,5177064.0,5177064.0,0.0,0.0,6,6,5177064,5180024,5174704,5177064,,
memory-auto,backend,compile_release_270,A/C,allocation_bytes_delta,19248588.0,5177064.0,-14071524.0,-73.1041882137017,6,6,19247392,19249880,5177064,5180024,,
memory-auto,backend,compile_release_270,A/R,allocation_count_delta,6308.5,5894.0,-414.5,-6.570500118887212,6,6,6303,6315,5883,5894,,
memory-auto,backend,compile_release_270,C/R,allocation_count_delta,5894.0,5894.0,0.0,0.0,6,6,5889,5894,5883,5894,,
memory-auto,backend,compile_release_270,A/C,allocation_count_delta,6308.5,5894.0,-414.5,-6.570500118887212,6,6,6303,6315,5889,5894,,
memory-auto,backend,compile_release_270,A/R,code_bytes,0.0,0.0,0.0,,6,6,0,0,0,0,,
memory-auto,backend,compile_release_270,C/R,code_bytes,0.0,0.0,0.0,,6,6,0,0,0,0,,
memory-auto,backend,compile_release_270,A/C,code_bytes,0.0,0.0,0.0,,6,6,0,0,0,0,,
memory-auto,backend,compile_release_270,A/R,functions_per_corpus,1032.0,1032.0,0.0,0.0,6,6,1032,1032,1032,1032,,
memory-auto,backend,compile_release_270,C/R,functions_per_corpus,1032.0,1032.0,0.0,0.0,6,6,1032,1032,1032,1032,,
memory-auto,backend,compile_release_270,A/C,functions_per_corpus,1032.0,1032.0,0.0,0.0,6,6,1032,1032,1032,1032,,
memory-auto,backend,compile_release_270,A/R,heap_alloc,461164.0,465064.0,3900.0,0.8456861333495214,6,6,454568,475096,455872,475936,,
memory-auto,backend,compile_release_270,C/R,heap_alloc,459164.0,465064.0,5900.0,1.2849439415982156,6,6,453608,468904,455872,475936,,
memory-auto,backend,compile_release_270,A/C,heap_alloc,461164.0,459164.0,-2000.0,-0.433685196589495,6,6,454568,475096,453608,468904,,
memory-auto,backend,compile_release_270,A/R,heap_inuse,1048576.0,1032192.0,-16384.0,-1.5625,6,6,1032192,1220608,1015808,1064960,,
memory-auto,backend,compile_release_270,C/R,heap_inuse,1069056.0,1032192.0,-36864.0,-3.4482758620689613,6,6,1024000,1138688,1015808,1064960,,
memory-auto,backend,compile_release_270,A/C,heap_inuse,1048576.0,1069056.0,20480.0,1.953125,6,6,1032192,1220608,1024000,1138688,,
memory-auto,backend,compile_release_270,A/R,heap_objects,1984.0,1989.0,5.0,0.2520161290322509,6,6,1971,2011,1975,2021,,
memory-auto,backend,compile_release_270,C/R,heap_objects,1979.5,1989.0,9.5,0.4799191715079587,6,6,1965,1996,1975,2021,,
memory-auto,backend,compile_release_270,A/C,heap_objects,1984.0,1979.5,-4.5,-0.2268145161290369,6,6,1971,2011,1965,1996,,
memory-auto,backend,compile_release_270,A/R,heap_released,3440640.0,3264512.0,-176128.0,-5.119047619047623,6,6,3178496,7577600,3178496,7626752,,
memory-auto,backend,compile_release_270,C/R,heap_released,3354624.0,3264512.0,-90112.0,-2.6862026862026878,6,6,3096576,7512064,3178496,7626752,,
memory-auto,backend,compile_release_270,A/C,heap_released,3440640.0,3354624.0,-86016.0,-2.500000000000002,6,6,3178496,7577600,3096576,7512064,,
memory-auto,backend,compile_release_270,A/R,mallocs,100812.0,99498.0,-1314.0,-1.303416259969048,6,6,100804,100830,99484,99533,,
memory-auto,backend,compile_release_270,C/R,mallocs,99495.0,99498.0,3.0,0.0030152268958305584,6,6,99484,99518,99484,99533,,
memory-auto,backend,compile_release_270,A/C,mallocs,100812.0,99495.0,-1317.0,-1.306392096179021,6,6,100804,100830,99484,99518,,
memory-auto,backend,compile_release_270,A/R,mapped_bytes,0.0,0.0,0.0,,6,6,0,0,0,0,,
memory-auto,backend,compile_release_270,C/R,mapped_bytes,0.0,0.0,0.0,,6,6,0,0,0,0,,
memory-auto,backend,compile_release_270,A/C,mapped_bytes,0.0,0.0,0.0,,6,6,0,0,0,0,,
memory-auto,backend,compile_release_270,A/R,modules,0.0,0.0,0.0,,6,6,0,0,0,0,,
memory-auto,backend,compile_release_270,C/R,modules,0.0,0.0,0.0,,6,6,0,0,0,0,,
memory-auto,backend,compile_release_270,A/C,modules,0.0,0.0,0.0,,6,6,0,0,0,0,,
memory-auto,backend,compile_release_270,A/R,payload_bytes_page_rounded,0.0,0.0,0.0,,6,6,0,0,0,0,,
memory-auto,backend,compile_release_270,C/R,payload_bytes_page_rounded,0.0,0.0,0.0,,6,6,0,0,0,0,,
memory-auto,backend,compile_release_270,A/C,payload_bytes_page_rounded,0.0,0.0,0.0,,6,6,0,0,0,0,,
memory-auto,backend,compile_release_270,A/R,peak_rss_kib,20528.0,20338.0,-190.0,-0.9255650818394412,6,6,18704,20940,18492,20664,,
memory-auto,backend,compile_release_270,C/R,peak_rss_kib,20496.0,20338.0,-158.0,-0.7708821233411434,6,6,18496,20996,18492,20664,,
memory-auto,backend,compile_release_270,A/C,peak_rss_kib,20528.0,20496.0,-32.0,-0.1558846453624363,6,6,18704,20940,18496,20996,,
memory-auto,backend,compile_release_270,A/R,rss_bytes,21102592.0,20828160.0,-274432.0,-1.3004658385093126,6,6,19079168,21442560,19099648,21041152,,
memory-auto,backend,compile_release_270,C/R,rss_bytes,20983808.0,20828160.0,-155648.0,-0.7417528791723638,6,6,18944000,21766144,19099648,21041152,,
memory-auto,backend,compile_release_270,A/C,rss_bytes,21102592.0,20983808.0,-118784.0,-0.5628881987577605,6,6,19079168,21442560,18944000,21766144,,
memory-auto,backend,compile_release_270,A/R,total_alloc,83674536.0,47732504.0,-35942032.0,-42.9545638591889,6,6,83667544,83715480,47721264,47751368,,
memory-auto,backend,compile_release_270,C/R,total_alloc,47728664.0,47732504.0,3840.0,0.00804547975614689,6,6,47719880,47732416,47721264,47751368,,
memory-auto,backend,compile_release_270,A/C,total_alloc,83674536.0,47728664.0,-35945872.0,-42.95915306898146,6,6,83667544,83715480,47719880,47732416,,
memory-auto,backend,initial,A/R,code_bytes,0.0,0.0,0.0,,6,6,0,0,0,0,,
memory-auto,backend,initial,C/R,code_bytes,0.0,0.0,0.0,,6,6,0,0,0,0,,
memory-auto,backend,initial,A/C,code_bytes,0.0,0.0,0.0,,6,6,0,0,0,0,,
memory-auto,backend,initial,A/R,functions_per_corpus,1032.0,1032.0,0.0,0.0,6,6,1032,1032,1032,1032,,
memory-auto,backend,initial,C/R,functions_per_corpus,1032.0,1032.0,0.0,0.0,6,6,1032,1032,1032,1032,,
memory-auto,backend,initial,A/C,functions_per_corpus,1032.0,1032.0,0.0,0.0,6,6,1032,1032,1032,1032,,
memory-auto,backend,initial,A/R,heap_alloc,464756.0,468656.0,3900.0,0.8391500055943357,6,6,458160,478688,459464,479528,,
memory-auto,backend,initial,C/R,heap_alloc,461220.0,468656.0,7436.0,1.6122457829235604,6,6,457200,472496,459464,479528,,
memory-auto,backend,initial,A/C,heap_alloc,464756.0,461220.0,-3536.0,-0.7608293384055331,6,6,458160,478688,457200,472496,,
memory-auto,backend,initial,A/R,heap_inuse,1081344.0,1056768.0,-24576.0,-2.2727272727272707,6,6,1048576,1245184,1032192,1089536,,
memory-auto,backend,initial,C/R,heap_inuse,1089536.0,1056768.0,-32768.0,-3.007518796992481,6,6,1040384,1171456,1032192,1089536,,
memory-auto,backend,initial,A/C,heap_inuse,1081344.0,1089536.0,8192.0,0.7575757575757569,6,6,1048576,1245184,1040384,1171456,,
memory-auto,backend,initial,A/R,heap_objects,1994.0,1999.0,5.0,0.25075225677031465,6,6,1981,2021,1985,2031,,
memory-auto,backend,initial,C/R,heap_objects,1988.5,1999.0,10.5,0.5280362081971246,6,6,1975,2006,1985,2031,,
memory-auto,backend,initial,A/C,heap_objects,1994.0,1988.5,-5.5,-0.2758274824473439,6,6,1981,2021,1975,2006,,
memory-auto,backend,initial,A/R,heap_released,5312512.0,5287936.0,-24576.0,-0.4626060138781751,6,6,5062656,9494528,5111808,9527296,,
memory-auto,backend,initial,C/R,heap_released,5206016.0,5287936.0,81920.0,1.5735641227379915,6,6,4825088,9551872,5111808,9527296,,
memory-auto,backend,initial,A/C,heap_released,5312512.0,5206016.0,-106496.0,-2.004626060138781,6,6,5062656,9494528,4825088,9551872,,
memory-auto,backend,initial,A/R,mallocs,94505.0,93605.5,-899.5,-0.9518014919845497,6,6,94490,94527,93590,93639,,
memory-auto,backend,initial,C/R,mallocs,93601.0,93605.5,4.5,0.004807640944015645,6,6,93590,93624,93590,93639,,
memory-auto,backend,initial,A/C,mallocs,94505.0,93601.0,-904.0,-0.9565631448071543,6,6,94490,94527,93590,93624,,
memory-auto,backend,initial,A/R,mapped_bytes,0.0,0.0,0.0,,6,6,0,0,0,0,,
memory-auto,backend,initial,C/R,mapped_bytes,0.0,0.0,0.0,,6,6,0,0,0,0,,
memory-auto,backend,initial,A/C,mapped_bytes,0.0,0.0,0.0,,6,6,0,0,0,0,,
memory-auto,backend,initial,A/R,modules,0.0,0.0,0.0,,6,6,0,0,0,0,,
memory-auto,backend,initial,C/R,modules,0.0,0.0,0.0,,6,6,0,0,0,0,,
memory-auto,backend,initial,A/C,modules,0.0,0.0,0.0,,6,6,0,0,0,0,,
memory-auto,backend,initial,A/R,payload_bytes_page_rounded,0.0,0.0,0.0,,6,6,0,0,0,0,,
memory-auto,backend,initial,C/R,payload_bytes_page_rounded,0.0,0.0,0.0,,6,6,0,0,0,0,,
memory-auto,backend,initial,A/C,payload_bytes_page_rounded,0.0,0.0,0.0,,6,6,0,0,0,0,,
memory-auto,backend,initial,A/R,peak_rss_kib,20374.0,20338.0,-36.0,-0.1766957887503695,6,6,18704,20928,18332,20664,,
memory-auto,backend,initial,C/R,peak_rss_kib,20372.0,20338.0,-34.0,-0.16689573924995038,6,6,18496,20500,18332,20664,,
memory-auto,backend,initial,A/C,peak_rss_kib,20374.0,20372.0,-2.0,-0.009816432708353862,6,6,18704,20928,18496,20500,,
memory-auto,backend,initial,A/R,rss_bytes,19042304.0,18688000.0,-354304.0,-1.8606151860615205,6,6,17375232,19357696,17117184,19103744,,
memory-auto,backend,initial,C/R,rss_bytes,18929664.0,18688000.0,-241664.0,-1.2766417829708998,6,6,17301504,19415040,17117184,19103744,,
memory-auto,backend,initial,A/C,rss_bytes,19042304.0,18929664.0,-112640.0,-0.591525059152509,6,6,17375232,19357696,17301504,19415040,,
memory-auto,backend,initial,A/R,total_alloc,64425956.0,42557800.0,-21868156.0,-33.94308343674404,6,6,64419136,64465600,42544200,42574304,,
memory-auto,backend,initial,C/R,total_alloc,42551600.0,42557800.0,6200.0,0.014570544938385943,6,6,42542816,42555352,42544200,42574304,,
memory-auto,backend,initial,A/C,total_alloc,64425956.0,42551600.0,-21874356.0,-33.95270688726762,6,6,64419136,64465600,42542816,42555352,,
memory-auto,backend,released_0,A/R,allocation_bytes_delta,10232.0,8948.0,-1284.0,-12.548866301798277,6,6,7552,10232,7552,10232,,
memory-auto,backend,released_0,C/R,allocation_bytes_delta,8892.0,8948.0,56.0,0.6297795771480041,6,6,7552,10232,7552,10232,,
memory-auto,backend,released_0,A/C,allocation_bytes_delta,10232.0,8892.0,-1340.0,-13.096168881939018,6,6,7552,10232,7552,10232,,
memory-auto,backend,released_0,A/R,allocation_count_delta,101.0,95.5,-5.5,-5.44554455445545,6,6,89,101,89,101,,
memory-auto,backend,released_0,C/R,allocation_count_delta,95.0,95.5,0.5,0.5263157894736858,6,6,89,101,89,101,,
memory-auto,backend,released_0,A/C,allocation_count_delta,101.0,95.0,-6.0,-5.940594059405946,6,6,89,101,89,101,,
memory-auto,backend,released_0,A/R,code_bytes,0.0,0.0,0.0,,6,6,0,0,0,0,,
memory-auto,backend,released_0,C/R,code_bytes,0.0,0.0,0.0,,6,6,0,0,0,0,,
memory-auto,backend,released_0,A/C,code_bytes,0.0,0.0,0.0,,6,6,0,0,0,0,,
memory-auto,backend,released_0,A/R,functions_per_corpus,1032.0,1032.0,0.0,0.0,6,6,1032,1032,1032,1032,,
memory-auto,backend,released_0,C/R,functions_per_corpus,1032.0,1032.0,0.0,0.0,6,6,1032,1032,1032,1032,,
memory-auto,backend,released_0,A/C,functions_per_corpus,1032.0,1032.0,0.0,0.0,6,6,1032,1032,1032,1032,,
memory-auto,backend,released_0,A/R,heap_alloc,466956.0,470920.0,3964.0,0.8489022520323131,6,6,460376,480888,461664,481744,,
memory-auto,backend,released_0,C/R,heap_alloc,464972.0,470920.0,5948.0,1.279216813055406,6,6,459416,474696,461664,481744,,
memory-auto,backend,released_0,A/C,heap_alloc,466956.0,464972.0,-1984.0,-0.4248794318950866,6,6,460376,480888,459416,474696,,
memory-auto,backend,released_0,A/R,heap_inuse,1073152.0,1056768.0,-16384.0,-1.526717557251911,6,6,1056768,1245184,1040384,1089536,,
memory-auto,backend,released_0,C/R,heap_inuse,1093632.0,1056768.0,-36864.0,-3.3707865168539297,6,6,1048576,1163264,1040384,1089536,,
memory-auto,backend,released_0,A/C,heap_inuse,1073152.0,1093632.0,20480.0,1.9083969465648831,6,6,1056768,1245184,1048576,1163264,,
memory-auto,backend,released_0,A/R,heap_objects,2001.0,2007.0,6.0,0.2998500749625155,6,6,1989,2028,1992,2039,,
memory-auto,backend,released_0,C/R,heap_objects,1997.5,2007.0,9.5,0.47559449311640467,6,6,1983,2013,1992,2039,,
memory-auto,backend,released_0,A/C,heap_objects,2001.0,1997.5,-3.5,-0.17491254372813403,6,6,1989,2028,1983,2013,,
memory-auto,backend,released_0,A/R,heap_released,4186112.0,5951488.0,1765376.0,42.172211350293544,6,6,3874816,8347648,5431296,10248192,,
memory-auto,backend,released_0,C/R,heap_released,5947392.0,5951488.0,4096.0,0.06887052341597588,6,6,5660672,10166272,5431296,10248192,,
memory-auto,backend,released_0,A/C,heap_released,4186112.0,5947392.0,1761280.0,42.074363992172216,6,6,3874816,8347648,5660672,10166272,,
memory-auto,backend,released_0,A/R,mallocs,101850.0,100472.5,-1377.5,-1.3524791359842858,6,6,101830,101856,100466,100503,,
memory-auto,backend,released_0,C/R,mallocs,100477.0,100472.5,-4.5,-0.004478636901972255,6,6,100454,100497,100466,100503,,
memory-auto,backend,released_0,A/C,mallocs,101850.0,100477.0,-1373.0,-1.3480608738340671,6,6,101830,101856,100454,100497,,
memory-auto,backend,released_0,A/R,mapped_bytes,0.0,0.0,0.0,,6,6,0,0,0,0,,
memory-auto,backend,released_0,C/R,mapped_bytes,0.0,0.0,0.0,,6,6,0,0,0,0,,
memory-auto,backend,released_0,A/C,mapped_bytes,0.0,0.0,0.0,,6,6,0,0,0,0,,
memory-auto,backend,released_0,A/R,modules,0.0,0.0,0.0,,6,6,0,0,0,0,,
memory-auto,backend,released_0,C/R,modules,0.0,0.0,0.0,,6,6,0,0,0,0,,
memory-auto,backend,released_0,A/C,modules,0.0,0.0,0.0,,6,6,0,0,0,0,,
memory-auto,backend,released_0,A/R,payload_bytes_page_rounded,0.0,0.0,0.0,,6,6,0,0,0,0,,
memory-auto,backend,released_0,C/R,payload_bytes_page_rounded,0.0,0.0,0.0,,6,6,0,0,0,0,,
memory-auto,backend,released_0,A/C,payload_bytes_page_rounded,0.0,0.0,0.0,,6,6,0,0,0,0,,
memory-auto,backend,released_0,A/R,peak_rss_kib,20602.0,20476.0,-126.0,-0.6115911076594482,6,6,18828,21068,18748,20664,,
memory-auto,backend,released_0,C/R,peak_rss_kib,20496.0,20476.0,-20.0,-0.09758001561279706,6,6,18632,21124,18748,20664,,
memory-auto,backend,released_0,A/C,peak_rss_kib,20602.0,20496.0,-106.0,-0.5145131540627124,6,6,18828,21068,18632,21124,,
memory-auto,backend,released_0,A/R,rss_bytes,20148224.0,18061312.0,-2086912.0,-10.357796300060985,6,6,18423808,20918272,16367616,18759680,,
memory-auto,backend,released_0,C/R,rss_bytes,18442240.0,18061312.0,-380928.0,-2.0655191560244313,6,6,16306176,19038208,16367616,18759680,,
memory-auto,backend,released_0,A/C,rss_bytes,20148224.0,18442240.0,-1705984.0,-8.467168123602352,6,6,18423808,20918272,16306176,19038208,,
memory-auto,backend,released_0,A/R,total_alloc,86264724.0,48445492.0,-37819232.0,-43.84090071394653,6,6,86256936,86306176,48435592,48463128,,
memory-auto,backend,released_0,C/R,total_alloc,48441652.0,48445492.0,3840.0,0.007927062437929067,6,6,48431528,48446744,48435592,48463128,,
memory-auto,backend,released_0,A/C,total_alloc,86264724.0,48441652.0,-37823072.0,-43.845352127945134,6,6,86256936,86306176,48431528,48446744,,
memory-auto,backend,released_1,A/R,allocation_bytes_delta,10232.0,10232.0,0.0,0.0,6,6,7552,10232,7552,10232,,
memory-auto,backend,released_1,C/R,allocation_bytes_delta,10232.0,10232.0,0.0,0.0,6,6,7552,10232,7552,10232,,
memory-auto,backend,released_1,A/C,allocation_bytes_delta,10232.0,10232.0,0.0,0.0,6,6,7552,10232,7552,10232,,
memory-auto,backend,released_1,A/R,allocation_count_delta,101.0,101.0,0.0,0.0,6,6,89,101,89,101,,
memory-auto,backend,released_1,C/R,allocation_count_delta,101.0,101.0,0.0,0.0,6,6,89,101,89,101,,
memory-auto,backend,released_1,A/C,allocation_count_delta,101.0,101.0,0.0,0.0,6,6,89,101,89,101,,
memory-auto,backend,released_1,A/R,code_bytes,0.0,0.0,0.0,,6,6,0,0,0,0,,
memory-auto,backend,released_1,C/R,code_bytes,0.0,0.0,0.0,,6,6,0,0,0,0,,
memory-auto,backend,released_1,A/C,code_bytes,0.0,0.0,0.0,,6,6,0,0,0,0,,
memory-auto,backend,released_1,A/R,functions_per_corpus,1032.0,1032.0,0.0,0.0,6,6,1032,1032,1032,1032,,
memory-auto,backend,released_1,C/R,functions_per_corpus,1032.0,1032.0,0.0,0.0,6,6,1032,1032,1032,1032,,
memory-auto,backend,released_1,A/C,functions_per_corpus,1032.0,1032.0,0.0,0.0,6,6,1032,1032,1032,1032,,
memory-auto,backend,released_1,A/R,heap_alloc,466956.0,470912.0,3956.0,0.847189028516615,6,6,460376,480888,461664,481744,,
memory-auto,backend,released_1,C/R,heap_alloc,464956.0,470912.0,5956.0,1.280981426199479,6,6,459400,474696,461664,481744,,
memory-auto,backend,released_1,A/C,heap_alloc,466956.0,464956.0,-2000.0,-0.42830587892649374,6,6,460376,480888,459400,474696,,
memory-auto,backend,released_1,A/R,heap_inuse,1073152.0,1056768.0,-16384.0,-1.526717557251911,6,6,1056768,1245184,1040384,1089536,,
memory-auto,backend,released_1,C/R,heap_inuse,1093632.0,1056768.0,-36864.0,-3.3707865168539297,6,6,1048576,1163264,1040384,1089536,,
memory-auto,backend,released_1,A/C,heap_inuse,1073152.0,1093632.0,20480.0,1.9083969465648831,6,6,1056768,1245184,1048576,1163264,,
memory-auto,backend,released_1,A/R,heap_objects,2001.0,2006.5,5.5,0.2748625687156503,6,6,1989,2028,1992,2039,,
memory-auto,backend,released_1,C/R,heap_objects,1996.5,2006.5,10.0,0.5008765339343801,6,6,1982,2013,1992,2039,,
memory-auto,backend,released_1,A/C,heap_objects,2001.0,1996.5,-4.5,-0.2248875562218866,6,6,1989,2028,1982,2013,,
memory-auto,backend,released_1,A/R,heap_released,4214784.0,5992448.0,1777664.0,42.17687074829932,6,6,3825664,8413184,5701632,10289152,,
memory-auto,backend,released_1,C/R,heap_released,6012928.0,5992448.0,-20480.0,-0.34059945504086864,6,6,5857280,10084352,5701632,10289152,,
memory-auto,backend,released_1,A/C,heap_released,4214784.0,6012928.0,1798144.0,42.66277939747327,6,6,3825664,8413184,5857280,10084352,,
memory-auto,backend,released_1,A/R,mallocs,102875.0,101447.5,-1427.5,-1.3876063183475118,6,6,102837,102887,101421,101454,,
memory-auto,backend,released_1,C/R,mallocs,101443.0,101447.5,4.5,0.004435988683293424,6,6,101418,101460,101421,101454,,
memory-auto,backend,released_1,A/C,mallocs,102875.0,101443.0,-1432.0,-1.3919805589307388,6,6,102837,102887,101418,101460,,
memory-auto,backend,released_1,A/R,mapped_bytes,0.0,0.0,0.0,,6,6,0,0,0,0,,
memory-auto,backend,released_1,C/R,mapped_bytes,0.0,0.0,0.0,,6,6,0,0,0,0,,
memory-auto,backend,released_1,A/C,mapped_bytes,0.0,0.0,0.0,,6,6,0,0,0,0,,
memory-auto,backend,released_1,A/R,modules,0.0,0.0,0.0,,6,6,0,0,0,0,,
memory-auto,backend,released_1,C/R,modules,0.0,0.0,0.0,,6,6,0,0,0,0,,
memory-auto,backend,released_1,A/C,modules,0.0,0.0,0.0,,6,6,0,0,0,0,,
memory-auto,backend,released_1,A/R,payload_bytes_page_rounded,0.0,0.0,0.0,,6,6,0,0,0,0,,
memory-auto,backend,released_1,C/R,payload_bytes_page_rounded,0.0,0.0,0.0,,6,6,0,0,0,0,,
memory-auto,backend,released_1,A/C,payload_bytes_page_rounded,0.0,0.0,0.0,,6,6,0,0,0,0,,
memory-auto,backend,released_1,A/R,peak_rss_kib,20602.0,20476.0,-126.0,-0.6115911076594482,6,6,18828,21068,18748,20664,,
memory-auto,backend,released_1,C/R,peak_rss_kib,20496.0,20476.0,-20.0,-0.09758001561279706,6,6,18632,21124,18748,20664,,
memory-auto,backend,released_1,A/C,peak_rss_kib,20602.0,20496.0,-106.0,-0.5145131540627124,6,6,18828,21068,18632,21124,,
memory-auto,backend,released_1,A/R,rss_bytes,19996672.0,18094080.0,-1902592.0,-9.514543219991811,6,6,17620992,20979712,16498688,18587648,,
memory-auto,backend,released_1,C/R,rss_bytes,18403328.0,18094080.0,-309248.0,-1.6803917204540442,6,6,16527360,18755584,16498688,18587648,,
memory-auto,backend,released_1,A/C,rss_bytes,19996672.0,18403328.0,-1593344.0,-7.968045882834907,6,6,17620992,20979712,16527360,18755584,,
memory-auto,backend,released_1,A/R,total_alloc,88849944.0,49153004.0,-39696940.0,-44.67863254927882,6,6,88838136,88887376,49145784,49173320,,
memory-auto,backend,released_1,C/R,total_alloc,49149164.0,49153004.0,3840.0,0.007812950796060036,6,6,49141720,49156936,49145784,49173320,,
memory-auto,backend,released_1,A/C,total_alloc,88849944.0,49149164.0,-39700780.0,-44.68295444283004,6,6,88838136,88887376,49141720,49156936,,
memory-auto,backend,released_2,A/R,allocation_bytes_delta,8892.0,7552.0,-1340.0,-15.069725596041383,6,6,7552,10232,7552,10232,,
memory-auto,backend,released_2,C/R,allocation_bytes_delta,10232.0,7552.0,-2680.0,-26.192337763878026,6,6,7552,10232,7552,10232,,
memory-auto,backend,released_2,A/C,allocation_bytes_delta,8892.0,10232.0,1340.0,15.069725596041383,6,6,7552,10232,7552,10232,,
memory-auto,backend,released_2,A/R,allocation_count_delta,95.0,89.0,-6.0,-6.315789473684208,6,6,89,101,89,101,,
memory-auto,backend,released_2,C/R,allocation_count_delta,101.0,89.0,-12.0,-11.881188118811881,6,6,89,101,89,101,,
memory-auto,backend,released_2,A/C,allocation_count_delta,95.0,101.0,6.0,6.315789473684208,6,6,89,101,89,101,,
memory-auto,backend,released_2,A/R,code_bytes,0.0,0.0,0.0,,6,6,0,0,0,0,,
memory-auto,backend,released_2,C/R,code_bytes,0.0,0.0,0.0,,6,6,0,0,0,0,,
memory-auto,backend,released_2,A/C,code_bytes,0.0,0.0,0.0,,6,6,0,0,0,0,,
memory-auto,backend,released_2,A/R,functions_per_corpus,1032.0,1032.0,0.0,0.0,6,6,1032,1032,1032,1032,,
memory-auto,backend,released_2,C/R,functions_per_corpus,1032.0,1032.0,0.0,0.0,6,6,1032,1032,1032,1032,,
memory-auto,backend,released_2,A/C,functions_per_corpus,1032.0,1032.0,0.0,0.0,6,6,1032,1032,1032,1032,,
memory-auto,backend,released_2,A/R,heap_alloc,466964.0,470912.0,3948.0,0.8454613203587424,6,6,460360,480888,461680,481744,,
memory-auto,backend,released_2,C/R,heap_alloc,464956.0,470912.0,5956.0,1.280981426199479,6,6,459400,474712,461680,481744,,
memory-auto,backend,released_2,A/C,heap_alloc,466964.0,464956.0,-2008.0,-0.43001173538003146,6,6,460360,480888,459400,474712,,
memory-auto,backend,released_2,A/R,heap_inuse,1073152.0,1056768.0,-16384.0,-1.526717557251911,6,6,1056768,1245184,1040384,1089536,,
memory-auto,backend,released_2,C/R,heap_inuse,1093632.0,1056768.0,-36864.0,-3.3707865168539297,6,6,1048576,1163264,1040384,1089536,,
memory-auto,backend,released_2,A/C,heap_inuse,1073152.0,1093632.0,20480.0,1.9083969465648831,6,6,1056768,1245184,1048576,1163264,,
memory-auto,backend,released_2,A/R,heap_objects,2001.5,2006.5,5.0,0.24981264051961993,6,6,1988,2028,1992,2039,,
memory-auto,backend,released_2,C/R,heap_objects,1996.5,2006.5,10.0,0.5008765339343801,6,6,1982,2014,1992,2039,,
memory-auto,backend,released_2,A/C,heap_objects,2001.5,1996.5,-5.0,-0.24981264051960883,6,6,1988,2028,1982,2014,,
memory-auto,backend,released_2,A/R,heap_released,4214784.0,6017024.0,1802240.0,42.75996112730807,6,6,3842048,8110080,5906432,10231808,,
memory-auto,backend,released_2,C/R,heap_released,6070272.0,6017024.0,-53248.0,-0.8771929824561431,6,6,5922816,10149888,5906432,10231808,,
memory-auto,backend,released_2,A/C,heap_released,4214784.0,6070272.0,1855488.0,44.02332361516035,6,6,3842048,8110080,5922816,10149888,,
memory-auto,backend,released_2,A/R,mallocs,103894.0,102404.5,-1489.5,-1.4336727818738293,6,6,103856,103916,102372,102421,,
memory-auto,backend,released_2,C/R,mallocs,102412.0,102404.5,-7.5,-0.007323360543687318,6,6,102386,102426,102372,102421,,
memory-auto,backend,released_2,A/C,mallocs,103894.0,102412.0,-1482.0,-1.4264538856911813,6,6,103856,103916,102386,102426,,
memory-auto,backend,released_2,A/R,mapped_bytes,0.0,0.0,0.0,,6,6,0,0,0,0,,
memory-auto,backend,released_2,C/R,mapped_bytes,0.0,0.0,0.0,,6,6,0,0,0,0,,
memory-auto,backend,released_2,A/C,mapped_bytes,0.0,0.0,0.0,,6,6,0,0,0,0,,
memory-auto,backend,released_2,A/R,modules,0.0,0.0,0.0,,6,6,0,0,0,0,,
memory-auto,backend,released_2,C/R,modules,0.0,0.0,0.0,,6,6,0,0,0,0,,
memory-auto,backend,released_2,A/C,modules,0.0,0.0,0.0,,6,6,0,0,0,0,,
memory-auto,backend,released_2,A/R,payload_bytes_page_rounded,0.0,0.0,0.0,,6,6,0,0,0,0,,
memory-auto,backend,released_2,C/R,payload_bytes_page_rounded,0.0,0.0,0.0,,6,6,0,0,0,0,,
memory-auto,backend,released_2,A/C,payload_bytes_page_rounded,0.0,0.0,0.0,,6,6,0,0,0,0,,
memory-auto,backend,released_2,A/R,peak_rss_kib,20602.0,20476.0,-126.0,-0.6115911076594482,6,6,18828,21068,18748,20664,,
memory-auto,backend,released_2,C/R,peak_rss_kib,20496.0,20476.0,-20.0,-0.09758001561279706,6,6,18632,21124,18748,20664,,
memory-auto,backend,released_2,A/C,peak_rss_kib,20602.0,20496.0,-106.0,-0.5145131540627124,6,6,18828,21068,18632,21124,,
memory-auto,backend,released_2,A/R,rss_bytes,20035584.0,18112512.0,-1923072.0,-9.598282735357255,6,6,18280448,20967424,16470016,18395136,,
memory-auto,backend,released_2,C/R,rss_bytes,18337792.0,18112512.0,-225280.0,-1.2285012285012331,6,6,16474112,18669568,16470016,18395136,,
memory-auto,backend,released_2,A/C,rss_bytes,20035584.0,18337792.0,-1697792.0,-8.473883266891546,6,6,18280448,20967424,16474112,18669568,,
memory-auto,backend,released_2,A/R,total_alloc,91433824.0,49858556.0,-41575268.0,-45.470337104133364,6,6,91422016,91471256,49853296,49883512,,
memory-auto,backend,released_2,C/R,total_alloc,49856676.0,49858556.0,1880.0,0.003770808948444504,6,6,49851912,49864448,49853296,49883512,,
memory-auto,backend,released_2,A/C,total_alloc,91433824.0,49856676.0,-41577148.0,-45.47239323600859,6,6,91422016,91471256,49851912,49864448,,
memory-auto,backend,retained_0,A/R,allocation_bytes_delta,2580464.0,704096.0,-1876368.0,-72.7143645483913,6,6,2580464,2580464,704096,704096,,
memory-auto,backend,retained_0,C/R,allocation_bytes_delta,704096.0,704096.0,0.0,0.0,6,6,704096,704096,704096,704096,,
memory-auto,backend,retained_0,A/C,allocation_bytes_delta,2580464.0,704096.0,-1876368.0,-72.7143645483913,6,6,2580464,2580464,704096,704096,,
memory-auto,backend,retained_0,A/R,allocation_count_delta,937.0,881.0,-56.0,-5.976520811099251,6,6,937,937,881,881,,
memory-auto,backend,retained_0,C/R,allocation_count_delta,881.0,881.0,0.0,0.0,6,6,881,881,881,881,,
memory-auto,backend,retained_0,A/C,allocation_count_delta,937.0,881.0,-56.0,-5.976520811099251,6,6,937,937,881,881,,
memory-auto,backend,retained_0,A/R,code_bytes,167268.0,134972.0,-32296.0,-19.307936963435925,6,6,167268,167268,134972,134972,,
memory-auto,backend,retained_0,C/R,code_bytes,134972.0,134972.0,0.0,0.0,6,6,134972,134972,134972,134972,,
memory-auto,backend,retained_0,A/C,code_bytes,167268.0,134972.0,-32296.0,-19.307936963435925,6,6,167268,167268,134972,134972,,
memory-auto,backend,retained_0,A/R,functions_per_corpus,1032.0,1032.0,0.0,0.0,6,6,1032,1032,1032,1032,,
memory-auto,backend,retained_0,C/R,functions_per_corpus,1032.0,1032.0,0.0,0.0,6,6,1032,1032,1032,1032,,
memory-auto,backend,retained_0,A/C,functions_per_corpus,1032.0,1032.0,0.0,0.0,6,6,1032,1032,1032,1032,,
memory-auto,backend,retained_0,A/R,heap_alloc,542380.0,546264.0,3884.0,0.7161031011468033,6,6,535784,556312,537072,557136,,
memory-auto,backend,retained_0,C/R,heap_alloc,540364.0,546264.0,5900.0,1.0918566003656816,6,6,534808,550104,537072,557136,,
memory-auto,backend,retained_0,A/C,heap_alloc,542380.0,540364.0,-2016.0,-0.37169512150152517,6,6,535784,556312,534808,550104,,
memory-auto,backend,retained_0,A/R,heap_inuse,1171456.0,1146880.0,-24576.0,-2.0979020979020935,6,6,1155072,1335296,1130496,1179648,,
memory-auto,backend,retained_0,C/R,heap_inuse,1183744.0,1146880.0,-36864.0,-3.114186851211076,6,6,1138688,1253376,1130496,1179648,,
memory-auto,backend,retained_0,A/C,heap_inuse,1171456.0,1183744.0,12288.0,1.0489510489510412,6,6,1155072,1335296,1138688,1253376,,
memory-auto,backend,retained_0,A/R,heap_objects,2108.0,2112.0,4.0,0.189753320683117,6,6,2095,2135,2098,2144,,
memory-auto,backend,retained_0,C/R,heap_objects,2102.5,2112.0,9.5,0.451843043995237,6,6,2088,2119,2098,2144,,
memory-auto,backend,retained_0,A/C,heap_objects,2108.0,2102.5,-5.5,-0.2609108159392748,6,6,2095,2135,2088,2119,,
memory-auto,backend,retained_0,A/R,heap_released,4186112.0,4505600.0,319488.0,7.632093933463802,6,6,3874816,8347648,4456448,10182656,,
memory-auto,backend,retained_0,C/R,heap_released,4571136.0,4505600.0,-65536.0,-1.4336917562724039,6,6,4390912,8151040,4456448,10182656,,
memory-auto,backend,retained_0,A/C,heap_released,4186112.0,4571136.0,385024.0,9.197651663405093,6,6,3874816,8347648,4390912,8151040,,
memory-auto,backend,retained_0,A/R,mallocs,101749.0,100379.0,-1370.0,-1.3464505793668757,6,6,101741,101767,100365,100414,,
memory-auto,backend,retained_0,C/R,mallocs,100376.0,100379.0,3.0,0.0029887622539304104,6,6,100365,100399,100365,100414,,
memory-auto,backend,retained_0,A/C,mallocs,101749.0,100376.0,-1373.0,-1.3493990112924958,6,6,101741,101767,100365,100399,,
memory-auto,backend,retained_0,A/R,mapped_bytes,606208.0,606208.0,0.0,0.0,6,6,606208,606208,606208,606208,,
memory-auto,backend,retained_0,C/R,mapped_bytes,606208.0,606208.0,0.0,0.0,6,6,606208,606208,606208,606208,,
memory-auto,backend,retained_0,A/C,mapped_bytes,606208.0,606208.0,0.0,0.0,6,6,606208,606208,606208,606208,,
memory-auto,backend,retained_0,A/R,modules,36.0,36.0,0.0,0.0,6,6,36,36,36,36,,
memory-auto,backend,retained_0,C/R,modules,36.0,36.0,0.0,0.0,6,6,36,36,36,36,,
memory-auto,backend,retained_0,A/C,modules,36.0,36.0,0.0,0.0,6,6,36,36,36,36,,
memory-auto,backend,retained_0,A/R,payload_bytes_page_rounded,278528.0,262144.0,-16384.0,-5.882352941176472,6,6,278528,278528,262144,262144,,
memory-auto,backend,retained_0,C/R,payload_bytes_page_rounded,262144.0,262144.0,0.0,0.0,6,6,262144,262144,262144,262144,,
memory-auto,backend,retained_0,A/C,payload_bytes_page_rounded,278528.0,262144.0,-16384.0,-5.882352941176472,6,6,278528,278528,262144,262144,,
memory-auto,backend,retained_0,A/R,peak_rss_kib,20602.0,20476.0,-126.0,-0.6115911076594482,6,6,18828,21068,18748,20664,,
memory-auto,backend,retained_0,C/R,peak_rss_kib,20496.0,20476.0,-20.0,-0.09758001561279706,6,6,18632,21124,18748,20664,,
memory-auto,backend,retained_0,A/C,peak_rss_kib,20602.0,20496.0,-106.0,-0.5145131540627124,6,6,18828,21068,18632,21124,,
memory-auto,backend,retained_0,A/R,rss_bytes,20408320.0,19802112.0,-606208.0,-2.970396387355745,6,6,18702336,21196800,18288640,20094976,,
memory-auto,backend,retained_0,C/R,rss_bytes,20113408.0,19802112.0,-311296.0,-1.5477038998065407,6,6,18259968,20967424,18288640,20094976,,
memory-auto,backend,retained_0,A/C,rss_bytes,20408320.0,20113408.0,-294912.0,-1.4450577019568533,6,6,18702336,21196800,18259968,20967424,,
memory-auto,backend,retained_0,A/R,total_alloc,86255000.0,48436600.0,-37818400.0,-43.844878557764766,6,6,86248008,86295944,48425360,48455464,,
memory-auto,backend,retained_0,C/R,total_alloc,48432760.0,48436600.0,3840.0,0.007928517804889346,6,6,48423976,48436512,48425360,48455464,,
memory-auto,backend,retained_0,A/C,total_alloc,86255000.0,48432760.0,-37822240.0,-43.849330473595735,6,6,86248008,86295944,48423976,48436512,,
memory-auto,backend,retained_1,A/R,allocation_bytes_delta,2574988.0,699960.0,-1875028.0,-72.81696070039938,6,6,2573648,2576328,697280,699960,,
memory-auto,backend,retained_1,C/R,allocation_bytes_delta,698620.0,699960.0,1340.0,0.19180670464631344,6,6,697280,699960,697280,699960,,
memory-auto,backend,retained_1,A/C,allocation_bytes_delta,2574988.0,698620.0,-1876368.0,-72.86899977786304,6,6,2573648,2576328,697280,699960,,
memory-auto,backend,retained_1,A/R,allocation_count_delta,924.0,874.0,-50.0,-5.411255411255411,6,6,918,930,862,874,,
memory-auto,backend,retained_1,C/R,allocation_count_delta,868.0,874.0,6.0,0.691244239631339,6,6,862,874,862,874,,
memory-auto,backend,retained_1,A/C,allocation_count_delta,924.0,868.0,-56.0,-6.060606060606055,6,6,918,930,862,874,,
memory-auto,backend,retained_1,A/R,code_bytes,167268.0,134972.0,-32296.0,-19.307936963435925,6,6,167268,167268,134972,134972,,
memory-auto,backend,retained_1,C/R,code_bytes,134972.0,134972.0,0.0,0.0,6,6,134972,134972,134972,134972,,
memory-auto,backend,retained_1,A/C,code_bytes,167268.0,134972.0,-32296.0,-19.307936963435925,6,6,167268,167268,134972,134972,,
memory-auto,backend,retained_1,A/R,functions_per_corpus,1032.0,1032.0,0.0,0.0,6,6,1032,1032,1032,1032,,
memory-auto,backend,retained_1,C/R,functions_per_corpus,1032.0,1032.0,0.0,0.0,6,6,1032,1032,1032,1032,,
memory-auto,backend,retained_1,A/C,functions_per_corpus,1032.0,1032.0,0.0,0.0,6,6,1032,1032,1032,1032,,
memory-auto,backend,retained_1,A/R,heap_alloc,542372.0,546312.0,3940.0,0.7264386804628487,6,6,535784,556312,537072,557136,,
memory-auto,backend,retained_1,C/R,heap_alloc,540364.0,546312.0,5948.0,1.1007395015211863,6,6,534808,550104,537072,557136,,
memory-auto,backend,retained_1,A/C,heap_alloc,542372.0,540364.0,-2008.0,-0.3702256016166028,6,6,535784,556312,534808,550104,,
memory-auto,backend,retained_1,A/R,heap_inuse,1171456.0,1146880.0,-24576.0,-2.0979020979020935,6,6,1155072,1335296,1130496,1179648,,
memory-auto,backend,retained_1,C/R,heap_inuse,1183744.0,1146880.0,-36864.0,-3.114186851211076,6,6,1138688,1253376,1130496,1179648,,
memory-auto,backend,retained_1,A/C,heap_inuse,1171456.0,1183744.0,12288.0,1.0489510489510412,6,6,1155072,1335296,1138688,1253376,,
memory-auto,backend,retained_1,A/R,heap_objects,2107.5,2112.0,4.5,0.2135231316725994,6,6,2095,2135,2098,2144,,
memory-auto,backend,retained_1,C/R,heap_objects,2102.5,2112.0,9.5,0.451843043995237,6,6,2088,2119,2098,2144,,
memory-auto,backend,retained_1,A/C,heap_objects,2107.5,2102.5,-5.0,-0.23724792408066353,6,6,2095,2135,2088,2119,,
memory-auto,backend,retained_1,A/R,heap_released,4235264.0,5996544.0,1761280.0,41.586073500967125,6,6,3842048,8413184,5701632,10321920,,
memory-auto,backend,retained_1,C/R,heap_released,6021120.0,5996544.0,-24576.0,-0.40816326530612734,6,6,5619712,10133504,5701632,10321920,,
memory-auto,backend,retained_1,A/C,heap_released,4235264.0,6021120.0,1785856.0,42.16634429400388,6,6,3842048,8413184,5619712,10133504,,
memory-auto,backend,retained_1,A/R,mallocs,102774.0,101346.5,-1427.5,-1.3889699729503602,6,6,102748,102786,101332,101365,,
memory-auto,backend,retained_1,C/R,mallocs,101348.0,101346.5,-1.5,-0.0014800489402833072,6,6,101317,101359,101332,101365,,
memory-auto,backend,retained_1,A/C,mallocs,102774.0,101348.0,-1426.0,-1.3875104598439325,6,6,102748,102786,101317,101359,,
memory-auto,backend,retained_1,A/R,mapped_bytes,606208.0,606208.0,0.0,0.0,6,6,606208,606208,606208,606208,,
memory-auto,backend,retained_1,C/R,mapped_bytes,606208.0,606208.0,0.0,0.0,6,6,606208,606208,606208,606208,,
memory-auto,backend,retained_1,A/C,mapped_bytes,606208.0,606208.0,0.0,0.0,6,6,606208,606208,606208,606208,,
memory-auto,backend,retained_1,A/R,modules,36.0,36.0,0.0,0.0,6,6,36,36,36,36,,
memory-auto,backend,retained_1,C/R,modules,36.0,36.0,0.0,0.0,6,6,36,36,36,36,,
memory-auto,backend,retained_1,A/C,modules,36.0,36.0,0.0,0.0,6,6,36,36,36,36,,
memory-auto,backend,retained_1,A/R,payload_bytes_page_rounded,278528.0,262144.0,-16384.0,-5.882352941176472,6,6,278528,278528,262144,262144,,
memory-auto,backend,retained_1,C/R,payload_bytes_page_rounded,262144.0,262144.0,0.0,0.0,6,6,262144,262144,262144,262144,,
memory-auto,backend,retained_1,A/C,payload_bytes_page_rounded,278528.0,262144.0,-16384.0,-5.882352941176472,6,6,278528,278528,262144,262144,,
memory-auto,backend,retained_1,A/R,peak_rss_kib,20602.0,20476.0,-126.0,-0.6115911076594482,6,6,18828,21068,18748,20664,,
memory-auto,backend,retained_1,C/R,peak_rss_kib,20496.0,20476.0,-20.0,-0.09758001561279706,6,6,18632,21124,18748,20664,,
memory-auto,backend,retained_1,A/C,peak_rss_kib,20602.0,20496.0,-106.0,-0.5145131540627124,6,6,18828,21068,18632,21124,,
memory-auto,backend,retained_1,A/R,rss_bytes,20275200.0,18354176.0,-1921024.0,-9.474747474747481,6,6,17891328,21241856,16760832,18845696,,
memory-auto,backend,retained_1,C/R,rss_bytes,18800640.0,18354176.0,-446464.0,-2.374727668845311,6,6,16752640,19103744,16760832,18845696,,
memory-auto,backend,retained_1,A/C,rss_bytes,20275200.0,18800640.0,-1474560.0,-7.272727272727275,6,6,17891328,21241856,16752640,19103744,,
memory-auto,backend,retained_1,A/R,total_alloc,88839712.0,49144112.0,-39695600.0,-44.68227001906535,6,6,88830584,88879824,49135552,49163088,,
memory-auto,backend,retained_1,C/R,total_alloc,49139400.0,49144112.0,4712.0,0.009589046671298895,6,6,49131488,49146704,49135552,49163088,,
memory-auto,backend,retained_1,A/C,total_alloc,88839712.0,49139400.0,-39700312.0,-44.68757395341398,6,6,88830584,88879824,49131488,49146704,,
memory-auto,backend,retained_2,A/R,allocation_bytes_delta,2576328.0,697280.0,-1879048.0,-72.93512316754699,6,6,2573648,2576328,697280,699960,,
memory-auto,backend,retained_2,C/R,allocation_bytes_delta,699960.0,697280.0,-2680.0,-0.3828790216583777,6,6,697280,699960,697280,699960,,
memory-auto,backend,retained_2,A/C,allocation_bytes_delta,2576328.0,699960.0,-1876368.0,-72.83109914576093,6,6,2573648,2576328,697280,699960,,
memory-auto,backend,retained_2,A/R,allocation_count_delta,930.0,862.0,-68.0,-7.311827956989248,6,6,918,930,862,874,,
memory-auto,backend,retained_2,C/R,allocation_count_delta,874.0,862.0,-12.0,-1.3729977116704761,6,6,862,874,862,874,,
memory-auto,backend,retained_2,A/C,allocation_count_delta,930.0,874.0,-56.0,-6.0215053763440824,6,6,918,930,862,874,,
memory-auto,backend,retained_2,A/R,code_bytes,167268.0,134972.0,-32296.0,-19.307936963435925,6,6,167268,167268,134972,134972,,
memory-auto,backend,retained_2,C/R,code_bytes,134972.0,134972.0,0.0,0.0,6,6,134972,134972,134972,134972,,
memory-auto,backend,retained_2,A/C,code_bytes,167268.0,134972.0,-32296.0,-19.307936963435925,6,6,167268,167268,134972,134972,,
memory-auto,backend,retained_2,A/R,functions_per_corpus,1032.0,1032.0,0.0,0.0,6,6,1032,1032,1032,1032,,
memory-auto,backend,retained_2,C/R,functions_per_corpus,1032.0,1032.0,0.0,0.0,6,6,1032,1032,1032,1032,,
memory-auto,backend,retained_2,A/C,functions_per_corpus,1032.0,1032.0,0.0,0.0,6,6,1032,1032,1032,1032,,
memory-auto,backend,retained_2,A/R,heap_alloc,542372.0,546312.0,3940.0,0.7264386804628487,6,6,535784,556312,537072,557136,,
memory-auto,backend,retained_2,C/R,heap_alloc,540364.0,546312.0,5948.0,1.1007395015211863,6,6,534808,550104,537072,557136,,
memory-auto,backend,retained_2,A/C,heap_alloc,542372.0,540364.0,-2008.0,-0.3702256016166028,6,6,535784,556312,534808,550104,,
memory-auto,backend,retained_2,A/R,heap_inuse,1171456.0,1146880.0,-24576.0,-2.0979020979020935,6,6,1155072,1335296,1130496,1179648,,
memory-auto,backend,retained_2,C/R,heap_inuse,1183744.0,1146880.0,-36864.0,-3.114186851211076,6,6,1138688,1253376,1130496,1179648,,
memory-auto,backend,retained_2,A/C,heap_inuse,1171456.0,1183744.0,12288.0,1.0489510489510412,6,6,1155072,1335296,1138688,1253376,,
memory-auto,backend,retained_2,A/R,heap_objects,2107.5,2112.0,4.5,0.2135231316725994,6,6,2095,2135,2097,2144,,
memory-auto,backend,retained_2,C/R,heap_objects,2102.5,2112.0,9.5,0.451843043995237,6,6,2088,2119,2097,2144,,
memory-auto,backend,retained_2,A/C,heap_objects,2107.5,2102.5,-5.0,-0.23724792408066353,6,6,2095,2135,2088,2119,,
memory-auto,backend,retained_2,A/R,heap_released,4214784.0,6017024.0,1802240.0,42.75996112730807,6,6,3874816,8110080,5906432,10231808,,
memory-auto,backend,retained_2,C/R,heap_released,6078464.0,6017024.0,-61440.0,-1.0107816711590334,6,6,5922816,10166272,5906432,10231808,,
memory-auto,backend,retained_2,A/C,heap_released,4214784.0,6078464.0,1863680.0,44.21768707482994,6,6,3874816,8110080,5922816,10166272,,
memory-auto,backend,retained_2,A/R,mallocs,103799.0,102315.0,-1484.0,-1.4296862204838168,6,6,103755,103817,102283,102320,,
memory-auto,backend,retained_2,C/R,mallocs,102312.5,102315.0,2.5,0.0024434941966910984,6,6,102292,102331,102283,102320,,
memory-auto,backend,retained_2,A/C,mallocs,103799.0,102312.5,-1486.5,-1.432094721529109,6,6,103755,103817,102292,102331,,
memory-auto,backend,retained_2,A/R,mapped_bytes,606208.0,606208.0,0.0,0.0,6,6,606208,606208,606208,606208,,
memory-auto,backend,retained_2,C/R,mapped_bytes,606208.0,606208.0,0.0,0.0,6,6,606208,606208,606208,606208,,
memory-auto,backend,retained_2,A/C,mapped_bytes,606208.0,606208.0,0.0,0.0,6,6,606208,606208,606208,606208,,
memory-auto,backend,retained_2,A/R,modules,36.0,36.0,0.0,0.0,6,6,36,36,36,36,,
memory-auto,backend,retained_2,C/R,modules,36.0,36.0,0.0,0.0,6,6,36,36,36,36,,
memory-auto,backend,retained_2,A/C,modules,36.0,36.0,0.0,0.0,6,6,36,36,36,36,,
memory-auto,backend,retained_2,A/R,payload_bytes_page_rounded,278528.0,262144.0,-16384.0,-5.882352941176472,6,6,278528,278528,262144,262144,,
memory-auto,backend,retained_2,C/R,payload_bytes_page_rounded,262144.0,262144.0,0.0,0.0,6,6,262144,262144,262144,262144,,
memory-auto,backend,retained_2,A/C,payload_bytes_page_rounded,278528.0,262144.0,-16384.0,-5.882352941176472,6,6,278528,278528,262144,262144,,
memory-auto,backend,retained_2,A/R,peak_rss_kib,20602.0,20476.0,-126.0,-0.6115911076594482,6,6,18828,21068,18748,20664,,
memory-auto,backend,retained_2,C/R,peak_rss_kib,20496.0,20476.0,-20.0,-0.09758001561279706,6,6,18632,21124,18748,20664,,
memory-auto,backend,retained_2,A/C,peak_rss_kib,20602.0,20496.0,-106.0,-0.5145131540627124,6,6,18828,21068,18632,21124,,
memory-auto,backend,retained_2,A/R,rss_bytes,20303872.0,18372608.0,-1931264.0,-9.511801492838412,6,6,18554880,21213184,16732160,18657280,,
memory-auto,backend,retained_2,C/R,rss_bytes,18587648.0,18372608.0,-215040.0,-1.1568973115910097,6,6,16732160,19333120,16732160,18657280,,
memory-auto,backend,retained_2,A/C,rss_bytes,20303872.0,18587648.0,-1716224.0,-8.452693161186197,6,6,18554880,21213184,16732160,19333120,,
memory-auto,backend,retained_2,A/R,total_alloc,91426272.0,49850284.0,-41575988.0,-45.47488056824629,6,6,91411784,91463704,49845744,49873280,,
memory-auto,backend,retained_2,C/R,total_alloc,49847784.0,49850284.0,2500.0,0.005015268080921231,6,6,49841680,49856896,49845744,49873280,,
memory-auto,backend,retained_2,A/C,total_alloc,91426272.0,49847784.0,-41578488.0,-45.477615012017544,6,6,91411784,91463704,49841680,49856896,,
memory-auto,public,compile_release_270,A/R,allocation_bytes_delta,45337124.0,29718204.0,-15618920.0,-34.45061932027272,6,6,45331696,45382064,29711312,29744600,,
memory-auto,public,compile_release_270,C/R,allocation_bytes_delta,29717144.0,29718204.0,1060.0,0.003566964577750298,6,6,29708792,29724096,29711312,29744600,,
memory-auto,public,compile_release_270,A/C,allocation_bytes_delta,45337124.0,29717144.0,-15619980.0,-34.45295736006545,6,6,45331696,45382064,29708792,29724096,,
memory-auto,public,compile_release_270,A/R,allocation_count_delta,59008.5,58373.5,-635.0,-1.0761161527576557,6,6,58992,59032,58352,58382,,
memory-auto,public,compile_release_270,C/R,allocation_count_delta,58369.5,58373.5,4.0,0.006852894062814308,6,6,58359,58388,58352,58382,,
memory-auto,public,compile_release_270,A/C,allocation_count_delta,59008.5,58369.5,-639.0,-1.0828948371844782,6,6,58992,59032,58359,58388,,
memory-auto,public,compile_release_270,A/R,code_bytes,0.0,0.0,0.0,,6,6,0,0,0,0,,
memory-auto,public,compile_release_270,C/R,code_bytes,0.0,0.0,0.0,,6,6,0,0,0,0,,
memory-auto,public,compile_release_270,A/C,code_bytes,0.0,0.0,0.0,,6,6,0,0,0,0,,
memory-auto,public,compile_release_270,A/R,heap_alloc,443400.0,736992.0,293592.0,66.21380243572395,6,6,434464,604416,559264,863536,,
memory-auto,public,compile_release_270,C/R,heap_alloc,652096.0,736992.0,84896.0,13.018941996270495,6,6,435696,863056,559264,863536,,
memory-auto,public,compile_release_270,A/C,heap_alloc,443400.0,652096.0,208696.0,47.06720793865584,6,6,434464,604416,435696,863056,,
memory-auto,public,compile_release_270,A/R,heap_inuse,1208320.0,1679360.0,471040.0,38.98305084745763,6,6,1105920,1589248,1368064,1810432,,
memory-auto,public,compile_release_270,C/R,heap_inuse,1499136.0,1679360.0,180224.0,12.021857923497258,6,6,1343488,1949696,1368064,1810432,,
memory-auto,public,compile_release_270,A/C,heap_inuse,1208320.0,1499136.0,290816.0,24.067796610169488,6,6,1105920,1589248,1343488,1949696,,
memory-auto,public,compile_release_270,A/R,heap_objects,934.0,1134.0,200.0,21.41327623126339,6,6,915,1116,958,1175,,
memory-auto,public,compile_release_270,C/R,heap_objects,1057.0,1134.0,77.0,7.284768211920523,6,6,918,1172,958,1175,,
memory-auto,public,compile_release_270,A/C,heap_objects,934.0,1057.0,123.0,13.16916488222699,6,6,915,1116,918,1172,,
memory-auto,public,compile_release_270,A/R,heap_released,3411968.0,3362816.0,-49152.0,-1.4405762304921965,6,6,3211264,7864320,3121152,7405568,,
memory-auto,public,compile_release_270,C/R,heap_released,3485696.0,3362816.0,-122880.0,-3.525264394829608,6,6,3194880,7413760,3121152,7405568,,
memory-auto,public,compile_release_270,A/C,heap_released,3411968.0,3485696.0,73728.0,2.1608643457383003,6,6,3211264,7864320,3194880,7413760,,
memory-auto,public,compile_release_270,A/R,mallocs,64487.5,63855.5,-632.0,-0.9800348904826506,6,6,64472,64511,63833,63862,,
memory-auto,public,compile_release_270,C/R,mallocs,63851.0,63855.5,4.5,0.007047657828374021,6,6,63838,63867,63833,63862,,
memory-auto,public,compile_release_270,A/C,mallocs,64487.5,63851.0,-636.5,-0.9870129870129918,6,6,64472,64511,63838,63867,,
memory-auto,public,compile_release_270,A/R,modules,0.0,0.0,0.0,,6,6,0,0,0,0,,
memory-auto,public,compile_release_270,C/R,modules,0.0,0.0,0.0,,6,6,0,0,0,0,,
memory-auto,public,compile_release_270,A/C,modules,0.0,0.0,0.0,,6,6,0,0,0,0,,
memory-auto,public,compile_release_270,A/R,native_Active,0.0,0.0,0.0,,6,6,0,0,0,0,,
memory-auto,public,compile_release_270,C/R,native_Active,0.0,0.0,0.0,,6,6,0,0,0,0,,
memory-auto,public,compile_release_270,A/C,native_Active,0.0,0.0,0.0,,6,6,0,0,0,0,,
memory-auto,public,compile_release_270,A/R,native_Cached,0.0,0.0,0.0,,6,6,0,0,0,0,,
memory-auto,public,compile_release_270,C/R,native_Cached,0.0,0.0,0.0,,6,6,0,0,0,0,,
memory-auto,public,compile_release_270,A/C,native_Cached,0.0,0.0,0.0,,6,6,0,0,0,0,,
memory-auto,public,compile_release_270,A/R,native_Capacity,4096.0,4096.0,0.0,0.0,6,6,4096,4096,4096,4096,,
memory-auto,public,compile_release_270,C/R,native_Capacity,4096.0,4096.0,0.0,0.0,6,6,4096,4096,4096,4096,,
memory-auto,public,compile_release_270,A/C,native_Capacity,4096.0,4096.0,0.0,0.0,6,6,4096,4096,4096,4096,,
memory-auto,public,compile_release_270,A/R,native_PeakRegistered,0.0,0.0,0.0,,6,6,0,0,0,0,,
memory-auto,public,compile_release_270,C/R,native_PeakRegistered,0.0,0.0,0.0,,6,6,0,0,0,0,,
memory-auto,public,compile_release_270,A/C,native_PeakRegistered,0.0,0.0,0.0,,6,6,0,0,0,0,,
memory-auto,public,compile_release_270,A/R,native_Registered,0.0,0.0,0.0,,6,6,0,0,0,0,,
memory-auto,public,compile_release_270,C/R,native_Registered,0.0,0.0,0.0,,6,6,0,0,0,0,,
memory-auto,public,compile_release_270,A/C,native_Registered,0.0,0.0,0.0,,6,6,0,0,0,0,,
memory-auto,public,compile_release_270,A/R,native_ScanSpan,0.0,0.0,0.0,,6,6,0,0,0,0,,
memory-auto,public,compile_release_270,C/R,native_ScanSpan,0.0,0.0,0.0,,6,6,0,0,0,0,,
memory-auto,public,compile_release_270,A/C,native_ScanSpan,0.0,0.0,0.0,,6,6,0,0,0,0,,
memory-auto,public,compile_release_270,A/R,native_Supported,1.0,1.0,0.0,0.0,6,6,True,True,True,True,,
memory-auto,public,compile_release_270,C/R,native_Supported,1.0,1.0,0.0,0.0,6,6,True,True,True,True,,
memory-auto,public,compile_release_270,A/C,native_Supported,1.0,1.0,0.0,0.0,6,6,True,True,True,True,,
memory-auto,public,compile_release_270,A/R,peak_rss_kib,20374.0,20244.0,-130.0,-0.638068126043001,6,6,18704,20928,18332,20664,,
memory-auto,public,compile_release_270,C/R,peak_rss_kib,20372.0,20244.0,-128.0,-0.6283133712939315,6,6,18372,20500,18332,20664,,
memory-auto,public,compile_release_270,A/C,peak_rss_kib,20374.0,20372.0,-2.0,-0.009816432708353862,6,6,18704,20928,18372,20500,,
memory-auto,public,compile_release_270,A/R,rss_bytes,20733952.0,20445184.0,-288768.0,-1.392730146187282,6,6,18751488,21094400,18505728,20492288,,
memory-auto,public,compile_release_270,C/R,rss_bytes,20660224.0,20445184.0,-215040.0,-1.040840602696269,6,6,18919424,20873216,18505728,20492288,,
memory-auto,public,compile_release_270,A/C,rss_bytes,20733952.0,20660224.0,-73728.0,-0.35559067562228597,6,6,18751488,21094400,18919424,20873216,,
memory-auto,public,compile_release_270,A/R,total_alloc,45819516.0,30200396.0,-15619120.0,-34.08835658587053,6,6,45813952,45864320,30193584,30226552,,
memory-auto,public,compile_release_270,C/R,total_alloc,30199016.0,30200396.0,1380.0,0.004569685316901939,6,6,30190904,30206048,30193584,30226552,,
memory-auto,public,compile_release_270,A/C,total_alloc,45819516.0,30199016.0,-15620500.0,-34.09136840293119,6,6,45813952,45864320,30190904,30206048,,
memory-auto,public,initial,A/R,code_bytes,0.0,0.0,0.0,,6,6,0,0,0,0,,
memory-auto,public,initial,C/R,code_bytes,0.0,0.0,0.0,,6,6,0,0,0,0,,
memory-auto,public,initial,A/C,code_bytes,0.0,0.0,0.0,,6,6,0,0,0,0,,
memory-auto,public,initial,A/R,heap_alloc,266696.0,266728.0,32.0,0.011998680145186569,6,6,266072,267032,266408,267048,,
memory-auto,public,initial,C/R,heap_alloc,266408.0,266728.0,320.0,0.12011651301762072,6,6,266248,267048,266408,267048,,
memory-auto,public,initial,A/C,heap_alloc,266696.0,266408.0,-288.0,-0.10798812130665691,6,6,266072,267032,266248,267048,,
memory-auto,public,initial,A/R,heap_inuse,786432.0,786432.0,0.0,0.0,6,6,786432,1032192,786432,786432,,
memory-auto,public,initial,C/R,heap_inuse,839680.0,786432.0,-53248.0,-6.341463414634141,6,6,786432,925696,786432,786432,,
memory-auto,public,initial,A/C,heap_inuse,786432.0,839680.0,53248.0,6.770833333333326,6,6,786432,1032192,786432,925696,,
memory-auto,public,initial,A/R,heap_objects,727.0,728.0,1.0,0.13755158184318717,6,6,723,729,726,730,,
memory-auto,public,initial,C/R,heap_objects,726.0,728.0,2.0,0.2754820936639035,6,6,725,730,726,730,,
memory-auto,public,initial,A/C,heap_objects,727.0,726.0,-1.0,-0.13755158184318717,6,6,723,729,725,730,,
memory-auto,public,initial,A/R,heap_released,2654208.0,2654208.0,0.0,0.0,6,6,2310144,6848512,2654208,6848512,,
memory-auto,public,initial,C/R,heap_released,4673536.0,2654208.0,-2019328.0,-43.207712532865905,6,6,2465792,6848512,2654208,6848512,,
memory-auto,public,initial,A/C,heap_released,2654208.0,4673536.0,2019328.0,76.08024691358024,6,6,2310144,6848512,2465792,6848512,,
memory-auto,public,initial,A/R,mallocs,5480.0,5481.0,1.0,0.01824817518247812,6,6,5476,5482,5479,5483,,
memory-auto,public,initial,C/R,mallocs,5479.0,5481.0,2.0,0.03650301149844548,6,6,5478,5483,5479,5483,,
memory-auto,public,initial,A/C,mallocs,5480.0,5479.0,-1.0,-0.01824817518247812,6,6,5476,5482,5478,5483,,
memory-auto,public,initial,A/R,modules,0.0,0.0,0.0,,6,6,0,0,0,0,,
memory-auto,public,initial,C/R,modules,0.0,0.0,0.0,,6,6,0,0,0,0,,
memory-auto,public,initial,A/C,modules,0.0,0.0,0.0,,6,6,0,0,0,0,,
memory-auto,public,initial,A/R,native_Active,0.0,0.0,0.0,,6,6,0,0,0,0,,
memory-auto,public,initial,C/R,native_Active,0.0,0.0,0.0,,6,6,0,0,0,0,,
memory-auto,public,initial,A/C,native_Active,0.0,0.0,0.0,,6,6,0,0,0,0,,
memory-auto,public,initial,A/R,native_Cached,0.0,0.0,0.0,,6,6,0,0,0,0,,
memory-auto,public,initial,C/R,native_Cached,0.0,0.0,0.0,,6,6,0,0,0,0,,
memory-auto,public,initial,A/C,native_Cached,0.0,0.0,0.0,,6,6,0,0,0,0,,
memory-auto,public,initial,A/R,native_Capacity,4096.0,4096.0,0.0,0.0,6,6,4096,4096,4096,4096,,
memory-auto,public,initial,C/R,native_Capacity,4096.0,4096.0,0.0,0.0,6,6,4096,4096,4096,4096,,
memory-auto,public,initial,A/C,native_Capacity,4096.0,4096.0,0.0,0.0,6,6,4096,4096,4096,4096,,
memory-auto,public,initial,A/R,native_PeakRegistered,0.0,0.0,0.0,,6,6,0,0,0,0,,
memory-auto,public,initial,C/R,native_PeakRegistered,0.0,0.0,0.0,,6,6,0,0,0,0,,
memory-auto,public,initial,A/C,native_PeakRegistered,0.0,0.0,0.0,,6,6,0,0,0,0,,
memory-auto,public,initial,A/R,native_Registered,0.0,0.0,0.0,,6,6,0,0,0,0,,
memory-auto,public,initial,C/R,native_Registered,0.0,0.0,0.0,,6,6,0,0,0,0,,
memory-auto,public,initial,A/C,native_Registered,0.0,0.0,0.0,,6,6,0,0,0,0,,
memory-auto,public,initial,A/R,native_ScanSpan,0.0,0.0,0.0,,6,6,0,0,0,0,,
memory-auto,public,initial,C/R,native_ScanSpan,0.0,0.0,0.0,,6,6,0,0,0,0,,
memory-auto,public,initial,A/C,native_ScanSpan,0.0,0.0,0.0,,6,6,0,0,0,0,,
memory-auto,public,initial,A/R,native_Supported,1.0,1.0,0.0,0.0,6,6,True,True,True,True,,
memory-auto,public,initial,C/R,native_Supported,1.0,1.0,0.0,0.0,6,6,True,True,True,True,,
memory-auto,public,initial,A/C,native_Supported,1.0,1.0,0.0,0.0,6,6,True,True,True,True,,
memory-auto,public,initial,A/R,peak_rss_kib,13676.0,13660.0,-16.0,-0.11699327288681172,6,6,13500,13784,13484,13760,,
memory-auto,public,initial,C/R,peak_rss_kib,13684.0,13660.0,-24.0,-0.17538731365097648,6,6,13608,13788,13484,13760,,
memory-auto,public,initial,A/C,peak_rss_kib,13676.0,13684.0,8.0,0.058496636443394756,6,6,13500,13784,13608,13788,,
memory-auto,public,initial,A/R,rss_bytes,12861440.0,12376064.0,-485376.0,-3.7738853503184733,6,6,12656640,12910592,12361728,12582912,,
memory-auto,public,initial,C/R,rss_bytes,12634112.0,12376064.0,-258048.0,-2.042470416599129,6,6,12410880,12824576,12361728,12582912,,
memory-auto,public,initial,A/C,rss_bytes,12861440.0,12634112.0,-227328.0,-1.7675159235668758,6,6,12656640,12910592,12410880,12824576,,
memory-auto,public,initial,A/R,total_alloc,482232.0,482272.0,40.0,0.008294762686844592,6,6,481616,482576,481952,482592,,
memory-auto,public,initial,C/R,total_alloc,481952.0,482272.0,320.0,0.06639665360865799,6,6,481792,482592,481952,482592,,
memory-auto,public,initial,A/C,total_alloc,482232.0,481952.0,-280.0,-0.05806333880787884,6,6,481616,482576,481792,482592,,
memory-auto,public,released_0,A/R,allocation_bytes_delta,16800.0,16888.0,88.0,0.5238095238095264,6,6,16712,22224,16712,22032,,
memory-auto,public,released_0,C/R,allocation_bytes_delta,16888.0,16888.0,0.0,0.0,6,6,16712,16904,16712,22032,,
memory-auto,public,released_0,A/C,allocation_bytes_delta,16800.0,16888.0,88.0,0.5238095238095264,6,6,16712,22224,16712,16904,,
memory-auto,public,released_0,A/R,allocation_count_delta,242.5,243.0,0.5,0.20618556701030855,6,6,242,250,242,248,,
memory-auto,public,released_0,C/R,allocation_count_delta,243.0,243.0,0.0,0.0,6,6,242,244,242,248,,
memory-auto,public,released_0,A/C,allocation_count_delta,242.5,243.0,0.5,0.20618556701030855,6,6,242,250,242,244,,
memory-auto,public,released_0,A/R,code_bytes,0.0,0.0,0.0,,6,6,0,0,0,0,,
memory-auto,public,released_0,C/R,code_bytes,0.0,0.0,0.0,,6,6,0,0,0,0,,
memory-auto,public,released_0,A/C,code_bytes,0.0,0.0,0.0,,6,6,0,0,0,0,,
memory-auto,public,released_0,A/R,heap_alloc,1520076.0,1514184.0,-5892.0,-0.3876121983374503,6,6,1510504,1533720,1509696,1520560,,
memory-auto,public,released_0,C/R,heap_alloc,1509464.0,1514184.0,4720.0,0.3126937773938243,6,6,1500496,1518024,1509696,1520560,,
memory-auto,public,released_0,A/C,heap_alloc,1520076.0,1509464.0,-10612.0,-0.698122988587413,6,6,1510504,1533720,1500496,1518024,,
memory-auto,public,released_0,A/R,heap_inuse,2322432.0,2375680.0,53248.0,2.2927689594356204,6,6,2252800,2424832,2342912,2416640,,
memory-auto,public,released_0,C/R,heap_inuse,2379776.0,2375680.0,-4096.0,-0.1721170395869165,6,6,2293760,2473984,2342912,2416640,,
memory-auto,public,released_0,A/C,heap_inuse,2322432.0,2379776.0,57344.0,2.4691358024691468,6,6,2252800,2424832,2293760,2473984,,
memory-auto,public,released_0,A/R,heap_objects,1755.0,1750.5,-4.5,-0.2564102564102555,6,6,1738,1784,1746,1773,,
memory-auto,public,released_0,C/R,heap_objects,1746.0,1750.5,4.5,0.2577319587628857,6,6,1726,1756,1746,1773,,
memory-auto,public,released_0,A/C,heap_objects,1755.0,1746.0,-9.0,-0.512820512820511,6,6,1738,1784,1726,1756,,
memory-auto,public,released_0,A/R,heap_released,4874240.0,4644864.0,-229376.0,-4.705882352941182,6,6,4472832,9420800,4292608,9379840,,
memory-auto,public,released_0,C/R,heap_released,4771840.0,4644864.0,-126976.0,-2.6609442060085864,6,6,4292608,8871936,4292608,9379840,,
memory-auto,public,released_0,A/C,heap_released,4874240.0,4771840.0,-102400.0,-2.1008403361344574,6,6,4472832,9420800,4292608,8871936,,
memory-auto,public,released_0,A/R,mallocs,72540.0,71812.0,-728.0,-1.003584229390686,6,6,72505,72556,71790,71832,,
memory-auto,public,released_0,C/R,mallocs,71803.0,71812.0,9.0,0.012534295224431169,6,6,71785,71822,71790,71832,,
memory-auto,public,released_0,A/C,mallocs,72540.0,71803.0,-737.0,-1.0159911772814945,6,6,72505,72556,71785,71822,,
memory-auto,public,released_0,A/R,modules,0.0,0.0,0.0,,6,6,0,0,0,0,,
memory-auto,public,released_0,C/R,modules,0.0,0.0,0.0,,6,6,0,0,0,0,,
memory-auto,public,released_0,A/C,modules,0.0,0.0,0.0,,6,6,0,0,0,0,,
memory-auto,public,released_0,A/R,native_Active,0.0,0.0,0.0,,6,6,0,0,0,0,,
memory-auto,public,released_0,C/R,native_Active,0.0,0.0,0.0,,6,6,0,0,0,0,,
memory-auto,public,released_0,A/C,native_Active,0.0,0.0,0.0,,6,6,0,0,0,0,,
memory-auto,public,released_0,A/R,native_Cached,0.0,0.0,0.0,,6,6,0,0,0,0,,
memory-auto,public,released_0,C/R,native_Cached,0.0,0.0,0.0,,6,6,0,0,0,0,,
memory-auto,public,released_0,A/C,native_Cached,0.0,0.0,0.0,,6,6,0,0,0,0,,
memory-auto,public,released_0,A/R,native_Capacity,4096.0,4096.0,0.0,0.0,6,6,4096,4096,4096,4096,,
memory-auto,public,released_0,C/R,native_Capacity,4096.0,4096.0,0.0,0.0,6,6,4096,4096,4096,4096,,
memory-auto,public,released_0,A/C,native_Capacity,4096.0,4096.0,0.0,0.0,6,6,4096,4096,4096,4096,,
memory-auto,public,released_0,A/R,native_PeakRegistered,0.0,0.0,0.0,,6,6,0,0,0,0,,
memory-auto,public,released_0,C/R,native_PeakRegistered,0.0,0.0,0.0,,6,6,0,0,0,0,,
memory-auto,public,released_0,A/C,native_PeakRegistered,0.0,0.0,0.0,,6,6,0,0,0,0,,
memory-auto,public,released_0,A/R,native_Registered,0.0,0.0,0.0,,6,6,0,0,0,0,,
memory-auto,public,released_0,C/R,native_Registered,0.0,0.0,0.0,,6,6,0,0,0,0,,
memory-auto,public,released_0,A/C,native_Registered,0.0,0.0,0.0,,6,6,0,0,0,0,,
memory-auto,public,released_0,A/R,native_ScanSpan,0.0,0.0,0.0,,6,6,0,0,0,0,,
memory-auto,public,released_0,C/R,native_ScanSpan,0.0,0.0,0.0,,6,6,0,0,0,0,,
memory-auto,public,released_0,A/C,native_ScanSpan,0.0,0.0,0.0,,6,6,0,0,0,0,,
memory-auto,public,released_0,A/R,native_Supported,1.0,1.0,0.0,0.0,6,6,True,True,True,True,,
memory-auto,public,released_0,C/R,native_Supported,1.0,1.0,0.0,0.0,6,6,True,True,True,True,,
memory-auto,public,released_0,A/C,native_Supported,1.0,1.0,0.0,0.0,6,6,True,True,True,True,,
memory-auto,public,released_0,A/R,peak_rss_kib,20374.0,20338.0,-36.0,-0.1766957887503695,6,6,18704,20928,18332,20664,,
memory-auto,public,released_0,C/R,peak_rss_kib,20372.0,20338.0,-34.0,-0.16689573924995038,6,6,18496,20500,18332,20664,,
memory-auto,public,released_0,A/C,peak_rss_kib,20374.0,20372.0,-2.0,-0.009816432708353862,6,6,18704,20928,18496,20500,,
memory-auto,public,released_0,A/R,rss_bytes,19582976.0,18954240.0,-628736.0,-3.2106253921773686,6,6,17088512,20750336,17035264,19472384,,
memory-auto,public,released_0,C/R,rss_bytes,19298304.0,18954240.0,-344064.0,-1.7828716969118141,6,6,17772544,20168704,17035264,19472384,,
memory-auto,public,released_0,A/C,rss_bytes,19582976.0,19298304.0,-284672.0,-1.453670780171512,6,6,17088512,20750336,17772544,20168704,,
memory-auto,public,released_0,A/R,total_alloc,51889000.0,34182700.0,-17706300.0,-34.123417294609645,6,6,51883296,51925144,34175552,34203608,,
memory-auto,public,released_0,C/R,total_alloc,34177984.0,34182700.0,4716.0,0.013798356275196433,6,6,34167576,34186160,34175552,34203608,,
memory-auto,public,released_0,A/C,total_alloc,51889000.0,34177984.0,-17711016.0,-34.13250592611151,6,6,51883296,51925144,34167576,34186160,,
memory-auto,public,released_1,A/R,allocation_bytes_delta,16888.0,16720.0,-168.0,-0.994789199431545,6,6,16712,16888,16712,16888,,
memory-auto,public,released_1,C/R,allocation_bytes_delta,16808.0,16720.0,-88.0,-0.5235602094240788,6,6,15624,22032,16712,16888,,
memory-auto,public,released_1,A/C,allocation_bytes_delta,16888.0,16808.0,-80.0,-0.4737091425864537,6,6,16712,16888,15624,22032,,
memory-auto,public,released_1,A/R,allocation_count_delta,243.0,242.5,-0.5,-0.2057613168724326,6,6,242,243,242,243,,
memory-auto,public,released_1,C/R,allocation_count_delta,243.0,242.5,-0.5,-0.2057613168724326,6,6,240,248,242,243,,
memory-auto,public,released_1,A/C,allocation_count_delta,243.0,243.0,0.0,0.0,6,6,242,243,240,248,,
memory-auto,public,released_1,A/R,code_bytes,0.0,0.0,0.0,,6,6,0,0,0,0,,
memory-auto,public,released_1,C/R,code_bytes,0.0,0.0,0.0,,6,6,0,0,0,0,,
memory-auto,public,released_1,A/C,code_bytes,0.0,0.0,0.0,,6,6,0,0,0,0,,
memory-auto,public,released_1,A/R,heap_alloc,1521460.0,1516404.0,-5056.0,-0.33231238415731834,6,6,1510968,1535144,1509808,1528416,,
memory-auto,public,released_1,C/R,heap_alloc,1510904.0,1516404.0,5500.0,0.36402048045407476,6,6,1505824,1525192,1509808,1528416,,
memory-auto,public,released_1,A/C,heap_alloc,1521460.0,1510904.0,-10556.0,-0.6938072640752968,6,6,1510968,1535144,1505824,1525192,,
memory-auto,public,released_1,A/R,heap_inuse,2363392.0,2428928.0,65536.0,2.772963604852685,6,6,2252800,2449408,2383872,2457600,,
memory-auto,public,released_1,C/R,heap_inuse,2416640.0,2428928.0,12288.0,0.5084745762711895,6,6,2318336,2498560,2383872,2457600,,
memory-auto,public,released_1,A/C,heap_inuse,2363392.0,2416640.0,53248.0,2.253032928942811,6,6,2252800,2449408,2318336,2498560,,
memory-auto,public,released_1,A/R,heap_objects,1760.0,1760.5,0.5,0.028409090909087276,6,6,1738,1786,1748,1788,,
memory-auto,public,released_1,C/R,heap_objects,1746.5,1760.5,14.0,0.8016032064128265,6,6,1736,1769,1748,1788,,
memory-auto,public,released_1,A/C,heap_objects,1760.0,1746.5,-13.5,-0.7670454545454564,6,6,1738,1786,1736,1769,,
memory-auto,public,released_1,A/R,heap_released,5062656.0,3997696.0,-1064960.0,-21.035598705501624,6,6,3907584,9166848,3751936,8077312,,
memory-auto,public,released_1,C/R,heap_released,4308992.0,3997696.0,-311296.0,-7.224334600760452,6,6,3727360,8937472,3751936,8077312,,
memory-auto,public,released_1,A/C,heap_released,5062656.0,4308992.0,-753664.0,-14.886731391585762,6,6,3907584,9166848,3727360,8937472,,
memory-auto,public,released_1,A/R,mallocs,80575.0,79773.5,-801.5,-0.9947254111076664,6,6,80549,80597,79741,79788,,
memory-auto,public,released_1,C/R,mallocs,79757.5,79773.5,16.0,0.020060809328281692,6,6,79736,79790,79741,79788,,
memory-auto,public,released_1,A/C,mallocs,80575.0,79757.5,-817.5,-1.0145826869376373,6,6,80549,80597,79736,79790,,
memory-auto,public,released_1,A/R,modules,0.0,0.0,0.0,,6,6,0,0,0,0,,
memory-auto,public,released_1,C/R,modules,0.0,0.0,0.0,,6,6,0,0,0,0,,
memory-auto,public,released_1,A/C,modules,0.0,0.0,0.0,,6,6,0,0,0,0,,
memory-auto,public,released_1,A/R,native_Active,0.0,0.0,0.0,,6,6,0,0,0,0,,
memory-auto,public,released_1,C/R,native_Active,0.0,0.0,0.0,,6,6,0,0,0,0,,
memory-auto,public,released_1,A/C,native_Active,0.0,0.0,0.0,,6,6,0,0,0,0,,
memory-auto,public,released_1,A/R,native_Cached,0.0,0.0,0.0,,6,6,0,0,0,0,,
memory-auto,public,released_1,C/R,native_Cached,0.0,0.0,0.0,,6,6,0,0,0,0,,
memory-auto,public,released_1,A/C,native_Cached,0.0,0.0,0.0,,6,6,0,0,0,0,,
memory-auto,public,released_1,A/R,native_Capacity,4096.0,4096.0,0.0,0.0,6,6,4096,4096,4096,4096,,
memory-auto,public,released_1,C/R,native_Capacity,4096.0,4096.0,0.0,0.0,6,6,4096,4096,4096,4096,,
memory-auto,public,released_1,A/C,native_Capacity,4096.0,4096.0,0.0,0.0,6,6,4096,4096,4096,4096,,
memory-auto,public,released_1,A/R,native_PeakRegistered,0.0,0.0,0.0,,6,6,0,0,0,0,,
memory-auto,public,released_1,C/R,native_PeakRegistered,0.0,0.0,0.0,,6,6,0,0,0,0,,
memory-auto,public,released_1,A/C,native_PeakRegistered,0.0,0.0,0.0,,6,6,0,0,0,0,,
memory-auto,public,released_1,A/R,native_Registered,0.0,0.0,0.0,,6,6,0,0,0,0,,
memory-auto,public,released_1,C/R,native_Registered,0.0,0.0,0.0,,6,6,0,0,0,0,,
memory-auto,public,released_1,A/C,native_Registered,0.0,0.0,0.0,,6,6,0,0,0,0,,
memory-auto,public,released_1,A/R,native_ScanSpan,0.0,0.0,0.0,,6,6,0,0,0,0,,
memory-auto,public,released_1,C/R,native_ScanSpan,0.0,0.0,0.0,,6,6,0,0,0,0,,
memory-auto,public,released_1,A/C,native_ScanSpan,0.0,0.0,0.0,,6,6,0,0,0,0,,
memory-auto,public,released_1,A/R,native_Supported,1.0,1.0,0.0,0.0,6,6,True,True,True,True,,
memory-auto,public,released_1,C/R,native_Supported,1.0,1.0,0.0,0.0,6,6,True,True,True,True,,
memory-auto,public,released_1,A/C,native_Supported,1.0,1.0,0.0,0.0,6,6,True,True,True,True,,
memory-auto,public,released_1,A/R,peak_rss_kib,20374.0,20338.0,-36.0,-0.1766957887503695,6,6,18704,20928,18332,20664,,
memory-auto,public,released_1,C/R,peak_rss_kib,20372.0,20338.0,-34.0,-0.16689573924995038,6,6,18496,20500,18332,20664,,
memory-auto,public,released_1,A/C,peak_rss_kib,20374.0,20372.0,-2.0,-0.009816432708353862,6,6,18704,20928,18496,20500,,
memory-auto,public,released_1,A/R,rss_bytes,19208192.0,19795968.0,587776.0,3.060027721505487,6,6,17711104,20283392,17911808,19914752,,
memory-auto,public,released_1,C/R,rss_bytes,19499008.0,19795968.0,296960.0,1.522949270034668,6,6,18006016,20443136,17911808,19914752,,
memory-auto,public,released_1,A/C,rss_bytes,19208192.0,19499008.0,290816.0,1.514020684507944,6,6,17711104,20283392,18006016,20443136,,
memory-auto,public,released_1,A/R,total_alloc,57950276.0,38166316.0,-19783960.0,-34.139544046347595,6,6,57940920,57986088,38152760,38181232,,
memory-auto,public,released_1,C/R,total_alloc,38155980.0,38166316.0,10336.0,0.02708880757353871,6,6,38148032,38170856,38152760,38181232,,
memory-auto,public,released_1,A/C,total_alloc,57950276.0,38155980.0,-19794296.0,-34.15738002697347,6,6,57940920,57986088,38148032,38170856,,
memory-auto,public,released_2,A/R,allocation_bytes_delta,16712.0,16720.0,8.0,0.047869794159893786,6,6,16712,16712,15640,22032,,
memory-auto,public,released_2,C/R,allocation_bytes_delta,16888.0,16720.0,-168.0,-0.994789199431545,6,6,16712,22032,15640,22032,,
memory-auto,public,released_2,A/C,allocation_bytes_delta,16712.0,16888.0,176.0,1.0531354715174635,6,6,16712,16712,16712,22032,,
memory-auto,public,released_2,A/R,allocation_count_delta,242.0,242.5,0.5,0.20661157024792765,6,6,242,242,241,248,,
memory-auto,public,released_2,C/R,allocation_count_delta,243.0,242.5,-0.5,-0.2057613168724326,6,6,242,248,241,248,,
memory-auto,public,released_2,A/C,allocation_count_delta,242.0,243.0,1.0,0.4132231404958775,6,6,242,242,242,248,,
memory-auto,public,released_2,A/R,code_bytes,0.0,0.0,0.0,,6,6,0,0,0,0,,
memory-auto,public,released_2,C/R,code_bytes,0.0,0.0,0.0,,6,6,0,0,0,0,,
memory-auto,public,released_2,A/C,code_bytes,0.0,0.0,0.0,,6,6,0,0,0,0,,
memory-auto,public,released_2,A/R,heap_alloc,1522748.0,1520360.0,-2388.0,-0.1568217459487764,6,6,1516088,1536696,1511888,1532384,,
memory-auto,public,released_2,C/R,heap_alloc,1514052.0,1520360.0,6308.0,0.4166303403053462,6,6,1510088,1525208,1511888,1532384,,
memory-auto,public,released_2,A/C,heap_alloc,1522748.0,1514052.0,-8696.0,-0.571072823605745,6,6,1516088,1536696,1510088,1525208,,
memory-auto,public,released_2,A/R,heap_inuse,2347008.0,2371584.0,24576.0,1.0471204188481575,6,6,2310144,2490368,2293760,2424832,,
memory-auto,public,released_2,C/R,heap_inuse,2428928.0,2371584.0,-57344.0,-2.360876897133224,6,6,2277376,2473984,2293760,2424832,,
memory-auto,public,released_2,A/C,heap_inuse,2347008.0,2428928.0,81920.0,3.4904013961605695,6,6,2310144,2490368,2277376,2473984,,
memory-auto,public,released_2,A/R,heap_objects,1762.0,1766.0,4.0,0.2270147559591429,6,6,1751,1790,1751,1798,,
memory-auto,public,released_2,C/R,heap_objects,1757.0,1766.0,9.0,0.512236767216856,6,6,1744,1770,1751,1798,,
memory-auto,public,released_2,A/C,heap_objects,1762.0,1757.0,-5.0,-0.2837684449489175,6,6,1751,1790,1744,1770,,
memory-auto,public,released_2,A/R,heap_released,4526080.0,4333568.0,-192512.0,-4.253393665158367,6,6,3858432,8503296,3637248,8216576,,
memory-auto,public,released_2,C/R,heap_released,4341760.0,4333568.0,-8192.0,-0.18867924528301883,6,6,3948544,8568832,3637248,8216576,,
memory-auto,public,released_2,A/C,heap_released,4526080.0,4341760.0,-184320.0,-4.072398190045245,6,6,3858432,8503296,3948544,8568832,,
memory-auto,public,released_2,A/R,mallocs,88613.0,87725.5,-887.5,-1.0015460485481853,6,6,88597,88634,87698,87747,,
memory-auto,public,released_2,C/R,mallocs,87715.5,87725.5,10.0,0.011400493641366971,6,6,87698,87731,87698,87747,,
memory-auto,public,released_2,A/C,mallocs,88613.0,87715.5,-897.5,-1.012831074447318,6,6,88597,88634,87698,87731,,
memory-auto,public,released_2,A/R,modules,0.0,0.0,0.0,,6,6,0,0,0,0,,
memory-auto,public,released_2,C/R,modules,0.0,0.0,0.0,,6,6,0,0,0,0,,
memory-auto,public,released_2,A/C,modules,0.0,0.0,0.0,,6,6,0,0,0,0,,
memory-auto,public,released_2,A/R,native_Active,0.0,0.0,0.0,,6,6,0,0,0,0,,
memory-auto,public,released_2,C/R,native_Active,0.0,0.0,0.0,,6,6,0,0,0,0,,
memory-auto,public,released_2,A/C,native_Active,0.0,0.0,0.0,,6,6,0,0,0,0,,
memory-auto,public,released_2,A/R,native_Cached,0.0,0.0,0.0,,6,6,0,0,0,0,,
memory-auto,public,released_2,C/R,native_Cached,0.0,0.0,0.0,,6,6,0,0,0,0,,
memory-auto,public,released_2,A/C,native_Cached,0.0,0.0,0.0,,6,6,0,0,0,0,,
memory-auto,public,released_2,A/R,native_Capacity,4096.0,4096.0,0.0,0.0,6,6,4096,4096,4096,4096,,
memory-auto,public,released_2,C/R,native_Capacity,4096.0,4096.0,0.0,0.0,6,6,4096,4096,4096,4096,,
memory-auto,public,released_2,A/C,native_Capacity,4096.0,4096.0,0.0,0.0,6,6,4096,4096,4096,4096,,
memory-auto,public,released_2,A/R,native_PeakRegistered,0.0,0.0,0.0,,6,6,0,0,0,0,,
memory-auto,public,released_2,C/R,native_PeakRegistered,0.0,0.0,0.0,,6,6,0,0,0,0,,
memory-auto,public,released_2,A/C,native_PeakRegistered,0.0,0.0,0.0,,6,6,0,0,0,0,,
memory-auto,public,released_2,A/R,native_Registered,0.0,0.0,0.0,,6,6,0,0,0,0,,
memory-auto,public,released_2,C/R,native_Registered,0.0,0.0,0.0,,6,6,0,0,0,0,,
memory-auto,public,released_2,A/C,native_Registered,0.0,0.0,0.0,,6,6,0,0,0,0,,
memory-auto,public,released_2,A/R,native_ScanSpan,0.0,0.0,0.0,,6,6,0,0,0,0,,
memory-auto,public,released_2,C/R,native_ScanSpan,0.0,0.0,0.0,,6,6,0,0,0,0,,
memory-auto,public,released_2,A/C,native_ScanSpan,0.0,0.0,0.0,,6,6,0,0,0,0,,
memory-auto,public,released_2,A/R,native_Supported,1.0,1.0,0.0,0.0,6,6,True,True,True,True,,
memory-auto,public,released_2,C/R,native_Supported,1.0,1.0,0.0,0.0,6,6,True,True,True,True,,
memory-auto,public,released_2,A/C,native_Supported,1.0,1.0,0.0,0.0,6,6,True,True,True,True,,
memory-auto,public,released_2,A/R,peak_rss_kib,20374.0,20338.0,-36.0,-0.1766957887503695,6,6,18704,20928,18332,20664,,
memory-auto,public,released_2,C/R,peak_rss_kib,20372.0,20338.0,-34.0,-0.16689573924995038,6,6,18496,20500,18332,20664,,
memory-auto,public,released_2,A/C,peak_rss_kib,20374.0,20372.0,-2.0,-0.009816432708353862,6,6,18704,20928,18496,20500,,
memory-auto,public,released_2,A/R,rss_bytes,19982336.0,19679232.0,-303104.0,-1.5168596904786336,6,6,18358272,20369408,17584128,20013056,,
memory-auto,public,released_2,C/R,rss_bytes,19732480.0,19679232.0,-53248.0,-0.26984950700570387,6,6,17760256,20561920,17584128,20013056,,
memory-auto,public,released_2,A/C,rss_bytes,19982336.0,19732480.0,-249856.0,-1.2503843394485958,6,6,18358272,20369408,17760256,20561920,,
memory-auto,public,released_2,A/R,total_alloc,64014656.0,42147912.0,-21866744.0,-34.15896509699279,6,6,64006312,64052888,42131488,42159432,,
memory-auto,public,released_2,C/R,total_alloc,42138832.0,42147912.0,9080.0,0.021547820784406646,6,6,42130104,42145352,42131488,42159432,,
memory-auto,public,released_2,A/C,total_alloc,64014656.0,42138832.0,-21875824.0,-34.17314934879913,6,6,64006312,64052888,42130104,42145352,,
memory-auto,public,retained_0,A/R,allocation_bytes_delta,6049212.0,3964096.0,-2085116.0,-34.469216817000294,6,6,6043200,6056432,3960344,3970440,,
memory-auto,public,retained_0,C/R,allocation_bytes_delta,3962096.0,3964096.0,2000.0,0.05047833268048141,6,6,3959768,3965032,3960344,3970440,,
memory-auto,public,retained_0,A/C,allocation_bytes_delta,6049212.0,3962096.0,-2087116.0,-34.50227897451767,6,6,6043200,6056432,3959768,3965032,,
memory-auto,public,retained_0,A/R,allocation_count_delta,7801.5,7712.5,-89.0,-1.1408062552073273,6,6,7791,7819,7706,7732,,
memory-auto,public,retained_0,C/R,allocation_count_delta,7711.5,7712.5,1.0,0.012967645723915844,6,6,7700,7716,7706,7732,,
memory-auto,public,retained_0,A/C,allocation_count_delta,7801.5,7711.5,-90.0,-1.1536243030186522,6,6,7791,7819,7700,7716,,
memory-auto,public,retained_0,A/R,code_bytes,167268.0,134972.0,-32296.0,-19.307936963435925,6,6,167268,167268,134972,134972,,
memory-auto,public,retained_0,C/R,code_bytes,134972.0,134972.0,0.0,0.0,6,6,134972,134972,134972,134972,,
memory-auto,public,retained_0,A/C,code_bytes,167268.0,134972.0,-32296.0,-19.307936963435925,6,6,167268,167268,134972,134972,,
memory-auto,public,retained_0,A/R,heap_alloc,1520272.0,1516420.0,-3852.0,-0.2533757117147428,6,6,1513352,1537000,1510848,1523648,,
memory-auto,public,retained_0,C/R,heap_alloc,1512552.0,1516420.0,3868.0,0.255726745262308,6,6,1503568,1520856,1510848,1523648,,
memory-auto,public,retained_0,A/C,heap_alloc,1520272.0,1512552.0,-7720.0,-0.5078038666764928,6,6,1513352,1537000,1503568,1520856,,
memory-auto,public,retained_0,A/R,heap_inuse,2334720.0,2400256.0,65536.0,2.807017543859658,6,6,2260992,2433024,2367488,2449408,,
memory-auto,public,retained_0,C/R,heap_inuse,2404352.0,2400256.0,-4096.0,-0.17035775127768327,6,6,2301952,2498560,2367488,2449408,,
memory-auto,public,retained_0,A/C,heap_inuse,2334720.0,2404352.0,69632.0,2.9824561403508865,6,6,2260992,2433024,2301952,2498560,,
memory-auto,public,retained_0,A/R,heap_objects,1780.5,1782.0,1.5,0.08424599831506896,6,6,1766,1819,1768,1806,,
memory-auto,public,retained_0,C/R,heap_objects,1777.0,1782.0,5.0,0.2813731007315745,6,6,1758,1785,1768,1806,,
memory-auto,public,retained_0,A/C,heap_objects,1780.5,1777.0,-3.5,-0.19657399606851644,6,6,1766,1819,1758,1785,,
memory-auto,public,retained_0,A/R,heap_released,3407872.0,3198976.0,-208896.0,-6.129807692307687,6,6,2973696,7790592,2899968,7151616,,
memory-auto,public,retained_0,C/R,heap_released,3530752.0,3198976.0,-331776.0,-9.396751740139209,6,6,3211264,7675904,2899968,7151616,,
memory-auto,public,retained_0,A/C,heap_released,3407872.0,3530752.0,122880.0,3.605769230769229,6,6,2973696,7790592,3211264,7675904,,
memory-auto,public,retained_0,A/R,mallocs,72294.5,71567.0,-727.5,-1.0063006176126765,6,6,72263,72314,71547,71590,,
memory-auto,public,retained_0,C/R,mallocs,71560.5,71567.0,6.5,0.009083223286587838,6,6,71541,71578,71547,71590,,
memory-auto,public,retained_0,A/C,mallocs,72294.5,71560.5,-734.0,-1.0152916196944473,6,6,72263,72314,71541,71578,,
memory-auto,public,retained_0,A/R,modules,36.0,36.0,0.0,0.0,6,6,36,36,36,36,,
memory-auto,public,retained_0,C/R,modules,36.0,36.0,0.0,0.0,6,6,36,36,36,36,,
memory-auto,public,retained_0,A/C,modules,36.0,36.0,0.0,0.0,6,6,36,36,36,36,,
memory-auto,public,retained_0,A/R,native_Active,0.0,0.0,0.0,,6,6,0,0,0,0,,
memory-auto,public,retained_0,C/R,native_Active,0.0,0.0,0.0,,6,6,0,0,0,0,,
memory-auto,public,retained_0,A/C,native_Active,0.0,0.0,0.0,,6,6,0,0,0,0,,
memory-auto,public,retained_0,A/R,native_Cached,0.0,0.0,0.0,,6,6,0,0,0,0,,
memory-auto,public,retained_0,C/R,native_Cached,0.0,0.0,0.0,,6,6,0,0,0,0,,
memory-auto,public,retained_0,A/C,native_Cached,0.0,0.0,0.0,,6,6,0,0,0,0,,
memory-auto,public,retained_0,A/R,native_Capacity,4096.0,4096.0,0.0,0.0,6,6,4096,4096,4096,4096,,
memory-auto,public,retained_0,C/R,native_Capacity,4096.0,4096.0,0.0,0.0,6,6,4096,4096,4096,4096,,
memory-auto,public,retained_0,A/C,native_Capacity,4096.0,4096.0,0.0,0.0,6,6,4096,4096,4096,4096,,
memory-auto,public,retained_0,A/R,native_PeakRegistered,0.0,0.0,0.0,,6,6,0,0,0,0,,
memory-auto,public,retained_0,C/R,native_PeakRegistered,0.0,0.0,0.0,,6,6,0,0,0,0,,
memory-auto,public,retained_0,A/C,native_PeakRegistered,0.0,0.0,0.0,,6,6,0,0,0,0,,
memory-auto,public,retained_0,A/R,native_Registered,0.0,0.0,0.0,,6,6,0,0,0,0,,
memory-auto,public,retained_0,C/R,native_Registered,0.0,0.0,0.0,,6,6,0,0,0,0,,
memory-auto,public,retained_0,A/C,native_Registered,0.0,0.0,0.0,,6,6,0,0,0,0,,
memory-auto,public,retained_0,A/R,native_ScanSpan,0.0,0.0,0.0,,6,6,0,0,0,0,,
memory-auto,public,retained_0,C/R,native_ScanSpan,0.0,0.0,0.0,,6,6,0,0,0,0,,
memory-auto,public,retained_0,A/C,native_ScanSpan,0.0,0.0,0.0,,6,6,0,0,0,0,,
memory-auto,public,retained_0,A/R,native_Supported,1.0,1.0,0.0,0.0,6,6,True,True,True,True,,
memory-auto,public,retained_0,C/R,native_Supported,1.0,1.0,0.0,0.0,6,6,True,True,True,True,,
memory-auto,public,retained_0,A/C,native_Supported,1.0,1.0,0.0,0.0,6,6,True,True,True,True,,
memory-auto,public,retained_0,A/R,peak_rss_kib,20374.0,20338.0,-36.0,-0.1766957887503695,6,6,18704,20928,18332,20664,,
memory-auto,public,retained_0,C/R,peak_rss_kib,20372.0,20338.0,-34.0,-0.16689573924995038,6,6,18496,20500,18332,20664,,
memory-auto,public,retained_0,A/C,peak_rss_kib,20374.0,20372.0,-2.0,-0.009816432708353862,6,6,18704,20928,18496,20500,,
memory-auto,public,retained_0,A/R,rss_bytes,20697088.0,20410368.0,-286720.0,-1.3853156540668876,6,6,19140608,21073920,18825216,20893696,,
memory-auto,public,retained_0,C/R,rss_bytes,20574208.0,20410368.0,-163840.0,-0.7963368504877555,6,6,19009536,20938752,18825216,20893696,,
memory-auto,public,retained_0,A/C,rss_bytes,20697088.0,20574208.0,-122880.0,-0.5937067088858106,6,6,19140608,21073920,19009536,20938752,,
memory-auto,public,retained_0,A/R,total_alloc,51868896.0,34165756.0,-17703140.0,-34.13055099534025,6,6,51863184,51908432,34158664,34186896,,
memory-auto,public,retained_0,C/R,total_alloc,34161184.0,34165756.0,4572.0,0.013383611059847311,6,6,34150672,34169256,34158664,34186896,,
memory-auto,public,retained_0,A/C,total_alloc,51868896.0,34161184.0,-17707712.0,-34.13936552649973,6,6,51863184,51908432,34150672,34169256,,
memory-auto,public,retained_1,A/R,allocation_bytes_delta,6043936.0,3962128.0,-2081808.0,-34.44457386709588,6,6,6040736,6045136,3960496,3970384,,
memory-auto,public,retained_1,C/R,allocation_bytes_delta,3960904.0,3962128.0,1224.0,0.030902036504798502,6,6,3958424,3967808,3960496,3970384,,
memory-auto,public,retained_1,A/C,allocation_bytes_delta,6043936.0,3960904.0,-2083032.0,-34.46482557062153,6,6,6040736,6045136,3958424,3967808,,
memory-auto,public,retained_1,A/R,allocation_count_delta,7796.0,7714.0,-82.0,-1.0518214468958398,6,6,7781,7804,7709,7732,,
memory-auto,public,retained_1,C/R,allocation_count_delta,7711.5,7714.0,2.5,0.03241911430980071,6,6,7703,7725,7709,7732,,
memory-auto,public,retained_1,A/C,allocation_count_delta,7796.0,7711.5,-84.5,-1.0838891739353484,6,6,7781,7804,7703,7725,,
memory-auto,public,retained_1,A/R,code_bytes,167268.0,134972.0,-32296.0,-19.307936963435925,6,6,167268,167268,134972,134972,,
memory-auto,public,retained_1,C/R,code_bytes,134972.0,134972.0,0.0,0.0,6,6,134972,134972,134972,134972,,
memory-auto,public,retained_1,A/C,code_bytes,167268.0,134972.0,-32296.0,-19.307936963435925,6,6,167268,167268,134972,134972,,
memory-auto,public,retained_1,A/R,heap_alloc,1524308.0,1520116.0,-4192.0,-0.2750100373415387,6,6,1513832,1537992,1513776,1531696,,
memory-auto,public,retained_1,C/R,heap_alloc,1514176.0,1520116.0,5940.0,0.39229257365061,6,6,1503936,1528088,1513776,1531696,,
memory-auto,public,retained_1,A/C,heap_alloc,1524308.0,1514176.0,-10132.0,-0.6646950616279623,6,6,1513832,1537992,1503936,1528088,,
memory-auto,public,retained_1,A/R,heap_inuse,2387968.0,2461696.0,73728.0,3.087478559176682,6,6,2260992,2482176,2392064,2490368,,
memory-auto,public,retained_1,C/R,heap_inuse,2437120.0,2461696.0,24576.0,1.0084033613445342,6,6,2351104,2531328,2392064,2490368,,
memory-auto,public,retained_1,A/C,heap_inuse,2387968.0,2437120.0,49152.0,2.0583190394511064,6,6,2260992,2482176,2351104,2531328,,
memory-auto,public,retained_1,A/R,heap_objects,1788.0,1796.0,8.0,0.4474272930648837,6,6,1767,1814,1783,1823,,
memory-auto,public,retained_1,C/R,heap_objects,1781.0,1796.0,15.0,0.8422234699607012,6,6,1765,1800,1783,1823,,
memory-auto,public,retained_1,A/C,heap_objects,1788.0,1781.0,-7.0,-0.39149888143176215,6,6,1767,1814,1765,1800,,
memory-auto,public,retained_1,A/R,heap_released,3522560.0,3129344.0,-393216.0,-11.162790697674419,6,6,2899968,7593984,2605056,7487488,,
memory-auto,public,retained_1,C/R,heap_released,3219456.0,3129344.0,-90112.0,-2.7989821882951627,6,6,2736128,7413760,2605056,7487488,,
memory-auto,public,retained_1,A/C,heap_released,3522560.0,3219456.0,-303104.0,-8.604651162790699,6,6,2899968,7593984,2736128,7413760,,
memory-auto,public,retained_1,A/R,mallocs,80332.0,79530.5,-801.5,-0.9977344022307433,6,6,80307,80354,79499,79546,,
memory-auto,public,retained_1,C/R,mallocs,79514.5,79530.5,16.0,0.02012211609203618,6,6,79488,79547,79499,79546,,
memory-auto,public,retained_1,A/C,mallocs,80332.0,79514.5,-817.5,-1.0176517452571865,6,6,80307,80354,79488,79547,,
memory-auto,public,retained_1,A/R,modules,36.0,36.0,0.0,0.0,6,6,36,36,36,36,,
memory-auto,public,retained_1,C/R,modules,36.0,36.0,0.0,0.0,6,6,36,36,36,36,,
memory-auto,public,retained_1,A/C,modules,36.0,36.0,0.0,0.0,6,6,36,36,36,36,,
memory-auto,public,retained_1,A/R,native_Active,0.0,0.0,0.0,,6,6,0,0,0,0,,
memory-auto,public,retained_1,C/R,native_Active,0.0,0.0,0.0,,6,6,0,0,0,0,,
memory-auto,public,retained_1,A/C,native_Active,0.0,0.0,0.0,,6,6,0,0,0,0,,
memory-auto,public,retained_1,A/R,native_Cached,0.0,0.0,0.0,,6,6,0,0,0,0,,
memory-auto,public,retained_1,C/R,native_Cached,0.0,0.0,0.0,,6,6,0,0,0,0,,
memory-auto,public,retained_1,A/C,native_Cached,0.0,0.0,0.0,,6,6,0,0,0,0,,
memory-auto,public,retained_1,A/R,native_Capacity,4096.0,4096.0,0.0,0.0,6,6,4096,4096,4096,4096,,
memory-auto,public,retained_1,C/R,native_Capacity,4096.0,4096.0,0.0,0.0,6,6,4096,4096,4096,4096,,
memory-auto,public,retained_1,A/C,native_Capacity,4096.0,4096.0,0.0,0.0,6,6,4096,4096,4096,4096,,
memory-auto,public,retained_1,A/R,native_PeakRegistered,0.0,0.0,0.0,,6,6,0,0,0,0,,
memory-auto,public,retained_1,C/R,native_PeakRegistered,0.0,0.0,0.0,,6,6,0,0,0,0,,
memory-auto,public,retained_1,A/C,native_PeakRegistered,0.0,0.0,0.0,,6,6,0,0,0,0,,
memory-auto,public,retained_1,A/R,native_Registered,0.0,0.0,0.0,,6,6,0,0,0,0,,
memory-auto,public,retained_1,C/R,native_Registered,0.0,0.0,0.0,,6,6,0,0,0,0,,
memory-auto,public,retained_1,A/C,native_Registered,0.0,0.0,0.0,,6,6,0,0,0,0,,
memory-auto,public,retained_1,A/R,native_ScanSpan,0.0,0.0,0.0,,6,6,0,0,0,0,,
memory-auto,public,retained_1,C/R,native_ScanSpan,0.0,0.0,0.0,,6,6,0,0,0,0,,
memory-auto,public,retained_1,A/C,native_ScanSpan,0.0,0.0,0.0,,6,6,0,0,0,0,,
memory-auto,public,retained_1,A/R,native_Supported,1.0,1.0,0.0,0.0,6,6,True,True,True,True,,
memory-auto,public,retained_1,C/R,native_Supported,1.0,1.0,0.0,0.0,6,6,True,True,True,True,,
memory-auto,public,retained_1,A/C,native_Supported,1.0,1.0,0.0,0.0,6,6,True,True,True,True,,
memory-auto,public,retained_1,A/R,peak_rss_kib,20374.0,20338.0,-36.0,-0.1766957887503695,6,6,18704,20928,18332,20664,,
memory-auto,public,retained_1,C/R,peak_rss_kib,20372.0,20338.0,-34.0,-0.16689573924995038,6,6,18496,20500,18332,20664,,
memory-auto,public,retained_1,A/C,peak_rss_kib,20374.0,20372.0,-2.0,-0.009816432708353862,6,6,18704,20928,18496,20500,,
memory-auto,public,retained_1,A/R,rss_bytes,20623360.0,20387840.0,-235520.0,-1.1420059582919584,6,6,19181568,21049344,19058688,20664320,,
memory-auto,public,retained_1,C/R,rss_bytes,20822016.0,20387840.0,-434176.0,-2.0851775351627855,6,6,19034112,20901888,19058688,20664320,,
memory-auto,public,retained_1,A/C,rss_bytes,20623360.0,20822016.0,198656.0,0.9632571996027739,6,6,19181568,21049344,19034112,20901888,,
memory-auto,public,retained_1,A/R,total_alloc,57933388.0,38149508.0,-19783880.0,-34.14935787977738,6,6,57924032,57969376,38136048,38164520,,
memory-auto,public,retained_1,C/R,total_alloc,38139260.0,38149508.0,10248.0,0.02686994975780177,6,6,38126000,38153968,38136048,38164520,,
memory-auto,public,retained_1,A/C,total_alloc,57933388.0,38139260.0,-19794128.0,-34.16704716112926,6,6,57924032,57969376,38126000,38153968,,
memory-auto,public,retained_2,A/R,allocation_bytes_delta,6047668.0,3962448.0,-2085220.0,-34.479736652210406,6,6,6042192,6053152,3961136,3964384,,
memory-auto,public,retained_2,C/R,allocation_bytes_delta,3962296.0,3962448.0,152.0,0.003836159640768777,6,6,3957608,3968200,3961136,3964384,,
memory-auto,public,retained_2,A/C,allocation_bytes_delta,6047668.0,3962296.0,-2085372.0,-34.48225001769277,6,6,6042192,6053152,3957608,3968200,,
memory-auto,public,retained_2,A/R,allocation_count_delta,7801.0,7716.0,-85.0,-1.0896038969362865,6,6,7788,7811,7709,7717,,
memory-auto,public,retained_2,C/R,allocation_count_delta,7714.0,7716.0,2.0,0.025926886180971387,6,6,7694,7724,7709,7717,,
memory-auto,public,retained_2,A/C,allocation_count_delta,7801.0,7714.0,-87.0,-1.115241635687736,6,6,7788,7811,7694,7724,,
memory-auto,public,retained_2,A/R,code_bytes,167268.0,134972.0,-32296.0,-19.307936963435925,6,6,167268,167268,134972,134972,,
memory-auto,public,retained_2,C/R,code_bytes,134972.0,134972.0,0.0,0.0,6,6,134972,134972,134972,134972,,
memory-auto,public,retained_2,A/C,code_bytes,167268.0,134972.0,-32296.0,-19.307936963435925,6,6,167268,167268,134972,134972,,
memory-auto,public,retained_2,A/R,heap_alloc,1525812.0,1521836.0,-3976.0,-0.260582561940792,6,6,1519368,1539784,1515152,1535472,,
memory-auto,public,retained_2,C/R,heap_alloc,1517092.0,1521836.0,4744.0,0.312703514355106,6,6,1513368,1528296,1515152,1535472,,
memory-auto,public,retained_2,A/C,heap_alloc,1525812.0,1517092.0,-8720.0,-0.5714989789043501,6,6,1519368,1539784,1513368,1528296,,
memory-auto,public,retained_2,A/R,heap_inuse,2367488.0,2396160.0,28672.0,1.211072664359869,6,6,2326528,2506752,2310144,2441216,,
memory-auto,public,retained_2,C/R,heap_inuse,2449408.0,2396160.0,-53248.0,-2.1739130434782594,6,6,2310144,2506752,2310144,2441216,,
memory-auto,public,retained_2,A/C,heap_inuse,2367488.0,2449408.0,81920.0,3.460207612456756,6,6,2326528,2506752,2310144,2506752,,
memory-auto,public,retained_2,A/R,heap_objects,1794.0,1800.5,6.5,0.36231884057971175,6,6,1786,1823,1784,1831,,
memory-auto,public,retained_2,C/R,heap_objects,1790.5,1800.5,10.0,0.5585032113934574,6,6,1779,1803,1784,1831,,
memory-auto,public,retained_2,A/C,heap_objects,1794.0,1790.5,-3.5,-0.19509476031215334,6,6,1786,1823,1779,1803,,
memory-auto,public,retained_2,A/R,heap_released,3411968.0,3133440.0,-278528.0,-8.163265306122447,6,6,3112960,7593984,3031040,7495680,,
memory-auto,public,retained_2,C/R,heap_released,3170304.0,3133440.0,-36864.0,-1.1627906976744207,6,6,2596864,7512064,3031040,7495680,,
memory-auto,public,retained_2,A/C,heap_released,3411968.0,3170304.0,-241664.0,-7.082833133253297,6,6,3112960,7593984,2596864,7512064,,
memory-auto,public,retained_2,A/R,mallocs,88371.0,87483.0,-888.0,-1.0048545337271286,6,6,88355,88392,87457,87505,,
memory-auto,public,retained_2,C/R,mallocs,87471.5,87483.0,11.5,0.013147139353963944,6,6,87455,87488,87457,87505,,
memory-auto,public,retained_2,A/C,mallocs,88371.0,87471.5,-899.5,-1.017867852576071,6,6,88355,88392,87455,87488,,
memory-auto,public,retained_2,A/R,modules,36.0,36.0,0.0,0.0,6,6,36,36,36,36,,
memory-auto,public,retained_2,C/R,modules,36.0,36.0,0.0,0.0,6,6,36,36,36,36,,
memory-auto,public,retained_2,A/C,modules,36.0,36.0,0.0,0.0,6,6,36,36,36,36,,
memory-auto,public,retained_2,A/R,native_Active,0.0,0.0,0.0,,6,6,0,0,0,0,,
memory-auto,public,retained_2,C/R,native_Active,0.0,0.0,0.0,,6,6,0,0,0,0,,
memory-auto,public,retained_2,A/C,native_Active,0.0,0.0,0.0,,6,6,0,0,0,0,,
memory-auto,public,retained_2,A/R,native_Cached,0.0,0.0,0.0,,6,6,0,0,0,0,,
memory-auto,public,retained_2,C/R,native_Cached,0.0,0.0,0.0,,6,6,0,0,0,0,,
memory-auto,public,retained_2,A/C,native_Cached,0.0,0.0,0.0,,6,6,0,0,0,0,,
memory-auto,public,retained_2,A/R,native_Capacity,4096.0,4096.0,0.0,0.0,6,6,4096,4096,4096,4096,,
memory-auto,public,retained_2,C/R,native_Capacity,4096.0,4096.0,0.0,0.0,6,6,4096,4096,4096,4096,,
memory-auto,public,retained_2,A/C,native_Capacity,4096.0,4096.0,0.0,0.0,6,6,4096,4096,4096,4096,,
memory-auto,public,retained_2,A/R,native_PeakRegistered,0.0,0.0,0.0,,6,6,0,0,0,0,,
memory-auto,public,retained_2,C/R,native_PeakRegistered,0.0,0.0,0.0,,6,6,0,0,0,0,,
memory-auto,public,retained_2,A/C,native_PeakRegistered,0.0,0.0,0.0,,6,6,0,0,0,0,,
memory-auto,public,retained_2,A/R,native_Registered,0.0,0.0,0.0,,6,6,0,0,0,0,,
memory-auto,public,retained_2,C/R,native_Registered,0.0,0.0,0.0,,6,6,0,0,0,0,,
memory-auto,public,retained_2,A/C,native_Registered,0.0,0.0,0.0,,6,6,0,0,0,0,,
memory-auto,public,retained_2,A/R,native_ScanSpan,0.0,0.0,0.0,,6,6,0,0,0,0,,
memory-auto,public,retained_2,C/R,native_ScanSpan,0.0,0.0,0.0,,6,6,0,0,0,0,,
memory-auto,public,retained_2,A/C,native_ScanSpan,0.0,0.0,0.0,,6,6,0,0,0,0,,
memory-auto,public,retained_2,A/R,native_Supported,1.0,1.0,0.0,0.0,6,6,True,True,True,True,,
memory-auto,public,retained_2,C/R,native_Supported,1.0,1.0,0.0,0.0,6,6,True,True,True,True,,
memory-auto,public,retained_2,A/C,native_Supported,1.0,1.0,0.0,0.0,6,6,True,True,True,True,,
memory-auto,public,retained_2,A/R,peak_rss_kib,20374.0,20338.0,-36.0,-0.1766957887503695,6,6,18704,20928,18332,20664,,
memory-auto,public,retained_2,C/R,peak_rss_kib,20372.0,20338.0,-34.0,-0.16689573924995038,6,6,18496,20500,18332,20664,,
memory-auto,public,retained_2,A/C,peak_rss_kib,20374.0,20372.0,-2.0,-0.009816432708353862,6,6,18704,20928,18496,20500,,
memory-auto,public,retained_2,A/R,rss_bytes,20783104.0,20480000.0,-303104.0,-1.4584154513204606,6,6,19103744,21069824,18747392,20615168,,
memory-auto,public,retained_2,C/R,rss_bytes,20711424.0,20480000.0,-231424.0,-1.1173736774448773,6,6,18800640,21094400,18747392,20615168,,
memory-auto,public,retained_2,A/C,rss_bytes,20783104.0,20711424.0,-71680.0,-0.3448955459203762,6,6,19103744,21069824,18800640,21094400,,
memory-auto,public,retained_2,A/R,total_alloc,63997944.0,42128540.0,-21869404.0,-34.17204152683405,6,6,63989600,64036176,42115848,42142720,,
memory-auto,public,retained_2,C/R,total_alloc,42119840.0,42128540.0,8700.0,0.020655349118126054,6,6,42113216,42128464,42115848,42142720,,
memory-auto,public,retained_2,A/C,total_alloc,63997944.0,42119840.0,-21878104.0,-34.1856357135473,6,6,63989600,64036176,42113216,42128464,,
memory-auto,public,runtime_released,A/R,allocation_bytes_delta,11112.0,11112.0,0.0,0.0,6,6,11112,11224,8288,16432,,
memory-auto,public,runtime_released,C/R,allocation_bytes_delta,11112.0,11112.0,0.0,0.0,6,6,8400,11224,8288,16432,,
memory-auto,public,runtime_released,A/C,allocation_bytes_delta,11112.0,11112.0,0.0,0.0,6,6,11112,11224,8400,11224,,
memory-auto,public,runtime_released,A/R,allocation_count_delta,102.0,102.0,0.0,0.0,6,6,102,103,88,108,,
memory-auto,public,runtime_released,C/R,allocation_count_delta,102.0,102.0,0.0,0.0,6,6,89,103,88,108,,
memory-auto,public,runtime_released,A/C,allocation_count_delta,102.0,102.0,0.0,0.0,6,6,102,103,89,103,,
memory-auto,public,runtime_released,A/R,code_bytes,0.0,0.0,0.0,,6,6,0,0,0,0,,
memory-auto,public,runtime_released,C/R,code_bytes,0.0,0.0,0.0,,6,6,0,0,0,0,,
memory-auto,public,runtime_released,A/C,code_bytes,0.0,0.0,0.0,,6,6,0,0,0,0,,
memory-auto,public,runtime_released,A/R,heap_alloc,307652.0,311552.0,3900.0,1.2676660642544135,6,6,301056,321584,302360,322424,,
memory-auto,public,runtime_released,C/R,heap_alloc,304116.0,311552.0,7436.0,2.4451196254061003,6,6,300096,315392,302360,322424,,
memory-auto,public,runtime_released,A/C,heap_alloc,307652.0,304116.0,-3536.0,-1.149350564924001,6,6,301056,321584,300096,315392,,
memory-auto,public,runtime_released,A/R,heap_inuse,901120.0,876544.0,-24576.0,-2.7272727272727226,6,6,868352,1064960,860160,909312,,
memory-auto,public,runtime_released,C/R,heap_inuse,913408.0,876544.0,-36864.0,-4.0358744394618835,6,6,860160,991232,860160,909312,,
memory-auto,public,runtime_released,A/C,heap_inuse,901120.0,913408.0,12288.0,1.3636363636363669,6,6,868352,1064960,860160,991232,,
memory-auto,public,runtime_released,A/R,heap_objects,888.0,893.0,5.0,0.5630630630630629,6,6,875,915,879,925,,
memory-auto,public,runtime_released,C/R,heap_objects,882.5,893.0,10.5,1.1898016997167193,6,6,869,900,879,925,,
memory-auto,public,runtime_released,A/C,heap_objects,888.0,882.5,-5.5,-0.6193693693693714,6,6,875,915,869,900,,
memory-auto,public,runtime_released,A/R,heap_released,5193728.0,5144576.0,-49152.0,-0.9463722397476393,6,6,4816896,9494528,4554752,9527296,,
memory-auto,public,runtime_released,C/R,heap_released,5226496.0,5144576.0,-81920.0,-1.5673981191222541,6,6,4800512,9355264,4554752,9527296,,
memory-auto,public,runtime_released,A/C,heap_released,5193728.0,5226496.0,32768.0,0.6309148264984188,6,6,4816896,9494528,4800512,9355264,,
memory-auto,public,runtime_released,A/R,mallocs,88715.0,87822.5,-892.5,-1.0060305472580744,6,6,88700,88737,87800,87849,,
memory-auto,public,runtime_released,C/R,mallocs,87811.0,87822.5,11.5,0.013096309118454386,6,6,87800,87834,87800,87849,,
memory-auto,public,runtime_released,A/C,mallocs,88715.0,87811.0,-904.0,-1.0189934058501993,6,6,88700,88737,87800,87834,,
memory-auto,public,runtime_released,A/R,modules,0.0,0.0,0.0,,6,6,0,0,0,0,,
memory-auto,public,runtime_released,C/R,modules,0.0,0.0,0.0,,6,6,0,0,0,0,,
memory-auto,public,runtime_released,A/C,modules,0.0,0.0,0.0,,6,6,0,0,0,0,,
memory-auto,public,runtime_released,A/R,native_Active,0.0,0.0,0.0,,6,6,0,0,0,0,,
memory-auto,public,runtime_released,C/R,native_Active,0.0,0.0,0.0,,6,6,0,0,0,0,,
memory-auto,public,runtime_released,A/C,native_Active,0.0,0.0,0.0,,6,6,0,0,0,0,,
memory-auto,public,runtime_released,A/R,native_Cached,0.0,0.0,0.0,,6,6,0,0,0,0,,
memory-auto,public,runtime_released,C/R,native_Cached,0.0,0.0,0.0,,6,6,0,0,0,0,,
memory-auto,public,runtime_released,A/C,native_Cached,0.0,0.0,0.0,,6,6,0,0,0,0,,
memory-auto,public,runtime_released,A/R,native_Capacity,4096.0,4096.0,0.0,0.0,6,6,4096,4096,4096,4096,,
memory-auto,public,runtime_released,C/R,native_Capacity,4096.0,4096.0,0.0,0.0,6,6,4096,4096,4096,4096,,
memory-auto,public,runtime_released,A/C,native_Capacity,4096.0,4096.0,0.0,0.0,6,6,4096,4096,4096,4096,,
memory-auto,public,runtime_released,A/R,native_PeakRegistered,0.0,0.0,0.0,,6,6,0,0,0,0,,
memory-auto,public,runtime_released,C/R,native_PeakRegistered,0.0,0.0,0.0,,6,6,0,0,0,0,,
memory-auto,public,runtime_released,A/C,native_PeakRegistered,0.0,0.0,0.0,,6,6,0,0,0,0,,
memory-auto,public,runtime_released,A/R,native_Registered,0.0,0.0,0.0,,6,6,0,0,0,0,,
memory-auto,public,runtime_released,C/R,native_Registered,0.0,0.0,0.0,,6,6,0,0,0,0,,
memory-auto,public,runtime_released,A/C,native_Registered,0.0,0.0,0.0,,6,6,0,0,0,0,,
memory-auto,public,runtime_released,A/R,native_ScanSpan,0.0,0.0,0.0,,6,6,0,0,0,0,,
memory-auto,public,runtime_released,C/R,native_ScanSpan,0.0,0.0,0.0,,6,6,0,0,0,0,,
memory-auto,public,runtime_released,A/C,native_ScanSpan,0.0,0.0,0.0,,6,6,0,0,0,0,,
memory-auto,public,runtime_released,A/R,native_Supported,1.0,1.0,0.0,0.0,6,6,True,True,True,True,,
memory-auto,public,runtime_released,C/R,native_Supported,1.0,1.0,0.0,0.0,6,6,True,True,True,True,,
memory-auto,public,runtime_released,A/C,native_Supported,1.0,1.0,0.0,0.0,6,6,True,True,True,True,,
memory-auto,public,runtime_released,A/R,peak_rss_kib,20374.0,20338.0,-36.0,-0.1766957887503695,6,6,18704,20928,18332,20664,,
memory-auto,public,runtime_released,C/R,peak_rss_kib,20372.0,20338.0,-34.0,-0.16689573924995038,6,6,18496,20500,18332,20664,,
memory-auto,public,runtime_released,A/C,peak_rss_kib,20374.0,20372.0,-2.0,-0.009816432708353862,6,6,18704,20928,18496,20500,,
memory-auto,public,runtime_released,A/R,rss_bytes,19083264.0,18794496.0,-288768.0,-1.5132002575660053,6,6,17129472,19435520,17276928,19238912,,
memory-auto,public,runtime_released,C/R,rss_bytes,18931712.0,18794496.0,-137216.0,-0.7247944612721713,6,6,17039360,19456000,17276928,19238912,,
memory-auto,public,runtime_released,A/C,rss_bytes,19083264.0,18931712.0,-151552.0,-0.7941618373041415,6,6,17129472,19435520,17039360,19456000,,
memory-auto,public,runtime_released,A/R,total_alloc,64025768.0,42157612.0,-21868156.0,-34.15524199569149,6,6,64017536,64064000,42142600,42175528,,
memory-auto,public,runtime_released,C/R,total_alloc,42150000.0,42157612.0,7612.0,0.018059311981022397,6,6,42141216,42153752,42142600,42175528,,
memory-auto,public,runtime_released,A/C,total_alloc,64025768.0,42150000.0,-21875768.0,-34.16713095889767,6,6,64017536,64064000,42141216,42153752,,
runtime,runtime,compile_release_270,A/R,allocation_bytes_delta,37785964.0,23675992.0,-14109972.0,-37.34183412655556,6,6,37785744,37786064,23675912,23676232,,
runtime,runtime,compile_release_270,C/R,allocation_bytes_delta,23674664.0,23675992.0,1328.0,0.0056093721118921636,6,6,23674664,23674824,23675912,23676232,,
runtime,runtime,compile_release_270,A/C,allocation_bytes_delta,37785964.0,23674664.0,-14111300.0,-37.34534865909468,6,6,37785744,37786064,23674664,23674824,,
runtime,runtime,compile_release_270,A/R,allocation_count_delta,55060.0,54628.5,-431.5,-0.7836905194333443,6,6,55057,55061,54628,54630,,
runtime,runtime,compile_release_270,C/R,allocation_count_delta,54629.0,54628.5,-0.5,-0.0009152647861054852,6,6,54629,54630,54628,54630,,
runtime,runtime,compile_release_270,A/C,allocation_count_delta,55060.0,54629.0,-431.0,-0.7827824191790733,6,6,55057,55061,54629,54630,,
runtime,runtime,compile_release_270,A/R,code_bytes,0.0,0.0,0.0,,6,6,0,0,0,0,,
runtime,runtime,compile_release_270,C/R,code_bytes,0.0,0.0,0.0,,6,6,0,0,0,0,,
runtime,runtime,compile_release_270,A/C,code_bytes,0.0,0.0,0.0,,6,6,0,0,0,0,,
runtime,runtime,compile_release_270,A/R,functions_per_batch,4128.0,4128.0,0.0,0.0,6,6,4128,4128,4128,4128,,
runtime,runtime,compile_release_270,C/R,functions_per_batch,4128.0,4128.0,0.0,0.0,6,6,4128,4128,4128,4128,,
runtime,runtime,compile_release_270,A/C,functions_per_batch,4128.0,4128.0,0.0,0.0,6,6,4128,4128,4128,4128,,
runtime,runtime,compile_release_270,A/R,heap_alloc,986488.0,1132944.0,146456.0,14.846201879799859,6,6,669264,1307648,1132448,1319696,,
runtime,runtime,compile_release_270,C/R,heap_alloc,1131456.0,1132944.0,1488.0,0.1315119633463535,6,6,993088,1317696,1132448,1319696,,
runtime,runtime,compile_release_270,A/C,heap_alloc,986488.0,1131456.0,144968.0,14.695363755058356,6,6,669264,1307648,993088,1317696,,
runtime,runtime,compile_release_270,A/R,heap_inuse,1589248.0,1777664.0,188416.0,11.855670103092786,6,6,1310720,1859584,1753088,1957888,,
runtime,runtime,compile_release_270,C/R,heap_inuse,1794048.0,1777664.0,-16384.0,-0.91324200913242,6,6,1671168,2007040,1753088,1957888,,
runtime,runtime,compile_release_270,A/C,heap_inuse,1589248.0,1794048.0,204800.0,12.886597938144329,6,6,1310720,1859584,1671168,2007040,,
runtime,runtime,compile_release_270,A/R,heap_objects,996.0,1090.0,94.0,9.437751004016071,6,6,825,1185,1086,1210,,
runtime,runtime,compile_release_270,C/R,heap_objects,1089.5,1090.0,0.5,0.045892611289577445,6,6,1017,1207,1086,1210,,
runtime,runtime,compile_release_270,A/C,heap_objects,996.0,1089.5,93.5,9.387550200803219,6,6,825,1185,1017,1207,,
runtime,runtime,compile_release_270,A/R,heap_released,5664768.0,3878912.0,-1785856.0,-31.525668835864064,6,6,3407872,7684096,3686400,8126464,,
runtime,runtime,compile_release_270,C/R,heap_released,3883008.0,3878912.0,-4096.0,-0.10548523206751481,6,6,3694592,8044544,3686400,8126464,,
runtime,runtime,compile_release_270,A/C,heap_released,5664768.0,3883008.0,-1781760.0,-31.45336225596529,6,6,3407872,7684096,3694592,8044544,,
runtime,runtime,compile_release_270,A/R,instances,0.0,0.0,0.0,,6,6,0,0,0,0,,
runtime,runtime,compile_release_270,C/R,instances,0.0,0.0,0.0,,6,6,0,0,0,0,,
runtime,runtime,compile_release_270,A/C,instances,0.0,0.0,0.0,,6,6,0,0,0,0,,
runtime,runtime,compile_release_270,A/R,mallocs,60042.5,59613.0,-429.5,-0.7153266436274341,6,6,60041,60046,59611,59617,,
runtime,runtime,compile_release_270,C/R,mallocs,59614.0,59613.0,-1.0,-0.001677458315163527,6,6,59613,59617,59611,59617,,
runtime,runtime,compile_release_270,A/C,mallocs,60042.5,59614.0,-428.5,-0.7136611566806894,6,6,60041,60046,59613,59617,,
runtime,runtime,compile_release_270,A/R,modules,0.0,0.0,0.0,,6,6,0,0,0,0,,
runtime,runtime,compile_release_270,C/R,modules,0.0,0.0,0.0,,6,6,0,0,0,0,,
runtime,runtime,compile_release_270,A/C,modules,0.0,0.0,0.0,,6,6,0,0,0,0,,
runtime,runtime,compile_release_270,A/R,native_Active,0.0,0.0,0.0,,6,6,0,0,0,0,,
runtime,runtime,compile_release_270,C/R,native_Active,0.0,0.0,0.0,,6,6,0,0,0,0,,
runtime,runtime,compile_release_270,A/C,native_Active,0.0,0.0,0.0,,6,6,0,0,0,0,,
runtime,runtime,compile_release_270,A/R,native_Cached,0.0,0.0,0.0,,6,6,0,0,0,0,,
runtime,runtime,compile_release_270,C/R,native_Cached,0.0,0.0,0.0,,6,6,0,0,0,0,,
runtime,runtime,compile_release_270,A/C,native_Cached,0.0,0.0,0.0,,6,6,0,0,0,0,,
runtime,runtime,compile_release_270,A/R,native_Capacity,4096.0,4096.0,0.0,0.0,6,6,4096,4096,4096,4096,,
runtime,runtime,compile_release_270,C/R,native_Capacity,4096.0,4096.0,0.0,0.0,6,6,4096,4096,4096,4096,,
runtime,runtime,compile_release_270,A/C,native_Capacity,4096.0,4096.0,0.0,0.0,6,6,4096,4096,4096,4096,,
runtime,runtime,compile_release_270,A/R,native_PeakRegistered,0.0,0.0,0.0,,6,6,0,0,0,0,,
runtime,runtime,compile_release_270,C/R,native_PeakRegistered,0.0,0.0,0.0,,6,6,0,0,0,0,,
runtime,runtime,compile_release_270,A/C,native_PeakRegistered,0.0,0.0,0.0,,6,6,0,0,0,0,,
runtime,runtime,compile_release_270,A/R,native_Registered,0.0,0.0,0.0,,6,6,0,0,0,0,,
runtime,runtime,compile_release_270,C/R,native_Registered,0.0,0.0,0.0,,6,6,0,0,0,0,,
runtime,runtime,compile_release_270,A/C,native_Registered,0.0,0.0,0.0,,6,6,0,0,0,0,,
runtime,runtime,compile_release_270,A/R,native_ScanSpan,0.0,0.0,0.0,,6,6,0,0,0,0,,
runtime,runtime,compile_release_270,C/R,native_ScanSpan,0.0,0.0,0.0,,6,6,0,0,0,0,,
runtime,runtime,compile_release_270,A/C,native_ScanSpan,0.0,0.0,0.0,,6,6,0,0,0,0,,
runtime,runtime,compile_release_270,A/R,native_Supported,1.0,1.0,0.0,0.0,6,6,True,True,True,True,,
runtime,runtime,compile_release_270,C/R,native_Supported,1.0,1.0,0.0,0.0,6,6,True,True,True,True,,
runtime,runtime,compile_release_270,A/C,native_Supported,1.0,1.0,0.0,0.0,6,6,True,True,True,True,,
runtime,runtime,compile_release_270,A/R,peak_rss_kib,16268.0,15318.0,-950.0,-5.839685271699047,6,6,14940,17032,14844,16956,,
runtime,runtime,compile_release_270,C/R,peak_rss_kib,14844.0,15318.0,474.0,3.1932093775262738,6,6,14820,16928,14844,16956,,
runtime,runtime,compile_release_270,A/C,peak_rss_kib,16268.0,14844.0,-1424.0,-8.753380870420457,6,6,14940,17032,14820,16928,,
runtime,runtime,compile_release_270,A/R,rss_bytes,16199680.0,14923776.0,-1275904.0,-7.876106194690269,6,6,14979072,17530880,14671872,16723968,,
runtime,runtime,compile_release_270,C/R,rss_bytes,14721024.0,14923776.0,202752.0,1.3772954924874847,6,6,14495744,16732160,14671872,16723968,,
runtime,runtime,compile_release_270,A/C,rss_bytes,16199680.0,14721024.0,-1478656.0,-9.127686472819219,6,6,14979072,17530880,14495744,16732160,,
runtime,runtime,compile_release_270,A/R,total_alloc,38110796.0,24000832.0,-14109964.0,-37.023535273312056,6,6,38110304,38111104,24000512,24001472,,
runtime,runtime,compile_release_270,C/R,total_alloc,23999528.0,24000832.0,1304.0,0.005433440190993899,6,6,23999424,24000064,24000512,24001472,,
runtime,runtime,compile_release_270,A/C,total_alloc,38110796.0,23999528.0,-14111268.0,-37.026956875946645,6,6,38110304,38111104,23999424,24000064,,
runtime,runtime,initial,A/R,code_bytes,0.0,0.0,0.0,,6,6,0,0,0,0,,
runtime,runtime,initial,C/R,code_bytes,0.0,0.0,0.0,,6,6,0,0,0,0,,
runtime,runtime,initial,A/C,code_bytes,0.0,0.0,0.0,,6,6,0,0,0,0,,
runtime,runtime,initial,A/R,functions_per_batch,4128.0,4128.0,0.0,0.0,6,6,4128,4128,4128,4128,,
runtime,runtime,initial,C/R,functions_per_batch,4128.0,4128.0,0.0,0.0,6,6,4128,4128,4128,4128,,
runtime,runtime,initial,A/C,functions_per_batch,4128.0,4128.0,0.0,0.0,6,6,4128,4128,4128,4128,,
runtime,runtime,initial,A/R,heap_alloc,120240.0,120256.0,16.0,0.013306719893546592,6,6,119840,120640,119856,120816,,
runtime,runtime,initial,C/R,heap_alloc,120280.0,120256.0,-24.0,-0.019953441968734165,6,6,120016,120816,119856,120816,,
runtime,runtime,initial,A/C,heap_alloc,120240.0,120280.0,40.0,0.03326679973385538,6,6,119840,120640,120016,120816,,
runtime,runtime,initial,A/R,heap_inuse,499712.0,499712.0,0.0,0.0,6,6,499712,499712,499712,499712,,
runtime,runtime,initial,C/R,heap_inuse,499712.0,499712.0,0.0,0.0,6,6,499712,499712,499712,499712,,
runtime,runtime,initial,A/C,heap_inuse,499712.0,499712.0,0.0,0.0,6,6,499712,499712,499712,499712,,
runtime,runtime,initial,A/R,heap_objects,434.5,435.5,1.0,0.23014959723819395,6,6,432,437,433,439,,
runtime,runtime,initial,C/R,heap_objects,436.0,435.5,-0.5,-0.11467889908256534,6,6,434,439,433,439,,
runtime,runtime,initial,A/C,heap_objects,434.5,436.0,1.5,0.3452243958573131,6,6,432,437,434,439,,
runtime,runtime,initial,A/R,heap_released,5021696.0,2924544.0,-2097152.0,-41.76182707993475,6,6,2924544,7118848,2924544,7118848,,
runtime,runtime,initial,C/R,heap_released,2924544.0,2924544.0,0.0,0.0,6,6,2924544,7118848,2924544,7118848,,
runtime,runtime,initial,A/C,heap_released,5021696.0,2924544.0,-2097152.0,-41.76182707993475,6,6,2924544,7118848,2924544,7118848,,
runtime,runtime,initial,A/R,instances,0.0,0.0,0.0,,6,6,0,0,0,0,,
runtime,runtime,initial,C/R,instances,0.0,0.0,0.0,,6,6,0,0,0,0,,
runtime,runtime,initial,A/C,instances,0.0,0.0,0.0,,6,6,0,0,0,0,,
runtime,runtime,initial,A/R,mallocs,4983.5,4984.5,1.0,0.02006621852110868,6,6,4981,4986,4982,4988,,
runtime,runtime,initial,C/R,mallocs,4985.0,4984.5,-0.5,-0.010030090270807257,6,6,4983,4988,4982,4988,,
runtime,runtime,initial,A/C,mallocs,4983.5,4985.0,1.5,0.030099327781685226,6,6,4981,4986,4983,4988,,
runtime,runtime,initial,A/R,modules,0.0,0.0,0.0,,6,6,0,0,0,0,,
runtime,runtime,initial,C/R,modules,0.0,0.0,0.0,,6,6,0,0,0,0,,
runtime,runtime,initial,A/C,modules,0.0,0.0,0.0,,6,6,0,0,0,0,,
runtime,runtime,initial,A/R,native_Active,0.0,0.0,0.0,,6,6,0,0,0,0,,
runtime,runtime,initial,C/R,native_Active,0.0,0.0,0.0,,6,6,0,0,0,0,,
runtime,runtime,initial,A/C,native_Active,0.0,0.0,0.0,,6,6,0,0,0,0,,
runtime,runtime,initial,A/R,native_Cached,0.0,0.0,0.0,,6,6,0,0,0,0,,
runtime,runtime,initial,C/R,native_Cached,0.0,0.0,0.0,,6,6,0,0,0,0,,
runtime,runtime,initial,A/C,native_Cached,0.0,0.0,0.0,,6,6,0,0,0,0,,
runtime,runtime,initial,A/R,native_Capacity,4096.0,4096.0,0.0,0.0,6,6,4096,4096,4096,4096,,
runtime,runtime,initial,C/R,native_Capacity,4096.0,4096.0,0.0,0.0,6,6,4096,4096,4096,4096,,
runtime,runtime,initial,A/C,native_Capacity,4096.0,4096.0,0.0,0.0,6,6,4096,4096,4096,4096,,
runtime,runtime,initial,A/R,native_PeakRegistered,0.0,0.0,0.0,,6,6,0,0,0,0,,
runtime,runtime,initial,C/R,native_PeakRegistered,0.0,0.0,0.0,,6,6,0,0,0,0,,
runtime,runtime,initial,A/C,native_PeakRegistered,0.0,0.0,0.0,,6,6,0,0,0,0,,
runtime,runtime,initial,A/R,native_Registered,0.0,0.0,0.0,,6,6,0,0,0,0,,
runtime,runtime,initial,C/R,native_Registered,0.0,0.0,0.0,,6,6,0,0,0,0,,
runtime,runtime,initial,A/C,native_Registered,0.0,0.0,0.0,,6,6,0,0,0,0,,
runtime,runtime,initial,A/R,native_ScanSpan,0.0,0.0,0.0,,6,6,0,0,0,0,,
runtime,runtime,initial,C/R,native_ScanSpan,0.0,0.0,0.0,,6,6,0,0,0,0,,
runtime,runtime,initial,A/C,native_ScanSpan,0.0,0.0,0.0,,6,6,0,0,0,0,,
runtime,runtime,initial,A/R,native_Supported,1.0,1.0,0.0,0.0,6,6,True,True,True,True,,
runtime,runtime,initial,C/R,native_Supported,1.0,1.0,0.0,0.0,6,6,True,True,True,True,,
runtime,runtime,initial,A/C,native_Supported,1.0,1.0,0.0,0.0,6,6,True,True,True,True,,
runtime,runtime,initial,A/R,peak_rss_kib,13728.0,13720.0,-8.0,-0.05827505827505908,6,6,13480,13804,13640,13796,,
runtime,runtime,initial,C/R,peak_rss_kib,13736.0,13720.0,-16.0,-0.11648223645893685,6,6,13456,13868,13640,13796,,
runtime,runtime,initial,A/C,peak_rss_kib,13728.0,13736.0,8.0,0.058275058275047975,6,6,13480,13804,13456,13868,,
runtime,runtime,initial,A/R,rss_bytes,9160704.0,9472000.0,311296.0,3.3981667784484637,6,6,7061504,9166848,7376896,9478144,,
runtime,runtime,initial,C/R,rss_bytes,9539584.0,9472000.0,-67584.0,-0.70845856590811,6,6,7442432,9543680,7376896,9478144,,
runtime,runtime,initial,A/C,rss_bytes,9160704.0,9539584.0,378880.0,4.135926671137935,6,6,7061504,9166848,7442432,9543680,,
runtime,runtime,initial,A/R,total_alloc,324824.0,324840.0,16.0,0.004925744403116994,6,6,324424,325224,324440,325400,,
runtime,runtime,initial,C/R,total_alloc,324864.0,324840.0,-24.0,-0.0073877068557881564,6,6,324600,325400,324440,325400,,
runtime,runtime,initial,A/C,total_alloc,324824.0,324864.0,40.0,0.01231436100781469,6,6,324424,325224,324600,325400,,
runtime,runtime,released_0,A/R,allocation_bytes_delta,24304.0,24304.0,0.0,0.0,6,6,24304,24304,24304,24304,,
runtime,runtime,released_0,C/R,allocation_bytes_delta,24304.0,24304.0,0.0,0.0,6,6,24304,24304,24304,24304,,
runtime,runtime,released_0,A/C,allocation_bytes_delta,24304.0,24304.0,0.0,0.0,6,6,24304,24304,24304,24304,,
runtime,runtime,released_0,A/R,allocation_count_delta,339.0,339.0,0.0,0.0,6,6,339,339,339,339,,
runtime,runtime,released_0,C/R,allocation_count_delta,339.0,339.0,0.0,0.0,6,6,339,339,339,339,,
runtime,runtime,released_0,A/C,allocation_count_delta,339.0,339.0,0.0,0.0,6,6,339,339,339,339,,
runtime,runtime,released_0,A/R,code_bytes,0.0,0.0,0.0,,6,6,0,0,0,0,,
runtime,runtime,released_0,C/R,code_bytes,0.0,0.0,0.0,,6,6,0,0,0,0,,
runtime,runtime,released_0,A/C,code_bytes,0.0,0.0,0.0,,6,6,0,0,0,0,,
runtime,runtime,released_0,A/R,functions_per_batch,4128.0,4128.0,0.0,0.0,6,6,4128,4128,4128,4128,,
runtime,runtime,released_0,C/R,functions_per_batch,4128.0,4128.0,0.0,0.0,6,6,4128,4128,4128,4128,,
runtime,runtime,released_0,A/C,functions_per_batch,4128.0,4128.0,0.0,0.0,6,6,4128,4128,4128,4128,,
runtime,runtime,released_0,A/R,heap_alloc,1081424.0,1082608.0,1184.0,0.1094852712719474,6,6,1080848,1081664,1082288,1083248,,
runtime,runtime,released_0,C/R,heap_alloc,1081304.0,1082608.0,1304.0,0.12059513328350757,6,6,1081200,1081840,1082288,1083248,,
runtime,runtime,released_0,A/C,heap_alloc,1081424.0,1081304.0,-120.0,-0.011096480196481906,6,6,1080848,1081664,1081200,1081840,,
runtime,runtime,released_0,A/R,heap_inuse,1699840.0,1744896.0,45056.0,2.650602409638547,6,6,1679360,1720320,1728512,1802240,,
runtime,runtime,released_0,C/R,heap_inuse,1769472.0,1744896.0,-24576.0,-1.388888888888884,6,6,1736704,1810432,1728512,1802240,,
runtime,runtime,released_0,A/C,heap_inuse,1699840.0,1769472.0,69632.0,4.096385542168668,6,6,1679360,1720320,1736704,1810432,,
runtime,runtime,released_0,A/R,heap_objects,1404.0,1395.0,-9.0,-0.6410256410256387,6,6,1400,1407,1393,1399,,
runtime,runtime,released_0,C/R,heap_objects,1396.0,1395.0,-1.0,-0.07163323782235498,6,6,1395,1399,1393,1399,,
runtime,runtime,released_0,A/C,heap_objects,1404.0,1396.0,-8.0,-0.5698005698005715,6,6,1400,1407,1395,1399,,
runtime,runtime,released_0,A/R,heap_released,7319552.0,4878336.0,-2441216.0,-33.35198656966983,6,6,4784128,9535488,4800512,9175040,,
runtime,runtime,released_0,C/R,heap_released,4849664.0,4878336.0,28672.0,0.591216216216206,6,6,4743168,8986624,4800512,9175040,,
runtime,runtime,released_0,A/C,heap_released,7319552.0,4849664.0,-2469888.0,-33.74370453273643,6,6,4784128,9535488,4743168,8986624,,
runtime,runtime,released_0,A/R,instances,0.0,0.0,0.0,,6,6,0,0,0,0,,
runtime,runtime,released_0,C/R,instances,0.0,0.0,0.0,,6,6,0,0,0,0,,
runtime,runtime,released_0,A/C,instances,0.0,0.0,0.0,,6,6,0,0,0,0,,
runtime,runtime,released_0,A/R,mallocs,68352.5,67865.0,-487.5,-0.7132145861526662,6,6,68351,68355,67863,67869,,
runtime,runtime,released_0,C/R,mallocs,67866.0,67865.0,-1.0,-0.0014734918810543896,6,6,67865,67869,67863,67869,,
runtime,runtime,released_0,A/C,mallocs,68352.5,67866.0,-486.5,-0.7117515818733766,6,6,68351,68355,67865,67869,,
runtime,runtime,released_0,A/R,modules,0.0,0.0,0.0,,6,6,0,0,0,0,,
runtime,runtime,released_0,C/R,modules,0.0,0.0,0.0,,6,6,0,0,0,0,,
runtime,runtime,released_0,A/C,modules,0.0,0.0,0.0,,6,6,0,0,0,0,,
runtime,runtime,released_0,A/R,native_Active,0.0,0.0,0.0,,6,6,0,0,0,0,,
runtime,runtime,released_0,C/R,native_Active,0.0,0.0,0.0,,6,6,0,0,0,0,,
runtime,runtime,released_0,A/C,native_Active,0.0,0.0,0.0,,6,6,0,0,0,0,,
runtime,runtime,released_0,A/R,native_Cached,1.0,1.0,0.0,0.0,6,6,1,1,1,1,,
runtime,runtime,released_0,C/R,native_Cached,1.0,1.0,0.0,0.0,6,6,1,1,1,1,,
runtime,runtime,released_0,A/C,native_Cached,1.0,1.0,0.0,0.0,6,6,1,1,1,1,,
runtime,runtime,released_0,A/R,native_Capacity,4096.0,4096.0,0.0,0.0,6,6,4096,4096,4096,4096,,
runtime,runtime,released_0,C/R,native_Capacity,4096.0,4096.0,0.0,0.0,6,6,4096,4096,4096,4096,,
runtime,runtime,released_0,A/C,native_Capacity,4096.0,4096.0,0.0,0.0,6,6,4096,4096,4096,4096,,
runtime,runtime,released_0,A/R,native_PeakRegistered,36.0,36.0,0.0,0.0,6,6,36,36,36,36,,
runtime,runtime,released_0,C/R,native_PeakRegistered,36.0,36.0,0.0,0.0,6,6,36,36,36,36,,
runtime,runtime,released_0,A/C,native_PeakRegistered,36.0,36.0,0.0,0.0,6,6,36,36,36,36,,
runtime,runtime,released_0,A/R,native_Registered,1.0,1.0,0.0,0.0,6,6,1,1,1,1,,
runtime,runtime,released_0,C/R,native_Registered,1.0,1.0,0.0,0.0,6,6,1,1,1,1,,
runtime,runtime,released_0,A/C,native_Registered,1.0,1.0,0.0,0.0,6,6,1,1,1,1,,
runtime,runtime,released_0,A/R,native_ScanSpan,1.0,1.0,0.0,0.0,6,6,1,1,1,1,,
runtime,runtime,released_0,C/R,native_ScanSpan,1.0,1.0,0.0,0.0,6,6,1,1,1,1,,
runtime,runtime,released_0,A/C,native_ScanSpan,1.0,1.0,0.0,0.0,6,6,1,1,1,1,,
runtime,runtime,released_0,A/R,native_Supported,1.0,1.0,0.0,0.0,6,6,True,True,True,True,,
runtime,runtime,released_0,C/R,native_Supported,1.0,1.0,0.0,0.0,6,6,True,True,True,True,,
runtime,runtime,released_0,A/C,native_Supported,1.0,1.0,0.0,0.0,6,6,True,True,True,True,,
runtime,runtime,released_0,A/R,peak_rss_kib,90508.0,89246.0,-1262.0,-1.394351880496747,6,6,89292,91780,88436,90940,,
runtime,runtime,released_0,C/R,peak_rss_kib,88736.0,89246.0,510.0,0.5747385503065194,6,6,88560,90884,88436,90940,,
runtime,runtime,released_0,A/C,peak_rss_kib,90508.0,88736.0,-1772.0,-1.9578379811729385,6,6,89292,91780,88560,90884,,
runtime,runtime,released_0,A/R,rss_bytes,15577088.0,14747648.0,-829440.0,-5.324743623455164,6,6,14417920,16683008,14323712,16482304,,
runtime,runtime,released_0,C/R,rss_bytes,14505984.0,14747648.0,241664.0,1.6659607510941754,6,6,14344192,16551936,14323712,16482304,,
runtime,runtime,released_0,A/C,rss_bytes,15577088.0,14505984.0,-1071104.0,-6.876150407572967,6,6,14417920,16683008,14344192,16551936,,
runtime,runtime,released_0,A/R,total_alloc,43312252.0,27320760.0,-15991492.0,-36.921405056472246,6,6,43311760,43312528,27320440,27321400,,
runtime,runtime,released_0,C/R,total_alloc,27319456.0,27320760.0,1304.0,0.004773155073078961,6,6,27319352,27319992,27320440,27321400,,
runtime,runtime,released_0,A/C,total_alloc,43312252.0,27319456.0,-15992796.0,-36.92441575192164,6,6,43311760,43312528,27319352,27319992,,
runtime,runtime,released_1,A/R,allocation_bytes_delta,23984.0,23984.0,0.0,0.0,6,6,23984,23984,23984,23984,,
runtime,runtime,released_1,C/R,allocation_bytes_delta,23984.0,23984.0,0.0,0.0,6,6,23984,23984,23984,23984,,
runtime,runtime,released_1,A/C,allocation_bytes_delta,23984.0,23984.0,0.0,0.0,6,6,23984,23984,23984,23984,,
runtime,runtime,released_1,A/R,allocation_count_delta,337.0,337.0,0.0,0.0,6,6,337,337,337,337,,
runtime,runtime,released_1,C/R,allocation_count_delta,337.0,337.0,0.0,0.0,6,6,337,337,337,337,,
runtime,runtime,released_1,A/C,allocation_count_delta,337.0,337.0,0.0,0.0,6,6,337,337,337,337,,
runtime,runtime,released_1,A/R,code_bytes,0.0,0.0,0.0,,6,6,0,0,0,0,,
runtime,runtime,released_1,C/R,code_bytes,0.0,0.0,0.0,,6,6,0,0,0,0,,
runtime,runtime,released_1,A/C,code_bytes,0.0,0.0,0.0,,6,6,0,0,0,0,,
runtime,runtime,released_1,A/R,functions_per_batch,4128.0,4128.0,0.0,0.0,6,6,4128,4128,4128,4128,,
runtime,runtime,released_1,C/R,functions_per_batch,4128.0,4128.0,0.0,0.0,6,6,4128,4128,4128,4128,,
runtime,runtime,released_1,A/C,functions_per_batch,4128.0,4128.0,0.0,0.0,6,6,4128,4128,4128,4128,,
runtime,runtime,released_1,A/R,heap_alloc,1081408.0,1082616.0,1208.0,0.11170622003906505,6,6,1080848,1081632,1082304,1083248,,
runtime,runtime,released_1,C/R,heap_alloc,1081304.0,1082616.0,1312.0,0.12133498072697257,6,6,1081200,1081840,1082304,1083248,,
runtime,runtime,released_1,A/C,heap_alloc,1081408.0,1081304.0,-104.0,-0.009617091791447319,6,6,1080848,1081632,1081200,1081840,,
runtime,runtime,released_1,A/R,heap_inuse,1785856.0,1785856.0,0.0,0.0,6,6,1728512,1785856,1777664,1794048,,
runtime,runtime,released_1,C/R,heap_inuse,1794048.0,1785856.0,-8192.0,-0.45662100456621557,6,6,1777664,1810432,1777664,1794048,,
runtime,runtime,released_1,A/C,heap_inuse,1785856.0,1794048.0,8192.0,0.4587155963302836,6,6,1728512,1785856,1777664,1810432,,
runtime,runtime,released_1,A/R,heap_objects,1403.5,1395.5,-8.0,-0.5700035625222699,6,6,1400,1405,1394,1399,,
runtime,runtime,released_1,C/R,heap_objects,1396.0,1395.5,-0.5,-0.03581661891117749,6,6,1395,1399,1394,1399,,
runtime,runtime,released_1,A/C,heap_objects,1403.5,1396.0,-7.5,-0.5343783398646273,6,6,1400,1405,1395,1399,,
runtime,runtime,released_1,A/R,heap_released,7331840.0,4849664.0,-2482176.0,-33.85474860335196,6,6,5070848,9388032,4775936,9019392,,
runtime,runtime,released_1,C/R,heap_released,4829184.0,4849664.0,20480.0,0.4240882103477617,6,6,4792320,9027584,4775936,9019392,,
runtime,runtime,released_1,A/C,heap_released,7331840.0,4829184.0,-2502656.0,-34.1340782122905,6,6,5070848,9388032,4792320,9027584,,
runtime,runtime,released_1,A/R,instances,0.0,0.0,0.0,,6,6,0,0,0,0,,
runtime,runtime,released_1,C/R,instances,0.0,0.0,0.0,,6,6,0,0,0,0,,
runtime,runtime,released_1,A/C,instances,0.0,0.0,0.0,,6,6,0,0,0,0,,
runtime,runtime,released_1,A/R,mallocs,76606.5,76061.0,-545.5,-0.7120805675758568,6,6,76605,76609,76059,76065,,
runtime,runtime,released_1,C/R,mallocs,76062.0,76061.0,-1.0,-0.001314716941447358,6,6,76061,76065,76059,76065,,
runtime,runtime,released_1,A/C,mallocs,76606.5,76062.0,-544.5,-0.7107751953163266,6,6,76605,76609,76061,76065,,
runtime,runtime,released_1,A/R,modules,0.0,0.0,0.0,,6,6,0,0,0,0,,
runtime,runtime,released_1,C/R,modules,0.0,0.0,0.0,,6,6,0,0,0,0,,
runtime,runtime,released_1,A/C,modules,0.0,0.0,0.0,,6,6,0,0,0,0,,
runtime,runtime,released_1,A/R,native_Active,0.0,0.0,0.0,,6,6,0,0,0,0,,
runtime,runtime,released_1,C/R,native_Active,0.0,0.0,0.0,,6,6,0,0,0,0,,
runtime,runtime,released_1,A/C,native_Active,0.0,0.0,0.0,,6,6,0,0,0,0,,
runtime,runtime,released_1,A/R,native_Cached,1.0,1.0,0.0,0.0,6,6,1,1,1,1,,
runtime,runtime,released_1,C/R,native_Cached,1.0,1.0,0.0,0.0,6,6,1,1,1,1,,
runtime,runtime,released_1,A/C,native_Cached,1.0,1.0,0.0,0.0,6,6,1,1,1,1,,
runtime,runtime,released_1,A/R,native_Capacity,4096.0,4096.0,0.0,0.0,6,6,4096,4096,4096,4096,,
runtime,runtime,released_1,C/R,native_Capacity,4096.0,4096.0,0.0,0.0,6,6,4096,4096,4096,4096,,
runtime,runtime,released_1,A/C,native_Capacity,4096.0,4096.0,0.0,0.0,6,6,4096,4096,4096,4096,,
runtime,runtime,released_1,A/R,native_PeakRegistered,36.0,36.0,0.0,0.0,6,6,36,36,36,36,,
runtime,runtime,released_1,C/R,native_PeakRegistered,36.0,36.0,0.0,0.0,6,6,36,36,36,36,,
runtime,runtime,released_1,A/C,native_PeakRegistered,36.0,36.0,0.0,0.0,6,6,36,36,36,36,,
runtime,runtime,released_1,A/R,native_Registered,1.0,1.0,0.0,0.0,6,6,1,1,1,1,,
runtime,runtime,released_1,C/R,native_Registered,1.0,1.0,0.0,0.0,6,6,1,1,1,1,,
runtime,runtime,released_1,A/C,native_Registered,1.0,1.0,0.0,0.0,6,6,1,1,1,1,,
runtime,runtime,released_1,A/R,native_ScanSpan,1.0,1.0,0.0,0.0,6,6,1,1,1,1,,
runtime,runtime,released_1,C/R,native_ScanSpan,1.0,1.0,0.0,0.0,6,6,1,1,1,1,,
runtime,runtime,released_1,A/C,native_ScanSpan,1.0,1.0,0.0,0.0,6,6,1,1,1,1,,
runtime,runtime,released_1,A/R,native_Supported,1.0,1.0,0.0,0.0,6,6,True,True,True,True,,
runtime,runtime,released_1,C/R,native_Supported,1.0,1.0,0.0,0.0,6,6,True,True,True,True,,
runtime,runtime,released_1,A/C,native_Supported,1.0,1.0,0.0,0.0,6,6,True,True,True,True,,
runtime,runtime,released_1,A/R,peak_rss_kib,90508.0,89246.0,-1262.0,-1.394351880496747,6,6,89292,91780,88436,90940,,
runtime,runtime,released_1,C/R,peak_rss_kib,88736.0,89246.0,510.0,0.5747385503065194,6,6,88560,90884,88436,90940,,
runtime,runtime,released_1,A/C,peak_rss_kib,90508.0,88736.0,-1772.0,-1.9578379811729385,6,6,89292,91780,88560,90884,,
runtime,runtime,released_1,A/R,rss_bytes,15644672.0,14753792.0,-890880.0,-5.694462625998165,6,6,14376960,16777216,14319616,16539648,,
runtime,runtime,released_1,C/R,rss_bytes,14481408.0,14753792.0,272384.0,1.8809220760854117,6,6,14360576,16474112,14319616,16539648,,
runtime,runtime,released_1,A/C,rss_bytes,15644672.0,14481408.0,-1163264.0,-7.435528210498754,6,6,14376960,16777216,14360576,16474112,,
runtime,runtime,released_1,A/R,total_alloc,48482028.0,30609008.0,-17873020.0,-36.865248293656364,6,6,48481536,48482304,30608688,30609648,,
runtime,runtime,released_1,C/R,total_alloc,30607704.0,30609008.0,1304.0,0.004260365298880409,6,6,30607600,30608240,30608688,30609648,,
runtime,runtime,released_1,A/C,total_alloc,48482028.0,30607704.0,-17874324.0,-36.8679379501204,6,6,48481536,48482304,30607600,30608240,,
runtime,runtime,released_2,A/R,allocation_bytes_delta,23984.0,23984.0,0.0,0.0,6,6,23984,23984,23984,23984,,
runtime,runtime,released_2,C/R,allocation_bytes_delta,23984.0,23984.0,0.0,0.0,6,6,23984,23984,23984,23984,,
runtime,runtime,released_2,A/C,allocation_bytes_delta,23984.0,23984.0,0.0,0.0,6,6,23984,23984,23984,23984,,
runtime,runtime,released_2,A/R,allocation_count_delta,337.0,337.0,0.0,0.0,6,6,337,337,337,337,,
runtime,runtime,released_2,C/R,allocation_count_delta,337.0,337.0,0.0,0.0,6,6,337,337,337,337,,
runtime,runtime,released_2,A/C,allocation_count_delta,337.0,337.0,0.0,0.0,6,6,337,337,337,337,,
runtime,runtime,released_2,A/R,code_bytes,0.0,0.0,0.0,,6,6,0,0,0,0,,
runtime,runtime,released_2,C/R,code_bytes,0.0,0.0,0.0,,6,6,0,0,0,0,,
runtime,runtime,released_2,A/C,code_bytes,0.0,0.0,0.0,,6,6,0,0,0,0,,
runtime,runtime,released_2,A/R,functions_per_batch,4128.0,4128.0,0.0,0.0,6,6,4128,4128,4128,4128,,
runtime,runtime,released_2,C/R,functions_per_batch,4128.0,4128.0,0.0,0.0,6,6,4128,4128,4128,4128,,
runtime,runtime,released_2,A/C,functions_per_batch,4128.0,4128.0,0.0,0.0,6,6,4128,4128,4128,4128,,
runtime,runtime,released_2,A/R,heap_alloc,1081408.0,1082608.0,1200.0,0.11096644374741782,6,6,1080832,1081632,1082288,1083264,,
runtime,runtime,released_2,C/R,heap_alloc,1081304.0,1082608.0,1304.0,0.12059513328350757,6,6,1081200,1081840,1082288,1083264,,
runtime,runtime,released_2,A/C,heap_alloc,1081408.0,1081304.0,-104.0,-0.009617091791447319,6,6,1080832,1081632,1081200,1081840,,
runtime,runtime,released_2,A/R,heap_inuse,1720320.0,1851392.0,131072.0,7.619047619047614,6,6,1720320,1777664,1818624,1859584,,
runtime,runtime,released_2,C/R,heap_inuse,1859584.0,1851392.0,-8192.0,-0.4405286343612369,6,6,1818624,1875968,1818624,1859584,,
runtime,runtime,released_2,A/C,heap_inuse,1720320.0,1859584.0,139264.0,8.095238095238088,6,6,1720320,1777664,1818624,1875968,,
runtime,runtime,released_2,A/R,heap_objects,1403.5,1395.0,-8.5,-0.6056287851799125,6,6,1399,1405,1393,1400,,
runtime,runtime,released_2,C/R,heap_objects,1396.0,1395.0,-1.0,-0.07163323782235498,6,6,1395,1399,1393,1400,,
runtime,runtime,released_2,A/C,heap_objects,1403.5,1396.0,-7.5,-0.5343783398646273,6,6,1399,1405,1395,1399,,
runtime,runtime,released_2,A/R,heap_released,7360512.0,4796416.0,-2564096.0,-34.83583750695603,6,6,5160960,9584640,4718592,8945664,,
runtime,runtime,released_2,C/R,heap_released,4788224.0,4796416.0,8192.0,0.17108639863130382,6,6,4743168,8962048,4718592,8945664,,
runtime,runtime,released_2,A/C,heap_released,7360512.0,4788224.0,-2572288.0,-34.94713411240957,6,6,5160960,9584640,4743168,8962048,,
runtime,runtime,released_2,A/R,instances,0.0,0.0,0.0,,6,6,0,0,0,0,,
runtime,runtime,released_2,C/R,instances,0.0,0.0,0.0,,6,6,0,0,0,0,,
runtime,runtime,released_2,A/C,instances,0.0,0.0,0.0,,6,6,0,0,0,0,,
runtime,runtime,released_2,A/R,mallocs,84860.5,84257.0,-603.5,-0.7111671507945339,6,6,84859,84863,84255,84261,,
runtime,runtime,released_2,C/R,mallocs,84258.0,84257.0,-1.0,-0.001186830924071458,6,6,84257,84261,84255,84261,,
runtime,runtime,released_2,A/C,mallocs,84860.5,84258.0,-602.5,-0.7099887462364673,6,6,84859,84863,84257,84261,,
runtime,runtime,released_2,A/R,modules,0.0,0.0,0.0,,6,6,0,0,0,0,,
runtime,runtime,released_2,C/R,modules,0.0,0.0,0.0,,6,6,0,0,0,0,,
runtime,runtime,released_2,A/C,modules,0.0,0.0,0.0,,6,6,0,0,0,0,,
runtime,runtime,released_2,A/R,native_Active,0.0,0.0,0.0,,6,6,0,0,0,0,,
runtime,runtime,released_2,C/R,native_Active,0.0,0.0,0.0,,6,6,0,0,0,0,,
runtime,runtime,released_2,A/C,native_Active,0.0,0.0,0.0,,6,6,0,0,0,0,,
runtime,runtime,released_2,A/R,native_Cached,1.0,1.0,0.0,0.0,6,6,1,1,1,1,,
runtime,runtime,released_2,C/R,native_Cached,1.0,1.0,0.0,0.0,6,6,1,1,1,1,,
runtime,runtime,released_2,A/C,native_Cached,1.0,1.0,0.0,0.0,6,6,1,1,1,1,,
runtime,runtime,released_2,A/R,native_Capacity,4096.0,4096.0,0.0,0.0,6,6,4096,4096,4096,4096,,
runtime,runtime,released_2,C/R,native_Capacity,4096.0,4096.0,0.0,0.0,6,6,4096,4096,4096,4096,,
runtime,runtime,released_2,A/C,native_Capacity,4096.0,4096.0,0.0,0.0,6,6,4096,4096,4096,4096,,
runtime,runtime,released_2,A/R,native_PeakRegistered,36.0,36.0,0.0,0.0,6,6,36,36,36,36,,
runtime,runtime,released_2,C/R,native_PeakRegistered,36.0,36.0,0.0,0.0,6,6,36,36,36,36,,
runtime,runtime,released_2,A/C,native_PeakRegistered,36.0,36.0,0.0,0.0,6,6,36,36,36,36,,
runtime,runtime,released_2,A/R,native_Registered,1.0,1.0,0.0,0.0,6,6,1,1,1,1,,
runtime,runtime,released_2,C/R,native_Registered,1.0,1.0,0.0,0.0,6,6,1,1,1,1,,
runtime,runtime,released_2,A/C,native_Registered,1.0,1.0,0.0,0.0,6,6,1,1,1,1,,
runtime,runtime,released_2,A/R,native_ScanSpan,1.0,1.0,0.0,0.0,6,6,1,1,1,1,,
runtime,runtime,released_2,C/R,native_ScanSpan,1.0,1.0,0.0,0.0,6,6,1,1,1,1,,
runtime,runtime,released_2,A/C,native_ScanSpan,1.0,1.0,0.0,0.0,6,6,1,1,1,1,,
runtime,runtime,released_2,A/R,native_Supported,1.0,1.0,0.0,0.0,6,6,True,True,True,True,,
runtime,runtime,released_2,C/R,native_Supported,1.0,1.0,0.0,0.0,6,6,True,True,True,True,,
runtime,runtime,released_2,A/C,native_Supported,1.0,1.0,0.0,0.0,6,6,True,True,True,True,,
runtime,runtime,released_2,A/R,peak_rss_kib,90508.0,89246.0,-1262.0,-1.394351880496747,6,6,89292,91780,88436,90940,,
runtime,runtime,released_2,C/R,peak_rss_kib,88736.0,89246.0,510.0,0.5747385503065194,6,6,88560,90884,88436,90940,,
runtime,runtime,released_2,A/C,peak_rss_kib,90508.0,88736.0,-1772.0,-1.9578379811729385,6,6,89292,91780,88560,90884,,
runtime,runtime,released_2,A/R,rss_bytes,15562752.0,14835712.0,-727040.0,-4.671667324647977,6,6,14254080,16601088,14344192,16584704,,
runtime,runtime,released_2,C/R,rss_bytes,14534656.0,14835712.0,301056.0,2.071297731435817,6,6,14401536,16556032,14344192,16584704,,
runtime,runtime,released_2,A/C,rss_bytes,15562752.0,14534656.0,-1028096.0,-6.6061323858402465,6,6,14254080,16601088,14401536,16556032,,
runtime,runtime,released_2,A/R,total_alloc,53651804.0,33897256.0,-19754548.0,-36.819913828060656,6,6,53651328,53652080,33896936,33897896,,
runtime,runtime,released_2,C/R,total_alloc,33895952.0,33897256.0,1304.0,0.0038470670480128533,6,6,33895848,33896488,33896936,33897896,,
runtime,runtime,released_2,A/C,total_alloc,53651804.0,33895952.0,-19755852.0,-36.82234431483422,6,6,53651328,53652080,33895848,33896488,,
runtime,runtime,retained_0,A/R,allocation_bytes_delta,5177144.0,3295624.0,-1881520.0,-36.34281758436698,6,6,5177120,5177152,3295592,3295624,,
runtime,runtime,retained_0,C/R,allocation_bytes_delta,3295624.0,3295624.0,0.0,0.0,6,6,3295624,3295624,3295592,3295624,,
runtime,runtime,retained_0,A/C,allocation_bytes_delta,5177144.0,3295624.0,-1881520.0,-36.34281758436698,6,6,5177120,5177152,3295624,3295624,,
runtime,runtime,retained_0,A/R,allocation_count_delta,7971.0,7913.0,-58.0,-0.72763768661398,6,6,7970,7971,7912,7913,,
runtime,runtime,retained_0,C/R,allocation_count_delta,7913.0,7913.0,0.0,0.0,6,6,7913,7913,7912,7913,,
runtime,runtime,retained_0,A/C,allocation_count_delta,7971.0,7913.0,-58.0,-0.72763768661398,6,6,7970,7971,7913,7913,,
runtime,runtime,retained_0,A/R,code_bytes,167268.0,134972.0,-32296.0,-19.307936963435925,6,6,167268,167268,134972,134972,,
runtime,runtime,retained_0,C/R,code_bytes,134972.0,134972.0,0.0,0.0,6,6,134972,134972,134972,134972,,
runtime,runtime,retained_0,A/C,code_bytes,167268.0,134972.0,-32296.0,-19.307936963435925,6,6,167268,167268,134972,134972,,
runtime,runtime,retained_0,A/R,functions_per_batch,4128.0,4128.0,0.0,0.0,6,6,4128,4128,4128,4128,,
runtime,runtime,retained_0,C/R,functions_per_batch,4128.0,4128.0,0.0,0.0,6,6,4128,4128,4128,4128,,
runtime,runtime,retained_0,A/C,functions_per_batch,4128.0,4128.0,0.0,0.0,6,6,4128,4128,4128,4128,,
runtime,runtime,retained_0,A/R,heap_alloc,1172344.0,1173416.0,1072.0,0.09144073753095672,6,6,1171768,1172584,1173096,1174056,,
runtime,runtime,retained_0,C/R,heap_alloc,1172112.0,1173416.0,1304.0,0.11125216702840834,6,6,1172008,1172648,1173096,1174056,,
runtime,runtime,retained_0,A/C,heap_alloc,1172344.0,1172112.0,-232.0,-0.019789413346249507,6,6,1171768,1172584,1172008,1172648,,
runtime,runtime,retained_0,A/R,heap_inuse,1798144.0,1835008.0,36864.0,2.05011389521641,6,6,1777664,1818624,1818624,1892352,,
runtime,runtime,retained_0,C/R,heap_inuse,1859584.0,1835008.0,-24576.0,-1.3215859030836996,6,6,1826816,1900544,1818624,1892352,,
runtime,runtime,retained_0,A/C,heap_inuse,1798144.0,1859584.0,61440.0,3.4168564920273425,6,6,1777664,1818624,1826816,1900544,,
runtime,runtime,retained_0,A/R,heap_objects,1688.0,1672.0,-16.0,-0.9478672985781977,6,6,1684,1691,1670,1676,,
runtime,runtime,retained_0,C/R,heap_objects,1673.0,1672.0,-1.0,-0.059772863120144404,6,6,1672,1676,1670,1676,,
runtime,runtime,retained_0,A/C,heap_objects,1688.0,1673.0,-15.0,-0.8886255924170583,6,6,1684,1691,1672,1676,,
runtime,runtime,retained_0,A/R,heap_released,5730304.0,3883008.0,-1847296.0,-32.237312365975704,6,6,3563520,7766016,3432448,7905280,,
runtime,runtime,retained_0,C/R,heap_released,3858432.0,3883008.0,24576.0,0.6369426751592355,6,6,3588096,7872512,3432448,7905280,,
runtime,runtime,retained_0,A/C,heap_released,5730304.0,3858432.0,-1871872.0,-32.66619013581129,6,6,3563520,7766016,3588096,7872512,,
runtime,runtime,retained_0,A/R,instances,36.0,36.0,0.0,0.0,6,6,36,36,36,36,,
runtime,runtime,retained_0,C/R,instances,36.0,36.0,0.0,0.0,6,6,36,36,36,36,,
runtime,runtime,retained_0,A/C,instances,36.0,36.0,0.0,0.0,6,6,36,36,36,36,,
runtime,runtime,retained_0,A/R,mallocs,68013.5,67526.0,-487.5,-0.7167694648856471,6,6,68012,68016,67524,67530,,
runtime,runtime,retained_0,C/R,mallocs,67527.0,67526.0,-1.0,-0.0014808891258266677,6,6,67526,67530,67524,67530,,
runtime,runtime,retained_0,A/C,mallocs,68013.5,67527.0,-486.5,-0.715299168547423,6,6,68012,68016,67526,67530,,
runtime,runtime,retained_0,A/R,modules,36.0,36.0,0.0,0.0,6,6,36,36,36,36,,
runtime,runtime,retained_0,C/R,modules,36.0,36.0,0.0,0.0,6,6,36,36,36,36,,
runtime,runtime,retained_0,A/C,modules,36.0,36.0,0.0,0.0,6,6,36,36,36,36,,
runtime,runtime,retained_0,A/R,native_Active,36.0,36.0,0.0,0.0,6,6,36,36,36,36,,
runtime,runtime,retained_0,C/R,native_Active,36.0,36.0,0.0,0.0,6,6,36,36,36,36,,
runtime,runtime,retained_0,A/C,native_Active,36.0,36.0,0.0,0.0,6,6,36,36,36,36,,
runtime,runtime,retained_0,A/R,native_Cached,0.0,0.0,0.0,,6,6,0,0,0,0,,
runtime,runtime,retained_0,C/R,native_Cached,0.0,0.0,0.0,,6,6,0,0,0,0,,
runtime,runtime,retained_0,A/C,native_Cached,0.0,0.0,0.0,,6,6,0,0,0,0,,
runtime,runtime,retained_0,A/R,native_Capacity,4096.0,4096.0,0.0,0.0,6,6,4096,4096,4096,4096,,
runtime,runtime,retained_0,C/R,native_Capacity,4096.0,4096.0,0.0,0.0,6,6,4096,4096,4096,4096,,
runtime,runtime,retained_0,A/C,native_Capacity,4096.0,4096.0,0.0,0.0,6,6,4096,4096,4096,4096,,
runtime,runtime,retained_0,A/R,native_PeakRegistered,36.0,36.0,0.0,0.0,6,6,36,36,36,36,,
runtime,runtime,retained_0,C/R,native_PeakRegistered,36.0,36.0,0.0,0.0,6,6,36,36,36,36,,
runtime,runtime,retained_0,A/C,native_PeakRegistered,36.0,36.0,0.0,0.0,6,6,36,36,36,36,,
runtime,runtime,retained_0,A/R,native_Registered,36.0,36.0,0.0,0.0,6,6,36,36,36,36,,
runtime,runtime,retained_0,C/R,native_Registered,36.0,36.0,0.0,0.0,6,6,36,36,36,36,,
runtime,runtime,retained_0,A/C,native_Registered,36.0,36.0,0.0,0.0,6,6,36,36,36,36,,
runtime,runtime,retained_0,A/R,native_ScanSpan,36.0,36.0,0.0,0.0,6,6,36,36,36,36,,
runtime,runtime,retained_0,C/R,native_ScanSpan,36.0,36.0,0.0,0.0,6,6,36,36,36,36,,
runtime,runtime,retained_0,A/C,native_ScanSpan,36.0,36.0,0.0,0.0,6,6,36,36,36,36,,
runtime,runtime,retained_0,A/R,native_Supported,1.0,1.0,0.0,0.0,6,6,True,True,True,True,,
runtime,runtime,retained_0,C/R,native_Supported,1.0,1.0,0.0,0.0,6,6,True,True,True,True,,
runtime,runtime,retained_0,A/C,native_Supported,1.0,1.0,0.0,0.0,6,6,True,True,True,True,,
runtime,runtime,retained_0,A/R,peak_rss_kib,90508.0,89246.0,-1262.0,-1.394351880496747,6,6,89292,91780,88436,90940,,
runtime,runtime,retained_0,C/R,peak_rss_kib,88736.0,89246.0,510.0,0.5747385503065194,6,6,88560,90884,88436,90940,,
runtime,runtime,retained_0,A/C,peak_rss_kib,90508.0,88736.0,-1772.0,-1.9578379811729385,6,6,89292,91780,88560,90884,,
runtime,runtime,retained_0,A/R,rss_bytes,92688384.0,91392000.0,-1296384.0,-1.398647752883464,6,6,91172864,93995008,90562560,93130752,,
runtime,runtime,retained_0,C/R,rss_bytes,90937344.0,91392000.0,454656.0,0.49996621849874856,6,6,90755072,93134848,90562560,93130752,,
runtime,runtime,retained_0,A/C,rss_bytes,92688384.0,90937344.0,-1751040.0,-1.8891687657430767,6,6,91172864,93995008,90755072,93134848,,
runtime,runtime,retained_0,A/R,total_alloc,43287948.0,27296456.0,-15991492.0,-36.94213456364345,6,6,43287456,43288224,27296136,27297096,,
runtime,runtime,retained_0,C/R,total_alloc,27295152.0,27296456.0,1304.0,0.004777405159717141,6,6,27295048,27295688,27296136,27297096,,
runtime,runtime,retained_0,A/C,total_alloc,43287948.0,27295152.0,-15992796.0,-36.945146949446524,6,6,43287456,43288224,27295048,27295688,,
runtime,runtime,retained_1,A/R,allocation_bytes_delta,5145792.0,3264264.0,-1881528.0,-36.56440058206783,6,6,5145792,5145792,3264264,3264264,,
runtime,runtime,retained_1,C/R,allocation_bytes_delta,3264264.0,3264264.0,0.0,0.0,6,6,3264264,3264264,3264264,3264264,,
runtime,runtime,retained_1,A/C,allocation_bytes_delta,5145792.0,3264264.0,-1881528.0,-36.56440058206783,6,6,5145792,5145792,3264264,3264264,,
runtime,runtime,retained_1,A/R,allocation_count_delta,7917.0,7859.0,-58.0,-0.73260073260073,6,6,7917,7917,7859,7859,,
runtime,runtime,retained_1,C/R,allocation_count_delta,7859.0,7859.0,0.0,0.0,6,6,7859,7859,7859,7859,,
runtime,runtime,retained_1,A/C,allocation_count_delta,7917.0,7859.0,-58.0,-0.73260073260073,6,6,7917,7917,7859,7859,,
runtime,runtime,retained_1,A/R,code_bytes,167268.0,134972.0,-32296.0,-19.307936963435925,6,6,167268,167268,134972,134972,,
runtime,runtime,retained_1,C/R,code_bytes,134972.0,134972.0,0.0,0.0,6,6,134972,134972,134972,134972,,
runtime,runtime,retained_1,A/C,code_bytes,167268.0,134972.0,-32296.0,-19.307936963435925,6,6,167268,167268,134972,134972,,
runtime,runtime,retained_1,A/R,functions_per_batch,4128.0,4128.0,0.0,0.0,6,6,4128,4128,4128,4128,,
runtime,runtime,retained_1,C/R,functions_per_batch,4128.0,4128.0,0.0,0.0,6,6,4128,4128,4128,4128,,
runtime,runtime,retained_1,A/C,functions_per_batch,4128.0,4128.0,0.0,0.0,6,6,4128,4128,4128,4128,,
runtime,runtime,retained_1,A/R,heap_alloc,1172632.0,1173744.0,1112.0,0.09482940939697926,6,6,1172072,1172856,1173432,1174376,,
runtime,runtime,retained_1,C/R,heap_alloc,1172432.0,1173744.0,1312.0,0.11190414454740338,6,6,1172328,1172968,1173432,1174376,,
runtime,runtime,retained_1,A/C,heap_alloc,1172632.0,1172432.0,-200.0,-0.017055649172115217,6,6,1172072,1172856,1172328,1172968,,
runtime,runtime,retained_1,A/R,heap_inuse,1875968.0,1875968.0,0.0,0.0,6,6,1818624,1875968,1867776,1884160,,
runtime,runtime,retained_1,C/R,heap_inuse,1884160.0,1875968.0,-8192.0,-0.43478260869564966,6,6,1867776,1900544,1867776,1884160,,
runtime,runtime,retained_1,A/C,heap_inuse,1875968.0,1884160.0,8192.0,0.4366812227074135,6,6,1818624,1875968,1867776,1900544,,
runtime,runtime,retained_1,A/R,heap_objects,1688.5,1674.5,-14.0,-0.8291382884216714,6,6,1685,1690,1673,1678,,
runtime,runtime,retained_1,C/R,heap_objects,1675.0,1674.5,-0.5,-0.029850746268655914,6,6,1674,1678,1673,1678,,
runtime,runtime,retained_1,A/C,heap_objects,1688.5,1675.0,-13.5,-0.7995262066923359,6,6,1685,1690,1674,1678,,
runtime,runtime,retained_1,A/R,heap_released,5664768.0,3854336.0,-1810432.0,-31.95950831525669,6,6,3563520,7815168,3563520,8036352,,
runtime,runtime,retained_1,C/R,heap_released,3846144.0,3854336.0,8192.0,0.21299254526092604,6,6,3612672,8036352,3563520,8036352,,
runtime,runtime,retained_1,A/C,heap_released,5664768.0,3846144.0,-1818624.0,-32.10412147505423,6,6,3563520,7815168,3612672,8036352,,
runtime,runtime,retained_1,A/R,instances,36.0,36.0,0.0,0.0,6,6,36,36,36,36,,
runtime,runtime,retained_1,C/R,instances,36.0,36.0,0.0,0.0,6,6,36,36,36,36,,
runtime,runtime,retained_1,A/C,instances,36.0,36.0,0.0,0.0,6,6,36,36,36,36,,
runtime,runtime,retained_1,A/R,mallocs,76269.5,75724.0,-545.5,-0.7152269255731314,6,6,76268,76272,75722,75728,,
runtime,runtime,retained_1,C/R,mallocs,75725.0,75724.0,-1.0,-0.0013205678441763347,6,6,75724,75728,75722,75728,,
runtime,runtime,retained_1,A/C,mallocs,76269.5,75725.0,-544.5,-0.713915785471253,6,6,76268,76272,75724,75728,,
runtime,runtime,retained_1,A/R,modules,36.0,36.0,0.0,0.0,6,6,36,36,36,36,,
runtime,runtime,retained_1,C/R,modules,36.0,36.0,0.0,0.0,6,6,36,36,36,36,,
runtime,runtime,retained_1,A/C,modules,36.0,36.0,0.0,0.0,6,6,36,36,36,36,,
runtime,runtime,retained_1,A/R,native_Active,36.0,36.0,0.0,0.0,6,6,36,36,36,36,,
runtime,runtime,retained_1,C/R,native_Active,36.0,36.0,0.0,0.0,6,6,36,36,36,36,,
runtime,runtime,retained_1,A/C,native_Active,36.0,36.0,0.0,0.0,6,6,36,36,36,36,,
runtime,runtime,retained_1,A/R,native_Cached,0.0,0.0,0.0,,6,6,0,0,0,0,,
runtime,runtime,retained_1,C/R,native_Cached,0.0,0.0,0.0,,6,6,0,0,0,0,,
runtime,runtime,retained_1,A/C,native_Cached,0.0,0.0,0.0,,6,6,0,0,0,0,,
runtime,runtime,retained_1,A/R,native_Capacity,4096.0,4096.0,0.0,0.0,6,6,4096,4096,4096,4096,,
runtime,runtime,retained_1,C/R,native_Capacity,4096.0,4096.0,0.0,0.0,6,6,4096,4096,4096,4096,,
runtime,runtime,retained_1,A/C,native_Capacity,4096.0,4096.0,0.0,0.0,6,6,4096,4096,4096,4096,,
runtime,runtime,retained_1,A/R,native_PeakRegistered,36.0,36.0,0.0,0.0,6,6,36,36,36,36,,
runtime,runtime,retained_1,C/R,native_PeakRegistered,36.0,36.0,0.0,0.0,6,6,36,36,36,36,,
runtime,runtime,retained_1,A/C,native_PeakRegistered,36.0,36.0,0.0,0.0,6,6,36,36,36,36,,
runtime,runtime,retained_1,A/R,native_Registered,36.0,36.0,0.0,0.0,6,6,36,36,36,36,,
runtime,runtime,retained_1,C/R,native_Registered,36.0,36.0,0.0,0.0,6,6,36,36,36,36,,
runtime,runtime,retained_1,A/C,native_Registered,36.0,36.0,0.0,0.0,6,6,36,36,36,36,,
runtime,runtime,retained_1,A/R,native_ScanSpan,36.0,36.0,0.0,0.0,6,6,36,36,36,36,,
runtime,runtime,retained_1,C/R,native_ScanSpan,36.0,36.0,0.0,0.0,6,6,36,36,36,36,,
runtime,runtime,retained_1,A/C,native_ScanSpan,36.0,36.0,0.0,0.0,6,6,36,36,36,36,,
runtime,runtime,retained_1,A/R,native_Supported,1.0,1.0,0.0,0.0,6,6,True,True,True,True,,
runtime,runtime,retained_1,C/R,native_Supported,1.0,1.0,0.0,0.0,6,6,True,True,True,True,,
runtime,runtime,retained_1,A/C,native_Supported,1.0,1.0,0.0,0.0,6,6,True,True,True,True,,
runtime,runtime,retained_1,A/R,peak_rss_kib,90508.0,89246.0,-1262.0,-1.394351880496747,6,6,89292,91780,88436,90940,,
runtime,runtime,retained_1,C/R,peak_rss_kib,88736.0,89246.0,510.0,0.5747385503065194,6,6,88560,90884,88436,90940,,
runtime,runtime,retained_1,A/C,peak_rss_kib,90508.0,88736.0,-1772.0,-1.9578379811729385,6,6,89292,91780,88560,90884,,
runtime,runtime,retained_1,A/R,rss_bytes,90947584.0,89462784.0,-1484800.0,-1.6325887227526592,6,6,89821184,92139520,89300992,91324416,,
runtime,runtime,retained_1,C/R,rss_bytes,89303040.0,89462784.0,159744.0,0.17887856897145227,6,6,89194496,91402240,89300992,91324416,,
runtime,runtime,retained_1,A/C,rss_bytes,90947584.0,89303040.0,-1644544.0,-1.8082327508556983,6,6,89821184,92139520,89194496,91402240,,
runtime,runtime,retained_1,A/R,total_alloc,48458044.0,30585024.0,-17873020.0,-36.883494513315476,6,6,48457552,48458320,30584704,30585664,,
runtime,runtime,retained_1,C/R,total_alloc,30583720.0,30585024.0,1304.0,0.004263706311724569,6,6,30583616,30584256,30584704,30585664,,
runtime,runtime,retained_1,A/C,total_alloc,48458044.0,30583720.0,-17874324.0,-36.88618550100784,6,6,48457552,48458320,30583616,30584256,,
runtime,runtime,retained_2,A/R,allocation_bytes_delta,5145792.0,3264264.0,-1881528.0,-36.56440058206783,6,6,5145792,5145808,3264264,3264264,,
runtime,runtime,retained_2,C/R,allocation_bytes_delta,3264264.0,3264264.0,0.0,0.0,6,6,3264264,3264264,3264264,3264264,,
runtime,runtime,retained_2,A/C,allocation_bytes_delta,5145792.0,3264264.0,-1881528.0,-36.56440058206783,6,6,5145792,5145808,3264264,3264264,,
runtime,runtime,retained_2,A/R,allocation_count_delta,7917.0,7859.0,-58.0,-0.73260073260073,6,6,7917,7917,7859,7859,,
runtime,runtime,retained_2,C/R,allocation_count_delta,7859.0,7859.0,0.0,0.0,6,6,7859,7859,7859,7859,,
runtime,runtime,retained_2,A/C,allocation_count_delta,7917.0,7859.0,-58.0,-0.73260073260073,6,6,7917,7917,7859,7859,,
runtime,runtime,retained_2,A/R,code_bytes,167268.0,134972.0,-32296.0,-19.307936963435925,6,6,167268,167268,134972,134972,,
runtime,runtime,retained_2,C/R,code_bytes,134972.0,134972.0,0.0,0.0,6,6,134972,134972,134972,134972,,
runtime,runtime,retained_2,A/C,code_bytes,167268.0,134972.0,-32296.0,-19.307936963435925,6,6,167268,167268,134972,134972,,
runtime,runtime,retained_2,A/R,functions_per_batch,4128.0,4128.0,0.0,0.0,6,6,4128,4128,4128,4128,,
runtime,runtime,retained_2,C/R,functions_per_batch,4128.0,4128.0,0.0,0.0,6,6,4128,4128,4128,4128,,
runtime,runtime,retained_2,A/C,functions_per_batch,4128.0,4128.0,0.0,0.0,6,6,4128,4128,4128,4128,,
runtime,runtime,retained_2,A/R,heap_alloc,1172632.0,1173736.0,1104.0,0.09414718343010442,6,6,1172056,1172856,1173416,1174392,,
runtime,runtime,retained_2,C/R,heap_alloc,1172432.0,1173736.0,1304.0,0.11122180220259903,6,6,1172328,1172968,1173416,1174392,,
runtime,runtime,retained_2,A/C,heap_alloc,1172632.0,1172432.0,-200.0,-0.017055649172115217,6,6,1172056,1172856,1172328,1172968,,
runtime,runtime,retained_2,A/R,heap_inuse,1818624.0,1941504.0,122880.0,6.756756756756754,6,6,1818624,1875968,1908736,1949696,,
runtime,runtime,retained_2,C/R,heap_inuse,1949696.0,1941504.0,-8192.0,-0.42016806722688926,6,6,1908736,1966080,1908736,1949696,,
runtime,runtime,retained_2,A/C,heap_inuse,1818624.0,1949696.0,131072.0,7.2072072072072,6,6,1818624,1875968,1908736,1966080,,
runtime,runtime,retained_2,A/R,heap_objects,1688.5,1674.0,-14.5,-0.858750370151018,6,6,1684,1690,1672,1679,,
runtime,runtime,retained_2,C/R,heap_objects,1675.0,1674.0,-1.0,-0.05970149253731183,6,6,1674,1678,1672,1679,,
runtime,runtime,retained_2,A/C,heap_objects,1688.5,1675.0,-13.5,-0.7995262066923359,6,6,1684,1690,1674,1678,,
runtime,runtime,retained_2,A/R,heap_released,5689344.0,3866624.0,-1822720.0,-32.03743700503959,6,6,3596288,7823360,3809280,8028160,,
runtime,runtime,retained_2,C/R,heap_released,3837952.0,3866624.0,28672.0,0.7470651013874008,6,6,3694592,8019968,3809280,8028160,,
runtime,runtime,retained_2,A/C,heap_released,5689344.0,3837952.0,-1851392.0,-32.54139668826493,6,6,3596288,7823360,3694592,8019968,,
runtime,runtime,retained_2,A/R,instances,36.0,36.0,0.0,0.0,6,6,36,36,36,36,,
runtime,runtime,retained_2,C/R,instances,36.0,36.0,0.0,0.0,6,6,36,36,36,36,,
runtime,runtime,retained_2,A/C,instances,36.0,36.0,0.0,0.0,6,6,36,36,36,36,,
runtime,runtime,retained_2,A/R,mallocs,84523.5,83920.0,-603.5,-0.7140026146574607,6,6,84522,84526,83918,83924,,
runtime,runtime,retained_2,C/R,mallocs,83921.0,83920.0,-1.0,-0.001191596858951538,6,6,83920,83924,83918,83924,,
runtime,runtime,retained_2,A/C,mallocs,84523.5,83921.0,-602.5,-0.7128195117334202,6,6,84522,84526,83920,83924,,
runtime,runtime,retained_2,A/R,modules,36.0,36.0,0.0,0.0,6,6,36,36,36,36,,
runtime,runtime,retained_2,C/R,modules,36.0,36.0,0.0,0.0,6,6,36,36,36,36,,
runtime,runtime,retained_2,A/C,modules,36.0,36.0,0.0,0.0,6,6,36,36,36,36,,
runtime,runtime,retained_2,A/R,native_Active,36.0,36.0,0.0,0.0,6,6,36,36,36,36,,
runtime,runtime,retained_2,C/R,native_Active,36.0,36.0,0.0,0.0,6,6,36,36,36,36,,
runtime,runtime,retained_2,A/C,native_Active,36.0,36.0,0.0,0.0,6,6,36,36,36,36,,
runtime,runtime,retained_2,A/R,native_Cached,0.0,0.0,0.0,,6,6,0,0,0,0,,
runtime,runtime,retained_2,C/R,native_Cached,0.0,0.0,0.0,,6,6,0,0,0,0,,
runtime,runtime,retained_2,A/C,native_Cached,0.0,0.0,0.0,,6,6,0,0,0,0,,
runtime,runtime,retained_2,A/R,native_Capacity,4096.0,4096.0,0.0,0.0,6,6,4096,4096,4096,4096,,
runtime,runtime,retained_2,C/R,native_Capacity,4096.0,4096.0,0.0,0.0,6,6,4096,4096,4096,4096,,
runtime,runtime,retained_2,A/C,native_Capacity,4096.0,4096.0,0.0,0.0,6,6,4096,4096,4096,4096,,
runtime,runtime,retained_2,A/R,native_PeakRegistered,36.0,36.0,0.0,0.0,6,6,36,36,36,36,,
runtime,runtime,retained_2,C/R,native_PeakRegistered,36.0,36.0,0.0,0.0,6,6,36,36,36,36,,
runtime,runtime,retained_2,A/C,native_PeakRegistered,36.0,36.0,0.0,0.0,6,6,36,36,36,36,,
runtime,runtime,retained_2,A/R,native_Registered,36.0,36.0,0.0,0.0,6,6,36,36,36,36,,
runtime,runtime,retained_2,C/R,native_Registered,36.0,36.0,0.0,0.0,6,6,36,36,36,36,,
runtime,runtime,retained_2,A/C,native_Registered,36.0,36.0,0.0,0.0,6,6,36,36,36,36,,
runtime,runtime,retained_2,A/R,native_ScanSpan,36.0,36.0,0.0,0.0,6,6,36,36,36,36,,
runtime,runtime,retained_2,C/R,native_ScanSpan,36.0,36.0,0.0,0.0,6,6,36,36,36,36,,
runtime,runtime,retained_2,A/C,native_ScanSpan,36.0,36.0,0.0,0.0,6,6,36,36,36,36,,
runtime,runtime,retained_2,A/R,native_Supported,1.0,1.0,0.0,0.0,6,6,True,True,True,True,,
runtime,runtime,retained_2,C/R,native_Supported,1.0,1.0,0.0,0.0,6,6,True,True,True,True,,
runtime,runtime,retained_2,A/C,native_Supported,1.0,1.0,0.0,0.0,6,6,True,True,True,True,,
runtime,runtime,retained_2,A/R,peak_rss_kib,90508.0,89246.0,-1262.0,-1.394351880496747,6,6,89292,91780,88436,90940,,
runtime,runtime,retained_2,C/R,peak_rss_kib,88736.0,89246.0,510.0,0.5747385503065194,6,6,88560,90884,88436,90940,,
runtime,runtime,retained_2,A/C,peak_rss_kib,90508.0,88736.0,-1772.0,-1.9578379811729385,6,6,89292,91780,88560,90884,,
runtime,runtime,retained_2,A/R,rss_bytes,90884096.0,89532416.0,-1351680.0,-1.4872569123645096,6,6,89796608,92073984,89174016,91262976,,
runtime,runtime,retained_2,C/R,rss_bytes,89288704.0,89532416.0,243712.0,0.2729483003807598,6,6,89124864,91291648,89174016,91262976,,
runtime,runtime,retained_2,A/C,rss_bytes,90884096.0,89288704.0,-1595392.0,-1.7554138405029618,6,6,89796608,92073984,89124864,91291648,,
runtime,runtime,retained_2,A/R,total_alloc,53627820.0,33873272.0,-19754548.0,-36.836380818761604,6,6,53627344,53628096,33872952,33873912,,
runtime,runtime,retained_2,C/R,total_alloc,33871968.0,33873272.0,1304.0,0.003849791072063624,6,6,33871864,33872504,33872952,33873912,,
runtime,runtime,retained_2,A/C,total_alloc,53627820.0,33871968.0,-19755852.0,-36.83881239252314,6,6,53627344,53628096,33871864,33872504,,
runtime,runtime,runtime_released,A/R,allocation_bytes_delta,3784.0,3784.0,0.0,0.0,6,6,3784,3784,3784,3784,,
runtime,runtime,runtime_released,C/R,allocation_bytes_delta,3784.0,3784.0,0.0,0.0,6,6,3784,3784,3784,3784,,
runtime,runtime,runtime_released,A/C,allocation_bytes_delta,3784.0,3784.0,0.0,0.0,6,6,3784,3784,3784,3784,,
runtime,runtime,runtime_released,A/R,allocation_count_delta,75.0,75.0,0.0,0.0,6,6,75,75,75,75,,
runtime,runtime,runtime_released,C/R,allocation_count_delta,75.0,75.0,0.0,0.0,6,6,75,75,75,75,,
runtime,runtime,runtime_released,A/C,allocation_count_delta,75.0,75.0,0.0,0.0,6,6,75,75,75,75,,
runtime,runtime,runtime_released,A/R,code_bytes,0.0,0.0,0.0,,6,6,0,0,0,0,,
runtime,runtime,runtime_released,C/R,code_bytes,0.0,0.0,0.0,,6,6,0,0,0,0,,
runtime,runtime,runtime_released,A/C,code_bytes,0.0,0.0,0.0,,6,6,0,0,0,0,,
runtime,runtime,runtime_released,A/R,functions_per_batch,4128.0,4128.0,0.0,0.0,6,6,4128,4128,4128,4128,,
runtime,runtime,runtime_released,C/R,functions_per_batch,4128.0,4128.0,0.0,0.0,6,6,4128,4128,4128,4128,,
runtime,runtime,runtime_released,A/C,functions_per_batch,4128.0,4128.0,0.0,0.0,6,6,4128,4128,4128,4128,,
runtime,runtime,runtime_released,A/R,heap_alloc,152080.0,153424.0,1344.0,0.8837453971593856,6,6,151520,152304,153104,154064,,
runtime,runtime,runtime_released,C/R,heap_alloc,152120.0,153424.0,1304.0,0.8572179858006734,6,6,152016,152656,153104,154064,,
runtime,runtime,runtime_released,A/C,heap_alloc,152080.0,152120.0,40.0,0.026301946344031712,6,6,151520,152304,152016,152656,,
runtime,runtime,runtime_released,A/R,heap_inuse,655360.0,630784.0,-24576.0,-3.749999999999998,6,6,647168,655360,630784,630784,,
runtime,runtime,runtime_released,C/R,heap_inuse,647168.0,630784.0,-16384.0,-2.5316455696202556,6,6,647168,647168,630784,630784,,
runtime,runtime,runtime_released,A/C,heap_inuse,655360.0,647168.0,-8192.0,-1.2499999999999956,6,6,647168,655360,647168,647168,,
runtime,runtime,runtime_released,A/R,heap_objects,516.5,517.0,0.5,0.09680542110357404,6,6,513,518,515,521,,
runtime,runtime,runtime_released,C/R,heap_objects,518.0,517.0,-1.0,-0.19305019305019266,6,6,517,521,515,521,,
runtime,runtime,runtime_released,A/C,heap_objects,516.5,518.0,1.5,0.2904162633107443,6,6,513,518,517,521,,
runtime,runtime,runtime_released,A/R,heap_released,8216576.0,6045696.0,-2170880.0,-26.420737786640082,6,6,6086656,10371072,5963776,10190848,,
runtime,runtime,runtime_released,C/R,heap_released,6029312.0,6045696.0,16384.0,0.27173913043478937,6,6,5931008,10248192,5963776,10190848,,
runtime,runtime,runtime_released,A/C,heap_released,8216576.0,6029312.0,-2187264.0,-26.62013958125623,6,6,6086656,10371072,5931008,10248192,,
runtime,runtime,runtime_released,A/R,instances,0.0,0.0,0.0,,6,6,0,0,0,0,,
runtime,runtime,runtime_released,C/R,instances,0.0,0.0,0.0,,6,6,0,0,0,0,,
runtime,runtime,runtime_released,A/C,instances,0.0,0.0,0.0,,6,6,0,0,0,0,,
runtime,runtime,runtime_released,A/R,mallocs,84935.5,84332.0,-603.5,-0.7105391738436828,6,6,84934,84938,84330,84336,,
runtime,runtime,runtime_released,C/R,mallocs,84333.0,84332.0,-1.0,-0.0011857754378508112,6,6,84332,84336,84330,84336,,
runtime,runtime,runtime_released,A/C,mallocs,84935.5,84333.0,-602.5,-0.7093618098439447,6,6,84934,84938,84332,84336,,
runtime,runtime,runtime_released,A/R,modules,0.0,0.0,0.0,,6,6,0,0,0,0,,
runtime,runtime,runtime_released,C/R,modules,0.0,0.0,0.0,,6,6,0,0,0,0,,
runtime,runtime,runtime_released,A/C,modules,0.0,0.0,0.0,,6,6,0,0,0,0,,
runtime,runtime,runtime_released,A/R,native_Active,0.0,0.0,0.0,,6,6,0,0,0,0,,
runtime,runtime,runtime_released,C/R,native_Active,0.0,0.0,0.0,,6,6,0,0,0,0,,
runtime,runtime,runtime_released,A/C,native_Active,0.0,0.0,0.0,,6,6,0,0,0,0,,
runtime,runtime,runtime_released,A/R,native_Cached,1.0,1.0,0.0,0.0,6,6,1,1,1,1,,
runtime,runtime,runtime_released,C/R,native_Cached,1.0,1.0,0.0,0.0,6,6,1,1,1,1,,
runtime,runtime,runtime_released,A/C,native_Cached,1.0,1.0,0.0,0.0,6,6,1,1,1,1,,
runtime,runtime,runtime_released,A/R,native_Capacity,4096.0,4096.0,0.0,0.0,6,6,4096,4096,4096,4096,,
runtime,runtime,runtime_released,C/R,native_Capacity,4096.0,4096.0,0.0,0.0,6,6,4096,4096,4096,4096,,
runtime,runtime,runtime_released,A/C,native_Capacity,4096.0,4096.0,0.0,0.0,6,6,4096,4096,4096,4096,,
runtime,runtime,runtime_released,A/R,native_PeakRegistered,36.0,36.0,0.0,0.0,6,6,36,36,36,36,,
runtime,runtime,runtime_released,C/R,native_PeakRegistered,36.0,36.0,0.0,0.0,6,6,36,36,36,36,,
runtime,runtime,runtime_released,A/C,native_PeakRegistered,36.0,36.0,0.0,0.0,6,6,36,36,36,36,,
runtime,runtime,runtime_released,A/R,native_Registered,1.0,1.0,0.0,0.0,6,6,1,1,1,1,,
runtime,runtime,runtime_released,C/R,native_Registered,1.0,1.0,0.0,0.0,6,6,1,1,1,1,,
runtime,runtime,runtime_released,A/C,native_Registered,1.0,1.0,0.0,0.0,6,6,1,1,1,1,,
runtime,runtime,runtime_released,A/R,native_ScanSpan,1.0,1.0,0.0,0.0,6,6,1,1,1,1,,
runtime,runtime,runtime_released,C/R,native_ScanSpan,1.0,1.0,0.0,0.0,6,6,1,1,1,1,,
runtime,runtime,runtime_released,A/C,native_ScanSpan,1.0,1.0,0.0,0.0,6,6,1,1,1,1,,
runtime,runtime,runtime_released,A/R,native_Supported,1.0,1.0,0.0,0.0,6,6,True,True,True,True,,
runtime,runtime,runtime_released,C/R,native_Supported,1.0,1.0,0.0,0.0,6,6,True,True,True,True,,
runtime,runtime,runtime_released,A/C,native_Supported,1.0,1.0,0.0,0.0,6,6,True,True,True,True,,
runtime,runtime,runtime_released,A/R,peak_rss_kib,90508.0,89246.0,-1262.0,-1.394351880496747,6,6,89292,91780,88436,90940,,
runtime,runtime,runtime_released,C/R,peak_rss_kib,88736.0,89246.0,510.0,0.5747385503065194,6,6,88560,90884,88436,90940,,
runtime,runtime,runtime_released,A/C,peak_rss_kib,90508.0,88736.0,-1772.0,-1.9578379811729385,6,6,89292,91780,88560,90884,,
runtime,runtime,runtime_released,A/R,rss_bytes,14647296.0,13623296.0,-1024000.0,-6.991051454138697,6,6,13533184,15880192,13209600,15405056,,
runtime,runtime,runtime_released,C/R,rss_bytes,13355008.0,13623296.0,268288.0,2.0088943413586913,6,6,13287424,15310848,13209600,15405056,,
runtime,runtime,runtime_released,A/C,rss_bytes,14647296.0,13355008.0,-1292288.0,-8.822706935123048,6,6,13533184,15880192,13287424,15310848,,
runtime,runtime,runtime_released,A/R,total_alloc,53655588.0,33901040.0,-19754548.0,-36.81731714504741,6,6,53655112,53655864,33900720,33901680,,
runtime,runtime,runtime_released,C/R,total_alloc,33899736.0,33901040.0,1304.0,0.003846637625737337,6,6,33899632,33900272,33900720,33901680,,
runtime,runtime,runtime_released,A/C,total_alloc,53655588.0,33899736.0,-19755852.0,-36.81974746041363,6,6,53655112,53655864,33899632,33900272,,
runtime-auto,runtime,compile_release_270,A/R,allocation_bytes_delta,45354272.0,29743504.0,-15610768.0,-34.419619832063454,6,6,45346704,45366224,29723832,29872224,,
runtime-auto,runtime,compile_release_270,C/R,allocation_bytes_delta,29738972.0,29743504.0,4532.0,0.015239262473487614,6,6,29730496,29834792,29723832,29872224,,
runtime-auto,runtime,compile_release_270,A/C,allocation_bytes_delta,45354272.0,29738972.0,-15615300.0,-34.429612275553666,6,6,45346704,45366224,29730496,29834792,,
runtime-auto,runtime,compile_release_270,A/R,allocation_count_delta,59007.5,58359.0,-648.5,-1.0990128373511876,6,6,58996,59017,58316,58397,,
runtime-auto,runtime,compile_release_270,C/R,allocation_count_delta,58366.0,58359.0,-7.0,-0.011993283761091433,6,6,58289,58384,58316,58397,,
runtime-auto,runtime,compile_release_270,A/C,allocation_count_delta,59007.5,58366.0,-641.5,-1.0871499385671335,6,6,58996,59017,58289,58384,,
runtime-auto,runtime,compile_release_270,A/R,code_bytes,0.0,0.0,0.0,,6,6,0,0,0,0,,
runtime-auto,runtime,compile_release_270,C/R,code_bytes,0.0,0.0,0.0,,6,6,0,0,0,0,,
runtime-auto,runtime,compile_release_270,A/C,code_bytes,0.0,0.0,0.0,,6,6,0,0,0,0,,
runtime-auto,runtime,compile_release_270,A/R,functions_per_batch,4128.0,4128.0,0.0,0.0,6,6,4128,4128,4128,4128,,
runtime-auto,runtime,compile_release_270,C/R,functions_per_batch,4128.0,4128.0,0.0,0.0,6,6,4128,4128,4128,4128,,
runtime-auto,runtime,compile_release_270,A/C,functions_per_batch,4128.0,4128.0,0.0,0.0,6,6,4128,4128,4128,4128,,
runtime-auto,runtime,compile_release_270,A/R,heap_alloc,548804.0,517684.0,-31120.0,-5.670512605593259,6,6,381160,694968,400840,813648,,
runtime-auto,runtime,compile_release_270,C/R,heap_alloc,599524.0,517684.0,-81840.0,-13.650829658195507,6,6,394200,685368,400840,813648,,
runtime-auto,runtime,compile_release_270,A/C,heap_alloc,548804.0,599524.0,50720.0,9.241915146391054,6,6,381160,694968,394200,685368,,
runtime-auto,runtime,compile_release_270,A/R,heap_inuse,1368064.0,1253376.0,-114688.0,-8.383233532934131,6,6,1130496,1507328,1064960,1572864,,
runtime-auto,runtime,compile_release_270,C/R,heap_inuse,1347584.0,1253376.0,-94208.0,-6.9908814589665695,6,6,1089536,1662976,1064960,1572864,,
runtime-auto,runtime,compile_release_270,A/C,heap_inuse,1368064.0,1347584.0,-20480.0,-1.4970059880239472,6,6,1130496,1507328,1089536,1662976,,
runtime-auto,runtime,compile_release_270,A/R,heap_objects,827.0,730.0,-97.0,-11.729141475211613,6,6,659,904,696,920,,
runtime-auto,runtime,compile_release_270,C/R,heap_objects,803.5,730.0,-73.5,-9.147479775980083,6,6,695,886,696,920,,
runtime-auto,runtime,compile_release_270,A/C,heap_objects,827.0,803.5,-23.5,-2.8415961305925053,6,6,659,904,695,886,,
runtime-auto,runtime,compile_release_270,A/R,heap_released,3489792.0,5406720.0,1916928.0,54.92957746478873,6,6,3096576,7667712,3096576,7634944,,
runtime-auto,runtime,compile_release_270,C/R,heap_released,7278592.0,5406720.0,-1871872.0,-25.717501406865505,6,6,3293184,7684096,3096576,7634944,,
runtime-auto,runtime,compile_release_270,A/C,heap_released,3489792.0,7278592.0,3788800.0,108.5680751173709,6,6,3096576,7667712,3293184,7684096,,
runtime-auto,runtime,compile_release_270,A/R,instances,0.0,0.0,0.0,,6,6,0,0,0,0,,
runtime-auto,runtime,compile_release_270,C/R,instances,0.0,0.0,0.0,,6,6,0,0,0,0,,
runtime-auto,runtime,compile_release_270,A/C,instances,0.0,0.0,0.0,,6,6,0,0,0,0,,
runtime-auto,runtime,compile_release_270,A/R,mallocs,64016.5,63370.0,-646.5,-1.0098958862168383,6,6,64008,64026,63326,63409,,
runtime-auto,runtime,compile_release_270,C/R,mallocs,63375.5,63370.0,-5.5,-0.008678432517295054,6,6,63299,63402,63326,63409,,
runtime-auto,runtime,compile_release_270,A/C,mallocs,64016.5,63375.5,-641.0,-1.0013043512219544,6,6,64008,64026,63299,63402,,
runtime-auto,runtime,compile_release_270,A/R,modules,0.0,0.0,0.0,,6,6,0,0,0,0,,
runtime-auto,runtime,compile_release_270,C/R,modules,0.0,0.0,0.0,,6,6,0,0,0,0,,
runtime-auto,runtime,compile_release_270,A/C,modules,0.0,0.0,0.0,,6,6,0,0,0,0,,
runtime-auto,runtime,compile_release_270,A/R,native_Active,0.0,0.0,0.0,,6,6,0,0,0,0,,
runtime-auto,runtime,compile_release_270,C/R,native_Active,0.0,0.0,0.0,,6,6,0,0,0,0,,
runtime-auto,runtime,compile_release_270,A/C,native_Active,0.0,0.0,0.0,,6,6,0,0,0,0,,
runtime-auto,runtime,compile_release_270,A/R,native_Cached,0.0,0.0,0.0,,6,6,0,0,0,0,,
runtime-auto,runtime,compile_release_270,C/R,native_Cached,0.0,0.0,0.0,,6,6,0,0,0,0,,
runtime-auto,runtime,compile_release_270,A/C,native_Cached,0.0,0.0,0.0,,6,6,0,0,0,0,,
runtime-auto,runtime,compile_release_270,A/R,native_Capacity,4096.0,4096.0,0.0,0.0,6,6,4096,4096,4096,4096,,
runtime-auto,runtime,compile_release_270,C/R,native_Capacity,4096.0,4096.0,0.0,0.0,6,6,4096,4096,4096,4096,,
runtime-auto,runtime,compile_release_270,A/C,native_Capacity,4096.0,4096.0,0.0,0.0,6,6,4096,4096,4096,4096,,
runtime-auto,runtime,compile_release_270,A/R,native_PeakRegistered,0.0,0.0,0.0,,6,6,0,0,0,0,,
runtime-auto,runtime,compile_release_270,C/R,native_PeakRegistered,0.0,0.0,0.0,,6,6,0,0,0,0,,
runtime-auto,runtime,compile_release_270,A/C,native_PeakRegistered,0.0,0.0,0.0,,6,6,0,0,0,0,,
runtime-auto,runtime,compile_release_270,A/R,native_Registered,0.0,0.0,0.0,,6,6,0,0,0,0,,
runtime-auto,runtime,compile_release_270,C/R,native_Registered,0.0,0.0,0.0,,6,6,0,0,0,0,,
runtime-auto,runtime,compile_release_270,A/C,native_Registered,0.0,0.0,0.0,,6,6,0,0,0,0,,
runtime-auto,runtime,compile_release_270,A/R,native_ScanSpan,0.0,0.0,0.0,,6,6,0,0,0,0,,
runtime-auto,runtime,compile_release_270,C/R,native_ScanSpan,0.0,0.0,0.0,,6,6,0,0,0,0,,
runtime-auto,runtime,compile_release_270,A/C,native_ScanSpan,0.0,0.0,0.0,,6,6,0,0,0,0,,
runtime-auto,runtime,compile_release_270,A/R,native_Supported,1.0,1.0,0.0,0.0,6,6,True,True,True,True,,
runtime-auto,runtime,compile_release_270,C/R,native_Supported,1.0,1.0,0.0,0.0,6,6,True,True,True,True,,
runtime-auto,runtime,compile_release_270,A/C,native_Supported,1.0,1.0,0.0,0.0,6,6,True,True,True,True,,
runtime-auto,runtime,compile_release_270,A/R,peak_rss_kib,16708.0,16824.0,116.0,0.6942781900885819,6,6,14596,16972,16708,16960,,
runtime-auto,runtime,compile_release_270,C/R,peak_rss_kib,16712.0,16824.0,112.0,0.670177118238402,6,6,16572,16988,16708,16960,,
runtime-auto,runtime,compile_release_270,A/C,peak_rss_kib,16708.0,16712.0,4.0,0.02394062724442314,6,6,14596,16972,16572,16988,,
runtime-auto,runtime,compile_release_270,A/R,rss_bytes,16683008.0,17010688.0,327680.0,1.964154186103606,6,6,15126528,17506304,16699392,17297408,,
runtime-auto,runtime,compile_release_270,C/R,rss_bytes,17010688.0,17010688.0,0.0,0.0,6,6,16719872,17387520,16699392,17297408,,
runtime-auto,runtime,compile_release_270,A/C,rss_bytes,16683008.0,17010688.0,327680.0,1.964154186103606,6,6,15126528,17506304,16719872,17387520,,
runtime-auto,runtime,compile_release_270,A/R,total_alloc,45742472.0,30131400.0,-15611072.0,-34.128177419007876,6,6,45735304,45754344,30111968,30260360,,
runtime-auto,runtime,compile_release_270,C/R,total_alloc,30129928.0,30131400.0,1472.0,0.004885507857843585,6,6,30118632,30222896,30111968,30260360,,
runtime-auto,runtime,compile_release_270,A/C,total_alloc,45742472.0,30129928.0,-15612544.0,-34.13139543485975,6,6,45735304,45754344,30118632,30222896,,
runtime-auto,runtime,initial,A/R,code_bytes,0.0,0.0,0.0,,6,6,0,0,0,0,,
runtime-auto,runtime,initial,C/R,code_bytes,0.0,0.0,0.0,,6,6,0,0,0,0,,
runtime-auto,runtime,initial,A/C,code_bytes,0.0,0.0,0.0,,6,6,0,0,0,0,,
runtime-auto,runtime,initial,A/R,functions_per_batch,4128.0,4128.0,0.0,0.0,6,6,4128,4128,4128,4128,,
runtime-auto,runtime,initial,C/R,functions_per_batch,4128.0,4128.0,0.0,0.0,6,6,4128,4128,4128,4128,,
runtime-auto,runtime,initial,A/C,functions_per_batch,4128.0,4128.0,0.0,0.0,6,6,4128,4128,4128,4128,,
runtime-auto,runtime,initial,A/R,heap_alloc,183504.0,183440.0,-64.0,-0.03487662394280333,6,6,183424,183904,183120,183760,,
runtime-auto,runtime,initial,C/R,heap_alloc,183440.0,183440.0,0.0,0.0,6,6,183280,189080,183120,183760,,
runtime-auto,runtime,initial,A/C,heap_alloc,183504.0,183440.0,-64.0,-0.03487662394280333,6,6,183424,183904,183280,189080,,
runtime-auto,runtime,initial,A/R,heap_inuse,647168.0,598016.0,-49152.0,-7.594936708860756,6,6,598016,745472,598016,696320,,
runtime-auto,runtime,initial,C/R,heap_inuse,688128.0,598016.0,-90112.0,-13.095238095238093,6,6,598016,778240,598016,696320,,
runtime-auto,runtime,initial,A/C,heap_inuse,647168.0,688128.0,40960.0,6.329113924050622,6,6,598016,745472,598016,778240,,
runtime-auto,runtime,initial,A/R,heap_objects,456.5,457.0,0.5,0.10952902519167917,6,6,456,459,455,459,,
runtime-auto,runtime,initial,C/R,heap_objects,457.5,457.0,-0.5,-0.10928961748634114,6,6,456,465,455,459,,
runtime-auto,runtime,initial,A/C,heap_objects,456.5,457.5,1.0,0.21905805038335835,6,6,456,459,456,465,,
runtime-auto,runtime,initial,A/R,heap_released,4685824.0,4722688.0,36864.0,0.786713286713292,6,6,2547712,6864896,2703360,6897664,,
runtime-auto,runtime,initial,C/R,heap_released,6750208.0,4722688.0,-2027520.0,-30.03640776699029,6,6,2416640,6897664,2703360,6897664,,
runtime-auto,runtime,initial,A/C,heap_released,4685824.0,6750208.0,2064384.0,44.05594405594406,6,6,2547712,6864896,2416640,6897664,,
runtime-auto,runtime,initial,A/R,instances,0.0,0.0,0.0,,6,6,0,0,0,0,,
runtime-auto,runtime,initial,C/R,instances,0.0,0.0,0.0,,6,6,0,0,0,0,,
runtime-auto,runtime,initial,A/C,instances,0.0,0.0,0.0,,6,6,0,0,0,0,,
runtime-auto,runtime,initial,A/R,mallocs,5009.5,5010.0,0.5,0.00998103603153666,6,6,5009,5012,5008,5012,,
runtime-auto,runtime,initial,C/R,mallocs,5010.0,5010.0,0.0,0.0,6,6,5009,5018,5008,5012,,
runtime-auto,runtime,initial,A/C,mallocs,5009.5,5010.0,0.5,0.00998103603153666,6,6,5009,5012,5009,5018,,
runtime-auto,runtime,initial,A/R,modules,0.0,0.0,0.0,,6,6,0,0,0,0,,
runtime-auto,runtime,initial,C/R,modules,0.0,0.0,0.0,,6,6,0,0,0,0,,
runtime-auto,runtime,initial,A/C,modules,0.0,0.0,0.0,,6,6,0,0,0,0,,
runtime-auto,runtime,initial,A/R,native_Active,0.0,0.0,0.0,,6,6,0,0,0,0,,
runtime-auto,runtime,initial,C/R,native_Active,0.0,0.0,0.0,,6,6,0,0,0,0,,
runtime-auto,runtime,initial,A/C,native_Active,0.0,0.0,0.0,,6,6,0,0,0,0,,
runtime-auto,runtime,initial,A/R,native_Cached,0.0,0.0,0.0,,6,6,0,0,0,0,,
runtime-auto,runtime,initial,C/R,native_Cached,0.0,0.0,0.0,,6,6,0,0,0,0,,
runtime-auto,runtime,initial,A/C,native_Cached,0.0,0.0,0.0,,6,6,0,0,0,0,,
runtime-auto,runtime,initial,A/R,native_Capacity,4096.0,4096.0,0.0,0.0,6,6,4096,4096,4096,4096,,
runtime-auto,runtime,initial,C/R,native_Capacity,4096.0,4096.0,0.0,0.0,6,6,4096,4096,4096,4096,,
runtime-auto,runtime,initial,A/C,native_Capacity,4096.0,4096.0,0.0,0.0,6,6,4096,4096,4096,4096,,
runtime-auto,runtime,initial,A/R,native_PeakRegistered,0.0,0.0,0.0,,6,6,0,0,0,0,,
runtime-auto,runtime,initial,C/R,native_PeakRegistered,0.0,0.0,0.0,,6,6,0,0,0,0,,
runtime-auto,runtime,initial,A/C,native_PeakRegistered,0.0,0.0,0.0,,6,6,0,0,0,0,,
runtime-auto,runtime,initial,A/R,native_Registered,0.0,0.0,0.0,,6,6,0,0,0,0,,
runtime-auto,runtime,initial,C/R,native_Registered,0.0,0.0,0.0,,6,6,0,0,0,0,,
runtime-auto,runtime,initial,A/C,native_Registered,0.0,0.0,0.0,,6,6,0,0,0,0,,
runtime-auto,runtime,initial,A/R,native_ScanSpan,0.0,0.0,0.0,,6,6,0,0,0,0,,
runtime-auto,runtime,initial,C/R,native_ScanSpan,0.0,0.0,0.0,,6,6,0,0,0,0,,
runtime-auto,runtime,initial,A/C,native_ScanSpan,0.0,0.0,0.0,,6,6,0,0,0,0,,
runtime-auto,runtime,initial,A/R,native_Supported,1.0,1.0,0.0,0.0,6,6,True,True,True,True,,
runtime-auto,runtime,initial,C/R,native_Supported,1.0,1.0,0.0,0.0,6,6,True,True,True,True,,
runtime-auto,runtime,initial,A/C,native_Supported,1.0,1.0,0.0,0.0,6,6,True,True,True,True,,
runtime-auto,runtime,initial,A/R,peak_rss_kib,13654.0,13572.0,-82.0,-0.6005566134466123,6,6,13472,13792,13488,13732,,
runtime-auto,runtime,initial,C/R,peak_rss_kib,13738.0,13572.0,-166.0,-1.2083272674333956,6,6,13528,13800,13488,13732,,
runtime-auto,runtime,initial,A/C,peak_rss_kib,13654.0,13738.0,84.0,0.6152043357257941,6,6,13472,13792,13528,13800,,
runtime-auto,runtime,initial,A/R,rss_bytes,9228288.0,9551872.0,323584.0,3.506435863293378,6,6,9224192,9236480,9543680,9555968,,
runtime-auto,runtime,initial,C/R,rss_bytes,9615360.0,9551872.0,-63488.0,-0.6602768903088418,6,6,9609216,11714560,9543680,9555968,,
runtime-auto,runtime,initial,A/C,rss_bytes,9228288.0,9615360.0,387072.0,4.194407456724369,6,6,9224192,9236480,9609216,11714560,,
runtime-auto,runtime,initial,A/R,total_alloc,388200.0,388136.0,-64.0,-0.0164863472436938,6,6,388120,388600,387816,388456,,
runtime-auto,runtime,initial,C/R,total_alloc,388136.0,388136.0,0.0,0.0,6,6,387976,393776,387816,388456,,
runtime-auto,runtime,initial,A/C,total_alloc,388200.0,388136.0,-64.0,-0.0164863472436938,6,6,388120,388600,387976,393776,,
runtime-auto,runtime,released_0,A/R,allocation_bytes_delta,25648.0,25648.0,0.0,0.0,6,6,25456,30776,25456,25648,,
runtime-auto,runtime,released_0,C/R,allocation_bytes_delta,25648.0,25648.0,0.0,0.0,6,6,25456,25648,25456,25648,,
runtime-auto,runtime,released_0,A/C,allocation_bytes_delta,25648.0,25648.0,0.0,0.0,6,6,25456,30776,25456,25648,,
runtime-auto,runtime,released_0,A/R,allocation_count_delta,341.0,341.0,0.0,0.0,6,6,339,345,339,341,,
runtime-auto,runtime,released_0,C/R,allocation_count_delta,341.0,341.0,0.0,0.0,6,6,339,341,339,341,,
runtime-auto,runtime,released_0,A/C,allocation_count_delta,341.0,341.0,0.0,0.0,6,6,339,345,339,341,,
runtime-auto,runtime,released_0,A/R,code_bytes,0.0,0.0,0.0,,6,6,0,0,0,0,,
runtime-auto,runtime,released_0,C/R,code_bytes,0.0,0.0,0.0,,6,6,0,0,0,0,,
runtime-auto,runtime,released_0,A/C,code_bytes,0.0,0.0,0.0,,6,6,0,0,0,0,,
runtime-auto,runtime,released_0,A/R,functions_per_batch,4128.0,4128.0,0.0,0.0,6,6,4128,4128,4128,4128,,
runtime-auto,runtime,released_0,C/R,functions_per_batch,4128.0,4128.0,0.0,0.0,6,6,4128,4128,4128,4128,,
runtime-auto,runtime,released_0,A/C,functions_per_batch,4128.0,4128.0,0.0,0.0,6,6,4128,4128,4128,4128,,
runtime-auto,runtime,released_0,A/R,heap_alloc,1189356.0,1191076.0,1720.0,0.14461607794469256,6,6,1181880,1195520,1175544,1204712,,
runtime-auto,runtime,released_0,C/R,heap_alloc,1183168.0,1191076.0,7908.0,0.6683750743765815,6,6,1173848,1198256,1175544,1204712,,
runtime-auto,runtime,released_0,A/C,heap_alloc,1189356.0,1183168.0,-6188.0,-0.52028156414059,6,6,1181880,1195520,1173848,1198256,,
runtime-auto,runtime,released_0,A/R,heap_inuse,1978368.0,2015232.0,36864.0,1.8633540372670732,6,6,1916928,2056192,1867776,2056192,,
runtime-auto,runtime,released_0,C/R,heap_inuse,2052096.0,2015232.0,-36864.0,-1.7964071856287456,6,6,1949696,2154496,1867776,2056192,,
runtime-auto,runtime,released_0,A/C,heap_inuse,1978368.0,2052096.0,73728.0,3.7267080745341685,6,6,1916928,2056192,1949696,2154496,,
runtime-auto,runtime,released_0,A/R,heap_objects,1515.5,1511.0,-4.5,-0.29693170570769256,6,6,1504,1524,1482,1542,,
runtime-auto,runtime,released_0,C/R,heap_objects,1500.0,1511.0,11.0,0.7333333333333414,6,6,1484,1527,1482,1542,,
runtime-auto,runtime,released_0,A/C,heap_objects,1515.5,1500.0,-15.5,-1.0227647641042559,6,6,1504,1524,1484,1527,,
runtime-auto,runtime,released_0,A/R,heap_released,4763648.0,6955008.0,2191360.0,46.00171969045572,6,6,4579328,9060352,4358144,9469952,,
runtime-auto,runtime,released_0,C/R,heap_released,7544832.0,6955008.0,-589824.0,-7.817589576547235,6,6,4210688,9035776,4358144,9469952,,
runtime-auto,runtime,released_0,A/C,heap_released,4763648.0,7544832.0,2781184.0,58.38349097162512,6,6,4579328,9060352,4210688,9035776,,
runtime-auto,runtime,released_0,A/R,instances,0.0,0.0,0.0,,6,6,0,0,0,0,,
runtime-auto,runtime,released_0,C/R,instances,0.0,0.0,0.0,,6,6,0,0,0,0,,
runtime-auto,runtime,released_0,A/C,instances,0.0,0.0,0.0,,6,6,0,0,0,0,,
runtime-auto,runtime,released_0,A/R,mallocs,72855.5,72118.5,-737.0,-1.0115914378461488,6,6,72834,72864,72085,72165,,
runtime-auto,runtime,released_0,C/R,mallocs,72126.5,72118.5,-8.0,-0.011091623744396983,6,6,72046,72156,72085,72165,,
runtime-auto,runtime,released_0,A/C,mallocs,72855.5,72126.5,-729.0,-1.0006107980866208,6,6,72834,72864,72046,72156,,
runtime-auto,runtime,released_0,A/R,modules,0.0,0.0,0.0,,6,6,0,0,0,0,,
runtime-auto,runtime,released_0,C/R,modules,0.0,0.0,0.0,,6,6,0,0,0,0,,
runtime-auto,runtime,released_0,A/C,modules,0.0,0.0,0.0,,6,6,0,0,0,0,,
runtime-auto,runtime,released_0,A/R,native_Active,0.0,0.0,0.0,,6,6,0,0,0,0,,
runtime-auto,runtime,released_0,C/R,native_Active,0.0,0.0,0.0,,6,6,0,0,0,0,,
runtime-auto,runtime,released_0,A/C,native_Active,0.0,0.0,0.0,,6,6,0,0,0,0,,
runtime-auto,runtime,released_0,A/R,native_Cached,1.0,1.0,0.0,0.0,6,6,1,1,1,1,,
runtime-auto,runtime,released_0,C/R,native_Cached,1.0,1.0,0.0,0.0,6,6,1,1,1,1,,
runtime-auto,runtime,released_0,A/C,native_Cached,1.0,1.0,0.0,0.0,6,6,1,1,1,1,,
runtime-auto,runtime,released_0,A/R,native_Capacity,4096.0,4096.0,0.0,0.0,6,6,4096,4096,4096,4096,,
runtime-auto,runtime,released_0,C/R,native_Capacity,4096.0,4096.0,0.0,0.0,6,6,4096,4096,4096,4096,,
runtime-auto,runtime,released_0,A/C,native_Capacity,4096.0,4096.0,0.0,0.0,6,6,4096,4096,4096,4096,,
runtime-auto,runtime,released_0,A/R,native_PeakRegistered,36.0,36.0,0.0,0.0,6,6,36,36,36,36,,
runtime-auto,runtime,released_0,C/R,native_PeakRegistered,36.0,36.0,0.0,0.0,6,6,36,36,36,36,,
runtime-auto,runtime,released_0,A/C,native_PeakRegistered,36.0,36.0,0.0,0.0,6,6,36,36,36,36,,
runtime-auto,runtime,released_0,A/R,native_Registered,1.0,1.0,0.0,0.0,6,6,1,1,1,1,,
runtime-auto,runtime,released_0,C/R,native_Registered,1.0,1.0,0.0,0.0,6,6,1,1,1,1,,
runtime-auto,runtime,released_0,A/C,native_Registered,1.0,1.0,0.0,0.0,6,6,1,1,1,1,,
runtime-auto,runtime,released_0,A/R,native_ScanSpan,1.0,1.0,0.0,0.0,6,6,1,1,1,1,,
runtime-auto,runtime,released_0,C/R,native_ScanSpan,1.0,1.0,0.0,0.0,6,6,1,1,1,1,,
runtime-auto,runtime,released_0,A/C,native_ScanSpan,1.0,1.0,0.0,0.0,6,6,1,1,1,1,,
runtime-auto,runtime,released_0,A/R,native_Supported,1.0,1.0,0.0,0.0,6,6,True,True,True,True,,
runtime-auto,runtime,released_0,C/R,native_Supported,1.0,1.0,0.0,0.0,6,6,True,True,True,True,,
runtime-auto,runtime,released_0,A/C,native_Supported,1.0,1.0,0.0,0.0,6,6,True,True,True,True,,
runtime-auto,runtime,released_0,A/R,peak_rss_kib,90542.0,90936.0,394.0,0.4351571646307839,6,6,89112,91540,90824,91168,,
runtime-auto,runtime,released_0,C/R,peak_rss_kib,90898.0,90936.0,38.0,0.04180510022222528,6,6,90640,91092,90824,91168,,
runtime-auto,runtime,released_0,A/C,peak_rss_kib,90542.0,90898.0,356.0,0.3931876918998878,6,6,89112,91540,90640,91092,,
runtime-auto,runtime,released_0,A/R,rss_bytes,16414720.0,16361472.0,-53248.0,-0.3243917654398021,6,6,14450688,16932864,15896576,16519168,,
runtime-auto,runtime,released_0,C/R,rss_bytes,16728064.0,16361472.0,-366592.0,-2.1914789422135206,6,6,15745024,17580032,15896576,16519168,,
runtime-auto,runtime,released_0,A/C,rss_bytes,16414720.0,16728064.0,313344.0,1.908920773549605,6,6,14450688,16932864,15745024,17580032,,
runtime-auto,runtime,released_0,A/R,total_alloc,51954632.0,34258796.0,-17695836.0,-34.06017003450241,6,6,51943232,51962408,34236352,34389704,,
runtime-auto,runtime,released_0,C/R,total_alloc,34255964.0,34258796.0,2832.0,0.008267173564280306,6,6,34242736,34348432,34236352,34389704,,
runtime-auto,runtime,released_0,A/C,total_alloc,51954632.0,34255964.0,-17698668.0,-34.06562094405749,6,6,51943232,51962408,34242736,34348432,,
runtime-auto,runtime,released_1,A/R,allocation_bytes_delta,25328.0,25240.0,-88.0,-0.3474415666456121,6,6,25136,25328,25136,25328,,
runtime-auto,runtime,released_1,C/R,allocation_bytes_delta,25240.0,25240.0,0.0,0.0,6,6,25136,25328,25136,25328,,
runtime-auto,runtime,released_1,A/C,allocation_bytes_delta,25328.0,25240.0,-88.0,-0.3474415666456121,6,6,25136,25328,25136,25328,,
runtime-auto,runtime,released_1,A/R,allocation_count_delta,339.0,338.5,-0.5,-0.1474926253687281,6,6,337,339,337,339,,
runtime-auto,runtime,released_1,C/R,allocation_count_delta,338.5,338.5,0.0,0.0,6,6,337,339,337,339,,
runtime-auto,runtime,released_1,A/C,allocation_count_delta,339.0,338.5,-0.5,-0.1474926253687281,6,6,337,339,337,339,,
runtime-auto,runtime,released_1,A/R,code_bytes,0.0,0.0,0.0,,6,6,0,0,0,0,,
runtime-auto,runtime,released_1,C/R,code_bytes,0.0,0.0,0.0,,6,6,0,0,0,0,,
runtime-auto,runtime,released_1,A/C,code_bytes,0.0,0.0,0.0,,6,6,0,0,0,0,,
runtime-auto,runtime,released_1,A/R,functions_per_batch,4128.0,4128.0,0.0,0.0,6,6,4128,4128,4128,4128,,
runtime-auto,runtime,released_1,C/R,functions_per_batch,4128.0,4128.0,0.0,0.0,6,6,4128,4128,4128,4128,,
runtime-auto,runtime,released_1,A/C,functions_per_batch,4128.0,4128.0,0.0,0.0,6,6,4128,4128,4128,4128,,
runtime-auto,runtime,released_1,A/R,heap_alloc,1191068.0,1199184.0,8116.0,0.681405259817236,6,6,1187184,1201376,1185880,1204904,,
runtime-auto,runtime,released_1,C/R,heap_alloc,1184184.0,1199184.0,15000.0,1.2666950406355681,6,6,1177192,1198320,1185880,1204904,,
runtime-auto,runtime,released_1,A/C,heap_alloc,1191068.0,1184184.0,-6884.0,-0.577968680209695,6,6,1187184,1201376,1177192,1198320,,
runtime-auto,runtime,released_1,A/R,heap_inuse,1986560.0,1994752.0,8192.0,0.4123711340206171,6,6,1933312,2056192,1908736,2080768,,
runtime-auto,runtime,released_1,C/R,heap_inuse,2031616.0,1994752.0,-36864.0,-1.814516129032262,6,6,1949696,2154496,1908736,2080768,,
runtime-auto,runtime,released_1,A/C,heap_inuse,1986560.0,2031616.0,45056.0,2.268041237113394,6,6,1933312,2056192,1949696,2154496,,
runtime-auto,runtime,released_1,A/R,heap_objects,1518.5,1527.0,8.5,0.5597629239380897,6,6,1509,1536,1502,1548,,
runtime-auto,runtime,released_1,C/R,heap_objects,1504.5,1527.0,22.5,1.495513459621134,6,6,1490,1525,1502,1548,,
runtime-auto,runtime,released_1,A/C,heap_objects,1518.5,1504.5,-14.0,-0.9219624629568601,6,6,1509,1536,1490,1525,,
runtime-auto,runtime,released_1,A/R,heap_released,4804608.0,6574080.0,1769472.0,36.82864450127876,6,6,4448256,9019392,4194304,8937472,,
runtime-auto,runtime,released_1,C/R,heap_released,8073216.0,6574080.0,-1499136.0,-18.56925418569254,6,6,4448256,8994816,4194304,8937472,,
runtime-auto,runtime,released_1,A/C,heap_released,4804608.0,8073216.0,3268608.0,68.0306905370844,6,6,4448256,9019392,4448256,8994816,,
runtime-auto,runtime,released_1,A/R,instances,0.0,0.0,0.0,,6,6,0,0,0,0,,
runtime-auto,runtime,released_1,C/R,instances,0.0,0.0,0.0,,6,6,0,0,0,0,,
runtime-auto,runtime,released_1,A/C,instances,0.0,0.0,0.0,,6,6,0,0,0,0,,
runtime-auto,runtime,released_1,A/R,mallocs,81644.0,80834.5,-809.5,-0.9914996815442612,6,6,81627,81659,80812,80873,,
runtime-auto,runtime,released_1,C/R,mallocs,80832.5,80834.5,2.0,0.0024742523118792548,6,6,80763,80866,80812,80873,,
runtime-auto,runtime,released_1,A/C,mallocs,81644.0,80832.5,-811.5,-0.9939493410416,6,6,81627,81659,80763,80866,,
runtime-auto,runtime,released_1,A/R,modules,0.0,0.0,0.0,,6,6,0,0,0,0,,
runtime-auto,runtime,released_1,C/R,modules,0.0,0.0,0.0,,6,6,0,0,0,0,,
runtime-auto,runtime,released_1,A/C,modules,0.0,0.0,0.0,,6,6,0,0,0,0,,
runtime-auto,runtime,released_1,A/R,native_Active,0.0,0.0,0.0,,6,6,0,0,0,0,,
runtime-auto,runtime,released_1,C/R,native_Active,0.0,0.0,0.0,,6,6,0,0,0,0,,
runtime-auto,runtime,released_1,A/C,native_Active,0.0,0.0,0.0,,6,6,0,0,0,0,,
runtime-auto,runtime,released_1,A/R,native_Cached,1.0,1.0,0.0,0.0,6,6,1,1,1,1,,
runtime-auto,runtime,released_1,C/R,native_Cached,1.0,1.0,0.0,0.0,6,6,1,1,1,1,,
runtime-auto,runtime,released_1,A/C,native_Cached,1.0,1.0,0.0,0.0,6,6,1,1,1,1,,
runtime-auto,runtime,released_1,A/R,native_Capacity,4096.0,4096.0,0.0,0.0,6,6,4096,4096,4096,4096,,
runtime-auto,runtime,released_1,C/R,native_Capacity,4096.0,4096.0,0.0,0.0,6,6,4096,4096,4096,4096,,
runtime-auto,runtime,released_1,A/C,native_Capacity,4096.0,4096.0,0.0,0.0,6,6,4096,4096,4096,4096,,
runtime-auto,runtime,released_1,A/R,native_PeakRegistered,36.0,36.0,0.0,0.0,6,6,36,36,36,36,,
runtime-auto,runtime,released_1,C/R,native_PeakRegistered,36.0,36.0,0.0,0.0,6,6,36,36,36,36,,
runtime-auto,runtime,released_1,A/C,native_PeakRegistered,36.0,36.0,0.0,0.0,6,6,36,36,36,36,,
runtime-auto,runtime,released_1,A/R,native_Registered,1.0,1.0,0.0,0.0,6,6,1,1,1,1,,
runtime-auto,runtime,released_1,C/R,native_Registered,1.0,1.0,0.0,0.0,6,6,1,1,1,1,,
runtime-auto,runtime,released_1,A/C,native_Registered,1.0,1.0,0.0,0.0,6,6,1,1,1,1,,
runtime-auto,runtime,released_1,A/R,native_ScanSpan,1.0,1.0,0.0,0.0,6,6,1,1,1,1,,
runtime-auto,runtime,released_1,C/R,native_ScanSpan,1.0,1.0,0.0,0.0,6,6,1,1,1,1,,
runtime-auto,runtime,released_1,A/C,native_ScanSpan,1.0,1.0,0.0,0.0,6,6,1,1,1,1,,
runtime-auto,runtime,released_1,A/R,native_Supported,1.0,1.0,0.0,0.0,6,6,True,True,True,True,,
runtime-auto,runtime,released_1,C/R,native_Supported,1.0,1.0,0.0,0.0,6,6,True,True,True,True,,
runtime-auto,runtime,released_1,A/C,native_Supported,1.0,1.0,0.0,0.0,6,6,True,True,True,True,,
runtime-auto,runtime,released_1,A/R,peak_rss_kib,90542.0,90936.0,394.0,0.4351571646307839,6,6,89112,91540,90824,91168,,
runtime-auto,runtime,released_1,C/R,peak_rss_kib,90898.0,90936.0,38.0,0.04180510022222528,6,6,90640,91092,90824,91168,,
runtime-auto,runtime,released_1,A/C,peak_rss_kib,90542.0,90898.0,356.0,0.3931876918998878,6,6,89112,91540,90640,91092,,
runtime-auto,runtime,released_1,A/R,rss_bytes,16343040.0,16517120.0,174080.0,1.065162907268169,6,6,14446592,17203200,16175104,17428480,,
runtime-auto,runtime,released_1,C/R,rss_bytes,16793600.0,16517120.0,-276480.0,-1.6463414634146356,6,6,15716352,17354752,16175104,17428480,,
runtime-auto,runtime,released_1,A/C,rss_bytes,16343040.0,16793600.0,450560.0,2.7568922305764465,6,6,14446592,17203200,15716352,17354752,,
runtime-auto,runtime,released_1,A/R,total_alloc,58134988.0,38358432.0,-19776556.0,-34.018336771652905,6,6,58125784,58140136,38340752,38493152,,
runtime-auto,runtime,released_1,C/R,total_alloc,38351052.0,38358432.0,7380.0,0.019243279167424632,6,6,38341400,38448280,38340752,38493152,,
runtime-auto,runtime,released_1,A/C,total_alloc,58134988.0,38351052.0,-19783936.0,-34.0310313644513,6,6,58125784,58140136,38341400,38448280,,
runtime-auto,runtime,released_2,A/R,allocation_bytes_delta,25328.0,25136.0,-192.0,-0.758054327226787,6,6,25328,25328,25136,25328,,
runtime-auto,runtime,released_2,C/R,allocation_bytes_delta,25328.0,25136.0,-192.0,-0.758054327226787,6,6,25136,30648,25136,25328,,
runtime-auto,runtime,released_2,A/C,allocation_bytes_delta,25328.0,25328.0,0.0,0.0,6,6,25328,25328,25136,30648,,
runtime-auto,runtime,released_2,A/R,allocation_count_delta,339.0,337.0,-2.0,-0.5899705014749235,6,6,339,339,337,339,,
runtime-auto,runtime,released_2,C/R,allocation_count_delta,339.0,337.0,-2.0,-0.5899705014749235,6,6,337,345,337,339,,
runtime-auto,runtime,released_2,A/C,allocation_count_delta,339.0,339.0,0.0,0.0,6,6,339,339,337,345,,
runtime-auto,runtime,released_2,A/R,code_bytes,0.0,0.0,0.0,,6,6,0,0,0,0,,
runtime-auto,runtime,released_2,C/R,code_bytes,0.0,0.0,0.0,,6,6,0,0,0,0,,
runtime-auto,runtime,released_2,A/C,code_bytes,0.0,0.0,0.0,,6,6,0,0,0,0,,
runtime-auto,runtime,released_2,A/R,functions_per_batch,4128.0,4128.0,0.0,0.0,6,6,4128,4128,4128,4128,,
runtime-auto,runtime,released_2,C/R,functions_per_batch,4128.0,4128.0,0.0,0.0,6,6,4128,4128,4128,4128,,
runtime-auto,runtime,released_2,A/C,functions_per_batch,4128.0,4128.0,0.0,0.0,6,6,4128,4128,4128,4128,,
runtime-auto,runtime,released_2,A/R,heap_alloc,1191228.0,1202608.0,11380.0,0.9553166983986339,6,6,1188872,1206208,1187368,1212384,,
runtime-auto,runtime,released_2,C/R,heap_alloc,1189268.0,1202608.0,13340.0,1.121698389261283,6,6,1184216,1198448,1187368,1212384,,
runtime-auto,runtime,released_2,A/C,heap_alloc,1191228.0,1189268.0,-1960.0,-0.16453609216707799,6,6,1188872,1206208,1184216,1198448,,
runtime-auto,runtime,released_2,A/R,heap_inuse,2011136.0,2011136.0,0.0,0.0,6,6,1982464,2056192,1925120,2072576,,
runtime-auto,runtime,released_2,C/R,heap_inuse,2035712.0,2011136.0,-24576.0,-1.2072434607645843,6,6,1966080,2080768,1925120,2072576,,
runtime-auto,runtime,released_2,A/C,heap_inuse,2011136.0,2035712.0,24576.0,1.2219959266802416,6,6,1982464,2056192,1966080,2080768,,
runtime-auto,runtime,released_2,A/R,heap_objects,1519.0,1537.0,18.0,1.1849901250822859,6,6,1515,1548,1508,1552,,
runtime-auto,runtime,released_2,C/R,heap_objects,1512.5,1537.0,24.5,1.619834710743806,6,6,1503,1527,1508,1552,,
runtime-auto,runtime,released_2,A/C,heap_objects,1519.0,1512.5,-6.5,-0.42791310072416433,6,6,1515,1548,1503,1527,,
runtime-auto,runtime,released_2,A/R,heap_released,4706304.0,6488064.0,1781760.0,37.85900783289817,6,6,4136960,9748480,4431872,9183232,,
runtime-auto,runtime,released_2,C/R,heap_released,8495104.0,6488064.0,-2007040.0,-23.625843780135003,6,6,4284416,8814592,4431872,9183232,,
runtime-auto,runtime,released_2,A/C,heap_released,4706304.0,8495104.0,3788800.0,80.5047867711053,6,6,4136960,9748480,4284416,8814592,,
runtime-auto,runtime,released_2,A/R,instances,0.0,0.0,0.0,,6,6,0,0,0,0,,
runtime-auto,runtime,released_2,C/R,instances,0.0,0.0,0.0,,6,6,0,0,0,0,,
runtime-auto,runtime,released_2,A/C,instances,0.0,0.0,0.0,,6,6,0,0,0,0,,
runtime-auto,runtime,released_2,A/R,mallocs,90433.5,89553.0,-880.5,-0.9736436165801443,6,6,90418,90452,89536,89582,,
runtime-auto,runtime,released_2,C/R,mallocs,89539.0,89553.0,14.0,0.015635644802824977,6,6,89462,89568,89536,89582,,
runtime-auto,runtime,released_2,A/C,mallocs,90433.5,89539.0,-894.5,-0.9891246053730041,6,6,90418,90452,89462,89568,,
runtime-auto,runtime,released_2,A/R,modules,0.0,0.0,0.0,,6,6,0,0,0,0,,
runtime-auto,runtime,released_2,C/R,modules,0.0,0.0,0.0,,6,6,0,0,0,0,,
runtime-auto,runtime,released_2,A/C,modules,0.0,0.0,0.0,,6,6,0,0,0,0,,
runtime-auto,runtime,released_2,A/R,native_Active,0.0,0.0,0.0,,6,6,0,0,0,0,,
runtime-auto,runtime,released_2,C/R,native_Active,0.0,0.0,0.0,,6,6,0,0,0,0,,
runtime-auto,runtime,released_2,A/C,native_Active,0.0,0.0,0.0,,6,6,0,0,0,0,,
runtime-auto,runtime,released_2,A/R,native_Cached,1.0,1.0,0.0,0.0,6,6,1,1,1,1,,
runtime-auto,runtime,released_2,C/R,native_Cached,1.0,1.0,0.0,0.0,6,6,1,1,1,1,,
runtime-auto,runtime,released_2,A/C,native_Cached,1.0,1.0,0.0,0.0,6,6,1,1,1,1,,
runtime-auto,runtime,released_2,A/R,native_Capacity,4096.0,4096.0,0.0,0.0,6,6,4096,4096,4096,4096,,
runtime-auto,runtime,released_2,C/R,native_Capacity,4096.0,4096.0,0.0,0.0,6,6,4096,4096,4096,4096,,
runtime-auto,runtime,released_2,A/C,native_Capacity,4096.0,4096.0,0.0,0.0,6,6,4096,4096,4096,4096,,
runtime-auto,runtime,released_2,A/R,native_PeakRegistered,36.0,36.0,0.0,0.0,6,6,36,36,36,36,,
runtime-auto,runtime,released_2,C/R,native_PeakRegistered,36.0,36.0,0.0,0.0,6,6,36,36,36,36,,
runtime-auto,runtime,released_2,A/C,native_PeakRegistered,36.0,36.0,0.0,0.0,6,6,36,36,36,36,,
runtime-auto,runtime,released_2,A/R,native_Registered,1.0,1.0,0.0,0.0,6,6,1,1,1,1,,
runtime-auto,runtime,released_2,C/R,native_Registered,1.0,1.0,0.0,0.0,6,6,1,1,1,1,,
runtime-auto,runtime,released_2,A/C,native_Registered,1.0,1.0,0.0,0.0,6,6,1,1,1,1,,
runtime-auto,runtime,released_2,A/R,native_ScanSpan,1.0,1.0,0.0,0.0,6,6,1,1,1,1,,
runtime-auto,runtime,released_2,C/R,native_ScanSpan,1.0,1.0,0.0,0.0,6,6,1,1,1,1,,
runtime-auto,runtime,released_2,A/C,native_ScanSpan,1.0,1.0,0.0,0.0,6,6,1,1,1,1,,
runtime-auto,runtime,released_2,A/R,native_Supported,1.0,1.0,0.0,0.0,6,6,True,True,True,True,,
runtime-auto,runtime,released_2,C/R,native_Supported,1.0,1.0,0.0,0.0,6,6,True,True,True,True,,
runtime-auto,runtime,released_2,A/C,native_Supported,1.0,1.0,0.0,0.0,6,6,True,True,True,True,,
runtime-auto,runtime,released_2,A/R,peak_rss_kib,90542.0,90936.0,394.0,0.4351571646307839,6,6,89112,91540,90824,91168,,
runtime-auto,runtime,released_2,C/R,peak_rss_kib,90898.0,90936.0,38.0,0.04180510022222528,6,6,90640,91092,90824,91168,,
runtime-auto,runtime,released_2,A/C,peak_rss_kib,90542.0,90898.0,356.0,0.3931876918998878,6,6,89112,91540,90640,91092,,
runtime-auto,runtime,released_2,A/R,rss_bytes,16150528.0,16633856.0,483328.0,2.9926451940147203,6,6,14479360,16932864,16322560,16916480,,
runtime-auto,runtime,released_2,C/R,rss_bytes,16621568.0,16633856.0,12288.0,0.07392804337111869,6,6,16297984,17006592,16322560,16916480,,
runtime-auto,runtime,released_2,A/C,rss_bytes,16150528.0,16621568.0,471040.0,2.9165609941668835,6,6,14479360,16932864,16297984,17006592,,
runtime-auto,runtime,released_2,A/R,total_alloc,64314840.0,42454192.0,-21860648.0,-33.99005268457482,6,6,64303536,64319736,42437656,42597480,,
runtime-auto,runtime,released_2,C/R,total_alloc,42449176.0,42454192.0,5016.0,0.011816483787585597,6,6,42440552,42546104,42437656,42597480,,
runtime-auto,runtime,released_2,A/C,total_alloc,64314840.0,42449176.0,-21865664.0,-33.99785181771423,6,6,64303536,64319736,42440552,42546104,,
runtime-auto,runtime,retained_0,A/R,allocation_bytes_delta,6183236.0,4102344.0,-2080892.0,-33.653769644244534,6,6,6182024,6188664,4098736,4104352,,
runtime-auto,runtime,retained_0,C/R,allocation_bytes_delta,4099800.0,4102344.0,2544.0,0.06205180740523897,6,6,4098456,4102384,4098736,4104352,,
runtime-auto,runtime,retained_0,A/C,allocation_bytes_delta,6183236.0,4099800.0,-2083436.0,-33.69491314903718,6,6,6182024,6188664,4098456,4102384,,
runtime-auto,runtime,retained_0,A/R,allocation_count_delta,8496.0,8412.5,-83.5,-0.9828154425612023,6,6,8487,8508,8402,8422,,
runtime-auto,runtime,retained_0,C/R,allocation_count_delta,8409.5,8412.5,3.0,0.03567394018668679,6,6,8404,8417,8402,8422,,
runtime-auto,runtime,retained_0,A/C,allocation_count_delta,8496.0,8409.5,-86.5,-1.018126177024481,6,6,8487,8508,8404,8417,,
runtime-auto,runtime,retained_0,A/R,code_bytes,167268.0,134972.0,-32296.0,-19.307936963435925,6,6,167268,167268,134972,134972,,
runtime-auto,runtime,retained_0,C/R,code_bytes,134972.0,134972.0,0.0,0.0,6,6,134972,134972,134972,134972,,
runtime-auto,runtime,retained_0,A/C,code_bytes,167268.0,134972.0,-32296.0,-19.307936963435925,6,6,167268,167268,134972,134972,,
runtime-auto,runtime,retained_0,A/R,functions_per_batch,4128.0,4128.0,0.0,0.0,6,6,4128,4128,4128,4128,,
runtime-auto,runtime,retained_0,C/R,functions_per_batch,4128.0,4128.0,0.0,0.0,6,6,4128,4128,4128,4128,,
runtime-auto,runtime,retained_0,A/C,functions_per_batch,4128.0,4128.0,0.0,0.0,6,6,4128,4128,4128,4128,,
runtime-auto,runtime,retained_0,A/R,heap_alloc,1278280.0,1281484.0,3204.0,0.2506493100103313,6,6,1272272,1285880,1265872,1294768,,
runtime-auto,runtime,retained_0,C/R,heap_alloc,1273584.0,1281484.0,7900.0,0.6202967373962087,6,6,1264176,1288568,1265872,1294768,,
runtime-auto,runtime,retained_0,A/C,heap_alloc,1278280.0,1273584.0,-4696.0,-0.3673686516256214,6,6,1272272,1285880,1264176,1288568,,
runtime-auto,runtime,retained_0,A/R,heap_inuse,2105344.0,2162688.0,57344.0,2.7237354085603016,6,6,2015232,2162688,1998848,2220032,,
runtime-auto,runtime,retained_0,C/R,heap_inuse,2187264.0,2162688.0,-24576.0,-1.1235955056179803,6,6,2088960,2285568,1998848,2220032,,
runtime-auto,runtime,retained_0,A/C,heap_inuse,2105344.0,2187264.0,81920.0,3.891050583657596,6,6,2015232,2162688,2088960,2285568,,
runtime-auto,runtime,retained_0,A/R,heap_objects,1797.0,1796.0,-1.0,-0.05564830272676291,6,6,1779,1811,1767,1820,,
runtime-auto,runtime,retained_0,C/R,heap_objects,1785.5,1796.0,10.5,0.588070568468213,6,6,1769,1811,1767,1820,,
runtime-auto,runtime,retained_0,A/C,heap_objects,1797.0,1785.5,-11.5,-0.6399554813578234,6,6,1779,1811,1769,1811,,
runtime-auto,runtime,retained_0,A/R,heap_released,3526656.0,5439488.0,1912832.0,54.239256678281066,6,6,3153920,8142848,3194880,7569408,,
runtime-auto,runtime,retained_0,C/R,heap_released,7184384.0,5439488.0,-1744896.0,-24.287343215507406,6,6,3268608,7528448,3194880,7569408,,
runtime-auto,runtime,retained_0,A/C,heap_released,3526656.0,7184384.0,3657728.0,103.71660859465739,6,6,3153920,8142848,3268608,7528448,,
runtime-auto,runtime,retained_0,A/R,instances,36.0,36.0,0.0,0.0,6,6,36,36,36,36,,
runtime-auto,runtime,retained_0,C/R,instances,36.0,36.0,0.0,0.0,6,6,36,36,36,36,,
runtime-auto,runtime,retained_0,A/C,instances,36.0,36.0,0.0,0.0,6,6,36,36,36,36,,
runtime-auto,runtime,retained_0,A/R,mallocs,72512.5,71778.0,-734.5,-1.012928805378388,6,6,72495,72525,71744,71824,,
runtime-auto,runtime,retained_0,C/R,mallocs,71786.5,71778.0,-8.5,-0.011840666420570578,6,6,71705,71815,71744,71824,,
runtime-auto,runtime,retained_0,A/C,mallocs,72512.5,71786.5,-726.0,-1.0012066885019877,6,6,72495,72525,71705,71815,,
runtime-auto,runtime,retained_0,A/R,modules,36.0,36.0,0.0,0.0,6,6,36,36,36,36,,
runtime-auto,runtime,retained_0,C/R,modules,36.0,36.0,0.0,0.0,6,6,36,36,36,36,,
runtime-auto,runtime,retained_0,A/C,modules,36.0,36.0,0.0,0.0,6,6,36,36,36,36,,
runtime-auto,runtime,retained_0,A/R,native_Active,36.0,36.0,0.0,0.0,6,6,36,36,36,36,,
runtime-auto,runtime,retained_0,C/R,native_Active,36.0,36.0,0.0,0.0,6,6,36,36,36,36,,
runtime-auto,runtime,retained_0,A/C,native_Active,36.0,36.0,0.0,0.0,6,6,36,36,36,36,,
runtime-auto,runtime,retained_0,A/R,native_Cached,0.0,0.0,0.0,,6,6,0,0,0,0,,
runtime-auto,runtime,retained_0,C/R,native_Cached,0.0,0.0,0.0,,6,6,0,0,0,0,,
runtime-auto,runtime,retained_0,A/C,native_Cached,0.0,0.0,0.0,,6,6,0,0,0,0,,
runtime-auto,runtime,retained_0,A/R,native_Capacity,4096.0,4096.0,0.0,0.0,6,6,4096,4096,4096,4096,,
runtime-auto,runtime,retained_0,C/R,native_Capacity,4096.0,4096.0,0.0,0.0,6,6,4096,4096,4096,4096,,
runtime-auto,runtime,retained_0,A/C,native_Capacity,4096.0,4096.0,0.0,0.0,6,6,4096,4096,4096,4096,,
runtime-auto,runtime,retained_0,A/R,native_PeakRegistered,36.0,36.0,0.0,0.0,6,6,36,36,36,36,,
runtime-auto,runtime,retained_0,C/R,native_PeakRegistered,36.0,36.0,0.0,0.0,6,6,36,36,36,36,,
runtime-auto,runtime,retained_0,A/C,native_PeakRegistered,36.0,36.0,0.0,0.0,6,6,36,36,36,36,,
runtime-auto,runtime,retained_0,A/R,native_Registered,36.0,36.0,0.0,0.0,6,6,36,36,36,36,,
runtime-auto,runtime,retained_0,C/R,native_Registered,36.0,36.0,0.0,0.0,6,6,36,36,36,36,,
runtime-auto,runtime,retained_0,A/C,native_Registered,36.0,36.0,0.0,0.0,6,6,36,36,36,36,,
runtime-auto,runtime,retained_0,A/R,native_ScanSpan,36.0,36.0,0.0,0.0,6,6,36,36,36,36,,
runtime-auto,runtime,retained_0,C/R,native_ScanSpan,36.0,36.0,0.0,0.0,6,6,36,36,36,36,,
runtime-auto,runtime,retained_0,A/C,native_ScanSpan,36.0,36.0,0.0,0.0,6,6,36,36,36,36,,
runtime-auto,runtime,retained_0,A/R,native_Supported,1.0,1.0,0.0,0.0,6,6,True,True,True,True,,
runtime-auto,runtime,retained_0,C/R,native_Supported,1.0,1.0,0.0,0.0,6,6,True,True,True,True,,
runtime-auto,runtime,retained_0,A/C,native_Supported,1.0,1.0,0.0,0.0,6,6,True,True,True,True,,
runtime-auto,runtime,retained_0,A/R,peak_rss_kib,90542.0,90936.0,394.0,0.4351571646307839,6,6,89112,91540,90824,91168,,
runtime-auto,runtime,retained_0,C/R,peak_rss_kib,90834.0,90936.0,102.0,0.11229275381465786,6,6,90640,91084,90824,91168,,
runtime-auto,runtime,retained_0,A/C,peak_rss_kib,90542.0,90834.0,292.0,0.3225022641426101,6,6,89112,91540,90640,91084,,
runtime-auto,runtime,retained_0,A/R,rss_bytes,92934144.0,93282304.0,348160.0,0.37463087839921805,6,6,91394048,93839360,93040640,93532160,,
runtime-auto,runtime,retained_0,C/R,rss_bytes,93267968.0,93282304.0,14336.0,0.015370764805333614,6,6,92811264,93409280,93040640,93532160,,
runtime-auto,runtime,retained_0,A/C,rss_bytes,92934144.0,93267968.0,333824.0,0.3592049010533671,6,6,91394048,93839360,92811264,93409280,,
runtime-auto,runtime,retained_0,A/R,total_alloc,51928068.0,34233332.0,-17694736.0,-34.07547532867966,6,6,51917776,51936952,34210704,34364056,,
runtime-auto,runtime,retained_0,C/R,total_alloc,34230412.0,34233332.0,2920.0,0.008530426101804878,6,6,34217088,34322784,34210704,34364056,,
runtime-auto,runtime,retained_0,A/C,total_alloc,51928068.0,34230412.0,-17697656.0,-34.081098491859926,6,6,51917776,51936952,34217088,34322784,,
runtime-auto,runtime,retained_1,A/R,allocation_bytes_delta,6153644.0,4075704.0,-2077940.0,-33.76763426678566,6,6,6152488,6157568,4069864,4079072,,
runtime-auto,runtime,retained_1,C/R,allocation_bytes_delta,4070012.0,4075704.0,5692.0,0.13985216751204455,6,6,4069560,4074712,4069864,4079072,,
runtime-auto,runtime,retained_1,A/C,allocation_bytes_delta,6153644.0,4070012.0,-2083632.0,-33.860132305346234,6,6,6152488,6157568,4069560,4074712,,
runtime-auto,runtime,retained_1,A/R,allocation_count_delta,8455.0,8378.5,-76.5,-0.9047900650502649,6,6,8438,8459,8370,8388,,
runtime-auto,runtime,retained_1,C/R,allocation_count_delta,8370.0,8378.5,8.5,0.10155316606930143,6,6,8366,8381,8370,8388,,
runtime-auto,runtime,retained_1,A/C,allocation_count_delta,8455.0,8370.0,-85.0,-1.0053222945002993,6,6,8438,8459,8366,8381,,
runtime-auto,runtime,retained_1,A/R,code_bytes,167268.0,134972.0,-32296.0,-19.307936963435925,6,6,167268,167268,134972,134972,,
runtime-auto,runtime,retained_1,C/R,code_bytes,134972.0,134972.0,0.0,0.0,6,6,134972,134972,134972,134972,,
runtime-auto,runtime,retained_1,A/C,code_bytes,167268.0,134972.0,-32296.0,-19.307936963435925,6,6,167268,167268,134972,134972,,
runtime-auto,runtime,retained_1,A/R,functions_per_batch,4128.0,4128.0,0.0,0.0,6,6,4128,4128,4128,4128,,
runtime-auto,runtime,retained_1,C/R,functions_per_batch,4128.0,4128.0,0.0,0.0,6,6,4128,4128,4128,4128,,
runtime-auto,runtime,retained_1,A/C,functions_per_batch,4128.0,4128.0,0.0,0.0,6,6,4128,4128,4128,4128,,
runtime-auto,runtime,retained_1,A/R,heap_alloc,1281740.0,1289920.0,8180.0,0.6381949537347609,6,6,1277800,1292056,1276512,1295552,,
runtime-auto,runtime,retained_1,C/R,heap_alloc,1274952.0,1289920.0,14968.0,1.1740049821483467,6,6,1268016,1289144,1276512,1295552,,
runtime-auto,runtime,retained_1,A/C,heap_alloc,1281740.0,1274952.0,-6788.0,-0.5295925850796523,6,6,1277800,1292056,1268016,1289144,,
runtime-auto,runtime,retained_1,A/R,heap_inuse,2105344.0,2117632.0,12288.0,0.5836575875486361,6,6,2056192,2203648,2015232,2236416,,
runtime-auto,runtime,retained_1,C/R,heap_inuse,2162688.0,2117632.0,-45056.0,-2.083333333333337,6,6,2064384,2310144,2015232,2236416,,
runtime-auto,runtime,retained_1,A/C,heap_inuse,2105344.0,2162688.0,57344.0,2.7237354085603016,6,6,2056192,2203648,2064384,2310144,,
runtime-auto,runtime,retained_1,A/R,heap_objects,1804.0,1814.5,10.5,0.5820399113082075,6,6,1794,1825,1788,1835,,
runtime-auto,runtime,retained_1,C/R,heap_objects,1794.0,1814.5,20.5,1.142697881828325,6,6,1778,1813,1788,1835,,
runtime-auto,runtime,retained_1,A/C,heap_objects,1804.0,1794.0,-10.0,-0.5543237250554278,6,6,1794,1825,1778,1813,,
runtime-auto,runtime,retained_1,A/R,heap_released,3338240.0,5115904.0,1777664.0,53.25153374233129,6,6,2572288,7487488,2916352,7544832,,
runtime-auto,runtime,retained_1,C/R,heap_released,7184384.0,5115904.0,-2068480.0,-28.791334093500566,6,6,3006464,7553024,2916352,7544832,,
runtime-auto,runtime,retained_1,A/C,heap_released,3338240.0,7184384.0,3846144.0,115.21472392638037,6,6,2572288,7487488,3006464,7553024,,
runtime-auto,runtime,retained_1,A/R,instances,36.0,36.0,0.0,0.0,6,6,36,36,36,36,,
runtime-auto,runtime,retained_1,C/R,instances,36.0,36.0,0.0,0.0,6,6,36,36,36,36,,
runtime-auto,runtime,retained_1,A/C,instances,36.0,36.0,0.0,0.0,6,6,36,36,36,36,,
runtime-auto,runtime,retained_1,A/R,mallocs,81305.0,80497.0,-808.0,-0.9937888198757738,6,6,81289,81322,80473,80535,,
runtime-auto,runtime,retained_1,C/R,mallocs,80494.0,80497.0,3.0,0.0037269858623067975,6,6,80426,80529,80473,80535,,
runtime-auto,runtime,retained_1,A/C,mallocs,81305.0,80494.0,-811.0,-0.9974786298505678,6,6,81289,81322,80426,80529,,
runtime-auto,runtime,retained_1,A/R,modules,36.0,36.0,0.0,0.0,6,6,36,36,36,36,,
runtime-auto,runtime,retained_1,C/R,modules,36.0,36.0,0.0,0.0,6,6,36,36,36,36,,
runtime-auto,runtime,retained_1,A/C,modules,36.0,36.0,0.0,0.0,6,6,36,36,36,36,,
runtime-auto,runtime,retained_1,A/R,native_Active,36.0,36.0,0.0,0.0,6,6,36,36,36,36,,
runtime-auto,runtime,retained_1,C/R,native_Active,36.0,36.0,0.0,0.0,6,6,36,36,36,36,,
runtime-auto,runtime,retained_1,A/C,native_Active,36.0,36.0,0.0,0.0,6,6,36,36,36,36,,
runtime-auto,runtime,retained_1,A/R,native_Cached,0.0,0.0,0.0,,6,6,0,0,0,0,,
runtime-auto,runtime,retained_1,C/R,native_Cached,0.0,0.0,0.0,,6,6,0,0,0,0,,
runtime-auto,runtime,retained_1,A/C,native_Cached,0.0,0.0,0.0,,6,6,0,0,0,0,,
runtime-auto,runtime,retained_1,A/R,native_Capacity,4096.0,4096.0,0.0,0.0,6,6,4096,4096,4096,4096,,
runtime-auto,runtime,retained_1,C/R,native_Capacity,4096.0,4096.0,0.0,0.0,6,6,4096,4096,4096,4096,,
runtime-auto,runtime,retained_1,A/C,native_Capacity,4096.0,4096.0,0.0,0.0,6,6,4096,4096,4096,4096,,
runtime-auto,runtime,retained_1,A/R,native_PeakRegistered,36.0,36.0,0.0,0.0,6,6,36,36,36,36,,
runtime-auto,runtime,retained_1,C/R,native_PeakRegistered,36.0,36.0,0.0,0.0,6,6,36,36,36,36,,
runtime-auto,runtime,retained_1,A/C,native_PeakRegistered,36.0,36.0,0.0,0.0,6,6,36,36,36,36,,
runtime-auto,runtime,retained_1,A/R,native_Registered,36.0,36.0,0.0,0.0,6,6,36,36,36,36,,
runtime-auto,runtime,retained_1,C/R,native_Registered,36.0,36.0,0.0,0.0,6,6,36,36,36,36,,
runtime-auto,runtime,retained_1,A/C,native_Registered,36.0,36.0,0.0,0.0,6,6,36,36,36,36,,
runtime-auto,runtime,retained_1,A/R,native_ScanSpan,36.0,36.0,0.0,0.0,6,6,36,36,36,36,,
runtime-auto,runtime,retained_1,C/R,native_ScanSpan,36.0,36.0,0.0,0.0,6,6,36,36,36,36,,
runtime-auto,runtime,retained_1,A/C,native_ScanSpan,36.0,36.0,0.0,0.0,6,6,36,36,36,36,,
runtime-auto,runtime,retained_1,A/R,native_Supported,1.0,1.0,0.0,0.0,6,6,True,True,True,True,,
runtime-auto,runtime,retained_1,C/R,native_Supported,1.0,1.0,0.0,0.0,6,6,True,True,True,True,,
runtime-auto,runtime,retained_1,A/C,native_Supported,1.0,1.0,0.0,0.0,6,6,True,True,True,True,,
runtime-auto,runtime,retained_1,A/R,peak_rss_kib,90542.0,90936.0,394.0,0.4351571646307839,6,6,89112,91540,90824,91168,,
runtime-auto,runtime,retained_1,C/R,peak_rss_kib,90898.0,90936.0,38.0,0.04180510022222528,6,6,90640,91092,90824,91168,,
runtime-auto,runtime,retained_1,A/C,peak_rss_kib,90542.0,90898.0,356.0,0.3931876918998878,6,6,89112,91540,90640,91092,,
runtime-auto,runtime,retained_1,A/R,rss_bytes,91772928.0,91942912.0,169984.0,0.18522237843385803,6,6,89772032,92573696,91422720,92131328,,
runtime-auto,runtime,retained_1,C/R,rss_bytes,91830272.0,91942912.0,112640.0,0.12266107629519407,6,6,91086848,92090368,91422720,92131328,,
runtime-auto,runtime,retained_1,A/C,rss_bytes,91772928.0,91830272.0,57344.0,0.06248465778491141,6,6,89772032,92573696,91086848,92090368,,
runtime-auto,runtime,retained_1,A/R,total_alloc,58109660.0,38333200.0,-19776460.0,-34.03299898846422,6,6,58100648,58115000,38315424,38467824,,
runtime-auto,runtime,retained_1,C/R,total_alloc,38325820.0,38333200.0,7380.0,0.01925594807887787,6,6,38316248,38423144,38315424,38467824,,
runtime-auto,runtime,retained_1,A/C,total_alloc,58109660.0,38325820.0,-19783840.0,-34.04569911439853,6,6,58100648,58115000,38316248,38423144,,
runtime-auto,runtime,retained_2,A/R,allocation_bytes_delta,6153732.0,4071424.0,-2082308.0,-33.83813269736153,6,6,6150664,6158192,4069784,4081536,,
runtime-auto,runtime,retained_2,C/R,allocation_bytes_delta,4071380.0,4071424.0,44.0,0.0010807146471281115,6,6,4068000,4076640,4069784,4081536,,
runtime-auto,runtime,retained_2,A/C,allocation_bytes_delta,6153732.0,4071380.0,-2082352.0,-33.83884771062503,6,6,6150664,6158192,4068000,4076640,,
runtime-auto,runtime,retained_2,A/R,allocation_count_delta,8452.5,8374.5,-78.0,-0.9228039041703662,6,6,8440,8462,8368,8387,,
runtime-auto,runtime,retained_2,C/R,allocation_count_delta,8363.5,8374.5,11.0,0.1315238835415844,6,6,8351,8374,8368,8387,,
runtime-auto,runtime,retained_2,A/C,allocation_count_delta,8452.5,8363.5,-89.0,-1.0529429162969506,6,6,8440,8462,8351,8374,,
runtime-auto,runtime,retained_2,A/R,code_bytes,167268.0,134972.0,-32296.0,-19.307936963435925,6,6,167268,167268,134972,134972,,
runtime-auto,runtime,retained_2,C/R,code_bytes,134972.0,134972.0,0.0,0.0,6,6,134972,134972,134972,134972,,
runtime-auto,runtime,retained_2,A/C,code_bytes,167268.0,134972.0,-32296.0,-19.307936963435925,6,6,167268,167268,134972,134972,,
runtime-auto,runtime,retained_2,A/R,functions_per_batch,4128.0,4128.0,0.0,0.0,6,6,4128,4128,4128,4128,,
runtime-auto,runtime,retained_2,C/R,functions_per_batch,4128.0,4128.0,0.0,0.0,6,6,4128,4128,4128,4128,,
runtime-auto,runtime,retained_2,A/C,functions_per_batch,4128.0,4128.0,0.0,0.0,6,6,4128,4128,4128,4128,,
runtime-auto,runtime,retained_2,A/R,heap_alloc,1281764.0,1293256.0,11492.0,0.8965769049528616,6,6,1279296,1296616,1278032,1303000,,
runtime-auto,runtime,retained_2,C/R,heap_alloc,1277848.0,1293256.0,15408.0,1.205777212939263,6,6,1271648,1289064,1278032,1303000,,
runtime-auto,runtime,retained_2,A/C,heap_alloc,1281764.0,1277848.0,-3916.0,-0.3055164601283855,6,6,1279296,1296616,1271648,1289064,,
runtime-auto,runtime,retained_2,A/R,heap_inuse,2142208.0,2154496.0,12288.0,0.5736137667303964,6,6,2105344,2203648,2039808,2236416,,
runtime-auto,runtime,retained_2,C/R,heap_inuse,2179072.0,2154496.0,-24576.0,-1.1278195488721776,6,6,2064384,2220032,2039808,2236416,,
runtime-auto,runtime,retained_2,A/C,heap_inuse,2142208.0,2179072.0,36864.0,1.7208413001912115,6,6,2105344,2203648,2064384,2220032,,
runtime-auto,runtime,retained_2,A/R,heap_objects,1803.5,1824.0,20.5,1.1366786803437723,6,6,1799,1830,1796,1837,,
runtime-auto,runtime,retained_2,C/R,heap_objects,1798.0,1824.0,26.0,1.4460511679644128,6,6,1782,1812,1796,1837,,
runtime-auto,runtime,retained_2,A/C,heap_objects,1803.5,1798.0,-5.5,-0.30496257277515815,6,6,1799,1830,1782,1812,,
runtime-auto,runtime,retained_2,A/R,heap_released,3239936.0,5173248.0,1933312.0,59.67130214917826,6,6,3022848,7323648,2998272,7413760,,
runtime-auto,runtime,retained_2,C/R,heap_released,6971392.0,5173248.0,-1798144.0,-25.793184488836662,6,6,3055616,7503872,2998272,7413760,,
runtime-auto,runtime,retained_2,A/C,heap_released,3239936.0,6971392.0,3731456.0,115.1706700379267,6,6,3022848,7323648,3055616,7503872,,
runtime-auto,runtime,retained_2,A/R,instances,36.0,36.0,0.0,0.0,6,6,36,36,36,36,,
runtime-auto,runtime,retained_2,C/R,instances,36.0,36.0,0.0,0.0,6,6,36,36,36,36,,
runtime-auto,runtime,retained_2,A/C,instances,36.0,36.0,0.0,0.0,6,6,36,36,36,36,,
runtime-auto,runtime,retained_2,A/R,mallocs,90094.5,89215.0,-879.5,-0.9761972151463238,6,6,90079,90113,89197,89245,,
runtime-auto,runtime,retained_2,C/R,mallocs,89197.0,89215.0,18.0,0.020180050898566115,6,6,89125,89231,89197,89245,,
runtime-auto,runtime,retained_2,A/C,mallocs,90094.5,89197.0,-897.5,-0.9961762371731853,6,6,90079,90113,89125,89231,,
runtime-auto,runtime,retained_2,A/R,modules,36.0,36.0,0.0,0.0,6,6,36,36,36,36,,
runtime-auto,runtime,retained_2,C/R,modules,36.0,36.0,0.0,0.0,6,6,36,36,36,36,,
runtime-auto,runtime,retained_2,A/C,modules,36.0,36.0,0.0,0.0,6,6,36,36,36,36,,
runtime-auto,runtime,retained_2,A/R,native_Active,36.0,36.0,0.0,0.0,6,6,36,36,36,36,,
runtime-auto,runtime,retained_2,C/R,native_Active,36.0,36.0,0.0,0.0,6,6,36,36,36,36,,
runtime-auto,runtime,retained_2,A/C,native_Active,36.0,36.0,0.0,0.0,6,6,36,36,36,36,,
runtime-auto,runtime,retained_2,A/R,native_Cached,0.0,0.0,0.0,,6,6,0,0,0,0,,
runtime-auto,runtime,retained_2,C/R,native_Cached,0.0,0.0,0.0,,6,6,0,0,0,0,,
runtime-auto,runtime,retained_2,A/C,native_Cached,0.0,0.0,0.0,,6,6,0,0,0,0,,
runtime-auto,runtime,retained_2,A/R,native_Capacity,4096.0,4096.0,0.0,0.0,6,6,4096,4096,4096,4096,,
runtime-auto,runtime,retained_2,C/R,native_Capacity,4096.0,4096.0,0.0,0.0,6,6,4096,4096,4096,4096,,
runtime-auto,runtime,retained_2,A/C,native_Capacity,4096.0,4096.0,0.0,0.0,6,6,4096,4096,4096,4096,,
runtime-auto,runtime,retained_2,A/R,native_PeakRegistered,36.0,36.0,0.0,0.0,6,6,36,36,36,36,,
runtime-auto,runtime,retained_2,C/R,native_PeakRegistered,36.0,36.0,0.0,0.0,6,6,36,36,36,36,,
runtime-auto,runtime,retained_2,A/C,native_PeakRegistered,36.0,36.0,0.0,0.0,6,6,36,36,36,36,,
runtime-auto,runtime,retained_2,A/R,native_Registered,36.0,36.0,0.0,0.0,6,6,36,36,36,36,,
runtime-auto,runtime,retained_2,C/R,native_Registered,36.0,36.0,0.0,0.0,6,6,36,36,36,36,,
runtime-auto,runtime,retained_2,A/C,native_Registered,36.0,36.0,0.0,0.0,6,6,36,36,36,36,,
runtime-auto,runtime,retained_2,A/R,native_ScanSpan,36.0,36.0,0.0,0.0,6,6,36,36,36,36,,
runtime-auto,runtime,retained_2,C/R,native_ScanSpan,36.0,36.0,0.0,0.0,6,6,36,36,36,36,,
runtime-auto,runtime,retained_2,A/C,native_ScanSpan,36.0,36.0,0.0,0.0,6,6,36,36,36,36,,
runtime-auto,runtime,retained_2,A/R,native_Supported,1.0,1.0,0.0,0.0,6,6,True,True,True,True,,
runtime-auto,runtime,retained_2,C/R,native_Supported,1.0,1.0,0.0,0.0,6,6,True,True,True,True,,
runtime-auto,runtime,retained_2,A/C,native_Supported,1.0,1.0,0.0,0.0,6,6,True,True,True,True,,
runtime-auto,runtime,retained_2,A/R,peak_rss_kib,90542.0,90936.0,394.0,0.4351571646307839,6,6,89112,91540,90824,91168,,
runtime-auto,runtime,retained_2,C/R,peak_rss_kib,90898.0,90936.0,38.0,0.04180510022222528,6,6,90640,91092,90824,91168,,
runtime-auto,runtime,retained_2,A/C,peak_rss_kib,90542.0,90898.0,356.0,0.3931876918998878,6,6,89112,91540,90640,91092,,
runtime-auto,runtime,retained_2,A/R,rss_bytes,91779072.0,91910144.0,131072.0,0.14281251394654415,6,6,89907200,92069888,91549696,92315648,,
runtime-auto,runtime,retained_2,C/R,rss_bytes,91764736.0,91910144.0,145408.0,0.1584573838909087,6,6,91586560,92299264,91549696,92315648,,
runtime-auto,runtime,retained_2,A/C,rss_bytes,91779072.0,91764736.0,-14336.0,-0.015620118712900144,6,6,89907200,92069888,91586560,92299264,,
runtime-auto,runtime,retained_2,A/R,total_alloc,64289512.0,42428960.0,-21860552.0,-34.003294347606804,6,6,64278208,64294408,42412328,42572344,,
runtime-auto,runtime,retained_2,C/R,total_alloc,42423944.0,42428960.0,5016.0,0.011823511741382298,6,6,42415224,42520968,42412328,42572344,,
runtime-auto,runtime,retained_2,A/C,total_alloc,64289512.0,42423944.0,-21865568.0,-34.01109655335384,6,6,64278208,64294408,42415224,42520968,,
runtime-auto,runtime,runtime_released,A/R,allocation_bytes_delta,6184.0,6128.0,-56.0,-0.9055627425614499,6,6,4552,6240,4552,6240,,
runtime-auto,runtime,runtime_released,C/R,allocation_bytes_delta,6128.0,6128.0,0.0,0.0,6,6,6128,9888,4552,6240,,
runtime-auto,runtime,runtime_released,A/C,allocation_bytes_delta,6184.0,6128.0,-56.0,-0.9055627425614499,6,6,4552,6240,6128,9888,,
runtime-auto,runtime,runtime_released,A/R,allocation_count_delta,86.5,86.0,-0.5,-0.5780346820809301,6,6,75,87,75,87,,
runtime-auto,runtime,runtime_released,C/R,allocation_count_delta,86.0,86.0,0.0,0.0,6,6,82,87,75,87,,
runtime-auto,runtime,runtime_released,A/C,allocation_count_delta,86.5,86.0,-0.5,-0.5780346820809301,6,6,75,87,82,87,,
runtime-auto,runtime,runtime_released,A/R,code_bytes,0.0,0.0,0.0,,6,6,0,0,0,0,,
runtime-auto,runtime,runtime_released,C/R,code_bytes,0.0,0.0,0.0,,6,6,0,0,0,0,,
runtime-auto,runtime,runtime_released,A/C,code_bytes,0.0,0.0,0.0,,6,6,0,0,0,0,,
runtime-auto,runtime,runtime_released,A/R,functions_per_batch,4128.0,4128.0,0.0,0.0,6,6,4128,4128,4128,4128,,
runtime-auto,runtime,runtime_released,C/R,functions_per_batch,4128.0,4128.0,0.0,0.0,6,6,4128,4128,4128,4128,,
runtime-auto,runtime,runtime_released,A/C,functions_per_batch,4128.0,4128.0,0.0,0.0,6,6,4128,4128,4128,4128,,
runtime-auto,runtime,runtime_released,A/R,heap_alloc,261764.0,273136.0,11372.0,4.34437126572027,6,6,259400,276608,257832,282992,,
runtime-auto,runtime,runtime_released,C/R,heap_alloc,260228.0,273136.0,12908.0,4.960265613231485,6,6,256992,269040,257832,282992,,
runtime-auto,runtime,runtime_released,A/C,heap_alloc,261764.0,260228.0,-1536.0,-0.586788099203861,6,6,259400,276608,256992,269040,,
runtime-auto,runtime,runtime_released,A/R,heap_inuse,860160.0,839680.0,-20480.0,-2.3809523809523836,6,6,811008,942080,811008,892928,,
runtime-auto,runtime,runtime_released,C/R,heap_inuse,888832.0,839680.0,-49152.0,-5.5299539170506895,6,6,835584,950272,811008,892928,,
runtime-auto,runtime,runtime_released,A/C,heap_inuse,860160.0,888832.0,28672.0,3.3333333333333437,6,6,811008,942080,835584,950272,,
runtime-auto,runtime,runtime_released,A/R,heap_objects,634.5,655.0,20.5,3.2308904649330117,6,6,630,661,625,672,,
runtime-auto,runtime,runtime_released,C/R,heap_objects,630.0,655.0,25.0,3.9682539682539764,6,6,621,646,625,672,,
runtime-auto,runtime,runtime_released,A/C,heap_objects,634.5,630.0,-4.5,-0.7092198581560294,6,6,630,661,621,646,,
runtime-auto,runtime,runtime_released,A/R,heap_released,5611520.0,7618560.0,2007040.0,35.76642335766422,6,6,5488640,9822208,5087232,9715712,,
runtime-auto,runtime,runtime_released,C/R,heap_released,9543680.0,7618560.0,-1925120.0,-20.171673819742487,6,6,5472256,9863168,5087232,9715712,,
runtime-auto,runtime,runtime_released,A/C,heap_released,5611520.0,9543680.0,3932160.0,70.07299270072993,6,6,5488640,9822208,5472256,9863168,,
runtime-auto,runtime,runtime_released,A/R,instances,0.0,0.0,0.0,,6,6,0,0,0,0,,
runtime-auto,runtime,runtime_released,C/R,instances,0.0,0.0,0.0,,6,6,0,0,0,0,,
runtime-auto,runtime,runtime_released,A/C,instances,0.0,0.0,0.0,,6,6,0,0,0,0,,
runtime-auto,runtime,runtime_released,A/R,mallocs,90514.5,89629.5,-885.0,-0.977743897386607,6,6,90505,90539,89621,89668,,
runtime-auto,runtime,runtime_released,C/R,mallocs,89625.0,89629.5,4.5,0.005020920502096793,6,6,89548,89655,89621,89668,,
runtime-auto,runtime,runtime_released,A/C,mallocs,90514.5,89625.0,-889.5,-0.9827154765258639,6,6,90505,90539,89548,89655,,
runtime-auto,runtime,runtime_released,A/R,modules,0.0,0.0,0.0,,6,6,0,0,0,0,,
runtime-auto,runtime,runtime_released,C/R,modules,0.0,0.0,0.0,,6,6,0,0,0,0,,
runtime-auto,runtime,runtime_released,A/C,modules,0.0,0.0,0.0,,6,6,0,0,0,0,,
runtime-auto,runtime,runtime_released,A/R,native_Active,0.0,0.0,0.0,,6,6,0,0,0,0,,
runtime-auto,runtime,runtime_released,C/R,native_Active,0.0,0.0,0.0,,6,6,0,0,0,0,,
runtime-auto,runtime,runtime_released,A/C,native_Active,0.0,0.0,0.0,,6,6,0,0,0,0,,
runtime-auto,runtime,runtime_released,A/R,native_Cached,1.0,1.0,0.0,0.0,6,6,1,1,1,1,,
runtime-auto,runtime,runtime_released,C/R,native_Cached,1.0,1.0,0.0,0.0,6,6,1,1,1,1,,
runtime-auto,runtime,runtime_released,A/C,native_Cached,1.0,1.0,0.0,0.0,6,6,1,1,1,1,,
runtime-auto,runtime,runtime_released,A/R,native_Capacity,4096.0,4096.0,0.0,0.0,6,6,4096,4096,4096,4096,,
runtime-auto,runtime,runtime_released,C/R,native_Capacity,4096.0,4096.0,0.0,0.0,6,6,4096,4096,4096,4096,,
runtime-auto,runtime,runtime_released,A/C,native_Capacity,4096.0,4096.0,0.0,0.0,6,6,4096,4096,4096,4096,,
runtime-auto,runtime,runtime_released,A/R,native_PeakRegistered,36.0,36.0,0.0,0.0,6,6,36,36,36,36,,
runtime-auto,runtime,runtime_released,C/R,native_PeakRegistered,36.0,36.0,0.0,0.0,6,6,36,36,36,36,,
runtime-auto,runtime,runtime_released,A/C,native_PeakRegistered,36.0,36.0,0.0,0.0,6,6,36,36,36,36,,
runtime-auto,runtime,runtime_released,A/R,native_Registered,1.0,1.0,0.0,0.0,6,6,1,1,1,1,,
runtime-auto,runtime,runtime_released,C/R,native_Registered,1.0,1.0,0.0,0.0,6,6,1,1,1,1,,
runtime-auto,runtime,runtime_released,A/C,native_Registered,1.0,1.0,0.0,0.0,6,6,1,1,1,1,,
runtime-auto,runtime,runtime_released,A/R,native_ScanSpan,1.0,1.0,0.0,0.0,6,6,1,1,1,1,,
runtime-auto,runtime,runtime_released,C/R,native_ScanSpan,1.0,1.0,0.0,0.0,6,6,1,1,1,1,,
runtime-auto,runtime,runtime_released,A/C,native_ScanSpan,1.0,1.0,0.0,0.0,6,6,1,1,1,1,,
runtime-auto,runtime,runtime_released,A/R,native_Supported,1.0,1.0,0.0,0.0,6,6,True,True,True,True,,
runtime-auto,runtime,runtime_released,C/R,native_Supported,1.0,1.0,0.0,0.0,6,6,True,True,True,True,,
runtime-auto,runtime,runtime_released,A/C,native_Supported,1.0,1.0,0.0,0.0,6,6,True,True,True,True,,
runtime-auto,runtime,runtime_released,A/R,peak_rss_kib,90542.0,90936.0,394.0,0.4351571646307839,6,6,89112,91540,90824,91168,,
runtime-auto,runtime,runtime_released,C/R,peak_rss_kib,90898.0,90936.0,38.0,0.04180510022222528,6,6,90640,91092,90824,91168,,
runtime-auto,runtime,runtime_released,A/C,peak_rss_kib,90542.0,90898.0,356.0,0.3931876918998878,6,6,89112,91540,90640,91092,,
runtime-auto,runtime,runtime_released,A/R,rss_bytes,15523840.0,15888384.0,364544.0,2.3482849604221645,6,6,13807616,15753216,15294464,16248832,,
runtime-auto,runtime,runtime_released,C/R,rss_bytes,15646720.0,15888384.0,241664.0,1.544502617801058,6,6,15482880,15998976,15294464,16248832,,
runtime-auto,runtime,runtime_released,A/C,rss_bytes,15523840.0,15646720.0,122880.0,0.79155672823219,6,6,13807616,15753216,15482880,15998976,,
runtime-auto,runtime,runtime_released,A/R,total_alloc,64321024.0,42460376.0,-21860648.0,-33.986784787505876,6,6,64309776,64324288,42442208,42603720,,
runtime-auto,runtime,runtime_released,C/R,total_alloc,42457240.0,42460376.0,3136.0,0.007386254970875861,6,6,42446680,42552232,42442208,42603720,,
runtime-auto,runtime,runtime_released,A/C,total_alloc,64321024.0,42457240.0,-21863784.0,-33.991660331775805,6,6,64309776,64324288,42446680,42552232,,
