revision,cohort,process,block,scope,code_bytes,heap_alloc,heap_inuse,heap_objects,heap_released,mallocs,modules,peak_rss_kib,phase,rss_bytes,total_alloc,native_Supported,native_Active,native_Cached,native_Registered,native_PeakRegistered,native_Capacity,native_ScanSpan,allocation_bytes_delta,allocation_count_delta,functions_per_corpus,mapped_bytes,payload_bytes_page_rounded,functions_per_batch,instances
A,memory,final-memory-block1-1-A,1,public,0,208000,679936,711,6979584,5460,0,13860,initial,12591104,423432,True,0,0,0,0,4096,0,,,,,,,
A,memory,final-memory-block1-1-A,1,public,0,1162752,1826816,1259,8183808,60528,0,20664,compile_release_270,20553728,38194280,True,0,0,0,0,4096,0,37770848,55068,,,,,
A,memory,final-memory-block1-1-A,1,public,167268,1551792,2220032,1676,7618560,67799,36,20664,retained_0,21004288,43231568,True,0,0,0,0,4096,0,5037288,7271,,,,,
A,memory,final-memory-block1-1-A,1,public,0,1547488,2203648,1648,9388032,68039,0,20664,released_0,19369984,43246040,True,0,0,0,0,4096,0,14472,240,,,,,
A,memory,final-memory-block1-1-A,1,public,167268,1551792,2146304,1676,8192000,75302,36,20664,retained_1,20381696,48281824,True,0,0,0,0,4096,0,5035784,7263,,,,,
A,memory,final-memory-block1-1-A,1,public,0,1547488,2129920,1648,8519680,75542,0,20664,released_1,20099072,48296296,True,0,0,0,0,4096,0,14472,240,,,,,
A,memory,final-memory-block1-1-A,1,public,167268,1551792,2146304,1676,8126464,82805,36,20664,retained_2,20389888,53332080,True,0,0,0,0,4096,0,5035784,7263,,,,,
A,memory,final-memory-block1-1-A,1,public,0,1547488,2129920,1648,8519680,83045,0,20664,released_2,20303872,53346552,True,0,0,0,0,4096,0,14472,240,,,,,
A,memory,final-memory-block1-1-A,1,public,0,201304,688128,773,9895936,83133,0,20664,runtime_released,18993152,53353688,True,0,0,0,0,4096,0,7136,88,,,,,
A,memory,final-memory-block1-1-A,1,backend,0,358024,868352,1879,9830400,88909,0,20664,initial,19128320,53750928,,,,,,,,,,1032,0,0,,
A,memory,final-memory-block1-1-A,1,backend,0,355968,860160,1869,7430144,95212,0,20980,compile_release_270,20312064,72997104,,,,,,,,19246176,6303,1032,0,0,,
A,memory,final-memory-block1-1-A,1,backend,167268,434624,966656,1984,8478720,96151,36,20980,retained_0,19693568,75576552,,,,,,,,2579448,939,1032,606208,278528,,
A,memory,final-memory-block1-1-A,1,backend,0,360608,876544,1886,10903552,96249,0,20980,released_0,16990208,75584496,,,,,,,,7944,98,1032,0,0,,
A,memory,final-memory-block1-1-A,1,backend,167268,434624,966656,1984,8790016,97169,36,20980,retained_1,18554880,78157128,,,,,,,,2572632,920,1032,606208,278528,,
A,memory,final-memory-block1-1-A,1,backend,0,360608,876544,1886,10928128,97267,0,20980,released_1,16973824,78165072,,,,,,,,7944,98,1032,0,0,,
A,memory,final-memory-block1-1-A,1,backend,167268,434624,966656,1984,8781824,98187,36,20980,retained_2,18571264,80737704,,,,,,,,2572632,920,1032,606208,278528,,
A,memory,final-memory-block1-1-A,1,backend,0,360608,876544,1886,10928128,98285,0,20980,released_2,16982016,80745648,,,,,,,,7944,98,1032,0,0,,
C,memory,final-memory-block1-2-C,1,public,0,203016,671744,708,2859008,5457,0,13492,initial,10260480,418448,True,0,0,0,0,4096,0,,,,,,,
C,memory,final-memory-block1-2-C,1,public,0,1372952,2129920,1466,3391488,60094,0,18636,compile_release_270,19025920,24078064,True,0,0,0,0,4096,0,23659616,54637,,,,,
C,memory,final-memory-block1-2-C,1,public,134972,1541768,2228224,1669,4046848,67307,36,18636,retained_0,18419712,27233808,True,0,0,0,0,4096,0,3155744,7213,,,,,
C,memory,final-memory-block1-2-C,1,public,0,1537464,2211840,1641,4702208,67547,0,18636,released_0,17764352,27248280,True,0,0,0,0,4096,0,14472,240,,,,,
C,memory,final-memory-block1-2-C,1,public,134972,1541768,2203648,1669,4243456,74752,36,18636,retained_1,18157568,30402520,True,0,0,0,0,4096,0,3154240,7205,,,,,
C,memory,final-memory-block1-2-C,1,public,0,1537464,2187264,1641,4702208,74992,0,18636,released_1,17735680,30416992,True,0,0,0,0,4096,0,14472,240,,,,,
C,memory,final-memory-block1-2-C,1,public,134972,1541768,2211840,1669,4186112,82197,36,18636,retained_2,18239488,33571232,True,0,0,0,0,4096,0,3154240,7205,,,,,
C,memory,final-memory-block1-2-C,1,public,0,1537464,2195456,1641,4710400,82437,0,18636,released_2,17817600,33585704,True,0,0,0,0,4096,0,14472,240,,,,,
C,memory,final-memory-block1-2-C,1,public,0,196480,679936,771,5693440,82525,0,18636,runtime_released,17031168,33592840,True,0,0,0,0,4096,0,7136,88,,,,,
C,memory,final-memory-block1-2-C,1,backend,0,353200,860160,1877,5529600,88301,0,18636,initial,17240064,33990080,,,,,,,,,,1032,0,0,,
C,memory,final-memory-block1-2-C,1,backend,0,351144,851968,1867,3334144,94184,0,19064,compile_release_270,19673088,39163568,,,,,,,,5173488,5883,1032,0,0,,
C,memory,final-memory-block1-2-C,1,backend,134972,431192,966656,1990,5914624,95065,36,19320,retained_0,17362944,39866512,,,,,,,,702944,881,1032,606208,262144,,
C,memory,final-memory-block1-2-C,1,backend,0,355800,868352,1885,6438912,95154,0,19320,released_0,16601088,39872912,,,,,,,,6400,89,1032,0,0,,
C,memory,final-memory-block1-2-C,1,backend,134972,431192,966656,1990,6463488,96016,36,19320,retained_1,16842752,40569040,,,,,,,,696128,862,1032,606208,262144,,
C,memory,final-memory-block1-2-C,1,backend,0,355800,868352,1885,6463488,96105,0,19320,released_1,16580608,40575440,,,,,,,,6400,89,1032,0,0,,
C,memory,final-memory-block1-2-C,1,backend,134972,431192,966656,1990,6463488,96967,36,19320,retained_2,16842752,41271568,,,,,,,,696128,862,1032,606208,262144,,
C,memory,final-memory-block1-2-C,1,backend,0,355800,868352,1885,6463488,97056,0,19320,released_2,16580608,41277968,,,,,,,,6400,89,1032,0,0,,
R,memory,final-memory-block1-3-R,1,public,0,203016,671744,708,7053312,5457,0,13684,initial,12300288,418448,True,0,0,0,0,4096,0,,,,,,,
R,memory,final-memory-block1-3-R,1,public,0,1372632,2097152,1464,3391488,60092,0,18620,compile_release_270,19066880,24077744,True,0,0,0,0,4096,0,23659296,54635,,,,,
R,memory,final-memory-block1-3-R,1,public,134972,1541448,2211840,1667,4046848,67305,36,18620,retained_0,18423808,27233488,True,0,0,0,0,4096,0,3155744,7213,,,,,
R,memory,final-memory-block1-3-R,1,public,0,1537144,2195456,1639,4702208,67545,0,18620,released_0,17768448,27247960,True,0,0,0,0,4096,0,14472,240,,,,,
R,memory,final-memory-block1-3-R,1,public,134972,1541448,2211840,1667,3850240,74750,36,18620,retained_1,18370560,30402200,True,0,0,0,0,4096,0,3154240,7205,,,,,
R,memory,final-memory-block1-3-R,1,public,0,1537144,2195456,1639,4702208,74990,0,18620,released_1,17694720,30416672,True,0,0,0,0,4096,0,14472,240,,,,,
R,memory,final-memory-block1-3-R,1,public,134972,1541448,2211840,1667,4243456,82195,36,18620,retained_2,18075648,33570912,True,0,0,0,0,4096,0,3154240,7205,,,,,
R,memory,final-memory-block1-3-R,1,public,0,1537144,2195456,1639,4702208,82435,0,18620,released_2,17747968,33585384,True,0,0,0,0,4096,0,14472,240,,,,,
R,memory,final-memory-block1-3-R,1,public,0,196160,679936,769,5685248,82523,0,18620,runtime_released,16961536,33592520,True,0,0,0,0,4096,0,7136,88,,,,,
R,memory,final-memory-block1-3-R,1,backend,0,352880,860160,1875,5562368,88299,0,18620,initial,17141760,33989760,,,,,,,,,,1032,0,0,,
R,memory,final-memory-block1-3-R,1,backend,0,350824,851968,1865,3383296,94182,0,18992,compile_release_270,19517440,39163248,,,,,,,,5173488,5883,1032,0,0,,
R,memory,final-memory-block1-3-R,1,backend,134972,430872,966656,1988,4898816,95063,36,19248,retained_0,18313216,39866192,,,,,,,,702944,881,1032,606208,262144,,
R,memory,final-memory-block1-3-R,1,backend,0,355480,868352,1883,6406144,95152,0,19248,released_0,16547840,39872592,,,,,,,,6400,89,1032,0,0,,
R,memory,final-memory-block1-3-R,1,backend,134972,430872,966656,1988,6504448,96014,36,19248,retained_1,16715776,40568720,,,,,,,,696128,862,1032,606208,262144,,
R,memory,final-memory-block1-3-R,1,backend,0,355480,868352,1883,6463488,96103,0,19248,released_1,16494592,40575120,,,,,,,,6400,89,1032,0,0,,
R,memory,final-memory-block1-3-R,1,backend,134972,430872,966656,1988,6447104,96965,36,19248,retained_2,16773120,41271248,,,,,,,,696128,862,1032,606208,262144,,
R,memory,final-memory-block1-3-R,1,backend,0,355480,868352,1883,6447104,97054,0,19248,released_2,16510976,41277648,,,,,,,,6400,89,1032,0,0,,
R,memory,final-memory-block1-4-R,1,public,0,202216,671744,703,2859008,5452,0,13816,initial,12292096,417648,True,0,0,0,0,4096,0,,,,,,,
R,memory,final-memory-block1-4-R,1,public,0,1371992,2138112,1460,3416064,60088,0,18612,compile_release_270,18993152,24077104,True,0,0,0,0,4096,0,23659456,54636,,,,,
R,memory,final-memory-block1-4-R,1,public,134972,1540808,2228224,1663,4071424,67301,36,18612,retained_0,18354176,27232848,True,0,0,0,0,4096,0,3155744,7213,,,,,
R,memory,final-memory-block1-4-R,1,public,0,1536504,2211840,1635,4726784,67541,0,18612,released_0,17698816,27247320,True,0,0,0,0,4096,0,14472,240,,,,,
R,memory,final-memory-block1-4-R,1,public,134972,1540808,2220032,1663,4218880,74746,36,18612,retained_1,18128896,30401560,True,0,0,0,0,4096,0,3154240,7205,,,,,
R,memory,final-memory-block1-4-R,1,public,0,1536504,2203648,1635,4677632,74986,0,18612,released_1,17723392,30416032,True,0,0,0,0,4096,0,14472,240,,,,,
R,memory,final-memory-block1-4-R,1,public,134972,1540808,2211840,1663,4177920,82191,36,18612,retained_2,18132992,33570272,True,0,0,0,0,4096,0,3154240,7205,,,,,
R,memory,final-memory-block1-4-R,1,public,0,1536504,2195456,1635,4702208,82431,0,18612,released_2,17715200,33584744,True,0,0,0,0,4096,0,14472,240,,,,,
R,memory,final-memory-block1-4-R,1,public,0,195520,679936,765,5685248,82519,0,18612,runtime_released,16936960,33591880,True,0,0,0,0,4096,0,7136,88,,,,,
R,memory,final-memory-block1-4-R,1,backend,0,352240,860160,1871,5537792,88295,0,18612,initial,17133568,33989120,,,,,,,,,,1032,0,0,,
R,memory,final-memory-block1-4-R,1,backend,0,350184,851968,1861,3342336,94178,0,18904,compile_release_270,19517440,39162608,,,,,,,,5173488,5883,1032,0,0,,
R,memory,final-memory-block1-4-R,1,backend,134972,430232,966656,1984,4857856,95059,36,19288,retained_0,18259968,39865552,,,,,,,,702944,881,1032,606208,262144,,
R,memory,final-memory-block1-4-R,1,backend,0,354840,868352,1879,6430720,95148,0,19288,released_0,16486400,39871952,,,,,,,,6400,89,1032,0,0,,
R,memory,final-memory-block1-4-R,1,backend,134972,430232,966656,1984,6471680,96010,36,19288,retained_1,16711680,40568080,,,,,,,,696128,862,1032,606208,262144,,
R,memory,final-memory-block1-4-R,1,backend,0,354840,868352,1879,6471680,96099,0,19288,released_1,16449536,40574480,,,,,,,,6400,89,1032,0,0,,
R,memory,final-memory-block1-4-R,1,backend,134972,430232,966656,1984,6340608,96961,36,19288,retained_2,16838656,41270608,,,,,,,,696128,862,1032,606208,262144,,
R,memory,final-memory-block1-4-R,1,backend,0,354840,868352,1879,6471680,97050,0,19288,released_2,16449536,41277008,,,,,,,,6400,89,1032,0,0,,
C,memory,final-memory-block1-5-C,1,public,0,202056,671744,702,2859008,5451,0,13796,initial,12357632,417488,True,0,0,0,0,4096,0,,,,,,,
C,memory,final-memory-block1-5-C,1,public,0,1371672,2129920,1458,3407872,60086,0,18604,compile_release_270,18837504,24076784,True,0,0,0,0,4096,0,23659296,54635,,,,,
C,memory,final-memory-block1-5-C,1,public,134972,1540488,2220032,1661,4063232,67299,36,18604,retained_0,18206720,27232528,True,0,0,0,0,4096,0,3155744,7213,,,,,
C,memory,final-memory-block1-5-C,1,public,0,1536184,2203648,1633,4784128,67539,0,18604,released_0,17485824,27247000,True,0,0,0,0,4096,0,14472,240,,,,,
C,memory,final-memory-block1-5-C,1,public,134972,1540488,2211840,1661,4145152,74744,36,18604,retained_1,18034688,30401240,True,0,0,0,0,4096,0,3154240,7205,,,,,
C,memory,final-memory-block1-5-C,1,public,0,1536184,2195456,1633,4669440,74984,0,18604,released_1,17580032,30415712,True,0,0,0,0,4096,0,14472,240,,,,,
C,memory,final-memory-block1-5-C,1,public,134972,1540488,2211840,1661,4145152,82189,36,18604,retained_2,18018304,33569952,True,0,0,0,0,4096,0,3154240,7205,,,,,
C,memory,final-memory-block1-5-C,1,public,0,1536184,2195456,1633,4669440,82429,0,18604,released_2,17596416,33584424,True,0,0,0,0,4096,0,14472,240,,,,,
C,memory,final-memory-block1-5-C,1,public,0,195200,679936,763,5718016,82517,0,18604,runtime_released,16744448,33591560,True,0,0,0,0,4096,0,7136,88,,,,,
C,memory,final-memory-block1-5-C,1,backend,0,351920,860160,1869,5586944,88293,0,18604,initial,16928768,33988800,,,,,,,,,,1032,0,0,,
C,memory,final-memory-block1-5-C,1,backend,0,349864,851968,1859,3670016,94176,0,18604,compile_release_270,19103744,39162288,,,,,,,,5173488,5883,1032,0,0,,
C,memory,final-memory-block1-5-C,1,backend,134972,429912,966656,1982,4718592,95057,36,18832,retained_0,18325504,39865232,,,,,,,,702944,881,1032,606208,262144,,
C,memory,final-memory-block1-5-C,1,backend,0,354520,868352,1877,6422528,95146,0,18832,released_0,16363520,39871632,,,,,,,,6400,89,1032,0,0,,
C,memory,final-memory-block1-5-C,1,backend,134972,429912,966656,1982,6471680,96008,36,18832,retained_1,16576512,40567760,,,,,,,,696128,862,1032,606208,262144,,
C,memory,final-memory-block1-5-C,1,backend,0,354520,868352,1877,6438912,96097,0,18832,released_1,16347136,40574160,,,,,,,,6400,89,1032,0,0,,
C,memory,final-memory-block1-5-C,1,backend,134972,429912,966656,1982,6266880,96959,36,18832,retained_2,16777216,41270288,,,,,,,,696128,862,1032,606208,262144,,
C,memory,final-memory-block1-5-C,1,backend,0,354520,868352,1877,6463488,97048,0,18832,released_2,16318464,41276688,,,,,,,,6400,89,1032,0,0,,
A,memory,final-memory-block1-6-A,1,public,0,208000,679936,711,2785280,5460,0,13692,initial,12582912,423432,True,0,0,0,0,4096,0,,,,,,,
A,memory,final-memory-block1-6-A,1,public,0,1046560,1720320,1259,3440640,60529,0,18560,compile_release_270,19062784,38194456,True,0,0,0,0,4096,0,37771024,55069,,,,,
A,memory,final-memory-block1-6-A,1,public,167268,1551952,2220032,1677,3440640,67800,36,18560,retained_0,19095552,43231760,True,0,0,0,0,4096,0,5037304,7271,,,,,
A,memory,final-memory-block1-6-A,1,public,0,1547648,2203648,1649,5210112,68040,0,18560,released_0,17326080,43246232,True,0,0,0,0,4096,0,14472,240,,,,,
A,memory,final-memory-block1-6-A,1,public,167268,1551952,2146304,1677,3997696,75303,36,18560,retained_1,18374656,48282016,True,0,0,0,0,4096,0,5035784,7263,,,,,
A,memory,final-memory-block1-6-A,1,public,0,1547648,2129920,1649,4325376,75543,0,18560,released_1,18149376,48296488,True,0,0,0,0,4096,0,14472,240,,,,,
A,memory,final-memory-block1-6-A,1,public,167268,1551952,2146304,1677,4063232,82806,36,18560,retained_2,18300928,53332272,True,0,0,0,0,4096,0,5035784,7263,,,,,
A,memory,final-memory-block1-6-A,1,public,0,1547648,2129920,1649,4325376,83046,0,18560,released_2,18141184,53346744,True,0,0,0,0,4096,0,14472,240,,,,,
A,memory,final-memory-block1-6-A,1,public,0,201464,688128,774,5701632,83134,0,18560,runtime_released,16932864,53353880,True,0,0,0,0,4096,0,7136,88,,,,,
A,memory,final-memory-block1-6-A,1,backend,0,358184,868352,1880,5562368,88910,0,18560,initial,17133568,53751120,,,,,,,,,,1032,0,0,,
A,memory,final-memory-block1-6-A,1,backend,0,356128,860160,1870,3227648,95213,0,19032,compile_release_270,19574784,72997296,,,,,,,,19246176,6303,1032,0,0,,
A,memory,final-memory-block1-6-A,1,backend,167268,436192,983040,1994,4276224,96150,36,19288,retained_0,18837504,75576608,,,,,,,,2579312,937,1032,606208,278528,,
A,memory,final-memory-block1-6-A,1,backend,0,360784,876544,1888,4276224,96239,0,19288,released_0,18558976,75583008,,,,,,,,6400,89,1032,0,0,,
A,memory,final-memory-block1-6-A,1,backend,167268,436192,983040,1994,4595712,97157,36,19288,retained_1,18526208,78155504,,,,,,,,2572496,918,1032,606208,278528,,
A,memory,final-memory-block1-6-A,1,backend,0,360784,876544,1888,4595712,97246,0,19288,released_1,18247680,78161904,,,,,,,,6400,89,1032,0,0,,
A,memory,final-memory-block1-6-A,1,backend,167268,436192,983040,1994,4448256,98164,36,19288,retained_2,18575360,80734400,,,,,,,,2572496,918,1032,606208,278528,,
A,memory,final-memory-block1-6-A,1,backend,0,360784,876544,1888,4407296,98253,0,19288,released_2,18337792,80740800,,,,,,,,6400,89,1032,0,0,,
A,memory,final-memory-block2-1-A,2,public,0,202360,671744,703,2859008,5452,0,13656,initial,12574720,417792,True,0,0,0,0,4096,0,,,,,,,
A,memory,final-memory-block2-1-A,2,public,0,1040760,1728512,1250,3489792,60520,0,18636,compile_release_270,19062784,38188640,True,0,0,0,0,4096,0,37770848,55068,,,,,
A,memory,final-memory-block2-1-A,2,public,167268,1546184,2162688,1670,3489792,67791,36,18636,retained_0,19091456,43225928,True,0,0,0,0,4096,0,5037288,7271,,,,,
A,memory,final-memory-block2-1-A,2,public,0,1541880,2146304,1642,5324800,68031,0,18636,released_0,17256448,43240400,True,0,0,0,0,4096,0,14472,240,,,,,
A,memory,final-memory-block2-1-A,2,public,167268,1546152,2129920,1668,4046848,75294,36,18636,retained_1,18345984,48276184,True,0,0,0,0,4096,0,5035784,7263,,,,,
A,memory,final-memory-block2-1-A,2,public,0,1541848,2113536,1640,4374528,75534,0,18636,released_1,18108416,48290656,True,0,0,0,0,4096,0,14472,240,,,,,
A,memory,final-memory-block2-1-A,2,public,167268,1546152,2138112,1668,4087808,82797,36,18636,retained_2,18415616,53326440,True,0,0,0,0,4096,0,5035784,7263,,,,,
A,memory,final-memory-block2-1-A,2,public,0,1541848,2121728,1640,4349952,83037,0,18636,released_2,18264064,53340912,True,0,0,0,0,4096,0,14472,240,,,,,
A,memory,final-memory-block2-1-A,2,public,0,195664,679936,765,5791744,83125,0,18636,runtime_released,16896000,53348048,True,0,0,0,0,4096,0,7136,88,,,,,
A,memory,final-memory-block2-1-A,2,backend,0,352384,860160,1871,5652480,88901,0,18636,initial,17088512,53745288,,,,,,,,,,1032,0,0,,
A,memory,final-memory-block2-1-A,2,backend,0,350328,851968,1861,3186688,95204,0,21064,compile_release_270,21549056,72991464,,,,,,,,19246176,6303,1032,0,0,,
A,memory,final-memory-block2-1-A,2,backend,167268,428984,958464,1976,4366336,96143,36,21320,retained_0,20664320,75570912,,,,,,,,2579448,939,1032,606208,278528,,
A,memory,final-memory-block2-1-A,2,backend,0,354968,868352,1878,6791168,96241,0,21320,released_0,17960960,75578856,,,,,,,,7944,98,1032,0,0,,
A,memory,final-memory-block2-1-A,2,backend,167268,428984,958464,1976,4661248,97161,36,21320,retained_1,19558400,78151488,,,,,,,,2572632,920,1032,606208,278528,,
A,memory,final-memory-block2-1-A,2,backend,0,354968,868352,1878,6823936,97259,0,21320,released_1,17952768,78159432,,,,,,,,7944,98,1032,0,0,,
A,memory,final-memory-block2-1-A,2,backend,167268,428984,958464,1976,4669440,98179,36,21320,retained_2,19656704,80732064,,,,,,,,2572632,920,1032,606208,278528,,
A,memory,final-memory-block2-1-A,2,backend,0,354968,868352,1878,6823936,98277,0,21320,released_2,17952768,80740008,,,,,,,,7944,98,1032,0,0,,
C,memory,final-memory-block2-2-C,2,public,0,202856,671744,707,2859008,5456,0,13512,initial,10256384,418288,True,0,0,0,0,4096,0,,,,,,,
C,memory,final-memory-block2-2-C,2,public,0,1372632,2129920,1464,3407872,60092,0,18632,compile_release_270,18984960,24077744,True,0,0,0,0,4096,0,23659456,54636,,,,,
C,memory,final-memory-block2-2-C,2,public,134972,1541448,2228224,1667,4063232,67305,36,18632,retained_0,18354176,27233488,True,0,0,0,0,4096,0,3155744,7213,,,,,
C,memory,final-memory-block2-2-C,2,public,0,1537144,2211840,1639,4718592,67545,0,18632,released_0,17698816,27247960,True,0,0,0,0,4096,0,14472,240,,,,,
C,memory,final-memory-block2-2-C,2,public,134972,1541448,2203648,1667,4235264,74750,36,18632,retained_1,18128896,30402200,True,0,0,0,0,4096,0,3154240,7205,,,,,
C,memory,final-memory-block2-2-C,2,public,0,1537144,2187264,1639,4694016,74990,0,18632,released_1,17711104,30416672,True,0,0,0,0,4096,0,14472,240,,,,,
C,memory,final-memory-block2-2-C,2,public,134972,1541448,2203648,1667,4243456,82195,36,18632,retained_2,18083840,33570912,True,0,0,0,0,4096,0,3154240,7205,,,,,
C,memory,final-memory-block2-2-C,2,public,0,1537144,2187264,1639,4702208,82435,0,18632,released_2,17711104,33585384,True,0,0,0,0,4096,0,14472,240,,,,,
C,memory,final-memory-block2-2-C,2,public,0,196160,679936,769,5685248,82523,0,18632,runtime_released,16924672,33592520,True,0,0,0,0,4096,0,7136,88,,,,,
C,memory,final-memory-block2-2-C,2,backend,0,352880,860160,1875,5562368,88299,0,18632,initial,17096704,33989760,,,,,,,,,,1032,0,0,,
C,memory,final-memory-block2-2-C,2,backend,0,350824,851968,1865,3801088,94182,0,18632,compile_release_270,19050496,39163248,,,,,,,,5173488,5883,1032,0,0,,
C,memory,final-memory-block2-2-C,2,backend,134972,430872,966656,1988,4784128,95063,36,18720,retained_0,18329600,39866192,,,,,,,,702944,881,1032,606208,262144,,
C,memory,final-memory-block2-2-C,2,backend,0,355480,868352,1883,6422528,95152,0,18720,released_0,16433152,39872592,,,,,,,,6400,89,1032,0,0,,
C,memory,final-memory-block2-2-C,2,backend,134972,430872,966656,1988,6430720,96014,36,18720,retained_1,16695296,40568720,,,,,,,,696128,862,1032,606208,262144,,
C,memory,final-memory-block2-2-C,2,backend,0,355480,868352,1883,6430720,96103,0,18720,released_1,16433152,40575120,,,,,,,,6400,89,1032,0,0,,
C,memory,final-memory-block2-2-C,2,backend,134972,430872,966656,1988,6397952,96965,36,18720,retained_2,16728064,41271248,,,,,,,,696128,862,1032,606208,262144,,
C,memory,final-memory-block2-2-C,2,backend,0,355480,868352,1883,6397952,97054,0,18720,released_2,16465920,41277648,,,,,,,,6400,89,1032,0,0,,
R,memory,final-memory-block2-3-R,2,public,0,202376,671744,704,7053312,5453,0,13760,initial,12292096,417808,True,0,0,0,0,4096,0,,,,,,,
R,memory,final-memory-block2-3-R,2,public,0,1372152,2138112,1461,7618560,60089,0,20612,compile_release_270,21159936,24077264,True,0,0,0,0,4096,0,23659456,54636,,,,,
R,memory,final-memory-block2-3-R,2,public,134972,1540968,2228224,1664,8273920,67302,36,20612,retained_0,20520960,27233008,True,0,0,0,0,4096,0,3155744,7213,,,,,
R,memory,final-memory-block2-3-R,2,public,0,1536664,2211840,1636,8929280,67542,0,20612,released_0,19865600,27247480,True,0,0,0,0,4096,0,14472,240,,,,,
R,memory,final-memory-block2-3-R,2,public,134972,1540968,2220032,1664,8077312,74747,36,20612,retained_1,20500480,30401720,True,0,0,0,0,4096,0,3154240,7205,,,,,
R,memory,final-memory-block2-3-R,2,public,0,1536664,2203648,1636,8863744,74987,0,20612,released_1,19890176,30416192,True,0,0,0,0,4096,0,14472,240,,,,,
R,memory,final-memory-block2-3-R,2,public,134972,1540968,2220032,1664,8445952,82192,36,20612,retained_2,20246528,33570432,True,0,0,0,0,4096,0,3154240,7205,,,,,
R,memory,final-memory-block2-3-R,2,public,0,1536664,2203648,1636,8839168,82432,0,20612,released_2,19939328,33584904,True,0,0,0,0,4096,0,14472,240,,,,,
R,memory,final-memory-block2-3-R,2,public,0,195680,679936,766,9887744,82520,0,20612,runtime_released,19087360,33592040,True,0,0,0,0,4096,0,7136,88,,,,,
R,memory,final-memory-block2-3-R,2,backend,0,352400,860160,1872,9740288,88296,0,20612,initial,19288064,33989280,,,,,,,,,,1032,0,0,,
R,memory,final-memory-block2-3-R,2,backend,0,350344,851968,1862,7577600,94179,0,21008,compile_release_270,21590016,39162768,,,,,,,,5173488,5883,1032,0,0,,
R,memory,final-memory-block2-3-R,2,backend,134972,430392,966656,1985,9650176,95060,36,21264,retained_0,19783680,39865712,,,,,,,,702944,881,1032,606208,262144,,
R,memory,final-memory-block2-3-R,2,backend,0,355000,868352,1880,10633216,95149,0,21264,released_0,18587648,39872112,,,,,,,,6400,89,1032,0,0,,
R,memory,final-memory-block2-3-R,2,backend,134972,430392,966656,1985,10682368,96011,36,21264,retained_1,18804736,40568240,,,,,,,,696128,862,1032,606208,262144,,
R,memory,final-memory-block2-3-R,2,backend,0,355000,868352,1880,10682368,96100,0,21264,released_1,18542592,40574640,,,,,,,,6400,89,1032,0,0,,
R,memory,final-memory-block2-3-R,2,backend,134972,430392,966656,1985,10682368,96962,36,21264,retained_2,18804736,41270768,,,,,,,,696128,862,1032,606208,262144,,
R,memory,final-memory-block2-3-R,2,backend,0,355000,868352,1880,10682368,97051,0,21264,released_2,18542592,41277168,,,,,,,,6400,89,1032,0,0,,
R,memory,final-memory-block2-4-R,2,public,0,202216,671744,703,2859008,5452,0,13624,initial,10194944,417648,True,0,0,0,0,4096,0,,,,,,,
R,memory,final-memory-block2-4-R,2,public,0,1371832,2138112,1459,3375104,60087,0,18656,compile_release_270,19009536,24076944,True,0,0,0,0,4096,0,23659296,54635,,,,,
R,memory,final-memory-block2-4-R,2,public,134972,1540648,2228224,1662,4030464,67300,36,18656,retained_0,18378752,27232688,True,0,0,0,0,4096,0,3155744,7213,,,,,
R,memory,final-memory-block2-4-R,2,public,0,1536344,2211840,1634,4685824,67540,0,18656,released_0,17723392,27247160,True,0,0,0,0,4096,0,14472,240,,,,,
R,memory,final-memory-block2-4-R,2,public,134972,1540648,2220032,1662,4169728,74745,36,18656,retained_1,18141184,30401400,True,0,0,0,0,4096,0,3154240,7205,,,,,
R,memory,final-memory-block2-4-R,2,public,0,1536344,2203648,1634,4694016,74985,0,18656,released_1,17649664,30415872,True,0,0,0,0,4096,0,14472,240,,,,,
R,memory,final-memory-block2-4-R,2,public,134972,1540648,2220032,1662,4235264,82190,36,18656,retained_2,18071552,33570112,True,0,0,0,0,4096,0,3154240,7205,,,,,
R,memory,final-memory-block2-4-R,2,public,0,1536344,2203648,1634,4694016,82430,0,18656,released_2,17686528,33584584,True,0,0,0,0,4096,0,14472,240,,,,,
R,memory,final-memory-block2-4-R,2,public,0,195360,679936,764,5677056,82518,0,18656,runtime_released,16912384,33591720,True,0,0,0,0,4096,0,7136,88,,,,,
R,memory,final-memory-block2-4-R,2,backend,0,352080,860160,1870,5578752,88294,0,18656,initial,17084416,33988960,,,,,,,,,,1032,0,0,,
R,memory,final-memory-block2-4-R,2,backend,0,350024,851968,1860,3342336,94177,0,19008,compile_release_270,19484672,39162448,,,,,,,,5173488,5883,1032,0,0,,
R,memory,final-memory-block2-4-R,2,backend,134972,430072,966656,1983,5832704,95058,36,19264,retained_0,17260544,39865392,,,,,,,,702944,881,1032,606208,262144,,
R,memory,final-memory-block2-4-R,2,backend,0,354680,868352,1878,6422528,95147,0,19264,released_0,16482304,39871792,,,,,,,,6400,89,1032,0,0,,
R,memory,final-memory-block2-4-R,2,backend,134972,430072,966656,1983,6422528,96009,36,19264,retained_1,16748544,40567920,,,,,,,,696128,862,1032,606208,262144,,
R,memory,final-memory-block2-4-R,2,backend,0,354680,868352,1878,6422528,96098,0,19264,released_1,16486400,40574320,,,,,,,,6400,89,1032,0,0,,
R,memory,final-memory-block2-4-R,2,backend,134972,430072,966656,1983,6365184,96960,36,19264,retained_2,16801792,41270448,,,,,,,,696128,862,1032,606208,262144,,
R,memory,final-memory-block2-4-R,2,backend,0,354680,868352,1878,6365184,97049,0,19264,released_2,16539648,41276848,,,,,,,,6400,89,1032,0,0,,
C,memory,final-memory-block2-5-C,2,public,0,202696,671744,706,2859008,5455,0,13424,initial,12357632,418128,True,0,0,0,0,4096,0,,,,,,,
C,memory,final-memory-block2-5-C,2,public,0,1372472,2129920,1463,3375104,60091,0,18988,compile_release_270,19345408,24077584,True,0,0,0,0,4096,0,23659456,54636,,,,,
C,memory,final-memory-block2-5-C,2,public,134972,1541288,2228224,1666,4030464,67304,36,18988,retained_0,18763776,27233328,True,0,0,0,0,4096,0,3155744,7213,,,,,
C,memory,final-memory-block2-5-C,2,public,0,1536984,2211840,1638,4685824,67544,0,18988,released_0,18108416,27247800,True,0,0,0,0,4096,0,14472,240,,,,,
C,memory,final-memory-block2-5-C,2,public,134972,1541288,2211840,1666,4145152,74749,36,18988,retained_1,18513920,30402040,True,0,0,0,0,4096,0,3154240,7205,,,,,
C,memory,final-memory-block2-5-C,2,public,0,1536984,2195456,1638,4669440,74989,0,18988,released_1,18096128,30416512,True,0,0,0,0,4096,0,14472,240,,,,,
C,memory,final-memory-block2-5-C,2,public,134972,1541288,2203648,1666,4259840,82194,36,18988,retained_2,18427904,33570752,True,0,0,0,0,4096,0,3154240,7205,,,,,
C,memory,final-memory-block2-5-C,2,public,0,1536984,2187264,1638,4718592,82434,0,18988,released_2,18055168,33585224,True,0,0,0,0,4096,0,14472,240,,,,,
C,memory,final-memory-block2-5-C,2,public,0,196000,679936,768,5701632,82522,0,18988,runtime_released,17268736,33592360,True,0,0,0,0,4096,0,7136,88,,,,,
C,memory,final-memory-block2-5-C,2,backend,0,352720,860160,1874,5578752,88298,0,18988,initial,17432576,33989600,,,,,,,,,,1032,0,0,,
C,memory,final-memory-block2-5-C,2,backend,0,350664,851968,1864,3637248,94181,0,19040,compile_release_270,19566592,39163088,,,,,,,,5173488,5883,1032,0,0,,
C,memory,final-memory-block2-5-C,2,backend,134972,430712,966656,1987,5734400,95062,36,19296,retained_0,17739776,39866032,,,,,,,,702944,881,1032,606208,262144,,
C,memory,final-memory-block2-5-C,2,backend,0,355320,868352,1882,6455296,95151,0,19296,released_0,16760832,39872432,,,,,,,,6400,89,1032,0,0,,
C,memory,final-memory-block2-5-C,2,backend,134972,430712,966656,1987,6496256,96013,36,19296,retained_1,16990208,40568560,,,,,,,,696128,862,1032,606208,262144,,
C,memory,final-memory-block2-5-C,2,backend,0,355320,868352,1882,6496256,96102,0,19296,released_1,16728064,40574960,,,,,,,,6400,89,1032,0,0,,
C,memory,final-memory-block2-5-C,2,backend,134972,430712,966656,1987,6307840,96964,36,19296,retained_2,17174528,41271088,,,,,,,,696128,862,1032,606208,262144,,
C,memory,final-memory-block2-5-C,2,backend,0,355320,868352,1882,6397952,97053,0,19296,released_2,16834560,41277488,,,,,,,,6400,89,1032,0,0,,
A,memory,final-memory-block2-6-A,2,public,0,207680,679936,709,6979584,5458,0,13792,initial,12795904,423112,True,0,0,0,0,4096,0,,,,,,,
A,memory,final-memory-block2-6-A,2,public,0,1045888,1794048,1253,7536640,60524,0,18880,compile_release_270,19374080,38193784,True,0,0,0,0,4096,0,37770672,55066,,,,,
A,memory,final-memory-block2-6-A,2,public,167268,1551296,2170880,1672,7536640,67795,36,18880,retained_0,19464192,43231072,True,0,0,0,0,4096,0,5037288,7271,,,,,
A,memory,final-memory-block2-6-A,2,public,0,1547008,2154496,1645,9502720,68036,0,18880,released_0,17522688,43245560,True,0,0,0,0,4096,0,14488,241,,,,,
A,memory,final-memory-block2-6-A,2,public,167268,1551312,2146304,1673,8142848,75299,36,18880,retained_1,18612224,48281344,True,0,0,0,0,4096,0,5035784,7263,,,,,
A,memory,final-memory-block2-6-A,2,public,0,1547008,2129920,1645,8470528,75539,0,18880,released_1,18366464,48295816,True,0,0,0,0,4096,0,14472,240,,,,,
A,memory,final-memory-block2-6-A,2,public,167268,1551312,2146304,1673,8290304,82802,36,18880,retained_2,18780160,53331600,True,0,0,0,0,4096,0,5035784,7263,,,,,
A,memory,final-memory-block2-6-A,2,public,0,1547008,2129920,1645,8486912,83042,0,18880,released_2,18583552,53346072,True,0,0,0,0,4096,0,14472,240,,,,,
A,memory,final-memory-block2-6-A,2,public,0,200824,688128,770,9928704,83130,0,18880,runtime_released,17211392,53353208,True,0,0,0,0,4096,0,7136,88,,,,,
A,memory,final-memory-block2-6-A,2,backend,0,357544,868352,1876,9797632,88906,0,18880,initial,17358848,53750448,,,,,,,,,,1032,0,0,,
A,memory,final-memory-block2-6-A,2,backend,0,355488,860160,1866,7454720,95209,0,19368,compile_release_270,19959808,72996624,,,,,,,,19246176,6303,1032,0,0,,
A,memory,final-memory-block2-6-A,2,backend,167268,434144,966656,1981,8503296,96148,36,19624,retained_0,19210240,75576072,,,,,,,,2579448,939,1032,606208,278528,,
A,memory,final-memory-block2-6-A,2,backend,0,360128,876544,1883,10928128,96246,0,19624,released_0,16506880,75584016,,,,,,,,7944,98,1032,0,0,,
A,memory,final-memory-block2-6-A,2,backend,167268,434144,966656,1981,8740864,97166,36,19624,retained_1,18214912,78156648,,,,,,,,2572632,920,1032,606208,278528,,
A,memory,final-memory-block2-6-A,2,backend,0,360128,876544,1883,10903552,97264,0,19624,released_1,16519168,78164592,,,,,,,,7944,98,1032,0,0,,
A,memory,final-memory-block2-6-A,2,backend,167268,434144,966656,1981,8757248,98184,36,19624,retained_2,18210816,80737224,,,,,,,,2572632,920,1032,606208,278528,,
A,memory,final-memory-block2-6-A,2,backend,0,360128,876544,1883,10903552,98282,0,19624,released_2,16523264,80745168,,,,,,,,7944,98,1032,0,0,,
A,memory,final-memory-block3-1-A,3,public,0,208000,679936,711,2785280,5460,0,13728,initial,12582912,423432,True,0,0,0,0,4096,0,,,,,,,
A,memory,final-memory-block3-1-A,3,public,0,1046384,1703936,1257,3506176,60528,0,18660,compile_release_270,18878464,38194296,True,0,0,0,0,4096,0,37770864,55068,,,,,
A,memory,final-memory-block3-1-A,3,public,167268,1551792,2228224,1676,3284992,67799,36,18660,retained_0,18993152,43231600,True,0,0,0,0,4096,0,5037304,7271,,,,,
A,memory,final-memory-block3-1-A,3,public,0,1547488,2211840,1648,5251072,68039,0,18660,released_0,17149952,43246072,True,0,0,0,0,4096,0,14472,240,,,,,
A,memory,final-memory-block3-1-A,3,public,167268,1551792,2146304,1676,4063232,75302,36,18660,retained_1,18313216,48281856,True,0,0,0,0,4096,0,5035784,7263,,,,,
A,memory,final-memory-block3-1-A,3,public,0,1547488,2129920,1648,4325376,75542,0,18660,released_1,18063360,48296328,True,0,0,0,0,4096,0,14472,240,,,,,
A,memory,final-memory-block3-1-A,3,public,167268,1551792,2146304,1676,4022272,82805,36,18660,retained_2,18239488,53332112,True,0,0,0,0,4096,0,5035784,7263,,,,,
A,memory,final-memory-block3-1-A,3,public,0,1547488,2129920,1648,4284416,83045,0,18660,released_2,18128896,53346584,True,0,0,0,0,4096,0,14472,240,,,,,
A,memory,final-memory-block3-1-A,3,public,0,201304,688128,773,5726208,83133,0,18660,runtime_released,16805888,53353720,True,0,0,0,0,4096,0,7136,88,,,,,
A,memory,final-memory-block3-1-A,3,backend,0,358024,868352,1879,5554176,88909,0,18660,initial,16986112,53750960,,,,,,,,,,1032,0,0,,
A,memory,final-memory-block3-1-A,3,backend,0,355968,860160,1869,3301376,95212,0,18844,compile_release_270,19398656,72997136,,,,,,,,19246176,6303,1032,0,0,,
A,memory,final-memory-block3-1-A,3,backend,167268,436032,983040,1993,4284416,96149,36,19228,retained_0,18800640,75576448,,,,,,,,2579312,937,1032,606208,278528,,
A,memory,final-memory-block3-1-A,3,backend,0,360624,876544,1887,4284416,96238,0,19228,released_0,18522112,75582848,,,,,,,,6400,89,1032,0,0,,
A,memory,final-memory-block3-1-A,3,backend,167268,436032,983040,1993,4448256,97156,36,19228,retained_1,18644992,78155344,,,,,,,,2572496,918,1032,606208,278528,,
A,memory,final-memory-block3-1-A,3,backend,0,360624,876544,1887,4448256,97245,0,19228,released_1,18370560,78161744,,,,,,,,6400,89,1032,0,0,,
A,memory,final-memory-block3-1-A,3,backend,167268,436032,983040,1993,4587520,98163,36,19228,retained_2,18518016,80734240,,,,,,,,2572496,918,1032,606208,278528,,
A,memory,final-memory-block3-1-A,3,backend,0,360624,876544,1887,4587520,98252,0,19228,released_2,18239488,80740640,,,,,,,,6400,89,1032,0,0,,
C,memory,final-memory-block3-2-C,3,public,0,202696,671744,706,2859008,5455,0,13600,initial,12357632,418128,True,0,0,0,0,4096,0,,,,,,,
C,memory,final-memory-block3-2-C,3,public,0,1372456,2138112,1462,3407872,60090,0,18624,compile_release_270,19116032,24077568,True,0,0,0,0,4096,0,23659440,54635,,,,,
C,memory,final-memory-block3-2-C,3,public,134972,1541288,2236416,1666,4063232,67304,36,18624,retained_0,18477056,27233328,True,0,0,0,0,4096,0,3155760,7214,,,,,
C,memory,final-memory-block3-2-C,3,public,0,1536984,2220032,1638,4718592,67544,0,18624,released_0,17821696,27247800,True,0,0,0,0,4096,0,14472,240,,,,,
C,memory,final-memory-block3-2-C,3,public,134972,1541288,2220032,1666,4235264,74749,36,18624,retained_1,18206720,30402040,True,0,0,0,0,4096,0,3154240,7205,,,,,
C,memory,final-memory-block3-2-C,3,public,0,1536984,2203648,1638,4694016,74989,0,18624,released_1,17776640,30416512,True,0,0,0,0,4096,0,14472,240,,,,,
C,memory,final-memory-block3-2-C,3,public,134972,1541288,2220032,1666,4235264,82194,36,18624,retained_2,18313216,33570752,True,0,0,0,0,4096,0,3154240,7205,,,,,
C,memory,final-memory-block3-2-C,3,public,0,1536984,2203648,1638,4694016,82434,0,18624,released_2,17899520,33585224,True,0,0,0,0,4096,0,14472,240,,,,,
C,memory,final-memory-block3-2-C,3,public,0,196000,679936,768,5677056,82522,0,18624,runtime_released,17113088,33592360,True,0,0,0,0,4096,0,7136,88,,,,,
C,memory,final-memory-block3-2-C,3,backend,0,352720,860160,1874,5529600,88298,0,18624,initial,17305600,33989600,,,,,,,,,,1032,0,0,,
C,memory,final-memory-block3-2-C,3,backend,0,350664,851968,1864,3473408,94181,0,19012,compile_release_270,19550208,39163088,,,,,,,,5173488,5883,1032,0,0,,
C,memory,final-memory-block3-2-C,3,backend,134972,430712,966656,1987,4915200,95062,36,19268,retained_0,18374656,39866032,,,,,,,,702944,881,1032,606208,262144,,
C,memory,final-memory-block3-2-C,3,backend,0,355320,868352,1882,6381568,95151,0,19268,released_0,16650240,39872432,,,,,,,,6400,89,1032,0,0,,
C,memory,final-memory-block3-2-C,3,backend,134972,430712,966656,1987,5963776,96013,36,19268,retained_1,17309696,40568560,,,,,,,,696128,862,1032,606208,262144,,
C,memory,final-memory-block3-2-C,3,backend,0,355320,868352,1882,6422528,96102,0,19268,released_1,16601088,40574960,,,,,,,,6400,89,1032,0,0,,
C,memory,final-memory-block3-2-C,3,backend,134972,430712,966656,1987,5980160,96964,36,19268,retained_2,17313792,41271088,,,,,,,,696128,862,1032,606208,262144,,
C,memory,final-memory-block3-2-C,3,backend,0,355320,868352,1882,6430720,97053,0,19268,released_2,16609280,41277488,,,,,,,,6400,89,1032,0,0,,
R,memory,final-memory-block3-3-R,3,public,0,202536,671744,705,2859008,5454,0,13728,initial,12292096,417968,True,0,0,0,0,4096,0,,,,,,,
R,memory,final-memory-block3-3-R,3,public,0,1372472,2129920,1463,3432448,60091,0,20624,compile_release_270,20746240,24077584,True,0,0,0,0,4096,0,23659616,54637,,,,,
R,memory,final-memory-block3-3-R,3,public,134972,1541288,2228224,1666,4022272,67304,36,20624,retained_0,20185088,27233328,True,0,0,0,0,4096,0,3155744,7213,,,,,
R,memory,final-memory-block3-3-R,3,public,0,1536984,2211840,1638,4743168,67544,0,20624,released_0,19464192,27247800,True,0,0,0,0,4096,0,14472,240,,,,,
R,memory,final-memory-block3-3-R,3,public,134972,1541288,2211840,1666,4218880,74749,36,20624,retained_1,19881984,30402040,True,0,0,0,0,4096,0,3154240,7205,,,,,
R,memory,final-memory-block3-3-R,3,public,0,1536984,2195456,1638,4677632,74989,0,20624,released_1,19492864,30416512,True,0,0,0,0,4096,0,14472,240,,,,,
R,memory,final-memory-block3-3-R,3,public,134972,1541288,2203648,1666,3989504,82194,36,20624,retained_2,20008960,33570752,True,0,0,0,0,4096,0,3154240,7205,,,,,
R,memory,final-memory-block3-3-R,3,public,0,1536984,2187264,1638,4710400,82434,0,20624,released_2,19476480,33585224,True,0,0,0,0,4096,0,14472,240,,,,,
R,memory,final-memory-block3-3-R,3,public,0,196000,679936,768,5693440,82522,0,20624,runtime_released,18690048,33592360,True,0,0,0,0,4096,0,7136,88,,,,,
R,memory,final-memory-block3-3-R,3,backend,0,352720,860160,1874,5570560,88298,0,20624,initial,18829312,33989600,,,,,,,,,,1032,0,0,,
R,memory,final-memory-block3-3-R,3,backend,0,350664,851968,1864,3497984,94181,0,20624,compile_release_270,21094400,39163088,,,,,,,,5173488,5883,1032,0,0,,
R,memory,final-memory-block3-3-R,3,backend,134972,430712,966656,1987,4874240,95062,36,20704,retained_0,20000768,39866032,,,,,,,,702944,881,1032,606208,262144,,
R,memory,final-memory-block3-3-R,3,backend,0,355320,868352,1882,6447104,95151,0,20704,released_0,18182144,39872432,,,,,,,,6400,89,1032,0,0,,
R,memory,final-memory-block3-3-R,3,backend,134972,430712,966656,1987,6447104,96013,36,20704,retained_1,18452480,40568560,,,,,,,,696128,862,1032,606208,262144,,
R,memory,final-memory-block3-3-R,3,backend,0,355320,868352,1882,6414336,96102,0,20704,released_1,18223104,40574960,,,,,,,,6400,89,1032,0,0,,
R,memory,final-memory-block3-3-R,3,backend,134972,430712,966656,1987,6168576,96964,36,20704,retained_2,18710528,41271088,,,,,,,,696128,862,1032,606208,262144,,
R,memory,final-memory-block3-3-R,3,backend,0,355320,868352,1882,6389760,97053,0,20704,released_2,18247680,41277488,,,,,,,,6400,89,1032,0,0,,
R,memory,final-memory-block3-4-R,3,public,0,208016,679936,712,6979584,5461,0,13772,initial,12308480,423448,True,0,0,0,0,4096,0,,,,,,,
R,memory,final-memory-block3-4-R,3,public,0,1377792,2146304,1469,9158656,60097,0,19084,compile_release_270,17940480,24082904,True,0,0,0,0,4096,0,23659456,54636,,,,,
R,memory,final-memory-block3-4-R,3,public,134972,1546608,2244608,1672,8339456,67310,36,19084,retained_0,18698240,27238648,True,0,0,0,0,4096,0,3155744,7213,,,,,
R,memory,final-memory-block3-4-R,3,public,0,1542304,2228224,1644,8863744,67550,0,19084,released_0,18214912,27253120,True,0,0,0,0,4096,0,14472,240,,,,,
R,memory,final-memory-block3-4-R,3,public,134972,1546608,2236416,1672,8372224,74755,36,19084,retained_1,18677760,30407360,True,0,0,0,0,4096,0,3154240,7205,,,,,
R,memory,final-memory-block3-4-R,3,public,0,1542304,2220032,1644,8765440,74995,0,19084,released_1,18321408,30421832,True,0,0,0,0,4096,0,14472,240,,,,,
R,memory,final-memory-block3-4-R,3,public,134972,1546608,2220032,1672,8372224,82200,36,19084,retained_2,18644992,33576072,True,0,0,0,0,4096,0,3154240,7205,,,,,
R,memory,final-memory-block3-4-R,3,public,0,1542304,2203648,1644,8830976,82440,0,19084,released_2,18276352,33590544,True,0,0,0,0,4096,0,14472,240,,,,,
R,memory,final-memory-block3-4-R,3,public,0,201320,688128,774,9814016,82528,0,19084,runtime_released,17489920,33597680,True,0,0,0,0,4096,0,7136,88,,,,,
R,memory,final-memory-block3-4-R,3,backend,0,358040,868352,1880,9666560,88304,0,19084,initial,17686528,33994920,,,,,,,,,,1032,0,0,,
R,memory,final-memory-block3-4-R,3,backend,0,355984,860160,1870,7471104,94187,0,19448,compile_release_270,19992576,39168408,,,,,,,,5173488,5883,1032,0,0,,
R,memory,final-memory-block3-4-R,3,backend,134972,436032,974848,1993,9551872,95068,36,19704,retained_0,18178048,39871352,,,,,,,,702944,881,1032,606208,262144,,
R,memory,final-memory-block3-4-R,3,backend,0,360640,876544,1888,10534912,95157,0,19704,released_0,16986112,39877752,,,,,,,,6400,89,1032,0,0,,
R,memory,final-memory-block3-4-R,3,backend,134972,436032,974848,1993,10543104,96019,36,19704,retained_1,17248256,40573880,,,,,,,,696128,862,1032,606208,262144,,
R,memory,final-memory-block3-4-R,3,backend,0,360640,876544,1888,10543104,96108,0,19704,released_1,16986112,40580280,,,,,,,,6400,89,1032,0,0,,
R,memory,final-memory-block3-4-R,3,backend,134972,436032,974848,1993,10543104,96970,36,19704,retained_2,17248256,41276408,,,,,,,,696128,862,1032,606208,262144,,
R,memory,final-memory-block3-4-R,3,backend,0,360640,876544,1888,10543104,97059,0,19704,released_2,16986112,41282808,,,,,,,,6400,89,1032,0,0,,
C,memory,final-memory-block3-5-C,3,public,0,202856,671744,707,2859008,5456,0,13832,initial,12357632,418288,True,0,0,0,0,4096,0,,,,,,,
C,memory,final-memory-block3-5-C,3,public,0,1372632,2129920,1464,3375104,60092,0,19080,compile_release_270,19509248,24077744,True,0,0,0,0,4096,0,23659456,54636,,,,,
C,memory,final-memory-block3-5-C,3,public,134972,1541448,2228224,1667,4030464,67305,36,19080,retained_0,18931712,27233488,True,0,0,0,0,4096,0,3155744,7213,,,,,
C,memory,final-memory-block3-5-C,3,public,0,1537144,2211840,1639,4685824,67545,0,19080,released_0,18276352,27247960,True,0,0,0,0,4096,0,14472,240,,,,,
C,memory,final-memory-block3-5-C,3,public,134972,1541448,2211840,1667,4259840,74750,36,19080,retained_1,18644992,30402200,True,0,0,0,0,4096,0,3154240,7205,,,,,
C,memory,final-memory-block3-5-C,3,public,0,1537144,2195456,1639,4718592,74990,0,19080,released_1,18223104,30416672,True,0,0,0,0,4096,0,14472,240,,,,,
C,memory,final-memory-block3-5-C,3,public,134972,1541448,2211840,1667,4243456,82195,36,19080,retained_2,18636800,33570912,True,0,0,0,0,4096,0,3154240,7205,,,,,
C,memory,final-memory-block3-5-C,3,public,0,1537144,2195456,1639,4702208,82435,0,19080,released_2,18259968,33585384,True,0,0,0,0,4096,0,14472,240,,,,,
C,memory,final-memory-block3-5-C,3,public,0,196160,679936,769,5685248,82523,0,19080,runtime_released,17473536,33592520,True,0,0,0,0,4096,0,7136,88,,,,,
C,memory,final-memory-block3-5-C,3,backend,0,352880,860160,1875,5578752,88299,0,19080,initial,17649664,33989760,,,,,,,,,,1032,0,0,,
C,memory,final-memory-block3-5-C,3,backend,0,350824,851968,1865,3309568,94182,0,19368,compile_release_270,20021248,39163248,,,,,,,,5173488,5883,1032,0,0,,
C,memory,final-memory-block3-5-C,3,backend,134972,430872,966656,1988,5406720,95063,36,19624,retained_0,18190336,39866192,,,,,,,,702944,881,1032,606208,262144,,
C,memory,final-memory-block3-5-C,3,backend,0,355480,868352,1883,6455296,95152,0,19624,released_0,16953344,39872592,,,,,,,,6400,89,1032,0,0,,
C,memory,final-memory-block3-5-C,3,backend,134972,430872,966656,1988,6455296,96014,36,19624,retained_1,17219584,40568720,,,,,,,,696128,862,1032,606208,262144,,
C,memory,final-memory-block3-5-C,3,backend,0,355480,868352,1883,6455296,96103,0,19624,released_1,16957440,40575120,,,,,,,,6400,89,1032,0,0,,
C,memory,final-memory-block3-5-C,3,backend,134972,430872,966656,1988,6455296,96965,36,19624,retained_2,17219584,41271248,,,,,,,,696128,862,1032,606208,262144,,
C,memory,final-memory-block3-5-C,3,backend,0,355480,868352,1883,6455296,97054,0,19624,released_2,16957440,41277648,,,,,,,,6400,89,1032,0,0,,
A,memory,final-memory-block3-6-A,3,public,0,207840,679936,710,2785280,5459,0,13628,initial,12582912,423272,True,0,0,0,0,4096,0,,,,,,,
A,memory,final-memory-block3-6-A,3,public,0,1046240,1712128,1257,3416064,60527,0,18676,compile_release_270,19075072,38194136,True,0,0,0,0,4096,0,37770864,55068,,,,,
A,memory,final-memory-block3-6-A,3,public,167268,1551632,2228224,1675,3416064,67798,36,18676,retained_0,19111936,43231440,True,0,0,0,0,4096,0,5037304,7271,,,,,
A,memory,final-memory-block3-6-A,3,public,0,1547328,2211840,1647,5251072,68038,0,18676,released_0,17276928,43245912,True,0,0,0,0,4096,0,14472,240,,,,,
A,memory,final-memory-block3-6-A,3,public,167268,1551632,2138112,1675,3932160,75301,36,18676,retained_1,18386944,48281696,True,0,0,0,0,4096,0,5035784,7263,,,,,
A,memory,final-memory-block3-6-A,3,public,0,1547328,2121728,1647,4653056,75541,0,18676,released_1,17772544,48296168,True,0,0,0,0,4096,0,14472,240,,,,,
A,memory,final-memory-block3-6-A,3,public,167268,1551632,2154496,1675,3973120,82804,36,18676,retained_2,18345984,53331952,True,0,0,0,0,4096,0,5035784,7263,,,,,
A,memory,final-memory-block3-6-A,3,public,0,1547328,2138112,1647,4300800,83044,0,18676,released_2,18120704,53346424,True,0,0,0,0,4096,0,14472,240,,,,,
A,memory,final-memory-block3-6-A,3,public,0,201144,688128,772,5677056,83132,0,18676,runtime_released,16953344,53353560,True,0,0,0,0,4096,0,7136,88,,,,,
A,memory,final-memory-block3-6-A,3,backend,0,357864,868352,1878,5570560,88908,0,18676,initial,17092608,53750800,,,,,,,,,,1032,0,0,,
A,memory,final-memory-block3-6-A,3,backend,0,355808,860160,1868,3432448,95211,0,19052,compile_release_270,19324928,72996976,,,,,,,,19246176,6303,1032,0,0,,
A,memory,final-memory-block3-6-A,3,backend,167268,435872,983040,1992,4284416,96148,36,19128,retained_0,18784256,75576288,,,,,,,,2579312,937,1032,606208,278528,,
A,memory,final-memory-block3-6-A,3,backend,0,360464,876544,1886,4284416,96237,0,19128,released_0,18509824,75582688,,,,,,,,6400,89,1032,0,0,,
A,memory,final-memory-block3-6-A,3,backend,167268,435872,983040,1992,4579328,97155,36,19128,retained_1,18509824,78155184,,,,,,,,2572496,918,1032,606208,278528,,
A,memory,final-memory-block3-6-A,3,backend,0,360464,876544,1886,4579328,97244,0,19128,released_1,18231296,78161584,,,,,,,,6400,89,1032,0,0,,
A,memory,final-memory-block3-6-A,3,backend,167268,435872,983040,1992,4472832,98162,36,19128,retained_2,18620416,80734080,,,,,,,,2572496,918,1032,606208,278528,,
A,memory,final-memory-block3-6-A,3,backend,0,360464,876544,1886,4431872,98251,0,19128,released_2,18382848,80740480,,,,,,,,6400,89,1032,0,0,,
A,memory-auto,final-memory-auto-block1-1-A,1,public,0,266680,1032192,728,2310144,5480,0,13552,initial,12853248,482208,True,0,0,0,0,4096,0,,,,,,,
A,memory-auto,final-memory-auto-block1-1-A,1,public,0,585024,1589248,1021,3375104,64494,0,20396,compile_release_270,21094400,45815824,True,0,0,0,0,4096,0,45333616,59014,,,,,
A,memory-auto,final-memory-auto-block1-1-A,1,public,167268,1522224,2433024,1787,3162112,72303,36,20396,retained_0,21073920,51867408,True,0,0,0,0,4096,0,6051584,7809,,,,,
A,memory-auto,final-memory-auto-block1-1-A,1,public,0,1519376,2424832,1759,4472832,72545,0,20396,released_0,19914752,51884120,True,0,0,0,0,4096,0,16712,242,,,,,
A,memory-auto,final-memory-auto-block1-1-A,1,public,167268,1522464,2482176,1790,3571712,80349,36,20396,retained_1,20889600,57928472,True,0,0,0,0,4096,0,6044352,7804,,,,,
A,memory-auto,final-memory-auto-block1-1-A,1,public,0,1519616,2449408,1762,5079040,80592,0,20396,released_1,19398656,57945360,True,0,0,0,0,4096,0,16888,243,,,,,
A,memory-auto,final-memory-auto-block1-1-A,1,public,167268,1523872,2506752,1791,3661824,88390,36,20396,retained_2,20832256,63998512,True,0,0,0,0,4096,0,6053152,7798,,,,,
A,memory-auto,final-memory-auto-block1-1-A,1,public,0,1521024,2490368,1763,5103616,88632,0,20396,released_2,19394560,64015224,True,0,0,0,0,4096,0,16712,242,,,,,
A,memory-auto,final-memory-auto-block1-1-A,1,public,0,305928,1064960,889,5128192,88734,0,20396,runtime_released,19435520,64026336,True,0,0,0,0,4096,0,11112,102,,,,,
A,memory-auto,final-memory-auto-block1-1-A,1,backend,0,463032,1245184,1995,5193728,94510,0,20396,initial,19357696,64425112,,,,,,,,,,1032,0,0,,
A,memory-auto,final-memory-auto-block1-1-A,1,backend,0,459440,1220608,1985,3334144,100813,0,20940,compile_release_270,21442560,83672504,,,,,,,,19247392,6303,1032,0,0,,
A,memory-auto,final-memory-auto-block1-1-A,1,backend,167268,540656,1335296,2109,3874816,101750,36,21068,retained_0,21196800,86252968,,,,,,,,2580464,937,1032,606208,278528,,
A,memory-auto,final-memory-auto-block1-1-A,1,backend,0,465232,1245184,2002,3874816,101851,0,21068,released_0,20918272,86263200,,,,,,,,10232,101,1032,0,0,,
A,memory-auto,final-memory-auto-block1-1-A,1,backend,167268,540640,1335296,2108,3842048,102769,36,21068,retained_1,21241856,88836848,,,,,,,,2573648,918,1032,606208,278528,,
A,memory-auto,final-memory-auto-block1-1-A,1,backend,0,465232,1245184,2002,3825664,102870,0,21068,released_1,20979712,88847080,,,,,,,,10232,101,1032,0,0,,
A,memory-auto,final-memory-auto-block1-1-A,1,backend,167268,540656,1335296,2109,3874816,103800,36,21068,retained_2,21213184,91423408,,,,,,,,2576328,930,1032,606208,278528,,
A,memory-auto,final-memory-auto-block1-1-A,1,backend,0,465248,1245184,2003,3842048,103889,0,21068,released_2,20967424,91430960,,,,,,,,7552,89,1032,0,0,,
C,memory-auto,final-memory-auto-block1-2-C,1,public,0,267048,786432,730,2654208,5483,0,13608,initial,12566528,482592,True,0,0,0,0,4096,0,,,,,,,
C,memory-auto,final-memory-auto-block1-2-C,1,public,0,735632,1581056,1135,3358720,63861,0,18500,compile_release_270,19034112,30195544,True,0,0,0,0,4096,0,29712952,58378,,,,,
C,memory-auto,final-memory-auto-block1-2-C,1,public,134972,1511440,2301952,1773,3424256,71576,36,18500,retained_0,19009536,34160576,True,0,0,0,0,4096,0,3965032,7715,,,,,
C,memory-auto,final-memory-auto-block1-2-C,1,public,0,1508544,2293760,1742,4669440,71819,0,18500,released_0,17772544,34177464,True,0,0,0,0,4096,0,16888,243,,,,,
C,memory-auto,final-memory-auto-block1-2-C,1,public,134972,1518400,2351104,1791,3080192,79540,36,18500,retained_1,19181568,38143704,True,0,0,0,0,4096,0,3966240,7721,,,,,
C,memory-auto,final-memory-auto-block1-2-C,1,public,0,1514432,2318336,1756,4292608,79780,0,18500,released_1,18092032,38159328,True,0,0,0,0,4096,0,15624,240,,,,,
C,memory-auto,final-memory-auto-block1-2-C,1,public,134972,1518560,2326528,1793,3178496,87488,36,18628,retained_2,19316736,42119872,True,0,0,0,0,4096,0,3960544,7708,,,,,
C,memory-auto,final-memory-auto-block1-2-C,1,public,0,1514784,2301952,1760,4489216,87731,0,18628,released_2,18137088,42136760,True,0,0,0,0,4096,0,16888,243,,,,,
C,memory-auto,final-memory-auto-block1-2-C,1,public,0,304920,876544,887,5341184,87834,0,18628,runtime_released,17547264,42147984,True,0,0,0,0,4096,0,11224,103,,,,,
C,memory-auto,final-memory-auto-block1-2-C,1,backend,0,462024,1056768,1993,5152768,93624,0,18628,initial,17752064,42549584,,,,,,,,,,1032,0,0,,
C,memory-auto,final-memory-auto-block1-2-C,1,backend,0,458432,1040384,1983,3096576,99518,0,19336,compile_release_270,19922944,47726648,,,,,,,,5177064,5894,1032,0,0,,
C,memory-auto,final-memory-auto-block1-2-C,1,backend,134972,539632,1155072,2106,4603904,100399,36,19336,retained_0,18759680,48430744,,,,,,,,704096,881,1032,606208,262144,,
C,memory-auto,final-memory-auto-block1-2-C,1,backend,0,464240,1064960,2001,5980160,100488,0,19336,released_0,17125376,48438296,,,,,,,,7552,89,1032,0,0,,
C,memory-auto,final-memory-auto-block1-2-C,1,backend,134972,539632,1155072,2106,6094848,101350,36,19336,retained_1,17272832,49135576,,,,,,,,697280,862,1032,606208,262144,,
C,memory-auto,final-memory-auto-block1-2-C,1,backend,0,464224,1064960,2000,6094848,101451,0,19336,released_1,17010688,49145808,,,,,,,,10232,101,1032,0,0,,
C,memory-auto,final-memory-auto-block1-2-C,1,backend,134972,539632,1155072,2106,6086656,102325,36,19336,retained_2,17301504,49845768,,,,,,,,699960,874,1032,606208,262144,,
C,memory-auto,final-memory-auto-block1-2-C,1,backend,0,464224,1064960,2000,6086656,102426,0,19336,released_2,17039360,49856000,,,,,,,,10232,101,1032,0,0,,
R,memory-auto,final-memory-auto-block1-3-R,1,public,0,266728,786432,728,2654208,5481,0,13484,initial,12582912,482272,True,0,0,0,0,4096,0,,,,,,,
R,memory-auto,final-memory-auto-block1-3-R,1,public,0,590504,1409024,1029,3399680,63847,0,20448,compile_release_270,20074496,30201600,True,0,0,0,0,4096,0,29719328,58366,,,,,
R,memory-auto,final-memory-auto-block1-3-R,1,public,134972,1517896,2416640,1780,3399680,71558,36,20448,retained_0,20107264,34164712,True,0,0,0,0,4096,0,3963112,7711,,,,,
R,memory-auto,final-memory-auto-block1-3-R,1,public,0,1515048,2400256,1752,5005312,71801,0,20448,released_0,18542592,34181600,True,0,0,0,0,4096,0,16888,243,,,,,
R,memory-auto,final-memory-auto-block1-3-R,1,public,134972,1527960,2392064,1807,3162112,79533,36,20448,retained_1,20246528,38151984,True,0,0,0,0,4096,0,3970384,7732,,,,,
R,memory-auto,final-memory-auto-block1-3-R,1,public,0,1524888,2383872,1775,3751936,79776,0,20448,released_1,19800064,38168712,True,0,0,0,0,4096,0,16728,243,,,,,
R,memory-auto,final-memory-auto-block1-3-R,1,public,134972,1529800,2424832,1811,3047424,87485,36,20448,retained_2,20500480,42130024,True,0,0,0,0,4096,0,3961312,7709,,,,,
R,memory-auto,final-memory-auto-block1-3-R,1,public,0,1525832,2392064,1776,3637248,87727,0,20448,released_2,20013056,42146736,True,0,0,0,0,4096,0,16712,242,,,,,
R,memory-auto,final-memory-auto-block1-3-R,1,public,0,315872,860160,903,4554752,87815,0,20448,runtime_released,19238912,42155024,True,0,0,0,0,4096,0,8288,88,,,,,
R,memory-auto,final-memory-auto-block1-3-R,1,backend,0,472976,1032192,2009,5341184,93605,0,20448,initial,18640896,42556624,,,,,,,,,,1032,0,0,,
R,memory-auto,final-memory-auto-block1-3-R,1,backend,0,469384,1015808,1999,3284992,99488,0,20448,compile_release_270,20697088,47731328,,,,,,,,5174704,5883,1032,0,0,,
R,memory-auto,final-memory-auto-block1-3-R,1,backend,134972,550584,1130496,2122,4661248,100369,36,20448,retained_0,19652608,48435424,,,,,,,,704096,881,1032,606208,262144,,
R,memory-auto,final-memory-auto-block1-3-R,1,backend,0,475176,1040384,2016,6037504,100470,0,20448,released_0,18018304,48445656,,,,,,,,10232,101,1032,0,0,,
R,memory-auto,final-memory-auto-block1-3-R,1,backend,134972,550568,1130496,2121,6012928,101332,36,20448,retained_1,18284544,49142936,,,,,,,,697280,862,1032,606208,262144,,
R,memory-auto,final-memory-auto-block1-3-R,1,backend,0,475176,1040384,2016,6012928,101421,0,20448,released_1,18026496,49150488,,,,,,,,7552,89,1032,0,0,,
R,memory-auto,final-memory-auto-block1-3-R,1,backend,134972,550568,1130496,2121,6111232,102283,36,20448,retained_2,18186240,49847768,,,,,,,,697280,862,1032,606208,262144,,
R,memory-auto,final-memory-auto-block1-3-R,1,backend,0,475176,1040384,2016,6103040,102372,0,20448,released_2,17932288,49855320,,,,,,,,7552,89,1032,0,0,,
R,memory-auto,final-memory-auto-block1-4-R,1,public,0,266728,786432,728,2654208,5481,0,13656,initial,12361728,482272,True,0,0,0,0,4096,0,,,,,,,
R,memory-auto,final-memory-auto-block1-4-R,1,public,0,863536,1728512,1175,3121152,63858,0,20664,compile_release_270,20422656,30208816,True,0,0,0,0,4096,0,29726544,58377,,,,,
R,memory-auto,final-memory-auto-block1-4-R,1,public,134972,1523648,2367488,1806,3284992,71590,36,20664,retained_0,20389888,34179256,True,0,0,0,0,4096,0,3970440,7732,,,,,
R,memory-auto,final-memory-auto-block1-4-R,1,public,0,1520560,2342912,1773,4399104,71832,0,20664,released_0,19365888,34195968,True,0,0,0,0,4096,0,16712,242,,,,,
R,memory-auto,final-memory-auto-block1-4-R,1,public,134972,1531696,2490368,1823,3096576,79546,36,20664,retained_1,20529152,38161624,True,0,0,0,0,4096,0,3965656,7714,,,,,
R,memory-auto,final-memory-auto-block1-4-R,1,public,0,1528416,2449408,1788,4014080,79788,0,20664,released_1,19791872,38178336,True,0,0,0,0,4096,0,16712,242,,,,,
R,memory-auto,final-memory-auto-block1-4-R,1,public,134972,1535472,2359296,1831,3211264,87505,36,20664,retained_2,20561920,42142720,True,0,0,0,0,4096,0,3964384,7717,,,,,
R,memory-auto,final-memory-auto-block1-4-R,1,public,0,1532384,2342912,1798,4325376,87747,0,20664,released_2,19668992,42159432,True,0,0,0,0,4096,0,16712,242,,,,,
R,memory-auto,final-memory-auto-block1-4-R,1,public,0,322424,909312,925,5242880,87849,0,20664,runtime_released,18948096,42170544,True,0,0,0,0,4096,0,11112,102,,,,,
R,memory-auto,final-memory-auto-block1-4-R,1,backend,0,479528,1089536,2031,5111808,93639,0,20664,initial,19103744,42572144,,,,,,,,,,1032,0,0,,
R,memory-auto,final-memory-auto-block1-4-R,1,backend,0,475936,1064960,2021,3178496,99533,0,20664,compile_release_270,21041152,47749208,,,,,,,,5177064,5894,1032,0,0,,
R,memory-auto,final-memory-auto-block1-4-R,1,backend,134972,557136,1179648,2144,4489216,100414,36,20664,retained_0,20082688,48453304,,,,,,,,704096,881,1032,606208,262144,,
R,memory-auto,final-memory-auto-block1-4-R,1,backend,0,481744,1089536,2039,6127616,100503,0,20664,released_0,18055168,48460856,,,,,,,,7552,89,1032,0,0,,
R,memory-auto,final-memory-auto-block1-4-R,1,backend,134972,557136,1179648,2144,5980160,101365,36,20664,retained_1,18546688,49158136,,,,,,,,697280,862,1032,606208,262144,,
R,memory-auto,final-memory-auto-block1-4-R,1,backend,0,481744,1089536,2039,5971968,101454,0,20664,released_1,18305024,49165688,,,,,,,,7552,89,1032,0,0,,
R,memory-auto,final-memory-auto-block1-4-R,1,backend,134972,557136,1179648,2144,5906432,102316,36,20664,retained_2,18657280,49862968,,,,,,,,697280,862,1032,606208,262144,,
R,memory-auto,final-memory-auto-block1-4-R,1,backend,0,481744,1089536,2039,5906432,102405,0,20664,released_2,18395136,49870520,,,,,,,,7552,89,1032,0,0,,
C,memory-auto,final-memory-auto-block1-5-C,1,public,0,266568,892928,727,6692864,5480,0,13784,initial,12627968,482112,True,0,0,0,0,4096,0,,,,,,,
C,memory-auto,final-memory-auto-block1-5-C,1,public,0,853664,1949696,1159,3194880,63841,0,18372,compile_release_270,18919424,30190904,True,0,0,0,0,4096,0,29708792,58361,,,,,
C,memory-auto,final-memory-auto-block1-5-C,1,public,134972,1503568,2433024,1758,3211264,71541,36,18496,retained_0,19062784,34150672,True,0,0,0,0,4096,0,3959768,7700,,,,,
C,memory-auto,final-memory-auto-block1-5-C,1,public,0,1500496,2424832,1726,4456448,71785,0,18496,released_0,17833984,34167576,True,0,0,0,0,4096,0,16904,244,,,,,
C,memory-auto,final-memory-auto-block1-5-C,1,public,134972,1503936,2514944,1765,2736128,79488,36,18496,retained_1,19034112,38126000,True,0,0,0,0,4096,0,3958424,7703,,,,,
C,memory-auto,final-memory-auto-block1-5-C,1,public,0,1505976,2498560,1736,3948544,79736,0,18496,released_1,18006016,38148032,True,0,0,0,0,4096,0,22032,248,,,,,
C,memory-auto,final-memory-auto-block1-5-C,1,public,134972,1513368,2473984,1779,3014656,87455,36,18496,retained_2,18800640,42113216,True,0,0,0,0,4096,0,3965184,7719,,,,,
C,memory-auto,final-memory-auto-block1-5-C,1,public,0,1510088,2465792,1744,4194304,87698,0,18496,released_2,17760256,42130104,True,0,0,0,0,4096,0,16888,243,,,,,
C,memory-auto,final-memory-auto-block1-5-C,1,public,0,300096,950272,869,5111808,87800,0,18496,runtime_released,17039360,42141216,True,0,0,0,0,4096,0,11112,102,,,,,
C,memory-auto,final-memory-auto-block1-5-C,1,backend,0,457200,1122304,1975,4825088,93590,0,18496,initial,17301504,42542816,,,,,,,,,,1032,0,0,,
C,memory-auto,final-memory-auto-block1-5-C,1,backend,0,453608,1097728,1965,3407872,99484,0,18496,compile_release_270,18944000,47719880,,,,,,,,5177064,5894,1032,0,0,,
C,memory-auto,final-memory-auto-block1-5-C,1,backend,134972,534808,1212416,2088,4390912,100365,36,18632,retained_0,18259968,48423976,,,,,,,,704096,881,1032,606208,262144,,
C,memory-auto,final-memory-auto-block1-5-C,1,backend,0,459416,1122304,1983,5832704,100454,0,18632,released_0,16306176,48431528,,,,,,,,7552,89,1032,0,0,,
C,memory-auto,final-memory-auto-block1-5-C,1,backend,134972,534808,1212416,2088,5890048,101328,36,18632,retained_1,16752640,49131488,,,,,,,,699960,874,1032,606208,262144,,
C,memory-auto,final-memory-auto-block1-5-C,1,backend,0,459400,1122304,1982,5857280,101429,0,18632,released_1,16527360,49141720,,,,,,,,10232,101,1032,0,0,,
C,memory-auto,final-memory-auto-block1-5-C,1,backend,134972,534808,1212416,2088,5922816,102303,36,18632,retained_2,16732160,49841680,,,,,,,,699960,874,1032,606208,262144,,
C,memory-auto,final-memory-auto-block1-5-C,1,backend,0,459400,1122304,1982,5922816,102404,0,18632,released_2,16474112,49851912,,,,,,,,10232,101,1032,0,0,,
A,memory-auto,final-memory-auto-block1-6-A,1,public,0,266712,786432,727,6848512,5480,0,13784,initial,12877824,482256,True,0,0,0,0,4096,0,,,,,,,
A,memory-auto,final-memory-auto-block1-6-A,1,public,0,434464,1130496,921,7864320,64485,0,20352,compile_release_270,20107264,45813952,True,0,0,0,0,4096,0,45331696,59005,,,,,
A,memory-auto,final-memory-auto-block1-6-A,1,public,167268,1525504,2326528,1792,7790592,72304,36,20352,retained_0,20209664,51870384,True,0,0,0,0,4096,0,6056432,7819,,,,,
A,memory-auto,final-memory-auto-block1-6-A,1,public,0,1527992,2310144,1771,9420800,72554,0,20352,released_0,18583552,51892608,True,0,0,0,0,4096,0,22224,250,,,,,
A,memory-auto,final-memory-auto-block1-6-A,1,public,167268,1532392,2457600,1803,7593984,80354,36,20352,retained_1,20426752,57937744,True,0,0,0,0,4096,0,6045136,7800,,,,,
A,memory-auto,final-memory-auto-block1-6-A,1,public,0,1529544,2449408,1775,9166848,80597,0,20352,released_1,18890752,57954632,True,0,0,0,0,4096,0,16888,243,,,,,
A,memory-auto,final-memory-auto-block1-6-A,1,public,167268,1538872,2342912,1821,7593984,88392,36,20352,retained_2,20463616,64001288,True,0,0,0,0,4096,0,6046656,7795,,,,,
A,memory-auto,final-memory-auto-block1-6-A,1,public,0,1535784,2318336,1788,7921664,88634,0,20352,released_2,20172800,64018000,True,0,0,0,0,4096,0,16712,242,,,,,
A,memory-auto,final-memory-auto-block1-6-A,1,public,0,320784,868352,914,9494528,88737,0,20352,runtime_released,18681856,64029224,True,0,0,0,0,4096,0,11224,103,,,,,
A,memory-auto,final-memory-auto-block1-6-A,1,backend,0,477888,1048576,2020,9494528,94527,0,20352,initial,18751488,64430824,,,,,,,,,,1032,0,0,,
A,memory-auto,final-memory-auto-block1-6-A,1,backend,0,474296,1032192,2010,7536640,100830,0,20352,compile_release_270,20865024,83678232,,,,,,,,19247408,6303,1032,0,0,,
A,memory-auto,final-memory-auto-block1-6-A,1,backend,167268,555512,1155072,2134,8323072,101767,36,20352,retained_0,20373504,86258696,,,,,,,,2580464,937,1032,606208,278528,,
A,memory-auto,final-memory-auto-block1-6-A,1,backend,0,480104,1056768,2028,8323072,101856,0,20352,released_0,20094976,86266248,,,,,,,,7552,89,1032,0,0,,
A,memory-auto,final-memory-auto-block1-6-A,1,backend,167268,555512,1155072,2134,8413184,102786,36,20352,retained_1,19968000,88842576,,,,,,,,2576328,930,1032,606208,278528,,
A,memory-auto,final-memory-auto-block1-6-A,1,backend,0,480088,1056768,2027,8413184,102887,0,20352,released_1,19689472,88852808,,,,,,,,10232,101,1032,0,0,,
A,memory-auto,final-memory-auto-block1-6-A,1,backend,167268,555512,1155072,2134,8110080,103817,36,20352,retained_2,20500480,91429136,,,,,,,,2576328,930,1032,606208,278528,,
A,memory-auto,final-memory-auto-block1-6-A,1,backend,0,480104,1056768,2028,8110080,103906,0,20352,released_2,20221952,91436688,,,,,,,,7552,89,1032,0,0,,
A,memory-auto,final-memory-auto-block2-1-A,2,public,0,267032,786432,729,2654208,5482,0,13784,initial,12869632,482576,True,0,0,0,0,4096,0,,,,,,,
A,memory-auto,final-memory-auto-block2-1-A,2,public,0,435704,1105920,920,3448832,64489,0,18704,compile_release_270,18751488,45823208,True,0,0,0,0,4096,0,45340632,59007,,,,,
A,memory-auto,final-memory-auto-block2-1-A,2,public,167268,1513352,2334720,1766,2973696,72283,36,18704,retained_0,19140608,51866408,True,0,0,0,0,4096,0,6043200,7794,,,,,
A,memory-auto,final-memory-auto-block2-1-A,2,public,0,1510504,2326528,1738,5169152,72526,0,18704,released_0,17088512,51883296,True,0,0,0,0,4096,0,16888,243,,,,,
A,memory-auto,final-memory-auto-block2-1-A,2,public,167268,1513832,2301952,1767,2899968,80307,36,18704,retained_1,19181568,57924032,True,0,0,0,0,4096,0,6040736,7781,,,,,
A,memory-auto,final-memory-auto-block2-1-A,2,public,0,1510968,2277376,1738,4538368,80550,0,18704,released_1,17711104,57940920,True,0,0,0,0,4096,0,16888,243,,,,,
A,memory-auto,final-memory-auto-block2-1-A,2,public,167268,1519368,2392064,1786,3162112,88355,36,18704,retained_2,19103744,63989600,True,0,0,0,0,4096,0,6048680,7805,,,,,
A,memory-auto,final-memory-auto-block2-1-A,2,public,0,1516088,2367488,1751,3948544,88597,0,18704,released_2,18358272,64006312,True,0,0,0,0,4096,0,16712,242,,,,,
A,memory-auto,final-memory-auto-block2-1-A,2,public,0,301056,892928,875,5259264,88700,0,18704,runtime_released,17129472,64017536,True,0,0,0,0,4096,0,11224,103,,,,,
A,memory-auto,final-memory-auto-block2-1-A,2,backend,0,458160,1073152,1981,5062656,94490,0,18704,initial,17375232,64419136,,,,,,,,,,1032,0,0,,
A,memory-auto,final-memory-auto-block2-1-A,2,backend,0,454568,1040384,1971,3457024,100804,0,18704,compile_release_270,19079168,83668920,,,,,,,,19249784,6314,1032,0,0,,
A,memory-auto,final-memory-auto-block2-1-A,2,backend,167268,535784,1163264,2095,4161536,101741,36,18828,retained_0,18702336,86249384,,,,,,,,2580464,937,1032,606208,278528,,
A,memory-auto,final-memory-auto-block2-1-A,2,backend,0,460376,1064960,1989,4161536,101830,0,18828,released_0,18423808,86256936,,,,,,,,7552,89,1032,0,0,,
A,memory-auto,final-memory-auto-block2-1-A,2,backend,167268,535784,1163264,2095,4227072,102748,36,18828,retained_1,17891328,88830584,,,,,,,,2573648,918,1032,606208,278528,,
A,memory-auto,final-memory-auto-block2-1-A,2,backend,0,460376,1064960,1989,4218880,102837,0,18828,released_1,17620992,88838136,,,,,,,,7552,89,1032,0,0,,
A,memory-auto,final-memory-auto-block2-1-A,2,backend,167268,535784,1163264,2095,4186112,103755,36,18828,retained_2,18554880,91411784,,,,,,,,2573648,918,1032,606208,278528,,
A,memory-auto,final-memory-auto-block2-1-A,2,backend,0,460360,1064960,1988,4186112,103856,0,18828,released_2,18280448,91422016,,,,,,,,10232,101,1032,0,0,,
C,memory-auto,final-memory-auto-block2-2-C,2,public,0,266408,892928,726,6692864,5479,0,13684,initial,12824576,481952,True,0,0,0,0,4096,0,,,,,,,
C,memory-auto,final-memory-auto-block2-2-C,2,public,0,863056,1736704,1172,7413760,63861,0,20492,compile_release_270,20873216,30200968,True,0,0,0,0,4096,0,29719016,58382,,,,,
C,memory-auto,final-memory-auto-block2-2-C,2,public,134972,1513664,2498560,1785,7675904,71567,36,20492,retained_0,20705280,34161312,True,0,0,0,0,4096,0,3960344,7706,,,,,
C,memory-auto,final-memory-auto-block2-2-C,2,public,0,1510384,2473984,1750,8265728,71809,0,20492,released_0,20168704,34178024,True,0,0,0,0,4096,0,16712,242,,,,,
C,memory-auto,final-memory-auto-block2-2-C,2,public,134972,1514272,2531328,1784,7413760,79522,36,20492,retained_1,20901888,38139240,True,0,0,0,0,4096,0,3961216,7713,,,,,
C,memory-auto,final-memory-auto-block2-2-C,2,public,0,1510816,2482176,1748,8069120,79765,0,20492,released_1,20328448,38155968,True,0,0,0,0,4096,0,16728,243,,,,,
C,memory-auto,final-memory-auto-block2-2-C,2,public,134972,1517584,2482176,1792,7512064,87481,36,20492,retained_2,20860928,42119808,True,0,0,0,0,4096,0,3963840,7716,,,,,
C,memory-auto,final-memory-auto-block2-2-C,2,public,0,1519624,2457600,1763,7905280,87729,0,20492,released_2,20561920,42141840,True,0,0,0,0,4096,0,22032,248,,,,,
C,memory-auto,final-memory-auto-block2-2-C,2,public,0,309648,991232,889,9216000,87831,0,20492,runtime_released,19349504,42152952,True,0,0,0,0,4096,0,11112,102,,,,,
C,memory-auto,final-memory-auto-block2-2-C,2,backend,0,466752,1163264,1995,9347072,93621,0,20492,initial,19415040,42554552,,,,,,,,,,1032,0,0,,
C,memory-auto,final-memory-auto-block2-2-C,2,backend,0,463160,1138688,1985,7512064,99515,0,20592,compile_release_270,21250048,47731616,,,,,,,,5177064,5894,1032,0,0,,
C,memory-auto,final-memory-auto-block2-2-C,2,backend,134972,544360,1253376,2108,8151040,100396,36,20720,retained_0,20967424,48435712,,,,,,,,704096,881,1032,606208,262144,,
C,memory-auto,final-memory-auto-block2-2-C,2,backend,0,468952,1163264,2002,9625600,100497,0,20720,released_0,19038208,48445944,,,,,,,,10232,101,1032,0,0,,
C,memory-auto,final-memory-auto-block2-2-C,2,backend,134972,544344,1253376,2107,10133504,101359,36,20720,retained_1,18968576,49143224,,,,,,,,697280,862,1032,606208,262144,,
C,memory-auto,final-memory-auto-block2-2-C,2,backend,0,468952,1163264,2002,10084352,101460,0,20720,released_1,18755584,49153456,,,,,,,,10232,101,1032,0,0,,
C,memory-auto,final-memory-auto-block2-2-C,2,backend,134972,544344,1253376,2107,10166272,102322,36,20720,retained_2,18911232,49850736,,,,,,,,697280,862,1032,606208,262144,,
C,memory-auto,final-memory-auto-block2-2-C,2,backend,0,468952,1163264,2002,10149888,102423,0,20720,released_2,18669568,49860968,,,,,,,,10232,101,1032,0,0,,
R,memory-auto,final-memory-auto-block2-3-R,2,public,0,266728,786432,728,6848512,5481,0,13716,initial,12382208,482272,True,0,0,0,0,4096,0,,,,,,,
R,memory-auto,final-memory-auto-block2-3-R,2,public,0,857728,1810432,1165,7405568,63833,0,20228,compile_release_270,20492288,30193584,True,0,0,0,0,4096,0,29711312,58352,,,,,
R,memory-auto,final-memory-auto-block2-3-R,2,public,134972,1512592,2367488,1778,7151616,71547,36,20228,retained_0,20758528,34158664,True,0,0,0,0,4096,0,3965080,7714,,,,,
R,memory-auto,final-memory-auto-block2-3-R,2,public,0,1509696,2351104,1747,9379840,71790,0,20228,released_0,18444288,34175552,True,0,0,0,0,4096,0,16888,243,,,,,
R,memory-auto,final-memory-auto-block2-3-R,2,public,134972,1513776,2490368,1783,7487488,79499,36,20228,retained_1,20226048,38136048,True,0,0,0,0,4096,0,3960496,7709,,,,,
R,memory-auto,final-memory-auto-block2-3-R,2,public,0,1509808,2457600,1748,8077312,79741,0,20228,released_1,19730432,38152760,True,0,0,0,0,4096,0,16712,242,,,,,
R,memory-auto,final-memory-auto-block2-3-R,2,public,134972,1516304,2383872,1790,7495680,87457,36,20228,retained_2,20357120,42115848,True,0,0,0,0,4096,0,3963088,7716,,,,,
R,memory-auto,final-memory-auto-block2-3-R,2,public,0,1512352,2359296,1756,8216576,87698,0,20228,released_2,19689472,42131488,True,0,0,0,0,4096,0,15640,241,,,,,
R,memory-auto,final-memory-auto-block2-3-R,2,public,0,302360,860160,881,9527296,87800,0,20228,runtime_released,18636800,42142600,True,0,0,0,0,4096,0,11112,102,,,,,
R,memory-auto,final-memory-auto-block2-3-R,2,backend,0,459464,1040384,1987,9527296,93590,0,20228,initial,18710528,42544200,,,,,,,,,,1032,0,0,,
R,memory-auto,final-memory-auto-block2-3-R,2,backend,0,455872,1024000,1977,7626752,99484,0,20228,compile_release_270,20602880,47721264,,,,,,,,5177064,5894,1032,0,0,,
R,memory-auto,final-memory-auto-block2-3-R,2,backend,134972,537072,1138688,2100,10182656,100365,36,20228,retained_0,18325504,48425360,,,,,,,,704096,881,1032,606208,262144,,
R,memory-auto,final-memory-auto-block2-3-R,2,backend,0,461664,1048576,1994,10248192,100466,0,20228,released_0,18067456,48435592,,,,,,,,10232,101,1032,0,0,,
R,memory-auto,final-memory-auto-block2-3-R,2,backend,134972,537072,1138688,2100,10321920,101340,36,20228,retained_1,18223104,49135552,,,,,,,,699960,874,1032,606208,262144,,
R,memory-auto,final-memory-auto-block2-3-R,2,backend,0,461664,1048576,1994,10289152,101441,0,20228,released_1,17993728,49145784,,,,,,,,10232,101,1032,0,0,,
R,memory-auto,final-memory-auto-block2-3-R,2,backend,134972,537072,1138688,2100,10231808,102315,36,20228,retained_2,18305024,49845744,,,,,,,,699960,874,1032,606208,262144,,
R,memory-auto,final-memory-auto-block2-3-R,2,backend,0,461680,1048576,1995,10231808,102404,0,20228,released_2,18046976,49853296,,,,,,,,7552,89,1032,0,0,,
R,memory-auto,final-memory-auto-block2-4-R,2,public,0,266408,786432,726,2654208,5479,0,13664,initial,12374016,481952,True,0,0,0,0,4096,0,,,,,,,
R,memory-auto,final-memory-auto-block2-4-R,2,public,0,743632,1695744,1151,3235840,63859,0,20120,compile_release_270,20467712,30226552,True,0,0,0,0,4096,0,29744600,58380,,,,,
R,memory-auto,final-memory-auto-block2-4-R,2,public,134972,1514944,2416640,1784,3112960,71565,36,20120,retained_0,20430848,34186896,True,0,0,0,0,4096,0,3960344,7706,,,,,
R,memory-auto,final-memory-auto-block2-4-R,2,public,0,1511664,2383872,1749,4292608,71807,0,20120,released_0,19406848,34203608,True,0,0,0,0,4096,0,16712,242,,,,,
R,memory-auto,final-memory-auto-block2-4-R,2,public,134972,1514944,2457600,1784,2916352,79521,36,20120,retained_1,20664320,38164520,True,0,0,0,0,4096,0,3960912,7714,,,,,
R,memory-auto,final-memory-auto-block2-4-R,2,public,0,1511664,2433024,1749,3768320,79763,0,20120,released_1,19914752,38181232,True,0,0,0,0,4096,0,16712,242,,,,,
R,memory-auto,final-memory-auto-block2-4-R,2,public,134972,1515152,2310144,1785,3170304,87479,36,20120,retained_2,20459520,42142368,True,0,0,0,0,4096,0,3961136,7716,,,,,
R,memory-auto,final-memory-auto-block2-4-R,2,public,0,1511888,2293760,1751,4349952,87722,0,20120,released_2,19427328,42159096,True,0,0,0,0,4096,0,16728,243,,,,,
R,memory-auto,final-memory-auto-block2-4-R,2,public,0,307232,876544,883,5332992,87830,0,20120,runtime_released,18640896,42175528,True,0,0,0,0,4096,0,16432,108,,,,,
R,memory-auto,final-memory-auto-block2-4-R,2,backend,0,464336,1056768,1989,5324800,93606,0,20120,initial,18665472,42574304,,,,,,,,,,1032,0,0,,
R,memory-auto,final-memory-auto-block2-4-R,2,backend,0,460744,1032192,1979,3203072,99500,0,20148,compile_release_270,20959232,47751368,,,,,,,,5177064,5894,1032,0,0,,
R,memory-auto,final-memory-auto-block2-4-R,2,backend,134972,541944,1146880,2102,4481024,100381,36,20532,retained_0,19951616,48455464,,,,,,,,704096,881,1032,606208,262144,,
R,memory-auto,final-memory-auto-block2-4-R,2,backend,0,466664,1056768,1998,5431296,100471,0,20532,released_0,18759680,48463128,,,,,,,,7664,90,1032,0,0,,
R,memory-auto,final-memory-auto-block2-4-R,2,backend,134972,542056,1146880,2103,6029312,101345,36,20532,retained_1,18423808,49163088,,,,,,,,699960,874,1032,606208,262144,,
R,memory-auto,final-memory-auto-block2-4-R,2,backend,0,466648,1056768,1997,6029312,101446,0,20532,released_1,18161664,49173320,,,,,,,,10232,101,1032,0,0,,
R,memory-auto,final-memory-auto-block2-4-R,2,backend,134972,542056,1146880,2103,6012928,102320,36,20532,retained_2,18440192,49873280,,,,,,,,699960,874,1032,606208,262144,,
R,memory-auto,final-memory-auto-block2-4-R,2,backend,0,466648,1056768,1997,6012928,102421,0,20532,released_2,18178048,49883512,,,,,,,,10232,101,1032,0,0,,
C,memory-auto,final-memory-auto-block2-5-C,2,public,0,266408,786432,726,6848512,5479,0,13684,initial,12644352,481952,True,0,0,0,0,4096,0,,,,,,,
C,memory-auto,final-memory-auto-block2-5-C,2,public,0,566664,1343488,963,7282688,63867,0,20252,compile_release_270,20758528,30206048,True,0,0,0,0,4096,0,29724096,58388,,,,,
C,memory-auto,final-memory-auto-block2-5-C,2,public,134972,1520856,2400256,1783,7233536,71578,36,20252,retained_0,20938752,34169256,True,0,0,0,0,4096,0,3963208,7711,,,,,
C,memory-auto,final-memory-auto-block2-5-C,2,public,0,1518024,2367488,1756,8871936,71822,0,20252,released_0,19341312,34186160,True,0,0,0,0,4096,0,16904,244,,,,,
C,memory-auto,final-memory-auto-block2-5-C,2,public,134972,1528088,2392064,1800,7168000,79547,36,20252,retained_1,20873216,38153968,True,0,0,0,0,4096,0,3967808,7725,,,,,
C,memory-auto,final-memory-auto-block2-5-C,2,public,0,1525192,2367488,1769,8937472,79790,0,20252,released_1,19247104,38170856,True,0,0,0,0,4096,0,16888,243,,,,,
C,memory-auto,final-memory-auto-block2-5-C,2,public,134972,1528296,2310144,1803,7258112,87484,36,20252,retained_2,20729856,42128464,True,0,0,0,0,4096,0,3957608,7694,,,,,
C,memory-auto,final-memory-auto-block2-5-C,2,public,0,1525208,2277376,1770,8568832,87727,0,20252,released_2,19636224,42145352,True,0,0,0,0,4096,0,16888,243,,,,,
C,memory-auto,final-memory-auto-block2-5-C,2,public,0,315392,860160,900,9355264,87816,0,20252,runtime_released,18952192,42153752,True,0,0,0,0,4096,0,8400,89,,,,,
C,memory-auto,final-memory-auto-block2-5-C,2,backend,0,472496,1040384,2006,9551872,93606,0,20252,initial,18976768,42555352,,,,,,,,,,1032,0,0,,
C,memory-auto,final-memory-auto-block2-5-C,2,backend,0,468904,1024000,1996,6758400,99500,0,20996,compile_release_270,21766144,47732416,,,,,,,,5177064,5894,1032,0,0,,
C,memory-auto,final-memory-auto-block2-5-C,2,backend,134972,550104,1138688,2119,7954432,100381,36,21124,retained_0,20848640,48436512,,,,,,,,704096,881,1032,606208,262144,,
C,memory-auto,final-memory-auto-block2-5-C,2,backend,0,474696,1048576,2013,10166272,100482,0,21124,released_0,18444288,48446744,,,,,,,,10232,101,1032,0,0,,
C,memory-auto,final-memory-auto-block2-5-C,2,backend,134972,550104,1138688,2119,9732096,101356,36,21124,retained_1,19103744,49146704,,,,,,,,699960,874,1032,606208,262144,,
C,memory-auto,final-memory-auto-block2-5-C,2,backend,0,474696,1048576,2013,10059776,101457,0,21124,released_1,18530304,49156936,,,,,,,,10232,101,1032,0,0,,
C,memory-auto,final-memory-auto-block2-5-C,2,backend,134972,550104,1138688,2119,9494528,102331,36,21124,retained_2,19333120,49856896,,,,,,,,699960,874,1032,606208,262144,,
C,memory-auto,final-memory-auto-block2-5-C,2,backend,0,474712,1048576,2014,10125312,102420,0,21124,released_2,18464768,49864448,,,,,,,,7552,89,1032,0,0,,
A,memory-auto,final-memory-auto-block2-6-A,2,public,0,266712,786432,727,2654208,5480,0,13680,initial,12656640,482256,True,0,0,0,0,4096,0,,,,,,,
A,memory-auto,final-memory-auto-block2-6-A,2,public,0,604416,1540096,1116,3211264,64472,0,20928,compile_release_270,20905984,45864320,True,0,0,0,0,4096,0,45382064,58992,,,,,
A,memory-auto,final-memory-auto-block2-6-A,2,public,167268,1514272,2260992,1773,3596288,72263,36,20928,retained_0,20611072,51908432,True,0,0,0,0,4096,0,6044112,7791,,,,,
A,memory-auto,final-memory-auto-block2-6-A,2,public,0,1511184,2252800,1740,4579328,72505,0,20928,released_0,19628032,51925144,True,0,0,0,0,4096,0,16712,242,,,,,
A,memory-auto,final-memory-auto-block2-6-A,2,public,167268,1515264,2351104,1780,3317760,80307,36,20928,retained_1,20766720,57969376,True,0,0,0,0,4096,0,6044232,7802,,,,,
A,memory-auto,final-memory-auto-block2-6-A,2,public,0,1511792,2318336,1743,3907584,80549,0,20928,released_1,20283392,57986088,True,0,0,0,0,4096,0,16712,242,,,,,
A,memory-auto,final-memory-auto-block2-6-A,2,public,167268,1521888,2326528,1792,3112960,88360,36,20928,retained_2,21069824,64036176,True,0,0,0,0,4096,0,6050088,7811,,,,,
A,memory-auto,final-memory-auto-block2-6-A,2,public,0,1518608,2310144,1757,3899392,88602,0,20928,released_2,20369408,64052888,True,0,0,0,0,4096,0,16712,242,,,,,
A,memory-auto,final-memory-auto-block2-6-A,2,public,0,303512,901120,883,4816896,88704,0,20928,runtime_released,19435520,64064000,True,0,0,0,0,4096,0,11112,102,,,,,
A,memory-auto,final-memory-auto-block2-6-A,2,backend,0,460616,1081344,1989,5341184,94494,0,20928,initial,19111936,64465600,,,,,,,,,,1032,0,0,,
A,memory-auto,final-memory-auto-block2-6-A,2,backend,0,457136,1048576,1980,3424256,100809,0,20928,compile_release_270,21143552,83715480,,,,,,,,19249880,6315,1032,0,0,,
A,memory-auto,final-memory-auto-block2-6-A,2,backend,167268,538352,1171456,2104,4210688,101746,36,20928,retained_0,20647936,86295944,,,,,,,,2580464,937,1032,606208,278528,,
A,memory-auto,final-memory-auto-block2-6-A,2,backend,0,462928,1073152,1997,4210688,101847,0,20928,released_0,20369408,86306176,,,,,,,,10232,101,1032,0,0,,
A,memory-auto,final-memory-auto-block2-6-A,2,backend,167268,538336,1171456,2103,4243456,102765,36,20928,retained_1,19873792,88879824,,,,,,,,2573648,918,1032,606208,278528,,
A,memory-auto,final-memory-auto-block2-6-A,2,backend,0,462928,1073152,1997,4210688,102854,0,20928,released_1,19628032,88887376,,,,,,,,7552,89,1032,0,0,,
A,memory-auto,final-memory-auto-block2-6-A,2,backend,167268,538352,1171456,2104,4243456,103784,36,20928,retained_2,20619264,91463704,,,,,,,,2576328,930,1032,606208,278528,,
A,memory-auto,final-memory-auto-block2-6-A,2,backend,0,462944,1073152,1998,4243456,103873,0,20928,released_2,20344832,91471256,,,,,,,,7552,89,1032,0,0,,
A,memory-auto,final-memory-auto-block3-1-A,3,public,0,266552,786432,726,6848512,5479,0,13672,initial,12664832,482096,True,0,0,0,0,4096,0,,,,,,,
A,memory-auto,final-memory-auto-block3-1-A,3,public,0,451096,1146880,947,7176192,64511,0,20396,compile_release_270,21090304,45830184,True,0,0,0,0,4096,0,45348088,59032,,,,,
A,memory-auto,final-memory-auto-block3-1-A,3,public,167268,1537000,2334720,1819,7282688,72314,36,20496,retained_0,21053440,51880112,True,0,0,0,0,4096,0,6049928,7803,,,,,
A,memory-auto,final-memory-auto-block3-1-A,3,public,0,1533720,2318336,1784,7593984,72556,0,20496,released_0,20750336,51896824,True,0,0,0,0,4096,0,16712,242,,,,,
A,memory-auto,final-memory-auto-block3-1-A,3,public,167268,1537992,2260992,1814,7249920,80337,36,20496,retained_1,21049344,57938296,True,0,0,0,0,4096,0,6041472,7781,,,,,
A,memory-auto,final-memory-auto-block3-1-A,3,public,0,1535144,2252800,1786,8691712,80580,0,20496,released_1,19660800,57955184,True,0,0,0,0,4096,0,16888,243,,,,,
A,memory-auto,final-memory-auto-block3-1-A,3,public,167268,1539784,2342912,1823,7389184,88368,36,20496,retained_2,20791296,63997376,True,0,0,0,0,4096,0,6042192,7788,,,,,
A,memory-auto,final-memory-auto-block3-1-A,3,public,0,1536696,2326528,1790,8503296,88610,0,20496,released_2,19791872,64014088,True,0,0,0,0,4096,0,16712,242,,,,,
A,memory-auto,final-memory-auto-block3-1-A,3,public,0,321584,901120,915,9420800,88712,0,20496,runtime_released,18939904,64025200,True,0,0,0,0,4096,0,11112,102,,,,,
A,memory-auto,final-memory-auto-block3-1-A,3,backend,0,478688,1081344,2021,9224192,94502,0,20496,initial,19177472,64426800,,,,,,,,,,1032,0,0,,
A,memory-auto,final-memory-auto-block3-1-A,3,backend,0,475096,1048576,2011,7577600,100816,0,20496,compile_release_270,21061632,83676568,,,,,,,,19249768,6314,1032,0,0,,
A,memory-auto,final-memory-auto-block3-1-A,3,backend,167268,556312,1171456,2135,8347648,101753,36,20496,retained_0,20258816,86257032,,,,,,,,2580464,937,1032,606208,278528,,
A,memory-auto,final-memory-auto-block3-1-A,3,backend,0,480888,1073152,2028,8347648,101854,0,20496,released_0,19984384,86267264,,,,,,,,10232,101,1032,0,0,,
A,memory-auto,final-memory-auto-block3-1-A,3,backend,167268,556312,1171456,2135,8077312,102784,36,20496,retained_1,20762624,88843592,,,,,,,,2576328,930,1032,606208,278528,,
A,memory-auto,final-memory-auto-block3-1-A,3,backend,0,480888,1073152,2028,8069120,102885,0,20496,released_1,20492288,88853824,,,,,,,,10232,101,1032,0,0,,
A,memory-auto,final-memory-auto-block3-1-A,3,backend,167268,556312,1171456,2135,8101888,103815,36,20496,retained_2,20086784,91430152,,,,,,,,2576328,930,1032,606208,278528,,
A,memory-auto,final-memory-auto-block3-1-A,3,backend,0,480888,1073152,2028,8101888,103916,0,20496,released_2,19812352,91440384,,,,,,,,10232,101,1032,0,0,,
C,memory-auto,final-memory-auto-block3-2-C,3,public,0,266248,786432,725,2654208,5478,0,13644,initial,12640256,481792,True,0,0,0,0,4096,0,,,,,,,
C,memory-auto,final-memory-auto-block3-2-C,3,public,0,568560,1417216,979,3268608,63838,0,20500,compile_release_270,20852736,30197064,True,0,0,0,0,4096,0,29715272,58360,,,,,
C,memory-auto,final-memory-auto-block3-2-C,3,public,134972,1513968,2326528,1781,3301376,71554,36,20500,retained_0,20742144,34161056,True,0,0,0,0,4096,0,3963992,7716,,,,,
C,memory-auto,final-memory-auto-block3-2-C,3,public,0,1511072,2310144,1750,4874240,71797,0,20500,released_0,19255296,34177944,True,0,0,0,0,4096,0,16888,243,,,,,
C,memory-auto,final-memory-auto-block3-2-C,3,public,134972,1514080,2400256,1778,3235840,79507,36,20500,retained_1,20770816,38138536,True,0,0,0,0,4096,0,3960592,7710,,,,,
C,memory-auto,final-memory-auto-block3-2-C,3,public,0,1510992,2383872,1745,4325376,79750,0,20500,released_1,19750912,38155424,True,0,0,0,0,4096,0,16888,243,,,,,
C,memory-auto,final-memory-auto-block3-2-C,3,public,134972,1514320,2424832,1783,3162112,87462,36,20500,retained_2,20692992,42116176,True,0,0,0,0,4096,0,3960752,7712,,,,,
C,memory-auto,final-memory-auto-block3-2-C,3,public,0,1511040,2400256,1748,3948544,87704,0,20500,released_2,20107264,42132888,True,0,0,0,0,4096,0,16712,242,,,,,
C,memory-auto,final-memory-auto-block3-2-C,3,public,0,301064,868352,874,4800512,87806,0,20500,runtime_released,19456000,42144000,True,0,0,0,0,4096,0,11112,102,,,,,
C,memory-auto,final-memory-auto-block3-2-C,3,backend,0,458168,1048576,1980,5259264,93596,0,20500,initial,19218432,42545600,,,,,,,,,,1032,0,0,,
C,memory-auto,final-memory-auto-block3-2-C,3,backend,0,459896,1032192,1976,3293184,99485,0,20500,compile_release_270,21164032,47725624,,,,,,,,5180024,5889,1032,0,0,,
C,memory-auto,final-memory-auto-block3-2-C,3,backend,134972,541096,1146880,2099,4538368,100366,36,20500,retained_0,20271104,48429720,,,,,,,,704096,881,1032,606208,262144,,
C,memory-auto,final-memory-auto-block3-2-C,3,backend,0,465704,1056768,1994,5914624,100455,0,20500,released_0,18440192,48437272,,,,,,,,7552,89,1032,0,0,,
C,memory-auto,final-memory-auto-block3-2-C,3,backend,134972,541096,1146880,2099,5947392,101317,36,20500,retained_1,18821120,49134552,,,,,,,,697280,862,1032,606208,262144,,
C,memory-auto,final-memory-auto-block3-2-C,3,backend,0,465688,1056768,1993,5931008,101418,0,20500,released_1,18575360,49144784,,,,,,,,10232,101,1032,0,0,,
C,memory-auto,final-memory-auto-block3-2-C,3,backend,134972,541096,1146880,2099,6070272,102292,36,20500,retained_2,18710528,49844744,,,,,,,,699960,874,1032,606208,262144,,
C,memory-auto,final-memory-auto-block3-2-C,3,backend,0,465688,1056768,1993,6053888,102393,0,20500,released_2,18464768,49854976,,,,,,,,10232,101,1032,0,0,,
R,memory-auto,final-memory-auto-block3-3-R,3,public,0,266568,786432,727,6848512,5480,0,13760,initial,12378112,482112,True,0,0,0,0,4096,0,,,,,,,
R,memory-auto,final-memory-auto-block3-3-R,3,public,0,730352,1662976,1117,3325952,63862,0,18332,compile_release_270,18505728,30199192,True,0,0,0,0,4096,0,29717080,58382,,,,,
R,memory-auto,final-memory-auto-block3-3-R,3,public,134972,1510848,2383872,1768,2973696,71569,36,18332,retained_0,18825216,34159680,True,0,0,0,0,4096,0,3960488,7707,,,,,
R,memory-auto,final-memory-auto-block3-3-R,3,public,0,1513320,2367488,1746,4808704,71817,0,18332,released_0,17035264,34181712,True,0,0,0,0,4096,0,22032,248,,,,,
R,memory-auto,final-memory-auto-block3-3-R,3,public,134972,1516936,2465792,1786,2605056,79528,36,18332,retained_1,19058688,38142352,True,0,0,0,0,4096,0,3960640,7711,,,,,
R,memory-auto,final-memory-auto-block3-3-R,3,public,0,1513480,2424832,1750,3981312,79771,0,18332,released_1,17911808,38159080,True,0,0,0,0,4096,0,16728,243,,,,,
R,memory-auto,final-memory-auto-block3-3-R,3,public,134972,1518664,2408448,1784,3031040,87481,36,18332,retained_2,18747392,42120888,True,0,0,0,0,4096,0,3961808,7710,,,,,
R,memory-auto,final-memory-auto-block3-3-R,3,public,0,1514888,2383872,1751,4341760,87724,0,18332,released_2,17584128,42137776,True,0,0,0,0,4096,0,16888,243,,,,,
R,memory-auto,final-memory-auto-block3-3-R,3,public,0,304944,876544,879,5046272,87812,0,18332,runtime_released,17276928,42146064,True,0,0,0,0,4096,0,8288,88,,,,,
R,memory-auto,final-memory-auto-block3-3-R,3,backend,0,462048,1056768,1985,5251072,93602,0,18332,initial,17117184,42547664,,,,,,,,,,1032,0,0,,
R,memory-auto,final-memory-auto-block3-3-R,3,backend,0,458456,1032192,1975,3309568,99496,0,18492,compile_release_270,19099648,47724728,,,,,,,,5177064,5894,1032,0,0,,
R,memory-auto,final-memory-auto-block3-3-R,3,backend,134972,539656,1146880,2098,4456448,100377,36,18748,retained_0,18288640,48428824,,,,,,,,704096,881,1032,606208,262144,,
R,memory-auto,final-memory-auto-block3-3-R,3,backend,0,464248,1056768,1992,5865472,100478,0,18748,released_0,16367616,48439056,,,,,,,,10232,101,1032,0,0,,
R,memory-auto,final-memory-auto-block3-3-R,3,backend,134972,539656,1146880,2098,5955584,101352,36,18748,retained_1,16760832,49139016,,,,,,,,699960,874,1032,606208,262144,,
R,memory-auto,final-memory-auto-block3-3-R,3,backend,0,464248,1056768,1992,5955584,101453,0,18748,released_1,16498688,49149248,,,,,,,,10232,101,1032,0,0,,
R,memory-auto,final-memory-auto-block3-3-R,3,backend,134972,539640,1146880,2097,6021120,102315,36,18748,retained_2,16732160,49846528,,,,,,,,697280,862,1032,606208,262144,,
R,memory-auto,final-memory-auto-block3-3-R,3,backend,0,464248,1056768,1992,6021120,102416,0,18748,released_2,16470016,49856760,,,,,,,,10232,101,1032,0,0,,
R,memory-auto,final-memory-auto-block3-4-R,3,public,0,267048,786432,730,2654208,5483,0,13564,initial,12374016,482592,True,0,0,0,0,4096,0,,,,,,,
R,memory-auto,final-memory-auto-block3-4-R,3,public,0,559264,1368064,958,3473408,63853,0,20260,compile_release_270,20467712,30197848,True,0,0,0,0,4096,0,29715256,58370,,,,,
R,memory-auto,final-memory-auto-block3-4-R,3,public,134972,1519184,2449408,1792,2899968,71577,36,20504,retained_0,20893696,34166800,True,0,0,0,0,4096,0,3968952,7724,,,,,
R,memory-auto,final-memory-auto-block3-4-R,3,public,0,1516288,2416640,1761,4481024,71820,0,20504,released_0,19472384,34183688,True,0,0,0,0,4096,0,16888,243,,,,,
R,memory-auto,final-memory-auto-block3-4-R,3,public,134972,1523296,2441216,1806,3244032,79535,36,20504,retained_1,20602880,38147032,True,0,0,0,0,4096,0,3963344,7715,,,,,
R,memory-auto,final-memory-auto-block3-4-R,3,public,0,1519328,2400256,1771,4096000,79778,0,20504,released_1,19832832,38163920,True,0,0,0,0,4096,0,16888,243,,,,,
R,memory-auto,final-memory-auto-block3-4-R,3,public,134972,1525008,2441216,1811,3096576,87495,36,20504,retained_2,20615168,42127056,True,0,0,0,0,4096,0,3963136,7717,,,,,
R,memory-auto,final-memory-auto-block3-4-R,3,public,0,1527048,2424832,1782,4120576,87743,0,20504,released_2,19800064,42149088,True,0,0,0,0,4096,0,22032,248,,,,,
R,memory-auto,final-memory-auto-block3-4-R,3,public,0,317056,892928,907,4907008,87845,0,20504,runtime_released,19210240,42160200,True,0,0,0,0,4096,0,11112,102,,,,,
R,memory-auto,final-memory-auto-block3-4-R,3,backend,0,474160,1073152,2013,5144576,93621,0,20504,initial,19005440,42558976,,,,,,,,,,1032,0,0,,
R,memory-auto,final-memory-auto-block3-4-R,3,backend,0,470568,1048576,2003,3244032,99504,0,20504,compile_release_270,21032960,47733680,,,,,,,,5174704,5883,1032,0,0,,
R,memory-auto,final-memory-auto-block3-4-R,3,backend,134972,551768,1163264,2126,4521984,100385,36,20504,retained_0,20094976,48437776,,,,,,,,704096,881,1032,606208,262144,,
R,memory-auto,final-memory-auto-block3-4-R,3,backend,0,476376,1073152,2021,5734400,100474,0,20504,released_0,18558976,48445328,,,,,,,,7552,89,1032,0,0,,
R,memory-auto,final-memory-auto-block3-4-R,3,backend,134972,551768,1163264,2126,5701632,101348,36,20504,retained_1,18845696,49145288,,,,,,,,699960,874,1032,606208,262144,,
R,memory-auto,final-memory-auto-block3-4-R,3,backend,0,476360,1073152,2020,5701632,101449,0,20504,released_1,18587648,49155520,,,,,,,,10232,101,1032,0,0,,
R,memory-auto,final-memory-auto-block3-4-R,3,backend,134972,551752,1163264,2125,6012928,102311,36,20504,retained_2,18587648,49852800,,,,,,,,697280,862,1032,606208,262144,,
R,memory-auto,final-memory-auto-block3-4-R,3,backend,0,476360,1073152,2020,6012928,102400,0,20504,released_2,18325504,49860352,,,,,,,,7552,89,1032,0,0,,
C,memory-auto,final-memory-auto-block3-5-C,3,public,0,266408,925696,726,2465792,5479,0,13788,initial,12410880,481952,True,0,0,0,0,4096,0,,,,,,,
C,memory-auto,final-memory-auto-block3-5-C,3,public,0,435696,1343488,918,3612672,63838,0,20492,compile_release_270,20561920,30203112,True,0,0,0,0,4096,0,29721160,58359,,,,,
C,memory-auto,final-memory-auto-block3-5-C,3,public,134972,1508928,2408448,1772,3637248,71550,36,20492,retained_0,20443136,34164096,True,0,0,0,0,4096,0,3960984,7712,,,,,
C,memory-auto,final-memory-auto-block3-5-C,3,public,0,1505472,2392064,1736,4292608,71793,0,20492,released_0,19914752,34180824,True,0,0,0,0,4096,0,16728,243,,,,,
C,memory-auto,final-memory-auto-block3-5-C,3,public,134972,1509104,2473984,1775,3203072,79496,36,20492,retained_1,20877312,38139280,True,0,0,0,0,4096,0,3958456,7703,,,,,
C,memory-auto,final-memory-auto-block3-5-C,3,public,0,1505824,2449408,1740,3727360,79738,0,20492,released_1,20443136,38155992,True,0,0,0,0,4096,0,16712,242,,,,,
C,memory-auto,final-memory-auto-block3-5-C,3,public,134972,1516600,2506752,1789,2596864,87462,36,20492,retained_2,21094400,42124192,True,0,0,0,0,4096,0,3968200,7724,,,,,
C,memory-auto,final-memory-auto-block3-5-C,3,public,0,1513320,2473984,1754,3973120,87704,0,20492,released_2,19828736,42140904,True,0,0,0,0,4096,0,16712,242,,,,,
C,memory-auto,final-memory-auto-block3-5-C,3,public,0,303312,991232,878,5087232,87806,0,20492,runtime_released,18911232,42152016,True,0,0,0,0,4096,0,11112,102,,,,,
C,memory-auto,final-memory-auto-block3-5-C,3,backend,0,460416,1171456,1984,5136384,93596,0,20492,initial,18882560,42553616,,,,,,,,,,1032,0,0,,
C,memory-auto,final-memory-auto-block3-5-C,3,backend,0,456824,1138688,1974,3301376,99490,0,20492,compile_release_270,20803584,47730680,,,,,,,,5177064,5894,1032,0,0,,
C,memory-auto,final-memory-auto-block3-5-C,3,backend,134972,538024,1253376,2097,4481024,100371,36,20492,retained_0,19955712,48434776,,,,,,,,704096,881,1032,606208,262144,,
C,memory-auto,final-memory-auto-block3-5-C,3,backend,0,462616,1163264,1991,5660672,100472,0,20492,released_0,18452480,48445008,,,,,,,,10232,101,1032,0,0,,
C,memory-auto,final-memory-auto-block3-5-C,3,backend,134972,538024,1253376,2097,5619712,101346,36,20492,retained_1,18780160,49144968,,,,,,,,699960,874,1032,606208,262144,,
C,memory-auto,final-memory-auto-block3-5-C,3,backend,0,462632,1163264,1992,5881856,101435,0,20492,released_1,18276352,49152520,,,,,,,,7552,89,1032,0,0,,
C,memory-auto,final-memory-auto-block3-5-C,3,backend,134972,538024,1253376,2097,5963776,102297,36,20492,retained_2,18464768,49849800,,,,,,,,697280,862,1032,606208,262144,,
C,memory-auto,final-memory-auto-block3-5-C,3,backend,0,462632,1163264,1992,5955584,102386,0,20492,released_2,18210816,49857352,,,,,,,,7552,89,1032,0,0,,
A,memory-auto,final-memory-auto-block3-6-A,3,public,0,266072,892928,723,2498560,5476,0,13500,initial,12910592,481616,True,0,0,0,0,4096,0,,,,,,,
A,memory-auto,final-memory-auto-block3-6-A,3,public,0,434800,1269760,915,3342336,64486,0,20228,compile_release_270,20561920,45814688,True,0,0,0,0,4096,0,45333072,59010,,,,,
A,memory-auto,final-memory-auto-block3-6-A,3,public,167268,1518320,2359296,1774,3219456,72286,36,20236,retained_0,20783104,51863184,True,0,0,0,0,4096,0,6048496,7800,,,,,
A,memory-auto,final-memory-auto-block3-6-A,3,public,0,1520776,2351104,1751,4530176,72535,0,20236,released_0,19537920,51885392,True,0,0,0,0,4096,0,22208,249,,,,,
A,memory-auto,final-memory-auto-block3-6-A,3,public,167268,1526152,2424832,1786,3473408,80327,36,20236,retained_1,20480000,57929032,True,0,0,0,0,4096,0,6043640,7792,,,,,
A,memory-auto,final-memory-auto-block3-6-A,3,public,0,1523304,2408448,1758,5046272,80570,0,20236,released_1,19017728,57945920,True,0,0,0,0,4096,0,16888,243,,,,,
A,memory-auto,final-memory-auto-block3-6-A,3,public,167268,1527752,2400256,1796,3137536,88374,36,20236,retained_2,20774912,63990712,True,0,0,0,0,4096,0,6044792,7804,,,,,
A,memory-auto,final-memory-auto-block3-6-A,3,public,0,1524472,2375680,1761,3858432,88616,0,20236,released_2,20217856,64007424,True,0,0,0,0,4096,0,16712,242,,,,,
A,memory-auto,final-memory-auto-block3-6-A,3,public,0,309376,966656,887,4890624,88718,0,20236,runtime_released,19226624,64018536,True,0,0,0,0,4096,0,11112,102,,,,,
A,memory-auto,final-memory-auto-block3-6-A,3,backend,0,466480,1146880,1993,5283840,94508,0,20236,initial,18972672,64420136,,,,,,,,,,1032,0,0,,
A,memory-auto,final-memory-auto-block3-6-A,3,backend,0,462888,1130496,1983,3178496,100811,0,20560,compile_release_270,21176320,83667544,,,,,,,,19247408,6303,1032,0,0,,
A,memory-auto,final-memory-auto-block3-6-A,3,backend,167268,544104,1253376,2107,4120576,101748,36,20708,retained_0,20443136,86248008,,,,,,,,2580464,937,1032,606208,278528,,
A,memory-auto,final-memory-auto-block3-6-A,3,backend,0,468680,1155072,2000,4087808,101849,0,20708,released_0,20201472,86258240,,,,,,,,10232,101,1032,0,0,,
A,memory-auto,final-memory-auto-block3-6-A,3,backend,167268,544104,1253376,2107,4087808,102779,36,20708,retained_1,20582400,88834568,,,,,,,,2576328,930,1032,606208,278528,,
A,memory-auto,final-memory-auto-block3-6-A,3,backend,0,468680,1155072,2000,4087808,102880,0,20708,released_1,20303872,88844800,,,,,,,,10232,101,1032,0,0,,
A,memory-auto,final-memory-auto-block3-6-A,3,backend,167268,544088,1253376,2106,4145152,103798,36,20708,retained_2,20107264,91418448,,,,,,,,2573648,918,1032,606208,278528,,
A,memory-auto,final-memory-auto-block3-6-A,3,backend,0,468680,1155072,2000,4128768,103899,0,20708,released_2,19849216,91428680,,,,,,,,10232,101,1032,0,0,,
A,runtime,final-runtime-block1-1-A,1,runtime,0,120000,499712,433,2924544,4982,0,13480,initial,7061504,324584,True,0,0,0,0,4096,0,,,,,,4128,0
A,runtime,final-runtime-block1-1-A,1,runtime,0,1307648,1859584,1185,3407872,60042,0,14940,compile_release_270,15265792,38110648,True,0,0,0,0,4096,0,37786064,55060,,,,4128,0
A,runtime,final-runtime-block1-1-A,1,runtime,167268,1172248,1785856,1687,3932160,68013,36,89480,retained_0,91172864,43287800,True,36,0,36,36,4096,36,5177152,7971,,,,4128,36
A,runtime,final-runtime-block1-1-A,1,runtime,0,1081328,1687552,1403,4784128,68352,0,89480,released_0,14843904,43312104,True,0,1,1,36,4096,1,24304,339,,,,4128,0
A,runtime,final-runtime-block1-1-A,1,runtime,167268,1172552,1875968,1688,3563520,76269,36,89480,retained_1,89821184,48457896,True,36,0,36,36,4096,36,5145792,7917,,,,4128,36
A,runtime,final-runtime-block1-1-A,1,runtime,0,1081328,1785856,1403,5070848,76606,0,89480,released_1,14553088,48481880,True,0,1,1,36,4096,1,23984,337,,,,4128,0
A,runtime,final-runtime-block1-1-A,1,runtime,167268,1172552,1818624,1688,3620864,84523,36,89480,retained_2,89796608,53627672,True,36,0,36,36,4096,36,5145792,7917,,,,4128,36
A,runtime,final-runtime-block1-1-A,1,runtime,0,1081328,1720320,1403,5390336,84860,0,89480,released_2,14254080,53651656,True,0,1,1,36,4096,1,23984,337,,,,4128,0
A,runtime,final-runtime-block1-1-A,1,runtime,0,152000,647168,516,6176768,84935,0,89480,runtime_released,13533184,53655440,True,0,1,1,36,4096,1,3784,75,,,,4128,0
C,runtime,final-runtime-block1-2-C,1,runtime,0,120016,499712,434,7118848,4983,0,13604,initial,9543680,324600,True,0,0,0,0,4096,0,,,,,,4128,0
C,runtime,final-runtime-block1-2-C,1,runtime,0,1131360,1769472,1088,7946240,59613,0,16924,compile_release_270,16732160,23999424,True,0,0,0,0,4096,0,23674824,54630,,,,4128,0
C,runtime,final-runtime-block1-2-C,1,runtime,134972,1172008,1900544,1672,7774208,67526,36,90884,retained_0,93134848,27295048,True,36,0,36,36,4096,36,3295624,7913,,,,4128,36
C,runtime,final-runtime-block1-2-C,1,runtime,0,1081200,1810432,1395,8953856,67865,0,90884,released_0,16551936,27319352,True,0,1,1,36,4096,1,24304,339,,,,4128,0
C,runtime,final-runtime-block1-2-C,1,runtime,134972,1172328,1867776,1674,8036352,75724,36,90884,retained_1,91344896,30583616,True,36,0,36,36,4096,36,3264264,7859,,,,4128,36
C,runtime,final-runtime-block1-2-C,1,runtime,0,1081200,1777664,1395,9019392,76061,0,90884,released_1,16474112,30607600,True,0,1,1,36,4096,1,23984,337,,,,4128,0
C,runtime,final-runtime-block1-2-C,1,runtime,134972,1172328,1933312,1674,8019968,83920,36,90884,retained_2,91226112,33871864,True,36,0,36,36,4096,36,3264264,7859,,,,4128,36
C,runtime,final-runtime-block1-2-C,1,runtime,0,1081200,1843200,1395,8937472,84257,0,90884,released_2,16556032,33895848,True,0,1,1,36,4096,1,23984,337,,,,4128,0
C,runtime,final-runtime-block1-2-C,1,runtime,0,152016,647168,517,10248192,84332,0,90884,runtime_released,15310848,33899632,True,0,1,1,36,4096,1,3784,75,,,,4128,0
R,runtime,final-runtime-block1-3-R,1,runtime,0,120336,499712,436,7118848,4985,0,13760,initial,9478144,324920,True,0,0,0,0,4096,0,,,,,,4128,0
R,runtime,final-runtime-block1-3-R,1,runtime,0,1132800,1777664,1090,8077312,59613,0,14944,compile_release_270,14786560,24000832,True,0,0,0,0,4096,0,23675912,54628,,,,4128,0
R,runtime,final-runtime-block1-3-R,1,runtime,134972,1173416,1867776,1672,7905280,67526,36,89028,retained_0,91168768,27296456,True,36,0,36,36,4096,36,3295624,7913,,,,4128,36
R,runtime,final-runtime-block1-3-R,1,runtime,0,1082608,1777664,1395,8953856,67865,0,89028,released_0,14700544,27320760,True,0,1,1,36,4096,1,24304,339,,,,4128,0
R,runtime,final-runtime-block1-3-R,1,runtime,134972,1173752,1875968,1675,8028160,75724,36,89028,retained_1,89362432,30585024,True,36,0,36,36,4096,36,3264264,7859,,,,4128,36
R,runtime,final-runtime-block1-3-R,1,runtime,0,1082624,1785856,1396,9011200,76061,0,89028,released_1,14630912,30609008,True,0,1,1,36,4096,1,23984,337,,,,4128,0
R,runtime,final-runtime-block1-3-R,1,runtime,134972,1173736,1941504,1674,8028160,83920,36,89028,retained_2,89423872,33873272,True,36,0,36,36,4096,36,3264264,7859,,,,4128,36
R,runtime,final-runtime-block1-3-R,1,runtime,0,1082608,1851392,1395,8945664,84257,0,89028,released_2,14696448,33897256,True,0,1,1,36,4096,1,23984,337,,,,4128,0
R,runtime,final-runtime-block1-3-R,1,runtime,0,153424,630784,517,10190848,84332,0,89028,runtime_released,13516800,33901040,True,0,1,1,36,4096,1,3784,75,,,,4128,0
R,runtime,final-runtime-block1-4-R,1,runtime,0,120656,499712,438,2924544,4987,0,13680,initial,9469952,325240,True,0,0,0,0,4096,0,,,,,,4128,0
R,runtime,final-runtime-block1-4-R,1,runtime,0,1133088,1777664,1090,3866624,59615,0,16948,compile_release_270,16723968,24001152,True,0,0,0,0,4096,0,23675912,54628,,,,4128,0
R,runtime,final-runtime-block1-4-R,1,runtime,134972,1173736,1826816,1674,3653632,67528,36,90940,retained_0,93130752,27296776,True,36,0,36,36,4096,36,3295624,7913,,,,4128,36
R,runtime,final-runtime-block1-4-R,1,runtime,0,1082928,1736704,1397,4890624,67867,0,90940,released_0,16482304,27321080,True,0,1,1,36,4096,1,24304,339,,,,4128,0
R,runtime,final-runtime-block1-4-R,1,runtime,134972,1174056,1867776,1676,3842048,75726,36,90940,retained_1,91324416,30585344,True,36,0,36,36,4096,36,3264264,7859,,,,4128,36
R,runtime,final-runtime-block1-4-R,1,runtime,0,1082928,1777664,1397,4825088,76063,0,90940,released_1,16539648,30609328,True,0,1,1,36,4096,1,23984,337,,,,4128,0
R,runtime,final-runtime-block1-4-R,1,runtime,134972,1174056,1933312,1676,3866624,83922,36,90940,retained_2,91262976,33873592,True,36,0,36,36,4096,36,3264264,7859,,,,4128,36
R,runtime,final-runtime-block1-4-R,1,runtime,0,1082928,1843200,1397,4784128,84259,0,90940,released_2,16584704,33897576,True,0,1,1,36,4096,1,23984,337,,,,4128,0
R,runtime,final-runtime-block1-4-R,1,runtime,0,153744,630784,519,6029312,84334,0,90940,runtime_released,15405056,33901360,True,0,1,1,36,4096,1,3784,75,,,,4128,0
C,runtime,final-runtime-block1-5-C,1,runtime,0,120816,499712,439,2924544,4988,0,13688,initial,9539584,325400,True,0,0,0,0,4096,0,,,,,,4128,0
C,runtime,final-runtime-block1-5-C,1,runtime,0,1132000,1794048,1092,3874816,59617,0,14824,compile_release_270,14495744,24000064,True,0,0,0,0,4096,0,23674664,54629,,,,4128,0
C,runtime,final-runtime-block1-5-C,1,runtime,134972,1172648,1859584,1676,3588096,67530,36,88560,retained_0,90755072,27295688,True,36,0,36,36,4096,36,3295624,7913,,,,4128,36
C,runtime,final-runtime-block1-5-C,1,runtime,0,1081840,1769472,1399,4759552,67869,0,88560,released_0,14385152,27319992,True,0,1,1,36,4096,1,24304,339,,,,4128,0
C,runtime,final-runtime-block1-5-C,1,runtime,134972,1172968,1900544,1678,3612672,75728,36,88560,retained_1,89255936,30584256,True,36,0,36,36,4096,36,3264264,7859,,,,4128,36
C,runtime,final-runtime-block1-5-C,1,runtime,0,1081840,1810432,1399,4792320,76065,0,88560,released_1,14360576,30608240,True,0,1,1,36,4096,1,23984,337,,,,4128,0
C,runtime,final-runtime-block1-5-C,1,runtime,134972,1172968,1966080,1678,3833856,83924,36,88560,retained_2,89124864,33872504,True,36,0,36,36,4096,36,3264264,7859,,,,4128,36
C,runtime,final-runtime-block1-5-C,1,runtime,0,1081840,1875968,1399,4751360,84261,0,88560,released_2,14401536,33896488,True,0,1,1,36,4096,1,23984,337,,,,4128,0
C,runtime,final-runtime-block1-5-C,1,runtime,0,152656,647168,521,5931008,84336,0,88560,runtime_released,13287424,33900272,True,0,1,1,36,4096,1,3784,75,,,,4128,0
A,runtime,final-runtime-block1-6-A,1,runtime,0,120320,499712,435,7118848,4984,0,13804,initial,9166848,324904,True,0,0,0,0,4096,0,,,,,,4128,0
A,runtime,final-runtime-block1-6-A,1,runtime,0,986416,1589248,996,7684096,60045,0,15520,compile_release_270,15478784,38110944,True,0,0,0,0,4096,0,37786040,55061,,,,4128,0
A,runtime,final-runtime-block1-6-A,1,runtime,167268,1172440,1810432,1690,7634944,68016,36,89860,retained_0,92024832,43288096,True,36,0,36,36,4096,36,5177152,7971,,,,4128,36
A,runtime,final-runtime-block1-6-A,1,runtime,0,1081520,1712128,1406,9338880,68355,0,89860,released_0,14848000,43312400,True,0,1,1,36,4096,1,24304,339,,,,4128,0
A,runtime,final-runtime-block1-6-A,1,runtime,167268,1172712,1875968,1689,7766016,76272,36,89860,retained_1,90275840,48458192,True,36,0,36,36,4096,36,5145792,7917,,,,4128,36
A,runtime,final-runtime-block1-6-A,1,runtime,0,1081488,1785856,1404,9256960,76609,0,89860,released_1,14925824,48482176,True,0,1,1,36,4096,1,23984,337,,,,4128,0
A,runtime,final-runtime-block1-6-A,1,runtime,167268,1172712,1818624,1689,7757824,84526,36,89860,retained_2,90185728,53627968,True,36,0,36,36,4096,36,5145792,7917,,,,4128,36
A,runtime,final-runtime-block1-6-A,1,runtime,0,1081488,1720320,1404,9330688,84863,0,89860,released_2,14860288,53651952,True,0,1,1,36,4096,1,23984,337,,,,4128,0
A,runtime,final-runtime-block1-6-A,1,runtime,0,152160,655360,517,10313728,84938,0,89860,runtime_released,13942784,53655736,True,0,1,1,36,4096,1,3784,75,,,,4128,0
A,runtime,final-runtime-block2-1-A,2,runtime,0,119840,499712,432,2924544,4981,0,13784,initial,7061504,324424,True,0,0,0,0,4096,0,,,,,,4128,0
A,runtime,final-runtime-block2-1-A,2,runtime,0,669264,1310720,825,3801088,60041,0,15048,compile_release_270,14979072,38110304,True,0,0,0,0,4096,0,37785880,55060,,,,4128,0
A,runtime,final-runtime-block2-1-A,2,runtime,167268,1171768,1777664,1684,3661824,68012,36,89292,retained_0,91508736,43287456,True,36,0,36,36,4096,36,5177152,7971,,,,4128,36
A,runtime,final-runtime-block2-1-A,2,runtime,0,1080848,1679360,1400,5300224,68351,0,89292,released_0,14417920,43311760,True,0,1,1,36,4096,1,24304,339,,,,4128,0
A,runtime,final-runtime-block2-1-A,2,runtime,167268,1172072,1818624,1685,3571712,76268,36,89292,retained_1,89915392,48457552,True,36,0,36,36,4096,36,5145792,7917,,,,4128,36
A,runtime,final-runtime-block2-1-A,2,runtime,0,1080848,1728512,1400,5406720,76605,0,89292,released_1,14376960,48481536,True,0,1,1,36,4096,1,23984,337,,,,4128,0
A,runtime,final-runtime-block2-1-A,2,runtime,167268,1172056,1875968,1684,3596288,84522,36,89292,retained_2,90017792,53627344,True,36,0,36,36,4096,36,5145808,7917,,,,4128,36
A,runtime,final-runtime-block2-1-A,2,runtime,0,1080832,1777664,1399,5365760,84859,0,89292,released_2,14495744,53651328,True,0,1,1,36,4096,1,23984,337,,,,4128,0
A,runtime,final-runtime-block2-1-A,2,runtime,0,151520,655360,513,6086656,84934,0,89292,runtime_released,13840384,53655112,True,0,1,1,36,4096,1,3784,75,,,,4128,0
C,runtime,final-runtime-block2-2-C,2,runtime,0,120176,499712,435,7118848,4984,0,13784,initial,9543680,324760,True,0,0,0,0,4096,0,,,,,,4128,0
C,runtime,final-runtime-block2-2-C,2,runtime,0,1131392,1794048,1090,8044544,59613,0,16928,compile_release_270,16470016,23999424,True,0,0,0,0,4096,0,23674664,54629,,,,4128,0
C,runtime,final-runtime-block2-2-C,2,runtime,134972,1172008,1859584,1672,7872512,67526,36,90608,retained_0,92852224,27295048,True,36,0,36,36,4096,36,3295624,7913,,,,4128,36
C,runtime,final-runtime-block2-2-C,2,runtime,0,1081200,1769472,1395,8986624,67865,0,90608,released_0,16318464,27319352,True,0,1,1,36,4096,1,24304,339,,,,4128,0
C,runtime,final-runtime-block2-2-C,2,runtime,134972,1172328,1884160,1674,7651328,75724,36,90608,retained_1,91402240,30583616,True,36,0,36,36,4096,36,3264264,7859,,,,4128,36
C,runtime,final-runtime-block2-2-C,2,runtime,0,1081200,1794048,1395,9027584,76061,0,90608,released_1,16175104,30607600,True,0,1,1,36,4096,1,23984,337,,,,4128,0
C,runtime,final-runtime-block2-2-C,2,runtime,134972,1172328,1949696,1674,7651328,83920,36,90608,retained_2,91291648,33871864,True,36,0,36,36,4096,36,3264264,7859,,,,4128,36
C,runtime,final-runtime-block2-2-C,2,runtime,0,1081200,1859584,1395,8962048,84257,0,90608,released_2,16322560,33895848,True,0,1,1,36,4096,1,23984,337,,,,4128,0
C,runtime,final-runtime-block2-2-C,2,runtime,0,152016,647168,517,10207232,84332,0,90608,runtime_released,15151104,33899632,True,0,1,1,36,4096,1,3784,75,,,,4128,0
R,runtime,final-runtime-block2-3-R,2,runtime,0,120176,499712,435,7118848,4984,0,13656,initial,9478144,324760,True,0,0,0,0,4096,0,,,,,,4128,0
R,runtime,final-runtime-block2-3-R,2,runtime,0,1137184,1769472,1110,8126464,59612,0,16956,compile_release_270,16515072,24000672,True,0,0,0,0,4096,0,23675912,54628,,,,4128,0
R,runtime,final-runtime-block2-3-R,2,runtime,134972,1173240,1826816,1671,7733248,67524,36,90920,retained_0,93106176,27296264,True,36,0,36,36,4096,36,3295592,7912,,,,4128,36
R,runtime,final-runtime-block2-3-R,2,runtime,0,1082432,1736704,1394,9175040,67863,0,90920,released_0,16252928,27320568,True,0,1,1,36,4096,1,24304,339,,,,4128,0
R,runtime,final-runtime-block2-3-R,2,runtime,134972,1173560,1884160,1673,8036352,75722,36,90920,retained_1,91152384,30584832,True,36,0,36,36,4096,36,3264264,7859,,,,4128,36
R,runtime,final-runtime-block2-3-R,2,runtime,0,1082432,1794048,1394,9019392,76059,0,90920,released_1,16404480,30608816,True,0,1,1,36,4096,1,23984,337,,,,4128,0
R,runtime,final-runtime-block2-3-R,2,runtime,134972,1173576,1941504,1674,8019968,83918,36,90920,retained_2,91172864,33873080,True,36,0,36,36,4096,36,3264264,7859,,,,4128,36
R,runtime,final-runtime-block2-3-R,2,runtime,0,1082448,1851392,1395,8937472,84255,0,90920,released_2,16494592,33897064,True,0,1,1,36,4096,1,23984,337,,,,4128,0
R,runtime,final-runtime-block2-3-R,2,runtime,0,153248,630784,516,10182656,84330,0,90920,runtime_released,15314944,33900848,True,0,1,1,36,4096,1,3784,75,,,,4128,0
R,runtime,final-runtime-block2-4-R,2,runtime,0,120816,499712,439,2924544,4988,0,13640,initial,7376896,325400,True,0,0,0,0,4096,0,,,,,,4128,0
R,runtime,final-runtime-block2-4-R,2,runtime,0,1319696,1957888,1210,3686400,59617,0,14844,compile_release_270,14671872,24001472,True,0,0,0,0,4096,0,23676072,54629,,,,4128,0
R,runtime,final-runtime-block2-4-R,2,runtime,134972,1174056,1818624,1676,4079616,67530,36,88436,retained_0,90562560,27297096,True,36,0,36,36,4096,36,3295624,7913,,,,4128,36
R,runtime,final-runtime-block2-4-R,2,runtime,0,1083248,1728512,1399,4866048,67869,0,88436,released_0,14323712,27321400,True,0,1,1,36,4096,1,24304,339,,,,4128,0
R,runtime,final-runtime-block2-4-R,2,runtime,134972,1174376,1875968,1678,3563520,75728,36,88436,retained_1,89300992,30585664,True,36,0,36,36,4096,36,3264264,7859,,,,4128,36
R,runtime,final-runtime-block2-4-R,2,runtime,0,1083248,1785856,1399,4866048,76065,0,88436,released_1,14319616,30609648,True,0,1,1,36,4096,1,23984,337,,,,4128,0
R,runtime,final-runtime-block2-4-R,2,runtime,134972,1174392,1908736,1679,3825664,83924,36,88436,retained_2,89174016,33873912,True,36,0,36,36,4096,36,3264264,7859,,,,4128,36
R,runtime,final-runtime-block2-4-R,2,runtime,0,1083264,1818624,1400,4808704,84261,0,88436,released_2,14344192,33897896,True,0,1,1,36,4096,1,23984,337,,,,4128,0
R,runtime,final-runtime-block2-4-R,2,runtime,0,154064,630784,521,6053888,84336,0,88436,runtime_released,13209600,33901680,True,0,1,1,36,4096,1,3784,75,,,,4128,0
C,runtime,final-runtime-block2-5-C,2,runtime,0,120336,499712,436,2924544,4985,0,13832,initial,9539584,324920,True,0,0,0,0,4096,0,,,,,,4128,0
C,runtime,final-runtime-block2-5-C,2,runtime,0,1131520,1794048,1089,3891200,59614,0,14820,compile_release_270,14499840,23999584,True,0,0,0,0,4096,0,23674664,54629,,,,4128,0
C,runtime,final-runtime-block2-5-C,2,runtime,134972,1172168,1859584,1673,3588096,67527,36,88672,retained_0,90869760,27295208,True,36,0,36,36,4096,36,3295624,7913,,,,4128,36
C,runtime,final-runtime-block2-5-C,2,runtime,0,1081360,1769472,1396,4759552,67866,0,88672,released_0,14417920,27319512,True,0,1,1,36,4096,1,24304,339,,,,4128,0
C,runtime,final-runtime-block2-5-C,2,runtime,134972,1172488,1900544,1675,3629056,75725,36,88672,retained_1,89305088,30583776,True,36,0,36,36,4096,36,3264264,7859,,,,4128,36
C,runtime,final-runtime-block2-5-C,2,runtime,0,1081360,1810432,1396,4808704,76062,0,88672,released_1,14360576,30607760,True,0,1,1,36,4096,1,23984,337,,,,4128,0
C,runtime,final-runtime-block2-5-C,2,runtime,134972,1172488,1966080,1675,3833856,83921,36,88672,retained_2,89141248,33872024,True,36,0,36,36,4096,36,3264264,7859,,,,4128,36
C,runtime,final-runtime-block2-5-C,2,runtime,0,1081360,1875968,1396,4751360,84258,0,88672,released_2,14417920,33896008,True,0,1,1,36,4096,1,23984,337,,,,4128,0
C,runtime,final-runtime-block2-5-C,2,runtime,0,152176,647168,518,5931008,84333,0,88672,runtime_released,13303808,33899792,True,0,1,1,36,4096,1,3784,75,,,,4128,0
A,runtime,final-runtime-block2-6-A,2,runtime,0,120160,499712,434,7118848,4983,0,13684,initial,9162752,324744,True,0,0,0,0,4096,0,,,,,,4128,0
A,runtime,final-runtime-block2-6-A,2,runtime,0,1155264,1728512,1183,7528448,60041,0,17028,compile_release_270,17494016,38110632,True,0,0,0,0,4096,0,37785888,55058,,,,4128,0
A,runtime,final-runtime-block2-6-A,2,runtime,167268,1172232,1818624,1687,7528448,68012,36,91780,retained_0,93995008,43287768,True,36,0,36,36,4096,36,5177136,7971,,,,4128,36
A,runtime,final-runtime-block2-6-A,2,runtime,0,1081312,1720320,1403,9363456,68351,0,91780,released_0,16683008,43312072,True,0,1,1,36,4096,1,24304,339,,,,4128,0
A,runtime,final-runtime-block2-6-A,2,runtime,167268,1172536,1875968,1688,7757824,76268,36,91780,retained_1,92139520,48457864,True,36,0,36,36,4096,36,5145792,7917,,,,4128,36
A,runtime,final-runtime-block2-6-A,2,runtime,0,1081312,1785856,1403,9265152,76605,0,91780,released_1,16777216,48481848,True,0,1,1,36,4096,1,23984,337,,,,4128,0
A,runtime,final-runtime-block2-6-A,2,runtime,167268,1172536,1818624,1688,7823360,84522,36,91780,retained_2,92016640,53627640,True,36,0,36,36,4096,36,5145792,7917,,,,4128,36
A,runtime,final-runtime-block2-6-A,2,runtime,0,1081312,1720320,1403,9584640,84859,0,91780,released_2,16457728,53651624,True,0,1,1,36,4096,1,23984,337,,,,4128,0
A,runtime,final-runtime-block2-6-A,2,runtime,0,151984,655360,516,10371072,84934,0,91780,runtime_released,15740928,53655408,True,0,1,1,36,4096,1,3784,75,,,,4128,0
A,runtime,final-runtime-block3-1-A,3,runtime,0,120640,499712,437,7118848,4986,0,13496,initial,9158656,325224,True,0,0,0,0,4096,0,,,,,,4128,0
A,runtime,final-runtime-block3-1-A,3,runtime,0,800256,1441792,877,7585792,60043,0,17016,compile_release_270,17530880,38110968,True,0,0,0,0,4096,0,37785744,55057,,,,4128,0
A,runtime,final-runtime-block3-1-A,3,runtime,167268,1172552,1777664,1689,7766016,68014,36,91576,retained_0,93782016,43288104,True,36,0,36,36,4096,36,5177136,7971,,,,4128,36
A,runtime,final-runtime-block3-1-A,3,runtime,0,1081632,1679360,1405,9535488,68353,0,91576,released_0,16539648,43312408,True,0,1,1,36,4096,1,24304,339,,,,4128,0
A,runtime,final-runtime-block3-1-A,3,runtime,167268,1172856,1818624,1690,7815168,76270,36,91576,retained_1,92127232,48458200,True,36,0,36,36,4096,36,5145792,7917,,,,4128,36
A,runtime,final-runtime-block3-1-A,3,runtime,0,1081632,1728512,1405,9388032,76607,0,91576,released_1,16683008,48482184,True,0,1,1,36,4096,1,23984,337,,,,4128,0
A,runtime,final-runtime-block3-1-A,3,runtime,167268,1172856,1875968,1690,7766016,84524,36,91576,retained_2,92073984,53627976,True,36,0,36,36,4096,36,5145792,7917,,,,4128,36
A,runtime,final-runtime-block3-1-A,3,runtime,0,1081632,1777664,1405,9469952,84861,0,91576,released_2,16601088,53651960,True,0,1,1,36,4096,1,23984,337,,,,4128,0
A,runtime,final-runtime-block3-1-A,3,runtime,0,152304,647168,518,10256384,84936,0,91576,runtime_released,15880192,53655744,True,0,1,1,36,4096,1,3784,75,,,,4128,0
C,runtime,final-runtime-block3-2-C,3,runtime,0,120224,499712,436,2924544,4985,0,13868,initial,7442432,324808,True,0,0,0,0,4096,0,,,,,,4128,0
C,runtime,final-runtime-block3-2-C,3,runtime,0,1317696,2007040,1207,3694592,59614,0,14852,compile_release_270,14811136,23999472,True,0,0,0,0,4096,0,23674664,54629,,,,4128,0
C,runtime,final-runtime-block3-2-C,3,runtime,134972,1172056,1826816,1673,4022272,67527,36,88572,retained_0,90767360,27295096,True,36,0,36,36,4096,36,3295624,7913,,,,4128,36
C,runtime,final-runtime-block3-2-C,3,runtime,0,1081248,1736704,1396,4743168,67866,0,88572,released_0,14594048,27319400,True,0,1,1,36,4096,1,24304,339,,,,4128,0
C,runtime,final-runtime-block3-2-C,3,runtime,134972,1172376,1884160,1675,3842048,75725,36,88572,retained_1,89300992,30583664,True,36,0,36,36,4096,36,3264264,7859,,,,4128,36
C,runtime,final-runtime-block3-2-C,3,runtime,0,1081248,1794048,1396,4825088,76062,0,88572,released_1,14512128,30607648,True,0,1,1,36,4096,1,23984,337,,,,4128,0
C,runtime,final-runtime-block3-2-C,3,runtime,134972,1172376,1908736,1675,3842048,83921,36,88572,retained_2,89272320,33871912,True,36,0,36,36,4096,36,3264264,7859,,,,4128,36
C,runtime,final-runtime-block3-2-C,3,runtime,0,1081248,1818624,1396,4825088,84258,0,88572,released_2,14520320,33895896,True,0,1,1,36,4096,1,23984,337,,,,4128,0
C,runtime,final-runtime-block3-2-C,3,runtime,0,152064,647168,518,6070272,84333,0,88572,runtime_released,13340672,33899680,True,0,1,1,36,4096,1,3784,75,,,,4128,0
R,runtime,final-runtime-block3-3-R,3,runtime,0,120016,499712,434,2924544,4983,0,13796,initial,9469952,324600,True,0,0,0,0,4096,0,,,,,,4128,0
R,runtime,final-runtime-block3-3-R,3,runtime,0,1132768,1753088,1088,3776512,59613,0,15316,compile_release_270,14954496,24000832,True,0,0,0,0,4096,0,23676232,54630,,,,4128,0
R,runtime,final-runtime-block3-3-R,3,runtime,134972,1173416,1892352,1672,3686400,67526,36,89156,retained_0,91299840,27296456,True,36,0,36,36,4096,36,3295624,7913,,,,4128,36
R,runtime,final-runtime-block3-3-R,3,runtime,0,1082608,1802240,1395,4800512,67865,0,89156,released_0,14766080,27320760,True,0,1,1,36,4096,1,24304,339,,,,4128,0
R,runtime,final-runtime-block3-3-R,3,runtime,134972,1173736,1875968,1674,3850240,75724,36,89156,retained_1,89464832,30585024,True,36,0,36,36,4096,36,3264264,7859,,,,4128,36
R,runtime,final-runtime-block3-3-R,3,runtime,0,1082608,1785856,1395,4833280,76061,0,89156,released_1,14721024,30609008,True,0,1,1,36,4096,1,23984,337,,,,4128,0
R,runtime,final-runtime-block3-3-R,3,runtime,134972,1173736,1949696,1674,3866624,83920,36,89156,retained_2,89485312,33873272,True,36,0,36,36,4096,36,3264264,7859,,,,4128,36
R,runtime,final-runtime-block3-3-R,3,runtime,0,1082608,1859584,1395,4718592,84257,0,89156,released_2,14835712,33897256,True,0,1,1,36,4096,1,23984,337,,,,4128,0
R,runtime,final-runtime-block3-3-R,3,runtime,0,153424,630784,517,5963776,84332,0,89156,runtime_released,13656064,33901040,True,0,1,1,36,4096,1,3784,75,,,,4128,0
R,runtime,final-runtime-block3-4-R,3,runtime,0,119856,499712,433,2924544,4982,0,13772,initial,9474048,324440,True,0,0,0,0,4096,0,,,,,,4128,0
R,runtime,final-runtime-block3-4-R,3,runtime,0,1132448,1777664,1086,3891200,59611,0,15320,compile_release_270,14893056,24000512,True,0,0,0,0,4096,0,23676072,54629,,,,4128,0
R,runtime,final-runtime-block3-4-R,3,runtime,134972,1173096,1843200,1670,3432448,67524,36,89336,retained_0,91484160,27296136,True,36,0,36,36,4096,36,3295624,7913,,,,4128,36
R,runtime,final-runtime-block3-4-R,3,runtime,0,1082288,1753088,1393,4808704,67863,0,89336,released_0,14729216,27320440,True,0,1,1,36,4096,1,24304,339,,,,4128,0
R,runtime,final-runtime-block3-4-R,3,runtime,134972,1173432,1884160,1673,3858432,75722,36,89336,retained_1,89460736,30584704,True,36,0,36,36,4096,36,3264264,7859,,,,4128,36
R,runtime,final-runtime-block3-4-R,3,runtime,0,1082304,1794048,1394,4775936,76059,0,89336,released_1,14786560,30608688,True,0,1,1,36,4096,1,23984,337,,,,4128,0
R,runtime,final-runtime-block3-4-R,3,runtime,134972,1173416,1941504,1672,3809280,83918,36,89336,retained_2,89579520,33872952,True,36,0,36,36,4096,36,3264264,7859,,,,4128,36
R,runtime,final-runtime-block3-4-R,3,runtime,0,1082288,1851392,1393,4726784,84255,0,89336,released_2,14835712,33896936,True,0,1,1,36,4096,1,23984,337,,,,4128,0
R,runtime,final-runtime-block3-4-R,3,runtime,0,153104,630784,515,6037504,84330,0,89336,runtime_released,13590528,33900720,True,0,1,1,36,4096,1,3784,75,,,,4128,0
C,runtime,final-runtime-block3-5-C,3,runtime,0,120336,499712,436,2924544,4985,0,13456,initial,7442432,324920,True,0,0,0,0,4096,0,,,,,,4128,0
C,runtime,final-runtime-block3-5-C,3,runtime,0,993088,1671168,1017,3825664,59614,0,14836,compile_release_270,14630912,23999584,True,0,0,0,0,4096,0,23674664,54629,,,,4128,0
C,runtime,final-runtime-block3-5-C,3,runtime,134972,1172168,1867776,1673,3694592,67527,36,88800,retained_0,91004928,27295208,True,36,0,36,36,4096,36,3295624,7913,,,,4128,36
C,runtime,final-runtime-block3-5-C,3,runtime,0,1081360,1777664,1396,4939776,67866,0,88800,released_0,14344192,27319512,True,0,1,1,36,4096,1,24304,339,,,,4128,0
C,runtime,final-runtime-block3-5-C,3,runtime,134972,1172488,1884160,1675,3850240,75725,36,88800,retained_1,89194496,30583776,True,36,0,36,36,4096,36,3264264,7859,,,,4128,36
C,runtime,final-runtime-block3-5-C,3,runtime,0,1081360,1794048,1396,4833280,76062,0,88800,released_1,14450688,30607760,True,0,1,1,36,4096,1,23984,337,,,,4128,0
C,runtime,final-runtime-block3-5-C,3,runtime,134972,1172488,1949696,1675,3694592,83921,36,88800,retained_2,89305088,33872024,True,36,0,36,36,4096,36,3264264,7859,,,,4128,36
C,runtime,final-runtime-block3-5-C,3,runtime,0,1081360,1859584,1396,4743168,84258,0,88800,released_2,14548992,33896008,True,0,1,1,36,4096,1,23984,337,,,,4128,0
C,runtime,final-runtime-block3-5-C,3,runtime,0,152176,647168,518,5988352,84333,0,88800,runtime_released,13369344,33899792,True,0,1,1,36,4096,1,3784,75,,,,4128,0
A,runtime,final-runtime-block3-6-A,3,runtime,0,120480,499712,436,2924544,4985,0,13772,initial,9162752,325064,True,0,0,0,0,4096,0,,,,,,4128,0
A,runtime,final-runtime-block3-6-A,3,runtime,0,986560,1589248,996,3563520,60046,0,17032,compile_release_270,16920576,38111104,True,0,0,0,0,4096,0,37786040,55061,,,,4128,0
A,runtime,final-runtime-block3-6-A,3,runtime,167268,1172584,1810432,1691,3563520,68016,36,91156,retained_0,93351936,43288224,True,36,0,36,36,4096,36,5177120,7970,,,,4128,36
A,runtime,final-runtime-block3-6-A,3,runtime,0,1081664,1712128,1407,5136384,68355,0,91156,released_0,16306176,43312528,True,0,1,1,36,4096,1,24304,339,,,,4128,0
A,runtime,final-runtime-block3-6-A,3,runtime,167268,1172856,1875968,1690,3571712,76272,36,91156,retained_1,91619328,48458320,True,36,0,36,36,4096,36,5145792,7917,,,,4128,36
A,runtime,final-runtime-block3-6-A,3,runtime,0,1081632,1785856,1405,5070848,76609,0,91156,released_1,16363520,48482304,True,0,1,1,36,4096,1,23984,337,,,,4128,0
A,runtime,final-runtime-block3-6-A,3,runtime,167268,1172856,1818624,1690,3596288,84526,36,91156,retained_2,91582464,53628096,True,36,0,36,36,4096,36,5145792,7917,,,,4128,36
A,runtime,final-runtime-block3-6-A,3,runtime,0,1081632,1720320,1405,5160960,84863,0,91156,released_2,16265216,53652080,True,0,1,1,36,4096,1,23984,337,,,,4128,0
A,runtime,final-runtime-block3-6-A,3,runtime,0,152304,655360,518,6144000,84938,0,91156,runtime_released,15351808,53655864,True,0,1,1,36,4096,1,3784,75,,,,4128,0
A,runtime-auto,final-runtime-auto-block1-1-A,1,runtime,0,183424,598016,456,6864896,5009,0,13732,initial,9232384,388120,True,0,0,0,0,4096,0,,,,,,4128,0
A,runtime-auto,final-runtime-auto-block1-1-A,1,runtime,0,694968,1449984,904,7364608,64026,0,16684,compile_release_270,16941056,45754344,True,0,0,0,0,4096,0,45366224,59017,,,,4128,0
A,runtime-auto,final-runtime-auto-block1-1-A,1,runtime,167268,1281456,2015232,1801,8142848,72525,36,90504,retained_0,92770304,51936952,True,36,0,36,36,4096,36,6182608,8499,,,,4128,36
A,runtime-auto,final-runtime-auto-block1-1-A,1,runtime,0,1191384,1916928,1522,9060352,72864,0,90504,released_0,16424960,51962408,True,0,1,1,36,4096,1,25456,339,,,,4128,0
A,runtime-auto,final-runtime-auto-block1-1-A,1,runtime,167268,1282400,2113536,1816,7487488,81322,36,90504,retained_1,91770880,58115000,True,36,0,36,36,4096,36,6152592,8458,,,,4128,36
A,runtime-auto,final-runtime-auto-block1-1-A,1,runtime,0,1191496,2015232,1523,8273920,81659,0,90504,released_1,17203200,58140136,True,0,1,1,36,4096,1,25136,337,,,,4128,0
A,runtime-auto,final-runtime-auto-block1-1-A,1,runtime,167268,1281920,2105344,1806,7233536,90113,36,90504,retained_2,92069888,64292456,True,36,0,36,36,4096,36,6152320,8454,,,,4128,36
A,runtime-auto,final-runtime-auto-block1-1-A,1,runtime,0,1191480,1998848,1522,8380416,90452,0,90504,released_2,16932864,64317784,True,0,1,1,36,4096,1,25328,339,,,,4128,0
A,runtime-auto,final-runtime-auto-block1-1-A,1,runtime,0,262024,843776,638,9822208,90539,0,90504,runtime_released,15753216,64324024,True,0,1,1,36,4096,1,6240,87,,,,4128,0
C,runtime-auto,final-runtime-auto-block1-2-C,1,runtime,0,183408,778240,458,2416640,5010,0,13760,initial,9625600,388104,True,0,0,0,0,4096,0,,,,,,4128,0
C,runtime-auto,final-runtime-auto-block1-2-C,1,runtime,0,681736,1662976,879,3293184,63299,0,16572,compile_release_270,16982016,30222896,True,0,0,0,0,4096,0,29834792,58289,,,,4128,0
C,runtime-auto,final-runtime-auto-block1-2-C,1,runtime,134972,1270288,2236416,1777,3268608,71705,36,90880,retained_0,93196288,34322784,True,36,0,36,36,4096,36,4099888,8406,,,,4128,36
C,runtime-auto,final-runtime-auto-block1-2-C,1,runtime,0,1180168,2121728,1495,5365760,72046,0,90880,released_0,15745024,34348432,True,0,1,1,36,4096,1,25648,341,,,,4128,0
C,runtime-auto,final-runtime-auto-block1-2-C,1,runtime,134972,1275696,2236416,1791,3006464,80426,36,90880,retained_1,91836416,38423144,True,36,0,36,36,4096,36,4074712,8380,,,,4128,36
C,runtime-auto,final-runtime-auto-block1-2-C,1,runtime,0,1185048,2105344,1504,4448256,80763,0,90880,released_1,16556032,38448280,True,0,1,1,36,4096,1,25136,337,,,,4128,0
C,runtime-auto,final-runtime-auto-block1-2-C,1,runtime,134972,1280624,2220032,1803,3055616,89125,36,90880,retained_2,91697152,42520968,True,36,0,36,36,4096,36,4072688,8362,,,,4128,36
C,runtime-auto,final-runtime-auto-block1-2-C,1,runtime,0,1189960,2056192,1515,4792320,89462,0,90880,released_2,16297984,42546104,True,0,1,1,36,4096,1,25136,337,,,,4128,0
C,runtime-auto,final-runtime-auto-block1-2-C,1,runtime,0,260424,950272,632,5693440,89548,0,90880,runtime_released,15482880,42552232,True,0,1,1,36,4096,1,6128,86,,,,4128,0
R,runtime-auto,final-runtime-auto-block1-3-R,1,runtime,0,183760,598016,459,2703360,5012,0,13580,initial,9543680,388456,True,0,0,0,0,4096,0,,,,,,4128,0
R,runtime-auto,final-runtime-auto-block1-3-R,1,runtime,0,504952,1220608,696,3096576,63371,0,16876,compile_release_270,17063936,30118320,True,0,0,0,0,4096,0,29729864,58359,,,,4128,0
R,runtime-auto,final-runtime-auto-block1-3-R,1,runtime,134972,1276320,2170880,1786,3194880,71782,36,91152,retained_0,93274112,34220672,True,36,0,36,36,4096,36,4102352,8411,,,,4128,36
R,runtime-auto,final-runtime-auto-block1-3-R,1,runtime,0,1186184,2023424,1503,4898816,72123,0,91152,released_0,16146432,34246320,True,0,1,1,36,4096,1,25648,341,,,,4128,0
R,runtime-auto,final-runtime-auto-block1-3-R,1,runtime,134972,1280336,2121728,1800,2916352,80502,36,91152,retained_1,91918336,38319608,True,36,0,36,36,4096,36,4073288,8379,,,,4128,36
R,runtime-auto,final-runtime-auto-block1-3-R,1,runtime,0,1189704,1990656,1514,4751360,80839,0,91152,released_1,16175104,38344744,True,0,1,1,36,4096,1,25136,337,,,,4128,0
R,runtime-auto,final-runtime-auto-block1-3-R,1,runtime,134972,1292536,2138112,1824,3252224,89223,36,91152,retained_2,91762688,42426280,True,36,0,36,36,4096,36,4081536,8384,,,,4128,36
R,runtime-auto,final-runtime-auto-block1-3-R,1,runtime,0,1201872,2015232,1536,4431872,89560,0,91152,released_2,16699392,42451416,True,0,1,1,36,4096,1,25136,337,,,,4128,0
R,runtime-auto,final-runtime-auto-block1-3-R,1,runtime,0,272448,835584,654,5087232,89636,0,91152,runtime_released,15994880,42456080,True,0,1,1,36,4096,1,4664,76,,,,4128,0
R,runtime-auto,final-runtime-auto-block1-4-R,1,runtime,0,183280,696320,456,6742016,5009,0,13488,initial,9551872,387976,True,0,0,0,0,4096,0,,,,,,4128,0
R,runtime-auto,final-runtime-auto-block1-4-R,1,runtime,0,400840,1064960,701,7634944,63402,0,16960,compile_release_270,17297408,30135360,True,0,0,0,0,4096,0,29747384,58393,,,,4128,0
R,runtime-auto,final-runtime-auto-block1-4-R,1,runtime,134972,1294768,2162688,1820,7438336,71824,36,91168,retained_0,93532160,34239712,True,36,0,36,36,4096,36,4104352,8422,,,,4128,36
R,runtime-auto,final-runtime-auto-block1-4-R,1,runtime,0,1204712,2048000,1542,9469952,72165,0,91168,released_0,15896576,34265360,True,0,1,1,36,4096,1,25648,341,,,,4128,0
R,runtime-auto,final-runtime-auto-block1-4-R,1,runtime,134972,1295552,2236416,1835,7544832,80535,36,91168,retained_1,92131328,38335224,True,36,0,36,36,4096,36,4069864,8370,,,,4128,36
R,runtime-auto,final-runtime-auto-block1-4-R,1,runtime,0,1204904,2080768,1548,8396800,80873,0,91168,released_1,17428480,38360376,True,0,1,1,36,4096,1,25152,338,,,,4128,0
R,runtime-auto,final-runtime-auto-block1-4-R,1,runtime,134972,1295664,2170880,1832,7348224,89245,36,91168,retained_2,92315648,42430368,True,36,0,36,36,4096,36,4069992,8372,,,,4128,36
R,runtime-auto,final-runtime-auto-block1-4-R,1,runtime,0,1204840,2039808,1544,9183232,89582,0,91168,released_2,16568320,42455504,True,0,1,1,36,4096,1,25136,337,,,,4128,0
R,runtime-auto,final-runtime-auto-block1-4-R,1,runtime,0,275336,892928,663,9707520,89668,0,91168,runtime_released,16248832,42461632,True,0,1,1,36,4096,1,6128,86,,,,4128,0
C,runtime-auto,final-runtime-auto-block1-5-C,1,runtime,0,183440,598016,457,6897664,5010,0,13800,initial,9613312,388136,True,0,0,0,0,4096,0,,,,,,4128,0
C,runtime-auto,final-runtime-auto-block1-5-C,1,runtime,0,394200,1089536,695,7200768,63384,0,16716,compile_release_270,17387520,30128040,True,0,0,0,0,4096,0,29739904,58374,,,,4128,0
C,runtime-auto,final-runtime-auto-block1-5-C,1,runtime,134972,1283600,2179072,1805,7249920,71789,36,90788,retained_0,93237248,34226848,True,36,0,36,36,4096,36,4098808,8405,,,,4128,36
C,runtime-auto,final-runtime-auto-block1-5-C,1,runtime,0,1193112,2039808,1520,7577600,72128,0,90916,released_0,17580032,34252304,True,0,1,1,36,4096,1,25456,339,,,,4128,0
C,runtime-auto,final-runtime-auto-block1-5-C,1,runtime,134972,1283600,2064384,1807,7553024,80494,36,90916,retained_1,91791360,38321896,True,36,0,36,36,4096,36,4069592,8366,,,,4128,36
C,runtime-auto,final-runtime-auto-block1-5-C,1,runtime,0,1193160,1949696,1523,8994816,80833,0,90916,released_1,16437248,38347224,True,0,1,1,36,4096,1,25328,339,,,,4128,0
C,runtime-auto,final-runtime-auto-block1-5-C,1,runtime,134972,1283968,2064384,1810,7503872,89188,36,90916,retained_2,91676672,42415224,True,36,0,36,36,4096,36,4068000,8355,,,,4128,36
C,runtime-auto,final-runtime-auto-block1-5-C,1,runtime,0,1193144,1966080,1522,8421376,89527,0,90916,released_2,17006592,42440552,True,0,1,1,36,4096,1,25328,339,,,,4128,0
C,runtime-auto,final-runtime-auto-block1-5-C,1,runtime,0,263624,835584,640,9863168,89613,0,90916,runtime_released,15577088,42446680,True,0,1,1,36,4096,1,6128,86,,,,4128,0
A,runtime-auto,final-runtime-auto-block1-6-A,1,runtime,0,183424,696320,456,2547712,5009,0,13576,initial,9224192,388120,True,0,0,0,0,4096,0,,,,,,4128,0
A,runtime-auto,final-runtime-auto-block1-6-A,1,runtime,0,381160,1130496,659,3227648,64018,0,16972,compile_release_270,17506304,45744688,True,0,0,0,0,4096,0,45356568,59009,,,,4128,0
A,runtime-auto,final-runtime-auto-block1-6-A,1,runtime,167268,1272880,2162688,1779,3227648,72515,36,91540,retained_0,93839360,51928888,True,36,0,36,36,4096,36,6184200,8497,,,,4128,36
A,runtime-auto,final-runtime-auto-block1-6-A,1,runtime,0,1188128,2056192,1506,4734976,72860,0,91540,released_0,16932864,51959664,True,0,1,1,36,4096,1,30776,345,,,,4128,0
A,runtime-auto,final-runtime-auto-block1-6-A,1,runtime,167268,1281080,2203648,1796,2572288,81314,36,91540,retained_1,92573696,58114128,True,36,0,36,36,4096,36,6154464,8454,,,,4128,36
A,runtime-auto,final-runtime-auto-block1-6-A,1,runtime,0,1190640,2056192,1512,4603904,81653,0,91540,released_1,16740352,58139456,True,0,1,1,36,4096,1,25328,339,,,,4128,0
A,runtime-auto,final-runtime-auto-block1-6-A,1,runtime,167268,1281608,2162688,1801,3260416,90093,36,91540,retained_2,91992064,64290120,True,36,0,36,36,4096,36,6150664,8440,,,,4128,36
A,runtime-auto,final-runtime-auto-block1-6-A,1,runtime,0,1190976,2023424,1515,4505600,90432,0,91540,released_2,16830464,64315448,True,0,1,1,36,4096,1,25328,339,,,,4128,0
A,runtime-auto,final-runtime-auto-block1-6-A,1,runtime,0,261504,876544,630,5554176,90519,0,91540,runtime_released,15716352,64321688,True,0,1,1,36,4096,1,6240,87,,,,4128,0
A,runtime-auto,final-runtime-auto-block2-1-A,2,runtime,0,183584,696320,457,6742016,5010,0,13792,initial,9224192,388280,True,0,0,0,0,4096,0,,,,,,4128,0
A,runtime-auto,final-runtime-auto-block2-1-A,2,runtime,0,688616,1507328,892,3096576,64023,0,14596,compile_release_270,15126528,45740256,True,0,0,0,0,4096,0,45351976,59013,,,,4128,0
A,runtime-auto,final-runtime-auto-block2-1-A,2,runtime,167268,1275888,2097152,1790,3153920,72510,36,89112,retained_0,91394048,51922280,True,36,0,36,36,4096,36,6182024,8487,,,,4128,36
A,runtime-auto,final-runtime-auto-block2-1-A,2,runtime,0,1185784,1974272,1509,4792320,72851,0,89112,released_0,14450688,51947928,True,0,1,1,36,4096,1,25648,341,,,,4128,0
A,runtime-auto,final-runtime-auto-block2-1-A,2,runtime,167268,1279088,2097152,1798,3309568,81289,36,89112,retained_1,89772032,58100752,True,36,0,36,36,4096,36,6152824,8438,,,,4128,36
A,runtime-auto,final-runtime-auto-block2-1-A,2,runtime,0,1188648,1966080,1514,4816896,81628,0,89112,released_1,14446592,58126080,True,0,1,1,36,4096,1,25328,339,,,,4128,0
A,runtime-auto,final-runtime-auto-block2-1-A,2,runtime,167268,1279296,2203648,1799,3112960,90079,36,89112,retained_2,89907200,64278208,True,36,0,36,36,4096,36,6152128,8451,,,,4128,36
A,runtime-auto,final-runtime-auto-block2-1-A,2,runtime,0,1188872,2056192,1516,4751360,90418,0,89112,released_2,14479360,64303536,True,0,1,1,36,4096,1,25328,339,,,,4128,0
A,runtime-auto,final-runtime-auto-block2-1-A,2,runtime,0,259400,892928,631,5488640,90505,0,89112,runtime_released,13807616,64309776,True,0,1,1,36,4096,1,6240,87,,,,4128,0
C,runtime-auto,final-runtime-auto-block2-2-C,2,runtime,0,183440,696320,457,6742016,5010,0,13564,initial,9609216,388136,True,0,0,0,0,4096,0,,,,,,4128,0
C,runtime-auto,final-runtime-auto-block2-2-C,2,runtime,0,510248,1327104,728,7356416,63368,0,16832,compile_release_270,17039360,30118632,True,0,0,0,0,4096,0,29730496,58358,,,,4128,0
C,runtime-auto,final-runtime-auto-block2-2-C,2,runtime,134972,1264176,2285568,1769,7118848,71772,36,90716,retained_0,93298688,34217088,True,36,0,36,36,4096,36,4098456,8404,,,,4128,36
C,runtime-auto,final-runtime-auto-block2-2-C,2,runtime,0,1173848,2154496,1484,7512064,72113,0,90716,released_0,17534976,34242736,True,0,1,1,36,4096,1,25648,341,,,,4128,0
C,runtime-auto,final-runtime-auto-block2-2-C,2,runtime,134972,1268016,2162688,1778,7249920,80494,36,90716,retained_1,91824128,38316248,True,36,0,36,36,4096,36,4073512,8381,,,,4128,36
C,runtime-auto,final-runtime-auto-block2-2-C,2,runtime,0,1177192,2031616,1490,8036352,80832,0,90716,released_1,17133568,38341400,True,0,1,1,36,4096,1,25152,338,,,,4128,0
C,runtime-auto,final-runtime-auto-block2-2-C,2,runtime,134972,1271648,2203648,1782,7045120,89206,36,90716,retained_2,91832320,42415488,True,36,0,36,36,4096,36,4074088,8374,,,,4128,36
C,runtime-auto,final-runtime-auto-block2-2-C,2,runtime,0,1186528,2080768,1504,8814592,89551,0,90716,released_2,16375808,42446136,True,0,1,1,36,4096,1,30648,345,,,,4128,0
C,runtime-auto,final-runtime-auto-block2-2-C,2,runtime,0,256992,892928,621,9469952,89637,0,90716,runtime_released,15663104,42452264,True,0,1,1,36,4096,1,6128,86,,,,4128,0
R,runtime-auto,final-runtime-auto-block2-3-R,2,runtime,0,183440,598016,457,6897664,5010,0,13732,initial,9555968,388136,True,0,0,0,0,4096,0,,,,,,4128,0
R,runtime-auto,final-runtime-auto-block2-3-R,2,runtime,0,511880,1245184,728,7503872,63369,0,16772,compile_release_270,16957440,30111968,True,0,0,0,0,4096,0,29723832,58359,,,,4128,0
R,runtime-auto,final-runtime-auto-block2-3-R,2,runtime,134972,1265872,2162688,1767,7397376,71771,36,91008,retained_0,93315072,34210704,True,36,0,36,36,4096,36,4098736,8402,,,,4128,36
R,runtime-auto,final-runtime-auto-block2-3-R,2,runtime,0,1175544,2007040,1482,9035776,72112,0,91008,released_0,16240640,34236352,True,0,1,1,36,4096,1,25648,341,,,,4128,0
R,runtime-auto,final-runtime-auto-block2-3-R,2,runtime,134972,1276512,2015232,1788,7430144,80491,36,91008,retained_1,91643904,38315424,True,36,0,36,36,4096,36,4079072,8379,,,,4128,36
R,runtime-auto,final-runtime-auto-block2-3-R,2,runtime,0,1185880,1908736,1502,8937472,80830,0,91008,released_1,16343040,38340752,True,0,1,1,36,4096,1,25328,339,,,,4128,0
R,runtime-auto,final-runtime-auto-block2-3-R,2,runtime,134972,1278032,2039808,1796,7413760,89207,36,91008,retained_2,91586560,42412328,True,36,0,36,36,4096,36,4071576,8377,,,,4128,36
R,runtime-auto,final-runtime-auto-block2-3-R,2,runtime,0,1187368,1925120,1508,8855552,89546,0,91008,released_2,16457728,42437656,True,0,1,1,36,4096,1,25328,339,,,,4128,0
R,runtime-auto,final-runtime-auto-block2-3-R,2,runtime,0,257832,827392,625,9707520,89621,0,91008,runtime_released,15597568,42442208,True,0,1,1,36,4096,1,4552,75,,,,4128,0
R,runtime-auto,final-runtime-auto-block2-4-R,2,runtime,0,183120,598016,455,2703360,5008,0,13564,initial,9547776,387816,True,0,0,0,0,4096,0,,,,,,4128,0
R,runtime-auto,final-runtime-auto-block2-4-R,2,runtime,0,807656,1540096,912,3432448,63363,0,16904,compile_release_270,16908288,30127440,True,0,0,0,0,4096,0,29739624,58355,,,,4128,0
R,runtime-auto,final-runtime-auto-block2-4-R,2,runtime,134972,1277824,1998848,1790,3481600,71774,36,90824,retained_0,93290496,34229776,True,36,0,36,36,4096,36,4102336,8411,,,,4128,36
R,runtime-auto,final-runtime-auto-block2-4-R,2,runtime,0,1187528,1867776,1507,4857856,72114,0,90824,released_0,16519168,34255248,True,0,1,1,36,4096,1,25472,340,,,,4128,0
R,runtime-auto,final-runtime-auto-block2-4-R,2,runtime,134972,1287400,2228224,1812,2949120,80492,36,90824,retained_1,92033024,38333776,True,36,0,36,36,4096,36,4078528,8378,,,,4128,36
R,runtime-auto,final-runtime-auto-block2-4-R,2,runtime,0,1196736,2072576,1524,4194304,80829,0,90824,released_1,17055744,38358912,True,0,1,1,36,4096,1,25136,337,,,,4128,0
R,runtime-auto,final-runtime-auto-block2-4-R,2,runtime,134972,1287320,2170880,1807,2998272,89197,36,90824,retained_2,92090368,42428696,True,36,0,36,36,4096,36,4069784,8368,,,,4128,36
R,runtime-auto,final-runtime-auto-block2-4-R,2,runtime,0,1196672,2007040,1520,4636672,89536,0,90824,released_2,16793600,42454024,True,0,1,1,36,4096,1,25328,339,,,,4128,0
R,runtime-auto,final-runtime-auto-block2-4-R,2,runtime,0,267264,811008,639,5160960,89623,0,90824,runtime_released,16240640,42460264,True,0,1,1,36,4096,1,6240,87,,,,4128,0
C,runtime-auto,final-runtime-auto-block2-5-C,2,runtime,0,183280,679936,456,6758400,5009,0,13528,initial,11714560,387976,True,0,0,0,0,4096,0,,,,,,4128,0
C,runtime-auto,final-runtime-auto-block2-5-C,2,runtime,0,685368,1482752,886,3489792,63383,0,16708,compile_release_270,16719872,30161200,True,0,0,0,0,4096,0,29773224,58374,,,,4128,0
C,runtime-auto,final-runtime-auto-block2-5-C,2,runtime,134972,1273600,2146304,1786,3686400,71798,36,90640,retained_0,92811264,34260912,True,36,0,36,36,4096,36,4099712,8415,,,,4128,36
C,runtime-auto,final-runtime-auto-block2-5-C,2,runtime,0,1183080,2031616,1499,4210688,72139,0,90640,released_0,16834560,34286560,True,0,1,1,36,4096,1,25648,341,,,,4128,0
C,runtime-auto,final-runtime-auto-block2-5-C,2,runtime,134972,1273552,2138112,1785,3883008,80505,36,90640,retained_1,91086848,38356464,True,36,0,36,36,4096,36,4069904,8366,,,,4128,36
C,runtime-auto,final-runtime-auto-block2-5-C,2,runtime,0,1183144,1998848,1503,5324800,80844,0,90640,released_1,15716352,38381792,True,0,1,1,36,4096,1,25328,339,,,,4128,0
C,runtime-auto,final-runtime-auto-block2-5-C,2,runtime,134972,1273920,2097152,1792,3104768,89217,36,90640,retained_2,91586560,42451864,True,36,0,36,36,4096,36,4070072,8373,,,,4128,36
C,runtime-auto,final-runtime-auto-block2-5-C,2,runtime,0,1188576,1982464,1510,4284416,89562,0,90640,released_2,16486400,42482512,True,0,1,1,36,4096,1,30648,345,,,,4128,0
C,runtime-auto,final-runtime-auto-block2-5-C,2,runtime,0,259024,884736,626,5472256,89648,0,90640,runtime_released,15630336,42488640,True,0,1,1,36,4096,1,6128,86,,,,4128,0
A,runtime-auto,final-runtime-auto-block2-6-A,2,runtime,0,183424,598016,456,2703360,5009,0,13776,initial,9224192,388120,True,0,0,0,0,4096,0,,,,,,4128,0
A,runtime-auto,final-runtime-auto-block2-6-A,2,runtime,0,543552,1318912,786,3538944,64015,0,16732,compile_release_270,16269312,45746856,True,0,0,0,0,4096,0,45358736,59006,,,,4128,0
A,runtime-auto,final-runtime-auto-block2-6-A,2,runtime,167268,1285880,2048000,1811,3694592,72510,36,90336,retained_0,92540928,51930720,True,36,0,36,36,4096,36,6183864,8495,,,,4128,36
A,runtime-auto,final-runtime-auto-block2-6-A,2,runtime,0,1195520,1941504,1524,4579328,72851,0,90336,released_0,16191488,51956368,True,0,1,1,36,4096,1,25648,341,,,,4128,0
A,runtime-auto,final-runtime-auto-block2-6-A,2,runtime,167268,1292056,2097152,1825,3366912,81310,36,90336,retained_1,91344896,58113936,True,36,0,36,36,4096,36,6157568,8459,,,,4128,36
A,runtime-auto,final-runtime-auto-block2-6-A,2,runtime,0,1201376,1957888,1536,4448256,81649,0,90336,released_1,16330752,58139264,True,0,1,1,36,4096,1,25328,339,,,,4128,0
A,runtime-auto,final-runtime-auto-block2-6-A,2,runtime,167268,1296616,2121728,1830,3022848,90096,36,90336,retained_2,91742208,64294408,True,36,0,36,36,4096,36,6155144,8447,,,,4128,36
A,runtime-auto,final-runtime-auto-block2-6-A,2,runtime,0,1206208,1998848,1548,4661248,90435,0,90336,released_2,15544320,64319736,True,0,1,1,36,4096,1,25328,339,,,,4128,0
A,runtime-auto,final-runtime-auto-block2-6-A,2,runtime,0,276608,835584,661,5578752,90510,0,90336,runtime_released,15298560,64324288,True,0,1,1,36,4096,1,4552,75,,,,4128,0
A,runtime-auto,final-runtime-auto-block3-1-A,3,runtime,0,183712,745472,459,6668288,5011,0,13472,initial,9236480,388408,True,0,0,0,0,4096,0,,,,,,4128,0
A,runtime-auto,final-runtime-auto-block3-1-A,3,runtime,0,554056,1417216,868,7667712,64013,0,16672,compile_release_270,16822272,45738584,True,0,0,0,0,4096,0,45350176,59002,,,,4128,0
A,runtime-auto,final-runtime-auto-block3-1-A,3,runtime,167268,1280672,2138112,1803,7372800,72521,36,91108,retained_0,93450240,51927248,True,36,0,36,36,4096,36,6188664,8508,,,,4128,36
A,runtime-auto,final-runtime-auto-block3-1-A,3,runtime,0,1190584,2031616,1523,8945664,72862,0,91108,released_0,16502784,51952896,True,0,1,1,36,4096,1,25648,341,,,,4128,0
A,runtime-auto,final-runtime-auto-block3-1-A,3,runtime,167268,1283392,2113536,1810,7380992,81300,36,91108,retained_1,91848704,58105384,True,36,0,36,36,4096,36,6152488,8438,,,,4128,36
A,runtime-auto,final-runtime-auto-block3-1-A,3,runtime,0,1193000,2007040,1529,9019392,81639,0,91108,released_1,16355328,58130712,True,0,1,1,36,4096,1,25328,339,,,,4128,0
A,runtime-auto,final-runtime-auto-block3-1-A,3,runtime,167268,1289856,2187264,1827,7323648,90101,36,91108,retained_2,91815936,64288904,True,36,0,36,36,4096,36,6158192,8462,,,,4128,36
A,runtime-auto,final-runtime-auto-block3-1-A,3,runtime,0,1199224,2031616,1541,9748480,90440,0,91108,released_2,15618048,64314232,True,0,1,1,36,4096,1,25328,339,,,,4128,0
A,runtime-auto,final-runtime-auto-block3-1-A,3,runtime,0,269656,942080,656,9748480,90526,0,91108,runtime_released,15683584,64320360,True,0,1,1,36,4096,1,6128,86,,,,4128,0
C,runtime-auto,final-runtime-auto-block3-2-C,3,runtime,0,183600,598016,458,6897664,5011,0,13792,initial,9617408,388296,True,0,0,0,0,4096,0,,,,,,4128,0
C,runtime-auto,final-runtime-auto-block3-2-C,3,runtime,0,682664,1368064,882,7389184,63367,0,16988,compile_release_270,17350656,30123936,True,0,0,0,0,4096,0,29735640,58356,,,,4128,0
C,runtime-auto,final-runtime-auto-block3-2-C,3,runtime,134972,1273568,2088960,1785,7528448,71784,36,90964,retained_0,93409280,34226320,True,36,0,36,36,4096,36,4102384,8417,,,,4128,36
C,runtime-auto,final-runtime-auto-block3-2-C,3,runtime,0,1183256,1949696,1501,9035776,72125,0,91092,released_0,16515072,34251968,True,0,1,1,36,4096,1,25648,341,,,,4128,0
C,runtime-auto,final-runtime-auto-block3-2-C,3,runtime,134972,1274208,2162688,1797,7118848,80492,36,91092,retained_1,92090368,38321528,True,36,0,36,36,4096,36,4069560,8367,,,,4128,36
C,runtime-auto,final-runtime-auto-block3-2-C,3,runtime,0,1183320,2031616,1505,8495104,80831,0,91092,released_1,17031168,38346856,True,0,1,1,36,4096,1,25328,339,,,,4128,0
C,runtime-auto,final-runtime-auto-block3-2-C,3,runtime,134972,1275072,2162688,1793,7127040,89182,36,91092,retained_2,92147712,42423496,True,36,0,36,36,4096,36,4076640,8351,,,,4128,36
C,runtime-auto,final-runtime-auto-block3-2-C,3,runtime,0,1184216,2015232,1503,8568832,89521,0,91092,released_2,16961536,42448824,True,0,1,1,36,4096,1,25328,339,,,,4128,0
C,runtime-auto,final-runtime-auto-block3-2-C,3,runtime,0,260032,851968,628,9617408,89603,0,91092,runtime_released,15998976,42458712,True,0,1,1,36,4096,1,9888,82,,,,4128,0
R,runtime-auto,final-runtime-auto-block3-3-R,3,runtime,0,183440,598016,457,2703360,5010,0,13540,initial,9555968,388136,True,0,0,0,0,4096,0,,,,,,4128,0
R,runtime-auto,final-runtime-auto-block3-3-R,3,runtime,0,813648,1572864,920,3293184,63326,0,16708,compile_release_270,16699392,30260360,True,0,0,0,0,4096,0,29872224,58316,,,,4128,0
R,runtime-auto,final-runtime-auto-block3-3-R,3,runtime,134972,1285144,2064384,1802,3194880,71744,36,90832,retained_0,93040640,34364056,True,36,0,36,36,4096,36,4103696,8418,,,,4128,36
R,runtime-auto,final-runtime-auto-block3-3-R,3,runtime,0,1194624,1941504,1515,4358144,72085,0,90832,released_0,16482304,34389704,True,0,1,1,36,4096,1,25648,341,,,,4128,0
R,runtime-auto,final-runtime-auto-block3-3-R,3,runtime,134972,1293464,2097152,1821,3047424,80473,36,90832,retained_1,91422720,38467824,True,36,0,36,36,4096,36,4078120,8388,,,,4128,36
R,runtime-auto,final-runtime-auto-block3-3-R,3,runtime,0,1202816,1957888,1534,4562944,80812,0,90832,released_1,16257024,38493152,True,0,1,1,36,4096,1,25328,339,,,,4128,0
R,runtime-auto,final-runtime-auto-block3-3-R,3,runtime,134972,1303000,2236416,1837,3039232,89199,36,90832,retained_2,91549696,42572344,True,36,0,36,36,4096,36,4079192,8387,,,,4128,36
R,runtime-auto,final-runtime-auto-block3-3-R,3,runtime,0,1212384,2072576,1552,4481024,89536,0,90832,released_2,16322560,42597480,True,0,1,1,36,4096,1,25136,337,,,,4128,0
R,runtime-auto,final-runtime-auto-block3-3-R,3,runtime,0,282992,851968,672,5529600,89623,0,90832,runtime_released,15294464,42603720,True,0,1,1,36,4096,1,6240,87,,,,4128,0
R,runtime-auto,final-runtime-auto-block3-4-R,3,runtime,0,183760,598016,459,6897664,5012,0,13596,initial,9551872,388456,True,0,0,0,0,4096,0,,,,,,4128,0
R,runtime-auto,final-runtime-auto-block3-4-R,3,runtime,0,523488,1261568,732,7380992,63409,0,16712,compile_release_270,17297408,30137128,True,0,0,0,0,4096,0,29748672,58397,,,,4128,0
R,runtime-auto,final-runtime-auto-block3-4-R,3,runtime,134972,1291720,2220032,1819,7569408,71823,36,90864,retained_0,93241344,34236888,True,36,0,36,36,4096,36,4099760,8414,,,,4128,36
R,runtime-auto,final-runtime-auto-block3-4-R,3,runtime,0,1201200,2056192,1532,9011200,72162,0,90864,released_0,16506880,34262344,True,0,1,1,36,4096,1,25456,339,,,,4128,0
R,runtime-auto,final-runtime-auto-block3-4-R,3,runtime,134972,1292440,2113536,1817,7184384,80532,36,90864,retained_1,91967488,38332624,True,36,0,36,36,4096,36,4070280,8370,,,,4128,36
R,runtime-auto,final-runtime-auto-block3-4-R,3,runtime,0,1201632,1998848,1530,8691712,80871,0,90864,released_1,16691200,38357952,True,0,1,1,36,4096,1,25328,339,,,,4128,0
R,runtime-auto,final-runtime-auto-block3-4-R,3,runtime,134972,1293976,2097152,1824,7094272,89243,36,90864,retained_2,92057600,42429224,True,36,0,36,36,4096,36,4071272,8372,,,,4128,36
R,runtime-auto,final-runtime-auto-block3-4-R,3,runtime,0,1203344,1974272,1538,8339456,89580,0,90864,released_2,16916480,42454360,True,0,1,1,36,4096,1,25136,337,,,,4128,0
R,runtime-auto,final-runtime-auto-block3-4-R,3,runtime,0,273824,843776,656,9715712,89666,0,90864,runtime_released,15781888,42460488,True,0,1,1,36,4096,1,6128,86,,,,4128,0
C,runtime-auto,final-runtime-auto-block3-5-C,3,runtime,0,189080,712704,465,6692864,5018,0,13716,initial,9609216,393776,True,0,0,0,0,4096,0,,,,,,4128,0
C,runtime-auto,final-runtime-auto-block3-5-C,3,runtime,0,517312,1310720,715,7684096,63402,0,16684,compile_release_270,16953344,30131816,True,0,0,0,0,4096,0,29738040,58384,,,,4128,0
C,runtime-auto,final-runtime-auto-block3-5-C,3,runtime,134972,1288568,2195456,1811,7397376,71815,36,91084,retained_0,93343744,34233976,True,36,0,36,36,4096,36,4102160,8413,,,,4128,36
C,runtime-auto,final-runtime-auto-block3-5-C,3,runtime,0,1198256,2064384,1527,8773632,72156,0,91084,released_0,16621568,34259624,True,0,1,1,36,4096,1,25648,341,,,,4128,0
C,runtime-auto,final-runtime-auto-block3-5-C,3,runtime,134972,1289144,2310144,1813,7389184,80529,36,91084,retained_1,91893760,38329744,True,36,0,36,36,4096,36,4070120,8373,,,,4128,36
C,runtime-auto,final-runtime-auto-block3-5-C,3,runtime,0,1198320,2154496,1525,8110080,80866,0,91084,released_1,17354752,38354880,True,0,1,1,36,4096,1,25136,337,,,,4128,0
C,runtime-auto,final-runtime-auto-block3-5-C,3,runtime,134972,1289064,2195456,1812,6897664,89231,36,91084,retained_2,92299264,42424392,True,36,0,36,36,4096,36,4069512,8365,,,,4128,36
C,runtime-auto,final-runtime-auto-block3-5-C,3,runtime,0,1198448,2072576,1527,8667136,89568,0,91084,released_2,16756736,42449528,True,0,1,1,36,4096,1,25136,337,,,,4128,0
C,runtime-auto,final-runtime-auto-block3-5-C,3,runtime,0,269040,909312,646,9650176,89655,0,91084,runtime_released,15847424,42455768,True,0,1,1,36,4096,1,6240,87,,,,4128,0
A,runtime-auto,final-runtime-auto-block3-6-A,3,runtime,0,183904,598016,459,2703360,5012,0,13492,initial,9236480,388600,True,0,0,0,0,4096,0,,,,,,4128,0
A,runtime-auto,final-runtime-auto-block3-6-A,3,runtime,0,511800,1196032,718,3440640,64008,0,16752,compile_release_270,16543744,45735304,True,0,0,0,0,4096,0,45346704,58996,,,,4128,0
A,runtime-auto,final-runtime-auto-block3-6-A,3,runtime,167268,1272272,2113536,1793,3358720,72495,36,90580,retained_0,93097984,51917776,True,36,0,36,36,4096,36,6182472,8487,,,,4128,36
A,runtime-auto,final-runtime-auto-block3-6-A,3,runtime,0,1181880,1982464,1504,4587520,72834,0,90580,released_0,16404480,51943232,True,0,1,1,36,4096,1,25456,339,,,,4128,0
A,runtime-auto,final-runtime-auto-block3-6-A,3,runtime,167268,1277800,2056192,1794,3088384,81290,36,90580,retained_1,91774976,58100648,True,36,0,36,36,4096,36,6157416,8456,,,,4128,36
A,runtime-auto,final-runtime-auto-block3-6-A,3,runtime,0,1187184,1933312,1509,4792320,81627,0,90580,released_1,15753216,58125784,True,0,1,1,36,4096,1,25136,337,,,,4128,0
A,runtime-auto,final-runtime-auto-block3-6-A,3,runtime,167268,1280984,2113536,1800,3219456,90085,36,90580,retained_2,91639808,64281272,True,36,0,36,36,4096,36,6155488,8458,,,,4128,36
A,runtime-auto,final-runtime-auto-block3-6-A,3,runtime,0,1190528,1982464,1515,4136960,90424,0,90580,released_2,16683008,64306600,True,0,1,1,36,4096,1,25328,339,,,,4128,0
A,runtime-auto,final-runtime-auto-block3-6-A,3,runtime,0,260976,811008,631,5644288,90510,0,90580,runtime_released,15364096,64312728,True,0,1,1,36,4096,1,6128,86,,,,4128,0
