revision,cohort,process,block,benchmark,iterations,ns/op,B/op,allocs/op,code-B,calls/batch
A,timing,final-timing-block1-1-A,1,BenchmarkSharingNative/small,28830,8982.0,8248.0,21.0,,
A,timing,final-timing-block1-1-A,1,BenchmarkSharingNative/pressure,10000,25133.0,19488.0,18.0,,
A,timing,final-timing-block1-1-A,1,BenchmarkSharingNative/join,24574,9644.0,10152.0,26.0,,
A,timing,final-timing-block1-1-A,1,BenchmarkSharingNative/large,1117,190542.0,228544.0,24.0,,
A,timing,final-timing-block1-1-A,1,BenchmarkSharingNative/deep,17512,12714.0,11504.0,22.0,,
A,timing,final-timing-block1-1-A,1,BenchmarkSharingNative/locals,7032,32881.0,29192.0,21.0,,
A,timing,final-timing-block1-1-A,1,BenchmarkSharingNative/many,450,537911.0,50600.0,24.0,,
A,timing,final-timing-block1-1-A,1,BenchmarkSharingNative/large_then_small,302,782098.0,275320.0,30.0,,
A,timing,final-timing-block1-1-A,1,BenchmarkSharingNative/fallback,26554,8708.0,8248.0,21.0,,
A,timing,final-timing-block1-1-A,1,BenchmarkSharingFull/small,24123,9594.0,15776.0,74.0,,
A,timing,final-timing-block1-1-A,1,BenchmarkSharingFull/pressure,8446,32580.0,31449.0,75.0,,
A,timing,final-timing-block1-1-A,1,BenchmarkSharingFull/join,21235,11308.0,17688.0,80.0,,
A,timing,final-timing-block1-1-A,1,BenchmarkSharingFull/large,885,263601.0,315927.0,87.0,,
A,timing,final-timing-block1-1-A,1,BenchmarkSharingFull/deep,14468,16659.0,24961.0,83.0,,
A,timing,final-timing-block1-1-A,1,BenchmarkSharingFull/locals,4892,44676.0,41242.0,73.0,,
A,timing,final-timing-block1-1-A,1,BenchmarkSharingFull/many,310,781279.0,243900.0,588.0,,
A,timing,final-timing-block1-1-A,1,BenchmarkSharingFull/large_then_small,222,1085713.0,514235.0,595.0,,
A,timing,final-timing-block1-1-A,1,BenchmarkSharingFull/fallback,24402,9742.0,15776.0,74.0,,
A,timing,final-timing-block1-1-A,1,BenchmarkSharingExec/small,15361186,15.5,0.0,0.0,,
A,timing,final-timing-block1-1-A,1,BenchmarkSharingExec/pressure,5130382,47.01,0.0,0.0,,
A,timing,final-timing-block1-1-A,1,BenchmarkSharingExec/join,15444618,15.68,0.0,0.0,,
A,timing,final-timing-block1-1-A,1,BenchmarkSharingExec/large,994629,240.9,0.0,0.0,,
A,timing,final-timing-block1-1-A,1,BenchmarkSharingExec/deep,15732073,15.44,0.0,0.0,,
A,timing,final-timing-block1-1-A,1,BenchmarkSharingExec/locals,2959849,82.82,0.0,0.0,,
A,timing,final-timing-block1-1-A,1,BenchmarkSharingExec/many,15399668,15.37,0.0,0.0,,
A,timing,final-timing-block1-1-A,1,BenchmarkSharingExec/large_then_small,1000000,234.8,0.0,0.0,,
A,timing,final-timing-block1-1-A,1,BenchmarkSharingExec/fallback,15496591,15.86,0.0,0.0,,
A,timing,final-timing-block1-1-A,1,BenchmarkSharingZeroLocals/1,24465,10173.0,8216.0,20.0,,
A,timing,final-timing-block1-1-A,1,BenchmarkSharingZeroLocals/8,22114,10407.0,8360.0,22.0,,
A,timing,final-timing-block1-1-A,1,BenchmarkSharingZeroLocals/64,19159,11784.0,9064.0,19.0,,
A,timing,final-timing-block1-1-A,1,BenchmarkSharingZeroLocals/256,15187,15725.0,14569.0,16.0,,
A,timing,final-timing-block1-1-A,1,BenchmarkCompile/tiny,20394,11808.0,8344.0,22.0,,
A,timing,final-timing-block1-1-A,1,BenchmarkCompile/fib_rec,11306,20556.0,26792.0,50.0,,
A,timing,final-timing-block1-1-A,1,BenchmarkCompile/many_funcs,566,382089.0,69272.0,31.0,,
A,timing,final-timing-block1-1-A,1,BenchmarkCompile/json-as,204,1155814.0,134624.0,125.0,,
A,timing,final-timing-block1-1-A,1,BenchmarkCompile/xxhash,2340,104093.0,65720.0,58.0,,
A,timing,final-timing-block1-1-A,1,BenchmarkCompileFull/tiny,16038,15368.0,18416.0,91.0,96.0,
A,timing,final-timing-block1-1-A,1,BenchmarkCompileFull/fib_rec,10000,21975.0,35497.0,107.0,320.0,
A,timing,final-timing-block1-1-A,1,BenchmarkCompileFull/many_funcs,469,507303.0,179337.0,85.0,7771.0,
A,timing,final-timing-block1-1-A,1,BenchmarkCompileFull/json-as,146,1736994.0,309674.0,399.0,67398.0,
A,timing,final-timing-block1-1-A,1,BenchmarkCompileFull/xxhash,1754,131722.0,107228.0,146.0,3301.0,
A,timing,final-timing-block1-1-A,1,BenchmarkExec/tiny.add,121,15.09,,,,135821.0
A,timing,final-timing-block1-1-A,1,BenchmarkExec/fib_rec.fib,116,670811.0,,,,3.0
A,timing,final-timing-block1-1-A,1,BenchmarkExec/many_funcs.run,100,15.14,,,,135658.0
A,timing,final-timing-block1-1-A,1,BenchmarkExec/json-as.serializeN,100,21588.0,,,,94.0
A,timing,final-timing-block1-1-A,1,BenchmarkExec/json-as.deserializeN,97,41055.0,,,,62.0
A,timing,final-timing-block1-1-A,1,BenchmarkExec/xxhash.xxhash_run,133,120144.0,,,,17.0
C,timing,final-timing-block1-2-C,1,BenchmarkSharingNative/small,30266,8389.0,7536.0,20.0,,
C,timing,final-timing-block1-2-C,1,BenchmarkSharingNative/pressure,13088,18697.0,10072.0,23.0,,
C,timing,final-timing-block1-2-C,1,BenchmarkSharingNative/join,26914,9088.0,7936.0,21.0,,
C,timing,final-timing-block1-2-C,1,BenchmarkSharingNative/large,1806,124385.0,9416.0,18.0,,
C,timing,final-timing-block1-2-C,1,BenchmarkSharingNative/deep,26122,9693.0,8496.0,21.0,,
C,timing,final-timing-block1-2-C,1,BenchmarkSharingNative/locals,12987,18048.0,14160.0,22.0,,
C,timing,final-timing-block1-2-C,1,BenchmarkSharingNative/many,481,523574.0,49888.0,23.0,,
C,timing,final-timing-block1-2-C,1,BenchmarkSharingNative/large_then_small,376,643381.0,56192.0,24.0,,
C,timing,final-timing-block1-2-C,1,BenchmarkSharingNative/fallback,25417,10452.0,8504.0,21.0,,
C,timing,final-timing-block1-2-C,1,BenchmarkSharingFull/small,25317,9180.0,15064.0,73.0,,
C,timing,final-timing-block1-2-C,1,BenchmarkSharingFull/pressure,10000,24986.0,22033.0,80.0,,
C,timing,final-timing-block1-2-C,1,BenchmarkSharingFull/join,23610,10179.0,15472.0,75.0,,
C,timing,final-timing-block1-2-C,1,BenchmarkSharingFull/large,1003,233933.0,95524.0,81.0,,
C,timing,final-timing-block1-2-C,1,BenchmarkSharingFull/deep,19346,12575.0,21953.0,82.0,,
C,timing,final-timing-block1-2-C,1,BenchmarkSharingFull/locals,8162,29874.0,26217.0,74.0,,
C,timing,final-timing-block1-2-C,1,BenchmarkSharingFull/many,322,726986.0,243188.0,587.0,,
C,timing,final-timing-block1-2-C,1,BenchmarkSharingFull/large_then_small,248,953470.0,295103.0,589.0,,
C,timing,final-timing-block1-2-C,1,BenchmarkSharingFull/fallback,24705,9415.0,16032.0,74.0,,
C,timing,final-timing-block1-2-C,1,BenchmarkSharingExec/small,15522687,15.29,0.0,0.0,,
C,timing,final-timing-block1-2-C,1,BenchmarkSharingExec/pressure,5346576,45.42,0.0,0.0,,
C,timing,final-timing-block1-2-C,1,BenchmarkSharingExec/join,15306876,15.68,0.0,0.0,,
C,timing,final-timing-block1-2-C,1,BenchmarkSharingExec/large,992103,238.0,0.0,0.0,,
C,timing,final-timing-block1-2-C,1,BenchmarkSharingExec/deep,16025146,15.31,0.0,0.0,,
C,timing,final-timing-block1-2-C,1,BenchmarkSharingExec/locals,6101398,39.73,0.0,0.0,,
C,timing,final-timing-block1-2-C,1,BenchmarkSharingExec/many,15727430,15.41,0.0,0.0,,
C,timing,final-timing-block1-2-C,1,BenchmarkSharingExec/large_then_small,1000000,234.3,0.0,0.0,,
C,timing,final-timing-block1-2-C,1,BenchmarkSharingExec/fallback,15688363,15.69,0.0,0.0,,
C,timing,final-timing-block1-2-C,1,BenchmarkSharingZeroLocals/1,29216,8221.0,7416.0,20.0,,
C,timing,final-timing-block1-2-C,1,BenchmarkSharingZeroLocals/8,27696,8303.0,7544.0,20.0,,
C,timing,final-timing-block1-2-C,1,BenchmarkSharingZeroLocals/64,26605,9190.0,8520.0,17.0,,
C,timing,final-timing-block1-2-C,1,BenchmarkSharingZeroLocals/256,21724,11107.0,11976.0,17.0,,
C,timing,final-timing-block1-2-C,1,BenchmarkCompile/tiny,23551,10313.0,8672.0,24.0,,
C,timing,final-timing-block1-2-C,1,BenchmarkCompile/fib_rec,12559,18797.0,27048.0,50.0,,
C,timing,final-timing-block1-2-C,1,BenchmarkCompile/many_funcs,661,372894.0,69680.0,35.0,,
C,timing,final-timing-block1-2-C,1,BenchmarkCompile/json-as,212,1139128.0,134880.0,125.0,,
C,timing,final-timing-block1-2-C,1,BenchmarkCompile/xxhash,2356,104160.0,65976.0,58.0,,
C,timing,final-timing-block1-2-C,1,BenchmarkCompileFull/tiny,16701,14795.0,18752.0,93.0,96.0,
C,timing,final-timing-block1-2-C,1,BenchmarkCompileFull/fib_rec,10000,22204.0,35753.0,107.0,320.0,
C,timing,final-timing-block1-2-C,1,BenchmarkCompileFull/many_funcs,495,479701.0,179745.0,89.0,8363.0,
C,timing,final-timing-block1-2-C,1,BenchmarkCompileFull/json-as,144,1643958.0,309930.0,399.0,67398.0,
C,timing,final-timing-block1-2-C,1,BenchmarkCompileFull/xxhash,1608,131295.0,107500.0,146.0,3301.0,
C,timing,final-timing-block1-2-C,1,BenchmarkExec/tiny.add,100,14.85,,,,135265.0
C,timing,final-timing-block1-2-C,1,BenchmarkExec/fib_rec.fib,118,663613.0,,,,4.0
C,timing,final-timing-block1-2-C,1,BenchmarkExec/many_funcs.run,142,14.96,,,,135639.0
C,timing,final-timing-block1-2-C,1,BenchmarkExec/json-as.serializeN,100,21554.0,,,,97.0
C,timing,final-timing-block1-2-C,1,BenchmarkExec/json-as.deserializeN,100,40281.0,,,,52.0
C,timing,final-timing-block1-2-C,1,BenchmarkExec/xxhash.xxhash_run,100,120855.0,,,,18.0
R,timing,final-timing-block1-3-R,1,BenchmarkSharingNative/small,29988,8486.0,7536.0,20.0,,
R,timing,final-timing-block1-3-R,1,BenchmarkSharingNative/pressure,13048,17841.0,10072.0,23.0,,
R,timing,final-timing-block1-3-R,1,BenchmarkSharingNative/join,27174,9268.0,7936.0,21.0,,
R,timing,final-timing-block1-3-R,1,BenchmarkSharingNative/large,1998,127254.0,9416.0,18.0,,
R,timing,final-timing-block1-3-R,1,BenchmarkSharingNative/deep,26014,8992.0,8496.0,21.0,,
R,timing,final-timing-block1-3-R,1,BenchmarkSharingNative/locals,12849,18123.0,14160.0,22.0,,
R,timing,final-timing-block1-3-R,1,BenchmarkSharingNative/many,446,527622.0,49888.0,23.0,,
R,timing,final-timing-block1-3-R,1,BenchmarkSharingNative/large_then_small,386,629511.0,56192.0,24.0,,
R,timing,final-timing-block1-3-R,1,BenchmarkSharingNative/fallback,26259,9002.0,8504.0,21.0,,
R,timing,final-timing-block1-3-R,1,BenchmarkSharingFull/small,25934,8866.0,15064.0,73.0,,
R,timing,final-timing-block1-3-R,1,BenchmarkSharingFull/pressure,8409,24870.0,22033.0,80.0,,
R,timing,final-timing-block1-3-R,1,BenchmarkSharingFull/join,24226,10310.0,15472.0,75.0,,
R,timing,final-timing-block1-3-R,1,BenchmarkSharingFull/large,984,241099.0,95524.0,81.0,,
R,timing,final-timing-block1-3-R,1,BenchmarkSharingFull/deep,19543,12249.0,21953.0,82.0,,
R,timing,final-timing-block1-3-R,1,BenchmarkSharingFull/locals,7038,30053.0,26217.0,74.0,,
R,timing,final-timing-block1-3-R,1,BenchmarkSharingFull/many,328,752912.0,243187.0,587.0,,
R,timing,final-timing-block1-3-R,1,BenchmarkSharingFull/large_then_small,247,949825.0,295103.0,589.0,,
R,timing,final-timing-block1-3-R,1,BenchmarkSharingFull/fallback,24939,9177.0,16032.0,74.0,,
R,timing,final-timing-block1-3-R,1,BenchmarkSharingExec/small,15533484,15.57,0.0,0.0,,
R,timing,final-timing-block1-3-R,1,BenchmarkSharingExec/pressure,5280398,50.64,0.0,0.0,,
R,timing,final-timing-block1-3-R,1,BenchmarkSharingExec/join,15367300,15.6,0.0,0.0,,
R,timing,final-timing-block1-3-R,1,BenchmarkSharingExec/large,998851,237.1,0.0,0.0,,
R,timing,final-timing-block1-3-R,1,BenchmarkSharingExec/deep,15988886,15.38,0.0,0.0,,
R,timing,final-timing-block1-3-R,1,BenchmarkSharingExec/locals,6095722,39.34,0.0,0.0,,
R,timing,final-timing-block1-3-R,1,BenchmarkSharingExec/many,15768061,15.33,0.0,0.0,,
R,timing,final-timing-block1-3-R,1,BenchmarkSharingExec/large_then_small,971503,245.4,0.0,0.0,,
R,timing,final-timing-block1-3-R,1,BenchmarkSharingExec/fallback,15373689,15.51,0.0,0.0,,
R,timing,final-timing-block1-3-R,1,BenchmarkSharingZeroLocals/1,25726,9634.0,7416.0,20.0,,
R,timing,final-timing-block1-3-R,1,BenchmarkSharingZeroLocals/8,23943,9575.0,7544.0,20.0,,
R,timing,final-timing-block1-3-R,1,BenchmarkSharingZeroLocals/64,22249,10336.0,8520.0,17.0,,
R,timing,final-timing-block1-3-R,1,BenchmarkSharingZeroLocals/256,19156,12787.0,11976.0,17.0,,
R,timing,final-timing-block1-3-R,1,BenchmarkCompile/tiny,21303,11358.0,8672.0,24.0,,
R,timing,final-timing-block1-3-R,1,BenchmarkCompile/fib_rec,10000,21144.0,27048.0,50.0,,
R,timing,final-timing-block1-3-R,1,BenchmarkCompile/many_funcs,621,367878.0,69680.0,35.0,,
R,timing,final-timing-block1-3-R,1,BenchmarkCompile/json-as,207,1100665.0,134880.0,125.0,,
R,timing,final-timing-block1-3-R,1,BenchmarkCompile/xxhash,1969,105828.0,65976.0,58.0,,
R,timing,final-timing-block1-3-R,1,BenchmarkCompileFull/tiny,16639,14167.0,18752.0,93.0,96.0,
R,timing,final-timing-block1-3-R,1,BenchmarkCompileFull/fib_rec,11364,21702.0,35753.0,107.0,320.0,
R,timing,final-timing-block1-3-R,1,BenchmarkCompileFull/many_funcs,486,498000.0,179745.0,89.0,8363.0,
R,timing,final-timing-block1-3-R,1,BenchmarkCompileFull/json-as,144,1666406.0,309930.0,399.0,67398.0,
R,timing,final-timing-block1-3-R,1,BenchmarkCompileFull/xxhash,1664,129354.0,107500.0,146.0,3301.0,
R,timing,final-timing-block1-3-R,1,BenchmarkExec/tiny.add,100,15.04,,,,134612.0
R,timing,final-timing-block1-3-R,1,BenchmarkExec/fib_rec.fib,90,662144.0,,,,4.0
R,timing,final-timing-block1-3-R,1,BenchmarkExec/many_funcs.run,100,15.24,,,,134698.0
R,timing,final-timing-block1-3-R,1,BenchmarkExec/json-as.serializeN,100,21349.0,,,,96.0
R,timing,final-timing-block1-3-R,1,BenchmarkExec/json-as.deserializeN,100,41208.0,,,,57.0
R,timing,final-timing-block1-3-R,1,BenchmarkExec/xxhash.xxhash_run,132,120899.0,,,,17.0
R,timing,final-timing-block1-4-R,1,BenchmarkSharingNative/small,29667,8212.0,7536.0,20.0,,
R,timing,final-timing-block1-4-R,1,BenchmarkSharingNative/pressure,13234,18734.0,10072.0,23.0,,
R,timing,final-timing-block1-4-R,1,BenchmarkSharingNative/join,26281,8884.0,7936.0,21.0,,
R,timing,final-timing-block1-4-R,1,BenchmarkSharingNative/large,1850,123547.0,9416.0,18.0,,
R,timing,final-timing-block1-4-R,1,BenchmarkSharingNative/deep,26404,9698.0,8496.0,21.0,,
R,timing,final-timing-block1-4-R,1,BenchmarkSharingNative/locals,12928,17684.0,14160.0,22.0,,
R,timing,final-timing-block1-4-R,1,BenchmarkSharingNative/many,464,527565.0,49888.0,23.0,,
R,timing,final-timing-block1-4-R,1,BenchmarkSharingNative/large_then_small,392,653218.0,56192.0,24.0,,
R,timing,final-timing-block1-4-R,1,BenchmarkSharingNative/fallback,27747,8947.0,8504.0,21.0,,
R,timing,final-timing-block1-4-R,1,BenchmarkSharingFull/small,26204,8847.0,15064.0,73.0,,
R,timing,final-timing-block1-4-R,1,BenchmarkSharingFull/pressure,9990,24915.0,22033.0,80.0,,
R,timing,final-timing-block1-4-R,1,BenchmarkSharingFull/join,24116,10016.0,15472.0,75.0,,
R,timing,final-timing-block1-4-R,1,BenchmarkSharingFull/large,985,237703.0,95524.0,81.0,,
R,timing,final-timing-block1-4-R,1,BenchmarkSharingFull/deep,19140,12442.0,21953.0,82.0,,
R,timing,final-timing-block1-4-R,1,BenchmarkSharingFull/locals,8138,29983.0,26217.0,74.0,,
R,timing,final-timing-block1-4-R,1,BenchmarkSharingFull/many,327,727928.0,243187.0,587.0,,
R,timing,final-timing-block1-4-R,1,BenchmarkSharingFull/large_then_small,248,952257.0,295103.0,589.0,,
R,timing,final-timing-block1-4-R,1,BenchmarkSharingFull/fallback,24870,9308.0,16032.0,74.0,,
R,timing,final-timing-block1-4-R,1,BenchmarkSharingExec/small,15483072,15.3,0.0,0.0,,
R,timing,final-timing-block1-4-R,1,BenchmarkSharingExec/pressure,5351811,44.98,0.0,0.0,,
R,timing,final-timing-block1-4-R,1,BenchmarkSharingExec/join,15428066,15.99,0.0,0.0,,
R,timing,final-timing-block1-4-R,1,BenchmarkSharingExec/large,972429,237.7,0.0,0.0,,
R,timing,final-timing-block1-4-R,1,BenchmarkSharingExec/deep,15873188,15.24,0.0,0.0,,
R,timing,final-timing-block1-4-R,1,BenchmarkSharingExec/locals,6123183,39.63,0.0,0.0,,
R,timing,final-timing-block1-4-R,1,BenchmarkSharingExec/many,15637365,15.46,0.0,0.0,,
R,timing,final-timing-block1-4-R,1,BenchmarkSharingExec/large_then_small,998629,236.9,0.0,0.0,,
R,timing,final-timing-block1-4-R,1,BenchmarkSharingExec/fallback,15467035,15.61,0.0,0.0,,
R,timing,final-timing-block1-4-R,1,BenchmarkSharingZeroLocals/1,30490,8518.0,7416.0,20.0,,
R,timing,final-timing-block1-4-R,1,BenchmarkSharingZeroLocals/8,26875,8327.0,7544.0,20.0,,
R,timing,final-timing-block1-4-R,1,BenchmarkSharingZeroLocals/64,25876,8970.0,8520.0,17.0,,
R,timing,final-timing-block1-4-R,1,BenchmarkSharingZeroLocals/256,20580,11083.0,11976.0,17.0,,
R,timing,final-timing-block1-4-R,1,BenchmarkCompile/tiny,21250,10074.0,8672.0,24.0,,
R,timing,final-timing-block1-4-R,1,BenchmarkCompile/fib_rec,12888,18485.0,27048.0,50.0,,
R,timing,final-timing-block1-4-R,1,BenchmarkCompile/many_funcs,646,375775.0,69680.0,35.0,,
R,timing,final-timing-block1-4-R,1,BenchmarkCompile/json-as,206,1100498.0,134880.0,125.0,,
R,timing,final-timing-block1-4-R,1,BenchmarkCompile/xxhash,2619,103896.0,65976.0,58.0,,
R,timing,final-timing-block1-4-R,1,BenchmarkCompileFull/tiny,16363,14437.0,18752.0,93.0,96.0,
R,timing,final-timing-block1-4-R,1,BenchmarkCompileFull/fib_rec,9637,21431.0,35753.0,107.0,320.0,
R,timing,final-timing-block1-4-R,1,BenchmarkCompileFull/many_funcs,490,485076.0,179745.0,89.0,8363.0,
R,timing,final-timing-block1-4-R,1,BenchmarkCompileFull/json-as,146,1653326.0,309930.0,399.0,67398.0,
R,timing,final-timing-block1-4-R,1,BenchmarkCompileFull/xxhash,1707,132802.0,107500.0,146.0,3301.0,
R,timing,final-timing-block1-4-R,1,BenchmarkExec/tiny.add,100,14.78,,,,136083.0
R,timing,final-timing-block1-4-R,1,BenchmarkExec/fib_rec.fib,88,672539.0,,,,4.0
R,timing,final-timing-block1-4-R,1,BenchmarkExec/many_funcs.run,100,14.79,,,,135436.0
R,timing,final-timing-block1-4-R,1,BenchmarkExec/json-as.serializeN,100,21652.0,,,,100.0
R,timing,final-timing-block1-4-R,1,BenchmarkExec/json-as.deserializeN,100,40101.0,,,,60.0
R,timing,final-timing-block1-4-R,1,BenchmarkExec/xxhash.xxhash_run,123,118609.0,,,,17.0
C,timing,final-timing-block1-5-C,1,BenchmarkSharingNative/small,29493,8556.0,7536.0,20.0,,
C,timing,final-timing-block1-5-C,1,BenchmarkSharingNative/pressure,12906,17904.0,10072.0,23.0,,
C,timing,final-timing-block1-5-C,1,BenchmarkSharingNative/join,27189,8730.0,7936.0,21.0,,
C,timing,final-timing-block1-5-C,1,BenchmarkSharingNative/large,1764,128274.0,9416.0,18.0,,
C,timing,final-timing-block1-5-C,1,BenchmarkSharingNative/deep,25994,9375.0,8496.0,21.0,,
C,timing,final-timing-block1-5-C,1,BenchmarkSharingNative/locals,13195,17757.0,14160.0,22.0,,
C,timing,final-timing-block1-5-C,1,BenchmarkSharingNative/many,460,529637.0,49888.0,23.0,,
C,timing,final-timing-block1-5-C,1,BenchmarkSharingNative/large_then_small,375,643217.0,56192.0,24.0,,
C,timing,final-timing-block1-5-C,1,BenchmarkSharingNative/fallback,27633,8556.0,8504.0,21.0,,
C,timing,final-timing-block1-5-C,1,BenchmarkSharingFull/small,25608,9389.0,15064.0,73.0,,
C,timing,final-timing-block1-5-C,1,BenchmarkSharingFull/pressure,9158,25413.0,22033.0,80.0,,
C,timing,final-timing-block1-5-C,1,BenchmarkSharingFull/join,23337,10875.0,15472.0,75.0,,
C,timing,final-timing-block1-5-C,1,BenchmarkSharingFull/large,1022,236897.0,95524.0,81.0,,
C,timing,final-timing-block1-5-C,1,BenchmarkSharingFull/deep,18970,12718.0,21953.0,82.0,,
C,timing,final-timing-block1-5-C,1,BenchmarkSharingFull/locals,7964,29376.0,26217.0,74.0,,
C,timing,final-timing-block1-5-C,1,BenchmarkSharingFull/many,322,723401.0,243187.0,587.0,,
C,timing,final-timing-block1-5-C,1,BenchmarkSharingFull/large_then_small,241,978815.0,295103.0,589.0,,
C,timing,final-timing-block1-5-C,1,BenchmarkSharingFull/fallback,25258,9434.0,16032.0,74.0,,
C,timing,final-timing-block1-5-C,1,BenchmarkSharingExec/small,15508640,15.28,0.0,0.0,,
C,timing,final-timing-block1-5-C,1,BenchmarkSharingExec/pressure,5344359,45.69,0.0,0.0,,
C,timing,final-timing-block1-5-C,1,BenchmarkSharingExec/join,15417321,15.59,0.0,0.0,,
C,timing,final-timing-block1-5-C,1,BenchmarkSharingExec/large,990180,233.1,0.0,0.0,,
C,timing,final-timing-block1-5-C,1,BenchmarkSharingExec/deep,15839275,15.26,0.0,0.0,,
C,timing,final-timing-block1-5-C,1,BenchmarkSharingExec/locals,5610016,39.72,0.0,0.0,,
C,timing,final-timing-block1-5-C,1,BenchmarkSharingExec/many,15883814,15.23,0.0,0.0,,
C,timing,final-timing-block1-5-C,1,BenchmarkSharingExec/large_then_small,1000000,239.8,0.0,0.0,,
C,timing,final-timing-block1-5-C,1,BenchmarkSharingExec/fallback,15938029,15.6,0.0,0.0,,
C,timing,final-timing-block1-5-C,1,BenchmarkSharingZeroLocals/1,24304,9908.0,7416.0,20.0,,
C,timing,final-timing-block1-5-C,1,BenchmarkSharingZeroLocals/8,24372,9558.0,7544.0,20.0,,
C,timing,final-timing-block1-5-C,1,BenchmarkSharingZeroLocals/64,23574,10076.0,8520.0,17.0,,
C,timing,final-timing-block1-5-C,1,BenchmarkSharingZeroLocals/256,17706,12529.0,11976.0,17.0,,
C,timing,final-timing-block1-5-C,1,BenchmarkCompile/tiny,20546,11658.0,8672.0,24.0,,
C,timing,final-timing-block1-5-C,1,BenchmarkCompile/fib_rec,10000,20694.0,27048.0,50.0,,
C,timing,final-timing-block1-5-C,1,BenchmarkCompile/many_funcs,559,376454.0,69680.0,35.0,,
C,timing,final-timing-block1-5-C,1,BenchmarkCompile/json-as,204,1122882.0,134880.0,125.0,,
C,timing,final-timing-block1-5-C,1,BenchmarkCompile/xxhash,2322,106583.0,65976.0,58.0,,
C,timing,final-timing-block1-5-C,1,BenchmarkCompileFull/tiny,16320,14702.0,18752.0,93.0,96.0,
C,timing,final-timing-block1-5-C,1,BenchmarkCompileFull/fib_rec,10000,21705.0,35753.0,107.0,320.0,
C,timing,final-timing-block1-5-C,1,BenchmarkCompileFull/many_funcs,475,492245.0,179745.0,89.0,8363.0,
C,timing,final-timing-block1-5-C,1,BenchmarkCompileFull/json-as,140,1706364.0,309929.0,399.0,67398.0,
C,timing,final-timing-block1-5-C,1,BenchmarkCompileFull/xxhash,1630,130983.0,107500.0,146.0,3301.0,
C,timing,final-timing-block1-5-C,1,BenchmarkExec/tiny.add,121,14.92,,,,136026.0
C,timing,final-timing-block1-5-C,1,BenchmarkExec/fib_rec.fib,88,671211.0,,,,4.0
C,timing,final-timing-block1-5-C,1,BenchmarkExec/many_funcs.run,100,14.81,,,,136924.0
C,timing,final-timing-block1-5-C,1,BenchmarkExec/json-as.serializeN,100,21342.0,,,,99.0
C,timing,final-timing-block1-5-C,1,BenchmarkExec/json-as.deserializeN,114,40191.0,,,,69.0
C,timing,final-timing-block1-5-C,1,BenchmarkExec/xxhash.xxhash_run,100,120905.0,,,,18.0
A,timing,final-timing-block1-6-A,1,BenchmarkSharingNative/small,27637,8782.0,8248.0,21.0,,
A,timing,final-timing-block1-6-A,1,BenchmarkSharingNative/pressure,10000,24964.0,19488.0,18.0,,
A,timing,final-timing-block1-6-A,1,BenchmarkSharingNative/join,23838,10192.0,10152.0,26.0,,
A,timing,final-timing-block1-6-A,1,BenchmarkSharingNative/large,1158,188903.0,228544.0,24.0,,
A,timing,final-timing-block1-6-A,1,BenchmarkSharingNative/deep,19297,12988.0,11504.0,22.0,,
A,timing,final-timing-block1-6-A,1,BenchmarkSharingNative/locals,7010,32888.0,29192.0,21.0,,
A,timing,final-timing-block1-6-A,1,BenchmarkSharingNative/many,432,560351.0,50600.0,24.0,,
A,timing,final-timing-block1-6-A,1,BenchmarkSharingNative/large_then_small,313,772519.0,275320.0,30.0,,
A,timing,final-timing-block1-6-A,1,BenchmarkSharingNative/fallback,28006,8850.0,8248.0,21.0,,
A,timing,final-timing-block1-6-A,1,BenchmarkSharingFull/small,23940,9290.0,15776.0,74.0,,
A,timing,final-timing-block1-6-A,1,BenchmarkSharingFull/pressure,7785,31533.0,31449.0,75.0,,
A,timing,final-timing-block1-6-A,1,BenchmarkSharingFull/join,21830,10772.0,17688.0,80.0,,
A,timing,final-timing-block1-6-A,1,BenchmarkSharingFull/large,888,266993.0,315927.0,87.0,,
A,timing,final-timing-block1-6-A,1,BenchmarkSharingFull/deep,15468,16125.0,24961.0,83.0,,
A,timing,final-timing-block1-6-A,1,BenchmarkSharingFull/locals,4825,43177.0,41242.0,73.0,,
A,timing,final-timing-block1-6-A,1,BenchmarkSharingFull/many,310,777098.0,243900.0,588.0,,
A,timing,final-timing-block1-6-A,1,BenchmarkSharingFull/large_then_small,217,1072282.0,514235.0,595.0,,
A,timing,final-timing-block1-6-A,1,BenchmarkSharingFull/fallback,25737,9288.0,15776.0,74.0,,
A,timing,final-timing-block1-6-A,1,BenchmarkSharingExec/small,15559537,15.45,0.0,0.0,,
A,timing,final-timing-block1-6-A,1,BenchmarkSharingExec/pressure,5051551,47.82,0.0,0.0,,
A,timing,final-timing-block1-6-A,1,BenchmarkSharingExec/join,15039483,15.32,0.0,0.0,,
A,timing,final-timing-block1-6-A,1,BenchmarkSharingExec/large,1000000,235.0,0.0,0.0,,
A,timing,final-timing-block1-6-A,1,BenchmarkSharingExec/deep,15873457,15.41,0.0,0.0,,
A,timing,final-timing-block1-6-A,1,BenchmarkSharingExec/locals,2808505,81.98,0.0,0.0,,
A,timing,final-timing-block1-6-A,1,BenchmarkSharingExec/many,15805266,15.28,0.0,0.0,,
A,timing,final-timing-block1-6-A,1,BenchmarkSharingExec/large_then_small,1000000,232.7,0.0,0.0,,
A,timing,final-timing-block1-6-A,1,BenchmarkSharingExec/fallback,15551467,15.89,0.0,0.0,,
A,timing,final-timing-block1-6-A,1,BenchmarkSharingZeroLocals/1,28459,8603.0,8216.0,20.0,,
A,timing,final-timing-block1-6-A,1,BenchmarkSharingZeroLocals/8,27960,8719.0,8360.0,22.0,,
A,timing,final-timing-block1-6-A,1,BenchmarkSharingZeroLocals/64,23088,10914.0,9064.0,19.0,,
A,timing,final-timing-block1-6-A,1,BenchmarkSharingZeroLocals/256,17487,13751.0,14569.0,16.0,,
A,timing,final-timing-block1-6-A,1,BenchmarkCompile/tiny,24307,9772.0,8344.0,22.0,,
A,timing,final-timing-block1-6-A,1,BenchmarkCompile/fib_rec,12368,19588.0,26792.0,50.0,,
A,timing,final-timing-block1-6-A,1,BenchmarkCompile/many_funcs,612,379161.0,69272.0,31.0,,
A,timing,final-timing-block1-6-A,1,BenchmarkCompile/json-as,212,1108565.0,134624.0,125.0,,
A,timing,final-timing-block1-6-A,1,BenchmarkCompile/xxhash,2332,107189.0,65720.0,58.0,,
A,timing,final-timing-block1-6-A,1,BenchmarkCompileFull/tiny,17001,13895.0,18416.0,91.0,96.0,
A,timing,final-timing-block1-6-A,1,BenchmarkCompileFull/fib_rec,10000,21460.0,35497.0,107.0,320.0,
A,timing,final-timing-block1-6-A,1,BenchmarkCompileFull/many_funcs,470,509674.0,179337.0,85.0,7771.0,
A,timing,final-timing-block1-6-A,1,BenchmarkCompileFull/json-as,145,1617800.0,309674.0,399.0,67398.0,
A,timing,final-timing-block1-6-A,1,BenchmarkCompileFull/xxhash,1714,129167.0,107228.0,146.0,3301.0,
A,timing,final-timing-block1-6-A,1,BenchmarkExec/tiny.add,120,15.16,,,,137257.0
A,timing,final-timing-block1-6-A,1,BenchmarkExec/fib_rec.fib,90,674176.0,,,,4.0
A,timing,final-timing-block1-6-A,1,BenchmarkExec/many_funcs.run,100,14.72,,,,139413.0
A,timing,final-timing-block1-6-A,1,BenchmarkExec/json-as.serializeN,100,21517.0,,,,97.0
A,timing,final-timing-block1-6-A,1,BenchmarkExec/json-as.deserializeN,100,42083.0,,,,55.0
A,timing,final-timing-block1-6-A,1,BenchmarkExec/xxhash.xxhash_run,134,118238.0,,,,17.0
A,timing,final-timing-block2-1-A,2,BenchmarkSharingNative/small,29503,8565.0,8248.0,21.0,,
A,timing,final-timing-block2-1-A,2,BenchmarkSharingNative/pressure,10000,25504.0,19488.0,18.0,,
A,timing,final-timing-block2-1-A,2,BenchmarkSharingNative/join,24421,9838.0,10152.0,26.0,,
A,timing,final-timing-block2-1-A,2,BenchmarkSharingNative/large,1159,189845.0,228544.0,24.0,,
A,timing,final-timing-block2-1-A,2,BenchmarkSharingNative/deep,19771,13183.0,11504.0,22.0,,
A,timing,final-timing-block2-1-A,2,BenchmarkSharingNative/locals,6940,32194.0,29192.0,21.0,,
A,timing,final-timing-block2-1-A,2,BenchmarkSharingNative/many,456,539276.0,50600.0,24.0,,
A,timing,final-timing-block2-1-A,2,BenchmarkSharingNative/large_then_small,303,783677.0,275320.0,30.0,,
A,timing,final-timing-block2-1-A,2,BenchmarkSharingNative/fallback,26917,8543.0,8248.0,21.0,,
A,timing,final-timing-block2-1-A,2,BenchmarkSharingFull/small,25194,9511.0,15776.0,74.0,,
A,timing,final-timing-block2-1-A,2,BenchmarkSharingFull/pressure,7807,31386.0,31449.0,75.0,,
A,timing,final-timing-block2-1-A,2,BenchmarkSharingFull/join,22351,10908.0,17688.0,80.0,,
A,timing,final-timing-block2-1-A,2,BenchmarkSharingFull/large,913,256333.0,315927.0,87.0,,
A,timing,final-timing-block2-1-A,2,BenchmarkSharingFull/deep,15642,15820.0,24961.0,83.0,,
A,timing,final-timing-block2-1-A,2,BenchmarkSharingFull/locals,5326,43620.0,41242.0,73.0,,
A,timing,final-timing-block2-1-A,2,BenchmarkSharingFull/many,315,741898.0,243900.0,588.0,,
A,timing,final-timing-block2-1-A,2,BenchmarkSharingFull/large_then_small,228,1084513.0,514234.0,595.0,,
A,timing,final-timing-block2-1-A,2,BenchmarkSharingFull/fallback,25846,9321.0,15776.0,74.0,,
A,timing,final-timing-block2-1-A,2,BenchmarkSharingExec/small,16017021,15.22,0.0,0.0,,
A,timing,final-timing-block2-1-A,2,BenchmarkSharingExec/pressure,5146390,46.51,0.0,0.0,,
A,timing,final-timing-block2-1-A,2,BenchmarkSharingExec/join,15732260,15.44,0.0,0.0,,
A,timing,final-timing-block2-1-A,2,BenchmarkSharingExec/large,979675,232.1,0.0,0.0,,
A,timing,final-timing-block2-1-A,2,BenchmarkSharingExec/deep,16168491,15.22,0.0,0.0,,
A,timing,final-timing-block2-1-A,2,BenchmarkSharingExec/locals,3001905,81.63,0.0,0.0,,
A,timing,final-timing-block2-1-A,2,BenchmarkSharingExec/many,15812451,15.16,0.0,0.0,,
A,timing,final-timing-block2-1-A,2,BenchmarkSharingExec/large_then_small,1000000,240.1,0.0,0.0,,
A,timing,final-timing-block2-1-A,2,BenchmarkSharingExec/fallback,15923698,15.57,0.0,0.0,,
A,timing,final-timing-block2-1-A,2,BenchmarkSharingZeroLocals/1,29768,8663.0,8216.0,20.0,,
A,timing,final-timing-block2-1-A,2,BenchmarkSharingZeroLocals/8,27433,8911.0,8360.0,22.0,,
A,timing,final-timing-block2-1-A,2,BenchmarkSharingZeroLocals/64,23004,10497.0,9064.0,19.0,,
A,timing,final-timing-block2-1-A,2,BenchmarkSharingZeroLocals/256,17598,13954.0,14569.0,16.0,,
A,timing,final-timing-block2-1-A,2,BenchmarkCompile/tiny,22238,9753.0,8344.0,22.0,,
A,timing,final-timing-block2-1-A,2,BenchmarkCompile/fib_rec,12885,18435.0,26792.0,50.0,,
A,timing,final-timing-block2-1-A,2,BenchmarkCompile/many_funcs,565,379019.0,69272.0,31.0,,
A,timing,final-timing-block2-1-A,2,BenchmarkCompile/json-as,220,1079900.0,134624.0,125.0,,
A,timing,final-timing-block2-1-A,2,BenchmarkCompile/xxhash,2511,102506.0,65720.0,58.0,,
A,timing,final-timing-block2-1-A,2,BenchmarkCompileFull/tiny,16404,14379.0,18416.0,91.0,96.0,
A,timing,final-timing-block2-1-A,2,BenchmarkCompileFull/fib_rec,10000,21235.0,35497.0,107.0,320.0,
A,timing,final-timing-block2-1-A,2,BenchmarkCompileFull/many_funcs,475,505993.0,179337.0,85.0,7771.0,
A,timing,final-timing-block2-1-A,2,BenchmarkCompileFull/json-as,146,1669067.0,309674.0,399.0,67398.0,
A,timing,final-timing-block2-1-A,2,BenchmarkCompileFull/xxhash,1789,131592.0,107228.0,146.0,3301.0,
A,timing,final-timing-block2-1-A,2,BenchmarkExec/tiny.add,100,14.71,,,,136853.0
A,timing,final-timing-block2-1-A,2,BenchmarkExec/fib_rec.fib,88,659077.0,,,,4.0
A,timing,final-timing-block2-1-A,2,BenchmarkExec/many_funcs.run,100,14.94,,,,136674.0
A,timing,final-timing-block2-1-A,2,BenchmarkExec/json-as.serializeN,100,21142.0,,,,97.0
A,timing,final-timing-block2-1-A,2,BenchmarkExec/json-as.deserializeN,100,40502.0,,,,61.0
A,timing,final-timing-block2-1-A,2,BenchmarkExec/xxhash.xxhash_run,124,120689.0,,,,18.0
C,timing,final-timing-block2-2-C,2,BenchmarkSharingNative/small,29538,8583.0,7536.0,20.0,,
C,timing,final-timing-block2-2-C,2,BenchmarkSharingNative/pressure,13022,17734.0,10072.0,23.0,,
C,timing,final-timing-block2-2-C,2,BenchmarkSharingNative/join,26551,9192.0,7936.0,21.0,,
C,timing,final-timing-block2-2-C,2,BenchmarkSharingNative/large,1862,123550.0,9416.0,18.0,,
C,timing,final-timing-block2-2-C,2,BenchmarkSharingNative/deep,26420,9044.0,8496.0,21.0,,
C,timing,final-timing-block2-2-C,2,BenchmarkSharingNative/locals,12718,18329.0,14160.0,22.0,,
C,timing,final-timing-block2-2-C,2,BenchmarkSharingNative/many,450,532942.0,49888.0,23.0,,
C,timing,final-timing-block2-2-C,2,BenchmarkSharingNative/large_then_small,394,640005.0,56192.0,24.0,,
C,timing,final-timing-block2-2-C,2,BenchmarkSharingNative/fallback,28104,9158.0,8504.0,21.0,,
C,timing,final-timing-block2-2-C,2,BenchmarkSharingFull/small,25705,9093.0,15064.0,73.0,,
C,timing,final-timing-block2-2-C,2,BenchmarkSharingFull/pressure,10000,25509.0,22033.0,80.0,,
C,timing,final-timing-block2-2-C,2,BenchmarkSharingFull/join,23383,10354.0,15472.0,75.0,,
C,timing,final-timing-block2-2-C,2,BenchmarkSharingFull/large,1009,231283.0,95523.0,81.0,,
C,timing,final-timing-block2-2-C,2,BenchmarkSharingFull/deep,19202,12707.0,21953.0,82.0,,
C,timing,final-timing-block2-2-C,2,BenchmarkSharingFull/locals,7585,29964.0,26217.0,74.0,,
C,timing,final-timing-block2-2-C,2,BenchmarkSharingFull/many,324,736815.0,243188.0,587.0,,
C,timing,final-timing-block2-2-C,2,BenchmarkSharingFull/large_then_small,247,957813.0,295103.0,589.0,,
C,timing,final-timing-block2-2-C,2,BenchmarkSharingFull/fallback,25329,9507.0,16032.0,74.0,,
C,timing,final-timing-block2-2-C,2,BenchmarkSharingExec/small,13319540,15.38,0.0,0.0,,
C,timing,final-timing-block2-2-C,2,BenchmarkSharingExec/pressure,5311602,45.56,0.0,0.0,,
C,timing,final-timing-block2-2-C,2,BenchmarkSharingExec/join,15285800,15.66,0.0,0.0,,
C,timing,final-timing-block2-2-C,2,BenchmarkSharingExec/large,951079,248.9,0.0,0.0,,
C,timing,final-timing-block2-2-C,2,BenchmarkSharingExec/deep,16084850,15.3,0.0,0.0,,
C,timing,final-timing-block2-2-C,2,BenchmarkSharingExec/locals,6136672,39.3,0.0,0.0,,
C,timing,final-timing-block2-2-C,2,BenchmarkSharingExec/many,15837852,15.3,0.0,0.0,,
C,timing,final-timing-block2-2-C,2,BenchmarkSharingExec/large_then_small,1000000,231.4,0.0,0.0,,
C,timing,final-timing-block2-2-C,2,BenchmarkSharingExec/fallback,15750846,15.65,0.0,0.0,,
C,timing,final-timing-block2-2-C,2,BenchmarkSharingZeroLocals/1,25509,10046.0,7416.0,20.0,,
C,timing,final-timing-block2-2-C,2,BenchmarkSharingZeroLocals/8,24456,9536.0,7544.0,20.0,,
C,timing,final-timing-block2-2-C,2,BenchmarkSharingZeroLocals/64,22322,10731.0,8520.0,17.0,,
C,timing,final-timing-block2-2-C,2,BenchmarkSharingZeroLocals/256,18998,12278.0,11976.0,17.0,,
C,timing,final-timing-block2-2-C,2,BenchmarkCompile/tiny,20880,11257.0,8672.0,24.0,,
C,timing,final-timing-block2-2-C,2,BenchmarkCompile/fib_rec,10000,21888.0,27048.0,50.0,,
C,timing,final-timing-block2-2-C,2,BenchmarkCompile/many_funcs,613,375878.0,69680.0,35.0,,
C,timing,final-timing-block2-2-C,2,BenchmarkCompile/json-as,212,1107030.0,134880.0,125.0,,
C,timing,final-timing-block2-2-C,2,BenchmarkCompile/xxhash,2529,107952.0,65976.0,58.0,,
C,timing,final-timing-block2-2-C,2,BenchmarkCompileFull/tiny,15967,14318.0,18752.0,93.0,96.0,
C,timing,final-timing-block2-2-C,2,BenchmarkCompileFull/fib_rec,10000,21904.0,35753.0,107.0,320.0,
C,timing,final-timing-block2-2-C,2,BenchmarkCompileFull/many_funcs,492,485087.0,179745.0,89.0,8363.0,
C,timing,final-timing-block2-2-C,2,BenchmarkCompileFull/json-as,141,1685245.0,309929.0,399.0,67398.0,
C,timing,final-timing-block2-2-C,2,BenchmarkCompileFull/xxhash,1633,131045.0,107500.0,146.0,3301.0,
C,timing,final-timing-block2-2-C,2,BenchmarkExec/tiny.add,120,14.92,,,,134917.0
C,timing,final-timing-block2-2-C,2,BenchmarkExec/fib_rec.fib,100,666872.0,,,,4.0
C,timing,final-timing-block2-2-C,2,BenchmarkExec/many_funcs.run,100,14.91,,,,141557.0
C,timing,final-timing-block2-2-C,2,BenchmarkExec/json-as.serializeN,100,21249.0,,,,99.0
C,timing,final-timing-block2-2-C,2,BenchmarkExec/json-as.deserializeN,100,40508.0,,,,62.0
C,timing,final-timing-block2-2-C,2,BenchmarkExec/xxhash.xxhash_run,100,121341.0,,,,17.0
R,timing,final-timing-block2-3-R,2,BenchmarkSharingNative/small,29758,8405.0,7536.0,20.0,,
R,timing,final-timing-block2-3-R,2,BenchmarkSharingNative/pressure,13312,18567.0,10072.0,23.0,,
R,timing,final-timing-block2-3-R,2,BenchmarkSharingNative/join,24741,9119.0,7936.0,21.0,,
R,timing,final-timing-block2-3-R,2,BenchmarkSharingNative/large,1972,124774.0,9416.0,18.0,,
R,timing,final-timing-block2-3-R,2,BenchmarkSharingNative/deep,25714,9390.0,8496.0,21.0,,
R,timing,final-timing-block2-3-R,2,BenchmarkSharingNative/locals,12777,18137.0,14160.0,22.0,,
R,timing,final-timing-block2-3-R,2,BenchmarkSharingNative/many,452,536748.0,49888.0,23.0,,
R,timing,final-timing-block2-3-R,2,BenchmarkSharingNative/large_then_small,393,636701.0,56192.0,24.0,,
R,timing,final-timing-block2-3-R,2,BenchmarkSharingNative/fallback,26474,8705.0,8504.0,21.0,,
R,timing,final-timing-block2-3-R,2,BenchmarkSharingFull/small,25993,9105.0,15064.0,73.0,,
R,timing,final-timing-block2-3-R,2,BenchmarkSharingFull/pressure,9421,24828.0,22033.0,80.0,,
R,timing,final-timing-block2-3-R,2,BenchmarkSharingFull/join,23116,10416.0,15472.0,75.0,,
R,timing,final-timing-block2-3-R,2,BenchmarkSharingFull/large,993,237670.0,95523.0,81.0,,
R,timing,final-timing-block2-3-R,2,BenchmarkSharingFull/deep,19693,12223.0,21953.0,82.0,,
R,timing,final-timing-block2-3-R,2,BenchmarkSharingFull/locals,7119,30845.0,26217.0,74.0,,
R,timing,final-timing-block2-3-R,2,BenchmarkSharingFull/many,322,725928.0,243188.0,587.0,,
R,timing,final-timing-block2-3-R,2,BenchmarkSharingFull/large_then_small,243,952170.0,295103.0,589.0,,
R,timing,final-timing-block2-3-R,2,BenchmarkSharingFull/fallback,24951,9546.0,16032.0,74.0,,
R,timing,final-timing-block2-3-R,2,BenchmarkSharingExec/small,15497529,15.23,0.0,0.0,,
R,timing,final-timing-block2-3-R,2,BenchmarkSharingExec/pressure,5337444,44.76,0.0,0.0,,
R,timing,final-timing-block2-3-R,2,BenchmarkSharingExec/join,15515408,15.57,0.0,0.0,,
R,timing,final-timing-block2-3-R,2,BenchmarkSharingExec/large,999913,239.6,0.0,0.0,,
R,timing,final-timing-block2-3-R,2,BenchmarkSharingExec/deep,16280536,15.14,0.0,0.0,,
R,timing,final-timing-block2-3-R,2,BenchmarkSharingExec/locals,6118870,39.74,0.0,0.0,,
R,timing,final-timing-block2-3-R,2,BenchmarkSharingExec/many,15932739,15.3,0.0,0.0,,
R,timing,final-timing-block2-3-R,2,BenchmarkSharingExec/large_then_small,1000000,238.7,0.0,0.0,,
R,timing,final-timing-block2-3-R,2,BenchmarkSharingExec/fallback,15946677,15.54,0.0,0.0,,
R,timing,final-timing-block2-3-R,2,BenchmarkSharingZeroLocals/1,24976,9453.0,7416.0,20.0,,
R,timing,final-timing-block2-3-R,2,BenchmarkSharingZeroLocals/8,24548,9840.0,7544.0,20.0,,
R,timing,final-timing-block2-3-R,2,BenchmarkSharingZeroLocals/64,23074,10679.0,8520.0,17.0,,
R,timing,final-timing-block2-3-R,2,BenchmarkSharingZeroLocals/256,19102,12254.0,11976.0,17.0,,
R,timing,final-timing-block2-3-R,2,BenchmarkCompile/tiny,21421,11976.0,8672.0,24.0,,
R,timing,final-timing-block2-3-R,2,BenchmarkCompile/fib_rec,10000,20823.0,27048.0,50.0,,
R,timing,final-timing-block2-3-R,2,BenchmarkCompile/many_funcs,625,359422.0,69680.0,35.0,,
R,timing,final-timing-block2-3-R,2,BenchmarkCompile/json-as,208,1081399.0,134880.0,125.0,,
R,timing,final-timing-block2-3-R,2,BenchmarkCompile/xxhash,2462,104692.0,65976.0,58.0,,
R,timing,final-timing-block2-3-R,2,BenchmarkCompileFull/tiny,16737,14569.0,18752.0,93.0,96.0,
R,timing,final-timing-block2-3-R,2,BenchmarkCompileFull/fib_rec,9684,21183.0,35753.0,107.0,320.0,
R,timing,final-timing-block2-3-R,2,BenchmarkCompileFull/many_funcs,504,492668.0,179745.0,89.0,8363.0,
R,timing,final-timing-block2-3-R,2,BenchmarkCompileFull/json-as,146,1636149.0,309930.0,399.0,67398.0,
R,timing,final-timing-block2-3-R,2,BenchmarkCompileFull/xxhash,1756,130828.0,107500.0,146.0,3301.0,
R,timing,final-timing-block2-3-R,2,BenchmarkExec/tiny.add,100,14.9,,,,139523.0
R,timing,final-timing-block2-3-R,2,BenchmarkExec/fib_rec.fib,100,660155.0,,,,4.0
R,timing,final-timing-block2-3-R,2,BenchmarkExec/many_funcs.run,100,14.77,,,,137277.0
R,timing,final-timing-block2-3-R,2,BenchmarkExec/json-as.serializeN,100,21285.0,,,,98.0
R,timing,final-timing-block2-3-R,2,BenchmarkExec/json-as.deserializeN,100,40086.0,,,,61.0
R,timing,final-timing-block2-3-R,2,BenchmarkExec/xxhash.xxhash_run,100,122372.0,,,,17.0
R,timing,final-timing-block2-4-R,2,BenchmarkSharingNative/small,24294,9575.0,7536.0,20.0,,
R,timing,final-timing-block2-4-R,2,BenchmarkSharingNative/pressure,12274,19552.0,10072.0,23.0,,
R,timing,final-timing-block2-4-R,2,BenchmarkSharingNative/join,22456,10210.0,7936.0,21.0,,
R,timing,final-timing-block2-4-R,2,BenchmarkSharingNative/large,1743,124164.0,9416.0,18.0,,
R,timing,final-timing-block2-4-R,2,BenchmarkSharingNative/deep,23293,10573.0,8496.0,21.0,,
R,timing,final-timing-block2-4-R,2,BenchmarkSharingNative/locals,12381,18066.0,14160.0,22.0,,
R,timing,final-timing-block2-4-R,2,BenchmarkSharingNative/many,447,524230.0,49888.0,23.0,,
R,timing,final-timing-block2-4-R,2,BenchmarkSharingNative/large_then_small,370,635786.0,56192.0,24.0,,
R,timing,final-timing-block2-4-R,2,BenchmarkSharingNative/fallback,22970,10312.0,8504.0,21.0,,
R,timing,final-timing-block2-4-R,2,BenchmarkSharingFull/small,25532,8848.0,15064.0,73.0,,
R,timing,final-timing-block2-4-R,2,BenchmarkSharingFull/pressure,10000,24330.0,22033.0,80.0,,
R,timing,final-timing-block2-4-R,2,BenchmarkSharingFull/join,24212,10268.0,15472.0,75.0,,
R,timing,final-timing-block2-4-R,2,BenchmarkSharingFull/large,992,235666.0,95523.0,81.0,,
R,timing,final-timing-block2-4-R,2,BenchmarkSharingFull/deep,19723,12297.0,21953.0,82.0,,
R,timing,final-timing-block2-4-R,2,BenchmarkSharingFull/locals,8229,30365.0,26217.0,74.0,,
R,timing,final-timing-block2-4-R,2,BenchmarkSharingFull/many,328,732568.0,243188.0,587.0,,
R,timing,final-timing-block2-4-R,2,BenchmarkSharingFull/large_then_small,250,948054.0,295103.0,589.0,,
R,timing,final-timing-block2-4-R,2,BenchmarkSharingFull/fallback,26121,9499.0,16032.0,74.0,,
R,timing,final-timing-block2-4-R,2,BenchmarkSharingExec/small,15759162,15.25,0.0,0.0,,
R,timing,final-timing-block2-4-R,2,BenchmarkSharingExec/pressure,5360757,44.72,0.0,0.0,,
R,timing,final-timing-block2-4-R,2,BenchmarkSharingExec/join,15506066,15.68,0.0,0.0,,
R,timing,final-timing-block2-4-R,2,BenchmarkSharingExec/large,963313,244.6,0.0,0.0,,
R,timing,final-timing-block2-4-R,2,BenchmarkSharingExec/deep,16116661,15.14,0.0,0.0,,
R,timing,final-timing-block2-4-R,2,BenchmarkSharingExec/locals,6105589,39.54,0.0,0.0,,
R,timing,final-timing-block2-4-R,2,BenchmarkSharingExec/many,15871269,15.09,0.0,0.0,,
R,timing,final-timing-block2-4-R,2,BenchmarkSharingExec/large_then_small,951112,239.2,0.0,0.0,,
R,timing,final-timing-block2-4-R,2,BenchmarkSharingExec/fallback,15864606,15.44,0.0,0.0,,
R,timing,final-timing-block2-4-R,2,BenchmarkSharingZeroLocals/1,25621,9661.0,7416.0,20.0,,
R,timing,final-timing-block2-4-R,2,BenchmarkSharingZeroLocals/8,24057,9924.0,7544.0,20.0,,
R,timing,final-timing-block2-4-R,2,BenchmarkSharingZeroLocals/64,22246,10593.0,8520.0,17.0,,
R,timing,final-timing-block2-4-R,2,BenchmarkSharingZeroLocals/256,18343,12449.0,11976.0,17.0,,
R,timing,final-timing-block2-4-R,2,BenchmarkCompile/tiny,19904,12056.0,8672.0,24.0,,
R,timing,final-timing-block2-4-R,2,BenchmarkCompile/fib_rec,10000,20301.0,27048.0,50.0,,
R,timing,final-timing-block2-4-R,2,BenchmarkCompile/many_funcs,613,374093.0,69680.0,35.0,,
R,timing,final-timing-block2-4-R,2,BenchmarkCompile/json-as,207,1088794.0,134880.0,125.0,,
R,timing,final-timing-block2-4-R,2,BenchmarkCompile/xxhash,2502,105845.0,65976.0,58.0,,
R,timing,final-timing-block2-4-R,2,BenchmarkCompileFull/tiny,16794,14694.0,18752.0,93.0,96.0,
R,timing,final-timing-block2-4-R,2,BenchmarkCompileFull/fib_rec,10000,21591.0,35753.0,107.0,320.0,
R,timing,final-timing-block2-4-R,2,BenchmarkCompileFull/many_funcs,482,492189.0,179745.0,89.0,8363.0,
R,timing,final-timing-block2-4-R,2,BenchmarkCompileFull/json-as,148,1689712.0,309930.0,399.0,67398.0,
R,timing,final-timing-block2-4-R,2,BenchmarkCompileFull/xxhash,1629,127545.0,107500.0,146.0,3301.0,
R,timing,final-timing-block2-4-R,2,BenchmarkExec/tiny.add,100,14.95,,,,135606.0
R,timing,final-timing-block2-4-R,2,BenchmarkExec/fib_rec.fib,100,660592.0,,,,4.0
R,timing,final-timing-block2-4-R,2,BenchmarkExec/many_funcs.run,100,15.01,,,,138566.0
R,timing,final-timing-block2-4-R,2,BenchmarkExec/json-as.serializeN,100,21226.0,,,,97.0
R,timing,final-timing-block2-4-R,2,BenchmarkExec/json-as.deserializeN,100,40062.0,,,,56.0
R,timing,final-timing-block2-4-R,2,BenchmarkExec/xxhash.xxhash_run,100,123370.0,,,,18.0
C,timing,final-timing-block2-5-C,2,BenchmarkSharingNative/small,29409,8215.0,7536.0,20.0,,
C,timing,final-timing-block2-5-C,2,BenchmarkSharingNative/pressure,13185,17559.0,10072.0,23.0,,
C,timing,final-timing-block2-5-C,2,BenchmarkSharingNative/join,25237,9120.0,7936.0,21.0,,
C,timing,final-timing-block2-5-C,2,BenchmarkSharingNative/large,1861,123744.0,9416.0,18.0,,
C,timing,final-timing-block2-5-C,2,BenchmarkSharingNative/deep,26770,9340.0,8496.0,21.0,,
C,timing,final-timing-block2-5-C,2,BenchmarkSharingNative/locals,13152,18089.0,14160.0,22.0,,
C,timing,final-timing-block2-5-C,2,BenchmarkSharingNative/many,463,519090.0,49888.0,23.0,,
C,timing,final-timing-block2-5-C,2,BenchmarkSharingNative/large_then_small,402,623672.0,56192.0,24.0,,
C,timing,final-timing-block2-5-C,2,BenchmarkSharingNative/fallback,27274,8772.0,8504.0,21.0,,
C,timing,final-timing-block2-5-C,2,BenchmarkSharingFull/small,24957,8974.0,15064.0,73.0,,
C,timing,final-timing-block2-5-C,2,BenchmarkSharingFull/pressure,10000,24478.0,22033.0,80.0,,
C,timing,final-timing-block2-5-C,2,BenchmarkSharingFull/join,23559,10388.0,15472.0,75.0,,
C,timing,final-timing-block2-5-C,2,BenchmarkSharingFull/large,982,230081.0,95524.0,81.0,,
C,timing,final-timing-block2-5-C,2,BenchmarkSharingFull/deep,18884,12823.0,21953.0,82.0,,
C,timing,final-timing-block2-5-C,2,BenchmarkSharingFull/locals,8898,29597.0,26217.0,74.0,,
C,timing,final-timing-block2-5-C,2,BenchmarkSharingFull/many,313,720047.0,243188.0,587.0,,
C,timing,final-timing-block2-5-C,2,BenchmarkSharingFull/large_then_small,253,937337.0,295102.0,589.0,,
C,timing,final-timing-block2-5-C,2,BenchmarkSharingFull/fallback,25616,9557.0,16032.0,74.0,,
C,timing,final-timing-block2-5-C,2,BenchmarkSharingExec/small,15668746,15.32,0.0,0.0,,
C,timing,final-timing-block2-5-C,2,BenchmarkSharingExec/pressure,5320377,44.94,0.0,0.0,,
C,timing,final-timing-block2-5-C,2,BenchmarkSharingExec/join,15509146,15.77,0.0,0.0,,
C,timing,final-timing-block2-5-C,2,BenchmarkSharingExec/large,965685,249.3,0.0,0.0,,
C,timing,final-timing-block2-5-C,2,BenchmarkSharingExec/deep,15833606,15.68,0.0,0.0,,
C,timing,final-timing-block2-5-C,2,BenchmarkSharingExec/locals,5993358,41.73,0.0,0.0,,
C,timing,final-timing-block2-5-C,2,BenchmarkSharingExec/many,15225169,16.1,0.0,0.0,,
C,timing,final-timing-block2-5-C,2,BenchmarkSharingExec/large_then_small,1000000,238.7,0.0,0.0,,
C,timing,final-timing-block2-5-C,2,BenchmarkSharingExec/fallback,15843345,15.55,0.0,0.0,,
C,timing,final-timing-block2-5-C,2,BenchmarkSharingZeroLocals/1,25425,9573.0,7416.0,20.0,,
C,timing,final-timing-block2-5-C,2,BenchmarkSharingZeroLocals/8,24001,11563.0,7544.0,20.0,,
C,timing,final-timing-block2-5-C,2,BenchmarkSharingZeroLocals/64,22334,10368.0,8520.0,17.0,,
C,timing,final-timing-block2-5-C,2,BenchmarkSharingZeroLocals/256,19392,12222.0,11976.0,17.0,,
C,timing,final-timing-block2-5-C,2,BenchmarkCompile/tiny,20185,12228.0,8672.0,24.0,,
C,timing,final-timing-block2-5-C,2,BenchmarkCompile/fib_rec,10000,21776.0,27048.0,50.0,,
C,timing,final-timing-block2-5-C,2,BenchmarkCompile/many_funcs,637,363793.0,69680.0,35.0,,
C,timing,final-timing-block2-5-C,2,BenchmarkCompile/json-as,205,1136151.0,134880.0,125.0,,
C,timing,final-timing-block2-5-C,2,BenchmarkCompile/xxhash,2203,111647.0,65976.0,58.0,,
C,timing,final-timing-block2-5-C,2,BenchmarkCompileFull/tiny,16632,14130.0,18752.0,93.0,96.0,
C,timing,final-timing-block2-5-C,2,BenchmarkCompileFull/fib_rec,10000,21769.0,35753.0,107.0,320.0,
C,timing,final-timing-block2-5-C,2,BenchmarkCompileFull/many_funcs,495,493397.0,179745.0,89.0,8363.0,
C,timing,final-timing-block2-5-C,2,BenchmarkCompileFull/json-as,142,1691862.0,309929.0,399.0,67398.0,
C,timing,final-timing-block2-5-C,2,BenchmarkCompileFull/xxhash,1629,133586.0,107500.0,146.0,3301.0,
C,timing,final-timing-block2-5-C,2,BenchmarkExec/tiny.add,121,14.91,,,,135317.0
C,timing,final-timing-block2-5-C,2,BenchmarkExec/fib_rec.fib,100,670810.0,,,,4.0
C,timing,final-timing-block2-5-C,2,BenchmarkExec/many_funcs.run,100,14.67,,,,140232.0
C,timing,final-timing-block2-5-C,2,BenchmarkExec/json-as.serializeN,100,21613.0,,,,97.0
C,timing,final-timing-block2-5-C,2,BenchmarkExec/json-as.deserializeN,100,40659.0,,,,57.0
C,timing,final-timing-block2-5-C,2,BenchmarkExec/xxhash.xxhash_run,99,120977.0,,,,17.0
A,timing,final-timing-block2-6-A,2,BenchmarkSharingNative/small,29313,8459.0,8248.0,21.0,,
A,timing,final-timing-block2-6-A,2,BenchmarkSharingNative/pressure,9499,24873.0,19488.0,18.0,,
A,timing,final-timing-block2-6-A,2,BenchmarkSharingNative/join,23502,9598.0,10152.0,26.0,,
A,timing,final-timing-block2-6-A,2,BenchmarkSharingNative/large,1207,189826.0,228544.0,24.0,,
A,timing,final-timing-block2-6-A,2,BenchmarkSharingNative/deep,19596,12671.0,11504.0,22.0,,
A,timing,final-timing-block2-6-A,2,BenchmarkSharingNative/locals,7549,32855.0,29192.0,21.0,,
A,timing,final-timing-block2-6-A,2,BenchmarkSharingNative/many,489,535638.0,50600.0,24.0,,
A,timing,final-timing-block2-6-A,2,BenchmarkSharingNative/large_then_small,304,777504.0,275320.0,30.0,,
A,timing,final-timing-block2-6-A,2,BenchmarkSharingNative/fallback,26640,8533.0,8248.0,21.0,,
A,timing,final-timing-block2-6-A,2,BenchmarkSharingFull/small,24124,9141.0,15776.0,74.0,,
A,timing,final-timing-block2-6-A,2,BenchmarkSharingFull/pressure,8251,31675.0,31449.0,75.0,,
A,timing,final-timing-block2-6-A,2,BenchmarkSharingFull/join,21994,10882.0,17688.0,80.0,,
A,timing,final-timing-block2-6-A,2,BenchmarkSharingFull/large,900,255821.0,315927.0,87.0,,
A,timing,final-timing-block2-6-A,2,BenchmarkSharingFull/deep,15674,15920.0,24961.0,83.0,,
A,timing,final-timing-block2-6-A,2,BenchmarkSharingFull/locals,4710,43975.0,41242.0,73.0,,
A,timing,final-timing-block2-6-A,2,BenchmarkSharingFull/many,313,740650.0,243900.0,588.0,,
A,timing,final-timing-block2-6-A,2,BenchmarkSharingFull/large_then_small,224,1079956.0,514235.0,595.0,,
A,timing,final-timing-block2-6-A,2,BenchmarkSharingFull/fallback,25850,9152.0,15776.0,74.0,,
A,timing,final-timing-block2-6-A,2,BenchmarkSharingExec/small,15690534,15.09,0.0,0.0,,
A,timing,final-timing-block2-6-A,2,BenchmarkSharingExec/pressure,5225042,46.84,0.0,0.0,,
A,timing,final-timing-block2-6-A,2,BenchmarkSharingExec/join,15558248,15.67,0.0,0.0,,
A,timing,final-timing-block2-6-A,2,BenchmarkSharingExec/large,1000000,232.5,0.0,0.0,,
A,timing,final-timing-block2-6-A,2,BenchmarkSharingExec/deep,15659353,15.27,0.0,0.0,,
A,timing,final-timing-block2-6-A,2,BenchmarkSharingExec/locals,2992807,82.77,0.0,0.0,,
A,timing,final-timing-block2-6-A,2,BenchmarkSharingExec/many,15895369,15.5,0.0,0.0,,
A,timing,final-timing-block2-6-A,2,BenchmarkSharingExec/large_then_small,970867,239.5,0.0,0.0,,
A,timing,final-timing-block2-6-A,2,BenchmarkSharingExec/fallback,15804697,15.41,0.0,0.0,,
A,timing,final-timing-block2-6-A,2,BenchmarkSharingZeroLocals/1,25816,10409.0,8216.0,20.0,,
A,timing,final-timing-block2-6-A,2,BenchmarkSharingZeroLocals/8,23828,9874.0,8360.0,22.0,,
A,timing,final-timing-block2-6-A,2,BenchmarkSharingZeroLocals/64,19918,11425.0,9064.0,19.0,,
A,timing,final-timing-block2-6-A,2,BenchmarkSharingZeroLocals/256,15157,15330.0,14569.0,16.0,,
A,timing,final-timing-block2-6-A,2,BenchmarkCompile/tiny,20810,11320.0,8344.0,22.0,,
A,timing,final-timing-block2-6-A,2,BenchmarkCompile/fib_rec,10000,20400.0,26792.0,50.0,,
A,timing,final-timing-block2-6-A,2,BenchmarkCompile/many_funcs,632,391844.0,69272.0,31.0,,
A,timing,final-timing-block2-6-A,2,BenchmarkCompile/json-as,210,1125906.0,134624.0,125.0,,
A,timing,final-timing-block2-6-A,2,BenchmarkCompile/xxhash,2257,101436.0,65720.0,58.0,,
A,timing,final-timing-block2-6-A,2,BenchmarkCompileFull/tiny,16610,14767.0,18416.0,91.0,96.0,
A,timing,final-timing-block2-6-A,2,BenchmarkCompileFull/fib_rec,10000,21550.0,35497.0,107.0,320.0,
A,timing,final-timing-block2-6-A,2,BenchmarkCompileFull/many_funcs,482,504220.0,179337.0,85.0,7771.0,
A,timing,final-timing-block2-6-A,2,BenchmarkCompileFull/json-as,145,1659011.0,309674.0,399.0,67398.0,
A,timing,final-timing-block2-6-A,2,BenchmarkCompileFull/xxhash,1593,131505.0,107228.0,146.0,3301.0,
A,timing,final-timing-block2-6-A,2,BenchmarkExec/tiny.add,121,14.87,,,,137434.0
A,timing,final-timing-block2-6-A,2,BenchmarkExec/fib_rec.fib,90,663223.0,,,,4.0
A,timing,final-timing-block2-6-A,2,BenchmarkExec/many_funcs.run,100,15.15,,,,137909.0
A,timing,final-timing-block2-6-A,2,BenchmarkExec/json-as.serializeN,100,21921.0,,,,98.0
A,timing,final-timing-block2-6-A,2,BenchmarkExec/json-as.deserializeN,100,40485.0,,,,63.0
A,timing,final-timing-block2-6-A,2,BenchmarkExec/xxhash.xxhash_run,134,121903.0,,,,16.0
A,timing,final-timing-block3-1-A,3,BenchmarkSharingNative/small,28710,8703.0,8248.0,21.0,,
A,timing,final-timing-block3-1-A,3,BenchmarkSharingNative/pressure,10000,24993.0,19488.0,18.0,,
A,timing,final-timing-block3-1-A,3,BenchmarkSharingNative/join,23696,10131.0,10152.0,26.0,,
A,timing,final-timing-block3-1-A,3,BenchmarkSharingNative/large,1120,192716.0,228544.0,24.0,,
A,timing,final-timing-block3-1-A,3,BenchmarkSharingNative/deep,19030,12754.0,11504.0,22.0,,
A,timing,final-timing-block3-1-A,3,BenchmarkSharingNative/locals,6727,33233.0,29192.0,21.0,,
A,timing,final-timing-block3-1-A,3,BenchmarkSharingNative/many,463,547066.0,50600.0,24.0,,
A,timing,final-timing-block3-1-A,3,BenchmarkSharingNative/large_then_small,302,781659.0,275320.0,30.0,,
A,timing,final-timing-block3-1-A,3,BenchmarkSharingNative/fallback,27918,8517.0,8248.0,21.0,,
A,timing,final-timing-block3-1-A,3,BenchmarkSharingFull/small,25016,9562.0,15776.0,74.0,,
A,timing,final-timing-block3-1-A,3,BenchmarkSharingFull/pressure,8422,32253.0,31449.0,75.0,,
A,timing,final-timing-block3-1-A,3,BenchmarkSharingFull/join,22089,10695.0,17688.0,80.0,,
A,timing,final-timing-block3-1-A,3,BenchmarkSharingFull/large,889,264553.0,315927.0,87.0,,
A,timing,final-timing-block3-1-A,3,BenchmarkSharingFull/deep,14884,15535.0,24961.0,83.0,,
A,timing,final-timing-block3-1-A,3,BenchmarkSharingFull/locals,4704,42757.0,41242.0,73.0,,
A,timing,final-timing-block3-1-A,3,BenchmarkSharingFull/many,314,758596.0,243899.0,588.0,,
A,timing,final-timing-block3-1-A,3,BenchmarkSharingFull/large_then_small,218,1089427.0,514236.0,595.0,,
A,timing,final-timing-block3-1-A,3,BenchmarkSharingFull/fallback,25899,9175.0,15776.0,74.0,,
A,timing,final-timing-block3-1-A,3,BenchmarkSharingExec/small,15675541,15.29,0.0,0.0,,
A,timing,final-timing-block3-1-A,3,BenchmarkSharingExec/pressure,4985524,47.77,0.0,0.0,,
A,timing,final-timing-block3-1-A,3,BenchmarkSharingExec/join,15800629,15.58,0.0,0.0,,
A,timing,final-timing-block3-1-A,3,BenchmarkSharingExec/large,962287,237.0,0.0,0.0,,
A,timing,final-timing-block3-1-A,3,BenchmarkSharingExec/deep,16136575,15.07,0.0,0.0,,
A,timing,final-timing-block3-1-A,3,BenchmarkSharingExec/locals,2606054,81.06,0.0,0.0,,
A,timing,final-timing-block3-1-A,3,BenchmarkSharingExec/many,13765258,15.27,0.0,0.0,,
A,timing,final-timing-block3-1-A,3,BenchmarkSharingExec/large_then_small,1000000,231.4,0.0,0.0,,
A,timing,final-timing-block3-1-A,3,BenchmarkSharingExec/fallback,15901308,16.1,0.0,0.0,,
A,timing,final-timing-block3-1-A,3,BenchmarkSharingZeroLocals/1,28174,8643.0,8216.0,20.0,,
A,timing,final-timing-block3-1-A,3,BenchmarkSharingZeroLocals/8,25950,8943.0,8360.0,22.0,,
A,timing,final-timing-block3-1-A,3,BenchmarkSharingZeroLocals/64,23296,10371.0,9064.0,19.0,,
A,timing,final-timing-block3-1-A,3,BenchmarkSharingZeroLocals/256,16700,13575.0,14569.0,16.0,,
A,timing,final-timing-block3-1-A,3,BenchmarkCompile/tiny,23998,9965.0,8344.0,22.0,,
A,timing,final-timing-block3-1-A,3,BenchmarkCompile/fib_rec,12496,19787.0,26792.0,50.0,,
A,timing,final-timing-block3-1-A,3,BenchmarkCompile/many_funcs,669,373424.0,69272.0,31.0,,
A,timing,final-timing-block3-1-A,3,BenchmarkCompile/json-as,214,1104331.0,134624.0,125.0,,
A,timing,final-timing-block3-1-A,3,BenchmarkCompile/xxhash,2385,103945.0,65720.0,58.0,,
A,timing,final-timing-block3-1-A,3,BenchmarkCompileFull/tiny,16975,13952.0,18416.0,91.0,96.0,
A,timing,final-timing-block3-1-A,3,BenchmarkCompileFull/fib_rec,10000,21233.0,35497.0,107.0,320.0,
A,timing,final-timing-block3-1-A,3,BenchmarkCompileFull/many_funcs,448,498076.0,179337.0,85.0,7771.0,
A,timing,final-timing-block3-1-A,3,BenchmarkCompileFull/json-as,144,1625254.0,309674.0,399.0,67398.0,
A,timing,final-timing-block3-1-A,3,BenchmarkCompileFull/xxhash,1860,129495.0,107228.0,146.0,3301.0,
A,timing,final-timing-block3-1-A,3,BenchmarkExec/tiny.add,100,14.96,,,,139892.0
A,timing,final-timing-block3-1-A,3,BenchmarkExec/fib_rec.fib,116,657533.0,,,,4.0
A,timing,final-timing-block3-1-A,3,BenchmarkExec/many_funcs.run,100,14.94,,,,139222.0
A,timing,final-timing-block3-1-A,3,BenchmarkExec/json-as.serializeN,100,21769.0,,,,100.0
A,timing,final-timing-block3-1-A,3,BenchmarkExec/json-as.deserializeN,100,40441.0,,,,55.0
A,timing,final-timing-block3-1-A,3,BenchmarkExec/xxhash.xxhash_run,124,117708.0,,,,17.0
C,timing,final-timing-block3-2-C,3,BenchmarkSharingNative/small,28297,8335.0,7536.0,20.0,,
C,timing,final-timing-block3-2-C,3,BenchmarkSharingNative/pressure,12750,18119.0,10072.0,23.0,,
C,timing,final-timing-block3-2-C,3,BenchmarkSharingNative/join,27607,8866.0,7936.0,21.0,,
C,timing,final-timing-block3-2-C,3,BenchmarkSharingNative/large,1738,124354.0,9416.0,18.0,,
C,timing,final-timing-block3-2-C,3,BenchmarkSharingNative/deep,24358,9107.0,8496.0,21.0,,
C,timing,final-timing-block3-2-C,3,BenchmarkSharingNative/locals,13560,18333.0,14160.0,22.0,,
C,timing,final-timing-block3-2-C,3,BenchmarkSharingNative/many,459,505991.0,49888.0,23.0,,
C,timing,final-timing-block3-2-C,3,BenchmarkSharingNative/large_then_small,357,635564.0,56192.0,24.0,,
C,timing,final-timing-block3-2-C,3,BenchmarkSharingNative/fallback,28046,8702.0,8504.0,21.0,,
C,timing,final-timing-block3-2-C,3,BenchmarkSharingFull/small,25665,8906.0,15064.0,73.0,,
C,timing,final-timing-block3-2-C,3,BenchmarkSharingFull/pressure,10000,25160.0,22033.0,80.0,,
C,timing,final-timing-block3-2-C,3,BenchmarkSharingFull/join,23168,10521.0,15472.0,75.0,,
C,timing,final-timing-block3-2-C,3,BenchmarkSharingFull/large,1017,232631.0,95524.0,81.0,,
C,timing,final-timing-block3-2-C,3,BenchmarkSharingFull/deep,19297,12763.0,21953.0,82.0,,
C,timing,final-timing-block3-2-C,3,BenchmarkSharingFull/locals,9042,29717.0,26217.0,74.0,,
C,timing,final-timing-block3-2-C,3,BenchmarkSharingFull/many,326,729779.0,243188.0,587.0,,
C,timing,final-timing-block3-2-C,3,BenchmarkSharingFull/large_then_small,258,961990.0,295103.0,589.0,,
C,timing,final-timing-block3-2-C,3,BenchmarkSharingFull/fallback,25369,9381.0,16032.0,74.0,,
C,timing,final-timing-block3-2-C,3,BenchmarkSharingExec/small,15552830,15.34,0.0,0.0,,
C,timing,final-timing-block3-2-C,3,BenchmarkSharingExec/pressure,5342770,44.56,0.0,0.0,,
C,timing,final-timing-block3-2-C,3,BenchmarkSharingExec/join,15617888,15.62,0.0,0.0,,
C,timing,final-timing-block3-2-C,3,BenchmarkSharingExec/large,1000000,238.7,0.0,0.0,,
C,timing,final-timing-block3-2-C,3,BenchmarkSharingExec/deep,16498197,15.22,0.0,0.0,,
C,timing,final-timing-block3-2-C,3,BenchmarkSharingExec/locals,6222304,39.35,0.0,0.0,,
C,timing,final-timing-block3-2-C,3,BenchmarkSharingExec/many,15756260,15.1,0.0,0.0,,
C,timing,final-timing-block3-2-C,3,BenchmarkSharingExec/large_then_small,1000000,238.5,0.0,0.0,,
C,timing,final-timing-block3-2-C,3,BenchmarkSharingExec/fallback,15992656,15.53,0.0,0.0,,
C,timing,final-timing-block3-2-C,3,BenchmarkSharingZeroLocals/1,25509,9584.0,7416.0,20.0,,
C,timing,final-timing-block3-2-C,3,BenchmarkSharingZeroLocals/8,23348,10059.0,7544.0,20.0,,
C,timing,final-timing-block3-2-C,3,BenchmarkSharingZeroLocals/64,24294,9940.0,8520.0,17.0,,
C,timing,final-timing-block3-2-C,3,BenchmarkSharingZeroLocals/256,19971,12909.0,11976.0,17.0,,
C,timing,final-timing-block3-2-C,3,BenchmarkCompile/tiny,20601,11857.0,8672.0,24.0,,
C,timing,final-timing-block3-2-C,3,BenchmarkCompile/fib_rec,10000,20881.0,27048.0,50.0,,
C,timing,final-timing-block3-2-C,3,BenchmarkCompile/many_funcs,630,373809.0,69680.0,35.0,,
C,timing,final-timing-block3-2-C,3,BenchmarkCompile/json-as,213,1128307.0,134880.0,125.0,,
C,timing,final-timing-block3-2-C,3,BenchmarkCompile/xxhash,2274,105980.0,65976.0,58.0,,
C,timing,final-timing-block3-2-C,3,BenchmarkCompileFull/tiny,16620,14672.0,18752.0,93.0,96.0,
C,timing,final-timing-block3-2-C,3,BenchmarkCompileFull/fib_rec,10000,21964.0,35753.0,107.0,320.0,
C,timing,final-timing-block3-2-C,3,BenchmarkCompileFull/many_funcs,477,486234.0,179745.0,89.0,8363.0,
C,timing,final-timing-block3-2-C,3,BenchmarkCompileFull/json-as,146,1641325.0,309930.0,399.0,67398.0,
C,timing,final-timing-block3-2-C,3,BenchmarkCompileFull/xxhash,1789,137536.0,107500.0,146.0,3301.0,
C,timing,final-timing-block3-2-C,3,BenchmarkExec/tiny.add,115,14.99,,,,136812.0
C,timing,final-timing-block3-2-C,3,BenchmarkExec/fib_rec.fib,91,656539.0,,,,4.0
C,timing,final-timing-block3-2-C,3,BenchmarkExec/many_funcs.run,100,15.21,,,,138481.0
C,timing,final-timing-block3-2-C,3,BenchmarkExec/json-as.serializeN,100,21955.0,,,,94.0
C,timing,final-timing-block3-2-C,3,BenchmarkExec/json-as.deserializeN,100,40629.0,,,,62.0
C,timing,final-timing-block3-2-C,3,BenchmarkExec/xxhash.xxhash_run,100,117493.0,,,,18.0
R,timing,final-timing-block3-3-R,3,BenchmarkSharingNative/small,28434,8581.0,7536.0,20.0,,
R,timing,final-timing-block3-3-R,3,BenchmarkSharingNative/pressure,12955,18080.0,10072.0,23.0,,
R,timing,final-timing-block3-3-R,3,BenchmarkSharingNative/join,27111,9304.0,7936.0,21.0,,
R,timing,final-timing-block3-3-R,3,BenchmarkSharingNative/large,1783,127517.0,9416.0,18.0,,
R,timing,final-timing-block3-3-R,3,BenchmarkSharingNative/deep,25720,9188.0,8496.0,21.0,,
R,timing,final-timing-block3-3-R,3,BenchmarkSharingNative/locals,12948,18128.0,14160.0,22.0,,
R,timing,final-timing-block3-3-R,3,BenchmarkSharingNative/many,418,532144.0,49888.0,23.0,,
R,timing,final-timing-block3-3-R,3,BenchmarkSharingNative/large_then_small,370,644372.0,56192.0,24.0,,
R,timing,final-timing-block3-3-R,3,BenchmarkSharingNative/fallback,27348,8629.0,8504.0,21.0,,
R,timing,final-timing-block3-3-R,3,BenchmarkSharingFull/small,26151,9418.0,15064.0,73.0,,
R,timing,final-timing-block3-3-R,3,BenchmarkSharingFull/pressure,8702,24833.0,22033.0,80.0,,
R,timing,final-timing-block3-3-R,3,BenchmarkSharingFull/join,23397,9869.0,15472.0,75.0,,
R,timing,final-timing-block3-3-R,3,BenchmarkSharingFull/large,991,252279.0,95524.0,81.0,,
R,timing,final-timing-block3-3-R,3,BenchmarkSharingFull/deep,17570,13554.0,21953.0,82.0,,
R,timing,final-timing-block3-3-R,3,BenchmarkSharingFull/locals,7568,31635.0,26217.0,74.0,,
R,timing,final-timing-block3-3-R,3,BenchmarkSharingFull/many,304,765063.0,243187.0,587.0,,
R,timing,final-timing-block3-3-R,3,BenchmarkSharingFull/large_then_small,242,965457.0,295103.0,589.0,,
R,timing,final-timing-block3-3-R,3,BenchmarkSharingFull/fallback,25276,9509.0,16032.0,74.0,,
R,timing,final-timing-block3-3-R,3,BenchmarkSharingExec/small,15966091,15.28,0.0,0.0,,
R,timing,final-timing-block3-3-R,3,BenchmarkSharingExec/pressure,5355632,47.24,0.0,0.0,,
R,timing,final-timing-block3-3-R,3,BenchmarkSharingExec/join,15359378,15.68,0.0,0.0,,
R,timing,final-timing-block3-3-R,3,BenchmarkSharingExec/large,1000000,240.2,0.0,0.0,,
R,timing,final-timing-block3-3-R,3,BenchmarkSharingExec/deep,16043035,15.26,0.0,0.0,,
R,timing,final-timing-block3-3-R,3,BenchmarkSharingExec/locals,5738190,39.52,0.0,0.0,,
R,timing,final-timing-block3-3-R,3,BenchmarkSharingExec/many,15380966,15.69,0.0,0.0,,
R,timing,final-timing-block3-3-R,3,BenchmarkSharingExec/large_then_small,977052,237.6,0.0,0.0,,
R,timing,final-timing-block3-3-R,3,BenchmarkSharingExec/fallback,15978817,15.62,0.0,0.0,,
R,timing,final-timing-block3-3-R,3,BenchmarkSharingZeroLocals/1,28682,8542.0,7416.0,20.0,,
R,timing,final-timing-block3-3-R,3,BenchmarkSharingZeroLocals/8,27783,8232.0,7544.0,20.0,,
R,timing,final-timing-block3-3-R,3,BenchmarkSharingZeroLocals/64,26655,9090.0,8520.0,17.0,,
R,timing,final-timing-block3-3-R,3,BenchmarkSharingZeroLocals/256,20526,11495.0,11976.0,17.0,,
R,timing,final-timing-block3-3-R,3,BenchmarkCompile/tiny,23754,9899.0,8672.0,24.0,,
R,timing,final-timing-block3-3-R,3,BenchmarkCompile/fib_rec,12511,19209.0,27048.0,50.0,,
R,timing,final-timing-block3-3-R,3,BenchmarkCompile/many_funcs,628,362074.0,69680.0,35.0,,
R,timing,final-timing-block3-3-R,3,BenchmarkCompile/json-as,206,1089819.0,134880.0,125.0,,
R,timing,final-timing-block3-3-R,3,BenchmarkCompile/xxhash,2463,104619.0,65976.0,58.0,,
R,timing,final-timing-block3-3-R,3,BenchmarkCompileFull/tiny,16560,14925.0,18752.0,93.0,96.0,
R,timing,final-timing-block3-3-R,3,BenchmarkCompileFull/fib_rec,10000,21313.0,35753.0,107.0,320.0,
R,timing,final-timing-block3-3-R,3,BenchmarkCompileFull/many_funcs,500,491232.0,179745.0,89.0,8363.0,
R,timing,final-timing-block3-3-R,3,BenchmarkCompileFull/json-as,139,1676303.0,309930.0,399.0,67398.0,
R,timing,final-timing-block3-3-R,3,BenchmarkCompileFull/xxhash,1789,131303.0,107500.0,146.0,3301.0,
R,timing,final-timing-block3-3-R,3,BenchmarkExec/tiny.add,120,29.33,,,,69782.0
R,timing,final-timing-block3-3-R,3,BenchmarkExec/fib_rec.fib,90,665133.0,,,,4.0
R,timing,final-timing-block3-3-R,3,BenchmarkExec/many_funcs.run,100,14.65,,,,141086.0
R,timing,final-timing-block3-3-R,3,BenchmarkExec/json-as.serializeN,100,21114.0,,,,100.0
R,timing,final-timing-block3-3-R,3,BenchmarkExec/json-as.deserializeN,100,40530.0,,,,55.0
R,timing,final-timing-block3-3-R,3,BenchmarkExec/xxhash.xxhash_run,100,121722.0,,,,17.0
R,timing,final-timing-block3-4-R,3,BenchmarkSharingNative/small,29631,8254.0,7536.0,20.0,,
R,timing,final-timing-block3-4-R,3,BenchmarkSharingNative/pressure,13426,18188.0,10072.0,23.0,,
R,timing,final-timing-block3-4-R,3,BenchmarkSharingNative/join,25329,8819.0,7936.0,21.0,,
R,timing,final-timing-block3-4-R,3,BenchmarkSharingNative/large,1816,122543.0,9416.0,18.0,,
R,timing,final-timing-block3-4-R,3,BenchmarkSharingNative/deep,25551,9430.0,8496.0,21.0,,
R,timing,final-timing-block3-4-R,3,BenchmarkSharingNative/locals,13078,17810.0,14160.0,22.0,,
R,timing,final-timing-block3-4-R,3,BenchmarkSharingNative/many,463,528597.0,49888.0,23.0,,
R,timing,final-timing-block3-4-R,3,BenchmarkSharingNative/large_then_small,393,632968.0,56192.0,24.0,,
R,timing,final-timing-block3-4-R,3,BenchmarkSharingNative/fallback,28754,8937.0,8504.0,21.0,,
R,timing,final-timing-block3-4-R,3,BenchmarkSharingFull/small,25984,8890.0,15064.0,73.0,,
R,timing,final-timing-block3-4-R,3,BenchmarkSharingFull/pressure,9370,24209.0,22033.0,80.0,,
R,timing,final-timing-block3-4-R,3,BenchmarkSharingFull/join,24360,10190.0,15472.0,75.0,,
R,timing,final-timing-block3-4-R,3,BenchmarkSharingFull/large,1008,238169.0,95524.0,81.0,,
R,timing,final-timing-block3-4-R,3,BenchmarkSharingFull/deep,19558,12324.0,21953.0,82.0,,
R,timing,final-timing-block3-4-R,3,BenchmarkSharingFull/locals,7088,29292.0,26217.0,74.0,,
R,timing,final-timing-block3-4-R,3,BenchmarkSharingFull/many,301,719358.0,243187.0,587.0,,
R,timing,final-timing-block3-4-R,3,BenchmarkSharingFull/large_then_small,249,951826.0,295103.0,589.0,,
R,timing,final-timing-block3-4-R,3,BenchmarkSharingFull/fallback,25495,9181.0,16032.0,74.0,,
R,timing,final-timing-block3-4-R,3,BenchmarkSharingExec/small,15718095,15.28,0.0,0.0,,
R,timing,final-timing-block3-4-R,3,BenchmarkSharingExec/pressure,3043563,79.59,0.0,0.0,,
R,timing,final-timing-block3-4-R,3,BenchmarkSharingExec/join,15581515,15.82,0.0,0.0,,
R,timing,final-timing-block3-4-R,3,BenchmarkSharingExec/large,987240,237.9,0.0,0.0,,
R,timing,final-timing-block3-4-R,3,BenchmarkSharingExec/deep,16130473,15.09,0.0,0.0,,
R,timing,final-timing-block3-4-R,3,BenchmarkSharingExec/locals,6167385,39.38,0.0,0.0,,
R,timing,final-timing-block3-4-R,3,BenchmarkSharingExec/many,15975714,15.09,0.0,0.0,,
R,timing,final-timing-block3-4-R,3,BenchmarkSharingExec/large_then_small,1000000,237.3,0.0,0.0,,
R,timing,final-timing-block3-4-R,3,BenchmarkSharingExec/fallback,15974042,15.54,0.0,0.0,,
R,timing,final-timing-block3-4-R,3,BenchmarkSharingZeroLocals/1,24576,9333.0,7416.0,20.0,,
R,timing,final-timing-block3-4-R,3,BenchmarkSharingZeroLocals/8,25236,9792.0,7544.0,20.0,,
R,timing,final-timing-block3-4-R,3,BenchmarkSharingZeroLocals/64,22618,10432.0,8520.0,17.0,,
R,timing,final-timing-block3-4-R,3,BenchmarkSharingZeroLocals/256,19044,12960.0,11976.0,17.0,,
R,timing,final-timing-block3-4-R,3,BenchmarkCompile/tiny,21062,11690.0,8672.0,24.0,,
R,timing,final-timing-block3-4-R,3,BenchmarkCompile/fib_rec,11654,20122.0,27048.0,50.0,,
R,timing,final-timing-block3-4-R,3,BenchmarkCompile/many_funcs,570,363204.0,69680.0,35.0,,
R,timing,final-timing-block3-4-R,3,BenchmarkCompile/json-as,216,1123708.0,134880.0,125.0,,
R,timing,final-timing-block3-4-R,3,BenchmarkCompile/xxhash,2400,104564.0,65976.0,58.0,,
R,timing,final-timing-block3-4-R,3,BenchmarkCompileFull/tiny,16639,14336.0,18752.0,93.0,96.0,
R,timing,final-timing-block3-4-R,3,BenchmarkCompileFull/fib_rec,10000,21027.0,35753.0,107.0,320.0,
R,timing,final-timing-block3-4-R,3,BenchmarkCompileFull/many_funcs,463,481334.0,179745.0,89.0,8363.0,
R,timing,final-timing-block3-4-R,3,BenchmarkCompileFull/json-as,141,1655771.0,309929.0,399.0,67398.0,
R,timing,final-timing-block3-4-R,3,BenchmarkCompileFull/xxhash,1714,127742.0,107500.0,146.0,3301.0,
R,timing,final-timing-block3-4-R,3,BenchmarkExec/tiny.add,100,14.92,,,,136808.0
R,timing,final-timing-block3-4-R,3,BenchmarkExec/fib_rec.fib,91,680533.0,,,,4.0
R,timing,final-timing-block3-4-R,3,BenchmarkExec/many_funcs.run,100,14.6,,,,139892.0
R,timing,final-timing-block3-4-R,3,BenchmarkExec/json-as.serializeN,100,21102.0,,,,101.0
R,timing,final-timing-block3-4-R,3,BenchmarkExec/json-as.deserializeN,100,40468.0,,,,64.0
R,timing,final-timing-block3-4-R,3,BenchmarkExec/xxhash.xxhash_run,120,117857.0,,,,18.0
C,timing,final-timing-block3-5-C,3,BenchmarkSharingNative/small,29701,8196.0,7536.0,20.0,,
C,timing,final-timing-block3-5-C,3,BenchmarkSharingNative/pressure,12494,18019.0,10072.0,23.0,,
C,timing,final-timing-block3-5-C,3,BenchmarkSharingNative/join,26538,8941.0,7936.0,21.0,,
C,timing,final-timing-block3-5-C,3,BenchmarkSharingNative/large,1868,124260.0,9416.0,18.0,,
C,timing,final-timing-block3-5-C,3,BenchmarkSharingNative/deep,24625,9422.0,8496.0,21.0,,
C,timing,final-timing-block3-5-C,3,BenchmarkSharingNative/locals,12783,18179.0,14160.0,22.0,,
C,timing,final-timing-block3-5-C,3,BenchmarkSharingNative/many,448,524772.0,49888.0,23.0,,
C,timing,final-timing-block3-5-C,3,BenchmarkSharingNative/large_then_small,361,643847.0,56192.0,24.0,,
C,timing,final-timing-block3-5-C,3,BenchmarkSharingNative/fallback,28068,8575.0,8504.0,21.0,,
C,timing,final-timing-block3-5-C,3,BenchmarkSharingFull/small,24616,8998.0,15064.0,73.0,,
C,timing,final-timing-block3-5-C,3,BenchmarkSharingFull/pressure,9550,25640.0,22033.0,80.0,,
C,timing,final-timing-block3-5-C,3,BenchmarkSharingFull/join,23529,10408.0,15472.0,75.0,,
C,timing,final-timing-block3-5-C,3,BenchmarkSharingFull/large,1027,230700.0,95525.0,81.0,,
C,timing,final-timing-block3-5-C,3,BenchmarkSharingFull/deep,19335,12948.0,21953.0,82.0,,
C,timing,final-timing-block3-5-C,3,BenchmarkSharingFull/locals,7462,29217.0,26217.0,74.0,,
C,timing,final-timing-block3-5-C,3,BenchmarkSharingFull/many,324,720020.0,243188.0,587.0,,
C,timing,final-timing-block3-5-C,3,BenchmarkSharingFull/large_then_small,243,978569.0,295102.0,589.0,,
C,timing,final-timing-block3-5-C,3,BenchmarkSharingFull/fallback,23359,9492.0,16032.0,74.0,,
C,timing,final-timing-block3-5-C,3,BenchmarkSharingExec/small,15541814,15.2,0.0,0.0,,
C,timing,final-timing-block3-5-C,3,BenchmarkSharingExec/pressure,5075718,45.15,0.0,0.0,,
C,timing,final-timing-block3-5-C,3,BenchmarkSharingExec/join,15483642,15.71,0.0,0.0,,
C,timing,final-timing-block3-5-C,3,BenchmarkSharingExec/large,993817,233.7,0.0,0.0,,
C,timing,final-timing-block3-5-C,3,BenchmarkSharingExec/deep,16064821,15.37,0.0,0.0,,
C,timing,final-timing-block3-5-C,3,BenchmarkSharingExec/locals,6134253,39.18,0.0,0.0,,
C,timing,final-timing-block3-5-C,3,BenchmarkSharingExec/many,15652119,15.49,0.0,0.0,,
C,timing,final-timing-block3-5-C,3,BenchmarkSharingExec/large_then_small,1000000,239.3,0.0,0.0,,
C,timing,final-timing-block3-5-C,3,BenchmarkSharingExec/fallback,15913944,15.6,0.0,0.0,,
C,timing,final-timing-block3-5-C,3,BenchmarkSharingZeroLocals/1,25677,9851.0,7416.0,20.0,,
C,timing,final-timing-block3-5-C,3,BenchmarkSharingZeroLocals/8,23799,9630.0,7544.0,20.0,,
C,timing,final-timing-block3-5-C,3,BenchmarkSharingZeroLocals/64,22534,10013.0,8520.0,17.0,,
C,timing,final-timing-block3-5-C,3,BenchmarkSharingZeroLocals/256,18357,12834.0,11976.0,17.0,,
C,timing,final-timing-block3-5-C,3,BenchmarkCompile/tiny,20805,11823.0,8672.0,24.0,,
C,timing,final-timing-block3-5-C,3,BenchmarkCompile/fib_rec,10000,21578.0,27048.0,50.0,,
C,timing,final-timing-block3-5-C,3,BenchmarkCompile/many_funcs,621,375414.0,69680.0,35.0,,
C,timing,final-timing-block3-5-C,3,BenchmarkCompile/json-as,212,1074796.0,134880.0,125.0,,
C,timing,final-timing-block3-5-C,3,BenchmarkCompile/xxhash,2625,106506.0,65976.0,58.0,,
C,timing,final-timing-block3-5-C,3,BenchmarkCompileFull/tiny,16677,14347.0,18752.0,93.0,96.0,
C,timing,final-timing-block3-5-C,3,BenchmarkCompileFull/fib_rec,10000,22165.0,35753.0,107.0,320.0,
C,timing,final-timing-block3-5-C,3,BenchmarkCompileFull/many_funcs,493,490525.0,179745.0,89.0,8363.0,
C,timing,final-timing-block3-5-C,3,BenchmarkCompileFull/json-as,141,1610292.0,309929.0,399.0,67398.0,
C,timing,final-timing-block3-5-C,3,BenchmarkCompileFull/xxhash,1680,133401.0,107500.0,146.0,3301.0,
C,timing,final-timing-block3-5-C,3,BenchmarkExec/tiny.add,100,14.91,,,,138590.0
C,timing,final-timing-block3-5-C,3,BenchmarkExec/fib_rec.fib,88,663485.0,,,,4.0
C,timing,final-timing-block3-5-C,3,BenchmarkExec/many_funcs.run,100,15.08,,,,135372.0
C,timing,final-timing-block3-5-C,3,BenchmarkExec/json-as.serializeN,100,21499.0,,,,98.0
C,timing,final-timing-block3-5-C,3,BenchmarkExec/json-as.deserializeN,100,40782.0,,,,60.0
C,timing,final-timing-block3-5-C,3,BenchmarkExec/xxhash.xxhash_run,127,117947.0,,,,17.0
A,timing,final-timing-block3-6-A,3,BenchmarkSharingNative/small,27684,8662.0,8248.0,21.0,,
A,timing,final-timing-block3-6-A,3,BenchmarkSharingNative/pressure,10000,25019.0,19488.0,18.0,,
A,timing,final-timing-block3-6-A,3,BenchmarkSharingNative/join,25000,9858.0,10152.0,26.0,,
A,timing,final-timing-block3-6-A,3,BenchmarkSharingNative/large,1190,187800.0,228544.0,24.0,,
A,timing,final-timing-block3-6-A,3,BenchmarkSharingNative/deep,18615,12435.0,11504.0,22.0,,
A,timing,final-timing-block3-6-A,3,BenchmarkSharingNative/locals,7729,32922.0,29192.0,21.0,,
A,timing,final-timing-block3-6-A,3,BenchmarkSharingNative/many,480,525323.0,50600.0,24.0,,
A,timing,final-timing-block3-6-A,3,BenchmarkSharingNative/large_then_small,314,776105.0,275320.0,30.0,,
A,timing,final-timing-block3-6-A,3,BenchmarkSharingNative/fallback,28146,8792.0,8248.0,21.0,,
A,timing,final-timing-block3-6-A,3,BenchmarkSharingFull/small,24985,9167.0,15776.0,74.0,,
A,timing,final-timing-block3-6-A,3,BenchmarkSharingFull/pressure,8078,31463.0,31449.0,75.0,,
A,timing,final-timing-block3-6-A,3,BenchmarkSharingFull/join,21333,11269.0,17688.0,80.0,,
A,timing,final-timing-block3-6-A,3,BenchmarkSharingFull/large,841,259276.0,315927.0,87.0,,
A,timing,final-timing-block3-6-A,3,BenchmarkSharingFull/deep,15278,16160.0,24961.0,83.0,,
A,timing,final-timing-block3-6-A,3,BenchmarkSharingFull/locals,4992,43075.0,41242.0,73.0,,
A,timing,final-timing-block3-6-A,3,BenchmarkSharingFull/many,313,746685.0,243900.0,588.0,,
A,timing,final-timing-block3-6-A,3,BenchmarkSharingFull/large_then_small,229,1086184.0,514235.0,595.0,,
A,timing,final-timing-block3-6-A,3,BenchmarkSharingFull/fallback,24896,9217.0,15776.0,74.0,,
A,timing,final-timing-block3-6-A,3,BenchmarkSharingExec/small,15663303,15.14,0.0,0.0,,
A,timing,final-timing-block3-6-A,3,BenchmarkSharingExec/pressure,5180478,47.05,0.0,0.0,,
A,timing,final-timing-block3-6-A,3,BenchmarkSharingExec/join,15829134,15.52,0.0,0.0,,
A,timing,final-timing-block3-6-A,3,BenchmarkSharingExec/large,993438,234.1,0.0,0.0,,
A,timing,final-timing-block3-6-A,3,BenchmarkSharingExec/deep,16266730,15.21,0.0,0.0,,
A,timing,final-timing-block3-6-A,3,BenchmarkSharingExec/locals,3001684,81.44,0.0,0.0,,
A,timing,final-timing-block3-6-A,3,BenchmarkSharingExec/many,15985369,15.47,0.0,0.0,,
A,timing,final-timing-block3-6-A,3,BenchmarkSharingExec/large_then_small,997101,233.3,0.0,0.0,,
A,timing,final-timing-block3-6-A,3,BenchmarkSharingExec/fallback,15950244,15.33,0.0,0.0,,
A,timing,final-timing-block3-6-A,3,BenchmarkSharingZeroLocals/1,25807,10107.0,8216.0,20.0,,
A,timing,final-timing-block3-6-A,3,BenchmarkSharingZeroLocals/8,23408,10065.0,8360.0,22.0,,
A,timing,final-timing-block3-6-A,3,BenchmarkSharingZeroLocals/64,20056,11712.0,9064.0,19.0,,
A,timing,final-timing-block3-6-A,3,BenchmarkSharingZeroLocals/256,15877,15401.0,14569.0,16.0,,
A,timing,final-timing-block3-6-A,3,BenchmarkCompile/tiny,21392,11257.0,8344.0,22.0,,
A,timing,final-timing-block3-6-A,3,BenchmarkCompile/fib_rec,10000,20344.0,26792.0,50.0,,
A,timing,final-timing-block3-6-A,3,BenchmarkCompile/many_funcs,610,378398.0,69272.0,31.0,,
A,timing,final-timing-block3-6-A,3,BenchmarkCompile/json-as,211,1094122.0,134624.0,125.0,,
A,timing,final-timing-block3-6-A,3,BenchmarkCompile/xxhash,2498,103126.0,65720.0,58.0,,
A,timing,final-timing-block3-6-A,3,BenchmarkCompileFull/tiny,16474,14006.0,18416.0,91.0,96.0,
A,timing,final-timing-block3-6-A,3,BenchmarkCompileFull/fib_rec,10000,21240.0,35497.0,107.0,320.0,
A,timing,final-timing-block3-6-A,3,BenchmarkCompileFull/many_funcs,482,505775.0,179337.0,85.0,7771.0,
A,timing,final-timing-block3-6-A,3,BenchmarkCompileFull/json-as,150,1595690.0,309674.0,399.0,67398.0,
A,timing,final-timing-block3-6-A,3,BenchmarkCompileFull/xxhash,1690,130279.0,107228.0,146.0,3301.0,
A,timing,final-timing-block3-6-A,3,BenchmarkExec/tiny.add,100,14.92,,,,140329.0
A,timing,final-timing-block3-6-A,3,BenchmarkExec/fib_rec.fib,121,655481.0,,,,4.0
A,timing,final-timing-block3-6-A,3,BenchmarkExec/many_funcs.run,100,14.94,,,,139714.0
A,timing,final-timing-block3-6-A,3,BenchmarkExec/json-as.serializeN,100,21395.0,,,,100.0
A,timing,final-timing-block3-6-A,3,BenchmarkExec/json-as.deserializeN,100,39817.0,,,,62.0
A,timing,final-timing-block3-6-A,3,BenchmarkExec/xxhash.xxhash_run,123,119209.0,,,,17.0
A,long,final-long-block1-1-A,1,BenchmarkSharingExec/small,80310829,15.16,0.0,0.0,,
A,long,final-long-block1-1-A,1,BenchmarkSharingExec/pressure,24077972,46.89,0.0,0.0,,
A,long,final-long-block1-1-A,1,BenchmarkSharingExec/join,78270548,15.34,0.0,0.0,,
A,long,final-long-block1-1-A,1,BenchmarkSharingExec/locals,15028743,80.67,0.0,0.0,,
A,long,final-long-block1-1-A,1,BenchmarkSharingExec/many,78835286,15.16,0.0,0.0,,
A,long,final-long-block1-1-A,1,BenchmarkSharingExec/large_then_small,5014501,234.8,0.0,0.0,,
A,long,final-long-block1-1-A,1,BenchmarkExec/tiny.add,591,14.83,,,,136219.0
A,long,final-long-block1-1-A,1,BenchmarkExec/many_funcs.run,590,14.69,,,,140150.0
C,long,final-long-block1-2-C,1,BenchmarkSharingExec/small,79670683,15.17,0.0,0.0,,
C,long,final-long-block1-2-C,1,BenchmarkSharingExec/pressure,26900443,45.18,0.0,0.0,,
C,long,final-long-block1-2-C,1,BenchmarkSharingExec/join,76793398,15.49,0.0,0.0,,
C,long,final-long-block1-2-C,1,BenchmarkSharingExec/locals,30289975,39.22,0.0,0.0,,
C,long,final-long-block1-2-C,1,BenchmarkSharingExec/many,79699786,15.2,0.0,0.0,,
C,long,final-long-block1-2-C,1,BenchmarkSharingExec/large_then_small,5179556,235.4,0.0,0.0,,
C,long,final-long-block1-2-C,1,BenchmarkExec/tiny.add,566,15.0,,,,136925.0
C,long,final-long-block1-2-C,1,BenchmarkExec/many_funcs.run,596,14.63,,,,138675.0
R,long,final-long-block1-3-R,1,BenchmarkSharingExec/small,79811209,15.25,0.0,0.0,,
R,long,final-long-block1-3-R,1,BenchmarkSharingExec/pressure,26942308,44.84,0.0,0.0,,
R,long,final-long-block1-3-R,1,BenchmarkSharingExec/join,78081084,15.45,0.0,0.0,,
R,long,final-long-block1-3-R,1,BenchmarkSharingExec/locals,30883515,39.3,0.0,0.0,,
R,long,final-long-block1-3-R,1,BenchmarkSharingExec/many,79065346,15.22,0.0,0.0,,
R,long,final-long-block1-3-R,1,BenchmarkSharingExec/large_then_small,5160360,236.2,0.0,0.0,,
R,long,final-long-block1-3-R,1,BenchmarkExec/tiny.add,578,14.81,,,,137886.0
R,long,final-long-block1-3-R,1,BenchmarkExec/many_funcs.run,595,14.72,,,,140148.0
R,long,final-long-block1-4-R,1,BenchmarkSharingExec/small,79947841,15.16,0.0,0.0,,
R,long,final-long-block1-4-R,1,BenchmarkSharingExec/pressure,26746711,44.69,0.0,0.0,,
R,long,final-long-block1-4-R,1,BenchmarkSharingExec/join,77886967,15.54,0.0,0.0,,
R,long,final-long-block1-4-R,1,BenchmarkSharingExec/locals,30678326,39.23,0.0,0.0,,
R,long,final-long-block1-4-R,1,BenchmarkSharingExec/many,79894730,15.17,0.0,0.0,,
R,long,final-long-block1-4-R,1,BenchmarkSharingExec/large_then_small,5180254,236.7,0.0,0.0,,
R,long,final-long-block1-4-R,1,BenchmarkExec/tiny.add,566,14.74,,,,136074.0
R,long,final-long-block1-4-R,1,BenchmarkExec/many_funcs.run,584,14.67,,,,140704.0
C,long,final-long-block1-5-C,1,BenchmarkSharingExec/small,77257069,15.19,0.0,0.0,,
C,long,final-long-block1-5-C,1,BenchmarkSharingExec/pressure,26985700,45.57,0.0,0.0,,
C,long,final-long-block1-5-C,1,BenchmarkSharingExec/join,77702582,15.55,0.0,0.0,,
C,long,final-long-block1-5-C,1,BenchmarkSharingExec/locals,31086997,39.14,0.0,0.0,,
C,long,final-long-block1-5-C,1,BenchmarkSharingExec/many,77919026,15.21,0.0,0.0,,
C,long,final-long-block1-5-C,1,BenchmarkSharingExec/large_then_small,5144257,235.8,0.0,0.0,,
C,long,final-long-block1-5-C,1,BenchmarkExec/tiny.add,586,14.7,,,,138642.0
C,long,final-long-block1-5-C,1,BenchmarkExec/many_funcs.run,565,14.64,,,,138193.0
A,long,final-long-block1-6-A,1,BenchmarkSharingExec/small,79955352,15.12,0.0,0.0,,
A,long,final-long-block1-6-A,1,BenchmarkSharingExec/pressure,26219924,46.83,0.0,0.0,,
A,long,final-long-block1-6-A,1,BenchmarkSharingExec/join,79261478,15.36,0.0,0.0,,
A,long,final-long-block1-6-A,1,BenchmarkSharingExec/locals,14707444,80.43,0.0,0.0,,
A,long,final-long-block1-6-A,1,BenchmarkSharingExec/many,79590975,15.15,0.0,0.0,,
A,long,final-long-block1-6-A,1,BenchmarkSharingExec/large_then_small,5049279,240.2,0.0,0.0,,
A,long,final-long-block1-6-A,1,BenchmarkExec/tiny.add,589,14.78,,,,136429.0
A,long,final-long-block1-6-A,1,BenchmarkExec/many_funcs.run,576,14.74,,,,141498.0
A,long,final-long-block2-1-A,2,BenchmarkSharingExec/small,80010789,15.13,0.0,0.0,,
A,long,final-long-block2-1-A,2,BenchmarkSharingExec/pressure,26227519,46.53,0.0,0.0,,
A,long,final-long-block2-1-A,2,BenchmarkSharingExec/join,78090469,15.29,0.0,0.0,,
A,long,final-long-block2-1-A,2,BenchmarkSharingExec/locals,14959882,80.67,0.0,0.0,,
A,long,final-long-block2-1-A,2,BenchmarkSharingExec/many,77368834,15.11,0.0,0.0,,
A,long,final-long-block2-1-A,2,BenchmarkSharingExec/large_then_small,4926594,232.6,0.0,0.0,,
A,long,final-long-block2-1-A,2,BenchmarkExec/tiny.add,616,14.83,,,,138217.0
A,long,final-long-block2-1-A,2,BenchmarkExec/many_funcs.run,589,14.67,,,,140955.0
C,long,final-long-block2-2-C,2,BenchmarkSharingExec/small,80234229,15.16,0.0,0.0,,
C,long,final-long-block2-2-C,2,BenchmarkSharingExec/pressure,27003355,44.95,0.0,0.0,,
C,long,final-long-block2-2-C,2,BenchmarkSharingExec/join,77013686,15.52,0.0,0.0,,
C,long,final-long-block2-2-C,2,BenchmarkSharingExec/locals,30782305,39.46,0.0,0.0,,
C,long,final-long-block2-2-C,2,BenchmarkSharingExec/many,80137012,15.26,0.0,0.0,,
C,long,final-long-block2-2-C,2,BenchmarkSharingExec/large_then_small,5015518,237.5,0.0,0.0,,
C,long,final-long-block2-2-C,2,BenchmarkExec/tiny.add,592,14.81,,,,137687.0
C,long,final-long-block2-2-C,2,BenchmarkExec/many_funcs.run,597,14.68,,,,139906.0
R,long,final-long-block2-3-R,2,BenchmarkSharingExec/small,80013446,15.21,0.0,0.0,,
R,long,final-long-block2-3-R,2,BenchmarkSharingExec/pressure,26873086,44.86,0.0,0.0,,
R,long,final-long-block2-3-R,2,BenchmarkSharingExec/join,78565251,15.51,0.0,0.0,,
R,long,final-long-block2-3-R,2,BenchmarkSharingExec/locals,30890582,39.09,0.0,0.0,,
R,long,final-long-block2-3-R,2,BenchmarkSharingExec/many,79303964,15.21,0.0,0.0,,
R,long,final-long-block2-3-R,2,BenchmarkSharingExec/large_then_small,5171440,234.5,0.0,0.0,,
R,long,final-long-block2-3-R,2,BenchmarkExec/tiny.add,568,14.84,,,,137883.0
R,long,final-long-block2-3-R,2,BenchmarkExec/many_funcs.run,592,14.77,,,,144178.0
R,long,final-long-block2-4-R,2,BenchmarkSharingExec/small,79444045,15.18,0.0,0.0,,
R,long,final-long-block2-4-R,2,BenchmarkSharingExec/pressure,26769867,44.73,0.0,0.0,,
R,long,final-long-block2-4-R,2,BenchmarkSharingExec/join,78168373,15.62,0.0,0.0,,
R,long,final-long-block2-4-R,2,BenchmarkSharingExec/locals,30949734,39.13,0.0,0.0,,
R,long,final-long-block2-4-R,2,BenchmarkSharingExec/many,79666177,15.16,0.0,0.0,,
R,long,final-long-block2-4-R,2,BenchmarkSharingExec/large_then_small,5061192,234.9,0.0,0.0,,
R,long,final-long-block2-4-R,2,BenchmarkExec/tiny.add,555,14.73,,,,134545.0
R,long,final-long-block2-4-R,2,BenchmarkExec/many_funcs.run,613,14.57,,,,141737.0
C,long,final-long-block2-5-C,2,BenchmarkSharingExec/small,77880592,15.21,0.0,0.0,,
C,long,final-long-block2-5-C,2,BenchmarkSharingExec/pressure,26305989,45.07,0.0,0.0,,
C,long,final-long-block2-5-C,2,BenchmarkSharingExec/join,78620724,15.47,0.0,0.0,,
C,long,final-long-block2-5-C,2,BenchmarkSharingExec/locals,30851556,39.5,0.0,0.0,,
C,long,final-long-block2-5-C,2,BenchmarkSharingExec/many,79498770,15.21,0.0,0.0,,
C,long,final-long-block2-5-C,2,BenchmarkSharingExec/large_then_small,4988094,235.0,0.0,0.0,,
C,long,final-long-block2-5-C,2,BenchmarkExec/tiny.add,574,14.81,,,,134786.0
C,long,final-long-block2-5-C,2,BenchmarkExec/many_funcs.run,578,14.76,,,,140212.0
A,long,final-long-block2-6-A,2,BenchmarkSharingExec/small,80828888,15.21,0.0,0.0,,
A,long,final-long-block2-6-A,2,BenchmarkSharingExec/pressure,26487480,46.66,0.0,0.0,,
A,long,final-long-block2-6-A,2,BenchmarkSharingExec/join,77778580,15.43,0.0,0.0,,
A,long,final-long-block2-6-A,2,BenchmarkSharingExec/locals,14950009,80.99,0.0,0.0,,
A,long,final-long-block2-6-A,2,BenchmarkSharingExec/many,79994884,15.08,0.0,0.0,,
A,long,final-long-block2-6-A,2,BenchmarkSharingExec/large_then_small,5220301,235.6,0.0,0.0,,
A,long,final-long-block2-6-A,2,BenchmarkExec/tiny.add,591,14.9,,,,138724.0
A,long,final-long-block2-6-A,2,BenchmarkExec/many_funcs.run,576,14.72,,,,138264.0
A,long,final-long-block3-1-A,3,BenchmarkSharingExec/small,78027104,15.2,0.0,0.0,,
A,long,final-long-block3-1-A,3,BenchmarkSharingExec/pressure,26031420,46.34,0.0,0.0,,
A,long,final-long-block3-1-A,3,BenchmarkSharingExec/join,79026212,15.39,0.0,0.0,,
A,long,final-long-block3-1-A,3,BenchmarkSharingExec/locals,14864827,80.77,0.0,0.0,,
A,long,final-long-block3-1-A,3,BenchmarkSharingExec/many,78884794,15.22,0.0,0.0,,
A,long,final-long-block3-1-A,3,BenchmarkSharingExec/large_then_small,5161189,235.7,0.0,0.0,,
A,long,final-long-block3-1-A,3,BenchmarkExec/tiny.add,576,14.79,,,,137264.0
A,long,final-long-block3-1-A,3,BenchmarkExec/many_funcs.run,585,14.75,,,,139683.0
C,long,final-long-block3-2-C,3,BenchmarkSharingExec/small,80264841,15.15,0.0,0.0,,
C,long,final-long-block3-2-C,3,BenchmarkSharingExec/pressure,26829663,44.99,0.0,0.0,,
C,long,final-long-block3-2-C,3,BenchmarkSharingExec/join,77610692,15.99,0.0,0.0,,
C,long,final-long-block3-2-C,3,BenchmarkSharingExec/locals,30006392,39.28,0.0,0.0,,
C,long,final-long-block3-2-C,3,BenchmarkSharingExec/many,79251621,15.17,0.0,0.0,,
C,long,final-long-block3-2-C,3,BenchmarkSharingExec/large_then_small,5067192,234.8,0.0,0.0,,
C,long,final-long-block3-2-C,3,BenchmarkExec/tiny.add,576,14.75,,,,135955.0
C,long,final-long-block3-2-C,3,BenchmarkExec/many_funcs.run,580,17.26,,,,118820.0
R,long,final-long-block3-3-R,3,BenchmarkSharingExec/small,78472197,15.14,0.0,0.0,,
R,long,final-long-block3-3-R,3,BenchmarkSharingExec/pressure,27077047,44.97,0.0,0.0,,
R,long,final-long-block3-3-R,3,BenchmarkSharingExec/join,78106972,15.46,0.0,0.0,,
R,long,final-long-block3-3-R,3,BenchmarkSharingExec/locals,30955826,39.23,0.0,0.0,,
R,long,final-long-block3-3-R,3,BenchmarkSharingExec/many,79827566,15.21,0.0,0.0,,
R,long,final-long-block3-3-R,3,BenchmarkSharingExec/large_then_small,4993478,236.9,0.0,0.0,,
R,long,final-long-block3-3-R,3,BenchmarkExec/tiny.add,580,14.77,,,,138523.0
R,long,final-long-block3-3-R,3,BenchmarkExec/many_funcs.run,582,14.59,,,,141982.0
R,long,final-long-block3-4-R,3,BenchmarkSharingExec/small,80280435,25.94,0.0,0.0,,
R,long,final-long-block3-4-R,3,BenchmarkSharingExec/pressure,26911620,44.86,0.0,0.0,,
R,long,final-long-block3-4-R,3,BenchmarkSharingExec/join,78303670,15.55,0.0,0.0,,
R,long,final-long-block3-4-R,3,BenchmarkSharingExec/locals,29214200,39.05,0.0,0.0,,
R,long,final-long-block3-4-R,3,BenchmarkSharingExec/many,80082746,15.15,0.0,0.0,,
R,long,final-long-block3-4-R,3,BenchmarkSharingExec/large_then_small,5067782,235.2,0.0,0.0,,
R,long,final-long-block3-4-R,3,BenchmarkExec/tiny.add,574,14.75,,,,135331.0
R,long,final-long-block3-4-R,3,BenchmarkExec/many_funcs.run,582,14.63,,,,137919.0
C,long,final-long-block3-5-C,3,BenchmarkSharingExec/small,80410910,15.07,0.0,0.0,,
C,long,final-long-block3-5-C,3,BenchmarkSharingExec/pressure,27030321,45.04,0.0,0.0,,
C,long,final-long-block3-5-C,3,BenchmarkSharingExec/join,78280576,15.46,0.0,0.0,,
C,long,final-long-block3-5-C,3,BenchmarkSharingExec/locals,30715366,39.17,0.0,0.0,,
C,long,final-long-block3-5-C,3,BenchmarkSharingExec/many,80229498,15.12,0.0,0.0,,
C,long,final-long-block3-5-C,3,BenchmarkSharingExec/large_then_small,4866278,235.1,0.0,0.0,,
C,long,final-long-block3-5-C,3,BenchmarkExec/tiny.add,573,14.77,,,,137183.0
C,long,final-long-block3-5-C,3,BenchmarkExec/many_funcs.run,597,14.77,,,,140732.0
A,long,final-long-block3-6-A,3,BenchmarkSharingExec/small,78858906,15.23,0.0,0.0,,
A,long,final-long-block3-6-A,3,BenchmarkSharingExec/pressure,26177857,46.5,0.0,0.0,,
A,long,final-long-block3-6-A,3,BenchmarkSharingExec/join,78248256,15.26,0.0,0.0,,
A,long,final-long-block3-6-A,3,BenchmarkSharingExec/locals,15030140,82.22,0.0,0.0,,
A,long,final-long-block3-6-A,3,BenchmarkSharingExec/many,80659081,15.11,0.0,0.0,,
A,long,final-long-block3-6-A,3,BenchmarkSharingExec/large_then_small,5049807,236.2,0.0,0.0,,
A,long,final-long-block3-6-A,3,BenchmarkExec/tiny.add,585,14.79,,,,137715.0
A,long,final-long-block3-6-A,3,BenchmarkExec/many_funcs.run,598,17.16,,,,118291.0
A,workers,final-workers-block1-1-A,1,BenchmarkCompileFullWorkers/tiny/p1,12865,19170.0,18276.0,90.0,96.0,
A,workers,final-workers-block1-1-A,1,BenchmarkCompileFullWorkers/tiny/auto,13216,18068.0,18276.0,90.0,96.0,
A,workers,final-workers-block1-1-A,1,BenchmarkCompileFullWorkers/many_funcs/p1,572,401166.0,179224.0,84.0,7771.0,
A,workers,final-workers-block1-1-A,1,BenchmarkCompileFullWorkers/many_funcs/auto,651,340959.0,289039.0,145.0,7771.0,
A,workers,final-workers-block1-1-A,1,BenchmarkCompileFullWorkers/json-as/p1,166,1365098.0,309586.0,398.0,67398.0,
A,workers,final-workers-block1-1-A,1,BenchmarkCompileFullWorkers/json-as/auto,236,934806.0,646970.0,673.0,67398.0,
C,workers,final-workers-block1-2-C,1,BenchmarkCompileFullWorkers/tiny/p1,10803,22717.0,18613.0,92.0,96.0,
C,workers,final-workers-block1-2-C,1,BenchmarkCompileFullWorkers/tiny/auto,10000,20059.0,18612.0,92.0,96.0,
C,workers,final-workers-block1-2-C,1,BenchmarkCompileFullWorkers/many_funcs/p1,495,442950.0,179628.0,88.0,8363.0,
C,workers,final-workers-block1-2-C,1,BenchmarkCompileFullWorkers/many_funcs/auto,643,357399.0,241472.0,149.0,8363.0,
C,workers,final-workers-block1-2-C,1,BenchmarkCompileFullWorkers/json-as/p1,156,1388881.0,309839.0,398.0,67398.0,
C,workers,final-workers-block1-2-C,1,BenchmarkCompileFullWorkers/json-as/auto,256,991900.0,647317.0,672.0,67398.0,
R,workers,final-workers-block1-3-R,1,BenchmarkCompileFullWorkers/tiny/p1,13106,20402.0,18612.0,92.0,96.0,
R,workers,final-workers-block1-3-R,1,BenchmarkCompileFullWorkers/tiny/auto,9717,21108.0,18612.0,92.0,96.0,
R,workers,final-workers-block1-3-R,1,BenchmarkCompileFullWorkers/many_funcs/p1,547,432290.0,179632.0,88.0,8363.0,
R,workers,final-workers-block1-3-R,1,BenchmarkCompileFullWorkers/many_funcs/auto,655,336170.0,240970.0,149.0,8363.0,
R,workers,final-workers-block1-3-R,1,BenchmarkCompileFullWorkers/json-as/p1,174,1389701.0,309846.0,398.0,67398.0,
R,workers,final-workers-block1-3-R,1,BenchmarkCompileFullWorkers/json-as/auto,254,983816.0,652000.0,670.0,67398.0,
R,workers,final-workers-block1-4-R,1,BenchmarkCompileFullWorkers/tiny/p1,13766,18202.0,18612.0,92.0,96.0,
R,workers,final-workers-block1-4-R,1,BenchmarkCompileFullWorkers/tiny/auto,13146,18807.0,18612.0,92.0,96.0,
R,workers,final-workers-block1-4-R,1,BenchmarkCompileFullWorkers/many_funcs/p1,562,419900.0,179632.0,88.0,8363.0,
R,workers,final-workers-block1-4-R,1,BenchmarkCompileFullWorkers/many_funcs/auto,733,332907.0,241158.0,149.0,8363.0,
R,workers,final-workers-block1-4-R,1,BenchmarkCompileFullWorkers/json-as/p1,169,1369025.0,309834.0,398.0,67398.0,
R,workers,final-workers-block1-4-R,1,BenchmarkCompileFullWorkers/json-as/auto,242,962262.0,648317.0,673.0,67398.0,
C,workers,final-workers-block1-5-C,1,BenchmarkCompileFullWorkers/tiny/p1,13344,18221.0,18612.0,92.0,96.0,
C,workers,final-workers-block1-5-C,1,BenchmarkCompileFullWorkers/tiny/auto,13693,18202.0,18612.0,92.0,96.0,
C,workers,final-workers-block1-5-C,1,BenchmarkCompileFullWorkers/many_funcs/p1,564,421036.0,179635.0,88.0,8363.0,
C,workers,final-workers-block1-5-C,1,BenchmarkCompileFullWorkers/many_funcs/auto,727,337877.0,241076.0,149.0,8363.0,
C,workers,final-workers-block1-5-C,1,BenchmarkCompileFullWorkers/json-as/p1,176,1377719.0,309839.0,398.0,67398.0,
C,workers,final-workers-block1-5-C,1,BenchmarkCompileFullWorkers/json-as/auto,250,963287.0,647967.0,674.0,67398.0,
A,workers,final-workers-block1-6-A,1,BenchmarkCompileFullWorkers/tiny/p1,12993,18469.0,18276.0,90.0,96.0,
A,workers,final-workers-block1-6-A,1,BenchmarkCompileFullWorkers/tiny/auto,12903,17724.0,18276.0,90.0,96.0,
A,workers,final-workers-block1-6-A,1,BenchmarkCompileFullWorkers/many_funcs/p1,586,401718.0,179221.0,84.0,7771.0,
A,workers,final-workers-block1-6-A,1,BenchmarkCompileFullWorkers/many_funcs/auto,690,346600.0,288745.0,145.0,7771.0,
A,workers,final-workers-block1-6-A,1,BenchmarkCompileFullWorkers/json-as/p1,171,1334224.0,309582.0,398.0,67398.0,
A,workers,final-workers-block1-6-A,1,BenchmarkCompileFullWorkers/json-as/auto,255,958976.0,647957.0,673.0,67398.0,
A,workers,final-workers-block2-1-A,2,BenchmarkCompileFullWorkers/tiny/p1,12522,18638.0,18276.0,90.0,96.0,
A,workers,final-workers-block2-1-A,2,BenchmarkCompileFullWorkers/tiny/auto,13423,17955.0,18276.0,90.0,96.0,
A,workers,final-workers-block2-1-A,2,BenchmarkCompileFullWorkers/many_funcs/p1,592,419807.0,179226.0,84.0,7771.0,
A,workers,final-workers-block2-1-A,2,BenchmarkCompileFullWorkers/many_funcs/auto,694,336495.0,288703.0,145.0,7771.0,
A,workers,final-workers-block2-1-A,2,BenchmarkCompileFullWorkers/json-as/p1,177,1381259.0,309588.0,398.0,67398.0,
A,workers,final-workers-block2-1-A,2,BenchmarkCompileFullWorkers/json-as/auto,254,1044880.0,651307.0,667.0,67398.0,
C,workers,final-workers-block2-2-C,2,BenchmarkCompileFullWorkers/tiny/p1,13233,17974.0,18612.0,92.0,96.0,
C,workers,final-workers-block2-2-C,2,BenchmarkCompileFullWorkers/tiny/auto,13435,18034.0,18612.0,92.0,96.0,
C,workers,final-workers-block2-2-C,2,BenchmarkCompileFullWorkers/many_funcs/p1,510,430497.0,179631.0,88.0,8363.0,
C,workers,final-workers-block2-2-C,2,BenchmarkCompileFullWorkers/many_funcs/auto,711,330019.0,240994.0,149.0,8363.0,
C,workers,final-workers-block2-2-C,2,BenchmarkCompileFullWorkers/json-as/p1,166,1353500.0,309837.0,398.0,67398.0,
C,workers,final-workers-block2-2-C,2,BenchmarkCompileFullWorkers/json-as/auto,253,980404.0,649719.0,669.0,67398.0,
R,workers,final-workers-block2-3-R,2,BenchmarkCompileFullWorkers/tiny/p1,12964,17586.0,18612.0,92.0,96.0,
R,workers,final-workers-block2-3-R,2,BenchmarkCompileFullWorkers/tiny/auto,13354,18615.0,18612.0,92.0,96.0,
R,workers,final-workers-block2-3-R,2,BenchmarkCompileFullWorkers/many_funcs/p1,561,424643.0,179632.0,88.0,8363.0,
R,workers,final-workers-block2-3-R,2,BenchmarkCompileFullWorkers/many_funcs/auto,730,329084.0,240963.0,149.0,8363.0,
R,workers,final-workers-block2-3-R,2,BenchmarkCompileFullWorkers/json-as/p1,172,1399777.0,309842.0,398.0,67398.0,
R,workers,final-workers-block2-3-R,2,BenchmarkCompileFullWorkers/json-as/auto,241,979758.0,650246.0,671.0,67398.0,
R,workers,final-workers-block2-4-R,2,BenchmarkCompileFullWorkers/tiny/p1,13158,18247.0,18612.0,92.0,96.0,
R,workers,final-workers-block2-4-R,2,BenchmarkCompileFullWorkers/tiny/auto,13078,18185.0,18612.0,92.0,96.0,
R,workers,final-workers-block2-4-R,2,BenchmarkCompileFullWorkers/many_funcs/p1,564,422758.0,179632.0,88.0,8363.0,
R,workers,final-workers-block2-4-R,2,BenchmarkCompileFullWorkers/many_funcs/auto,740,336749.0,240975.0,149.0,8363.0,
R,workers,final-workers-block2-4-R,2,BenchmarkCompileFullWorkers/json-as/p1,176,1377592.0,309839.0,398.0,67398.0,
R,workers,final-workers-block2-4-R,2,BenchmarkCompileFullWorkers/json-as/auto,237,956410.0,648437.0,672.0,67398.0,
C,workers,final-workers-block2-5-C,2,BenchmarkCompileFullWorkers/tiny/p1,12631,18658.0,18612.0,92.0,96.0,
C,workers,final-workers-block2-5-C,2,BenchmarkCompileFullWorkers/tiny/auto,12438,18019.0,18612.0,92.0,96.0,
C,workers,final-workers-block2-5-C,2,BenchmarkCompileFullWorkers/many_funcs/p1,543,417925.0,179631.0,88.0,8363.0,
C,workers,final-workers-block2-5-C,2,BenchmarkCompileFullWorkers/many_funcs/auto,718,333525.0,240965.0,149.0,8363.0,
C,workers,final-workers-block2-5-C,2,BenchmarkCompileFullWorkers/json-as/p1,171,1378847.0,309838.0,398.0,67398.0,
C,workers,final-workers-block2-5-C,2,BenchmarkCompileFullWorkers/json-as/auto,254,954190.0,649256.0,673.0,67398.0,
A,workers,final-workers-block2-6-A,2,BenchmarkCompileFullWorkers/tiny/p1,13765,18420.0,18276.0,90.0,96.0,
A,workers,final-workers-block2-6-A,2,BenchmarkCompileFullWorkers/tiny/auto,13458,18760.0,18276.0,90.0,96.0,
A,workers,final-workers-block2-6-A,2,BenchmarkCompileFullWorkers/many_funcs/p1,564,406782.0,179222.0,84.0,7771.0,
A,workers,final-workers-block2-6-A,2,BenchmarkCompileFullWorkers/many_funcs/auto,693,354809.0,289024.0,145.0,7771.0,
A,workers,final-workers-block2-6-A,2,BenchmarkCompileFullWorkers/json-as/p1,175,1355784.0,309585.0,398.0,67398.0,
A,workers,final-workers-block2-6-A,2,BenchmarkCompileFullWorkers/json-as/auto,244,979448.0,646823.0,671.0,67398.0,
A,workers,final-workers-block3-1-A,3,BenchmarkCompileFullWorkers/tiny/p1,13606,18645.0,18276.0,90.0,96.0,
A,workers,final-workers-block3-1-A,3,BenchmarkCompileFullWorkers/tiny/auto,13113,17512.0,18276.0,90.0,96.0,
A,workers,final-workers-block3-1-A,3,BenchmarkCompileFullWorkers/many_funcs/p1,562,392743.0,179221.0,84.0,7771.0,
A,workers,final-workers-block3-1-A,3,BenchmarkCompileFullWorkers/many_funcs/auto,705,350956.0,289015.0,145.0,7771.0,
A,workers,final-workers-block3-1-A,3,BenchmarkCompileFullWorkers/json-as/p1,175,1354737.0,309583.0,398.0,67398.0,
A,workers,final-workers-block3-1-A,3,BenchmarkCompileFullWorkers/json-as/auto,258,953683.0,647944.0,673.0,67398.0,
C,workers,final-workers-block3-2-C,3,BenchmarkCompileFullWorkers/tiny/p1,12910,18370.0,18612.0,92.0,96.0,
C,workers,final-workers-block3-2-C,3,BenchmarkCompileFullWorkers/tiny/auto,12727,18022.0,18612.0,92.0,96.0,
C,workers,final-workers-block3-2-C,3,BenchmarkCompileFullWorkers/many_funcs/p1,576,426413.0,179630.0,88.0,8363.0,
C,workers,final-workers-block3-2-C,3,BenchmarkCompileFullWorkers/many_funcs/auto,702,331221.0,241048.0,149.0,8363.0,
C,workers,final-workers-block3-2-C,3,BenchmarkCompileFullWorkers/json-as/p1,169,1349665.0,309833.0,398.0,67398.0,
C,workers,final-workers-block3-2-C,3,BenchmarkCompileFullWorkers/json-as/auto,256,998598.0,647279.0,672.0,67398.0,
R,workers,final-workers-block3-3-R,3,BenchmarkCompileFullWorkers/tiny/p1,13005,17774.0,18612.0,92.0,96.0,
R,workers,final-workers-block3-3-R,3,BenchmarkCompileFullWorkers/tiny/auto,13165,17562.0,18612.0,92.0,96.0,
R,workers,final-workers-block3-3-R,3,BenchmarkCompileFullWorkers/many_funcs/p1,547,434818.0,179633.0,88.0,8363.0,
R,workers,final-workers-block3-3-R,3,BenchmarkCompileFullWorkers/many_funcs/auto,699,330253.0,241281.0,149.0,8363.0,
R,workers,final-workers-block3-3-R,3,BenchmarkCompileFullWorkers/json-as/p1,175,1334420.0,309835.0,398.0,67398.0,
R,workers,final-workers-block3-3-R,3,BenchmarkCompileFullWorkers/json-as/auto,256,972897.0,648399.0,673.0,67398.0,
R,workers,final-workers-block3-4-R,3,BenchmarkCompileFullWorkers/tiny/p1,13214,18380.0,18612.0,92.0,96.0,
R,workers,final-workers-block3-4-R,3,BenchmarkCompileFullWorkers/tiny/auto,13879,19392.0,18612.0,92.0,96.0,
R,workers,final-workers-block3-4-R,3,BenchmarkCompileFullWorkers/many_funcs/p1,531,424648.0,179629.0,88.0,8363.0,
R,workers,final-workers-block3-4-R,3,BenchmarkCompileFullWorkers/many_funcs/auto,740,334539.0,241304.0,149.0,8363.0,
R,workers,final-workers-block3-4-R,3,BenchmarkCompileFullWorkers/json-as/p1,176,1387898.0,309838.0,398.0,67398.0,
R,workers,final-workers-block3-4-R,3,BenchmarkCompileFullWorkers/json-as/auto,254,966253.0,648384.0,670.0,67398.0,
C,workers,final-workers-block3-5-C,3,BenchmarkCompileFullWorkers/tiny/p1,12871,18210.0,18612.0,92.0,96.0,
C,workers,final-workers-block3-5-C,3,BenchmarkCompileFullWorkers/tiny/auto,13288,19447.0,18612.0,92.0,96.0,
C,workers,final-workers-block3-5-C,3,BenchmarkCompileFullWorkers/many_funcs/p1,568,418151.0,179631.0,88.0,8363.0,
C,workers,final-workers-block3-5-C,3,BenchmarkCompileFullWorkers/many_funcs/auto,734,329801.0,241224.0,149.0,8363.0,
C,workers,final-workers-block3-5-C,3,BenchmarkCompileFullWorkers/json-as/p1,176,1391083.0,309837.0,398.0,67398.0,
C,workers,final-workers-block3-5-C,3,BenchmarkCompileFullWorkers/json-as/auto,240,968408.0,648087.0,673.0,67398.0,
A,workers,final-workers-block3-6-A,3,BenchmarkCompileFullWorkers/tiny/p1,13395,18149.0,18276.0,90.0,96.0,
A,workers,final-workers-block3-6-A,3,BenchmarkCompileFullWorkers/tiny/auto,12835,18013.0,18276.0,90.0,96.0,
A,workers,final-workers-block3-6-A,3,BenchmarkCompileFullWorkers/many_funcs/p1,584,400645.0,179221.0,84.0,7771.0,
A,workers,final-workers-block3-6-A,3,BenchmarkCompileFullWorkers/many_funcs/auto,692,343392.0,288833.0,145.0,7771.0,
A,workers,final-workers-block3-6-A,3,BenchmarkCompileFullWorkers/json-as/p1,166,1363681.0,309595.0,398.0,67398.0,
A,workers,final-workers-block3-6-A,3,BenchmarkCompileFullWorkers/json-as/auto,247,996879.0,647336.0,668.0,67398.0,
