/tmp/wago-qualification-artifacts/sightglass/benchmarks/blake3-scalar/benchmark.wasm: 121 loops, exact=0 integer=11 float=0 error=
/tmp/wago-qualification-artifacts/sightglass/benchmarks/blake3-simd/benchmark.wasm: 116 loops, exact=0 integer=1 float=0 error=
/tmp/wago-qualification-artifacts/sightglass/benchmarks/blind-sig/benchmark.wasm: 474 loops, exact=0 integer=17 float=0 error=
/tmp/wago-qualification-artifacts/sightglass/benchmarks/bz2/benchmark.wasm: 400 loops, exact=0 integer=45 float=0 error=
/tmp/wago-qualification-artifacts/sightglass/benchmarks/cm-online-stats/cm-online-stats.wasm: 0 loops, exact=0 integer=0 float=0 error=wasm decode: bad version at offset 4
/tmp/wago-qualification-artifacts/sightglass/benchmarks/gcc-loops/benchmark.wasm: 519 loops, exact=0 integer=19 float=0 error=
/tmp/wago-qualification-artifacts/sightglass/benchmarks/hashset/benchmark.wasm: 114 loops, exact=0 integer=1 float=0 error=
/tmp/wago-qualification-artifacts/sightglass/benchmarks/hex-simd/benchmark.wasm: 125 loops, exact=0 integer=11 float=0 error=
/tmp/wago-qualification-artifacts/sightglass/benchmarks/image-classification/image-classification-benchmark.wasm: 479 loops, exact=0 integer=88 float=43 error=
/tmp/wago-qualification-artifacts/sightglass/benchmarks/intgemm-simd/benchmark.wasm: 437 loops, exact=0 integer=15 float=0 error=
/tmp/wago-qualification-artifacts/sightglass/benchmarks/kotlin-richards/kotlin-richards.wasm: 0 loops, exact=0 integer=0 float=0 error=wasm decode: bad version at offset 4
/tmp/wago-qualification-artifacts/sightglass/benchmarks/libsodium/libsodium-aead_aegis128l.wasm: 174 loops, exact=0 integer=0 float=0 error=
/tmp/wago-qualification-artifacts/sightglass/benchmarks/libsodium/libsodium-aead_aegis256.wasm: 174 loops, exact=0 integer=0 float=0 error=
/tmp/wago-qualification-artifacts/sightglass/benchmarks/libsodium/libsodium-aead_chacha20poly1305.wasm: 138 loops, exact=0 integer=2 float=0 error=
/tmp/wago-qualification-artifacts/sightglass/benchmarks/libsodium/libsodium-aead_chacha20poly13052.wasm: 156 loops, exact=0 integer=2 float=0 error=
/tmp/wago-qualification-artifacts/sightglass/benchmarks/libsodium/libsodium-aead_xchacha20poly1305.wasm: 132 loops, exact=0 integer=2 float=0 error=
/tmp/wago-qualification-artifacts/sightglass/benchmarks/libsodium/libsodium-auth.wasm: 139 loops, exact=0 integer=42 float=0 error=
/tmp/wago-qualification-artifacts/sightglass/benchmarks/libsodium/libsodium-auth2.wasm: 122 loops, exact=0 integer=24 float=0 error=
/tmp/wago-qualification-artifacts/sightglass/benchmarks/libsodium/libsodium-auth3.wasm: 124 loops, exact=0 integer=24 float=0 error=
/tmp/wago-qualification-artifacts/sightglass/benchmarks/libsodium/libsodium-auth5.wasm: 128 loops, exact=0 integer=18 float=0 error=
/tmp/wago-qualification-artifacts/sightglass/benchmarks/libsodium/libsodium-auth6.wasm: 125 loops, exact=0 integer=18 float=0 error=
/tmp/wago-qualification-artifacts/sightglass/benchmarks/libsodium/libsodium-auth7.wasm: 128 loops, exact=0 integer=18 float=0 error=
/tmp/wago-qualification-artifacts/sightglass/benchmarks/libsodium/libsodium-box.wasm: 142 loops, exact=0 integer=17 float=0 error=
/tmp/wago-qualification-artifacts/sightglass/benchmarks/libsodium/libsodium-box2.wasm: 141 loops, exact=0 integer=17 float=0 error=
/tmp/wago-qualification-artifacts/sightglass/benchmarks/libsodium/libsodium-box7.wasm: 149 loops, exact=0 integer=17 float=0 error=
/tmp/wago-qualification-artifacts/sightglass/benchmarks/libsodium/libsodium-box8.wasm: 151 loops, exact=0 integer=17 float=0 error=
/tmp/wago-qualification-artifacts/sightglass/benchmarks/libsodium/libsodium-box_easy.wasm: 142 loops, exact=0 integer=17 float=0 error=
/tmp/wago-qualification-artifacts/sightglass/benchmarks/libsodium/libsodium-box_easy2.wasm: 166 loops, exact=0 integer=17 float=0 error=
/tmp/wago-qualification-artifacts/sightglass/benchmarks/libsodium/libsodium-box_seal.wasm: 167 loops, exact=0 integer=17 float=0 error=
/tmp/wago-qualification-artifacts/sightglass/benchmarks/libsodium/libsodium-box_seed.wasm: 135 loops, exact=0 integer=21 float=0 error=
/tmp/wago-qualification-artifacts/sightglass/benchmarks/libsodium/libsodium-chacha20.wasm: 137 loops, exact=0 integer=0 float=0 error=
/tmp/wago-qualification-artifacts/sightglass/benchmarks/libsodium/libsodium-codecs.wasm: 134 loops, exact=0 integer=0 float=0 error=
/tmp/wago-qualification-artifacts/sightglass/benchmarks/libsodium/libsodium-core1.wasm: 111 loops, exact=0 integer=0 float=0 error=
/tmp/wago-qualification-artifacts/sightglass/benchmarks/libsodium/libsodium-core2.wasm: 111 loops, exact=0 integer=0 float=0 error=
/tmp/wago-qualification-artifacts/sightglass/benchmarks/libsodium/libsodium-core3.wasm: 137 loops, exact=0 integer=24 float=0 error=
/tmp/wago-qualification-artifacts/sightglass/benchmarks/libsodium/libsodium-core4.wasm: 111 loops, exact=0 integer=0 float=0 error=
/tmp/wago-qualification-artifacts/sightglass/benchmarks/libsodium/libsodium-core5.wasm: 111 loops, exact=0 integer=0 float=0 error=
/tmp/wago-qualification-artifacts/sightglass/benchmarks/libsodium/libsodium-core6.wasm: 111 loops, exact=0 integer=0 float=0 error=
/tmp/wago-qualification-artifacts/sightglass/benchmarks/libsodium/libsodium-core_ed25519.wasm: 190 loops, exact=0 integer=11 float=0 error=
/tmp/wago-qualification-artifacts/sightglass/benchmarks/libsodium/libsodium-core_ristretto255.wasm: 174 loops, exact=0 integer=9 float=0 error=
/tmp/wago-qualification-artifacts/sightglass/benchmarks/libsodium/libsodium-ed25519_convert.wasm: 154 loops, exact=0 integer=21 float=0 error=
/tmp/wago-qualification-artifacts/sightglass/benchmarks/libsodium/libsodium-generichash.wasm: 135 loops, exact=0 integer=0 float=0 error=
/tmp/wago-qualification-artifacts/sightglass/benchmarks/libsodium/libsodium-generichash2.wasm: 115 loops, exact=0 integer=0 float=0 error=
/tmp/wago-qualification-artifacts/sightglass/benchmarks/libsodium/libsodium-generichash3.wasm: 113 loops, exact=0 integer=0 float=0 error=
/tmp/wago-qualification-artifacts/sightglass/benchmarks/libsodium/libsodium-hash.wasm: 132 loops, exact=0 integer=42 float=0 error=
/tmp/wago-qualification-artifacts/sightglass/benchmarks/libsodium/libsodium-hash3.wasm: 121 loops, exact=0 integer=18 float=0 error=
/tmp/wago-qualification-artifacts/sightglass/benchmarks/libsodium/libsodium-kdf.wasm: 124 loops, exact=0 integer=0 float=0 error=
/tmp/wago-qualification-artifacts/sightglass/benchmarks/libsodium/libsodium-kdf_hkdf.wasm: 154 loops, exact=0 integer=42 float=0 error=
/tmp/wago-qualification-artifacts/sightglass/benchmarks/libsodium/libsodium-keygen.wasm: 115 loops, exact=0 integer=0 float=0 error=
/tmp/wago-qualification-artifacts/sightglass/benchmarks/libsodium/libsodium-kx.wasm: 156 loops, exact=0 integer=8 float=0 error=
/tmp/wago-qualification-artifacts/sightglass/benchmarks/libsodium/libsodium-metamorphic.wasm: 186 loops, exact=0 integer=44 float=0 error=
/tmp/wago-qualification-artifacts/sightglass/benchmarks/libsodium/libsodium-onetimeauth.wasm: 117 loops, exact=0 integer=2 float=0 error=
/tmp/wago-qualification-artifacts/sightglass/benchmarks/libsodium/libsodium-onetimeauth7.wasm: 117 loops, exact=0 integer=2 float=0 error=
/tmp/wago-qualification-artifacts/sightglass/benchmarks/libsodium/libsodium-pwhash_argon2i.wasm: 205 loops, exact=0 integer=1 float=0 error=
/tmp/wago-qualification-artifacts/sightglass/benchmarks/libsodium/libsodium-pwhash_argon2id.wasm: 207 loops, exact=0 integer=1 float=0 error=
/tmp/wago-qualification-artifacts/sightglass/benchmarks/libsodium/libsodium-pwhash_scrypt.wasm: 195 loops, exact=0 integer=24 float=0 error=
/tmp/wago-qualification-artifacts/sightglass/benchmarks/libsodium/libsodium-pwhash_scrypt_ll.wasm: 137 loops, exact=0 integer=24 float=0 error=
/tmp/wago-qualification-artifacts/sightglass/benchmarks/libsodium/libsodium-randombytes.wasm: 117 loops, exact=0 integer=0 float=0 error=
/tmp/wago-qualification-artifacts/sightglass/benchmarks/libsodium/libsodium-scalarmult.wasm: 135 loops, exact=0 integer=3 float=0 error=
/tmp/wago-qualification-artifacts/sightglass/benchmarks/libsodium/libsodium-scalarmult2.wasm: 126 loops, exact=0 integer=3 float=0 error=
/tmp/wago-qualification-artifacts/sightglass/benchmarks/libsodium/libsodium-scalarmult5.wasm: 127 loops, exact=0 integer=3 float=0 error=
/tmp/wago-qualification-artifacts/sightglass/benchmarks/libsodium/libsodium-scalarmult6.wasm: 132 loops, exact=0 integer=3 float=0 error=
/tmp/wago-qualification-artifacts/sightglass/benchmarks/libsodium/libsodium-scalarmult7.wasm: 125 loops, exact=0 integer=3 float=0 error=
/tmp/wago-qualification-artifacts/sightglass/benchmarks/libsodium/libsodium-scalarmult8.wasm: 132 loops, exact=0 integer=3 float=0 error=
/tmp/wago-qualification-artifacts/sightglass/benchmarks/libsodium/libsodium-scalarmult_ed25519.wasm: 146 loops, exact=0 integer=6 float=0 error=
/tmp/wago-qualification-artifacts/sightglass/benchmarks/libsodium/libsodium-scalarmult_ristretto255.wasm: 151 loops, exact=0 integer=11 float=0 error=
/tmp/wago-qualification-artifacts/sightglass/benchmarks/libsodium/libsodium-secretbox.wasm: 127 loops, exact=0 integer=14 float=0 error=
/tmp/wago-qualification-artifacts/sightglass/benchmarks/libsodium/libsodium-secretbox2.wasm: 126 loops, exact=0 integer=14 float=0 error=
/tmp/wago-qualification-artifacts/sightglass/benchmarks/libsodium/libsodium-secretbox7.wasm: 127 loops, exact=0 integer=14 float=0 error=
/tmp/wago-qualification-artifacts/sightglass/benchmarks/libsodium/libsodium-secretbox8.wasm: 129 loops, exact=0 integer=14 float=0 error=
/tmp/wago-qualification-artifacts/sightglass/benchmarks/libsodium/libsodium-secretbox_easy.wasm: 132 loops, exact=0 integer=14 float=0 error=
/tmp/wago-qualification-artifacts/sightglass/benchmarks/libsodium/libsodium-secretbox_easy2.wasm: 141 loops, exact=0 integer=14 float=0 error=
/tmp/wago-qualification-artifacts/sightglass/benchmarks/libsodium/libsodium-secretstream_xchacha20poly1305.wasm: 161 loops, exact=0 integer=7 float=0 error=
/tmp/wago-qualification-artifacts/sightglass/benchmarks/libsodium/libsodium-shorthash.wasm: 113 loops, exact=0 integer=1 float=0 error=
/tmp/wago-qualification-artifacts/sightglass/benchmarks/libsodium/libsodium-sign.wasm: 169 loops, exact=0 integer=22 float=0 error=
/tmp/wago-qualification-artifacts/sightglass/benchmarks/libsodium/libsodium-siphashx24.wasm: 112 loops, exact=0 integer=1 float=0 error=
/tmp/wago-qualification-artifacts/sightglass/benchmarks/libsodium/libsodium-sodium_utils.wasm: 128 loops, exact=0 integer=8 float=0 error=
/tmp/wago-qualification-artifacts/sightglass/benchmarks/libsodium/libsodium-stream.wasm: 141 loops, exact=0 integer=36 float=0 error=
/tmp/wago-qualification-artifacts/sightglass/benchmarks/libsodium/libsodium-stream2.wasm: 137 loops, exact=0 integer=36 float=0 error=
/tmp/wago-qualification-artifacts/sightglass/benchmarks/libsodium/libsodium-stream3.wasm: 120 loops, exact=0 integer=12 float=0 error=
/tmp/wago-qualification-artifacts/sightglass/benchmarks/libsodium/libsodium-stream4.wasm: 120 loops, exact=0 integer=12 float=0 error=
/tmp/wago-qualification-artifacts/sightglass/benchmarks/libsodium/libsodium-verify1.wasm: 129 loops, exact=0 integer=0 float=0 error=
/tmp/wago-qualification-artifacts/sightglass/benchmarks/libsodium/libsodium-xchacha20.wasm: 257 loops, exact=0 integer=23 float=0 error=
/tmp/wago-qualification-artifacts/sightglass/benchmarks/meshoptimizer/benchmark.wasm: 149 loops, exact=0 integer=7 float=0 error=
/tmp/wago-qualification-artifacts/sightglass/benchmarks/noop/benchmark.wasm: 5 loops, exact=0 integer=0 float=0 error=
/tmp/wago-qualification-artifacts/sightglass/benchmarks/pulldown-cmark/benchmark.wasm: 394 loops, exact=0 integer=64 float=0 error=
/tmp/wago-qualification-artifacts/sightglass/benchmarks/quicksort/benchmark.wasm: 102 loops, exact=0 integer=1 float=0 error=
/tmp/wago-qualification-artifacts/sightglass/benchmarks/regex/benchmark.wasm: 1098 loops, exact=0 integer=100 float=0 error=
/tmp/wago-qualification-artifacts/sightglass/benchmarks/richards/benchmark.wasm: 44 loops, exact=0 integer=1 float=0 error=
/tmp/wago-qualification-artifacts/sightglass/benchmarks/rust-compression/benchmark.wasm: 1138 loops, exact=0 integer=196 float=4 error=
/tmp/wago-qualification-artifacts/sightglass/benchmarks/rust-html-rewriter/benchmark.wasm: 924 loops, exact=0 integer=102 float=0 error=
/tmp/wago-qualification-artifacts/sightglass/benchmarks/rust-json/benchmark.wasm: 328 loops, exact=0 integer=69 float=0 error=
/tmp/wago-qualification-artifacts/sightglass/benchmarks/rust-protobuf/benchmark.wasm: 165 loops, exact=0 integer=16 float=0 error=
/tmp/wago-qualification-artifacts/sightglass/benchmarks/shootout/shootout-ackermann.wasm: 100 loops, exact=0 integer=1 float=0 error=
/tmp/wago-qualification-artifacts/sightglass/benchmarks/shootout/shootout-base64.wasm: 101 loops, exact=0 integer=1 float=0 error=
/tmp/wago-qualification-artifacts/sightglass/benchmarks/shootout/shootout-ctype.wasm: 98 loops, exact=0 integer=1 float=0 error=
/tmp/wago-qualification-artifacts/sightglass/benchmarks/shootout/shootout-ed25519.wasm: 54 loops, exact=0 integer=4 float=0 error=
/tmp/wago-qualification-artifacts/sightglass/benchmarks/shootout/shootout-fib2.wasm: 97 loops, exact=0 integer=1 float=0 error=
/tmp/wago-qualification-artifacts/sightglass/benchmarks/shootout/shootout-gimli.wasm: 40 loops, exact=0 integer=1 float=0 error=
/tmp/wago-qualification-artifacts/sightglass/benchmarks/shootout/shootout-heapsort.wasm: 42 loops, exact=0 integer=1 float=0 error=
/tmp/wago-qualification-artifacts/sightglass/benchmarks/shootout/shootout-keccak.wasm: 39 loops, exact=0 integer=1 float=0 error=
/tmp/wago-qualification-artifacts/sightglass/benchmarks/shootout/shootout-matrix.wasm: 98 loops, exact=0 integer=1 float=0 error=
/tmp/wago-qualification-artifacts/sightglass/benchmarks/shootout/shootout-memmove.wasm: 99 loops, exact=0 integer=1 float=0 error=
/tmp/wago-qualification-artifacts/sightglass/benchmarks/shootout/shootout-minicsv.wasm: 46 loops, exact=0 integer=1 float=0 error=
/tmp/wago-qualification-artifacts/sightglass/benchmarks/shootout/shootout-nestedloop.wasm: 103 loops, exact=0 integer=1 float=0 error=
/tmp/wago-qualification-artifacts/sightglass/benchmarks/shootout/shootout-random.wasm: 98 loops, exact=0 integer=1 float=0 error=
/tmp/wago-qualification-artifacts/sightglass/benchmarks/shootout/shootout-ratelimit.wasm: 97 loops, exact=0 integer=2 float=0 error=
/tmp/wago-qualification-artifacts/sightglass/benchmarks/shootout/shootout-seqhash.wasm: 103 loops, exact=0 integer=16 float=0 error=
/tmp/wago-qualification-artifacts/sightglass/benchmarks/shootout/shootout-sieve.wasm: 99 loops, exact=0 integer=1 float=0 error=
/tmp/wago-qualification-artifacts/sightglass/benchmarks/shootout/shootout-switch.wasm: 101 loops, exact=0 integer=1 float=0 error=
/tmp/wago-qualification-artifacts/sightglass/benchmarks/shootout/shootout-xblabla20.wasm: 102 loops, exact=0 integer=1 float=0 error=
/tmp/wago-qualification-artifacts/sightglass/benchmarks/shootout/shootout-xchacha20.wasm: 100 loops, exact=0 integer=1 float=0 error=
/tmp/wago-qualification-artifacts/sightglass/benchmarks/spidermonkey/spidermonkey-json.wasm: 11219 loops, exact=0 integer=1123 float=24 error=
/tmp/wago-qualification-artifacts/sightglass/benchmarks/spidermonkey/spidermonkey-markdown.wasm: 11219 loops, exact=0 integer=1123 float=24 error=
/tmp/wago-qualification-artifacts/sightglass/benchmarks/spidermonkey/spidermonkey-regex.wasm: 11219 loops, exact=0 integer=1123 float=24 error=
/tmp/wago-qualification-artifacts/sightglass/benchmarks/splay/splay.wasm: 10 loops, exact=0 integer=0 float=0 error=
/tmp/wago-qualification-artifacts/sightglass/benchmarks/sqlite3/sqlite3.wasm: 2198 loops, exact=0 integer=112 float=9 error=
/tmp/wago-qualification-artifacts/sightglass/benchmarks/tinygo/tinygo-json.wasm: 530 loops, exact=0 integer=13 float=0 error=
/tmp/wago-qualification-artifacts/sightglass/benchmarks/tinygo/tinygo-regex.wasm: 440 loops, exact=0 integer=20 float=0 error=
/tmp/wago-qualification-artifacts/sightglass/benchmarks/tract-onnx-image-classification/benchmark.wasm: 27794 loops, exact=0 integer=2123 float=155 error=
/tmp/wago-qualification-artifacts/polybench-published/compiled_benchmarks/2mm_-DEXTRALARGE_DATASET_-Ofast.wasm: 112 loops, exact=0 integer=1 float=2 error=
/tmp/wago-qualification-artifacts/polybench-published/compiled_benchmarks/2mm_-DEXTRALARGE_DATASET_O.wasm: 112 loops, exact=0 integer=1 float=2 error=
/tmp/wago-qualification-artifacts/polybench-published/compiled_benchmarks/2mm_-DEXTRALARGE_DATASET_O1.wasm: 112 loops, exact=0 integer=1 float=2 error=
/tmp/wago-qualification-artifacts/polybench-published/compiled_benchmarks/2mm_-DEXTRALARGE_DATASET_O2.wasm: 112 loops, exact=0 integer=1 float=2 error=
/tmp/wago-qualification-artifacts/polybench-published/compiled_benchmarks/2mm_-DEXTRALARGE_DATASET_Oz.wasm: 112 loops, exact=0 integer=1 float=2 error=
/tmp/wago-qualification-artifacts/polybench-published/compiled_benchmarks/2mm_-DLARGE_DATASET_-Ofast.wasm: 112 loops, exact=0 integer=1 float=2 error=
/tmp/wago-qualification-artifacts/polybench-published/compiled_benchmarks/2mm_-DLARGE_DATASET_O.wasm: 112 loops, exact=0 integer=1 float=2 error=
/tmp/wago-qualification-artifacts/polybench-published/compiled_benchmarks/2mm_-DLARGE_DATASET_O1.wasm: 112 loops, exact=0 integer=1 float=2 error=
/tmp/wago-qualification-artifacts/polybench-published/compiled_benchmarks/2mm_-DLARGE_DATASET_O2.wasm: 112 loops, exact=0 integer=1 float=2 error=
/tmp/wago-qualification-artifacts/polybench-published/compiled_benchmarks/2mm_-DLARGE_DATASET_Oz.wasm: 112 loops, exact=0 integer=1 float=2 error=
/tmp/wago-qualification-artifacts/polybench-published/compiled_benchmarks/2mm_-DMEDIUM_DATASET_-Ofast.wasm: 112 loops, exact=0 integer=1 float=2 error=
/tmp/wago-qualification-artifacts/polybench-published/compiled_benchmarks/2mm_-DMEDIUM_DATASET_O.wasm: 112 loops, exact=0 integer=1 float=2 error=
/tmp/wago-qualification-artifacts/polybench-published/compiled_benchmarks/2mm_-DMEDIUM_DATASET_O1.wasm: 112 loops, exact=0 integer=1 float=2 error=
/tmp/wago-qualification-artifacts/polybench-published/compiled_benchmarks/2mm_-DMEDIUM_DATASET_O2.wasm: 112 loops, exact=0 integer=1 float=2 error=
/tmp/wago-qualification-artifacts/polybench-published/compiled_benchmarks/2mm_-DMEDIUM_DATASET_Oz.wasm: 112 loops, exact=0 integer=1 float=2 error=
/tmp/wago-qualification-artifacts/polybench-published/compiled_benchmarks/2mm_-DMINI_DATASET_-Ofast.wasm: 110 loops, exact=0 integer=1 float=18 error=
/tmp/wago-qualification-artifacts/polybench-published/compiled_benchmarks/2mm_-DMINI_DATASET_O.wasm: 111 loops, exact=0 integer=1 float=2 error=
/tmp/wago-qualification-artifacts/polybench-published/compiled_benchmarks/2mm_-DMINI_DATASET_O1.wasm: 111 loops, exact=0 integer=1 float=2 error=
/tmp/wago-qualification-artifacts/polybench-published/compiled_benchmarks/2mm_-DMINI_DATASET_O2.wasm: 110 loops, exact=0 integer=1 float=18 error=
/tmp/wago-qualification-artifacts/polybench-published/compiled_benchmarks/2mm_-DMINI_DATASET_Oz.wasm: 112 loops, exact=0 integer=1 float=2 error=
/tmp/wago-qualification-artifacts/polybench-published/compiled_benchmarks/2mm_-DSMALL_DATASET_-Ofast.wasm: 112 loops, exact=0 integer=1 float=2 error=
/tmp/wago-qualification-artifacts/polybench-published/compiled_benchmarks/2mm_-DSMALL_DATASET_O.wasm: 112 loops, exact=0 integer=1 float=2 error=
/tmp/wago-qualification-artifacts/polybench-published/compiled_benchmarks/2mm_-DSMALL_DATASET_O1.wasm: 112 loops, exact=0 integer=1 float=2 error=
/tmp/wago-qualification-artifacts/polybench-published/compiled_benchmarks/2mm_-DSMALL_DATASET_O2.wasm: 112 loops, exact=0 integer=1 float=2 error=
/tmp/wago-qualification-artifacts/polybench-published/compiled_benchmarks/2mm_-DSMALL_DATASET_Oz.wasm: 112 loops, exact=0 integer=1 float=2 error=
/tmp/wago-qualification-artifacts/polybench-published/compiled_benchmarks/3mm_-DEXTRALARGE_DATASET_-Ofast.wasm: 115 loops, exact=0 integer=1 float=3 error=
/tmp/wago-qualification-artifacts/polybench-published/compiled_benchmarks/3mm_-DEXTRALARGE_DATASET_O.wasm: 115 loops, exact=0 integer=1 float=3 error=
/tmp/wago-qualification-artifacts/polybench-published/compiled_benchmarks/3mm_-DEXTRALARGE_DATASET_O1.wasm: 115 loops, exact=0 integer=1 float=3 error=
/tmp/wago-qualification-artifacts/polybench-published/compiled_benchmarks/3mm_-DEXTRALARGE_DATASET_O2.wasm: 115 loops, exact=0 integer=1 float=3 error=
/tmp/wago-qualification-artifacts/polybench-published/compiled_benchmarks/3mm_-DEXTRALARGE_DATASET_Oz.wasm: 115 loops, exact=0 integer=1 float=3 error=
/tmp/wago-qualification-artifacts/polybench-published/compiled_benchmarks/3mm_-DLARGE_DATASET_-Ofast.wasm: 115 loops, exact=0 integer=1 float=3 error=
/tmp/wago-qualification-artifacts/polybench-published/compiled_benchmarks/3mm_-DLARGE_DATASET_O.wasm: 115 loops, exact=0 integer=1 float=3 error=
/tmp/wago-qualification-artifacts/polybench-published/compiled_benchmarks/3mm_-DLARGE_DATASET_O1.wasm: 115 loops, exact=0 integer=1 float=3 error=
/tmp/wago-qualification-artifacts/polybench-published/compiled_benchmarks/3mm_-DLARGE_DATASET_O2.wasm: 115 loops, exact=0 integer=1 float=3 error=
/tmp/wago-qualification-artifacts/polybench-published/compiled_benchmarks/3mm_-DLARGE_DATASET_Oz.wasm: 115 loops, exact=0 integer=1 float=3 error=
/tmp/wago-qualification-artifacts/polybench-published/compiled_benchmarks/3mm_-DMEDIUM_DATASET_-Ofast.wasm: 115 loops, exact=0 integer=1 float=3 error=
/tmp/wago-qualification-artifacts/polybench-published/compiled_benchmarks/3mm_-DMEDIUM_DATASET_O.wasm: 115 loops, exact=0 integer=1 float=3 error=
/tmp/wago-qualification-artifacts/polybench-published/compiled_benchmarks/3mm_-DMEDIUM_DATASET_O1.wasm: 115 loops, exact=0 integer=1 float=3 error=
/tmp/wago-qualification-artifacts/polybench-published/compiled_benchmarks/3mm_-DMEDIUM_DATASET_O2.wasm: 115 loops, exact=0 integer=1 float=3 error=
/tmp/wago-qualification-artifacts/polybench-published/compiled_benchmarks/3mm_-DMEDIUM_DATASET_Oz.wasm: 115 loops, exact=0 integer=1 float=3 error=
/tmp/wago-qualification-artifacts/polybench-published/compiled_benchmarks/3mm_-DMINI_DATASET_-Ofast.wasm: 113 loops, exact=0 integer=1 float=18 error=
/tmp/wago-qualification-artifacts/polybench-published/compiled_benchmarks/3mm_-DMINI_DATASET_O.wasm: 114 loops, exact=0 integer=1 float=3 error=
/tmp/wago-qualification-artifacts/polybench-published/compiled_benchmarks/3mm_-DMINI_DATASET_O1.wasm: 115 loops, exact=0 integer=1 float=3 error=
/tmp/wago-qualification-artifacts/polybench-published/compiled_benchmarks/3mm_-DMINI_DATASET_O2.wasm: 113 loops, exact=0 integer=1 float=18 error=
/tmp/wago-qualification-artifacts/polybench-published/compiled_benchmarks/3mm_-DMINI_DATASET_Oz.wasm: 115 loops, exact=0 integer=1 float=3 error=
/tmp/wago-qualification-artifacts/polybench-published/compiled_benchmarks/3mm_-DSMALL_DATASET_-Ofast.wasm: 115 loops, exact=0 integer=1 float=3 error=
/tmp/wago-qualification-artifacts/polybench-published/compiled_benchmarks/3mm_-DSMALL_DATASET_O.wasm: 115 loops, exact=0 integer=1 float=3 error=
/tmp/wago-qualification-artifacts/polybench-published/compiled_benchmarks/3mm_-DSMALL_DATASET_O1.wasm: 115 loops, exact=0 integer=1 float=3 error=
/tmp/wago-qualification-artifacts/polybench-published/compiled_benchmarks/3mm_-DSMALL_DATASET_O2.wasm: 115 loops, exact=0 integer=1 float=3 error=
/tmp/wago-qualification-artifacts/polybench-published/compiled_benchmarks/3mm_-DSMALL_DATASET_Oz.wasm: 115 loops, exact=0 integer=1 float=3 error=
/tmp/wago-qualification-artifacts/polybench-published/compiled_benchmarks/adi_-DEXTRALARGE_DATASET_-Ofast.wasm: 107 loops, exact=0 integer=1 float=2 error=
/tmp/wago-qualification-artifacts/polybench-published/compiled_benchmarks/adi_-DEXTRALARGE_DATASET_O.wasm: 107 loops, exact=0 integer=1 float=1 error=
/tmp/wago-qualification-artifacts/polybench-published/compiled_benchmarks/adi_-DEXTRALARGE_DATASET_O1.wasm: 107 loops, exact=0 integer=1 float=0 error=
/tmp/wago-qualification-artifacts/polybench-published/compiled_benchmarks/adi_-DEXTRALARGE_DATASET_O2.wasm: 107 loops, exact=0 integer=1 float=2 error=
/tmp/wago-qualification-artifacts/polybench-published/compiled_benchmarks/adi_-DEXTRALARGE_DATASET_Oz.wasm: 107 loops, exact=0 integer=1 float=2 error=
/tmp/wago-qualification-artifacts/polybench-published/compiled_benchmarks/adi_-DLARGE_DATASET_-Ofast.wasm: 107 loops, exact=0 integer=1 float=2 error=
/tmp/wago-qualification-artifacts/polybench-published/compiled_benchmarks/adi_-DLARGE_DATASET_O.wasm: 107 loops, exact=0 integer=1 float=1 error=
/tmp/wago-qualification-artifacts/polybench-published/compiled_benchmarks/adi_-DLARGE_DATASET_O1.wasm: 107 loops, exact=0 integer=1 float=0 error=
/tmp/wago-qualification-artifacts/polybench-published/compiled_benchmarks/adi_-DLARGE_DATASET_O2.wasm: 107 loops, exact=0 integer=1 float=2 error=
/tmp/wago-qualification-artifacts/polybench-published/compiled_benchmarks/adi_-DLARGE_DATASET_Oz.wasm: 107 loops, exact=0 integer=1 float=2 error=
/tmp/wago-qualification-artifacts/polybench-published/compiled_benchmarks/adi_-DMEDIUM_DATASET_-Ofast.wasm: 107 loops, exact=0 integer=1 float=2 error=
/tmp/wago-qualification-artifacts/polybench-published/compiled_benchmarks/adi_-DMEDIUM_DATASET_O.wasm: 107 loops, exact=0 integer=1 float=1 error=
/tmp/wago-qualification-artifacts/polybench-published/compiled_benchmarks/adi_-DMEDIUM_DATASET_O1.wasm: 107 loops, exact=0 integer=1 float=0 error=
/tmp/wago-qualification-artifacts/polybench-published/compiled_benchmarks/adi_-DMEDIUM_DATASET_O2.wasm: 107 loops, exact=0 integer=1 float=2 error=
/tmp/wago-qualification-artifacts/polybench-published/compiled_benchmarks/adi_-DMEDIUM_DATASET_Oz.wasm: 107 loops, exact=0 integer=1 float=2 error=
/tmp/wago-qualification-artifacts/polybench-published/compiled_benchmarks/adi_-DMINI_DATASET_-Ofast.wasm: 106 loops, exact=0 integer=1 float=2 error=
/tmp/wago-qualification-artifacts/polybench-published/compiled_benchmarks/adi_-DMINI_DATASET_O.wasm: 106 loops, exact=0 integer=1 float=1 error=
/tmp/wago-qualification-artifacts/polybench-published/compiled_benchmarks/adi_-DMINI_DATASET_O1.wasm: 106 loops, exact=0 integer=1 float=0 error=
/tmp/wago-qualification-artifacts/polybench-published/compiled_benchmarks/adi_-DMINI_DATASET_O2.wasm: 106 loops, exact=0 integer=1 float=2 error=
/tmp/wago-qualification-artifacts/polybench-published/compiled_benchmarks/adi_-DMINI_DATASET_Oz.wasm: 107 loops, exact=0 integer=1 float=2 error=
/tmp/wago-qualification-artifacts/polybench-published/compiled_benchmarks/adi_-DSMALL_DATASET_-Ofast.wasm: 107 loops, exact=0 integer=1 float=2 error=
/tmp/wago-qualification-artifacts/polybench-published/compiled_benchmarks/adi_-DSMALL_DATASET_O.wasm: 107 loops, exact=0 integer=1 float=1 error=
/tmp/wago-qualification-artifacts/polybench-published/compiled_benchmarks/adi_-DSMALL_DATASET_O1.wasm: 107 loops, exact=0 integer=1 float=0 error=
/tmp/wago-qualification-artifacts/polybench-published/compiled_benchmarks/adi_-DSMALL_DATASET_O2.wasm: 107 loops, exact=0 integer=1 float=2 error=
/tmp/wago-qualification-artifacts/polybench-published/compiled_benchmarks/adi_-DSMALL_DATASET_Oz.wasm: 107 loops, exact=0 integer=1 float=2 error=
/tmp/wago-qualification-artifacts/polybench-published/compiled_benchmarks/adpcm_-DEXTRALARGE_DATASET_-Ofast.wasm: 3 loops, exact=0 integer=0 float=0 error=
/tmp/wago-qualification-artifacts/polybench-published/compiled_benchmarks/adpcm_-DEXTRALARGE_DATASET_O.wasm: 3 loops, exact=0 integer=0 float=0 error=
/tmp/wago-qualification-artifacts/polybench-published/compiled_benchmarks/adpcm_-DEXTRALARGE_DATASET_O1.wasm: 3 loops, exact=0 integer=0 float=0 error=
/tmp/wago-qualification-artifacts/polybench-published/compiled_benchmarks/adpcm_-DEXTRALARGE_DATASET_O2.wasm: 3 loops, exact=0 integer=0 float=0 error=
/tmp/wago-qualification-artifacts/polybench-published/compiled_benchmarks/adpcm_-DEXTRALARGE_DATASET_Oz.wasm: 12 loops, exact=0 integer=4 float=0 error=
/tmp/wago-qualification-artifacts/polybench-published/compiled_benchmarks/adpcm_-DLARGE_DATASET_-Ofast.wasm: 3 loops, exact=0 integer=0 float=0 error=
/tmp/wago-qualification-artifacts/polybench-published/compiled_benchmarks/adpcm_-DLARGE_DATASET_O.wasm: 3 loops, exact=0 integer=0 float=0 error=
/tmp/wago-qualification-artifacts/polybench-published/compiled_benchmarks/adpcm_-DLARGE_DATASET_O1.wasm: 3 loops, exact=0 integer=0 float=0 error=
/tmp/wago-qualification-artifacts/polybench-published/compiled_benchmarks/adpcm_-DLARGE_DATASET_O2.wasm: 3 loops, exact=0 integer=0 float=0 error=
/tmp/wago-qualification-artifacts/polybench-published/compiled_benchmarks/adpcm_-DLARGE_DATASET_Oz.wasm: 12 loops, exact=0 integer=4 float=0 error=
/tmp/wago-qualification-artifacts/polybench-published/compiled_benchmarks/adpcm_-DMEDIUM_DATASET_-Ofast.wasm: 3 loops, exact=0 integer=0 float=0 error=
/tmp/wago-qualification-artifacts/polybench-published/compiled_benchmarks/adpcm_-DMEDIUM_DATASET_O.wasm: 3 loops, exact=0 integer=0 float=0 error=
/tmp/wago-qualification-artifacts/polybench-published/compiled_benchmarks/adpcm_-DMEDIUM_DATASET_O1.wasm: 3 loops, exact=0 integer=0 float=0 error=
/tmp/wago-qualification-artifacts/polybench-published/compiled_benchmarks/adpcm_-DMEDIUM_DATASET_O2.wasm: 3 loops, exact=0 integer=0 float=0 error=
/tmp/wago-qualification-artifacts/polybench-published/compiled_benchmarks/adpcm_-DMEDIUM_DATASET_Oz.wasm: 12 loops, exact=0 integer=4 float=0 error=
/tmp/wago-qualification-artifacts/polybench-published/compiled_benchmarks/adpcm_-DXXL_DATASET_-Ofast.wasm: 3 loops, exact=0 integer=0 float=0 error=
/tmp/wago-qualification-artifacts/polybench-published/compiled_benchmarks/adpcm_-DXXL_DATASET_O.wasm: 3 loops, exact=0 integer=0 float=0 error=
/tmp/wago-qualification-artifacts/polybench-published/compiled_benchmarks/adpcm_-DXXL_DATASET_O1.wasm: 3 loops, exact=0 integer=0 float=0 error=
/tmp/wago-qualification-artifacts/polybench-published/compiled_benchmarks/adpcm_-DXXL_DATASET_O2.wasm: 3 loops, exact=0 integer=0 float=0 error=
/tmp/wago-qualification-artifacts/polybench-published/compiled_benchmarks/adpcm_-DXXL_DATASET_Oz.wasm: 12 loops, exact=0 integer=4 float=0 error=
/tmp/wago-qualification-artifacts/polybench-published/compiled_benchmarks/adpcm_-DXXXL_DATASET_-Ofast.wasm: 3 loops, exact=0 integer=0 float=0 error=
/tmp/wago-qualification-artifacts/polybench-published/compiled_benchmarks/adpcm_-DXXXL_DATASET_O.wasm: 3 loops, exact=0 integer=0 float=0 error=
/tmp/wago-qualification-artifacts/polybench-published/compiled_benchmarks/adpcm_-DXXXL_DATASET_O1.wasm: 3 loops, exact=0 integer=0 float=0 error=
/tmp/wago-qualification-artifacts/polybench-published/compiled_benchmarks/adpcm_-DXXXL_DATASET_O2.wasm: 3 loops, exact=0 integer=0 float=0 error=
/tmp/wago-qualification-artifacts/polybench-published/compiled_benchmarks/adpcm_-DXXXL_DATASET_Oz.wasm: 12 loops, exact=0 integer=4 float=0 error=
/tmp/wago-qualification-artifacts/polybench-published/compiled_benchmarks/aes_-DEXTRALARGE_DATASET_-Ofast.wasm: 14 loops, exact=0 integer=0 float=0 error=
/tmp/wago-qualification-artifacts/polybench-published/compiled_benchmarks/aes_-DEXTRALARGE_DATASET_O.wasm: 11 loops, exact=0 integer=0 float=0 error=
/tmp/wago-qualification-artifacts/polybench-published/compiled_benchmarks/aes_-DEXTRALARGE_DATASET_O1.wasm: 11 loops, exact=0 integer=0 float=0 error=
/tmp/wago-qualification-artifacts/polybench-published/compiled_benchmarks/aes_-DEXTRALARGE_DATASET_O2.wasm: 14 loops, exact=0 integer=0 float=0 error=
/tmp/wago-qualification-artifacts/polybench-published/compiled_benchmarks/aes_-DEXTRALARGE_DATASET_Oz.wasm: 13 loops, exact=0 integer=0 float=0 error=
/tmp/wago-qualification-artifacts/polybench-published/compiled_benchmarks/aes_-DLARGE_DATASET_-Ofast.wasm: 13 loops, exact=0 integer=0 float=0 error=
/tmp/wago-qualification-artifacts/polybench-published/compiled_benchmarks/aes_-DLARGE_DATASET_O.wasm: 10 loops, exact=0 integer=0 float=0 error=
/tmp/wago-qualification-artifacts/polybench-published/compiled_benchmarks/aes_-DLARGE_DATASET_O1.wasm: 10 loops, exact=0 integer=0 float=0 error=
/tmp/wago-qualification-artifacts/polybench-published/compiled_benchmarks/aes_-DLARGE_DATASET_O2.wasm: 13 loops, exact=0 integer=0 float=0 error=
/tmp/wago-qualification-artifacts/polybench-published/compiled_benchmarks/aes_-DLARGE_DATASET_Oz.wasm: 13 loops, exact=0 integer=0 float=0 error=
/tmp/wago-qualification-artifacts/polybench-published/compiled_benchmarks/aes_-DMEDIUM_DATASET_-Ofast.wasm: 9 loops, exact=0 integer=0 float=0 error=
/tmp/wago-qualification-artifacts/polybench-published/compiled_benchmarks/aes_-DMEDIUM_DATASET_O.wasm: 9 loops, exact=0 integer=0 float=0 error=
/tmp/wago-qualification-artifacts/polybench-published/compiled_benchmarks/aes_-DMEDIUM_DATASET_O1.wasm: 9 loops, exact=0 integer=0 float=0 error=
/tmp/wago-qualification-artifacts/polybench-published/compiled_benchmarks/aes_-DMEDIUM_DATASET_O2.wasm: 9 loops, exact=0 integer=0 float=0 error=
/tmp/wago-qualification-artifacts/polybench-published/compiled_benchmarks/aes_-DMEDIUM_DATASET_Oz.wasm: 13 loops, exact=0 integer=0 float=0 error=
/tmp/wago-qualification-artifacts/polybench-published/compiled_benchmarks/aes_-DXXL_DATASET_-Ofast.wasm: 15 loops, exact=0 integer=0 float=0 error=
/tmp/wago-qualification-artifacts/polybench-published/compiled_benchmarks/aes_-DXXL_DATASET_O.wasm: 11 loops, exact=0 integer=0 float=0 error=
/tmp/wago-qualification-artifacts/polybench-published/compiled_benchmarks/aes_-DXXL_DATASET_O1.wasm: 11 loops, exact=0 integer=0 float=0 error=
/tmp/wago-qualification-artifacts/polybench-published/compiled_benchmarks/aes_-DXXL_DATASET_O2.wasm: 14 loops, exact=0 integer=0 float=0 error=
/tmp/wago-qualification-artifacts/polybench-published/compiled_benchmarks/aes_-DXXL_DATASET_Oz.wasm: 13 loops, exact=0 integer=0 float=0 error=
/tmp/wago-qualification-artifacts/polybench-published/compiled_benchmarks/aes_-DXXXL_DATASET_-Ofast.wasm: 15 loops, exact=0 integer=0 float=0 error=
/tmp/wago-qualification-artifacts/polybench-published/compiled_benchmarks/aes_-DXXXL_DATASET_O.wasm: 11 loops, exact=0 integer=0 float=0 error=
/tmp/wago-qualification-artifacts/polybench-published/compiled_benchmarks/aes_-DXXXL_DATASET_O1.wasm: 11 loops, exact=0 integer=0 float=0 error=
/tmp/wago-qualification-artifacts/polybench-published/compiled_benchmarks/aes_-DXXXL_DATASET_O2.wasm: 14 loops, exact=0 integer=0 float=0 error=
/tmp/wago-qualification-artifacts/polybench-published/compiled_benchmarks/aes_-DXXXL_DATASET_Oz.wasm: 13 loops, exact=0 integer=0 float=0 error=
/tmp/wago-qualification-artifacts/polybench-published/compiled_benchmarks/atax_-DEXTRALARGE_DATASET_-Ofast.wasm: 104 loops, exact=0 integer=1 float=1 error=
/tmp/wago-qualification-artifacts/polybench-published/compiled_benchmarks/atax_-DEXTRALARGE_DATASET_O.wasm: 104 loops, exact=0 integer=1 float=1 error=
/tmp/wago-qualification-artifacts/polybench-published/compiled_benchmarks/atax_-DEXTRALARGE_DATASET_O1.wasm: 104 loops, exact=0 integer=1 float=1 error=
/tmp/wago-qualification-artifacts/polybench-published/compiled_benchmarks/atax_-DEXTRALARGE_DATASET_O2.wasm: 104 loops, exact=0 integer=1 float=1 error=
/tmp/wago-qualification-artifacts/polybench-published/compiled_benchmarks/atax_-DEXTRALARGE_DATASET_Oz.wasm: 104 loops, exact=0 integer=1 float=1 error=
/tmp/wago-qualification-artifacts/polybench-published/compiled_benchmarks/atax_-DLARGE_DATASET_-Ofast.wasm: 104 loops, exact=0 integer=1 float=1 error=
/tmp/wago-qualification-artifacts/polybench-published/compiled_benchmarks/atax_-DLARGE_DATASET_O.wasm: 104 loops, exact=0 integer=1 float=1 error=
/tmp/wago-qualification-artifacts/polybench-published/compiled_benchmarks/atax_-DLARGE_DATASET_O1.wasm: 104 loops, exact=0 integer=1 float=1 error=
/tmp/wago-qualification-artifacts/polybench-published/compiled_benchmarks/atax_-DLARGE_DATASET_O2.wasm: 104 loops, exact=0 integer=1 float=1 error=
/tmp/wago-qualification-artifacts/polybench-published/compiled_benchmarks/atax_-DLARGE_DATASET_Oz.wasm: 104 loops, exact=0 integer=1 float=1 error=
/tmp/wago-qualification-artifacts/polybench-published/compiled_benchmarks/atax_-DMEDIUM_DATASET_-Ofast.wasm: 104 loops, exact=0 integer=1 float=1 error=
/tmp/wago-qualification-artifacts/polybench-published/compiled_benchmarks/atax_-DMEDIUM_DATASET_O.wasm: 104 loops, exact=0 integer=1 float=1 error=
/tmp/wago-qualification-artifacts/polybench-published/compiled_benchmarks/atax_-DMEDIUM_DATASET_O1.wasm: 104 loops, exact=0 integer=1 float=1 error=
/tmp/wago-qualification-artifacts/polybench-published/compiled_benchmarks/atax_-DMEDIUM_DATASET_O2.wasm: 104 loops, exact=0 integer=1 float=1 error=
/tmp/wago-qualification-artifacts/polybench-published/compiled_benchmarks/atax_-DMEDIUM_DATASET_Oz.wasm: 104 loops, exact=0 integer=1 float=1 error=
/tmp/wago-qualification-artifacts/polybench-published/compiled_benchmarks/atax_-DMINI_DATASET_-Ofast.wasm: 103 loops, exact=0 integer=1 float=1 error=
/tmp/wago-qualification-artifacts/polybench-published/compiled_benchmarks/atax_-DMINI_DATASET_O.wasm: 103 loops, exact=0 integer=1 float=1 error=
/tmp/wago-qualification-artifacts/polybench-published/compiled_benchmarks/atax_-DMINI_DATASET_O1.wasm: 103 loops, exact=0 integer=1 float=1 error=
/tmp/wago-qualification-artifacts/polybench-published/compiled_benchmarks/atax_-DMINI_DATASET_O2.wasm: 103 loops, exact=0 integer=1 float=1 error=
/tmp/wago-qualification-artifacts/polybench-published/compiled_benchmarks/atax_-DMINI_DATASET_Oz.wasm: 104 loops, exact=0 integer=1 float=1 error=
/tmp/wago-qualification-artifacts/polybench-published/compiled_benchmarks/atax_-DSMALL_DATASET_-Ofast.wasm: 104 loops, exact=0 integer=1 float=1 error=
/tmp/wago-qualification-artifacts/polybench-published/compiled_benchmarks/atax_-DSMALL_DATASET_O.wasm: 104 loops, exact=0 integer=1 float=1 error=
/tmp/wago-qualification-artifacts/polybench-published/compiled_benchmarks/atax_-DSMALL_DATASET_O1.wasm: 104 loops, exact=0 integer=1 float=1 error=
/tmp/wago-qualification-artifacts/polybench-published/compiled_benchmarks/atax_-DSMALL_DATASET_O2.wasm: 104 loops, exact=0 integer=1 float=1 error=
/tmp/wago-qualification-artifacts/polybench-published/compiled_benchmarks/atax_-DSMALL_DATASET_Oz.wasm: 104 loops, exact=0 integer=1 float=1 error=
/tmp/wago-qualification-artifacts/polybench-published/compiled_benchmarks/bicg_-DEXTRALARGE_DATASET_-Ofast.wasm: 104 loops, exact=0 integer=1 float=0 error=
/tmp/wago-qualification-artifacts/polybench-published/compiled_benchmarks/bicg_-DEXTRALARGE_DATASET_O.wasm: 104 loops, exact=0 integer=1 float=0 error=
/tmp/wago-qualification-artifacts/polybench-published/compiled_benchmarks/bicg_-DEXTRALARGE_DATASET_O1.wasm: 104 loops, exact=0 integer=1 float=0 error=
/tmp/wago-qualification-artifacts/polybench-published/compiled_benchmarks/bicg_-DEXTRALARGE_DATASET_O2.wasm: 104 loops, exact=0 integer=1 float=0 error=
/tmp/wago-qualification-artifacts/polybench-published/compiled_benchmarks/bicg_-DEXTRALARGE_DATASET_Oz.wasm: 104 loops, exact=0 integer=1 float=0 error=
/tmp/wago-qualification-artifacts/polybench-published/compiled_benchmarks/bicg_-DLARGE_DATASET_-Ofast.wasm: 104 loops, exact=0 integer=1 float=0 error=
/tmp/wago-qualification-artifacts/polybench-published/compiled_benchmarks/bicg_-DLARGE_DATASET_O.wasm: 104 loops, exact=0 integer=1 float=0 error=
/tmp/wago-qualification-artifacts/polybench-published/compiled_benchmarks/bicg_-DLARGE_DATASET_O1.wasm: 104 loops, exact=0 integer=1 float=0 error=
/tmp/wago-qualification-artifacts/polybench-published/compiled_benchmarks/bicg_-DLARGE_DATASET_O2.wasm: 104 loops, exact=0 integer=1 float=0 error=
/tmp/wago-qualification-artifacts/polybench-published/compiled_benchmarks/bicg_-DLARGE_DATASET_Oz.wasm: 104 loops, exact=0 integer=1 float=0 error=
/tmp/wago-qualification-artifacts/polybench-published/compiled_benchmarks/bicg_-DMEDIUM_DATASET_-Ofast.wasm: 104 loops, exact=0 integer=1 float=0 error=
/tmp/wago-qualification-artifacts/polybench-published/compiled_benchmarks/bicg_-DMEDIUM_DATASET_O.wasm: 104 loops, exact=0 integer=1 float=0 error=
/tmp/wago-qualification-artifacts/polybench-published/compiled_benchmarks/bicg_-DMEDIUM_DATASET_O1.wasm: 104 loops, exact=0 integer=1 float=0 error=
/tmp/wago-qualification-artifacts/polybench-published/compiled_benchmarks/bicg_-DMEDIUM_DATASET_O2.wasm: 104 loops, exact=0 integer=1 float=0 error=
/tmp/wago-qualification-artifacts/polybench-published/compiled_benchmarks/bicg_-DMEDIUM_DATASET_Oz.wasm: 104 loops, exact=0 integer=1 float=0 error=
/tmp/wago-qualification-artifacts/polybench-published/compiled_benchmarks/bicg_-DMINI_DATASET_-Ofast.wasm: 103 loops, exact=0 integer=1 float=0 error=
/tmp/wago-qualification-artifacts/polybench-published/compiled_benchmarks/bicg_-DMINI_DATASET_O.wasm: 103 loops, exact=0 integer=1 float=0 error=
/tmp/wago-qualification-artifacts/polybench-published/compiled_benchmarks/bicg_-DMINI_DATASET_O1.wasm: 103 loops, exact=0 integer=1 float=0 error=
/tmp/wago-qualification-artifacts/polybench-published/compiled_benchmarks/bicg_-DMINI_DATASET_O2.wasm: 103 loops, exact=0 integer=1 float=0 error=
/tmp/wago-qualification-artifacts/polybench-published/compiled_benchmarks/bicg_-DMINI_DATASET_Oz.wasm: 104 loops, exact=0 integer=1 float=0 error=
/tmp/wago-qualification-artifacts/polybench-published/compiled_benchmarks/bicg_-DSMALL_DATASET_-Ofast.wasm: 104 loops, exact=0 integer=1 float=0 error=
/tmp/wago-qualification-artifacts/polybench-published/compiled_benchmarks/bicg_-DSMALL_DATASET_O.wasm: 104 loops, exact=0 integer=1 float=0 error=
/tmp/wago-qualification-artifacts/polybench-published/compiled_benchmarks/bicg_-DSMALL_DATASET_O1.wasm: 104 loops, exact=0 integer=1 float=0 error=
/tmp/wago-qualification-artifacts/polybench-published/compiled_benchmarks/bicg_-DSMALL_DATASET_O2.wasm: 104 loops, exact=0 integer=1 float=0 error=
/tmp/wago-qualification-artifacts/polybench-published/compiled_benchmarks/bicg_-DSMALL_DATASET_Oz.wasm: 104 loops, exact=0 integer=1 float=0 error=
/tmp/wago-qualification-artifacts/polybench-published/compiled_benchmarks/blowfish_-DEXTRALARGE_DATASET_-Ofast.wasm: 7 loops, exact=0 integer=0 float=0 error=
/tmp/wago-qualification-artifacts/polybench-published/compiled_benchmarks/blowfish_-DEXTRALARGE_DATASET_O.wasm: 7 loops, exact=0 integer=0 float=0 error=
/tmp/wago-qualification-artifacts/polybench-published/compiled_benchmarks/blowfish_-DEXTRALARGE_DATASET_O1.wasm: 7 loops, exact=0 integer=0 float=0 error=
/tmp/wago-qualification-artifacts/polybench-published/compiled_benchmarks/blowfish_-DEXTRALARGE_DATASET_O2.wasm: 7 loops, exact=0 integer=0 float=0 error=
/tmp/wago-qualification-artifacts/polybench-published/compiled_benchmarks/blowfish_-DEXTRALARGE_DATASET_Oz.wasm: 9 loops, exact=0 integer=0 float=0 error=
/tmp/wago-qualification-artifacts/polybench-published/compiled_benchmarks/blowfish_-DLARGE_DATASET_-Ofast.wasm: 7 loops, exact=0 integer=0 float=0 error=
/tmp/wago-qualification-artifacts/polybench-published/compiled_benchmarks/blowfish_-DLARGE_DATASET_O.wasm: 7 loops, exact=0 integer=0 float=0 error=
/tmp/wago-qualification-artifacts/polybench-published/compiled_benchmarks/blowfish_-DLARGE_DATASET_O1.wasm: 7 loops, exact=0 integer=0 float=0 error=
/tmp/wago-qualification-artifacts/polybench-published/compiled_benchmarks/blowfish_-DLARGE_DATASET_O2.wasm: 7 loops, exact=0 integer=0 float=0 error=
/tmp/wago-qualification-artifacts/polybench-published/compiled_benchmarks/blowfish_-DLARGE_DATASET_Oz.wasm: 9 loops, exact=0 integer=0 float=0 error=
/tmp/wago-qualification-artifacts/polybench-published/compiled_benchmarks/blowfish_-DMEDIUM_DATASET_-Ofast.wasm: 7 loops, exact=0 integer=0 float=0 error=
/tmp/wago-qualification-artifacts/polybench-published/compiled_benchmarks/blowfish_-DMEDIUM_DATASET_O.wasm: 7 loops, exact=0 integer=0 float=0 error=
/tmp/wago-qualification-artifacts/polybench-published/compiled_benchmarks/blowfish_-DMEDIUM_DATASET_O1.wasm: 7 loops, exact=0 integer=0 float=0 error=
/tmp/wago-qualification-artifacts/polybench-published/compiled_benchmarks/blowfish_-DMEDIUM_DATASET_O2.wasm: 7 loops, exact=0 integer=0 float=0 error=
/tmp/wago-qualification-artifacts/polybench-published/compiled_benchmarks/blowfish_-DMEDIUM_DATASET_Oz.wasm: 9 loops, exact=0 integer=0 float=0 error=
/tmp/wago-qualification-artifacts/polybench-published/compiled_benchmarks/blowfish_-DXXL_DATASET_-Ofast.wasm: 7 loops, exact=0 integer=0 float=0 error=
/tmp/wago-qualification-artifacts/polybench-published/compiled_benchmarks/blowfish_-DXXL_DATASET_O.wasm: 7 loops, exact=0 integer=0 float=0 error=
/tmp/wago-qualification-artifacts/polybench-published/compiled_benchmarks/blowfish_-DXXL_DATASET_O1.wasm: 7 loops, exact=0 integer=0 float=0 error=
/tmp/wago-qualification-artifacts/polybench-published/compiled_benchmarks/blowfish_-DXXL_DATASET_O2.wasm: 7 loops, exact=0 integer=0 float=0 error=
/tmp/wago-qualification-artifacts/polybench-published/compiled_benchmarks/blowfish_-DXXL_DATASET_Oz.wasm: 9 loops, exact=0 integer=0 float=0 error=
/tmp/wago-qualification-artifacts/polybench-published/compiled_benchmarks/blowfish_-DXXXL_DATASET_-Ofast.wasm: 7 loops, exact=0 integer=0 float=0 error=
/tmp/wago-qualification-artifacts/polybench-published/compiled_benchmarks/blowfish_-DXXXL_DATASET_O.wasm: 7 loops, exact=0 integer=0 float=0 error=
/tmp/wago-qualification-artifacts/polybench-published/compiled_benchmarks/blowfish_-DXXXL_DATASET_O1.wasm: 7 loops, exact=0 integer=0 float=0 error=
/tmp/wago-qualification-artifacts/polybench-published/compiled_benchmarks/blowfish_-DXXXL_DATASET_O2.wasm: 7 loops, exact=0 integer=0 float=0 error=
/tmp/wago-qualification-artifacts/polybench-published/compiled_benchmarks/blowfish_-DXXXL_DATASET_Oz.wasm: 9 loops, exact=0 integer=0 float=0 error=
/tmp/wago-qualification-artifacts/polybench-published/compiled_benchmarks/cholesky_-DEXTRALARGE_DATASET_-Ofast.wasm: 112 loops, exact=0 integer=1 float=0 error=
/tmp/wago-qualification-artifacts/polybench-published/compiled_benchmarks/cholesky_-DEXTRALARGE_DATASET_O.wasm: 112 loops, exact=0 integer=1 float=0 error=
/tmp/wago-qualification-artifacts/polybench-published/compiled_benchmarks/cholesky_-DEXTRALARGE_DATASET_O1.wasm: 112 loops, exact=0 integer=1 float=0 error=
/tmp/wago-qualification-artifacts/polybench-published/compiled_benchmarks/cholesky_-DEXTRALARGE_DATASET_O2.wasm: 112 loops, exact=0 integer=1 float=0 error=
/tmp/wago-qualification-artifacts/polybench-published/compiled_benchmarks/cholesky_-DEXTRALARGE_DATASET_Oz.wasm: 112 loops, exact=0 integer=1 float=0 error=
/tmp/wago-qualification-artifacts/polybench-published/compiled_benchmarks/cholesky_-DLARGE_DATASET_-Ofast.wasm: 112 loops, exact=0 integer=1 float=0 error=
/tmp/wago-qualification-artifacts/polybench-published/compiled_benchmarks/cholesky_-DLARGE_DATASET_O.wasm: 112 loops, exact=0 integer=1 float=0 error=
/tmp/wago-qualification-artifacts/polybench-published/compiled_benchmarks/cholesky_-DLARGE_DATASET_O1.wasm: 112 loops, exact=0 integer=1 float=0 error=
/tmp/wago-qualification-artifacts/polybench-published/compiled_benchmarks/cholesky_-DLARGE_DATASET_O2.wasm: 112 loops, exact=0 integer=1 float=0 error=
/tmp/wago-qualification-artifacts/polybench-published/compiled_benchmarks/cholesky_-DLARGE_DATASET_Oz.wasm: 112 loops, exact=0 integer=1 float=0 error=
/tmp/wago-qualification-artifacts/polybench-published/compiled_benchmarks/cholesky_-DMEDIUM_DATASET_-Ofast.wasm: 112 loops, exact=0 integer=1 float=0 error=
/tmp/wago-qualification-artifacts/polybench-published/compiled_benchmarks/cholesky_-DMEDIUM_DATASET_O.wasm: 112 loops, exact=0 integer=1 float=0 error=
/tmp/wago-qualification-artifacts/polybench-published/compiled_benchmarks/cholesky_-DMEDIUM_DATASET_O1.wasm: 112 loops, exact=0 integer=1 float=0 error=
/tmp/wago-qualification-artifacts/polybench-published/compiled_benchmarks/cholesky_-DMEDIUM_DATASET_O2.wasm: 112 loops, exact=0 integer=1 float=0 error=
/tmp/wago-qualification-artifacts/polybench-published/compiled_benchmarks/cholesky_-DMEDIUM_DATASET_Oz.wasm: 112 loops, exact=0 integer=1 float=0 error=
/tmp/wago-qualification-artifacts/polybench-published/compiled_benchmarks/cholesky_-DMINI_DATASET_-Ofast.wasm: 111 loops, exact=0 integer=1 float=0 error=
/tmp/wago-qualification-artifacts/polybench-published/compiled_benchmarks/cholesky_-DMINI_DATASET_O.wasm: 111 loops, exact=0 integer=1 float=0 error=
/tmp/wago-qualification-artifacts/polybench-published/compiled_benchmarks/cholesky_-DMINI_DATASET_O1.wasm: 112 loops, exact=0 integer=1 float=0 error=
/tmp/wago-qualification-artifacts/polybench-published/compiled_benchmarks/cholesky_-DMINI_DATASET_O2.wasm: 111 loops, exact=0 integer=1 float=0 error=
/tmp/wago-qualification-artifacts/polybench-published/compiled_benchmarks/cholesky_-DMINI_DATASET_Oz.wasm: 112 loops, exact=0 integer=1 float=0 error=
/tmp/wago-qualification-artifacts/polybench-published/compiled_benchmarks/cholesky_-DSMALL_DATASET_-Ofast.wasm: 112 loops, exact=0 integer=1 float=0 error=
/tmp/wago-qualification-artifacts/polybench-published/compiled_benchmarks/cholesky_-DSMALL_DATASET_O.wasm: 112 loops, exact=0 integer=1 float=0 error=
/tmp/wago-qualification-artifacts/polybench-published/compiled_benchmarks/cholesky_-DSMALL_DATASET_O1.wasm: 112 loops, exact=0 integer=1 float=0 error=
/tmp/wago-qualification-artifacts/polybench-published/compiled_benchmarks/cholesky_-DSMALL_DATASET_O2.wasm: 112 loops, exact=0 integer=1 float=0 error=
/tmp/wago-qualification-artifacts/polybench-published/compiled_benchmarks/cholesky_-DSMALL_DATASET_Oz.wasm: 112 loops, exact=0 integer=1 float=0 error=
/tmp/wago-qualification-artifacts/polybench-published/compiled_benchmarks/correlation_-DEXTRALARGE_DATASET_-Ofast.wasm: 109 loops, exact=0 integer=1 float=2 error=
/tmp/wago-qualification-artifacts/polybench-published/compiled_benchmarks/correlation_-DEXTRALARGE_DATASET_O.wasm: 109 loops, exact=0 integer=1 float=3 error=
/tmp/wago-qualification-artifacts/polybench-published/compiled_benchmarks/correlation_-DEXTRALARGE_DATASET_O1.wasm: 109 loops, exact=0 integer=1 float=3 error=
/tmp/wago-qualification-artifacts/polybench-published/compiled_benchmarks/correlation_-DEXTRALARGE_DATASET_O2.wasm: 109 loops, exact=0 integer=1 float=3 error=
/tmp/wago-qualification-artifacts/polybench-published/compiled_benchmarks/correlation_-DEXTRALARGE_DATASET_Oz.wasm: 109 loops, exact=0 integer=1 float=3 error=
/tmp/wago-qualification-artifacts/polybench-published/compiled_benchmarks/correlation_-DLARGE_DATASET_-Ofast.wasm: 109 loops, exact=0 integer=1 float=2 error=
/tmp/wago-qualification-artifacts/polybench-published/compiled_benchmarks/correlation_-DLARGE_DATASET_O.wasm: 109 loops, exact=0 integer=1 float=3 error=
/tmp/wago-qualification-artifacts/polybench-published/compiled_benchmarks/correlation_-DLARGE_DATASET_O1.wasm: 109 loops, exact=0 integer=1 float=3 error=
/tmp/wago-qualification-artifacts/polybench-published/compiled_benchmarks/correlation_-DLARGE_DATASET_O2.wasm: 109 loops, exact=0 integer=1 float=3 error=
/tmp/wago-qualification-artifacts/polybench-published/compiled_benchmarks/correlation_-DLARGE_DATASET_Oz.wasm: 109 loops, exact=0 integer=1 float=3 error=
/tmp/wago-qualification-artifacts/polybench-published/compiled_benchmarks/correlation_-DMEDIUM_DATASET_-Ofast.wasm: 109 loops, exact=0 integer=1 float=2 error=
/tmp/wago-qualification-artifacts/polybench-published/compiled_benchmarks/correlation_-DMEDIUM_DATASET_O.wasm: 109 loops, exact=0 integer=1 float=3 error=
/tmp/wago-qualification-artifacts/polybench-published/compiled_benchmarks/correlation_-DMEDIUM_DATASET_O1.wasm: 109 loops, exact=0 integer=1 float=3 error=
/tmp/wago-qualification-artifacts/polybench-published/compiled_benchmarks/correlation_-DMEDIUM_DATASET_O2.wasm: 109 loops, exact=0 integer=1 float=3 error=
/tmp/wago-qualification-artifacts/polybench-published/compiled_benchmarks/correlation_-DMEDIUM_DATASET_Oz.wasm: 109 loops, exact=0 integer=1 float=3 error=
/tmp/wago-qualification-artifacts/polybench-published/compiled_benchmarks/correlation_-DMINI_DATASET_-Ofast.wasm: 109 loops, exact=0 integer=1 float=2 error=
/tmp/wago-qualification-artifacts/polybench-published/compiled_benchmarks/correlation_-DMINI_DATASET_O.wasm: 109 loops, exact=0 integer=1 float=3 error=
/tmp/wago-qualification-artifacts/polybench-published/compiled_benchmarks/correlation_-DMINI_DATASET_O1.wasm: 109 loops, exact=0 integer=1 float=3 error=
/tmp/wago-qualification-artifacts/polybench-published/compiled_benchmarks/correlation_-DMINI_DATASET_O2.wasm: 109 loops, exact=0 integer=1 float=3 error=
/tmp/wago-qualification-artifacts/polybench-published/compiled_benchmarks/correlation_-DMINI_DATASET_Oz.wasm: 109 loops, exact=0 integer=1 float=3 error=
/tmp/wago-qualification-artifacts/polybench-published/compiled_benchmarks/correlation_-DSMALL_DATASET_-Ofast.wasm: 109 loops, exact=0 integer=1 float=2 error=
/tmp/wago-qualification-artifacts/polybench-published/compiled_benchmarks/correlation_-DSMALL_DATASET_O.wasm: 109 loops, exact=0 integer=1 float=3 error=
/tmp/wago-qualification-artifacts/polybench-published/compiled_benchmarks/correlation_-DSMALL_DATASET_O1.wasm: 109 loops, exact=0 integer=1 float=3 error=
/tmp/wago-qualification-artifacts/polybench-published/compiled_benchmarks/correlation_-DSMALL_DATASET_O2.wasm: 109 loops, exact=0 integer=1 float=3 error=
/tmp/wago-qualification-artifacts/polybench-published/compiled_benchmarks/correlation_-DSMALL_DATASET_Oz.wasm: 109 loops, exact=0 integer=1 float=3 error=
/tmp/wago-qualification-artifacts/polybench-published/compiled_benchmarks/covariance_-DEXTRALARGE_DATASET_-Ofast.wasm: 107 loops, exact=0 integer=1 float=2 error=
/tmp/wago-qualification-artifacts/polybench-published/compiled_benchmarks/covariance_-DEXTRALARGE_DATASET_O.wasm: 107 loops, exact=0 integer=1 float=2 error=
/tmp/wago-qualification-artifacts/polybench-published/compiled_benchmarks/covariance_-DEXTRALARGE_DATASET_O1.wasm: 107 loops, exact=0 integer=1 float=2 error=
/tmp/wago-qualification-artifacts/polybench-published/compiled_benchmarks/covariance_-DEXTRALARGE_DATASET_O2.wasm: 107 loops, exact=0 integer=1 float=2 error=
/tmp/wago-qualification-artifacts/polybench-published/compiled_benchmarks/covariance_-DEXTRALARGE_DATASET_Oz.wasm: 107 loops, exact=0 integer=1 float=2 error=
/tmp/wago-qualification-artifacts/polybench-published/compiled_benchmarks/covariance_-DLARGE_DATASET_-Ofast.wasm: 107 loops, exact=0 integer=1 float=2 error=
/tmp/wago-qualification-artifacts/polybench-published/compiled_benchmarks/covariance_-DLARGE_DATASET_O.wasm: 107 loops, exact=0 integer=1 float=2 error=
/tmp/wago-qualification-artifacts/polybench-published/compiled_benchmarks/covariance_-DLARGE_DATASET_O1.wasm: 107 loops, exact=0 integer=1 float=2 error=
/tmp/wago-qualification-artifacts/polybench-published/compiled_benchmarks/covariance_-DLARGE_DATASET_O2.wasm: 107 loops, exact=0 integer=1 float=2 error=
/tmp/wago-qualification-artifacts/polybench-published/compiled_benchmarks/covariance_-DLARGE_DATASET_Oz.wasm: 107 loops, exact=0 integer=1 float=2 error=
/tmp/wago-qualification-artifacts/polybench-published/compiled_benchmarks/covariance_-DMEDIUM_DATASET_-Ofast.wasm: 107 loops, exact=0 integer=1 float=2 error=
/tmp/wago-qualification-artifacts/polybench-published/compiled_benchmarks/covariance_-DMEDIUM_DATASET_O.wasm: 107 loops, exact=0 integer=1 float=2 error=
/tmp/wago-qualification-artifacts/polybench-published/compiled_benchmarks/covariance_-DMEDIUM_DATASET_O1.wasm: 107 loops, exact=0 integer=1 float=2 error=
/tmp/wago-qualification-artifacts/polybench-published/compiled_benchmarks/covariance_-DMEDIUM_DATASET_O2.wasm: 107 loops, exact=0 integer=1 float=2 error=
/tmp/wago-qualification-artifacts/polybench-published/compiled_benchmarks/covariance_-DMEDIUM_DATASET_Oz.wasm: 107 loops, exact=0 integer=1 float=2 error=
/tmp/wago-qualification-artifacts/polybench-published/compiled_benchmarks/covariance_-DMINI_DATASET_-Ofast.wasm: 106 loops, exact=0 integer=1 float=2 error=
/tmp/wago-qualification-artifacts/polybench-published/compiled_benchmarks/covariance_-DMINI_DATASET_O.wasm: 107 loops, exact=0 integer=1 float=2 error=
/tmp/wago-qualification-artifacts/polybench-published/compiled_benchmarks/covariance_-DMINI_DATASET_O1.wasm: 107 loops, exact=0 integer=1 float=2 error=
/tmp/wago-qualification-artifacts/polybench-published/compiled_benchmarks/covariance_-DMINI_DATASET_O2.wasm: 107 loops, exact=0 integer=1 float=2 error=
/tmp/wago-qualification-artifacts/polybench-published/compiled_benchmarks/covariance_-DMINI_DATASET_Oz.wasm: 107 loops, exact=0 integer=1 float=2 error=
/tmp/wago-qualification-artifacts/polybench-published/compiled_benchmarks/covariance_-DSMALL_DATASET_-Ofast.wasm: 107 loops, exact=0 integer=1 float=2 error=
/tmp/wago-qualification-artifacts/polybench-published/compiled_benchmarks/covariance_-DSMALL_DATASET_O.wasm: 107 loops, exact=0 integer=1 float=2 error=
/tmp/wago-qualification-artifacts/polybench-published/compiled_benchmarks/covariance_-DSMALL_DATASET_O1.wasm: 107 loops, exact=0 integer=1 float=2 error=
/tmp/wago-qualification-artifacts/polybench-published/compiled_benchmarks/covariance_-DSMALL_DATASET_O2.wasm: 107 loops, exact=0 integer=1 float=2 error=
/tmp/wago-qualification-artifacts/polybench-published/compiled_benchmarks/covariance_-DSMALL_DATASET_Oz.wasm: 107 loops, exact=0 integer=1 float=2 error=
/tmp/wago-qualification-artifacts/polybench-published/compiled_benchmarks/deriche_-DEXTRALARGE_DATASET_-Ofast.wasm: 114 loops, exact=0 integer=1 float=2 error=
/tmp/wago-qualification-artifacts/polybench-published/compiled_benchmarks/deriche_-DEXTRALARGE_DATASET_O.wasm: 114 loops, exact=0 integer=1 float=2 error=
/tmp/wago-qualification-artifacts/polybench-published/compiled_benchmarks/deriche_-DEXTRALARGE_DATASET_O1.wasm: 114 loops, exact=0 integer=1 float=2 error=
/tmp/wago-qualification-artifacts/polybench-published/compiled_benchmarks/deriche_-DEXTRALARGE_DATASET_O2.wasm: 114 loops, exact=0 integer=1 float=2 error=
/tmp/wago-qualification-artifacts/polybench-published/compiled_benchmarks/deriche_-DEXTRALARGE_DATASET_Oz.wasm: 114 loops, exact=0 integer=1 float=2 error=
/tmp/wago-qualification-artifacts/polybench-published/compiled_benchmarks/deriche_-DLARGE_DATASET_-Ofast.wasm: 114 loops, exact=0 integer=1 float=2 error=
/tmp/wago-qualification-artifacts/polybench-published/compiled_benchmarks/deriche_-DLARGE_DATASET_O.wasm: 114 loops, exact=0 integer=1 float=2 error=
/tmp/wago-qualification-artifacts/polybench-published/compiled_benchmarks/deriche_-DLARGE_DATASET_O1.wasm: 114 loops, exact=0 integer=1 float=2 error=
/tmp/wago-qualification-artifacts/polybench-published/compiled_benchmarks/deriche_-DLARGE_DATASET_O2.wasm: 114 loops, exact=0 integer=1 float=2 error=
/tmp/wago-qualification-artifacts/polybench-published/compiled_benchmarks/deriche_-DLARGE_DATASET_Oz.wasm: 114 loops, exact=0 integer=1 float=2 error=
/tmp/wago-qualification-artifacts/polybench-published/compiled_benchmarks/deriche_-DMEDIUM_DATASET_-Ofast.wasm: 114 loops, exact=0 integer=1 float=2 error=
/tmp/wago-qualification-artifacts/polybench-published/compiled_benchmarks/deriche_-DMEDIUM_DATASET_O.wasm: 114 loops, exact=0 integer=1 float=2 error=
/tmp/wago-qualification-artifacts/polybench-published/compiled_benchmarks/deriche_-DMEDIUM_DATASET_O1.wasm: 114 loops, exact=0 integer=1 float=2 error=
/tmp/wago-qualification-artifacts/polybench-published/compiled_benchmarks/deriche_-DMEDIUM_DATASET_O2.wasm: 114 loops, exact=0 integer=1 float=2 error=
/tmp/wago-qualification-artifacts/polybench-published/compiled_benchmarks/deriche_-DMEDIUM_DATASET_Oz.wasm: 114 loops, exact=0 integer=1 float=2 error=
/tmp/wago-qualification-artifacts/polybench-published/compiled_benchmarks/deriche_-DMINI_DATASET_-Ofast.wasm: 114 loops, exact=0 integer=1 float=2 error=
/tmp/wago-qualification-artifacts/polybench-published/compiled_benchmarks/deriche_-DMINI_DATASET_O.wasm: 114 loops, exact=0 integer=1 float=2 error=
/tmp/wago-qualification-artifacts/polybench-published/compiled_benchmarks/deriche_-DMINI_DATASET_O1.wasm: 114 loops, exact=0 integer=1 float=2 error=
/tmp/wago-qualification-artifacts/polybench-published/compiled_benchmarks/deriche_-DMINI_DATASET_O2.wasm: 114 loops, exact=0 integer=1 float=2 error=
/tmp/wago-qualification-artifacts/polybench-published/compiled_benchmarks/deriche_-DMINI_DATASET_Oz.wasm: 114 loops, exact=0 integer=1 float=2 error=
/tmp/wago-qualification-artifacts/polybench-published/compiled_benchmarks/deriche_-DSMALL_DATASET_-Ofast.wasm: 114 loops, exact=0 integer=1 float=2 error=
/tmp/wago-qualification-artifacts/polybench-published/compiled_benchmarks/deriche_-DSMALL_DATASET_O.wasm: 114 loops, exact=0 integer=1 float=2 error=
/tmp/wago-qualification-artifacts/polybench-published/compiled_benchmarks/deriche_-DSMALL_DATASET_O1.wasm: 114 loops, exact=0 integer=1 float=2 error=
/tmp/wago-qualification-artifacts/polybench-published/compiled_benchmarks/deriche_-DSMALL_DATASET_O2.wasm: 114 loops, exact=0 integer=1 float=2 error=
/tmp/wago-qualification-artifacts/polybench-published/compiled_benchmarks/deriche_-DSMALL_DATASET_Oz.wasm: 114 loops, exact=0 integer=1 float=2 error=
/tmp/wago-qualification-artifacts/polybench-published/compiled_benchmarks/dfadd_-DEXTRALARGE_DATASET_-Ofast.wasm: 1 loops, exact=0 integer=0 float=0 error=
/tmp/wago-qualification-artifacts/polybench-published/compiled_benchmarks/dfadd_-DEXTRALARGE_DATASET_O.wasm: 1 loops, exact=0 integer=0 float=0 error=
/tmp/wago-qualification-artifacts/polybench-published/compiled_benchmarks/dfadd_-DEXTRALARGE_DATASET_O1.wasm: 1 loops, exact=0 integer=0 float=0 error=
/tmp/wago-qualification-artifacts/polybench-published/compiled_benchmarks/dfadd_-DEXTRALARGE_DATASET_O2.wasm: 1 loops, exact=0 integer=0 float=0 error=
/tmp/wago-qualification-artifacts/polybench-published/compiled_benchmarks/dfadd_-DEXTRALARGE_DATASET_Oz.wasm: 1 loops, exact=0 integer=0 float=0 error=
/tmp/wago-qualification-artifacts/polybench-published/compiled_benchmarks/dfadd_-DLARGE_DATASET_-Ofast.wasm: 1 loops, exact=0 integer=0 float=0 error=
/tmp/wago-qualification-artifacts/polybench-published/compiled_benchmarks/dfadd_-DLARGE_DATASET_O.wasm: 1 loops, exact=0 integer=0 float=0 error=
/tmp/wago-qualification-artifacts/polybench-published/compiled_benchmarks/dfadd_-DLARGE_DATASET_O1.wasm: 1 loops, exact=0 integer=0 float=0 error=
/tmp/wago-qualification-artifacts/polybench-published/compiled_benchmarks/dfadd_-DLARGE_DATASET_O2.wasm: 1 loops, exact=0 integer=0 float=0 error=
/tmp/wago-qualification-artifacts/polybench-published/compiled_benchmarks/dfadd_-DLARGE_DATASET_Oz.wasm: 1 loops, exact=0 integer=0 float=0 error=
/tmp/wago-qualification-artifacts/polybench-published/compiled_benchmarks/dfadd_-DMEDIUM_DATASET_-Ofast.wasm: 1 loops, exact=0 integer=0 float=0 error=
/tmp/wago-qualification-artifacts/polybench-published/compiled_benchmarks/dfadd_-DMEDIUM_DATASET_O.wasm: 1 loops, exact=0 integer=0 float=0 error=
/tmp/wago-qualification-artifacts/polybench-published/compiled_benchmarks/dfadd_-DMEDIUM_DATASET_O1.wasm: 1 loops, exact=0 integer=0 float=0 error=
/tmp/wago-qualification-artifacts/polybench-published/compiled_benchmarks/dfadd_-DMEDIUM_DATASET_O2.wasm: 1 loops, exact=0 integer=0 float=0 error=
/tmp/wago-qualification-artifacts/polybench-published/compiled_benchmarks/dfadd_-DMEDIUM_DATASET_Oz.wasm: 1 loops, exact=0 integer=0 float=0 error=
/tmp/wago-qualification-artifacts/polybench-published/compiled_benchmarks/dfadd_-DXXL_DATASET_-Ofast.wasm: 1 loops, exact=0 integer=0 float=0 error=
/tmp/wago-qualification-artifacts/polybench-published/compiled_benchmarks/dfadd_-DXXL_DATASET_O.wasm: 1 loops, exact=0 integer=0 float=0 error=
/tmp/wago-qualification-artifacts/polybench-published/compiled_benchmarks/dfadd_-DXXL_DATASET_O1.wasm: 1 loops, exact=0 integer=0 float=0 error=
/tmp/wago-qualification-artifacts/polybench-published/compiled_benchmarks/dfadd_-DXXL_DATASET_O2.wasm: 1 loops, exact=0 integer=0 float=0 error=
/tmp/wago-qualification-artifacts/polybench-published/compiled_benchmarks/dfadd_-DXXL_DATASET_Oz.wasm: 1 loops, exact=0 integer=0 float=0 error=
/tmp/wago-qualification-artifacts/polybench-published/compiled_benchmarks/dfadd_-DXXXL_DATASET_-Ofast.wasm: 1 loops, exact=0 integer=0 float=0 error=
/tmp/wago-qualification-artifacts/polybench-published/compiled_benchmarks/dfadd_-DXXXL_DATASET_O.wasm: 1 loops, exact=0 integer=0 float=0 error=
/tmp/wago-qualification-artifacts/polybench-published/compiled_benchmarks/dfadd_-DXXXL_DATASET_O1.wasm: 1 loops, exact=0 integer=0 float=0 error=
/tmp/wago-qualification-artifacts/polybench-published/compiled_benchmarks/dfadd_-DXXXL_DATASET_O2.wasm: 1 loops, exact=0 integer=0 float=0 error=
/tmp/wago-qualification-artifacts/polybench-published/compiled_benchmarks/dfadd_-DXXXL_DATASET_Oz.wasm: 1 loops, exact=0 integer=0 float=0 error=
/tmp/wago-qualification-artifacts/polybench-published/compiled_benchmarks/dfdiv_-DEXTRALARGE_DATASET_-Ofast.wasm: 5 loops, exact=0 integer=0 float=0 error=
/tmp/wago-qualification-artifacts/polybench-published/compiled_benchmarks/dfdiv_-DEXTRALARGE_DATASET_O.wasm: 5 loops, exact=0 integer=0 float=0 error=
/tmp/wago-qualification-artifacts/polybench-published/compiled_benchmarks/dfdiv_-DEXTRALARGE_DATASET_O1.wasm: 5 loops, exact=0 integer=0 float=0 error=
/tmp/wago-qualification-artifacts/polybench-published/compiled_benchmarks/dfdiv_-DEXTRALARGE_DATASET_O2.wasm: 5 loops, exact=0 integer=0 float=0 error=
/tmp/wago-qualification-artifacts/polybench-published/compiled_benchmarks/dfdiv_-DEXTRALARGE_DATASET_Oz.wasm: 5 loops, exact=0 integer=0 float=0 error=
/tmp/wago-qualification-artifacts/polybench-published/compiled_benchmarks/dfdiv_-DLARGE_DATASET_-Ofast.wasm: 5 loops, exact=0 integer=0 float=0 error=
/tmp/wago-qualification-artifacts/polybench-published/compiled_benchmarks/dfdiv_-DLARGE_DATASET_O.wasm: 5 loops, exact=0 integer=0 float=0 error=
/tmp/wago-qualification-artifacts/polybench-published/compiled_benchmarks/dfdiv_-DLARGE_DATASET_O1.wasm: 5 loops, exact=0 integer=0 float=0 error=
/tmp/wago-qualification-artifacts/polybench-published/compiled_benchmarks/dfdiv_-DLARGE_DATASET_O2.wasm: 5 loops, exact=0 integer=0 float=0 error=
/tmp/wago-qualification-artifacts/polybench-published/compiled_benchmarks/dfdiv_-DLARGE_DATASET_Oz.wasm: 5 loops, exact=0 integer=0 float=0 error=
/tmp/wago-qualification-artifacts/polybench-published/compiled_benchmarks/dfdiv_-DMEDIUM_DATASET_-Ofast.wasm: 5 loops, exact=0 integer=0 float=0 error=
/tmp/wago-qualification-artifacts/polybench-published/compiled_benchmarks/dfdiv_-DMEDIUM_DATASET_O.wasm: 5 loops, exact=0 integer=0 float=0 error=
/tmp/wago-qualification-artifacts/polybench-published/compiled_benchmarks/dfdiv_-DMEDIUM_DATASET_O1.wasm: 5 loops, exact=0 integer=0 float=0 error=
/tmp/wago-qualification-artifacts/polybench-published/compiled_benchmarks/dfdiv_-DMEDIUM_DATASET_O2.wasm: 5 loops, exact=0 integer=0 float=0 error=
/tmp/wago-qualification-artifacts/polybench-published/compiled_benchmarks/dfdiv_-DMEDIUM_DATASET_Oz.wasm: 5 loops, exact=0 integer=0 float=0 error=
/tmp/wago-qualification-artifacts/polybench-published/compiled_benchmarks/dfdiv_-DXXL_DATASET_-Ofast.wasm: 5 loops, exact=0 integer=0 float=0 error=
/tmp/wago-qualification-artifacts/polybench-published/compiled_benchmarks/dfdiv_-DXXL_DATASET_O.wasm: 5 loops, exact=0 integer=0 float=0 error=
/tmp/wago-qualification-artifacts/polybench-published/compiled_benchmarks/dfdiv_-DXXL_DATASET_O1.wasm: 5 loops, exact=0 integer=0 float=0 error=
/tmp/wago-qualification-artifacts/polybench-published/compiled_benchmarks/dfdiv_-DXXL_DATASET_O2.wasm: 5 loops, exact=0 integer=0 float=0 error=
/tmp/wago-qualification-artifacts/polybench-published/compiled_benchmarks/dfdiv_-DXXL_DATASET_Oz.wasm: 5 loops, exact=0 integer=0 float=0 error=
/tmp/wago-qualification-artifacts/polybench-published/compiled_benchmarks/dfdiv_-DXXXL_DATASET_-Ofast.wasm: 5 loops, exact=0 integer=0 float=0 error=
/tmp/wago-qualification-artifacts/polybench-published/compiled_benchmarks/dfdiv_-DXXXL_DATASET_O.wasm: 5 loops, exact=0 integer=0 float=0 error=
/tmp/wago-qualification-artifacts/polybench-published/compiled_benchmarks/dfdiv_-DXXXL_DATASET_O1.wasm: 5 loops, exact=0 integer=0 float=0 error=
/tmp/wago-qualification-artifacts/polybench-published/compiled_benchmarks/dfdiv_-DXXXL_DATASET_O2.wasm: 5 loops, exact=0 integer=0 float=0 error=
/tmp/wago-qualification-artifacts/polybench-published/compiled_benchmarks/dfdiv_-DXXXL_DATASET_Oz.wasm: 5 loops, exact=0 integer=0 float=0 error=
/tmp/wago-qualification-artifacts/polybench-published/compiled_benchmarks/dfmul_-DEXTRALARGE_DATASET_-Ofast.wasm: 1 loops, exact=0 integer=0 float=0 error=
/tmp/wago-qualification-artifacts/polybench-published/compiled_benchmarks/dfmul_-DEXTRALARGE_DATASET_O.wasm: 1 loops, exact=0 integer=0 float=0 error=
/tmp/wago-qualification-artifacts/polybench-published/compiled_benchmarks/dfmul_-DEXTRALARGE_DATASET_O1.wasm: 1 loops, exact=0 integer=0 float=0 error=
/tmp/wago-qualification-artifacts/polybench-published/compiled_benchmarks/dfmul_-DEXTRALARGE_DATASET_O2.wasm: 1 loops, exact=0 integer=0 float=0 error=
/tmp/wago-qualification-artifacts/polybench-published/compiled_benchmarks/dfmul_-DEXTRALARGE_DATASET_Oz.wasm: 1 loops, exact=0 integer=0 float=0 error=
/tmp/wago-qualification-artifacts/polybench-published/compiled_benchmarks/dfmul_-DLARGE_DATASET_-Ofast.wasm: 1 loops, exact=0 integer=0 float=0 error=
/tmp/wago-qualification-artifacts/polybench-published/compiled_benchmarks/dfmul_-DLARGE_DATASET_O.wasm: 1 loops, exact=0 integer=0 float=0 error=
/tmp/wago-qualification-artifacts/polybench-published/compiled_benchmarks/dfmul_-DLARGE_DATASET_O1.wasm: 1 loops, exact=0 integer=0 float=0 error=
/tmp/wago-qualification-artifacts/polybench-published/compiled_benchmarks/dfmul_-DLARGE_DATASET_O2.wasm: 1 loops, exact=0 integer=0 float=0 error=
/tmp/wago-qualification-artifacts/polybench-published/compiled_benchmarks/dfmul_-DLARGE_DATASET_Oz.wasm: 1 loops, exact=0 integer=0 float=0 error=
/tmp/wago-qualification-artifacts/polybench-published/compiled_benchmarks/dfmul_-DMEDIUM_DATASET_-Ofast.wasm: 1 loops, exact=0 integer=0 float=0 error=
/tmp/wago-qualification-artifacts/polybench-published/compiled_benchmarks/dfmul_-DMEDIUM_DATASET_O.wasm: 1 loops, exact=0 integer=0 float=0 error=
/tmp/wago-qualification-artifacts/polybench-published/compiled_benchmarks/dfmul_-DMEDIUM_DATASET_O1.wasm: 1 loops, exact=0 integer=0 float=0 error=
/tmp/wago-qualification-artifacts/polybench-published/compiled_benchmarks/dfmul_-DMEDIUM_DATASET_O2.wasm: 1 loops, exact=0 integer=0 float=0 error=
/tmp/wago-qualification-artifacts/polybench-published/compiled_benchmarks/dfmul_-DMEDIUM_DATASET_Oz.wasm: 1 loops, exact=0 integer=0 float=0 error=
/tmp/wago-qualification-artifacts/polybench-published/compiled_benchmarks/dfmul_-DXXL_DATASET_-Ofast.wasm: 1 loops, exact=0 integer=0 float=0 error=
/tmp/wago-qualification-artifacts/polybench-published/compiled_benchmarks/dfmul_-DXXL_DATASET_O.wasm: 1 loops, exact=0 integer=0 float=0 error=
/tmp/wago-qualification-artifacts/polybench-published/compiled_benchmarks/dfmul_-DXXL_DATASET_O1.wasm: 1 loops, exact=0 integer=0 float=0 error=
/tmp/wago-qualification-artifacts/polybench-published/compiled_benchmarks/dfmul_-DXXL_DATASET_O2.wasm: 1 loops, exact=0 integer=0 float=0 error=
/tmp/wago-qualification-artifacts/polybench-published/compiled_benchmarks/dfmul_-DXXL_DATASET_Oz.wasm: 1 loops, exact=0 integer=0 float=0 error=
/tmp/wago-qualification-artifacts/polybench-published/compiled_benchmarks/dfmul_-DXXXL_DATASET_-Ofast.wasm: 1 loops, exact=0 integer=0 float=0 error=
/tmp/wago-qualification-artifacts/polybench-published/compiled_benchmarks/dfmul_-DXXXL_DATASET_O.wasm: 1 loops, exact=0 integer=0 float=0 error=
/tmp/wago-qualification-artifacts/polybench-published/compiled_benchmarks/dfmul_-DXXXL_DATASET_O1.wasm: 1 loops, exact=0 integer=0 float=0 error=
/tmp/wago-qualification-artifacts/polybench-published/compiled_benchmarks/dfmul_-DXXXL_DATASET_O2.wasm: 1 loops, exact=0 integer=0 float=0 error=
/tmp/wago-qualification-artifacts/polybench-published/compiled_benchmarks/dfmul_-DXXXL_DATASET_Oz.wasm: 1 loops, exact=0 integer=0 float=0 error=
/tmp/wago-qualification-artifacts/polybench-published/compiled_benchmarks/dfsin_-DEXTRALARGE_DATASET_-Ofast.wasm: 6 loops, exact=0 integer=1 float=0 error=
/tmp/wago-qualification-artifacts/polybench-published/compiled_benchmarks/dfsin_-DEXTRALARGE_DATASET_O.wasm: 6 loops, exact=0 integer=0 float=0 error=
/tmp/wago-qualification-artifacts/polybench-published/compiled_benchmarks/dfsin_-DEXTRALARGE_DATASET_O1.wasm: 6 loops, exact=0 integer=0 float=0 error=
/tmp/wago-qualification-artifacts/polybench-published/compiled_benchmarks/dfsin_-DEXTRALARGE_DATASET_O2.wasm: 6 loops, exact=0 integer=1 float=0 error=
/tmp/wago-qualification-artifacts/polybench-published/compiled_benchmarks/dfsin_-DEXTRALARGE_DATASET_Oz.wasm: 6 loops, exact=0 integer=0 float=0 error=
/tmp/wago-qualification-artifacts/polybench-published/compiled_benchmarks/dfsin_-DLARGE_DATASET_-Ofast.wasm: 6 loops, exact=0 integer=1 float=0 error=
/tmp/wago-qualification-artifacts/polybench-published/compiled_benchmarks/dfsin_-DLARGE_DATASET_O.wasm: 6 loops, exact=0 integer=0 float=0 error=
/tmp/wago-qualification-artifacts/polybench-published/compiled_benchmarks/dfsin_-DLARGE_DATASET_O1.wasm: 6 loops, exact=0 integer=0 float=0 error=
/tmp/wago-qualification-artifacts/polybench-published/compiled_benchmarks/dfsin_-DLARGE_DATASET_O2.wasm: 6 loops, exact=0 integer=1 float=0 error=
/tmp/wago-qualification-artifacts/polybench-published/compiled_benchmarks/dfsin_-DLARGE_DATASET_Oz.wasm: 6 loops, exact=0 integer=0 float=0 error=
/tmp/wago-qualification-artifacts/polybench-published/compiled_benchmarks/dfsin_-DMEDIUM_DATASET_-Ofast.wasm: 6 loops, exact=0 integer=1 float=0 error=
/tmp/wago-qualification-artifacts/polybench-published/compiled_benchmarks/dfsin_-DMEDIUM_DATASET_O.wasm: 6 loops, exact=0 integer=0 float=0 error=
/tmp/wago-qualification-artifacts/polybench-published/compiled_benchmarks/dfsin_-DMEDIUM_DATASET_O1.wasm: 6 loops, exact=0 integer=0 float=0 error=
/tmp/wago-qualification-artifacts/polybench-published/compiled_benchmarks/dfsin_-DMEDIUM_DATASET_O2.wasm: 6 loops, exact=0 integer=1 float=0 error=
/tmp/wago-qualification-artifacts/polybench-published/compiled_benchmarks/dfsin_-DMEDIUM_DATASET_Oz.wasm: 6 loops, exact=0 integer=0 float=0 error=
/tmp/wago-qualification-artifacts/polybench-published/compiled_benchmarks/dfsin_-DXXL_DATASET_-Ofast.wasm: 6 loops, exact=0 integer=1 float=0 error=
/tmp/wago-qualification-artifacts/polybench-published/compiled_benchmarks/dfsin_-DXXL_DATASET_O.wasm: 6 loops, exact=0 integer=0 float=0 error=
/tmp/wago-qualification-artifacts/polybench-published/compiled_benchmarks/dfsin_-DXXL_DATASET_O1.wasm: 6 loops, exact=0 integer=0 float=0 error=
/tmp/wago-qualification-artifacts/polybench-published/compiled_benchmarks/dfsin_-DXXL_DATASET_O2.wasm: 6 loops, exact=0 integer=1 float=0 error=
/tmp/wago-qualification-artifacts/polybench-published/compiled_benchmarks/dfsin_-DXXL_DATASET_Oz.wasm: 6 loops, exact=0 integer=0 float=0 error=
/tmp/wago-qualification-artifacts/polybench-published/compiled_benchmarks/dfsin_-DXXXL_DATASET_-Ofast.wasm: 6 loops, exact=0 integer=1 float=0 error=
/tmp/wago-qualification-artifacts/polybench-published/compiled_benchmarks/dfsin_-DXXXL_DATASET_O.wasm: 6 loops, exact=0 integer=0 float=0 error=
/tmp/wago-qualification-artifacts/polybench-published/compiled_benchmarks/dfsin_-DXXXL_DATASET_O1.wasm: 6 loops, exact=0 integer=0 float=0 error=
/tmp/wago-qualification-artifacts/polybench-published/compiled_benchmarks/dfsin_-DXXXL_DATASET_O2.wasm: 6 loops, exact=0 integer=1 float=0 error=
/tmp/wago-qualification-artifacts/polybench-published/compiled_benchmarks/dfsin_-DXXXL_DATASET_Oz.wasm: 6 loops, exact=0 integer=0 float=0 error=
/tmp/wago-qualification-artifacts/polybench-published/compiled_benchmarks/doitgen_-DEXTRALARGE_DATASET_-Ofast.wasm: 109 loops, exact=0 integer=1 float=1 error=
/tmp/wago-qualification-artifacts/polybench-published/compiled_benchmarks/doitgen_-DEXTRALARGE_DATASET_O.wasm: 109 loops, exact=0 integer=1 float=1 error=
/tmp/wago-qualification-artifacts/polybench-published/compiled_benchmarks/doitgen_-DEXTRALARGE_DATASET_O1.wasm: 109 loops, exact=0 integer=1 float=1 error=
/tmp/wago-qualification-artifacts/polybench-published/compiled_benchmarks/doitgen_-DEXTRALARGE_DATASET_O2.wasm: 109 loops, exact=0 integer=1 float=1 error=
/tmp/wago-qualification-artifacts/polybench-published/compiled_benchmarks/doitgen_-DEXTRALARGE_DATASET_Oz.wasm: 109 loops, exact=0 integer=1 float=1 error=
/tmp/wago-qualification-artifacts/polybench-published/compiled_benchmarks/doitgen_-DLARGE_DATASET_-Ofast.wasm: 109 loops, exact=0 integer=1 float=1 error=
/tmp/wago-qualification-artifacts/polybench-published/compiled_benchmarks/doitgen_-DLARGE_DATASET_O.wasm: 109 loops, exact=0 integer=1 float=1 error=
/tmp/wago-qualification-artifacts/polybench-published/compiled_benchmarks/doitgen_-DLARGE_DATASET_O1.wasm: 109 loops, exact=0 integer=1 float=1 error=
/tmp/wago-qualification-artifacts/polybench-published/compiled_benchmarks/doitgen_-DLARGE_DATASET_O2.wasm: 109 loops, exact=0 integer=1 float=1 error=
/tmp/wago-qualification-artifacts/polybench-published/compiled_benchmarks/doitgen_-DLARGE_DATASET_Oz.wasm: 109 loops, exact=0 integer=1 float=1 error=
/tmp/wago-qualification-artifacts/polybench-published/compiled_benchmarks/doitgen_-DMEDIUM_DATASET_-Ofast.wasm: 109 loops, exact=0 integer=1 float=1 error=
/tmp/wago-qualification-artifacts/polybench-published/compiled_benchmarks/doitgen_-DMEDIUM_DATASET_O.wasm: 109 loops, exact=0 integer=1 float=1 error=
/tmp/wago-qualification-artifacts/polybench-published/compiled_benchmarks/doitgen_-DMEDIUM_DATASET_O1.wasm: 109 loops, exact=0 integer=1 float=1 error=
/tmp/wago-qualification-artifacts/polybench-published/compiled_benchmarks/doitgen_-DMEDIUM_DATASET_O2.wasm: 109 loops, exact=0 integer=1 float=1 error=
/tmp/wago-qualification-artifacts/polybench-published/compiled_benchmarks/doitgen_-DMEDIUM_DATASET_Oz.wasm: 109 loops, exact=0 integer=1 float=1 error=
/tmp/wago-qualification-artifacts/polybench-published/compiled_benchmarks/doitgen_-DMINI_DATASET_-Ofast.wasm: 105 loops, exact=0 integer=1 float=10 error=
/tmp/wago-qualification-artifacts/polybench-published/compiled_benchmarks/doitgen_-DMINI_DATASET_O.wasm: 105 loops, exact=0 integer=1 float=10 error=
/tmp/wago-qualification-artifacts/polybench-published/compiled_benchmarks/doitgen_-DMINI_DATASET_O1.wasm: 105 loops, exact=0 integer=1 float=10 error=
/tmp/wago-qualification-artifacts/polybench-published/compiled_benchmarks/doitgen_-DMINI_DATASET_O2.wasm: 105 loops, exact=0 integer=1 float=10 error=
/tmp/wago-qualification-artifacts/polybench-published/compiled_benchmarks/doitgen_-DMINI_DATASET_Oz.wasm: 109 loops, exact=0 integer=1 float=1 error=
/tmp/wago-qualification-artifacts/polybench-published/compiled_benchmarks/doitgen_-DSMALL_DATASET_-Ofast.wasm: 109 loops, exact=0 integer=1 float=1 error=
/tmp/wago-qualification-artifacts/polybench-published/compiled_benchmarks/doitgen_-DSMALL_DATASET_O.wasm: 109 loops, exact=0 integer=1 float=1 error=
/tmp/wago-qualification-artifacts/polybench-published/compiled_benchmarks/doitgen_-DSMALL_DATASET_O1.wasm: 109 loops, exact=0 integer=1 float=1 error=
/tmp/wago-qualification-artifacts/polybench-published/compiled_benchmarks/doitgen_-DSMALL_DATASET_O2.wasm: 109 loops, exact=0 integer=1 float=1 error=
/tmp/wago-qualification-artifacts/polybench-published/compiled_benchmarks/doitgen_-DSMALL_DATASET_Oz.wasm: 109 loops, exact=0 integer=1 float=1 error=
/tmp/wago-qualification-artifacts/polybench-published/compiled_benchmarks/durbin_-DEXTRALARGE_DATASET_-Ofast.wasm: 102 loops, exact=0 integer=1 float=1 error=
/tmp/wago-qualification-artifacts/polybench-published/compiled_benchmarks/durbin_-DEXTRALARGE_DATASET_O.wasm: 102 loops, exact=0 integer=1 float=1 error=
/tmp/wago-qualification-artifacts/polybench-published/compiled_benchmarks/durbin_-DEXTRALARGE_DATASET_O1.wasm: 102 loops, exact=0 integer=1 float=1 error=
/tmp/wago-qualification-artifacts/polybench-published/compiled_benchmarks/durbin_-DEXTRALARGE_DATASET_O2.wasm: 102 loops, exact=0 integer=1 float=1 error=
/tmp/wago-qualification-artifacts/polybench-published/compiled_benchmarks/durbin_-DEXTRALARGE_DATASET_Oz.wasm: 102 loops, exact=0 integer=1 float=1 error=
/tmp/wago-qualification-artifacts/polybench-published/compiled_benchmarks/durbin_-DLARGE_DATASET_-Ofast.wasm: 102 loops, exact=0 integer=1 float=1 error=
/tmp/wago-qualification-artifacts/polybench-published/compiled_benchmarks/durbin_-DLARGE_DATASET_O.wasm: 102 loops, exact=0 integer=1 float=1 error=
/tmp/wago-qualification-artifacts/polybench-published/compiled_benchmarks/durbin_-DLARGE_DATASET_O1.wasm: 102 loops, exact=0 integer=1 float=1 error=
/tmp/wago-qualification-artifacts/polybench-published/compiled_benchmarks/durbin_-DLARGE_DATASET_O2.wasm: 102 loops, exact=0 integer=1 float=1 error=
/tmp/wago-qualification-artifacts/polybench-published/compiled_benchmarks/durbin_-DLARGE_DATASET_Oz.wasm: 102 loops, exact=0 integer=1 float=1 error=
/tmp/wago-qualification-artifacts/polybench-published/compiled_benchmarks/durbin_-DMEDIUM_DATASET_-Ofast.wasm: 102 loops, exact=0 integer=1 float=1 error=
/tmp/wago-qualification-artifacts/polybench-published/compiled_benchmarks/durbin_-DMEDIUM_DATASET_O.wasm: 102 loops, exact=0 integer=1 float=1 error=
/tmp/wago-qualification-artifacts/polybench-published/compiled_benchmarks/durbin_-DMEDIUM_DATASET_O1.wasm: 102 loops, exact=0 integer=1 float=1 error=
/tmp/wago-qualification-artifacts/polybench-published/compiled_benchmarks/durbin_-DMEDIUM_DATASET_O2.wasm: 102 loops, exact=0 integer=1 float=1 error=
/tmp/wago-qualification-artifacts/polybench-published/compiled_benchmarks/durbin_-DMEDIUM_DATASET_Oz.wasm: 102 loops, exact=0 integer=1 float=1 error=
/tmp/wago-qualification-artifacts/polybench-published/compiled_benchmarks/durbin_-DMINI_DATASET_-Ofast.wasm: 102 loops, exact=0 integer=1 float=1 error=
/tmp/wago-qualification-artifacts/polybench-published/compiled_benchmarks/durbin_-DMINI_DATASET_O.wasm: 102 loops, exact=0 integer=1 float=1 error=
/tmp/wago-qualification-artifacts/polybench-published/compiled_benchmarks/durbin_-DMINI_DATASET_O1.wasm: 102 loops, exact=0 integer=1 float=1 error=
/tmp/wago-qualification-artifacts/polybench-published/compiled_benchmarks/durbin_-DMINI_DATASET_O2.wasm: 102 loops, exact=0 integer=1 float=1 error=
/tmp/wago-qualification-artifacts/polybench-published/compiled_benchmarks/durbin_-DMINI_DATASET_Oz.wasm: 102 loops, exact=0 integer=1 float=1 error=
/tmp/wago-qualification-artifacts/polybench-published/compiled_benchmarks/durbin_-DSMALL_DATASET_-Ofast.wasm: 102 loops, exact=0 integer=1 float=1 error=
/tmp/wago-qualification-artifacts/polybench-published/compiled_benchmarks/durbin_-DSMALL_DATASET_O.wasm: 102 loops, exact=0 integer=1 float=1 error=
/tmp/wago-qualification-artifacts/polybench-published/compiled_benchmarks/durbin_-DSMALL_DATASET_O1.wasm: 102 loops, exact=0 integer=1 float=1 error=
/tmp/wago-qualification-artifacts/polybench-published/compiled_benchmarks/durbin_-DSMALL_DATASET_O2.wasm: 102 loops, exact=0 integer=1 float=1 error=
/tmp/wago-qualification-artifacts/polybench-published/compiled_benchmarks/durbin_-DSMALL_DATASET_Oz.wasm: 102 loops, exact=0 integer=1 float=1 error=
/tmp/wago-qualification-artifacts/polybench-published/compiled_benchmarks/fdtd-2d_-DEXTRALARGE_DATASET_-Ofast.wasm: 113 loops, exact=0 integer=1 float=0 error=
/tmp/wago-qualification-artifacts/polybench-published/compiled_benchmarks/fdtd-2d_-DEXTRALARGE_DATASET_O.wasm: 113 loops, exact=0 integer=1 float=0 error=
/tmp/wago-qualification-artifacts/polybench-published/compiled_benchmarks/fdtd-2d_-DEXTRALARGE_DATASET_O1.wasm: 113 loops, exact=0 integer=1 float=0 error=
/tmp/wago-qualification-artifacts/polybench-published/compiled_benchmarks/fdtd-2d_-DEXTRALARGE_DATASET_O2.wasm: 113 loops, exact=0 integer=1 float=0 error=
/tmp/wago-qualification-artifacts/polybench-published/compiled_benchmarks/fdtd-2d_-DEXTRALARGE_DATASET_Oz.wasm: 113 loops, exact=0 integer=1 float=0 error=
/tmp/wago-qualification-artifacts/polybench-published/compiled_benchmarks/fdtd-2d_-DLARGE_DATASET_-Ofast.wasm: 113 loops, exact=0 integer=1 float=0 error=
/tmp/wago-qualification-artifacts/polybench-published/compiled_benchmarks/fdtd-2d_-DLARGE_DATASET_O.wasm: 113 loops, exact=0 integer=1 float=0 error=
/tmp/wago-qualification-artifacts/polybench-published/compiled_benchmarks/fdtd-2d_-DLARGE_DATASET_O1.wasm: 113 loops, exact=0 integer=1 float=0 error=
/tmp/wago-qualification-artifacts/polybench-published/compiled_benchmarks/fdtd-2d_-DLARGE_DATASET_O2.wasm: 113 loops, exact=0 integer=1 float=0 error=
/tmp/wago-qualification-artifacts/polybench-published/compiled_benchmarks/fdtd-2d_-DLARGE_DATASET_Oz.wasm: 113 loops, exact=0 integer=1 float=0 error=
/tmp/wago-qualification-artifacts/polybench-published/compiled_benchmarks/fdtd-2d_-DMEDIUM_DATASET_-Ofast.wasm: 113 loops, exact=0 integer=1 float=0 error=
/tmp/wago-qualification-artifacts/polybench-published/compiled_benchmarks/fdtd-2d_-DMEDIUM_DATASET_O.wasm: 113 loops, exact=0 integer=1 float=0 error=
/tmp/wago-qualification-artifacts/polybench-published/compiled_benchmarks/fdtd-2d_-DMEDIUM_DATASET_O1.wasm: 113 loops, exact=0 integer=1 float=0 error=
/tmp/wago-qualification-artifacts/polybench-published/compiled_benchmarks/fdtd-2d_-DMEDIUM_DATASET_O2.wasm: 113 loops, exact=0 integer=1 float=0 error=
/tmp/wago-qualification-artifacts/polybench-published/compiled_benchmarks/fdtd-2d_-DMEDIUM_DATASET_Oz.wasm: 113 loops, exact=0 integer=1 float=0 error=
/tmp/wago-qualification-artifacts/polybench-published/compiled_benchmarks/fdtd-2d_-DMINI_DATASET_-Ofast.wasm: 111 loops, exact=0 integer=1 float=0 error=
/tmp/wago-qualification-artifacts/polybench-published/compiled_benchmarks/fdtd-2d_-DMINI_DATASET_O.wasm: 111 loops, exact=0 integer=1 float=0 error=
/tmp/wago-qualification-artifacts/polybench-published/compiled_benchmarks/fdtd-2d_-DMINI_DATASET_O1.wasm: 111 loops, exact=0 integer=1 float=0 error=
/tmp/wago-qualification-artifacts/polybench-published/compiled_benchmarks/fdtd-2d_-DMINI_DATASET_O2.wasm: 111 loops, exact=0 integer=1 float=0 error=
/tmp/wago-qualification-artifacts/polybench-published/compiled_benchmarks/fdtd-2d_-DMINI_DATASET_Oz.wasm: 113 loops, exact=0 integer=1 float=0 error=
/tmp/wago-qualification-artifacts/polybench-published/compiled_benchmarks/fdtd-2d_-DSMALL_DATASET_-Ofast.wasm: 113 loops, exact=0 integer=1 float=0 error=
/tmp/wago-qualification-artifacts/polybench-published/compiled_benchmarks/fdtd-2d_-DSMALL_DATASET_O.wasm: 113 loops, exact=0 integer=1 float=0 error=
/tmp/wago-qualification-artifacts/polybench-published/compiled_benchmarks/fdtd-2d_-DSMALL_DATASET_O1.wasm: 113 loops, exact=0 integer=1 float=0 error=
/tmp/wago-qualification-artifacts/polybench-published/compiled_benchmarks/fdtd-2d_-DSMALL_DATASET_O2.wasm: 113 loops, exact=0 integer=1 float=0 error=
/tmp/wago-qualification-artifacts/polybench-published/compiled_benchmarks/fdtd-2d_-DSMALL_DATASET_Oz.wasm: 113 loops, exact=0 integer=1 float=0 error=
/tmp/wago-qualification-artifacts/polybench-published/compiled_benchmarks/floyd-warshall_-DEXTRALARGE_DATASET_-Ofast.wasm: 56 loops, exact=0 integer=0 float=0 error=
/tmp/wago-qualification-artifacts/polybench-published/compiled_benchmarks/floyd-warshall_-DEXTRALARGE_DATASET_O.wasm: 56 loops, exact=0 integer=0 float=0 error=
/tmp/wago-qualification-artifacts/polybench-published/compiled_benchmarks/floyd-warshall_-DEXTRALARGE_DATASET_O1.wasm: 56 loops, exact=0 integer=0 float=0 error=
/tmp/wago-qualification-artifacts/polybench-published/compiled_benchmarks/floyd-warshall_-DEXTRALARGE_DATASET_O2.wasm: 56 loops, exact=0 integer=0 float=0 error=
/tmp/wago-qualification-artifacts/polybench-published/compiled_benchmarks/floyd-warshall_-DEXTRALARGE_DATASET_Oz.wasm: 56 loops, exact=0 integer=0 float=0 error=
/tmp/wago-qualification-artifacts/polybench-published/compiled_benchmarks/floyd-warshall_-DLARGE_DATASET_-Ofast.wasm: 56 loops, exact=0 integer=0 float=0 error=
/tmp/wago-qualification-artifacts/polybench-published/compiled_benchmarks/floyd-warshall_-DLARGE_DATASET_O.wasm: 56 loops, exact=0 integer=0 float=0 error=
/tmp/wago-qualification-artifacts/polybench-published/compiled_benchmarks/floyd-warshall_-DLARGE_DATASET_O1.wasm: 56 loops, exact=0 integer=0 float=0 error=
/tmp/wago-qualification-artifacts/polybench-published/compiled_benchmarks/floyd-warshall_-DLARGE_DATASET_O2.wasm: 56 loops, exact=0 integer=0 float=0 error=
/tmp/wago-qualification-artifacts/polybench-published/compiled_benchmarks/floyd-warshall_-DLARGE_DATASET_Oz.wasm: 56 loops, exact=0 integer=0 float=0 error=
/tmp/wago-qualification-artifacts/polybench-published/compiled_benchmarks/floyd-warshall_-DMEDIUM_DATASET_-Ofast.wasm: 56 loops, exact=0 integer=0 float=0 error=
/tmp/wago-qualification-artifacts/polybench-published/compiled_benchmarks/floyd-warshall_-DMEDIUM_DATASET_O.wasm: 56 loops, exact=0 integer=0 float=0 error=
/tmp/wago-qualification-artifacts/polybench-published/compiled_benchmarks/floyd-warshall_-DMEDIUM_DATASET_O1.wasm: 56 loops, exact=0 integer=0 float=0 error=
/tmp/wago-qualification-artifacts/polybench-published/compiled_benchmarks/floyd-warshall_-DMEDIUM_DATASET_O2.wasm: 56 loops, exact=0 integer=0 float=0 error=
/tmp/wago-qualification-artifacts/polybench-published/compiled_benchmarks/floyd-warshall_-DMEDIUM_DATASET_Oz.wasm: 56 loops, exact=0 integer=0 float=0 error=
/tmp/wago-qualification-artifacts/polybench-published/compiled_benchmarks/floyd-warshall_-DMINI_DATASET_-Ofast.wasm: 56 loops, exact=0 integer=0 float=0 error=
/tmp/wago-qualification-artifacts/polybench-published/compiled_benchmarks/floyd-warshall_-DMINI_DATASET_O.wasm: 56 loops, exact=0 integer=0 float=0 error=
/tmp/wago-qualification-artifacts/polybench-published/compiled_benchmarks/floyd-warshall_-DMINI_DATASET_O1.wasm: 56 loops, exact=0 integer=0 float=0 error=
/tmp/wago-qualification-artifacts/polybench-published/compiled_benchmarks/floyd-warshall_-DMINI_DATASET_O2.wasm: 56 loops, exact=0 integer=0 float=0 error=
/tmp/wago-qualification-artifacts/polybench-published/compiled_benchmarks/floyd-warshall_-DMINI_DATASET_Oz.wasm: 56 loops, exact=0 integer=0 float=0 error=
/tmp/wago-qualification-artifacts/polybench-published/compiled_benchmarks/floyd-warshall_-DSMALL_DATASET_-Ofast.wasm: 56 loops, exact=0 integer=0 float=0 error=
/tmp/wago-qualification-artifacts/polybench-published/compiled_benchmarks/floyd-warshall_-DSMALL_DATASET_O.wasm: 56 loops, exact=0 integer=0 float=0 error=
/tmp/wago-qualification-artifacts/polybench-published/compiled_benchmarks/floyd-warshall_-DSMALL_DATASET_O1.wasm: 56 loops, exact=0 integer=0 float=0 error=
/tmp/wago-qualification-artifacts/polybench-published/compiled_benchmarks/floyd-warshall_-DSMALL_DATASET_O2.wasm: 56 loops, exact=0 integer=0 float=0 error=
/tmp/wago-qualification-artifacts/polybench-published/compiled_benchmarks/floyd-warshall_-DSMALL_DATASET_Oz.wasm: 56 loops, exact=0 integer=0 float=0 error=
/tmp/wago-qualification-artifacts/polybench-published/compiled_benchmarks/gemm_-DEXTRALARGE_DATASET_-Ofast.wasm: 108 loops, exact=0 integer=1 float=0 error=
/tmp/wago-qualification-artifacts/polybench-published/compiled_benchmarks/gemm_-DEXTRALARGE_DATASET_O.wasm: 108 loops, exact=0 integer=1 float=0 error=
/tmp/wago-qualification-artifacts/polybench-published/compiled_benchmarks/gemm_-DEXTRALARGE_DATASET_O1.wasm: 108 loops, exact=0 integer=1 float=0 error=
/tmp/wago-qualification-artifacts/polybench-published/compiled_benchmarks/gemm_-DEXTRALARGE_DATASET_O2.wasm: 108 loops, exact=0 integer=1 float=0 error=
/tmp/wago-qualification-artifacts/polybench-published/compiled_benchmarks/gemm_-DEXTRALARGE_DATASET_Oz.wasm: 108 loops, exact=0 integer=1 float=0 error=
/tmp/wago-qualification-artifacts/polybench-published/compiled_benchmarks/gemm_-DLARGE_DATASET_-Ofast.wasm: 108 loops, exact=0 integer=1 float=0 error=
/tmp/wago-qualification-artifacts/polybench-published/compiled_benchmarks/gemm_-DLARGE_DATASET_O.wasm: 108 loops, exact=0 integer=1 float=0 error=
/tmp/wago-qualification-artifacts/polybench-published/compiled_benchmarks/gemm_-DLARGE_DATASET_O1.wasm: 108 loops, exact=0 integer=1 float=0 error=
/tmp/wago-qualification-artifacts/polybench-published/compiled_benchmarks/gemm_-DLARGE_DATASET_O2.wasm: 108 loops, exact=0 integer=1 float=0 error=
/tmp/wago-qualification-artifacts/polybench-published/compiled_benchmarks/gemm_-DLARGE_DATASET_Oz.wasm: 108 loops, exact=0 integer=1 float=0 error=
/tmp/wago-qualification-artifacts/polybench-published/compiled_benchmarks/gemm_-DMEDIUM_DATASET_-Ofast.wasm: 108 loops, exact=0 integer=1 float=0 error=
/tmp/wago-qualification-artifacts/polybench-published/compiled_benchmarks/gemm_-DMEDIUM_DATASET_O.wasm: 108 loops, exact=0 integer=1 float=0 error=
/tmp/wago-qualification-artifacts/polybench-published/compiled_benchmarks/gemm_-DMEDIUM_DATASET_O1.wasm: 108 loops, exact=0 integer=1 float=0 error=
/tmp/wago-qualification-artifacts/polybench-published/compiled_benchmarks/gemm_-DMEDIUM_DATASET_O2.wasm: 108 loops, exact=0 integer=1 float=0 error=
/tmp/wago-qualification-artifacts/polybench-published/compiled_benchmarks/gemm_-DMEDIUM_DATASET_Oz.wasm: 108 loops, exact=0 integer=1 float=0 error=
/tmp/wago-qualification-artifacts/polybench-published/compiled_benchmarks/gemm_-DMINI_DATASET_-Ofast.wasm: 107 loops, exact=0 integer=1 float=0 error=
/tmp/wago-qualification-artifacts/polybench-published/compiled_benchmarks/gemm_-DMINI_DATASET_O.wasm: 107 loops, exact=0 integer=1 float=0 error=
/tmp/wago-qualification-artifacts/polybench-published/compiled_benchmarks/gemm_-DMINI_DATASET_O1.wasm: 108 loops, exact=0 integer=1 float=0 error=
/tmp/wago-qualification-artifacts/polybench-published/compiled_benchmarks/gemm_-DMINI_DATASET_O2.wasm: 107 loops, exact=0 integer=1 float=0 error=
/tmp/wago-qualification-artifacts/polybench-published/compiled_benchmarks/gemm_-DMINI_DATASET_Oz.wasm: 108 loops, exact=0 integer=1 float=0 error=
/tmp/wago-qualification-artifacts/polybench-published/compiled_benchmarks/gemm_-DSMALL_DATASET_-Ofast.wasm: 108 loops, exact=0 integer=1 float=0 error=
/tmp/wago-qualification-artifacts/polybench-published/compiled_benchmarks/gemm_-DSMALL_DATASET_O.wasm: 108 loops, exact=0 integer=1 float=0 error=
/tmp/wago-qualification-artifacts/polybench-published/compiled_benchmarks/gemm_-DSMALL_DATASET_O1.wasm: 108 loops, exact=0 integer=1 float=0 error=
/tmp/wago-qualification-artifacts/polybench-published/compiled_benchmarks/gemm_-DSMALL_DATASET_O2.wasm: 108 loops, exact=0 integer=1 float=0 error=
/tmp/wago-qualification-artifacts/polybench-published/compiled_benchmarks/gemm_-DSMALL_DATASET_Oz.wasm: 108 loops, exact=0 integer=1 float=0 error=
/tmp/wago-qualification-artifacts/polybench-published/compiled_benchmarks/gemver_-DEXTRALARGE_DATASET_-Ofast.wasm: 106 loops, exact=0 integer=1 float=2 error=
/tmp/wago-qualification-artifacts/polybench-published/compiled_benchmarks/gemver_-DEXTRALARGE_DATASET_O.wasm: 106 loops, exact=0 integer=1 float=2 error=
/tmp/wago-qualification-artifacts/polybench-published/compiled_benchmarks/gemver_-DEXTRALARGE_DATASET_O1.wasm: 106 loops, exact=0 integer=1 float=2 error=
/tmp/wago-qualification-artifacts/polybench-published/compiled_benchmarks/gemver_-DEXTRALARGE_DATASET_O2.wasm: 106 loops, exact=0 integer=1 float=2 error=
/tmp/wago-qualification-artifacts/polybench-published/compiled_benchmarks/gemver_-DEXTRALARGE_DATASET_Oz.wasm: 106 loops, exact=0 integer=1 float=2 error=
/tmp/wago-qualification-artifacts/polybench-published/compiled_benchmarks/gemver_-DLARGE_DATASET_-Ofast.wasm: 106 loops, exact=0 integer=1 float=2 error=
/tmp/wago-qualification-artifacts/polybench-published/compiled_benchmarks/gemver_-DLARGE_DATASET_O.wasm: 106 loops, exact=0 integer=1 float=2 error=
/tmp/wago-qualification-artifacts/polybench-published/compiled_benchmarks/gemver_-DLARGE_DATASET_O1.wasm: 106 loops, exact=0 integer=1 float=2 error=
/tmp/wago-qualification-artifacts/polybench-published/compiled_benchmarks/gemver_-DLARGE_DATASET_O2.wasm: 106 loops, exact=0 integer=1 float=2 error=
/tmp/wago-qualification-artifacts/polybench-published/compiled_benchmarks/gemver_-DLARGE_DATASET_Oz.wasm: 106 loops, exact=0 integer=1 float=2 error=
/tmp/wago-qualification-artifacts/polybench-published/compiled_benchmarks/gemver_-DMEDIUM_DATASET_-Ofast.wasm: 106 loops, exact=0 integer=1 float=2 error=
/tmp/wago-qualification-artifacts/polybench-published/compiled_benchmarks/gemver_-DMEDIUM_DATASET_O.wasm: 106 loops, exact=0 integer=1 float=2 error=
/tmp/wago-qualification-artifacts/polybench-published/compiled_benchmarks/gemver_-DMEDIUM_DATASET_O1.wasm: 106 loops, exact=0 integer=1 float=2 error=
/tmp/wago-qualification-artifacts/polybench-published/compiled_benchmarks/gemver_-DMEDIUM_DATASET_O2.wasm: 106 loops, exact=0 integer=1 float=2 error=
/tmp/wago-qualification-artifacts/polybench-published/compiled_benchmarks/gemver_-DMEDIUM_DATASET_Oz.wasm: 106 loops, exact=0 integer=1 float=2 error=
/tmp/wago-qualification-artifacts/polybench-published/compiled_benchmarks/gemver_-DMINI_DATASET_-Ofast.wasm: 106 loops, exact=0 integer=1 float=2 error=
/tmp/wago-qualification-artifacts/polybench-published/compiled_benchmarks/gemver_-DMINI_DATASET_O.wasm: 106 loops, exact=0 integer=1 float=2 error=
/tmp/wago-qualification-artifacts/polybench-published/compiled_benchmarks/gemver_-DMINI_DATASET_O1.wasm: 106 loops, exact=0 integer=1 float=2 error=
/tmp/wago-qualification-artifacts/polybench-published/compiled_benchmarks/gemver_-DMINI_DATASET_O2.wasm: 106 loops, exact=0 integer=1 float=2 error=
/tmp/wago-qualification-artifacts/polybench-published/compiled_benchmarks/gemver_-DMINI_DATASET_Oz.wasm: 106 loops, exact=0 integer=1 float=2 error=
/tmp/wago-qualification-artifacts/polybench-published/compiled_benchmarks/gemver_-DSMALL_DATASET_-Ofast.wasm: 106 loops, exact=0 integer=1 float=2 error=
/tmp/wago-qualification-artifacts/polybench-published/compiled_benchmarks/gemver_-DSMALL_DATASET_O.wasm: 106 loops, exact=0 integer=1 float=2 error=
/tmp/wago-qualification-artifacts/polybench-published/compiled_benchmarks/gemver_-DSMALL_DATASET_O1.wasm: 106 loops, exact=0 integer=1 float=2 error=
/tmp/wago-qualification-artifacts/polybench-published/compiled_benchmarks/gemver_-DSMALL_DATASET_O2.wasm: 106 loops, exact=0 integer=1 float=2 error=
/tmp/wago-qualification-artifacts/polybench-published/compiled_benchmarks/gemver_-DSMALL_DATASET_Oz.wasm: 106 loops, exact=0 integer=1 float=2 error=
/tmp/wago-qualification-artifacts/polybench-published/compiled_benchmarks/gesummv_-DEXTRALARGE_DATASET_-Ofast.wasm: 101 loops, exact=0 integer=1 float=0 error=
/tmp/wago-qualification-artifacts/polybench-published/compiled_benchmarks/gesummv_-DEXTRALARGE_DATASET_O.wasm: 101 loops, exact=0 integer=1 float=0 error=
/tmp/wago-qualification-artifacts/polybench-published/compiled_benchmarks/gesummv_-DEXTRALARGE_DATASET_O1.wasm: 101 loops, exact=0 integer=1 float=0 error=
/tmp/wago-qualification-artifacts/polybench-published/compiled_benchmarks/gesummv_-DEXTRALARGE_DATASET_O2.wasm: 101 loops, exact=0 integer=1 float=0 error=
/tmp/wago-qualification-artifacts/polybench-published/compiled_benchmarks/gesummv_-DEXTRALARGE_DATASET_Oz.wasm: 101 loops, exact=0 integer=1 float=0 error=
/tmp/wago-qualification-artifacts/polybench-published/compiled_benchmarks/gesummv_-DLARGE_DATASET_-Ofast.wasm: 101 loops, exact=0 integer=1 float=0 error=
/tmp/wago-qualification-artifacts/polybench-published/compiled_benchmarks/gesummv_-DLARGE_DATASET_O.wasm: 101 loops, exact=0 integer=1 float=0 error=
/tmp/wago-qualification-artifacts/polybench-published/compiled_benchmarks/gesummv_-DLARGE_DATASET_O1.wasm: 101 loops, exact=0 integer=1 float=0 error=
/tmp/wago-qualification-artifacts/polybench-published/compiled_benchmarks/gesummv_-DLARGE_DATASET_O2.wasm: 101 loops, exact=0 integer=1 float=0 error=
/tmp/wago-qualification-artifacts/polybench-published/compiled_benchmarks/gesummv_-DLARGE_DATASET_Oz.wasm: 101 loops, exact=0 integer=1 float=0 error=
/tmp/wago-qualification-artifacts/polybench-published/compiled_benchmarks/gesummv_-DMEDIUM_DATASET_-Ofast.wasm: 101 loops, exact=0 integer=1 float=0 error=
/tmp/wago-qualification-artifacts/polybench-published/compiled_benchmarks/gesummv_-DMEDIUM_DATASET_O.wasm: 101 loops, exact=0 integer=1 float=0 error=
/tmp/wago-qualification-artifacts/polybench-published/compiled_benchmarks/gesummv_-DMEDIUM_DATASET_O1.wasm: 101 loops, exact=0 integer=1 float=0 error=
/tmp/wago-qualification-artifacts/polybench-published/compiled_benchmarks/gesummv_-DMEDIUM_DATASET_O2.wasm: 101 loops, exact=0 integer=1 float=0 error=
/tmp/wago-qualification-artifacts/polybench-published/compiled_benchmarks/gesummv_-DMEDIUM_DATASET_Oz.wasm: 101 loops, exact=0 integer=1 float=0 error=
/tmp/wago-qualification-artifacts/polybench-published/compiled_benchmarks/gesummv_-DMINI_DATASET_-Ofast.wasm: 101 loops, exact=0 integer=1 float=0 error=
/tmp/wago-qualification-artifacts/polybench-published/compiled_benchmarks/gesummv_-DMINI_DATASET_O.wasm: 101 loops, exact=0 integer=1 float=0 error=
/tmp/wago-qualification-artifacts/polybench-published/compiled_benchmarks/gesummv_-DMINI_DATASET_O1.wasm: 101 loops, exact=0 integer=1 float=0 error=
/tmp/wago-qualification-artifacts/polybench-published/compiled_benchmarks/gesummv_-DMINI_DATASET_O2.wasm: 101 loops, exact=0 integer=1 float=0 error=
/tmp/wago-qualification-artifacts/polybench-published/compiled_benchmarks/gesummv_-DMINI_DATASET_Oz.wasm: 101 loops, exact=0 integer=1 float=0 error=
/tmp/wago-qualification-artifacts/polybench-published/compiled_benchmarks/gesummv_-DSMALL_DATASET_-Ofast.wasm: 101 loops, exact=0 integer=1 float=0 error=
/tmp/wago-qualification-artifacts/polybench-published/compiled_benchmarks/gesummv_-DSMALL_DATASET_O.wasm: 101 loops, exact=0 integer=1 float=0 error=
/tmp/wago-qualification-artifacts/polybench-published/compiled_benchmarks/gesummv_-DSMALL_DATASET_O1.wasm: 101 loops, exact=0 integer=1 float=0 error=
/tmp/wago-qualification-artifacts/polybench-published/compiled_benchmarks/gesummv_-DSMALL_DATASET_O2.wasm: 101 loops, exact=0 integer=1 float=0 error=
/tmp/wago-qualification-artifacts/polybench-published/compiled_benchmarks/gesummv_-DSMALL_DATASET_Oz.wasm: 101 loops, exact=0 integer=1 float=0 error=
/tmp/wago-qualification-artifacts/polybench-published/compiled_benchmarks/gramschmidt_-DEXTRALARGE_DATASET_-Ofast.wasm: 110 loops, exact=0 integer=1 float=1 error=
/tmp/wago-qualification-artifacts/polybench-published/compiled_benchmarks/gramschmidt_-DEXTRALARGE_DATASET_O.wasm: 110 loops, exact=0 integer=1 float=2 error=
/tmp/wago-qualification-artifacts/polybench-published/compiled_benchmarks/gramschmidt_-DEXTRALARGE_DATASET_O1.wasm: 110 loops, exact=0 integer=1 float=2 error=
/tmp/wago-qualification-artifacts/polybench-published/compiled_benchmarks/gramschmidt_-DEXTRALARGE_DATASET_O2.wasm: 110 loops, exact=0 integer=1 float=2 error=
/tmp/wago-qualification-artifacts/polybench-published/compiled_benchmarks/gramschmidt_-DEXTRALARGE_DATASET_Oz.wasm: 110 loops, exact=0 integer=1 float=2 error=
/tmp/wago-qualification-artifacts/polybench-published/compiled_benchmarks/gramschmidt_-DLARGE_DATASET_-Ofast.wasm: 110 loops, exact=0 integer=1 float=1 error=
/tmp/wago-qualification-artifacts/polybench-published/compiled_benchmarks/gramschmidt_-DLARGE_DATASET_O.wasm: 110 loops, exact=0 integer=1 float=2 error=
/tmp/wago-qualification-artifacts/polybench-published/compiled_benchmarks/gramschmidt_-DLARGE_DATASET_O1.wasm: 110 loops, exact=0 integer=1 float=2 error=
/tmp/wago-qualification-artifacts/polybench-published/compiled_benchmarks/gramschmidt_-DLARGE_DATASET_O2.wasm: 110 loops, exact=0 integer=1 float=2 error=
/tmp/wago-qualification-artifacts/polybench-published/compiled_benchmarks/gramschmidt_-DLARGE_DATASET_Oz.wasm: 110 loops, exact=0 integer=1 float=2 error=
/tmp/wago-qualification-artifacts/polybench-published/compiled_benchmarks/gramschmidt_-DMEDIUM_DATASET_-Ofast.wasm: 110 loops, exact=0 integer=1 float=1 error=
/tmp/wago-qualification-artifacts/polybench-published/compiled_benchmarks/gramschmidt_-DMEDIUM_DATASET_O.wasm: 110 loops, exact=0 integer=1 float=2 error=
/tmp/wago-qualification-artifacts/polybench-published/compiled_benchmarks/gramschmidt_-DMEDIUM_DATASET_O1.wasm: 110 loops, exact=0 integer=1 float=2 error=
/tmp/wago-qualification-artifacts/polybench-published/compiled_benchmarks/gramschmidt_-DMEDIUM_DATASET_O2.wasm: 110 loops, exact=0 integer=1 float=2 error=
/tmp/wago-qualification-artifacts/polybench-published/compiled_benchmarks/gramschmidt_-DMEDIUM_DATASET_Oz.wasm: 110 loops, exact=0 integer=1 float=2 error=
/tmp/wago-qualification-artifacts/polybench-published/compiled_benchmarks/gramschmidt_-DMINI_DATASET_-Ofast.wasm: 107 loops, exact=0 integer=1 float=1 error=
/tmp/wago-qualification-artifacts/polybench-published/compiled_benchmarks/gramschmidt_-DMINI_DATASET_O.wasm: 108 loops, exact=0 integer=1 float=1 error=
/tmp/wago-qualification-artifacts/polybench-published/compiled_benchmarks/gramschmidt_-DMINI_DATASET_O1.wasm: 108 loops, exact=0 integer=1 float=1 error=
/tmp/wago-qualification-artifacts/polybench-published/compiled_benchmarks/gramschmidt_-DMINI_DATASET_O2.wasm: 107 loops, exact=0 integer=1 float=1 error=
/tmp/wago-qualification-artifacts/polybench-published/compiled_benchmarks/gramschmidt_-DMINI_DATASET_Oz.wasm: 110 loops, exact=0 integer=1 float=2 error=
/tmp/wago-qualification-artifacts/polybench-published/compiled_benchmarks/gramschmidt_-DSMALL_DATASET_-Ofast.wasm: 110 loops, exact=0 integer=1 float=1 error=
/tmp/wago-qualification-artifacts/polybench-published/compiled_benchmarks/gramschmidt_-DSMALL_DATASET_O.wasm: 110 loops, exact=0 integer=1 float=2 error=
/tmp/wago-qualification-artifacts/polybench-published/compiled_benchmarks/gramschmidt_-DSMALL_DATASET_O1.wasm: 110 loops, exact=0 integer=1 float=2 error=
/tmp/wago-qualification-artifacts/polybench-published/compiled_benchmarks/gramschmidt_-DSMALL_DATASET_O2.wasm: 110 loops, exact=0 integer=1 float=2 error=
/tmp/wago-qualification-artifacts/polybench-published/compiled_benchmarks/gramschmidt_-DSMALL_DATASET_Oz.wasm: 110 loops, exact=0 integer=1 float=2 error=
/tmp/wago-qualification-artifacts/polybench-published/compiled_benchmarks/gsm_-DEXTRALARGE_DATASET_-Ofast.wasm: 10 loops, exact=0 integer=8 float=0 error=
/tmp/wago-qualification-artifacts/polybench-published/compiled_benchmarks/gsm_-DEXTRALARGE_DATASET_O.wasm: 9 loops, exact=0 integer=9 float=0 error=
/tmp/wago-qualification-artifacts/polybench-published/compiled_benchmarks/gsm_-DEXTRALARGE_DATASET_O1.wasm: 9 loops, exact=0 integer=8 float=0 error=
/tmp/wago-qualification-artifacts/polybench-published/compiled_benchmarks/gsm_-DEXTRALARGE_DATASET_O2.wasm: 9 loops, exact=0 integer=8 float=0 error=
/tmp/wago-qualification-artifacts/polybench-published/compiled_benchmarks/gsm_-DEXTRALARGE_DATASET_Oz.wasm: 11 loops, exact=0 integer=8 float=0 error=
/tmp/wago-qualification-artifacts/polybench-published/compiled_benchmarks/gsm_-DLARGE_DATASET_-Ofast.wasm: 10 loops, exact=0 integer=8 float=0 error=
/tmp/wago-qualification-artifacts/polybench-published/compiled_benchmarks/gsm_-DLARGE_DATASET_O.wasm: 9 loops, exact=0 integer=9 float=0 error=
/tmp/wago-qualification-artifacts/polybench-published/compiled_benchmarks/gsm_-DLARGE_DATASET_O1.wasm: 9 loops, exact=0 integer=8 float=0 error=
/tmp/wago-qualification-artifacts/polybench-published/compiled_benchmarks/gsm_-DLARGE_DATASET_O2.wasm: 9 loops, exact=0 integer=8 float=0 error=
/tmp/wago-qualification-artifacts/polybench-published/compiled_benchmarks/gsm_-DLARGE_DATASET_Oz.wasm: 11 loops, exact=0 integer=8 float=0 error=
/tmp/wago-qualification-artifacts/polybench-published/compiled_benchmarks/gsm_-DMEDIUM_DATASET_-Ofast.wasm: 10 loops, exact=0 integer=8 float=0 error=
/tmp/wago-qualification-artifacts/polybench-published/compiled_benchmarks/gsm_-DMEDIUM_DATASET_O.wasm: 9 loops, exact=0 integer=9 float=0 error=
/tmp/wago-qualification-artifacts/polybench-published/compiled_benchmarks/gsm_-DMEDIUM_DATASET_O1.wasm: 9 loops, exact=0 integer=8 float=0 error=
/tmp/wago-qualification-artifacts/polybench-published/compiled_benchmarks/gsm_-DMEDIUM_DATASET_O2.wasm: 9 loops, exact=0 integer=8 float=0 error=
/tmp/wago-qualification-artifacts/polybench-published/compiled_benchmarks/gsm_-DMEDIUM_DATASET_Oz.wasm: 11 loops, exact=0 integer=8 float=0 error=
/tmp/wago-qualification-artifacts/polybench-published/compiled_benchmarks/gsm_-DXXL_DATASET_-Ofast.wasm: 10 loops, exact=0 integer=8 float=0 error=
/tmp/wago-qualification-artifacts/polybench-published/compiled_benchmarks/gsm_-DXXL_DATASET_O.wasm: 9 loops, exact=0 integer=9 float=0 error=
/tmp/wago-qualification-artifacts/polybench-published/compiled_benchmarks/gsm_-DXXL_DATASET_O1.wasm: 9 loops, exact=0 integer=8 float=0 error=
/tmp/wago-qualification-artifacts/polybench-published/compiled_benchmarks/gsm_-DXXL_DATASET_O2.wasm: 9 loops, exact=0 integer=8 float=0 error=
/tmp/wago-qualification-artifacts/polybench-published/compiled_benchmarks/gsm_-DXXL_DATASET_Oz.wasm: 11 loops, exact=0 integer=8 float=0 error=
/tmp/wago-qualification-artifacts/polybench-published/compiled_benchmarks/gsm_-DXXXL_DATASET_-Ofast.wasm: 10 loops, exact=0 integer=8 float=0 error=
/tmp/wago-qualification-artifacts/polybench-published/compiled_benchmarks/gsm_-DXXXL_DATASET_O.wasm: 9 loops, exact=0 integer=9 float=0 error=
/tmp/wago-qualification-artifacts/polybench-published/compiled_benchmarks/gsm_-DXXXL_DATASET_O1.wasm: 9 loops, exact=0 integer=8 float=0 error=
/tmp/wago-qualification-artifacts/polybench-published/compiled_benchmarks/gsm_-DXXXL_DATASET_O2.wasm: 9 loops, exact=0 integer=8 float=0 error=
/tmp/wago-qualification-artifacts/polybench-published/compiled_benchmarks/gsm_-DXXXL_DATASET_Oz.wasm: 11 loops, exact=0 integer=8 float=0 error=
/tmp/wago-qualification-artifacts/polybench-published/compiled_benchmarks/heat-3d_-DEXTRALARGE_DATASET_-Ofast.wasm: 109 loops, exact=0 integer=1 float=0 error=
/tmp/wago-qualification-artifacts/polybench-published/compiled_benchmarks/heat-3d_-DEXTRALARGE_DATASET_O.wasm: 109 loops, exact=0 integer=1 float=0 error=
/tmp/wago-qualification-artifacts/polybench-published/compiled_benchmarks/heat-3d_-DEXTRALARGE_DATASET_O1.wasm: 109 loops, exact=0 integer=1 float=0 error=
/tmp/wago-qualification-artifacts/polybench-published/compiled_benchmarks/heat-3d_-DEXTRALARGE_DATASET_O2.wasm: 109 loops, exact=0 integer=1 float=0 error=
/tmp/wago-qualification-artifacts/polybench-published/compiled_benchmarks/heat-3d_-DEXTRALARGE_DATASET_Oz.wasm: 109 loops, exact=0 integer=1 float=0 error=
/tmp/wago-qualification-artifacts/polybench-published/compiled_benchmarks/heat-3d_-DLARGE_DATASET_-Ofast.wasm: 109 loops, exact=0 integer=1 float=0 error=
/tmp/wago-qualification-artifacts/polybench-published/compiled_benchmarks/heat-3d_-DLARGE_DATASET_O.wasm: 109 loops, exact=0 integer=1 float=0 error=
/tmp/wago-qualification-artifacts/polybench-published/compiled_benchmarks/heat-3d_-DLARGE_DATASET_O1.wasm: 109 loops, exact=0 integer=1 float=0 error=
/tmp/wago-qualification-artifacts/polybench-published/compiled_benchmarks/heat-3d_-DLARGE_DATASET_O2.wasm: 109 loops, exact=0 integer=1 float=0 error=
/tmp/wago-qualification-artifacts/polybench-published/compiled_benchmarks/heat-3d_-DLARGE_DATASET_Oz.wasm: 109 loops, exact=0 integer=1 float=0 error=
/tmp/wago-qualification-artifacts/polybench-published/compiled_benchmarks/heat-3d_-DMEDIUM_DATASET_-Ofast.wasm: 109 loops, exact=0 integer=1 float=0 error=
/tmp/wago-qualification-artifacts/polybench-published/compiled_benchmarks/heat-3d_-DMEDIUM_DATASET_O.wasm: 109 loops, exact=0 integer=1 float=0 error=
/tmp/wago-qualification-artifacts/polybench-published/compiled_benchmarks/heat-3d_-DMEDIUM_DATASET_O1.wasm: 109 loops, exact=0 integer=1 float=0 error=
/tmp/wago-qualification-artifacts/polybench-published/compiled_benchmarks/heat-3d_-DMEDIUM_DATASET_O2.wasm: 109 loops, exact=0 integer=1 float=0 error=
/tmp/wago-qualification-artifacts/polybench-published/compiled_benchmarks/heat-3d_-DMEDIUM_DATASET_Oz.wasm: 109 loops, exact=0 integer=1 float=0 error=
/tmp/wago-qualification-artifacts/polybench-published/compiled_benchmarks/heat-3d_-DMINI_DATASET_-Ofast.wasm: 108 loops, exact=0 integer=1 float=0 error=
/tmp/wago-qualification-artifacts/polybench-published/compiled_benchmarks/heat-3d_-DMINI_DATASET_O.wasm: 108 loops, exact=0 integer=1 float=0 error=
/tmp/wago-qualification-artifacts/polybench-published/compiled_benchmarks/heat-3d_-DMINI_DATASET_O1.wasm: 108 loops, exact=0 integer=1 float=0 error=
/tmp/wago-qualification-artifacts/polybench-published/compiled_benchmarks/heat-3d_-DMINI_DATASET_O2.wasm: 108 loops, exact=0 integer=1 float=0 error=
/tmp/wago-qualification-artifacts/polybench-published/compiled_benchmarks/heat-3d_-DMINI_DATASET_Oz.wasm: 109 loops, exact=0 integer=1 float=0 error=
/tmp/wago-qualification-artifacts/polybench-published/compiled_benchmarks/heat-3d_-DSMALL_DATASET_-Ofast.wasm: 109 loops, exact=0 integer=1 float=0 error=
/tmp/wago-qualification-artifacts/polybench-published/compiled_benchmarks/heat-3d_-DSMALL_DATASET_O.wasm: 109 loops, exact=0 integer=1 float=0 error=
/tmp/wago-qualification-artifacts/polybench-published/compiled_benchmarks/heat-3d_-DSMALL_DATASET_O1.wasm: 109 loops, exact=0 integer=1 float=0 error=
/tmp/wago-qualification-artifacts/polybench-published/compiled_benchmarks/heat-3d_-DSMALL_DATASET_O2.wasm: 109 loops, exact=0 integer=1 float=0 error=
/tmp/wago-qualification-artifacts/polybench-published/compiled_benchmarks/heat-3d_-DSMALL_DATASET_Oz.wasm: 109 loops, exact=0 integer=1 float=0 error=
/tmp/wago-qualification-artifacts/polybench-published/compiled_benchmarks/jacobi-1d_-DEXTRALARGE_DATASET_-Ofast.wasm: 101 loops, exact=0 integer=1 float=0 error=
/tmp/wago-qualification-artifacts/polybench-published/compiled_benchmarks/jacobi-1d_-DEXTRALARGE_DATASET_O.wasm: 101 loops, exact=0 integer=1 float=0 error=
/tmp/wago-qualification-artifacts/polybench-published/compiled_benchmarks/jacobi-1d_-DEXTRALARGE_DATASET_O1.wasm: 101 loops, exact=0 integer=1 float=0 error=
/tmp/wago-qualification-artifacts/polybench-published/compiled_benchmarks/jacobi-1d_-DEXTRALARGE_DATASET_O2.wasm: 101 loops, exact=0 integer=1 float=0 error=
/tmp/wago-qualification-artifacts/polybench-published/compiled_benchmarks/jacobi-1d_-DEXTRALARGE_DATASET_Oz.wasm: 101 loops, exact=0 integer=1 float=0 error=
/tmp/wago-qualification-artifacts/polybench-published/compiled_benchmarks/jacobi-1d_-DLARGE_DATASET_-Ofast.wasm: 101 loops, exact=0 integer=1 float=0 error=
/tmp/wago-qualification-artifacts/polybench-published/compiled_benchmarks/jacobi-1d_-DLARGE_DATASET_O.wasm: 101 loops, exact=0 integer=1 float=0 error=
/tmp/wago-qualification-artifacts/polybench-published/compiled_benchmarks/jacobi-1d_-DLARGE_DATASET_O1.wasm: 101 loops, exact=0 integer=1 float=0 error=
/tmp/wago-qualification-artifacts/polybench-published/compiled_benchmarks/jacobi-1d_-DLARGE_DATASET_O2.wasm: 101 loops, exact=0 integer=1 float=0 error=
/tmp/wago-qualification-artifacts/polybench-published/compiled_benchmarks/jacobi-1d_-DLARGE_DATASET_Oz.wasm: 101 loops, exact=0 integer=1 float=0 error=
/tmp/wago-qualification-artifacts/polybench-published/compiled_benchmarks/jacobi-1d_-DMEDIUM_DATASET_-Ofast.wasm: 101 loops, exact=0 integer=1 float=0 error=
/tmp/wago-qualification-artifacts/polybench-published/compiled_benchmarks/jacobi-1d_-DMEDIUM_DATASET_O.wasm: 101 loops, exact=0 integer=1 float=0 error=
/tmp/wago-qualification-artifacts/polybench-published/compiled_benchmarks/jacobi-1d_-DMEDIUM_DATASET_O1.wasm: 101 loops, exact=0 integer=1 float=0 error=
/tmp/wago-qualification-artifacts/polybench-published/compiled_benchmarks/jacobi-1d_-DMEDIUM_DATASET_O2.wasm: 101 loops, exact=0 integer=1 float=0 error=
/tmp/wago-qualification-artifacts/polybench-published/compiled_benchmarks/jacobi-1d_-DMEDIUM_DATASET_Oz.wasm: 101 loops, exact=0 integer=1 float=0 error=
/tmp/wago-qualification-artifacts/polybench-published/compiled_benchmarks/jacobi-1d_-DMINI_DATASET_-Ofast.wasm: 101 loops, exact=0 integer=1 float=0 error=
/tmp/wago-qualification-artifacts/polybench-published/compiled_benchmarks/jacobi-1d_-DMINI_DATASET_O.wasm: 101 loops, exact=0 integer=1 float=0 error=
/tmp/wago-qualification-artifacts/polybench-published/compiled_benchmarks/jacobi-1d_-DMINI_DATASET_O1.wasm: 101 loops, exact=0 integer=1 float=0 error=
/tmp/wago-qualification-artifacts/polybench-published/compiled_benchmarks/jacobi-1d_-DMINI_DATASET_O2.wasm: 101 loops, exact=0 integer=1 float=0 error=
/tmp/wago-qualification-artifacts/polybench-published/compiled_benchmarks/jacobi-1d_-DMINI_DATASET_Oz.wasm: 101 loops, exact=0 integer=1 float=0 error=
/tmp/wago-qualification-artifacts/polybench-published/compiled_benchmarks/jacobi-1d_-DSMALL_DATASET_-Ofast.wasm: 101 loops, exact=0 integer=1 float=0 error=
/tmp/wago-qualification-artifacts/polybench-published/compiled_benchmarks/jacobi-1d_-DSMALL_DATASET_O.wasm: 101 loops, exact=0 integer=1 float=0 error=
/tmp/wago-qualification-artifacts/polybench-published/compiled_benchmarks/jacobi-1d_-DSMALL_DATASET_O1.wasm: 101 loops, exact=0 integer=1 float=0 error=
/tmp/wago-qualification-artifacts/polybench-published/compiled_benchmarks/jacobi-1d_-DSMALL_DATASET_O2.wasm: 101 loops, exact=0 integer=1 float=0 error=
/tmp/wago-qualification-artifacts/polybench-published/compiled_benchmarks/jacobi-1d_-DSMALL_DATASET_Oz.wasm: 101 loops, exact=0 integer=1 float=0 error=
/tmp/wago-qualification-artifacts/polybench-published/compiled_benchmarks/jacobi-2d_-DEXTRALARGE_DATASET_-Ofast.wasm: 105 loops, exact=0 integer=1 float=0 error=
/tmp/wago-qualification-artifacts/polybench-published/compiled_benchmarks/jacobi-2d_-DEXTRALARGE_DATASET_O.wasm: 105 loops, exact=0 integer=1 float=0 error=
/tmp/wago-qualification-artifacts/polybench-published/compiled_benchmarks/jacobi-2d_-DEXTRALARGE_DATASET_O1.wasm: 105 loops, exact=0 integer=1 float=0 error=
/tmp/wago-qualification-artifacts/polybench-published/compiled_benchmarks/jacobi-2d_-DEXTRALARGE_DATASET_O2.wasm: 105 loops, exact=0 integer=1 float=0 error=
/tmp/wago-qualification-artifacts/polybench-published/compiled_benchmarks/jacobi-2d_-DEXTRALARGE_DATASET_Oz.wasm: 105 loops, exact=0 integer=1 float=0 error=
/tmp/wago-qualification-artifacts/polybench-published/compiled_benchmarks/jacobi-2d_-DLARGE_DATASET_-Ofast.wasm: 105 loops, exact=0 integer=1 float=0 error=
/tmp/wago-qualification-artifacts/polybench-published/compiled_benchmarks/jacobi-2d_-DLARGE_DATASET_O.wasm: 105 loops, exact=0 integer=1 float=0 error=
/tmp/wago-qualification-artifacts/polybench-published/compiled_benchmarks/jacobi-2d_-DLARGE_DATASET_O1.wasm: 105 loops, exact=0 integer=1 float=0 error=
/tmp/wago-qualification-artifacts/polybench-published/compiled_benchmarks/jacobi-2d_-DLARGE_DATASET_O2.wasm: 105 loops, exact=0 integer=1 float=0 error=
/tmp/wago-qualification-artifacts/polybench-published/compiled_benchmarks/jacobi-2d_-DLARGE_DATASET_Oz.wasm: 105 loops, exact=0 integer=1 float=0 error=
/tmp/wago-qualification-artifacts/polybench-published/compiled_benchmarks/jacobi-2d_-DMEDIUM_DATASET_-Ofast.wasm: 105 loops, exact=0 integer=1 float=0 error=
/tmp/wago-qualification-artifacts/polybench-published/compiled_benchmarks/jacobi-2d_-DMEDIUM_DATASET_O.wasm: 105 loops, exact=0 integer=1 float=0 error=
/tmp/wago-qualification-artifacts/polybench-published/compiled_benchmarks/jacobi-2d_-DMEDIUM_DATASET_O1.wasm: 105 loops, exact=0 integer=1 float=0 error=
/tmp/wago-qualification-artifacts/polybench-published/compiled_benchmarks/jacobi-2d_-DMEDIUM_DATASET_O2.wasm: 105 loops, exact=0 integer=1 float=0 error=
/tmp/wago-qualification-artifacts/polybench-published/compiled_benchmarks/jacobi-2d_-DMEDIUM_DATASET_Oz.wasm: 105 loops, exact=0 integer=1 float=0 error=
/tmp/wago-qualification-artifacts/polybench-published/compiled_benchmarks/jacobi-2d_-DMINI_DATASET_-Ofast.wasm: 105 loops, exact=0 integer=1 float=0 error=
/tmp/wago-qualification-artifacts/polybench-published/compiled_benchmarks/jacobi-2d_-DMINI_DATASET_O.wasm: 105 loops, exact=0 integer=1 float=0 error=
/tmp/wago-qualification-artifacts/polybench-published/compiled_benchmarks/jacobi-2d_-DMINI_DATASET_O1.wasm: 105 loops, exact=0 integer=1 float=0 error=
/tmp/wago-qualification-artifacts/polybench-published/compiled_benchmarks/jacobi-2d_-DMINI_DATASET_O2.wasm: 105 loops, exact=0 integer=1 float=0 error=
/tmp/wago-qualification-artifacts/polybench-published/compiled_benchmarks/jacobi-2d_-DMINI_DATASET_Oz.wasm: 105 loops, exact=0 integer=1 float=0 error=
/tmp/wago-qualification-artifacts/polybench-published/compiled_benchmarks/jacobi-2d_-DSMALL_DATASET_-Ofast.wasm: 105 loops, exact=0 integer=1 float=0 error=
/tmp/wago-qualification-artifacts/polybench-published/compiled_benchmarks/jacobi-2d_-DSMALL_DATASET_O.wasm: 105 loops, exact=0 integer=1 float=0 error=
/tmp/wago-qualification-artifacts/polybench-published/compiled_benchmarks/jacobi-2d_-DSMALL_DATASET_O1.wasm: 105 loops, exact=0 integer=1 float=0 error=
/tmp/wago-qualification-artifacts/polybench-published/compiled_benchmarks/jacobi-2d_-DSMALL_DATASET_O2.wasm: 105 loops, exact=0 integer=1 float=0 error=
/tmp/wago-qualification-artifacts/polybench-published/compiled_benchmarks/jacobi-2d_-DSMALL_DATASET_Oz.wasm: 105 loops, exact=0 integer=1 float=0 error=
/tmp/wago-qualification-artifacts/polybench-published/compiled_benchmarks/lu_-DEXTRALARGE_DATASET_-Ofast.wasm: 113 loops, exact=0 integer=1 float=0 error=
/tmp/wago-qualification-artifacts/polybench-published/compiled_benchmarks/lu_-DEXTRALARGE_DATASET_O.wasm: 113 loops, exact=0 integer=1 float=0 error=
/tmp/wago-qualification-artifacts/polybench-published/compiled_benchmarks/lu_-DEXTRALARGE_DATASET_O1.wasm: 113 loops, exact=0 integer=1 float=0 error=
/tmp/wago-qualification-artifacts/polybench-published/compiled_benchmarks/lu_-DEXTRALARGE_DATASET_O2.wasm: 113 loops, exact=0 integer=1 float=0 error=
/tmp/wago-qualification-artifacts/polybench-published/compiled_benchmarks/lu_-DEXTRALARGE_DATASET_Oz.wasm: 113 loops, exact=0 integer=1 float=0 error=
/tmp/wago-qualification-artifacts/polybench-published/compiled_benchmarks/lu_-DLARGE_DATASET_-Ofast.wasm: 113 loops, exact=0 integer=1 float=0 error=
/tmp/wago-qualification-artifacts/polybench-published/compiled_benchmarks/lu_-DLARGE_DATASET_O.wasm: 113 loops, exact=0 integer=1 float=0 error=
/tmp/wago-qualification-artifacts/polybench-published/compiled_benchmarks/lu_-DLARGE_DATASET_O1.wasm: 113 loops, exact=0 integer=1 float=0 error=
/tmp/wago-qualification-artifacts/polybench-published/compiled_benchmarks/lu_-DLARGE_DATASET_O2.wasm: 113 loops, exact=0 integer=1 float=0 error=
/tmp/wago-qualification-artifacts/polybench-published/compiled_benchmarks/lu_-DLARGE_DATASET_Oz.wasm: 113 loops, exact=0 integer=1 float=0 error=
/tmp/wago-qualification-artifacts/polybench-published/compiled_benchmarks/lu_-DMEDIUM_DATASET_-Ofast.wasm: 113 loops, exact=0 integer=1 float=0 error=
/tmp/wago-qualification-artifacts/polybench-published/compiled_benchmarks/lu_-DMEDIUM_DATASET_O.wasm: 113 loops, exact=0 integer=1 float=0 error=
/tmp/wago-qualification-artifacts/polybench-published/compiled_benchmarks/lu_-DMEDIUM_DATASET_O1.wasm: 113 loops, exact=0 integer=1 float=0 error=
/tmp/wago-qualification-artifacts/polybench-published/compiled_benchmarks/lu_-DMEDIUM_DATASET_O2.wasm: 113 loops, exact=0 integer=1 float=0 error=
/tmp/wago-qualification-artifacts/polybench-published/compiled_benchmarks/lu_-DMEDIUM_DATASET_Oz.wasm: 113 loops, exact=0 integer=1 float=0 error=
/tmp/wago-qualification-artifacts/polybench-published/compiled_benchmarks/lu_-DMINI_DATASET_-Ofast.wasm: 112 loops, exact=0 integer=1 float=0 error=
/tmp/wago-qualification-artifacts/polybench-published/compiled_benchmarks/lu_-DMINI_DATASET_O.wasm: 112 loops, exact=0 integer=1 float=0 error=
/tmp/wago-qualification-artifacts/polybench-published/compiled_benchmarks/lu_-DMINI_DATASET_O1.wasm: 113 loops, exact=0 integer=1 float=0 error=
/tmp/wago-qualification-artifacts/polybench-published/compiled_benchmarks/lu_-DMINI_DATASET_O2.wasm: 112 loops, exact=0 integer=1 float=0 error=
/tmp/wago-qualification-artifacts/polybench-published/compiled_benchmarks/lu_-DMINI_DATASET_Oz.wasm: 113 loops, exact=0 integer=1 float=0 error=
/tmp/wago-qualification-artifacts/polybench-published/compiled_benchmarks/lu_-DSMALL_DATASET_-Ofast.wasm: 113 loops, exact=0 integer=1 float=0 error=
/tmp/wago-qualification-artifacts/polybench-published/compiled_benchmarks/lu_-DSMALL_DATASET_O.wasm: 113 loops, exact=0 integer=1 float=0 error=
/tmp/wago-qualification-artifacts/polybench-published/compiled_benchmarks/lu_-DSMALL_DATASET_O1.wasm: 113 loops, exact=0 integer=1 float=0 error=
/tmp/wago-qualification-artifacts/polybench-published/compiled_benchmarks/lu_-DSMALL_DATASET_O2.wasm: 113 loops, exact=0 integer=1 float=0 error=
/tmp/wago-qualification-artifacts/polybench-published/compiled_benchmarks/lu_-DSMALL_DATASET_Oz.wasm: 113 loops, exact=0 integer=1 float=0 error=
/tmp/wago-qualification-artifacts/polybench-published/compiled_benchmarks/ludcmp_-DEXTRALARGE_DATASET_-Ofast.wasm: 117 loops, exact=0 integer=1 float=0 error=
/tmp/wago-qualification-artifacts/polybench-published/compiled_benchmarks/ludcmp_-DEXTRALARGE_DATASET_O.wasm: 117 loops, exact=0 integer=1 float=0 error=
/tmp/wago-qualification-artifacts/polybench-published/compiled_benchmarks/ludcmp_-DEXTRALARGE_DATASET_O1.wasm: 117 loops, exact=0 integer=1 float=0 error=
/tmp/wago-qualification-artifacts/polybench-published/compiled_benchmarks/ludcmp_-DEXTRALARGE_DATASET_O2.wasm: 117 loops, exact=0 integer=1 float=0 error=
/tmp/wago-qualification-artifacts/polybench-published/compiled_benchmarks/ludcmp_-DEXTRALARGE_DATASET_Oz.wasm: 117 loops, exact=0 integer=1 float=0 error=
/tmp/wago-qualification-artifacts/polybench-published/compiled_benchmarks/ludcmp_-DLARGE_DATASET_-Ofast.wasm: 117 loops, exact=0 integer=1 float=0 error=
/tmp/wago-qualification-artifacts/polybench-published/compiled_benchmarks/ludcmp_-DLARGE_DATASET_O.wasm: 117 loops, exact=0 integer=1 float=0 error=
/tmp/wago-qualification-artifacts/polybench-published/compiled_benchmarks/ludcmp_-DLARGE_DATASET_O1.wasm: 117 loops, exact=0 integer=1 float=0 error=
/tmp/wago-qualification-artifacts/polybench-published/compiled_benchmarks/ludcmp_-DLARGE_DATASET_O2.wasm: 117 loops, exact=0 integer=1 float=0 error=
/tmp/wago-qualification-artifacts/polybench-published/compiled_benchmarks/ludcmp_-DLARGE_DATASET_Oz.wasm: 117 loops, exact=0 integer=1 float=0 error=
/tmp/wago-qualification-artifacts/polybench-published/compiled_benchmarks/ludcmp_-DMEDIUM_DATASET_-Ofast.wasm: 117 loops, exact=0 integer=1 float=0 error=
/tmp/wago-qualification-artifacts/polybench-published/compiled_benchmarks/ludcmp_-DMEDIUM_DATASET_O.wasm: 117 loops, exact=0 integer=1 float=0 error=
/tmp/wago-qualification-artifacts/polybench-published/compiled_benchmarks/ludcmp_-DMEDIUM_DATASET_O1.wasm: 117 loops, exact=0 integer=1 float=0 error=
/tmp/wago-qualification-artifacts/polybench-published/compiled_benchmarks/ludcmp_-DMEDIUM_DATASET_O2.wasm: 117 loops, exact=0 integer=1 float=0 error=
/tmp/wago-qualification-artifacts/polybench-published/compiled_benchmarks/ludcmp_-DMEDIUM_DATASET_Oz.wasm: 117 loops, exact=0 integer=1 float=0 error=
/tmp/wago-qualification-artifacts/polybench-published/compiled_benchmarks/ludcmp_-DMINI_DATASET_-Ofast.wasm: 116 loops, exact=0 integer=1 float=0 error=
/tmp/wago-qualification-artifacts/polybench-published/compiled_benchmarks/ludcmp_-DMINI_DATASET_O.wasm: 116 loops, exact=0 integer=1 float=0 error=
/tmp/wago-qualification-artifacts/polybench-published/compiled_benchmarks/ludcmp_-DMINI_DATASET_O1.wasm: 117 loops, exact=0 integer=1 float=0 error=
/tmp/wago-qualification-artifacts/polybench-published/compiled_benchmarks/ludcmp_-DMINI_DATASET_O2.wasm: 116 loops, exact=0 integer=1 float=0 error=
/tmp/wago-qualification-artifacts/polybench-published/compiled_benchmarks/ludcmp_-DMINI_DATASET_Oz.wasm: 117 loops, exact=0 integer=1 float=0 error=
/tmp/wago-qualification-artifacts/polybench-published/compiled_benchmarks/ludcmp_-DSMALL_DATASET_-Ofast.wasm: 117 loops, exact=0 integer=1 float=0 error=
/tmp/wago-qualification-artifacts/polybench-published/compiled_benchmarks/ludcmp_-DSMALL_DATASET_O.wasm: 117 loops, exact=0 integer=1 float=0 error=
/tmp/wago-qualification-artifacts/polybench-published/compiled_benchmarks/ludcmp_-DSMALL_DATASET_O1.wasm: 117 loops, exact=0 integer=1 float=0 error=
/tmp/wago-qualification-artifacts/polybench-published/compiled_benchmarks/ludcmp_-DSMALL_DATASET_O2.wasm: 117 loops, exact=0 integer=1 float=0 error=
/tmp/wago-qualification-artifacts/polybench-published/compiled_benchmarks/ludcmp_-DSMALL_DATASET_Oz.wasm: 117 loops, exact=0 integer=1 float=0 error=
/tmp/wago-qualification-artifacts/polybench-published/compiled_benchmarks/mips_-DEXTRALARGE_DATASET_-Ofast.wasm: 0 loops, exact=0 integer=0 float=0 error=
/tmp/wago-qualification-artifacts/polybench-published/compiled_benchmarks/mips_-DEXTRALARGE_DATASET_O.wasm: 3 loops, exact=0 integer=0 float=0 error=
/tmp/wago-qualification-artifacts/polybench-published/compiled_benchmarks/mips_-DEXTRALARGE_DATASET_O1.wasm: 3 loops, exact=0 integer=0 float=0 error=
/tmp/wago-qualification-artifacts/polybench-published/compiled_benchmarks/mips_-DEXTRALARGE_DATASET_O2.wasm: 0 loops, exact=0 integer=0 float=0 error=
/tmp/wago-qualification-artifacts/polybench-published/compiled_benchmarks/mips_-DEXTRALARGE_DATASET_Oz.wasm: 0 loops, exact=0 integer=0 float=0 error=
/tmp/wago-qualification-artifacts/polybench-published/compiled_benchmarks/mips_-DLARGE_DATASET_-Ofast.wasm: 0 loops, exact=0 integer=0 float=0 error=
/tmp/wago-qualification-artifacts/polybench-published/compiled_benchmarks/mips_-DLARGE_DATASET_O.wasm: 3 loops, exact=0 integer=0 float=0 error=
/tmp/wago-qualification-artifacts/polybench-published/compiled_benchmarks/mips_-DLARGE_DATASET_O1.wasm: 3 loops, exact=0 integer=0 float=0 error=
/tmp/wago-qualification-artifacts/polybench-published/compiled_benchmarks/mips_-DLARGE_DATASET_O2.wasm: 0 loops, exact=0 integer=0 float=0 error=
/tmp/wago-qualification-artifacts/polybench-published/compiled_benchmarks/mips_-DLARGE_DATASET_Oz.wasm: 0 loops, exact=0 integer=0 float=0 error=
/tmp/wago-qualification-artifacts/polybench-published/compiled_benchmarks/mips_-DMEDIUM_DATASET_-Ofast.wasm: 0 loops, exact=0 integer=0 float=0 error=
/tmp/wago-qualification-artifacts/polybench-published/compiled_benchmarks/mips_-DMEDIUM_DATASET_O.wasm: 2 loops, exact=0 integer=0 float=0 error=
/tmp/wago-qualification-artifacts/polybench-published/compiled_benchmarks/mips_-DMEDIUM_DATASET_O1.wasm: 2 loops, exact=0 integer=0 float=0 error=
/tmp/wago-qualification-artifacts/polybench-published/compiled_benchmarks/mips_-DMEDIUM_DATASET_O2.wasm: 0 loops, exact=0 integer=0 float=0 error=
/tmp/wago-qualification-artifacts/polybench-published/compiled_benchmarks/mips_-DMEDIUM_DATASET_Oz.wasm: 0 loops, exact=0 integer=0 float=0 error=
/tmp/wago-qualification-artifacts/polybench-published/compiled_benchmarks/mips_-DXXL_DATASET_-Ofast.wasm: 0 loops, exact=0 integer=0 float=0 error=
/tmp/wago-qualification-artifacts/polybench-published/compiled_benchmarks/mips_-DXXL_DATASET_O.wasm: 3 loops, exact=0 integer=0 float=0 error=
/tmp/wago-qualification-artifacts/polybench-published/compiled_benchmarks/mips_-DXXL_DATASET_O1.wasm: 3 loops, exact=0 integer=0 float=0 error=
/tmp/wago-qualification-artifacts/polybench-published/compiled_benchmarks/mips_-DXXL_DATASET_O2.wasm: 0 loops, exact=0 integer=0 float=0 error=
/tmp/wago-qualification-artifacts/polybench-published/compiled_benchmarks/mips_-DXXL_DATASET_Oz.wasm: 0 loops, exact=0 integer=0 float=0 error=
/tmp/wago-qualification-artifacts/polybench-published/compiled_benchmarks/mips_-DXXXL_DATASET_-Ofast.wasm: 0 loops, exact=0 integer=0 float=0 error=
/tmp/wago-qualification-artifacts/polybench-published/compiled_benchmarks/mips_-DXXXL_DATASET_O.wasm: 3 loops, exact=0 integer=0 float=0 error=
/tmp/wago-qualification-artifacts/polybench-published/compiled_benchmarks/mips_-DXXXL_DATASET_O1.wasm: 3 loops, exact=0 integer=0 float=0 error=
/tmp/wago-qualification-artifacts/polybench-published/compiled_benchmarks/mips_-DXXXL_DATASET_O2.wasm: 0 loops, exact=0 integer=0 float=0 error=
/tmp/wago-qualification-artifacts/polybench-published/compiled_benchmarks/mips_-DXXXL_DATASET_Oz.wasm: 0 loops, exact=0 integer=0 float=0 error=
/tmp/wago-qualification-artifacts/polybench-published/compiled_benchmarks/motion_-DEXTRALARGE_DATASET_-Ofast.wasm: 5 loops, exact=0 integer=0 float=0 error=
/tmp/wago-qualification-artifacts/polybench-published/compiled_benchmarks/motion_-DEXTRALARGE_DATASET_O.wasm: 6 loops, exact=0 integer=0 float=0 error=
/tmp/wago-qualification-artifacts/polybench-published/compiled_benchmarks/motion_-DEXTRALARGE_DATASET_O1.wasm: 6 loops, exact=0 integer=0 float=0 error=
/tmp/wago-qualification-artifacts/polybench-published/compiled_benchmarks/motion_-DEXTRALARGE_DATASET_O2.wasm: 5 loops, exact=0 integer=0 float=0 error=
/tmp/wago-qualification-artifacts/polybench-published/compiled_benchmarks/motion_-DEXTRALARGE_DATASET_Oz.wasm: 6 loops, exact=0 integer=0 float=0 error=
/tmp/wago-qualification-artifacts/polybench-published/compiled_benchmarks/motion_-DLARGE_DATASET_-Ofast.wasm: 5 loops, exact=0 integer=0 float=0 error=
/tmp/wago-qualification-artifacts/polybench-published/compiled_benchmarks/motion_-DLARGE_DATASET_O.wasm: 6 loops, exact=0 integer=0 float=0 error=
/tmp/wago-qualification-artifacts/polybench-published/compiled_benchmarks/motion_-DLARGE_DATASET_O1.wasm: 6 loops, exact=0 integer=0 float=0 error=
/tmp/wago-qualification-artifacts/polybench-published/compiled_benchmarks/motion_-DLARGE_DATASET_O2.wasm: 5 loops, exact=0 integer=0 float=0 error=
/tmp/wago-qualification-artifacts/polybench-published/compiled_benchmarks/motion_-DLARGE_DATASET_Oz.wasm: 6 loops, exact=0 integer=0 float=0 error=
/tmp/wago-qualification-artifacts/polybench-published/compiled_benchmarks/motion_-DMEDIUM_DATASET_-Ofast.wasm: 5 loops, exact=0 integer=0 float=0 error=
/tmp/wago-qualification-artifacts/polybench-published/compiled_benchmarks/motion_-DMEDIUM_DATASET_O.wasm: 5 loops, exact=0 integer=0 float=0 error=
/tmp/wago-qualification-artifacts/polybench-published/compiled_benchmarks/motion_-DMEDIUM_DATASET_O1.wasm: 5 loops, exact=0 integer=0 float=0 error=
/tmp/wago-qualification-artifacts/polybench-published/compiled_benchmarks/motion_-DMEDIUM_DATASET_O2.wasm: 5 loops, exact=0 integer=0 float=0 error=
/tmp/wago-qualification-artifacts/polybench-published/compiled_benchmarks/motion_-DMEDIUM_DATASET_Oz.wasm: 5 loops, exact=0 integer=0 float=0 error=
/tmp/wago-qualification-artifacts/polybench-published/compiled_benchmarks/motion_-DXXL_DATASET_-Ofast.wasm: 6 loops, exact=0 integer=0 float=0 error=
/tmp/wago-qualification-artifacts/polybench-published/compiled_benchmarks/motion_-DXXL_DATASET_O.wasm: 6 loops, exact=0 integer=0 float=0 error=
/tmp/wago-qualification-artifacts/polybench-published/compiled_benchmarks/motion_-DXXL_DATASET_O1.wasm: 6 loops, exact=0 integer=0 float=0 error=
/tmp/wago-qualification-artifacts/polybench-published/compiled_benchmarks/motion_-DXXL_DATASET_O2.wasm: 5 loops, exact=0 integer=0 float=0 error=
/tmp/wago-qualification-artifacts/polybench-published/compiled_benchmarks/motion_-DXXL_DATASET_Oz.wasm: 6 loops, exact=0 integer=0 float=0 error=
/tmp/wago-qualification-artifacts/polybench-published/compiled_benchmarks/motion_-DXXXL_DATASET_-Ofast.wasm: 6 loops, exact=0 integer=0 float=0 error=
/tmp/wago-qualification-artifacts/polybench-published/compiled_benchmarks/motion_-DXXXL_DATASET_O.wasm: 6 loops, exact=0 integer=0 float=0 error=
/tmp/wago-qualification-artifacts/polybench-published/compiled_benchmarks/motion_-DXXXL_DATASET_O1.wasm: 6 loops, exact=0 integer=0 float=0 error=
/tmp/wago-qualification-artifacts/polybench-published/compiled_benchmarks/motion_-DXXXL_DATASET_O2.wasm: 5 loops, exact=0 integer=0 float=0 error=
/tmp/wago-qualification-artifacts/polybench-published/compiled_benchmarks/motion_-DXXXL_DATASET_Oz.wasm: 6 loops, exact=0 integer=0 float=0 error=
/tmp/wago-qualification-artifacts/polybench-published/compiled_benchmarks/mvt_-DEXTRALARGE_DATASET_-Ofast.wasm: 104 loops, exact=0 integer=1 float=2 error=
/tmp/wago-qualification-artifacts/polybench-published/compiled_benchmarks/mvt_-DEXTRALARGE_DATASET_O.wasm: 104 loops, exact=0 integer=1 float=2 error=
/tmp/wago-qualification-artifacts/polybench-published/compiled_benchmarks/mvt_-DEXTRALARGE_DATASET_O1.wasm: 104 loops, exact=0 integer=1 float=2 error=
/tmp/wago-qualification-artifacts/polybench-published/compiled_benchmarks/mvt_-DEXTRALARGE_DATASET_O2.wasm: 104 loops, exact=0 integer=1 float=2 error=
/tmp/wago-qualification-artifacts/polybench-published/compiled_benchmarks/mvt_-DEXTRALARGE_DATASET_Oz.wasm: 104 loops, exact=0 integer=1 float=2 error=
/tmp/wago-qualification-artifacts/polybench-published/compiled_benchmarks/mvt_-DLARGE_DATASET_-Ofast.wasm: 104 loops, exact=0 integer=1 float=2 error=
/tmp/wago-qualification-artifacts/polybench-published/compiled_benchmarks/mvt_-DLARGE_DATASET_O.wasm: 104 loops, exact=0 integer=1 float=2 error=
/tmp/wago-qualification-artifacts/polybench-published/compiled_benchmarks/mvt_-DLARGE_DATASET_O1.wasm: 104 loops, exact=0 integer=1 float=2 error=
/tmp/wago-qualification-artifacts/polybench-published/compiled_benchmarks/mvt_-DLARGE_DATASET_O2.wasm: 104 loops, exact=0 integer=1 float=2 error=
/tmp/wago-qualification-artifacts/polybench-published/compiled_benchmarks/mvt_-DLARGE_DATASET_Oz.wasm: 104 loops, exact=0 integer=1 float=2 error=
/tmp/wago-qualification-artifacts/polybench-published/compiled_benchmarks/mvt_-DMEDIUM_DATASET_-Ofast.wasm: 104 loops, exact=0 integer=1 float=2 error=
/tmp/wago-qualification-artifacts/polybench-published/compiled_benchmarks/mvt_-DMEDIUM_DATASET_O.wasm: 104 loops, exact=0 integer=1 float=2 error=
/tmp/wago-qualification-artifacts/polybench-published/compiled_benchmarks/mvt_-DMEDIUM_DATASET_O1.wasm: 104 loops, exact=0 integer=1 float=2 error=
/tmp/wago-qualification-artifacts/polybench-published/compiled_benchmarks/mvt_-DMEDIUM_DATASET_O2.wasm: 104 loops, exact=0 integer=1 float=2 error=
/tmp/wago-qualification-artifacts/polybench-published/compiled_benchmarks/mvt_-DMEDIUM_DATASET_Oz.wasm: 104 loops, exact=0 integer=1 float=2 error=
/tmp/wago-qualification-artifacts/polybench-published/compiled_benchmarks/mvt_-DMINI_DATASET_-Ofast.wasm: 104 loops, exact=0 integer=1 float=2 error=
/tmp/wago-qualification-artifacts/polybench-published/compiled_benchmarks/mvt_-DMINI_DATASET_O.wasm: 104 loops, exact=0 integer=1 float=2 error=
/tmp/wago-qualification-artifacts/polybench-published/compiled_benchmarks/mvt_-DMINI_DATASET_O1.wasm: 104 loops, exact=0 integer=1 float=2 error=
/tmp/wago-qualification-artifacts/polybench-published/compiled_benchmarks/mvt_-DMINI_DATASET_O2.wasm: 104 loops, exact=0 integer=1 float=2 error=
/tmp/wago-qualification-artifacts/polybench-published/compiled_benchmarks/mvt_-DMINI_DATASET_Oz.wasm: 104 loops, exact=0 integer=1 float=2 error=
/tmp/wago-qualification-artifacts/polybench-published/compiled_benchmarks/mvt_-DSMALL_DATASET_-Ofast.wasm: 104 loops, exact=0 integer=1 float=2 error=
/tmp/wago-qualification-artifacts/polybench-published/compiled_benchmarks/mvt_-DSMALL_DATASET_O.wasm: 104 loops, exact=0 integer=1 float=2 error=
/tmp/wago-qualification-artifacts/polybench-published/compiled_benchmarks/mvt_-DSMALL_DATASET_O1.wasm: 104 loops, exact=0 integer=1 float=2 error=
/tmp/wago-qualification-artifacts/polybench-published/compiled_benchmarks/mvt_-DSMALL_DATASET_O2.wasm: 104 loops, exact=0 integer=1 float=2 error=
/tmp/wago-qualification-artifacts/polybench-published/compiled_benchmarks/mvt_-DSMALL_DATASET_Oz.wasm: 104 loops, exact=0 integer=1 float=2 error=
/tmp/wago-qualification-artifacts/polybench-published/compiled_benchmarks/nussinov_-DEXTRALARGE_DATASET_-Ofast.wasm: 57 loops, exact=0 integer=1 float=0 error=
/tmp/wago-qualification-artifacts/polybench-published/compiled_benchmarks/nussinov_-DEXTRALARGE_DATASET_O.wasm: 57 loops, exact=0 integer=1 float=0 error=
/tmp/wago-qualification-artifacts/polybench-published/compiled_benchmarks/nussinov_-DEXTRALARGE_DATASET_O1.wasm: 57 loops, exact=0 integer=1 float=0 error=
/tmp/wago-qualification-artifacts/polybench-published/compiled_benchmarks/nussinov_-DEXTRALARGE_DATASET_O2.wasm: 57 loops, exact=0 integer=1 float=0 error=
/tmp/wago-qualification-artifacts/polybench-published/compiled_benchmarks/nussinov_-DEXTRALARGE_DATASET_Oz.wasm: 57 loops, exact=0 integer=1 float=0 error=
/tmp/wago-qualification-artifacts/polybench-published/compiled_benchmarks/nussinov_-DLARGE_DATASET_-Ofast.wasm: 57 loops, exact=0 integer=1 float=0 error=
/tmp/wago-qualification-artifacts/polybench-published/compiled_benchmarks/nussinov_-DLARGE_DATASET_O.wasm: 57 loops, exact=0 integer=1 float=0 error=
/tmp/wago-qualification-artifacts/polybench-published/compiled_benchmarks/nussinov_-DLARGE_DATASET_O1.wasm: 57 loops, exact=0 integer=1 float=0 error=
/tmp/wago-qualification-artifacts/polybench-published/compiled_benchmarks/nussinov_-DLARGE_DATASET_O2.wasm: 57 loops, exact=0 integer=1 float=0 error=
/tmp/wago-qualification-artifacts/polybench-published/compiled_benchmarks/nussinov_-DLARGE_DATASET_Oz.wasm: 57 loops, exact=0 integer=1 float=0 error=
/tmp/wago-qualification-artifacts/polybench-published/compiled_benchmarks/nussinov_-DMEDIUM_DATASET_-Ofast.wasm: 57 loops, exact=0 integer=1 float=0 error=
/tmp/wago-qualification-artifacts/polybench-published/compiled_benchmarks/nussinov_-DMEDIUM_DATASET_O.wasm: 57 loops, exact=0 integer=1 float=0 error=
/tmp/wago-qualification-artifacts/polybench-published/compiled_benchmarks/nussinov_-DMEDIUM_DATASET_O1.wasm: 57 loops, exact=0 integer=1 float=0 error=
/tmp/wago-qualification-artifacts/polybench-published/compiled_benchmarks/nussinov_-DMEDIUM_DATASET_O2.wasm: 57 loops, exact=0 integer=1 float=0 error=
/tmp/wago-qualification-artifacts/polybench-published/compiled_benchmarks/nussinov_-DMEDIUM_DATASET_Oz.wasm: 57 loops, exact=0 integer=1 float=0 error=
/tmp/wago-qualification-artifacts/polybench-published/compiled_benchmarks/nussinov_-DMINI_DATASET_-Ofast.wasm: 57 loops, exact=0 integer=1 float=0 error=
/tmp/wago-qualification-artifacts/polybench-published/compiled_benchmarks/nussinov_-DMINI_DATASET_O.wasm: 57 loops, exact=0 integer=1 float=0 error=
/tmp/wago-qualification-artifacts/polybench-published/compiled_benchmarks/nussinov_-DMINI_DATASET_O1.wasm: 57 loops, exact=0 integer=1 float=0 error=
/tmp/wago-qualification-artifacts/polybench-published/compiled_benchmarks/nussinov_-DMINI_DATASET_O2.wasm: 57 loops, exact=0 integer=1 float=0 error=
/tmp/wago-qualification-artifacts/polybench-published/compiled_benchmarks/nussinov_-DMINI_DATASET_Oz.wasm: 57 loops, exact=0 integer=1 float=0 error=
/tmp/wago-qualification-artifacts/polybench-published/compiled_benchmarks/nussinov_-DSMALL_DATASET_-Ofast.wasm: 57 loops, exact=0 integer=1 float=0 error=
/tmp/wago-qualification-artifacts/polybench-published/compiled_benchmarks/nussinov_-DSMALL_DATASET_O.wasm: 57 loops, exact=0 integer=1 float=0 error=
/tmp/wago-qualification-artifacts/polybench-published/compiled_benchmarks/nussinov_-DSMALL_DATASET_O1.wasm: 57 loops, exact=0 integer=1 float=0 error=
/tmp/wago-qualification-artifacts/polybench-published/compiled_benchmarks/nussinov_-DSMALL_DATASET_O2.wasm: 57 loops, exact=0 integer=1 float=0 error=
/tmp/wago-qualification-artifacts/polybench-published/compiled_benchmarks/nussinov_-DSMALL_DATASET_Oz.wasm: 57 loops, exact=0 integer=1 float=0 error=
/tmp/wago-qualification-artifacts/polybench-published/compiled_benchmarks/overhead_-DMEDIUM_DATASET_O1.wasm: 102 loops, exact=0 integer=1 float=0 error=
/tmp/wago-qualification-artifacts/polybench-published/compiled_benchmarks/seidel-2d_-DEXTRALARGE_DATASET_-Ofast.wasm: 103 loops, exact=0 integer=1 float=0 error=
/tmp/wago-qualification-artifacts/polybench-published/compiled_benchmarks/seidel-2d_-DEXTRALARGE_DATASET_O.wasm: 103 loops, exact=0 integer=1 float=0 error=
/tmp/wago-qualification-artifacts/polybench-published/compiled_benchmarks/seidel-2d_-DEXTRALARGE_DATASET_O1.wasm: 103 loops, exact=0 integer=1 float=0 error=
/tmp/wago-qualification-artifacts/polybench-published/compiled_benchmarks/seidel-2d_-DEXTRALARGE_DATASET_O2.wasm: 103 loops, exact=0 integer=1 float=0 error=
/tmp/wago-qualification-artifacts/polybench-published/compiled_benchmarks/seidel-2d_-DEXTRALARGE_DATASET_Oz.wasm: 103 loops, exact=0 integer=1 float=0 error=
/tmp/wago-qualification-artifacts/polybench-published/compiled_benchmarks/seidel-2d_-DLARGE_DATASET_-Ofast.wasm: 103 loops, exact=0 integer=1 float=0 error=
/tmp/wago-qualification-artifacts/polybench-published/compiled_benchmarks/seidel-2d_-DLARGE_DATASET_O.wasm: 103 loops, exact=0 integer=1 float=0 error=
/tmp/wago-qualification-artifacts/polybench-published/compiled_benchmarks/seidel-2d_-DLARGE_DATASET_O1.wasm: 103 loops, exact=0 integer=1 float=0 error=
/tmp/wago-qualification-artifacts/polybench-published/compiled_benchmarks/seidel-2d_-DLARGE_DATASET_O2.wasm: 103 loops, exact=0 integer=1 float=0 error=
/tmp/wago-qualification-artifacts/polybench-published/compiled_benchmarks/seidel-2d_-DLARGE_DATASET_Oz.wasm: 103 loops, exact=0 integer=1 float=0 error=
/tmp/wago-qualification-artifacts/polybench-published/compiled_benchmarks/seidel-2d_-DMEDIUM_DATASET_-Ofast.wasm: 103 loops, exact=0 integer=1 float=0 error=
/tmp/wago-qualification-artifacts/polybench-published/compiled_benchmarks/seidel-2d_-DMEDIUM_DATASET_O.wasm: 103 loops, exact=0 integer=1 float=0 error=
/tmp/wago-qualification-artifacts/polybench-published/compiled_benchmarks/seidel-2d_-DMEDIUM_DATASET_O1.wasm: 103 loops, exact=0 integer=1 float=0 error=
/tmp/wago-qualification-artifacts/polybench-published/compiled_benchmarks/seidel-2d_-DMEDIUM_DATASET_O2.wasm: 103 loops, exact=0 integer=1 float=0 error=
/tmp/wago-qualification-artifacts/polybench-published/compiled_benchmarks/seidel-2d_-DMEDIUM_DATASET_Oz.wasm: 103 loops, exact=0 integer=1 float=0 error=
/tmp/wago-qualification-artifacts/polybench-published/compiled_benchmarks/seidel-2d_-DMINI_DATASET_-Ofast.wasm: 103 loops, exact=0 integer=1 float=0 error=
/tmp/wago-qualification-artifacts/polybench-published/compiled_benchmarks/seidel-2d_-DMINI_DATASET_O.wasm: 103 loops, exact=0 integer=1 float=0 error=
/tmp/wago-qualification-artifacts/polybench-published/compiled_benchmarks/seidel-2d_-DMINI_DATASET_O1.wasm: 103 loops, exact=0 integer=1 float=0 error=
/tmp/wago-qualification-artifacts/polybench-published/compiled_benchmarks/seidel-2d_-DMINI_DATASET_O2.wasm: 103 loops, exact=0 integer=1 float=0 error=
/tmp/wago-qualification-artifacts/polybench-published/compiled_benchmarks/seidel-2d_-DMINI_DATASET_Oz.wasm: 103 loops, exact=0 integer=1 float=0 error=
/tmp/wago-qualification-artifacts/polybench-published/compiled_benchmarks/seidel-2d_-DSMALL_DATASET_-Ofast.wasm: 103 loops, exact=0 integer=1 float=0 error=
/tmp/wago-qualification-artifacts/polybench-published/compiled_benchmarks/seidel-2d_-DSMALL_DATASET_O.wasm: 103 loops, exact=0 integer=1 float=0 error=
/tmp/wago-qualification-artifacts/polybench-published/compiled_benchmarks/seidel-2d_-DSMALL_DATASET_O1.wasm: 103 loops, exact=0 integer=1 float=0 error=
/tmp/wago-qualification-artifacts/polybench-published/compiled_benchmarks/seidel-2d_-DSMALL_DATASET_O2.wasm: 103 loops, exact=0 integer=1 float=0 error=
/tmp/wago-qualification-artifacts/polybench-published/compiled_benchmarks/seidel-2d_-DSMALL_DATASET_Oz.wasm: 103 loops, exact=0 integer=1 float=0 error=
/tmp/wago-qualification-artifacts/polybench-published/compiled_benchmarks/sha_-DEXTRALARGE_DATASET_-Ofast.wasm: 9 loops, exact=0 integer=4 float=0 error=
/tmp/wago-qualification-artifacts/polybench-published/compiled_benchmarks/sha_-DEXTRALARGE_DATASET_O.wasm: 10 loops, exact=0 integer=4 float=0 error=
/tmp/wago-qualification-artifacts/polybench-published/compiled_benchmarks/sha_-DEXTRALARGE_DATASET_O1.wasm: 10 loops, exact=0 integer=4 float=0 error=
/tmp/wago-qualification-artifacts/polybench-published/compiled_benchmarks/sha_-DEXTRALARGE_DATASET_O2.wasm: 9 loops, exact=0 integer=4 float=0 error=
/tmp/wago-qualification-artifacts/polybench-published/compiled_benchmarks/sha_-DEXTRALARGE_DATASET_Oz.wasm: 11 loops, exact=0 integer=4 float=0 error=
/tmp/wago-qualification-artifacts/polybench-published/compiled_benchmarks/sha_-DLARGE_DATASET_-Ofast.wasm: 9 loops, exact=0 integer=4 float=0 error=
/tmp/wago-qualification-artifacts/polybench-published/compiled_benchmarks/sha_-DLARGE_DATASET_O.wasm: 10 loops, exact=0 integer=4 float=0 error=
/tmp/wago-qualification-artifacts/polybench-published/compiled_benchmarks/sha_-DLARGE_DATASET_O1.wasm: 10 loops, exact=0 integer=4 float=0 error=
/tmp/wago-qualification-artifacts/polybench-published/compiled_benchmarks/sha_-DLARGE_DATASET_O2.wasm: 9 loops, exact=0 integer=4 float=0 error=
/tmp/wago-qualification-artifacts/polybench-published/compiled_benchmarks/sha_-DLARGE_DATASET_Oz.wasm: 11 loops, exact=0 integer=4 float=0 error=
/tmp/wago-qualification-artifacts/polybench-published/compiled_benchmarks/sha_-DMEDIUM_DATASET_-Ofast.wasm: 9 loops, exact=0 integer=4 float=0 error=
/tmp/wago-qualification-artifacts/polybench-published/compiled_benchmarks/sha_-DMEDIUM_DATASET_O.wasm: 10 loops, exact=0 integer=4 float=0 error=
/tmp/wago-qualification-artifacts/polybench-published/compiled_benchmarks/sha_-DMEDIUM_DATASET_O1.wasm: 10 loops, exact=0 integer=4 float=0 error=
/tmp/wago-qualification-artifacts/polybench-published/compiled_benchmarks/sha_-DMEDIUM_DATASET_O2.wasm: 9 loops, exact=0 integer=4 float=0 error=
/tmp/wago-qualification-artifacts/polybench-published/compiled_benchmarks/sha_-DMEDIUM_DATASET_Oz.wasm: 11 loops, exact=0 integer=4 float=0 error=
/tmp/wago-qualification-artifacts/polybench-published/compiled_benchmarks/sha_-DXXL_DATASET_-Ofast.wasm: 9 loops, exact=0 integer=4 float=0 error=
/tmp/wago-qualification-artifacts/polybench-published/compiled_benchmarks/sha_-DXXL_DATASET_O.wasm: 10 loops, exact=0 integer=4 float=0 error=
/tmp/wago-qualification-artifacts/polybench-published/compiled_benchmarks/sha_-DXXL_DATASET_O1.wasm: 10 loops, exact=0 integer=4 float=0 error=
/tmp/wago-qualification-artifacts/polybench-published/compiled_benchmarks/sha_-DXXL_DATASET_O2.wasm: 9 loops, exact=0 integer=4 float=0 error=
/tmp/wago-qualification-artifacts/polybench-published/compiled_benchmarks/sha_-DXXL_DATASET_Oz.wasm: 11 loops, exact=0 integer=4 float=0 error=
/tmp/wago-qualification-artifacts/polybench-published/compiled_benchmarks/sha_-DXXXL_DATASET_-Ofast.wasm: 9 loops, exact=0 integer=4 float=0 error=
/tmp/wago-qualification-artifacts/polybench-published/compiled_benchmarks/sha_-DXXXL_DATASET_O.wasm: 10 loops, exact=0 integer=4 float=0 error=
/tmp/wago-qualification-artifacts/polybench-published/compiled_benchmarks/sha_-DXXXL_DATASET_O1.wasm: 10 loops, exact=0 integer=4 float=0 error=
/tmp/wago-qualification-artifacts/polybench-published/compiled_benchmarks/sha_-DXXXL_DATASET_O2.wasm: 9 loops, exact=0 integer=4 float=0 error=
/tmp/wago-qualification-artifacts/polybench-published/compiled_benchmarks/sha_-DXXXL_DATASET_Oz.wasm: 11 loops, exact=0 integer=4 float=0 error=
/tmp/wago-qualification-artifacts/polybench-published/compiled_benchmarks/symm_-DEXTRALARGE_DATASET_-Ofast.wasm: 107 loops, exact=0 integer=1 float=1 error=
/tmp/wago-qualification-artifacts/polybench-published/compiled_benchmarks/symm_-DEXTRALARGE_DATASET_O.wasm: 106 loops, exact=0 integer=1 float=1 error=
/tmp/wago-qualification-artifacts/polybench-published/compiled_benchmarks/symm_-DEXTRALARGE_DATASET_O1.wasm: 106 loops, exact=0 integer=1 float=1 error=
/tmp/wago-qualification-artifacts/polybench-published/compiled_benchmarks/symm_-DEXTRALARGE_DATASET_O2.wasm: 106 loops, exact=0 integer=1 float=1 error=
/tmp/wago-qualification-artifacts/polybench-published/compiled_benchmarks/symm_-DEXTRALARGE_DATASET_Oz.wasm: 106 loops, exact=0 integer=1 float=1 error=
/tmp/wago-qualification-artifacts/polybench-published/compiled_benchmarks/symm_-DLARGE_DATASET_-Ofast.wasm: 107 loops, exact=0 integer=1 float=1 error=
/tmp/wago-qualification-artifacts/polybench-published/compiled_benchmarks/symm_-DLARGE_DATASET_O.wasm: 106 loops, exact=0 integer=1 float=1 error=
/tmp/wago-qualification-artifacts/polybench-published/compiled_benchmarks/symm_-DLARGE_DATASET_O1.wasm: 106 loops, exact=0 integer=1 float=1 error=
/tmp/wago-qualification-artifacts/polybench-published/compiled_benchmarks/symm_-DLARGE_DATASET_O2.wasm: 106 loops, exact=0 integer=1 float=1 error=
/tmp/wago-qualification-artifacts/polybench-published/compiled_benchmarks/symm_-DLARGE_DATASET_Oz.wasm: 106 loops, exact=0 integer=1 float=1 error=
/tmp/wago-qualification-artifacts/polybench-published/compiled_benchmarks/symm_-DMEDIUM_DATASET_-Ofast.wasm: 107 loops, exact=0 integer=1 float=1 error=
/tmp/wago-qualification-artifacts/polybench-published/compiled_benchmarks/symm_-DMEDIUM_DATASET_O.wasm: 106 loops, exact=0 integer=1 float=1 error=
/tmp/wago-qualification-artifacts/polybench-published/compiled_benchmarks/symm_-DMEDIUM_DATASET_O1.wasm: 106 loops, exact=0 integer=1 float=1 error=
/tmp/wago-qualification-artifacts/polybench-published/compiled_benchmarks/symm_-DMEDIUM_DATASET_O2.wasm: 106 loops, exact=0 integer=1 float=1 error=
/tmp/wago-qualification-artifacts/polybench-published/compiled_benchmarks/symm_-DMEDIUM_DATASET_Oz.wasm: 106 loops, exact=0 integer=1 float=1 error=
/tmp/wago-qualification-artifacts/polybench-published/compiled_benchmarks/symm_-DMINI_DATASET_-Ofast.wasm: 107 loops, exact=0 integer=1 float=1 error=
/tmp/wago-qualification-artifacts/polybench-published/compiled_benchmarks/symm_-DMINI_DATASET_O.wasm: 106 loops, exact=0 integer=1 float=1 error=
/tmp/wago-qualification-artifacts/polybench-published/compiled_benchmarks/symm_-DMINI_DATASET_O1.wasm: 106 loops, exact=0 integer=1 float=1 error=
/tmp/wago-qualification-artifacts/polybench-published/compiled_benchmarks/symm_-DMINI_DATASET_O2.wasm: 106 loops, exact=0 integer=1 float=1 error=
/tmp/wago-qualification-artifacts/polybench-published/compiled_benchmarks/symm_-DMINI_DATASET_Oz.wasm: 106 loops, exact=0 integer=1 float=1 error=
/tmp/wago-qualification-artifacts/polybench-published/compiled_benchmarks/symm_-DSMALL_DATASET_-Ofast.wasm: 107 loops, exact=0 integer=1 float=1 error=
/tmp/wago-qualification-artifacts/polybench-published/compiled_benchmarks/symm_-DSMALL_DATASET_O.wasm: 106 loops, exact=0 integer=1 float=1 error=
/tmp/wago-qualification-artifacts/polybench-published/compiled_benchmarks/symm_-DSMALL_DATASET_O1.wasm: 106 loops, exact=0 integer=1 float=1 error=
/tmp/wago-qualification-artifacts/polybench-published/compiled_benchmarks/symm_-DSMALL_DATASET_O2.wasm: 106 loops, exact=0 integer=1 float=1 error=
/tmp/wago-qualification-artifacts/polybench-published/compiled_benchmarks/symm_-DSMALL_DATASET_Oz.wasm: 106 loops, exact=0 integer=1 float=1 error=
/tmp/wago-qualification-artifacts/polybench-published/compiled_benchmarks/syr2k_-DEXTRALARGE_DATASET_-Ofast.wasm: 106 loops, exact=0 integer=1 float=0 error=
/tmp/wago-qualification-artifacts/polybench-published/compiled_benchmarks/syr2k_-DEXTRALARGE_DATASET_O.wasm: 106 loops, exact=0 integer=1 float=0 error=
/tmp/wago-qualification-artifacts/polybench-published/compiled_benchmarks/syr2k_-DEXTRALARGE_DATASET_O1.wasm: 106 loops, exact=0 integer=1 float=0 error=
/tmp/wago-qualification-artifacts/polybench-published/compiled_benchmarks/syr2k_-DEXTRALARGE_DATASET_O2.wasm: 106 loops, exact=0 integer=1 float=0 error=
/tmp/wago-qualification-artifacts/polybench-published/compiled_benchmarks/syr2k_-DEXTRALARGE_DATASET_Oz.wasm: 106 loops, exact=0 integer=1 float=0 error=
/tmp/wago-qualification-artifacts/polybench-published/compiled_benchmarks/syr2k_-DLARGE_DATASET_-Ofast.wasm: 106 loops, exact=0 integer=1 float=0 error=
/tmp/wago-qualification-artifacts/polybench-published/compiled_benchmarks/syr2k_-DLARGE_DATASET_O.wasm: 106 loops, exact=0 integer=1 float=0 error=
/tmp/wago-qualification-artifacts/polybench-published/compiled_benchmarks/syr2k_-DLARGE_DATASET_O1.wasm: 106 loops, exact=0 integer=1 float=0 error=
/tmp/wago-qualification-artifacts/polybench-published/compiled_benchmarks/syr2k_-DLARGE_DATASET_O2.wasm: 106 loops, exact=0 integer=1 float=0 error=
/tmp/wago-qualification-artifacts/polybench-published/compiled_benchmarks/syr2k_-DLARGE_DATASET_Oz.wasm: 106 loops, exact=0 integer=1 float=0 error=
/tmp/wago-qualification-artifacts/polybench-published/compiled_benchmarks/syr2k_-DMEDIUM_DATASET_-Ofast.wasm: 106 loops, exact=0 integer=1 float=0 error=
/tmp/wago-qualification-artifacts/polybench-published/compiled_benchmarks/syr2k_-DMEDIUM_DATASET_O.wasm: 106 loops, exact=0 integer=1 float=0 error=
/tmp/wago-qualification-artifacts/polybench-published/compiled_benchmarks/syr2k_-DMEDIUM_DATASET_O1.wasm: 106 loops, exact=0 integer=1 float=0 error=
/tmp/wago-qualification-artifacts/polybench-published/compiled_benchmarks/syr2k_-DMEDIUM_DATASET_O2.wasm: 106 loops, exact=0 integer=1 float=0 error=
/tmp/wago-qualification-artifacts/polybench-published/compiled_benchmarks/syr2k_-DMEDIUM_DATASET_Oz.wasm: 106 loops, exact=0 integer=1 float=0 error=
/tmp/wago-qualification-artifacts/polybench-published/compiled_benchmarks/syr2k_-DMINI_DATASET_-Ofast.wasm: 106 loops, exact=0 integer=1 float=0 error=
/tmp/wago-qualification-artifacts/polybench-published/compiled_benchmarks/syr2k_-DMINI_DATASET_O.wasm: 106 loops, exact=0 integer=1 float=0 error=
/tmp/wago-qualification-artifacts/polybench-published/compiled_benchmarks/syr2k_-DMINI_DATASET_O1.wasm: 106 loops, exact=0 integer=1 float=0 error=
/tmp/wago-qualification-artifacts/polybench-published/compiled_benchmarks/syr2k_-DMINI_DATASET_O2.wasm: 106 loops, exact=0 integer=1 float=0 error=
/tmp/wago-qualification-artifacts/polybench-published/compiled_benchmarks/syr2k_-DMINI_DATASET_Oz.wasm: 106 loops, exact=0 integer=1 float=0 error=
/tmp/wago-qualification-artifacts/polybench-published/compiled_benchmarks/syr2k_-DSMALL_DATASET_-Ofast.wasm: 106 loops, exact=0 integer=1 float=0 error=
/tmp/wago-qualification-artifacts/polybench-published/compiled_benchmarks/syr2k_-DSMALL_DATASET_O.wasm: 106 loops, exact=0 integer=1 float=0 error=
/tmp/wago-qualification-artifacts/polybench-published/compiled_benchmarks/syr2k_-DSMALL_DATASET_O1.wasm: 106 loops, exact=0 integer=1 float=0 error=
/tmp/wago-qualification-artifacts/polybench-published/compiled_benchmarks/syr2k_-DSMALL_DATASET_O2.wasm: 106 loops, exact=0 integer=1 float=0 error=
/tmp/wago-qualification-artifacts/polybench-published/compiled_benchmarks/syr2k_-DSMALL_DATASET_Oz.wasm: 106 loops, exact=0 integer=1 float=0 error=
/tmp/wago-qualification-artifacts/polybench-published/compiled_benchmarks/syrk_-DEXTRALARGE_DATASET_-Ofast.wasm: 106 loops, exact=0 integer=1 float=0 error=
/tmp/wago-qualification-artifacts/polybench-published/compiled_benchmarks/syrk_-DEXTRALARGE_DATASET_O.wasm: 106 loops, exact=0 integer=1 float=0 error=
/tmp/wago-qualification-artifacts/polybench-published/compiled_benchmarks/syrk_-DEXTRALARGE_DATASET_O1.wasm: 106 loops, exact=0 integer=1 float=0 error=
/tmp/wago-qualification-artifacts/polybench-published/compiled_benchmarks/syrk_-DEXTRALARGE_DATASET_O2.wasm: 106 loops, exact=0 integer=1 float=0 error=
/tmp/wago-qualification-artifacts/polybench-published/compiled_benchmarks/syrk_-DEXTRALARGE_DATASET_Oz.wasm: 106 loops, exact=0 integer=1 float=0 error=
/tmp/wago-qualification-artifacts/polybench-published/compiled_benchmarks/syrk_-DLARGE_DATASET_-Ofast.wasm: 106 loops, exact=0 integer=1 float=0 error=
/tmp/wago-qualification-artifacts/polybench-published/compiled_benchmarks/syrk_-DLARGE_DATASET_O.wasm: 106 loops, exact=0 integer=1 float=0 error=
/tmp/wago-qualification-artifacts/polybench-published/compiled_benchmarks/syrk_-DLARGE_DATASET_O1.wasm: 106 loops, exact=0 integer=1 float=0 error=
/tmp/wago-qualification-artifacts/polybench-published/compiled_benchmarks/syrk_-DLARGE_DATASET_O2.wasm: 106 loops, exact=0 integer=1 float=0 error=
/tmp/wago-qualification-artifacts/polybench-published/compiled_benchmarks/syrk_-DLARGE_DATASET_Oz.wasm: 106 loops, exact=0 integer=1 float=0 error=
/tmp/wago-qualification-artifacts/polybench-published/compiled_benchmarks/syrk_-DMEDIUM_DATASET_-Ofast.wasm: 106 loops, exact=0 integer=1 float=0 error=
/tmp/wago-qualification-artifacts/polybench-published/compiled_benchmarks/syrk_-DMEDIUM_DATASET_O.wasm: 106 loops, exact=0 integer=1 float=0 error=
/tmp/wago-qualification-artifacts/polybench-published/compiled_benchmarks/syrk_-DMEDIUM_DATASET_O1.wasm: 106 loops, exact=0 integer=1 float=0 error=
/tmp/wago-qualification-artifacts/polybench-published/compiled_benchmarks/syrk_-DMEDIUM_DATASET_O2.wasm: 106 loops, exact=0 integer=1 float=0 error=
/tmp/wago-qualification-artifacts/polybench-published/compiled_benchmarks/syrk_-DMEDIUM_DATASET_Oz.wasm: 106 loops, exact=0 integer=1 float=0 error=
/tmp/wago-qualification-artifacts/polybench-published/compiled_benchmarks/syrk_-DMINI_DATASET_-Ofast.wasm: 106 loops, exact=0 integer=1 float=0 error=
/tmp/wago-qualification-artifacts/polybench-published/compiled_benchmarks/syrk_-DMINI_DATASET_O.wasm: 106 loops, exact=0 integer=1 float=0 error=
/tmp/wago-qualification-artifacts/polybench-published/compiled_benchmarks/syrk_-DMINI_DATASET_O1.wasm: 106 loops, exact=0 integer=1 float=0 error=
/tmp/wago-qualification-artifacts/polybench-published/compiled_benchmarks/syrk_-DMINI_DATASET_O2.wasm: 106 loops, exact=0 integer=1 float=0 error=
/tmp/wago-qualification-artifacts/polybench-published/compiled_benchmarks/syrk_-DMINI_DATASET_Oz.wasm: 106 loops, exact=0 integer=1 float=0 error=
/tmp/wago-qualification-artifacts/polybench-published/compiled_benchmarks/syrk_-DSMALL_DATASET_-Ofast.wasm: 106 loops, exact=0 integer=1 float=0 error=
/tmp/wago-qualification-artifacts/polybench-published/compiled_benchmarks/syrk_-DSMALL_DATASET_O.wasm: 106 loops, exact=0 integer=1 float=0 error=
/tmp/wago-qualification-artifacts/polybench-published/compiled_benchmarks/syrk_-DSMALL_DATASET_O1.wasm: 106 loops, exact=0 integer=1 float=0 error=
/tmp/wago-qualification-artifacts/polybench-published/compiled_benchmarks/syrk_-DSMALL_DATASET_O2.wasm: 106 loops, exact=0 integer=1 float=0 error=
/tmp/wago-qualification-artifacts/polybench-published/compiled_benchmarks/syrk_-DSMALL_DATASET_Oz.wasm: 106 loops, exact=0 integer=1 float=0 error=
/tmp/wago-qualification-artifacts/polybench-published/compiled_benchmarks/trisolv_-DEXTRALARGE_DATASET_-Ofast.wasm: 101 loops, exact=0 integer=1 float=0 error=
/tmp/wago-qualification-artifacts/polybench-published/compiled_benchmarks/trisolv_-DEXTRALARGE_DATASET_O.wasm: 101 loops, exact=0 integer=1 float=0 error=
/tmp/wago-qualification-artifacts/polybench-published/compiled_benchmarks/trisolv_-DEXTRALARGE_DATASET_O1.wasm: 101 loops, exact=0 integer=1 float=0 error=
/tmp/wago-qualification-artifacts/polybench-published/compiled_benchmarks/trisolv_-DEXTRALARGE_DATASET_O2.wasm: 101 loops, exact=0 integer=1 float=0 error=
/tmp/wago-qualification-artifacts/polybench-published/compiled_benchmarks/trisolv_-DEXTRALARGE_DATASET_Oz.wasm: 101 loops, exact=0 integer=1 float=0 error=
/tmp/wago-qualification-artifacts/polybench-published/compiled_benchmarks/trisolv_-DLARGE_DATASET_-Ofast.wasm: 101 loops, exact=0 integer=1 float=0 error=
/tmp/wago-qualification-artifacts/polybench-published/compiled_benchmarks/trisolv_-DLARGE_DATASET_O.wasm: 101 loops, exact=0 integer=1 float=0 error=
/tmp/wago-qualification-artifacts/polybench-published/compiled_benchmarks/trisolv_-DLARGE_DATASET_O1.wasm: 101 loops, exact=0 integer=1 float=0 error=
/tmp/wago-qualification-artifacts/polybench-published/compiled_benchmarks/trisolv_-DLARGE_DATASET_O2.wasm: 101 loops, exact=0 integer=1 float=0 error=
/tmp/wago-qualification-artifacts/polybench-published/compiled_benchmarks/trisolv_-DLARGE_DATASET_Oz.wasm: 101 loops, exact=0 integer=1 float=0 error=
/tmp/wago-qualification-artifacts/polybench-published/compiled_benchmarks/trisolv_-DMEDIUM_DATASET_-Ofast.wasm: 101 loops, exact=0 integer=1 float=0 error=
/tmp/wago-qualification-artifacts/polybench-published/compiled_benchmarks/trisolv_-DMEDIUM_DATASET_O.wasm: 101 loops, exact=0 integer=1 float=0 error=
/tmp/wago-qualification-artifacts/polybench-published/compiled_benchmarks/trisolv_-DMEDIUM_DATASET_O1.wasm: 101 loops, exact=0 integer=1 float=0 error=
/tmp/wago-qualification-artifacts/polybench-published/compiled_benchmarks/trisolv_-DMEDIUM_DATASET_O2.wasm: 101 loops, exact=0 integer=1 float=0 error=
/tmp/wago-qualification-artifacts/polybench-published/compiled_benchmarks/trisolv_-DMEDIUM_DATASET_Oz.wasm: 101 loops, exact=0 integer=1 float=0 error=
/tmp/wago-qualification-artifacts/polybench-published/compiled_benchmarks/trisolv_-DMINI_DATASET_-Ofast.wasm: 101 loops, exact=0 integer=1 float=0 error=
/tmp/wago-qualification-artifacts/polybench-published/compiled_benchmarks/trisolv_-DMINI_DATASET_O.wasm: 101 loops, exact=0 integer=1 float=0 error=
/tmp/wago-qualification-artifacts/polybench-published/compiled_benchmarks/trisolv_-DMINI_DATASET_O1.wasm: 101 loops, exact=0 integer=1 float=0 error=
/tmp/wago-qualification-artifacts/polybench-published/compiled_benchmarks/trisolv_-DMINI_DATASET_O2.wasm: 101 loops, exact=0 integer=1 float=0 error=
/tmp/wago-qualification-artifacts/polybench-published/compiled_benchmarks/trisolv_-DMINI_DATASET_Oz.wasm: 101 loops, exact=0 integer=1 float=0 error=
/tmp/wago-qualification-artifacts/polybench-published/compiled_benchmarks/trisolv_-DSMALL_DATASET_-Ofast.wasm: 101 loops, exact=0 integer=1 float=0 error=
/tmp/wago-qualification-artifacts/polybench-published/compiled_benchmarks/trisolv_-DSMALL_DATASET_O.wasm: 101 loops, exact=0 integer=1 float=0 error=
/tmp/wago-qualification-artifacts/polybench-published/compiled_benchmarks/trisolv_-DSMALL_DATASET_O1.wasm: 101 loops, exact=0 integer=1 float=0 error=
/tmp/wago-qualification-artifacts/polybench-published/compiled_benchmarks/trisolv_-DSMALL_DATASET_O2.wasm: 101 loops, exact=0 integer=1 float=0 error=
/tmp/wago-qualification-artifacts/polybench-published/compiled_benchmarks/trisolv_-DSMALL_DATASET_Oz.wasm: 101 loops, exact=0 integer=1 float=0 error=
/tmp/wago-qualification-artifacts/polybench-published/compiled_benchmarks/trmm_-DEXTRALARGE_DATASET_-Ofast.wasm: 105 loops, exact=0 integer=1 float=1 error=
/tmp/wago-qualification-artifacts/polybench-published/compiled_benchmarks/trmm_-DEXTRALARGE_DATASET_O.wasm: 104 loops, exact=0 integer=1 float=1 error=
/tmp/wago-qualification-artifacts/polybench-published/compiled_benchmarks/trmm_-DEXTRALARGE_DATASET_O1.wasm: 104 loops, exact=0 integer=1 float=1 error=
/tmp/wago-qualification-artifacts/polybench-published/compiled_benchmarks/trmm_-DEXTRALARGE_DATASET_O2.wasm: 104 loops, exact=0 integer=1 float=1 error=
/tmp/wago-qualification-artifacts/polybench-published/compiled_benchmarks/trmm_-DEXTRALARGE_DATASET_Oz.wasm: 104 loops, exact=0 integer=1 float=1 error=
/tmp/wago-qualification-artifacts/polybench-published/compiled_benchmarks/trmm_-DLARGE_DATASET_-Ofast.wasm: 105 loops, exact=0 integer=1 float=1 error=
/tmp/wago-qualification-artifacts/polybench-published/compiled_benchmarks/trmm_-DLARGE_DATASET_O.wasm: 104 loops, exact=0 integer=1 float=1 error=
/tmp/wago-qualification-artifacts/polybench-published/compiled_benchmarks/trmm_-DLARGE_DATASET_O1.wasm: 104 loops, exact=0 integer=1 float=1 error=
/tmp/wago-qualification-artifacts/polybench-published/compiled_benchmarks/trmm_-DLARGE_DATASET_O2.wasm: 104 loops, exact=0 integer=1 float=1 error=
/tmp/wago-qualification-artifacts/polybench-published/compiled_benchmarks/trmm_-DLARGE_DATASET_Oz.wasm: 104 loops, exact=0 integer=1 float=1 error=
/tmp/wago-qualification-artifacts/polybench-published/compiled_benchmarks/trmm_-DMEDIUM_DATASET_-Ofast.wasm: 105 loops, exact=0 integer=1 float=1 error=
/tmp/wago-qualification-artifacts/polybench-published/compiled_benchmarks/trmm_-DMEDIUM_DATASET_O.wasm: 104 loops, exact=0 integer=1 float=1 error=
/tmp/wago-qualification-artifacts/polybench-published/compiled_benchmarks/trmm_-DMEDIUM_DATASET_O1.wasm: 104 loops, exact=0 integer=1 float=1 error=
/tmp/wago-qualification-artifacts/polybench-published/compiled_benchmarks/trmm_-DMEDIUM_DATASET_O2.wasm: 104 loops, exact=0 integer=1 float=1 error=
/tmp/wago-qualification-artifacts/polybench-published/compiled_benchmarks/trmm_-DMEDIUM_DATASET_Oz.wasm: 104 loops, exact=0 integer=1 float=1 error=
/tmp/wago-qualification-artifacts/polybench-published/compiled_benchmarks/trmm_-DMINI_DATASET_-Ofast.wasm: 105 loops, exact=0 integer=1 float=1 error=
/tmp/wago-qualification-artifacts/polybench-published/compiled_benchmarks/trmm_-DMINI_DATASET_O.wasm: 104 loops, exact=0 integer=1 float=1 error=
/tmp/wago-qualification-artifacts/polybench-published/compiled_benchmarks/trmm_-DMINI_DATASET_O1.wasm: 104 loops, exact=0 integer=1 float=1 error=
/tmp/wago-qualification-artifacts/polybench-published/compiled_benchmarks/trmm_-DMINI_DATASET_O2.wasm: 104 loops, exact=0 integer=1 float=1 error=
/tmp/wago-qualification-artifacts/polybench-published/compiled_benchmarks/trmm_-DMINI_DATASET_Oz.wasm: 104 loops, exact=0 integer=1 float=1 error=
/tmp/wago-qualification-artifacts/polybench-published/compiled_benchmarks/trmm_-DSMALL_DATASET_-Ofast.wasm: 105 loops, exact=0 integer=1 float=1 error=
/tmp/wago-qualification-artifacts/polybench-published/compiled_benchmarks/trmm_-DSMALL_DATASET_O.wasm: 104 loops, exact=0 integer=1 float=1 error=
/tmp/wago-qualification-artifacts/polybench-published/compiled_benchmarks/trmm_-DSMALL_DATASET_O1.wasm: 104 loops, exact=0 integer=1 float=1 error=
/tmp/wago-qualification-artifacts/polybench-published/compiled_benchmarks/trmm_-DSMALL_DATASET_O2.wasm: 104 loops, exact=0 integer=1 float=1 error=
/tmp/wago-qualification-artifacts/polybench-published/compiled_benchmarks/trmm_-DSMALL_DATASET_Oz.wasm: 104 loops, exact=0 integer=1 float=1 error=
/tmp/wago-qualification-artifacts/r3/wasm-r3-bench/boa.wasm: 7268 loops, exact=0 integer=296 float=43 error=
/tmp/wago-qualification-artifacts/r3/wasm-r3-bench/bullet.wasm: 1097 loops, exact=0 integer=78 float=40 error=
/tmp/wago-qualification-artifacts/r3/wasm-r3-bench/commanderkeen.wasm: 2291 loops, exact=0 integer=0 float=0 error=
/tmp/wago-qualification-artifacts/r3/wasm-r3-bench/factorial.wasm: 51 loops, exact=0 integer=6 float=0 error=
/tmp/wago-qualification-artifacts/r3/wasm-r3-bench/ffmpeg.wasm: 9930 loops, exact=0 integer=1772 float=190 error=
/tmp/wago-qualification-artifacts/r3/wasm-r3-bench/fib.wasm: 390 loops, exact=0 integer=1 float=0 error=
/tmp/wago-qualification-artifacts/r3/wasm-r3-bench/figma-startpage.wasm: 2571 loops, exact=0 integer=326 float=83 error=
/tmp/wago-qualification-artifacts/r3/wasm-r3-bench/funky-kart.wasm: 537 loops, exact=0 integer=28 float=27 error=
/tmp/wago-qualification-artifacts/r3/wasm-r3-bench/game-of-life.wasm: 5 loops, exact=0 integer=0 float=0 error=
/tmp/wago-qualification-artifacts/r3/wasm-r3-bench/guiicons.wasm: 459 loops, exact=0 integer=44 float=31 error=
/tmp/wago-qualification-artifacts/r3/wasm-r3-bench/hydro.wasm: 2012 loops, exact=0 integer=196 float=39 error=
/tmp/wago-qualification-artifacts/r3/wasm-r3-bench/jqkungfu.wasm: 899 loops, exact=0 integer=90 float=11 error=
/tmp/wago-qualification-artifacts/r3/wasm-r3-bench/jsc.wasm: 6961 loops, exact=0 integer=406 float=12 error=
/tmp/wago-qualification-artifacts/r3/wasm-r3-bench/mandelbrot.wasm: 190 loops, exact=0 integer=14 float=0 error=
/tmp/wago-qualification-artifacts/r3/wasm-r3-bench/multiplyDouble.wasm: 390 loops, exact=0 integer=1 float=0 error=
/tmp/wago-qualification-artifacts/r3/wasm-r3-bench/multiplyInt.wasm: 390 loops, exact=0 integer=1 float=0 error=
/tmp/wago-qualification-artifacts/r3/wasm-r3-bench/pacalc.wasm: 361 loops, exact=0 integer=50 float=20 error=
/tmp/wago-qualification-artifacts/r3/wasm-r3-bench/parquet.wasm: 4138 loops, exact=0 integer=467 float=36 error=
/tmp/wago-qualification-artifacts/r3/wasm-r3-bench/pathfinding.wasm: 90 loops, exact=0 integer=9 float=0 error=
/tmp/wago-qualification-artifacts/r3/wasm-r3-bench/rfxgen.wasm: 525 loops, exact=0 integer=52 float=26 error=
/tmp/wago-qualification-artifacts/r3/wasm-r3-bench/rguilayout.wasm: 491 loops, exact=0 integer=26 float=25 error=
/tmp/wago-qualification-artifacts/r3/wasm-r3-bench/rguistyler.wasm: 571 loops, exact=0 integer=32 float=26 error=
/tmp/wago-qualification-artifacts/r3/wasm-r3-bench/riconpacker.wasm: 827 loops, exact=0 integer=86 float=27 error=
/tmp/wago-qualification-artifacts/r3/wasm-r3-bench/rtexpacker.wasm: 1089 loops, exact=0 integer=53 float=213 error=
/tmp/wago-qualification-artifacts/r3/wasm-r3-bench/rtexviewer.wasm: 900 loops, exact=0 integer=49 float=21 error=
/tmp/wago-qualification-artifacts/r3/wasm-r3-bench/sandspiel.wasm: 90 loops, exact=0 integer=0 float=0 error=
/tmp/wago-qualification-artifacts/r3/wasm-r3-bench/sqlgui.wasm: 1911 loops, exact=0 integer=94 float=6 error=
corpus/workloads/applications/age/age-keygen.wasm: 1763 loops, exact=0 integer=321 float=2 error=
corpus/workloads/applications/age/age.wasm: 2975 loops, exact=0 integer=630 float=2 error=
corpus/workloads/applications/brotli/brotli.wasm: 1599 loops, exact=0 integer=139 float=7 error=
corpus/workloads/applications/clang/clang.wasm: 45196 loops, exact=0 integer=1518 float=10 error=
corpus/workloads/applications/coreutils/coreutils.wasm: 9585 loops, exact=0 integer=885 float=17 error=
corpus/workloads/applications/duktape/duk.wasm: 831 loops, exact=0 integer=197 float=10 error=
corpus/workloads/applications/ecpbram/ecpbram.wasm: 839 loops, exact=0 integer=35 float=0 error=
corpus/workloads/applications/ecppack/ecppack.wasm: 1226 loops, exact=0 integer=83 float=0 error=
corpus/workloads/applications/ecppll/ecppll.wasm: 598 loops, exact=0 integer=21 float=0 error=
corpus/workloads/applications/ecpunpack/ecpunpack.wasm: 1127 loops, exact=0 integer=79 float=0 error=
corpus/workloads/applications/embench/embench-crc32.wasm: 3 loops, exact=0 integer=0 float=0 error=
corpus/workloads/applications/embench/embench-huffbench.wasm: 21 loops, exact=0 integer=0 float=0 error=
corpus/workloads/applications/embench/embench-matmult-int.wasm: 7 loops, exact=0 integer=0 float=0 error=
corpus/workloads/applications/embench/embench-nettle-aes.wasm: 11 loops, exact=0 integer=0 float=0 error=
corpus/workloads/applications/embench/embench-nettle-sha256.wasm: 4 loops, exact=0 integer=46 float=0 error=
corpus/workloads/applications/embench/embench-qrduino.wasm: 63 loops, exact=0 integer=9 float=0 error=
corpus/workloads/applications/esbuild/esbuild.wasm: 6261 loops, exact=0 integer=1264 float=16 error=
corpus/workloads/applications/fasttree/fasttree.wasm: 748 loops, exact=0 integer=12 float=128 error=
corpus/workloads/applications/gnu-coreutils/seq.wasm: 204 loops, exact=0 integer=7 float=0 error=
corpus/workloads/applications/gnu-coreutils/tr.wasm: 201 loops, exact=0 integer=5 float=0 error=
corpus/workloads/applications/grain-stdlib/array.wasm: 122 loops, exact=0 integer=30 float=0 error=
corpus/workloads/applications/grain-stdlib/json-subset.wasm: 116 loops, exact=0 integer=5 float=0 error=
corpus/workloads/applications/grain-stdlib/string.wasm: 150 loops, exact=0 integer=25 float=0 error=
corpus/workloads/applications/icebram/icebram.wasm: 427 loops, exact=0 integer=10 float=0 error=
corpus/workloads/applications/icemulti/icemulti.wasm: 401 loops, exact=0 integer=10 float=0 error=
corpus/workloads/applications/icepack/icepack.wasm: 490 loops, exact=0 integer=10 float=0 error=
corpus/workloads/applications/icepll/icepll.wasm: 158 loops, exact=0 integer=7 float=0 error=
corpus/workloads/applications/jq/jq.wasm: 1040 loops, exact=0 integer=147 float=14 error=
corpus/workloads/applications/json2csv/json2csv.wasm: 269 loops, exact=0 integer=8 float=0 error=
corpus/workloads/applications/lua/lua.wasm: 665 loops, exact=0 integer=54 float=7 error=
corpus/workloads/applications/lzmadec/lzmadec.wasm: 147 loops, exact=0 integer=1 float=0 error=
corpus/workloads/applications/lzmainfo/lzmainfo.wasm: 131 loops, exact=0 integer=1 float=0 error=
corpus/workloads/applications/micropython/micropython.wasm: 907 loops, exact=0 integer=45 float=16 error=
corpus/workloads/applications/php/php.wasm: 10259 loops, exact=0 integer=163 float=9 error=
corpus/workloads/applications/quickjs/qjs.wasm: 1373 loops, exact=0 integer=113 float=10 error=
corpus/workloads/applications/ripgrep/rg.wasm: 4928 loops, exact=0 integer=473 float=1 error=
corpus/workloads/applications/ruby/ruby.wasm: 4799 loops, exact=0 integer=201 float=15 error=
corpus/workloads/applications/sed/sed.wasm: 625 loops, exact=0 integer=32 float=0 error=
corpus/workloads/applications/seq-align/lcs.wasm: 73 loops, exact=0 integer=3 float=0 error=
corpus/workloads/applications/seq-align/needleman_wunsch.wasm: 310 loops, exact=0 integer=92 float=0 error=
corpus/workloads/applications/seq-align/smith_waterman.wasm: 316 loops, exact=0 integer=95 float=0 error=
corpus/workloads/applications/seqtk/seqtk.wasm: 385 loops, exact=0 integer=104 float=1 error=
corpus/workloads/applications/sightglass/libsodium-hash/module.wasm: 132 loops, exact=0 integer=42 float=0 error=
corpus/workloads/applications/sightglass/shootout-base64/module.wasm: 101 loops, exact=0 integer=1 float=0 error=
corpus/workloads/applications/sqlite3/sqlite3.wasm: 3422 loops, exact=0 integer=567 float=0 error=
corpus/workloads/applications/swift-format/swift-format.wasm: 13116 loops, exact=0 integer=962 float=17 error=
corpus/workloads/applications/tacle/bsort.wasm: 6 loops, exact=0 integer=0 float=0 error=
corpus/workloads/applications/tree/ashell-tree.wasm: 225 loops, exact=0 integer=3 float=0 error=
corpus/workloads/applications/tree/tree.wasm: 274 loops, exact=0 integer=1 float=0 error=
corpus/workloads/applications/xzdec/xzdec.wasm: 177 loops, exact=0 integer=39 float=0 error=
corpus/workloads/applications/yosys/yosys.wasm: 41282 loops, exact=0 integer=3684 float=113 error=
corpus/workloads/assemblyscript/blake-as-simd.wasm: 11 loops, exact=0 integer=0 float=0 error=
corpus/workloads/assemblyscript/blake-as.wasm: 5 loops, exact=0 integer=1 float=0 error=
corpus/workloads/assemblyscript/json-as-simd.wasm: 89 loops, exact=0 integer=8 float=0 error=
corpus/workloads/assemblyscript/json-as.wasm: 80 loops, exact=0 integer=10 float=0 error=
corpus/workloads/assemblyscript/utf-as-simd.wasm: 21 loops, exact=0 integer=0 float=0 error=
corpus/workloads/assemblyscript/utf-as.wasm: 9 loops, exact=0 integer=0 float=0 error=
corpus/workloads/compute/fannkuch.wasm: 10 loops, exact=0 integer=0 float=0 error=
corpus/workloads/compute/linked_list.wasm: 2 loops, exact=0 integer=1 float=0 error=
corpus/workloads/compute/matmul.wasm: 7 loops, exact=0 integer=0 float=2 error=
corpus/workloads/compute/nbody.wasm: 5 loops, exact=0 integer=0 float=17 error=
corpus/workloads/compute/raytrace.wasm: 2 loops, exact=0 integer=0 float=0 error=
corpus/workloads/compute/sha256.wasm: 8 loops, exact=0 integer=2 float=0 error=
corpus/workloads/polybench/2mm.wasm: 18 loops, exact=0 integer=0 float=4 error=
corpus/workloads/polybench/3mm.wasm: 21 loops, exact=0 integer=0 float=7 error=
corpus/workloads/polybench/adi.wasm: 15 loops, exact=0 integer=0 float=0 error=
corpus/workloads/polybench/atax.wasm: 9 loops, exact=0 integer=0 float=2 error=
corpus/workloads/polybench/bicg.wasm: 9 loops, exact=0 integer=0 float=0 error=
corpus/workloads/polybench/cholesky.wasm: 16 loops, exact=0 integer=0 float=0 error=
corpus/workloads/polybench/correlation.wasm: 15 loops, exact=0 integer=0 float=9 error=
corpus/workloads/polybench/covariance.wasm: 13 loops, exact=0 integer=0 float=7 error=
corpus/workloads/polybench/deriche.wasm: 18 loops, exact=0 integer=0 float=6 error=
corpus/workloads/polybench/doitgen.wasm: 13 loops, exact=0 integer=0 float=28 error=
corpus/workloads/polybench/durbin.wasm: 7 loops, exact=0 integer=0 float=2 error=
corpus/workloads/polybench/fdtd-2d.wasm: 17 loops, exact=0 integer=0 float=0 error=
corpus/workloads/polybench/floyd-warshall.wasm: 9 loops, exact=0 integer=0 float=0 error=
corpus/workloads/polybench/gemm.wasm: 14 loops, exact=0 integer=0 float=0 error=
corpus/workloads/polybench/gemver.wasm: 12 loops, exact=0 integer=0 float=6 error=
corpus/workloads/polybench/gesummv.wasm: 7 loops, exact=0 integer=0 float=0 error=
corpus/workloads/polybench/gramschmidt.wasm: 14 loops, exact=0 integer=0 float=4 error=
corpus/workloads/polybench/heat-3d.wasm: 14 loops, exact=0 integer=0 float=0 error=
corpus/workloads/polybench/jacobi-1d.wasm: 7 loops, exact=0 integer=0 float=0 error=
corpus/workloads/polybench/jacobi-2d.wasm: 11 loops, exact=0 integer=0 float=0 error=
corpus/workloads/polybench/lu.wasm: 16 loops, exact=0 integer=0 float=0 error=
corpus/workloads/polybench/ludcmp.wasm: 20 loops, exact=0 integer=0 float=0 error=
corpus/workloads/polybench/mvt.wasm: 10 loops, exact=0 integer=0 float=6 error=
corpus/workloads/polybench/nussinov.wasm: 8 loops, exact=0 integer=0 float=0 error=
corpus/workloads/polybench/seidel-2d.wasm: 9 loops, exact=0 integer=0 float=0 error=
corpus/workloads/polybench/symm.wasm: 14 loops, exact=0 integer=0 float=1 error=
corpus/workloads/polybench/syr2k.wasm: 13 loops, exact=0 integer=0 float=0 error=
corpus/workloads/polybench/syrk.wasm: 13 loops, exact=0 integer=0 float=0 error=
corpus/workloads/polybench/trisolv.wasm: 7 loops, exact=0 integer=0 float=0 error=
corpus/workloads/polybench/trmm.wasm: 11 loops, exact=0 integer=0 float=3 error=
corpus/workloads/semantic/blake3/blake3.wasm: 21 loops, exact=0 integer=0 float=0 error=
corpus/workloads/semantic/cjson/cjson.wasm: 164 loops, exact=0 integer=8 float=0 error=
corpus/workloads/semantic/coremark/coremark.wasm: 60 loops, exact=0 integer=10 float=0 error=
corpus/workloads/semantic/drwav/drwav.wasm: 85 loops, exact=0 integer=8 float=0 error=
corpus/workloads/semantic/fastfloat/fastfloat.wasm: 90 loops, exact=0 integer=61 float=0 error=
corpus/workloads/semantic/kissfft/kissfft.wasm: 57 loops, exact=0 integer=1 float=11 error=
corpus/workloads/semantic/libtommath/libtommath.wasm: 121 loops, exact=0 integer=34 float=0 error=
corpus/workloads/semantic/lodepng/lodepng.wasm: 312 loops, exact=0 integer=18 float=0 error=
corpus/workloads/semantic/lua/lua.wasm: 541 loops, exact=0 integer=52 float=0 error=
corpus/workloads/semantic/lz4/lz4.wasm: 19 loops, exact=0 integer=3 float=0 error=
corpus/workloads/semantic/miniz/miniz.wasm: 144 loops, exact=0 integer=41 float=0 error=
corpus/workloads/semantic/monocypher/monocypher.wasm: 29 loops, exact=0 integer=2 float=0 error=
corpus/workloads/semantic/nanosvg/nanosvg.wasm: 191 loops, exact=0 integer=3 float=13 error=
corpus/workloads/semantic/pcre2/pcre2.wasm: 452 loops, exact=0 integer=89 float=0 error=
corpus/workloads/semantic/qoi/qoi.wasm: 7 loops, exact=0 integer=1 float=0 error=
corpus/workloads/semantic/tinyxml2/tinyxml2.wasm: 162 loops, exact=0 integer=8 float=0 error=
corpus/workloads/semantic/utf8proc/utf8proc.wasm: 31 loops, exact=0 integer=2 float=0 error=
corpus/workloads/semantic/wren/wren.wasm: 353 loops, exact=0 integer=15 float=10 error=
corpus/workloads/semantic/xxhash/xxhash.wasm: 8 loops, exact=0 integer=2 float=0 error=
corpus/workloads/semantic/yyjson/yyjson.wasm: 307 loops, exact=0 integer=63 float=0 error=
corpus/workloads/semantic/zlib/zlib.wasm: 49 loops, exact=0 integer=69 float=0 error=
corpus/workloads/semantic/zstd/zstd.wasm: 184 loops, exact=0 integer=76 float=0 error=
corpus/workloads/synthetic/dispatch.wasm: 0 loops, exact=0 integer=0 float=0 error=
corpus/workloads/synthetic/fib_rec.wasm: 0 loops, exact=0 integer=0 float=0 error=
corpus/workloads/synthetic/many_funcs.wasm: 0 loops, exact=0 integer=0 float=0 error=
corpus/workloads/synthetic/memory.wasm: 2 loops, exact=1 integer=1 float=0 error=
corpus/workloads/synthetic/memory_tree.wasm: 1 loops, exact=0 integer=1 float=0 error=
corpus/workloads/synthetic/tiny.wasm: 0 loops, exact=0 integer=0 float=0 error=
