status	mode	name	unit	base	candidate	delta	p	baseSamples	candidateSamples	initialDelta	initialP	confirmation
resource-increase-observed	explicit	BenchmarkCompileWorkers/json-as/p8	allocs/op	585.5	681	16.310845431255338	0.015151515151515152	6	6	16.310845431255338	0.015151515151515152	false
resource-increase-observed	explicit	BenchmarkCompileWorkers/json-as/p4	allocs/op	392	435	10.969387755102034	0.0021645021645021645	6	6	10.969387755102034	0.0021645021645021645	false
resource-increase-observed	explicit	BenchmarkCompileWorkers/json-as/p2	allocs/op	261.5	281.5	7.648183556405352	0.0021645021645021645	6	6	7.648183556405352	0.0021645021645021645	false
resource-increase-observed	explicit	BenchmarkCompileFullWorkers/json-as/p8	allocs/op	966	1026.5	6.262939958592129	0.0021645021645021645	6	6	6.262939958592129	0.0021645021645021645	false
resource-increase-observed	explicit	BenchmarkCompileFullWorkers/json-as/p4	allocs/op	704.5	743	5.464868701206527	0.0021645021645021645	6	6	5.464868701206527	0.0021645021645021645	false
resource-increase-observed	explicit	BenchmarkCompileFullWorkers/json-as/auto	allocs/op	705	743	5.390070921985823	0.0021645021645021645	6	6	5.390070921985823	0.0021645021645021645	false
resource-increase-observed	explicit	BenchmarkCompileMultiModuleThroughput/json-as/auto	allocs/op	507.5	534	5.221674876847282	0.0021645021645021645	6	6	5.221674876847282	0.0021645021645021645	false
resource-increase-observed	explicit	BenchmarkCompileWorkers/lua/p8	allocs/op	2203	2293.5	4.108034498411262	0.004329004329004329	6	6	4.108034498411262	0.004329004329004329	false
resource-increase-observed	explicit	BenchmarkCompileFullWorkers/json-as/p2	allocs/op	547	568	3.8391224862888373	0.0021645021645021645	6	6	3.8391224862888373	0.0021645021645021645	false
resource-increase-observed	explicit	BenchmarkCompileWorkers/lua/p4	allocs/op	1485.5	1531.5	3.0966004712218	0.0021645021645021645	6	6	3.0966004712218	0.0021645021645021645	false
resource-increase-observed	explicit	BenchmarkCompileMultiModuleThroughput/esbuild/auto	allocs/op	27645.5	28403.5	2.7418567217087686	0.48484848484848486	6	6	2.7418567217087686	0.48484848484848486	false
resource-increase-observed	explicit	BenchmarkCompileFullWorkers/tiny/auto	allocs/op	73	75	2.7397260273972712	0.0021645021645021645	6	6	2.7397260273972712	0.0021645021645021645	false
resource-increase-observed	explicit	BenchmarkCompileFullWorkers/tiny/p1	allocs/op	73	75	2.7397260273972712	0.0021645021645021645	6	6	2.7397260273972712	0.0021645021645021645	false
resource-increase-observed	explicit	BenchmarkCompileFull/branches	allocs/op	74	76	2.7027027027026973	0.0021645021645021645	6	6	2.7027027027026973	0.0021645021645021645	false
resource-increase-observed	explicit	BenchmarkCompileFull/tiny	allocs/op	74	76	2.7027027027026973	0.0021645021645021645	6	6	2.7027027027026973	0.0021645021645021645	false
resource-increase-observed	explicit	BenchmarkCompileFull/arith	allocs/op	75	77	2.6666666666666616	0.0021645021645021645	6	6	2.6666666666666616	0.0021645021645021645	false
resource-increase-observed	explicit	BenchmarkCompileFull/fib_iter	allocs/op	75	77	2.6666666666666616	0.0021645021645021645	6	6	2.6666666666666616	0.0021645021645021645	false
resource-increase-observed	explicit	BenchmarkCompileWorkers/esbuild/p8	allocs/op	24847	25488	2.5797883044230696	0.6991341991341992	6	6	2.5797883044230696	0.6991341991341992	false
resource-increase-observed	explicit	BenchmarkCompileFull/float	allocs/op	79	81	2.5316455696202445	0.0021645021645021645	6	6	2.5316455696202445	0.0021645021645021645	false
resource-increase-observed	explicit	BenchmarkCompileFullWorkers/fib_rec/auto	allocs/op	82	84	2.4390243902439046	0.0021645021645021645	6	6	2.4390243902439046	0.0021645021645021645	false
resource-increase-observed	explicit	BenchmarkCompileFullWorkers/fib_rec/p1	allocs/op	82	84	2.4390243902439046	0.0021645021645021645	6	6	2.4390243902439046	0.0021645021645021645	false
resource-increase-observed	explicit	BenchmarkCompileFullWorkers/fib_rec/p2	allocs/op	82	84	2.4390243902439046	0.0021645021645021645	6	6	2.4390243902439046	0.0021645021645021645	false
resource-increase-observed	explicit	BenchmarkCompileFullWorkers/fib_rec/p4	allocs/op	82	84	2.4390243902439046	0.0021645021645021645	6	6	2.4390243902439046	0.0021645021645021645	false
resource-increase-observed	explicit	BenchmarkCompileFullWorkers/fib_rec/p8	allocs/op	82	84	2.4390243902439046	0.0021645021645021645	6	6	2.4390243902439046	0.0021645021645021645	false
resource-increase-observed	explicit	BenchmarkCompileFullWorkers/many_funcs/p1	allocs/op	82	84	2.4390243902439046	0.0021645021645021645	6	6	2.4390243902439046	0.0021645021645021645	false
resource-increase-observed	explicit	BenchmarkCompileMultiModuleThroughput/many_funcs/p1	allocs/op	82	84	2.4390243902439046	0.0021645021645021645	6	6	2.4390243902439046	0.0021645021645021645	false
resource-increase-observed	explicit	BenchmarkCompileFull/fib_rec	allocs/op	83	85	2.4096385542168752	0.0021645021645021645	6	6	2.4096385542168752	0.0021645021645021645	false
resource-increase-observed	explicit	BenchmarkCompileFull/many_funcs	allocs/op	83	85	2.4096385542168752	0.0021645021645021645	6	6	2.4096385542168752	0.0021645021645021645	false
resource-increase-observed	explicit	BenchmarkCompileWorkers/sqlite3/p8	allocs/op	4494	4599	2.336448598130847	0.0021645021645021645	6	6	2.336448598130847	0.0021645021645021645	false
resource-increase-observed	explicit	BenchmarkCompileFull/linked_list	allocs/op	90	92	2.2222222222222143	0.0021645021645021645	6	6	2.2222222222222143	0.0021645021645021645	false
resource-increase-observed	explicit	BenchmarkCompileFull/memory	allocs/op	90	92	2.2222222222222143	0.0021645021645021645	6	6	2.2222222222222143	0.0021645021645021645	false
resource-increase-observed	explicit	BenchmarkCompileFull/sieve	allocs/op	91	93	2.19780219780219	0.0021645021645021645	6	6	2.19780219780219	0.0021645021645021645	false
resource-increase-observed	explicit	BenchmarkCompileFull/swar-pack-parse	allocs/op	91	93	2.19780219780219	0.0021645021645021645	6	6	2.19780219780219	0.0021645021645021645	false
resource-increase-observed	explicit	BenchmarkCompileWorkers/sqlite3/p2	allocs/op	2942.5	3006.5	2.175021240441799	0.06493506493506493	6	6	2.175021240441799	0.06493506493506493	false
resource-increase-observed	explicit	BenchmarkCompileFull/isa_var	allocs/op	93	95	2.1505376344086002	0.0021645021645021645	6	6	2.1505376344086002	0.0021645021645021645	false
resource-increase-observed	explicit	BenchmarkCompileFull/xjb-mulhi	allocs/op	93	95	2.1505376344086002	0.0021645021645021645	6	6	2.1505376344086002	0.0021645021645021645	false
resource-increase-observed	explicit	BenchmarkCompileFullWorkers/esbuild/auto	allocs/op	28060	28658	2.1311475409836023	0.09307359307359307	6	6	2.1311475409836023	0.09307359307359307	false
resource-increase-observed	explicit	BenchmarkCompileFull/mandelbrot	allocs/op	94	96	2.127659574468077	0.0021645021645021645	6	6	2.127659574468077	0.0021645021645021645	false
resource-increase-observed	explicit	BenchmarkCompileFullWorkers/lua/p8	allocs/op	4069.5	4155	2.100995208256551	0.0021645021645021645	6	6	2.100995208256551	0.0021645021645021645	false
resource-increase-observed	explicit	BenchmarkCompileFull/isa_cvt	allocs/op	96	98	2.083333333333326	0.0021645021645021645	6	6	2.083333333333326	0.0021645021645021645	false
resource-increase-observed	explicit	BenchmarkCompileFull/isa_simd_v128	allocs/op	97	99	2.0618556701030855	0.0021645021645021645	6	6	2.0618556701030855	0.0021645021645021645	false
resource-increase-observed	explicit	BenchmarkCompileFullWorkers/tiny/p2	allocs/op	100	102	2.0000000000000018	0.0021645021645021645	6	6	2.0000000000000018	0.0021645021645021645	false
resource-increase-observed	explicit	BenchmarkCompileFullWorkers/tiny/p4	allocs/op	100	102	2.0000000000000018	0.0021645021645021645	6	6	2.0000000000000018	0.0021645021645021645	false
resource-increase-observed	explicit	BenchmarkCompileFullWorkers/tiny/p8	allocs/op	100	102	2.0000000000000018	0.0021645021645021645	6	6	2.0000000000000018	0.0021645021645021645	false
resource-increase-observed	explicit	BenchmarkCompileWorkers/lua/p2	allocs/op	1054	1074	1.8975332068311257	0.0021645021645021645	6	6	1.8975332068311257	0.0021645021645021645	false
resource-increase-observed	explicit	BenchmarkCompileFull/isa_bulk_mem	allocs/op	106	108	1.8867924528301883	0.0021645021645021645	6	6	1.8867924528301883	0.0021645021645021645	false
resource-increase-observed	explicit	BenchmarkCompileFull/isa_simd_reduce	allocs/op	107	109	1.869158878504673	0.0021645021645021645	6	6	1.869158878504673	0.0021645021645021645	false
resource-increase-observed	explicit	BenchmarkCompileFull/memory_tree	allocs/op	112	114	1.7857142857142794	0.0021645021645021645	6	6	1.7857142857142794	0.0021645021645021645	false
resource-increase-observed	explicit	BenchmarkCompileFull/isa_mem	allocs/op	113	115	1.7699115044247815	0.0021645021645021645	6	6	1.7699115044247815	0.0021645021645021645	false
resource-increase-observed	explicit	BenchmarkCompileFullWorkers/many_funcs/p2	allocs/op	115	117	1.7391304347825987	0.0021645021645021645	6	6	1.7391304347825987	0.0021645021645021645	false
resource-increase-observed	explicit	BenchmarkCompileFull/isa_ctl	allocs/op	117	119	1.7094017094017033	0.0021645021645021645	6	6	1.7094017094017033	0.0021645021645021645	false
resource-increase-observed	explicit	BenchmarkCompileFull/dispatch	allocs/op	119	121	1.680672268907557	0.0021645021645021645	6	6	1.680672268907557	0.0021645021645021645	false
resource-increase-observed	explicit	BenchmarkCompileFullWorkers/lua/p4	allocs/op	3303.5	3355.5	1.5740880883911013	0.0021645021645021645	6	6	1.5740880883911013	0.0021645021645021645	false
resource-increase-observed	explicit	BenchmarkCompileFull/isa_f32	allocs/op	129	131	1.5503875968992276	0.0021645021645021645	6	6	1.5503875968992276	0.0021645021645021645	false
resource-increase-observed	explicit	BenchmarkCompileFull/isa_f64	allocs/op	129	131	1.5503875968992276	0.0021645021645021645	6	6	1.5503875968992276	0.0021645021645021645	false
resource-increase-observed	explicit	BenchmarkCompileFullWorkers/lua/auto	allocs/op	3303	3353	1.5137753557372013	0.0021645021645021645	6	6	1.5137753557372013	0.0021645021645021645	false
resource-increase-observed	explicit	BenchmarkCompileFull/crc32	allocs/op	133	135	1.5037593984962516	0.0021645021645021645	6	6	1.5037593984962516	0.0021645021645021645	false
resource-increase-observed	explicit	BenchmarkCompileFull/isa_simd_i64x2	allocs/op	133	135	1.5037593984962516	0.0021645021645021645	6	6	1.5037593984962516	0.0021645021645021645	false
resource-increase-observed	explicit	BenchmarkCompileMultiModuleThroughput/many_funcs/auto	allocs/op	133	135	1.5037593984962516	0.0021645021645021645	6	6	1.5037593984962516	0.0021645021645021645	false
resource-increase-observed	explicit	BenchmarkCompileFull/isa_i32	allocs/op	135	137	1.4814814814814836	0.0021645021645021645	6	6	1.4814814814814836	0.0021645021645021645	false
resource-increase-observed	explicit	BenchmarkCompileFull/isa_i64	allocs/op	135	137	1.4814814814814836	0.0021645021645021645	6	6	1.4814814814814836	0.0021645021645021645	false
resource-increase-observed	explicit	BenchmarkCompileFull/isa_simd_f64x2	allocs/op	138	140	1.449275362318847	0.0021645021645021645	6	6	1.449275362318847	0.0021645021645021645	false
resource-increase-observed	explicit	BenchmarkCompileFull/isa_simd_f32x4	allocs/op	139	141	1.4388489208633004	0.0021645021645021645	6	6	1.4388489208633004	0.0021645021645021645	false
resource-increase-observed	explicit	BenchmarkCompileFullWorkers/esbuild/p4	allocs/op	28214.5	28610.5	1.4035336440482826	0.30952380952380953	6	6	1.4035336440482826	0.30952380952380953	false
resource-increase-observed	explicit	BenchmarkCompileFull/matmul	allocs/op	146	148	1.3698630136986356	0.0021645021645021645	6	6	1.3698630136986356	0.0021645021645021645	false
resource-increase-observed	explicit	BenchmarkCompileFull/spectralnorm	allocs/op	147	149	1.3605442176870763	0.0021645021645021645	6	6	1.3605442176870763	0.0021645021645021645	false
resource-increase-observed	explicit	BenchmarkCompileFullWorkers/many_funcs/auto	allocs/op	147	149	1.3605442176870763	0.0021645021645021645	6	6	1.3605442176870763	0.0021645021645021645	false
resource-increase-observed	explicit	BenchmarkCompileFullWorkers/many_funcs/p4	allocs/op	147	149	1.3605442176870763	0.0021645021645021645	6	6	1.3605442176870763	0.0021645021645021645	false
resource-increase-observed	explicit	BenchmarkCompileFull/isa_call	allocs/op	148	150	1.3513513513513598	0.0021645021645021645	6	6	1.3513513513513598	0.0021645021645021645	false
resource-increase-observed	explicit	BenchmarkCompileFull/nbody	allocs/op	151	153	1.324503311258285	0.0021645021645021645	6	6	1.324503311258285	0.0021645021645021645	false
resource-increase-observed	explicit	BenchmarkCompileFull/lz4	allocs/op	153	155	1.3071895424836555	0.0021645021645021645	6	6	1.3071895424836555	0.0021645021645021645	false
resource-increase-observed	explicit	BenchmarkCompileFull/sha256	allocs/op	154	156	1.298701298701288	0.0021645021645021645	6	6	1.298701298701288	0.0021645021645021645	false
resource-increase-observed	explicit	BenchmarkCompileFull/utf-as	allocs/op	154	156	1.298701298701288	0.0021645021645021645	6	6	1.298701298701288	0.0021645021645021645	false
resource-increase-observed	explicit	BenchmarkCompileFull/fannkuch	allocs/op	163	165	1.2269938650306678	0.0021645021645021645	6	6	1.2269938650306678	0.0021645021645021645	false
resource-increase-observed	explicit	BenchmarkCompileFull/isa_simd_i8x16	allocs/op	163	165	1.2269938650306678	0.0021645021645021645	6	6	1.2269938650306678	0.0021645021645021645	false
resource-increase-observed	explicit	BenchmarkCompileWorkers/sqlite3/p4	allocs/op	3561	3604	1.2075259758494772	0.0021645021645021645	6	6	1.2075259758494772	0.0021645021645021645	false
resource-increase-observed	explicit	BenchmarkCompileFull/isa_simd_i32x4	allocs/op	170	172	1.17647058823529	0.0021645021645021645	6	6	1.17647058823529	0.0021645021645021645	false
resource-increase-observed	explicit	BenchmarkCompileFull/quicksort	allocs/op	174	176	1.1494252873563315	0.0021645021645021645	6	6	1.1494252873563315	0.0021645021645021645	false
resource-increase-observed	explicit	BenchmarkCompileFull/isa_simd_i16x8	allocs/op	175	177	1.1428571428571344	0.0021645021645021645	6	6	1.1428571428571344	0.0021645021645021645	false
resource-increase-observed	explicit	BenchmarkCompileFull/globals	allocs/op	95	96	1.0526315789473717	0.0021645021645021645	6	6	1.0526315789473717	0.0021645021645021645	false
resource-increase-observed	explicit	BenchmarkCompileFullWorkers/sqlite3/p8	allocs/op	9973	10076.5	1.0378020655770648	0.0021645021645021645	6	6	1.0378020655770648	0.0021645021645021645	false
resource-increase-observed	explicit	BenchmarkCompileFullWorkers/many_funcs/p8	allocs/op	210	212	0.952380952380949	0.0021645021645021645	6	6	0.952380952380949	0.0021645021645021645	false
resource-increase-observed	explicit	BenchmarkCompileWorkers/ruby/p4	allocs/op	12608.5	12728.5	0.9517389062933646	0.0021645021645021645	6	6	0.9517389062933646	0.0021645021645021645	false
resource-increase-observed	explicit	BenchmarkCompileWorkers/ruby/p8	allocs/op	14240	14370	0.9129213483145993	0.004329004329004329	6	6	0.9129213483145993	0.004329004329004329	false
resource-increase-observed	explicit	BenchmarkCompileWorkers/many_funcs/p2	allocs/op	58	58.5	0.8620689655172376	1	6	6	0.8620689655172376	1	false
resource-increase-observed	explicit	BenchmarkCompileFullWorkers/lua/p2	allocs/op	2852	2874.5	0.7889200561009835	0.0021645021645021645	6	6	0.7889200561009835	0.0021645021645021645	false
resource-increase-observed	explicit	BenchmarkCompileFullWorkers/sqlite3/p4	allocs/op	8976	9043.5	0.7520053475935873	0.0021645021645021645	6	6	0.7520053475935873	0.0021645021645021645	false
resource-increase-observed	explicit	BenchmarkCompileFullWorkers/esbuild/p8	allocs/op	34350	34588	0.6928675400291073	0.8181818181818182	6	6	0.6928675400291073	0.8181818181818182	false
resource-increase-observed	explicit	BenchmarkPluginInstantiate/esbuild	allocs/op	4598.5	4629	0.6632597586169409	0.6601731601731602	6	6	0.6632597586169409	0.6601731601731602	false
resource-increase-observed	explicit	BenchmarkCompileFull/raytrace	allocs/op	182	183	0.5494505494505475	0.0021645021645021645	6	6	0.5494505494505475	0.0021645021645021645	false
resource-increase-observed	explicit	BenchmarkCompileFull/qoi	allocs/op	198	199	0.5050505050504972	0.0021645021645021645	6	6	0.5050505050504972	0.0021645021645021645	false
resource-increase-observed	explicit	BenchmarkCompileFull/coremark	allocs/op	200	201	0.49999999999998934	0.0021645021645021645	6	6	0.49999999999998934	0.0021645021645021645	false
resource-increase-observed	explicit	BenchmarkCompileCommuteSelfUpdate/blake-as-simd/off	allocs/op	242	243	0.4132231404958775	0.0021645021645021645	6	6	0.4132231404958775	0.0021645021645021645	false
resource-increase-observed	explicit	BenchmarkCompileCommuteSelfUpdate/blake-as-simd/on	allocs/op	242	243	0.4132231404958775	0.0021645021645021645	6	6	0.4132231404958775	0.0021645021645021645	false
resource-increase-observed	explicit	BenchmarkCompileFull/blake-as-simd	allocs/op	243	244	0.4115226337448652	0.0021645021645021645	6	6	0.4115226337448652	0.0021645021645021645	false
resource-increase-observed	explicit	BenchmarkCompileFullWorkers/sqlite3/auto	allocs/op	9002.5	9039	0.4054429325187403	0.025974025974025976	6	6	0.4054429325187403	0.025974025974025976	false
resource-increase-observed	explicit	BenchmarkCompileWorkers/ruby/p2	allocs/op	11668.5	11708	0.33851823284911653	0.025974025974025976	6	6	0.33851823284911653	0.025974025974025976	false
resource-increase-observed	explicit	BenchmarkCompileFull/zlib	allocs/op	305	306	0.3278688524590123	0.0021645021645021645	6	6	0.3278688524590123	0.0021645021645021645	false
resource-increase-observed	explicit	BenchmarkCompileFullWorkers/ruby/p8	allocs/op	43970.5	44095	0.2831443808917422	0.008658008658008658	6	6	0.2831443808917422	0.008658008658008658	false
resource-increase-observed	explicit	BenchmarkValidateWorkers/lua/p2	allocs/op	393	394	0.2544529262086481	0.24242424242424243	6	6	0.2544529262086481	0.24242424242424243	false
resource-increase-observed	explicit	BenchmarkCompileFullWorkers/json-as/p1	allocs/op	404	405	0.24752475247524774	0.0021645021645021645	6	6	0.24752475247524774	0.0021645021645021645	false
resource-increase-observed	explicit	BenchmarkCompileMultiModuleThroughput/json-as/p1	allocs/op	404	405	0.24752475247524774	0.0021645021645021645	6	6	0.24752475247524774	0.0021645021645021645	false
resource-increase-observed	explicit	BenchmarkCompileFull/json-as	allocs/op	405	406	0.24691358024691024	0.0021645021645021645	6	6	0.24691358024691024	0.0021645021645021645	false
resource-increase-observed	explicit	BenchmarkPluginInstantiate/ruby	allocs/op	10756.5	10783	0.24636266443545107	0.9978354978354979	6	6	0.24636266443545107	0.9978354978354979	false
resource-increase-observed	explicit	BenchmarkCompileWorkers/esbuild/p4	allocs/op	19851	19896.5	0.2292075965946383	0.6991341991341992	6	6	0.2292075965946383	0.6991341991341992	false
resource-increase-observed	explicit	BenchmarkCompileFull/json-as-simd	allocs/op	437	438	0.22883295194509046	0.0021645021645021645	6	6	0.22883295194509046	0.0021645021645021645	false
resource-increase-observed	explicit	BenchmarkCompileFull/zstd	allocs/op	461	462	0.2169197396963085	0.0021645021645021645	6	6	0.2169197396963085	0.0021645021645021645	false
resource-increase-observed	explicit	BenchmarkCompileFullWorkers/esbuild/p2	allocs/op	23714	23759.5	0.191869781563625	0.9372294372294372	6	6	0.191869781563625	0.9372294372294372	false
resource-increase-observed	explicit	BenchmarkCompileFullWorkers/ruby/p4	allocs/op	42272.5	42348.5	0.17978591282747924	0.04112554112554113	6	6	0.17978591282747924	0.04112554112554113	false
resource-increase-observed	explicit	BenchmarkCompileWorkers/esbuild/p2	allocs/op	15050.5	15061	0.06976512408225499	0.5887445887445888	6	6	0.06976512408225499	0.5887445887445888	false
resource-increase-observed	explicit	BenchmarkCompileFullWorkers/ruby/auto	allocs/op	42287.5	42314.5	0.06384865503989978	0.3939393939393939	6	6	0.06384865503989978	0.3939393939393939	false
resource-increase-observed	explicit	BenchmarkCompileFullWorkers/sqlite3/p2	allocs/op	8375.5	8380.5	0.05969792848188327	0.6991341991341992	6	6	0.05969792848188327	0.6991341991341992	false
resource-increase-observed	explicit	BenchmarkCompileFullWorkers/ruby/p2	allocs/op	41260	41284	0.05816771691711242	0.0367965367965368	6	6	0.05816771691711242	0.0367965367965368	false
resource-increase-observed	explicit	BenchmarkCompileFullWorkers/lua/p1	allocs/op	2532	2533	0.03949447077409296	0.06060606060606061	6	6	0.03949447077409296	0.06060606060606061	false
resource-increase-observed	explicit	BenchmarkCompileFull/wasm3	allocs/op	3466	3467	0.02885170225044309	0.0021645021645021645	6	6	0.02885170225044309	0.0021645021645021645	false
resource-increase-observed	explicit	BenchmarkValidateWorkers/esbuild/p4	allocs/op	4216.5	4217	0.011858176212498073	0.875791189561549	12	12	0	0.6363636363636364	true
resource-increase-observed	explicit	BenchmarkExecParallel/independent/crc32.hashN	B/op	0	1		0.4696969696969697	6	6		0.4696969696969697	false
resource-increase-observed	explicit	BenchmarkExecParallel/process/crc32.hashN	B/op	0	1		0.2748917748917749	6	6		0.2748917748917749	false
resource-increase-observed	explicit	BenchmarkExecParallel/independent/matmul.run	B/op	2	7	250	0.047619047619047616	6	6	250	0.047619047619047616	false
resource-increase-observed	explicit	BenchmarkExecParallel/process/utf-as.convertN	B/op	4.5	13.5	200	0.16666666666666666	6	6	200	0.16666666666666666	false
resource-increase-observed	explicit	BenchmarkExecParallel/process/matmul.run	B/op	4.5	7.5	66.66666666666667	0.512987012987013	6	6	66.66666666666667	0.512987012987013	false
resource-increase-observed	explicit	BenchmarkExecParallel/independent/blake-as.hashN	B/op	7	11	57.14285714285714	0.7337662337662337	6	6	57.14285714285714	0.7337662337662337	false
resource-increase-observed	explicit	BenchmarkExecParallel/independent/spectralnorm.run	B/op	9	11.5	27.777777777777768	0.79004329004329	6	6	27.777777777777768	0.79004329004329	false
resource-increase-observed	explicit	BenchmarkExecParallel/process/raytrace.render	B/op	4	5	25	1	6	6	25	1	false
resource-increase-observed	explicit	BenchmarkExecParallel/independent/fannkuch.run	B/op	37.5	43.5	15.999999999999993	0.09657578926659556	12	12	16.129032258064523	0.7272727272727273	true
resource-increase-observed	explicit	BenchmarkCompileCompact/isa_call	B/op	20920	23608	12.848948374761004	0.0021645021645021645	6	6	12.848948374761004	0.0021645021645021645	false
resource-increase-observed	explicit	BenchmarkExecParallel/process/utf-as-simd.convertN	B/op	4	4.5	12.5	0.7619047619047619	6	6	12.5	0.7619047619047619	false
resource-increase-observed	explicit	BenchmarkExecParallel/independent/nbody.step	B/op	25.5	28	9.80392156862746	0.5541125541125541	6	6	9.80392156862746	0.5541125541125541	false
resource-increase-observed	explicit	BenchmarkCompile/isa_var	B/op	23072.5	25184	9.151587387582616	0.0021645021645021645	6	6	9.151587387582616	0.0021645021645021645	false
resource-increase-observed	explicit	BenchmarkCompileCompact/isa_var	B/op	25664	27792	8.291770573566094	0.0021645021645021645	6	6	8.291770573566094	0.0021645021645021645	false
resource-increase-observed	explicit	BenchmarkCompileFull/isa_var	B/op	32017	34225.5	6.897897991691915	0.0021645021645021645	6	6	6.897897991691915	0.0021645021645021645	false
resource-increase-observed	explicit	BenchmarkCompile/isa_bulk_mem	B/op	11276	11492	1.9155728981908426	7.39602301050679e-7	12	12	-3.898840885142252	0.4523809523809524	true
resource-increase-observed	explicit	BenchmarkCompileWorkers/json-as/p8	B/op	748049.5	760231.5	1.6285018571631893	0.0021645021645021645	6	6	1.6285018571631893	0.0021645021645021645	false
resource-increase-observed	explicit	BenchmarkCompileFull/isa_bulk_mem	B/op	22633	23001	1.6259444174435478	0.0021645021645021645	6	6	1.6259444174435478	0.0021645021645021645	false
resource-increase-observed	explicit	BenchmarkCompileFullWorkers/json-as/p8	B/op	875844.5	889962	1.6118728838281138	0.0021645021645021645	6	6	1.6118728838281138	0.0021645021645021645	false
resource-increase-observed	explicit	BenchmarkCompileCompact/isa_bulk_mem	B/op	13984	14208	1.6018306636155666	0.0021645021645021645	6	6	1.6018306636155666	0.0021645021645021645	false
resource-increase-observed	explicit	BenchmarkCompileFullWorkers/many_funcs/p1	B/op	158883.5	161378.5	1.570332979824851	0.0021645021645021645	6	6	1.570332979824851	0.0021645021645021645	false
resource-increase-observed	explicit	BenchmarkCompileFull/many_funcs	B/op	159026	161521	1.5689258360268132	0.0021645021645021645	6	6	1.5689258360268132	0.0021645021645021645	false
resource-increase-observed	explicit	BenchmarkCompileMultiModuleThroughput/many_funcs/p1	B/op	158923	161413	1.5667964989334537	0.0021645021645021645	6	6	1.5667964989334537	0.0021645021645021645	false
resource-increase-observed	explicit	BenchmarkCompileCompact/quicksort	B/op	30410.5	30879	1.5405863106492834	0.16883116883116883	6	6	1.5405863106492834	0.16883116883116883	false
resource-increase-observed	explicit	BenchmarkCompileFullWorkers/json-as/p4	B/op	660978	668865	1.1932318473534709	0.008658008658008658	6	6	1.1932318473534709	0.008658008658008658	false
resource-increase-observed	explicit	BenchmarkCompileFullWorkers/sqlite3/auto	B/op	16107992	16284509	1.0958349122597077	0.3939393939393939	6	6	1.0958349122597077	0.3939393939393939	false
resource-increase-observed	explicit	BenchmarkCompileWorkers/json-as/p4	B/op	551791	557772.5	1.0840155058708723	0.0021645021645021645	6	6	1.0840155058708723	0.0021645021645021645	false
resource-increase-observed	explicit	BenchmarkCompileFullWorkers/many_funcs/p2	B/op	235874.5	238390	1.0664569506241728	0.0021645021645021645	6	6	1.0664569506241728	0.0021645021645021645	false
resource-increase-observed	explicit	BenchmarkCompileWorkers/json-as/p2	B/op	432966.5	437571.5	1.0635926798031825	0.0021645021645021645	6	6	1.0635926798031825	0.0021645021645021645	false
resource-increase-observed	explicit	BenchmarkCompile/json-as	B/op	133208	134578	1.0284667587532326	0.0021645021645021645	6	6	1.0284667587532326	0.0021645021645021645	false
resource-increase-observed	explicit	BenchmarkCompileCompact/matmul	B/op	63352.5	64000	1.0220591136892887	0.06277056277056277	6	6	1.0220591136892887	0.06277056277056277	false
resource-increase-observed	explicit	BenchmarkCompileFullWorkers/json-as/p2	B/op	527797.5	533038	0.992899739009756	0.0021645021645021645	6	6	0.992899739009756	0.0021645021645021645	false
resource-increase-observed	explicit	BenchmarkCompileMultiModuleThroughput/json-as/auto	B/op	713186.5	720103	0.9698024289579221	0.0021645021645021645	6	6	0.9698024289579221	0.0021645021645021645	false
resource-increase-observed	explicit	BenchmarkCompileFullWorkers/esbuild/p4	B/op	186734028	188495008	0.943041832739766	0.24025974025974026	6	6	0.943041832739766	0.24025974025974026	false
resource-increase-observed	explicit	BenchmarkCompileFullWorkers/many_funcs/p4	B/op	284714.5	287275	0.8993219523417251	0.0021645021645021645	6	6	0.8993219523417251	0.0021645021645021645	false
resource-increase-observed	explicit	BenchmarkCompileFullWorkers/many_funcs/auto	B/op	284672	287225	0.8968216052158251	0.0021645021645021645	6	6	0.8968216052158251	0.0021645021645021645	false
resource-increase-observed	explicit	BenchmarkValidateWorkers/ruby/p4	B/op	510912	515453	0.8888027683828126	0.48484848484848486	6	6	0.8888027683828126	0.48484848484848486	false
resource-increase-observed	explicit	BenchmarkValidateWorkers/many_funcs/p8	B/op	7592	7656	0.8429926238145313	7.39602301050679e-7	12	12	0.8620122392577478	0.0021645021645021645	true
resource-increase-observed	explicit	BenchmarkCompileCompact/fannkuch	B/op	65776	66324	0.8331306251520232	0.01948051948051948	6	6	0.8331306251520232	0.01948051948051948	false
resource-increase-observed	explicit	BenchmarkCompileFullWorkers/lua/p4	B/op	4850413.5	4889975.5	0.8156418004361843	0.025974025974025976	6	6	0.8156418004361843	0.025974025974025976	false
resource-increase-observed	explicit	BenchmarkCompileWorkers/ruby/p8	B/op	138257940	139327088	0.7732995298497913	0.3939393939393939	6	6	0.7732995298497913	0.3939393939393939	false
resource-increase-observed	explicit	BenchmarkValidateWorkers/many_funcs/p4	B/op	4238	4269.5	0.743275129778187	0.0021645021645021645	6	6	0.743275129778187	0.0021645021645021645	false
resource-increase-observed	explicit	BenchmarkCompileFullWorkers/many_funcs/p8	B/op	382482	385160.5	0.7002943929387495	0.0021645021645021645	6	6	0.7002943929387495	0.0021645021645021645	false
resource-increase-observed	explicit	BenchmarkCompile/utf-as	B/op	119376	120193	0.6843921726310098	0.05194805194805195	6	6	0.6843921726310098	0.05194805194805195	false
resource-increase-observed	explicit	BenchmarkCompileFullWorkers/json-as/auto	B/op	662132	666627.5	0.6789431714522287	0.008658008658008658	6	6	0.6789431714522287	0.008658008658008658	false
resource-increase-observed	explicit	BenchmarkCompileMultiModuleThroughput/many_funcs/auto	B/op	303696	305675	0.6516384805858477	0.0021645021645021645	6	6	0.6516384805858477	0.0021645021645021645	false
resource-increase-observed	explicit	BenchmarkPluginInstantiate/esbuild	B/op	92824	93405.5	0.6264543652503729	0.6991341991341992	6	6	0.6264543652503729	0.6991341991341992	false
resource-increase-observed	explicit	BenchmarkCompileWorkers/lua/p8	B/op	5254503	5287348	0.6250829050816087	0.5887445887445888	6	6	0.6250829050816087	0.5887445887445888	false
resource-increase-observed	explicit	BenchmarkValidateWorkers/tiny/p4	B/op	2560	2576	0.6250000000000089	0.0021645021645021645	6	6	0.6250000000000089	0.0021645021645021645	false
resource-increase-observed	explicit	BenchmarkValidateWorkers/tiny/p8	B/op	2560	2576	0.6250000000000089	0.0021645021645021645	6	6	0.6250000000000089	0.0021645021645021645	false
resource-increase-observed	explicit	BenchmarkValidateWorkers/tiny/p2	B/op	2561	2576.5	0.6052323311206642	0.0021645021645021645	6	6	0.6052323311206642	0.0021645021645021645	false
resource-increase-observed	explicit	BenchmarkCompile/sha256	B/op	60208	60563.5	0.5904530959340848	0.03463203463203463	6	6	0.5904530959340848	0.03463203463203463	false
resource-increase-observed	explicit	BenchmarkValidateWorkers/many_funcs/p2	B/op	2557.5	2571	0.5278592375366653	0.0021645021645021645	6	6	0.5278592375366653	0.0021645021645021645	false
resource-increase-observed	explicit	BenchmarkCompileFull/json-as-simd	B/op	228290	229443	0.5050593543300286	0.0021645021645021645	6	6	0.5050593543300286	0.0021645021645021645	false
resource-increase-observed	explicit	BenchmarkCompileWorkers/esbuild/p8	B/op	131268764	131926416	0.5009965660985438	0.6991341991341992	6	6	0.5009965660985438	0.6991341991341992	false
resource-increase-observed	explicit	BenchmarkCompileFullWorkers/tiny/auto	B/op	16056	16136	0.49825610363727346	0.0021645021645021645	6	6	0.49825610363727346	0.0021645021645021645	false
resource-increase-observed	explicit	BenchmarkCompileFullWorkers/esbuild/p2	B/op	177660168	178539984	0.49522411799138855	0.24025974025974026	6	6	0.49522411799138855	0.24025974025974026	false
resource-increase-observed	explicit	BenchmarkCompileFullWorkers/tiny/p1	B/op	16095.5	16174	0.4877139573172595	0.0021645021645021645	6	6	0.4877139573172595	0.0021645021645021645	false
resource-increase-observed	explicit	BenchmarkCompileFull/tiny	B/op	16241	16319	0.48026599347330556	0.0021645021645021645	6	6	0.48026599347330556	0.0021645021645021645	false
resource-increase-observed	explicit	BenchmarkCompile/json-as-simd	B/op	136928	137576	0.47324141154474475	0.23376623376623376	6	6	0.47324141154474475	0.23376623376623376	false
resource-increase-observed	explicit	BenchmarkCompileFull/isa_simd_i32x4	B/op	56257	56510	0.4497218123966862	0.0021645021645021645	6	6	0.4497218123966862	0.0021645021645021645	false
resource-increase-observed	explicit	BenchmarkCompileCompact/json-as-simd	B/op	144440	145088	0.44862918859041034	0.0021645021645021645	6	6	0.44862918859041034	0.0021645021645021645	false
resource-increase-observed	explicit	BenchmarkCompileFull/wasm3	B/op	925379	929480	0.4431697715206351	0.0021645021645021645	6	6	0.4431697715206351	0.0021645021645021645	false
resource-increase-observed	explicit	BenchmarkCompileFull/isa_simd_i16x8	B/op	57377.5	57631	0.4418108143436017	0.0021645021645021645	6	6	0.4418108143436017	0.0021645021645021645	false
resource-increase-observed	explicit	BenchmarkCompileFullWorkers/tiny/p4	B/op	26710	26825	0.4305503556720325	0.0021645021645021645	6	6	0.4305503556720325	0.0021645021645021645	false
resource-increase-observed	explicit	BenchmarkCompileMultiModuleThroughput/json-as/p1	B/op	217293	218226.5	0.4296042670495659	0.0021645021645021645	6	6	0.4296042670495659	0.0021645021645021645	false
resource-increase-observed	explicit	BenchmarkCompileFullWorkers/json-as/p1	B/op	217306.5	218237	0.428197039665168	0.0021645021645021645	6	6	0.428197039665168	0.0021645021645021645	false
resource-increase-observed	explicit	BenchmarkCompileFull/json-as	B/op	217447	218375.5	0.4270006024456485	0.0021645021645021645	6	6	0.4270006024456485	0.0021645021645021645	false
resource-increase-observed	explicit	BenchmarkCompile/crc32	B/op	25984	26094.5	0.42526169950738435	0.07575757575757576	6	6	0.42526169950738435	0.07575757575757576	false
resource-increase-observed	explicit	BenchmarkCompileFullWorkers/tiny/p8	B/op	26712	26825	0.4230308475591471	0.0021645021645021645	6	6	0.4230308475591471	0.0021645021645021645	false
resource-increase-observed	explicit	BenchmarkCompileFullWorkers/tiny/p2	B/op	26713.5	26826	0.42113538098713654	0.0021645021645021645	6	6	0.42113538098713654	0.0021645021645021645	false
resource-increase-observed	explicit	BenchmarkCompileFull/isa_simd_f64x2	B/op	45757.5	45947.5	0.4152324755504644	0.0021645021645021645	6	6	0.4152324755504644	0.0021645021645021645	false
resource-increase-observed	explicit	BenchmarkCompileFull/isa_simd_f32x4	B/op	45789.5	45979	0.4138503368676272	0.0021645021645021645	6	6	0.4138503368676272	0.0021645021645021645	false
resource-increase-observed	explicit	BenchmarkCompileFull/fib_iter	B/op	18192	18264.5	0.3985268249780072	0.0021645021645021645	6	6	0.3985268249780072	0.0021645021645021645	false
resource-increase-observed	explicit	BenchmarkCompileWorkers/json-as/p1	B/op	133208	133728	0.3903669449282221	0.015151515151515152	6	6	0.3903669449282221	0.015151515151515152	false
resource-increase-observed	explicit	BenchmarkCompileFull/isa_simd_i64x2	B/op	44749.5	44923	0.38771382920479436	0.0021645021645021645	6	6	0.38771382920479436	0.0021645021645021645	false
resource-increase-observed	explicit	BenchmarkCompileCompact/json-as	B/op	136240	136760	0.3816793893129722	0.0021645021645021645	6	6	0.3816793893129722	0.0021645021645021645	false
resource-increase-observed	explicit	BenchmarkCompileFull/crc32	B/op	38442	38586	0.37459029186825976	0.0021645021645021645	6	6	0.37459029186825976	0.0021645021645021645	false
resource-increase-observed	explicit	BenchmarkCompileFull/quicksort	B/op	43602	43762.5	0.3681023806247463	0.0021645021645021645	6	6	0.3681023806247463	0.0021645021645021645	false
resource-increase-observed	explicit	BenchmarkCompileFullWorkers/sqlite3/p4	B/op	16254600	16308287	0.33028804153900637	0.48484848484848486	6	6	0.33028804153900637	0.48484848484848486	false
resource-increase-observed	explicit	BenchmarkCompileFull/isa_i64	B/op	44660.5	44803	0.31907390199392704	0.0021645021645021645	6	6	0.31907390199392704	0.0021645021645021645	false
resource-increase-observed	explicit	BenchmarkCompileFull/isa_i32	B/op	44661	44803	0.31795078480105765	0.0021645021645021645	6	6	0.31795078480105765	0.0021645021645021645	false
resource-increase-observed	explicit	BenchmarkCompileFull/isa_simd_reduce	B/op	37241	37354	0.3034290164066533	0.0021645021645021645	6	6	0.3034290164066533	0.0021645021645021645	false
resource-increase-observed	explicit	BenchmarkCompileFull/isa_mem	B/op	37586	37699	0.30064385675516725	0.0021645021645021645	6	6	0.30064385675516725	0.0021645021645021645	false
resource-increase-observed	explicit	BenchmarkCompile/blake-as	B/op	119864	120206.5	0.2857405059066842	0.3722943722943723	6	6	0.2857405059066842	0.3722943722943723	false
resource-increase-observed	explicit	BenchmarkCompileFullWorkers/lua/p8	B/op	5789027.5	5805495	0.2844605592217331	0.24025974025974026	6	6	0.2844605592217331	0.24025974025974026	false
resource-increase-observed	explicit	BenchmarkCompileFull/dispatch	B/op	35625	35721	0.26947368421053053	0.0021645021645021645	6	6	0.26947368421053053	0.0021645021645021645	false
resource-increase-observed	explicit	BenchmarkCompileFull/isa_simd_v128	B/op	35866	35962	0.2676629677131448	0.0021645021645021645	6	6	0.2676629677131448	0.0021645021645021645	false
resource-increase-observed	explicit	BenchmarkCompileFull/regexmatch	B/op	2375660	2381640	0.2517195221538371	0.0021645021645021645	6	6	0.2517195221538371	0.0021645021645021645	false
resource-increase-observed	explicit	BenchmarkCompileFullWorkers/lua/auto	B/op	4886996.5	4898234.5	0.22995719354412802	0.8181818181818182	6	6	0.22995719354412802	0.8181818181818182	false
resource-increase-observed	explicit	BenchmarkCompileFull/isa_call	B/op	38634	38722	0.22777864057565989	0.0021645021645021645	6	6	0.22777864057565989	0.0021645021645021645	false
resource-increase-observed	explicit	BenchmarkPluginInstantiate/ruby	B/op	342889.5	343670.5	0.2277701708568003	0.8181818181818182	6	6	0.2277701708568003	0.8181818181818182	false
resource-increase-observed	explicit	BenchmarkCompileFull/sqlite3	B/op	4290328	4300020	0.22590347404674027	0.0021645021645021645	6	6	0.22590347404674027	0.0021645021645021645	false
resource-increase-observed	explicit	BenchmarkCompileFull/spectralnorm	B/op	71268	71428	0.22450468653532063	0.0021645021645021645	6	6	0.22450468653532063	0.0021645021645021645	false
resource-increase-observed	explicit	BenchmarkCompileCompact/spectralnorm	B/op	63992	64135	0.22346543317914858	0.1645021645021645	6	6	0.22346543317914858	0.1645021645021645	false
resource-increase-observed	explicit	BenchmarkCompileCommuteSelfUpdate/sqlite3/off	B/op	4290296	4299880	0.22338785016231544	0.0021645021645021645	6	6	0.22338785016231544	0.0021645021645021645	false
resource-increase-observed	explicit	BenchmarkCompileCommuteSelfUpdate/sqlite3/on	B/op	4290296	4299876	0.22329461650199	0.0021645021645021645	6	6	0.22329461650199	0.0021645021645021645	false
resource-increase-observed	explicit	BenchmarkCompileFull/matmul	B/op	71891	72051.5	0.22325464939978445	0.0021645021645021645	6	6	0.22325464939978445	0.0021645021645021645	false
resource-increase-observed	explicit	BenchmarkCompileFull/lz4	B/op	75429.5	75596	0.22073591897069367	0.0021645021645021645	6	6	0.22073591897069367	0.0021645021645021645	false
resource-increase-observed	explicit	BenchmarkCompileFullWorkers/sqlite3/p1	B/op	4290584	4300020	0.21992344165735478	0.0021645021645021645	6	6	0.21992344165735478	0.0021645021645021645	false
resource-increase-observed	explicit	BenchmarkCompileWorkers/lua/p2	B/op	3876964.5	3885361	0.21657407489803493	0.3939393939393939	6	6	0.21657407489803493	0.3939393939393939	false
resource-increase-observed	explicit	BenchmarkCompile/quicksort	B/op	27573.5	27633	0.21578689683936503	7.39602301050679e-7	12	12	0.29171528588098905	0.08008658008658008	true
resource-increase-observed	explicit	BenchmarkCompileFull/nbody	B/op	73852	74011	0.21529545577640974	0.0021645021645021645	6	6	0.21529545577640974	0.0021645021645021645	false
resource-increase-observed	explicit	BenchmarkCompileFullWorkers/ruby/p8	B/op	165701364	166056116	0.21409117670267985	0.48484848484848486	6	6	0.21409117670267985	0.48484848484848486	false
resource-increase-observed	explicit	BenchmarkCompileFull/sha256	B/op	74523.5	74683	0.21402644803316662	0.0021645021645021645	6	6	0.21402644803316662	0.0021645021645021645	false
resource-increase-observed	explicit	BenchmarkCompile/raytrace	B/op	125576	125839	0.20943492387079932	0.354978354978355	6	6	0.20943492387079932	0.354978354978355	false
resource-increase-observed	explicit	BenchmarkCompileFull/fannkuch	B/op	77860	78020	0.2054970459799632	0.0021645021645021645	6	6	0.2054970459799632	0.0021645021645021645	false
resource-increase-observed	explicit	BenchmarkValidateWorkers/esbuild/p8	B/op	5598306	5608614	0.1841271270273559	0.6991341991341992	6	6	0.1841271270273559	0.6991341991341992	false
resource-increase-observed	explicit	BenchmarkCompileWorkers/lua/p4	B/op	4384405.5	4391979	0.17273721602621972	0.30952380952380953	6	6	0.17273721602621972	0.30952380952380953	false
resource-increase-observed	explicit	BenchmarkCompileFull/lua	B/op	1202662	1204686	0.16829333594974294	0.0021645021645021645	6	6	0.16829333594974294	0.0021645021645021645	false
resource-increase-observed	explicit	BenchmarkCompileFullWorkers/lua/p1	B/op	1202590	1204590	0.16630771917278686	0.0021645021645021645	6	6	0.16630771917278686	0.0021645021645021645	false
resource-increase-observed	explicit	BenchmarkCompileFull/qoi	B/op	81023	81156	0.16415092010910737	0.0021645021645021645	6	6	0.16415092010910737	0.0021645021645021645	false
resource-increase-observed	explicit	BenchmarkCompileFull/blake-as-simd	B/op	262946	263326.5	0.14470651768803133	0.0021645021645021645	6	6	0.14470651768803133	0.0021645021645021645	false
resource-increase-observed	explicit	BenchmarkCompileCommuteSelfUpdate/blake-as-simd/on	B/op	262804.5	263174	0.14059881014214515	0.0021645021645021645	6	6	0.14059881014214515	0.0021645021645021645	false
resource-increase-observed	explicit	BenchmarkCompileCommuteSelfUpdate/blake-as-simd/off	B/op	262806	263174	0.14002724443125114	0.0021645021645021645	6	6	0.14002724443125114	0.0021645021645021645	false
resource-increase-observed	explicit	BenchmarkCompileFull/isa_ctl	B/op	69100	69196	0.13892908827786155	0.0021645021645021645	6	6	0.13892908827786155	0.0021645021645021645	false
resource-increase-observed	explicit	BenchmarkCompile/matmul	B/op	59984	60064	0.13336889837289867	0.015151515151515152	6	6	0.13336889837289867	0.015151515151515152	false
resource-increase-observed	explicit	BenchmarkCompile/spectralnorm	B/op	60080	60160	0.13315579227697327	0.015151515151515152	6	6	0.13315579227697327	0.015151515151515152	false
resource-increase-observed	explicit	BenchmarkCompile/nbody	B/op	61944	62024	0.12914890869171192	0.0021645021645021645	6	6	0.12914890869171192	0.0021645021645021645	false
resource-increase-observed	explicit	BenchmarkCompile/fannkuch	B/op	63176	63256	0.12663036596176624	0.06926406926406926	6	6	0.12663036596176624	0.06926406926406926	false
resource-increase-observed	explicit	BenchmarkCompileCompact/lz4	B/op	64048	64120	0.11241568823383563	0.0021645021645021645	6	6	0.11241568823383563	0.0021645021645021645	false
resource-increase-observed	explicit	BenchmarkCompile/tiny	B/op	8013.5	8022.5	0.11231047607163092	0.5692640692640693	6	6	0.11231047607163092	0.5692640692640693	false
resource-increase-observed	explicit	BenchmarkCompileCompact/nbody	B/op	70124.5	70194	0.09910944106552577	7.39602301050679e-7	12	12	0.11428571428571122	0.08008658008658008	true
resource-increase-observed	explicit	BenchmarkCompileFull/raytrace	B/op	138936	139072	0.09788679679851864	0.0021645021645021645	6	6	0.09788679679851864	0.0021645021645021645	false
resource-increase-observed	explicit	BenchmarkCompile/blake-as-simd	B/op	239168	239400	0.09700294353760519	0.23160173160173161	6	6	0.09700294353760519	0.23160173160173161	false
resource-increase-observed	explicit	BenchmarkCompileWorkers/tiny/p1	B/op	8014.5	8022	0.09358038555118409	0.7857142857142857	6	6	0.09358038555118409	0.7857142857142857	false
resource-increase-observed	explicit	BenchmarkCompileCompact/blake-as-simd	B/op	250080	250312	0.09277031349967935	0.0021645021645021645	6	6	0.09277031349967935	0.0021645021645021645	false
resource-increase-observed	explicit	BenchmarkCompileWorkers/tiny/p2	B/op	17474.5	17490	0.08870067813098181	0.006493506493506494	6	6	0.08870067813098181	0.006493506493506494	false
resource-increase-observed	explicit	BenchmarkCompile/fib_iter	B/op	10714	10723.5	0.08866903117417113	0.9372294372294372	6	6	0.08866903117417113	0.9372294372294372	false
resource-increase-observed	explicit	BenchmarkCompileWorkers/tiny/p8	B/op	17452.5	17466.5	0.08021773384900843	7.39602301050679e-7	12	12	0.10877032287610611	0.006493506493506494	true
resource-increase-observed	explicit	BenchmarkCompileFullWorkers/esbuild/auto	B/op	188434632	188574776	0.0743727405692507	0.8181818181818182	6	6	0.0743727405692507	0.8181818181818182	false
resource-increase-observed	explicit	BenchmarkCompileFull/utf-as	B/op	214626	214784.5	0.0738493938292617	0.0021645021645021645	6	6	0.0738493938292617	0.0021645021645021645	false
resource-increase-observed	explicit	BenchmarkCompileFull/coremark	B/op	257820	257980	0.062058800713682416	0.0021645021645021645	6	6	0.062058800713682416	0.0021645021645021645	false
resource-increase-observed	explicit	BenchmarkCompileFull/zlib	B/op	296641	296814.5	0.05848820628302498	0.0021645021645021645	6	6	0.05848820628302498	0.0021645021645021645	false
resource-increase-observed	explicit	BenchmarkCompileWorkers/tiny/p4	B/op	17474.5	17483.5	0.051503619559922775	0.04112554112554113	6	6	0.051503619559922775	0.04112554112554113	false
resource-increase-observed	explicit	BenchmarkValidateWorkers/json-as/p2	B/op	10801.5	10806.5	0.046289867148074926	0.8760611444014325	12	12	-0.9601491493824277	0.24025974025974026	true
resource-increase-observed	explicit	BenchmarkValidateWorkers/lua/p2	B/op	74420.5	74453.5	0.044342620648873954	0.0021645021645021645	6	6	0.044342620648873954	0.0021645021645021645	false
resource-increase-observed	explicit	BenchmarkCompileCompact/qoi	B/op	65320	65344	0.03674219228413378	0.0021645021645021645	6	6	0.03674219228413378	0.0021645021645021645	false
resource-increase-observed	explicit	BenchmarkValidateWorkers/esbuild/p4	B/op	4400626	4402064	0.03267716911183882	0.5898757320213774	12	12	-2.673386147718504	0.48484848484848486	true
resource-increase-observed	explicit	BenchmarkCompileCompact/coremark	B/op	126216	126256	0.031691703112124436	0.0021645021645021645	6	6	0.031691703112124436	0.0021645021645021645	false
resource-increase-observed	explicit	BenchmarkCompileFull/blake3	B/op	151287.5	151321.5	0.022473766834663067	0.0021645021645021645	6	6	0.022473766834663067	0.0021645021645021645	false
resource-increase-observed	explicit	BenchmarkCompile/coremark	B/op	242192	242232	0.016515822157625593	0.23376623376623376	6	6	0.016515822157625593	0.23376623376623376	false
resource-increase-observed	explicit	BenchmarkCompileFull/zstd	B/op	1058265	1058430.5	0.015638805025197655	0.0021645021645021645	6	6	0.015638805025197655	0.0021645021645021645	false
resource-increase-observed	explicit	BenchmarkCompileCompact/zlib	B/op	266728	266768	0.014996550793311414	0.0021645021645021645	6	6	0.014996550793311414	0.0021645021645021645	false
resource-increase-observed	explicit	BenchmarkCompileFull/utf-as-simd	B/op	234514	234542	0.011939585696385535	0.0021645021645021645	6	6	0.011939585696385535	0.0021645021645021645	false
resource-increase-observed	explicit	BenchmarkDecode/wasm3	B/op	185328	185337	0.004856254856244746	0.08937945887737246	12	12	0	1	true
resource-increase-observed	explicit	BenchmarkCompileMultiModuleThroughput/esbuild/auto	B/op	188089540	188098300	0.004657356278281455	1	6	6	0.004657356278281455	1	false
resource-increase-observed	explicit	BenchmarkCompileFullWorkers/sqlite3/p2	B/op	14543930	14544450.5	0.00357881260428794	0.8181818181818182	6	6	0.00357881260428794	0.8181818181818182	false
resource-increase-observed	explicit	BenchmarkValidate/ruby	B/op	333760	333768	0.002396931927139967	1	6	6	0.002396931927139967	1	false
resource-increase-observed	explicit	BenchmarkValidateWorkers/sqlite3/p1	B/op	115712	115713	0.000864214601770108	0.5670995670995671	6	6	0.000864214601770108	0.5670995670995671	false
resource-increase-observed	explicit	BenchmarkPluginInstantiate/sqlite3	B/op	67945.5	67946	0.0007358839069437906	0.9035469847153789	12	12	-0.0014626191120470367	0.6991341991341992	true
resource-increase-observed	explicit	BenchmarkValidateWorkers/esbuild/p2	B/op	3268656	3268660	0.00012237445603524577	0.9696969696969697	6	6	0.00012237445603524577	0.9696969696969697	false
resource-increase-not-repeated	explicit	BenchmarkExecParallel/independent/fib_rec.fib	B/op	2	2	0	0.6187239197738592	12	12	37.5	0.5238095238095238	true
repeat-significant-slowdown	explicit	BenchmarkExecParallel/process/swar-pack-parse.parse4	ns/op	8.044	13.850000000000001	72.17802088513179	0.000002958409204202716	12	12	52.469135802469125	0.5887445887445888	true
repeat-significant-slowdown	explicit	BenchmarkExecParallel/independent/fib_iter.fib	ns/op	14.355	16.895	17.694183211424573	7.39602301050679e-7	12	12	14.172068355922217	0.04112554112554113	true
repeat-significant-slowdown	explicit	BenchmarkExecParallel/process/xjb-mulhi.mulhi	ns/op	13.235	14.5	9.557990177559518	0.001059850097405623	12	12	9.266276265931793	0.48484848484848486	true
repeat-significant-slowdown	explicit	BenchmarkExecGlobalGet_wago	ns/op	75.67	80.095	5.847760010572212	0.0010672461204161298	12	12	10.373138900802626	0.06493506493506493	true
first-pass-only	explicit	BenchmarkExecParallel/process/isa_simd_i16x8.lt_s	ns/op	302.4	317.5	4.993386243386255	0.48484848484848486	6	6	4.993386243386255	0.48484848484848486	false
first-pass-only	explicit	BenchmarkExecCommuteSelfUpdate/json-as.deserializeN/off	ns/op	43660	45822	4.951901053595975	0.24025974025974026	6	6	4.951901053595975	0.24025974025974026	false
first-pass-only	explicit	BenchmarkExecParallel/independent/isa_simd_i64x2.extmul_high_s	ns/op	975.55	1023.5	4.9151760545333545	0.5887445887445888	6	6	4.9151760545333545	0.5887445887445888	false
first-pass-only	explicit	BenchmarkDecode/json-as	ns/op	94984.5	99644.5	4.9060636209065756	0.6991341991341992	6	6	4.9060636209065756	0.6991341991341992	false
first-pass-only	explicit	BenchmarkExecParallel/independent/isa_simd_f32x4.pmin	ns/op	505.8	530.6	4.903123764333728	0.24025974025974026	6	6	4.903123764333728	0.24025974025974026	false
first-pass-only	explicit	BenchmarkExecCommuteSelfUpdate/json-as.serializeN/off	ns/op	24572.5	25755.5	4.814324956760596	0.13203463203463203	6	6	4.814324956760596	0.13203463203463203	false
first-pass-only	explicit	BenchmarkExecCommuteSelfUpdate/spectralnorm.run/on	ns/op	694401.5	727701	4.795424549054106	0.48484848484848486	6	6	4.795424549054106	0.48484848484848486	false
first-pass-only	explicit	BenchmarkExecParallel/process/isa_simd_f64x2.neg	ns/op	289.35	303.2	4.786590634180055	0.8181818181818182	6	6	4.786590634180055	0.8181818181818182	false
first-pass-only	explicit	BenchmarkExecParallel/process/isa_simd_i16x8.q15mulr_sat_s	ns/op	1518.5	1591	4.774448468883774	0.3939393939393939	6	6	4.774448468883774	0.3939393939393939	false
first-pass-only	explicit	BenchmarkExecParallel/independent/isa_simd_f64x2.gt	ns/op	490.2	513.5	4.753161974704212	0.30952380952380953	6	6	4.753161974704212	0.30952380952380953	false
first-pass-only	explicit	BenchmarkValidateWorkers/esbuild/p8	ns/op	34360836	35986337.5	4.730680883317273	0.6991341991341992	6	6	4.730680883317273	0.6991341991341992	false
first-pass-only	explicit	BenchmarkExecParallel/process/isa_f64.sqrt	ns/op	24515.5	25675	4.729660826823845	0.6991341991341992	6	6	4.729660826823845	0.6991341991341992	false
first-pass-only	explicit	BenchmarkExecParallel/independent/isa_simd_i16x8.avgr_u	ns/op	513.75	537.95	4.710462287104633	0.4199134199134199	6	6	4.710462287104633	0.4199134199134199	false
first-pass-only	explicit	BenchmarkValidateWorkers/json-as/p4	ns/op	154721	161732.5	4.531705456919233	0.5887445887445888	6	6	4.531705456919233	0.5887445887445888	false
first-pass-only	explicit	BenchmarkExecParallel/independent/isa_simd_i16x8.mul	ns/op	757.85	791.95	4.499571155241799	0.48484848484848486	6	6	4.499571155241799	0.48484848484848486	false
first-pass-only	explicit	BenchmarkExecParallel/process/isa_simd_i64x2.shr_u	ns/op	185.45	193.65	4.421677001887314	0.8181818181818182	6	6	4.421677001887314	0.8181818181818182	false
first-pass-only	explicit	BenchmarkExecParallel/process/isa_simd_i16x8.narrow_i32x4_s	ns/op	512.95	535.6	4.415635052149325	0.24025974025974026	6	6	4.415635052149325	0.24025974025974026	false
first-pass-only	explicit	BenchmarkExecParallel/independent/mandelbrot.render	ns/op	36937	38564	4.404797357663037	0.48484848484848486	6	6	4.404797357663037	0.48484848484848486	false
first-pass-only	explicit	BenchmarkExecParallel/independent/isa_simd_i32x4.min_s	ns/op	254.75	265.9	4.3768400392541595	0.3939393939393939	6	6	4.3768400392541595	0.3939393939393939	false
first-pass-only	explicit	BenchmarkExecParallel/process/isa_simd_i32x4.add	ns/op	259.2	270.5	4.359567901234573	0.48484848484848486	6	6	4.359567901234573	0.48484848484848486	false
first-pass-only	explicit	BenchmarkExecParallel/independent/isa_f32.sub	ns/op	5824.5	6076	4.317967207485629	0.48484848484848486	6	6	4.317967207485629	0.48484848484848486	false
first-pass-only	explicit	BenchmarkExecParallel/process/isa_simd_f64x2.promote_low_f32x4	ns/op	382.2	398.65	4.304029304029311	0.24025974025974026	6	6	4.304029304029311	0.24025974025974026	false
first-pass-only	explicit	BenchmarkExecParallel/process/isa_simd_f64x2.gt	ns/op	494.6	515.8	4.286291953093402	0.17965367965367965	6	6	4.286291953093402	0.17965367965367965	false
first-pass-only	explicit	BenchmarkExecParallel/process/isa_simd_v128.xor	ns/op	265.05	276.4	4.282210903603079	0.3939393939393939	6	6	4.282210903603079	0.3939393939393939	false
first-pass-only	explicit	BenchmarkExecParallel/process/isa_simd_f64x2.le	ns/op	505.15	526.7	4.266059586261517	0.3939393939393939	6	6	4.266059586261517	0.3939393939393939	false
first-pass-only	explicit	BenchmarkExecParallel/independent/isa_simd_i32x4.gt_s	ns/op	263.95000000000005	275.20000000000005	4.26217086569427	0.3939393939393939	6	6	4.26217086569427	0.3939393939393939	false
first-pass-only	explicit	BenchmarkCompileWorkers/tiny/p1	ns/op	11299	11780	4.257013895034967	0.6991341991341992	6	6	4.257013895034967	0.6991341991341992	false
first-pass-only	explicit	BenchmarkExecParallel/independent/json-as.deserializeN	ns/op	9202.5	9591.5	4.2271121977723425	0.9372294372294372	6	6	4.2271121977723425	0.9372294372294372	false
first-pass-only	explicit	BenchmarkExecParallel/independent/isa_i64.shr_u	ns/op	2483.5	2587.5	4.187638413529293	0.3939393939393939	6	6	4.187638413529293	0.3939393939393939	false
first-pass-only	explicit	BenchmarkExecParallel/independent/isa_simd_i16x8.shr_u	ns/op	184.5	192.2	4.173441734417338	0.24025974025974026	6	6	4.173441734417338	0.24025974025974026	false
repeat-significant-slowdown	explicit	BenchmarkExecParallel/independent/isa_simd_i64x2.shl	ns/op	157.05	163.60000000000002	4.170646290990132	0.04995347901526391	12	12	9.982638888888884	0.24025974025974026	true
first-pass-only	explicit	BenchmarkExecParallel/process/isa_simd_i64x2.extend_high_s	ns/op	340.3	354.45000000000005	4.158095797825467	0.8181818181818182	6	6	4.158095797825467	0.8181818181818182	false
first-pass-only	explicit	BenchmarkExecParallel/independent/isa_simd_f32x4.eq	ns/op	500.1	520.8	4.139172165566873	0.09307359307359307	6	6	4.139172165566873	0.09307359307359307	false
first-pass-only	explicit	BenchmarkDecode/memory_tree	ns/op	1875	1952.5	4.133333333333344	0.6991341991341992	6	6	4.133333333333344	0.6991341991341992	false
first-pass-only	explicit	BenchmarkExecParallel/process/utf-as-simd.convertN	ns/op	68540.5	71369	4.126757172766471	0.9372294372294372	6	6	4.126757172766471	0.9372294372294372	false
first-pass-only	explicit	BenchmarkExecParallel/process/isa_simd_i32x4.shr_s	ns/op	183.65	191.2	4.111080860332139	0.48484848484848486	6	6	4.111080860332139	0.48484848484848486	false
first-pass-only	explicit	BenchmarkExecParallel/independent/isa_i32.add	ns/op	1912.5	1990.5	4.078431372549018	0.3939393939393939	6	6	4.078431372549018	0.3939393939393939	false
first-pass-only	explicit	BenchmarkCompileCompact/dispatch	ns/op	45875.5	47742.5	4.069710411875627	0.3939393939393939	6	6	4.069710411875627	0.3939393939393939	false
first-pass-only	explicit	BenchmarkExecParallel/process/isa_simd_i8x16.shr_s	ns/op	767.4	798.5	4.052645295804025	0.5887445887445888	6	6	4.052645295804025	0.5887445887445888	false
first-pass-only	explicit	BenchmarkExecParallel/process/json-as.deserializeN	ns/op	52423.5	54535	4.027773803733048	1	6	6	4.027773803733048	1	false
first-pass-only	explicit	BenchmarkExecParallel/process/isa_simd_f64x2.lt	ns/op	496.55	516.15	3.947235927902515	0.09307359307359307	6	6	3.947235927902515	0.09307359307359307	false
first-pass-only	explicit	BenchmarkExecParallel/process/isa_simd_reduce.i8x16_bitmask	ns/op	240.89999999999998	250.4	3.9435450394354588	0.6991341991341992	6	6	3.9435450394354588	0.6991341991341992	false
first-pass-only	explicit	BenchmarkExecParallel/process/raytrace.render	ns/op	439512	456830.5	3.940392981306551	0.3939393939393939	6	6	3.940392981306551	0.3939393939393939	false
first-pass-only	explicit	BenchmarkExecParallel/independent/blake-as-simd.hashN	ns/op	627533.5	652243	3.937558712005007	0.8181818181818182	6	6	3.937558712005007	0.8181818181818182	false
first-pass-only	explicit	BenchmarkExecParallel/process/isa_f32.nearest	ns/op	5973	6208	3.93437133768626	0.3939393939393939	6	6	3.93437133768626	0.3939393939393939	false
first-pass-only	explicit	BenchmarkExecParallel/process/isa_simd_i32x4.lt_u	ns/op	791.25	822.2	3.9115323854660433	0.24025974025974026	6	6	3.9115323854660433	0.24025974025974026	false
first-pass-only	explicit	BenchmarkExecParallel/independent/isa_simd_reduce.i32x4_bitmask	ns/op	234	243.15	3.9102564102564186	0.30952380952380953	6	6	3.9102564102564186	0.30952380952380953	false
first-pass-only	explicit	BenchmarkExecParallel/independent/isa_f32.neg	ns/op	5945.5	6176.5	3.885291396854762	0.6991341991341992	6	6	3.885291396854762	0.6991341991341992	false
first-pass-only	explicit	BenchmarkExecParallel/independent/isa_simd_i16x8.add	ns/op	264.65	274.85	3.8541469865860822	0.24025974025974026	6	6	3.8541469865860822	0.24025974025974026	false
first-pass-only	explicit	BenchmarkExecParallel/process/isa_simd_f32x4.ceil	ns/op	389.3	404.3	3.853069612124327	0.48484848484848486	6	6	3.853069612124327	0.48484848484848486	false
first-pass-only	explicit	BenchmarkExecParallel/independent/isa_simd_i16x8.add_sat_s	ns/op	514.1	533.8499999999999	3.841665045710929	0.6991341991341992	6	6	3.841665045710929	0.6991341991341992	false
first-pass-only	explicit	BenchmarkExecParallel/process/isa_i32.and	ns/op	1985.5	2061.5	3.8277511961722466	0.3939393939393939	6	6	3.8277511961722466	0.3939393939393939	false
first-pass-only	explicit	BenchmarkExecParallel/independent/isa_simd_reduce.i32x4_all_true	ns/op	266.15	276.20000000000005	3.7760661281232677	0.30952380952380953	6	6	3.7760661281232677	0.30952380952380953	false
first-pass-only	explicit	BenchmarkExecParallel/process/isa_simd_i64x2.eq	ns/op	515.1	534.45	3.756552125800816	0.24025974025974026	6	6	3.756552125800816	0.24025974025974026	false
first-pass-only	explicit	BenchmarkCompile/fib_iter	ns/op	17391	18044	3.754815709274917	0.9372294372294372	6	6	3.754815709274917	0.9372294372294372	false
first-pass-only	explicit	BenchmarkExecParallel/process/isa_simd_i64x2.extend_high_u	ns/op	227.25	235.65	3.6963696369636923	0.33116883116883117	6	6	3.6963696369636923	0.33116883116883117	false
first-pass-only	explicit	BenchmarkExecParallel/independent/isa_simd_i64x2.extend_low_s	ns/op	326.05	338.05	3.6804171139395825	0.5887445887445888	6	6	3.6804171139395825	0.5887445887445888	false
first-pass-only	explicit	BenchmarkExecParallel/independent/isa_simd_reduce.i16x8_all_true	ns/op	264.25	273.95	3.6707663197729445	0.25757575757575757	6	6	3.6707663197729445	0.25757575757575757	false
first-pass-only	explicit	BenchmarkExecParallel/independent/isa_simd_f64x2.lt	ns/op	492.9	510.95000000000005	3.662000405761834	0.5887445887445888	6	6	3.662000405761834	0.5887445887445888	false
first-pass-only	explicit	BenchmarkExecParallel/process/isa_simd_i32x4.gt_s	ns/op	259.65	269.1	3.6395147313691645	0.17965367965367965	6	6	3.6395147313691645	0.17965367965367965	false
first-pass-only	explicit	BenchmarkExecParallel/independent/isa_ctl.if_else	ns/op	2131.5	2209	3.6359371334740764	0.9372294372294372	6	6	3.6359371334740764	0.9372294372294372	false
first-pass-only	explicit	BenchmarkExecParallel/independent/isa_simd_i16x8.gt_u	ns/op	819.25	848.55	3.576441867561786	0.17965367965367965	6	6	3.576441867561786	0.17965367965367965	false
first-pass-only	explicit	BenchmarkExecParallel/process/isa_f32.sub	ns/op	5858.5	6067	3.5589314670990913	0.9372294372294372	6	6	3.5589314670990913	0.9372294372294372	false
first-pass-only	explicit	BenchmarkExecCommuteSelfUpdate/xjb-mulhi.runN/off	ns/op	2275.5	2356	3.5376840254889075	0.8181818181818182	6	6	3.5376840254889075	0.8181818181818182	false
first-pass-only	explicit	BenchmarkExecParallel/process/swar-pack-parse.runN	ns/op	344.95000000000005	357.15	3.5367444557182104	0.9372294372294372	6	6	3.5367444557182104	0.9372294372294372	false
first-pass-only	explicit	BenchmarkExecParallel/independent/isa_f64.div	ns/op	25242.5	26133.5	3.5297613152421414	0.5887445887445888	6	6	3.5297613152421414	0.5887445887445888	false
first-pass-only	explicit	BenchmarkExecParallel/independent/isa_simd_f64x2.min	ns/op	1634.5	1692	3.517895380850411	0.5887445887445888	6	6	3.517895380850411	0.5887445887445888	false
first-pass-only	explicit	BenchmarkExecParallel/process/isa_simd_f64x2.convert_low_i32x4_u	ns/op	672.8499999999999	696.45	3.5074682321468487	0.3939393939393939	6	6	3.5074682321468487	0.3939393939393939	false
first-pass-only	explicit	BenchmarkPluginInstantiate/ruby	ns/op	3895494	4031820.5	3.4995946598813887	0.8181818181818182	6	6	3.4995946598813887	0.8181818181818182	false
first-pass-only	explicit	BenchmarkExecParallel/independent/isa_simd_f64x2.pmin	ns/op	520.3	538.5	3.497981933499905	0.24025974025974026	6	6	3.497981933499905	0.24025974025974026	false
first-pass-only	explicit	BenchmarkExecLocalGet_wago	ns/op	84.35	87.28999999999999	3.485477178423224	0.06493506493506493	6	6	3.485477178423224	0.06493506493506493	false
first-pass-only	explicit	BenchmarkInstantiate/blake-as	ns/op	1908.5	1974.5	3.458213256484144	0.06493506493506493	6	6	3.458213256484144	0.06493506493506493	false
first-pass-only	explicit	BenchmarkExecParallel/independent/isa_ctl.select	ns/op	3128	3233.5	3.3727621483375936	0.6991341991341992	6	6	3.3727621483375936	0.6991341991341992	false
first-pass-only	explicit	BenchmarkCompileFullWorkers/tiny/p8	ns/op	36600	37816	3.3224043715847085	0.17965367965367965	6	6	3.3224043715847085	0.17965367965367965	false
first-pass-only	explicit	BenchmarkInstantiate/mandelbrot	ns/op	1420	1467	3.309859154929584	0.13203463203463203	6	6	3.309859154929584	0.13203463203463203	false
first-pass-only	explicit	BenchmarkExecParallel/independent/isa_simd_reduce.i8x16_bitmask	ns/op	245.1	253.2	3.3047735618115137	0.3939393939393939	6	6	3.3047735618115137	0.3939393939393939	false
first-pass-only	explicit	BenchmarkExecParallel/independent/isa_bulk_mem.fill_4096	ns/op	1389	1434	3.239740820734349	0.24025974025974026	6	6	3.239740820734349	0.24025974025974026	false
first-pass-only	explicit	BenchmarkExecParallel/independent/isa_f32.trunc	ns/op	5978	6171	3.228504516560715	0.24025974025974026	6	6	3.228504516560715	0.24025974025974026	false
first-pass-only	explicit	BenchmarkCompileWorkers/tiny/p4	ns/op	23550.5	24309	3.220738413197166	0.8181818181818182	6	6	3.220738413197166	0.8181818181818182	false
first-pass-only	explicit	BenchmarkExecParallel/process/isa_f32.add	ns/op	5839	6026	3.20260318547696	0.5887445887445888	6	6	3.20260318547696	0.5887445887445888	false
first-pass-only	explicit	BenchmarkExecMemoryLoad_wago	ns/op	98.95	102.08	3.1632137443152963	0.6991341991341992	6	6	3.1632137443152963	0.6991341991341992	false
first-pass-only	explicit	BenchmarkExecParallel/independent/isa_simd_i64x2.extend_low_u	ns/op	223.85	230.9	3.149430422157695	0.3939393939393939	6	6	3.149430422157695	0.3939393939393939	false
first-pass-only	explicit	BenchmarkExecParallel/independent/isa_simd_v128.and	ns/op	266.9	275.3	3.1472461596103507	0.9372294372294372	6	6	3.1472461596103507	0.9372294372294372	false
first-pass-only	explicit	BenchmarkExecParallel/process/isa_simd_f32x4.nearest	ns/op	387.15	399.25	3.1254035903396593	0.30952380952380953	6	6	3.1254035903396593	0.30952380952380953	false
first-pass-only	explicit	BenchmarkExecParallel/process/isa_simd_f32x4.min	ns/op	1637.5	1688.5	3.114503816793901	0.3939393939393939	6	6	3.114503816793901	0.3939393939393939	false
first-pass-only	explicit	BenchmarkExecParallel/independent/sha256.hashN	ns/op	47655.5	49138	3.11086863006369	0.8181818181818182	6	6	3.11086863006369	0.8181818181818182	false
first-pass-only	explicit	BenchmarkExecParallel/process/isa_simd_i32x4.max_s	ns/op	257.6	265.6	3.105590062111796	0.5887445887445888	6	6	3.105590062111796	0.5887445887445888	false
first-pass-only	explicit	BenchmarkExecParallel/process/isa_f64.ceil	ns/op	6083	6271	3.0905803057701853	0.6991341991341992	6	6	3.0905803057701853	0.6991341991341992	false
first-pass-only	explicit	BenchmarkExecParallel/independent/many_funcs.run	ns/op	15.350000000000001	15.82	3.0618892508143203	0.8181818181818182	6	6	3.0618892508143203	0.8181818181818182	false
first-pass-only	explicit	BenchmarkExecParallel/process/isa_simd_i16x8.mul	ns/op	747.5999999999999	770.3	3.0363830925628665	0.48484848484848486	6	6	3.0363830925628665	0.48484848484848486	false
first-pass-only	explicit	BenchmarkExecParallel/independent/isa_simd_f64x2.ge	ns/op	493.85	508.75	3.017110458641281	0.4199134199134199	6	6	3.017110458641281	0.4199134199134199	false
first-pass-only	explicit	BenchmarkExecParallel/independent/isa_simd_f32x4.sqrt	ns/op	1978.5	2037	2.9567854435178065	0.5887445887445888	6	6	2.9567854435178065	0.5887445887445888	false
first-pass-only	explicit	BenchmarkExecParallel/process/isa_mem.load_i32	ns/op	1481.5	1525	2.9362132973337784	0.5887445887445888	6	6	2.9362132973337784	0.5887445887445888	false
first-pass-only	explicit	BenchmarkExecParallel/process/isa_simd_reduce.i16x8_bitmask	ns/op	243.75	250.89999999999998	2.933333333333321	0.9372294372294372	6	6	2.933333333333321	0.9372294372294372	false
first-pass-only	explicit	BenchmarkInstantiate/fib_rec	ns/op	1376.5	1416.5	2.9059208136578363	0.13203463203463203	6	6	2.9059208136578363	0.13203463203463203	false
first-pass-only	explicit	BenchmarkExecParallel/independent/isa_f32.max	ns/op	5443.5	5601.5	2.902544318912459	0.48484848484848486	6	6	2.902544318912459	0.48484848484848486	false
first-pass-only	explicit	BenchmarkExecParallel/process/isa_simd_f64x2.div	ns/op	3119.5	3210	2.9011059464657762	0.48484848484848486	6	6	2.9011059464657762	0.48484848484848486	false
first-pass-only	explicit	BenchmarkExecParallel/independent/isa_simd_f32x4.pmax	ns/op	499	513.4	2.8857715430861575	0.3939393939393939	6	6	2.8857715430861575	0.3939393939393939	false
first-pass-only	explicit	BenchmarkExecCommuteSelfUpdate/blake-as-simd.hashN/on	ns/op	581224.5	597942	2.8762552163578814	0.8181818181818182	6	6	2.8762552163578814	0.8181818181818182	false
first-pass-only	explicit	BenchmarkExecParallel/independent/isa_simd_v128.xor	ns/op	276.45	284.4	2.875746066196405	0.3939393939393939	6	6	2.875746066196405	0.3939393939393939	false
not-confirmed-on-repeat	explicit	BenchmarkExecParallel/independent/isa_simd_i16x8.shr_s	ns/op	154.5	158.89999999999998	2.847896440129438	0.40951039806875045	12	12	7.655636567582702	0.24025974025974026	true
first-pass-only	explicit	BenchmarkExecParallel/independent/isa_simd_i16x8.max_u	ns/op	266.35	273.9	2.8346161066266085	0.30952380952380953	6	6	2.8346161066266085	0.30952380952380953	false
first-pass-only	explicit	BenchmarkExecParallel/process/isa_simd_i32x4.eq	ns/op	260.95	268.3	2.816631538608938	0.17965367965367965	6	6	2.816631538608938	0.17965367965367965	false
first-pass-only	explicit	BenchmarkExecParallel/independent/isa_simd_i16x8.max_s	ns/op	264.65	272.1	2.8150387303986557	0.45670995670995673	6	6	2.8150387303986557	0.45670995670995673	false
first-pass-only	explicit	BenchmarkExecParallel/independent/isa_simd_i16x8.neg	ns/op	234.9	241.5	2.809706257982114	1	6	6	2.809706257982114	1	false
first-pass-only	explicit	BenchmarkExecParallel/independent/isa_simd_i16x8.extend_high_u	ns/op	235.39999999999998	242	2.8037383177570208	0.3939393939393939	6	6	2.8037383177570208	0.3939393939393939	false
not-confirmed-on-repeat	explicit	BenchmarkExecParallel/independent/isa_i32.rotl	ns/op	2178	2239	2.800734618916434	0.5800353234058981	12	12	5.269632971088778	0.9372294372294372	true
first-pass-only	explicit	BenchmarkExecParallel/process/isa_simd_f32x4.gt	ns/op	511.8	526.05	2.784290738569739	0.48484848484848486	6	6	2.784290738569739	0.48484848484848486	false
first-pass-only	explicit	BenchmarkExecParallel/independent/isa_i32.div_u	ns/op	22663	23291.5	2.773242730441683	0.5887445887445888	6	6	2.773242730441683	0.5887445887445888	false
first-pass-only	explicit	BenchmarkExecParallel/process/isa_f64.add	ns/op	5766.5	5926	2.765975895257089	0.24025974025974026	6	6	2.765975895257089	0.24025974025974026	false
first-pass-only	explicit	BenchmarkExecParallel/independent/isa_simd_f64x2.add	ns/op	741.7	762.05	2.7436969124982946	0.30952380952380953	6	6	2.7436969124982946	0.30952380952380953	false
first-pass-only	explicit	BenchmarkExecParallel/independent/isa_simd_f32x4.div	ns/op	2631	2702	2.698593690611939	0.5887445887445888	6	6	2.698593690611939	0.5887445887445888	false
first-pass-only	explicit	BenchmarkExecParallel/independent/isa_simd_f64x2.convert_low_i32x4_u	ns/op	662.6	680.4000000000001	2.6863869604588198	0.6991341991341992	6	6	2.6863869604588198	0.6991341991341992	false
first-pass-only	explicit	BenchmarkExecParallel/process/isa_ctl.br_table	ns/op	3733	3832.5	2.665416555049549	0.14502164502164502	6	6	2.665416555049549	0.14502164502164502	false
first-pass-only	explicit	BenchmarkExecParallel/process/isa_i64.rotr	ns/op	2351.5	2412.5	2.5940888794386607	0.30952380952380953	6	6	2.5940888794386607	0.30952380952380953	false
first-pass-only	explicit	BenchmarkInstantiate/isa_i32	ns/op	1459	1496.5	2.5702535983550323	0.13203463203463203	6	6	2.5702535983550323	0.13203463203463203	false
first-pass-only	explicit	BenchmarkExecParallel/independent/float.run	ns/op	652.3	668.6500000000001	2.506515407021337	0.5887445887445888	6	6	2.506515407021337	0.5887445887445888	false
first-pass-only	explicit	BenchmarkExecParallel/process/isa_simd_i64x2.extend_low_s	ns/op	331.95	340.25	2.5003765627353625	0.24025974025974026	6	6	2.5003765627353625	0.24025974025974026	false
first-pass-only	explicit	BenchmarkExecParallel/independent/xjb-mulhi.runN	ns/op	379.7	389	2.4493020805899324	0.9372294372294372	6	6	2.4493020805899324	0.9372294372294372	false
first-pass-only	explicit	BenchmarkExecParallel/independent/isa_f64.abs	ns/op	6019	6166	2.4422661571689597	0.30952380952380953	6	6	2.4422661571689597	0.30952380952380953	false
first-pass-only	explicit	BenchmarkExecParallel/independent/isa_simd_i64x2.extmul_low_s	ns/op	997.65	1021.5	2.390617952187646	0.6991341991341992	6	6	2.390617952187646	0.6991341991341992	false
first-pass-only	explicit	BenchmarkInstantiate/coremark	ns/op	2113	2163.5	2.3899668717463296	0.13203463203463203	6	6	2.3899668717463296	0.13203463203463203	false
first-pass-only	explicit	BenchmarkExecParallel/independent/isa_simd_i32x4.mul	ns/op	737.7	755.25	2.3790158601057376	0.5887445887445888	6	6	2.3790158601057376	0.5887445887445888	false
first-pass-only	explicit	BenchmarkExecParallel/process/isa_i64.rotl	ns/op	2381.5	2438	2.3724543355028382	0.8506493506493507	6	6	2.3724543355028382	0.8506493506493507	false
first-pass-only	explicit	BenchmarkExecParallel/process/isa_f64.min	ns/op	5604	5736.5	2.3643825838686627	0.30952380952380953	6	6	2.3643825838686627	0.30952380952380953	false
not-confirmed-on-repeat	explicit	BenchmarkExecParallel/independent/isa_simd_i64x2.shr_u	ns/op	153.64999999999998	157.25	2.342987308818767	0.9774021912936975	12	12	8.771420273017716	0.45670995670995673	true
first-pass-only	explicit	BenchmarkExecParallel/process/isa_simd_i8x16.sub_sat_u	ns/op	525.7	538	2.339737492866645	0.9372294372294372	6	6	2.339737492866645	0.9372294372294372	false
first-pass-only	explicit	BenchmarkExecParallel/process/isa_simd_f32x4.trunc	ns/op	388.7	397.7	2.315410342166202	0.5584415584415584	6	6	2.315410342166202	0.5584415584415584	false
first-pass-only	explicit	BenchmarkExecParallel/process/isa_simd_i32x4.ge_s	ns/op	525.9	538	2.3008176459403007	0.48484848484848486	6	6	2.3008176459403007	0.48484848484848486	false
first-pass-only	explicit	BenchmarkExecParallel/process/isa_simd_i8x16.shl	ns/op	363.15	371.5	2.299325347652492	0.30952380952380953	6	6	2.299325347652492	0.30952380952380953	false
first-pass-only	explicit	BenchmarkExecParallel/process/isa_ctl.br_if	ns/op	2139	2188	2.2907900888265553	0.4199134199134199	6	6	2.2907900888265553	0.4199134199134199	false
first-pass-only	explicit	BenchmarkExecParallel/process/isa_simd_i16x8.add_sat_u	ns/op	502.2	513.7	2.2899243329350893	0.5887445887445888	6	6	2.2899243329350893	0.5887445887445888	false
first-pass-only	explicit	BenchmarkExecParallel/independent/isa_simd_i32x4.lt_s	ns/op	302.1	308.95	2.2674611055941707	0.30952380952380953	6	6	2.2674611055941707	0.30952380952380953	false
first-pass-only	explicit	BenchmarkExecParallel/independent/isa_simd_reduce.i16x8_bitmask	ns/op	245.9	251.45	2.2570150467669636	0.3939393939393939	6	6	2.2570150467669636	0.3939393939393939	false
first-pass-only	explicit	BenchmarkExecParallel/process/float.run	ns/op	655.8	670.55	2.2491613296736768	0.6991341991341992	6	6	2.2491613296736768	0.6991341991341992	false
first-pass-only	explicit	BenchmarkCompileFullWorkers/tiny/p2	ns/op	36314.5	37120.5	2.2194990981563745	0.24025974025974026	6	6	2.2194990981563745	0.24025974025974026	false
first-pass-only	explicit	BenchmarkExecParallel/independent/isa_simd_f64x2.max	ns/op	1676.5	1713.5	2.2069788249329036	0.9372294372294372	6	6	2.2069788249329036	0.9372294372294372	false
first-pass-only	explicit	BenchmarkCompileFullWorkers/tiny/p4	ns/op	36932	37746	2.2040506877504695	0.48484848484848486	6	6	2.2040506877504695	0.48484848484848486	false
first-pass-only	explicit	BenchmarkExecParallel/process/isa_f32.max	ns/op	5615	5737.5	2.1816562778272486	0.8181818181818182	6	6	2.1816562778272486	0.8181818181818182	false
first-pass-only	explicit	BenchmarkInstantiate/globals	ns/op	1523	1556	2.166776099803025	0.33116883116883117	6	6	2.166776099803025	0.33116883116883117	false
first-pass-only	explicit	BenchmarkCompileCompact/spectralnorm	ns/op	110373	112758	2.160854556820957	0.9372294372294372	6	6	2.160854556820957	0.9372294372294372	false
first-pass-only	explicit	BenchmarkExecParallel/independent/isa_cvt.reinterpret_f32	ns/op	8204.5	8381.5	2.1573526723139835	0.9372294372294372	6	6	2.1573526723139835	0.9372294372294372	false
first-pass-only	explicit	BenchmarkExecCallOverhead_wago	ns/op	22.41	22.89	2.1419009370816644	0.30952380952380953	6	6	2.1419009370816644	0.30952380952380953	false
first-pass-only	explicit	BenchmarkExecParallel/process/isa_simd_reduce.i32x4_bitmask	ns/op	237.35	242.39999999999998	2.127659574468077	0.9372294372294372	6	6	2.127659574468077	0.9372294372294372	false
first-pass-only	explicit	BenchmarkExecParallel/independent/isa_i32.shr_s	ns/op	2462.5	2514.5	2.111675126903556	0.48484848484848486	6	6	2.111675126903556	0.48484848484848486	false
first-pass-only	explicit	BenchmarkExecParallel/independent/isa_mem.store_i32	ns/op	1542.5	1575	2.1069692058346856	0.6991341991341992	6	6	2.1069692058346856	0.6991341991341992	false
first-pass-only	explicit	BenchmarkExecParallel/process/isa_simd_i8x16.ge_s	ns/op	541.4	552.75	2.0964166974510645	0.9372294372294372	6	6	2.0964166974510645	0.9372294372294372	false
first-pass-only	explicit	BenchmarkInstantiate/dispatch	ns/op	1891.5	1931	2.088289717155689	0.06493506493506493	6	6	2.088289717155689	0.06493506493506493	false
first-pass-only	explicit	BenchmarkExecParallel/process/isa_simd_i16x8.extmul_high_u	ns/op	1033.5	1055	2.0803096274794486	0.24025974025974026	6	6	2.0803096274794486	0.24025974025974026	false
first-pass-only	explicit	BenchmarkExecParallel/independent/isa_simd_i16x8.ge_u	ns/op	534.05	545.15	2.078457073307738	0.6991341991341992	6	6	2.078457073307738	0.6991341991341992	false
first-pass-only	explicit	BenchmarkExecParallel/process/isa_f64.div	ns/op	24603.5	25112	2.0667791167923166	0.3939393939393939	6	6	2.0667791167923166	0.3939393939393939	false
first-pass-only	explicit	BenchmarkExecParallel/independent/isa_f32.nearest	ns/op	6154	6280.5	2.0555736106597333	0.6991341991341992	6	6	2.0555736106597333	0.6991341991341992	false
first-pass-only	explicit	BenchmarkExecParallel/independent/isa_cvt.f32_convert_s	ns/op	13263	13535	2.050818065294435	0.5627705627705628	6	6	2.050818065294435	0.5627705627705628	false
first-pass-only	explicit	BenchmarkExecParallel/independent/isa_simd_i32x4.trunc_sat_f64x2_u_zero	ns/op	1546.5	1578	2.036857419980609	0.8181818181818182	6	6	2.036857419980609	0.8181818181818182	false
not-confirmed-on-repeat	explicit	BenchmarkExecParallel/independent/isa_ctl.br_table	ns/op	3071	3133.5	2.0351676978183075	0.6706595329559389	12	12	6.134013316333764	0.17965367965367965	true
first-pass-only	explicit	BenchmarkExecParallel/process/isa_simd_i16x8.sub	ns/op	259.5	264.75	2.0231213872832443	0.48484848484848486	6	6	2.0231213872832443	0.48484848484848486	false
first-pass-only	explicit	BenchmarkExecParallel/independent/isa_simd_i64x2.extmul_low_u	ns/op	1000.9	1021	2.0081926266360295	0.5887445887445888	6	6	2.0081926266360295	0.5887445887445888	false
first-pass-only	explicit	BenchmarkCompileWorkers/fib_rec/p8	ns/op	16145.5	16469.5	2.006751107119631	0.5887445887445888	6	6	2.006751107119631	0.5887445887445888	false
first-pass-only	explicit	BenchmarkExecParallel/independent/isa_simd_i32x4.trunc_sat_f32x4_s	ns/op	1300	1326	2.0000000000000018	0.33116883116883117	6	6	2.0000000000000018	0.33116883116883117	false
first-pass-only	explicit	BenchmarkExecParallel/independent/isa_bulk_mem.copy_back_4096	ns/op	2093	2134.5	1.9827998088867593	0.8181818181818182	6	6	1.9827998088867593	0.8181818181818182	false
first-pass-only	explicit	BenchmarkValidateWorkers/many_funcs/p4	ns/op	40846.5	41649	1.9646726157688033	0.9372294372294372	6	6	1.9646726157688033	0.9372294372294372	false
first-pass-only	explicit	BenchmarkValidateWorkers/lua/p8	ns/op	1371095.5	1397994	1.9618254162456328	0.9372294372294372	6	6	1.9618254162456328	0.9372294372294372	false
first-pass-only	explicit	BenchmarkExecParallel/independent/isa_cvt.promote_demote	ns/op	19154	19529	1.9578155998746904	0.6991341991341992	6	6	1.9578155998746904	0.6991341991341992	false
first-pass-only	explicit	BenchmarkExecParallel/process/isa_simd_i8x16.ge_u	ns/op	521	531.2	1.9577735124760132	0.8181818181818182	6	6	1.9577735124760132	0.8181818181818182	false
first-pass-only	explicit	BenchmarkInstantiate/json-as-simd	ns/op	12408.5	12651	1.954305516379895	0.13203463203463203	6	6	1.954305516379895	0.13203463203463203	false
first-pass-only	explicit	BenchmarkExecParallel/independent/isa_simd_f32x4.trunc	ns/op	390.6	398.20000000000005	1.9457245263696965	0.4155844155844156	6	6	1.9457245263696965	0.4155844155844156	false
first-pass-only	explicit	BenchmarkExecParallel/independent/isa_simd_i16x8.ge_s	ns/op	539.6	550.05	1.936619718309851	0.3939393939393939	6	6	1.936619718309851	0.3939393939393939	false
first-pass-only	explicit	BenchmarkExecParallel/independent/isa_simd_f64x2.mul	ns/op	735	749.1500000000001	1.9251700680272155	0.5887445887445888	6	6	1.9251700680272155	0.5887445887445888	false
first-pass-only	explicit	BenchmarkExecParallel/independent/isa_simd_f32x4.max	ns/op	1632.5	1663.5	1.8989280245022888	0.5887445887445888	6	6	1.8989280245022888	0.5887445887445888	false
first-pass-only	explicit	BenchmarkExecParallel/independent/json-as-simd.serializeN	ns/op	6416	6537.5	1.8937032418952615	0.9372294372294372	6	6	1.8937032418952615	0.9372294372294372	false
first-pass-only	explicit	BenchmarkExecParallel/process/isa_simd_i64x2.ne	ns/op	792.75	807.7	1.885840428886798	0.48484848484848486	6	6	1.885840428886798	0.48484848484848486	false
first-pass-only	explicit	BenchmarkExecParallel/process/isa_simd_i32x4.sub	ns/op	261.15	266.05	1.8763162933180366	0.5887445887445888	6	6	1.8763162933180366	0.5887445887445888	false
first-pass-only	explicit	BenchmarkExecParallel/independent/isa_simd_i32x4.trunc_sat_f64x2_s_zero	ns/op	1044.5	1064	1.8669219722355246	0.48484848484848486	6	6	1.8669219722355246	0.48484848484848486	false
first-pass-only	explicit	BenchmarkExecParallel/process/isa_simd_i8x16.max_s	ns/op	269.05	274.05	1.8583906337112044	0.9372294372294372	6	6	1.8583906337112044	0.9372294372294372	false
first-pass-only	explicit	BenchmarkKernels/hashN	ns/op	348821	355191	1.8261515218407132	0.9372294372294372	6	6	1.8261515218407132	0.9372294372294372	false
first-pass-only	explicit	BenchmarkExecParallel/independent/isa_i32.rotr	ns/op	2441	2485.5	1.8230233510856175	0.6991341991341992	6	6	1.8230233510856175	0.6991341991341992	false
first-pass-only	explicit	BenchmarkExecParallel/process/isa_simd_f64x2.add	ns/op	751.45	765	1.8031805176658366	0.30952380952380953	6	6	1.8031805176658366	0.30952380952380953	false
first-pass-only	explicit	BenchmarkExecParallel/independent/isa_simd_i64x2.shr_s	ns/op	1613.5	1642.5	1.7973349860551657	0.48484848484848486	6	6	1.7973349860551657	0.48484848484848486	false
first-pass-only	explicit	BenchmarkExecParallel/process/isa_i32.popcnt	ns/op	2102.5	2140	1.7835909631391145	0.48484848484848486	6	6	1.7835909631391145	0.48484848484848486	false
first-pass-only	explicit	BenchmarkExecParallel/process/isa_simd_f64x2.convert_low_i32x4_s	ns/op	376.29999999999995	383	1.7804942864735773	0.6991341991341992	6	6	1.7804942864735773	0.6991341991341992	false
first-pass-only	explicit	BenchmarkExecParallel/independent/isa_simd_i64x2.add	ns/op	265.85	270.55	1.7679142373518753	0.3939393939393939	6	6	1.7679142373518753	0.3939393939393939	false
first-pass-only	explicit	BenchmarkExecParallel/independent/isa_simd_i32x4.lt_u	ns/op	817.8499999999999	832.1	1.7423732958366633	1	6	6	1.7423732958366633	1	false
first-pass-only	explicit	BenchmarkInstantiate/linked_list	ns/op	2898.5	2948.5	1.725030188028298	0.06493506493506493	6	6	1.725030188028298	0.06493506493506493	false
first-pass-only	explicit	BenchmarkExecParallel/process/isa_i32.rem_u	ns/op	22988	23384.5	1.7248129458848016	0.5887445887445888	6	6	1.7248129458848016	0.5887445887445888	false
first-pass-only	explicit	BenchmarkExecParallel/process/isa_simd_f64x2.pmax	ns/op	508.7	517.45	1.7200707686259253	0.6991341991341992	6	6	1.7200707686259253	0.6991341991341992	false
first-pass-only	explicit	BenchmarkInstantiate/isa_simd_f32x4	ns/op	1456.5	1481.5	1.716443529007905	0.30952380952380953	6	6	1.716443529007905	0.30952380952380953	false
first-pass-only	explicit	BenchmarkExecParallel/process/isa_simd_f64x2.trunc	ns/op	381.4	387.9	1.7042475091767262	0.3939393939393939	6	6	1.7042475091767262	0.3939393939393939	false
first-pass-only	explicit	BenchmarkExecParallel/independent/isa_simd_i16x8.q15mulr_sat_s	ns/op	1527.5	1553.5	1.7021276595744705	0.6212121212121212	6	6	1.7021276595744705	0.6212121212121212	false
first-pass-only	explicit	BenchmarkExecParallel/independent/isa_i64.rem_u	ns/op	23492.5	23890.5	1.6941577099074179	0.5887445887445888	6	6	1.6941577099074179	0.5887445887445888	false
first-pass-only	explicit	BenchmarkExec/utf-as-simd.convertN	ns/op	55048.5	55977.5	1.6876027503019975	0.6991341991341992	6	6	1.6876027503019975	0.6991341991341992	false
first-pass-only	explicit	BenchmarkExecParallel/independent/isa_f64.nearest	ns/op	6104	6205.5	1.662844036697253	0.9372294372294372	6	6	1.662844036697253	0.9372294372294372	false
first-pass-only	explicit	BenchmarkInstantiate/blake-as-simd	ns/op	1938	1970	1.6511867905056654	0.45670995670995673	6	6	1.6511867905056654	0.45670995670995673	false
first-pass-only	explicit	BenchmarkExecParallel/process/isa_simd_i16x8.lt_u	ns/op	811.35	824.65	1.6392432365810006	0.48484848484848486	6	6	1.6392432365810006	0.48484848484848486	false
first-pass-only	explicit	BenchmarkCompile/tiny	ns/op	13865.5	14092.5	1.6371569723414137	1	6	6	1.6371569723414137	1	false
first-pass-only	explicit	BenchmarkExecParallel/process/isa_bulk_mem.copy_fwd_64	ns/op	62.394999999999996	63.41	1.6267329112909623	0.9372294372294372	6	6	1.6267329112909623	0.9372294372294372	false
first-pass-only	explicit	BenchmarkExecParallel/independent/isa_i32.shl	ns/op	2560	2601.5	1.6210937499999911	0.8181818181818182	6	6	1.6210937499999911	0.8181818181818182	false
first-pass-only	explicit	BenchmarkKernels/sortN	ns/op	66339	67406	1.608405312109018	0.3939393939393939	6	6	1.608405312109018	0.3939393939393939	false
first-pass-only	explicit	BenchmarkExecParallel/process/isa_i64.rem_s	ns/op	25171.5	25569	1.5791669149633591	0.5887445887445888	6	6	1.5791669149633591	0.5887445887445888	false
first-pass-only	explicit	BenchmarkExecParallel/process/isa_simd_i64x2.gt_s	ns/op	515.6	523.7	1.5709852598913887	0.5887445887445888	6	6	1.5709852598913887	0.5887445887445888	false
first-pass-only	explicit	BenchmarkExecParallel/independent/isa_f64.sub	ns/op	5866.5	5958.5	1.5682263700673271	0.5887445887445888	6	6	1.5682263700673271	0.5887445887445888	false
first-pass-only	explicit	BenchmarkExecParallel/process/isa_i32.clz	ns/op	2089.5	2122	1.5553960277578271	0.30952380952380953	6	6	1.5553960277578271	0.30952380952380953	false
first-pass-only	explicit	BenchmarkExecParallel/independent/isa_simd_f64x2.div	ns/op	3288	3338.5	1.5358880778588713	0.6991341991341992	6	6	1.5358880778588713	0.6991341991341992	false
first-pass-only	explicit	BenchmarkExecParallel/independent/isa_simd_i32x4.ge_s	ns/op	528.95	537	1.52188297570659	0.8181818181818182	6	6	1.52188297570659	0.8181818181818182	false
first-pass-only	explicit	BenchmarkExecParallel/process/isa_f64.sub	ns/op	5927	6016.5	1.5100388054665181	0.48484848484848486	6	6	1.5100388054665181	0.48484848484848486	false
first-pass-only	explicit	BenchmarkExecParallel/independent/isa_f32.add	ns/op	5900	5989	1.5084745762711904	0.2878787878787879	6	6	1.5084745762711904	0.2878787878787879	false
first-pass-only	explicit	BenchmarkExecParallel/independent/isa_simd_i16x8.narrow_i32x4_s	ns/op	511.05	518.75	1.5067018882692462	0.9372294372294372	6	6	1.5067018882692462	0.9372294372294372	false
first-pass-only	explicit	BenchmarkExecParallel/independent/isa_f32.abs	ns/op	6151.5	6244	1.5036982849711444	0.6991341991341992	6	6	1.5036982849711444	0.6991341991341992	false
first-pass-only	explicit	BenchmarkExecParallel/process/isa_i32.shr_u	ns/op	2387	2422.5	1.4872224549643986	0.6991341991341992	6	6	1.4872224549643986	0.6991341991341992	false
not-confirmed-on-repeat	explicit	BenchmarkExecParallel/independent/isa_bulk_mem.copy_back_64	ns/op	46.11	46.795	1.4855779657341195	0.2721551567291236	12	12	6.599032017870443	0.5887445887445888	true
first-pass-only	explicit	BenchmarkExecParallel/process/isa_simd_i16x8.gt_u	ns/op	816.45	828.4	1.4636536223896046	0.8181818181818182	6	6	1.4636536223896046	0.8181818181818182	false
first-pass-only	explicit	BenchmarkExecParallel/independent/isa_simd_f64x2.neg	ns/op	293.5	297.75	1.4480408858603022	0.8181818181818182	6	6	1.4480408858603022	0.8181818181818182	false
first-pass-only	explicit	BenchmarkExecParallel/process/isa_i64.xor	ns/op	2035	2064	1.4250614250614246	0.5887445887445888	6	6	1.4250614250614246	0.5887445887445888	false
first-pass-only	explicit	BenchmarkExecParallel/process/isa_simd_i16x8.add_sat_s	ns/op	512.8	520.1	1.423556942277715	0.6991341991341992	6	6	1.423556942277715	0.6991341991341992	false
first-pass-only	explicit	BenchmarkExecParallel/independent/isa_i32.sub	ns/op	2043.5	2072.5	1.4191338390017183	0.5887445887445888	6	6	1.4191338390017183	0.5887445887445888	false
first-pass-only	explicit	BenchmarkExecParallel/process/isa_simd_i32x4.le_u	ns/op	519.85	527.2	1.4138693853996465	0.5887445887445888	6	6	1.4138693853996465	0.5887445887445888	false
first-pass-only	explicit	BenchmarkExecParallel/independent/isa_simd_i64x2.abs	ns/op	567.7	575.6	1.3915800598907735	0.9372294372294372	6	6	1.3915800598907735	0.9372294372294372	false
first-pass-only	explicit	BenchmarkExecParallel/independent/isa_ctl.loop_baseline	ns/op	985.95	999.45	1.3692377909630293	0.8181818181818182	6	6	1.3692377909630293	0.8181818181818182	false
first-pass-only	explicit	BenchmarkExecParallel/independent/isa_simd_i32x4.max_u	ns/op	259.5	263.04999999999995	1.3680154142581724	0.6212121212121212	6	6	1.3680154142581724	0.6212121212121212	false
not-confirmed-on-repeat	explicit	BenchmarkExecParallel/independent/isa_simd_i16x8.shl	ns/op	153.7	155.8	1.3662979830839417	0.6706595329559389	12	12	13.739376770538247	0.13203463203463203	true
not-confirmed-on-repeat	explicit	BenchmarkExecParallel/process/isa_simd_i64x2.extend_low_u	ns/op	184.4	186.9	1.3557483731019504	0.2844355133357691	12	12	6.537793223284116	0.8181818181818182	true
not-confirmed-on-repeat	explicit	BenchmarkExecParallel/independent/isa_simd_reduce.i64x2_bitmask	ns/op	196	198.6	1.3265306122449028	0.213391535103744	12	12	5.830536912751683	0.5151515151515151	true
first-pass-only	explicit	BenchmarkExecParallel/independent/isa_i64.and	ns/op	1963.5	1989.5	1.3241660300483904	0.5887445887445888	6	6	1.3241660300483904	0.5887445887445888	false
first-pass-only	explicit	BenchmarkInstantiate/fannkuch	ns/op	3803.5	3853	1.3014328907585027	0.17965367965367965	6	6	1.3014328907585027	0.17965367965367965	false
first-pass-only	explicit	BenchmarkInstantiate/zstd	ns/op	6804.5	6893	1.3006098905136376	0.6991341991341992	6	6	1.3006098905136376	0.6991341991341992	false
first-pass-only	explicit	BenchmarkExecHostRoundtrip_wago	ns/op	493.7	500.04999999999995	1.2862061980960071	0.5887445887445888	6	6	1.2862061980960071	0.5887445887445888	false
first-pass-only	explicit	BenchmarkExecParallel/independent/swar-pack-parse.pack	ns/op	15.67	15.870000000000001	1.276324186343336	0.9372294372294372	6	6	1.276324186343336	0.9372294372294372	false
first-pass-only	explicit	BenchmarkExecParallel/process/isa_mem.load_f64	ns/op	1653.5	1674	1.2397943755669827	0.8181818181818182	6	6	1.2397943755669827	0.8181818181818182	false
first-pass-only	explicit	BenchmarkExecParallel/independent/isa_i32.and	ns/op	2024	2049	1.2351778656126466	0.6991341991341992	6	6	1.2351778656126466	0.6991341991341992	false
not-confirmed-on-repeat	explicit	BenchmarkExecParallel/independent/isa_simd_i32x4.shr_s	ns/op	162.39999999999998	164.4	1.2315270935960854	0.5898757320213774	12	12	6.536636794939388	0.24025974025974026	true
first-pass-only	explicit	BenchmarkExecParallel/process/isa_simd_f64x2.floor	ns/op	379.04999999999995	383.7	1.2267510882469468	0.5887445887445888	6	6	1.2267510882469468	0.5887445887445888	false
first-pass-only	explicit	BenchmarkCompileCompact/memory	ns/op	40564.5	41058	1.2165810006286248	1	6	6	1.2165810006286248	1	false
first-pass-only	explicit	BenchmarkExecParallel/independent/isa_simd_f32x4.floor	ns/op	392.35	397.04999999999995	1.197910029310556	0.6991341991341992	6	6	1.197910029310556	0.6991341991341992	false
first-pass-only	explicit	BenchmarkInstantiate/isa_simd_i8x16	ns/op	1463.5	1481	1.1957635804578093	0.6991341991341992	6	6	1.1957635804578093	0.6991341991341992	false
first-pass-only	explicit	BenchmarkInstantiate/fib_iter	ns/op	1396.5	1413	1.1815252416756072	0.9372294372294372	6	6	1.1815252416756072	0.9372294372294372	false
first-pass-only	explicit	BenchmarkExecParallel/process/isa_simd_i16x8.sub_sat_u	ns/op	504.79999999999995	510.7	1.1687797147385215	0.8181818181818182	6	6	1.1687797147385215	0.8181818181818182	false
not-confirmed-on-repeat	explicit	BenchmarkExecParallel/independent/isa_simd_i32x4.extend_high_s	ns/op	304.79999999999995	308.35	1.1646981627296826	0.05365444892972151	12	12	7.732181425485973	0.13203463203463203	true
first-pass-only	explicit	BenchmarkExecParallel/process/isa_simd_f32x4.convert_i32x4_s	ns/op	378.85	383.20000000000005	1.1482116932822972	0.8181818181818182	6	6	1.1482116932822972	0.8181818181818182	false
first-pass-only	explicit	BenchmarkExecParallel/process/isa_simd_i8x16.min_s	ns/op	268.35	271.4	1.1365753679895452	0.9372294372294372	6	6	1.1365753679895452	0.9372294372294372	false
first-pass-only	explicit	BenchmarkExecParallel/independent/isa_simd_i32x4.eq	ns/op	265.45	268.45	1.1301563382934532	0.8181818181818182	6	6	1.1301563382934532	0.8181818181818182	false
not-confirmed-on-repeat	explicit	BenchmarkExecParallel/independent/isa_simd_i16x8.extend_low_u	ns/op	181.9	183.95	1.1269928532160467	0.23556037447543707	12	12	12.879581151832454	0.09307359307359307	true
first-pass-only	explicit	BenchmarkExecParallel/independent/isa_f64.floor	ns/op	6023.5	6091	1.1206109404831022	0.6991341991341992	6	6	1.1206109404831022	0.6991341991341992	false
first-pass-only	explicit	BenchmarkInstantiate/many_funcs	ns/op	1442.5	1458.5	1.109185441941074	0.329004329004329	6	6	1.109185441941074	0.329004329004329	false
first-pass-only	explicit	BenchmarkDecode/raytrace	ns/op	19686.5	19903	1.0997383994107546	0.6991341991341992	6	6	1.0997383994107546	0.6991341991341992	false
first-pass-only	explicit	BenchmarkExecParallel/independent/isa_simd_i8x16.le_u	ns/op	543.35	549.3	1.0950584337903635	0.9372294372294372	6	6	1.0950584337903635	0.9372294372294372	false
not-confirmed-on-repeat	explicit	BenchmarkExecParallel/process/isa_simd_f64x2.abs	ns/op	256.35	259.15	1.0922566803198475	0.8552953305948325	12	12	6.869037294015601	0.48484848484848486	true
first-pass-only	explicit	BenchmarkDecode/utf-as-simd	ns/op	61956	62628	1.0846407127639068	0.9372294372294372	6	6	1.0846407127639068	0.9372294372294372	false
first-pass-only	explicit	BenchmarkExecParallel/process/isa_i32.ctz	ns/op	2075	2097.5	1.0843373493975905	0.5887445887445888	6	6	1.0843373493975905	0.5887445887445888	false
first-pass-only	explicit	BenchmarkExecParallel/process/isa_i32.rem_s	ns/op	24769.5	25038	1.0839944286319847	0.30952380952380953	6	6	1.0839944286319847	0.30952380952380953	false
first-pass-only	explicit	BenchmarkExecParallel/process/isa_simd_i64x2.shr_s	ns/op	1615	1632.5	1.0835913312693402	0.4155844155844156	6	6	1.0835913312693402	0.4155844155844156	false
first-pass-only	explicit	BenchmarkExecParallel/independent/isa_simd_i8x16.ge_u	ns/op	537.7	543.5	1.0786684024548965	0.974025974025974	6	6	1.0786684024548965	0.974025974025974	false
not-confirmed-on-repeat	explicit	BenchmarkExecParallel/independent/isa_simd_reduce.v128_any_true	ns/op	273.54999999999995	276.5	1.0784134527508815	0.8873859348351204	12	12	9.461374911410347	0.04112554112554113	true
first-pass-only	explicit	BenchmarkInstantiate/arith	ns/op	1391.5	1406.5	1.0779734099892302	0.12121212121212122	6	6	1.0779734099892302	0.12121212121212122	false
first-pass-only	explicit	BenchmarkExec/isa_simd_i64x2.extend_low_s	ns/op	1907.5	1927.5	1.0484927916120546	0.9047619047619048	6	6	1.0484927916120546	0.9047619047619048	false
first-pass-only	explicit	BenchmarkExecParallel/independent/isa_simd_i32x4.dot	ns/op	755.5	763.05	0.99933818663136	0.6991341991341992	6	6	0.99933818663136	0.6991341991341992	false
first-pass-only	explicit	BenchmarkExecParallel/process/isa_simd_i64x2.lt_s	ns/op	506.1	511.15000000000003	0.9978265164987121	0.9372294372294372	6	6	0.9978265164987121	0.9372294372294372	false
first-pass-only	explicit	BenchmarkExecParallel/process/isa_f64.max	ns/op	5752	5808.5	0.9822670375521536	0.5887445887445888	6	6	0.9822670375521536	0.5887445887445888	false
first-pass-only	explicit	BenchmarkExecParallel/independent/isa_f64.min	ns/op	5765.5	5822	0.9799670453559894	0.9372294372294372	6	6	0.9799670453559894	0.9372294372294372	false
first-pass-only	explicit	BenchmarkExecParallel/independent/isa_mem.load_i32	ns/op	1496.5	1511	0.9689274974941542	1	6	6	0.9689274974941542	1	false
first-pass-only	explicit	BenchmarkExecParallel/independent/isa_bulk_mem.copy_back_256	ns/op	235.64999999999998	237.9	0.9548058561426043	1	6	6	0.9548058561426043	1	false
first-pass-only	explicit	BenchmarkExecParallel/process/isa_simd_i32x4.mul	ns/op	745.45	752.55	0.95244483198067	1	6	6	0.95244483198067	1	false
first-pass-only	explicit	BenchmarkExec/isa_f32.min	ns/op	32886.5	33193.5	0.9335137518434511	0.9372294372294372	6	6	0.9335137518434511	0.9372294372294372	false
first-pass-only	explicit	BenchmarkExecParallel/process/isa_f32.neg	ns/op	5996	6051.5	0.9256170780520323	0.5887445887445888	6	6	0.9256170780520323	0.5887445887445888	false
first-pass-only	explicit	BenchmarkInstantiate/memory_tree	ns/op	1432	1445	0.9078212290502874	0.17965367965367965	6	6	0.9078212290502874	0.17965367965367965	false
first-pass-only	explicit	BenchmarkExecParallel/process/isa_f32.mul	ns/op	5998.5	6052.5	0.900225056264059	0.8181818181818182	6	6	0.900225056264059	0.8181818181818182	false
first-pass-only	explicit	BenchmarkCompileCompact/globals	ns/op	40158.5	40516	0.8902224933700298	0.9372294372294372	6	6	0.8902224933700298	0.9372294372294372	false
first-pass-only	explicit	BenchmarkExecParallel/process/isa_var.global_getset	ns/op	9790.5	9877.5	0.8886165160104209	0.8181818181818182	6	6	0.8886165160104209	0.8181818181818182	false
not-confirmed-on-repeat	explicit	BenchmarkExecParallel/independent/isa_simd_i16x8.ne	ns/op	475.04999999999995	479.25	0.8841174613198666	0.6402648367919602	12	12	6.698869850528588	0.09307359307359307	true
first-pass-only	explicit	BenchmarkInstantiate/isa_ctl	ns/op	1489	1502	0.8730691739422536	0.3939393939393939	6	6	0.8730691739422536	0.3939393939393939	false
first-pass-only	explicit	BenchmarkExecParallel/process/isa_simd_i16x8.extend_low_u	ns/op	247.5	249.65	0.8686868686868632	0.8181818181818182	6	6	0.8686868686868632	0.8181818181818182	false
first-pass-only	explicit	BenchmarkExecCommuteSelfUpdate/xjb-mulhi.runN/on	ns/op	2197	2216	0.8648156577150568	0.7813852813852814	6	6	0.8648156577150568	0.7813852813852814	false
first-pass-only	explicit	BenchmarkExecParallel/process/isa_simd_reduce.i8x16_all_true	ns/op	267.2	269.5	0.8607784431137855	0.8181818181818182	6	6	0.8607784431137855	0.8181818181818182	false
first-pass-only	explicit	BenchmarkKernels/run#01	ns/op	12159746	12261488	0.8367115563104655	0.8181818181818182	6	6	0.8367115563104655	0.8181818181818182	false
not-confirmed-on-repeat	explicit	BenchmarkExecParallel/independent/tiny.add	ns/op	9.1525	9.2285	0.8303742146954507	0.8873859348351204	12	12	16.67298219022357	0.3939393939393939	true
first-pass-only	explicit	BenchmarkCompileFull/tiny	ns/op	17578.5	17721	0.8106493728133879	1	6	6	0.8106493728133879	1	false
first-pass-only	explicit	BenchmarkExecParallel/process/isa_cvt.promote_demote	ns/op	19165.5	19320.5	0.8087448801231467	0.8181818181818182	6	6	0.8087448801231467	0.8181818181818182	false
first-pass-only	explicit	BenchmarkExecParallel/process/isa_i32.shr_s	ns/op	2365.5	2384.5	0.8032128514056325	0.5887445887445888	6	6	0.8032128514056325	0.5887445887445888	false
first-pass-only	explicit	BenchmarkInstantiate/json-as	ns/op	12534	12633.5	0.7938407531514313	0.8181818181818182	6	6	0.7938407531514313	0.8181818181818182	false
first-pass-only	explicit	BenchmarkExec/isa_simd_i64x2.neg	ns/op	1261	1271	0.7930214115781098	0.7251082251082251	6	6	0.7930214115781098	0.7251082251082251	false
first-pass-only	explicit	BenchmarkExecParallel/independent/isa_simd_i16x8.add_sat_u	ns/op	524.1	528.25	0.7918336195382514	1	6	6	0.7918336195382514	1	false
first-pass-only	explicit	BenchmarkExecParallel/independent/isa_simd_f64x2.convert_low_i32x4_s	ns/op	373.35	376.25	0.7767510379000919	1	6	6	0.7767510379000919	1	false
first-pass-only	explicit	BenchmarkExecParallel/independent/isa_i64.rotr	ns/op	2383.5	2401.5	0.7551919446192601	0.6991341991341992	6	6	0.7551919446192601	0.6991341991341992	false
first-pass-only	explicit	BenchmarkExecParallel/process/isa_simd_i8x16.add_sat_u	ns/op	517.75	521.65	0.7532592950265427	0.6991341991341992	6	6	0.7532592950265427	0.6991341991341992	false
first-pass-only	explicit	BenchmarkExecParallel/process/isa_ctl.loop_baseline	ns/op	1011	1018.5	0.7418397626112849	0.3939393939393939	6	6	0.7418397626112849	0.3939393939393939	false
first-pass-only	explicit	BenchmarkExecParallel/independent/isa_i64.shr_s	ns/op	2376.5	2394	0.7363770250368162	0.9805194805194806	6	6	0.7363770250368162	0.9805194805194806	false
first-pass-only	explicit	BenchmarkExec/utf-as-simd.validateN	ns/op	155502.5	156632.5	0.7266764199932441	0.9372294372294372	6	6	0.7266764199932441	0.9372294372294372	false
not-confirmed-on-repeat	explicit	BenchmarkExecParallel/independent/isa_simd_i16x8.lt_u	ns/op	676.8	681.7	0.7239952718676168	0.4342915127677545	12	12	16.53111405333838	0.06493506493506493	true
not-confirmed-on-repeat	explicit	BenchmarkExecParallel/independent/isa_simd_i16x8.extmul_high_s	ns/op	1121.5	1129.5	0.7133303611234876	0.3691362480566949	12	12	7.592024539877307	0.24025974025974026	true
first-pass-only	explicit	BenchmarkExecParallel/independent/isa_simd_f32x4.ceil	ns/op	394.95000000000005	397.70000000000005	0.6962906697050242	1	6	6	0.6962906697050242	1	false
first-pass-only	explicit	BenchmarkExec/isa_bulk_mem.copy_fwd_64	ns/op	682.7	687.25	0.6664713637029474	0.9372294372294372	6	6	0.6664713637029474	0.9372294372294372	false
first-pass-only	explicit	BenchmarkExec/isa_simd_reduce.i32x4_all_true	ns/op	1435	1444.5	0.662020905923355	0.6190476190476191	6	6	0.662020905923355	0.6190476190476191	false
not-confirmed-on-repeat	explicit	BenchmarkExecParallel/independent/isa_simd_i32x4.neg	ns/op	205.05	206.4	0.6583760058522348	0.8101588813663118	12	12	5.360281195079097	0.30952380952380953	true
not-confirmed-on-repeat	explicit	BenchmarkExecParallel/process/isa_simd_i64x2.neg	ns/op	183.14999999999998	184.35000000000002	0.6552006552006828	0.7987453386564977	12	12	7.189259419662197	0.3939393939393939	true
first-pass-only	explicit	BenchmarkExecParallel/independent/isa_simd_f64x2.sub	ns/op	749.0999999999999	754	0.654118275263671	1	6	6	0.654118275263671	1	false
first-pass-only	explicit	BenchmarkDecode/quicksort	ns/op	7582.5	7631	0.6396307286514968	0.9372294372294372	6	6	0.6396307286514968	0.9372294372294372	false
not-confirmed-on-repeat	explicit	BenchmarkExecParallel/independent/isa_simd_v128.not	ns/op	206.3	207.60000000000002	0.6301502666020475	0.5795294354319795	12	12	5.3635030379216575	0.9372294372294372	true
first-pass-only	explicit	BenchmarkExecParallel/independent/isa_simd_i16x8.sub_sat_s	ns/op	517	520.2	0.6189555125725388	0.6991341991341992	6	6	0.6189555125725388	0.6991341991341992	false
first-pass-only	explicit	BenchmarkExecParallel/process/isa_simd_i8x16.le_u	ns/op	529.7	532.9	0.6041155370964502	0.9372294372294372	6	6	0.6041155370964502	0.9372294372294372	false
first-pass-only	explicit	BenchmarkExecParallel/process/fib_rec.fib	ns/op	220819	222146.5	0.6011710948786053	0.8181818181818182	6	6	0.6011710948786053	0.8181818181818182	false
first-pass-only	explicit	BenchmarkExecParallel/process/isa_simd_i32x4.extmul_high_s	ns/op	1285	1292.5	0.5836575875486361	0.9372294372294372	6	6	0.5836575875486361	0.9372294372294372	false
first-pass-only	explicit	BenchmarkExecParallel/process/isa_simd_f64x2.ceil	ns/op	380.4	382.6	0.5783385909569061	0.8181818181818182	6	6	0.5783385909569061	0.8181818181818182	false
first-pass-only	explicit	BenchmarkExecParallel/independent/isa_simd_i16x8.extend_low_s	ns/op	352.6	354.6	0.5672149744753163	0.9372294372294372	6	6	0.5672149744753163	0.9372294372294372	false
first-pass-only	explicit	BenchmarkExecParallel/process/isa_simd_i8x16.abs	ns/op	273.65	275.20000000000005	0.5664169559656651	0.9372294372294372	6	6	0.5664169559656651	0.9372294372294372	false
not-confirmed-on-repeat	explicit	BenchmarkExecParallel/independent/isa_simd_f32x4.mul	ns/op	646.9	650.5	0.5565002318751011	0.050010428392444815	12	12	5.075225677031092	0.9372294372294372	true
first-pass-only	explicit	BenchmarkExecParallel/independent/isa_i32.popcnt	ns/op	2157.5	2169.5	0.5561993047508595	0.48484848484848486	6	6	0.5561993047508595	0.48484848484848486	false
first-pass-only	explicit	BenchmarkExec/isa_simd_f64x2.sub	ns/op	5349	5378.5	0.5515049541970463	0.8181818181818182	6	6	0.5515049541970463	0.8181818181818182	false
first-pass-only	explicit	BenchmarkExecParallel/independent/isa_f32.sqrt	ns/op	17923.5	18021.5	0.5467682093341253	0.9372294372294372	6	6	0.5467682093341253	0.9372294372294372	false
first-pass-only	explicit	BenchmarkExecParallel/independent/isa_cvt.i64_extend_u	ns/op	1209.5	1216	0.5374121537825571	1	6	6	0.5374121537825571	1	false
not-confirmed-on-repeat	explicit	BenchmarkExecParallel/process/isa_simd_i16x8.shr_u	ns/op	159.55	160.4	0.5327483547477252	0.24724683043433884	12	12	9.69101123595506	0.06493506493506493	true
first-pass-only	explicit	BenchmarkExecParallel/independent/isa_simd_i64x2.sub	ns/op	264.35	265.75	0.529600907887251	0.6991341991341992	6	6	0.529600907887251	0.6991341991341992	false
first-pass-only	explicit	BenchmarkExecParallel/independent/isa_simd_i8x16.gt_s	ns/op	264.8	266.20000000000005	0.5287009063444259	1	6	6	0.5287009063444259	1	false
not-confirmed-on-repeat	explicit	BenchmarkExecParallel/process/isa_simd_i16x8.shr_s	ns/op	154.4	155.2	0.5181347150258864	1	12	12	8.725761772853179	0.30952380952380953	true
not-confirmed-on-repeat	explicit	BenchmarkPluginInstantiate/sqlite3	ns/op	210382.5	211462.5	0.5133506826850986	0.08613852159416838	12	12	11.034539226790763	0.04112554112554113	true
first-pass-only	explicit	BenchmarkInstantiate/isa_i64	ns/op	1479.5	1487	0.5069280162216971	0.6991341991341992	6	6	0.5069280162216971	0.6991341991341992	false
first-pass-only	explicit	BenchmarkExecParallel/process/linked_list.sum	ns/op	1497.5	1505	0.5008347245408995	0.6991341991341992	6	6	0.5008347245408995	0.6991341991341992	false
first-pass-only	explicit	BenchmarkExecParallel/independent/isa_simd_i64x2.le_s	ns/op	787.7	791.5999999999999	0.4951123524184142	0.8593073593073594	6	6	0.4951123524184142	0.8593073593073594	false
first-pass-only	explicit	BenchmarkExecParallel/process/isa_simd_i16x8.extend_low_s	ns/op	355.7	357.45000000000005	0.49198763002531454	0.8181818181818182	6	6	0.49198763002531454	0.8181818181818182	false
first-pass-only	explicit	BenchmarkInstantiate_wago	ns/op	937.4000000000001	941.95	0.485385107744829	1	6	6	0.485385107744829	1	false
not-confirmed-on-repeat	explicit	BenchmarkExecParallel/independent/isa_simd_i16x8.sub	ns/op	229.55	230.64999999999998	0.4791984317142006	0.16416804355961712	12	12	5.6158385684370815	0.24025974025974026	true
first-pass-only	explicit	BenchmarkExecParallel/process/isa_simd_i32x4.gt_u	ns/op	805.2	809.05	0.4781420765027189	0.9372294372294372	6	6	0.4781420765027189	0.9372294372294372	false
first-pass-only	explicit	BenchmarkInstantiate/tiny	ns/op	1365.5	1372	0.4760161113145367	1	6	6	0.4760161113145367	1	false
first-pass-only	explicit	BenchmarkExecParallel/process/isa_simd_i8x16.max_u	ns/op	275.75	277.05	0.4714415231187763	0.8181818181818182	6	6	0.4714415231187763	0.8181818181818182	false
first-pass-only	explicit	BenchmarkExecParallel/process/isa_simd_i32x4.le_s	ns/op	531.55	533.95	0.4515097356786901	0.8181818181818182	6	6	0.4515097356786901	0.8181818181818182	false
first-pass-only	explicit	BenchmarkExecParallel/independent/isa_bulk_mem.fill_64	ns/op	56.235	56.485	0.4445629945763363	0.8181818181818182	6	6	0.4445629945763363	0.8181818181818182	false
first-pass-only	explicit	BenchmarkInstantiate/isa_f32	ns/op	1479.5	1486	0.4393376140588101	0.21861471861471862	6	6	0.4393376140588101	0.21861471861471862	false
not-confirmed-on-repeat	explicit	BenchmarkInstantiate/float	ns/op	1272.5	1278	0.43222003929273	0.7222623251025458	12	12	2.9264810849393363	0.0021645021645021645	true
first-pass-only	explicit	BenchmarkInstantiate/isa_simd_i32x4	ns/op	1467.5	1473.5	0.40885860306643096	0.8181818181818182	6	6	0.40885860306643096	0.8181818181818182	false
first-pass-only	explicit	BenchmarkExecParallel/process/isa_simd_i16x8.neg	ns/op	246.6	247.55	0.38523925385240965	0.9372294372294372	6	6	0.38523925385240965	0.9372294372294372	false
first-pass-only	explicit	BenchmarkExecParallel/independent/isa_mem.store_i64	ns/op	1558	1564	0.38510911424902705	0.6991341991341992	6	6	0.38510911424902705	0.6991341991341992	false
first-pass-only	explicit	BenchmarkInstantiate/swar-pack-parse	ns/op	927	930.5	0.3775620280474623	1	6	6	0.3775620280474623	1	false
first-pass-only	explicit	BenchmarkExec/isa_simd_i64x2.shl	ns/op	963.75	967.3499999999999	0.3735408560311182	0.8181818181818182	6	6	0.3735408560311182	0.8181818181818182	false
not-confirmed-on-repeat	explicit	BenchmarkExecParallel/process/isa_simd_i16x8.eq	ns/op	231.35000000000002	232.2	0.3674086881348515	0.2846544356168801	12	12	5.576631259484066	0.5887445887445888	true
first-pass-only	explicit	BenchmarkExecParallel/process/isa_simd_i64x2.add	ns/op	265.1	266.05	0.3583553376084403	0.8181818181818182	6	6	0.3583553376084403	0.8181818181818182	false
first-pass-only	explicit	BenchmarkInstantiate/isa_call	ns/op	1820.5	1827	0.357044767920911	0.48484848484848486	6	6	0.357044767920911	0.48484848484848486	false
first-pass-only	explicit	BenchmarkInstantiate/isa_f64	ns/op	1483	1488	0.3371544167228624	0.9372294372294372	6	6	0.3371544167228624	0.9372294372294372	false
first-pass-only	explicit	BenchmarkExecParallel/process/isa_simd_i16x8.sub_sat_s	ns/op	509.75	511.45	0.33349681216281457	0.8181818181818182	6	6	0.33349681216281457	0.8181818181818182	false
not-confirmed-on-repeat	explicit	BenchmarkExecParallel/process/isa_simd_v128.andnot	ns/op	229.35	230.1	0.3270111183780289	0.7439733506498886	12	12	5.882352941176494	0.6991341991341992	true
not-confirmed-on-repeat	explicit	BenchmarkExecParallel/independent/isa_simd_v128.or	ns/op	231.85000000000002	232.6	0.3234850118611021	0.3394352988511018	12	12	7.241766467065869	0.14502164502164502	true
first-pass-only	explicit	BenchmarkExecParallel/independent/isa_simd_i64x2.extend_high_s	ns/op	331.05	332.1	0.3171726325328583	1	6	6	0.3171726325328583	1	false
first-pass-only	explicit	BenchmarkInstantiate/lz4	ns/op	5964	5982.5	0.3101945003353368	0.9372294372294372	6	6	0.3101945003353368	0.9372294372294372	false
first-pass-only	explicit	BenchmarkExec/isa_simd_f64x2.gt	ns/op	3586	3597	0.30674846625766694	0.9372294372294372	6	6	0.30674846625766694	0.9372294372294372	false
first-pass-only	explicit	BenchmarkExecParallel/process/isa_simd_v128.bitselect	ns/op	567.6	569.3	0.2995066948555225	1	6	6	0.2995066948555225	1	false
first-pass-only	explicit	BenchmarkExecParallel/process/isa_f32.min	ns/op	5934.5	5952	0.2948858370545038	0.9372294372294372	6	6	0.2948858370545038	0.9372294372294372	false
not-confirmed-on-repeat	explicit	BenchmarkExecCommuteSelfUpdate/json-as.deserializeN/on	ns/op	39730.5	39846.5	0.29196712852845863	0.4428331797425888	12	12	5.114960917858946	0.24025974025974026	true
first-pass-only	explicit	BenchmarkPluginExec/ruby	ns/op	29810083	29893528.5	0.27992374258065666	0.9372294372294372	6	6	0.27992374258065666	0.9372294372294372	false
first-pass-only	explicit	BenchmarkExecParallel/independent/isa_cvt.f64_convert_s	ns/op	13498.5	13536	0.27780864540505323	0.9372294372294372	6	6	0.27780864540505323	0.9372294372294372	false
first-pass-only	explicit	BenchmarkExecParallel/independent/isa_simd_i32x4.shl	ns/op	181.25	181.75	0.2758620689655267	0.6991341991341992	6	6	0.2758620689655267	0.6991341991341992	false
not-confirmed-on-repeat	explicit	BenchmarkExecParallel/process/isa_ctl.select	ns/op	2904	2912	0.2754820936639035	0.6196861423675262	12	12	6.480891719745219	0.24025974025974026	true
not-confirmed-on-repeat	explicit	BenchmarkExecParallel/independent/isa_simd_i16x8.gt_s	ns/op	224.35	224.95	0.26743926899932546	0.965951668468831	12	12	13.340744858254583	0.13203463203463203	true
not-confirmed-on-repeat	explicit	BenchmarkInstantiate/branches	ns/op	1321	1324.5	0.26495079485238104	0.7238805749372448	12	12	2.0687237026647987	0.0021645021645021645	true
first-pass-only	explicit	BenchmarkInstantiate/utf-as-simd	ns/op	13574.5	13608	0.2467862536373433	0.9372294372294372	6	6	0.2467862536373433	0.9372294372294372	false
not-confirmed-on-repeat	explicit	BenchmarkExecParallel/independent/isa_simd_i16x8.extmul_low_u	ns/op	894.45	896.6	0.2403711778187656	0.4181792766393655	12	12	7.0537428023032644	0.13203463203463203	true
not-confirmed-on-repeat	explicit	BenchmarkExecParallel/independent/fannkuch.run	ns/op	1088784.5	1091354	0.23599711421313785	0.4428331797425888	12	12	7.622067415553757	0.8181818181818182	true
first-pass-only	explicit	BenchmarkExecParallel/process/isa_f64.floor	ns/op	6212.5	6227	0.23340040241448534	0.8181818181818182	6	6	0.23340040241448534	0.8181818181818182	false
not-confirmed-on-repeat	explicit	BenchmarkExecParallel/process/isa_simd_f32x4.floor	ns/op	328.9	329.65	0.22803283672849783	0.5798445060122271	12	12	5.269336115821033	0.30952380952380953	true
first-pass-only	explicit	BenchmarkExecParallel/independent/isa_simd_i32x4.extmul_high_s	ns/op	1317.5	1320.5	0.2277039848197271	0.5887445887445888	6	6	0.2277039848197271	0.5887445887445888	false
first-pass-only	explicit	BenchmarkExecParallel/independent/isa_cvt.f64_convert_u	ns/op	13385	13414.5	0.22039596563316888	0.6991341991341992	6	6	0.22039596563316888	0.6991341991341992	false
first-pass-only	explicit	BenchmarkPluginExec/wasm3	ns/op	26508222	26566332.5	0.21921689051795923	1	6	6	0.21921689051795923	1	false
not-confirmed-on-repeat	explicit	BenchmarkExecParallel/process/isa_simd_f64x2.ge	ns/op	449.05	450	0.21155773299186276	0.7658544847264729	12	12	7.6508839666734385	0.09307359307359307	true
first-pass-only	explicit	BenchmarkExecParallel/independent/isa_simd_i16x8.extend_high_s	ns/op	358.85	359.6	0.20900097533789186	0.8181818181818182	6	6	0.20900097533789186	0.8181818181818182	false
first-pass-only	explicit	BenchmarkExec/isa_simd_f32x4.ceil	ns/op	2694	2699.5	0.20415738678545292	0.9372294372294372	6	6	0.20415738678545292	0.9372294372294372	false
first-pass-only	explicit	BenchmarkExecParallel/process/isa_simd_i8x16.swizzle	ns/op	1022	1024	0.1956947162426559	0.5887445887445888	6	6	0.1956947162426559	0.5887445887445888	false
first-pass-only	explicit	BenchmarkExecParallel/process/isa_simd_f32x4.add	ns/op	758.9	760.35	0.19106601660299205	0.8181818181818182	6	6	0.19106601660299205	0.8181818181818182	false
not-confirmed-on-repeat	explicit	BenchmarkExecParallel/independent/isa_call.call_direct	ns/op	2393.5	2398	0.18800919156047868	0.5137225810936943	12	12	6.318480642804958	0.3939393939393939	true
first-pass-only	explicit	BenchmarkExecParallel/independent/isa_simd_i32x4.extend_low_u	ns/op	240.1	240.55	0.18742190753853194	0.854978354978355	6	6	0.18742190753853194	0.854978354978355	false
not-confirmed-on-repeat	explicit	BenchmarkExecParallel/independent/isa_simd_f64x2.pmax	ns/op	440.85	441.65	0.1814676193716558	0.6597400445832267	12	12	7.162478380303172	0.09956709956709957	true
not-confirmed-on-repeat	explicit	BenchmarkExecParallel/independent/isa_var.global_getset	ns/op	7978.5	7990.5	0.1504042113179116	0.8995716223472314	12	12	11.281719734928064	0.3939393939393939	true
not-confirmed-on-repeat	explicit	BenchmarkExecParallel/independent/isa_simd_i32x4.extend_low_s	ns/op	304.4	304.85	0.14783180026283205	0.7676960944560891	12	12	10.01018478102722	0.09307359307359307	true
first-pass-only	explicit	BenchmarkExecParallel/independent/isa_simd_i64x2.extmul_high_u	ns/op	1022.5	1024	0.14669926650365817	0.7294372294372294	6	6	0.14669926650365817	0.7294372294372294	false
first-pass-only	explicit	BenchmarkExecParallel/process/isa_ctl.if_else	ns/op	2145	2148	0.13986013986013734	0.6991341991341992	6	6	0.13986013986013734	0.6991341991341992	false
first-pass-only	explicit	BenchmarkInstantiate/isa_var	ns/op	1577	1579	0.12682308180089752	0.7012987012987013	6	6	0.12682308180089752	0.7012987012987013	false
first-pass-only	explicit	BenchmarkExecParallel/process/isa_i64.popcnt	ns/op	2127.5	2130	0.1175088131609936	0.8181818181818182	6	6	0.1175088131609936	0.8181818181818182	false
not-confirmed-on-repeat	explicit	BenchmarkValidateWorkers/tiny/p1	ns/op	682.7	683.5	0.1171817782334772	0.629725504001988	12	12	16.046966731898248	0.48484848484848486	true
not-confirmed-on-repeat	explicit	BenchmarkExecCommuteSelfUpdate/json-as.serializeN/on	ns/op	22577.5	22601.5	0.10630052042963634	1	12	12	8.294537396572398	0.09307359307359307	true
not-confirmed-on-repeat	explicit	BenchmarkExecParallel/process/isa_simd_f64x2.max	ns/op	1446	1447.5	0.10373443983402453	0.7877555880651856	12	12	7.210800859159261	0.3939393939393939	true
first-pass-only	explicit	BenchmarkKernels/run	ns/op	682658	683290	0.09257930032315898	0.9372294372294372	6	6	0.09257930032315898	0.9372294372294372	false
first-pass-only	explicit	BenchmarkInstantiate/zlib	ns/op	6563	6569	0.09142160597288562	0.48484848484848486	6	6	0.09142160597288562	0.48484848484848486	false
first-pass-only	explicit	BenchmarkExecParallel/independent/isa_simd_f64x2.le	ns/op	498.5	498.9	0.08024072216650247	0.8181818181818182	6	6	0.08024072216650247	0.8181818181818182	false
first-pass-only	explicit	BenchmarkCompileWorkers/tiny/p2	ns/op	23229	23247	0.07748934521503159	0.9372294372294372	6	6	0.07748934521503159	0.9372294372294372	false
first-pass-only	explicit	BenchmarkExecParallel/process/isa_simd_i16x8.narrow_i32x4_u	ns/op	520.8	521.2	0.07680491551460555	0.5887445887445888	6	6	0.07680491551460555	0.5887445887445888	false
first-pass-only	explicit	BenchmarkExecParallel/process/isa_simd_i64x2.extmul_low_s	ns/op	1015.75	1016.5	0.07383706620722741	0.8181818181818182	6	6	0.07383706620722741	0.8181818181818182	false
first-pass-only	explicit	BenchmarkInstantiate/crc32	ns/op	5809	5813	0.06885866758479242	1	6	6	0.06885866758479242	1	false
not-confirmed-on-repeat	explicit	BenchmarkExecParallel/process/isa_var.local_getset	ns/op	15096	15106	0.0662427133015342	0.6185368003916933	12	12	7.383733744765264	0.6233766233766234	true
not-confirmed-on-repeat	explicit	BenchmarkExecParallel/process/isa_simd_i32x4.extmul_high_u	ns/op	908.35	908.95	0.06605383387461305	0.8990324522697655	12	12	5.732226048207423	0.30952380952380953	true
first-pass-only	explicit	BenchmarkExecParallel/process/isa_simd_i16x8.le_s	ns/op	548.85	549.0999999999999	0.045549785915977026	0.9372294372294372	6	6	0.045549785915977026	0.9372294372294372	false
first-pass-only	explicit	BenchmarkExecParallel/process/isa_simd_i64x2.sub	ns/op	264.75	264.85	0.03777148253070184	0.974025974025974	6	6	0.03777148253070184	0.974025974025974	false
first-pass-only	explicit	BenchmarkExecParallel/independent/isa_simd_f32x4.lt	ns/op	517.9000000000001	518	0.0193087468623121	0.8181818181818182	6	6	0.0193087468623121	0.8181818181818182	false
not-confirmed-on-repeat	explicit	BenchmarkPluginExec/sqlite3	ns/op	1681998	1682178	0.010701558503645181	0.9323005033733262	12	12	7.128962527903271	0.3939393939393939	true
not-confirmed-on-repeat	explicit	BenchmarkExecParallel/independent/isa_simd_i16x8.extmul_low_s	ns/op	1127.5	1127.5	0	0.7224597989169264	12	12	6.072252113758658	0.30952380952380953	true
not-confirmed-on-repeat	explicit	BenchmarkExecParallel/process/isa_simd_i16x8.extmul_high_s	ns/op	1131	1131	0	0.6806937173742935	12	12	11.226114649681529	0.13203463203463203	true
not-confirmed-on-repeat	explicit	BenchmarkExecParallel/process/isa_simd_i32x4.ne	ns/op	474.2	474.2	0	0.9434699773237935	12	12	4.1599849070842465	0.008658008658008658	true
not-confirmed-on-repeat	explicit	BenchmarkExecCommuteSelfUpdate/quicksort.sortN/off	ns/op	55752	55735	-0.030492179652752416	0.7125350756391273	12	12	10.987062950250825	0.3939393939393939	true
not-confirmed-on-repeat	explicit	BenchmarkExecParallel/independent/isa_simd_i16x8.extmul_high_u	ns/op	892.75	892.1500000000001	-0.06720806496778309	0.2913426592252814	12	12	11.488003192497631	0.025974025974025976	true
not-confirmed-on-repeat	explicit	BenchmarkExecParallel/process/isa_simd_i16x8.add	ns/op	231.95	231.75	-0.08622547962922056	0.8550778875183237	12	12	7.089192833750735	0.030303030303030304	true
not-confirmed-on-repeat	explicit	BenchmarkExecParallel/process/isa_simd_f64x2.eq	ns/op	445.3	444.9	-0.08982708286549013	0.4337397694511707	12	12	5.071960297766731	0.24025974025974026	true
not-confirmed-on-repeat	explicit	BenchmarkExecParallel/process/isa_simd_i16x8.extend_high_u	ns/op	211.65	211.35	-0.14174344436570507	0.5898757320213774	12	12	8.097165991902845	0.3939393939393939	true
not-confirmed-on-repeat	explicit	BenchmarkExecParallel/process/isa_f32.sqrt	ns/op	16484.5	16453.5	-0.1880554460250483	0.5613115515524992	12	12	5.057916173199684	0.9372294372294372	true
not-confirmed-on-repeat	explicit	BenchmarkExecParallel/process/isa_simd_i32x4.shr_u	ns/op	158	157.55	-0.2848101265822689	0.5995090519925625	12	12	6.327293643945953	0.48484848484848486	true
not-confirmed-on-repeat	explicit	BenchmarkExecParallel/independent/isa_simd_i8x16.shr_s	ns/op	557.4000000000001	555.75	-0.2960172228202551	0.9323005033733262	12	12	6.426478423015447	1	true
not-confirmed-on-repeat	explicit	BenchmarkExecParallel/process/isa_simd_i16x8.extmul_low_s	ns/op	1137.5	1134	-0.3076923076923088	0.29737559519495177	12	12	6.00315955766193	0.17965367965367965	true
not-confirmed-on-repeat	explicit	BenchmarkExecParallel/process/isa_simd_i16x8.avgr_u	ns/op	450.8	449.35	-0.32165039929015204	0.5411462948143524	12	12	6.058829277826638	0.3939393939393939	true
not-confirmed-on-repeat	explicit	BenchmarkExecParallel/independent/isa_simd_i16x8.eq	ns/op	231.5	230.7	-0.3455723542116651	0.4339217116172292	12	12	10.855018587360599	0.06493506493506493	true
not-confirmed-on-repeat	explicit	BenchmarkExecParallel/independent/isa_simd_i16x8.lt_s	ns/op	268.35	267.35	-0.37264766163592755	0.4686423416400533	12	12	15.873015873015884	0.06493506493506493	true
not-confirmed-on-repeat	explicit	BenchmarkExecParallel/independent/isa_simd_i32x4.sub	ns/op	231.1	230.2	-0.38944180008654294	0.9204794397956331	12	12	9.513362584762653	0.04112554112554113	true
not-confirmed-on-repeat	explicit	BenchmarkExecParallel/independent/isa_i32.or	ns/op	1789	1782	-0.3912800447177234	0.13110708110035071	12	12	5.436408977556106	0.24025974025974026	true
not-confirmed-on-repeat	explicit	BenchmarkExecParallel/independent/isa_i32.ctz	ns/op	1887	1879.5	-0.3974562798092163	0.3544277770957001	12	12	5.283567619970908	0.06493506493506493	true
not-confirmed-on-repeat	explicit	BenchmarkExecParallel/process/isa_simd_i16x8.extmul_low_u	ns/op	904.7	900.5	-0.4642422902619736	0.2913426592252814	12	12	13.614788908318754	0.06493506493506493	true
not-confirmed-on-repeat	explicit	BenchmarkExecParallel/independent/isa_simd_f32x4.min	ns/op	1383.5	1377	-0.4698229129020626	0.27175799029345943	12	12	9.496359223300965	0.04112554112554113	true
not-confirmed-on-repeat	explicit	BenchmarkExecParallel/independent/isa_simd_i32x4.shr_u	ns/op	156.25	155.5	-0.48000000000000265	0.9323005033733262	12	12	5.916505391208182	0.9372294372294372	true
not-confirmed-on-repeat	explicit	BenchmarkInstantiate/utf-as	ns/op	3787.5	3768	-0.5148514851485153	0.5796063540712888	12	12	1.6050410177149033	0.015151515151515152	true
not-confirmed-on-repeat	explicit	BenchmarkExecParallel/independent/isa_call.call_indirect	ns/op	6135.5	6103.5	-0.5215548855024066	0.8873859348351204	12	12	8.32734588302917	0.6991341991341992	true
not-confirmed-on-repeat	explicit	BenchmarkExecParallel/process/xjb-mulhi.runN	ns/op	336.3	334.4	-0.5649717514124353	0.5605549383985243	12	12	9.401709401709413	0.48484848484848486	true
not-confirmed-on-repeat	explicit	BenchmarkExecParallel/independent/isa_simd_f64x2.promote_low_f32x4	ns/op	338	335.85	-0.636094674556209	0.16422721174370117	12	12	5.688463583200409	0.13203463203463203	true
not-confirmed-on-repeat	explicit	BenchmarkInstantiate/memory	ns/op	1335.5	1327	-0.6364657431673582	0.6594560372996232	12	12	2.483150053210359	0.004329004329004329	true
not-confirmed-on-repeat	explicit	BenchmarkValidate/branches	ns/op	881.3	875.45	-0.6637921252694801	0.2356994197080346	12	12	9.240321402483564	0.8181818181818182	true
not-confirmed-on-repeat	explicit	BenchmarkExecParallel/independent/fib_rec.fib	ns/op	192684	191401.5	-0.6655975586971397	0.5137225810936943	12	12	5.231294558416999	0.5887445887445888	true
not-confirmed-on-repeat	explicit	BenchmarkExecParallel/process/isa_simd_i16x8.ne	ns/op	474.7	471.5	-0.6741099641879078	0.19260797084191889	12	12	5.682239525398591	0.24025974025974026	true
not-confirmed-on-repeat	explicit	BenchmarkExecParallel/process/isa_simd_i16x8.shl	ns/op	161.45	160.35000000000002	-0.6813254877670927	0.9452664713130455	12	12	6.892837910608507	0.24025974025974026	true
not-confirmed-on-repeat	explicit	BenchmarkExecParallel/process/isa_simd_i32x4.shl	ns/op	159.45	158.25	-0.7525870178739291	0.32590427475337963	12	12	8.923346986541848	0.06493506493506493	true
not-confirmed-on-repeat	explicit	BenchmarkExecParallel/process/isa_simd_f64x2.pmin	ns/op	448.35	444.75	-0.8029441284710614	0.2189208019063989	12	12	7.148659626320053	0.461038961038961	true
not-confirmed-on-repeat	explicit	BenchmarkInstantiate/spectralnorm	ns/op	3355	3325.5	-0.8792846497764573	0.31136073510551904	12	12	1.598414795244385	0.015151515151515152	true
not-confirmed-on-repeat	explicit	BenchmarkExecParallel/process/isa_simd_i32x4.lt_s	ns/op	266.15	263.45000000000005	-1.0144655269584524	0.7552848282421576	12	12	10.972870226369459	0.04112554112554113	true
not-confirmed-on-repeat	explicit	BenchmarkExecParallel/independent/sieve.count	ns/op	11098.5	10985	-1.0226607199171012	0.3185851703821821	12	12	6.053615742197049	0.04112554112554113	true
not-confirmed-on-repeat	explicit	BenchmarkExecParallel/process/isa_simd_f64x2.sqrt	ns/op	2655.5	2627	-1.07324421012992	0.6706595329559389	12	12	7.964125560538116	0.3939393939393939	true
not-confirmed-on-repeat	explicit	BenchmarkValidate/tiny	ns/op	653.55	645.85	-1.1781807053783067	0.5137225810936943	12	12	5.126300148588414	0.8181818181818182	true
not-confirmed-on-repeat	explicit	BenchmarkExecParallel/process/isa_i64.shl	ns/op	2230.5	2203.5	-1.2104909213180859	0.5408386202571154	12	12	7.150368033648791	0.14285714285714285	true
not-confirmed-on-repeat	explicit	BenchmarkExecParallel/process/isa_simd_i16x8.abs	ns/op	240.05	236.75	-1.3747136013330552	0.8538701169607079	12	12	6.554103122730592	0.3939393939393939	true
not-confirmed-on-repeat	explicit	BenchmarkExecParallel/independent/isa_simd_i32x4.extadd_pairwise_u	ns/op	670.5	659.75	-1.6032811334824704	0.1978081146206062	12	12	10.59123206864192	0.025974025974025976	true
not-confirmed-on-repeat	explicit	BenchmarkExecParallel/independent/isa_simd_reduce.i8x16_all_true	ns/op	235.05	231.14999999999998	-1.6592214422463503	0.7552848282421576	12	12	5.673758865248213	0.24025974025974026	true
not-confirmed-on-repeat	explicit	BenchmarkExecParallel/process/memory.sum	ns/op	39.355000000000004	38.629999999999995	-1.842205564731314	0.4337249774051497	12	12	13.09762532981531	0.09307359307359307	true
not-confirmed-on-repeat	explicit	BenchmarkCompileCompact/branches	ns/op	13664	13410.5	-1.8552400468384023	0.012093976826780704	12	12	14.470416713395394	0.09307359307359307	true
not-confirmed-on-repeat	explicit	BenchmarkExecParallel/independent/isa_i64.shl	ns/op	2197.5	2152.5	-2.0477815699658675	0.48630182578224035	12	12	8.650371944739632	0.5887445887445888	true
not-confirmed-on-repeat	explicit	BenchmarkCompileWorkers/fib_rec/p4	ns/op	7625	7462.5	-2.1311475409836023	0.06173534367100123	12	12	5.608122976328933	0.48484848484848486	true
not-confirmed-on-repeat	explicit	BenchmarkCompile/dispatch	ns/op	13422.5	13114	-2.2983795865151757	0.012093976826780704	12	12	17.399031257622745	0.3939393939393939	true
not-confirmed-on-repeat	explicit	BenchmarkExecParallel/process/isa_simd_reduce.v128_any_true	ns/op	252.45	246.45	-2.3767082590612	0.13145469418184455	12	12	5.567243890597173	0.5887445887445888	true
not-confirmed-on-repeat	explicit	BenchmarkValidate/globals	ns/op	1238.5	1207.5	-2.503027856277751	0.0006560272410319523	12	12	24.155455904334833	0.6991341991341992	true
not-confirmed-on-repeat	explicit	BenchmarkExecParallel/process/sieve.count	ns/op	11506.5	11191	-2.741928475209665	0.40951039806875045	12	12	5.6184819393604535	0.24025974025974026	true
not-confirmed-on-repeat	explicit	BenchmarkCompile/branches	ns/op	6933	6725	-3.000144237703739	0.1978081146206062	12	12	7.451317466433505	0.48484848484848486	true
not-confirmed-on-repeat	explicit	BenchmarkValidateWorkers/many_funcs/p8	ns/op	28429.5	27420	-3.5508890413127214	7.39602301050679e-7	12	12	24.77435454905894	0.17965367965367965	true
not-confirmed-on-repeat	explicit	BenchmarkDecode/utf-as	ns/op	19581	18666	-4.672897196261683	0.00009318988993238556	12	12	5.887971617657084	0.6991341991341992	true
not-confirmed-on-repeat	explicit	BenchmarkExecParallel/independent/isa_bulk_mem.copy_fwd_64	ns/op	50.79	48.415	-4.676117345934239	0.08579312731957772	12	12	7.363483494114509	0.30952380952380953	true
not-confirmed-on-repeat	explicit	BenchmarkCompileCompact/linked_list	ns/op	18477.5	17555.5	-4.9898525233392	0.00182977609279938	12	12	8.68509265701094	0.008658008658008658	true
not-confirmed-on-repeat	explicit	BenchmarkCompileWorkers/tiny/p8	ns/op	10040	9483	-5.5478087649402426	0.006811737192676754	12	12	7.137141942710823	0.5887445887445888	true
not-confirmed-on-repeat	explicit	BenchmarkValidate/dispatch	ns/op	1325.5	1246	-5.9977367031308955	7.39602301050679e-7	12	12	9.70235158691004	0.5887445887445888	true
not-confirmed-on-repeat	explicit	BenchmarkValidateWorkers/json-as/p8	ns/op	81291.5	75588	-7.016108695251044	0.00014422244870488242	12	12	12.050660589854711	1	true
not-confirmed-on-repeat	explicit	BenchmarkCompile/memory	ns/op	10014.5	9271.5	-7.419242098956513	7.39602301050679e-7	12	12	5.426495420355115	0.8181818181818182	true
not-confirmed-on-repeat	explicit	BenchmarkValidate/arith	ns/op	1132	1044.5	-7.729681978798586	7.39602301050679e-7	12	12	10.622422933438047	0.8181818181818182	true
not-confirmed-on-repeat	explicit	BenchmarkCompile/isa_bulk_mem	ns/op	27774.5	25625.5	-7.737313002934343	7.39602301050679e-7	12	12	20.057852796772657	0.13203463203463203	true
not-confirmed-on-repeat	explicit	BenchmarkCompile/linked_list	ns/op	11312.5	10366	-8.366850828729277	7.39602301050679e-7	12	12	19.32641598422158	0.5887445887445888	true
not-confirmed-on-repeat	explicit	BenchmarkCompileCompact/mandelbrot	ns/op	21544.5	19734.5	-8.40121608763258	0.000001479204602101358	12	12	5.29628621101359	0.9372294372294372	true
not-confirmed-on-repeat	explicit	BenchmarkDecode/wasm3	ns/op	656511	592687.5	-9.721619287414828	7.39602301050679e-7	12	12	5.209471132715104	0.9372294372294372	true
not-confirmed-on-repeat	explicit	BenchmarkValidateWorkers/json-as/p2	ns/op	130068	116005.5	-10.81165236645447	7.39602301050679e-7	12	12	16.954811182223708	0.6991341991341992	true
not-confirmed-on-repeat	explicit	BenchmarkValidateWorkers/esbuild/p4	ns/op	30295996	26791080	-11.5689083138247	7.39602301050679e-7	12	12	13.476280374766226	1	true
not-confirmed-on-repeat	explicit	BenchmarkValidate/xjb-mulhi	ns/op	3125.5	2741	-12.302031674932012	7.39602301050679e-7	12	12	7.6128507523383515	0.6991341991341992	true
not-confirmed-on-repeat	explicit	BenchmarkValidate/json-as	ns/op	202933	176292.5	-13.127731812962896	7.39602301050679e-7	12	12	5.438036055794826	0.9372294372294372	true
not-confirmed-on-repeat	explicit	BenchmarkCompile/sieve	ns/op	12252	10636.5	-13.185602350636627	7.39602301050679e-7	12	12	12.105698420824629	0.30952380952380953	true
not-confirmed-on-repeat	explicit	BenchmarkCompile/mandelbrot	ns/op	13443.5	11579.5	-13.865436828206946	0.000002958409204202716	12	12	28.80357329069485	0.3939393939393939	true
not-confirmed-on-repeat	explicit	BenchmarkCompileCompact/nbody	ns/op	69198	59141	-14.533657042111049	7.39602301050679e-7	12	12	9.453919904237429	0.30952380952380953	true
not-confirmed-on-repeat	explicit	BenchmarkValidate/mandelbrot	ns/op	2845	2376.5	-16.46748681898067	7.39602301050679e-7	12	12	7.3056234718826385	0.6991341991341992	true
not-confirmed-on-repeat	explicit	BenchmarkCompile/quicksort	ns/op	38745.5	31985.5	-17.447187415312747	7.39602301050679e-7	12	12	5.313854676912011	0.6991341991341992	true
not-confirmed-on-repeat	explicit	BenchmarkValidate/spectralnorm	ns/op	12593.5	10346	-17.846508119267877	7.39602301050679e-7	12	12	5.0218993987867	1	true
not-confirmed-on-repeat	explicit	BenchmarkExec/isa_bulk_mem.copy_fwd_256	ns/op	2746.5	2019	-26.48825778263244	0.92123753215421	12	12	6.568184592845805	0.9372294372294372	true
resource-increase-observed	signals	BenchmarkCompileWorkers/json-as/p8	allocs/op	628.5	686	9.148766905330152	0.0021645021645021645	6	6	9.148766905330152	0.0021645021645021645	false
resource-increase-observed	signals	BenchmarkCompileWorkers/json-as/p4	allocs/op	402	437.5	8.83084577114428	0.0021645021645021645	6	6	8.83084577114428	0.0021645021645021645	false
resource-increase-observed	signals	BenchmarkCompileWorkers/json-as/p2	allocs/op	264	282.5	7.007575757575757	0.0021645021645021645	6	6	7.007575757575757	0.0021645021645021645	false
resource-increase-observed	signals	BenchmarkCompileFullWorkers/json-as/p8	allocs/op	912	973.5	6.743421052631571	0.0021645021645021645	6	6	6.743421052631571	0.0021645021645021645	false
resource-increase-observed	signals	BenchmarkCompileFullWorkers/json-as/auto	allocs/op	678	716.5	5.678466076696176	0.0021645021645021645	6	6	5.678466076696176	0.0021645021645021645	false
resource-increase-observed	signals	BenchmarkCompileFullWorkers/json-as/p4	allocs/op	678	716	5.604719764011801	0.0021645021645021645	6	6	5.604719764011801	0.0021645021645021645	false
resource-increase-observed	signals	BenchmarkCompileMultiModuleThroughput/json-as/auto	allocs/op	498	522.5	4.919678714859432	0.0021645021645021645	6	6	4.919678714859432	0.0021645021645021645	false
resource-increase-observed	signals	BenchmarkCompileFullWorkers/json-as/p2	allocs/op	536	557	3.917910447761197	0.0021645021645021645	6	6	3.917910447761197	0.0021645021645021645	false
resource-increase-observed	signals	BenchmarkCompileWorkers/lua/p8	allocs/op	2205	2289.5	3.83219954648526	0.0021645021645021645	6	6	3.83219954648526	0.0021645021645021645	false
resource-increase-observed	signals	BenchmarkCompileMultiModuleThroughput/esbuild/auto	allocs/op	27040.5	27904.5	3.195207189216176	0.13203463203463203	6	6	3.195207189216176	0.13203463203463203	false
resource-increase-observed	signals	BenchmarkCompileWorkers/lua/p4	allocs/op	1485	1527.5	2.8619528619528545	0.0021645021645021645	6	6	2.8619528619528545	0.0021645021645021645	false
resource-increase-observed	signals	BenchmarkCompileFullWorkers/tiny/auto	allocs/op	73	75	2.7397260273972712	0.0021645021645021645	6	6	2.7397260273972712	0.0021645021645021645	false
resource-increase-observed	signals	BenchmarkCompileFullWorkers/tiny/p1	allocs/op	73	75	2.7397260273972712	0.0021645021645021645	6	6	2.7397260273972712	0.0021645021645021645	false
resource-increase-observed	signals	BenchmarkCompileFull/branches	allocs/op	74	76	2.7027027027026973	0.0021645021645021645	6	6	2.7027027027026973	0.0021645021645021645	false
resource-increase-observed	signals	BenchmarkCompileFull/tiny	allocs/op	74	76	2.7027027027026973	0.0021645021645021645	6	6	2.7027027027026973	0.0021645021645021645	false
resource-increase-observed	signals	BenchmarkCompileFull/arith	allocs/op	75	77	2.6666666666666616	0.0021645021645021645	6	6	2.6666666666666616	0.0021645021645021645	false
resource-increase-observed	signals	BenchmarkCompileFull/fib_iter	allocs/op	75	77	2.6666666666666616	0.0021645021645021645	6	6	2.6666666666666616	0.0021645021645021645	false
resource-increase-observed	signals	BenchmarkCompileWorkers/sqlite3/p8	allocs/op	4485	4602.5	2.619843924191745	0.0021645021645021645	6	6	2.619843924191745	0.0021645021645021645	false
resource-increase-observed	signals	BenchmarkCompileFull/float	allocs/op	79	81	2.5316455696202445	0.0021645021645021645	6	6	2.5316455696202445	0.0021645021645021645	false
resource-increase-observed	signals	BenchmarkCompileFullWorkers/fib_rec/auto	allocs/op	82	84	2.4390243902439046	0.0021645021645021645	6	6	2.4390243902439046	0.0021645021645021645	false
resource-increase-observed	signals	BenchmarkCompileFullWorkers/fib_rec/p1	allocs/op	82	84	2.4390243902439046	0.0021645021645021645	6	6	2.4390243902439046	0.0021645021645021645	false
resource-increase-observed	signals	BenchmarkCompileFullWorkers/fib_rec/p2	allocs/op	82	84	2.4390243902439046	0.0021645021645021645	6	6	2.4390243902439046	0.0021645021645021645	false
resource-increase-observed	signals	BenchmarkCompileFullWorkers/fib_rec/p4	allocs/op	82	84	2.4390243902439046	0.0021645021645021645	6	6	2.4390243902439046	0.0021645021645021645	false
resource-increase-observed	signals	BenchmarkCompileFullWorkers/fib_rec/p8	allocs/op	82	84	2.4390243902439046	0.0021645021645021645	6	6	2.4390243902439046	0.0021645021645021645	false
resource-increase-observed	signals	BenchmarkCompileFullWorkers/many_funcs/p1	allocs/op	82	84	2.4390243902439046	0.0021645021645021645	6	6	2.4390243902439046	0.0021645021645021645	false
resource-increase-observed	signals	BenchmarkCompileMultiModuleThroughput/many_funcs/p1	allocs/op	82	84	2.4390243902439046	0.0021645021645021645	6	6	2.4390243902439046	0.0021645021645021645	false
resource-increase-observed	signals	BenchmarkCompileFull/fib_rec	allocs/op	83	85	2.4096385542168752	0.0021645021645021645	6	6	2.4096385542168752	0.0021645021645021645	false
resource-increase-observed	signals	BenchmarkCompileFull/many_funcs	allocs/op	83	85	2.4096385542168752	0.0021645021645021645	6	6	2.4096385542168752	0.0021645021645021645	false
resource-increase-observed	signals	BenchmarkCompileFullWorkers/lua/p8	allocs/op	3987.5	4080	2.319749216300937	0.0021645021645021645	6	6	2.319749216300937	0.0021645021645021645	false
resource-increase-observed	signals	BenchmarkCompileFull/linked_list	allocs/op	87	89	2.298850574712641	0.0021645021645021645	6	6	2.298850574712641	0.0021645021645021645	false
resource-increase-observed	signals	BenchmarkCompileFull/sieve	allocs/op	88	90	2.2727272727272707	0.0021645021645021645	6	6	2.2727272727272707	0.0021645021645021645	false
resource-increase-observed	signals	BenchmarkCompileFull/memory	allocs/op	89	91	2.2471910112359605	0.0021645021645021645	6	6	2.2471910112359605	0.0021645021645021645	false
resource-increase-observed	signals	BenchmarkCompileFull/swar-pack-parse	allocs/op	91	93	2.19780219780219	0.0021645021645021645	6	6	2.19780219780219	0.0021645021645021645	false
resource-increase-observed	signals	BenchmarkCompileFull/isa_var	allocs/op	93	95	2.1505376344086002	0.0021645021645021645	6	6	2.1505376344086002	0.0021645021645021645	false
resource-increase-observed	signals	BenchmarkCompileFull/xjb-mulhi	allocs/op	93	95	2.1505376344086002	0.0021645021645021645	6	6	2.1505376344086002	0.0021645021645021645	false
resource-increase-observed	signals	BenchmarkCompileFull/mandelbrot	allocs/op	94	96	2.127659574468077	0.0021645021645021645	6	6	2.127659574468077	0.0021645021645021645	false
resource-increase-observed	signals	BenchmarkCompileFull/isa_cvt	allocs/op	96	98	2.083333333333326	0.0021645021645021645	6	6	2.083333333333326	0.0021645021645021645	false
resource-increase-observed	signals	BenchmarkCompileFull/isa_simd_v128	allocs/op	97	99	2.0618556701030855	0.0021645021645021645	6	6	2.0618556701030855	0.0021645021645021645	false
resource-increase-observed	signals	BenchmarkCompileWorkers/sqlite3/p2	allocs/op	2910.5	2970.5	2.0615014602302084	0.10173160173160173	6	6	2.0615014602302084	0.10173160173160173	false
resource-increase-observed	signals	BenchmarkCompileFullWorkers/tiny/p2	allocs/op	100	102	2.0000000000000018	0.0021645021645021645	6	6	2.0000000000000018	0.0021645021645021645	false
resource-increase-observed	signals	BenchmarkCompileFullWorkers/tiny/p4	allocs/op	100	102	2.0000000000000018	0.0021645021645021645	6	6	2.0000000000000018	0.0021645021645021645	false
resource-increase-observed	signals	BenchmarkCompileFullWorkers/tiny/p8	allocs/op	100	102	2.0000000000000018	0.0021645021645021645	6	6	2.0000000000000018	0.0021645021645021645	false
resource-increase-observed	signals	BenchmarkCompileFull/isa_bulk_mem	allocs/op	105	107	1.904761904761898	0.0021645021645021645	6	6	1.904761904761898	0.0021645021645021645	false
resource-increase-observed	signals	BenchmarkCompileFull/isa_simd_reduce	allocs/op	107	109	1.869158878504673	0.0021645021645021645	6	6	1.869158878504673	0.0021645021645021645	false
resource-increase-observed	signals	BenchmarkCompileFull/isa_mem	allocs/op	108	110	1.85185185185186	0.0021645021645021645	6	6	1.85185185185186	0.0021645021645021645	false
resource-increase-observed	signals	BenchmarkCompileWorkers/lua/p2	allocs/op	1053	1072.5	1.85185185185186	0.0021645021645021645	6	6	1.85185185185186	0.0021645021645021645	false
resource-increase-observed	signals	BenchmarkCompileFull/memory_tree	allocs/op	111	113	1.8018018018018056	0.0021645021645021645	6	6	1.8018018018018056	0.0021645021645021645	false
resource-increase-observed	signals	BenchmarkCompileFullWorkers/many_funcs/p2	allocs/op	115	117	1.7391304347825987	0.0021645021645021645	6	6	1.7391304347825987	0.0021645021645021645	false
resource-increase-observed	signals	BenchmarkCompileFull/isa_ctl	allocs/op	117	119	1.7094017094017033	0.0021645021645021645	6	6	1.7094017094017033	0.0021645021645021645	false
resource-increase-observed	signals	BenchmarkCompileFull/dispatch	allocs/op	119	121	1.680672268907557	0.0021645021645021645	6	6	1.680672268907557	0.0021645021645021645	false
resource-increase-observed	signals	BenchmarkCompileFull/crc32	allocs/op	129	131	1.5503875968992276	0.0021645021645021645	6	6	1.5503875968992276	0.0021645021645021645	false
resource-increase-observed	signals	BenchmarkCompileFull/isa_f32	allocs/op	129	131	1.5503875968992276	0.0021645021645021645	6	6	1.5503875968992276	0.0021645021645021645	false
resource-increase-observed	signals	BenchmarkCompileFull/isa_f64	allocs/op	129	131	1.5503875968992276	0.0021645021645021645	6	6	1.5503875968992276	0.0021645021645021645	false
resource-increase-observed	signals	BenchmarkCompileFull/isa_simd_i64x2	allocs/op	133	135	1.5037593984962516	0.0021645021645021645	6	6	1.5037593984962516	0.0021645021645021645	false
resource-increase-observed	signals	BenchmarkCompileMultiModuleThroughput/many_funcs/auto	allocs/op	133	135	1.5037593984962516	0.0021645021645021645	6	6	1.5037593984962516	0.0021645021645021645	false
resource-increase-observed	signals	BenchmarkCompileFullWorkers/lua/p4	allocs/op	3266.5	3315.5	1.5000765345170697	0.0021645021645021645	6	6	1.5000765345170697	0.0021645021645021645	false
resource-increase-observed	signals	BenchmarkCompileFull/isa_i32	allocs/op	135	137	1.4814814814814836	0.0021645021645021645	6	6	1.4814814814814836	0.0021645021645021645	false
resource-increase-observed	signals	BenchmarkCompileFull/isa_i64	allocs/op	135	137	1.4814814814814836	0.0021645021645021645	6	6	1.4814814814814836	0.0021645021645021645	false
resource-increase-observed	signals	BenchmarkCompileFull/isa_simd_f64x2	allocs/op	138	140	1.449275362318847	0.0021645021645021645	6	6	1.449275362318847	0.0021645021645021645	false
resource-increase-observed	signals	BenchmarkCompileFull/isa_simd_f32x4	allocs/op	139	141	1.4388489208633004	0.0021645021645021645	6	6	1.4388489208633004	0.0021645021645021645	false
resource-increase-observed	signals	BenchmarkCompileWorkers/ruby/p8	allocs/op	14295	14500	1.4340678558936615	0.0021645021645021645	6	6	1.4340678558936615	0.0021645021645021645	false
resource-increase-observed	signals	BenchmarkCompileFullWorkers/lua/auto	allocs/op	3270.5	3316.5	1.406512765632173	0.0021645021645021645	6	6	1.406512765632173	0.0021645021645021645	false
resource-increase-observed	signals	BenchmarkCompileFull/matmul	allocs/op	143	145	1.3986013986013957	0.0021645021645021645	6	6	1.3986013986013957	0.0021645021645021645	false
resource-increase-observed	signals	BenchmarkCompileFull/spectralnorm	allocs/op	143	145	1.3986013986013957	0.0021645021645021645	6	6	1.3986013986013957	0.0021645021645021645	false
resource-increase-observed	signals	BenchmarkCompileFull/nbody	allocs/op	144	146	1.388888888888884	0.0021645021645021645	6	6	1.388888888888884	0.0021645021645021645	false
resource-increase-observed	signals	BenchmarkCompileFull/utf-as	allocs/op	147	149	1.3605442176870763	0.0021645021645021645	6	6	1.3605442176870763	0.0021645021645021645	false
resource-increase-observed	signals	BenchmarkCompileFullWorkers/many_funcs/auto	allocs/op	147	149	1.3605442176870763	0.0021645021645021645	6	6	1.3605442176870763	0.0021645021645021645	false
resource-increase-observed	signals	BenchmarkCompileFullWorkers/many_funcs/p4	allocs/op	147	149	1.3605442176870763	0.0021645021645021645	6	6	1.3605442176870763	0.0021645021645021645	false
resource-increase-observed	signals	BenchmarkCompileFull/isa_call	allocs/op	148	150	1.3513513513513598	0.0021645021645021645	6	6	1.3513513513513598	0.0021645021645021645	false
resource-increase-observed	signals	BenchmarkCompileFull/lz4	allocs/op	148	150	1.3513513513513598	0.0021645021645021645	6	6	1.3513513513513598	0.0021645021645021645	false
resource-increase-observed	signals	BenchmarkCompileFull/sha256	allocs/op	149	151	1.342281879194629	0.0021645021645021645	6	6	1.342281879194629	0.0021645021645021645	false
resource-increase-observed	signals	BenchmarkCompileWorkers/esbuild/p4	allocs/op	18955.5	19204	1.3109651552319912	0.3939393939393939	6	6	1.3109651552319912	0.3939393939393939	false
resource-increase-observed	signals	BenchmarkCompileFull/fannkuch	allocs/op	158	160	1.2658227848101333	0.0021645021645021645	6	6	1.2658227848101333	0.0021645021645021645	false
resource-increase-observed	signals	BenchmarkCompileFull/isa_simd_i8x16	allocs/op	163	165	1.2269938650306678	0.0021645021645021645	6	6	1.2269938650306678	0.0021645021645021645	false
resource-increase-observed	signals	BenchmarkCompileWorkers/sqlite3/p4	allocs/op	3557	3600	1.20888389091931	0.0021645021645021645	6	6	1.20888389091931	0.0021645021645021645	false
resource-increase-observed	signals	BenchmarkCompileFull/isa_simd_i32x4	allocs/op	170	172	1.17647058823529	0.0021645021645021645	6	6	1.17647058823529	0.0021645021645021645	false
resource-increase-observed	signals	BenchmarkCompileFull/quicksort	allocs/op	170	172	1.17647058823529	0.0021645021645021645	6	6	1.17647058823529	0.0021645021645021645	false
resource-increase-observed	signals	BenchmarkCompileFull/isa_simd_i16x8	allocs/op	175	177	1.1428571428571344	0.0021645021645021645	6	6	1.1428571428571344	0.0021645021645021645	false
resource-increase-observed	signals	BenchmarkCompileWorkers/esbuild/p2	allocs/op	14849.5	15017	1.1279841072090013	0.48484848484848486	6	6	1.1279841072090013	0.48484848484848486	false
resource-increase-observed	signals	BenchmarkCompileFull/globals	allocs/op	95	96	1.0526315789473717	0.0021645021645021645	6	6	1.0526315789473717	0.0021645021645021645	false
resource-increase-observed	signals	BenchmarkCompileFullWorkers/sqlite3/p8	allocs/op	9806.5	9907	1.0248304695865018	0.0021645021645021645	6	6	1.0248304695865018	0.0021645021645021645	false
resource-increase-observed	signals	BenchmarkCompileFullWorkers/many_funcs/p8	allocs/op	210	212	0.952380952380949	0.0021645021645021645	6	6	0.952380952380949	0.0021645021645021645	false
resource-increase-observed	signals	BenchmarkCompileFullWorkers/lua/p2	allocs/op	2836	2858	0.77574047954867	0.0021645021645021645	6	6	0.77574047954867	0.0021645021645021645	false
resource-increase-observed	signals	BenchmarkCompileFull/raytrace	allocs/op	175	176	0.5714285714285783	0.0021645021645021645	6	6	0.5714285714285783	0.0021645021645021645	false
resource-increase-observed	signals	BenchmarkCompileFull/qoi	allocs/op	191	192	0.5235602094240788	0.0021645021645021645	6	6	0.5235602094240788	0.0021645021645021645	false
resource-increase-observed	signals	BenchmarkCompileFull/coremark	allocs/op	192	193	0.5208333333333259	0.0021645021645021645	6	6	0.5208333333333259	0.0021645021645021645	false
resource-increase-observed	signals	BenchmarkCompileWorkers/ruby/p4	allocs/op	12692.5	12753	0.4766594445538619	0.015151515151515152	6	6	0.4766594445538619	0.015151515151515152	false
resource-increase-observed	signals	BenchmarkCompileFullWorkers/sqlite3/p4	allocs/op	8892.5	8934	0.4666854090525696	0.0021645021645021645	6	6	0.4666854090525696	0.0021645021645021645	false
resource-increase-observed	signals	BenchmarkCompileCommuteSelfUpdate/blake-as-simd/off	allocs/op	242	243	0.4132231404958775	0.0021645021645021645	6	6	0.4132231404958775	0.0021645021645021645	false
resource-increase-observed	signals	BenchmarkCompileCommuteSelfUpdate/blake-as-simd/on	allocs/op	242	243	0.4132231404958775	0.0021645021645021645	6	6	0.4132231404958775	0.0021645021645021645	false
resource-increase-observed	signals	BenchmarkCompileFull/blake-as-simd	allocs/op	243	244	0.4115226337448652	0.0021645021645021645	6	6	0.4115226337448652	0.0021645021645021645	false
resource-increase-observed	signals	BenchmarkCompileFull/zlib	allocs/op	300	301	0.33333333333334103	0.0021645021645021645	6	6	0.33333333333334103	0.0021645021645021645	false
resource-increase-observed	signals	BenchmarkCompileWorkers/ruby/p2	allocs/op	11660.5	11698.5	0.3258865400282973	0.14285714285714285	6	6	0.3258865400282973	0.14285714285714285	false
resource-increase-observed	signals	BenchmarkCompileFullWorkers/sqlite3/auto	allocs/op	8908	8935.5	0.30871127076785854	0.0021645021645021645	6	6	0.30871127076785854	0.0021645021645021645	false
resource-increase-observed	signals	BenchmarkCompileFullWorkers/sqlite3/p2	allocs/op	8287	8309	0.2654760468203232	0.8939393939393939	6	6	0.2654760468203232	0.8939393939393939	false
resource-increase-observed	signals	BenchmarkCompileFullWorkers/json-as/p1	allocs/op	403	404	0.2481389578163684	0.0021645021645021645	6	6	0.2481389578163684	0.0021645021645021645	false
resource-increase-observed	signals	BenchmarkCompileMultiModuleThroughput/json-as/p1	allocs/op	403	404	0.2481389578163684	0.0021645021645021645	6	6	0.2481389578163684	0.0021645021645021645	false
resource-increase-observed	signals	BenchmarkCompileFull/json-as	allocs/op	404	405	0.24752475247524774	0.0021645021645021645	6	6	0.24752475247524774	0.0021645021645021645	false
resource-increase-observed	signals	BenchmarkCompileFull/json-as-simd	allocs/op	436	437	0.2293577981651307	0.0021645021645021645	6	6	0.2293577981651307	0.0021645021645021645	false
resource-increase-observed	signals	BenchmarkCompileFull/zstd	allocs/op	446	447	0.22421524663676085	0.0021645021645021645	6	6	0.22421524663676085	0.0021645021645021645	false
resource-increase-observed	signals	BenchmarkCompileFullWorkers/ruby/auto	allocs/op	42090.5	42178.5	0.20907330632802257	0.004329004329004329	6	6	0.20907330632802257	0.004329004329004329	false
resource-increase-observed	signals	BenchmarkCompileFullWorkers/ruby/p8	allocs/op	43721	43805	0.19212735298825834	0.008658008658008658	6	6	0.19212735298825834	0.008658008658008658	false
resource-increase-observed	signals	BenchmarkCompileFullWorkers/esbuild/p4	allocs/op	27991.5	28033	0.148259292999664	0.48484848484848486	6	6	0.148259292999664	0.48484848484848486	false
resource-increase-observed	signals	BenchmarkCompileFullWorkers/ruby/p4	allocs/op	42112.5	42160	0.11279311368359579	0.030303030303030304	6	6	0.11279311368359579	0.030303030303030304	false
resource-increase-observed	signals	BenchmarkCompileFullWorkers/ruby/p2	allocs/op	41127	41162.5	0.08631799061444845	0.015151515151515152	6	6	0.08631799061444845	0.015151515151515152	false
resource-increase-observed	signals	BenchmarkPluginInstantiate/sqlite3	allocs/op	1198.5	1199	0.04171881518564291	0.5454545454545454	6	6	0.04171881518564291	0.5454545454545454	false
resource-increase-observed	signals	BenchmarkCompileFullWorkers/lua/p1	allocs/op	2523	2524	0.03963535473643365	0.012987012987012988	6	6	0.03963535473643365	0.012987012987012988	false
resource-increase-observed	signals	BenchmarkCompileFull/wasm3	allocs/op	3472	3473	0.02880184331797153	0.0021645021645021645	6	6	0.02880184331797153	0.0021645021645021645	false
resource-increase-observed	signals	BenchmarkValidateWorkers/ruby/p2	allocs/op	3953	3954	0.025297242600563763	0.24242424242424243	6	6	0.025297242600563763	0.24242424242424243	false
resource-increase-observed	signals	BenchmarkValidateWorkers/esbuild/p8	allocs/op	4279	4280	0.02336994624911881	0.20995670995670995	6	6	0.02336994624911881	0.20995670995670995	false
resource-increase-observed	signals	BenchmarkCompileCommuteSelfUpdate/sqlite3/off	allocs/op	7881	7882	0.012688745083111463	0.012987012987012988	6	6	0.012688745083111463	0.012987012987012988	false
resource-increase-observed	signals	BenchmarkCompileCommuteSelfUpdate/sqlite3/on	allocs/op	7881	7882	0.012688745083111463	0.08441558441558442	6	6	0.012688745083111463	0.08441558441558442	false
resource-increase-observed	signals	BenchmarkCompileFull/sqlite3	allocs/op	7882	7883	0.012687135244870973	0.08441558441558442	6	6	0.012687135244870973	0.08441558441558442	false
resource-increase-observed	signals	BenchmarkCompileFullWorkers/sqlite3/p1	allocs/op	7882	7883	0.012687135244870973	0.14285714285714285	6	6	0.012687135244870973	0.14285714285714285	false
resource-increase-observed	signals	BenchmarkExecParallel/process/isa_ctl.select	B/op	0	1		0.3722943722943723	6	6		0.3722943722943723	false
resource-increase-observed	signals	BenchmarkExecParallel/process/isa_f64.floor	B/op	0	1.5		0.20995670995670995	6	6		0.20995670995670995	false
resource-increase-observed	signals	BenchmarkExecParallel/process/isa_i32.clz	B/op	0	1		0.19696969696969696	6	6		0.19696969696969696	false
resource-increase-observed	signals	BenchmarkExecParallel/process/isa_i32.rotl	B/op	0	0.5		0.5454545454545454	6	6		0.5454545454545454	false
resource-increase-observed	signals	BenchmarkExecParallel/process/isa_i32.shl	B/op	0	0.5		0.4696969696969697	6	6		0.4696969696969697	false
resource-increase-observed	signals	BenchmarkExecParallel/process/isa_i64.popcnt	B/op	0	1		0.1774891774891775	6	6		0.1774891774891775	false
resource-increase-observed	signals	BenchmarkExecParallel/process/isa_i64.rotl	B/op	0	0.5		1	6	6		1	false
resource-increase-observed	signals	BenchmarkExecParallel/process/isa_simd_f64x2.sqrt	B/op	0	1		0.19696969696969696	6	6		0.19696969696969696	false
resource-increase-observed	signals	BenchmarkExecParallel/process/isa_f32.sub	B/op	0.5	3	500	0.19696969696969696	6	6	500	0.19696969696969696	false
resource-increase-observed	signals	BenchmarkExecParallel/process/isa_i32.rem_s	B/op	2	9.5	375	0.09956709956709957	6	6	375	0.09956709956709957	false
resource-increase-observed	signals	BenchmarkExecParallel/process/isa_i32.div_s	B/op	1.5	6.5	333.3333333333333	0.38961038961038963	6	6	333.3333333333333	0.38961038961038963	false
resource-increase-observed	signals	BenchmarkExecParallel/process/json-as.serializeN	B/op	0.5	1.5	200	0.2619047619047619	6	6	200	0.2619047619047619	false
resource-increase-observed	signals	BenchmarkExecParallel/process/fannkuch.run	B/op	7	17.5	150	0.9134199134199135	6	6	150	0.9134199134199135	false
resource-increase-observed	signals	BenchmarkExecParallel/process/isa_cvt.f64_convert_s	B/op	2.5	5.5	120.00000000000001	0.13636363636363635	6	6	120.00000000000001	0.13636363636363635	false
resource-increase-observed	signals	BenchmarkExecParallel/process/isa_f32.floor	B/op	1	2	100	0.6796536796536796	6	6	100	0.6796536796536796	false
resource-increase-observed	signals	BenchmarkExecParallel/process/isa_f64.mul	B/op	1	2	100	0.27056277056277056	6	6	100	0.27056277056277056	false
resource-increase-observed	signals	BenchmarkExecParallel/process/isa_f64.sqrt	B/op	4	8	100	0.5086580086580087	6	6	100	0.5086580086580087	false
resource-increase-observed	signals	BenchmarkExecParallel/process/isa_i64.clz	B/op	0.5	1	100	1	6	6	100	1	false
resource-increase-observed	signals	BenchmarkExecParallel/process/json-as.deserializeN	B/op	1	2	100	1	6	6	100	1	false
resource-increase-observed	signals	BenchmarkExecParallel/process/raytrace.render	B/op	6	11.5	91.66666666666667	0.41125541125541126	6	6	91.66666666666667	0.41125541125541126	false
resource-increase-observed	signals	BenchmarkExecParallel/process/matmul.run	B/op	4	6.5	62.5	0.41125541125541126	6	6	62.5	0.41125541125541126	false
resource-increase-observed	signals	BenchmarkExecParallel/process/isa_cvt.reinterpret_f64	B/op	2	3	50	0.5064935064935064	6	6	50	0.5064935064935064	false
resource-increase-observed	signals	BenchmarkExecParallel/process/isa_f32.ceil	B/op	2	3	50	0.5173160173160173	6	6	50	0.5173160173160173	false
resource-increase-observed	signals	BenchmarkExecParallel/process/isa_cvt.f32_convert_s	B/op	2.5	3.5	39.99999999999999	0.474025974025974	6	6	39.99999999999999	0.474025974025974	false
resource-increase-observed	signals	BenchmarkExecParallel/process/isa_i64.rem_u	B/op	5	7	39.99999999999999	0.49134199134199136	6	6	39.99999999999999	0.49134199134199136	false
resource-increase-observed	signals	BenchmarkCompileCompact/isa_call	B/op	20920	23608	12.848948374761004	0.0021645021645021645	6	6	12.848948374761004	0.0021645021645021645	false
resource-increase-observed	signals	BenchmarkExecParallel/process/isa_i64.rem_s	B/op	10.5	11.5	9.523809523809534	0.8051948051948052	6	6	9.523809523809534	0.8051948051948052	false
resource-increase-observed	signals	BenchmarkCompile/isa_var	B/op	23056	25184	9.229701596113804	0.0021645021645021645	6	6	9.229701596113804	0.0021645021645021645	false
resource-increase-observed	signals	BenchmarkExecParallel/process/utf-as-simd.validateN	B/op	5.5	6	9.090909090909083	1	6	6	9.090909090909083	1	false
resource-increase-observed	signals	BenchmarkCompileCompact/isa_var	B/op	25664	27792	8.291770573566094	0.0021645021645021645	6	6	8.291770573566094	0.0021645021645021645	false
resource-increase-observed	signals	BenchmarkExecParallel/process/isa_f32.div	B/op	6.5	7	7.692307692307687	0.7510822510822511	6	6	7.692307692307687	0.7510822510822511	false
resource-increase-observed	signals	BenchmarkCompileFull/isa_var	B/op	32018	34225	6.892997688800051	0.0021645021645021645	6	6	6.892997688800051	0.0021645021645021645	false
resource-increase-observed	signals	BenchmarkExecParallel/process/isa_f32.sqrt	B/op	7.5	8	6.666666666666665	0.7186147186147186	6	6	6.666666666666665	0.7186147186147186	false
resource-increase-observed	signals	BenchmarkValidateWorkers/ruby/p2	B/op	397228	421812	6.188889000775366	0.006493506493506494	6	6	6.188889000775366	0.006493506493506494	false
resource-increase-observed	signals	BenchmarkValidateWorkers/esbuild/p8	B/op	5430457	5682494	4.641174766690903	0.17965367965367965	6	6	4.641174766690903	0.17965367965367965	false
resource-increase-observed	signals	BenchmarkCompile/isa_bulk_mem	B/op	11176	11400	2.004294917680749	0.0021645021645021645	6	6	2.004294917680749	0.0021645021645021645	false
resource-increase-observed	signals	BenchmarkCompile/linked_list	B/op	14220.5	14499.5	1.961956330649417	0.37012987012987014	6	6	1.961956330649417	0.37012987012987014	false
resource-increase-observed	signals	BenchmarkCompileFullWorkers/json-as/p8	B/op	829696	844651	1.8024674097500748	0.0021645021645021645	6	6	1.8024674097500748	0.0021645021645021645	false
resource-increase-observed	signals	BenchmarkCompileWorkers/sqlite3/p8	B/op	16463940.5	16749732	1.735863294695461	0.5887445887445888	6	6	1.735863294695461	0.5887445887445888	false
resource-increase-observed	signals	BenchmarkCompileFull/isa_bulk_mem	B/op	22585	22953	1.629400044277185	0.0021645021645021645	6	6	1.629400044277185	0.0021645021645021645	false
resource-increase-observed	signals	BenchmarkCompileCompact/isa_bulk_mem	B/op	13984	14208	1.6018306636155666	0.0021645021645021645	6	6	1.6018306636155666	0.0021645021645021645	false
resource-increase-observed	signals	BenchmarkValidateWorkers/sqlite3/p2	B/op	142941.5	145215	1.590510803370604	0.48484848484848486	6	6	1.590510803370604	0.48484848484848486	false
resource-increase-observed	signals	BenchmarkCompileFullWorkers/many_funcs/p1	B/op	158884	161378	1.5696986480702835	0.0021645021645021645	6	6	1.5696986480702835	0.0021645021645021645	false
resource-increase-observed	signals	BenchmarkCompileFull/many_funcs	B/op	159026	161520.5	1.5686114220316183	0.0021645021645021645	6	6	1.5686114220316183	0.0021645021645021645	false
resource-increase-observed	signals	BenchmarkCompileMultiModuleThroughput/many_funcs/p1	B/op	158929	161416.5	1.5651643186580078	0.0021645021645021645	6	6	1.5651643186580078	0.0021645021645021645	false
resource-increase-observed	signals	BenchmarkCompileFullWorkers/sqlite3/p2	B/op	14062510	14278139.5	1.5333642429409933	0.13203463203463203	6	6	1.5333642429409933	0.13203463203463203	false
resource-increase-observed	signals	BenchmarkCompileWorkers/json-as/p8	B/op	746563	756747	1.364117964592415	0.0021645021645021645	6	6	1.364117964592415	0.0021645021645021645	false
resource-increase-observed	signals	BenchmarkCompileFullWorkers/json-as/auto	B/op	632014.5	639932	1.2527402456747438	0.0021645021645021645	6	6	1.2527402456747438	0.0021645021645021645	false
resource-increase-observed	signals	BenchmarkCompileMultiModuleThroughput/json-as/auto	B/op	631767.5	639674	1.2514888784244116	0.0021645021645021645	6	6	1.2514888784244116	0.0021645021645021645	false
resource-increase-observed	signals	BenchmarkCompileWorkers/json-as/p4	B/op	551615.5	557981	1.1539740997125625	0.0021645021645021645	6	6	1.1539740997125625	0.0021645021645021645	false
resource-increase-observed	signals	BenchmarkCompileFullWorkers/json-as/p4	B/op	632426	639630.5	1.1391846635021352	0.0021645021645021645	6	6	1.1391846635021352	0.0021645021645021645	false
resource-increase-observed	signals	BenchmarkCompileWorkers/sqlite3/p4	B/op	13916511	14066730.5	1.079433631030069	0.5887445887445888	6	6	1.079433631030069	0.5887445887445888	false
resource-increase-observed	signals	BenchmarkCompileFullWorkers/many_funcs/p2	B/op	235871	238394.5	1.0698644598106544	0.0021645021645021645	6	6	1.0698644598106544	0.0021645021645021645	false
resource-increase-observed	signals	BenchmarkCompileWorkers/sqlite3/p2	B/op	12187195.5	12313298	1.0347130313943076	0.24025974025974026	6	6	1.0347130313943076	0.24025974025974026	false
resource-increase-observed	signals	BenchmarkCompileFullWorkers/json-as/p2	B/op	511414	516635.5	1.0209927768891847	0.0021645021645021645	6	6	1.0209927768891847	0.0021645021645021645	false
resource-increase-observed	signals	BenchmarkCompileWorkers/esbuild/p4	B/op	120105704	121210458	0.9198180962329605	0.06493506493506493	6	6	0.9198180962329605	0.06493506493506493	false
resource-increase-observed	signals	BenchmarkCompileCompact/crc32	B/op	28614.5	28875.5	0.9121249716053104	0.22510822510822512	6	6	0.9121249716053104	0.22510822510822512	false
resource-increase-observed	signals	BenchmarkCompileWorkers/json-as/p2	B/op	433477	437420.5	0.9097368487832158	0.0021645021645021645	6	6	0.9097368487832158	0.0021645021645021645	false
resource-increase-observed	signals	BenchmarkCompileFullWorkers/many_funcs/p4	B/op	284696.5	287281	0.907808842047575	0.0021645021645021645	6	6	0.907808842047575	0.0021645021645021645	false
resource-increase-observed	signals	BenchmarkCompileFullWorkers/many_funcs/auto	B/op	284675	287216.5	0.8927724598225995	0.0021645021645021645	6	6	0.8927724598225995	0.0021645021645021645	false
resource-increase-observed	signals	BenchmarkCompileCompact/quicksort	B/op	30082	30343.5	0.8692906056778194	0.22294372294372294	6	6	0.8692906056778194	0.22294372294372294	false
resource-increase-observed	signals	BenchmarkValidateWorkers/many_funcs/p4	B/op	4235	4270.5	0.8382526564344683	0.0021645021645021645	6	6	0.8382526564344683	0.0021645021645021645	false
resource-increase-observed	signals	BenchmarkValidateWorkers/many_funcs/p8	B/op	7601	7662.5	0.8091040652545622	0.0021645021645021645	6	6	0.8091040652545622	0.0021645021645021645	false
resource-increase-observed	signals	BenchmarkCompileMultiModuleThroughput/many_funcs/auto	B/op	303708.5	306037	0.7666891114341601	0.0021645021645021645	6	6	0.7666891114341601	0.0021645021645021645	false
resource-increase-observed	signals	BenchmarkCompileFullWorkers/sqlite3/p4	B/op	15345002	15458326.5	0.7385108193534329	0.30952380952380953	6	6	0.7385108193534329	0.30952380952380953	false
resource-increase-observed	signals	BenchmarkCompileFullWorkers/lua/p4	B/op	4691784	4724019.5	0.6870627462815859	0.04112554112554113	6	6	0.6870627462815859	0.04112554112554113	false
resource-increase-observed	signals	BenchmarkCompileFullWorkers/many_funcs/p8	B/op	382419	385036.5	0.6844586696790778	0.0021645021645021645	6	6	0.6844586696790778	0.0021645021645021645	false
resource-increase-observed	signals	BenchmarkCompile/fib_iter	B/op	10589	10656	0.6327320804608627	0.08441558441558442	6	6	0.6327320804608627	0.08441558441558442	false
resource-increase-observed	signals	BenchmarkValidateWorkers/tiny/p2	B/op	2560	2576	0.6250000000000089	0.0021645021645021645	6	6	0.6250000000000089	0.0021645021645021645	false
resource-increase-observed	signals	BenchmarkValidateWorkers/tiny/p4	B/op	2560	2576	0.6250000000000089	0.0021645021645021645	6	6	0.6250000000000089	0.0021645021645021645	false
resource-increase-observed	signals	BenchmarkValidateWorkers/tiny/p8	B/op	2560	2576	0.6250000000000089	0.0021645021645021645	6	6	0.6250000000000089	0.0021645021645021645	false
resource-increase-observed	signals	BenchmarkCompileFullWorkers/lua/p8	B/op	5430656.5	5458811.5	0.5184456059778464	0.06493506493506493	6	6	0.5184456059778464	0.06493506493506493	false
resource-increase-observed	signals	BenchmarkCompileCompact/sha256	B/op	62884.5	63206	0.5112547607120987	0.21861471861471862	6	6	0.5112547607120987	0.21861471861471862	false
resource-increase-observed	signals	BenchmarkCompileFull/json-as-simd	B/op	227022	228176	0.5083207794839284	0.0021645021645021645	6	6	0.5083207794839284	0.0021645021645021645	false
resource-increase-observed	signals	BenchmarkCompileFullWorkers/tiny/auto	B/op	16056	16136	0.49825610363727346	0.0021645021645021645	6	6	0.49825610363727346	0.0021645021645021645	false
resource-increase-observed	signals	BenchmarkCompileFullWorkers/tiny/p1	B/op	16092	16171.5	0.49403430275913873	0.0021645021645021645	6	6	0.49403430275913873	0.0021645021645021645	false
resource-increase-observed	signals	BenchmarkValidateWorkers/many_funcs/p2	B/op	2558.5	2571	0.4885675200312578	0.0021645021645021645	6	6	0.4885675200312578	0.0021645021645021645	false
resource-increase-observed	signals	BenchmarkCompileMultiModuleThroughput/esbuild/auto	B/op	181196576	182067948	0.4808987119050201	0.3939393939393939	6	6	0.4808987119050201	0.3939393939393939	false
resource-increase-observed	signals	BenchmarkCompile/many_funcs	B/op	68224	68550	0.47783771106941764	0.33116883116883117	6	6	0.47783771106941764	0.33116883116883117	false
resource-increase-observed	signals	BenchmarkCompile/json-as-simd	B/op	136928	137576	0.47324141154474475	0.0021645021645021645	6	6	0.47324141154474475	0.0021645021645021645	false
resource-increase-observed	signals	BenchmarkCompileFull/tiny	B/op	16240	16316.5	0.4710591133004982	0.0021645021645021645	6	6	0.4710591133004982	0.0021645021645021645	false
resource-increase-observed	signals	BenchmarkCompileFull/isa_simd_i32x4	B/op	56256.5	56509	0.44883702327731534	0.0021645021645021645	6	6	0.44883702327731534	0.0021645021645021645	false
resource-increase-observed	signals	BenchmarkCompileCompact/json-as-simd	B/op	144440	145088	0.44862918859041034	0.14285714285714285	6	6	0.44862918859041034	0.14285714285714285	false
resource-increase-observed	signals	BenchmarkCompileFull/wasm3	B/op	913115	917200	0.4473697179435243	0.0021645021645021645	6	6	0.4473697179435243	0.0021645021645021645	false
resource-increase-observed	signals	BenchmarkCompileFull/isa_simd_i16x8	B/op	57377	57629.5	0.4400718057758324	0.0021645021645021645	6	6	0.4400718057758324	0.0021645021645021645	false
resource-increase-observed	signals	BenchmarkCompileMultiModuleThroughput/json-as/p1	B/op	214522.5	215458.5	0.43631786875502065	0.0021645021645021645	6	6	0.43631786875502065	0.0021645021645021645	false
resource-increase-observed	signals	BenchmarkCompileFull/json-as	B/op	214675	215606	0.43367881681610765	0.0021645021645021645	6	6	0.43367881681610765	0.0021645021645021645	false
resource-increase-observed	signals	BenchmarkCompileFullWorkers/json-as/p1	B/op	214536.5	215466	0.43325960850484346	0.0021645021645021645	6	6	0.43325960850484346	0.0021645021645021645	false
resource-increase-observed	signals	BenchmarkCompileFullWorkers/tiny/p8	B/op	26711	26823.5	0.4211747969001589	0.0021645021645021645	6	6	0.4211747969001589	0.0021645021645021645	false
resource-increase-observed	signals	BenchmarkCompileFullWorkers/tiny/p2	B/op	26713.5	26825	0.4173919553783767	0.0021645021645021645	6	6	0.4173919553783767	0.0021645021645021645	false
resource-increase-observed	signals	BenchmarkCompileFull/isa_simd_f64x2	B/op	45757	45947	0.41523701291605875	0.0021645021645021645	6	6	0.41523701291605875	0.0021645021645021645	false
resource-increase-observed	signals	BenchmarkCompileFull/isa_simd_f32x4	B/op	45789	45979	0.4149468212889529	0.0021645021645021645	6	6	0.4149468212889529	0.0021645021645021645	false
resource-increase-observed	signals	BenchmarkCompileFullWorkers/tiny/p4	B/op	26712.5	26820.5	0.4043051006083376	0.0021645021645021645	6	6	0.4043051006083376	0.0021645021645021645	false
resource-increase-observed	signals	BenchmarkValidateWorkers/esbuild/p4	B/op	4344658	4362164	0.4029316001397554	0.9372294372294372	6	6	0.4029316001397554	0.9372294372294372	false
resource-increase-observed	signals	BenchmarkCompileFull/fib_iter	B/op	18192.5	18264.5	0.395767486601617	0.0021645021645021645	6	6	0.395767486601617	0.0021645021645021645	false
resource-increase-observed	signals	BenchmarkCompile/json-as	B/op	133208	133728	0.3903669449282221	0.0021645021645021645	6	6	0.3903669449282221	0.0021645021645021645	false
resource-increase-observed	signals	BenchmarkCompileWorkers/json-as/p1	B/op	133208	133728	0.3903669449282221	0.0021645021645021645	6	6	0.3903669449282221	0.0021645021645021645	false
resource-increase-observed	signals	BenchmarkCompileFull/isa_simd_i64x2	B/op	44749	44923	0.3888355047040104	0.0021645021645021645	6	6	0.3888355047040104	0.0021645021645021645	false
resource-increase-observed	signals	BenchmarkCompileFull/crc32	B/op	37722	37865	0.3790891257091422	0.0021645021645021645	6	6	0.3790891257091422	0.0021645021645021645	false
resource-increase-observed	signals	BenchmarkCompileFull/quicksort	B/op	43226	43386	0.3701475963540535	0.0021645021645021645	6	6	0.3701475963540535	0.0021645021645021645	false
resource-increase-observed	signals	BenchmarkCompileFullWorkers/lua/p2	B/op	4200699.5	4215997.5	0.36417744235215377	0.008658008658008658	6	6	0.36417744235215377	0.008658008658008658	false
resource-increase-observed	signals	BenchmarkCompileCompact/json-as	B/op	136680.5	137174	0.3610610145558413	0.17316017316017315	6	6	0.3610610145558413	0.17316017316017315	false
resource-increase-observed	signals	BenchmarkValidateWorkers/json-as/p2	B/op	10779	10814.5	0.32934409499953965	0.12121212121212122	6	6	0.32934409499953965	0.12121212121212122	false
resource-increase-observed	signals	BenchmarkCompileFull/isa_i32	B/op	44660	44803	0.32019704433496887	0.0021645021645021645	6	6	0.32019704433496887	0.0021645021645021645	false
resource-increase-observed	signals	BenchmarkCompileFull/isa_i64	B/op	44660	44803	0.32019704433496887	0.0021645021645021645	6	6	0.32019704433496887	0.0021645021645021645	false
resource-increase-observed	signals	BenchmarkCompileWorkers/lua/p4	B/op	4375866	4389731	0.3168515672097749	0.025974025974025976	6	6	0.3168515672097749	0.025974025974025976	false
resource-increase-observed	signals	BenchmarkCompileFull/isa_mem	B/op	37210	37322.5	0.30233808116097993	0.0021645021645021645	6	6	0.30233808116097993	0.0021645021645021645	false
resource-increase-observed	signals	BenchmarkCompileFull/isa_simd_reduce	B/op	37241.5	37354	0.30208235436273156	0.0021645021645021645	6	6	0.30208235436273156	0.0021645021645021645	false
resource-increase-observed	signals	BenchmarkCompileFullWorkers/sqlite3/p8	B/op	17089513	17140806	0.30014313456445674	0.8181818181818182	6	6	0.30014313456445674	0.8181818181818182	false
resource-increase-observed	signals	BenchmarkValidateWorkers/json-as/p8	B/op	23999	24070	0.29584566023583836	0.24025974025974026	6	6	0.29584566023583836	0.24025974025974026	false
resource-increase-observed	signals	BenchmarkCompileCompact/raytrace	B/op	141104.5	141495.5	0.2770995963984113	0.15584415584415584	6	6	0.2770995963984113	0.15584415584415584	false
resource-increase-observed	signals	BenchmarkCompileFullWorkers/esbuild/p8	B/op	192246320	192772416	0.2736572538813764	0.9372294372294372	6	6	0.2736572538813764	0.9372294372294372	false
resource-increase-observed	signals	BenchmarkCompileFull/isa_simd_v128	B/op	35865	35962	0.2704586644360907	0.0021645021645021645	6	6	0.2704586644360907	0.0021645021645021645	false
resource-increase-observed	signals	BenchmarkCompileFull/dispatch	B/op	35625	35721	0.26947368421053053	0.0021645021645021645	6	6	0.26947368421053053	0.0021645021645021645	false
resource-increase-observed	signals	BenchmarkCompileFull/regexmatch	B/op	2339676	2345656	0.2555909450710159	0.0021645021645021645	6	6	0.2555909450710159	0.0021645021645021645	false
resource-increase-observed	signals	BenchmarkCompileCompact/dispatch	B/op	11296	11324.5	0.252301699716706	0.8333333333333334	6	6	0.252301699716706	0.8333333333333334	false
resource-increase-observed	signals	BenchmarkCompileCommuteSelfUpdate/sqlite3/off	B/op	4223748	4234020	0.2431963270536075	0.0021645021645021645	6	6	0.2431963270536075	0.0021645021645021645	false
resource-increase-observed	signals	BenchmarkCompileCommuteSelfUpdate/sqlite3/on	B/op	4223748	4234020	0.2431963270536075	0.0021645021645021645	6	6	0.2431963270536075	0.0021645021645021645	false
resource-increase-observed	signals	BenchmarkCompileFull/sqlite3	B/op	4223892	4234164	0.24318803605773986	0.0021645021645021645	6	6	0.24318803605773986	0.0021645021645021645	false
resource-increase-observed	signals	BenchmarkCompileFullWorkers/sqlite3/p1	B/op	4223892	4234164	0.24318803605773986	0.0021645021645021645	6	6	0.24318803605773986	0.0021645021645021645	false
resource-increase-observed	signals	BenchmarkCompileFullWorkers/lua/auto	B/op	4707350.5	4718304.5	0.23269990199370483	0.5887445887445888	6	6	0.23269990199370483	0.5887445887445888	false
resource-increase-observed	signals	BenchmarkCompileFull/isa_call	B/op	38634	38722	0.22777864057565989	0.0021645021645021645	6	6	0.22777864057565989	0.0021645021645021645	false
resource-increase-observed	signals	BenchmarkCompileFull/spectralnorm	B/op	70547	70707.5	0.22750790253305286	0.0021645021645021645	6	6	0.22750790253305286	0.0021645021645021645	false
resource-increase-observed	signals	BenchmarkCompileFull/lz4	B/op	73941	74109	0.2272081794944647	0.0021645021645021645	6	6	0.2272081794944647	0.0021645021645021645	false
resource-increase-observed	signals	BenchmarkCompileFull/matmul	B/op	71220	71379	0.2232518955349594	0.0021645021645021645	6	6	0.2232518955349594	0.0021645021645021645	false
resource-increase-observed	signals	BenchmarkCompileFull/nbody	B/op	72324.5	72483.5	0.21984251533020416	0.0021645021645021645	6	6	0.21984251533020416	0.0021645021645021645	false
resource-increase-observed	signals	BenchmarkCompileFull/sha256	B/op	73036	73195	0.21770085984993415	0.0021645021645021645	6	6	0.21770085984993415	0.0021645021645021645	false
resource-increase-observed	signals	BenchmarkCompileFull/fannkuch	B/op	74883.5	75043	0.21299752281878082	0.0021645021645021645	6	6	0.21299752281878082	0.0021645021645021645	false
resource-increase-observed	signals	BenchmarkCompileWorkers/lua/p2	B/op	3877216.5	3884309	0.18292762346390212	0.3939393939393939	6	6	0.18292762346390212	0.3939393939393939	false
resource-increase-observed	signals	BenchmarkCompileFullWorkers/lua/p1	B/op	1163035	1165114	0.17875644327127738	0.0021645021645021645	6	6	0.17875644327127738	0.0021645021645021645	false
resource-increase-observed	signals	BenchmarkCompileFull/lua	B/op	1163121	1165181	0.17710969022139977	0.0021645021645021645	6	6	0.17710969022139977	0.0021645021645021645	false
resource-increase-observed	signals	BenchmarkCompileFull/qoi	B/op	79478	79612	0.16860011575530187	0.0021645021645021645	6	6	0.16860011575530187	0.0021645021645021645	false
resource-increase-observed	signals	BenchmarkCompileWorkers/esbuild/p2	B/op	112562136	112728592	0.14787921224237444	0.30952380952380953	6	6	0.14787921224237444	0.30952380952380953	false
resource-increase-observed	signals	BenchmarkCompileCommuteSelfUpdate/blake-as-simd/on	B/op	262658	263039	0.14505554751806926	0.0021645021645021645	6	6	0.14505554751806926	0.0021645021645021645	false
resource-increase-observed	signals	BenchmarkCompileCommuteSelfUpdate/blake-as-simd/off	B/op	262658.5	263039	0.1448649101399635	0.0021645021645021645	6	6	0.1448649101399635	0.0021645021645021645	false
resource-increase-observed	signals	BenchmarkCompileFull/blake-as-simd	B/op	262800	263180	0.14459665144597178	0.0021645021645021645	6	6	0.14459665144597178	0.0021645021645021645	false
resource-increase-observed	signals	BenchmarkCompileFull/isa_ctl	B/op	69099.5	69196	0.13965368779802478	0.0021645021645021645	6	6	0.13965368779802478	0.0021645021645021645	false
resource-increase-observed	signals	BenchmarkCompile/sha256	B/op	60208	60288	0.13287270794579698	0.047619047619047616	6	6	0.13287270794579698	0.047619047619047616	false
resource-increase-observed	signals	BenchmarkCompile/lz4	B/op	61368	61440	0.11732499022292231	0.0021645021645021645	6	6	0.11732499022292231	0.0021645021645021645	false
resource-increase-observed	signals	BenchmarkCompileCompact/lz4	B/op	64048	64120	0.11241568823383563	0.015151515151515152	6	6	0.11241568823383563	0.015151515151515152	false
resource-increase-observed	signals	BenchmarkValidateWorkers/lua/p4	B/op	88181.5	88272.5	0.10319624864625343	0.1038961038961039	6	6	0.10319624864625343	0.1038961038961039	false
resource-increase-observed	signals	BenchmarkCompileWorkers/tiny/p4	B/op	17455	17473	0.10312231452305198	0.0021645021645021645	6	6	0.10312231452305198	0.0021645021645021645	false
resource-increase-observed	signals	BenchmarkCompileFull/raytrace	B/op	137407	137543	0.09897603469983807	0.0021645021645021645	6	6	0.09897603469983807	0.0021645021645021645	false
resource-increase-observed	signals	BenchmarkCompileWorkers/tiny/p2	B/op	17464	17481	0.09734310581768213	0.0021645021645021645	6	6	0.09734310581768213	0.0021645021645021645	false
resource-increase-observed	signals	BenchmarkCompile/blake-as-simd	B/op	239168	239400	0.09700294353760519	0.0021645021645021645	6	6	0.09700294353760519	0.0021645021645021645	false
resource-increase-observed	signals	BenchmarkCompileCompact/blake-as-simd	B/op	250080	250312	0.09277031349967935	0.015151515151515152	6	6	0.09277031349967935	0.015151515151515152	false
resource-increase-observed	signals	BenchmarkCompileWorkers/tiny/p8	B/op	17459	17473	0.08018786872099337	0.0021645021645021645	6	6	0.08018786872099337	0.0021645021645021645	false
resource-increase-observed	signals	BenchmarkCompileFull/utf-as	B/op	213097.5	213257	0.07484836753128832	0.0021645021645021645	6	6	0.07484836753128832	0.0021645021645021645	false
resource-increase-observed	signals	BenchmarkCompileCompact/utf-as	B/op	121980.5	122068	0.07173277696024272	0.29653679653679654	6	6	0.07173277696024272	0.29653679653679654	false
resource-increase-observed	signals	BenchmarkCompileFull/coremark	B/op	251696.5	251863.5	0.06634975059247594	0.0021645021645021645	6	6	0.06634975059247594	0.0021645021645021645	false
resource-increase-observed	signals	BenchmarkCompileFull/zlib	B/op	284655	284829	0.061126626969487674	0.0021645021645021645	6	6	0.061126626969487674	0.0021645021645021645	false
resource-increase-observed	signals	BenchmarkCompile/crc32	B/op	26048.5	26064	0.059504386049091806	0.36363636363636365	6	6	0.059504386049091806	0.36363636363636365	false
resource-increase-observed	signals	BenchmarkCompile/utf-as	B/op	119376	119440	0.05361211633829743	0.0021645021645021645	6	6	0.05361211633829743	0.0021645021645021645	false
resource-increase-observed	signals	BenchmarkValidateWorkers/lua/p2	B/op	74413.5	74449	0.04770639736069171	0.0021645021645021645	6	6	0.04770639736069171	0.0021645021645021645	false
resource-increase-observed	signals	BenchmarkCompile/raytrace	B/op	125576	125632	0.04459450850480273	0.015151515151515152	6	6	0.04459450850480273	0.015151515151515152	false
resource-increase-observed	signals	BenchmarkCompileFullWorkers/ruby/p4	B/op	158377668	158438648	0.03850290307343407	1	6	6	0.03850290307343407	1	false
resource-increase-observed	signals	BenchmarkCompile/qoi	B/op	63520	63544	0.03778337531485931	0.0021645021645021645	6	6	0.03778337531485931	0.0021645021645021645	false
resource-increase-observed	signals	BenchmarkCompileCompact/qoi	B/op	65320	65344	0.03674219228413378	0.015151515151515152	6	6	0.03674219228413378	0.015151515151515152	false
resource-increase-observed	signals	BenchmarkCompileCompact/coremark	B/op	126216	126256	0.031691703112124436	0.015151515151515152	6	6	0.031691703112124436	0.015151515151515152	false
resource-increase-observed	signals	BenchmarkCompileFullWorkers/esbuild/auto	B/op	181261792	181317980	0.030998259136705286	0.5887445887445888	6	6	0.030998259136705286	0.5887445887445888	false
resource-increase-observed	signals	BenchmarkCompileFull/blake3	B/op	148358	148394	0.024265627738317974	0.0021645021645021645	6	6	0.024265627738317974	0.0021645021645021645	false
resource-increase-observed	signals	BenchmarkCompileFullWorkers/esbuild/p4	B/op	182164032	182206124	0.02310664709046506	0.6991341991341992	6	6	0.02310664709046506	0.6991341991341992	false
resource-increase-observed	signals	BenchmarkCompileFullWorkers/ruby/auto	B/op	158021332	158051820	0.019293597651737215	0.8181818181818182	6	6	0.019293597651737215	0.8181818181818182	false
resource-increase-observed	signals	BenchmarkCompile/tiny	B/op	8064.5	8066	0.0186000372000672	0.8506493506493507	6	6	0.0186000372000672	0.8506493506493507	false
resource-increase-observed	signals	BenchmarkCompile/coremark	B/op	242192	242232	0.016515822157625593	0.0021645021645021645	6	6	0.016515822157625593	0.0021645021645021645	false
resource-increase-observed	signals	BenchmarkCompileFull/zstd	B/op	997782	997943	0.016135789180404814	0.0021645021645021645	6	6	0.016135789180404814	0.0021645021645021645	false
resource-increase-observed	signals	BenchmarkCompile/zlib	B/op	264368	264408	0.015130424257092656	0.0021645021645021645	6	6	0.015130424257092656	0.0021645021645021645	false
resource-increase-observed	signals	BenchmarkCompileCompact/zlib	B/op	266728	266768	0.014996550793311414	0.0021645021645021645	6	6	0.014996550793311414	0.0021645021645021645	false
resource-increase-observed	signals	BenchmarkPluginInstantiate/sqlite3	B/op	68373	68382	0.013163090693701918	0.30952380952380953	6	6	0.013163090693701918	0.30952380952380953	false
resource-increase-observed	signals	BenchmarkCompileFull/utf-as-simd	B/op	233057	233085	0.012014228278922623	0.0021645021645021645	6	6	0.012014228278922623	0.0021645021645021645	false
not-confirmed-on-repeat	signals	BenchmarkExecParallel/process/isa_bulk_mem.copy_fwd_64	ns/op	359.20000000000005	382.70000000000005	6.542316258351888	0.4775752582321434	12	12	12.827487473156761	0.17965367965367965	true
first-pass-only	signals	BenchmarkExec/isa_simd_i16x8.le_u	ns/op	3388.5	3553	4.854655452265022	0.13203463203463203	6	6	4.854655452265022	0.13203463203463203	false
first-pass-only	signals	BenchmarkExecParallel/independent/linked_list.sum	ns/op	1185.5	1242.5	4.808097849008863	0.9372294372294372	6	6	4.808097849008863	0.9372294372294372	false
first-pass-only	signals	BenchmarkExec/isa_simd_i8x16.abs	ns/op	1734.5	1815.5	4.669933698472173	0.48484848484848486	6	6	4.669933698472173	0.48484848484848486	false
first-pass-only	signals	BenchmarkExecParallel/process/isa_simd_i8x16.avgr_u	ns/op	3848	4026	4.625779625779636	0.13203463203463203	6	6	4.625779625779636	0.13203463203463203	false
first-pass-only	signals	BenchmarkExecParallel/independent/isa_simd_i32x4.trunc_sat_f32x4_s	ns/op	1117.5	1168	4.51901565995525	0.5887445887445888	6	6	4.51901565995525	0.5887445887445888	false
first-pass-only	signals	BenchmarkExecParallel/process/isa_simd_i32x4.extadd_pairwise_u	ns/op	4946	5169.5	4.518803073190458	0.17965367965367965	6	6	4.518803073190458	0.17965367965367965	false
first-pass-only	signals	BenchmarkExec/isa_simd_i32x4.min_u	ns/op	1741	1813	4.135554279149911	0.48484848484848486	6	6	4.135554279149911	0.48484848484848486	false
first-pass-only	signals	BenchmarkExecParallel/independent/isa_simd_i16x8.shr_s	ns/op	162.45	169.10000000000002	4.093567251462016	0.48484848484848486	6	6	4.093567251462016	0.48484848484848486	false
first-pass-only	signals	BenchmarkExecParallel/process/isa_simd_i32x4.add	ns/op	1940.5	2019	4.0453491368203975	0.13203463203463203	6	6	4.0453491368203975	0.13203463203463203	false
first-pass-only	signals	BenchmarkExecParallel/independent/isa_simd_reduce.i16x8_all_true	ns/op	226.95	236	3.9876624807226424	0.9372294372294372	6	6	3.9876624807226424	0.9372294372294372	false
first-pass-only	signals	BenchmarkInstantiate/lz4	ns/op	8393	8719.5	3.8901465506970156	0.06493506493506493	6	6	3.8901465506970156	0.06493506493506493	false
first-pass-only	signals	BenchmarkExec/isa_simd_i16x8.lt_s	ns/op	1751	1816.5	3.740719588806396	0.17965367965367965	6	6	3.740719588806396	0.17965367965367965	false
first-pass-only	signals	BenchmarkExecParallel/independent/blake-as-simd.hashN	ns/op	77562.5	80391.5	3.647381144238526	0.5887445887445888	6	6	3.647381144238526	0.5887445887445888	false
first-pass-only	signals	BenchmarkExec/isa_simd_i32x4.abs	ns/op	1743.5	1805	3.5273874390593596	0.24025974025974026	6	6	3.5273874390593596	0.24025974025974026	false
first-pass-only	signals	BenchmarkExecParallel/independent/utf-as.convertN	ns/op	22604	23389.5	3.475048663953273	1	6	6	3.475048663953273	1	false
first-pass-only	signals	BenchmarkExec/isa_simd_i16x8.eq	ns/op	1747.5	1808	3.4620886981401977	0.09307359307359307	6	6	3.4620886981401977	0.09307359307359307	false
first-pass-only	signals	BenchmarkExecParallel/independent/isa_simd_reduce.i16x8_bitmask	ns/op	220.8	228.35000000000002	3.41938405797102	0.6991341991341992	6	6	3.41938405797102	0.6991341991341992	false
first-pass-only	signals	BenchmarkExecParallel/independent/isa_simd_i32x4.extadd_pairwise_u	ns/op	648.7	670.85	3.414521350393085	1	6	6	3.414521350393085	1	false
first-pass-only	signals	BenchmarkExec/isa_simd_f32x4.add	ns/op	5086	5258.5	3.391663389697208	0.6190476190476191	6	6	3.391663389697208	0.6190476190476191	false
first-pass-only	signals	BenchmarkExec/isa_simd_i32x4.trunc_sat_f32x4_s	ns/op	8172.5	8449	3.383297644539618	0.09307359307359307	6	6	3.383297644539618	0.09307359307359307	false
first-pass-only	signals	BenchmarkExecParallel/independent/isa_simd_f64x2.neg	ns/op	244.3	252.55	3.3769954973393412	0.8181818181818182	6	6	3.3769954973393412	0.8181818181818182	false
first-pass-only	signals	BenchmarkExecParallel/independent/isa_simd_f64x2.max	ns/op	1392.5	1439	3.339317773788153	0.48484848484848486	6	6	3.339317773788153	0.48484848484848486	false
first-pass-only	signals	BenchmarkExecParallel/process/isa_simd_i16x8.shl	ns/op	1111.5	1148.5	3.3288349077822854	0.3939393939393939	6	6	3.3288349077822854	0.3939393939393939	false
first-pass-only	signals	BenchmarkExecParallel/process/isa_i64.shr_u	ns/op	14409.5	14889	3.3276657760505257	0.30952380952380953	6	6	3.3276657760505257	0.30952380952380953	false
first-pass-only	signals	BenchmarkExecParallel/independent/isa_simd_i16x8.sub_sat_u	ns/op	454.2	469	3.2584764420960033	0.461038961038961	6	6	3.2584764420960033	0.461038961038961	false
first-pass-only	signals	BenchmarkExecParallel/process/isa_simd_f64x2.convert_low_i32x4_u	ns/op	4884	5042	3.2350532350532424	0.24025974025974026	6	6	3.2350532350532424	0.24025974025974026	false
first-pass-only	signals	BenchmarkExec/isa_simd_i32x4.max_s	ns/op	1748.5	1805	3.2313411495567657	0.2878787878787879	6	6	3.2313411495567657	0.2878787878787879	false
first-pass-only	signals	BenchmarkExecParallel/process/isa_i32.rotl	ns/op	14267.5	14723.5	3.1960749956194245	0.24025974025974026	6	6	3.1960749956194245	0.24025974025974026	false
first-pass-only	signals	BenchmarkExec/isa_simd_reduce.i8x16_bitmask	ns/op	1441.5	1487.5	3.1911203607353444	0.48484848484848486	6	6	3.1911203607353444	0.48484848484848486	false
first-pass-only	signals	BenchmarkExecParallel/independent/isa_f32.max	ns/op	4612.5	4759.5	3.1869918699187094	0.24025974025974026	6	6	3.1869918699187094	0.24025974025974026	false
first-pass-only	signals	BenchmarkExec/isa_simd_reduce.i32x4_bitmask	ns/op	1383	1427	3.18148951554591	0.683982683982684	6	6	3.18148951554591	0.683982683982684	false
first-pass-only	signals	BenchmarkExecParallel/process/isa_simd_i16x8.lt_u	ns/op	5868.5	6054.5	3.1694640879270652	0.09307359307359307	6	6	3.1694640879270652	0.09307359307359307	false
first-pass-only	signals	BenchmarkExec/isa_simd_i64x2.extmul_low_u	ns/op	6754.5	6965	3.116440891257688	0.7857142857142857	6	6	3.116440891257688	0.7857142857142857	false
first-pass-only	signals	BenchmarkExec/isa_f64.min	ns/op	31555.5	32537.5	3.1119773098192027	0.30952380952380953	6	6	3.1119773098192027	0.30952380952380953	false
first-pass-only	signals	BenchmarkExecParallel/independent/isa_simd_i32x4.trunc_sat_f64x2_s_zero	ns/op	916.3	944.75	3.104878314962356	0.3939393939393939	6	6	3.104878314962356	0.3939393939393939	false
first-pass-only	signals	BenchmarkExecParallel/process/isa_simd_i16x8.gt_u	ns/op	5833.5	6014.5	3.1027684923288	0.09307359307359307	6	6	3.1027684923288	0.09307359307359307	false
first-pass-only	signals	BenchmarkExecParallel/process/isa_i32.popcnt	ns/op	14291	14734	3.0998530543698832	0.8181818181818182	6	6	3.0998530543698832	0.8181818181818182	false
first-pass-only	signals	BenchmarkExecParallel/independent/isa_bulk_mem.fill_256	ns/op	314.25	323.9	3.0708035003977674	0.3939393939393939	6	6	3.0708035003977674	0.3939393939393939	false
first-pass-only	signals	BenchmarkValidate/tiny	ns/op	652.4	672.4	3.065603923973015	0.09307359307359307	6	6	3.065603923973015	0.09307359307359307	false
first-pass-only	signals	BenchmarkExecParallel/process/isa_i32.shr_u	ns/op	14197.5	14622.5	2.9934847684451427	0.24025974025974026	6	6	2.9934847684451427	0.24025974025974026	false
first-pass-only	signals	BenchmarkExecParallel/independent/isa_simd_reduce.i64x2_bitmask	ns/op	210.8	217.10000000000002	2.9886148007590263	0.3939393939393939	6	6	2.9886148007590263	0.3939393939393939	false
first-pass-only	signals	BenchmarkExecParallel/independent/sieve.count	ns/op	9119	9391	2.9827831999122756	0.48484848484848486	6	6	2.9827831999122756	0.48484848484848486	false
first-pass-only	signals	BenchmarkExec/isa_simd_i16x8.ge_u	ns/op	3423	3525	2.9798422436459138	0.09307359307359307	6	6	2.9798422436459138	0.09307359307359307	false
first-pass-only	signals	BenchmarkExecParallel/independent/isa_ctl.select	ns/op	2774.5	2857	2.9735087403135685	0.30952380952380953	6	6	2.9735087403135685	0.30952380952380953	false
first-pass-only	signals	BenchmarkExecParallel/process/isa_bulk_mem.copy_fwd_4096	ns/op	9323.5	9597	2.933447739582773	0.17965367965367965	6	6	2.933447739582773	0.17965367965367965	false
first-pass-only	signals	BenchmarkInstantiate/memory_tree	ns/op	4915	5058.5	2.9196337741607348	0.8181818181818182	6	6	2.9196337741607348	0.8181818181818182	false
first-pass-only	signals	BenchmarkExec/isa_simd_i32x4.extadd_pairwise_s	ns/op	2607	2683	2.9152282316839306	0.48484848484848486	6	6	2.9152282316839306	0.48484848484848486	false
first-pass-only	signals	BenchmarkExec/isa_simd_i16x8.ne	ns/op	3424.5	3524	2.905533654548109	0.17965367965367965	6	6	2.905533654548109	0.17965367965367965	false
first-pass-only	signals	BenchmarkExec/isa_simd_i16x8.add_sat_u	ns/op	3412	3510.5	2.886869871043385	0.24025974025974026	6	6	2.886869871043385	0.24025974025974026	false
first-pass-only	signals	BenchmarkExec/isa_i64.rem_u	ns/op	163650.5	168346	2.8692243531183825	0.6991341991341992	6	6	2.8692243531183825	0.6991341991341992	false
first-pass-only	signals	BenchmarkExecParallel/process/isa_simd_i64x2.ge_s	ns/op	5901	6069.5	2.8554482291136996	0.13203463203463203	6	6	2.8554482291136996	0.13203463203463203	false
first-pass-only	signals	BenchmarkExecParallel/independent/isa_simd_f64x2.mul	ns/op	666.5999999999999	685.6	2.8502850285028636	0.13203463203463203	6	6	2.8502850285028636	0.13203463203463203	false
first-pass-only	signals	BenchmarkExec/isa_simd_i16x8.gt_s	ns/op	1751.5	1801	2.8261490151298974	0.45670995670995673	6	6	2.8261490151298974	0.45670995670995673	false
first-pass-only	signals	BenchmarkExecParallel/independent/isa_call.call_direct	ns/op	2291.5	2356	2.814750163648272	0.8181818181818182	6	6	2.814750163648272	0.8181818181818182	false
first-pass-only	signals	BenchmarkExecParallel/independent/isa_i64.div_s	ns/op	21751.5	22358	2.7883134496471618	0.12121212121212122	6	6	2.7883134496471618	0.12121212121212122	false
first-pass-only	signals	BenchmarkExec/isa_simd_i16x8.q15mulr_sat_s	ns/op	9297	9555	2.775088738302678	0.3939393939393939	6	6	2.775088738302678	0.3939393939393939	false
first-pass-only	signals	BenchmarkExecParallel/process/isa_simd_i16x8.extend_low_s	ns/op	2275.5	2338.5	2.768622280817401	0.24025974025974026	6	6	2.768622280817401	0.24025974025974026	false
first-pass-only	signals	BenchmarkExecParallel/independent/isa_simd_i32x4.trunc_sat_f64x2_u_zero	ns/op	1319.5	1356	2.7661993179234567	0.30952380952380953	6	6	2.7661993179234567	0.30952380952380953	false
first-pass-only	signals	BenchmarkExecParallel/process/isa_simd_i8x16.narrow_i16x8_u	ns/op	3895	4002.5	2.759948652118105	0.09307359307359307	6	6	2.759948652118105	0.09307359307359307	false
first-pass-only	signals	BenchmarkExec/isa_simd_i16x8.extmul_high_s	ns/op	8414	8645.5	2.7513667696696054	0.30952380952380953	6	6	2.7513667696696054	0.30952380952380953	false
first-pass-only	signals	BenchmarkExec/isa_simd_i32x4.neg	ns/op	1243	1277	2.7353177795655714	0.19047619047619047	6	6	2.7353177795655714	0.19047619047619047	false
first-pass-only	signals	BenchmarkExecParallel/process/isa_simd_i64x2.extend_high_u	ns/op	1449.5	1489	2.725077612969984	0.07142857142857142	6	6	2.725077612969984	0.07142857142857142	false
first-pass-only	signals	BenchmarkExec/isa_simd_i16x8.ge_s	ns/op	3433	3526.5	2.7235653946985128	0.06277056277056277	6	6	2.7235653946985128	0.06277056277056277	false
first-pass-only	signals	BenchmarkExec/isa_simd_i32x4.dot	ns/op	5146.5	5286.5	2.7202953463518975	0.13203463203463203	6	6	2.7202953463518975	0.13203463203463203	false
first-pass-only	signals	BenchmarkInstantiate/fib_iter	ns/op	4813	4943	2.701018076044037	0.9372294372294372	6	6	2.701018076044037	0.9372294372294372	false
first-pass-only	signals	BenchmarkExec/isa_i64.shl	ns/op	13647.5	14012.5	2.6744825059534794	0.30952380952380953	6	6	2.6744825059534794	0.30952380952380953	false
first-pass-only	signals	BenchmarkExec/isa_simd_i8x16.neg	ns/op	1234	1267	2.674230145867096	0.6991341991341992	6	6	2.674230145867096	0.6991341991341992	false
first-pass-only	signals	BenchmarkExec/isa_simd_i32x4.trunc_sat_f64x2_u_zero	ns/op	9438	9689	2.6594617503708395	0.48484848484848486	6	6	2.6594617503708395	0.48484848484848486	false
first-pass-only	signals	BenchmarkExec/isa_simd_i64x2.shl	ns/op	953.55	978.8	2.647999580514915	0.3939393939393939	6	6	2.647999580514915	0.3939393939393939	false
first-pass-only	signals	BenchmarkExecParallel/independent/raytrace.render	ns/op	50670	52008.5	2.6416025261496	0.5887445887445888	6	6	2.6416025261496	0.5887445887445888	false
first-pass-only	signals	BenchmarkExecParallel/process/isa_i32.shr_s	ns/op	14312	14689	2.6341531581889344	0.24025974025974026	6	6	2.6341531581889344	0.24025974025974026	false
first-pass-only	signals	BenchmarkExecParallel/process/memory.sum	ns/op	255.95000000000002	262.65	2.617698769290855	0.24025974025974026	6	6	2.617698769290855	0.24025974025974026	false
first-pass-only	signals	BenchmarkInstantiate/fib_rec	ns/op	4819	4943	2.573147956007471	0.6688311688311688	6	6	2.573147956007471	0.6688311688311688	false
first-pass-only	signals	BenchmarkExecParallel/process/isa_f64.min	ns/op	32129	32953	2.5646612094992083	0.30952380952380953	6	6	2.5646612094992083	0.30952380952380953	false
first-pass-only	signals	BenchmarkExec/isa_simd_i32x4.extend_low_s	ns/op	2003.5	2054.5	2.5455452957324765	0.13203463203463203	6	6	2.5455452957324765	0.13203463203463203	false
first-pass-only	signals	BenchmarkExec/isa_simd_i16x8.add	ns/op	1746	1790	2.5200458190148822	0.24025974025974026	6	6	2.5200458190148822	0.24025974025974026	false
first-pass-only	signals	BenchmarkExecParallel/process/isa_i32.and	ns/op	14151.5	14507.5	2.515634385047516	0.48484848484848486	6	6	2.515634385047516	0.48484848484848486	false
first-pass-only	signals	BenchmarkExecParallel/process/isa_simd_f32x4.mul	ns/op	5910	6057.5	2.4957698815566864	0.24025974025974026	6	6	2.4957698815566864	0.24025974025974026	false
first-pass-only	signals	BenchmarkExecParallel/independent/isa_i32.rem_u	ns/op	20791	21309.5	2.493867538838912	0.17965367965367965	6	6	2.493867538838912	0.17965367965367965	false
first-pass-only	signals	BenchmarkExecParallel/independent/isa_simd_i16x8.ne	ns/op	474.3	486.05	2.477335020029514	0.5887445887445888	6	6	2.477335020029514	0.5887445887445888	false
first-pass-only	signals	BenchmarkExecParallel/independent/isa_simd_i32x4.gt_s	ns/op	242.5	248.5	2.4742268041237025	0.7857142857142857	6	6	2.4742268041237025	0.7857142857142857	false
first-pass-only	signals	BenchmarkExec/isa_simd_i64x2.extmul_high_u	ns/op	6849	7017.5	2.4602131698058027	0.48484848484848486	6	6	2.4602131698058027	0.48484848484848486	false
first-pass-only	signals	BenchmarkExecParallel/independent/isa_simd_reduce.i32x4_bitmask	ns/op	215.7	221	2.4571163653222206	0.3939393939393939	6	6	2.4571163653222206	0.3939393939393939	false
first-pass-only	signals	BenchmarkExecParallel/independent/isa_i64.div_u	ns/op	20244.5	20741.5	2.4549877744572512	0.5887445887445888	6	6	2.4549877744572512	0.5887445887445888	false
first-pass-only	signals	BenchmarkExec/isa_simd_i8x16.gt_u	ns/op	5112.5	5236.5	2.4254278728606415	0.5887445887445888	6	6	2.4254278728606415	0.5887445887445888	false
first-pass-only	signals	BenchmarkExec/isa_simd_i16x8.extmul_low_u	ns/op	6809.5	6974	2.4157427123871145	0.30952380952380953	6	6	2.4157427123871145	0.30952380952380953	false
first-pass-only	signals	BenchmarkExecParallel/process/isa_simd_i32x4.mul	ns/op	5946.5	6089.5	2.4047759186075934	0.3939393939393939	6	6	2.4047759186075934	0.3939393939393939	false
first-pass-only	signals	BenchmarkExec/isa_simd_i16x8.extend_high_u	ns/op	1250.5	1280.5	2.3990403838464625	0.22510822510822512	6	6	2.3990403838464625	0.22510822510822512	false
first-pass-only	signals	BenchmarkExecParallel/independent/isa_simd_f64x2.abs	ns/op	250.45	256.45	2.3956877620283423	0.3939393939393939	6	6	2.3956877620283423	0.3939393939393939	false
first-pass-only	signals	BenchmarkExecParallel/independent/isa_simd_f64x2.lt	ns/op	453.75	464.5	2.369146005509637	0.36796536796536794	6	6	2.369146005509637	0.36796536796536794	false
first-pass-only	signals	BenchmarkExec/isa_simd_i32x4.gt_s	ns/op	1766.5	1808	2.3492782337956486	0.14502164502164502	6	6	2.3492782337956486	0.14502164502164502	false
first-pass-only	signals	BenchmarkExec/isa_f64.trunc	ns/op	40570.5	41522.5	2.346532579090721	0.30952380952380953	6	6	2.346532579090721	0.30952380952380953	false
first-pass-only	signals	BenchmarkExec/isa_simd_i16x8.extmul_high_u	ns/op	6789.5	6947.5	2.3271227630900615	0.3939393939393939	6	6	2.3271227630900615	0.3939393939393939	false
first-pass-only	signals	BenchmarkExec/isa_simd_i64x2.extend_high_u	ns/op	1250.5	1279.5	2.319072371051578	0.48484848484848486	6	6	2.319072371051578	0.48484848484848486	false
first-pass-only	signals	BenchmarkExec/isa_simd_f32x4.abs	ns/op	1551.5	1587	2.288108282307455	0.17965367965367965	6	6	2.288108282307455	0.17965367965367965	false
first-pass-only	signals	BenchmarkExecParallel/independent/isa_simd_i16x8.extmul_high_s	ns/op	1127.5	1153	2.261640798226172	0.329004329004329	6	6	2.261640798226172	0.329004329004329	false
first-pass-only	signals	BenchmarkExec/isa_simd_v128.bitselect	ns/op	3473.5	3552	2.259968331653961	0.3939393939393939	6	6	2.259968331653961	0.3939393939393939	false
first-pass-only	signals	BenchmarkExec/isa_simd_i32x4.min_s	ns/op	1770	1810	2.259887005649719	0.5887445887445888	6	6	2.259887005649719	0.5887445887445888	false
first-pass-only	signals	BenchmarkExecParallel/independent/isa_i64.rotl	ns/op	2005	2050	2.244389027431426	0.6991341991341992	6	6	2.244389027431426	0.6991341991341992	false
first-pass-only	signals	BenchmarkExecParallel/process/isa_simd_f64x2.mul	ns/op	5914	6046.5	2.2404463983767275	0.06493506493506493	6	6	2.2404463983767275	0.06493506493506493	false
first-pass-only	signals	BenchmarkExecParallel/independent/swar-pack-parse.pack	ns/op	86.935	88.88	2.2373037326738343	0.17965367965367965	6	6	2.2373037326738343	0.17965367965367965	false
first-pass-only	signals	BenchmarkExec/isa_simd_i32x4.shl	ns/op	965.25	986.75	2.227402227402231	0.06493506493506493	6	6	2.227402227402231	0.06493506493506493	false
first-pass-only	signals	BenchmarkExec/isa_simd_i16x8.lt_u	ns/op	5100	5211.5	2.1862745098039316	0.13203463203463203	6	6	2.1862745098039316	0.13203463203463203	false
first-pass-only	signals	BenchmarkExecParallel/process/isa_simd_v128.and	ns/op	2013.5	2057.5	2.1852495654333337	0.3939393939393939	6	6	2.1852495654333337	0.3939393939393939	false
first-pass-only	signals	BenchmarkExecParallel/independent/json-as.deserializeN	ns/op	6574	6717.5	2.1828414968055876	0.5887445887445888	6	6	2.1828414968055876	0.5887445887445888	false
first-pass-only	signals	BenchmarkExec/isa_simd_i16x8.neg	ns/op	1253	1280	2.154828411811649	0.3939393939393939	6	6	2.154828411811649	0.3939393939393939	false
first-pass-only	signals	BenchmarkExec/isa_simd_i16x8.shr_u	ns/op	974.4	995.3	2.14490968801313	0.33116883116883117	6	6	2.14490968801313	0.33116883116883117	false
first-pass-only	signals	BenchmarkExecParallel/process/isa_simd_f64x2.neg	ns/op	1775	1813	2.140845070422537	0.09307359307359307	6	6	2.140845070422537	0.09307359307359307	false
first-pass-only	signals	BenchmarkExecParallel/process/isa_cvt.reinterpret_f64	ns/op	60321.5	61610	2.1360543089943063	0.9372294372294372	6	6	2.1360543089943063	0.9372294372294372	false
first-pass-only	signals	BenchmarkCompileWorkers/tiny/p8	ns/op	11344.5	11586.5	2.1331922958261806	0.8181818181818182	6	6	2.1331922958261806	0.8181818181818182	false
first-pass-only	signals	BenchmarkExec/isa_i64.and	ns/op	13517.5	13805.5	2.1305714814129795	0.974025974025974	6	6	2.1305714814129795	0.974025974025974	false
first-pass-only	signals	BenchmarkExecParallel/process/isa_simd_i8x16.eq	ns/op	2019	2062	2.1297672114908295	0.09307359307359307	6	6	2.1297672114908295	0.09307359307359307	false
first-pass-only	signals	BenchmarkExec/isa_i64.or	ns/op	13492.5	13778	2.115990365017595	0.9372294372294372	6	6	2.115990365017595	0.9372294372294372	false
first-pass-only	signals	BenchmarkExec/isa_mem.load_i64	ns/op	7185.5	7337.5	2.1153712337345976	0.9372294372294372	6	6	2.1153712337345976	0.9372294372294372	false
first-pass-only	signals	BenchmarkExecParallel/independent/isa_simd_i32x4.abs	ns/op	248.55	253.8	2.112251056125536	0.48484848484848486	6	6	2.112251056125536	0.48484848484848486	false
first-pass-only	signals	BenchmarkExecParallel/independent/isa_simd_i16x8.lt_s	ns/op	260.75	266.25	2.1093000958772867	0.8181818181818182	6	6	2.1093000958772867	0.8181818181818182	false
first-pass-only	signals	BenchmarkExec/isa_simd_i16x8.le_s	ns/op	3455	3527	2.0839363241678788	0.3939393939393939	6	6	2.0839363241678788	0.3939393939393939	false
first-pass-only	signals	BenchmarkExec/isa_i32.popcnt	ns/op	13840	14127	2.0736994219653138	0.30952380952380953	6	6	2.0736994219653138	0.30952380952380953	false
first-pass-only	signals	BenchmarkExecParallel/process/isa_simd_f64x2.convert_low_i32x4_s	ns/op	2845.5	2904.5	2.0734493059216375	0.1645021645021645	6	6	2.0734493059216375	0.1645021645021645	false
first-pass-only	signals	BenchmarkExecParallel/independent/isa_i32.shr_u	ns/op	2098	2141.5	2.0734032411820813	0.48484848484848486	6	6	2.0734032411820813	0.48484848484848486	false
first-pass-only	signals	BenchmarkExec/isa_simd_i8x16.ge_u	ns/op	3408.5	3479	2.068358515476021	0.6991341991341992	6	6	2.068358515476021	0.6991341991341992	false
first-pass-only	signals	BenchmarkExecParallel/process/isa_i64.rotl	ns/op	14594.5	14895	2.058994826818328	0.30952380952380953	6	6	2.058994826818328	0.30952380952380953	false
first-pass-only	signals	BenchmarkExecParallel/process/isa_f64.max	ns/op	32976.5	33654	2.054493351325948	0.3939393939393939	6	6	2.054493351325948	0.3939393939393939	false
first-pass-only	signals	BenchmarkExec/isa_simd_i8x16.narrow_i16x8_u	ns/op	3434.5	3505	2.0527005386519193	0.48484848484848486	6	6	2.0527005386519193	0.48484848484848486	false
first-pass-only	signals	BenchmarkExecParallel/process/isa_simd_i8x16.neg	ns/op	1439.5	1469	2.0493226814866317	0.8181818181818182	6	6	2.0493226814866317	0.8181818181818182	false
first-pass-only	signals	BenchmarkExec/isa_simd_i8x16.sub_sat_u	ns/op	3393.5	3463	2.0480330042728756	0.3939393939393939	6	6	2.0480330042728756	0.3939393939393939	false
first-pass-only	signals	BenchmarkExecParallel/independent/isa_f64.floor	ns/op	5385	5495	2.042711234911798	0.3939393939393939	6	6	2.042711234911798	0.3939393939393939	false
first-pass-only	signals	BenchmarkExec/raytrace.render	ns/op	364954.5	372353.5	2.027376015366289	0.8181818181818182	6	6	2.027376015366289	0.8181818181818182	false
first-pass-only	signals	BenchmarkExecParallel/process/isa_i32.ctz	ns/op	14258.5	14546	2.0163411298523615	0.30952380952380953	6	6	2.0163411298523615	0.30952380952380953	false
first-pass-only	signals	BenchmarkExec/isa_i64.shr_s	ns/op	13644.5	13918.5	2.0081351460295327	0.24025974025974026	6	6	2.0081351460295327	0.24025974025974026	false
first-pass-only	signals	BenchmarkExecParallel/process/isa_cvt.i64_extend_u	ns/op	7786.5	7942.5	2.003467539973025	0.17965367965367965	6	6	2.003467539973025	0.17965367965367965	false
first-pass-only	signals	BenchmarkExec/isa_simd_i16x8.extadd_pairwise_s	ns/op	2625	2677.5	2.0000000000000018	0.5887445887445888	6	6	2.0000000000000018	0.5887445887445888	false
first-pass-only	signals	BenchmarkKernels/sortN	ns/op	57266	58401.5	1.9828519540390444	0.06493506493506493	6	6	1.9828519540390444	0.06493506493506493	false
first-pass-only	signals	BenchmarkExecParallel/independent/isa_simd_i32x4.sub	ns/op	245.35	250.2	1.9767678826166701	0.16666666666666666	6	6	1.9767678826166701	0.16666666666666666	false
first-pass-only	signals	BenchmarkExec/isa_simd_i32x4.ge_u	ns/op	3468.5	3536.5	1.9605016577771472	0.48484848484848486	6	6	1.9605016577771472	0.48484848484848486	false
first-pass-only	signals	BenchmarkExecParallel/process/memory_tree.run	ns/op	10107.5	10305.5	1.9589413801632372	0.3939393939393939	6	6	1.9589413801632372	0.3939393939393939	false
first-pass-only	signals	BenchmarkExecParallel/process/isa_var.global_getset	ns/op	7856.5	8009.5	1.947432062623311	0.6991341991341992	6	6	1.947432062623311	0.6991341991341992	false
first-pass-only	signals	BenchmarkExec/isa_simd_v128.andnot	ns/op	1773.5	1808	1.9453058923033506	0.6991341991341992	6	6	1.9453058923033506	0.6991341991341992	false
first-pass-only	signals	BenchmarkExec/isa_simd_f32x4.sub	ns/op	5145.5	5245.5	1.9434457292780039	0.8181818181818182	6	6	1.9434457292780039	0.8181818181818182	false
first-pass-only	signals	BenchmarkExecParallel/process/isa_simd_reduce.i16x8_all_true	ns/op	1700.5	1733.5	1.9406057042046454	0.9047619047619048	6	6	1.9406057042046454	0.9047619047619048	false
first-pass-only	signals	BenchmarkExecParallel/process/isa_simd_f64x2.add	ns/op	5887	6001	1.9364701885510538	0.48484848484848486	6	6	1.9364701885510538	0.48484848484848486	false
first-pass-only	signals	BenchmarkExec/isa_ctl.br_table	ns/op	18152	18503	1.9336712208021245	0.9372294372294372	6	6	1.9336712208021245	0.9372294372294372	false
first-pass-only	signals	BenchmarkExecParallel/independent/isa_f32.min	ns/op	4625.5	4714.5	1.9241163117500903	0.6991341991341992	6	6	1.9241163117500903	0.6991341991341992	false
first-pass-only	signals	BenchmarkExecParallel/process/isa_mem.store_i32_stride	ns/op	10350.5	10549.5	1.922612434181925	0.6991341991341992	6	6	1.922612434181925	0.6991341991341992	false
first-pass-only	signals	BenchmarkExecParallel/independent/isa_simd_i32x4.trunc_sat_f32x4_u	ns/op	1459	1487	1.9191226867717681	0.9372294372294372	6	6	1.9191226867717681	0.9372294372294372	false
first-pass-only	signals	BenchmarkExec/isa_simd_i32x4.gt_u	ns/op	5164.5	5263.5	1.9169329073482455	0.6991341991341992	6	6	1.9169329073482455	0.6991341991341992	false
first-pass-only	signals	BenchmarkExecParallel/process/isa_i32.shl	ns/op	14241.5	14514.5	1.9169329073482455	0.16883116883116883	6	6	1.9169329073482455	0.16883116883116883	false
first-pass-only	signals	BenchmarkExec/isa_ctl.loop_baseline	ns/op	6818	6948.5	1.914051041361109	0.8181818181818182	6	6	1.914051041361109	0.8181818181818182	false
first-pass-only	signals	BenchmarkExecParallel/process/isa_i32.rem_u	ns/op	157995.5	161012.5	1.9095480567484557	0.3939393939393939	6	6	1.9095480567484557	0.3939393939393939	false
first-pass-only	signals	BenchmarkExec/isa_simd_i16x8.mul	ns/op	5095.5	5192.5	1.9036404670788043	0.6991341991341992	6	6	1.9036404670788043	0.6991341991341992	false
first-pass-only	signals	BenchmarkExec/isa_simd_f64x2.promote_low_f32x4	ns/op	2582.5	2631.5	1.8973862536302066	0.5627705627705628	6	6	1.8973862536302066	0.5627705627705628	false
first-pass-only	signals	BenchmarkExec/isa_simd_i16x8.shl	ns/op	973.5	991.95	1.895223420647163	0.5562770562770563	6	6	1.895223420647163	0.5562770562770563	false
first-pass-only	signals	BenchmarkExec/isa_simd_i32x4.trunc_sat_f32x4_u	ns/op	10389.5	10585	1.8817074931421152	0.13203463203463203	6	6	1.8817074931421152	0.13203463203463203	false
not-confirmed-on-repeat	signals	BenchmarkExecParallel/independent/isa_i32.rotr	ns/op	2214	2255.5	1.8744354110207695	0.4428331797425888	12	12	5.35491905354919	0.3939393939393939	true
first-pass-only	signals	BenchmarkExec/isa_simd_f64x2.eq	ns/op	3449.5	3514	1.869836208146114	0.8181818181818182	6	6	1.869836208146114	0.8181818181818182	false
first-pass-only	signals	BenchmarkExecParallel/process/isa_simd_i16x8.extadd_pairwise_u	ns/op	2921.5	2976	1.8654800616121792	1	6	6	1.8654800616121792	1	false
first-pass-only	signals	BenchmarkExecParallel/process/isa_simd_i8x16.min_s	ns/op	2023.5	2061	1.8532246108228234	0.13203463203463203	6	6	1.8532246108228234	0.13203463203463203	false
first-pass-only	signals	BenchmarkExecParallel/independent/isa_simd_f64x2.le	ns/op	454.29999999999995	462.7	1.8489984591679498	0.6991341991341992	6	6	1.8489984591679498	0.6991341991341992	false
first-pass-only	signals	BenchmarkExec/isa_simd_i16x8.min_s	ns/op	1759	1791.5	1.8476407049459853	0.24025974025974026	6	6	1.8476407049459853	0.24025974025974026	false
first-pass-only	signals	BenchmarkExecParallel/process/utf-as-simd.validateN	ns/op	148274	151009.5	1.8448952614753766	0.24025974025974026	6	6	1.8448952614753766	0.24025974025974026	false
first-pass-only	signals	BenchmarkExec/fannkuch.run	ns/op	1017125.5	1035826.5	1.838612835879161	0.30952380952380953	6	6	1.838612835879161	0.30952380952380953	false
first-pass-only	signals	BenchmarkExecParallel/independent/isa_simd_i16x8.extadd_pairwise_s	ns/op	375.75	382.65	1.8363273453093854	0.30952380952380953	6	6	1.8363273453093854	0.30952380952380953	false
first-pass-only	signals	BenchmarkExecParallel/process/isa_simd_i8x16.shl	ns/op	2322.5	2365	1.829924650161474	0.45670995670995673	6	6	1.829924650161474	0.45670995670995673	false
first-pass-only	signals	BenchmarkExecParallel/independent/isa_simd_i64x2.gt_s	ns/op	459.70000000000005	468.1	1.8272786599956348	0.8181818181818182	6	6	1.8272786599956348	0.8181818181818182	false
first-pass-only	signals	BenchmarkExecParallel/process/isa_simd_i16x8.lt_s	ns/op	2028.5	2065.5	1.8240078876016863	0.3939393939393939	6	6	1.8240078876016863	0.3939393939393939	false
first-pass-only	signals	BenchmarkExec/isa_simd_f32x4.ceil	ns/op	2622	2669.5	1.8115942028985588	0.24025974025974026	6	6	1.8115942028985588	0.24025974025974026	false
first-pass-only	signals	BenchmarkExec/isa_bulk_mem.fill_4096	ns/op	7139	7268	1.8069757669141318	0.30952380952380953	6	6	1.8069757669141318	0.30952380952380953	false
first-pass-only	signals	BenchmarkExec/isa_simd_i64x2.lt_s	ns/op	3452.5	3514.5	1.7958001448225902	0.7316017316017316	6	6	1.7958001448225902	0.7316017316017316	false
first-pass-only	signals	BenchmarkExec/isa_f64.nearest	ns/op	40839.5	41572	1.7936066798075467	0.48484848484848486	6	6	1.7936066798075467	0.48484848484848486	false
first-pass-only	signals	BenchmarkExecParallel/process/isa_simd_v128.andnot	ns/op	1985	2020.5	1.7884130982367852	0.7835497835497836	6	6	1.7884130982367852	0.7835497835497836	false
first-pass-only	signals	BenchmarkExecParallel/independent/isa_simd_reduce.i8x16_bitmask	ns/op	216.05	219.85000000000002	1.7588521175653904	0.3939393939393939	6	6	1.7588521175653904	0.3939393939393939	false
first-pass-only	signals	BenchmarkExec/xjb-mulhi.runN	ns/op	1936	1970	1.7561983471074294	0.48484848484848486	6	6	1.7561983471074294	0.48484848484848486	false
first-pass-only	signals	BenchmarkExecParallel/process/isa_simd_f64x2.ne	ns/op	3940.5	4009.5	1.7510468214693597	0.5541125541125541	6	6	1.7510468214693597	0.5541125541125541	false
first-pass-only	signals	BenchmarkExec/isa_simd_i32x4.le_s	ns/op	3477.5	3537.5	1.7253774263120025	0.3939393939393939	6	6	1.7253774263120025	0.3939393939393939	false
first-pass-only	signals	BenchmarkExecParallel/independent/tiny.add	ns/op	86.72	88.215	1.7239391143911487	0.17965367965367965	6	6	1.7239391143911487	0.17965367965367965	false
first-pass-only	signals	BenchmarkExecParallel/process/isa_simd_i32x4.extmul_high_u	ns/op	7708	7838.5	1.6930461857810108	0.5887445887445888	6	6	1.6930461857810108	0.5887445887445888	false
first-pass-only	signals	BenchmarkExecParallel/independent/isa_i32.or	ns/op	1753.5	1783	1.6823495865412097	0.09307359307359307	6	6	1.6823495865412097	0.09307359307359307	false
first-pass-only	signals	BenchmarkExecParallel/process/isa_simd_i32x4.lt_s	ns/op	2027.5	2061.5	1.676942046855734	0.6991341991341992	6	6	1.676942046855734	0.6991341991341992	false
first-pass-only	signals	BenchmarkExecParallel/process/isa_simd_f32x4.ge	ns/op	3911	3976.5	1.6747634875990736	0.3939393939393939	6	6	1.6747634875990736	0.3939393939393939	false
repeat-significant-slowdown	signals	BenchmarkInstantiate/zstd	ns/op	9283	9437	1.6589464612732918	0.016573747964244667	12	12	4.960053262316921	0.04112554112554113	true
first-pass-only	signals	BenchmarkExecParallel/process/json-as-simd.serializeN	ns/op	26399	26836	1.6553657335505179	1	6	6	1.6553657335505179	1	false
first-pass-only	signals	BenchmarkCompileFullWorkers/tiny/p2	ns/op	34516	35087	1.6543052497392408	0.6991341991341992	6	6	1.6543052497392408	0.6991341991341992	false
first-pass-only	signals	BenchmarkExec/isa_simd_i32x4.mul	ns/op	5170.5	5255.5	1.6439415917222755	0.8181818181818182	6	6	1.6439415917222755	0.8181818181818182	false
first-pass-only	signals	BenchmarkExec/isa_simd_i32x4.trunc_sat_f64x2_s_zero	ns/op	6855.5	6968	1.6410181606009822	0.24025974025974026	6	6	1.6410181606009822	0.24025974025974026	false
first-pass-only	signals	BenchmarkExecParallel/process/isa_simd_i8x16.abs	ns/op	2054.5	2088	1.630567047943532	0.30952380952380953	6	6	1.630567047943532	0.30952380952380953	false
first-pass-only	signals	BenchmarkExecParallel/independent/isa_f64.ceil	ns/op	5308	5394.5	1.629615674453655	0.3939393939393939	6	6	1.629615674453655	0.3939393939393939	false
first-pass-only	signals	BenchmarkExecParallel/process/isa_simd_i16x8.add_sat_u	ns/op	3928	3991.5	1.6165987780040636	0.6991341991341992	6	6	1.6165987780040636	0.6991341991341992	false
first-pass-only	signals	BenchmarkExecParallel/process/isa_simd_i16x8.ge_u	ns/op	3935.5	3999	1.613517977385337	0.24025974025974026	6	6	1.613517977385337	0.24025974025974026	false
first-pass-only	signals	BenchmarkExec/isa_i32.ctz	ns/op	13905.5	14129.5	1.6108733954190768	0.48484848484848486	6	6	1.6108733954190768	0.48484848484848486	false
first-pass-only	signals	BenchmarkExec/isa_simd_i32x4.eq	ns/op	1772.5	1801	1.6078984485190517	0.48484848484848486	6	6	1.6078984485190517	0.48484848484848486	false
first-pass-only	signals	BenchmarkExec/isa_simd_i32x4.extadd_pairwise_u	ns/op	4174.5	4241.5	1.604982632650609	0.17965367965367965	6	6	1.604982632650609	0.17965367965367965	false
first-pass-only	signals	BenchmarkExec/isa_simd_i8x16.add_sat_u	ns/op	3458.5	3514	1.6047419401474583	0.7316017316017316	6	6	1.6047419401474583	0.7316017316017316	false
first-pass-only	signals	BenchmarkExecParallel/process/isa_call.call_direct	ns/op	14840	15076	1.5902964959568777	0.3939393939393939	6	6	1.5902964959568777	0.3939393939393939	false
first-pass-only	signals	BenchmarkExec/isa_i64.mul	ns/op	40614	41258.5	1.5868912197764429	0.8181818181818182	6	6	1.5868912197764429	0.8181818181818182	false
first-pass-only	signals	BenchmarkExec/isa_mem.store_i64	ns/op	7081.5	7193	1.5745251712207864	0.5887445887445888	6	6	1.5745251712207864	0.5887445887445888	false
first-pass-only	signals	BenchmarkExec/isa_simd_i16x8.narrow_i32x4_u	ns/op	3435	3489	1.5720524017467152	0.5887445887445888	6	6	1.5720524017467152	0.5887445887445888	false
first-pass-only	signals	BenchmarkInstantiate/blake-as-simd	ns/op	6021	6115.5	1.5695067264573925	0.48484848484848486	6	6	1.5695067264573925	0.48484848484848486	false
first-pass-only	signals	BenchmarkExecParallel/process/float.run	ns/op	4383	4451.5	1.5628564909879072	0.24025974025974026	6	6	1.5628564909879072	0.24025974025974026	false
first-pass-only	signals	BenchmarkExecParallel/independent/isa_simd_i32x4.extend_low_s	ns/op	301.2	305.9	1.5604249667994674	0.48484848484848486	6	6	1.5604249667994674	0.48484848484848486	false
first-pass-only	signals	BenchmarkExec/isa_simd_i8x16.min_s	ns/op	1727.5	1754	1.534008683068011	0.9372294372294372	6	6	1.534008683068011	0.9372294372294372	false
first-pass-only	signals	BenchmarkExecParallel/process/isa_simd_i32x4.shr_u	ns/op	1076.5	1093	1.532745006967029	0.5151515151515151	6	6	1.532745006967029	0.5151515151515151	false
first-pass-only	signals	BenchmarkExecParallel/process/isa_simd_reduce.i16x8_bitmask	ns/op	1664.5	1690	1.5319915890657843	0.3939393939393939	6	6	1.5319915890657843	0.3939393939393939	false
first-pass-only	signals	BenchmarkExec/isa_simd_i32x4.shr_s	ns/op	980.65	995.65	1.5295977158007457	0.6991341991341992	6	6	1.5295977158007457	0.6991341991341992	false
first-pass-only	signals	BenchmarkExec/isa_mem.store_i32_stride	ns/op	9038.5	9176.5	1.5268020136084637	0.8181818181818182	6	6	1.5268020136084637	0.8181818181818182	false
first-pass-only	signals	BenchmarkExecParallel/process/isa_simd_f32x4.pmax	ns/op	3902.5	3962	1.5246636771300448	0.6991341991341992	6	6	1.5246636771300448	0.6991341991341992	false
first-pass-only	signals	BenchmarkExecParallel/process/isa_simd_i8x16.le_s	ns/op	3932.5	3992	1.5130324221233282	0.6991341991341992	6	6	1.5130324221233282	0.6991341991341992	false
first-pass-only	signals	BenchmarkExecParallel/process/isa_simd_i16x8.max_s	ns/op	2021	2051.5	1.5091538842157304	0.13203463203463203	6	6	1.5091538842157304	0.13203463203463203	false
first-pass-only	signals	BenchmarkExecParallel/process/isa_simd_i32x4.sub	ns/op	2023	2053.5	1.5076618882847281	0.3939393939393939	6	6	1.5076618882847281	0.3939393939393939	false
first-pass-only	signals	BenchmarkExec/isa_simd_i8x16.shr_s	ns/op	3522	3575	1.5048268029528744	0.5887445887445888	6	6	1.5048268029528744	0.5887445887445888	false
first-pass-only	signals	BenchmarkExecParallel/process/isa_simd_f64x2.lt	ns/op	3890.5	3949	1.5036627682817105	0.19264069264069264	6	6	1.5036627682817105	0.19264069264069264	false
first-pass-only	signals	BenchmarkExecParallel/process/isa_simd_i32x4.dot	ns/op	5821.5	5909	1.503049042343041	0.17965367965367965	6	6	1.503049042343041	0.17965367965367965	false
first-pass-only	signals	BenchmarkExecParallel/independent/isa_simd_i16x8.shl	ns/op	163.45	165.9	1.4989293361884481	0.7835497835497836	6	6	1.4989293361884481	0.7835497835497836	false
first-pass-only	signals	BenchmarkExec/isa_cvt.reinterpret_f64	ns/op	60679.5	61586.5	1.494738750319291	0.5887445887445888	6	6	1.494738750319291	0.5887445887445888	false
first-pass-only	signals	BenchmarkExecParallel/process/isa_simd_f32x4.add	ns/op	5845	5932	1.4884516680923943	0.13203463203463203	6	6	1.4884516680923943	0.13203463203463203	false
first-pass-only	signals	BenchmarkExecParallel/process/isa_f64.sub	ns/op	40551	41150	1.477152228058487	0.6991341991341992	6	6	1.477152228058487	0.6991341991341992	false
first-pass-only	signals	BenchmarkExecParallel/independent/isa_simd_f64x2.ge	ns/op	455.25	461.95	1.471718835804503	0.25757575757575757	6	6	1.471718835804503	0.25757575757575757	false
first-pass-only	signals	BenchmarkExecFibLoop_wago	ns/op	34.019999999999996	34.519999999999996	1.4697236919459122	0.9372294372294372	6	6	1.4697236919459122	0.9372294372294372	false
first-pass-only	signals	BenchmarkExecParallel/process/isa_simd_i16x8.ge_s	ns/op	3988.5	4047	1.466716810831148	0.3939393939393939	6	6	1.466716810831148	0.3939393939393939	false
first-pass-only	signals	BenchmarkExec/isa_i32.mul	ns/op	40826.5	41425	1.4659596095673244	0.5887445887445888	6	6	1.4659596095673244	0.5887445887445888	false
first-pass-only	signals	BenchmarkExec/isa_simd_i8x16.shl	ns/op	2016	2045.5	1.4632936507936511	0.19480519480519481	6	6	1.4632936507936511	0.19480519480519481	false
first-pass-only	signals	BenchmarkExecParallel/process/isa_f64.ceil	ns/op	40876	41474	1.462961150797537	0.5887445887445888	6	6	1.462961150797537	0.5887445887445888	false
first-pass-only	signals	BenchmarkExecParallel/process/json-as.deserializeN	ns/op	38290.5	38849.5	1.459892140348118	0.8181818181818182	6	6	1.459892140348118	0.8181818181818182	false
first-pass-only	signals	BenchmarkExecParallel/process/isa_simd_i32x4.extend_high_s	ns/op	2264	2297	1.4575971731448867	0.3939393939393939	6	6	1.4575971731448867	0.3939393939393939	false
first-pass-only	signals	BenchmarkExecParallel/process/isa_f32.min	ns/op	32029.5	32490	1.437737086123736	0.6991341991341992	6	6	1.437737086123736	0.6991341991341992	false
first-pass-only	signals	BenchmarkExecParallel/process/isa_simd_i16x8.sub	ns/op	1983	2011.5	1.437216338880476	0.10173160173160173	6	6	1.437216338880476	0.10173160173160173	false
first-pass-only	signals	BenchmarkExecParallel/process/nbody.step	ns/op	263361.5	267126.5	1.4295939231816268	0.30952380952380953	6	6	1.4295939231816268	0.30952380952380953	false
first-pass-only	signals	BenchmarkExecParallel/process/isa_simd_i64x2.extend_low_u	ns/op	1451	1471.5	1.4128187456926344	0.08658008658008658	6	6	1.4128187456926344	0.08658008658008658	false
first-pass-only	signals	BenchmarkExec/isa_i64.rem_s	ns/op	178080	180583.5	1.4058288409703579	0.3939393939393939	6	6	1.4058288409703579	0.3939393939393939	false
first-pass-only	signals	BenchmarkExec/isa_simd_f64x2.min	ns/op	10309	10453.5	1.4016878455718196	0.3939393939393939	6	6	1.4016878455718196	0.3939393939393939	false
first-pass-only	signals	BenchmarkExec/isa_simd_i16x8.sub	ns/op	1755	1779.5	1.3960113960113985	0.6991341991341992	6	6	1.3960113960113985	0.6991341991341992	false
first-pass-only	signals	BenchmarkExec/isa_simd_i32x4.ge_s	ns/op	3476.5	3525	1.3950812598878093	0.8181818181818182	6	6	1.3950812598878093	0.8181818181818182	false
first-pass-only	signals	BenchmarkExecParallel/process/isa_simd_f64x2.pmin	ns/op	3911	3965.5	1.3935054973152727	0.6991341991341992	6	6	1.3935054973152727	0.6991341991341992	false
first-pass-only	signals	BenchmarkExec/isa_f64.abs	ns/op	40837.5	41404.5	1.3884297520661226	0.6991341991341992	6	6	1.3884297520661226	0.6991341991341992	false
first-pass-only	signals	BenchmarkExec/isa_simd_i64x2.shr_s	ns/op	9809.5	9945.5	1.3864111320658568	0.9372294372294372	6	6	1.3864111320658568	0.9372294372294372	false
first-pass-only	signals	BenchmarkExecParallel/process/matmul.run	ns/op	104565.5	106011	1.3823871162094603	0.5887445887445888	6	6	1.3823871162094603	0.5887445887445888	false
first-pass-only	signals	BenchmarkExecParallel/process/isa_simd_f32x4.ceil	ns/op	2899	2939	1.3797861331493522	0.6666666666666666	6	6	1.3797861331493522	0.6666666666666666	false
first-pass-only	signals	BenchmarkExec/isa_simd_i8x16.add	ns/op	1787.5	1812	1.3706293706293726	0.45454545454545453	6	6	1.3706293706293726	0.45454545454545453	false
first-pass-only	signals	BenchmarkExec/isa_mem.load_f64	ns/op	10273	10413	1.3627956779908468	0.6753246753246753	6	6	1.3627956779908468	0.6753246753246753	false
first-pass-only	signals	BenchmarkExecParallel/process/isa_simd_i8x16.add_sat_s	ns/op	3901.5	3954.5	1.3584518774830245	0.2554112554112554	6	6	1.3584518774830245	0.2554112554112554	false
first-pass-only	signals	BenchmarkExecParallel/independent/isa_simd_i32x4.mul	ns/op	670.8	679.9	1.3565891472868241	0.7857142857142857	6	6	1.3565891472868241	0.7857142857142857	false
first-pass-only	signals	BenchmarkExecParallel/process/blake-as-simd.hashN	ns/op	519005	526013.5	1.3503723470872142	0.8181818181818182	6	6	1.3503723470872142	0.8181818181818182	false
first-pass-only	signals	BenchmarkExecParallel/independent/isa_simd_i8x16.add	ns/op	244	247.25	1.3319672131147486	0.8181818181818182	6	6	1.3319672131147486	0.8181818181818182	false
first-pass-only	signals	BenchmarkExec/isa_simd_i8x16.sub	ns/op	1764.5	1788	1.331822045905362	0.8181818181818182	6	6	1.331822045905362	0.8181818181818182	false
first-pass-only	signals	BenchmarkExec/json-as.deserializeN	ns/op	37225	37720	1.3297515110812563	0.17965367965367965	6	6	1.3297515110812563	0.17965367965367965	false
first-pass-only	signals	BenchmarkExec/isa_bulk_mem.fill_256	ns/op	2031.5	2058.5	1.3290671917302488	0.9372294372294372	6	6	1.3290671917302488	0.9372294372294372	false
first-pass-only	signals	BenchmarkExecParallel/process/isa_simd_i8x16.gt_u	ns/op	5870	5948	1.3287904599659228	0.5887445887445888	6	6	1.3287904599659228	0.5887445887445888	false
first-pass-only	signals	BenchmarkExec/isa_i32.div_u	ns/op	160263	162390	1.327193425806339	0.3939393939393939	6	6	1.327193425806339	0.3939393939393939	false
first-pass-only	signals	BenchmarkExecParallel/independent/isa_simd_i8x16.narrow_i16x8_s	ns/op	457.45	463.45	1.311618756148203	0.30952380952380953	6	6	1.311618756148203	0.30952380952380953	false
first-pass-only	signals	BenchmarkExecParallel/process/isa_f64.div	ns/op	173321	175584	1.3056698265068833	0.8181818181818182	6	6	1.3056698265068833	0.8181818181818182	false
first-pass-only	signals	BenchmarkExecParallel/process/isa_simd_f64x2.gt	ns/op	3914.5	3965.5	1.3028483842125516	0.48484848484848486	6	6	1.3028483842125516	0.48484848484848486	false
first-pass-only	signals	BenchmarkExecParallel/process/isa_cvt.reinterpret_f32	ns/op	53616	54314	1.301850193971954	0.9372294372294372	6	6	1.301850193971954	0.9372294372294372	false
first-pass-only	signals	BenchmarkExecParallel/independent/utf-as-simd.validateN	ns/op	22950.5	23248	1.2962680551621864	0.6991341991341992	6	6	1.2962680551621864	0.6991341991341992	false
first-pass-only	signals	BenchmarkInstantiate/isa_i32	ns/op	3442.5	3487	1.2926652142338346	0.9372294372294372	6	6	1.2926652142338346	0.9372294372294372	false
first-pass-only	signals	BenchmarkExec/isa_f64.sqrt	ns/op	167976.5	170146	1.291549710822637	0.9372294372294372	6	6	1.291549710822637	0.9372294372294372	false
first-pass-only	signals	BenchmarkExecParallel/process/isa_simd_i16x8.shr_u	ns/op	1129	1143.5	1.2843224092117023	1	6	6	1.2843224092117023	1	false
first-pass-only	signals	BenchmarkExecParallel/independent/isa_i64.and	ns/op	1753	1775.5	1.283513976041073	0.45454545454545453	6	6	1.283513976041073	0.45454545454545453	false
first-pass-only	signals	BenchmarkExecParallel/independent/isa_simd_i16x8.extend_high_u	ns/op	207.64999999999998	210.3	1.2761858897182954	0.5822510822510822	6	6	1.2761858897182954	0.5822510822510822	false
first-pass-only	signals	BenchmarkExecParallel/process/isa_mem.store_i32	ns/op	7898	7998.5	1.2724740440617888	0.9372294372294372	6	6	1.2724740440617888	0.9372294372294372	false
first-pass-only	signals	BenchmarkExecParallel/independent/isa_simd_i8x16.abs	ns/op	251.60000000000002	254.8	1.2718600953895098	0.8181818181818182	6	6	1.2718600953895098	0.8181818181818182	false
first-pass-only	signals	BenchmarkExecParallel/independent/isa_i64.rem_s	ns/op	22646	22934	1.2717477700256108	0.3939393939393939	6	6	1.2717477700256108	0.3939393939393939	false
first-pass-only	signals	BenchmarkExec/isa_simd_i16x8.avgr_u	ns/op	3427	3470.5	1.2693317770644974	0.2878787878787879	6	6	1.2693317770644974	0.2878787878787879	false
first-pass-only	signals	BenchmarkExecParallel/process/isa_simd_reduce.i32x4_bitmask	ns/op	1658.5	1679.5	1.2662044015676832	0.2554112554112554	6	6	1.2662044015676832	0.2554112554112554	false
first-pass-only	signals	BenchmarkExecParallel/independent/isa_cvt.promote_demote	ns/op	16784.5	16996.5	1.2630700944323614	0.8181818181818182	6	6	1.2630700944323614	0.8181818181818182	false
first-pass-only	signals	BenchmarkExecParallel/independent/isa_f64.sub	ns/op	5170	5235	1.2572533849129597	0.8181818181818182	6	6	1.2572533849129597	0.8181818181818182	false
first-pass-only	signals	BenchmarkExec/isa_simd_i8x16.le_s	ns/op	3426.5	3469.5	1.254924850430461	1	6	6	1.254924850430461	1	false
first-pass-only	signals	BenchmarkExecParallel/process/isa_mem.store_i64	ns/op	8117	8218.5	1.250461993347285	0.3939393939393939	6	6	1.250461993347285	0.3939393939393939	false
first-pass-only	signals	BenchmarkExec/isa_i32.rem_s	ns/op	177409.5	179627.5	1.2502148983002614	0.9372294372294372	6	6	1.2502148983002614	0.9372294372294372	false
first-pass-only	signals	BenchmarkExecParallel/independent/isa_i32.popcnt	ns/op	1854	1877	1.240560949298808	0.6991341991341992	6	6	1.240560949298808	0.6991341991341992	false
first-pass-only	signals	BenchmarkExec/isa_simd_i64x2.ge_s	ns/op	5199.5	5264	1.2405038946052604	0.9372294372294372	6	6	1.2405038946052604	0.9372294372294372	false
first-pass-only	signals	BenchmarkExecParallel/process/isa_f32.abs	ns/op	40532	41034	1.2385275831441778	0.6991341991341992	6	6	1.2385275831441778	0.6991341991341992	false
first-pass-only	signals	BenchmarkExecParallel/process/isa_simd_i64x2.extend_low_s	ns/op	2185	2212	1.2356979405034219	0.3939393939393939	6	6	1.2356979405034219	0.3939393939393939	false
first-pass-only	signals	BenchmarkExec/isa_simd_i32x4.extend_high_u	ns/op	1256	1271.5	1.234076433121012	0.48484848484848486	6	6	1.234076433121012	0.48484848484848486	false
first-pass-only	signals	BenchmarkExecParallel/process/xjb-mulhi.runN	ns/op	2273.5	2301.5	1.2315812623707956	0.48484848484848486	6	6	1.2315812623707956	0.48484848484848486	false
first-pass-only	signals	BenchmarkExec/isa_i64.sub	ns/op	13626	13793.5	1.2292675766916172	0.5887445887445888	6	6	1.2292675766916172	0.5887445887445888	false
first-pass-only	signals	BenchmarkValidateWorkers/tiny/p4	ns/op	3406	3447.5	1.2184380504991266	0.2597402597402597	6	6	1.2184380504991266	0.2597402597402597	false
first-pass-only	signals	BenchmarkExecParallel/process/isa_simd_i8x16.add_sat_u	ns/op	3910	3957.5	1.2148337595907943	0.10173160173160173	6	6	1.2148337595907943	0.10173160173160173	false
first-pass-only	signals	BenchmarkExec/isa_simd_f64x2.nearest	ns/op	2602	2633.5	1.2106072252113798	0.9372294372294372	6	6	1.2106072252113798	0.9372294372294372	false
first-pass-only	signals	BenchmarkExec/isa_simd_i16x8.max_s	ns/op	1745.5	1766.5	1.2030936694356953	0.9805194805194806	6	6	1.2030936694356953	0.9805194805194806	false
first-pass-only	signals	BenchmarkExecParallel/process/isa_simd_i64x2.mul	ns/op	12835.5	12989	1.1959019905730228	0.9372294372294372	6	6	1.1959019905730228	0.9372294372294372	false
first-pass-only	signals	BenchmarkExec/isa_simd_i16x8.abs	ns/op	1756.5	1777.5	1.1955593509820561	0.9372294372294372	6	6	1.1955593509820561	0.9372294372294372	false
first-pass-only	signals	BenchmarkExec/arith.run	ns/op	1349.5	1365.5	1.1856243052982496	0.9372294372294372	6	6	1.1856243052982496	0.9372294372294372	false
first-pass-only	signals	BenchmarkExec/isa_simd_i8x16.avgr_u	ns/op	3458	3498.5	1.1711972238288126	0.4199134199134199	6	6	1.1711972238288126	0.4199134199134199	false
first-pass-only	signals	BenchmarkExecParallel/independent/dispatch.apply	ns/op	84.625	85.61500000000001	1.1698670605613026	1	6	6	1.1698670605613026	1	false
first-pass-only	signals	BenchmarkExecParallel/independent/isa_simd_i32x4.extmul_low_s	ns/op	1113	1126	1.1680143755615546	0.30303030303030304	6	6	1.1680143755615546	0.30303030303030304	false
first-pass-only	signals	BenchmarkExecParallel/process/isa_simd_reduce.v128_any_true	ns/op	2101	2125.5	1.1661113755354613	0.5887445887445888	6	6	1.1661113755354613	0.5887445887445888	false
first-pass-only	signals	BenchmarkExecParallel/process/isa_i64.div_s	ns/op	165601	167528.5	1.1639422467255578	0.6991341991341992	6	6	1.1639422467255578	0.6991341991341992	false
first-pass-only	signals	BenchmarkExecParallel/process/isa_f32.floor	ns/op	41066	41542	1.1591097258072391	0.8181818181818182	6	6	1.1591097258072391	0.8181818181818182	false
first-pass-only	signals	BenchmarkExec/isa_simd_f32x4.nearest	ns/op	2643	2673.5	1.1539916761256208	1	6	6	1.1539916761256208	1	false
first-pass-only	signals	BenchmarkExecParallel/independent/json-as-simd.deserializeN	ns/op	7385.5	7470.5	1.1509037979825276	0.5887445887445888	6	6	1.1509037979825276	0.5887445887445888	false
first-pass-only	signals	BenchmarkExec/qoi.qoi_encode_run	ns/op	7860.5	7950.5	1.1449653329940856	0.3939393939393939	6	6	1.1449653329940856	0.3939393939393939	false
first-pass-only	signals	BenchmarkExec/isa_f32.nearest	ns/op	40799	41263.5	1.1385082967719784	0.8181818181818182	6	6	1.1385082967719784	0.8181818181818182	false
first-pass-only	signals	BenchmarkExecParallel/process/isa_simd_f64x2.div	ns/op	22599.5	22856	1.1349808624084634	0.3939393939393939	6	6	1.1349808624084634	0.3939393939393939	false
first-pass-only	signals	BenchmarkExecParallel/process/isa_simd_i8x16.gt_s	ns/op	2036.5	2059.5	1.129388657009578	0.3939393939393939	6	6	1.129388657009578	0.3939393939393939	false
first-pass-only	signals	BenchmarkExec/isa_simd_f32x4.min	ns/op	10303.5	10419	1.1209783083418356	0.3939393939393939	6	6	1.1209783083418356	0.3939393939393939	false
first-pass-only	signals	BenchmarkExecParallel/process/isa_i64.mul	ns/op	40556	41010.5	1.120672650162735	0.3939393939393939	6	6	1.120672650162735	0.3939393939393939	false
first-pass-only	signals	BenchmarkExecParallel/process/isa_simd_i64x2.extmul_high_s	ns/op	7795	7882	1.116100064143688	0.3939393939393939	6	6	1.116100064143688	0.3939393939393939	false
first-pass-only	signals	BenchmarkExecParallel/process/isa_bulk_mem.copy_fwd_256	ns/op	2380.5	2407	1.1132115101869289	0.37012987012987014	6	6	1.1132115101869289	0.37012987012987014	false
first-pass-only	signals	BenchmarkExecParallel/independent/isa_simd_f32x4.lt	ns/op	460.5	465.6	1.1074918566775338	0.48484848484848486	6	6	1.1074918566775338	0.48484848484848486	false
first-pass-only	signals	BenchmarkExec/isa_simd_i64x2.extmul_low_s	ns/op	6917.5	6994	1.105890856523306	0.8181818181818182	6	6	1.105890856523306	0.8181818181818182	false
first-pass-only	signals	BenchmarkExecParallel/independent/isa_f32.ceil	ns/op	5347.5	5406.5	1.1033193080878911	0.8181818181818182	6	6	1.1033193080878911	0.8181818181818182	false
first-pass-only	signals	BenchmarkExec/isa_f64.neg	ns/op	40929.5	41380.5	1.1018947214112007	0.3939393939393939	6	6	1.1018947214112007	0.3939393939393939	false
first-pass-only	signals	BenchmarkExecParallel/independent/isa_simd_i8x16.avgr_u	ns/op	455.5	460.5	1.0976948408342402	0.7835497835497836	6	6	1.0976948408342402	0.7835497835497836	false
first-pass-only	signals	BenchmarkExecParallel/process/isa_simd_i32x4.le_s	ns/op	3954	3997	1.0875063227111736	0.5887445887445888	6	6	1.0875063227111736	0.5887445887445888	false
first-pass-only	signals	BenchmarkExec/isa_simd_i16x8.max_u	ns/op	1751	1770	1.0850942318675116	0.8181818181818182	6	6	1.0850942318675116	0.8181818181818182	false
first-pass-only	signals	BenchmarkExecParallel/process/isa_simd_i16x8.avgr_u	ns/op	3964.5	4007.5	1.084626056249216	0.8181818181818182	6	6	1.084626056249216	0.8181818181818182	false
first-pass-only	signals	BenchmarkExec/isa_i64.div_u	ns/op	158290.5	159998	1.0787128728508621	1	6	6	1.0787128728508621	1	false
first-pass-only	signals	BenchmarkExec/fib_rec.fib	ns/op	1217396	1230518.5	1.077915485183123	0.8181818181818182	6	6	1.077915485183123	0.8181818181818182	false
first-pass-only	signals	BenchmarkExecParallel/process/isa_simd_i8x16.max_u	ns/op	2007.5	2029	1.0709838107098468	0.9372294372294372	6	6	1.0709838107098468	0.9372294372294372	false
first-pass-only	signals	BenchmarkExecParallel/independent/isa_simd_f64x2.promote_low_f32x4	ns/op	350.15	353.9	1.070969584463799	0.6190476190476191	6	6	1.070969584463799	0.6190476190476191	false
first-pass-only	signals	BenchmarkExec/coremark.coremark_run	ns/op	31695077.5	32034095.5	1.0696235085716488	0.5887445887445888	6	6	1.0696235085716488	0.5887445887445888	false
first-pass-only	signals	BenchmarkExec/isa_simd_f32x4.ne	ns/op	3469	3506	1.0665897953300751	1	6	6	1.0665897953300751	1	false
first-pass-only	signals	BenchmarkExecParallel/independent/isa_simd_f64x2.ne	ns/op	454	458.8	1.0572687224669641	0.3939393939393939	6	6	1.0572687224669641	0.3939393939393939	false
first-pass-only	signals	BenchmarkExecParallel/independent/isa_simd_i32x4.le_s	ns/op	474.05	479.04999999999995	1.0547410610694863	0.3939393939393939	6	6	1.0547410610694863	0.3939393939393939	false
first-pass-only	signals	BenchmarkExecParallel/independent/isa_i32.rem_s	ns/op	22490	22727	1.0538016896398439	0.8181818181818182	6	6	1.0538016896398439	0.8181818181818182	false
first-pass-only	signals	BenchmarkExecParallel/process/isa_simd_i8x16.lt_u	ns/op	5937	5999.5	1.052720229071924	0.5887445887445888	6	6	1.052720229071924	0.5887445887445888	false
first-pass-only	signals	BenchmarkExecParallel/independent/isa_simd_i8x16.add_sat_u	ns/op	456.8	461.6	1.050788091068311	0.7380952380952381	6	6	1.050788091068311	0.7380952380952381	false
first-pass-only	signals	BenchmarkExecParallel/independent/isa_simd_v128.bitselect	ns/op	499.8	505.05	1.0504201680672232	0.9372294372294372	6	6	1.0504201680672232	0.9372294372294372	false
first-pass-only	signals	BenchmarkExec/isa_i64.div_s	ns/op	170823	172603.5	1.0423069492983883	0.30952380952380953	6	6	1.0423069492983883	0.30952380952380953	false
first-pass-only	signals	BenchmarkExecParallel/independent/isa_simd_i8x16.popcnt	ns/op	736.4	744.05	1.0388375882672385	0.8181818181818182	6	6	1.0388375882672385	0.8181818181818182	false
first-pass-only	signals	BenchmarkExec/isa_simd_f64x2.le	ns/op	3422.5	3458	1.037253469685906	0.4155844155844156	6	6	1.037253469685906	0.4155844155844156	false
first-pass-only	signals	BenchmarkExecParallel/process/isa_simd_i16x8.extend_high_u	ns/op	1446.5	1461.5	1.0369858278603594	0.5670995670995671	6	6	1.0369858278603594	0.5670995670995671	false
first-pass-only	signals	BenchmarkInstantiate/isa_i64	ns/op	3464	3499.5	1.024826789838329	0.3939393939393939	6	6	1.024826789838329	0.3939393939393939	false
first-pass-only	signals	BenchmarkExecParallel/independent/isa_simd_i16x8.q15mulr_sat_s	ns/op	1270	1283	1.0236220472440882	0.974025974025974	6	6	1.0236220472440882	0.974025974025974	false
first-pass-only	signals	BenchmarkExecParallel/process/isa_i32.mul	ns/op	40591.5	41001.5	1.0100636832834464	1	6	6	1.0100636832834464	1	false
first-pass-only	signals	BenchmarkExec/isa_simd_i16x8.min_u	ns/op	1738.5	1756	1.0066148979004819	0.8181818181818182	6	6	1.0066148979004819	0.8181818181818182	false
first-pass-only	signals	BenchmarkExecParallel/independent/isa_simd_f32x4.mul	ns/op	670.55	677.25	0.9991797777943567	0.3939393939393939	6	6	0.9991797777943567	0.3939393939393939	false
first-pass-only	signals	BenchmarkExecParallel/process/isa_simd_i64x2.extmul_low_u	ns/op	7878.5	7957	0.9963825601320142	0.9372294372294372	6	6	0.9963825601320142	0.9372294372294372	false
first-pass-only	signals	BenchmarkExecParallel/process/isa_simd_i8x16.ge_u	ns/op	3919.5	3958.5	0.995024875621886	0.3939393939393939	6	6	0.995024875621886	0.3939393939393939	false
first-pass-only	signals	BenchmarkExec/isa_simd_i8x16.lt_u	ns/op	5143.5	5194	0.9818217167298471	1	6	6	0.9818217167298471	1	false
first-pass-only	signals	BenchmarkExec/isa_i32.xor	ns/op	13624.5	13758	0.9798524716503332	0.6991341991341992	6	6	0.9798524716503332	0.6991341991341992	false
first-pass-only	signals	BenchmarkExec/isa_simd_f32x4.pmax	ns/op	3480	3514	0.9770114942528663	0.5887445887445888	6	6	0.9770114942528663	0.5887445887445888	false
first-pass-only	signals	BenchmarkExec/isa_simd_i32x4.ne	ns/op	3495	3529	0.9728183118741018	0.9372294372294372	6	6	0.9728183118741018	0.9372294372294372	false
first-pass-only	signals	BenchmarkExecParallel/process/isa_simd_i32x4.shl	ns/op	1080	1090.5	0.9722222222222188	0.7316017316017316	6	6	0.9722222222222188	0.7316017316017316	false
first-pass-only	signals	BenchmarkExecParallel/independent/isa_i32.add	ns/op	1751.5	1768.5	0.9705966314587533	0.8181818181818182	6	6	0.9705966314587533	0.8181818181818182	false
first-pass-only	signals	BenchmarkExecParallel/process/isa_bulk_mem.fill_4096	ns/op	8242.5	8322.5	0.9705793145283526	0.8181818181818182	6	6	0.9705793145283526	0.8181818181818182	false
first-pass-only	signals	BenchmarkExec/isa_f32.div	ns/op	152073.5	153546	0.9682817847948444	0.30952380952380953	6	6	0.9682817847948444	0.30952380952380953	false
first-pass-only	signals	BenchmarkExec/isa_i32.rem_u	ns/op	165067	166663.5	0.9671830226514189	0.48484848484848486	6	6	0.9671830226514189	0.48484848484848486	false
first-pass-only	signals	BenchmarkExecParallel/process/isa_simd_i64x2.eq	ns/op	3944	3982	0.9634888438133871	1	6	6	0.9634888438133871	1	false
first-pass-only	signals	BenchmarkExecParallel/independent/crc32.hashN	ns/op	2083	2103	0.9601536245799291	0.974025974025974	6	6	0.9601536245799291	0.974025974025974	false
first-pass-only	signals	BenchmarkExecParallel/process/isa_bulk_mem.fill_64	ns/op	350.70000000000005	354.05	0.9552323923581296	0.9372294372294372	6	6	0.9552323923581296	0.9372294372294372	false
first-pass-only	signals	BenchmarkExec/fib_iter.fib	ns/op	87.19999999999999	88.02	0.9403669724770802	0.8181818181818182	6	6	0.9403669724770802	0.8181818181818182	false
first-pass-only	signals	BenchmarkExecParallel/independent/isa_f32.div	ns/op	18858	19035	0.9385937002863498	0.48484848484848486	6	6	0.9385937002863498	0.48484848484848486	false
first-pass-only	signals	BenchmarkExecParallel/process/isa_simd_f64x2.sqrt	ns/op	17575.5	17740	0.9359619925464413	0.3939393939393939	6	6	0.9359619925464413	0.3939393939393939	false
first-pass-only	signals	BenchmarkExec/isa_i32.rotl	ns/op	13868.5	13998	0.9337707754984326	0.5887445887445888	6	6	0.9337707754984326	0.5887445887445888	false
first-pass-only	signals	BenchmarkExecParallel/process/isa_simd_i64x2.extmul_high_u	ns/op	7825.5	7898.5	0.932847741358378	0.30952380952380953	6	6	0.932847741358378	0.30952380952380953	false
first-pass-only	signals	BenchmarkExec/isa_simd_f32x4.neg	ns/op	1570.5	1585	0.9232728430436099	0.5887445887445888	6	6	0.9232728430436099	0.5887445887445888	false
first-pass-only	signals	BenchmarkExec/linked_list.sum	ns/op	8166	8241	0.9184423218221882	0.8181818181818182	6	6	0.9184423218221882	0.8181818181818182	false
first-pass-only	signals	BenchmarkExec/isa_simd_i16x8.extmul_low_s	ns/op	8453.5	8531	0.9167800319394237	0.5887445887445888	6	6	0.9167800319394237	0.5887445887445888	false
first-pass-only	signals	BenchmarkExec/isa_bulk_mem.copy_back_4096	ns/op	10494	10590	0.914808461978267	0.8181818181818182	6	6	0.914808461978267	0.8181818181818182	false
first-pass-only	signals	BenchmarkExecParallel/independent/isa_f32.add	ns/op	5138.5	5185.5	0.9146638123966211	0.8181818181818182	6	6	0.9146638123966211	0.8181818181818182	false
first-pass-only	signals	BenchmarkExecParallel/independent/isa_simd_i64x2.mul	ns/op	1642.5	1657.5	0.9132420091324311	0.6991341991341992	6	6	0.9132420091324311	0.6991341991341992	false
first-pass-only	signals	BenchmarkExec/isa_simd_i8x16.shr_u	ns/op	2037	2055.5	0.90819833087874	0.7857142857142857	6	6	0.90819833087874	0.7857142857142857	false
first-pass-only	signals	BenchmarkExecParallel/independent/many_funcs.run	ns/op	86.86500000000001	87.64	0.892189028952961	0.48484848484848486	6	6	0.892189028952961	0.48484848484848486	false
first-pass-only	signals	BenchmarkExecParallel/process/isa_simd_i32x4.le_u	ns/op	3979.5	4015	0.8920718683251616	0.8181818181818182	6	6	0.8920718683251616	0.8181818181818182	false
first-pass-only	signals	BenchmarkExecParallel/independent/isa_simd_i16x8.avgr_u	ns/op	456.85	460.9	0.8865054175331011	0.5887445887445888	6	6	0.8865054175331011	0.5887445887445888	false
first-pass-only	signals	BenchmarkExec/isa_simd_i16x8.sub_sat_u	ns/op	3434	3464	0.873616773442043	0.48484848484848486	6	6	0.873616773442043	0.48484848484848486	false
first-pass-only	signals	BenchmarkExec/isa_simd_i32x4.max_u	ns/op	1774.5	1790	0.873485488870096	0.33116883116883117	6	6	0.873485488870096	0.33116883116883117	false
first-pass-only	signals	BenchmarkExec/isa_f64.mul	ns/op	40947.5	41303.5	0.8694059466389792	0.9372294372294372	6	6	0.8694059466389792	0.9372294372294372	false
first-pass-only	signals	BenchmarkExec/isa_simd_f64x2.lt	ns/op	3451.5	3481.5	0.8691873098652714	0.9372294372294372	6	6	0.8691873098652714	0.9372294372294372	false
first-pass-only	signals	BenchmarkExecParallel/independent/isa_i64.popcnt	ns/op	1853.5	1869.5	0.863231723765856	0.8181818181818182	6	6	0.863231723765856	0.8181818181818182	false
first-pass-only	signals	BenchmarkExec/blake-as.hashN	ns/op	659234	664922	0.8628195754466494	0.5887445887445888	6	6	0.8628195754466494	0.5887445887445888	false
first-pass-only	signals	BenchmarkExecParallel/process/isa_simd_v128.bitselect	ns/op	4006	4040.5	0.8612081877184208	0.6991341991341992	6	6	0.8612081877184208	0.6991341991341992	false
first-pass-only	signals	BenchmarkExecParallel/independent/isa_i64.xor	ns/op	1760	1775	0.8522727272727293	0.461038961038961	6	6	0.8522727272727293	0.461038961038961	false
first-pass-only	signals	BenchmarkExec/isa_simd_f32x4.gt	ns/op	3475	3504.5	0.8489208633093437	0.974025974025974	6	6	0.8489208633093437	0.974025974025974	false
first-pass-only	signals	BenchmarkExec/isa_simd_i32x4.extend_high_s	ns/op	2004	2021	0.8483033932135786	0.5887445887445888	6	6	0.8483033932135786	0.5887445887445888	false
first-pass-only	signals	BenchmarkExecParallel/independent/isa_f32.sqrt	ns/op	15876	16010.5	0.847190728143099	0.48484848484848486	6	6	0.847190728143099	0.48484848484848486	false
first-pass-only	signals	BenchmarkExecParallel/process/isa_simd_f64x2.pmax	ns/op	3907.5	3940.5	0.8445297504798388	0.9004329004329005	6	6	0.8445297504798388	0.9004329004329005	false
first-pass-only	signals	BenchmarkExec/isa_mem.load_i32	ns/op	7233.5	7294	0.8363862583811388	0.8181818181818182	6	6	0.8363862583811388	0.8181818181818182	false
first-pass-only	signals	BenchmarkExec/isa_simd_f32x4.trunc	ns/op	2642.5	2664.5	0.8325449385051975	0.48484848484848486	6	6	0.8325449385051975	0.48484848484848486	false
first-pass-only	signals	BenchmarkExecParallel/process/isa_simd_f64x2.sub	ns/op	5899.5	5948.5	0.8305788626154831	0.5887445887445888	6	6	0.8305788626154831	0.5887445887445888	false
first-pass-only	signals	BenchmarkExecParallel/process/isa_simd_i32x4.neg	ns/op	1453.5	1465.5	0.8255933952528327	0.6991341991341992	6	6	0.8255933952528327	0.6991341991341992	false
first-pass-only	signals	BenchmarkExec/isa_simd_f64x2.convert_low_i32x4_s	ns/op	2605.5	2627	0.8251775091153268	0.6601731601731602	6	6	0.8251775091153268	0.6601731601731602	false
first-pass-only	signals	BenchmarkExecParallel/independent/isa_simd_i8x16.le_u	ns/op	463.45	467.25	0.8199374258280212	0.8181818181818182	6	6	0.8199374258280212	0.8181818181818182	false
first-pass-only	signals	BenchmarkExec/isa_simd_i64x2.extmul_high_s	ns/op	6952.5	7009.5	0.8198489751887861	0.5887445887445888	6	6	0.8198489751887861	0.5887445887445888	false
first-pass-only	signals	BenchmarkExec/isa_simd_f64x2.convert_low_i32x4_u	ns/op	4366.5	4402	0.8130081300812941	0.6991341991341992	6	6	0.8130081300812941	0.6991341991341992	false
first-pass-only	signals	BenchmarkExecParallel/independent/isa_i32.sub	ns/op	1791.5	1806	0.8093776165224664	0.5887445887445888	6	6	0.8093776165224664	0.5887445887445888	false
first-pass-only	signals	BenchmarkExecParallel/process/isa_ctl.br_table	ns/op	18942.5	19094.5	0.8024284017421168	0.48484848484848486	6	6	0.8024284017421168	0.48484848484848486	false
first-pass-only	signals	BenchmarkExec/isa_f32.abs	ns/op	41162.5	41491.5	0.7992711812936593	0.8181818181818182	6	6	0.7992711812936593	0.8181818181818182	false
first-pass-only	signals	BenchmarkExecCommuteSelfUpdate/json-as.deserializeN/off	ns/op	38695.5	39000	0.7869132069620477	0.24025974025974026	6	6	0.7869132069620477	0.24025974025974026	false
first-pass-only	signals	BenchmarkExecParallel/process/isa_i64.rem_u	ns/op	162454	163731.5	0.7863764511800264	0.8181818181818182	6	6	0.7863764511800264	0.8181818181818182	false
first-pass-only	signals	BenchmarkExec/utf-as-simd.validateN	ns/op	149432.5	150605.5	0.7849698024191554	0.48484848484848486	6	6	0.7849698024191554	0.48484848484848486	false
first-pass-only	signals	BenchmarkExec/isa_simd_i32x4.extmul_high_s	ns/op	8684	8752	0.7830492860432914	0.48484848484848486	6	6	0.7830492860432914	0.48484848484848486	false
first-pass-only	signals	BenchmarkExec/isa_simd_f32x4.pmin	ns/op	3499.5	3526.5	0.771538791255888	0.7380952380952381	6	6	0.771538791255888	0.7380952380952381	false
first-pass-only	signals	BenchmarkExecParallel/process/isa_simd_i64x2.extmul_low_s	ns/op	7783.5	7843.5	0.7708614376565892	0.30952380952380953	6	6	0.7708614376565892	0.30952380952380953	false
first-pass-only	signals	BenchmarkExecParallel/independent/isa_i32.xor	ns/op	1753	1766.5	0.7701083856246349	0.6147186147186147	6	6	0.7701083856246349	0.6147186147186147	false
first-pass-only	signals	BenchmarkInstantiate/blake3	ns/op	6434.5	6484	0.769290543165746	0.5887445887445888	6	6	0.769290543165746	0.5887445887445888	false
first-pass-only	signals	BenchmarkExecParallel/process/isa_i64.sub	ns/op	14361.5	14471.5	0.7659367057758493	0.6991341991341992	6	6	0.7659367057758493	0.6991341991341992	false
first-pass-only	signals	BenchmarkExec/isa_simd_f64x2.add	ns/op	5120	5159	0.7617187499999956	0.6991341991341992	6	6	0.7617187499999956	0.6991341991341992	false
first-pass-only	signals	BenchmarkExecParallel/process/arith.run	ns/op	1576	1588	0.761421319796951	0.6991341991341992	6	6	0.761421319796951	0.6991341991341992	false
first-pass-only	signals	BenchmarkExecParallel/process/isa_simd_i16x8.add_sat_s	ns/op	3875	3904.5	0.7612903225806544	0.24025974025974026	6	6	0.7612903225806544	0.24025974025974026	false
first-pass-only	signals	BenchmarkExec/isa_bulk_mem.copy_fwd_64	ns/op	303.5	305.8	0.7578253706754579	0.8181818181818182	6	6	0.7578253706754579	0.8181818181818182	false
first-pass-only	signals	BenchmarkExec/isa_simd_i32x4.sub	ns/op	1790.5	1804	0.7539793353811719	0.6991341991341992	6	6	0.7539793353811719	0.6991341991341992	false
first-pass-only	signals	BenchmarkExecParallel/independent/isa_simd_i32x4.extadd_pairwise_s	ns/op	379.4	382.25	0.7511860832894124	0.6991341991341992	6	6	0.7511860832894124	0.6991341991341992	false
first-pass-only	signals	BenchmarkJsonAsSerialize_wago	ns/op	114.55	115.4	0.7420340462680031	0.22294372294372294	6	6	0.7420340462680031	0.22294372294372294	false
first-pass-only	signals	BenchmarkExecParallel/process/isa_simd_f64x2.ceil	ns/op	2856	2877	0.7352941176470562	0.30952380952380953	6	6	0.7352941176470562	0.30952380952380953	false
first-pass-only	signals	BenchmarkExecParallel/process/json-as.serializeN	ns/op	22130	22291	0.7275192046995116	0.5887445887445888	6	6	0.7275192046995116	0.5887445887445888	false
first-pass-only	signals	BenchmarkExecParallel/process/utf-as.convertN	ns/op	153549	154665.5	0.7271294505337034	1	6	6	0.7271294505337034	1	false
first-pass-only	signals	BenchmarkExecParallel/independent/isa_simd_reduce.i32x4_all_true	ns/op	227.10000000000002	228.75	0.7265521796565366	0.5887445887445888	6	6	0.7265521796565366	0.5887445887445888	false
first-pass-only	signals	BenchmarkExecParallel/process/isa_simd_reduce.i32x4_all_true	ns/op	1721	1733.5	0.7263219058686765	0.48484848484848486	6	6	0.7263219058686765	0.48484848484848486	false
first-pass-only	signals	BenchmarkExecParallel/process/isa_simd_i8x16.popcnt	ns/op	5682.5	5723.5	0.7215134183897964	0.9372294372294372	6	6	0.7215134183897964	0.9372294372294372	false
first-pass-only	signals	BenchmarkExecParallel/independent/isa_simd_i32x4.add	ns/op	244.9	246.64999999999998	0.7145773785218301	0.48484848484848486	6	6	0.7145773785218301	0.48484848484848486	false
first-pass-only	signals	BenchmarkExec/isa_simd_reduce.i16x8_all_true	ns/op	1401	1411	0.7137758743754441	0.854978354978355	6	6	0.7137758743754441	0.854978354978355	false
first-pass-only	signals	BenchmarkExecParallel/independent/isa_simd_i16x8.mul	ns/op	671.45	676.2	0.7074242311415624	1	6	6	0.7074242311415624	1	false
first-pass-only	signals	BenchmarkExecParallel/process/isa_i32.clz	ns/op	14358	14459	0.7034405906115149	0.8181818181818182	6	6	0.7034405906115149	0.8181818181818182	false
first-pass-only	signals	BenchmarkCompileCompact/fib_iter	ns/op	15284	15391	0.7000785134781529	0.9372294372294372	6	6	0.7000785134781529	0.9372294372294372	false
first-pass-only	signals	BenchmarkExec/isa_simd_i8x16.add_sat_s	ns/op	3504	3528.5	0.6992009132420041	0.8181818181818182	6	6	0.6992009132420041	0.8181818181818182	false
first-pass-only	signals	BenchmarkExec/isa_simd_i32x4.extmul_high_u	ns/op	6987	7035.5	0.6941462716473445	0.3939393939393939	6	6	0.6941462716473445	0.3939393939393939	false
first-pass-only	signals	BenchmarkExec/isa_simd_i32x4.lt_u	ns/op	5187	5223	0.6940427993059606	0.9372294372294372	6	6	0.6940427993059606	0.9372294372294372	false
first-pass-only	signals	BenchmarkExecParallel/process/isa_simd_i32x4.extadd_pairwise_s	ns/op	2882.5	2902.5	0.6938421509106618	0.8181818181818182	6	6	0.6938421509106618	0.8181818181818182	false
first-pass-only	signals	BenchmarkExec/isa_simd_f64x2.div	ns/op	22001	22153.5	0.6931503113494886	0.48484848484848486	6	6	0.6931503113494886	0.48484848484848486	false
first-pass-only	signals	BenchmarkExec/isa_simd_i64x2.extend_low_s	ns/op	1876.5	1889.5	0.6927791100453051	0.8181818181818182	6	6	0.6927791100453051	0.8181818181818182	false
first-pass-only	signals	BenchmarkExec/isa_simd_i16x8.extadd_pairwise_u	ns/op	2627	2645	0.685192234488019	0.7380952380952381	6	6	0.685192234488019	0.7380952380952381	false
first-pass-only	signals	BenchmarkExecParallel/process/isa_simd_i8x16.ne	ns/op	3950.5	3977.5	0.6834577901531524	0.5887445887445888	6	6	0.6834577901531524	0.5887445887445888	false
first-pass-only	signals	BenchmarkKernels/run#02	ns/op	142964.5	143938.5	0.6812880120589337	0.8181818181818182	6	6	0.6812880120589337	0.8181818181818182	false
first-pass-only	signals	BenchmarkExec/isa_simd_f32x4.convert_i32x4_s	ns/op	2655.5	2673.5	0.6778384485031097	0.6991341991341992	6	6	0.6778384485031097	0.6991341991341992	false
first-pass-only	signals	BenchmarkExec/isa_i32.div_s	ns/op	171164	172316.5	0.6733308405973304	0.5887445887445888	6	6	0.6733308405973304	0.5887445887445888	false
first-pass-only	signals	BenchmarkExec/isa_simd_i64x2.ne	ns/op	5206.5	5241.5	0.6722366272928104	0.5887445887445888	6	6	0.6722366272928104	0.5887445887445888	false
first-pass-only	signals	BenchmarkExec/isa_simd_v128.xor	ns/op	1786.5	1798.5	0.6717044500419878	0.6991341991341992	6	6	0.6717044500419878	0.6991341991341992	false
first-pass-only	signals	BenchmarkExec/isa_simd_i64x2.shr_u	ns/op	976.7	983.2	0.6655062967134251	0.6233766233766234	6	6	0.6655062967134251	0.6233766233766234	false
first-pass-only	signals	BenchmarkExec/quicksort.sortN	ns/op	62237	62651	0.6651991580570948	0.5887445887445888	6	6	0.6651991580570948	0.5887445887445888	false
first-pass-only	signals	BenchmarkExec/mandelbrot.render	ns/op	240393	241991	0.6647448137008904	0.9372294372294372	6	6	0.6647448137008904	0.9372294372294372	false
first-pass-only	signals	BenchmarkExecParallel/process/isa_f64.add	ns/op	41384	41656.5	0.6584670404020887	0.9372294372294372	6	6	0.6584670404020887	0.9372294372294372	false
first-pass-only	signals	BenchmarkExecParallel/independent/isa_i32.and	ns/op	1750.5	1762	0.6569551556698139	0.25757575757575757	6	6	0.6569551556698139	0.25757575757575757	false
first-pass-only	signals	BenchmarkExec/blake3.blake3_hash	ns/op	332774.5	334947.5	0.65299474569116	0.6991341991341992	6	6	0.65299474569116	0.6991341991341992	false
first-pass-only	signals	BenchmarkExec/isa_simd_v128.or	ns/op	1780.5	1792	0.6458859870822842	0.9372294372294372	6	6	0.6458859870822842	0.9372294372294372	false
first-pass-only	signals	BenchmarkExec/json-as.serializeN	ns/op	21147.5	21283.5	0.6431020215155403	0.48484848484848486	6	6	0.6431020215155403	0.48484848484848486	false
first-pass-only	signals	BenchmarkExec/isa_simd_v128.and	ns/op	1794.5	1806	0.6408470325996118	0.5541125541125541	6	6	0.6408470325996118	0.5541125541125541	false
first-pass-only	signals	BenchmarkExec/spectralnorm.run	ns/op	626342	630345	0.6391077079295426	0.6991341991341992	6	6	0.6391077079295426	0.6991341991341992	false
first-pass-only	signals	BenchmarkExec/isa_i64.ctz	ns/op	14035.5	14124	0.6305439777706479	0.48484848484848486	6	6	0.6305439777706479	0.48484848484848486	false
first-pass-only	signals	BenchmarkExecParallel/independent/isa_simd_i8x16.shr_u	ns/op	317.85	319.85	0.6292276230926541	0.8181818181818182	6	6	0.6292276230926541	0.8181818181818182	false
first-pass-only	signals	BenchmarkExecParallel/process/isa_simd_i32x4.max_u	ns/op	1995	2007.5	0.6265664160401085	0.9805194805194806	6	6	0.6265664160401085	0.9805194805194806	false
first-pass-only	signals	BenchmarkExecParallel/independent/isa_f64.sqrt	ns/op	23201.5	23346.5	0.6249595931297591	0.6991341991341992	6	6	0.6249595931297591	0.6991341991341992	false
first-pass-only	signals	BenchmarkExecParallel/process/isa_simd_f32x4.sqrt	ns/op	12622	12700	0.6179686262081985	0.6991341991341992	6	6	0.6179686262081985	0.6991341991341992	false
first-pass-only	signals	BenchmarkExec/isa_cvt.f64_convert_s	ns/op	89401.5	89947	0.6101687331868	0.5887445887445888	6	6	0.6101687331868	0.5887445887445888	false
first-pass-only	signals	BenchmarkKernels/render	ns/op	374522	376806	0.6098440145038131	0.5887445887445888	6	6	0.6098440145038131	0.5887445887445888	false
first-pass-only	signals	BenchmarkExecParallel/process/isa_simd_i64x2.extend_high_s	ns/op	2169.5	2182.5	0.5992164093109098	0.5887445887445888	6	6	0.5992164093109098	0.5887445887445888	false
first-pass-only	signals	BenchmarkExec/sha256.hashN	ns/op	33423	33622.5	0.5968943541872385	0.9372294372294372	6	6	0.5968943541872385	0.9372294372294372	false
first-pass-only	signals	BenchmarkExecParallel/process/isa_simd_i64x2.shl	ns/op	1092.5	1099	0.594965675057213	0.854978354978355	6	6	0.594965675057213	0.854978354978355	false
first-pass-only	signals	BenchmarkExecParallel/independent/utf-as-simd.convertN	ns/op	6995	7036.5	0.5932809149392426	0.8181818181818182	6	6	0.5932809149392426	0.8181818181818182	false
first-pass-only	signals	BenchmarkExecParallel/process/isa_simd_i32x4.gt_u	ns/op	5901	5936	0.5931198102016699	0.974025974025974	6	6	0.5931198102016699	0.974025974025974	false
first-pass-only	signals	BenchmarkExec/isa_var.global_getset	ns/op	6864.5	6905	0.5899919877631277	0.5887445887445888	6	6	0.5899919877631277	0.5887445887445888	false
first-pass-only	signals	BenchmarkExecParallel/independent/fib_iter.fib	ns/op	90.00999999999999	90.53999999999999	0.5888234640595513	0.48484848484848486	6	6	0.5888234640595513	0.48484848484848486	false
first-pass-only	signals	BenchmarkExecParallel/process/isa_simd_i64x2.sub	ns/op	2045.5	2057.5	0.5866536299193426	1	6	6	0.5866536299193426	1	false
first-pass-only	signals	BenchmarkExecParallel/process/isa_simd_i16x8.extend_low_u	ns/op	1449	1457.5	0.5866114561766667	0.9372294372294372	6	6	0.5866114561766667	0.9372294372294372	false
first-pass-only	signals	BenchmarkExecParallel/process/sha256.hashN	ns/op	34752	34954	0.5812615101289165	0.8181818181818182	6	6	0.5812615101289165	0.8181818181818182	false
first-pass-only	signals	BenchmarkExecParallel/process/isa_call.call_indirect	ns/op	37535	37751	0.5754629012921342	0.9372294372294372	6	6	0.5754629012921342	0.9372294372294372	false
first-pass-only	signals	BenchmarkExecParallel/independent/isa_simd_i32x4.ge_s	ns/op	478.15	480.9	0.5751333263620095	0.3939393939393939	6	6	0.5751333263620095	0.3939393939393939	false
first-pass-only	signals	BenchmarkExec/isa_simd_f64x2.ge	ns/op	3404.5	3424	0.5727713320605066	0.9372294372294372	6	6	0.5727713320605066	0.9372294372294372	false
first-pass-only	signals	BenchmarkExec/isa_simd_f32x4.eq	ns/op	3495.5	3515.5	0.5721642111286007	0.9372294372294372	6	6	0.5721642111286007	0.9372294372294372	false
first-pass-only	signals	BenchmarkExecParallel/independent/xjb-mulhi.mulhi	ns/op	86.72	87.215	0.5708025830258423	0.24025974025974026	6	6	0.5708025830258423	0.24025974025974026	false
first-pass-only	signals	BenchmarkExec/isa_mem.store_i32	ns/op	7003	7042.5	0.5640439811509301	0.8181818181818182	6	6	0.5640439811509301	0.8181818181818182	false
first-pass-only	signals	BenchmarkExec/float.run	ns/op	3868	3889.5	0.5558428128231707	1	6	6	0.5558428128231707	1	false
first-pass-only	signals	BenchmarkExec/isa_simd_i8x16.ne	ns/op	3481.5	3500.5	0.5457417779692664	0.3939393939393939	6	6	0.5457417779692664	0.3939393939393939	false
first-pass-only	signals	BenchmarkExecParallel/process/isa_simd_i32x4.eq	ns/op	2016	2027	0.5456349206349298	0.5887445887445888	6	6	0.5456349206349298	0.5887445887445888	false
first-pass-only	signals	BenchmarkCompileFullWorkers/tiny/p8	ns/op	35295	35487.5	0.5454030315908742	1	6	6	0.5454030315908742	1	false
first-pass-only	signals	BenchmarkExec/isa_simd_i16x8.add_sat_s	ns/op	3441.5	3460	0.5375562981258186	0.8181818181818182	6	6	0.5375562981258186	0.8181818181818182	false
first-pass-only	signals	BenchmarkExec/isa_f32.mul	ns/op	41098	41317.5	0.5340892500851568	0.6991341991341992	6	6	0.5340892500851568	0.6991341991341992	false
first-pass-only	signals	BenchmarkExecParallel/process/isa_simd_i8x16.shr_s	ns/op	4066.5	4088	0.5287101930407045	0.8181818181818182	6	6	0.5287101930407045	0.8181818181818182	false
not-confirmed-on-repeat	signals	BenchmarkExecParallel/process/isa_ctl.if_else	ns/op	11268.5	11327.5	0.5235834405644013	0.551167166391288	12	12	4.784130688448074	0.015151515151515152	true
first-pass-only	signals	BenchmarkExec/isa_mem.load_i32_stride	ns/op	9429.5	9478.5	0.5196457924598441	0.48484848484848486	6	6	0.5196457924598441	0.48484848484848486	false
first-pass-only	signals	BenchmarkExecParallel/independent/isa_var.global_getset	ns/op	892.4000000000001	897	0.5154639175257714	0.8181818181818182	6	6	0.5154639175257714	0.8181818181818182	false
first-pass-only	signals	BenchmarkExec/isa_simd_i16x8.shr_s	ns/op	961.4000000000001	966.3	0.5096733929685682	0.8181818181818182	6	6	0.5096733929685682	0.8181818181818182	false
first-pass-only	signals	BenchmarkExecParallel/process/isa_simd_i8x16.narrow_i16x8_s	ns/op	3909.5	3929	0.4987850108709502	0.3939393939393939	6	6	0.4987850108709502	0.3939393939393939	false
first-pass-only	signals	BenchmarkExec/isa_bulk_mem.copy_fwd_4096	ns/op	8439.5	8481.5	0.49765981397003056	0.6991341991341992	6	6	0.49765981397003056	0.6991341991341992	false
first-pass-only	signals	BenchmarkExecParallel/process/isa_simd_i32x4.max_s	ns/op	2016	2026	0.49603174603174427	0.6233766233766234	6	6	0.49603174603174427	0.6233766233766234	false
first-pass-only	signals	BenchmarkExecParallel/independent/isa_f64.div	ns/op	22686	22798	0.49369655294013715	0.6991341991341992	6	6	0.49369655294013715	0.6991341991341992	false
first-pass-only	signals	BenchmarkExec/isa_var.local_getset	ns/op	13977.5	14046.5	0.49365050974781166	0.9372294372294372	6	6	0.49365050974781166	0.9372294372294372	false
first-pass-only	signals	BenchmarkExec/memory_tree.run	ns/op	8939.5	8983.5	0.4921975501985587	0.8181818181818182	6	6	0.4921975501985587	0.8181818181818182	false
first-pass-only	signals	BenchmarkExec/isa_simd_i8x16.ge_s	ns/op	3454.5	3471.5	0.4921117383123397	0.33116883116883117	6	6	0.4921117383123397	0.33116883116883117	false
first-pass-only	signals	BenchmarkExec/isa_ctl.select	ns/op	20746.5	20848.5	0.491649193839927	0.8181818181818182	6	6	0.491649193839927	0.8181818181818182	false
first-pass-only	signals	BenchmarkExec/isa_simd_i32x4.le_u	ns/op	3491	3508	0.4869664852477751	0.5887445887445888	6	6	0.4869664852477751	0.5887445887445888	false
first-pass-only	signals	BenchmarkExec/isa_cvt.i64_extend_s	ns/op	13664	13730.5	0.4866803278688492	0.3939393939393939	6	6	0.4866803278688492	0.3939393939393939	false
first-pass-only	signals	BenchmarkExecParallel/independent/isa_simd_f32x4.floor	ns/op	352.4	354.1	0.48240635641318974	0.6666666666666666	6	6	0.48240635641318974	0.6666666666666666	false
first-pass-only	signals	BenchmarkCompileCompact/tiny	ns/op	15175.5	15248.5	0.48103851602911973	0.48484848484848486	6	6	0.48103851602911973	0.48484848484848486	false
first-pass-only	signals	BenchmarkExec/isa_simd_i16x8.extend_low_u	ns/op	1251	1257	0.47961630695443347	0.854978354978355	6	6	0.47961630695443347	0.854978354978355	false
first-pass-only	signals	BenchmarkExecParallel/process/isa_simd_i8x16.swizzle	ns/op	7740.5	7777.5	0.47800529681545356	0.5887445887445888	6	6	0.47800529681545356	0.5887445887445888	false
first-pass-only	signals	BenchmarkExecParallel/process/isa_f64.neg	ns/op	41338.5	41532.5	0.4692961766875836	0.8181818181818182	6	6	0.4692961766875836	0.8181818181818182	false
first-pass-only	signals	BenchmarkExec/isa_i64.shr_u	ns/op	13882	13947	0.46823224319263446	0.9372294372294372	6	6	0.46823224319263446	0.9372294372294372	false
first-pass-only	signals	BenchmarkExec/isa_f64.max	ns/op	31775.5	31924	0.46734119053988277	0.6991341991341992	6	6	0.46734119053988277	0.6991341991341992	false
first-pass-only	signals	BenchmarkJsonAsDeserialize_wago	ns/op	203.75	204.7	0.46625766871164487	0.41125541125541126	6	6	0.46625766871164487	0.41125541125541126	false
first-pass-only	signals	BenchmarkExecParallel/process/isa_i32.xor	ns/op	14321.5	14387.5	0.4608455818175372	0.6991341991341992	6	6	0.4608455818175372	0.6991341991341992	false
first-pass-only	signals	BenchmarkExecParallel/process/isa_simd_f32x4.le	ns/op	3929.5	3947.5	0.458073546252713	0.6991341991341992	6	6	0.458073546252713	0.6991341991341992	false
first-pass-only	signals	BenchmarkExecParallel/independent/isa_i64.sub	ns/op	1755.5	1763.5	0.45571062375391325	0.6233766233766234	6	6	0.45571062375391325	0.6233766233766234	false
first-pass-only	signals	BenchmarkExecParallel/process/isa_simd_i8x16.sub	ns/op	2006	2015	0.4486540378863424	0.6991341991341992	6	6	0.4486540378863424	0.6991341991341992	false
first-pass-only	signals	BenchmarkExec/isa_simd_f32x4.div	ns/op	18945	19029	0.44338875692795376	0.9372294372294372	6	6	0.44338875692795376	0.9372294372294372	false
first-pass-only	signals	BenchmarkExec/isa_simd_i64x2.neg	ns/op	1256.5	1262	0.4377238360525171	0.6991341991341992	6	6	0.4377238360525171	0.6991341991341992	false
first-pass-only	signals	BenchmarkExec/isa_simd_i64x2.abs	ns/op	3477	3492	0.4314063848144922	1	6	6	0.4314063848144922	1	false
first-pass-only	signals	BenchmarkExecParallel/independent/isa_f64.mul	ns/op	5205.5	5227.5	0.42262991067141265	0.7813852813852814	6	6	0.42262991067141265	0.7813852813852814	false
first-pass-only	signals	BenchmarkExecParallel/independent/isa_simd_f64x2.gt	ns/op	454.65	456.55	0.41790388210711793	0.17965367965367965	6	6	0.41790388210711793	0.17965367965367965	false
first-pass-only	signals	BenchmarkExecParallel/process/isa_i64.div_u	ns/op	152848	153479	0.41282843085941323	1	6	6	0.41282843085941323	1	false
first-pass-only	signals	BenchmarkExecParallel/process/isa_simd_i16x8.extmul_high_u	ns/op	7796	7828	0.4104669061056887	1	6	6	0.4104669061056887	1	false
first-pass-only	signals	BenchmarkExec/isa_simd_f32x4.max	ns/op	10401	10443.5	0.4086145562926635	0.9372294372294372	6	6	0.4086145562926635	0.9372294372294372	false
first-pass-only	signals	BenchmarkExecParallel/independent/isa_simd_i32x4.max_u	ns/op	244.89999999999998	245.89999999999998	0.4083299305839061	0.48484848484848486	6	6	0.4083299305839061	0.48484848484848486	false
first-pass-only	signals	BenchmarkExecParallel/independent/isa_ctl.loop_baseline	ns/op	884.65	888.25	0.40694059797661275	1	6	6	0.40694059797661275	1	false
first-pass-only	signals	BenchmarkExecParallel/independent/isa_simd_i16x8.gt_u	ns/op	712.75	715.65	0.40687478077867656	0.8181818181818182	6	6	0.40687478077867656	0.8181818181818182	false
first-pass-only	signals	BenchmarkExecParallel/independent/isa_cvt.reinterpret_f32	ns/op	7024	7052.5	0.40575170842824804	0.8181818181818182	6	6	0.40575170842824804	0.8181818181818182	false
first-pass-only	signals	BenchmarkExecParallel/independent/isa_simd_i16x8.abs	ns/op	248.95	249.95	0.40168708576018286	0.9372294372294372	6	6	0.40168708576018286	0.9372294372294372	false
first-pass-only	signals	BenchmarkExecParallel/independent/isa_simd_i32x4.extmul_high_u	ns/op	906	909.6	0.3973509933774766	0.37012987012987014	6	6	0.3973509933774766	0.37012987012987014	false
first-pass-only	signals	BenchmarkExec/isa_simd_i64x2.extend_high_s	ns/op	1895.5	1903	0.39567396465312044	0.9372294372294372	6	6	0.39567396465312044	0.9372294372294372	false
first-pass-only	signals	BenchmarkExec/isa_simd_i32x4.extend_low_u	ns/op	1266.5	1271.5	0.39478878799841244	0.9696969696969697	6	6	0.39478878799841244	0.9696969696969697	false
first-pass-only	signals	BenchmarkExecParallel/process/isa_simd_i16x8.min_u	ns/op	2033	2041	0.3935071323167838	0.9372294372294372	6	6	0.3935071323167838	0.9372294372294372	false
first-pass-only	signals	BenchmarkExec/isa_simd_f64x2.pmin	ns/op	3476	3489.5	0.3883774453394606	0.9372294372294372	6	6	0.3883774453394606	0.9372294372294372	false
first-pass-only	signals	BenchmarkExecCommuteSelfUpdate/xjb-mulhi.runN/off	ns/op	2447.5	2457	0.38815117466803883	0.36796536796536794	6	6	0.38815117466803883	0.36796536796536794	false
first-pass-only	signals	BenchmarkExecParallel/independent/isa_simd_i32x4.extend_high_s	ns/op	310	311.20000000000005	0.3870967741935738	0.9372294372294372	6	6	0.3870967741935738	0.9372294372294372	false
first-pass-only	signals	BenchmarkExecParallel/independent/isa_bulk_mem.fill_4096	ns/op	1182	1186.5	0.3807106598984866	0.9372294372294372	6	6	0.3807106598984866	0.9372294372294372	false
first-pass-only	signals	BenchmarkExec/isa_i64.xor	ns/op	13758	13809	0.3706934147405194	0.6991341991341992	6	6	0.3706934147405194	0.6991341991341992	false
first-pass-only	signals	BenchmarkExecParallel/process/isa_simd_i32x4.gt_s	ns/op	2026.5	2034	0.37009622501851247	0.9372294372294372	6	6	0.37009622501851247	0.9372294372294372	false
first-pass-only	signals	BenchmarkExecParallel/process/isa_ctl.loop_baseline	ns/op	7897	7925.5	0.36089654299100715	0.8181818181818182	6	6	0.36089654299100715	0.8181818181818182	false
first-pass-only	signals	BenchmarkExec/isa_simd_f64x2.max	ns/op	10285.5	10322.5	0.35972971659132824	0.5887445887445888	6	6	0.35972971659132824	0.5887445887445888	false
first-pass-only	signals	BenchmarkExec/branches.classify	ns/op	79.58500000000001	79.87	0.3581076836087105	0.3939393939393939	6	6	0.3581076836087105	0.3939393939393939	false
first-pass-only	signals	BenchmarkExec/isa_simd_i64x2.le_s	ns/op	5245.5	5264	0.3526832523115031	0.8181818181818182	6	6	0.3526832523115031	0.8181818181818182	false
first-pass-only	signals	BenchmarkExec/isa_simd_reduce.i64x2_bitmask	ns/op	1418	1423	0.35260930888576514	0.9653679653679653	6	6	0.35260930888576514	0.9653679653679653	false
first-pass-only	signals	BenchmarkExec/isa_bulk_mem.copy_back_256	ns/op	1283	1287.5	0.3507404520654678	0.854978354978355	6	6	0.3507404520654678	0.854978354978355	false
first-pass-only	signals	BenchmarkExecParallel/process/isa_ctl.br_if	ns/op	14487.5	14538	0.3485763589301083	0.6991341991341992	6	6	0.3485763589301083	0.6991341991341992	false
first-pass-only	signals	BenchmarkExec/isa_simd_reduce.i16x8_bitmask	ns/op	1435	1440	0.34843205574912606	0.8181818181818182	6	6	0.34843205574912606	0.8181818181818182	false
first-pass-only	signals	BenchmarkExecParallel/process/isa_simd_i16x8.neg	ns/op	1455.5	1460.5	0.3435245620061922	0.7835497835497836	6	6	0.3435245620061922	0.7835497835497836	false
first-pass-only	signals	BenchmarkExec/isa_simd_f32x4.ge	ns/op	3522.5	3534.5	0.3406671398154648	0.9372294372294372	6	6	0.3406671398154648	0.9372294372294372	false
first-pass-only	signals	BenchmarkExecParallel/process/raytrace.render	ns/op	360856.5	362046.5	0.3297709754431555	1	6	6	0.3297709754431555	1	false
first-pass-only	signals	BenchmarkExecParallel/independent/isa_bulk_mem.fill_64	ns/op	121.3	121.7	0.3297609233305909	0.8181818181818182	6	6	0.3297609233305909	0.8181818181818182	false
first-pass-only	signals	BenchmarkExecParallel/process/isa_mem.load_i32_stride	ns/op	10186.5	10220	0.3288666372159188	0.6991341991341992	6	6	0.3288666372159188	0.6991341991341992	false
first-pass-only	signals	BenchmarkExecCommuteSelfUpdate/quicksort.sortN/off	ns/op	66105.5	66322	0.3275067883912852	1	6	6	0.3275067883912852	1	false
first-pass-only	signals	BenchmarkExecParallel/independent/isa_simd_i32x4.eq	ns/op	248.75	249.55	0.32160804020100464	0.7316017316017316	6	6	0.32160804020100464	0.7316017316017316	false
first-pass-only	signals	BenchmarkExec/isa_simd_f32x4.floor	ns/op	2644	2652.5	0.32148260211799506	0.7380952380952381	6	6	0.32148260211799506	0.7380952380952381	false
first-pass-only	signals	BenchmarkExecParallel/process/isa_i64.shr_s	ns/op	14572.5	14619	0.3190941842511563	0.5887445887445888	6	6	0.3190941842511563	0.5887445887445888	false
first-pass-only	signals	BenchmarkExecParallel/process/isa_simd_i64x2.le_s	ns/op	6006	6025	0.3163503163503112	0.24025974025974026	6	6	0.3163503163503112	0.24025974025974026	false
first-pass-only	signals	BenchmarkExecParallel/independent/isa_simd_i32x4.lt_u	ns/op	705.45	707.6500000000001	0.31185767949535315	0.8181818181818182	6	6	0.31185767949535315	0.8181818181818182	false
first-pass-only	signals	BenchmarkExecParallel/process/isa_simd_i8x16.sub_sat_u	ns/op	3962	3974	0.3028773346794633	0.9372294372294372	6	6	0.3028773346794633	0.9372294372294372	false
first-pass-only	signals	BenchmarkExec/isa_simd_f64x2.ceil	ns/op	2651	2659	0.3017729158808047	0.5887445887445888	6	6	0.3017729158808047	0.5887445887445888	false
first-pass-only	signals	BenchmarkExecParallel/independent/isa_cvt.f64_convert_s	ns/op	11444	11478.5	0.30146801817545477	0.7835497835497836	6	6	0.30146801817545477	0.7835497835497836	false
first-pass-only	signals	BenchmarkExecParallel/independent/isa_i32.clz	ns/op	1834.5	1840	0.29980921231942403	0.974025974025974	6	6	0.29980921231942403	0.974025974025974	false
first-pass-only	signals	BenchmarkExec/isa_simd_i64x2.eq	ns/op	3515	3525.5	0.29871977240398806	0.4155844155844156	6	6	0.29871977240398806	0.4155844155844156	false
first-pass-only	signals	BenchmarkExecParallel/independent/mandelbrot.render	ns/op	32103	32198	0.29592249945487037	0.8181818181818182	6	6	0.29592249945487037	0.8181818181818182	false
first-pass-only	signals	BenchmarkExecParallel/process/isa_simd_i8x16.lt_s	ns/op	2039.5	2045.5	0.29418975239028367	0.6991341991341992	6	6	0.29418975239028367	0.6991341991341992	false
first-pass-only	signals	BenchmarkExecParallel/independent/isa_f64.neg	ns/op	5298.5	5314	0.2925356232896137	1	6	6	0.2925356232896137	1	false
first-pass-only	signals	BenchmarkExec/nbody.step	ns/op	267979	268760.5	0.29162732900711585	1	6	6	0.29162732900711585	1	false
first-pass-only	signals	BenchmarkExecParallel/independent/isa_simd_f64x2.min	ns/op	1395	1399	0.28673835125447855	0.9372294372294372	6	6	0.28673835125447855	0.9372294372294372	false
first-pass-only	signals	BenchmarkExec/isa_simd_reduce.i32x4_all_true	ns/op	1405	1409	0.2846975088967918	1	6	6	0.2846975088967918	1	false
first-pass-only	signals	BenchmarkExecParallel/process/isa_simd_f64x2.min	ns/op	10975	11006	0.2824601366742563	0.9372294372294372	6	6	0.2824601366742563	0.9372294372294372	false
first-pass-only	signals	BenchmarkExecParallel/independent/isa_f32.neg	ns/op	5318.5	5333.5	0.28203440819780656	0.8181818181818182	6	6	0.28203440819780656	0.8181818181818182	false
first-pass-only	signals	BenchmarkExec/utf-as-simd.convertN	ns/op	49322	49460	0.2797940067312821	0.8181818181818182	6	6	0.2797940067312821	0.8181818181818182	false
first-pass-only	signals	BenchmarkExecParallel/independent/isa_i32.mul	ns/op	5198	5212.5	0.27895344363215724	0.30952380952380953	6	6	0.27895344363215724	0.30952380952380953	false
first-pass-only	signals	BenchmarkExecParallel/independent/isa_simd_f64x2.div	ns/op	2869	2877	0.27884280237016057	0.5887445887445888	6	6	0.27884280237016057	0.5887445887445888	false
first-pass-only	signals	BenchmarkExecParallel/process/isa_simd_f64x2.floor	ns/op	2869	2877	0.27884280237016057	0.9372294372294372	6	6	0.27884280237016057	0.9372294372294372	false
first-pass-only	signals	BenchmarkExecParallel/process/isa_simd_i32x4.trunc_sat_f32x4_s	ns/op	9257	9282.5	0.27546721400022456	0.8181818181818182	6	6	0.27546721400022456	0.8181818181818182	false
first-pass-only	signals	BenchmarkExecParallel/independent/isa_simd_i16x8.narrow_i32x4_s	ns/op	461.4	462.65	0.27091460771564435	0.4199134199134199	6	6	0.27091460771564435	0.4199134199134199	false
first-pass-only	signals	BenchmarkExecParallel/independent/isa_simd_i32x4.extmul_high_s	ns/op	1126	1129	0.2664298401420906	0.9696969696969697	6	6	0.2664298401420906	0.9696969696969697	false
first-pass-only	signals	BenchmarkExecParallel/independent/isa_f32.sub	ns/op	5182	5195.5	0.2605171748359725	1	6	6	0.2605171748359725	1	false
first-pass-only	signals	BenchmarkExecParallel/independent/xjb-mulhi.runN	ns/op	313.1	313.9	0.2555094219099274	0.6991341991341992	6	6	0.2555094219099274	0.6991341991341992	false
first-pass-only	signals	BenchmarkExecParallel/process/isa_simd_f32x4.gt	ns/op	3979	3989	0.25131942699170295	0.9372294372294372	6	6	0.25131942699170295	0.9372294372294372	false
first-pass-only	signals	BenchmarkExecParallel/process/isa_simd_f32x4.eq	ns/op	3947	3956.5	0.24068913098556077	0.5887445887445888	6	6	0.24068913098556077	0.5887445887445888	false
first-pass-only	signals	BenchmarkExec/isa_call.call_indirect	ns/op	36193.5	36276.5	0.22932294472763903	0.8181818181818182	6	6	0.22932294472763903	0.8181818181818182	false
first-pass-only	signals	BenchmarkExec/isa_simd_i64x2.sub	ns/op	1779.5	1783.5	0.22478224220285892	0.9004329004329005	6	6	0.22478224220285892	0.9004329004329005	false
first-pass-only	signals	BenchmarkExec/isa_ctl.if_else	ns/op	10356.5	10379.5	0.2220827499637812	0.8181818181818182	6	6	0.2220827499637812	0.8181818181818182	false
first-pass-only	signals	BenchmarkExecParallel/independent/isa_i64.clz	ns/op	1829	1833	0.2186987424822373	1	6	6	0.2186987424822373	1	false
first-pass-only	signals	BenchmarkExec/isa_simd_i8x16.sub_sat_s	ns/op	3451.5	3459	0.21729682746631784	0.7965367965367965	6	6	0.21729682746631784	0.7965367965367965	false
not-confirmed-on-repeat	signals	BenchmarkExecParallel/process/isa_simd_f32x4.sub	ns/op	5988	6001	0.21710086840347476	0.5798415476030229	12	12	4.469899233485486	0.04112554112554113	true
first-pass-only	signals	BenchmarkExec/globals.accumulate	ns/op	918.95	920.9	0.2121987050437868	1	6	6	0.2121987050437868	1	false
first-pass-only	signals	BenchmarkExec/isa_simd_i64x2.mul	ns/op	12130	12155.5	0.2102225886232434	1	6	6	0.2102225886232434	1	false
first-pass-only	signals	BenchmarkExec/isa_i32.shr_s	ns/op	13952	13981	0.20785550458715107	0.9372294372294372	6	6	0.20785550458715107	0.9372294372294372	false
first-pass-only	signals	BenchmarkExecParallel/process/isa_simd_f64x2.ge	ns/op	3952	3960	0.2024291497975783	0.6233766233766234	6	6	0.2024291497975783	0.6233766233766234	false
first-pass-only	signals	BenchmarkExec/isa_simd_v128.not	ns/op	1269.5	1272	0.1969279243796862	0.512987012987013	6	6	0.1969279243796862	0.512987012987013	false
first-pass-only	signals	BenchmarkExecParallel/process/fib_rec.fib	ns/op	1210045	1212412.5	0.19565388064080036	0.5887445887445888	6	6	0.19565388064080036	0.5887445887445888	false
first-pass-only	signals	BenchmarkExec/isa_i32.or	ns/op	13836.5	13863.5	0.19513605319263494	0.6991341991341992	6	6	0.19513605319263494	0.6991341991341992	false
first-pass-only	signals	BenchmarkExecParallel/process/isa_simd_i8x16.shr_u	ns/op	2351.5	2356	0.19136721241761467	0.9372294372294372	6	6	0.19136721241761467	0.9372294372294372	false
first-pass-only	signals	BenchmarkExec/isa_simd_f64x2.mul	ns/op	5136.5	5146	0.18495084201304302	0.9372294372294372	6	6	0.18495084201304302	0.9372294372294372	false
first-pass-only	signals	BenchmarkExecParallel/process/isa_simd_i32x4.trunc_sat_f64x2_u_zero	ns/op	10875.5	10895.5	0.1838995908234109	0.9372294372294372	6	6	0.1838995908234109	0.9372294372294372	false
first-pass-only	signals	BenchmarkExec/isa_i32.clz	ns/op	13959.5	13985	0.182671299115289	0.9372294372294372	6	6	0.182671299115289	0.9372294372294372	false
first-pass-only	signals	BenchmarkExec/crc32.hashN	ns/op	15443.5	15471	0.17806844303429603	0.8181818181818182	6	6	0.17806844303429603	0.8181818181818182	false
first-pass-only	signals	BenchmarkExec/blake3.blake3_derive_key	ns/op	342423	343006.5	0.1704032731446148	0.9372294372294372	6	6	0.1704032731446148	0.9372294372294372	false
first-pass-only	signals	BenchmarkExecParallel/independent/isa_simd_f32x4.ne	ns/op	460.1	460.85	0.16300804173006167	0.9372294372294372	6	6	0.16300804173006167	0.9372294372294372	false
first-pass-only	signals	BenchmarkExecParallel/independent/isa_simd_i8x16.ge_u	ns/op	464	464.75	0.1616379310344751	0.7294372294372294	6	6	0.1616379310344751	0.7294372294372294	false
first-pass-only	signals	BenchmarkInstantiate/matmul	ns/op	5316	5324.5	0.15989465763732724	0.9372294372294372	6	6	0.15989465763732724	0.9372294372294372	false
first-pass-only	signals	BenchmarkExec/isa_simd_i8x16.narrow_i16x8_s	ns/op	3503.5	3509	0.15698587127157548	0.7294372294372294	6	6	0.15698587127157548	0.7294372294372294	false
first-pass-only	signals	BenchmarkExec/zstd.zstd_decompress_run	ns/op	5741	5750	0.15676711374326135	0.9372294372294372	6	6	0.15676711374326135	0.9372294372294372	false
first-pass-only	signals	BenchmarkExec/blake-as-simd.hashN	ns/op	528785.5	529612	0.15630156273196416	1	6	6	0.15630156273196416	1	false
first-pass-only	signals	BenchmarkExecParallel/process/utf-as-simd.convertN	ns/op	50163.5	50241	0.15449480199747345	0.8181818181818182	6	6	0.15449480199747345	0.8181818181818182	false
first-pass-only	signals	BenchmarkExec/isa_f32.add	ns/op	41172	41234	0.1505877781016185	0.9372294372294372	6	6	0.1505877781016185	0.9372294372294372	false
first-pass-only	signals	BenchmarkExec/isa_f64.sub	ns/op	41345	41405	0.14512032893940763	0.30952380952380953	6	6	0.14512032893940763	0.30952380952380953	false
first-pass-only	signals	BenchmarkExecParallel/independent/isa_f64.add	ns/op	5188	5195.5	0.14456437933694222	0.5887445887445888	6	6	0.14456437933694222	0.5887445887445888	false
first-pass-only	signals	BenchmarkExecCommuteSelfUpdate/json-as.serializeN/off	ns/op	21909	21940	0.14149436304715657	0.8181818181818182	6	6	0.14149436304715657	0.8181818181818182	false
first-pass-only	signals	BenchmarkExecParallel/independent/fannkuch.run	ns/op	141108.5	141307.5	0.14102623158775973	1	6	6	0.14102623158775973	1	false
first-pass-only	signals	BenchmarkExecParallel/independent/isa_simd_i8x16.swizzle	ns/op	889.4	890.6500000000001	0.14054418709243954	1	6	6	0.14054418709243954	1	false
first-pass-only	signals	BenchmarkExec/isa_simd_i64x2.add	ns/op	1779.5	1782	0.1404889013767896	0.8181818181818182	6	6	0.1404889013767896	0.8181818181818182	false
first-pass-only	signals	BenchmarkExec/isa_simd_f32x4.sqrt	ns/op	12152	12167.5	0.12755102040815647	0.6991341991341992	6	6	0.12755102040815647	0.6991341991341992	false
first-pass-only	signals	BenchmarkExecParallel/independent/isa_bulk_mem.copy_back_64	ns/op	121.45	121.6	0.123507616302998	0.8528138528138528	6	6	0.123507616302998	0.8528138528138528	false
first-pass-only	signals	BenchmarkExecParallel/independent/isa_f64.trunc	ns/op	5353.5	5359.5	0.11207621182403038	0.974025974025974	6	6	0.11207621182403038	0.974025974025974	false
first-pass-only	signals	BenchmarkExecParallel/independent/swar-pack-parse.parse4	ns/op	85.11000000000001	85.205	0.11162025613908888	0.6991341991341992	6	6	0.11162025613908888	0.6991341991341992	false
first-pass-only	signals	BenchmarkExecCommuteSelfUpdate/json-as.serializeN/on	ns/op	21871.5	21893.5	0.10058752257504633	0.9372294372294372	6	6	0.10058752257504633	0.9372294372294372	false
first-pass-only	signals	BenchmarkCompileFullWorkers/tiny/p4	ns/op	35056	35089	0.09413509812870036	0.6991341991341992	6	6	0.09413509812870036	0.6991341991341992	false
first-pass-only	signals	BenchmarkExec/isa_f32.trunc	ns/op	41359.5	41395	0.08583275910007959	0.8181818181818182	6	6	0.08583275910007959	0.8181818181818182	false
first-pass-only	signals	BenchmarkExecParallel/process/isa_simd_i64x2.abs	ns/op	4081.5	4085	0.08575278696558719	0.9372294372294372	6	6	0.08575278696558719	0.9372294372294372	false
first-pass-only	signals	BenchmarkExecParallel/independent/isa_f32.abs	ns/op	5257	5261.5	0.08560015217804473	0.461038961038961	6	6	0.08560015217804473	0.461038961038961	false
first-pass-only	signals	BenchmarkExec/isa_simd_i8x16.max_u	ns/op	1774.5	1776	0.08453085376163294	0.7857142857142857	6	6	0.08453085376163294	0.7857142857142857	false
first-pass-only	signals	BenchmarkExec/isa_simd_i32x4.add	ns/op	1802.5	1804	0.08321775312065682	0.9372294372294372	6	6	0.08321775312065682	0.9372294372294372	false
first-pass-only	signals	BenchmarkExec/isa_f64.add	ns/op	41037	41069	0.077978409727808	0.9372294372294372	6	6	0.077978409727808	0.9372294372294372	false
first-pass-only	signals	BenchmarkExecParallel/independent/isa_i64.rem_u	ns/op	21537.5	21554	0.07661056297156854	0.5887445887445888	6	6	0.07661056297156854	0.5887445887445888	false
first-pass-only	signals	BenchmarkExec/isa_simd_i8x16.le_u	ns/op	3476.5	3479	0.07191140514886118	0.8181818181818182	6	6	0.07191140514886118	0.8181818181818182	false
first-pass-only	signals	BenchmarkExecParallel/process/spectralnorm.run	ns/op	620446	620887.5	0.0711584892158168	0.9372294372294372	6	6	0.0711584892158168	0.9372294372294372	false
first-pass-only	signals	BenchmarkExecParallel/process/isa_simd_i32x4.extmul_low_u	ns/op	7835	7840.5	0.07019783024888593	0.8181818181818182	6	6	0.07019783024888593	0.8181818181818182	false
first-pass-only	signals	BenchmarkExecParallel/independent/isa_simd_i8x16.sub_sat_u	ns/op	459.35	459.65	0.06530967671709575	1	6	6	0.06530967671709575	1	false
first-pass-only	signals	BenchmarkExec/isa_f32.min	ns/op	31497.5	31518	0.0650845305183001	0.8181818181818182	6	6	0.0650845305183001	0.8181818181818182	false
first-pass-only	signals	BenchmarkExecParallel/independent/isa_i32.div_u	ns/op	20332	20343.5	0.05656108597285048	0.5887445887445888	6	6	0.05656108597285048	0.5887445887445888	false
first-pass-only	signals	BenchmarkExecParallel/process/isa_cvt.promote_demote	ns/op	130683	130756	0.05586036439322317	0.9372294372294372	6	6	0.05586036439322317	0.9372294372294372	false
first-pass-only	signals	BenchmarkExecParallel/independent/isa_f64.min	ns/op	4703	4705.5	0.053157559004879396	0.9372294372294372	6	6	0.053157559004879396	0.9372294372294372	false
first-pass-only	signals	BenchmarkExecParallel/process/isa_simd_i64x2.add	ns/op	2050	2051	0.04878048780487809	1	6	6	0.04878048780487809	1	false
first-pass-only	signals	BenchmarkExecParallel/independent/isa_simd_i16x8.extmul_low_s	ns/op	1126	1126.5	0.0444049733570262	0.854978354978355	6	6	0.0444049733570262	0.854978354978355	false
first-pass-only	signals	BenchmarkExecParallel/independent/isa_simd_i32x4.ne	ns/op	487.9	488.1	0.04099200655873769	0.9372294372294372	6	6	0.04099200655873769	0.9372294372294372	false
first-pass-only	signals	BenchmarkExec/zlib.zlib_inflate_run	ns/op	8604	8607.5	0.04067875406787991	0.8181818181818182	6	6	0.04067875406787991	0.8181818181818182	false
first-pass-only	signals	BenchmarkExecParallel/independent/isa_simd_i32x4.min_u	ns/op	248	248.10000000000002	0.040322580645169026	1	6	6	0.040322580645169026	1	false
first-pass-only	signals	BenchmarkExecParallel/independent/isa_bulk_mem.copy_fwd_4096	ns/op	1370	1370.5	0.03649635036495624	0.8181818181818182	6	6	0.03649635036495624	0.8181818181818182	false
first-pass-only	signals	BenchmarkExec/isa_i64.popcnt	ns/op	14088.5	14093	0.03194094474217035	1	6	6	0.03194094474217035	1	false
first-pass-only	signals	BenchmarkExecParallel/independent/isa_ctl.br_if	ns/op	1873	1873.5	0.026695141484256446	0.8181818181818182	6	6	0.026695141484256446	0.8181818181818182	false
first-pass-only	signals	BenchmarkExecParallel/process/isa_simd_i64x2.gt_s	ns/op	3960.5	3961.5	0.025249337204891198	0.9372294372294372	6	6	0.025249337204891198	0.9372294372294372	false
first-pass-only	signals	BenchmarkExec/isa_simd_i16x8.extend_high_s	ns/op	2015	2015.5	0.02481389578163906	0.8528138528138528	6	6	0.02481389578163906	0.8528138528138528	false
first-pass-only	signals	BenchmarkExecParallel/independent/isa_bulk_mem.copy_back_256	ns/op	228	228.05	0.021929824561417455	0.974025974025974	6	6	0.021929824561417455	0.974025974025974	false
first-pass-only	signals	BenchmarkExecParallel/independent/isa_simd_i16x8.min_u	ns/op	247.35000000000002	247.4	0.020214271275520446	0.9805194805194806	6	6	0.020214271275520446	0.9805194805194806	false
first-pass-only	signals	BenchmarkExecParallel/independent/isa_cvt.i64_extend_u	ns/op	1000.6	1000.75	0.014991005396769452	0.9372294372294372	6	6	0.014991005396769452	0.9372294372294372	false
first-pass-only	signals	BenchmarkExecParallel/process/isa_simd_f64x2.eq	ns/op	3964	3964.5	0.012613521695259422	0.8181818181818182	6	6	0.012613521695259422	0.8181818181818182	false
first-pass-only	signals	BenchmarkExecParallel/process/isa_simd_i32x4.ge_s	ns/op	4014	4014.5	0.012456402590932392	0.8528138528138528	6	6	0.012456402590932392	0.8528138528138528	false
first-pass-only	signals	BenchmarkExecParallel/process/isa_f32.neg	ns/op	41027	41031.5	0.01096838667218325	0.6991341991341992	6	6	0.01096838667218325	0.6991341991341992	false
first-pass-only	signals	BenchmarkCompileWorkers/tiny/p2	ns/op	11956	11957	0.008364001338234672	0.8181818181818182	6	6	0.008364001338234672	0.8181818181818182	false
first-pass-only	signals	BenchmarkExecParallel/process/isa_i32.sub	ns/op	14308	14308.5	0.0034945485043236246	0.9372294372294372	6	6	0.0034945485043236246	0.9372294372294372	false
not-confirmed-on-repeat	signals	BenchmarkExecCallOverhead_wago	ns/op	21.675	21.645	-0.13840830449827202	0.8095760747530838	12	12	7.826720058245362	0.4199134199134199	true
not-confirmed-on-repeat	signals	BenchmarkExec/isa_simd_i16x8.gt_u	ns/op	5225.5	5206	-0.3731700315759312	0.2415237878288087	12	12	3.415206967413642	0.04112554112554113	true
not-confirmed-on-repeat	signals	BenchmarkExecParallel/process/isa_simd_i64x2.ne	ns/op	6014	5972.5	-0.690056534752248	0.15539488106455396	12	12	5.022359821121425	0.025974025974025976	true
not-confirmed-on-repeat	signals	BenchmarkExecParallel/independent/isa_i32.rotl	ns/op	2300.5	2279.5	-0.9128450336883254	0.3115101347703313	12	12	12.072336265884642	0.04112554112554113	true
not-confirmed-on-repeat	signals	BenchmarkExecParallel/process/isa_simd_i8x16.max_s	ns/op	2005	1982.5	-1.122194513715713	0.23556037447543707	12	12	2.38334169593577	0.04112554112554113	true
not-confirmed-on-repeat	signals	BenchmarkExecParallel/independent/isa_i64.rotr	ns/op	1996.5	1959.5	-1.8532431755572287	0.2244508083113548	12	12	5.15281636776963	0.17965367965367965	true
not-confirmed-on-repeat	signals	BenchmarkPluginExec/esbuild	ns/op	25698126	24858594.5	-3.266897749664699	0.1978081146206062	12	12	6.0119439249628925	0.30952380952380953	true
not-confirmed-on-repeat	signals	BenchmarkExecParallel/independent/isa_i32.shr_s	ns/op	2306	2223	-3.5993061578490915	0.10053044277031355	12	12	6.022615535889875	0.3939393939393939	true
