revision,cohort,process,block,code_bytes,heap_alloc,heap_inuse,heap_objects,heap_released,mallocs,modules,peak_rss_kib,phase,rss_bytes,total_alloc,native_Supported,native_Active,native_Cached,native_Registered,native_PeakRegistered,native_Capacity,native_ScanSpan,allocation_bytes_delta,allocation_count_delta,functions_per_corpus,mapped_bytes,payload_bytes_page_rounded,functions_per_batch,instances
main,memory-public-one,memory-public-one-b1-1-main,1,0,166048,704512,646,7053312,5333,0,8400,initial,9027584,374744,False,0,0,0,0,0,0,,,,,,,
main,memory-public-one,memory-public-one-b1-1-main,1,0,1351552,2154496,1396,7774208,60266,0,16448,compile_release_270,16842752,28790680,False,0,0,0,0,0,0,28415936,54933,,,,,
main,memory-public-one,memory-public-one-b1-1-main,1,212912,1548944,2334720,1624,8167424,67555,36,16608,retained_0,17006592,32620216,False,0,0,0,0,0,0,3829536,7289,,,,,
main,memory-public-one,memory-public-one-b1-1-main,1,0,1544608,2326528,1595,9576448,67837,0,16624,released_0,17022976,32681128,False,0,0,0,0,0,0,60912,282,,,,,
main,memory-public-one,memory-public-one-b1-1-main,1,212912,1548912,2269184,1622,8077312,75118,36,16640,retained_1,17039360,36509192,False,0,0,0,0,0,0,3828064,7281,,,,,
main,memory-public-one,memory-public-one-b1-1-main,1,0,1544576,2260992,1593,9519104,75400,0,16640,released_1,17039360,36570104,False,0,0,0,0,0,0,60912,282,,,,,
main,memory-public-one,memory-public-one-b1-1-main,1,212912,1548912,2269184,1622,8134656,82681,36,16752,retained_2,17154048,40398168,False,0,0,0,0,0,0,3828064,7281,,,,,
main,memory-public-one,memory-public-one-b1-1-main,1,0,1544576,2260992,1593,9510912,82963,0,16752,released_2,17186816,40459080,False,0,0,0,0,0,0,60912,282,,,,,
main,memory-public-one,memory-public-one-b1-1-main,1,0,173368,745472,718,9592832,83093,0,16928,runtime_released,17334272,40512688,False,0,0,0,0,0,0,53608,130,,,,,
pr,memory-public-one,memory-public-one-b1-2-pr,1,0,166232,704512,648,2859008,5335,0,8304,initial,8863744,374928,False,0,0,0,0,0,0,,,,,,,
pr,memory-public-one,memory-public-one-b1-2-pr,1,0,864952,1679360,1183,3866624,60204,0,16480,compile_release_270,16875520,25002912,False,0,0,0,0,0,0,24627984,54869,,,,,
pr,memory-public-one,memory-public-one-b1-2-pr,1,235968,1549128,2367488,1626,3776512,67483,36,16544,retained_0,16941056,28327288,False,0,0,0,0,0,0,3324376,7279,,,,,
pr,memory-public-one,memory-public-one-b1-2-pr,1,0,1544792,2359296,1597,4628480,67765,0,16560,released_0,16957440,28388200,False,0,0,0,0,0,0,60912,282,,,,,
pr,memory-public-one,memory-public-one-b1-2-pr,1,235968,1549128,2285568,1626,3874816,75036,36,16608,retained_1,17006592,31711088,False,0,0,0,0,0,0,3322888,7271,,,,,
pr,memory-public-one,memory-public-one-b1-2-pr,1,0,1544792,2277376,1597,4399104,75318,0,16608,released_1,17006592,31772000,False,0,0,0,0,0,0,60912,282,,,,,
pr,memory-public-one,memory-public-one-b1-2-pr,1,235968,1549128,2260992,1626,3891200,82589,36,16624,retained_2,17022976,35094888,False,0,0,0,0,0,0,3322888,7271,,,,,
pr,memory-public-one,memory-public-one-b1-2-pr,1,0,1544792,2252800,1597,4415488,82871,0,16624,released_2,17022976,35155800,False,0,0,0,0,0,0,60912,282,,,,,
pr,memory-public-one,memory-public-one-b1-2-pr,1,0,173552,745472,720,5447680,83001,0,16752,runtime_released,17154048,35209408,False,0,0,0,0,0,0,53608,130,,,,,
pr,memory-public-one,memory-public-one-b1-3-pr,1,0,166392,704512,649,2859008,5336,0,8320,initial,8896512,375088,False,0,0,0,0,0,0,,,,,,,
pr,memory-public-one,memory-public-one-b1-3-pr,1,0,1015144,1794048,1210,3686400,60206,0,16064,compile_release_270,16449536,25003232,False,0,0,0,0,0,0,24628144,54870,,,,,
pr,memory-public-one,memory-public-one-b1-3-pr,1,235968,1549416,2236416,1626,4079616,67485,36,16176,retained_0,16564224,28327624,False,0,0,0,0,0,0,3324392,7279,,,,,
pr,memory-public-one,memory-public-one-b1-3-pr,1,0,1545080,2228224,1597,4603904,67767,0,16192,released_0,16580608,28388536,False,0,0,0,0,0,0,60912,282,,,,,
pr,memory-public-one,memory-public-one-b1-3-pr,1,235968,1549448,2260992,1628,3801088,75038,36,16256,retained_1,16646144,31711424,False,0,0,0,0,0,0,3322888,7271,,,,,
pr,memory-public-one,memory-public-one-b1-3-pr,1,0,1545112,2252800,1599,4390912,75320,0,16256,released_1,16646144,31772336,False,0,0,0,0,0,0,60912,282,,,,,
pr,memory-public-one,memory-public-one-b1-3-pr,1,235968,1549448,2277376,1628,3866624,82591,36,16272,retained_2,16662528,35095224,False,0,0,0,0,0,0,3322888,7271,,,,,
pr,memory-public-one,memory-public-one-b1-3-pr,1,0,1545112,2269184,1599,4390912,82873,0,16288,released_2,16678912,35156136,False,0,0,0,0,0,0,60912,282,,,,,
pr,memory-public-one,memory-public-one-b1-3-pr,1,0,173872,745472,722,5324800,83003,0,16400,runtime_released,16793600,35209744,False,0,0,0,0,0,0,53608,130,,,,,
main,memory-public-one,memory-public-one-b1-4-main,1,0,166208,704512,647,7053312,5334,0,8368,initial,8962048,374904,False,0,0,0,0,0,0,,,,,,,
main,memory-public-one,memory-public-one-b1-4-main,1,0,1351552,2129920,1396,7782400,60266,0,16624,compile_release_270,17022976,28790680,False,0,0,0,0,0,0,28415776,54932,,,,,
main,memory-public-one,memory-public-one-b1-4-main,1,212912,1548944,2310144,1624,8142848,67555,36,16720,retained_0,17121280,32620216,False,0,0,0,0,0,0,3829536,7289,,,,,
main,memory-public-one,memory-public-one-b1-4-main,1,0,1544608,2301952,1595,9568256,67837,0,16736,released_0,17137664,32681128,False,0,0,0,0,0,0,60912,282,,,,,
main,memory-public-one,memory-public-one-b1-4-main,1,212912,1548912,2269184,1622,8077312,75118,36,16800,retained_1,17203200,36509192,False,0,0,0,0,0,0,3828064,7281,,,,,
main,memory-public-one,memory-public-one-b1-4-main,1,0,1544576,2260992,1593,9519104,75400,0,16800,released_1,17203200,36570104,False,0,0,0,0,0,0,60912,282,,,,,
main,memory-public-one,memory-public-one-b1-4-main,1,212912,1548912,2244608,1622,8077312,82681,36,16816,retained_2,17219584,40398168,False,0,0,0,0,0,0,3828064,7281,,,,,
main,memory-public-one,memory-public-one-b1-4-main,1,0,1544576,2236416,1593,9519104,82963,0,16816,released_2,17219584,40459080,False,0,0,0,0,0,0,60912,282,,,,,
main,memory-public-one,memory-public-one-b1-4-main,1,0,173368,745472,718,9699328,83093,0,16960,runtime_released,17367040,40512688,False,0,0,0,0,0,0,53608,130,,,,,
main,memory-public-one,memory-public-one-b2-1-main,2,0,165728,704512,644,2859008,5331,0,8304,initial,8929280,374424,False,0,0,0,0,0,0,,,,,,,
main,memory-public-one,memory-public-one-b2-1-main,2,0,1356176,2064384,1420,3702784,60266,0,16368,compile_release_270,16760832,28790664,False,0,0,0,0,0,0,28416240,54935,,,,,
main,memory-public-one,memory-public-one-b2-1-main,2,212912,1548944,2277376,1624,4030464,67555,36,16448,retained_0,16842752,32620216,False,0,0,0,0,0,0,3829552,7289,,,,,
main,memory-public-one,memory-public-one-b2-1-main,2,0,1544608,2269184,1595,5390336,67837,0,16464,released_0,16859136,32681128,False,0,0,0,0,0,0,60912,282,,,,,
main,memory-public-one,memory-public-one-b2-1-main,2,212912,1548912,2269184,1622,3883008,75118,36,16528,retained_1,16924672,36509192,False,0,0,0,0,0,0,3828064,7281,,,,,
main,memory-public-one,memory-public-one-b2-1-main,2,0,1544576,2260992,1593,5324800,75400,0,16528,released_1,16924672,36570104,False,0,0,0,0,0,0,60912,282,,,,,
main,memory-public-one,memory-public-one-b2-1-main,2,212912,1548912,2269184,1622,3915776,82681,36,16560,retained_2,16957440,40398168,False,0,0,0,0,0,0,3828064,7281,,,,,
main,memory-public-one,memory-public-one-b2-1-main,2,0,1544576,2260992,1593,5292032,82963,0,16560,released_2,16957440,40459080,False,0,0,0,0,0,0,60912,282,,,,,
main,memory-public-one,memory-public-one-b2-1-main,2,0,173368,745472,718,5455872,83093,0,16704,runtime_released,17104896,40512688,False,0,0,0,0,0,0,53608,130,,,,,
pr,memory-public-one,memory-public-one-b2-2-pr,2,0,166232,704512,648,2859008,5335,0,8304,initial,8896512,374928,False,0,0,0,0,0,0,,,,,,,
pr,memory-public-one,memory-public-one-b2-2-pr,2,0,1014984,1892352,1209,3915776,60205,0,16448,compile_release_270,16842752,25003056,False,0,0,0,0,0,0,24628128,54870,,,,,
pr,memory-public-one,memory-public-one-b2-2-pr,2,235968,1549288,2310144,1627,3342336,67484,36,16528,retained_0,16924672,28327432,False,0,0,0,0,0,0,3324376,7279,,,,,
pr,memory-public-one,memory-public-one-b2-2-pr,2,0,1544952,2301952,1598,4505600,67766,0,16544,released_0,16941056,28388344,False,0,0,0,0,0,0,60912,282,,,,,
pr,memory-public-one,memory-public-one-b2-2-pr,2,235968,1549288,2244608,1627,3784704,75037,36,16608,retained_1,17006592,31711232,False,0,0,0,0,0,0,3322888,7271,,,,,
pr,memory-public-one,memory-public-one-b2-2-pr,2,0,1544952,2236416,1598,4440064,75319,0,16608,released_1,17006592,31772144,False,0,0,0,0,0,0,60912,282,,,,,
pr,memory-public-one,memory-public-one-b2-2-pr,2,235968,1549288,2285568,1627,3817472,82590,36,16608,retained_2,17006592,35095032,False,0,0,0,0,0,0,3322888,7271,,,,,
pr,memory-public-one,memory-public-one-b2-2-pr,2,0,1544952,2277376,1598,4407296,82872,0,16608,released_2,17006592,35155944,False,0,0,0,0,0,0,60912,282,,,,,
pr,memory-public-one,memory-public-one-b2-2-pr,2,0,173712,745472,721,5373952,83002,0,16720,runtime_released,17121280,35209552,False,0,0,0,0,0,0,53608,130,,,,,
pr,memory-public-one,memory-public-one-b2-3-pr,2,0,166232,704512,648,2859008,5335,0,8288,initial,8912896,374928,False,0,0,0,0,0,0,,,,,,,
pr,memory-public-one,memory-public-one-b2-3-pr,2,0,1015464,1794048,1212,3719168,60208,0,16208,compile_release_270,16596992,25003568,False,0,0,0,0,0,0,24628640,54873,,,,,
pr,memory-public-one,memory-public-one-b2-3-pr,2,235968,1549736,2236416,1628,4112384,67487,36,16288,retained_0,16678912,28327960,False,0,0,0,0,0,0,3324392,7279,,,,,
pr,memory-public-one,memory-public-one-b2-3-pr,2,0,1545400,2228224,1599,4636672,67769,0,16304,released_0,16695296,28388872,False,0,0,0,0,0,0,60912,282,,,,,
pr,memory-public-one,memory-public-one-b2-3-pr,2,235968,1549768,2260992,1630,3948544,75040,36,16352,retained_1,16744448,31711760,False,0,0,0,0,0,0,3322888,7271,,,,,
pr,memory-public-one,memory-public-one-b2-3-pr,2,0,1545432,2252800,1601,4407296,75322,0,16400,released_1,16793600,31772672,False,0,0,0,0,0,0,60912,282,,,,,
pr,memory-public-one,memory-public-one-b2-3-pr,2,235968,1549768,2277376,1630,3940352,82593,36,16400,retained_2,16793600,35095560,False,0,0,0,0,0,0,3322888,7271,,,,,
pr,memory-public-one,memory-public-one-b2-3-pr,2,0,1545432,2269184,1601,4399104,82875,0,16400,released_2,16793600,35156472,False,0,0,0,0,0,0,60912,282,,,,,
pr,memory-public-one,memory-public-one-b2-3-pr,2,0,174192,745472,724,5365760,83005,0,16512,runtime_released,16908288,35210080,False,0,0,0,0,0,0,53608,130,,,,,
main,memory-public-one,memory-public-one-b2-4-main,2,0,166048,704512,646,2859008,5333,0,8304,initial,8929280,374744,False,0,0,0,0,0,0,,,,,,,
main,memory-public-one,memory-public-one-b2-4-main,2,0,1356496,2113536,1422,3710976,60268,0,16592,compile_release_270,16990208,28790968,False,0,0,0,0,0,0,28416224,54935,,,,,
main,memory-public-one,memory-public-one-b2-4-main,2,212912,1549264,2277376,1626,4063232,67557,36,16640,retained_0,17039360,32620520,False,0,0,0,0,0,0,3829552,7289,,,,,
main,memory-public-one,memory-public-one-b2-4-main,2,0,1544928,2269184,1597,5226496,67839,0,16672,released_0,17072128,32681432,False,0,0,0,0,0,0,60912,282,,,,,
main,memory-public-one,memory-public-one-b2-4-main,2,212912,1549232,2269184,1624,3891200,75120,36,16704,retained_1,17104896,36509496,False,0,0,0,0,0,0,3828064,7281,,,,,
main,memory-public-one,memory-public-one-b2-4-main,2,0,1544896,2260992,1595,5332992,75402,0,16704,released_1,17104896,36570408,False,0,0,0,0,0,0,60912,282,,,,,
main,memory-public-one,memory-public-one-b2-4-main,2,212912,1549232,2277376,1624,3825664,82683,36,16736,retained_2,17137664,40398472,False,0,0,0,0,0,0,3828064,7281,,,,,
main,memory-public-one,memory-public-one-b2-4-main,2,0,1544896,2269184,1595,5332992,82965,0,16736,released_2,17137664,40459384,False,0,0,0,0,0,0,60912,282,,,,,
main,memory-public-one,memory-public-one-b2-4-main,2,0,173688,745472,720,5423104,83095,0,16880,runtime_released,17285120,40512992,False,0,0,0,0,0,0,53608,130,,,,,
main,memory-public-one,memory-public-one-b3-1-main,3,0,166368,704512,648,2859008,5335,0,8304,initial,8929280,375064,False,0,0,0,0,0,0,,,,,,,
main,memory-public-one,memory-public-one-b3-1-main,3,0,1356656,2088960,1423,3727360,60269,0,16368,compile_release_270,16760832,28791144,False,0,0,0,0,0,0,28416080,54934,,,,,
main,memory-public-one,memory-public-one-b3-1-main,3,212912,1549424,2285568,1627,4055040,67558,36,16400,retained_0,16793600,32620680,False,0,0,0,0,0,0,3829536,7289,,,,,
main,memory-public-one,memory-public-one-b3-1-main,3,0,1545088,2277376,1598,5332992,67840,0,16416,released_0,16809984,32681592,False,0,0,0,0,0,0,60912,282,,,,,
main,memory-public-one,memory-public-one-b3-1-main,3,212912,1549392,2277376,1625,3874816,75121,36,16464,retained_1,16859136,36509656,False,0,0,0,0,0,0,3828064,7281,,,,,
main,memory-public-one,memory-public-one-b3-1-main,3,0,1545056,2269184,1596,5316608,75403,0,16464,released_1,16859136,36570568,False,0,0,0,0,0,0,60912,282,,,,,
main,memory-public-one,memory-public-one-b3-1-main,3,212912,1549392,2277376,1625,3874816,82684,36,16528,retained_2,16957440,40398632,False,0,0,0,0,0,0,3828064,7281,,,,,
main,memory-public-one,memory-public-one-b3-1-main,3,0,1545056,2269184,1596,5316608,82966,0,16560,released_2,16957440,40459544,False,0,0,0,0,0,0,60912,282,,,,,
main,memory-public-one,memory-public-one-b3-1-main,3,0,173848,745472,721,5496832,83096,0,16704,runtime_released,17104896,40513152,False,0,0,0,0,0,0,53608,130,,,,,
pr,memory-public-one,memory-public-one-b3-2-pr,3,0,166232,704512,648,2859008,5335,0,8304,initial,8912896,374928,False,0,0,0,0,0,0,,,,,,,
pr,memory-public-one,memory-public-one-b3-2-pr,3,0,865240,1703936,1183,3866624,60206,0,16080,compile_release_270,16465920,25003248,False,0,0,0,0,0,0,24628320,54871,,,,,
pr,memory-public-one,memory-public-one-b3-2-pr,3,235968,1549448,2359296,1628,3653632,67485,36,16176,retained_0,16564224,28327624,False,0,0,0,0,0,0,3324376,7279,,,,,
pr,memory-public-one,memory-public-one-b3-2-pr,3,0,1545112,2351104,1599,4702208,67767,0,16192,released_0,16580608,28388536,False,0,0,0,0,0,0,60912,282,,,,,
pr,memory-public-one,memory-public-one-b3-2-pr,3,235968,1549448,2293760,1628,3850240,75038,36,16256,retained_1,16646144,31711424,False,0,0,0,0,0,0,3322888,7271,,,,,
pr,memory-public-one,memory-public-one-b3-2-pr,3,0,1545112,2285568,1599,4374528,75320,0,16256,released_1,16646144,31772336,False,0,0,0,0,0,0,60912,282,,,,,
pr,memory-public-one,memory-public-one-b3-2-pr,3,235968,1549448,2260992,1628,3874816,82591,36,16256,retained_2,16646144,35095224,False,0,0,0,0,0,0,3322888,7271,,,,,
pr,memory-public-one,memory-public-one-b3-2-pr,3,0,1545112,2252800,1599,4399104,82873,0,16256,released_2,16646144,35156136,False,0,0,0,0,0,0,60912,282,,,,,
pr,memory-public-one,memory-public-one-b3-2-pr,3,0,173872,745472,722,5414912,83003,0,16368,runtime_released,16760832,35209744,False,0,0,0,0,0,0,53608,130,,,,,
pr,memory-public-one,memory-public-one-b3-3-pr,3,0,166072,704512,647,7053312,5334,0,8416,initial,9027584,374768,False,0,0,0,0,0,0,,,,,,,
pr,memory-public-one,memory-public-one-b3-3-pr,3,0,1697896,2482176,1637,7421952,60203,0,16128,compile_release_270,16515072,25002880,False,0,0,0,0,0,0,24628112,54869,,,,,
pr,memory-public-one,memory-public-one-b3-3-pr,3,235968,1549144,2318336,1627,7684096,67483,36,16160,retained_0,16547840,28327288,False,0,0,0,0,0,0,3324408,7280,,,,,
pr,memory-public-one,memory-public-one-b3-3-pr,3,0,1544792,2310144,1597,8536064,67765,0,16176,released_0,16564224,28388200,False,0,0,0,0,0,0,60912,282,,,,,
pr,memory-public-one,memory-public-one-b3-3-pr,3,235968,1549128,2285568,1626,8126464,75036,36,16272,retained_1,16662528,31711088,False,0,0,0,0,0,0,3322888,7271,,,,,
pr,memory-public-one,memory-public-one-b3-3-pr,3,0,1544792,2277376,1597,8585216,75318,0,16272,released_1,16662528,31772000,False,0,0,0,0,0,0,60912,282,,,,,
pr,memory-public-one,memory-public-one-b3-3-pr,3,235968,1549128,2252800,1626,8110080,82589,36,16288,retained_2,16678912,35094888,False,0,0,0,0,0,0,3322888,7271,,,,,
pr,memory-public-one,memory-public-one-b3-3-pr,3,0,1544792,2244608,1597,8634368,82871,0,16288,released_2,16678912,35155800,False,0,0,0,0,0,0,60912,282,,,,,
pr,memory-public-one,memory-public-one-b3-3-pr,3,0,173552,745472,720,9535488,83001,0,16400,runtime_released,16793600,35209408,False,0,0,0,0,0,0,53608,130,,,,,
main,memory-public-one,memory-public-one-b3-4-main,3,0,166208,704512,647,7053312,5334,0,8336,initial,8912896,374904,False,0,0,0,0,0,0,,,,,,,
main,memory-public-one,memory-public-one-b3-4-main,3,0,1497392,2301952,1423,7725056,60268,0,16576,compile_release_270,16973824,28791016,False,0,0,0,0,0,0,28416112,54934,,,,,
main,memory-public-one,memory-public-one-b3-4-main,3,212912,1549232,2293760,1624,8052736,67557,36,16640,retained_0,17039360,32620568,False,0,0,0,0,0,0,3829552,7289,,,,,
main,memory-public-one,memory-public-one-b3-4-main,3,0,1544896,2285568,1595,9650176,67839,0,16656,released_0,17055744,32681480,False,0,0,0,0,0,0,60912,282,,,,,
main,memory-public-one,memory-public-one-b3-4-main,3,212912,1549232,2277376,1624,8069120,75120,36,16736,retained_1,17137664,36509544,False,0,0,0,0,0,0,3828064,7281,,,,,
main,memory-public-one,memory-public-one-b3-4-main,3,0,1544896,2269184,1595,9609216,75402,0,16736,released_1,17137664,36570456,False,0,0,0,0,0,0,60912,282,,,,,
main,memory-public-one,memory-public-one-b3-4-main,3,212912,1549232,2269184,1624,8134656,82683,36,16768,retained_2,17170432,40398520,False,0,0,0,0,0,0,3828064,7281,,,,,
main,memory-public-one,memory-public-one-b3-4-main,3,0,1544896,2260992,1595,9592832,82965,0,16768,released_2,17170432,40459432,False,0,0,0,0,0,0,60912,282,,,,,
main,memory-public-one,memory-public-one-b3-4-main,3,0,173688,745472,720,9609216,83095,0,16912,runtime_released,17317888,40513040,False,0,0,0,0,0,0,53608,130,,,,,
main,memory-native-one,memory-native-one-b1-1-main,1,0,314632,876544,1731,6823936,6571,0,8768,initial,9437184,543984,,,,,,,,,,1032,0,0,,
main,memory-native-one,memory-native-one-b1-1-main,1,0,322304,892928,1770,3211264,12794,0,14752,compile_release_270,15106048,9971016,,,,,,,,9427032,6223,1032,0,0,,
main,memory-native-one,memory-native-one-b1-1-main,1,212912,402384,1007616,1894,3997696,13754,36,15552,retained_0,15925248,11280304,,,,,,,,1309288,960,1032,851968,720896,,
main,memory-native-one,memory-native-one-b1-1-main,1,0,326976,901120,1788,5636096,13889,0,15552,released_0,15204352,11333448,,,,,,,,53144,135,1032,0,0,,
main,memory-native-one,memory-native-one-b1-1-main,1,212912,402368,1015808,1893,5799936,14829,36,15584,retained_1,15958016,12635888,,,,,,,,1302440,940,1032,851968,720896,,
main,memory-native-one,memory-native-one-b1-1-main,1,0,326976,901120,1788,5799936,14964,0,15584,released_1,15237120,12689032,,,,,,,,53144,135,1032,0,0,,
main,memory-native-one,memory-native-one-b1-1-main,1,212912,402368,1015808,1893,5799936,15904,36,15584,retained_2,15958016,13991472,,,,,,,,1302440,940,1032,851968,720896,,
main,memory-native-one,memory-native-one-b1-1-main,1,0,326976,901120,1788,5799936,16039,0,15584,released_2,15237120,14044616,,,,,,,,53144,135,1032,0,0,,
pr,memory-native-one,memory-native-one-b1-2-pr,1,0,314336,876544,1730,2629632,6570,0,8672,initial,9322496,543688,,,,,,,,,,1032,0,0,,
pr,memory-native-one,memory-native-one-b1-2-pr,1,0,321848,892928,1768,3260416,12732,0,14496,compile_release_270,14843904,6182624,,,,,,,,5638936,6162,1032,0,0,,
pr,memory-native-one,memory-native-one-b1-2-pr,1,235968,401912,999424,1891,4571136,13684,36,15264,retained_0,15630336,6986840,,,,,,,,804216,952,1032,851968,720896,,
pr,memory-native-one,memory-native-one-b1-2-pr,1,0,326520,901120,1786,6209536,13819,0,15264,released_0,14974976,7039984,,,,,,,,53144,135,1032,0,0,,
pr,memory-native-one,memory-native-one-b1-2-pr,1,235968,401896,1007616,1890,5799936,14751,36,15328,retained_1,15695872,7837352,,,,,,,,797368,932,1032,851968,720896,,
pr,memory-native-one,memory-native-one-b1-2-pr,1,0,326520,901120,1786,6225920,14886,0,15328,released_1,14974976,7890496,,,,,,,,53144,135,1032,0,0,,
pr,memory-native-one,memory-native-one-b1-2-pr,1,235968,401896,1007616,1890,5750784,15818,36,15376,retained_2,15745024,8687864,,,,,,,,797368,932,1032,851968,720896,,
pr,memory-native-one,memory-native-one-b1-2-pr,1,0,326520,901120,1786,6176768,15953,0,15376,released_2,15024128,8741008,,,,,,,,53144,135,1032,0,0,,
pr,memory-native-one,memory-native-one-b1-3-pr,1,0,314656,876544,1732,2629632,6572,0,8688,initial,9273344,544008,,,,,,,,,,1032,0,0,,
pr,memory-native-one,memory-native-one-b1-3-pr,1,0,322328,892928,1771,3211264,12735,0,14704,compile_release_270,15073280,6183104,,,,,,,,5639096,6163,1032,0,0,,
pr,memory-native-one,memory-native-one-b1-3-pr,1,235968,402392,999424,1894,4579328,13687,36,15520,retained_0,15892480,6987320,,,,,,,,804216,952,1032,851968,720896,,
pr,memory-native-one,memory-native-one-b1-3-pr,1,0,327000,901120,1789,6217728,13822,0,15520,released_0,15220736,7040464,,,,,,,,53144,135,1032,0,0,,
pr,memory-native-one,memory-native-one-b1-3-pr,1,235968,402376,1007616,1893,6266880,14754,36,15584,retained_1,15958016,7837832,,,,,,,,797368,932,1032,851968,720896,,
pr,memory-native-one,memory-native-one-b1-3-pr,1,0,327000,901120,1789,6266880,14889,0,15584,released_1,15237120,7890976,,,,,,,,53144,135,1032,0,0,,
pr,memory-native-one,memory-native-one-b1-3-pr,1,235968,402376,1007616,1893,6266880,15821,36,15600,retained_2,15974400,8688344,,,,,,,,797368,932,1032,851968,720896,,
pr,memory-native-one,memory-native-one-b1-3-pr,1,0,327000,901120,1789,6266880,15956,0,15600,released_2,15253504,8741488,,,,,,,,53144,135,1032,0,0,,
main,memory-native-one,memory-native-one-b1-4-main,1,0,314792,876544,1732,2629632,6572,0,8672,initial,9355264,544144,,,,,,,,,,1032,0,0,,
main,memory-native-one,memory-native-one-b1-4-main,1,0,322464,892928,1771,3448832,12795,0,14672,compile_release_270,15024128,9971176,,,,,,,,9427032,6223,1032,0,0,,
main,memory-native-one,memory-native-one-b1-4-main,1,212912,402544,1007616,1895,3973120,13755,36,15456,retained_0,15826944,11280464,,,,,,,,1309288,960,1032,851968,720896,,
main,memory-native-one,memory-native-one-b1-4-main,1,0,327136,901120,1789,5660672,13890,0,15456,released_0,15106048,11333608,,,,,,,,53144,135,1032,0,0,,
main,memory-native-one,memory-native-one-b1-4-main,1,212912,402528,1015808,1894,5660672,14830,36,15488,retained_1,15859712,12636048,,,,,,,,1302440,940,1032,851968,720896,,
main,memory-native-one,memory-native-one-b1-4-main,1,0,327136,901120,1789,5660672,14965,0,15488,released_1,15138816,12689192,,,,,,,,53144,135,1032,0,0,,
main,memory-native-one,memory-native-one-b1-4-main,1,212912,402528,1015808,1894,5660672,15905,36,15488,retained_2,15859712,13991632,,,,,,,,1302440,940,1032,851968,720896,,
main,memory-native-one,memory-native-one-b1-4-main,1,0,327136,901120,1789,5660672,16040,0,15488,released_2,15138816,14044776,,,,,,,,53144,135,1032,0,0,,
main,memory-native-one,memory-native-one-b2-1-main,2,0,314632,876544,1731,2629632,6571,0,8800,initial,9437184,543984,,,,,,,,,,1032,0,0,,
main,memory-native-one,memory-native-one-b2-1-main,2,0,322464,892928,1771,3268608,12795,0,14816,compile_release_270,15171584,9971176,,,,,,,,9427192,6224,1032,0,0,,
main,memory-native-one,memory-native-one-b2-1-main,2,212912,402544,1007616,1895,3989504,13755,36,15600,retained_0,15974400,11280464,,,,,,,,1309288,960,1032,851968,720896,,
main,memory-native-one,memory-native-one-b2-1-main,2,0,327136,901120,1789,5447680,13890,0,15600,released_0,15253504,11333608,,,,,,,,53144,135,1032,0,0,,
main,memory-native-one,memory-native-one-b2-1-main,2,212912,402528,1015808,1894,5677056,14830,36,15632,retained_1,16007168,12636048,,,,,,,,1302440,940,1032,851968,720896,,
main,memory-native-one,memory-native-one-b2-1-main,2,0,327136,901120,1789,5677056,14965,0,15632,released_1,15286272,12689192,,,,,,,,53144,135,1032,0,0,,
main,memory-native-one,memory-native-one-b2-1-main,2,212912,402528,1015808,1894,5521408,15905,36,15648,retained_2,16023552,13991632,,,,,,,,1302440,940,1032,851968,720896,,
main,memory-native-one,memory-native-one-b2-1-main,2,0,327136,901120,1789,5447680,16040,0,15648,released_2,15302656,14044776,,,,,,,,53144,135,1032,0,0,,
pr,memory-native-one,memory-native-one-b2-2-pr,2,0,314656,876544,1732,2629632,6572,0,8688,initial,9338880,544008,,,,,,,,,,1032,0,0,,
pr,memory-native-one,memory-native-one-b2-2-pr,2,0,322328,892928,1771,3440640,12735,0,14416,compile_release_270,14761984,6183104,,,,,,,,5639096,6163,1032,0,0,,
pr,memory-native-one,memory-native-one-b2-2-pr,2,235968,402392,999424,1894,4554752,13687,36,15200,retained_0,15581184,6987320,,,,,,,,804216,952,1032,851968,720896,,
pr,memory-native-one,memory-native-one-b2-2-pr,2,0,327000,901120,1789,6193152,13822,0,15216,released_0,14925824,7040464,,,,,,,,53144,135,1032,0,0,,
pr,memory-native-one,memory-native-one-b2-2-pr,2,235968,402376,1007616,1893,6184960,14754,36,15280,retained_1,15646720,7837832,,,,,,,,797368,932,1032,851968,720896,,
pr,memory-native-one,memory-native-one-b2-2-pr,2,0,327000,901120,1789,6119424,14889,0,15280,released_1,14974976,7890976,,,,,,,,53144,135,1032,0,0,,
pr,memory-native-one,memory-native-one-b2-2-pr,2,235968,402376,1007616,1893,6307840,15821,36,15328,retained_2,15695872,8688344,,,,,,,,797368,932,1032,851968,720896,,
pr,memory-native-one,memory-native-one-b2-2-pr,2,0,327000,901120,1789,6307840,15956,0,15328,released_2,14974976,8741488,,,,,,,,53144,135,1032,0,0,,
pr,memory-native-one,memory-native-one-b2-3-pr,2,0,314336,876544,1730,6823936,6570,0,8816,initial,9469952,543688,,,,,,,,,,1032,0,0,,
pr,memory-native-one,memory-native-one-b2-3-pr,2,0,322168,892928,1770,7684096,12734,0,14320,compile_release_270,14663680,6182944,,,,,,,,5639256,6164,1032,0,0,,
pr,memory-native-one,memory-native-one-b2-3-pr,2,235968,402232,999424,1893,8732672,13686,36,15072,retained_0,15433728,6987160,,,,,,,,804216,952,1032,851968,720896,,
pr,memory-native-one,memory-native-one-b2-3-pr,2,0,326840,901120,1788,10436608,13821,0,15072,released_0,14778368,7040304,,,,,,,,53144,135,1032,0,0,,
pr,memory-native-one,memory-native-one-b2-3-pr,2,235968,402216,1007616,1892,10493952,14753,36,15136,retained_1,15499264,7837672,,,,,,,,797368,932,1032,851968,720896,,
pr,memory-native-one,memory-native-one-b2-3-pr,2,0,326840,901120,1788,10485760,14888,0,15136,released_1,14778368,7890816,,,,,,,,53144,135,1032,0,0,,
pr,memory-native-one,memory-native-one-b2-3-pr,2,235968,402216,1007616,1892,10272768,15820,36,15168,retained_2,15532032,8688184,,,,,,,,797368,932,1032,851968,720896,,
pr,memory-native-one,memory-native-one-b2-3-pr,2,0,326840,901120,1788,10403840,15955,0,15168,released_2,14811136,8741328,,,,,,,,53144,135,1032,0,0,,
main,memory-native-one,memory-native-one-b2-4-main,2,0,314632,876544,1731,6823936,6571,0,8768,initial,9371648,543984,,,,,,,,,,1032,0,0,,
main,memory-native-one,memory-native-one-b2-4-main,2,0,322304,892928,1770,3219456,12794,0,14880,compile_release_270,15237120,9971016,,,,,,,,9427032,6223,1032,0,0,,
main,memory-native-one,memory-native-one-b2-4-main,2,212912,402384,1007616,1894,4005888,13754,36,15680,retained_0,16056320,11280304,,,,,,,,1309288,960,1032,851968,720896,,
main,memory-native-one,memory-native-one-b2-4-main,2,0,326976,901120,1788,5644288,13889,0,15680,released_0,15351808,11333448,,,,,,,,53144,135,1032,0,0,,
main,memory-native-one,memory-native-one-b2-4-main,2,212912,402368,1015808,1893,5644288,14829,36,15728,retained_1,16105472,12635888,,,,,,,,1302440,940,1032,851968,720896,,
main,memory-native-one,memory-native-one-b2-4-main,2,0,326976,901120,1788,5644288,14964,0,15728,released_1,15384576,12689032,,,,,,,,53144,135,1032,0,0,,
main,memory-native-one,memory-native-one-b2-4-main,2,212912,402368,1015808,1893,5414912,15904,36,15728,retained_2,16105472,13991472,,,,,,,,1302440,940,1032,851968,720896,,
main,memory-native-one,memory-native-one-b2-4-main,2,0,326976,901120,1788,5677056,16039,0,15728,released_2,15384576,14044616,,,,,,,,53144,135,1032,0,0,,
main,memory-native-one,memory-native-one-b3-1-main,3,0,314152,876544,1728,2629632,6568,0,8688,initial,9355264,543504,,,,,,,,,,1032,0,0,,
main,memory-native-one,memory-native-one-b3-1-main,3,0,321984,892928,1768,3481600,12792,0,14640,compile_release_270,14991360,9970696,,,,,,,,9427192,6224,1032,0,0,,
main,memory-native-one,memory-native-one-b3-1-main,3,212912,402064,1007616,1892,4005888,13752,36,15424,retained_0,15794176,11279984,,,,,,,,1309288,960,1032,851968,720896,,
main,memory-native-one,memory-native-one-b3-1-main,3,0,326656,901120,1786,5644288,13887,0,15424,released_0,15073280,11333128,,,,,,,,53144,135,1032,0,0,,
main,memory-native-one,memory-native-one-b3-1-main,3,212912,402048,1015808,1891,5644288,14827,36,15440,retained_1,15810560,12635568,,,,,,,,1302440,940,1032,851968,720896,,
main,memory-native-one,memory-native-one-b3-1-main,3,0,326656,901120,1786,5627904,14962,0,15440,released_1,15089664,12688712,,,,,,,,53144,135,1032,0,0,,
main,memory-native-one,memory-native-one-b3-1-main,3,212912,402048,1015808,1891,5627904,15902,36,15440,retained_2,15810560,13991152,,,,,,,,1302440,940,1032,851968,720896,,
main,memory-native-one,memory-native-one-b3-1-main,3,0,326656,901120,1786,5627904,16037,0,15440,released_2,15089664,14044296,,,,,,,,53144,135,1032,0,0,,
pr,memory-native-one,memory-native-one-b3-2-pr,3,0,314656,876544,1732,2629632,6572,0,8688,initial,9338880,544008,,,,,,,,,,1032,0,0,,
pr,memory-native-one,memory-native-one-b3-2-pr,3,0,322648,892928,1773,3244032,12737,0,14560,compile_release_270,14909440,6183424,,,,,,,,5639416,6165,1032,0,0,,
pr,memory-native-one,memory-native-one-b3-2-pr,3,235968,402712,999424,1896,4554752,13689,36,15392,retained_0,15761408,6987640,,,,,,,,804216,952,1032,851968,720896,,
pr,memory-native-one,memory-native-one-b3-2-pr,3,0,327320,901120,1791,6193152,13824,0,15392,released_0,15106048,7040784,,,,,,,,53144,135,1032,0,0,,
pr,memory-native-one,memory-native-one-b3-2-pr,3,235968,402696,1007616,1895,5799936,14756,36,15472,retained_1,15843328,7838152,,,,,,,,797368,932,1032,851968,720896,,
pr,memory-native-one,memory-native-one-b3-2-pr,3,0,327320,901120,1791,6225920,14891,0,15472,released_1,15122432,7891296,,,,,,,,53144,135,1032,0,0,,
pr,memory-native-one,memory-native-one-b3-2-pr,3,235968,402696,1007616,1895,5799936,15823,36,15488,retained_2,15859712,8688664,,,,,,,,797368,932,1032,851968,720896,,
pr,memory-native-one,memory-native-one-b3-2-pr,3,0,327320,901120,1791,6258688,15958,0,15488,released_2,15138816,8741808,,,,,,,,53144,135,1032,0,0,,
pr,memory-native-one,memory-native-one-b3-3-pr,3,0,314816,876544,1733,2629632,6573,0,8672,initial,9371648,544168,,,,,,,,,,1032,0,0,,
pr,memory-native-one,memory-native-one-b3-3-pr,3,0,322488,892928,1772,3358720,12736,0,14448,compile_release_270,14794752,6183264,,,,,,,,5639096,6163,1032,0,0,,
pr,memory-native-one,memory-native-one-b3-3-pr,3,235968,402552,999424,1895,4538368,13688,36,15360,retained_0,15728640,6987480,,,,,,,,804216,952,1032,851968,720896,,
pr,memory-native-one,memory-native-one-b3-3-pr,3,0,327160,901120,1790,6242304,13823,0,15360,released_0,15056896,7040624,,,,,,,,53144,135,1032,0,0,,
pr,memory-native-one,memory-native-one-b3-3-pr,3,235968,402536,1007616,1894,6316032,14755,36,15440,retained_1,15810560,7837992,,,,,,,,797368,932,1032,851968,720896,,
pr,memory-native-one,memory-native-one-b3-3-pr,3,0,327160,901120,1790,6258688,14890,0,15440,released_1,15122432,7891136,,,,,,,,53144,135,1032,0,0,,
pr,memory-native-one,memory-native-one-b3-3-pr,3,235968,402536,1007616,1894,6078464,15822,36,15504,retained_2,15876096,8688504,,,,,,,,797368,932,1032,851968,720896,,
pr,memory-native-one,memory-native-one-b3-3-pr,3,0,327160,901120,1790,6176768,15957,0,15504,released_2,15155200,8741648,,,,,,,,53144,135,1032,0,0,,
main,memory-native-one,memory-native-one-b3-4-main,3,0,314632,876544,1731,2629632,6571,0,8704,initial,9355264,543984,,,,,,,,,,1032,0,0,,
main,memory-native-one,memory-native-one-b3-4-main,3,0,322304,892928,1770,3391488,12794,0,14720,compile_release_270,15073280,9971016,,,,,,,,9427032,6223,1032,0,0,,
main,memory-native-one,memory-native-one-b3-4-main,3,212912,402384,1007616,1894,3981312,13754,36,15520,retained_0,15892480,11280304,,,,,,,,1309288,960,1032,851968,720896,,
main,memory-native-one,memory-native-one-b3-4-main,3,0,326976,901120,1788,5685248,13889,0,15520,released_0,15171584,11333448,,,,,,,,53144,135,1032,0,0,,
main,memory-native-one,memory-native-one-b3-4-main,3,212912,402368,1015808,1893,5685248,14829,36,15568,retained_1,15941632,12635888,,,,,,,,1302440,940,1032,851968,720896,,
main,memory-native-one,memory-native-one-b3-4-main,3,0,326976,901120,1788,5685248,14964,0,15568,released_1,15220736,12689032,,,,,,,,53144,135,1032,0,0,,
main,memory-native-one,memory-native-one-b3-4-main,3,212912,402368,1015808,1893,5603328,15904,36,15568,retained_2,15941632,13991472,,,,,,,,1302440,940,1032,851968,720896,,
main,memory-native-one,memory-native-one-b3-4-main,3,0,326976,901120,1788,5603328,16039,0,15568,released_2,15220736,14044616,,,,,,,,53144,135,1032,0,0,,
main,memory-runtime-one,memory-runtime-one-b1-1-main,1,0,100936,516096,373,7143424,4919,0,6304,initial,6717440,301096,False,0,0,0,0,0,0,,,,,,4128,0
main,memory-runtime-one,memory-runtime-one-b1-1-main,1,0,1305464,1998848,1155,3842048,59843,0,13696,compile_release_270,14024704,28727560,False,0,0,0,0,0,0,28426464,54924,,,,4128,0
main,memory-runtime-one,memory-runtime-one-b1-1-main,1,212912,1154192,1818624,1632,3989504,67833,36,16448,retained_0,16842752,32697520,False,0,0,0,0,0,0,3969960,7990,,,,4128,36
main,memory-runtime-one,memory-runtime-one-b1-1-main,1,0,1062696,1728512,1347,5660672,68218,0,16576,released_0,14483456,32768536,False,0,0,0,0,0,0,71016,385,,,,4128,0
main,memory-runtime-one,memory-runtime-one-b1-1-main,1,212912,1154512,1859584,1634,4136960,76157,36,16576,retained_1,16924672,36707424,False,0,0,0,0,0,0,3938888,7939,,,,4128,36
main,memory-runtime-one,memory-runtime-one-b1-1-main,1,0,1062696,1769472,1347,5693440,76540,0,16576,released_1,14483456,36778120,False,0,0,0,0,0,0,70696,383,,,,4128,0
main,memory-runtime-one,memory-runtime-one-b1-1-main,1,212912,1154512,1908736,1634,4071424,84479,36,16576,retained_2,16924672,40717008,False,0,0,0,0,0,0,3938888,7939,,,,4128,36
main,memory-runtime-one,memory-runtime-one-b1-1-main,1,0,1062696,1818624,1347,5742592,84862,0,16576,released_2,14483456,40787704,False,0,0,0,0,0,0,70696,383,,,,4128,0
main,memory-runtime-one,memory-runtime-one-b1-1-main,1,0,133336,679936,458,5808128,84983,0,16576,runtime_released,14499840,40838232,False,0,0,0,0,0,0,50528,121,,,,4128,0
pr,memory-runtime-one,memory-runtime-one-b1-2-pr,1,0,100960,516096,374,7143424,4920,0,6400,initial,6799360,301120,False,0,0,0,0,0,0,,,,,,4128,0
pr,memory-runtime-one,memory-runtime-one-b1-2-pr,1,0,1452080,2097152,1178,8142848,59778,0,13456,compile_release_270,13778944,24940768,False,0,0,0,0,0,0,24639648,54858,,,,4128,0
pr,memory-runtime-one,memory-runtime-one-b1-2-pr,1,235968,1155304,1851392,1631,8011776,67758,36,16128,retained_0,16515072,28405552,False,0,0,0,0,0,0,3464784,7980,,,,4128,36
pr,memory-runtime-one,memory-runtime-one-b1-2-pr,1,0,1063808,1761280,1346,8667136,68143,0,16256,released_0,14155776,28476568,False,0,0,0,0,0,0,71016,385,,,,4128,0
pr,memory-runtime-one,memory-runtime-one-b1-2-pr,1,235968,1155624,1818624,1633,8314880,76072,36,16256,retained_1,16596992,31910296,False,0,0,0,0,0,0,3433728,7929,,,,4128,36
pr,memory-runtime-one,memory-runtime-one-b1-2-pr,1,0,1063808,1728512,1346,8904704,76455,0,16256,released_1,14172160,31980992,False,0,0,0,0,0,0,70696,383,,,,4128,0
pr,memory-runtime-one,memory-runtime-one-b1-2-pr,1,235968,1155624,1875968,1633,8429568,84384,36,16256,retained_2,16613376,35414720,False,0,0,0,0,0,0,3433728,7929,,,,4128,36
pr,memory-runtime-one,memory-runtime-one-b1-2-pr,1,0,1063808,1785856,1346,8822784,84767,0,16272,released_2,14172160,35485416,False,0,0,0,0,0,0,70696,383,,,,4128,0
pr,memory-runtime-one,memory-runtime-one-b1-2-pr,1,0,134448,655360,457,10117120,84888,0,16272,runtime_released,14204928,35535944,False,0,0,0,0,0,0,50528,121,,,,4128,0
pr,memory-runtime-one,memory-runtime-one-b1-3-pr,1,0,100640,516096,372,2949120,4918,0,6320,initial,6684672,300800,False,0,0,0,0,0,0,,,,,,4128,0
pr,memory-runtime-one,memory-runtime-one-b1-3-pr,1,0,1478624,2113536,1249,3612672,59778,0,13744,compile_release_270,14073856,24940736,False,0,0,0,0,0,0,24639936,54860,,,,4128,0
pr,memory-runtime-one,memory-runtime-one-b1-3-pr,1,235968,1155304,1835008,1631,3612672,67758,36,16416,retained_0,16809984,28405520,False,0,0,0,0,0,0,3464784,7980,,,,4128,36
pr,memory-runtime-one,memory-runtime-one-b1-3-pr,1,0,1063808,1744896,1346,4464640,68143,0,16544,released_0,14450688,28476536,False,0,0,0,0,0,0,71016,385,,,,4128,0
pr,memory-runtime-one,memory-runtime-one-b1-3-pr,1,235968,1155624,1826816,1633,4292608,76072,36,16544,retained_1,16908288,31910264,False,0,0,0,0,0,0,3433728,7929,,,,4128,36
pr,memory-runtime-one,memory-runtime-one-b1-3-pr,1,0,1063808,1736704,1346,4685824,76455,0,16560,released_1,14467072,31980960,False,0,0,0,0,0,0,70696,383,,,,4128,0
pr,memory-runtime-one,memory-runtime-one-b1-3-pr,1,235968,1155624,1875968,1633,4317184,84384,36,16560,retained_2,16908288,35414688,False,0,0,0,0,0,0,3433728,7929,,,,4128,36
pr,memory-runtime-one,memory-runtime-one-b1-3-pr,1,0,1063808,1785856,1346,4644864,84767,0,16560,released_2,14467072,35485384,False,0,0,0,0,0,0,70696,383,,,,4128,0
pr,memory-runtime-one,memory-runtime-one-b1-3-pr,1,0,134448,663552,457,5906432,84888,0,16560,runtime_released,14499840,35535912,False,0,0,0,0,0,0,50528,121,,,,4128,0
main,memory-runtime-one,memory-runtime-one-b1-4-main,1,0,100936,516096,373,2949120,4919,0,6240,initial,6602752,301096,False,0,0,0,0,0,0,,,,,,4128,0
main,memory-runtime-one,memory-runtime-one-b1-4-main,1,0,1305464,1998848,1155,3964928,59843,0,13984,compile_release_270,14319616,28727544,False,0,0,0,0,0,0,28426448,54924,,,,4128,0
main,memory-runtime-one,memory-runtime-one-b1-4-main,1,212912,1154192,1851392,1632,3457024,67831,36,16688,retained_0,17088512,32697352,False,0,0,0,0,0,0,3969808,7988,,,,4128,36
main,memory-runtime-one,memory-runtime-one-b1-4-main,1,0,1062696,1761280,1347,4112384,68216,0,16816,released_0,14745600,32768368,False,0,0,0,0,0,0,71016,385,,,,4128,0
main,memory-runtime-one,memory-runtime-one-b1-4-main,1,212912,1154512,1859584,1634,3932160,76153,36,16816,retained_1,17186816,36707120,False,0,0,0,0,0,0,3938752,7937,,,,4128,36
main,memory-runtime-one,memory-runtime-one-b1-4-main,1,0,1062696,1769472,1347,4128768,76536,0,16832,released_1,14745600,36777816,False,0,0,0,0,0,0,70696,383,,,,4128,0
main,memory-runtime-one,memory-runtime-one-b1-4-main,1,212912,1154512,1892352,1634,3932160,84473,36,16832,retained_2,17186816,40716568,False,0,0,0,0,0,0,3938752,7937,,,,4128,36
main,memory-runtime-one,memory-runtime-one-b1-4-main,1,0,1062696,1802240,1347,4063232,84856,0,16832,released_2,14745600,40787264,False,0,0,0,0,0,0,70696,383,,,,4128,0
main,memory-runtime-one,memory-runtime-one-b1-4-main,1,0,133336,671744,458,5914624,84977,0,16832,runtime_released,14761984,40837792,False,0,0,0,0,0,0,50528,121,,,,4128,0
main,memory-runtime-one,memory-runtime-one-b2-1-main,2,0,100456,516096,370,2949120,4916,0,6240,initial,6651904,300616,False,0,0,0,0,0,0,,,,,,4128,0
main,memory-runtime-one,memory-runtime-one-b2-1-main,2,0,1304984,2007040,1152,3866624,59840,0,13568,compile_release_270,13910016,28727064,False,0,0,0,0,0,0,28426448,54924,,,,4128,0
main,memory-runtime-one,memory-runtime-one-b2-1-main,2,212912,1159032,1826816,1635,3858432,67836,36,16368,retained_0,16760832,32702344,False,0,0,0,0,0,0,3975280,7996,,,,4128,36
main,memory-runtime-one,memory-runtime-one-b2-1-main,2,0,1067584,1736704,1351,5693440,68222,0,16496,released_0,14401536,32773408,False,0,0,0,0,0,0,71064,386,,,,4128,0
main,memory-runtime-one,memory-runtime-one-b2-1-main,2,212912,1159400,1859584,1638,4087808,76161,36,16496,retained_1,16842752,36712296,False,0,0,0,0,0,0,3938888,7939,,,,4128,36
main,memory-runtime-one,memory-runtime-one-b2-1-main,2,0,1067584,1769472,1351,5693440,76544,0,16496,released_1,14401536,36782992,False,0,0,0,0,0,0,70696,383,,,,4128,0
main,memory-runtime-one,memory-runtime-one-b2-1-main,2,212912,1159400,1916928,1638,4022272,84483,36,16496,retained_2,16842752,40721880,False,0,0,0,0,0,0,3938888,7939,,,,4128,36
main,memory-runtime-one,memory-runtime-one-b2-1-main,2,0,1067584,1826816,1351,5545984,84866,0,16496,released_2,14401536,40792576,False,0,0,0,0,0,0,70696,383,,,,4128,0
main,memory-runtime-one,memory-runtime-one-b2-1-main,2,0,138224,679936,462,5693440,84987,0,16496,runtime_released,14417920,40843104,False,0,0,0,0,0,0,50528,121,,,,4128,0
pr,memory-runtime-one,memory-runtime-one-b2-2-pr,2,0,100640,516096,372,2949120,4918,0,6320,initial,6668288,300800,False,0,0,0,0,0,0,,,,,,4128,0
pr,memory-runtime-one,memory-runtime-one-b2-2-pr,2,0,1451776,2170880,1177,3735552,59776,0,13808,compile_release_270,14139392,24940448,False,0,0,0,0,0,0,24639648,54858,,,,4128,0
pr,memory-runtime-one,memory-runtime-one-b2-2-pr,2,235968,1154984,1851392,1629,3735552,67756,36,16496,retained_0,16891904,28405232,False,0,0,0,0,0,0,3464784,7980,,,,4128,36
pr,memory-runtime-one,memory-runtime-one-b2-2-pr,2,0,1063488,1761280,1344,4456448,68141,0,16624,released_0,14532608,28476248,False,0,0,0,0,0,0,71016,385,,,,4128,0
pr,memory-runtime-one,memory-runtime-one-b2-2-pr,2,235968,1155304,1818624,1631,4202496,76070,36,16624,retained_1,16973824,31909976,False,0,0,0,0,0,0,3433728,7929,,,,4128,36
pr,memory-runtime-one,memory-runtime-one-b2-2-pr,2,0,1063488,1728512,1344,4726784,76453,0,16624,released_1,14532608,31980672,False,0,0,0,0,0,0,70696,383,,,,4128,0
pr,memory-runtime-one,memory-runtime-one-b2-2-pr,2,235968,1155304,1884160,1631,4284416,84382,36,16624,retained_2,16973824,35414400,False,0,0,0,0,0,0,3433728,7929,,,,4128,36
pr,memory-runtime-one,memory-runtime-one-b2-2-pr,2,0,1063488,1794048,1344,4612096,84765,0,16624,released_2,14532608,35485096,False,0,0,0,0,0,0,70696,383,,,,4128,0
pr,memory-runtime-one,memory-runtime-one-b2-2-pr,2,0,134128,663552,455,5906432,84886,0,16624,runtime_released,14565376,35535624,False,0,0,0,0,0,0,50528,121,,,,4128,0
pr,memory-runtime-one,memory-runtime-one-b2-3-pr,2,0,100480,516096,371,7143424,4917,0,6432,initial,6832128,300640,False,0,0,0,0,0,0,,,,,,4128,0
pr,memory-runtime-one,memory-runtime-one-b2-3-pr,2,0,1478464,2105344,1248,7806976,59777,0,13456,compile_release_270,13778944,24940576,False,0,0,0,0,0,0,24639936,54860,,,,4128,0
pr,memory-runtime-one,memory-runtime-one-b2-3-pr,2,235968,1155144,1843200,1630,7806976,67757,36,16128,retained_0,16515072,28405360,False,0,0,0,0,0,0,3464784,7980,,,,4128,36
pr,memory-runtime-one,memory-runtime-one-b2-3-pr,2,0,1063648,1753088,1345,8658944,68142,0,16256,released_0,14155776,28476376,False,0,0,0,0,0,0,71016,385,,,,4128,0
pr,memory-runtime-one,memory-runtime-one-b2-3-pr,2,235968,1155464,1826816,1632,8462336,76071,36,16256,retained_1,16613376,31910104,False,0,0,0,0,0,0,3433728,7929,,,,4128,36
pr,memory-runtime-one,memory-runtime-one-b2-3-pr,2,0,1063648,1736704,1345,8921088,76454,0,16272,released_1,14172160,31980800,False,0,0,0,0,0,0,70696,383,,,,4128,0
pr,memory-runtime-one,memory-runtime-one-b2-3-pr,2,235968,1155464,1875968,1632,8478720,84383,36,16272,retained_2,16613376,35414528,False,0,0,0,0,0,0,3433728,7929,,,,4128,36
pr,memory-runtime-one,memory-runtime-one-b2-3-pr,2,0,1063648,1785856,1345,8871936,84766,0,16272,released_2,14172160,35485224,False,0,0,0,0,0,0,70696,383,,,,4128,0
pr,memory-runtime-one,memory-runtime-one-b2-3-pr,2,0,134288,663552,456,10117120,84887,0,16272,runtime_released,14204928,35535752,False,0,0,0,0,0,0,50528,121,,,,4128,0
main,memory-runtime-one,memory-runtime-one-b2-4-main,2,0,100456,516096,370,7143424,4916,0,6336,initial,6750208,300616,False,0,0,0,0,0,0,,,,,,4128,0
main,memory-runtime-one,memory-runtime-one-b2-4-main,2,0,1304984,2064384,1152,7561216,59840,0,13632,compile_release_270,13959168,28727064,False,0,0,0,0,0,0,28426448,54924,,,,4128,0
main,memory-runtime-one,memory-runtime-one-b2-4-main,2,212912,1153712,1851392,1629,8151040,67830,36,16368,retained_0,16760832,32697024,False,0,0,0,0,0,0,3969960,7990,,,,4128,36
main,memory-runtime-one,memory-runtime-one-b2-4-main,2,0,1062216,1761280,1344,9920512,68215,0,16496,released_0,14401536,32768040,False,0,0,0,0,0,0,71016,385,,,,4128,0
main,memory-runtime-one,memory-runtime-one-b2-4-main,2,212912,1154032,1867776,1631,8347648,76154,36,16496,retained_1,16842752,36706928,False,0,0,0,0,0,0,3938888,7939,,,,4128,36
main,memory-runtime-one,memory-runtime-one-b2-4-main,2,0,1062216,1777664,1344,10051584,76537,0,16496,released_1,14401536,36777624,False,0,0,0,0,0,0,70696,383,,,,4128,0
main,memory-runtime-one,memory-runtime-one-b2-4-main,2,212912,1154032,1916928,1631,8282112,84476,36,16496,retained_2,16842752,40716512,False,0,0,0,0,0,0,3938888,7939,,,,4128,36
main,memory-runtime-one,memory-runtime-one-b2-4-main,2,0,1062216,1826816,1344,9953280,84859,0,16496,released_2,14401536,40787208,False,0,0,0,0,0,0,70696,383,,,,4128,0
main,memory-runtime-one,memory-runtime-one-b2-4-main,2,0,132856,671744,455,10117120,84980,0,16496,runtime_released,14417920,40837736,False,0,0,0,0,0,0,50528,121,,,,4128,0
main,memory-runtime-one,memory-runtime-one-b3-1-main,3,0,100456,516096,370,7143424,4916,0,6352,initial,6766592,300616,False,0,0,0,0,0,0,,,,,,4128,0
main,memory-runtime-one,memory-runtime-one-b3-1-main,3,0,1135464,1835008,1031,3407872,59840,0,13680,compile_release_270,14008320,28727064,False,0,0,0,0,0,0,28426448,54924,,,,4128,0
main,memory-runtime-one,memory-runtime-one-b3-1-main,3,212912,1153712,1835008,1629,4063232,67830,36,16384,retained_0,16777216,32697008,False,0,0,0,0,0,0,3969944,7990,,,,4128,36
main,memory-runtime-one,memory-runtime-one-b3-1-main,3,0,1062216,1744896,1344,5685248,68215,0,16512,released_0,14434304,32768024,False,0,0,0,0,0,0,71016,385,,,,4128,0
main,memory-runtime-one,memory-runtime-one-b3-1-main,3,212912,1154032,1925120,1631,3670016,76152,36,16512,retained_1,16875520,36706776,False,0,0,0,0,0,0,3938752,7937,,,,4128,36
main,memory-runtime-one,memory-runtime-one-b3-1-main,3,0,1062216,1835008,1344,4063232,76535,0,16528,released_1,14434304,36777472,False,0,0,0,0,0,0,70696,383,,,,4128,0
main,memory-runtime-one,memory-runtime-one-b3-1-main,3,212912,1154032,1916928,1631,3735552,84472,36,16528,retained_2,16875520,40716224,False,0,0,0,0,0,0,3938752,7937,,,,4128,36
main,memory-runtime-one,memory-runtime-one-b3-1-main,3,0,1062216,1826816,1344,4063232,84855,0,16528,released_2,14434304,40786920,False,0,0,0,0,0,0,70696,383,,,,4128,0
main,memory-runtime-one,memory-runtime-one-b3-1-main,3,0,132856,679936,455,5783552,84976,0,16528,runtime_released,14450688,40837448,False,0,0,0,0,0,0,50528,121,,,,4128,0
pr,memory-runtime-one,memory-runtime-one-b3-2-pr,3,0,101280,516096,376,2949120,4922,0,6320,initial,6717440,301440,False,0,0,0,0,0,0,,,,,,4128,0
pr,memory-runtime-one,memory-runtime-one-b3-2-pr,3,0,1460912,2113536,1208,3710976,59784,0,13792,compile_release_270,14123008,24941680,False,0,0,0,0,0,0,24640240,54862,,,,4128,0
pr,memory-runtime-one,memory-runtime-one-b3-2-pr,3,235968,1156264,1851392,1637,3710976,67764,36,16464,retained_0,16859136,28406464,False,0,0,0,0,0,0,3464784,7980,,,,4128,36
pr,memory-runtime-one,memory-runtime-one-b3-2-pr,3,0,1064768,1761280,1352,4431872,68149,0,16592,released_0,14499840,28477480,False,0,0,0,0,0,0,71016,385,,,,4128,0
pr,memory-runtime-one,memory-runtime-one-b3-2-pr,3,235968,1156584,1810432,1639,4259840,76078,36,16592,retained_1,16957440,31911208,False,0,0,0,0,0,0,3433728,7929,,,,4128,36
pr,memory-runtime-one,memory-runtime-one-b3-2-pr,3,0,1064768,1720320,1352,4718592,76461,0,16608,released_1,14516224,31981904,False,0,0,0,0,0,0,70696,383,,,,4128,0
pr,memory-runtime-one,memory-runtime-one-b3-2-pr,3,235968,1156584,1875968,1639,4005888,84390,36,16608,retained_2,16957440,35415632,False,0,0,0,0,0,0,3433728,7929,,,,4128,36
pr,memory-runtime-one,memory-runtime-one-b3-2-pr,3,0,1064768,1785856,1352,4661248,84773,0,16608,released_2,14516224,35486328,False,0,0,0,0,0,0,70696,383,,,,4128,0
pr,memory-runtime-one,memory-runtime-one-b3-2-pr,3,0,135408,655360,463,5890048,84894,0,16608,runtime_released,14565376,35536856,False,0,0,0,0,0,0,50528,121,,,,4128,0
pr,memory-runtime-one,memory-runtime-one-b3-3-pr,3,0,100640,516096,372,2949120,4918,0,6320,initial,6717440,300800,False,0,0,0,0,0,0,,,,,,4128,0
pr,memory-runtime-one,memory-runtime-one-b3-3-pr,3,0,1451936,2154496,1178,3735552,59777,0,13488,compile_release_270,13811712,24940592,False,0,0,0,0,0,0,24639792,54859,,,,4128,0
pr,memory-runtime-one,memory-runtime-one-b3-3-pr,3,235968,1155144,1843200,1630,3735552,67757,36,16160,retained_0,16547840,28405376,False,0,0,0,0,0,0,3464784,7980,,,,4128,36
pr,memory-runtime-one,memory-runtime-one-b3-3-pr,3,0,1063648,1753088,1345,4456448,68142,0,16288,released_0,14188544,28476392,False,0,0,0,0,0,0,71016,385,,,,4128,0
pr,memory-runtime-one,memory-runtime-one-b3-3-pr,3,235968,1155464,1884160,1632,4194304,76071,36,16288,retained_1,16646144,31910120,False,0,0,0,0,0,0,3433728,7929,,,,4128,36
pr,memory-runtime-one,memory-runtime-one-b3-3-pr,3,0,1063648,1794048,1345,4653056,76454,0,16304,released_1,14204928,31980816,False,0,0,0,0,0,0,70696,383,,,,4128,0
pr,memory-runtime-one,memory-runtime-one-b3-3-pr,3,235968,1155464,1875968,1632,4276224,84383,36,16304,retained_2,16646144,35414544,False,0,0,0,0,0,0,3433728,7929,,,,4128,36
pr,memory-runtime-one,memory-runtime-one-b3-3-pr,3,0,1063648,1785856,1345,4669440,84766,0,16304,released_2,14204928,35485240,False,0,0,0,0,0,0,70696,383,,,,4128,0
pr,memory-runtime-one,memory-runtime-one-b3-3-pr,3,0,134288,663552,456,5865472,84887,0,16304,runtime_released,14237696,35535768,False,0,0,0,0,0,0,50528,121,,,,4128,0
main,memory-runtime-one,memory-runtime-one-b3-4-main,3,0,100456,516096,370,2949120,4916,0,6256,initial,6668288,300616,False,0,0,0,0,0,0,,,,,,4128,0
main,memory-runtime-one,memory-runtime-one-b3-4-main,3,0,1304984,2048000,1152,3661824,59840,0,13616,compile_release_270,13942784,28727080,False,0,0,0,0,0,0,28426464,54924,,,,4128,0
main,memory-runtime-one,memory-runtime-one-b3-4-main,3,212912,1153712,1843200,1629,3981312,67830,36,16336,retained_0,16728064,32697024,False,0,0,0,0,0,0,3969944,7990,,,,4128,36
main,memory-runtime-one,memory-runtime-one-b3-4-main,3,0,1062216,1753088,1344,5750784,68215,0,16464,released_0,14368768,32768040,False,0,0,0,0,0,0,71016,385,,,,4128,0
main,memory-runtime-one,memory-runtime-one-b3-4-main,3,212912,1154032,1851392,1631,4128768,76154,36,16464,retained_1,16809984,36706928,False,0,0,0,0,0,0,3938888,7939,,,,4128,36
main,memory-runtime-one,memory-runtime-one-b3-4-main,3,0,1062216,1761280,1344,5734400,76537,0,16464,released_1,14368768,36777624,False,0,0,0,0,0,0,70696,383,,,,4128,0
main,memory-runtime-one,memory-runtime-one-b3-4-main,3,212912,1154032,1908736,1631,4112384,84476,36,16464,retained_2,16809984,40716512,False,0,0,0,0,0,0,3938888,7939,,,,4128,36
main,memory-runtime-one,memory-runtime-one-b3-4-main,3,0,1062216,1818624,1344,5537792,84859,0,16464,released_2,14368768,40787208,False,0,0,0,0,0,0,70696,383,,,,4128,0
main,memory-runtime-one,memory-runtime-one-b3-4-main,3,0,132856,663552,455,5718016,84980,0,16464,runtime_released,14385152,40837736,False,0,0,0,0,0,0,50528,121,,,,4128,0
main,memory-public-auto,memory-public-auto-b1-1-main,1,0,427608,1130496,725,2170880,5430,0,9296,initial,9961472,636752,False,0,0,0,0,0,0,,,,,,,
main,memory-public-auto,memory-public-auto-b1-1-main,1,0,790480,1892352,1085,3006464,64159,0,18816,compile_release_270,19267584,35207032,False,0,0,0,0,0,0,34570280,58729,,,,,
main,memory-public-auto,memory-public-auto-b1-1-main,1,212912,1730768,2719744,1840,2809856,71944,36,18960,retained_0,19415040,39862408,False,0,0,0,0,0,0,4655376,7785,,,,,
main,memory-public-auto,memory-public-auto-b1-1-main,1,0,1730816,2695168,1804,3530752,72228,0,18992,released_0,19447808,39930856,False,0,0,0,0,0,0,68448,284,,,,,
main,memory-public-auto,memory-public-auto-b1-1-main,1,212912,1736208,2719744,1850,2727936,80030,36,19168,retained_1,19628032,44609576,False,0,0,0,0,0,0,4678720,7802,,,,,
main,memory-public-auto,memory-public-auto-b1-1-main,1,0,1736992,2711552,1824,4235264,80316,0,19168,released_1,19628032,44678312,False,0,0,0,0,0,0,68736,286,,,,,
main,memory-public-auto,memory-public-auto-b1-1-main,1,212912,1741184,2686976,1859,2555904,88101,36,19216,retained_2,19677184,49330304,False,0,0,0,0,0,0,4651992,7785,,,,,
main,memory-public-auto,memory-public-auto-b1-1-main,1,0,1741840,2686976,1831,4063232,88387,0,19232,released_2,19693568,49398928,False,0,0,0,0,0,0,68624,286,,,,,
main,memory-public-auto,memory-public-auto-b1-1-main,1,0,513000,1253376,958,4210688,88531,0,19392,runtime_released,19857408,49461776,False,0,0,0,0,0,0,62848,144,,,,,
pr,memory-public-auto,memory-public-auto-b1-2-pr,1,0,427152,1130496,723,6365184,5428,0,9408,initial,10043392,636296,False,0,0,0,0,0,0,,,,,,,
pr,memory-public-auto,memory-public-auto-b1-2-pr,1,0,779720,1777664,1023,7069696,64221,0,19072,compile_release_270,19595264,32505760,False,0,0,0,0,0,0,31869464,58793,,,,,
pr,memory-public-auto,memory-public-auto-b1-2-pr,1,235968,1786312,2875392,1847,7045120,72009,36,19264,retained_0,19726336,36776960,False,0,0,0,0,0,0,4271200,7788,,,,,
pr,memory-public-auto,memory-public-auto-b1-2-pr,1,0,1786520,2850816,1811,7307264,72294,0,19328,released_0,19791872,36845568,False,0,0,0,0,0,0,68608,285,,,,,
pr,memory-public-auto,memory-public-auto-b1-2-pr,1,235968,1792520,2899968,1860,7200768,80106,36,19504,retained_1,19972096,41144624,False,0,0,0,0,0,0,4299056,7812,,,,,
pr,memory-public-auto,memory-public-auto-b1-2-pr,1,0,1798512,2908160,1839,8060928,80397,0,19520,released_1,19988480,41218568,False,0,0,0,0,0,0,73944,291,,,,,
pr,memory-public-auto,memory-public-auto-b1-2-pr,1,235968,1803912,2883584,1878,7012352,88201,36,19584,retained_2,20054016,45507744,False,0,0,0,0,0,0,4289176,7804,,,,,
pr,memory-public-auto,memory-public-auto-b1-2-pr,1,0,1804552,2875392,1849,7979008,88486,0,19584,released_2,20054016,45576352,False,0,0,0,0,0,0,68608,285,,,,,
pr,memory-public-auto,memory-public-auto-b1-2-pr,1,0,520880,1277952,973,7979008,88630,0,19696,runtime_released,20168704,45639200,False,0,0,0,0,0,0,62848,144,,,,,
pr,memory-public-auto,memory-public-auto-b1-3-pr,1,0,427264,1155072,724,6332416,5429,0,9600,initial,10256384,636408,False,0,0,0,0,0,0,,,,,,,
pr,memory-public-auto,memory-public-auto-b1-3-pr,1,0,656176,1589248,996,2859008,64239,0,18336,compile_release_270,18808832,32464416,False,0,0,0,0,0,0,31828008,58810,,,,,
pr,memory-public-auto,memory-public-auto-b1-3-pr,1,235968,1790000,2899968,1857,2916352,72037,36,18464,retained_0,18907136,36744736,False,0,0,0,0,0,0,4280320,7798,,,,,
pr,memory-public-auto,memory-public-auto-b1-3-pr,1,0,1790208,2875392,1821,3506176,72322,0,18480,released_0,18923520,36813344,False,0,0,0,0,0,0,68608,285,,,,,
pr,memory-public-auto,memory-public-auto-b1-3-pr,1,235968,1801800,2891776,1868,2662400,80138,36,18688,retained_1,19136512,41110120,False,0,0,0,0,0,0,4296776,7816,,,,,
pr,memory-public-auto,memory-public-auto-b1-3-pr,1,0,1802440,2883584,1839,3907584,80422,0,18688,released_1,19136512,41178552,False,0,0,0,0,0,0,68432,284,,,,,
pr,memory-public-auto,memory-public-auto-b1-3-pr,1,235968,1802776,2908160,1880,2531328,88210,36,18752,retained_2,19202048,45462000,False,0,0,0,0,0,0,4283448,7788,,,,,
pr,memory-public-auto,memory-public-auto-b1-3-pr,1,0,1803464,2891776,1845,2924544,88495,0,18752,released_2,19218432,45530912,False,0,0,0,0,0,0,68912,285,,,,,
pr,memory-public-auto,memory-public-auto-b1-3-pr,1,0,520864,1302528,972,3760128,88642,0,18896,runtime_released,19349504,45594832,False,0,0,0,0,0,0,63920,147,,,,,
main,memory-public-auto,memory-public-auto-b1-4-main,1,0,432448,1130496,728,6332416,5433,0,9440,initial,10125312,641592,False,0,0,0,0,0,0,,,,,,,
main,memory-public-auto,memory-public-auto-b1-4-main,1,0,645048,1474560,985,6782976,64181,0,19168,compile_release_270,19628032,35230824,False,0,0,0,0,0,0,34589232,58748,,,,,
main,memory-public-auto,memory-public-auto-b1-4-main,1,212912,1729432,2760704,1835,6971392,71966,36,19232,retained_0,19693568,39899176,False,0,0,0,0,0,0,4668352,7785,,,,,
main,memory-public-auto,memory-public-auto-b1-4-main,1,0,1729832,2752512,1801,7692288,72250,0,19248,released_0,19709952,39967608,False,0,0,0,0,0,0,68432,284,,,,,
main,memory-public-auto,memory-public-auto-b1-4-main,1,212912,1739160,2793472,1853,7102464,80055,36,19328,retained_1,19791872,44621480,False,0,0,0,0,0,0,4653872,7805,,,,,
main,memory-public-auto,memory-public-auto-b1-4-main,1,0,1739800,2785280,1824,8372224,80340,0,19328,released_1,19791872,44690088,False,0,0,0,0,0,0,68608,285,,,,,
main,memory-public-auto,memory-public-auto-b1-4-main,1,212912,1750416,2793472,1870,6995968,88145,36,19408,retained_2,19873792,49350976,False,0,0,0,0,0,0,4660888,7805,,,,,
main,memory-public-auto,memory-public-auto-b1-4-main,1,0,1751088,2785280,1843,8011776,88430,0,19408,released_2,19873792,49419600,False,0,0,0,0,0,0,68624,285,,,,,
main,memory-public-auto,memory-public-auto-b1-4-main,1,0,522232,1277952,969,8077312,88574,0,19584,runtime_released,20054016,49482448,False,0,0,0,0,0,0,62848,144,,,,,
main,memory-public-auto,memory-public-auto-b2-1-main,2,0,427448,983040,724,6578176,5429,0,9232,initial,9895936,636592,False,0,0,0,0,0,0,,,,,,,
main,memory-public-auto,memory-public-auto-b2-1-main,2,0,951736,1884160,1203,7028736,64166,0,18848,compile_release_270,19300352,35219872,False,0,0,0,0,0,0,34583280,58737,,,,,
main,memory-public-auto,memory-public-auto-b2-1-main,2,212912,1732200,2662400,1844,6971392,71953,36,18992,retained_0,19447808,39856496,False,0,0,0,0,0,0,4636624,7787,,,,,
main,memory-public-auto,memory-public-auto-b2-1-main,2,0,1732456,2662400,1811,7380992,72238,0,19024,released_0,19480576,39924960,False,0,0,0,0,0,0,68464,285,,,,,
main,memory-public-auto,memory-public-auto-b2-1-main,2,212912,1739136,2695168,1849,7127040,80041,36,19184,retained_1,19644416,44575704,False,0,0,0,0,0,0,4650744,7803,,,,,
main,memory-public-auto,memory-public-auto-b2-1-main,2,0,1739808,2695168,1822,8101888,80326,0,19184,released_1,19644416,44644328,False,0,0,0,0,0,0,68624,285,,,,,
main,memory-public-auto,memory-public-auto-b2-1-main,2,212912,1742304,2678784,1853,6971392,88121,36,19232,retained_2,19693568,49291848,False,0,0,0,0,0,0,4647520,7795,,,,,
main,memory-public-auto,memory-public-auto-b2-1-main,2,0,1742976,2686976,1826,8167424,88406,0,19232,released_2,19693568,49360472,False,0,0,0,0,0,0,68624,285,,,,,
main,memory-public-auto,memory-public-auto-b2-1-main,2,0,514136,1146880,953,8626176,88550,0,19408,runtime_released,19873792,49423320,False,0,0,0,0,0,0,62848,144,,,,,
pr,memory-public-auto,memory-public-auto-b2-2-pr,2,0,427152,1130496,723,6332416,5428,0,9472,initial,10174464,636296,False,0,0,0,0,0,0,,,,,,,
pr,memory-public-auto,memory-public-auto-b2-2-pr,2,0,1108576,2252800,1251,2727936,64230,0,17936,compile_release_270,18399232,32473440,False,0,0,0,0,0,0,31837144,58802,,,,,
pr,memory-public-auto,memory-public-auto-b2-2-pr,2,235968,1801936,2883584,1872,2686976,72030,36,18608,retained_0,19054592,36753920,False,0,0,0,0,0,0,4280480,7800,,,,,
pr,memory-public-auto,memory-public-auto-b2-2-pr,2,0,1802352,2883584,1839,3538944,72316,0,18624,released_0,19070976,36822544,False,0,0,0,0,0,0,68624,286,,,,,
pr,memory-public-auto,memory-public-auto-b2-2-pr,2,235968,1810048,2940928,1886,2965504,80117,36,18672,retained_1,19120128,41121888,False,0,0,0,0,0,0,4299344,7801,,,,,
pr,memory-public-auto,memory-public-auto-b2-2-pr,2,0,1810064,2924544,1857,4251648,80402,0,18672,released_1,19120128,41190496,False,0,0,0,0,0,0,68608,285,,,,,
pr,memory-public-auto,memory-public-auto-b2-2-pr,2,235968,1817536,2916352,1900,2809856,88212,36,18720,retained_2,19169280,45484352,False,0,0,0,0,0,0,4293856,7810,,,,,
pr,memory-public-auto,memory-public-auto-b2-2-pr,2,0,1818224,2908160,1874,3907584,88497,0,18720,released_2,19169280,45552816,False,0,0,0,0,0,0,68464,285,,,,,
pr,memory-public-auto,memory-public-auto-b2-2-pr,2,0,534600,1294336,1001,4120576,88641,0,18832,runtime_released,19283968,45615664,False,0,0,0,0,0,0,62848,144,,,,,
pr,memory-public-auto,memory-public-auto-b2-3-pr,2,0,427792,1130496,727,6365184,5432,0,9472,initial,10125312,636936,False,0,0,0,0,0,0,,,,,,,
pr,memory-public-auto,memory-public-auto-b2-3-pr,2,0,646936,1515520,982,2990080,64222,0,18256,compile_release_270,18759680,32499712,False,0,0,0,0,0,0,31862776,58790,,,,,
pr,memory-public-auto,memory-public-auto-b2-3-pr,2,235968,1778392,2842624,1833,2621440,72011,36,18416,retained_0,18857984,36781600,False,0,0,0,0,0,0,4281888,7789,,,,,
pr,memory-public-auto,memory-public-auto-b2-3-pr,2,0,1778936,2818048,1802,3538944,72296,0,18432,released_0,18874368,36850160,False,0,0,0,0,0,0,68560,285,,,,,
pr,memory-public-auto,memory-public-auto-b2-3-pr,2,235968,1783664,2801664,1834,2719744,80097,36,18576,retained_1,19021824,41148056,False,0,0,0,0,0,0,4297896,7801,,,,,
pr,memory-public-auto,memory-public-auto-b2-3-pr,2,0,1784304,2793472,1805,4046848,80381,0,18592,released_1,19038208,41216488,False,0,0,0,0,0,0,68432,284,,,,,
pr,memory-public-auto,memory-public-auto-b2-3-pr,2,235968,1786336,2891776,1844,2777088,88183,36,18624,retained_2,19070976,45502264,False,0,0,0,0,0,0,4285776,7802,,,,,
pr,memory-public-auto,memory-public-auto-b2-3-pr,2,0,1786976,2883584,1815,3547136,88467,0,18624,released_2,19070976,45570696,False,0,0,0,0,0,0,68432,284,,,,,
pr,memory-public-auto,memory-public-auto-b2-3-pr,2,0,503368,1261568,943,3842048,88597,0,18736,runtime_released,19185664,45630832,False,0,0,0,0,0,0,60136,130,,,,,
main,memory-public-auto,memory-public-auto-b2-4-main,2,0,427768,1130496,726,2170880,5431,0,9296,initial,9994240,636912,False,0,0,0,0,0,0,,,,,,,
main,memory-public-auto,memory-public-auto-b2-4-main,2,0,808336,1957888,1158,2719744,64200,0,18704,compile_release_270,19152896,35255168,False,0,0,0,0,0,0,34618256,58769,,,,,
main,memory-public-auto,memory-public-auto-b2-4-main,2,212912,1745512,2891776,1866,3014656,71995,36,18784,retained_0,19234816,39914016,False,0,0,0,0,0,0,4658848,7795,,,,,
main,memory-public-auto,memory-public-auto-b2-4-main,2,0,1746152,2875392,1837,3506176,72280,0,18832,released_0,19283968,39982624,False,0,0,0,0,0,0,68608,285,,,,,
main,memory-public-auto,memory-public-auto-b2-4-main,2,212912,1749160,2785280,1879,2932736,80075,36,18976,retained_1,19431424,44622448,False,0,0,0,0,0,0,4639824,7795,,,,,
main,memory-public-auto,memory-public-auto-b2-4-main,2,0,1749832,2777088,1850,3932160,80361,0,18976,released_1,19431424,44691120,False,0,0,0,0,0,0,68672,286,,,,,
main,memory-public-auto,memory-public-auto-b2-4-main,2,212912,1753064,2826240,1894,2342912,88152,36,19104,retained_2,19562496,49349192,False,0,0,0,0,0,0,4658072,7791,,,,,
main,memory-public-auto,memory-public-auto-b2-4-main,2,0,1753672,2818048,1863,3653632,88438,0,19104,released_2,19562496,49417816,False,0,0,0,0,0,0,68624,286,,,,,
main,memory-public-auto,memory-public-auto-b2-4-main,2,0,524800,1302528,988,4046848,88582,0,19264,runtime_released,19726336,49480664,False,0,0,0,0,0,0,62848,144,,,,,
main,memory-public-auto,memory-public-auto-b3-1-main,3,0,427288,1097728,723,6430720,5428,0,9360,initial,10092544,636432,False,0,0,0,0,0,0,,,,,,,
main,memory-public-auto,memory-public-auto-b3-1-main,3,0,1075320,2072576,1236,6840320,64169,0,19040,compile_release_270,19496960,35226064,False,0,0,0,0,0,0,34589632,58741,,,,,
main,memory-public-auto,memory-public-auto-b3-1-main,3,212912,1743936,2768896,1854,7151616,71969,36,19168,retained_0,19628032,39886448,False,0,0,0,0,0,0,4660384,7800,,,,,
main,memory-public-auto,memory-public-auto-b3-1-main,3,0,1744592,2760704,1826,8003584,72255,0,19184,released_0,19644416,39955072,False,0,0,0,0,0,0,68624,286,,,,,
main,memory-public-auto,memory-public-auto-b3-1-main,3,212912,1748880,2793472,1867,6504448,80049,36,19280,retained_1,19742720,44615984,False,0,0,0,0,0,0,4660912,7794,,,,,
main,memory-public-auto,memory-public-auto-b3-1-main,3,0,1749520,2785280,1838,8159232,80333,0,19280,released_1,19742720,44684416,False,0,0,0,0,0,0,68432,284,,,,,
main,memory-public-auto,memory-public-auto-b3-1-main,3,212912,1754592,2752512,1879,6782976,88121,36,19344,retained_2,19808256,49336024,False,0,0,0,0,0,0,4651608,7788,,,,,
main,memory-public-auto,memory-public-auto-b3-1-main,3,0,1754368,2736128,1845,7372800,88406,0,19344,released_2,19808256,49404632,False,0,0,0,0,0,0,68608,285,,,,,
main,memory-public-auto,memory-public-auto-b3-1-main,3,0,525592,1253376,976,8732672,88551,0,19520,runtime_released,19988480,49467496,False,0,0,0,0,0,0,62864,145,,,,,
pr,memory-public-auto,memory-public-auto-b3-2-pr,3,0,427632,1130496,726,6365184,5431,0,9376,initial,9961472,636776,False,0,0,0,0,0,0,,,,,,,
pr,memory-public-auto,memory-public-auto-b3-2-pr,3,0,780912,1785856,1023,7077888,64226,0,18464,compile_release_270,18972672,32474120,False,0,0,0,0,0,0,31837344,58795,,,,,
pr,memory-public-auto,memory-public-auto-b3-2-pr,3,235968,1788560,2899968,1848,6864896,72017,36,18752,retained_0,19202048,36756184,False,0,0,0,0,0,0,4282064,7791,,,,,
pr,memory-public-auto,memory-public-auto-b3-2-pr,3,0,1788960,2867200,1814,8093696,72302,0,18784,released_0,19234816,36824792,False,0,0,0,0,0,0,68608,285,,,,,
pr,memory-public-auto,memory-public-auto-b3-2-pr,3,235968,1793456,2834432,1854,7192576,80110,36,18832,retained_1,19283968,41114408,False,0,0,0,0,0,0,4289616,7808,,,,,
pr,memory-public-auto,memory-public-auto-b3-2-pr,3,0,1794096,2826240,1825,8077312,80395,0,18832,released_1,19283968,41183016,False,0,0,0,0,0,0,68608,285,,,,,
pr,memory-public-auto,memory-public-auto-b3-2-pr,3,235968,1795312,2908160,1861,7159808,88196,36,18928,retained_2,19382272,45477336,False,0,0,0,0,0,0,4294320,7801,,,,,
pr,memory-public-auto,memory-public-auto-b3-2-pr,3,0,1795712,2899968,1827,8085504,88481,0,18928,released_2,19382272,45545944,False,0,0,0,0,0,0,68608,285,,,,,
pr,memory-public-auto,memory-public-auto-b3-2-pr,3,0,512216,1277952,956,8167424,88626,0,19056,runtime_released,19513344,45608904,False,0,0,0,0,0,0,62960,145,,,,,
pr,memory-public-auto,memory-public-auto-b3-3-pr,3,0,427472,1130496,725,6365184,5430,0,9472,initial,10190848,636616,False,0,0,0,0,0,0,,,,,,,
pr,memory-public-auto,memory-public-auto-b3-3-pr,3,0,656928,1597440,994,6848512,64250,0,18688,compile_release_270,19169280,32475680,False,0,0,0,0,0,0,31839064,58820,,,,,
pr,memory-public-auto,memory-public-auto-b3-3-pr,3,235968,1787424,2949120,1850,6815744,72042,36,18784,retained_0,19234816,36737952,False,0,0,0,0,0,0,4262272,7792,,,,,
pr,memory-public-auto,memory-public-auto-b3-3-pr,3,0,1787632,2932736,1814,7536640,72327,0,18800,released_0,19251200,36806560,False,0,0,0,0,0,0,68608,285,,,,,
pr,memory-public-auto,memory-public-auto-b3-3-pr,3,235968,1794040,2973696,1858,6963200,80140,36,18880,retained_1,19333120,41106744,False,0,0,0,0,0,0,4300184,7813,,,,,
pr,memory-public-auto,memory-public-auto-b3-3-pr,3,0,1794632,2957312,1826,7995392,80425,0,18880,released_1,19333120,41175352,False,0,0,0,0,0,0,68608,285,,,,,
pr,memory-public-auto,memory-public-auto-b3-3-pr,3,235968,1802632,2891776,1872,6520832,88227,36,18944,retained_2,19398656,45465072,False,0,0,0,0,0,0,4289720,7802,,,,,
pr,memory-public-auto,memory-public-auto-b3-3-pr,3,0,1803032,2891776,1838,7110656,88512,0,18960,released_2,19415040,45533680,False,0,0,0,0,0,0,68608,285,,,,,
pr,memory-public-auto,memory-public-auto-b3-3-pr,3,0,519456,1302528,968,7913472,88657,0,19088,runtime_released,19546112,45596544,False,0,0,0,0,0,0,62864,145,,,,,
main,memory-public-auto,memory-public-auto-b3-4-main,3,0,427448,1130496,724,6397952,5429,0,9600,initial,10240000,636592,False,0,0,0,0,0,0,,,,,,,
main,memory-public-auto,memory-public-auto-b3-4-main,3,0,949144,2031616,1200,6946816,64156,0,18544,compile_release_270,18989056,35217808,False,0,0,0,0,0,0,34581216,58727,,,,,
main,memory-public-auto,memory-public-auto-b3-4-main,3,212912,1744304,2646016,1859,6586368,71969,36,18800,retained_0,19251200,39897688,False,0,0,0,0,0,0,4679880,7813,,,,,
main,memory-public-auto,memory-public-auto-b3-4-main,3,0,1744896,2646016,1827,8028160,72254,0,18816,released_0,19267584,39966296,False,0,0,0,0,0,0,68608,285,,,,,
main,memory-public-auto,memory-public-auto-b3-4-main,3,212912,1746896,2818048,1866,6791168,80047,36,19264,retained_1,19726336,44627928,False,0,0,0,0,0,0,4661632,7793,,,,,
main,memory-public-auto,memory-public-auto-b3-4-main,3,0,1747344,2809856,1835,7872512,80332,0,19264,released_1,19726336,44696536,False,0,0,0,0,0,0,68608,285,,,,,
main,memory-public-auto,memory-public-auto-b3-4-main,3,212912,1749184,2768896,1874,6864896,88125,36,19392,retained_2,19857408,49355336,False,0,0,0,0,0,0,4658800,7793,,,,,
main,memory-public-auto,memory-public-auto-b3-4-main,3,0,1749776,2760704,1842,8175616,88410,0,19392,released_2,19857408,49423944,False,0,0,0,0,0,0,68608,285,,,,,
main,memory-public-auto,memory-public-auto-b3-4-main,3,0,520936,1286144,969,8257536,88554,0,19568,runtime_released,20037632,49486792,False,0,0,0,0,0,0,62848,144,,,,,
main,memory-native-auto,memory-native-auto-b1-1-main,1,0,576032,1155072,1809,6348800,6667,0,9696,initial,10371072,805832,,,,,,,,,,1032,0,0,,
main,memory-native-auto,memory-native-auto-b1-1-main,1,0,579672,1179648,1851,2940928,12893,0,15744,compile_release_270,16154624,10239840,,,,,,,,9434008,6226,1032,0,0,,
main,memory-native-auto,memory-native-auto-b1-1-main,1,212912,667208,1294336,1976,2940928,13854,36,16560,retained_0,16973824,11556584,,,,,,,,1316744,961,1032,851968,720896,,
main,memory-native-auto,memory-native-auto-b1-1-main,1,0,592328,1228800,1873,5013504,14003,0,16576,released_0,16285696,11619448,,,,,,,,62864,149,1032,0,0,,
main,memory-native-auto,memory-native-auto-b1-1-main,1,212912,668776,1327104,1980,4816896,14958,36,16608,retained_1,17006592,12932168,,,,,,,,1312720,955,1032,851968,720896,,
main,memory-native-auto,memory-native-auto-b1-1-main,1,0,594360,1212416,1878,5046272,15107,0,16608,released_1,16334848,12995480,,,,,,,,63312,149,1032,0,0,,
main,memory-native-auto,memory-native-auto-b1-1-main,1,212912,670968,1318912,1985,4874240,16063,36,16832,retained_2,17235968,14308616,,,,,,,,1313136,956,1032,851968,720896,,
main,memory-native-auto,memory-native-auto-b1-1-main,1,0,595592,1212416,1881,5111808,16210,0,16832,released_2,16515072,14370968,,,,,,,,62352,147,1032,0,0,,
pr,memory-native-auto,memory-native-auto-b1-2-pr,1,0,576216,1294336,1811,6135808,6669,0,9824,initial,10452992,806016,,,,,,,,,,1032,0,0,,
pr,memory-native-auto,memory-native-auto-b1-2-pr,1,0,579472,1302528,1850,3244032,12832,0,14848,compile_release_270,15319040,6451688,,,,,,,,5645672,6163,1032,0,0,,
pr,memory-native-auto,memory-native-auto-b1-2-pr,1,235968,667152,1433600,1978,3244032,13786,36,15792,retained_0,16171008,7263488,,,,,,,,811800,954,1032,851968,720896,,
pr,memory-native-auto,memory-native-auto-b1-2-pr,1,0,591776,1343488,1873,5472256,13934,0,15808,released_0,15515648,7325872,,,,,,,,62384,148,1032,0,0,,
pr,memory-native-auto,memory-native-auto-b1-2-pr,1,235968,668080,1433600,1977,5160960,14880,36,15984,retained_1,16367616,8133408,,,,,,,,807536,946,1032,851968,720896,,
pr,memory-native-auto,memory-native-auto-b1-2-pr,1,0,592832,1335296,1875,5488640,15028,0,15984,released_1,15712256,8195872,,,,,,,,62464,148,1032,0,0,,
pr,memory-native-auto,memory-native-auto-b1-2-pr,1,235968,669152,1441792,1980,5570560,15974,36,16416,retained_2,16809984,9003408,,,,,,,,807536,946,1032,851968,720896,,
pr,memory-native-auto,memory-native-auto-b1-2-pr,1,0,594272,1335296,1878,5570560,16122,0,16416,released_2,16105472,9066240,,,,,,,,62832,148,1032,0,0,,
pr,memory-native-auto,memory-native-auto-b1-3-pr,1,0,575896,1294336,1809,1941504,6667,0,9712,initial,10354688,805696,,,,,,,,,,1032,0,0,,
pr,memory-native-auto,memory-native-auto-b1-3-pr,1,0,578992,1302528,1847,3227648,12829,0,14960,compile_release_270,15417344,6451208,,,,,,,,5645512,6162,1032,0,0,,
pr,memory-native-auto,memory-native-auto-b1-3-pr,1,235968,671848,1409024,1978,3497984,13789,36,15968,retained_0,16384000,7268216,,,,,,,,817008,960,1032,851968,720896,,
pr,memory-native-auto,memory-native-auto-b1-3-pr,1,0,597464,1327104,1878,4677632,13939,0,16000,released_0,15728640,7331544,,,,,,,,63328,150,1032,0,0,,
pr,memory-native-auto,memory-native-auto-b1-3-pr,1,235968,673784,1433600,1983,4677632,14885,36,16096,retained_1,16515072,8139080,,,,,,,,807536,946,1032,851968,720896,,
pr,memory-native-auto,memory-native-auto-b1-3-pr,1,0,599640,1327104,1882,4677632,15035,0,16144,released_1,15826944,8202904,,,,,,,,63824,150,1032,0,0,,
pr,memory-native-auto,memory-native-auto-b1-3-pr,1,235968,675976,1425408,1988,5439488,15969,36,16496,retained_2,16891904,9007760,,,,,,,,804856,934,1032,851968,720896,,
pr,memory-native-auto,memory-native-auto-b1-3-pr,1,0,601560,1327104,1886,5423104,16118,0,16496,released_2,16171008,9071072,,,,,,,,63312,149,1032,0,0,,
main,memory-native-auto,memory-native-auto-b1-4-main,1,0,576032,1155072,1809,6348800,6667,0,9664,initial,10272768,805832,,,,,,,,,,1032,0,0,,
main,memory-native-auto,memory-native-auto-b1-4-main,1,0,579448,1171456,1849,6660096,12890,0,15872,compile_release_270,16334848,10239440,,,,,,,,9433608,6223,1032,0,0,,
main,memory-native-auto,memory-native-auto-b1-4-main,1,212912,667000,1294336,1975,7290880,13852,36,17152,retained_0,17563648,11556200,,,,,,,,1316760,962,1032,851968,720896,,
main,memory-native-auto,memory-native-auto-b1-4-main,1,0,591752,1228800,1872,9306112,14001,0,17200,released_0,16924672,11618696,,,,,,,,62496,149,1032,0,0,,
main,memory-native-auto,memory-native-auto-b1-4-main,1,212912,667128,1327104,1976,8904704,14953,36,17232,retained_1,17645568,12930344,,,,,,,,1311648,952,1032,851968,720896,,
main,memory-native-auto,memory-native-auto-b1-4-main,1,0,591752,1212416,1872,9232384,15100,0,17232,released_1,16924672,12992696,,,,,,,,62352,147,1032,0,0,,
main,memory-native-auto,memory-native-auto-b1-4-main,1,212912,668344,1343488,1982,9191424,16056,36,17264,retained_2,17678336,14305528,,,,,,,,1312832,956,1032,851968,720896,,
main,memory-native-auto,memory-native-auto-b1-4-main,1,0,593896,1236992,1878,9191424,16193,0,17264,released_2,16973824,14366160,,,,,,,,60632,137,1032,0,0,,
main,memory-native-auto,memory-native-auto-b2-1-main,2,0,576032,1294336,1809,1941504,6667,0,9792,initial,10485760,805832,,,,,,,,,,1032,0,0,,
main,memory-native-auto,memory-native-auto-b2-1-main,2,0,579464,1310720,1850,2801664,12892,0,15680,compile_release_270,16121856,10239632,,,,,,,,9433800,6225,1032,0,0,,
main,memory-native-auto,memory-native-auto-b2-1-main,2,212912,666536,1425408,1975,2850816,13853,36,16576,retained_0,16973824,11555912,,,,,,,,1316280,961,1032,851968,720896,,
main,memory-native-auto,memory-native-auto-b2-1-main,2,0,592104,1335296,1872,3833856,13990,0,16576,released_0,16269312,11616544,,,,,,,,60632,137,1032,0,0,,
main,memory-native-auto,memory-native-auto-b2-1-main,2,212912,667976,1449984,1978,3833856,14943,36,16656,retained_1,17088512,12928672,,,,,,,,1312128,953,1032,851968,720896,,
main,memory-native-auto,memory-native-auto-b2-1-main,2,0,593544,1335296,1875,3833856,15080,0,16688,released_1,16384000,12989304,,,,,,,,60632,137,1032,0,0,,
main,memory-native-auto,memory-native-auto-b2-1-main,2,212912,670168,1441792,1983,4276224,16024,36,16752,retained_2,17154048,14299760,,,,,,,,1310456,944,1032,851968,720896,,
main,memory-native-auto,memory-native-auto-b2-1-main,2,0,595736,1343488,1880,4276224,16173,0,16768,released_2,16465920,14363072,,,,,,,,63312,149,1032,0,0,,
pr,memory-native-auto,memory-native-auto-b2-2-pr,2,0,581056,1294336,1814,6103040,6672,0,9904,initial,10518528,810856,,,,,,,,,,1032,0,0,,
pr,memory-native-auto,memory-native-auto-b2-2-pr,2,0,579152,1302528,1848,6979584,12830,0,15392,compile_release_270,15892480,6451368,,,,,,,,5640512,6158,1032,0,0,,
pr,memory-native-auto,memory-native-auto-b2-2-pr,2,235968,666688,1409024,1973,7241728,13784,36,16784,retained_0,17235968,7263056,,,,,,,,811688,954,1032,851968,720896,,
pr,memory-native-auto,memory-native-auto-b2-2-pr,2,0,592544,1335296,1874,9732096,13936,0,16848,released_0,16596992,7326640,,,,,,,,63584,152,1032,0,0,,
pr,memory-native-auto,memory-native-auto-b2-2-pr,2,235968,668928,1441792,1983,9207808,14882,36,16928,retained_1,17334272,8134192,,,,,,,,807552,946,1032,851968,720896,,
pr,memory-native-auto,memory-native-auto-b2-2-pr,2,0,593504,1343488,1876,9207808,15029,0,16928,released_1,16629760,8196544,,,,,,,,62352,147,1032,0,0,,
pr,memory-native-auto,memory-native-auto-b2-2-pr,2,235968,668896,1433600,1981,9469952,15974,36,16976,retained_2,17383424,9003136,,,,,,,,806592,945,1032,851968,720896,,
pr,memory-native-auto,memory-native-auto-b2-2-pr,2,0,594016,1335296,1879,9437184,16122,0,16976,released_2,16662528,9065968,,,,,,,,62832,148,1032,0,0,,
pr,memory-native-auto,memory-native-auto-b2-3-pr,2,0,575736,1155072,1808,6348800,6666,0,9600,initial,10305536,805536,,,,,,,,,,1032,0,0,,
pr,memory-native-auto,memory-native-auto-b2-3-pr,2,0,584152,1171456,1852,7430144,12834,0,15072,compile_release_270,15482880,6456368,,,,,,,,5650832,6168,1032,0,0,,
pr,memory-native-auto,memory-native-auto-b2-3-pr,2,235968,671208,1277952,1976,7462912,13787,36,15920,retained_0,16302080,7267576,,,,,,,,811208,953,1032,851968,720896,,
pr,memory-native-auto,memory-native-auto-b2-3-pr,2,0,596920,1220608,1876,9535488,13938,0,15936,released_0,15663104,7331016,,,,,,,,63440,151,1032,0,0,,
pr,memory-native-auto,memory-native-auto-b2-3-pr,2,235968,673416,1335296,1986,9281536,14885,36,16032,retained_1,16416768,8138680,,,,,,,,807664,947,1032,851968,720896,,
pr,memory-native-auto,memory-native-auto-b2-3-pr,2,0,598488,1212416,1881,9281536,15033,0,16032,released_1,15695872,8201512,,,,,,,,62832,148,1032,0,0,,
pr,memory-native-auto,memory-native-auto-b2-3-pr,2,235968,675080,1294336,1987,9379840,15981,36,16128,retained_2,16515072,9009576,,,,,,,,808064,948,1032,851968,720896,,
pr,memory-native-auto,memory-native-auto-b2-3-pr,2,0,600696,1204224,1887,9527296,16131,0,16128,released_2,15794176,9072904,,,,,,,,63328,150,1032,0,0,,
main,memory-native-auto,memory-native-auto-b2-4-main,2,0,581192,1294336,1814,1941504,6672,0,9776,initial,10485760,810992,,,,,,,,,,1032,0,0,,
main,memory-native-auto,memory-native-auto-b2-4-main,2,0,579288,1302528,1848,3088384,12890,0,15568,compile_release_270,15974400,10239456,,,,,,,,9428464,6218,1032,0,0,,
main,memory-native-auto,memory-native-auto-b2-4-main,2,212912,666824,1417216,1973,3088384,13851,36,16416,retained_0,16809984,11556200,,,,,,,,1316744,961,1032,851968,720896,,
main,memory-native-auto,memory-native-auto-b2-4-main,2,0,596768,1327104,1875,6004736,14004,0,16416,released_0,16154624,11623872,,,,,,,,67672,153,1032,0,0,,
main,memory-native-auto,memory-native-auto-b2-4-main,2,212912,673120,1441792,1982,4734976,14959,36,16816,retained_1,17219584,12936496,,,,,,,,1312624,955,1032,851968,720896,,
main,memory-native-auto,memory-native-auto-b2-4-main,2,0,597776,1327104,1879,4915200,15107,0,16816,released_1,16498688,12998880,,,,,,,,62384,148,1032,0,0,,
main,memory-native-auto,memory-native-auto-b2-4-main,2,212912,673136,1441792,1982,4644864,16059,36,16832,retained_2,17252352,14310528,,,,,,,,1311648,952,1032,851968,720896,,
main,memory-native-auto,memory-native-auto-b2-4-main,2,0,598720,1327104,1880,4710400,16208,0,16848,released_2,16531456,14373840,,,,,,,,63312,149,1032,0,0,,
main,memory-native-auto,memory-native-auto-b3-1-main,3,0,575872,1294336,1808,6168576,6666,0,9744,initial,10485760,805672,,,,,,,,,,1032,0,0,,
main,memory-native-auto,memory-native-auto-b3-1-main,3,0,579400,1310720,1849,6922240,12890,0,15744,compile_release_270,16187392,10239392,,,,,,,,9433720,6224,1032,0,0,,
main,memory-native-auto,memory-native-auto-b3-1-main,3,212912,667096,1449984,1978,7094272,13853,36,16960,retained_0,17367040,11556264,,,,,,,,1316872,963,1032,851968,720896,,
main,memory-native-auto,memory-native-auto-b3-1-main,3,0,592664,1359872,1875,8323072,14003,0,16976,released_0,16678912,11619592,,,,,,,,63328,150,1032,0,0,,
main,memory-native-auto,memory-native-auto-b3-1-main,3,212912,668040,1458176,1979,8388608,14955,36,17024,retained_1,17432576,12931240,,,,,,,,1311648,952,1032,851968,720896,,
main,memory-native-auto,memory-native-auto-b3-1-main,3,0,593624,1351680,1877,8388608,15104,0,17024,released_1,16711680,12994552,,,,,,,,63312,149,1032,0,0,,
main,memory-native-auto,memory-native-auto-b3-1-main,3,212912,669016,1466368,1982,8781824,16057,36,17040,retained_2,17448960,14306216,,,,,,,,1311664,953,1032,851968,720896,,
main,memory-native-auto,memory-native-auto-b3-1-main,3,0,593624,1351680,1877,8781824,16192,0,17040,released_2,16728064,14365888,,,,,,,,59672,135,1032,0,0,,
pr,memory-native-auto,memory-native-auto-b3-2-pr,3,0,581056,1294336,1814,6135808,6672,0,9776,initial,10452992,810856,,,,,,,,,,1032,0,0,,
pr,memory-native-auto,memory-native-auto-b3-2-pr,3,0,584584,1310720,1855,7397376,12837,0,15104,compile_release_270,15515648,6456800,,,,,,,,5645944,6165,1032,0,0,,
pr,memory-native-auto,memory-native-auto-b3-2-pr,3,235968,672120,1417216,1980,7430144,13791,36,15936,retained_0,16334848,7268488,,,,,,,,811688,954,1032,851968,720896,,
pr,memory-native-auto,memory-native-auto-b3-2-pr,3,0,597256,1335296,1879,9674752,13940,0,15984,released_0,15712256,7331336,,,,,,,,62848,149,1032,0,0,,
pr,memory-native-auto,memory-native-auto-b3-2-pr,3,235968,673592,1441792,1985,9412608,14874,36,16400,retained_1,16842752,8136192,,,,,,,,804856,934,1032,851968,720896,,
pr,memory-native-auto,memory-native-auto-b3-2-pr,3,0,599176,1335296,1883,9576448,15011,0,16448,released_1,16121856,8196824,,,,,,,,60632,137,1032,0,0,,
pr,memory-native-auto,memory-native-auto-b3-2-pr,3,235968,674536,1441792,1986,9281536,15955,36,16464,retained_2,16859136,9003400,,,,,,,,806576,944,1032,851968,720896,,
pr,memory-native-auto,memory-native-auto-b3-2-pr,3,0,600408,1335296,1886,9609216,16106,0,16464,released_2,16138240,9067240,,,,,,,,63840,151,1032,0,0,,
pr,memory-native-auto,memory-native-auto-b3-3-pr,3,0,575896,1294336,1809,6135808,6667,0,10032,initial,10616832,805696,,,,,,,,,,1032,0,0,,
pr,memory-native-auto,memory-native-auto-b3-3-pr,3,0,578992,1302528,1847,2891776,12829,0,15440,compile_release_270,15908864,6451272,,,,,,,,5645576,6162,1032,0,0,,
pr,memory-native-auto,memory-native-auto-b3-3-pr,3,235968,666528,1409024,1972,3506176,13783,36,16336,retained_0,16728064,7262960,,,,,,,,811688,954,1032,851968,720896,,
pr,memory-native-auto,memory-native-auto-b3-3-pr,3,0,592112,1327104,1870,5537792,13920,0,16432,released_0,16171008,7323592,,,,,,,,60632,137,1032,0,0,,
pr,memory-native-auto,memory-native-auto-b3-3-pr,3,235968,667520,1433600,1975,5447680,14865,36,16560,retained_1,16957440,8130200,,,,,,,,806608,945,1032,851968,720896,,
pr,memory-native-auto,memory-native-auto-b3-3-pr,3,0,593104,1327104,1873,5447680,15014,0,16560,released_1,16236544,8193512,,,,,,,,63312,149,1032,0,0,,
pr,memory-native-auto,memory-native-auto-b3-3-pr,3,235968,669696,1425408,1979,5300224,15949,36,16560,retained_2,16957440,8998880,,,,,,,,805368,935,1032,851968,720896,,
pr,memory-native-auto,memory-native-auto-b3-3-pr,3,0,595296,1327104,1878,5455872,16087,0,16560,released_2,16285696,9059528,,,,,,,,60648,138,1032,0,0,,
main,memory-native-auto,memory-native-auto-b3-4-main,3,0,575232,1294336,1804,6168576,6662,0,9760,initial,10485760,805032,,,,,,,,,,1032,0,0,,
main,memory-native-auto,memory-native-auto-b3-4-main,3,0,578904,1343488,1847,6979584,12888,0,16048,compile_release_270,16482304,10238896,,,,,,,,9433864,6226,1032,0,0,,
main,memory-native-auto,memory-native-auto-b3-4-main,3,212912,671888,1449984,1980,7372800,13856,36,16896,retained_0,17301504,11561072,,,,,,,,1322176,968,1032,851968,720896,,
main,memory-native-auto,memory-native-auto-b3-4-main,3,0,596480,1368064,1874,7372800,13991,0,16896,released_0,16596992,11620744,,,,,,,,59672,135,1032,0,0,,
main,memory-native-auto,memory-native-auto-b3-4-main,3,212912,671856,1466368,1978,9084928,14943,36,16928,retained_1,17367040,12932392,,,,,,,,1311648,952,1032,851968,720896,,
main,memory-native-auto,memory-native-auto-b3-4-main,3,0,597440,1368064,1876,9084928,15092,0,16960,released_1,16646144,12995704,,,,,,,,63312,149,1032,0,0,,
main,memory-native-auto,memory-native-auto-b3-4-main,3,212912,672832,1466368,1981,8740864,16045,36,16960,retained_2,17367040,14307368,,,,,,,,1311664,953,1032,851968,720896,,
main,memory-native-auto,memory-native-auto-b3-4-main,3,0,598512,1368064,1879,8740864,16195,0,16960,released_2,16646144,14370792,,,,,,,,63424,150,1032,0,0,,
main,memory-runtime-auto,memory-runtime-auto-b1-1-main,1,0,359840,917504,449,6397952,5013,0,7360,initial,7847936,560448,False,0,0,0,0,0,0,,,,,,4128,0
main,memory-runtime-auto,memory-runtime-auto-b1-1-main,1,0,729280,1605632,770,2285568,63762,0,15984,compile_release_270,16384000,35184416,False,0,0,0,0,0,0,34623968,58749,,,,4128,0
main,memory-runtime-auto,memory-runtime-auto-b1-1-main,1,212912,1493592,2326528,1863,2719744,72252,36,18976,retained_0,19431424,39995144,False,0,0,0,0,0,0,4810728,8490,,,,4128,36
main,memory-runtime-auto,memory-runtime-auto-b1-1-main,1,0,1406752,2220032,1578,3653632,72640,0,19104,released_0,17072128,40073376,False,0,0,0,0,0,0,78232,388,,,,4128,0
main,memory-runtime-auto,memory-runtime-auto-b1-1-main,1,212912,1501848,2416640,1877,2891776,81103,36,19104,retained_1,19529728,44834984,False,0,0,0,0,0,0,4761608,8463,,,,4128,36
main,memory-runtime-auto,memory-runtime-auto-b1-1-main,1,0,1414256,2293760,1592,4284416,81486,0,19120,released_1,17088512,44912208,False,0,0,0,0,0,0,77224,383,,,,4128,0
main,memory-runtime-auto,memory-runtime-auto-b1-1-main,1,212912,1503816,2433024,1884,2842624,89932,36,19120,retained_2,19562496,49671152,False,0,0,0,0,0,0,4758944,8446,,,,4128,36
main,memory-runtime-auto,memory-runtime-auto-b1-1-main,1,0,1416320,2310144,1599,2842624,90318,0,19152,released_2,17121280,49748696,False,0,0,0,0,0,0,77544,386,,,,4128,0
main,memory-runtime-auto,memory-runtime-auto-b1-1-main,1,0,485040,1163264,713,3547136,90451,0,19152,runtime_released,17154048,49805264,False,0,0,0,0,0,0,56568,133,,,,4128,0
pr,memory-runtime-auto,memory-runtime-auto-b1-2-pr,1,0,354864,925696,446,6430720,5010,0,7376,initial,7798784,555472,False,0,0,0,0,0,0,,,,,,4128,0
pr,memory-runtime-auto,memory-runtime-auto-b1-2-pr,1,0,609480,1376256,731,3252224,63817,0,15664,compile_release_270,16039936,32441880,False,0,0,0,0,0,0,31886408,58807,,,,4128,0
pr,memory-runtime-auto,memory-runtime-auto-b1-2-pr,1,235968,1489456,2621440,1858,3121152,72334,36,18432,retained_0,18874368,36853880,False,0,0,0,0,0,0,4412000,8517,,,,4128,36
pr,memory-runtime-auto,memory-runtime-auto-b1-2-pr,1,0,1402184,2441216,1575,3940352,72721,0,18560,released_0,16531456,36931616,False,0,0,0,0,0,0,77736,387,,,,4128,0
pr,memory-runtime-auto,memory-runtime-auto-b1-2-pr,1,235968,1500320,2465792,1870,2859008,81195,36,18560,retained_1,19005440,41362712,False,0,0,0,0,0,0,4431096,8474,,,,4128,36
pr,memory-runtime-auto,memory-runtime-auto-b1-2-pr,1,0,1412936,2334720,1588,4071424,81580,0,18608,released_1,16564224,41440128,False,0,0,0,0,0,0,77416,385,,,,4128,0
pr,memory-runtime-auto,memory-runtime-auto-b1-2-pr,1,235968,1505536,2441216,1890,2252800,90042,36,18608,retained_2,19038208,45835472,False,0,0,0,0,0,0,4395344,8462,,,,4128,36
pr,memory-runtime-auto,memory-runtime-auto-b1-2-pr,1,0,1417928,2318336,1604,3301376,90427,0,18640,released_2,16596992,45912904,False,0,0,0,0,0,0,77432,385,,,,4128,0
pr,memory-runtime-auto,memory-runtime-auto-b1-2-pr,1,0,486520,1155072,716,4546560,90549,0,18640,runtime_released,16646144,45967800,False,0,0,0,0,0,0,54896,122,,,,4128,0
pr,memory-runtime-auto,memory-runtime-auto-b1-3-pr,1,0,354384,925696,443,2269184,5007,0,7280,initial,7700480,554992,False,0,0,0,0,0,0,,,,,,4128,0
pr,memory-runtime-auto,memory-runtime-auto-b1-3-pr,1,0,1052288,2154496,964,2809856,63791,0,16240,compile_release_270,16629760,32393288,False,0,0,0,0,0,0,31838296,58784,,,,4128,0
pr,memory-runtime-auto,memory-runtime-auto-b1-3-pr,1,235968,1499856,2424832,1865,2965504,72318,36,18992,retained_0,19447808,36844032,False,0,0,0,0,0,0,4450744,8527,,,,4128,36
pr,memory-runtime-auto,memory-runtime-auto-b1-3-pr,1,0,1412632,2310144,1585,4374528,72705,0,19120,released_0,17088512,36921784,False,0,0,0,0,0,0,77752,387,,,,4128,0
pr,memory-runtime-auto,memory-runtime-auto-b1-3-pr,1,235968,1502192,2523136,1880,2809856,81167,36,19120,retained_1,19529728,41333128,False,0,0,0,0,0,0,4411344,8462,,,,4128,36
pr,memory-runtime-auto,memory-runtime-auto-b1-3-pr,1,0,1414184,2359296,1589,3137536,81552,0,19120,released_1,17088512,41410544,False,0,0,0,0,0,0,77416,385,,,,4128,0
pr,memory-runtime-auto,memory-runtime-auto-b1-3-pr,1,235968,1504864,2441216,1887,2727936,90013,36,19120,retained_2,19529728,45806880,False,0,0,0,0,0,0,4396336,8461,,,,4128,36
pr,memory-runtime-auto,memory-runtime-auto-b1-3-pr,1,0,1417208,2293760,1598,3055616,90398,0,19120,released_2,17088512,45884296,False,0,0,0,0,0,0,77416,385,,,,4128,0
pr,memory-runtime-auto,memory-runtime-auto-b1-3-pr,1,0,485848,1155072,713,4300800,90520,0,19120,runtime_released,17121280,45939192,False,0,0,0,0,0,0,54896,122,,,,4128,0
main,memory-runtime-auto,memory-runtime-auto-b1-4-main,1,0,354200,794624,441,6668288,5005,0,7072,initial,7553024,554808,False,0,0,0,0,0,0,,,,,,4128,0
main,memory-runtime-auto,memory-runtime-auto-b1-4-main,1,0,741888,1572864,832,7454720,63722,0,15952,compile_release_270,16351232,35138464,False,0,0,0,0,0,0,34583656,58717,,,,4128,0
main,memory-runtime-auto,memory-runtime-auto-b1-4-main,1,212912,1484912,2326528,1849,7397376,72224,36,18688,retained_0,19136512,39924536,False,0,0,0,0,0,0,4786072,8502,,,,4128,36
main,memory-runtime-auto,memory-runtime-auto-b1-4-main,1,0,1397752,2203648,1563,8626176,72611,0,18816,released_0,16777216,40002272,False,0,0,0,0,0,0,77736,387,,,,4128,0
main,memory-runtime-auto,memory-runtime-auto-b1-4-main,1,212912,1491568,2367488,1859,7028736,81056,36,18832,retained_1,19283968,44764952,False,0,0,0,0,0,0,4762680,8445,,,,4128,36
main,memory-runtime-auto,memory-runtime-auto-b1-4-main,1,0,1403752,2228224,1570,7389184,81439,0,18880,released_1,16842752,44842176,False,0,0,0,0,0,0,77224,383,,,,4128,0
main,memory-runtime-auto,memory-runtime-auto-b1-4-main,1,212912,1492608,2228224,1870,6742016,89889,36,18880,retained_2,19300352,49614000,False,0,0,0,0,0,0,4771824,8450,,,,4128,36
main,memory-runtime-auto,memory-runtime-auto-b1-4-main,1,0,1404936,2146304,1580,7315456,90275,0,18896,released_2,16859136,49691448,False,0,0,0,0,0,0,77448,386,,,,4128,0
main,memory-runtime-auto,memory-runtime-auto-b1-4-main,1,0,473528,1114112,692,8470528,90407,0,18896,runtime_released,16891904,49747904,False,0,0,0,0,0,0,56456,132,,,,4128,0
main,memory-runtime-auto,memory-runtime-auto-b2-1-main,2,0,354360,917504,442,6463488,5006,0,7296,initial,7716864,554968,False,0,0,0,0,0,0,,,,,,4128,0
main,memory-runtime-auto,memory-runtime-auto-b2-1-main,2,0,753184,1679360,871,2785280,63723,0,15456,compile_release_270,15843328,35140504,False,0,0,0,0,0,0,34585536,58717,,,,4128,0
main,memory-runtime-auto,memory-runtime-auto-b2-1-main,2,212912,1488712,2473984,1861,6889472,72225,36,18752,retained_0,19202048,39930352,False,0,0,0,0,0,0,4789848,8502,,,,4128,36
main,memory-runtime-auto,memory-runtime-auto-b2-1-main,2,0,1401056,2334720,1574,7413760,72611,0,18880,released_0,16842752,40007928,False,0,0,0,0,0,0,77576,386,,,,4128,0
main,memory-runtime-auto,memory-runtime-auto-b2-1-main,2,212912,1494032,2383872,1869,6193152,81059,36,18896,retained_1,19349504,44776880,False,0,0,0,0,0,0,4768952,8448,,,,4128,36
main,memory-runtime-auto,memory-runtime-auto-b2-1-main,2,0,1406392,2269184,1581,7176192,81442,0,18944,released_1,16924672,44854104,False,0,0,0,0,0,0,77224,383,,,,4128,0
main,memory-runtime-auto,memory-runtime-auto-b2-1-main,2,212912,1513784,2392064,1901,6045696,89923,36,19072,retained_2,19529728,49644544,False,0,0,0,0,0,0,4790440,8481,,,,4128,36
main,memory-runtime-auto,memory-runtime-auto-b2-1-main,2,0,1426272,2269184,1615,7782400,90309,0,19120,released_2,17088512,49722072,False,0,0,0,0,0,0,77528,386,,,,4128,0
main,memory-runtime-auto,memory-runtime-auto-b2-1-main,2,0,494976,1220608,734,8486912,90442,0,19120,runtime_released,17104896,49778544,False,0,0,0,0,0,0,56472,133,,,,4128,0
pr,memory-runtime-auto,memory-runtime-auto-b2-2-pr,2,0,359704,925696,449,6430720,5013,0,7456,initial,7946240,560312,False,0,0,0,0,0,0,,,,,,4128,0
pr,memory-runtime-auto,memory-runtime-auto-b2-2-pr,2,0,602704,1376256,710,2949120,63809,0,15504,compile_release_270,15876096,32399592,False,0,0,0,0,0,0,31839280,58796,,,,4128,0
pr,memory-runtime-auto,memory-runtime-auto-b2-2-pr,2,235968,1481904,2490368,1834,3293184,72318,36,18240,retained_0,18677760,36828352,False,0,0,0,0,0,0,4428760,8509,,,,4128,36
pr,memory-runtime-auto,memory-runtime-auto-b2-2-pr,2,0,1394824,2351104,1553,4325376,72703,0,18368,released_0,16334848,36905896,False,0,0,0,0,0,0,77544,385,,,,4128,0
pr,memory-runtime-auto,memory-runtime-auto-b2-2-pr,2,235968,1484240,2424832,1840,2957312,81162,36,18464,retained_1,18907136,41291440,False,0,0,0,0,0,0,4385544,8459,,,,4128,36
pr,memory-runtime-auto,memory-runtime-auto-b2-2-pr,2,0,1396840,2301952,1557,4366336,81547,0,18512,released_1,16465920,41368856,False,0,0,0,0,0,0,77416,385,,,,4128,0
pr,memory-runtime-auto,memory-runtime-auto-b2-2-pr,2,235968,1485888,2424832,1853,2752512,90007,36,18928,retained_2,19382272,45760872,False,0,0,0,0,0,0,4392016,8460,,,,4128,36
pr,memory-runtime-auto,memory-runtime-auto-b2-2-pr,2,0,1398040,2310144,1562,3145728,90392,0,18976,released_2,16957440,45838288,False,0,0,0,0,0,0,77416,385,,,,4128,0
pr,memory-runtime-auto,memory-runtime-auto-b2-2-pr,2,0,466664,1138688,676,4669440,90524,0,18976,runtime_released,16990208,45894744,False,0,0,0,0,0,0,56456,132,,,,4128,0
pr,memory-runtime-auto,memory-runtime-auto-b2-3-pr,2,0,354384,794624,443,6602752,5007,0,7216,initial,7684096,554992,False,0,0,0,0,0,0,,,,,,4128,0
pr,memory-runtime-auto,memory-runtime-auto-b2-3-pr,2,0,604320,1261568,715,3088384,63797,0,15408,compile_release_270,15777792,32416336,False,0,0,0,0,0,0,31861344,58790,,,,4128,0
pr,memory-runtime-auto,memory-runtime-auto-b2-3-pr,2,235968,1480440,2392064,1843,6823936,72299,36,18144,retained_0,18579456,36854040,False,0,0,0,0,0,0,4437704,8502,,,,4128,36
pr,memory-runtime-auto,memory-runtime-auto-b2-3-pr,2,0,1392896,2228224,1553,7544832,72686,0,18272,released_0,16236544,36931776,False,0,0,0,0,0,0,77736,387,,,,4128,0
pr,memory-runtime-auto,memory-runtime-auto-b2-3-pr,2,235968,1481304,2334720,1841,7274496,81137,36,18336,retained_1,18776064,41343248,False,0,0,0,0,0,0,4411472,8451,,,,4128,36
pr,memory-runtime-auto,memory-runtime-auto-b2-3-pr,2,0,1393888,2236416,1557,8716288,81523,0,18384,released_1,16351232,41420680,False,0,0,0,0,0,0,77432,386,,,,4128,0
pr,memory-runtime-auto,memory-runtime-auto-b2-3-pr,2,235968,1483144,2351104,1854,7168000,89982,36,18384,retained_2,18792448,45822184,False,0,0,0,0,0,0,4401504,8459,,,,4128,36
pr,memory-runtime-auto,memory-runtime-auto-b2-3-pr,2,0,1395776,2228224,1564,7692288,90368,0,18400,released_2,16351232,45900080,False,0,0,0,0,0,0,77896,386,,,,4128,0
pr,memory-runtime-auto,memory-runtime-auto-b2-3-pr,2,0,464400,1089536,678,8462336,90500,0,18400,runtime_released,16400384,45956536,False,0,0,0,0,0,0,56456,132,,,,4128,0
main,memory-runtime-auto,memory-runtime-auto-b2-4-main,2,0,354360,917504,442,6430720,5006,0,7312,initial,7798784,554968,False,0,0,0,0,0,0,,,,,,4128,0
main,memory-runtime-auto,memory-runtime-auto-b2-4-main,2,0,727592,1622016,770,6791168,63769,0,16384,compile_release_270,16793600,35133024,False,0,0,0,0,0,0,34578056,58763,,,,4128,0
main,memory-runtime-auto,memory-runtime-auto-b2-4-main,2,212912,1496448,2457600,1870,7045120,72263,36,19152,retained_0,19611648,39911400,False,0,0,0,0,0,0,4778376,8494,,,,4128,36
main,memory-runtime-auto,memory-runtime-auto-b2-4-main,2,0,1408968,2301952,1584,7503872,72651,0,19280,released_0,17252352,39989152,False,0,0,0,0,0,0,77752,388,,,,4128,0
main,memory-runtime-auto,memory-runtime-auto-b2-4-main,2,212912,1502152,2457600,1880,6840320,81120,36,19280,retained_1,19726336,44757936,False,0,0,0,0,0,0,4768784,8469,,,,4128,36
main,memory-runtime-auto,memory-runtime-auto-b2-4-main,2,0,1414544,2334720,1594,8249344,81505,0,19312,released_1,17285120,44835352,False,0,0,0,0,0,0,77416,385,,,,4128,0
main,memory-runtime-auto,memory-runtime-auto-b2-4-main,2,212912,1511496,2416640,1907,6774784,89971,36,19328,retained_2,19791872,49601816,False,0,0,0,0,0,0,4766464,8466,,,,4128,36
main,memory-runtime-auto,memory-runtime-auto-b2-4-main,2,0,1423808,2301952,1616,7364608,90356,0,19376,released_2,17350656,49679232,False,0,0,0,0,0,0,77416,385,,,,4128,0
main,memory-runtime-auto,memory-runtime-auto-b2-4-main,2,0,492576,1171456,733,8167424,90489,0,19376,runtime_released,17383424,49735800,False,0,0,0,0,0,0,56568,133,,,,4128,0
main,memory-runtime-auto,memory-runtime-auto-b3-1-main,3,0,354360,917504,442,6463488,5006,0,7344,initial,7798784,554968,False,0,0,0,0,0,0,,,,,,4128,0
main,memory-runtime-auto,memory-runtime-auto-b3-1-main,3,0,908376,1785856,943,6627328,63743,0,16144,compile_release_270,16547840,35175320,False,0,0,0,0,0,0,34620352,58737,,,,4128,0
main,memory-runtime-auto,memory-runtime-auto-b3-1-main,3,212912,1486000,2359296,1850,6930432,72234,36,18960,retained_0,19415040,39970624,False,0,0,0,0,0,0,4795304,8491,,,,4128,36
main,memory-runtime-auto,memory-runtime-auto-b3-1-main,3,0,1398488,2211840,1562,7225344,72620,0,19088,released_0,17072128,40048184,False,0,0,0,0,0,0,77560,386,,,,4128,0
main,memory-runtime-auto,memory-runtime-auto-b3-1-main,3,212912,1487424,2351104,1855,6602752,81069,36,19104,retained_1,19562496,44806552,False,0,0,0,0,0,0,4758368,8449,,,,4128,36
main,memory-runtime-auto,memory-runtime-auto-b3-1-main,3,0,1399848,2220032,1571,7258112,81455,0,19152,released_1,17121280,44884000,False,0,0,0,0,0,0,77448,386,,,,4128,0
main,memory-runtime-auto,memory-runtime-auto-b3-1-main,3,212912,1488432,2342912,1865,7036928,89883,36,19184,retained_2,19644416,49626408,False,0,0,0,0,0,0,4742408,8428,,,,4128,36
main,memory-runtime-auto,memory-runtime-auto-b3-1-main,3,0,1400824,2228224,1579,7757824,90268,0,19232,released_2,17203200,49703840,False,0,0,0,0,0,0,77432,385,,,,4128,0
main,memory-runtime-auto,memory-runtime-auto-b3-1-main,3,0,469432,1163264,692,8036352,90400,0,19232,runtime_released,17235968,49760296,False,0,0,0,0,0,0,56456,132,,,,4128,0
pr,memory-runtime-auto,memory-runtime-auto-b3-2-pr,3,0,354544,925696,444,6463488,5008,0,7344,initial,7798784,555152,False,0,0,0,0,0,0,,,,,,4128,0
pr,memory-runtime-auto,memory-runtime-auto-b3-2-pr,3,0,618848,1417216,737,3031040,63816,0,16336,compile_release_270,16728064,32428848,False,0,0,0,0,0,0,31873696,58808,,,,4128,0
pr,memory-runtime-auto,memory-runtime-auto-b3-2-pr,3,235968,1498936,2392064,1875,3031040,72314,36,19008,retained_0,19464192,36850664,False,0,0,0,0,0,0,4421816,8498,,,,4128,36
pr,memory-runtime-auto,memory-runtime-auto-b3-2-pr,3,0,1411392,2260992,1585,3620864,72701,0,19136,released_0,17104896,36928400,False,0,0,0,0,0,0,77736,387,,,,4128,0
pr,memory-runtime-auto,memory-runtime-auto-b3-2-pr,3,235968,1507040,2539520,1877,3137536,81173,36,19136,retained_1,19595264,41339360,False,0,0,0,0,0,0,4410960,8472,,,,4128,36
pr,memory-runtime-auto,memory-runtime-auto-b3-2-pr,3,0,1419800,2416640,1598,4038656,81558,0,19184,released_1,17154048,41416712,False,0,0,0,0,0,0,77352,385,,,,4128,0
pr,memory-runtime-auto,memory-runtime-auto-b3-2-pr,3,235968,1510704,2473984,1891,2949120,90006,36,19184,retained_2,19628032,45820648,False,0,0,0,0,0,0,4403936,8448,,,,4128,36
pr,memory-runtime-auto,memory-runtime-auto-b3-2-pr,3,0,1423304,2334720,1608,4046848,90391,0,19216,released_2,17186816,45898064,False,0,0,0,0,0,0,77416,385,,,,4128,0
pr,memory-runtime-auto,memory-runtime-auto-b3-2-pr,3,0,492088,1155072,726,4161536,90525,0,19216,runtime_released,17219584,45954648,False,0,0,0,0,0,0,56584,134,,,,4128,0
pr,memory-runtime-auto,memory-runtime-auto-b3-3-pr,3,0,354384,925696,443,2236416,5007,0,7312,initial,7766016,554992,False,0,0,0,0,0,0,,,,,,4128,0
pr,memory-runtime-auto,memory-runtime-auto-b3-3-pr,3,0,594440,1376256,699,3072000,63777,0,15488,compile_release_270,15859712,32428984,False,0,0,0,0,0,0,31873992,58770,,,,4128,0
pr,memory-runtime-auto,memory-runtime-auto-b3-3-pr,3,235968,1471856,2523136,1821,2064384,72283,36,18800,retained_0,19251200,36862672,False,0,0,0,0,0,0,4433688,8506,,,,4128,36
pr,memory-runtime-auto,memory-runtime-auto-b3-3-pr,3,0,1384168,2383872,1532,3276800,72668,0,18928,released_0,16908288,36940216,False,0,0,0,0,0,0,77544,385,,,,4128,0
pr,memory-runtime-auto,memory-runtime-auto-b3-3-pr,3,235968,1485984,2473984,1842,2768896,81141,36,18992,retained_1,19447808,41356752,False,0,0,0,0,0,0,4416536,8473,,,,4128,36
pr,memory-runtime-auto,memory-runtime-auto-b3-3-pr,3,0,1398616,2359296,1561,4243456,81526,0,19040,released_1,17006592,41434184,False,0,0,0,0,0,0,77432,385,,,,4128,0
pr,memory-runtime-auto,memory-runtime-auto-b3-3-pr,3,235968,1495040,2539520,1857,2940928,90001,36,19040,retained_2,19480576,45845776,False,0,0,0,0,0,0,4411592,8475,,,,4128,36
pr,memory-runtime-auto,memory-runtime-auto-b3-3-pr,3,0,1407704,2424832,1578,4382720,90386,0,19072,released_2,17039360,45923208,False,0,0,0,0,0,0,77432,385,,,,4128,0
pr,memory-runtime-auto,memory-runtime-auto-b3-3-pr,3,0,476344,1163264,693,4399104,90507,0,19072,runtime_released,17088512,45978088,False,0,0,0,0,0,0,54880,121,,,,4128,0
main,memory-runtime-auto,memory-runtime-auto-b3-4-main,3,0,354360,917504,442,6463488,5006,0,7296,initial,7815168,554968,False,0,0,0,0,0,0,,,,,,4128,0
main,memory-runtime-auto,memory-runtime-auto-b3-4-main,3,0,719424,1572864,761,6979584,63753,0,16048,compile_release_270,16449536,35092168,False,0,0,0,0,0,0,34537200,58747,,,,4128,0
main,memory-runtime-auto,memory-runtime-auto-b3-4-main,3,212912,1491640,2318336,1864,6848512,72253,36,18816,retained_0,19267584,39882016,False,0,0,0,0,0,0,4789848,8500,,,,4128,36
main,memory-runtime-auto,memory-runtime-auto-b3-4-main,3,0,1404512,2228224,1580,7946240,72640,0,18944,released_0,16908288,39959752,False,0,0,0,0,0,0,77736,387,,,,4128,0
main,memory-runtime-auto,memory-runtime-auto-b3-4-main,3,212912,1495064,2408448,1876,7020544,81092,36,18944,retained_1,19382272,44713144,False,0,0,0,0,0,0,4753392,8452,,,,4128,36
main,memory-runtime-auto,memory-runtime-auto-b3-4-main,3,0,1407456,2301952,1590,7020544,81477,0,18976,released_1,16957440,44790576,False,0,0,0,0,0,0,77432,385,,,,4128,0
main,memory-runtime-auto,memory-runtime-auto-b3-4-main,3,212912,1496584,2433024,1878,6938624,89913,36,18976,retained_2,19415040,49554408,False,0,0,0,0,0,0,4763832,8436,,,,4128,36
main,memory-runtime-auto,memory-runtime-auto-b3-4-main,3,0,1408976,2318336,1592,7331840,90298,0,19008,released_2,16973824,49631664,False,0,0,0,0,0,0,77256,385,,,,4128,0
main,memory-runtime-auto,memory-runtime-auto-b3-4-main,3,0,477792,1179648,712,8658944,90431,0,19008,runtime_released,17006592,49688232,False,0,0,0,0,0,0,56568,133,,,,4128,0
