code_bytes,heap_alloc,heap_inuse,heap_objects,heap_released,mallocs,modules,native,peak_rss_kib,phase,rss_bytes,statm,total_alloc,cohort,revision,process,scenario,functions_per_corpus,mapped_bytes,payload_bytes_page_rounded
0,213424,704512,726,2818048,5474,0,"{'Supported': True, 'Active': 0, 'Cached': 0, 'Registered': 0, 'PeakRegistered': 0, 'Capacity': 4096, 'ScanSpan': 0}",13556,initial,11952128,"357710 2918 2188 1733 0 24812 0
",428888,memory,A,review-memory-block1-1-A,TestSharingMemory,,,
0,1172832,1900544,1297,3465216,60541,0,"{'Supported': True, 'Active': 0, 'Cached': 0, 'Registered': 0, 'PeakRegistered': 0, 'Capacity': 4096, 'ScanSpan': 0}",19948,compile_release_270,20520960,"374304 5010 2953 1733 0 26079 0
",38199752,memory,A,review-memory-block1-1-A,TestSharingMemory,,,
167268,1557296,2187264,1691,3465216,67812,36,"{'Supported': True, 'Active': 0, 'Cached': 0, 'Registered': 0, 'PeakRegistered': 0, 'Capacity': 4096, 'ScanSpan': 0}",19948,retained_0,20537344,"374304 5014 2953 1733 0 26079 0
",43237040,memory,A,review-memory-block1-1-A,TestSharingMemory,,,
0,1553008,2170880,1664,5234688,68053,0,"{'Supported': True, 'Active': 0, 'Cached': 0, 'Registered': 0, 'PeakRegistered': 0, 'Capacity': 4096, 'ScanSpan': 0}",19948,released_0,18767872,"374304 4582 2953 1733 0 26079 0
",43251528,memory,A,review-memory-block1-1-A,TestSharingMemory,,,
167268,1557312,2170880,1692,3981312,75316,36,"{'Supported': True, 'Active': 0, 'Cached': 0, 'Registered': 0, 'PeakRegistered': 0, 'Capacity': 4096, 'ScanSpan': 0}",19948,retained_1,19845120,"374304 4845 2953 1733 0 26079 0
",48287312,memory,A,review-memory-block1-1-A,TestSharingMemory,,,
0,1553008,2154496,1664,4308992,75556,0,"{'Supported': True, 'Active': 0, 'Cached': 0, 'Registered': 0, 'PeakRegistered': 0, 'Capacity': 4096, 'ScanSpan': 0}",19948,released_1,19517440,"374304 4765 2953 1733 0 26079 0
",48301784,memory,A,review-memory-block1-1-A,TestSharingMemory,,,
167268,1557312,2170880,1692,4046848,82819,36,"{'Supported': True, 'Active': 0, 'Cached': 0, 'Registered': 0, 'PeakRegistered': 0, 'Capacity': 4096, 'ScanSpan': 0}",19948,retained_2,19828736,"374304 4841 2953 1733 0 26079 0
",53337568,memory,A,review-memory-block1-1-A,TestSharingMemory,,,
0,1553008,2154496,1664,4308992,83059,0,"{'Supported': True, 'Active': 0, 'Cached': 0, 'Registered': 0, 'PeakRegistered': 0, 'Capacity': 4096, 'ScanSpan': 0}",19948,released_2,19668992,"374304 4802 2953 1733 0 26079 0
",53352040,memory,A,review-memory-block1-1-A,TestSharingMemory,,,
0,206824,712704,789,5750784,83147,0,"{'Supported': True, 'Active': 0, 'Cached': 0, 'Registered': 0, 'PeakRegistered': 0, 'Capacity': 4096, 'ScanSpan': 0}",19948,runtime_released,18432000,"374304 4500 2986 1733 0 26079 0
",53359176,memory,A,review-memory-block1-1-A,TestSharingMemory,,,
0,363544,892928,1895,5611520,88923,0,,19948,initial,18735104,,53756416,memory,A,review-memory-block1-1-A,TestSharingMappedMemory,1032,0,0
0,361488,884736,1885,7651328,95226,0,,21036,compile_release_270,19910656,,73002608,memory,A,review-memory-block1-1-A,TestSharingMappedMemory,1032,0,0
167268,440144,991232,2000,8503296,96165,36,,21036,retained_0,19345408,,75582056,memory,A,review-memory-block1-1-A,TestSharingMappedMemory,1032,606208,278528
0,366128,901120,1902,10862592,96263,0,,21036,released_0,16707584,,75590000,memory,A,review-memory-block1-1-A,TestSharingMappedMemory,1032,0,0
167268,441536,1007616,2008,8790016,97181,36,,21036,retained_1,18239488,,78162496,memory,A,review-memory-block1-1-A,TestSharingMappedMemory,1032,606208,278528
0,366128,901120,1902,8781824,97270,0,,21036,released_1,17969152,,78168896,memory,A,review-memory-block1-1-A,TestSharingMappedMemory,1032,0,0
167268,441536,1007616,2008,8781824,98188,36,,21036,retained_2,19079168,,80741392,memory,A,review-memory-block1-1-A,TestSharingMappedMemory,1032,606208,278528
0,366128,901120,1902,8781824,98277,0,,21036,released_2,18800640,,80747792,memory,A,review-memory-block1-1-A,TestSharingMappedMemory,1032,0,0
0,213264,704512,725,2818048,5473,0,"{'Supported': True, 'Active': 0, 'Cached': 0, 'Registered': 0, 'PeakRegistered': 0, 'Capacity': 4096, 'ScanSpan': 0}",13532,initial,12017664,"357710 2934 2204 1733 0 24812 0
",428728,memory,A,review-memory-block1-6-A,TestSharingMemory,,,
0,1172512,1908736,1295,3268608,60539,0,"{'Supported': True, 'Active': 0, 'Cached': 0, 'Registered': 0, 'PeakRegistered': 0, 'Capacity': 4096, 'ScanSpan': 0}",20076,compile_release_270,20639744,"374304 5039 2984 1733 0 26079 0
",38199432,memory,A,review-memory-block1-6-A,TestSharingMemory,,,
167268,1556976,2187264,1689,3268608,67810,36,"{'Supported': True, 'Active': 0, 'Cached': 0, 'Registered': 0, 'PeakRegistered': 0, 'Capacity': 4096, 'ScanSpan': 0}",20076,retained_0,20676608,"374304 5048 2984 1733 0 26079 0
",43236720,memory,A,review-memory-block1-6-A,TestSharingMemory,,,
0,1552688,2170880,1662,5234688,68051,0,"{'Supported': True, 'Active': 0, 'Cached': 0, 'Registered': 0, 'PeakRegistered': 0, 'Capacity': 4096, 'ScanSpan': 0}",20076,released_0,18710528,"374304 4568 2984 1733 0 26079 0
",43251208,memory,A,review-memory-block1-6-A,TestSharingMemory,,,
167268,1556992,2170880,1690,3997696,75314,36,"{'Supported': True, 'Active': 0, 'Cached': 0, 'Registered': 0, 'PeakRegistered': 0, 'Capacity': 4096, 'ScanSpan': 0}",20076,retained_1,19849216,"374304 4846 2984 1733 0 26079 0
",48286992,memory,A,review-memory-block1-6-A,TestSharingMemory,,,
0,1552688,2154496,1662,4325376,75554,0,"{'Supported': True, 'Active': 0, 'Cached': 0, 'Registered': 0, 'PeakRegistered': 0, 'Capacity': 4096, 'ScanSpan': 0}",20076,released_1,19546112,"374304 4772 2984 1733 0 26079 0
",48301464,memory,A,review-memory-block1-6-A,TestSharingMemory,,,
167268,1556992,2146304,1690,4169728,82817,36,"{'Supported': True, 'Active': 0, 'Cached': 0, 'Registered': 0, 'PeakRegistered': 0, 'Capacity': 4096, 'ScanSpan': 0}",20076,retained_2,19718144,"374304 4814 2984 1733 0 26079 0
",53337248,memory,A,review-memory-block1-6-A,TestSharingMemory,,,
0,1552688,2129920,1662,4694016,83057,0,"{'Supported': True, 'Active': 0, 'Cached': 0, 'Registered': 0, 'PeakRegistered': 0, 'Capacity': 4096, 'ScanSpan': 0}",20076,released_2,19296256,"374304 4711 2984 1733 0 26079 0
",53351720,memory,A,review-memory-block1-6-A,TestSharingMemory,,,
0,206504,712704,787,5742592,83145,0,"{'Supported': True, 'Active': 0, 'Cached': 0, 'Registered': 0, 'PeakRegistered': 0, 'Capacity': 4096, 'ScanSpan': 0}",20076,runtime_released,18370560,"374304 4485 3014 1733 0 26079 0
",53358856,memory,A,review-memory-block1-6-A,TestSharingMemory,,,
0,363224,892928,1893,5644288,88921,0,,20076,initial,18640896,,53756096,memory,A,review-memory-block1-6-A,TestSharingMappedMemory,1032,0,0
0,361168,884736,1883,3137536,95224,0,,20980,compile_release_270,20148224,,73002288,memory,A,review-memory-block1-6-A,TestSharingMappedMemory,1032,0,0
167268,439824,991232,1998,4317184,96163,36,,20980,retained_0,19357696,,75581736,memory,A,review-memory-block1-6-A,TestSharingMappedMemory,1032,606208,278528
0,365808,901120,1900,6676480,96261,0,,20980,released_0,16719872,,75589680,memory,A,review-memory-block1-6-A,TestSharingMappedMemory,1032,0,0
167268,441216,1007616,2006,4579328,97179,36,,20980,retained_1,18378752,,78162176,memory,A,review-memory-block1-6-A,TestSharingMappedMemory,1032,606208,278528
0,365808,901120,1900,4546560,97268,0,,20980,released_1,18132992,,78168576,memory,A,review-memory-block1-6-A,TestSharingMappedMemory,1032,0,0
167268,441216,1007616,2006,4595712,98186,36,,20980,retained_2,19083264,,80741072,memory,A,review-memory-block1-6-A,TestSharingMappedMemory,1032,606208,278528
0,365808,901120,1900,4595712,98275,0,,20980,released_2,18804736,,80747472,memory,A,review-memory-block1-6-A,TestSharingMappedMemory,1032,0,0
0,218520,704512,730,6979584,5478,0,"{'Supported': True, 'Active': 0, 'Cached': 0, 'Registered': 0, 'PeakRegistered': 0, 'Capacity': 4096, 'ScanSpan': 0}",13680,initial,14041088,"376143 3428 2176 1733 0 27917 0
",433984,memory,A,review-memory-block2-1-A,TestSharingMemory,,,
0,1177624,1949696,1300,7528448,60543,0,"{'Supported': True, 'Active': 0, 'Cached': 0, 'Registered': 0, 'PeakRegistered': 0, 'Capacity': 4096, 'ScanSpan': 0}",21896,compile_release_270,22601728,"392737 5518 2940 1733 0 29184 0
",38204528,memory,A,review-memory-block2-1-A,TestSharingMemory,,,
167268,1562072,2195456,1693,7528448,67814,36,"{'Supported': True, 'Active': 0, 'Cached': 0, 'Registered': 0, 'PeakRegistered': 0, 'Capacity': 4096, 'ScanSpan': 0}",21896,retained_0,22626304,"392737 5524 2940 1733 0 29184 0
",43241816,memory,A,review-memory-block2-1-A,TestSharingMemory,,,
0,1557784,2179072,1666,9428992,68055,0,"{'Supported': True, 'Active': 0, 'Cached': 0, 'Registered': 0, 'PeakRegistered': 0, 'Capacity': 4096, 'ScanSpan': 0}",21896,released_0,20725760,"392737 5060 2940 1733 0 29184 0
",43256304,memory,A,review-memory-block2-1-A,TestSharingMemory,,,
167268,1562088,2179072,1694,8167424,75318,36,"{'Supported': True, 'Active': 0, 'Cached': 0, 'Registered': 0, 'PeakRegistered': 0, 'Capacity': 4096, 'ScanSpan': 0}",21896,retained_1,21929984,"392737 5354 2940 1733 0 29184 0
",48292088,memory,A,review-memory-block2-1-A,TestSharingMemory,,,
0,1557784,2162688,1666,8495104,75558,0,"{'Supported': True, 'Active': 0, 'Cached': 0, 'Registered': 0, 'PeakRegistered': 0, 'Capacity': 4096, 'ScanSpan': 0}",21896,released_1,21602304,"392737 5274 2940 1733 0 29184 0
",48306560,memory,A,review-memory-block2-1-A,TestSharingMemory,,,
167268,1562088,2146304,1694,8298496,82821,36,"{'Supported': True, 'Active': 0, 'Cached': 0, 'Registered': 0, 'PeakRegistered': 0, 'Capacity': 4096, 'ScanSpan': 0}",21896,retained_2,21790720,"392737 5320 2940 1733 0 29184 0
",53342344,memory,A,review-memory-block2-1-A,TestSharingMemory,,,
0,1557784,2129920,1666,8822784,83061,0,"{'Supported': True, 'Active': 0, 'Cached': 0, 'Registered': 0, 'PeakRegistered': 0, 'Capacity': 4096, 'ScanSpan': 0}",21896,released_2,21368832,"392737 5217 2940 1733 0 29184 0
",53356816,memory,A,review-memory-block2-1-A,TestSharingMemory,,,
0,211600,712704,791,9936896,83149,0,"{'Supported': True, 'Active': 0, 'Cached': 0, 'Registered': 0, 'PeakRegistered': 0, 'Capacity': 4096, 'ScanSpan': 0}",21896,runtime_released,20377600,"392737 4975 2970 1733 0 29184 0
",53363952,memory,A,review-memory-block2-1-A,TestSharingMemory,,,
0,368320,892928,1897,9756672,88925,0,,21896,initial,20676608,,53761192,memory,A,review-memory-block2-1-A,TestSharingMappedMemory,1032,0,0
0,366248,884736,1886,8060928,95228,0,,22428,compile_release_270,21852160,,73007368,memory,A,review-memory-block2-1-A,TestSharingMappedMemory,1032,0,0
167268,446328,1007616,2011,8708096,96165,36,,22428,retained_0,21499904,,75586680,memory,A,review-memory-block2-1-A,TestSharingMappedMemory,1032,606208,278528
0,370920,901120,1905,8708096,96254,0,,22428,released_0,21225472,,75593080,memory,A,review-memory-block2-1-A,TestSharingMappedMemory,1032,0,0
167268,446328,1007616,2011,8740864,97172,36,,22428,retained_1,21487616,,78165576,memory,A,review-memory-block2-1-A,TestSharingMappedMemory,1032,606208,278528
0,370920,901120,1905,8740864,97261,0,,22428,released_1,21209088,,78171976,memory,A,review-memory-block2-1-A,TestSharingMappedMemory,1032,0,0
167268,446328,1007616,2011,8740864,98179,36,,22428,retained_2,21495808,,80744472,memory,A,review-memory-block2-1-A,TestSharingMappedMemory,1032,606208,278528
0,370920,901120,1905,8740864,98268,0,,22428,released_2,21217280,,80750872,memory,A,review-memory-block2-1-A,TestSharingMappedMemory,1032,0,0
0,213584,704512,727,7012352,5475,0,"{'Supported': True, 'Active': 0, 'Cached': 0, 'Registered': 0, 'PeakRegistered': 0, 'Capacity': 4096, 'ScanSpan': 0}",13688,initial,14057472,"357710 3432 2189 1733 0 25836 0
",429048,memory,A,review-memory-block2-6-A,TestSharingMemory,,,
0,1172512,1916928,1295,3350528,60539,0,"{'Supported': True, 'Active': 0, 'Cached': 0, 'Registered': 0, 'PeakRegistered': 0, 'Capacity': 4096, 'ScanSpan': 0}",19964,compile_release_270,20529152,"374304 5012 2953 1733 0 26079 0
",38199432,memory,A,review-memory-block2-6-A,TestSharingMemory,,,
167268,1556976,2187264,1689,3350528,67810,36,"{'Supported': True, 'Active': 0, 'Cached': 0, 'Registered': 0, 'PeakRegistered': 0, 'Capacity': 4096, 'ScanSpan': 0}",19964,retained_0,20557824,"374304 5019 2953 1733 0 26079 0
",43236720,memory,A,review-memory-block2-6-A,TestSharingMemory,,,
0,1552688,2170880,1662,5251072,68051,0,"{'Supported': True, 'Active': 0, 'Cached': 0, 'Registered': 0, 'PeakRegistered': 0, 'Capacity': 4096, 'ScanSpan': 0}",19964,released_0,18657280,"374304 4555 2953 1733 0 26079 0
",43251208,memory,A,review-memory-block2-6-A,TestSharingMemory,,,
167268,1556992,2170880,1690,4014080,75314,36,"{'Supported': True, 'Active': 0, 'Cached': 0, 'Registered': 0, 'PeakRegistered': 0, 'Capacity': 4096, 'ScanSpan': 0}",19964,retained_1,19783680,"374304 4830 2953 1733 0 26079 0
",48286992,memory,A,review-memory-block2-6-A,TestSharingMemory,,,
0,1552688,2154496,1662,4341760,75554,0,"{'Supported': True, 'Active': 0, 'Cached': 0, 'Registered': 0, 'PeakRegistered': 0, 'Capacity': 4096, 'ScanSpan': 0}",19964,released_1,19505152,"374304 4762 2953 1733 0 26079 0
",48301464,memory,A,review-memory-block2-6-A,TestSharingMemory,,,
167268,1556992,2170880,1690,4145152,82817,36,"{'Supported': True, 'Active': 0, 'Cached': 0, 'Registered': 0, 'PeakRegistered': 0, 'Capacity': 4096, 'ScanSpan': 0}",19964,retained_2,19689472,"374304 4807 2953 1733 0 26079 0
",53337248,memory,A,review-memory-block2-6-A,TestSharingMemory,,,
0,1552688,2154496,1662,4341760,83057,0,"{'Supported': True, 'Active': 0, 'Cached': 0, 'Registered': 0, 'PeakRegistered': 0, 'Capacity': 4096, 'ScanSpan': 0}",19964,released_2,19603456,"374304 4786 2953 1733 0 26079 0
",53351720,memory,A,review-memory-block2-6-A,TestSharingMemory,,,
0,206504,712704,787,5718016,83145,0,"{'Supported': True, 'Active': 0, 'Cached': 0, 'Registered': 0, 'PeakRegistered': 0, 'Capacity': 4096, 'ScanSpan': 0}",19964,runtime_released,18350080,"374304 4480 2983 1733 0 26079 0
",53358856,memory,A,review-memory-block2-6-A,TestSharingMemory,,,
0,363224,892928,1893,5636096,88921,0,,19964,initial,18554880,,53756096,memory,A,review-memory-block2-6-A,TestSharingMappedMemory,1032,0,0
0,361168,884736,1883,8110080,95224,0,,20704,compile_release_270,20127744,,73002272,memory,A,review-memory-block2-6-A,TestSharingMappedMemory,1032,0,0
167268,439824,991232,1998,8503296,96163,36,,20704,retained_0,20037632,,75581720,memory,A,review-memory-block2-6-A,TestSharingMappedMemory,1032,606208,278528
0,365808,901120,1900,10862592,96261,0,,20704,released_0,17399808,,75589664,memory,A,review-memory-block2-6-A,TestSharingMappedMemory,1032,0,0
167268,441216,1007616,2006,8773632,97179,36,,20704,retained_1,18935808,,78162160,memory,A,review-memory-block2-6-A,TestSharingMappedMemory,1032,606208,278528
0,365808,901120,1900,8773632,97268,0,,20704,released_1,18657280,,78168560,memory,A,review-memory-block2-6-A,TestSharingMappedMemory,1032,0,0
167268,441216,1007616,2006,8781824,98186,36,,20704,retained_2,19767296,,80741056,memory,A,review-memory-block2-6-A,TestSharingMappedMemory,1032,606208,278528
0,365808,901120,1900,8781824,98275,0,,20704,released_2,19488768,,80747456,memory,A,review-memory-block2-6-A,TestSharingMappedMemory,1032,0,0
0,219160,704512,734,6979584,5482,0,"{'Supported': True, 'Active': 0, 'Cached': 0, 'Registered': 0, 'PeakRegistered': 0, 'Capacity': 4096, 'ScanSpan': 0}",13724,initial,14131200,"376143 3450 2198 1733 0 27917 0
",434624,memory,A,review-memory-block3-1-A,TestSharingMemory,,,
0,1057336,1769472,1280,9625600,60548,0,"{'Supported': True, 'Active': 0, 'Cached': 0, 'Registered': 0, 'PeakRegistered': 0, 'Capacity': 4096, 'ScanSpan': 0}",20348,compile_release_270,18493440,"392737 4515 2962 1733 0 29184 0
",38205184,memory,A,review-memory-block3-1-A,TestSharingMemory,,,
167268,1562744,2195456,1699,7749632,67819,36,"{'Supported': True, 'Active': 0, 'Cached': 0, 'Registered': 0, 'PeakRegistered': 0, 'Capacity': 4096, 'ScanSpan': 0}",20348,retained_0,20103168,"392737 4908 2962 1733 0 29184 0
",43242472,memory,A,review-memory-block3-1-A,TestSharingMemory,,,
0,1558440,2179072,1671,9453568,68059,0,"{'Supported': True, 'Active': 0, 'Cached': 0, 'Registered': 0, 'PeakRegistered': 0, 'Capacity': 4096, 'ScanSpan': 0}",20348,released_0,18608128,"392737 4543 2962 1733 0 29184 0
",43256944,memory,A,review-memory-block3-1-A,TestSharingMemory,,,
167268,1562728,2179072,1698,8175616,75322,36,"{'Supported': True, 'Active': 0, 'Cached': 0, 'Registered': 0, 'PeakRegistered': 0, 'Capacity': 4096, 'ScanSpan': 0}",20348,retained_1,19894272,"392737 4857 2962 1733 0 29184 0
",48292728,memory,A,review-memory-block3-1-A,TestSharingMemory,,,
0,1558424,2162688,1670,8437760,75562,0,"{'Supported': True, 'Active': 0, 'Cached': 0, 'Registered': 0, 'PeakRegistered': 0, 'Capacity': 4096, 'ScanSpan': 0}",20348,released_1,19632128,"392737 4793 2962 1733 0 29184 0
",48307200,memory,A,review-memory-block3-1-A,TestSharingMemory,,,
167268,1562728,2179072,1698,8257536,82825,36,"{'Supported': True, 'Active': 0, 'Cached': 0, 'Registered': 0, 'PeakRegistered': 0, 'Capacity': 4096, 'ScanSpan': 0}",20348,retained_2,19816448,"392737 4838 2962 1733 0 29184 0
",53342984,memory,A,review-memory-block3-1-A,TestSharingMemory,,,
0,1558424,2162688,1670,8454144,83065,0,"{'Supported': True, 'Active': 0, 'Cached': 0, 'Registered': 0, 'PeakRegistered': 0, 'Capacity': 4096, 'ScanSpan': 0}",20348,released_2,19722240,"392737 4815 2962 1733 0 29184 0
",53357456,memory,A,review-memory-block3-1-A,TestSharingMemory,,,
0,212240,712704,795,9895936,83153,0,"{'Supported': True, 'Active': 0, 'Cached': 0, 'Registered': 0, 'PeakRegistered': 0, 'Capacity': 4096, 'ScanSpan': 0}",20348,runtime_released,18411520,"392737 4495 2992 1733 0 29184 0
",53364592,memory,A,review-memory-block3-1-A,TestSharingMemory,,,
0,368960,892928,1901,9756672,88929,0,,20348,initial,18690048,,53761832,memory,A,review-memory-block3-1-A,TestSharingMappedMemory,1032,0,0
0,366904,884736,1891,7561216,95232,0,,20572,compile_release_270,21172224,,73007992,memory,A,review-memory-block3-1-A,TestSharingMappedMemory,1032,0,0
167268,445560,991232,2006,8478720,96171,36,,20828,retained_0,20545536,,75587440,memory,A,review-memory-block3-1-A,TestSharingMappedMemory,1032,606208,278528
0,371544,901120,1908,10903552,96269,0,,20828,released_0,17842176,,75595384,memory,A,review-memory-block3-1-A,TestSharingMappedMemory,1032,0,0
167268,445560,991232,2006,8691712,97189,36,,20828,retained_1,19476480,,78168016,memory,A,review-memory-block3-1-A,TestSharingMappedMemory,1032,606208,278528
0,371544,901120,1908,10846208,97287,0,,20828,released_1,17821696,,78175960,memory,A,review-memory-block3-1-A,TestSharingMappedMemory,1032,0,0
167268,446952,1007616,2014,8749056,98205,36,,20828,retained_2,19640320,,80748456,memory,A,review-memory-block3-1-A,TestSharingMappedMemory,1032,606208,278528
0,371544,901120,1908,8740864,98294,0,,20828,released_2,19369984,,80754856,memory,A,review-memory-block3-1-A,TestSharingMappedMemory,1032,0,0
0,213264,704512,725,2818048,5473,0,"{'Supported': True, 'Active': 0, 'Cached': 0, 'Registered': 0, 'PeakRegistered': 0, 'Capacity': 4096, 'ScanSpan': 0}",13636,initial,11960320,"357710 2920 2190 1733 0 24812 0
",428728,memory,A,review-memory-block3-6-A,TestSharingMemory,,,
0,1051744,1736704,1272,3448832,60541,0,"{'Supported': True, 'Active': 0, 'Cached': 0, 'Registered': 0, 'PeakRegistered': 0, 'Capacity': 4096, 'ScanSpan': 0}",20008,compile_release_270,20398080,"374304 4980 2954 1733 0 26079 0
",38199608,memory,A,review-memory-block3-6-A,TestSharingMemory,,,
167268,1557152,2252800,1691,3448832,67812,36,"{'Supported': True, 'Active': 0, 'Cached': 0, 'Registered': 0, 'PeakRegistered': 0, 'Capacity': 4096, 'ScanSpan': 0}",20008,retained_0,20418560,"374304 4985 2954 1733 0 26079 0
",43236896,memory,A,review-memory-block3-6-A,TestSharingMemory,,,
0,1552848,2236416,1663,5218304,68052,0,"{'Supported': True, 'Active': 0, 'Cached': 0, 'Registered': 0, 'PeakRegistered': 0, 'Capacity': 4096, 'ScanSpan': 0}",20008,released_0,18649088,"374304 4553 2954 1733 0 26079 0
",43251368,memory,A,review-memory-block3-6-A,TestSharingMemory,,,
167268,1557152,2162688,1691,3899392,75315,36,"{'Supported': True, 'Active': 0, 'Cached': 0, 'Registered': 0, 'PeakRegistered': 0, 'Capacity': 4096, 'ScanSpan': 0}",20008,retained_1,19849216,"374304 4846 2954 1733 0 26079 0
",48287152,memory,A,review-memory-block3-6-A,TestSharingMemory,,,
0,1552848,2146304,1663,4620288,75555,0,"{'Supported': True, 'Active': 0, 'Cached': 0, 'Registered': 0, 'PeakRegistered': 0, 'Capacity': 4096, 'ScanSpan': 0}",20008,released_1,19156992,"374304 4677 2954 1733 0 26079 0
",48301624,memory,A,review-memory-block3-6-A,TestSharingMemory,,,
167268,1557152,2179072,1691,3907584,82818,36,"{'Supported': True, 'Active': 0, 'Cached': 0, 'Registered': 0, 'PeakRegistered': 0, 'Capacity': 4096, 'ScanSpan': 0}",20008,retained_2,19787776,"374304 4831 2954 1733 0 26079 0
",53337408,memory,A,review-memory-block3-6-A,TestSharingMemory,,,
0,1552848,2162688,1663,4300800,83058,0,"{'Supported': True, 'Active': 0, 'Cached': 0, 'Registered': 0, 'PeakRegistered': 0, 'Capacity': 4096, 'ScanSpan': 0}",20008,released_2,19472384,"374304 4754 2954 1733 0 26079 0
",53351880,memory,A,review-memory-block3-6-A,TestSharingMemory,,,
0,206664,712704,788,5742592,83146,0,"{'Supported': True, 'Active': 0, 'Cached': 0, 'Registered': 0, 'PeakRegistered': 0, 'Capacity': 4096, 'ScanSpan': 0}",20008,runtime_released,18296832,"374304 4467 2984 1733 0 26079 0
",53359016,memory,A,review-memory-block3-6-A,TestSharingMemory,,,
0,363384,892928,1894,5611520,88922,0,,20008,initial,18591744,,53756256,memory,A,review-memory-block3-6-A,TestSharingMappedMemory,1032,0,0
0,361328,884736,1884,2973696,95225,0,,20460,compile_release_270,20430848,,73002432,memory,A,review-memory-block3-6-A,TestSharingMappedMemory,1032,0,0
167268,439984,991232,1999,4268032,96164,36,,20460,retained_0,19435520,,75581880,memory,A,review-memory-block3-6-A,TestSharingMappedMemory,1032,606208,278528
0,365968,901120,1901,6692864,96262,0,,20460,released_0,16732160,,75589824,memory,A,review-memory-block3-6-A,TestSharingMappedMemory,1032,0,0
167268,441376,1007616,2007,4579328,97180,36,,20460,retained_1,18579456,,78162320,memory,A,review-memory-block3-6-A,TestSharingMappedMemory,1032,606208,278528
0,365968,901120,1901,4554752,97269,0,,20460,released_1,18325504,,78168720,memory,A,review-memory-block3-6-A,TestSharingMappedMemory,1032,0,0
167268,441376,1007616,2007,4587520,98187,36,,20460,retained_2,19021824,,80741216,memory,A,review-memory-block3-6-A,TestSharingMappedMemory,1032,606208,278528
0,365968,901120,1901,4587520,98276,0,,20460,released_2,18743296,,80747616,memory,A,review-memory-block3-6-A,TestSharingMappedMemory,1032,0,0
0,213120,704512,725,2818048,5473,0,"{'Supported': True, 'Active': 0, 'Cached': 0, 'Registered': 0, 'PeakRegistered': 0, 'Capacity': 4096, 'ScanSpan': 0}",13720,initial,14245888,"374106 3478 2237 1739 0 24845 0
",428584,memory,G,review-memory-block1-2-G,TestSharingMemory,,,
0,1382832,2080768,1482,3891200,60292,0,"{'Supported': True, 'Active': 0, 'Cached': 0, 'Registered': 0, 'PeakRegistered': 0, 'Capacity': 4096, 'ScanSpan': 0}",22184,compile_release_270,22159360,"374316 5410 2988 1739 0 26079 0
",28199384,memory,G,review-memory-block1-2-G,TestSharingMemory,,,
163296,1551648,2211840,1685,3891200,67529,36,"{'Supported': True, 'Active': 0, 'Cached': 0, 'Registered': 0, 'PeakRegistered': 0, 'Capacity': 4096, 'ScanSpan': 0}",22184,retained_0,22192128,"374316 5418 2988 1739 0 26079 0
",31903288,memory,G,review-memory-block1-2-G,TestSharingMemory,,,
0,1547344,2195456,1657,4284416,67769,0,"{'Supported': True, 'Active': 0, 'Cached': 0, 'Registered': 0, 'PeakRegistered': 0, 'Capacity': 4096, 'ScanSpan': 0}",22184,released_0,21798912,"374316 5322 2988 1739 0 26079 0
",31917760,memory,G,review-memory-block1-2-G,TestSharingMemory,,,
163296,1551664,2228224,1686,3751936,74998,36,"{'Supported': True, 'Active': 0, 'Cached': 0, 'Registered': 0, 'PeakRegistered': 0, 'Capacity': 4096, 'ScanSpan': 0}",22184,retained_1,22188032,"374316 5417 2988 1739 0 26079 0
",35620160,memory,G,review-memory-block1-2-G,TestSharingMemory,,,
0,1547360,2211840,1658,4145152,75238,0,"{'Supported': True, 'Active': 0, 'Cached': 0, 'Registered': 0, 'PeakRegistered': 0, 'Capacity': 4096, 'ScanSpan': 0}",22184,released_1,21905408,"374316 5348 2988 1739 0 26079 0
",35634632,memory,G,review-memory-block1-2-G,TestSharingMemory,,,
163296,1551648,2211840,1685,3751936,82467,36,"{'Supported': True, 'Active': 0, 'Cached': 0, 'Registered': 0, 'PeakRegistered': 0, 'Capacity': 4096, 'ScanSpan': 0}",22184,retained_2,22204416,"374316 5421 2988 1739 0 26079 0
",39337032,memory,G,review-memory-block1-2-G,TestSharingMemory,,,
0,1547344,2195456,1657,4145152,82707,0,"{'Supported': True, 'Active': 0, 'Cached': 0, 'Registered': 0, 'PeakRegistered': 0, 'Capacity': 4096, 'ScanSpan': 0}",22184,released_2,21938176,"374316 5356 2988 1739 0 26079 0
",39351504,memory,G,review-memory-block1-2-G,TestSharingMemory,,,
0,206360,712704,787,5652480,82795,0,"{'Supported': True, 'Active': 0, 'Cached': 0, 'Registered': 0, 'PeakRegistered': 0, 'Capacity': 4096, 'ScanSpan': 0}",22184,runtime_released,20582400,"374316 5025 3018 1739 0 26079 0
",39358640,memory,G,review-memory-block1-2-G,TestSharingMemory,,,
0,363080,892928,1893,5505024,88571,0,,22184,initial,20774912,,39755880,memory,G,review-memory-block1-2-G,TestSharingMappedMemory,1032,0,0
0,361024,884736,1883,3416064,94634,0,,22404,compile_release_270,23076864,,49040584,memory,G,review-memory-block1-2-G,TestSharingMappedMemory,1032,0,0
163296,441072,999424,2006,5799936,95539,36,,22660,retained_0,20975616,,50291688,memory,G,review-memory-block1-2-G,TestSharingMappedMemory,1032,606208,278528
0,365680,901120,1901,5799936,95628,0,,22660,released_0,20697088,,50298088,memory,G,review-memory-block1-2-G,TestSharingMappedMemory,1032,0,0
163296,441072,999424,2006,5890048,96514,36,,22660,retained_1,20885504,,51542376,memory,G,review-memory-block1-2-G,TestSharingMappedMemory,1032,606208,278528
0,365680,901120,1901,5890048,96603,0,,22660,released_1,20606976,,51548776,memory,G,review-memory-block1-2-G,TestSharingMappedMemory,1032,0,0
163296,441072,999424,2006,5849088,97489,36,,22660,retained_2,20930560,,52793064,memory,G,review-memory-block1-2-G,TestSharingMappedMemory,1032,606208,278528
0,365680,901120,1901,5824512,97578,0,,22660,released_2,20676608,,52799464,memory,G,review-memory-block1-2-G,TestSharingMappedMemory,1032,0,0
0,213760,704512,729,7012352,5477,0,"{'Supported': True, 'Active': 0, 'Cached': 0, 'Registered': 0, 'PeakRegistered': 0, 'Capacity': 4096, 'ScanSpan': 0}",15828,initial,16433152,"374106 4012 2258 1739 0 25869 0
",429224,memory,G,review-memory-block1-5-G,TestSharingMemory,,,
0,1383312,2056192,1485,3842048,60295,0,"{'Supported': True, 'Active': 0, 'Cached': 0, 'Registered': 0, 'PeakRegistered': 0, 'Capacity': 4096, 'ScanSpan': 0}",22096,compile_release_270,22269952,"374316 5437 2978 1739 0 26079 0
",28199864,memory,G,review-memory-block1-5-G,TestSharingMemory,,,
163296,1552128,2203648,1688,3842048,67532,36,"{'Supported': True, 'Active': 0, 'Cached': 0, 'Registered': 0, 'PeakRegistered': 0, 'Capacity': 4096, 'ScanSpan': 0}",22096,retained_0,22302720,"374316 5445 2978 1739 0 26079 0
",31903768,memory,G,review-memory-block1-5-G,TestSharingMemory,,,
0,1547824,2187264,1660,4169728,67772,0,"{'Supported': True, 'Active': 0, 'Cached': 0, 'Registered': 0, 'PeakRegistered': 0, 'Capacity': 4096, 'ScanSpan': 0}",22096,released_0,21975040,"374316 5365 2978 1739 0 26079 0
",31918240,memory,G,review-memory-block1-5-G,TestSharingMemory,,,
163296,1552128,2236416,1688,4096000,75003,36,"{'Supported': True, 'Active': 0, 'Cached': 0, 'Registered': 0, 'PeakRegistered': 0, 'Capacity': 4096, 'ScanSpan': 0}",22096,retained_1,22011904,"374316 5374 2978 1739 0 26079 0
",35620776,memory,G,review-memory-block1-5-G,TestSharingMemory,,,
0,1547824,2220032,1660,5537792,75243,0,"{'Supported': True, 'Active': 0, 'Cached': 0, 'Registered': 0, 'PeakRegistered': 0, 'Capacity': 4096, 'ScanSpan': 0}",22096,released_1,20570112,"374316 5022 2978 1739 0 26079 0
",35635248,memory,G,review-memory-block1-5-G,TestSharingMemory,,,
163296,1552128,2236416,1688,4096000,82474,36,"{'Supported': True, 'Active': 0, 'Cached': 0, 'Registered': 0, 'PeakRegistered': 0, 'Capacity': 4096, 'ScanSpan': 0}",22096,retained_2,21872640,"374316 5340 2978 1739 0 26079 0
",39337784,memory,G,review-memory-block1-5-G,TestSharingMemory,,,
0,1547824,2220032,1660,5406720,82714,0,"{'Supported': True, 'Active': 0, 'Cached': 0, 'Registered': 0, 'PeakRegistered': 0, 'Capacity': 4096, 'ScanSpan': 0}",22096,released_2,20647936,"374316 5041 2978 1739 0 26079 0
",39352256,memory,G,review-memory-block1-5-G,TestSharingMemory,,,
0,206840,712704,790,5668864,82802,0,"{'Supported': True, 'Active': 0, 'Cached': 0, 'Registered': 0, 'PeakRegistered': 0, 'Capacity': 4096, 'ScanSpan': 0}",22096,runtime_released,20508672,"374316 5007 3008 1739 0 26079 0
",39359392,memory,G,review-memory-block1-5-G,TestSharingMemory,,,
0,363560,892928,1896,5447680,88578,0,,22096,initial,20721664,,39756632,memory,G,review-memory-block1-5-G,TestSharingMappedMemory,1032,0,0
0,361504,884736,1886,6152192,94641,0,,22428,compile_release_270,20365312,,49041336,memory,G,review-memory-block1-5-G,TestSharingMappedMemory,1032,0,0
163296,441552,999424,2009,5890048,95546,36,,22428,retained_0,20910080,,50292440,memory,G,review-memory-block1-5-G,TestSharingMappedMemory,1032,606208,278528
0,366160,901120,1904,5849088,95635,0,,22428,released_0,20672512,,50298840,memory,G,review-memory-block1-5-G,TestSharingMappedMemory,1032,0,0
163296,441552,999424,2009,5636096,96521,36,,22428,retained_1,21147648,,51543128,memory,G,review-memory-block1-5-G,TestSharingMappedMemory,1032,606208,278528
0,366160,901120,1904,5767168,96610,0,,22428,released_1,20742144,,51549528,memory,G,review-memory-block1-5-G,TestSharingMappedMemory,1032,0,0
163296,441552,999424,2009,5890048,97496,36,,22428,retained_2,20922368,,52793816,memory,G,review-memory-block1-5-G,TestSharingMappedMemory,1032,606208,278528
0,366160,901120,1904,5890048,97585,0,,22428,released_2,20643840,,52800216,memory,G,review-memory-block1-5-G,TestSharingMappedMemory,1032,0,0
0,213280,704512,726,2818048,5474,0,"{'Supported': True, 'Active': 0, 'Cached': 0, 'Registered': 0, 'PeakRegistered': 0, 'Capacity': 4096, 'ScanSpan': 0}",13956,initial,14434304,"357722 3524 2283 1739 0 24812 0
",428744,memory,G,review-memory-block2-2-G,TestSharingMemory,,,
0,1382992,2080768,1483,3899392,60293,0,"{'Supported': True, 'Active': 0, 'Cached': 0, 'Registered': 0, 'PeakRegistered': 0, 'Capacity': 4096, 'ScanSpan': 0}",22016,compile_release_270,22175744,"374314 5414 2987 1739 0 26077 0
",28199544,memory,G,review-memory-block2-2-G,TestSharingMemory,,,
163296,1551808,2220032,1686,3809280,67530,36,"{'Supported': True, 'Active': 0, 'Cached': 0, 'Registered': 0, 'PeakRegistered': 0, 'Capacity': 4096, 'ScanSpan': 0}",22016,retained_0,22269952,"374316 5437 2987 1739 0 26079 0
",31903448,memory,G,review-memory-block2-2-G,TestSharingMemory,,,
0,1547504,2203648,1658,4136960,67770,0,"{'Supported': True, 'Active': 0, 'Cached': 0, 'Registered': 0, 'PeakRegistered': 0, 'Capacity': 4096, 'ScanSpan': 0}",22016,released_0,21966848,"374316 5363 2987 1739 0 26079 0
",31917920,memory,G,review-memory-block2-2-G,TestSharingMemory,,,
163296,1551808,2220032,1686,3825664,74999,36,"{'Supported': True, 'Active': 0, 'Cached': 0, 'Registered': 0, 'PeakRegistered': 0, 'Capacity': 4096, 'ScanSpan': 0}",22016,retained_1,22208512,"374316 5422 2987 1739 0 26079 0
",35620320,memory,G,review-memory-block2-2-G,TestSharingMemory,,,
0,1547504,2203648,1658,4087808,75239,0,"{'Supported': True, 'Active': 0, 'Cached': 0, 'Registered': 0, 'PeakRegistered': 0, 'Capacity': 4096, 'ScanSpan': 0}",22016,released_1,22040576,"374316 5381 2987 1739 0 26079 0
",35634792,memory,G,review-memory-block2-2-G,TestSharingMemory,,,
163296,1551808,2236416,1686,4071424,82470,36,"{'Supported': True, 'Active': 0, 'Cached': 0, 'Registered': 0, 'PeakRegistered': 0, 'Capacity': 4096, 'ScanSpan': 0}",22016,retained_2,22069248,"374316 5388 2987 1739 0 26079 0
",39337328,memory,G,review-memory-block2-2-G,TestSharingMemory,,,
0,1547504,2220032,1658,5578752,82710,0,"{'Supported': True, 'Active': 0, 'Cached': 0, 'Registered': 0, 'PeakRegistered': 0, 'Capacity': 4096, 'ScanSpan': 0}",22016,released_2,20561920,"374316 5020 2987 1739 0 26079 0
",39351800,memory,G,review-memory-block2-2-G,TestSharingMemory,,,
0,206520,712704,788,5644288,82798,0,"{'Supported': True, 'Active': 0, 'Cached': 0, 'Registered': 0, 'PeakRegistered': 0, 'Capacity': 4096, 'ScanSpan': 0}",22016,runtime_released,20619264,"374316 5034 3017 1739 0 26079 0
",39358936,memory,G,review-memory-block2-2-G,TestSharingMemory,,,
0,363240,892928,1894,5447680,88574,0,,22016,initial,20832256,,39756176,memory,G,review-memory-block2-2-G,TestSharingMappedMemory,1032,0,0
0,361168,884736,1883,3309568,94637,0,,22568,compile_release_270,23171072,,49040864,memory,G,review-memory-block2-2-G,TestSharingMappedMemory,1032,0,0
163296,441232,999424,2007,5881856,95542,36,,22824,retained_0,20881408,,50291968,memory,G,review-memory-block2-2-G,TestSharingMappedMemory,1032,606208,278528
0,365840,901120,1902,5881856,95631,0,,22824,released_0,20602880,,50298368,memory,G,review-memory-block2-2-G,TestSharingMappedMemory,1032,0,0
163296,441232,999424,2007,5881856,96517,36,,22824,retained_1,20889600,,51542656,memory,G,review-memory-block2-2-G,TestSharingMappedMemory,1032,606208,278528
0,365840,901120,1902,5881856,96606,0,,22824,released_1,20742144,,51549056,memory,G,review-memory-block2-2-G,TestSharingMappedMemory,1032,0,0
163296,441232,999424,2007,5881856,97492,36,,22824,retained_2,21024768,,52793344,memory,G,review-memory-block2-2-G,TestSharingMappedMemory,1032,606208,278528
0,365840,901120,1902,5881856,97581,0,,22824,released_2,20746240,,52799744,memory,G,review-memory-block2-2-G,TestSharingMappedMemory,1032,0,0
0,218856,704512,733,6979584,5481,0,"{'Supported': True, 'Active': 0, 'Cached': 0, 'Registered': 0, 'PeakRegistered': 0, 'Capacity': 4096, 'ScanSpan': 0}",15776,initial,16351232,"376155 3992 2231 1739 0 27917 0
",434320,memory,G,review-memory-block2-5-G,TestSharingMemory,,,
0,1388408,2080768,1489,3833856,60299,0,"{'Supported': True, 'Active': 0, 'Cached': 0, 'Registered': 0, 'PeakRegistered': 0, 'Capacity': 4096, 'ScanSpan': 0}",22008,compile_release_270,22048768,"392749 5383 2951 1739 0 28160 0
",28204960,memory,G,review-memory-block2-5-G,TestSharingMemory,,,
163296,1557224,2211840,1692,3670016,67536,36,"{'Supported': True, 'Active': 0, 'Cached': 0, 'Registered': 0, 'PeakRegistered': 0, 'Capacity': 4096, 'ScanSpan': 0}",22008,retained_0,22163456,"392749 5411 2951 1739 0 28160 0
",31908864,memory,G,review-memory-block2-5-G,TestSharingMemory,,,
0,1552920,2195456,1664,4259840,67776,0,"{'Supported': True, 'Active': 0, 'Cached': 0, 'Registered': 0, 'PeakRegistered': 0, 'Capacity': 4096, 'ScanSpan': 0}",22008,released_0,21643264,"392749 5284 2951 1739 0 28160 0
",31923336,memory,G,review-memory-block2-5-G,TestSharingMemory,,,
163296,1557224,2211840,1692,3694592,75005,36,"{'Supported': True, 'Active': 0, 'Cached': 0, 'Registered': 0, 'PeakRegistered': 0, 'Capacity': 4096, 'ScanSpan': 0}",22008,retained_1,22069248,"392749 5388 2951 1739 0 28160 0
",35625736,memory,G,review-memory-block2-5-G,TestSharingMemory,,,
0,1552920,2195456,1664,4153344,75245,0,"{'Supported': True, 'Active': 0, 'Cached': 0, 'Registered': 0, 'PeakRegistered': 0, 'Capacity': 4096, 'ScanSpan': 0}",22008,released_1,21721088,"392749 5303 2951 1739 0 28160 0
",35640208,memory,G,review-memory-block2-5-G,TestSharingMemory,,,
163296,1557224,2236416,1692,4022272,82474,36,"{'Supported': True, 'Active': 0, 'Cached': 0, 'Registered': 0, 'PeakRegistered': 0, 'Capacity': 4096, 'ScanSpan': 0}",22008,retained_2,21856256,"392749 5336 2951 1739 0 28160 0
",39342608,memory,G,review-memory-block2-5-G,TestSharingMemory,,,
0,1552920,2220032,1664,4087808,82714,0,"{'Supported': True, 'Active': 0, 'Cached': 0, 'Registered': 0, 'PeakRegistered': 0, 'Capacity': 4096, 'ScanSpan': 0}",22008,released_2,21790720,"392749 5320 2951 1739 0 28160 0
",39357080,memory,G,review-memory-block2-5-G,TestSharingMemory,,,
0,211936,712704,794,5595136,82802,0,"{'Supported': True, 'Active': 0, 'Cached': 0, 'Registered': 0, 'PeakRegistered': 0, 'Capacity': 4096, 'ScanSpan': 0}",22008,runtime_released,20447232,"392749 4992 2981 1739 0 28160 0
",39364216,memory,G,review-memory-block2-5-G,TestSharingMemory,,,
0,368656,892928,1900,5537792,88578,0,,22008,initial,20574208,,39761456,memory,G,review-memory-block2-5-G,TestSharingMappedMemory,1032,0,0
0,366600,884736,1890,3244032,94641,0,,22336,compile_release_270,23015424,,49046160,memory,G,review-memory-block2-5-G,TestSharingMappedMemory,1032,0,0
163296,446648,999424,2013,5840896,95546,36,,22592,retained_0,20705280,,50297264,memory,G,review-memory-block2-5-G,TestSharingMappedMemory,1032,606208,278528
0,371256,901120,1908,5840896,95635,0,,22592,released_0,20426752,,50303664,memory,G,review-memory-block2-5-G,TestSharingMappedMemory,1032,0,0
163296,446648,999424,2013,5857280,96521,36,,22592,retained_1,20701184,,51547952,memory,G,review-memory-block2-5-G,TestSharingMappedMemory,1032,606208,278528
0,371256,901120,1908,5816320,96610,0,,22592,released_1,20463616,,51554352,memory,G,review-memory-block2-5-G,TestSharingMappedMemory,1032,0,0
163296,446648,999424,2013,5849088,97496,36,,22592,retained_2,20705280,,52798640,memory,G,review-memory-block2-5-G,TestSharingMappedMemory,1032,606208,278528
0,371256,901120,1908,5849088,97585,0,,22592,released_2,20426752,,52805040,memory,G,review-memory-block2-5-G,TestSharingMappedMemory,1032,0,0
0,213280,704512,726,7012352,5474,0,"{'Supported': True, 'Active': 0, 'Cached': 0, 'Registered': 0, 'PeakRegistered': 0, 'Capacity': 4096, 'ScanSpan': 0}",15892,initial,16433152,"374106 4012 2258 1739 0 25869 0
",428744,memory,G,review-memory-block3-2-G,TestSharingMemory,,,
0,1383152,2072576,1484,3874816,60294,0,"{'Supported': True, 'Active': 0, 'Cached': 0, 'Registered': 0, 'PeakRegistered': 0, 'Capacity': 4096, 'ScanSpan': 0}",22016,compile_release_270,22261760,"374316 5435 2978 1739 0 26079 0
",28199704,memory,G,review-memory-block3-2-G,TestSharingMemory,,,
163296,1551968,2220032,1687,3874816,67531,36,"{'Supported': True, 'Active': 0, 'Cached': 0, 'Registered': 0, 'PeakRegistered': 0, 'Capacity': 4096, 'ScanSpan': 0}",22016,retained_0,22278144,"374316 5439 2978 1739 0 26079 0
",31903608,memory,G,review-memory-block3-2-G,TestSharingMemory,,,
0,1547664,2203648,1659,4136960,67771,0,"{'Supported': True, 'Active': 0, 'Cached': 0, 'Registered': 0, 'PeakRegistered': 0, 'Capacity': 4096, 'ScanSpan': 0}",22016,released_0,22016000,"374316 5375 2978 1739 0 26079 0
",31918080,memory,G,review-memory-block3-2-G,TestSharingMemory,,,
163296,1551968,2220032,1687,4038656,75002,36,"{'Supported': True, 'Active': 0, 'Cached': 0, 'Registered': 0, 'PeakRegistered': 0, 'Capacity': 4096, 'ScanSpan': 0}",22016,retained_1,22138880,"374316 5405 2978 1739 0 26079 0
",35620616,memory,G,review-memory-block3-2-G,TestSharingMemory,,,
0,1547664,2203648,1659,5611520,75242,0,"{'Supported': True, 'Active': 0, 'Cached': 0, 'Registered': 0, 'PeakRegistered': 0, 'Capacity': 4096, 'ScanSpan': 0}",22016,released_1,20566016,"374316 5021 2978 1739 0 26079 0
",35635088,memory,G,review-memory-block3-2-G,TestSharingMemory,,,
163296,1551968,2236416,1687,4104192,82473,36,"{'Supported': True, 'Active': 0, 'Cached': 0, 'Registered': 0, 'PeakRegistered': 0, 'Capacity': 4096, 'ScanSpan': 0}",22016,retained_2,21946368,"374316 5358 2978 1739 0 26079 0
",39337624,memory,G,review-memory-block3-2-G,TestSharingMemory,,,
0,1547664,2220032,1659,5545984,82713,0,"{'Supported': True, 'Active': 0, 'Cached': 0, 'Registered': 0, 'PeakRegistered': 0, 'Capacity': 4096, 'ScanSpan': 0}",22016,released_2,20549632,"374316 5017 2978 1739 0 26079 0
",39352096,memory,G,review-memory-block3-2-G,TestSharingMemory,,,
0,206680,712704,789,5677056,82801,0,"{'Supported': True, 'Active': 0, 'Cached': 0, 'Registered': 0, 'PeakRegistered': 0, 'Capacity': 4096, 'ScanSpan': 0}",22016,runtime_released,20541440,"374316 5015 3008 1739 0 26079 0
",39359232,memory,G,review-memory-block3-2-G,TestSharingMemory,,,
0,363400,892928,1895,5505024,88577,0,,22016,initial,20697088,,39756472,memory,G,review-memory-block3-2-G,TestSharingMappedMemory,1032,0,0
0,361344,884736,1885,3416064,94640,0,,22596,compile_release_270,23121920,,49041176,memory,G,review-memory-block3-2-G,TestSharingMappedMemory,1032,0,0
163296,441392,999424,2008,5505024,95545,36,,22852,retained_0,21323776,,50292280,memory,G,review-memory-block3-2-G,TestSharingMappedMemory,1032,606208,278528
0,366000,901120,1903,5767168,95634,0,,22852,released_0,20783104,,50298680,memory,G,review-memory-block3-2-G,TestSharingMappedMemory,1032,0,0
163296,441392,999424,2008,5824512,96520,36,,22852,retained_1,21004288,,51542968,memory,G,review-memory-block3-2-G,TestSharingMappedMemory,1032,606208,278528
0,366000,901120,1903,5824512,96609,0,,22852,released_1,20725760,,51549368,memory,G,review-memory-block3-2-G,TestSharingMappedMemory,1032,0,0
163296,441392,999424,2008,5554176,97495,36,,22852,retained_2,21270528,,52793656,memory,G,review-memory-block3-2-G,TestSharingMappedMemory,1032,606208,278528
0,366000,901120,1903,5775360,97584,0,,22852,released_2,20783104,,52800056,memory,G,review-memory-block3-2-G,TestSharingMappedMemory,1032,0,0
0,213600,704512,728,2818048,5476,0,"{'Supported': True, 'Active': 0, 'Cached': 0, 'Registered': 0, 'PeakRegistered': 0, 'Capacity': 4096, 'ScanSpan': 0}",15920,initial,16478208,"357722 4023 2272 1739 0 24812 0
",429064,memory,G,review-memory-block3-5-G,TestSharingMemory,,,
0,1383136,2138112,1483,3112960,60293,0,"{'Supported': True, 'Active': 0, 'Cached': 0, 'Registered': 0, 'PeakRegistered': 0, 'Capacity': 4096, 'ScanSpan': 0}",22252,compile_release_270,22876160,"374316 5585 3008 1739 0 26079 0
",28199688,memory,G,review-memory-block3-5-G,TestSharingMemory,,,
163296,1551968,2236416,1687,4096000,67533,36,"{'Supported': True, 'Active': 0, 'Cached': 0, 'Registered': 0, 'PeakRegistered': 0, 'Capacity': 4096, 'ScanSpan': 0}",22252,retained_0,21929984,"374316 5354 3008 1739 0 26079 0
",31903744,memory,G,review-memory-block3-5-G,TestSharingMemory,,,
0,1547664,2220032,1659,5537792,67773,0,"{'Supported': True, 'Active': 0, 'Cached': 0, 'Registered': 0, 'PeakRegistered': 0, 'Capacity': 4096, 'ScanSpan': 0}",22252,released_0,20488192,"374316 5002 3008 1739 0 26079 0
",31918216,memory,G,review-memory-block3-5-G,TestSharingMemory,,,
163296,1551968,2220032,1687,4096000,75004,36,"{'Supported': True, 'Active': 0, 'Cached': 0, 'Registered': 0, 'PeakRegistered': 0, 'Capacity': 4096, 'ScanSpan': 0}",22252,retained_1,21639168,"374316 5283 3008 1739 0 26079 0
",35620752,memory,G,review-memory-block3-5-G,TestSharingMemory,,,
0,1547664,2203648,1659,5406720,75244,0,"{'Supported': True, 'Active': 0, 'Cached': 0, 'Registered': 0, 'PeakRegistered': 0, 'Capacity': 4096, 'ScanSpan': 0}",22252,released_1,20533248,"374316 5013 3008 1739 0 26079 0
",35635224,memory,G,review-memory-block3-5-G,TestSharingMemory,,,
163296,1551968,2236416,1687,4063232,82475,36,"{'Supported': True, 'Active': 0, 'Cached': 0, 'Registered': 0, 'PeakRegistered': 0, 'Capacity': 4096, 'ScanSpan': 0}",22252,retained_2,21815296,"374316 5326 3008 1739 0 26079 0
",39337760,memory,G,review-memory-block3-5-G,TestSharingMemory,,,
0,1547664,2220032,1659,5570560,82715,0,"{'Supported': True, 'Active': 0, 'Cached': 0, 'Registered': 0, 'PeakRegistered': 0, 'Capacity': 4096, 'ScanSpan': 0}",22252,released_2,20381696,"374316 4976 3008 1739 0 26079 0
",39352232,memory,G,review-memory-block3-5-G,TestSharingMemory,,,
0,206680,712704,789,5636096,82803,0,"{'Supported': True, 'Active': 0, 'Cached': 0, 'Registered': 0, 'PeakRegistered': 0, 'Capacity': 4096, 'ScanSpan': 0}",22252,runtime_released,20439040,"374316 4990 3038 1739 0 26079 0
",39359368,memory,G,review-memory-block3-5-G,TestSharingMemory,,,
0,363400,892928,1895,5447680,88579,0,,22252,initial,20647936,,39756608,memory,G,review-memory-block3-5-G,TestSharingMappedMemory,1032,0,0
0,361328,884736,1884,3489792,94642,0,,22264,compile_release_270,22892544,,49041296,memory,G,review-memory-block3-5-G,TestSharingMappedMemory,1032,0,0
163296,441392,999424,2008,5709824,95547,36,,22648,retained_0,21032960,,50292400,memory,G,review-memory-block3-5-G,TestSharingMappedMemory,1032,606208,278528
0,366000,901120,1903,5709824,95636,0,,22648,released_0,20754432,,50298800,memory,G,review-memory-block3-5-G,TestSharingMappedMemory,1032,0,0
163296,441392,999424,2008,5718016,96522,36,,22648,retained_1,21028864,,51543088,memory,G,review-memory-block3-5-G,TestSharingMappedMemory,1032,606208,278528
0,366000,901120,1903,5718016,96611,0,,22648,released_1,20750336,,51549488,memory,G,review-memory-block3-5-G,TestSharingMappedMemory,1032,0,0
163296,441392,999424,2008,5718016,97497,36,,22648,retained_2,21032960,,52793776,memory,G,review-memory-block3-5-G,TestSharingMappedMemory,1032,606208,278528
0,366000,901120,1903,5718016,97586,0,,22648,released_2,20754432,,52800176,memory,G,review-memory-block3-5-G,TestSharingMappedMemory,1032,0,0
0,213120,704512,725,2818048,5475,0,"{'Supported': True, 'Active': 0, 'Cached': 0, 'Registered': 0, 'PeakRegistered': 0, 'Capacity': 4096, 'ScanSpan': 0}",15684,initial,16244736,"357714 3966 2216 1735 0 24812 0
",428616,memory,H,review-memory-block1-3-H,TestSharingMemory,,,
0,882752,1622016,1245,3768320,60115,0,"{'Supported': True, 'Active': 0, 'Cached': 0, 'Registered': 0, 'PeakRegistered': 0, 'Capacity': 4096, 'ScanSpan': 0}",24392,compile_release_270,24334336,"374308 5941 3010 1735 0 26079 0
",28152056,memory,H,review-memory-block1-3-H,TestSharingMemory,,,
134972,1551808,2260992,1686,3129344,67328,36,"{'Supported': True, 'Active': 0, 'Cached': 0, 'Registered': 0, 'PeakRegistered': 0, 'Capacity': 4096, 'ScanSpan': 0}",24392,retained_0,24899584,"374308 6079 3010 1735 0 26079 0
",31849624,memory,H,review-memory-block1-3-H,TestSharingMemory,,,
0,1547504,2244608,1658,4300800,67568,0,"{'Supported': True, 'Active': 0, 'Cached': 0, 'Registered': 0, 'PeakRegistered': 0, 'Capacity': 4096, 'ScanSpan': 0}",24392,released_0,23764992,"374308 5802 3010 1735 0 26079 0
",31864096,memory,H,review-memory-block1-3-H,TestSharingMemory,,,
134972,1551808,2244608,1686,4112384,74775,36,"{'Supported': True, 'Active': 0, 'Cached': 0, 'Registered': 0, 'PeakRegistered': 0, 'Capacity': 4096, 'ScanSpan': 0}",24392,retained_1,23973888,"374308 5853 3010 1735 0 26079 0
",35560296,memory,H,review-memory-block1-3-H,TestSharingMemory,,,
0,1547504,2228224,1658,5554176,75015,0,"{'Supported': True, 'Active': 0, 'Cached': 0, 'Registered': 0, 'PeakRegistered': 0, 'Capacity': 4096, 'ScanSpan': 0}",24392,released_1,22532096,"374308 5501 3010 1735 0 26079 0
",35574768,memory,H,review-memory-block1-3-H,TestSharingMemory,,,
134972,1551808,2220032,1686,4071424,82222,36,"{'Supported': True, 'Active': 0, 'Cached': 0, 'Registered': 0, 'PeakRegistered': 0, 'Capacity': 4096, 'ScanSpan': 0}",24392,retained_2,23867392,"374308 5827 3010 1735 0 26079 0
",39270968,memory,H,review-memory-block1-3-H,TestSharingMemory,,,
0,1547504,2203648,1658,5578752,82462,0,"{'Supported': True, 'Active': 0, 'Cached': 0, 'Registered': 0, 'PeakRegistered': 0, 'Capacity': 4096, 'ScanSpan': 0}",24392,released_2,22450176,"374308 5481 3010 1735 0 26079 0
",39285440,memory,H,review-memory-block1-3-H,TestSharingMemory,,,
0,206520,712704,788,5644288,82550,0,"{'Supported': True, 'Active': 0, 'Cached': 0, 'Registered': 0, 'PeakRegistered': 0, 'Capacity': 4096, 'ScanSpan': 0}",24392,runtime_released,22458368,"374308 5483 3028 1735 0 26079 0
",39292576,memory,H,review-memory-block1-3-H,TestSharingMemory,,,
0,363240,892928,1894,5521408,88326,0,,24392,initial,22663168,,39689816,memory,H,review-memory-block1-3-H,TestSharingMappedMemory,1032,0,0
0,361168,884736,1883,3538944,94209,0,,24392,compile_release_270,25006080,,48926984,memory,H,review-memory-block1-3-H,TestSharingMappedMemory,1032,0,0
134972,441232,999424,2007,5668864,95090,36,,24612,retained_0,23146496,,50171752,memory,H,review-memory-block1-3-H,TestSharingMappedMemory,1032,606208,262144
0,365840,901120,1902,5734400,95179,0,,24612,released_0,22822912,,50178152,memory,H,review-memory-block1-3-H,TestSharingMappedMemory,1032,0,0
134972,441232,999424,2007,5734400,96041,36,,24612,retained_1,23089152,,51416104,memory,H,review-memory-block1-3-H,TestSharingMappedMemory,1032,606208,262144
0,365840,901120,1902,5734400,96130,0,,24612,released_1,22827008,,51422504,memory,H,review-memory-block1-3-H,TestSharingMappedMemory,1032,0,0
134972,441232,999424,2007,5709824,96992,36,,24612,retained_2,23121920,,52660456,memory,H,review-memory-block1-3-H,TestSharingMappedMemory,1032,606208,262144
0,365840,901120,1902,5709824,97081,0,,24612,released_2,22859776,,52666856,memory,H,review-memory-block1-3-H,TestSharingMappedMemory,1032,0,0
0,212960,704512,724,7012352,5474,0,"{'Supported': True, 'Active': 0, 'Cached': 0, 'Registered': 0, 'PeakRegistered': 0, 'Capacity': 4096, 'ScanSpan': 0}",15732,initial,16175104,"357714 3949 2198 1735 0 25836 0
",428456,memory,H,review-memory-block1-4-H,TestSharingMemory,,,
0,1382672,2088960,1481,8052736,60113,0,"{'Supported': True, 'Active': 0, 'Cached': 0, 'Registered': 0, 'PeakRegistered': 0, 'Capacity': 4096, 'ScanSpan': 0}",24136,compile_release_270,24330240,"374308 5940 2992 1735 0 27103 0
",28151736,memory,H,review-memory-block1-4-H,TestSharingMemory,,,
134972,1551488,2203648,1684,7995392,67326,36,"{'Supported': True, 'Active': 0, 'Cached': 0, 'Registered': 0, 'PeakRegistered': 0, 'Capacity': 4096, 'ScanSpan': 0}",24136,retained_0,24408064,"374308 5959 2992 1735 0 27103 0
",31849304,memory,H,review-memory-block1-4-H,TestSharingMemory,,,
0,1547184,2187264,1656,8323072,67566,0,"{'Supported': True, 'Active': 0, 'Cached': 0, 'Registered': 0, 'PeakRegistered': 0, 'Capacity': 4096, 'ScanSpan': 0}",24136,released_0,24080384,"374308 5879 2992 1735 0 27103 0
",31863776,memory,H,review-memory-block1-4-H,TestSharingMemory,,,
134972,1551488,2228224,1684,8044544,74771,36,"{'Supported': True, 'Active': 0, 'Cached': 0, 'Registered': 0, 'PeakRegistered': 0, 'Capacity': 4096, 'ScanSpan': 0}",24136,retained_1,24330240,"374308 5940 2992 1735 0 27103 0
",35559840,memory,H,review-memory-block1-4-H,TestSharingMemory,,,
0,1547184,2211840,1656,8372224,75011,0,"{'Supported': True, 'Active': 0, 'Cached': 0, 'Registered': 0, 'PeakRegistered': 0, 'Capacity': 4096, 'ScanSpan': 0}",24136,released_1,24055808,"374308 5873 2992 1735 0 27103 0
",35574312,memory,H,review-memory-block1-4-H,TestSharingMemory,,,
134972,1551488,2244608,1684,8003584,82216,36,"{'Supported': True, 'Active': 0, 'Cached': 0, 'Registered': 0, 'PeakRegistered': 0, 'Capacity': 4096, 'ScanSpan': 0}",24136,retained_2,24334336,"374308 5941 2992 1735 0 27103 0
",39270376,memory,H,review-memory-block1-4-H,TestSharingMemory,,,
0,1547184,2228224,1656,8331264,82456,0,"{'Supported': True, 'Active': 0, 'Cached': 0, 'Registered': 0, 'PeakRegistered': 0, 'Capacity': 4096, 'ScanSpan': 0}",24136,released_2,24043520,"374308 5870 2992 1735 0 27103 0
",39284848,memory,H,review-memory-block1-4-H,TestSharingMemory,,,
0,206200,712704,786,9838592,82544,0,"{'Supported': True, 'Active': 0, 'Cached': 0, 'Registered': 0, 'PeakRegistered': 0, 'Capacity': 4096, 'ScanSpan': 0}",24136,runtime_released,22634496,"374308 5526 3007 1735 0 27103 0
",39291984,memory,H,review-memory-block1-4-H,TestSharingMemory,,,
0,362920,892928,1892,9674752,88320,0,,24136,initial,22831104,,39689224,memory,H,review-memory-block1-4-H,TestSharingMappedMemory,1032,0,0
0,360848,884736,1881,7725056,94203,0,,24664,compile_release_270,25133056,,48926392,memory,H,review-memory-block1-4-H,TestSharingMappedMemory,1032,0,0
134972,440912,999424,2005,10084352,95084,36,,24664,retained_0,23040000,,50171160,memory,H,review-memory-block1-4-H,TestSharingMappedMemory,1032,606208,262144
0,365520,901120,1900,10043392,95173,0,,24664,released_0,22822912,,50177560,memory,H,review-memory-block1-4-H,TestSharingMappedMemory,1032,0,0
134972,440912,999424,2005,10084352,96035,36,,24664,retained_1,23048192,,51415512,memory,H,review-memory-block1-4-H,TestSharingMappedMemory,1032,606208,262144
0,365520,901120,1900,10084352,96124,0,,24664,released_1,22786048,,51421912,memory,H,review-memory-block1-4-H,TestSharingMappedMemory,1032,0,0
134972,440912,999424,2005,10084352,96986,36,,24664,retained_2,23060480,,52659864,memory,H,review-memory-block1-4-H,TestSharingMappedMemory,1032,606208,262144
0,365520,901120,1900,10084352,97075,0,,24664,released_2,22806528,,52666264,memory,H,review-memory-block1-4-H,TestSharingMappedMemory,1032,0,0
0,213280,704512,726,2818048,5476,0,"{'Supported': True, 'Active': 0, 'Cached': 0, 'Registered': 0, 'PeakRegistered': 0, 'Capacity': 4096, 'ScanSpan': 0}",15768,initial,16207872,"357714 3957 2207 1735 0 24812 0
",428776,memory,H,review-memory-block2-3-H,TestSharingMemory,,,
0,1049168,1728512,1271,3596288,60116,0,"{'Supported': True, 'Active': 0, 'Cached': 0, 'Registered': 0, 'PeakRegistered': 0, 'Capacity': 4096, 'ScanSpan': 0}",24280,compile_release_270,24498176,"374308 5981 3001 1735 0 26079 0
",28152216,memory,H,review-memory-block2-3-H,TestSharingMemory,,,
134972,1551968,2244608,1687,3571712,67329,36,"{'Supported': True, 'Active': 0, 'Cached': 0, 'Registered': 0, 'PeakRegistered': 0, 'Capacity': 4096, 'ScanSpan': 0}",24280,retained_0,24551424,"374308 5994 3001 1735 0 26079 0
",31849784,memory,H,review-memory-block2-3-H,TestSharingMemory,,,
0,1547664,2228224,1659,4292608,67569,0,"{'Supported': True, 'Active': 0, 'Cached': 0, 'Registered': 0, 'PeakRegistered': 0, 'Capacity': 4096, 'ScanSpan': 0}",24280,released_0,23830528,"374308 5818 3001 1735 0 26079 0
",31864256,memory,H,review-memory-block2-3-H,TestSharingMemory,,,
134972,1551968,2228224,1687,3915776,74774,36,"{'Supported': True, 'Active': 0, 'Cached': 0, 'Registered': 0, 'PeakRegistered': 0, 'Capacity': 4096, 'ScanSpan': 0}",24280,retained_1,24182784,"374308 5904 3001 1735 0 26079 0
",35560320,memory,H,review-memory-block2-3-H,TestSharingMemory,,,
0,1547664,2211840,1659,4112384,75014,0,"{'Supported': True, 'Active': 0, 'Cached': 0, 'Registered': 0, 'PeakRegistered': 0, 'Capacity': 4096, 'ScanSpan': 0}",24280,released_1,23986176,"374308 5856 3001 1735 0 26079 0
",35574792,memory,H,review-memory-block2-3-H,TestSharingMemory,,,
134972,1551968,2236416,1687,4128768,82219,36,"{'Supported': True, 'Active': 0, 'Cached': 0, 'Registered': 0, 'PeakRegistered': 0, 'Capacity': 4096, 'ScanSpan': 0}",24280,retained_2,23973888,"374308 5853 3001 1735 0 26079 0
",39270856,memory,H,review-memory-block2-3-H,TestSharingMemory,,,
0,1547664,2220032,1659,4128768,82459,0,"{'Supported': True, 'Active': 0, 'Cached': 0, 'Registered': 0, 'PeakRegistered': 0, 'Capacity': 4096, 'ScanSpan': 0}",24280,released_2,23973888,"374308 5853 3001 1735 0 26079 0
",39285328,memory,H,review-memory-block2-3-H,TestSharingMemory,,,
0,206680,712704,789,5636096,82547,0,"{'Supported': True, 'Active': 0, 'Cached': 0, 'Registered': 0, 'PeakRegistered': 0, 'Capacity': 4096, 'ScanSpan': 0}",24280,runtime_released,22528000,"374308 5500 3016 1735 0 26079 0
",39292464,memory,H,review-memory-block2-3-H,TestSharingMemory,,,
0,363400,892928,1895,5406720,88323,0,,24280,initial,22740992,,39689704,memory,H,review-memory-block2-3-H,TestSharingMappedMemory,1032,0,0
0,361328,884736,1884,3522560,94206,0,,24368,compile_release_270,25010176,,48926872,memory,H,review-memory-block2-3-H,TestSharingMappedMemory,1032,0,0
134972,441392,999424,2008,5767168,95087,36,,24624,retained_0,23035904,,50171640,memory,H,review-memory-block2-3-H,TestSharingMappedMemory,1032,606208,262144
0,366000,901120,1903,5767168,95176,0,,24624,released_0,22777856,,50178040,memory,H,review-memory-block2-3-H,TestSharingMappedMemory,1032,0,0
134972,441392,999424,2008,5767168,96038,36,,24624,retained_1,23040000,,51415992,memory,H,review-memory-block2-3-H,TestSharingMappedMemory,1032,606208,262144
0,366000,901120,1903,5767168,96127,0,,24624,released_1,22777856,,51422392,memory,H,review-memory-block2-3-H,TestSharingMappedMemory,1032,0,0
134972,441392,999424,2008,5767168,96989,36,,24624,retained_2,23044096,,52660344,memory,H,review-memory-block2-3-H,TestSharingMappedMemory,1032,606208,262144
0,366000,901120,1903,5767168,97078,0,,24624,released_2,22781952,,52666744,memory,H,review-memory-block2-3-H,TestSharingMappedMemory,1032,0,0
0,212960,704512,724,2818048,5474,0,"{'Supported': True, 'Active': 0, 'Cached': 0, 'Registered': 0, 'PeakRegistered': 0, 'Capacity': 4096, 'ScanSpan': 0}",15760,initial,16224256,"374098 3961 2205 1735 0 24845 0
",428456,memory,H,review-memory-block2-4-H,TestSharingMemory,,,
0,1048848,1761280,1269,3801088,60114,0,"{'Supported': True, 'Active': 0, 'Cached': 0, 'Registered': 0, 'PeakRegistered': 0, 'Capacity': 4096, 'ScanSpan': 0}",24284,compile_release_270,24166400,"374308 5900 2999 1735 0 26079 0
",28151896,memory,H,review-memory-block2-4-H,TestSharingMemory,,,
134972,1551648,2220032,1685,3932160,67327,36,"{'Supported': True, 'Active': 0, 'Cached': 0, 'Registered': 0, 'PeakRegistered': 0, 'Capacity': 4096, 'ScanSpan': 0}",24284,retained_0,24064000,"374308 5875 2999 1735 0 26079 0
",31849464,memory,H,review-memory-block2-4-H,TestSharingMemory,,,
0,1547344,2203648,1657,4390912,67567,0,"{'Supported': True, 'Active': 0, 'Cached': 0, 'Registered': 0, 'PeakRegistered': 0, 'Capacity': 4096, 'ScanSpan': 0}",24284,released_0,23605248,"374308 5763 2999 1735 0 26079 0
",31863936,memory,H,review-memory-block2-4-H,TestSharingMemory,,,
134972,1551648,2252800,1685,3940352,74772,36,"{'Supported': True, 'Active': 0, 'Cached': 0, 'Registered': 0, 'PeakRegistered': 0, 'Capacity': 4096, 'ScanSpan': 0}",24284,retained_1,24039424,"374308 5869 2999 1735 0 26079 0
",35560000,memory,H,review-memory-block2-4-H,TestSharingMemory,,,
0,1547344,2236416,1657,4136960,75012,0,"{'Supported': True, 'Active': 0, 'Cached': 0, 'Registered': 0, 'PeakRegistered': 0, 'Capacity': 4096, 'ScanSpan': 0}",24284,released_1,23842816,"374308 5821 2999 1735 0 26079 0
",35574472,memory,H,review-memory-block2-4-H,TestSharingMemory,,,
134972,1551648,2252800,1685,3915776,82217,36,"{'Supported': True, 'Active': 0, 'Cached': 0, 'Registered': 0, 'PeakRegistered': 0, 'Capacity': 4096, 'ScanSpan': 0}",24284,retained_2,24014848,"374308 5863 2999 1735 0 26079 0
",39270536,memory,H,review-memory-block2-4-H,TestSharingMemory,,,
0,1547344,2236416,1657,4112384,82457,0,"{'Supported': True, 'Active': 0, 'Cached': 0, 'Registered': 0, 'PeakRegistered': 0, 'Capacity': 4096, 'ScanSpan': 0}",24284,released_2,23879680,"374308 5830 2999 1735 0 26079 0
",39285008,memory,H,review-memory-block2-4-H,TestSharingMemory,,,
0,206360,712704,787,5619712,82545,0,"{'Supported': True, 'Active': 0, 'Cached': 0, 'Registered': 0, 'PeakRegistered': 0, 'Capacity': 4096, 'ScanSpan': 0}",24284,runtime_released,22433792,"374308 5477 3014 1735 0 26079 0
",39292144,memory,H,review-memory-block2-4-H,TestSharingMemory,,,
0,363080,892928,1893,5562368,88321,0,,24284,initial,22556672,,39689384,memory,H,review-memory-block2-4-H,TestSharingMappedMemory,1032,0,0
0,361008,884736,1882,3473408,94204,0,,24284,compile_release_270,24936448,,48926552,memory,H,review-memory-block2-4-H,TestSharingMappedMemory,1032,0,0
134972,441072,999424,2006,5603328,95085,36,,24532,retained_0,23089152,,50171320,memory,H,review-memory-block2-4-H,TestSharingMappedMemory,1032,606208,262144
0,365680,901120,1901,5799936,95174,0,,24532,released_0,22634496,,50177720,memory,H,review-memory-block2-4-H,TestSharingMappedMemory,1032,0,0
134972,441072,999424,2006,5890048,96036,36,,24532,retained_1,22806528,,51415672,memory,H,review-memory-block2-4-H,TestSharingMappedMemory,1032,606208,262144
0,365680,901120,1901,5890048,96125,0,,24532,released_1,22544384,,51422072,memory,H,review-memory-block2-4-H,TestSharingMappedMemory,1032,0,0
134972,441072,999424,2006,5652480,96987,36,,24532,retained_2,23040000,,52660024,memory,H,review-memory-block2-4-H,TestSharingMappedMemory,1032,606208,262144
0,365680,901120,1901,5742592,97076,0,,24532,released_2,22691840,,52666424,memory,H,review-memory-block2-4-H,TestSharingMappedMemory,1032,0,0
0,213600,704512,728,7012352,5478,0,"{'Supported': True, 'Active': 0, 'Cached': 0, 'Registered': 0, 'PeakRegistered': 0, 'Capacity': 4096, 'ScanSpan': 0}",15760,initial,16211968,"374098 3958 2205 1735 0 25869 0
",429096,memory,H,review-memory-block3-3-H,TestSharingMemory,,,
0,1383312,2088960,1485,8060928,60117,0,"{'Supported': True, 'Active': 0, 'Cached': 0, 'Registered': 0, 'PeakRegistered': 0, 'Capacity': 4096, 'ScanSpan': 0}",24116,compile_release_270,24473600,"374308 5975 2999 1735 0 27103 0
",28152376,memory,H,review-memory-block3-3-H,TestSharingMemory,,,
134972,1552128,2211840,1688,8060928,67330,36,"{'Supported': True, 'Active': 0, 'Cached': 0, 'Registered': 0, 'PeakRegistered': 0, 'Capacity': 4096, 'ScanSpan': 0}",24116,retained_0,24498176,"374308 5981 2999 1735 0 27103 0
",31849944,memory,H,review-memory-block3-3-H,TestSharingMemory,,,
0,1547824,2195456,1660,8323072,67570,0,"{'Supported': True, 'Active': 0, 'Cached': 0, 'Registered': 0, 'PeakRegistered': 0, 'Capacity': 4096, 'ScanSpan': 0}",24116,released_0,24236032,"374308 5917 2999 1735 0 27103 0
",31864416,memory,H,review-memory-block3-3-H,TestSharingMemory,,,
134972,1552128,2220032,1688,8077312,74775,36,"{'Supported': True, 'Active': 0, 'Cached': 0, 'Registered': 0, 'PeakRegistered': 0, 'Capacity': 4096, 'ScanSpan': 0}",24116,retained_1,24461312,"374308 5972 2999 1735 0 27103 0
",35560480,memory,H,review-memory-block3-3-H,TestSharingMemory,,,
0,1547824,2203648,1660,8339456,75015,0,"{'Supported': True, 'Active': 0, 'Cached': 0, 'Registered': 0, 'PeakRegistered': 0, 'Capacity': 4096, 'ScanSpan': 0}",24116,released_1,24199168,"374308 5908 2999 1735 0 27103 0
",35574952,memory,H,review-memory-block3-3-H,TestSharingMemory,,,
134972,1552128,2244608,1688,8077312,82220,36,"{'Supported': True, 'Active': 0, 'Cached': 0, 'Registered': 0, 'PeakRegistered': 0, 'Capacity': 4096, 'ScanSpan': 0}",24116,retained_2,24432640,"374308 5965 2999 1735 0 27103 0
",39271016,memory,H,review-memory-block3-3-H,TestSharingMemory,,,
0,1547824,2228224,1660,8339456,82460,0,"{'Supported': True, 'Active': 0, 'Cached': 0, 'Registered': 0, 'PeakRegistered': 0, 'Capacity': 4096, 'ScanSpan': 0}",24116,released_2,24211456,"374308 5911 2999 1735 0 27103 0
",39285488,memory,H,review-memory-block3-3-H,TestSharingMemory,,,
0,206840,712704,790,9846784,82548,0,"{'Supported': True, 'Active': 0, 'Cached': 0, 'Registered': 0, 'PeakRegistered': 0, 'Capacity': 4096, 'ScanSpan': 0}",24116,runtime_released,22765568,"374308 5558 3014 1735 0 27103 0
",39292624,memory,H,review-memory-block3-3-H,TestSharingMemory,,,
0,363560,892928,1896,9773056,88324,0,,24116,initial,22859776,,39689864,memory,H,review-memory-block3-3-H,TestSharingMappedMemory,1032,0,0
0,361488,884736,1885,7651328,94207,0,,24600,compile_release_270,25264128,,48927032,memory,H,review-memory-block3-3-H,TestSharingMappedMemory,1032,0,0
134972,441552,999424,2009,9723904,95088,36,,24856,retained_0,23482368,,50171800,memory,H,review-memory-block3-3-H,TestSharingMappedMemory,1032,606208,262144
0,366160,901120,1904,9920512,95177,0,,24856,released_0,23027712,,50178200,memory,H,review-memory-block3-3-H,TestSharingMappedMemory,1032,0,0
134972,441552,999424,2009,9961472,96039,36,,24856,retained_1,23248896,,51416152,memory,H,review-memory-block3-3-H,TestSharingMappedMemory,1032,606208,262144
0,366160,901120,1904,9961472,96128,0,,24856,released_1,22986752,,51422552,memory,H,review-memory-block3-3-H,TestSharingMappedMemory,1032,0,0
134972,441552,999424,2009,10084352,96990,36,,24856,retained_2,23130112,,52660504,memory,H,review-memory-block3-3-H,TestSharingMappedMemory,1032,606208,262144
0,366160,901120,1904,10084352,97079,0,,24856,released_2,22867968,,52666904,memory,H,review-memory-block3-3-H,TestSharingMappedMemory,1032,0,0
0,213600,704512,728,2818048,5478,0,"{'Supported': True, 'Active': 0, 'Cached': 0, 'Registered': 0, 'PeakRegistered': 0, 'Capacity': 4096, 'ScanSpan': 0}",15720,initial,16224256,"357714 3961 2211 1735 0 24812 0
",429096,memory,H,review-memory-block3-4-H,TestSharingMemory,,,
0,1170432,1900544,1298,3686400,60118,0,"{'Supported': True, 'Active': 0, 'Cached': 0, 'Registered': 0, 'PeakRegistered': 0, 'Capacity': 4096, 'ScanSpan': 0}",24156,compile_release_270,24240128,"374308 5918 3005 1735 0 26079 0
",28152536,memory,H,review-memory-block3-4-H,TestSharingMemory,,,
134972,1552288,2195456,1689,4145152,67333,36,"{'Supported': True, 'Active': 0, 'Cached': 0, 'Registered': 0, 'PeakRegistered': 0, 'Capacity': 4096, 'ScanSpan': 0}",24156,retained_0,23801856,"374308 5811 3005 1735 0 26079 0
",31850240,memory,H,review-memory-block3-4-H,TestSharingMemory,,,
0,1547984,2179072,1661,5586944,67573,0,"{'Supported': True, 'Active': 0, 'Cached': 0, 'Registered': 0, 'PeakRegistered': 0, 'Capacity': 4096, 'ScanSpan': 0}",24156,released_0,22360064,"374308 5459 3005 1735 0 26079 0
",31864712,memory,H,review-memory-block3-4-H,TestSharingMemory,,,
134972,1552288,2252800,1689,3489792,74778,36,"{'Supported': True, 'Active': 0, 'Cached': 0, 'Registered': 0, 'PeakRegistered': 0, 'Capacity': 4096, 'ScanSpan': 0}",24156,retained_1,24150016,"374308 5896 3005 1735 0 26079 0
",35560776,memory,H,review-memory-block3-4-H,TestSharingMemory,,,
0,1547984,2236416,1661,4145152,75018,0,"{'Supported': True, 'Active': 0, 'Cached': 0, 'Registered': 0, 'PeakRegistered': 0, 'Capacity': 4096, 'ScanSpan': 0}",24156,released_1,23498752,"374308 5737 3005 1735 0 26079 0
",35575248,memory,H,review-memory-block3-4-H,TestSharingMemory,,,
134972,1552288,2244608,1689,3555328,82223,36,"{'Supported': True, 'Active': 0, 'Cached': 0, 'Registered': 0, 'PeakRegistered': 0, 'Capacity': 4096, 'ScanSpan': 0}",24156,retained_2,24133632,"374308 5892 3005 1735 0 26079 0
",39271312,memory,H,review-memory-block3-4-H,TestSharingMemory,,,
0,1547984,2228224,1661,4145152,82463,0,"{'Supported': True, 'Active': 0, 'Cached': 0, 'Registered': 0, 'PeakRegistered': 0, 'Capacity': 4096, 'ScanSpan': 0}",24156,released_2,23756800,"374308 5800 3005 1735 0 26079 0
",39285784,memory,H,review-memory-block3-4-H,TestSharingMemory,,,
0,207000,712704,791,5652480,82551,0,"{'Supported': True, 'Active': 0, 'Cached': 0, 'Registered': 0, 'PeakRegistered': 0, 'Capacity': 4096, 'ScanSpan': 0}",24156,runtime_released,22319104,"374308 5449 3020 1735 0 26079 0
",39292920,memory,H,review-memory-block3-4-H,TestSharingMemory,,,
0,363720,892928,1897,5521408,88327,0,,24156,initial,22454272,,39690160,memory,H,review-memory-block3-4-H,TestSharingMappedMemory,1032,0,0
0,361648,884736,1886,3448832,94210,0,,24292,compile_release_270,24915968,,48927328,memory,H,review-memory-block3-4-H,TestSharingMappedMemory,1032,0,0
134972,441712,999424,2010,5578752,95091,36,,24548,retained_0,23064576,,50172096,memory,H,review-memory-block3-4-H,TestSharingMappedMemory,1032,606208,262144
0,366320,901120,1905,5578752,95180,0,,24548,released_0,22806528,,50178496,memory,H,review-memory-block3-4-H,TestSharingMappedMemory,1032,0,0
134972,441712,999424,2010,5865472,96042,36,,24548,retained_1,22790144,,51416448,memory,H,review-memory-block3-4-H,TestSharingMappedMemory,1032,606208,262144
0,366320,901120,1905,5865472,96131,0,,24548,released_1,22528000,,51422848,memory,H,review-memory-block3-4-H,TestSharingMappedMemory,1032,0,0
134972,441712,999424,2010,5595136,96993,36,,24548,retained_2,23052288,,52660800,memory,H,review-memory-block3-4-H,TestSharingMappedMemory,1032,606208,262144
0,366320,901120,1905,5578752,97082,0,,24548,released_2,22806528,,52667200,memory,H,review-memory-block3-4-H,TestSharingMappedMemory,1032,0,0
0,278896,811008,753,6815744,5504,0,"{'Supported': True, 'Active': 0, 'Cached': 0, 'Registered': 0, 'PeakRegistered': 0, 'Capacity': 4096, 'ScanSpan': 0}",13484,initial,13029376,"411040 3181 2176 1733 0 30111 0
",494408,memory-auto,A,review-memory-auto-block1-1-A,TestSharingMemory,,,
0,569848,1351680,980,7282688,64291,0,"{'Supported': True, 'Active': 0, 'Cached': 0, 'Registered': 0, 'PeakRegistered': 0, 'Capacity': 4096, 'ScanSpan': 0}",21316,compile_release_270,21467136,"429673 5241 3035 1733 0 33416 0
",46339208,memory-auto,A,review-memory-auto-block1-1-A,TestSharingMemory,,,
167268,1532888,2392064,1815,6406144,72058,36,"{'Supported': True, 'Active': 0, 'Cached': 0, 'Registered': 0, 'PeakRegistered': 0, 'Capacity': 4096, 'ScanSpan': 0}",21428,retained_0,22196224,"429737 5419 3035 1733 0 33480 0
",52384800,memory-auto,A,review-memory-auto-block1-1-A,TestSharingMemory,,,
0,1528760,2367488,1780,8273920,72301,0,"{'Supported': True, 'Active': 0, 'Cached': 0, 'Registered': 0, 'PeakRegistered': 0, 'Capacity': 4096, 'ScanSpan': 0}",21428,released_0,20848640,"429737 5090 3035 1733 0 33480 0
",52401528,memory-auto,A,review-memory-auto-block1-1-A,TestSharingMemory,,,
167268,1531768,2301952,1812,7798784,80080,36,"{'Supported': True, 'Active': 0, 'Cached': 0, 'Registered': 0, 'PeakRegistered': 0, 'Capacity': 4096, 'ScanSpan': 0}",21428,retained_1,21372928,"429737 5218 3035 1733 0 33480 0
",58444120,memory-auto,A,review-memory-auto-block1-1-A,TestSharingMemory,,,
0,1528872,2301952,1781,8978432,80322,0,"{'Supported': True, 'Active': 0, 'Cached': 0, 'Registered': 0, 'PeakRegistered': 0, 'Capacity': 4096, 'ScanSpan': 0}",21428,released_1,20090880,"429737 4905 3035 1733 0 33480 0
",58460832,memory-auto,A,review-memory-auto-block1-1-A,TestSharingMemory,,,
167268,1532072,2383872,1815,6807552,88085,36,"{'Supported': True, 'Active': 0, 'Cached': 0, 'Registered': 0, 'PeakRegistered': 0, 'Capacity': 4096, 'ScanSpan': 0}",21428,retained_2,22089728,"429737 5393 3035 1733 0 33480 0
",64500384,memory-auto,A,review-memory-auto-block1-1-A,TestSharingMemory,,,
0,1529000,2359296,1783,7954432,88328,0,"{'Supported': True, 'Active': 0, 'Cached': 0, 'Registered': 0, 'PeakRegistered': 0, 'Capacity': 4096, 'ScanSpan': 0}",21428,released_2,21094400,"429737 5150 3035 1733 0 33480 0
",64517272,memory-auto,A,review-memory-auto-block1-1-A,TestSharingMemory,,,
0,319464,901120,915,9461760,88423,0,"{'Supported': True, 'Active': 0, 'Cached': 0, 'Registered': 0, 'PeakRegistered': 0, 'Capacity': 4096, 'ScanSpan': 0}",21428,runtime_released,19869696,"448170 4851 3065 1733 0 35561 0
",64531136,memory-auto,A,review-memory-auto-block1-1-A,TestSharingMemory,,,
0,476568,1081344,2021,9461760,94213,0,,21428,initial,19988480,,64932736,memory-auto,A,review-memory-auto-block1-1-A,TestSharingMappedMemory,1032,0,0
0,472976,1064960,2011,7315456,100527,0,,21496,compile_release_270,22114304,,84182504,memory-auto,A,review-memory-auto-block1-1-A,TestSharingMappedMemory,1032,0,0
167268,554192,1204224,2135,8216576,101464,36,,21496,retained_0,21606400,,86762968,memory-auto,A,review-memory-auto-block1-1-A,TestSharingMappedMemory,1032,606208,278528
0,478768,1105920,2028,8216576,101565,0,,21496,released_0,21331968,,86773200,memory-auto,A,review-memory-auto-block1-1-A,TestSharingMappedMemory,1032,0,0
167268,554192,1204224,2135,8282112,102495,36,,21496,retained_1,21659648,,89349528,memory-auto,A,review-memory-auto-block1-1-A,TestSharingMappedMemory,1032,606208,278528
0,478768,1105920,2028,8282112,102596,0,,21496,released_1,21381120,,89359760,memory-auto,A,review-memory-auto-block1-1-A,TestSharingMappedMemory,1032,0,0
167268,554192,1204224,2135,8151040,103526,36,,21496,retained_2,21270528,,91936088,memory-auto,A,review-memory-auto-block1-1-A,TestSharingMappedMemory,1032,606208,278528
0,478784,1105920,2029,8142848,103615,0,,21496,released_2,21000192,,91943640,memory-auto,A,review-memory-auto-block1-1-A,TestSharingMappedMemory,1032,0,0
0,278416,966656,750,6627328,5501,0,"{'Supported': True, 'Active': 0, 'Cached': 0, 'Registered': 0, 'PeakRegistered': 0, 'Capacity': 4096, 'ScanSpan': 0}",15740,initial,16261120,"411024 3970 2196 1733 0 30095 0
",493928,memory-auto,A,review-memory-auto-block1-6-A,TestSharingMemory,,,
0,573120,1425408,976,7438336,64243,0,"{'Supported': True, 'Active': 0, 'Cached': 0, 'Registered': 0, 'PeakRegistered': 0, 'Capacity': 4096, 'ScanSpan': 0}",21600,compile_release_270,21839872,"448170 5332 3021 1733 0 35561 0
",46320632,memory-auto,A,review-memory-auto-block1-6-A,TestSharingMemory,,,
167268,1540592,2490368,1820,7618560,72028,36,"{'Supported': True, 'Active': 0, 'Cached': 0, 'Registered': 0, 'PeakRegistered': 0, 'Capacity': 4096, 'ScanSpan': 0}",21600,retained_0,21565440,"448170 5265 3037 1733 0 35561 0
",52372616,memory-auto,A,review-memory-auto-block1-6-A,TestSharingMemory,,,
0,1537744,2473984,1792,9101312,72271,0,"{'Supported': True, 'Active': 0, 'Cached': 0, 'Registered': 0, 'PeakRegistered': 0, 'Capacity': 4096, 'ScanSpan': 0}",21600,released_0,20217856,"448170 4936 3037 1733 0 35561 0
",52389504,memory-auto,A,review-memory-auto-block1-6-A,TestSharingMemory,,,
167268,1542192,2342912,1827,7135232,80027,36,"{'Supported': True, 'Active': 0, 'Cached': 0, 'Registered': 0, 'PeakRegistered': 0, 'Capacity': 4096, 'ScanSpan': 0}",21600,retained_1,22011904,"448170 5374 3053 1733 0 35561 0
",58497488,memory-auto,A,review-memory-auto-block1-6-A,TestSharingMemory,,,
0,1539328,2342912,1798,8044544,80269,0,"{'Supported': True, 'Active': 0, 'Cached': 0, 'Registered': 0, 'PeakRegistered': 0, 'Capacity': 4096, 'ScanSpan': 0}",21600,released_1,21360640,"448170 5215 3053 1733 0 35561 0
",58514200,memory-auto,A,review-memory-auto-block1-6-A,TestSharingMemory,,,
167268,1543312,2514944,1832,7086080,88037,36,"{'Supported': True, 'Active': 0, 'Cached': 0, 'Registered': 0, 'PeakRegistered': 0, 'Capacity': 4096, 'ScanSpan': 0}",21600,retained_2,22253568,"448170 5433 3053 1733 0 35561 0
",64556352,memory-auto,A,review-memory-auto-block1-6-A,TestSharingMemory,,,
0,1539856,2490368,1796,7577600,88279,0,"{'Supported': True, 'Active': 0, 'Cached': 0, 'Registered': 0, 'PeakRegistered': 0, 'Capacity': 4096, 'ScanSpan': 0}",21600,released_2,21815296,"448170 5326 3053 1733 0 35561 0
",64573064,memory-auto,A,review-memory-auto-block1-6-A,TestSharingMemory,,,
0,324792,1032192,924,9216000,88367,0,"{'Supported': True, 'Active': 0, 'Cached': 0, 'Registered': 0, 'PeakRegistered': 0, 'Capacity': 4096, 'ScanSpan': 0}",21600,runtime_released,20340736,"448170 4966 3083 1733 0 35561 0
",64581352,memory-auto,A,review-memory-auto-block1-6-A,TestSharingMemory,,,
0,481896,1212416,2030,9125888,94157,0,,21600,initial,20586496,,64982952,memory-auto,A,review-memory-auto-block1-6-A,TestSharingMappedMemory,1032,0,0
0,478304,1187840,2020,7348224,100471,0,,22244,compile_release_270,22454272,,84232720,memory-auto,A,review-memory-auto-block1-6-A,TestSharingMappedMemory,1032,0,0
167268,559520,1310720,2144,7872512,101408,36,,22244,retained_0,22343680,,86813184,memory-auto,A,review-memory-auto-block1-6-A,TestSharingMappedMemory,1032,606208,278528
0,484112,1212416,2038,7872512,101497,0,,22244,released_0,22065152,,86820736,memory-auto,A,review-memory-auto-block1-6-A,TestSharingMappedMemory,1032,0,0
167268,559520,1310720,2144,8208384,102427,36,,22244,retained_1,21696512,,89397064,memory-auto,A,review-memory-auto-block1-6-A,TestSharingMappedMemory,1032,606208,278528
0,484096,1212416,2037,8208384,102528,0,,22244,released_1,21417984,,89407296,memory-auto,A,review-memory-auto-block1-6-A,TestSharingMappedMemory,1032,0,0
167268,559520,1310720,2144,8200192,103458,36,,22244,retained_2,22028288,,91983624,memory-auto,A,review-memory-auto-block1-6-A,TestSharingMappedMemory,1032,606208,278528
0,484096,1212416,2037,8200192,103559,0,,22244,released_2,21749760,,91993856,memory-auto,A,review-memory-auto-block1-6-A,TestSharingMappedMemory,1032,0,0
0,278096,811008,748,2654208,5499,0,"{'Supported': True, 'Active': 0, 'Cached': 0, 'Registered': 0, 'PeakRegistered': 0, 'Capacity': 4096, 'ScanSpan': 0}",13616,initial,14393344,"411088 3514 2244 1733 0 29135 0
",493608,memory-auto,A,review-memory-auto-block2-1-A,TestSharingMemory,,,
0,569416,1368064,973,3522560,64334,0,"{'Supported': True, 'Active': 0, 'Cached': 0, 'Registered': 0, 'PeakRegistered': 0, 'Capacity': 4096, 'ScanSpan': 0}",21716,compile_release_270,22040576,"429673 5381 3069 1733 0 32392 0
",46068664,memory-auto,A,review-memory-auto-block2-1-A,TestSharingMemory,,,
167268,1526008,2260992,1791,3325952,72127,36,"{'Supported': True, 'Active': 0, 'Cached': 0, 'Registered': 0, 'PeakRegistered': 0, 'Capacity': 4096, 'ScanSpan': 0}",21716,retained_0,22286336,"429673 5441 3069 1733 0 32392 0
",52111800,memory-auto,A,review-memory-auto-block2-1-A,TestSharingMemory,,,
0,1523160,2252800,1763,4636672,72370,0,"{'Supported': True, 'Active': 0, 'Cached': 0, 'Registered': 0, 'PeakRegistered': 0, 'Capacity': 4096, 'ScanSpan': 0}",21716,released_0,21012480,"429673 5130 3069 1733 0 32392 0
",52128688,memory-auto,A,review-memory-auto-block2-1-A,TestSharingMemory,,,
167268,1526488,2400256,1793,3563520,80168,36,"{'Supported': True, 'Active': 0, 'Cached': 0, 'Registered': 0, 'PeakRegistered': 0, 'Capacity': 4096, 'ScanSpan': 0}",21716,retained_1,22016000,"429673 5375 3069 1733 0 32392 0
",58172608,memory-auto,A,review-memory-auto-block2-1-A,TestSharingMemory,,,
0,1523464,2375680,1764,5070848,80411,0,"{'Supported': True, 'Active': 0, 'Cached': 0, 'Registered': 0, 'PeakRegistered': 0, 'Capacity': 4096, 'ScanSpan': 0}",21716,released_1,20557824,"429673 5019 3069 1733 0 32392 0
",58189336,memory-auto,A,review-memory-auto-block2-1-A,TestSharingMemory,,,
167268,1526424,2351104,1793,3588096,88210,36,"{'Supported': True, 'Active': 0, 'Cached': 0, 'Registered': 0, 'PeakRegistered': 0, 'Capacity': 4096, 'ScanSpan': 0}",21716,retained_2,22056960,"429673 5385 3069 1733 0 32392 0
",64233512,memory-auto,A,review-memory-auto-block2-1-A,TestSharingMemory,,,
0,1523576,2326528,1765,5292032,88452,0,"{'Supported': True, 'Active': 0, 'Cached': 0, 'Registered': 0, 'PeakRegistered': 0, 'Capacity': 4096, 'ScanSpan': 0}",21716,released_2,20381696,"429673 4976 3069 1733 0 32392 0
",64250224,memory-auto,A,review-memory-auto-block2-1-A,TestSharingMemory,,,
0,308496,892928,892,5357568,88540,0,"{'Supported': True, 'Active': 0, 'Cached': 0, 'Registered': 0, 'PeakRegistered': 0, 'Capacity': 4096, 'ScanSpan': 0}",21716,runtime_released,20439040,"429673 4990 3099 1733 0 32392 0
",64258512,memory-auto,A,review-memory-auto-block2-1-A,TestSharingMemory,,,
0,465600,1064960,1998,5177344,94330,0,,21716,initial,20733952,,64660112,memory-auto,A,review-memory-auto-block2-1-A,TestSharingMappedMemory,1032,0,0
0,462008,1040384,1988,3391488,100644,0,,22060,compile_release_270,22695936,,83909896,memory-auto,A,review-memory-auto-block2-1-A,TestSharingMappedMemory,1032,0,0
167268,543224,1179648,2112,4202496,101581,36,,22060,retained_0,22069248,,86490360,memory-auto,A,review-memory-auto-block2-1-A,TestSharingMappedMemory,1032,606208,278528
0,467816,1081344,2006,4194304,101670,0,,22060,released_0,21803008,,86497912,memory-auto,A,review-memory-auto-block2-1-A,TestSharingMappedMemory,1032,0,0
167268,543224,1179648,2112,4194304,102600,36,,22060,retained_1,22196224,,89074240,memory-auto,A,review-memory-auto-block2-1-A,TestSharingMappedMemory,1032,606208,278528
0,467800,1081344,2005,4186112,102701,0,,22060,released_1,21925888,,89084472,memory-auto,A,review-memory-auto-block2-1-A,TestSharingMappedMemory,1032,0,0
167268,543208,1179648,2111,4235264,103619,36,,22060,retained_2,21422080,,91658120,memory-auto,A,review-memory-auto-block2-1-A,TestSharingMappedMemory,1032,606208,278528
0,467800,1081344,2005,4227072,103708,0,,22060,released_2,21155840,,91665672,memory-auto,A,review-memory-auto-block2-1-A,TestSharingMappedMemory,1032,0,0
0,278736,933888,752,6660096,5503,0,"{'Supported': True, 'Active': 0, 'Cached': 0, 'Registered': 0, 'PeakRegistered': 0, 'Capacity': 4096, 'ScanSpan': 0}",13648,initial,13168640,"411024 3215 2291 1733 0 30095 0
",494248,memory-auto,A,review-memory-auto-block2-6-A,TestSharingMemory,,,
0,567016,1507328,972,6553600,64295,0,"{'Supported': True, 'Active': 0, 'Cached': 0, 'Registered': 0, 'PeakRegistered': 0, 'Capacity': 4096, 'ScanSpan': 0}",20828,compile_release_270,21622784,"429737 5279 3023 1733 0 33480 0
",46182168,memory-auto,A,review-memory-auto-block2-6-A,TestSharingMemory,,,
167268,1525448,2383872,1795,7462912,72057,36,"{'Supported': True, 'Active': 0, 'Cached': 0, 'Registered': 0, 'PeakRegistered': 0, 'Capacity': 4096, 'ScanSpan': 0}",20956,retained_0,20910080,"429737 5105 3023 1733 0 33480 0
",52276680,memory-auto,A,review-memory-auto-block2-6-A,TestSharingMemory,,,
0,1522568,2359296,1765,8380416,72300,0,"{'Supported': True, 'Active': 0, 'Cached': 0, 'Registered': 0, 'PeakRegistered': 0, 'Capacity': 4096, 'ScanSpan': 0}",20956,released_0,20074496,"429737 4901 3023 1733 0 33480 0
",52293568,memory-auto,A,review-memory-auto-block2-6-A,TestSharingMemory,,,
167268,1525448,2441216,1795,7782400,80068,36,"{'Supported': True, 'Active': 0, 'Cached': 0, 'Registered': 0, 'PeakRegistered': 0, 'Capacity': 4096, 'ScanSpan': 0}",20956,retained_1,20656128,"429737 5043 3023 1733 0 33480 0
",58335536,memory-auto,A,review-memory-auto-block2-6-A,TestSharingMemory,,,
0,1522600,2424832,1767,9224192,80311,0,"{'Supported': True, 'Active': 0, 'Cached': 0, 'Registered': 0, 'PeakRegistered': 0, 'Capacity': 4096, 'ScanSpan': 0}",20956,released_1,19214336,"429737 4691 3023 1733 0 33480 0
",58352424,memory-auto,A,review-memory-auto-block2-6-A,TestSharingMemory,,,
167268,1532280,2457600,1811,7110656,88071,36,"{'Supported': True, 'Active': 0, 'Cached': 0, 'Registered': 0, 'PeakRegistered': 0, 'Capacity': 4096, 'ScanSpan': 0}",20956,retained_2,21229568,"429737 5183 3023 1733 0 33480 0
",64415528,memory-auto,A,review-memory-auto-block2-6-A,TestSharingMemory,,,
0,1528328,2424832,1777,8159232,88311,0,"{'Supported': True, 'Active': 0, 'Cached': 0, 'Registered': 0, 'PeakRegistered': 0, 'Capacity': 4096, 'ScanSpan': 0}",20956,released_2,20320256,"429737 4961 3023 1733 0 33480 0
",64431152,memory-auto,A,review-memory-auto-block2-6-A,TestSharingMemory,,,
0,313232,999424,903,9338880,88399,0,"{'Supported': True, 'Active': 0, 'Cached': 0, 'Registered': 0, 'PeakRegistered': 0, 'Capacity': 4096, 'ScanSpan': 0}",20956,runtime_released,19288064,"429737 4709 3053 1733 0 33480 0
",64439440,memory-auto,A,review-memory-auto-block2-6-A,TestSharingMemory,,,
0,470336,1179648,2009,9371648,94175,0,,20956,initial,19374080,,64838216,memory-auto,A,review-memory-auto-block2-6-A,TestSharingMappedMemory,1032,0,0
0,466744,1163264,1999,7872512,100489,0,,20956,compile_release_270,21078016,,84087968,memory-auto,A,review-memory-auto-block2-6-A,TestSharingMappedMemory,1032,0,0
167268,547960,1286144,2123,8019968,101426,36,,20956,retained_0,21217280,,86668432,memory-auto,A,review-memory-auto-block2-6-A,TestSharingMappedMemory,1032,606208,278528
0,472536,1187840,2016,8019968,101527,0,,20956,released_0,20938752,,86678664,memory-auto,A,review-memory-auto-block2-6-A,TestSharingMappedMemory,1032,0,0
167268,547960,1286144,2123,8183808,102457,36,,20956,retained_1,20619264,,89254992,memory-auto,A,review-memory-auto-block2-6-A,TestSharingMappedMemory,1032,606208,278528
0,472552,1187840,2017,8175616,102546,0,,20956,released_1,20353024,,89262544,memory-auto,A,review-memory-auto-block2-6-A,TestSharingMappedMemory,1032,0,0
167268,547960,1286144,2123,8249344,103476,36,,20956,retained_2,20668416,,91838872,memory-auto,A,review-memory-auto-block2-6-A,TestSharingMappedMemory,1032,606208,278528
0,472536,1187840,2016,8241152,103577,0,,20956,released_2,20398080,,91849104,memory-auto,A,review-memory-auto-block2-6-A,TestSharingMappedMemory,1032,0,0
0,278416,933888,750,6660096,5501,0,"{'Supported': True, 'Active': 0, 'Cached': 0, 'Registered': 0, 'PeakRegistered': 0, 'Capacity': 4096, 'ScanSpan': 0}",13928,initial,14295040,"411024 3490 2228 1733 0 30095 0
",493928,memory-auto,A,review-memory-auto-block3-1-A,TestSharingMemory,,,
0,573288,1425408,990,7806976,64278,0,"{'Supported': True, 'Active': 0, 'Cached': 0, 'Registered': 0, 'PeakRegistered': 0, 'Capacity': 4096, 'ScanSpan': 0}",21692,compile_release_270,21315584,"429737 5204 3007 1733 0 33480 0
",46306128,memory-auto,A,review-memory-auto-block3-1-A,TestSharingMemory,,,
167268,1527608,2424832,1801,7634944,72064,36,"{'Supported': True, 'Active': 0, 'Cached': 0, 'Registered': 0, 'PeakRegistered': 0, 'Capacity': 4096, 'ScanSpan': 0}",21692,retained_0,21528576,"429737 5256 3052 1733 0 33480 0
",52363728,memory-auto,A,review-memory-auto-block3-1-A,TestSharingMemory,,,
0,1524536,2400256,1769,8290304,72307,0,"{'Supported': True, 'Active': 0, 'Cached': 0, 'Registered': 0, 'PeakRegistered': 0, 'Capacity': 4096, 'ScanSpan': 0}",21692,released_0,21004288,"429737 5128 3052 1733 0 33480 0
",52380616,memory-auto,A,review-memory-auto-block3-1-A,TestSharingMemory,,,
167268,1533768,2473984,1814,7053312,80090,36,"{'Supported': True, 'Active': 0, 'Cached': 0, 'Registered': 0, 'PeakRegistered': 0, 'Capacity': 4096, 'ScanSpan': 0}",21692,retained_1,22204416,"429737 5421 3052 1733 0 33480 0
",58427616,memory-auto,A,review-memory-auto-block3-1-A,TestSharingMemory,,,
0,1529816,2441216,1780,8159232,80332,0,"{'Supported': True, 'Active': 0, 'Cached': 0, 'Registered': 0, 'PeakRegistered': 0, 'Capacity': 4096, 'ScanSpan': 0}",21692,released_1,21221376,"429737 5181 3052 1733 0 33480 0
",58444328,memory-auto,A,review-memory-auto-block3-1-A,TestSharingMemory,,,
167268,1538496,2490368,1821,7184384,88082,36,"{'Supported': True, 'Active': 0, 'Cached': 0, 'Registered': 0, 'PeakRegistered': 0, 'Capacity': 4096, 'ScanSpan': 0}",21692,retained_2,22048768,"448170 5383 3052 1733 0 35561 0
",64591744,memory-auto,A,review-memory-auto-block3-1-A,TestSharingMemory,,,
0,1535408,2482176,1788,7643136,88325,0,"{'Supported': True, 'Active': 0, 'Cached': 0, 'Registered': 0, 'PeakRegistered': 0, 'Capacity': 4096, 'ScanSpan': 0}",21692,released_2,21798912,"448170 5322 3052 1733 0 35561 0
",64608632,memory-auto,A,review-memory-auto-block3-1-A,TestSharingMemory,,,
0,320312,999424,914,9281536,88427,0,"{'Supported': True, 'Active': 0, 'Cached': 0, 'Registered': 0, 'PeakRegistered': 0, 'Capacity': 4096, 'ScanSpan': 0}",21692,runtime_released,20303872,"448170 4957 3082 1733 0 35561 0
",64619744,memory-auto,A,review-memory-auto-block3-1-A,TestSharingMemory,,,
0,477416,1171456,2020,9322496,94203,0,,21692,initial,20324352,,65018520,memory-auto,A,review-memory-auto-block3-1-A,TestSharingMappedMemory,1032,0,0
0,473824,1155072,2010,7725056,100517,0,,21708,compile_release_270,21970944,,84268272,memory-auto,A,review-memory-auto-block3-1-A,TestSharingMappedMemory,1032,0,0
167268,555040,1277952,2134,8282112,101454,36,,21708,retained_0,21581824,,86848736,memory-auto,A,review-memory-auto-block3-1-A,TestSharingMappedMemory,1032,606208,278528
0,479616,1179648,2027,8282112,101555,0,,21708,released_0,21311488,,86858968,memory-auto,A,review-memory-auto-block3-1-A,TestSharingMappedMemory,1032,0,0
167268,555024,1277952,2133,8282112,102473,36,,21708,retained_1,21807104,,89432616,memory-auto,A,review-memory-auto-block3-1-A,TestSharingMappedMemory,1032,606208,278528
0,479616,1179648,2027,8282112,102574,0,,21708,released_1,21528576,,89442848,memory-auto,A,review-memory-auto-block3-1-A,TestSharingMappedMemory,1032,0,0
167268,555040,1277952,2134,8290304,103504,36,,21708,retained_2,21057536,,92019176,memory-auto,A,review-memory-auto-block3-1-A,TestSharingMappedMemory,1032,606208,278528
0,479632,1179648,2028,8290304,103593,0,,21708,released_2,20779008,,92026728,memory-auto,A,review-memory-auto-block3-1-A,TestSharingMappedMemory,1032,0,0
0,278416,811008,750,6848512,5501,0,"{'Supported': True, 'Active': 0, 'Cached': 0, 'Registered': 0, 'PeakRegistered': 0, 'Capacity': 4096, 'ScanSpan': 0}",13564,initial,12914688,"411040 3153 2237 1733 0 30111 0
",493928,memory-auto,A,review-memory-auto-block3-6-A,TestSharingMemory,,,
0,448800,1122304,943,7544832,64221,0,"{'Supported': True, 'Active': 0, 'Cached': 0, 'Registered': 0, 'PeakRegistered': 0, 'Capacity': 4096, 'ScanSpan': 0}",20768,compile_release_270,21299200,"464508 5200 3048 1733 0 35515 0
",46408776,memory-auto,A,review-memory-auto-block3-6-A,TestSharingMemory,,,
167268,1526464,2359296,1790,7667712,71959,36,"{'Supported': True, 'Active': 0, 'Cached': 0, 'Registered': 0, 'PeakRegistered': 0, 'Capacity': 4096, 'ScanSpan': 0}",20768,retained_0,21065728,"464508 5143 3048 1733 0 35515 0
",52589752,memory-auto,A,review-memory-auto-block3-6-A,TestSharingMemory,,,
0,1523616,2351104,1762,9371648,72202,0,"{'Supported': True, 'Active': 0, 'Cached': 0, 'Registered': 0, 'PeakRegistered': 0, 'Capacity': 4096, 'ScanSpan': 0}",20768,released_0,19406848,"464508 4738 3048 1733 0 35515 0
",52606640,memory-auto,A,review-memory-auto-block3-6-A,TestSharingMemory,,,
167268,1529600,2277376,1795,7258112,79966,36,"{'Supported': True, 'Active': 0, 'Cached': 0, 'Registered': 0, 'PeakRegistered': 0, 'Capacity': 4096, 'ScanSpan': 0}",20768,retained_1,21549056,"464508 5261 3048 1733 0 35515 0
",58735944,memory-auto,A,review-memory-auto-block3-6-A,TestSharingMemory,,,
0,1526864,2260992,1768,8896512,80209,0,"{'Supported': True, 'Active': 0, 'Cached': 0, 'Registered': 0, 'PeakRegistered': 0, 'Capacity': 4096, 'ScanSpan': 0}",20768,released_1,19988480,"464508 4880 3048 1733 0 35515 0
",58752768,memory-auto,A,review-memory-auto-block3-6-A,TestSharingMemory,,,
167268,1535568,2236416,1815,7397376,87995,36,"{'Supported': True, 'Active': 0, 'Cached': 0, 'Registered': 0, 'PeakRegistered': 0, 'Capacity': 4096, 'ScanSpan': 0}",20768,retained_2,21413888,"464572 5228 3048 1733 0 35579 0
",64800088,memory-auto,A,review-memory-auto-block3-6-A,TestSharingMemory,,,
0,1532592,2220032,1783,8445952,88238,0,"{'Supported': True, 'Active': 0, 'Cached': 0, 'Registered': 0, 'PeakRegistered': 0, 'Capacity': 4096, 'ScanSpan': 0}",20768,released_2,20480000,"464572 5000 3048 1733 0 35579 0
",64816912,memory-auto,A,review-memory-auto-block3-6-A,TestSharingMemory,,,
0,317608,892928,910,9625600,88341,0,"{'Supported': True, 'Active': 0, 'Cached': 0, 'Registered': 0, 'PeakRegistered': 0, 'Capacity': 4096, 'ScanSpan': 0}",20768,runtime_released,19439616,"464572 4746 3078 1733 0 35579 0
",64828136,memory-auto,A,review-memory-auto-block3-6-A,TestSharingMemory,,,
0,474712,1073152,2016,9650176,94131,0,,20768,initial,19537920,,65229736,memory-auto,A,review-memory-auto-block3-6-A,TestSharingMappedMemory,1032,0,0
0,471120,1048576,2006,7995392,100445,0,,21196,compile_release_270,21356544,,84479488,memory-auto,A,review-memory-auto-block3-6-A,TestSharingMappedMemory,1032,0,0
167268,552336,1187840,2130,8380416,101382,36,,21196,retained_0,20807680,,87059952,memory-auto,A,review-memory-auto-block3-6-A,TestSharingMappedMemory,1032,606208,278528
0,476928,1089536,2024,8372224,101471,0,,21196,released_0,20545536,,87067504,memory-auto,A,review-memory-auto-block3-6-A,TestSharingMappedMemory,1032,0,0
167268,552336,1187840,2130,8372224,102401,36,,21196,retained_1,21266432,,89643832,memory-auto,A,review-memory-auto-block3-6-A,TestSharingMappedMemory,1032,606208,278528
0,476912,1089536,2023,8372224,102502,0,,21196,released_1,20987904,,89654064,memory-auto,A,review-memory-auto-block3-6-A,TestSharingMappedMemory,1032,0,0
167268,552336,1187840,2130,8364032,103432,36,,21196,retained_2,21278720,,92230392,memory-auto,A,review-memory-auto-block3-6-A,TestSharingMappedMemory,1032,606208,278528
0,476928,1089536,2024,8364032,103521,0,,21196,released_2,21000192,,92237944,memory-auto,A,review-memory-auto-block3-6-A,TestSharingMappedMemory,1032,0,0
0,278432,933888,751,6660096,5502,0,"{'Supported': True, 'Active': 0, 'Cached': 0, 'Registered': 0, 'PeakRegistered': 0, 'Capacity': 4096, 'ScanSpan': 0}",13460,initial,12910592,"411100 3152 2329 1739 0 30159 0
",493944,memory-auto,G,review-memory-auto-block1-2-G,TestSharingMemory,,,
0,579368,1515520,999,7340032,63776,0,"{'Supported': True, 'Active': 0, 'Cached': 0, 'Registered': 0, 'PeakRegistered': 0, 'Capacity': 4096, 'ScanSpan': 0}",20408,compile_release_270,20787200,"429765 5075 3049 1739 0 33496 0
",35034840,memory-auto,G,review-memory-auto-block1-2-G,TestSharingMemory,,,
163296,1530904,2588672,1817,7553024,71469,36,"{'Supported': True, 'Active': 0, 'Cached': 0, 'Registered': 0, 'PeakRegistered': 0, 'Capacity': 4096, 'ScanSpan': 0}",20444,retained_0,20500480,"429765 5005 3065 1739 0 33496 0
",39600896,memory-auto,G,review-memory-auto-block1-2-G,TestSharingMemory,,,
0,1527816,2564096,1784,8077312,71711,0,"{'Supported': True, 'Active': 0, 'Cached': 0, 'Registered': 0, 'PeakRegistered': 0, 'Capacity': 4096, 'ScanSpan': 0}",20444,released_0,20045824,"429765 4894 3065 1739 0 33496 0
",39617608,memory-auto,G,review-memory-auto-block1-2-G,TestSharingMemory,,,
163296,1531864,2400256,1819,8003584,79394,36,"{'Supported': True, 'Active': 0, 'Cached': 0, 'Registered': 0, 'PeakRegistered': 0, 'Capacity': 4096, 'ScanSpan': 0}",20444,retained_1,20135936,"429765 4916 3080 1739 0 33496 0
",44246464,memory-auto,G,review-memory-auto-block1-2-G,TestSharingMemory,,,
0,1528808,2392064,1788,8781824,79637,0,"{'Supported': True, 'Active': 0, 'Cached': 0, 'Registered': 0, 'PeakRegistered': 0, 'Capacity': 4096, 'ScanSpan': 0}",20444,released_1,19505152,"429765 4762 3080 1739 0 33496 0
",44263352,memory-auto,G,review-memory-auto-block1-2-G,TestSharingMemory,,,
163296,1532056,2424832,1819,7757824,87327,36,"{'Supported': True, 'Active': 0, 'Cached': 0, 'Registered': 0, 'PeakRegistered': 0, 'Capacity': 4096, 'ScanSpan': 0}",20444,retained_2,20459520,"429829 4995 3080 1739 0 33560 0
",48848528,memory-auto,G,review-memory-auto-block1-2-G,TestSharingMemory,,,
0,1534560,2416640,1794,8806400,87576,0,"{'Supported': True, 'Active': 0, 'Cached': 0, 'Registered': 0, 'PeakRegistered': 0, 'Capacity': 4096, 'ScanSpan': 0}",20444,released_2,19435520,"448262 4745 3080 1739 0 35641 0
",48870816,memory-auto,G,review-memory-auto-block1-2-G,TestSharingMemory,,,
0,324648,1032192,924,9396224,87678,0,"{'Supported': True, 'Active': 0, 'Cached': 0, 'Registered': 0, 'PeakRegistered': 0, 'Capacity': 4096, 'ScanSpan': 0}",20444,runtime_released,19054592,"448262 4652 3110 1739 0 35641 0
",48881928,memory-auto,G,review-memory-auto-block1-2-G,TestSharingMemory,,,
0,481752,1204224,2030,9355264,93468,0,,20444,initial,19177472,,49283528,memory-auto,G,review-memory-auto-block1-2-G,TestSharingMappedMemory,1032,0,0
0,478272,1179648,2021,7127040,99543,0,,21492,compile_release_270,21499904,,58571904,memory-auto,G,review-memory-auto-block1-2-G,TestSharingMappedMemory,1032,0,0
163296,559472,1294336,2144,7454720,100448,36,,21492,retained_0,21463040,,59824160,memory-auto,G,review-memory-auto-block1-2-G,TestSharingMappedMemory,1032,606208,278528
0,484080,1204224,2039,9224192,100537,0,,21492,released_0,19234816,,59831712,memory-auto,G,review-memory-auto-block1-2-G,TestSharingMappedMemory,1032,0,0
163296,559472,1294336,2144,9510912,101435,36,,21492,retained_1,19386368,,61079832,memory-auto,G,review-memory-auto-block1-2-G,TestSharingMappedMemory,1032,606208,278528
0,484064,1204224,2038,9502720,101536,0,,21492,released_1,19116032,,61090064,memory-auto,G,review-memory-auto-block1-2-G,TestSharingMappedMemory,1032,0,0
163296,559472,1294336,2144,9543680,102434,36,,21492,retained_2,19353600,,62338184,memory-auto,G,review-memory-auto-block1-2-G,TestSharingMappedMemory,1032,606208,278528
0,484064,1204224,2038,9543680,102535,0,,21492,released_2,19079168,,62348416,memory-auto,G,review-memory-auto-block1-2-G,TestSharingMappedMemory,1032,0,0
0,278752,933888,753,2465792,5504,0,"{'Supported': True, 'Active': 0, 'Cached': 0, 'Registered': 0, 'PeakRegistered': 0, 'Capacity': 4096, 'ScanSpan': 0}",13612,initial,13369344,"411100 3264 2321 1739 0 29135 0
",494264,memory-auto,G,review-memory-auto-block1-5-G,TestSharingMemory,,,
0,571592,1343488,981,3776512,63800,0,"{'Supported': True, 'Active': 0, 'Cached': 0, 'Registered': 0, 'PeakRegistered': 0, 'Capacity': 4096, 'ScanSpan': 0}",19740,compile_release_270,19345408,"429685 4723 3088 1739 0 32392 0
",34750984,memory-auto,G,review-memory-auto-block1-5-G,TestSharingMemory,,,
163296,1526200,2383872,1807,2973696,71483,36,"{'Supported': True, 'Active': 0, 'Cached': 0, 'Registered': 0, 'PeakRegistered': 0, 'Capacity': 4096, 'ScanSpan': 0}",19740,retained_0,19959808,"429685 4873 3088 1739 0 32392 0
",39310784,memory-auto,G,review-memory-auto-block1-5-G,TestSharingMemory,,,
0,1523112,2367488,1774,4055040,71726,0,"{'Supported': True, 'Active': 0, 'Cached': 0, 'Registered': 0, 'PeakRegistered': 0, 'Capacity': 4096, 'ScanSpan': 0}",19740,released_0,19066880,"429685 4655 3088 1739 0 32392 0
",39327672,memory-auto,G,review-memory-auto-block1-5-G,TestSharingMemory,,,
163296,1528264,2424832,1814,3538944,79429,36,"{'Supported': True, 'Active': 0, 'Cached': 0, 'Registered': 0, 'PeakRegistered': 0, 'Capacity': 4096, 'ScanSpan': 0}",19740,retained_1,19537920,"429685 4770 3088 1739 0 32392 0
",43852816,memory-auto,G,review-memory-auto-block1-5-G,TestSharingMemory,,,
0,1525192,2416640,1782,4587520,79671,0,"{'Supported': True, 'Active': 0, 'Cached': 0, 'Registered': 0, 'PeakRegistered': 0, 'Capacity': 4096, 'ScanSpan': 0}",19740,released_1,18546688,"429685 4528 3088 1739 0 32392 0
",43869528,memory-auto,G,review-memory-auto-block1-5-G,TestSharingMemory,,,
163296,1528136,2375680,1810,3571712,87345,36,"{'Supported': True, 'Active': 0, 'Cached': 0, 'Registered': 0, 'PeakRegistered': 0, 'Capacity': 4096, 'ScanSpan': 0}",19740,retained_2,19480576,"429685 4756 3088 1739 0 32392 0
",48565152,memory-auto,G,review-memory-auto-block1-5-G,TestSharingMemory,,,
0,1525288,2367488,1782,5144576,87587,0,"{'Supported': True, 'Active': 0, 'Cached': 0, 'Registered': 0, 'PeakRegistered': 0, 'Capacity': 4096, 'ScanSpan': 0}",19740,released_2,18022400,"429685 4400 3088 1739 0 32392 0
",48581864,memory-auto,G,review-memory-auto-block1-5-G,TestSharingMemory,,,
0,315344,999424,910,5242880,87675,0,"{'Supported': True, 'Active': 0, 'Cached': 0, 'Registered': 0, 'PeakRegistered': 0, 'Capacity': 4096, 'ScanSpan': 0}",19740,runtime_released,18046976,"429685 4406 3118 1739 0 32392 0
",48590152,memory-auto,G,review-memory-auto-block1-5-G,TestSharingMemory,,,
0,472448,1163264,2016,6258688,93451,0,,19740,initial,17072128,,48988928,memory-auto,G,review-memory-auto-block1-5-G,TestSharingMappedMemory,1032,0,0
0,468856,1146880,2006,3391488,99525,0,,19740,compile_release_270,20054016,,58277192,memory-auto,G,review-memory-auto-block1-5-G,TestSharingMappedMemory,1032,0,0
163296,550056,1261568,2129,4767744,100430,36,,19740,retained_0,18972672,,59529448,memory-auto,G,review-memory-auto-block1-5-G,TestSharingMappedMemory,1032,606208,278528
0,474648,1171456,2023,5292032,100531,0,,19740,released_0,18173952,,59539680,memory-auto,G,review-memory-auto-block1-5-G,TestSharingMappedMemory,1032,0,0
163296,550056,1261568,2129,5373952,101429,36,,19740,retained_1,18358272,,60787800,memory-auto,G,review-memory-auto-block1-5-G,TestSharingMappedMemory,1032,606208,278528
0,474664,1171456,2024,5373952,101518,0,,19740,released_1,18083840,,60795352,memory-auto,G,review-memory-auto-block1-5-G,TestSharingMappedMemory,1032,0,0
163296,550056,1261568,2129,5398528,102416,36,,19740,retained_2,18341888,,62043472,memory-auto,G,review-memory-auto-block1-5-G,TestSharingMappedMemory,1032,606208,278528
0,474648,1171456,2023,5365760,102517,0,,19740,released_2,18096128,,62053704,memory-auto,G,review-memory-auto-block1-5-G,TestSharingMappedMemory,1032,0,0
0,279232,811008,756,2654208,5507,0,"{'Supported': True, 'Active': 0, 'Cached': 0, 'Registered': 0, 'PeakRegistered': 0, 'Capacity': 4096, 'ScanSpan': 0}",15840,initial,16551936,"411100 4041 2264 1739 0 29135 0
",494744,memory-auto,G,review-memory-auto-block2-2-G,TestSharingMemory,,,
0,754256,1613824,1174,3416064,63871,0,"{'Supported': True, 'Active': 0, 'Cached': 0, 'Registered': 0, 'PeakRegistered': 0, 'Capacity': 4096, 'ScanSpan': 0}",24304,compile_release_270,24604672,"448182 6007 3015 1739 0 34537 0
",34924280,memory-auto,G,review-memory-auto-block2-2-G,TestSharingMemory,,,
163296,1527968,2408448,1812,3342336,71562,36,"{'Supported': True, 'Active': 0, 'Cached': 0, 'Registered': 0, 'PeakRegistered': 0, 'Capacity': 4096, 'ScanSpan': 0}",24304,retained_0,23625728,"448182 5768 3015 1739 0 34537 0
",39579232,memory-auto,G,review-memory-auto-block2-2-G,TestSharingMemory,,,
0,1524896,2400256,1780,3932160,71806,0,"{'Supported': True, 'Active': 0, 'Cached': 0, 'Registered': 0, 'PeakRegistered': 0, 'Capacity': 4096, 'ScanSpan': 0}",24304,released_0,23035904,"448182 5624 3015 1739 0 34537 0
",39596136,memory-auto,G,review-memory-auto-block2-2-G,TestSharingMemory,,,
163296,1534064,2375680,1820,3497984,79506,36,"{'Supported': True, 'Active': 0, 'Cached': 0, 'Registered': 0, 'PeakRegistered': 0, 'Capacity': 4096, 'ScanSpan': 0}",24304,retained_1,23470080,"448182 5730 3015 1739 0 34537 0
",44106760,memory-auto,G,review-memory-auto-block2-2-G,TestSharingMemory,,,
0,1531216,2342912,1792,4874240,79749,0,"{'Supported': True, 'Active': 0, 'Cached': 0, 'Registered': 0, 'PeakRegistered': 0, 'Capacity': 4096, 'ScanSpan': 0}",24304,released_1,22142976,"448182 5406 3015 1739 0 34537 0
",44123648,memory-auto,G,review-memory-auto-block2-2-G,TestSharingMemory,,,
163296,1535264,2318336,1825,3457024,87442,36,"{'Supported': True, 'Active': 0, 'Cached': 0, 'Registered': 0, 'PeakRegistered': 0, 'Capacity': 4096, 'ScanSpan': 0}",24304,retained_2,23515136,"448182 5741 3015 1739 0 34537 0
",48753432,memory-auto,G,review-memory-auto-block2-2-G,TestSharingMemory,,,
0,1532384,2301952,1795,4374528,87685,0,"{'Supported': True, 'Active': 0, 'Cached': 0, 'Registered': 0, 'PeakRegistered': 0, 'Capacity': 4096, 'ScanSpan': 0}",24304,released_2,22650880,"448182 5530 3015 1739 0 34537 0
",48770320,memory-auto,G,review-memory-auto-block2-2-G,TestSharingMemory,,,
0,322472,901120,925,5226496,87773,0,"{'Supported': True, 'Active': 0, 'Cached': 0, 'Registered': 0, 'PeakRegistered': 0, 'Capacity': 4096, 'ScanSpan': 0}",24304,runtime_released,21921792,"448182 5352 3045 1739 0 34537 0
",48778608,memory-auto,G,review-memory-auto-block2-2-G,TestSharingMemory,,,
0,479576,1081344,2031,5013504,93549,0,,24304,initial,22142976,,49177384,memory-auto,G,review-memory-auto-block2-2-G,TestSharingMappedMemory,1032,0,0
0,476096,1056768,2022,3342336,99613,0,,24304,compile_release_270,23953408,,58463416,memory-auto,G,review-memory-auto-block2-2-G,TestSharingMappedMemory,1032,0,0
163296,557296,1171456,2145,5398528,100518,36,,24304,retained_0,22167552,,59715672,memory-auto,G,review-memory-auto-block2-2-G,TestSharingMappedMemory,1032,606208,278528
0,481888,1081344,2039,5398528,100619,0,,24304,released_0,21893120,,59725904,memory-auto,G,review-memory-auto-block2-2-G,TestSharingMappedMemory,1032,0,0
163296,557280,1171456,2144,5423104,101505,36,,24304,retained_1,22147072,,60971344,memory-auto,G,review-memory-auto-block2-2-G,TestSharingMappedMemory,1032,606208,278528
0,481888,1081344,2039,5414912,101594,0,,24304,released_1,21876736,,60978896,memory-auto,G,review-memory-auto-block2-2-G,TestSharingMappedMemory,1032,0,0
163296,557296,1171456,2145,5382144,102492,36,,24304,retained_2,22212608,,62227016,memory-auto,G,review-memory-auto-block2-2-G,TestSharingMappedMemory,1032,606208,278528
0,481904,1081344,2040,5373952,102581,0,,24304,released_2,21942272,,62234568,memory-auto,G,review-memory-auto-block2-2-G,TestSharingMappedMemory,1032,0,0
0,278432,811008,751,6848512,5502,0,"{'Supported': True, 'Active': 0, 'Cached': 0, 'Registered': 0, 'PeakRegistered': 0, 'Capacity': 4096, 'ScanSpan': 0}",13656,initial,13344768,"411036 3258 2330 1739 0 30095 0
",493944,memory-auto,G,review-memory-auto-block2-5-G,TestSharingMemory,,,
0,579408,1384448,996,7471104,63759,0,"{'Supported': True, 'Active': 0, 'Cached': 0, 'Registered': 0, 'PeakRegistered': 0, 'Capacity': 4096, 'ScanSpan': 0}",19480,compile_release_270,19623936,"448182 4791 3034 1739 0 35561 0
",35181208,memory-auto,G,review-memory-auto-block2-5-G,TestSharingMemory,,,
163296,1533552,2342912,1820,7577600,71442,36,"{'Supported': True, 'Active': 0, 'Cached': 0, 'Registered': 0, 'PeakRegistered': 0, 'Capacity': 4096, 'ScanSpan': 0}",19480,retained_0,19353600,"448182 4725 3034 1739 0 35561 0
",39803120,memory-auto,G,review-memory-auto-block2-5-G,TestSharingMemory,,,
0,1530496,2318336,1789,8429568,71684,0,"{'Supported': True, 'Active': 0, 'Cached': 0, 'Registered': 0, 'PeakRegistered': 0, 'Capacity': 4096, 'ScanSpan': 0}",19480,released_0,18653184,"448182 4554 3034 1739 0 35561 0
",39819832,memory-auto,G,review-memory-auto-block2-5-G,TestSharingMemory,,,
163296,1536112,2310144,1829,7397376,79384,36,"{'Supported': True, 'Active': 0, 'Cached': 0, 'Registered': 0, 'PeakRegistered': 0, 'Capacity': 4096, 'ScanSpan': 0}",19480,retained_1,19591168,"448182 4783 3034 1739 0 35561 0
",44388264,memory-auto,G,review-memory-auto-block2-5-G,TestSharingMemory,,,
0,1533040,2301952,1797,7790592,79626,0,"{'Supported': True, 'Active': 0, 'Cached': 0, 'Registered': 0, 'PeakRegistered': 0, 'Capacity': 4096, 'ScanSpan': 0}",19480,released_1,19308544,"448182 4714 3034 1739 0 35561 0
",44404976,memory-auto,G,review-memory-auto-block2-5-G,TestSharingMemory,,,
163296,1536208,2400256,1829,7356416,87296,36,"{'Supported': True, 'Active': 0, 'Cached': 0, 'Registered': 0, 'PeakRegistered': 0, 'Capacity': 4096, 'ScanSpan': 0}",19480,retained_2,19705856,"448182 4811 3034 1739 0 35561 0
",49100584,memory-auto,G,review-memory-auto-block2-5-G,TestSharingMemory,,,
0,1533136,2383872,1797,8011776,87538,0,"{'Supported': True, 'Active': 0, 'Cached': 0, 'Registered': 0, 'PeakRegistered': 0, 'Capacity': 4096, 'ScanSpan': 0}",19480,released_2,19152896,"448182 4676 3034 1739 0 35561 0
",49117296,memory-auto,G,review-memory-auto-block2-5-G,TestSharingMemory,,,
0,323288,917504,925,9322496,87627,0,"{'Supported': True, 'Active': 0, 'Cached': 0, 'Registered': 0, 'PeakRegistered': 0, 'Capacity': 4096, 'ScanSpan': 0}",19480,runtime_released,17965056,"448182 4386 3064 1739 0 35561 0
",49125696,memory-auto,G,review-memory-auto-block2-5-G,TestSharingMemory,,,
0,480392,1097728,2031,9330688,93403,0,,19480,initial,17960960,,49524472,memory-auto,G,review-memory-auto-block2-5-G,TestSharingMappedMemory,1032,0,0
0,476800,1073152,2021,7733248,99466,0,,19480,compile_release_270,19689472,,58810376,memory-auto,G,review-memory-auto-block2-5-G,TestSharingMappedMemory,1032,0,0
163296,558000,1187840,2144,9568256,100371,36,,19480,retained_0,18132992,,60062632,memory-auto,G,review-memory-auto-block2-5-G,TestSharingMappedMemory,1032,606208,278528
0,482592,1097728,2038,9568256,100472,0,,19480,released_0,17854464,,60072864,memory-auto,G,review-memory-auto-block2-5-G,TestSharingMappedMemory,1032,0,0
163296,558000,1187840,2144,9437184,101370,36,,19480,retained_1,18280448,,61320984,memory-auto,G,review-memory-auto-block2-5-G,TestSharingMappedMemory,1032,606208,278528
0,482608,1097728,2039,9428992,101459,0,,19480,released_1,18010112,,61328536,memory-auto,G,review-memory-auto-block2-5-G,TestSharingMappedMemory,1032,0,0
163296,558000,1187840,2144,9478144,102345,36,,19480,retained_2,18231296,,62573976,memory-auto,G,review-memory-auto-block2-5-G,TestSharingMappedMemory,1032,606208,278528
0,482592,1097728,2038,9478144,102446,0,,19480,released_2,17952768,,62584208,memory-auto,G,review-memory-auto-block2-5-G,TestSharingMappedMemory,1032,0,0
0,278112,811008,749,6815744,5500,0,"{'Supported': True, 'Active': 0, 'Cached': 0, 'Registered': 0, 'PeakRegistered': 0, 'Capacity': 4096, 'ScanSpan': 0}",15676,initial,16535552,"413101 4037 2258 1739 0 32159 0
",493624,memory-auto,G,review-memory-auto-block3-2-G,TestSharingMemory,,,
0,567768,1351680,969,2760704,63734,0,"{'Supported': True, 'Active': 0, 'Cached': 0, 'Registered': 0, 'PeakRegistered': 0, 'Capacity': 4096, 'ScanSpan': 0}",22404,compile_release_270,23216128,"429749 5668 3089 1739 0 32456 0
",35076736,memory-auto,G,review-memory-auto-block3-2-G,TestSharingMemory,,,
163296,1525168,2367488,1796,3342336,71422,36,"{'Supported': True, 'Active': 0, 'Cached': 0, 'Registered': 0, 'PeakRegistered': 0, 'Capacity': 4096, 'ScanSpan': 0}",22480,retained_0,22794240,"448182 5565 3089 1739 0 34537 0
",39701920,memory-auto,G,review-memory-auto-block3-2-G,TestSharingMemory,,,
0,1521904,2351104,1762,3932160,71664,0,"{'Supported': True, 'Active': 0, 'Cached': 0, 'Registered': 0, 'PeakRegistered': 0, 'Capacity': 4096, 'ScanSpan': 0}",22480,released_0,22216704,"448182 5424 3089 1739 0 34537 0
",39718632,memory-auto,G,review-memory-auto-block3-2-G,TestSharingMemory,,,
163296,1527184,2359296,1797,3375104,79345,36,"{'Supported': True, 'Active': 0, 'Cached': 0, 'Registered': 0, 'PeakRegistered': 0, 'Capacity': 4096, 'ScanSpan': 0}",22480,retained_1,22839296,"448182 5576 3105 1739 0 34537 0
",44356592,memory-auto,G,review-memory-auto-block3-2-G,TestSharingMemory,,,
0,1524336,2351104,1769,4620288,79588,0,"{'Supported': True, 'Active': 0, 'Cached': 0, 'Registered': 0, 'PeakRegistered': 0, 'Capacity': 4096, 'ScanSpan': 0}",22480,released_1,21282816,"448182 5196 3105 1739 0 34537 0
",44373480,memory-auto,G,review-memory-auto-block3-2-G,TestSharingMemory,,,
163296,1530512,2457600,1802,3162112,87273,36,"{'Supported': True, 'Active': 0, 'Cached': 0, 'Registered': 0, 'PeakRegistered': 0, 'Capacity': 4096, 'ScanSpan': 0}",22480,retained_2,22937600,"448182 5600 3105 1739 0 34537 0
",49021152,memory-auto,G,review-memory-auto-block3-2-G,TestSharingMemory,,,
0,1527664,2433024,1774,4997120,87516,0,"{'Supported': True, 'Active': 0, 'Cached': 0, 'Registered': 0, 'PeakRegistered': 0, 'Capacity': 4096, 'ScanSpan': 0}",22480,released_2,21209088,"448182 5178 3105 1739 0 34537 0
",49038040,memory-auto,G,review-memory-auto-block3-2-G,TestSharingMemory,,,
0,317752,909312,904,5193728,87604,0,"{'Supported': True, 'Active': 0, 'Cached': 0, 'Registered': 0, 'PeakRegistered': 0, 'Capacity': 4096, 'ScanSpan': 0}",22480,runtime_released,21135360,"448182 5160 3135 1739 0 34537 0
",49046328,memory-auto,G,review-memory-auto-block3-2-G,TestSharingMemory,,,
0,474856,1089536,2010,5095424,93380,0,,22480,initial,21303296,,49445104,memory-auto,G,review-memory-auto-block3-2-G,TestSharingMappedMemory,1032,0,0
0,471248,1056768,1999,6258688,99454,0,,22964,compile_release_270,20201472,,58733368,memory-auto,G,review-memory-auto-block3-2-G,TestSharingMappedMemory,1032,0,0
163296,552464,1171456,2123,5087232,100359,36,,22964,retained_0,21581824,,59985624,memory-auto,G,review-memory-auto-block3-2-G,TestSharingMappedMemory,1032,606208,278528
0,477168,1081344,2018,5349376,100461,0,,22964,released_0,21049344,,59995968,memory-auto,G,review-memory-auto-block3-2-G,TestSharingMappedMemory,1032,0,0
163296,552576,1171456,2124,5447680,101359,36,,22964,retained_1,21270528,,61244088,memory-auto,G,review-memory-auto-block3-2-G,TestSharingMappedMemory,1032,606208,278528
0,477168,1081344,2018,5406720,101460,0,,22964,released_1,21032960,,61254320,memory-auto,G,review-memory-auto-block3-2-G,TestSharingMappedMemory,1032,0,0
163296,552576,1171456,2124,5472256,102358,36,,22964,retained_2,21254144,,62502440,memory-auto,G,review-memory-auto-block3-2-G,TestSharingMappedMemory,1032,606208,278528
0,477168,1081344,2018,5431296,102459,0,,22964,released_2,21016576,,62512672,memory-auto,G,review-memory-auto-block3-2-G,TestSharingMappedMemory,1032,0,0
0,278752,811008,753,6848512,5504,0,"{'Supported': True, 'Active': 0, 'Cached': 0, 'Registered': 0, 'PeakRegistered': 0, 'Capacity': 4096, 'ScanSpan': 0}",15840,initial,16506880,"411052 4030 2252 1739 0 30111 0
",494264,memory-auto,G,review-memory-auto-block3-5-G,TestSharingMemory,,,
0,600152,1417216,1058,7536640,63767,0,"{'Supported': True, 'Active': 0, 'Cached': 0, 'Registered': 0, 'PeakRegistered': 0, 'Capacity': 4096, 'ScanSpan': 0}",22856,compile_release_270,23195648,"429747 5663 3019 1739 0 33478 0
",34995920,memory-auto,G,review-memory-auto-block3-5-G,TestSharingMemory,,,
163296,1526584,2334720,1806,7651328,71413,36,"{'Supported': True, 'Active': 0, 'Cached': 0, 'Registered': 0, 'PeakRegistered': 0, 'Capacity': 4096, 'ScanSpan': 0}",22856,retained_0,23117824,"429747 5644 3019 1739 0 33478 0
",39785432,memory-auto,G,review-memory-auto-block3-5-G,TestSharingMemory,,,
0,1523032,2318336,1777,8437760,71653,0,"{'Supported': True, 'Active': 0, 'Cached': 0, 'Registered': 0, 'PeakRegistered': 0, 'Capacity': 4096, 'ScanSpan': 0}",22856,released_0,22335488,"429747 5453 3019 1739 0 33478 0
",39801056,memory-auto,G,review-memory-auto-block3-5-G,TestSharingMemory,,,
163296,1530200,2351104,1814,7569408,79344,36,"{'Supported': True, 'Active': 0, 'Cached': 0, 'Registered': 0, 'PeakRegistered': 0, 'Capacity': 4096, 'ScanSpan': 0}",22856,retained_1,23003136,"429747 5616 3019 1739 0 33478 0
",44485224,memory-auto,G,review-memory-auto-block3-5-G,TestSharingMemory,,,
0,1527352,2342912,1786,8880128,79587,0,"{'Supported': True, 'Active': 0, 'Cached': 0, 'Registered': 0, 'PeakRegistered': 0, 'Capacity': 4096, 'ScanSpan': 0}",22856,released_1,21864448,"429747 5338 3019 1739 0 33478 0
",44502112,memory-auto,G,review-memory-auto-block3-5-G,TestSharingMemory,,,
163296,1538400,2342912,1828,7798784,87296,36,"{'Supported': True, 'Active': 0, 'Cached': 0, 'Registered': 0, 'PeakRegistered': 0, 'Capacity': 4096, 'ScanSpan': 0}",22856,retained_2,22855680,"448182 5580 3019 1739 0 35561 0
",49145376,memory-auto,G,review-memory-auto-block3-5-G,TestSharingMemory,,,
0,1535520,2326528,1798,8912896,87539,0,"{'Supported': True, 'Active': 0, 'Cached': 0, 'Registered': 0, 'PeakRegistered': 0, 'Capacity': 4096, 'ScanSpan': 0}",22856,released_2,21843968,"448182 5333 3019 1739 0 35561 0
",49162264,memory-auto,G,review-memory-auto-block3-5-G,TestSharingMemory,,,
0,325608,933888,928,9371648,87627,0,"{'Supported': True, 'Active': 0, 'Cached': 0, 'Registered': 0, 'PeakRegistered': 0, 'Capacity': 4096, 'ScanSpan': 0}",22856,runtime_released,21508096,"448182 5251 3049 1739 0 35561 0
",49170552,memory-auto,G,review-memory-auto-block3-5-G,TestSharingMemory,,,
0,482712,1114112,2034,9404416,93417,0,,22856,initial,21528576,,49572152,memory-auto,G,review-memory-auto-block3-5-G,TestSharingMappedMemory,1032,0,0
0,479120,1089536,2024,7413760,99491,0,,22856,compile_release_270,23588864,,58860416,memory-auto,G,review-memory-auto-block3-5-G,TestSharingMappedMemory,1032,0,0
163296,560320,1204224,2147,8593408,100396,36,,23064,retained_0,22405120,,60112672,memory-auto,G,review-memory-auto-block3-5-G,TestSharingMappedMemory,1032,606208,278528
0,484944,1114112,2043,9445376,100486,0,,23064,released_0,21606400,,60120240,memory-auto,G,review-memory-auto-block3-5-G,TestSharingMappedMemory,1032,0,0
163296,560336,1204224,2148,9568256,101384,36,,23064,retained_1,21766144,,61368360,memory-auto,G,review-memory-auto-block3-5-G,TestSharingMappedMemory,1032,606208,278528
0,484928,1114112,2042,9568256,101485,0,,23064,released_1,21487616,,61378592,memory-auto,G,review-memory-auto-block3-5-G,TestSharingMappedMemory,1032,0,0
163296,560336,1204224,2148,9297920,102383,36,,23064,retained_2,22028288,,62626712,memory-auto,G,review-memory-auto-block3-5-G,TestSharingMappedMemory,1032,606208,278528
0,484928,1114112,2042,9428992,102484,0,,23064,released_2,21622784,,62636944,memory-auto,G,review-memory-auto-block3-5-G,TestSharingMappedMemory,1032,0,0
0,278272,933888,750,2465792,5503,0,"{'Supported': True, 'Active': 0, 'Cached': 0, 'Registered': 0, 'PeakRegistered': 0, 'Capacity': 4096, 'ScanSpan': 0}",15840,initial,16334848,"411044 3988 2219 1735 0 29087 0
",493816,memory-auto,H,review-memory-auto-block1-3-H,TestSharingMemory,,,
0,312024,1089536,913,3612672,63466,0,"{'Supported': True, 'Active': 0, 'Cached': 0, 'Registered': 0, 'PeakRegistered': 0, 'Capacity': 4096, 'ScanSpan': 0}",23892,compile_release_270,23801856,"429805 5811 3045 1735 0 32520 0
",34779864,memory-auto,H,review-memory-auto-block1-3-H,TestSharingMemory,,,
134972,1518328,2449408,1786,3514368,71136,36,"{'Supported': True, 'Active': 0, 'Cached': 0, 'Registered': 0, 'PeakRegistered': 0, 'Capacity': 4096, 'ScanSpan': 0}",23892,retained_0,23871488,"429805 5828 3045 1735 0 32520 0
",39280000,memory-auto,H,review-memory-auto-block1-3-H,TestSharingMemory,,,
0,1515256,2424832,1754,4366336,71378,0,"{'Supported': True, 'Active': 0, 'Cached': 0, 'Registered': 0, 'PeakRegistered': 0, 'Capacity': 4096, 'ScanSpan': 0}",23892,released_0,23040000,"429805 5625 3045 1735 0 32520 0
",39296712,memory-auto,H,review-memory-auto-block1-3-H,TestSharingMemory,,,
134972,1518200,2572288,1782,3375104,79033,36,"{'Supported': True, 'Active': 0, 'Cached': 0, 'Registered': 0, 'PeakRegistered': 0, 'Capacity': 4096, 'ScanSpan': 0}",23892,retained_1,24018944,"429805 5864 3045 1735 0 32520 0
",43827352,memory-auto,H,review-memory-auto-block1-3-H,TestSharingMemory,,,
0,1515352,2539520,1754,4751360,79276,0,"{'Supported': True, 'Active': 0, 'Cached': 0, 'Registered': 0, 'PeakRegistered': 0, 'Capacity': 4096, 'ScanSpan': 0}",23892,released_1,22695936,"429805 5541 3045 1735 0 32520 0
",43844240,memory-auto,H,review-memory-auto-block1-3-H,TestSharingMemory,,,
134972,1519864,2383872,1787,3653632,86945,36,"{'Supported': True, 'Active': 0, 'Cached': 0, 'Registered': 0, 'PeakRegistered': 0, 'Capacity': 4096, 'ScanSpan': 0}",23892,retained_2,23764992,"429805 5802 3045 1735 0 32520 0
",48364696,memory-auto,H,review-memory-auto-block1-3-H,TestSharingMemory,,,
0,1517016,2375680,1759,4702208,87188,0,"{'Supported': True, 'Active': 0, 'Cached': 0, 'Registered': 0, 'PeakRegistered': 0, 'Capacity': 4096, 'ScanSpan': 0}",23892,released_2,22728704,"429805 5549 3045 1735 0 32520 0
",48381584,memory-auto,H,review-memory-auto-block1-3-H,TestSharingMemory,,,
0,307104,1015808,889,5292032,87290,0,"{'Supported': True, 'Active': 0, 'Cached': 0, 'Registered': 0, 'PeakRegistered': 0, 'Capacity': 4096, 'ScanSpan': 0}",23892,runtime_released,22224896,"429805 5426 3060 1735 0 32520 0
",48392696,memory-auto,H,review-memory-auto-block1-3-H,TestSharingMemory,,,
0,464208,1179648,1995,5136384,93066,0,,23892,initial,22429696,,48791472,memory-auto,H,review-memory-auto-block1-3-H,TestSharingMappedMemory,1032,0,0
0,460616,1155072,1985,3358720,98960,0,,23892,compile_release_270,24391680,,58032216,memory-auto,H,review-memory-auto-block1-3-H,TestSharingMappedMemory,1032,0,0
134972,541816,1269760,2108,5390336,99841,36,,23892,retained_0,22605824,,59278136,memory-auto,H,review-memory-auto-block1-3-H,TestSharingMappedMemory,1032,606208,262144
0,466424,1179648,2003,5382144,99930,0,,23892,released_0,22360064,,59285688,memory-auto,H,review-memory-auto-block1-3-H,TestSharingMappedMemory,1032,0,0
134972,541816,1269760,2108,5423104,100792,36,,23892,retained_1,22585344,,60524792,memory-auto,H,review-memory-auto-block1-3-H,TestSharingMappedMemory,1032,606208,262144
0,466408,1179648,2002,5423104,100893,0,,23892,released_1,22323200,,60535024,memory-auto,H,review-memory-auto-block1-3-H,TestSharingMappedMemory,1032,0,0
134972,541816,1269760,2108,5283840,101767,36,,23892,retained_2,22720512,,61776808,memory-auto,H,review-memory-auto-block1-3-H,TestSharingMappedMemory,1032,606208,262144
0,466408,1179648,2002,5283840,101868,0,,23892,released_2,22462464,,61787040,memory-auto,H,review-memory-auto-block1-3-H,TestSharingMappedMemory,1032,0,0
0,279072,933888,755,2465792,5508,0,"{'Supported': True, 'Active': 0, 'Cached': 0, 'Registered': 0, 'PeakRegistered': 0, 'Capacity': 4096, 'ScanSpan': 0}",15788,initial,16330752,"411028 3987 2219 1735 0 29071 0
",494616,memory-auto,H,review-memory-auto-block1-4-H,TestSharingMemory,,,
0,609512,1540096,1130,3252224,63470,0,"{'Supported': True, 'Active': 0, 'Cached': 0, 'Registered': 0, 'PeakRegistered': 0, 'Capacity': 4096, 'ScanSpan': 0}",22264,compile_release_270,22589440,"429805 5515 3045 1735 0 32520 0
",34735256,memory-auto,H,review-memory-auto-block1-4-H,TestSharingMemory,,,
134972,1515432,2392064,1781,3620864,71137,36,"{'Supported': True, 'Active': 0, 'Cached': 0, 'Registered': 0, 'PeakRegistered': 0, 'Capacity': 4096, 'ScanSpan': 0}",22264,retained_0,22286336,"429805 5441 3061 1735 0 32520 0
",39307832,memory-auto,H,review-memory-auto-block1-4-H,TestSharingMemory,,,
0,1512824,2383872,1756,4669440,71383,0,"{'Supported': True, 'Active': 0, 'Cached': 0, 'Registered': 0, 'PeakRegistered': 0, 'Capacity': 4096, 'ScanSpan': 0}",22264,released_0,21295104,"429805 5199 3061 1735 0 32520 0
",39324960,memory-auto,H,review-memory-auto-block1-4-H,TestSharingMemory,,,
134972,1521400,2457600,1802,2719744,79051,36,"{'Supported': True, 'Active': 0, 'Cached': 0, 'Registered': 0, 'PeakRegistered': 0, 'Capacity': 4096, 'ScanSpan': 0}",22264,retained_1,22925312,"429805 5597 3061 1735 0 32520 0
",43915408,memory-auto,H,review-memory-auto-block1-4-H,TestSharingMemory,,,
0,1518328,2433024,1770,3629056,79293,0,"{'Supported': True, 'Active': 0, 'Cached': 0, 'Registered': 0, 'PeakRegistered': 0, 'Capacity': 4096, 'ScanSpan': 0}",22264,released_1,22261760,"429805 5435 3061 1735 0 32520 0
",43932120,memory-auto,H,review-memory-auto-block1-4-H,TestSharingMemory,,,
134972,1527576,2539520,1811,3342336,86966,36,"{'Supported': True, 'Active': 0, 'Cached': 0, 'Registered': 0, 'PeakRegistered': 0, 'Capacity': 4096, 'ScanSpan': 0}",22264,retained_2,22585344,"429805 5514 3092 1735 0 32520 0
",48490384,memory-auto,H,review-memory-auto-block1-4-H,TestSharingMemory,,,
0,1524536,2523136,1781,5111808,87209,0,"{'Supported': True, 'Active': 0, 'Cached': 0, 'Registered': 0, 'PeakRegistered': 0, 'Capacity': 4096, 'ScanSpan': 0}",22264,released_2,20959232,"429805 5117 3092 1735 0 32520 0
",48507272,memory-auto,H,review-memory-auto-block1-4-H,TestSharingMemory,,,
0,314592,991232,909,5111808,87297,0,"{'Supported': True, 'Active': 0, 'Cached': 0, 'Registered': 0, 'PeakRegistered': 0, 'Capacity': 4096, 'ScanSpan': 0}",22264,runtime_released,21020672,"429805 5132 3107 1735 0 32520 0
",48515560,memory-auto,H,review-memory-auto-block1-4-H,TestSharingMemory,,,
0,471696,1163264,2015,4997120,93087,0,,22264,initial,21188608,,48917160,memory-auto,H,review-memory-auto-block1-4-H,TestSharingMappedMemory,1032,0,0
0,473680,1138688,2012,3661824,98988,0,,22264,compile_release_270,22745088,,58163480,memory-auto,H,review-memory-auto-block1-4-H,TestSharingMappedMemory,1032,0,0
134972,554880,1253376,2135,4874240,99869,36,,22264,retained_0,21782528,,59409400,memory-auto,H,review-memory-auto-block1-4-H,TestSharingMappedMemory,1032,606208,262144
0,479472,1163264,2029,4874240,99970,0,,22264,released_0,21528576,,59419632,memory-auto,H,review-memory-auto-block1-4-H,TestSharingMappedMemory,1032,0,0
134972,554864,1253376,2134,4874240,100832,36,,22264,retained_1,21790720,,60658736,memory-auto,H,review-memory-auto-block1-4-H,TestSharingMappedMemory,1032,606208,262144
0,479472,1163264,2029,4907008,100933,0,,22264,released_1,21508096,,60668968,memory-auto,H,review-memory-auto-block1-4-H,TestSharingMappedMemory,1032,0,0
134972,554880,1253376,2135,4874240,101807,36,,22264,retained_2,21811200,,61910752,memory-auto,H,review-memory-auto-block1-4-H,TestSharingMappedMemory,1032,606208,262144
0,479472,1163264,2029,4907008,101908,0,,22264,released_2,21516288,,61920984,memory-auto,H,review-memory-auto-block1-4-H,TestSharingMappedMemory,1032,0,0
0,278432,933888,751,2465792,5504,0,"{'Supported': True, 'Active': 0, 'Cached': 0, 'Registered': 0, 'PeakRegistered': 0, 'Capacity': 4096, 'ScanSpan': 0}",15748,initial,16297984,"411028 3979 2209 1735 0 29071 0
",493976,memory-auto,H,review-memory-auto-block2-3-H,TestSharingMemory,,,
0,605048,1564672,1092,3375104,63558,0,"{'Supported': True, 'Active': 0, 'Cached': 0, 'Registered': 0, 'PeakRegistered': 0, 'Capacity': 4096, 'ScanSpan': 0}",22324,compile_release_270,22638592,"429741 5527 3051 1735 0 32456 0
",34424952,memory-auto,H,review-memory-auto-block2-3-H,TestSharingMemory,,,
134972,1523224,2506752,1794,3063808,71233,36,"{'Supported': True, 'Active': 0, 'Cached': 0, 'Registered': 0, 'PeakRegistered': 0, 'Capacity': 4096, 'ScanSpan': 0}",22564,retained_0,22843392,"429741 5577 3067 1735 0 32456 0
",38929168,memory-auto,H,review-memory-auto-block2-3-H,TestSharingMemory,,,
0,1520376,2498560,1766,4571136,71475,0,"{'Supported': True, 'Active': 0, 'Cached': 0, 'Registered': 0, 'PeakRegistered': 0, 'Capacity': 4096, 'ScanSpan': 0}",22564,released_0,21508096,"429741 5251 3067 1735 0 32456 0
",38945880,memory-auto,H,review-memory-auto-block2-3-H,TestSharingMemory,,,
134972,1526328,2473984,1804,3358720,79138,36,"{'Supported': True, 'Active': 0, 'Cached': 0, 'Registered': 0, 'PeakRegistered': 0, 'Capacity': 4096, 'ScanSpan': 0}",22564,retained_1,22659072,"429741 5532 3067 1735 0 32456 0
",43465464,memory-auto,H,review-memory-auto-block2-3-H,TestSharingMemory,,,
0,1523288,2441216,1774,5062656,79381,0,"{'Supported': True, 'Active': 0, 'Cached': 0, 'Registered': 0, 'PeakRegistered': 0, 'Capacity': 4096, 'ScanSpan': 0}",22564,released_1,21057536,"429741 5141 3067 1735 0 32456 0
",43482352,memory-auto,H,review-memory-auto-block2-3-H,TestSharingMemory,,,
134972,1530712,2473984,1817,2342912,87060,36,"{'Supported': True, 'Active': 0, 'Cached': 0, 'Registered': 0, 'PeakRegistered': 0, 'Capacity': 4096, 'ScanSpan': 0}",22564,retained_2,23461888,"429741 5728 3067 1735 0 32456 0
",47986560,memory-auto,H,review-memory-auto-block2-3-H,TestSharingMemory,,,
0,1527656,2441216,1786,5160960,87304,0,"{'Supported': True, 'Active': 0, 'Cached': 0, 'Registered': 0, 'PeakRegistered': 0, 'Capacity': 4096, 'ScanSpan': 0}",22564,released_2,20901888,"429741 5103 3067 1735 0 32456 0
",48003464,memory-auto,H,review-memory-auto-block2-3-H,TestSharingMemory,,,
0,317664,991232,911,5160960,87406,0,"{'Supported': True, 'Active': 0, 'Cached': 0, 'Registered': 0, 'PeakRegistered': 0, 'Capacity': 4096, 'ScanSpan': 0}",22564,runtime_released,20942848,"464558 5113 3082 1735 0 34504 0
",48014576,memory-auto,H,review-memory-auto-block2-3-H,TestSharingMemory,,,
0,480344,1163264,2024,5201920,93189,0,,22564,initial,21016576,,48418928,memory-auto,H,review-memory-auto-block2-3-H,TestSharingMappedMemory,1032,0,0
0,476864,1138688,2015,3588096,99073,0,,22564,compile_release_270,22913024,,57657424,memory-auto,H,review-memory-auto-block2-3-H,TestSharingMappedMemory,1032,0,0
134972,558064,1253376,2138,5365760,99954,36,,22564,retained_0,21389312,,58903344,memory-auto,H,review-memory-auto-block2-3-H,TestSharingMappedMemory,1032,606208,262144
0,482656,1163264,2032,5365760,100055,0,,22564,released_0,21135360,,58913576,memory-auto,H,review-memory-auto-block2-3-H,TestSharingMappedMemory,1032,0,0
134972,558064,1253376,2138,5373952,100929,36,,22564,retained_1,21401600,,60155360,memory-auto,H,review-memory-auto-block2-3-H,TestSharingMappedMemory,1032,606208,262144
0,482656,1163264,2032,5373952,101030,0,,22564,released_1,21139456,,60165592,memory-auto,H,review-memory-auto-block2-3-H,TestSharingMappedMemory,1032,0,0
134972,558064,1253376,2138,5349376,101893,36,,22564,retained_2,21426176,,61404712,memory-auto,H,review-memory-auto-block2-3-H,TestSharingMappedMemory,1032,606208,262144
0,482672,1163264,2033,5349376,101994,0,,22564,released_2,21168128,,61414944,memory-auto,H,review-memory-auto-block2-3-H,TestSharingMappedMemory,1032,0,0
0,278432,811008,751,6848512,5504,0,"{'Supported': True, 'Active': 0, 'Cached': 0, 'Registered': 0, 'PeakRegistered': 0, 'Capacity': 4096, 'ScanSpan': 0}",13620,initial,11210752,"411092 2737 2247 1735 0 30159 0
",493976,memory-auto,H,review-memory-auto-block2-4-H,TestSharingMemory,,,
0,749128,1605632,1170,3194880,63593,0,"{'Supported': True, 'Active': 0, 'Cached': 0, 'Registered': 0, 'PeakRegistered': 0, 'Capacity': 4096, 'ScanSpan': 0}",19344,compile_release_270,19558400,"429677 4775 3042 1735 0 32392 0
",34532416,memory-auto,H,review-memory-auto-block2-4-H,TestSharingMemory,,,
134972,1520168,2310144,1796,3653632,71245,36,"{'Supported': True, 'Active': 0, 'Cached': 0, 'Registered': 0, 'PeakRegistered': 0, 'Capacity': 4096, 'ScanSpan': 0}",19344,retained_0,19267584,"429677 4704 3058 1735 0 32392 0
",39098224,memory-auto,H,review-memory-auto-block2-4-H,TestSharingMemory,,,
0,1517320,2310144,1768,4833280,71487,0,"{'Supported': True, 'Active': 0, 'Cached': 0, 'Registered': 0, 'PeakRegistered': 0, 'Capacity': 4096, 'ScanSpan': 0}",19344,released_0,18120704,"429677 4424 3058 1735 0 32392 0
",39114936,memory-auto,H,review-memory-auto-block2-4-H,TestSharingMemory,,,
134972,1520232,2277376,1794,3284992,79163,36,"{'Supported': True, 'Active': 0, 'Cached': 0, 'Registered': 0, 'PeakRegistered': 0, 'Capacity': 4096, 'ScanSpan': 0}",19344,retained_1,19488768,"429677 4758 3058 1735 0 32392 0
",43648880,memory-auto,H,review-memory-auto-block2-4-H,TestSharingMemory,,,
0,1517384,2269184,1766,4792320,79406,0,"{'Supported': True, 'Active': 0, 'Cached': 0, 'Registered': 0, 'PeakRegistered': 0, 'Capacity': 4096, 'ScanSpan': 0}",19344,released_1,18161664,"429677 4434 3058 1735 0 32392 0
",43665768,memory-auto,H,review-memory-auto-block2-4-H,TestSharingMemory,,,
134972,1520280,2392064,1797,2785280,87052,36,"{'Supported': True, 'Active': 0, 'Cached': 0, 'Registered': 0, 'PeakRegistered': 0, 'Capacity': 4096, 'ScanSpan': 0}",19344,retained_2,19816448,"429677 4838 3058 1735 0 32392 0
",48268552,memory-auto,H,review-memory-auto-block2-4-H,TestSharingMemory,,,
0,1517416,2383872,1768,3637248,87295,0,"{'Supported': True, 'Active': 0, 'Cached': 0, 'Registered': 0, 'PeakRegistered': 0, 'Capacity': 4096, 'ScanSpan': 0}",19344,released_2,19193856,"429677 4686 3058 1735 0 32392 0
",48285440,memory-auto,H,review-memory-auto-block2-4-H,TestSharingMemory,,,
0,307584,901120,897,5079040,87398,0,"{'Supported': True, 'Active': 0, 'Cached': 0, 'Registered': 0, 'PeakRegistered': 0, 'Capacity': 4096, 'ScanSpan': 0}",19344,runtime_released,17928192,"429677 4377 3073 1735 0 32392 0
",48296664,memory-auto,H,review-memory-auto-block2-4-H,TestSharingMemory,,,
0,464688,1081344,2003,5218304,93188,0,,19344,initial,17895424,,48698264,memory-auto,H,review-memory-auto-block2-4-H,TestSharingMappedMemory,1032,0,0
0,461096,1056768,1993,3432448,99071,0,,19344,compile_release_270,19922944,,57936648,memory-auto,H,review-memory-auto-block2-4-H,TestSharingMappedMemory,1032,0,0
134972,542296,1171456,2116,5488640,99952,36,,19344,retained_0,18132992,,59182568,memory-auto,H,review-memory-auto-block2-4-H,TestSharingMappedMemory,1032,606208,262144
0,466888,1081344,2010,5488640,100053,0,,19344,released_0,17879040,,59192800,memory-auto,H,review-memory-auto-block2-4-H,TestSharingMappedMemory,1032,0,0
134972,542296,1171456,2116,5480448,100927,36,,19344,retained_1,18227200,,60434584,memory-auto,H,review-memory-auto-block2-4-H,TestSharingMappedMemory,1032,606208,262144
0,466888,1081344,2010,5472256,101028,0,,19344,released_1,17973248,,60444816,memory-auto,H,review-memory-auto-block2-4-H,TestSharingMappedMemory,1032,0,0
134972,542296,1171456,2116,5496832,101902,36,,19344,retained_2,18182144,,61686600,memory-auto,H,review-memory-auto-block2-4-H,TestSharingMappedMemory,1032,606208,262144
0,466904,1081344,2011,5488640,101991,0,,19344,released_2,17928192,,61694152,memory-auto,H,review-memory-auto-block2-4-H,TestSharingMappedMemory,1032,0,0
0,278432,966656,751,6627328,5504,0,"{'Supported': True, 'Active': 0, 'Cached': 0, 'Registered': 0, 'PeakRegistered': 0, 'Capacity': 4096, 'ScanSpan': 0}",15612,initial,16257024,"411028 3969 2198 1735 0 30095 0
",493976,memory-auto,H,review-memory-auto-block3-3-H,TestSharingMemory,,,
0,311440,1048576,911,3825664,63495,0,"{'Supported': True, 'Active': 0, 'Cached': 0, 'Registered': 0, 'PeakRegistered': 0, 'Capacity': 4096, 'ScanSpan': 0}",21964,compile_release_270,21913600,"448174 5350 3024 1735 0 34537 0
",34735952,memory-auto,H,review-memory-auto-block3-3-H,TestSharingMemory,,,
134972,1518512,2433024,1785,3170304,71164,36,"{'Supported': True, 'Active': 0, 'Cached': 0, 'Registered': 0, 'PeakRegistered': 0, 'Capacity': 4096, 'ScanSpan': 0}",21964,retained_0,22425600,"448174 5475 3024 1735 0 34537 0
",39254904,memory-auto,H,review-memory-auto-block3-3-H,TestSharingMemory,,,
0,1514544,2416640,1750,3694592,71406,0,"{'Supported': True, 'Active': 0, 'Cached': 0, 'Registered': 0, 'PeakRegistered': 0, 'Capacity': 4096, 'ScanSpan': 0}",21964,released_0,22040576,"448174 5381 3024 1735 0 34537 0
",39271616,memory-auto,H,review-memory-auto-block3-3-H,TestSharingMemory,,,
134972,1517568,2473984,1783,3497984,79088,36,"{'Supported': True, 'Active': 0, 'Cached': 0, 'Registered': 0, 'PeakRegistered': 0, 'Capacity': 4096, 'ScanSpan': 0}",21964,retained_1,22269952,"448174 5437 3024 1735 0 34537 0
",43772840,memory-auto,H,review-memory-auto-block3-3-H,TestSharingMemory,,,
0,1514688,2457600,1753,4677632,79331,0,"{'Supported': True, 'Active': 0, 'Cached': 0, 'Registered': 0, 'PeakRegistered': 0, 'Capacity': 4096, 'ScanSpan': 0}",21964,released_1,21106688,"448174 5153 3024 1735 0 34537 0
",43789728,memory-auto,H,review-memory-auto-block3-3-H,TestSharingMemory,,,
134972,1518160,2449408,1785,3620864,87002,36,"{'Supported': True, 'Active': 0, 'Cached': 0, 'Registered': 0, 'PeakRegistered': 0, 'Capacity': 4096, 'ScanSpan': 0}",21964,retained_2,22110208,"448174 5398 3024 1735 0 34537 0
",48317704,memory-auto,H,review-memory-auto-block3-3-H,TestSharingMemory,,,
0,1515296,2441216,1756,4472832,87245,0,"{'Supported': True, 'Active': 0, 'Cached': 0, 'Registered': 0, 'PeakRegistered': 0, 'Capacity': 4096, 'ScanSpan': 0}",21964,released_2,21311488,"448174 5203 3024 1735 0 34537 0
",48334592,memory-auto,H,review-memory-auto-block3-3-H,TestSharingMemory,,,
0,305336,999424,883,4890624,87333,0,"{'Supported': True, 'Active': 0, 'Cached': 0, 'Registered': 0, 'PeakRegistered': 0, 'Capacity': 4096, 'ScanSpan': 0}",21964,runtime_released,20955136,"448174 5116 3039 1735 0 34537 0
",48342880,memory-auto,H,review-memory-auto-block3-3-H,TestSharingMemory,,,
0,462440,1171456,1989,5152768,93123,0,,21964,initial,20795392,,48744480,memory-auto,H,review-memory-auto-block3-3-H,TestSharingMappedMemory,1032,0,0
0,458848,1155072,1979,3604480,99017,0,,21964,compile_release_270,22462464,,57985224,memory-auto,H,review-memory-auto-block3-3-H,TestSharingMappedMemory,1032,0,0
134972,540048,1261568,2102,5300224,99898,36,,21964,retained_0,21041152,,59231144,memory-auto,H,review-memory-auto-block3-3-H,TestSharingMappedMemory,1032,606208,262144
0,464640,1171456,1996,5300224,99999,0,,21964,released_0,20779008,,59241376,memory-auto,H,review-memory-auto-block3-3-H,TestSharingMappedMemory,1032,0,0
134972,540048,1261568,2102,5079040,100873,36,,21964,retained_1,21278720,,60483160,memory-auto,H,review-memory-auto-block3-3-H,TestSharingMappedMemory,1032,606208,262144
0,464640,1171456,1996,5210112,100974,0,,21964,released_1,20885504,,60493392,memory-auto,H,review-memory-auto-block3-3-H,TestSharingMappedMemory,1032,0,0
134972,540032,1261568,2101,5382144,101836,36,,21964,retained_2,20930560,,61732496,memory-auto,H,review-memory-auto-block3-3-H,TestSharingMappedMemory,1032,606208,262144
0,464640,1171456,1996,5373952,101925,0,,21964,released_2,20680704,,61740048,memory-auto,H,review-memory-auto-block3-3-H,TestSharingMappedMemory,1032,0,0
0,278592,811008,752,6848512,5505,0,"{'Supported': True, 'Active': 0, 'Cached': 0, 'Registered': 0, 'PeakRegistered': 0, 'Capacity': 4096, 'ScanSpan': 0}",15772,initial,16310272,"411044 3982 2205 1735 0 30111 0
",494136,memory-auto,H,review-memory-auto-block3-4-H,TestSharingMemory,,,
0,561712,1228800,958,7397376,63462,0,"{'Supported': True, 'Active': 0, 'Cached': 0, 'Registered': 0, 'PeakRegistered': 0, 'Capacity': 4096, 'ScanSpan': 0}",24104,compile_release_270,24641536,"448238 6016 3031 1735 0 35625 0
",34833504,memory-auto,H,review-memory-auto-block3-4-H,TestSharingMemory,,,
134972,1519744,2375680,1795,7454720,71128,36,"{'Supported': True, 'Active': 0, 'Cached': 0, 'Registered': 0, 'PeakRegistered': 0, 'Capacity': 4096, 'ScanSpan': 0}",24104,retained_0,24383488,"448238 5953 3031 1735 0 35625 0
",39418088,memory-auto,H,review-memory-auto-block3-4-H,TestSharingMemory,,,
0,1516656,2367488,1762,8175616,71371,0,"{'Supported': True, 'Active': 0, 'Cached': 0, 'Registered': 0, 'PeakRegistered': 0, 'Capacity': 4096, 'ScanSpan': 0}",24104,released_0,23785472,"448238 5807 3031 1735 0 35625 0
",39434976,memory-auto,H,review-memory-auto-block3-4-H,TestSharingMemory,,,
134972,1521328,2326528,1797,7069696,79015,36,"{'Supported': True, 'Active': 0, 'Cached': 0, 'Registered': 0, 'PeakRegistered': 0, 'Capacity': 4096, 'ScanSpan': 0}",24104,retained_1,24829952,"448238 6062 3031 1735 0 35625 0
",44043616,memory-auto,H,review-memory-auto-block3-4-H,TestSharingMemory,,,
0,1518048,2318336,1762,8298496,79257,0,"{'Supported': True, 'Active': 0, 'Cached': 0, 'Registered': 0, 'PeakRegistered': 0, 'Capacity': 4096, 'ScanSpan': 0}",24104,released_1,23773184,"448238 5804 3031 1735 0 35625 0
",44060328,memory-auto,H,review-memory-auto-block3-4-H,TestSharingMemory,,,
134972,1521392,2400256,1799,7659520,86918,36,"{'Supported': True, 'Active': 0, 'Cached': 0, 'Registered': 0, 'PeakRegistered': 0, 'Capacity': 4096, 'ScanSpan': 0}",24104,retained_2,24371200,"448238 5950 3031 1735 0 35625 0
",48591040,memory-auto,H,review-memory-auto-block3-4-H,TestSharingMemory,,,
0,1518304,2383872,1766,8118272,87160,0,"{'Supported': True, 'Active': 0, 'Cached': 0, 'Registered': 0, 'PeakRegistered': 0, 'Capacity': 4096, 'ScanSpan': 0}",24104,released_2,23949312,"448238 5847 3031 1735 0 35625 0
",48607752,memory-auto,H,review-memory-auto-block3-4-H,TestSharingMemory,,,
0,308344,892928,893,9363456,87262,0,"{'Supported': True, 'Active': 0, 'Cached': 0, 'Registered': 0, 'PeakRegistered': 0, 'Capacity': 4096, 'ScanSpan': 0}",24104,runtime_released,22781952,"448238 5562 3046 1735 0 35625 0
",48618864,memory-auto,H,review-memory-auto-block3-4-H,TestSharingMemory,,,
0,465448,1073152,1999,9428992,93052,0,,24104,initial,22790144,,49020464,memory-auto,H,review-memory-auto-block3-4-H,TestSharingMappedMemory,1032,0,0
0,461856,1056768,1989,7536640,98935,0,,24484,compile_release_270,24842240,,58258848,memory-auto,H,review-memory-auto-block3-4-H,TestSharingMappedMemory,1032,0,0
134972,543056,1163264,2112,8847360,99816,36,,24484,retained_0,23461888,,59504768,memory-auto,H,review-memory-auto-block3-4-H,TestSharingMappedMemory,1032,606208,262144
0,467648,1073152,2006,9502720,99917,0,,24484,released_0,22921216,,59515000,memory-auto,H,review-memory-auto-block3-4-H,TestSharingMappedMemory,1032,0,0
134972,543056,1163264,2112,9125888,100791,36,,24484,retained_1,23584768,,60756784,memory-auto,H,review-memory-auto-block3-4-H,TestSharingMappedMemory,1032,606208,262144
0,467648,1064960,2006,9519104,100892,0,,24484,released_1,22929408,,60767016,memory-auto,H,review-memory-auto-block3-4-H,TestSharingMappedMemory,1032,0,0
134972,543056,1155072,2112,9142272,101766,36,,24484,retained_2,23568384,,62008800,memory-auto,H,review-memory-auto-block3-4-H,TestSharingMappedMemory,1032,606208,262144
0,467648,1064960,2006,9535488,101867,0,,24484,released_2,22913024,,62019032,memory-auto,H,review-memory-auto-block3-4-H,TestSharingMappedMemory,1032,0,0
