code_bytes,heap_alloc,heap_inuse,heap_objects,heap_released,mallocs,modules,native,peak_rss_kib,phase,rss_bytes,statm,total_alloc,cohort,revision,process,scenario,functions_per_corpus,mapped_bytes,payload_bytes_page_rounded
0,219000,704512,733,2785280,5481,0,"{'Supported': True, 'Active': 0, 'Cached': 0, 'Registered': 0, 'PeakRegistered': 0, 'Capacity': 4096, 'ScanSpan': 0}",13772,initial,14110720,"376143 3445 2194 1733 0 26893 0
",434464,rss-repeat,A,rss-repeat-memory-block1-1-A,TestSharingMemory,,,
0,1178088,1933312,1302,3375104,60546,0,"{'Supported': True, 'Active': 0, 'Cached': 0, 'Registered': 0, 'PeakRegistered': 0, 'Capacity': 4096, 'ScanSpan': 0}",22120,compile_release_270,22732800,"392737 5550 2974 1733 0 28160 0
",38205008,rss-repeat,A,rss-repeat-memory-block1-1-A,TestSharingMemory,,,
167268,1562552,2195456,1696,3375104,67817,36,"{'Supported': True, 'Active': 0, 'Cached': 0, 'Registered': 0, 'PeakRegistered': 0, 'Capacity': 4096, 'ScanSpan': 0}",22120,retained_0,22773760,"392737 5560 2974 1733 0 28160 0
",43242296,rss-repeat,A,rss-repeat-memory-block1-1-A,TestSharingMemory,,,
0,1558264,2179072,1669,5210112,68058,0,"{'Supported': True, 'Active': 0, 'Cached': 0, 'Registered': 0, 'PeakRegistered': 0, 'Capacity': 4096, 'ScanSpan': 0}",22120,released_0,20938752,"392737 5112 2974 1733 0 28160 0
",43256784,rss-repeat,A,rss-repeat-memory-block1-1-A,TestSharingMemory,,,
167268,1562568,2179072,1697,3981312,75321,36,"{'Supported': True, 'Active': 0, 'Cached': 0, 'Registered': 0, 'PeakRegistered': 0, 'Capacity': 4096, 'ScanSpan': 0}",22120,retained_1,21913600,"392737 5350 2974 1733 0 28160 0
",48292568,rss-repeat,A,rss-repeat-memory-block1-1-A,TestSharingMemory,,,
0,1558264,2162688,1669,4243456,75561,0,"{'Supported': True, 'Active': 0, 'Cached': 0, 'Registered': 0, 'PeakRegistered': 0, 'Capacity': 4096, 'ScanSpan': 0}",22120,released_1,21667840,"392737 5290 2974 1733 0 28160 0
",48307040,rss-repeat,A,rss-repeat-memory-block1-1-A,TestSharingMemory,,,
167268,1562568,2179072,1697,4128768,82824,36,"{'Supported': True, 'Active': 0, 'Cached': 0, 'Registered': 0, 'PeakRegistered': 0, 'Capacity': 4096, 'ScanSpan': 0}",22120,retained_2,21983232,"392737 5367 2974 1733 0 28160 0
",53342824,rss-repeat,A,rss-repeat-memory-block1-1-A,TestSharingMemory,,,
0,1558264,2162688,1669,4259840,83064,0,"{'Supported': True, 'Active': 0, 'Cached': 0, 'Registered': 0, 'PeakRegistered': 0, 'Capacity': 4096, 'ScanSpan': 0}",22120,released_2,21909504,"392737 5349 2974 1733 0 28160 0
",53357296,rss-repeat,A,rss-repeat-memory-block1-1-A,TestSharingMemory,,,
0,212080,712704,794,5701632,83152,0,"{'Supported': True, 'Active': 0, 'Cached': 0, 'Registered': 0, 'PeakRegistered': 0, 'Capacity': 4096, 'ScanSpan': 0}",22120,runtime_released,20590592,"392737 5027 3004 1733 0 28160 0
",53364432,rss-repeat,A,rss-repeat-memory-block1-1-A,TestSharingMemory,,,
0,368800,892928,1900,5505024,88928,0,,22120,initial,20828160,,53761672,rss-repeat,A,rss-repeat-memory-block1-1-A,TestSharingMappedMemory,1032,0,0
0,366728,884736,1889,3899392,95231,0,,22572,compile_release_270,22523904,,73007848,rss-repeat,A,rss-repeat-memory-block1-1-A,TestSharingMappedMemory,1032,0,0
167268,446808,1007616,2014,4521984,96168,36,,22572,retained_0,22196224,,75587160,rss-repeat,A,rss-repeat-memory-block1-1-A,TestSharingMappedMemory,1032,606208,278528
0,371400,901120,1908,4521984,96257,0,,22572,released_0,21921792,,75593560,rss-repeat,A,rss-repeat-memory-block1-1-A,TestSharingMappedMemory,1032,0,0
167268,446808,1007616,2014,4554752,97175,36,,22572,retained_1,22183936,,78166056,rss-repeat,A,rss-repeat-memory-block1-1-A,TestSharingMappedMemory,1032,606208,278528
0,371400,901120,1908,4554752,97264,0,,22572,released_1,21905408,,78172456,rss-repeat,A,rss-repeat-memory-block1-1-A,TestSharingMappedMemory,1032,0,0
167268,446808,1007616,2014,4554752,98182,36,,22572,retained_2,22192128,,80744952,rss-repeat,A,rss-repeat-memory-block1-1-A,TestSharingMappedMemory,1032,606208,278528
0,371400,901120,1908,4554752,98271,0,,22572,released_2,21913600,,80751352,rss-repeat,A,rss-repeat-memory-block1-1-A,TestSharingMappedMemory,1032,0,0
0,212944,704512,723,7012352,5471,0,"{'Supported': True, 'Active': 0, 'Cached': 0, 'Registered': 0, 'PeakRegistered': 0, 'Capacity': 4096, 'ScanSpan': 0}",13772,initial,14065664,"357710 3434 2191 1733 0 25836 0
",428408,rss-repeat,A,rss-repeat-memory-block1-6-A,TestSharingMemory,,,
0,1051104,1736704,1268,7643136,60537,0,"{'Supported': True, 'Active': 0, 'Cached': 0, 'Registered': 0, 'PeakRegistered': 0, 'Capacity': 4096, 'ScanSpan': 0}",22120,compile_release_270,22298624,"374304 5444 2971 1733 0 27103 0
",38198968,rss-repeat,A,rss-repeat-memory-block1-6-A,TestSharingMemory,,,
167268,1556544,2260992,1689,7618560,67808,36,"{'Supported': True, 'Active': 0, 'Cached': 0, 'Registered': 0, 'PeakRegistered': 0, 'Capacity': 4096, 'ScanSpan': 0}",22120,retained_0,22376448,"374304 5463 2971 1733 0 27103 0
",43236256,rss-repeat,A,rss-repeat-memory-block1-6-A,TestSharingMemory,,,
0,1552240,2244608,1661,9453568,68048,0,"{'Supported': True, 'Active': 0, 'Cached': 0, 'Registered': 0, 'PeakRegistered': 0, 'Capacity': 4096, 'ScanSpan': 0}",22120,released_0,20541440,"374304 5015 2971 1733 0 27103 0
",43250728,rss-repeat,A,rss-repeat-memory-block1-6-A,TestSharingMemory,,,
167268,1556496,2154496,1686,7913472,75311,36,"{'Supported': True, 'Active': 0, 'Cached': 0, 'Registered': 0, 'PeakRegistered': 0, 'Capacity': 4096, 'ScanSpan': 0}",22120,retained_1,21868544,"374304 5339 2971 1733 0 27103 0
",48286512,rss-repeat,A,rss-repeat-memory-block1-6-A,TestSharingMemory,,,
0,1552192,2138112,1658,8830976,75551,0,"{'Supported': True, 'Active': 0, 'Cached': 0, 'Registered': 0, 'PeakRegistered': 0, 'Capacity': 4096, 'ScanSpan': 0}",22120,released_1,21057536,"374304 5141 2971 1733 0 27103 0
",48300984,rss-repeat,A,rss-repeat-memory-block1-6-A,TestSharingMemory,,,
167268,1556512,2179072,1687,8208384,82814,36,"{'Supported': True, 'Active': 0, 'Cached': 0, 'Registered': 0, 'PeakRegistered': 0, 'Capacity': 4096, 'ScanSpan': 0}",22120,retained_2,21610496,"374304 5276 2971 1733 0 27103 0
",53336768,rss-repeat,A,rss-repeat-memory-block1-6-A,TestSharingMemory,,,
0,1552208,2162688,1659,8470528,83054,0,"{'Supported': True, 'Active': 0, 'Cached': 0, 'Registered': 0, 'PeakRegistered': 0, 'Capacity': 4096, 'ScanSpan': 0}",22120,released_2,21475328,"374304 5243 2971 1733 0 27103 0
",53351240,rss-repeat,A,rss-repeat-memory-block1-6-A,TestSharingMemory,,,
0,206024,712704,784,9912320,83142,0,"{'Supported': True, 'Active': 0, 'Cached': 0, 'Registered': 0, 'PeakRegistered': 0, 'Capacity': 4096, 'ScanSpan': 0}",22120,runtime_released,20230144,"374304 4939 3001 1733 0 27103 0
",53358376,rss-repeat,A,rss-repeat-memory-block1-6-A,TestSharingMemory,,,
0,362744,892928,1890,9846784,88918,0,,22120,initial,20451328,,53755616,rss-repeat,A,rss-repeat-memory-block1-6-A,TestSharingMappedMemory,1032,0,0
0,360688,884736,1880,7307264,95221,0,,22540,compile_release_270,23113728,,73001792,rss-repeat,A,rss-repeat-memory-block1-6-A,TestSharingMappedMemory,1032,0,0
167268,439344,991232,1995,8486912,96160,36,,22796,retained_0,22372352,,75581240,rss-repeat,A,rss-repeat-memory-block1-6-A,TestSharingMappedMemory,1032,606208,278528
0,365328,901120,1897,10911744,96258,0,,22796,released_0,19668992,,75589184,rss-repeat,A,rss-repeat-memory-block1-6-A,TestSharingMappedMemory,1032,0,0
167268,439344,991232,1995,8781824,97178,36,,22796,retained_1,21524480,,78161816,rss-repeat,A,rss-repeat-memory-block1-6-A,TestSharingMappedMemory,1032,606208,278528
0,365328,901120,1897,10878976,97276,0,,22796,released_1,19681280,,78169760,rss-repeat,A,rss-repeat-memory-block1-6-A,TestSharingMappedMemory,1032,0,0
167268,439344,991232,1995,8790016,98196,36,,22796,retained_2,21524480,,80742392,rss-repeat,A,rss-repeat-memory-block1-6-A,TestSharingMappedMemory,1032,606208,278528
0,365328,901120,1897,10862592,98294,0,,22796,released_2,19709952,,80750336,rss-repeat,A,rss-repeat-memory-block1-6-A,TestSharingMappedMemory,1032,0,0
0,213904,704512,729,7012352,5477,0,"{'Supported': True, 'Active': 0, 'Cached': 0, 'Registered': 0, 'PeakRegistered': 0, 'Capacity': 4096, 'ScanSpan': 0}",13796,initial,14159872,"374112 3457 2212 1733 0 25854 0
",429368,rss-repeat,A,rss-repeat-memory-block2-1-A,TestSharingMemory,,,
0,1173328,1925120,1301,3276800,60544,0,"{'Supported': True, 'Active': 0, 'Cached': 0, 'Registered': 0, 'PeakRegistered': 0, 'Capacity': 4096, 'ScanSpan': 0}",20028,compile_release_270,20647936,"390706 5041 2976 1733 0 26097 0
",38200248,rss-repeat,A,rss-repeat-memory-block2-1-A,TestSharingMemory,,,
167268,1557776,2187264,1694,3276800,67815,36,"{'Supported': True, 'Active': 0, 'Cached': 0, 'Registered': 0, 'PeakRegistered': 0, 'Capacity': 4096, 'ScanSpan': 0}",20028,retained_0,20680704,"390706 5049 2976 1733 0 26097 0
",43237536,rss-repeat,A,rss-repeat-memory-block2-1-A,TestSharingMemory,,,
0,1553488,2170880,1667,5242880,68056,0,"{'Supported': True, 'Active': 0, 'Cached': 0, 'Registered': 0, 'PeakRegistered': 0, 'Capacity': 4096, 'ScanSpan': 0}",20028,released_0,18714624,"390706 4569 2976 1733 0 26097 0
",43252024,rss-repeat,A,rss-repeat-memory-block2-1-A,TestSharingMemory,,,
167268,1557792,2170880,1695,3997696,75319,36,"{'Supported': True, 'Active': 0, 'Cached': 0, 'Registered': 0, 'PeakRegistered': 0, 'Capacity': 4096, 'ScanSpan': 0}",20028,retained_1,19816448,"390706 4838 2976 1733 0 26097 0
",48287808,rss-repeat,A,rss-repeat-memory-block2-1-A,TestSharingMemory,,,
0,1553488,2154496,1667,4325376,75559,0,"{'Supported': True, 'Active': 0, 'Cached': 0, 'Registered': 0, 'PeakRegistered': 0, 'Capacity': 4096, 'ScanSpan': 0}",20028,released_1,19488768,"390706 4758 2976 1733 0 26097 0
",48302280,rss-repeat,A,rss-repeat-memory-block2-1-A,TestSharingMemory,,,
167268,1557792,2146304,1695,4046848,82822,36,"{'Supported': True, 'Active': 0, 'Cached': 0, 'Registered': 0, 'PeakRegistered': 0, 'Capacity': 4096, 'ScanSpan': 0}",20028,retained_2,19841024,"390706 4844 2976 1733 0 26097 0
",53338064,rss-repeat,A,rss-repeat-memory-block2-1-A,TestSharingMemory,,,
0,1553488,2129920,1667,4636672,83062,0,"{'Supported': True, 'Active': 0, 'Cached': 0, 'Registered': 0, 'PeakRegistered': 0, 'Capacity': 4096, 'ScanSpan': 0}",20028,released_2,19353600,"390706 4725 2976 1733 0 26097 0
",53352536,rss-repeat,A,rss-repeat-memory-block2-1-A,TestSharingMemory,,,
0,207304,712704,792,5750784,83150,0,"{'Supported': True, 'Active': 0, 'Cached': 0, 'Registered': 0, 'PeakRegistered': 0, 'Capacity': 4096, 'ScanSpan': 0}",20028,runtime_released,18370560,"390706 4485 3006 1733 0 26097 0
",53359672,rss-repeat,A,rss-repeat-memory-block2-1-A,TestSharingMemory,,,
0,364024,892928,1898,5627904,88926,0,,20028,initial,18649088,,53756912,rss-repeat,A,rss-repeat-memory-block2-1-A,TestSharingMappedMemory,1032,0,0
0,361968,884736,1888,7348224,95229,0,,22748,compile_release_270,22122496,,73003072,rss-repeat,A,rss-repeat-memory-block2-1-A,TestSharingMappedMemory,1032,0,0
167268,440624,991232,2003,8527872,96168,36,,22748,retained_0,21561344,,75582520,rss-repeat,A,rss-repeat-memory-block2-1-A,TestSharingMappedMemory,1032,606208,278528
0,366608,901120,1905,10887168,96266,0,,22748,released_0,18923520,,75590464,rss-repeat,A,rss-repeat-memory-block2-1-A,TestSharingMappedMemory,1032,0,0
167268,440624,991232,2003,8749056,97186,36,,22748,retained_1,20598784,,78163096,rss-repeat,A,rss-repeat-memory-block2-1-A,TestSharingMappedMemory,1032,606208,278528
0,366608,901120,1905,10911744,97284,0,,22748,released_1,18894848,,78171040,rss-repeat,A,rss-repeat-memory-block2-1-A,TestSharingMappedMemory,1032,0,0
167268,440624,991232,2003,8790016,98204,36,,22748,retained_2,20557824,,80743672,rss-repeat,A,rss-repeat-memory-block2-1-A,TestSharingMappedMemory,1032,606208,278528
0,366608,901120,1905,10862592,98302,0,,22748,released_2,18939904,,80751616,rss-repeat,A,rss-repeat-memory-block2-1-A,TestSharingMappedMemory,1032,0,0
0,213104,704512,724,2818048,5472,0,"{'Supported': True, 'Active': 0, 'Cached': 0, 'Registered': 0, 'PeakRegistered': 0, 'Capacity': 4096, 'ScanSpan': 0}",13484,initial,11968512,"357710 2922 2191 1733 0 24812 0
",428568,rss-repeat,A,rss-repeat-memory-block2-6-A,TestSharingMemory,,,
0,1051248,1843200,1268,3366912,60537,0,"{'Supported': True, 'Active': 0, 'Cached': 0, 'Registered': 0, 'PeakRegistered': 0, 'Capacity': 4096, 'ScanSpan': 0}",19912,compile_release_270,20549632,"374304 5017 2955 1733 0 26079 0
",38199128,rss-repeat,A,rss-repeat-memory-block2-6-A,TestSharingMemory,,,
167268,1556656,2195456,1687,3366912,67808,36,"{'Supported': True, 'Active': 0, 'Cached': 0, 'Registered': 0, 'PeakRegistered': 0, 'Capacity': 4096, 'ScanSpan': 0}",19912,retained_0,20590592,"374304 5027 2955 1733 0 26079 0
",43236416,rss-repeat,A,rss-repeat-memory-block2-6-A,TestSharingMemory,,,
0,1552368,2179072,1660,5267456,68049,0,"{'Supported': True, 'Active': 0, 'Cached': 0, 'Registered': 0, 'PeakRegistered': 0, 'Capacity': 4096, 'ScanSpan': 0}",19912,released_0,18690048,"374304 4563 2955 1733 0 26079 0
",43250904,rss-repeat,A,rss-repeat-memory-block2-6-A,TestSharingMemory,,,
167268,1556672,2162688,1688,4063232,75312,36,"{'Supported': True, 'Active': 0, 'Cached': 0, 'Registered': 0, 'PeakRegistered': 0, 'Capacity': 4096, 'ScanSpan': 0}",19912,retained_1,19771392,"374304 4827 2955 1733 0 26079 0
",48286688,rss-repeat,A,rss-repeat-memory-block2-6-A,TestSharingMemory,,,
0,1552368,2146304,1660,4325376,75552,0,"{'Supported': True, 'Active': 0, 'Cached': 0, 'Registered': 0, 'PeakRegistered': 0, 'Capacity': 4096, 'ScanSpan': 0}",19912,released_1,19509248,"374304 4763 2955 1733 0 26079 0
",48301160,rss-repeat,A,rss-repeat-memory-block2-6-A,TestSharingMemory,,,
167268,1556672,2170880,1688,4112384,82815,36,"{'Supported': True, 'Active': 0, 'Cached': 0, 'Registered': 0, 'PeakRegistered': 0, 'Capacity': 4096, 'ScanSpan': 0}",19912,retained_2,19771392,"374304 4827 2955 1733 0 26079 0
",53336944,rss-repeat,A,rss-repeat-memory-block2-6-A,TestSharingMemory,,,
0,1552368,2154496,1660,4308992,83055,0,"{'Supported': True, 'Active': 0, 'Cached': 0, 'Registered': 0, 'PeakRegistered': 0, 'Capacity': 4096, 'ScanSpan': 0}",19912,released_2,19677184,"374304 4804 2955 1733 0 26079 0
",53351416,rss-repeat,A,rss-repeat-memory-block2-6-A,TestSharingMemory,,,
0,206184,712704,785,5750784,83143,0,"{'Supported': True, 'Active': 0, 'Cached': 0, 'Registered': 0, 'PeakRegistered': 0, 'Capacity': 4096, 'ScanSpan': 0}",19912,runtime_released,18366464,"374304 4484 2985 1733 0 26079 0
",53358552,rss-repeat,A,rss-repeat-memory-block2-6-A,TestSharingMemory,,,
0,362904,892928,1891,5619712,88919,0,,19912,initial,18657280,,53755792,rss-repeat,A,rss-repeat-memory-block2-6-A,TestSharingMappedMemory,1032,0,0
0,360848,884736,1881,3129344,95222,0,,20528,compile_release_270,20815872,,73001984,rss-repeat,A,rss-repeat-memory-block2-6-A,TestSharingMappedMemory,1032,0,0
167268,439504,991232,1996,4308992,96161,36,,20528,retained_0,19972096,,75581432,rss-repeat,A,rss-repeat-memory-block2-6-A,TestSharingMappedMemory,1032,606208,278528
0,365488,901120,1898,6668288,96259,0,,20528,released_0,17334272,,75589376,rss-repeat,A,rss-repeat-memory-block2-6-A,TestSharingMappedMemory,1032,0,0
167268,439504,991232,1996,4587520,97179,36,,20528,retained_1,19238912,,78162008,rss-repeat,A,rss-repeat-memory-block2-6-A,TestSharingMappedMemory,1032,606208,278528
0,365488,901120,1898,6733824,97277,0,,20528,released_1,17240064,,78169952,rss-repeat,A,rss-repeat-memory-block2-6-A,TestSharingMappedMemory,1032,0,0
167268,439504,991232,1996,4595712,98197,36,,20528,retained_2,19038208,,80742584,rss-repeat,A,rss-repeat-memory-block2-6-A,TestSharingMappedMemory,1032,606208,278528
0,365488,901120,1898,6668288,98295,0,,20528,released_2,17321984,,80750528,rss-repeat,A,rss-repeat-memory-block2-6-A,TestSharingMappedMemory,1032,0,0
0,213584,704512,727,2818048,5475,0,"{'Supported': True, 'Active': 0, 'Cached': 0, 'Registered': 0, 'PeakRegistered': 0, 'Capacity': 4096, 'ScanSpan': 0}",13696,initial,14032896,"374094 3426 2182 1733 0 24845 0
",429048,rss-repeat,A,rss-repeat-memory-block3-1-A,TestSharingMemory,,,
0,1051920,1744896,1274,3735552,60542,0,"{'Supported': True, 'Active': 0, 'Cached': 0, 'Registered': 0, 'PeakRegistered': 0, 'Capacity': 4096, 'ScanSpan': 0}",22140,compile_release_270,22048768,"374304 5383 2962 1733 0 26079 0
",38199768,rss-repeat,A,rss-repeat-memory-block3-1-A,TestSharingMemory,,,
167268,1557312,2260992,1692,3407872,67813,36,"{'Supported': True, 'Active': 0, 'Cached': 0, 'Registered': 0, 'PeakRegistered': 0, 'Capacity': 4096, 'ScanSpan': 0}",22140,retained_0,22159360,"374304 5410 2962 1733 0 26079 0
",43237072,rss-repeat,A,rss-repeat-memory-block3-1-A,TestSharingMemory,,,
0,1553008,2244608,1664,5242880,68053,0,"{'Supported': True, 'Active': 0, 'Cached': 0, 'Registered': 0, 'PeakRegistered': 0, 'Capacity': 4096, 'ScanSpan': 0}",22140,released_0,20529152,"374304 5012 2962 1733 0 26079 0
",43251544,rss-repeat,A,rss-repeat-memory-block3-1-A,TestSharingMemory,,,
167268,1557296,2154496,1691,3686400,75316,36,"{'Supported': True, 'Active': 0, 'Cached': 0, 'Registered': 0, 'PeakRegistered': 0, 'Capacity': 4096, 'ScanSpan': 0}",22140,retained_1,21782528,"374304 5318 2962 1733 0 26079 0
",48287328,rss-repeat,A,rss-repeat-memory-block3-1-A,TestSharingMemory,,,
0,1552992,2138112,1663,4669440,75556,0,"{'Supported': True, 'Active': 0, 'Cached': 0, 'Registered': 0, 'PeakRegistered': 0, 'Capacity': 4096, 'ScanSpan': 0}",22140,released_1,21110784,"374304 5154 2962 1733 0 26079 0
",48301800,rss-repeat,A,rss-repeat-memory-block3-1-A,TestSharingMemory,,,
167268,1557312,2170880,1692,4284416,82819,36,"{'Supported': True, 'Active': 0, 'Cached': 0, 'Registered': 0, 'PeakRegistered': 0, 'Capacity': 4096, 'ScanSpan': 0}",22140,retained_2,21475328,"374304 5243 2962 1733 0 26079 0
",53337584,rss-repeat,A,rss-repeat-memory-block3-1-A,TestSharingMemory,,,
0,1553008,2154496,1664,4284416,83059,0,"{'Supported': True, 'Active': 0, 'Cached': 0, 'Registered': 0, 'PeakRegistered': 0, 'Capacity': 4096, 'ScanSpan': 0}",22140,released_2,21475328,"374304 5243 2962 1733 0 26079 0
",53352056,rss-repeat,A,rss-repeat-memory-block3-1-A,TestSharingMemory,,,
0,206824,712704,789,5726208,83147,0,"{'Supported': True, 'Active': 0, 'Cached': 0, 'Registered': 0, 'PeakRegistered': 0, 'Capacity': 4096, 'ScanSpan': 0}",22140,runtime_released,20242432,"374304 4942 2992 1733 0 26079 0
",53359192,rss-repeat,A,rss-repeat-memory-block3-1-A,TestSharingMemory,,,
0,363544,892928,1895,5619712,88923,0,,22140,initial,20496384,,53756432,rss-repeat,A,rss-repeat-memory-block3-1-A,TestSharingMappedMemory,1032,0,0
0,361488,884736,1885,3129344,95226,0,,22552,compile_release_270,22958080,,73002608,rss-repeat,A,rss-repeat-memory-block3-1-A,TestSharingMappedMemory,1032,0,0
167268,441552,1007616,2009,4243456,96163,36,,22552,retained_0,22179840,,75581920,rss-repeat,A,rss-repeat-memory-block3-1-A,TestSharingMappedMemory,1032,606208,278528
0,366144,901120,1903,4243456,96252,0,,22552,released_0,21901312,,75588320,rss-repeat,A,rss-repeat-memory-block3-1-A,TestSharingMappedMemory,1032,0,0
167268,441552,1007616,2009,4579328,97170,36,,22552,retained_1,21852160,,78160816,rss-repeat,A,rss-repeat-memory-block3-1-A,TestSharingMappedMemory,1032,606208,278528
0,366144,901120,1903,4579328,97259,0,,22552,released_1,21573632,,78167216,rss-repeat,A,rss-repeat-memory-block3-1-A,TestSharingMappedMemory,1032,0,0
167268,441552,1007616,2009,4579328,98177,36,,22552,retained_2,21856256,,80739712,rss-repeat,A,rss-repeat-memory-block3-1-A,TestSharingMappedMemory,1032,606208,278528
0,366144,901120,1903,4579328,98266,0,,22552,released_2,21577728,,80746112,rss-repeat,A,rss-repeat-memory-block3-1-A,TestSharingMappedMemory,1032,0,0
0,213424,704512,726,2818048,5474,0,"{'Supported': True, 'Active': 0, 'Cached': 0, 'Registered': 0, 'PeakRegistered': 0, 'Capacity': 4096, 'ScanSpan': 0}",13780,initial,12009472,"374094 2932 2200 1733 0 24845 0
",428888,rss-repeat,A,rss-repeat-memory-block3-6-A,TestSharingMemory,,,
0,1172688,1925120,1297,3325952,60540,0,"{'Supported': True, 'Active': 0, 'Cached': 0, 'Registered': 0, 'PeakRegistered': 0, 'Capacity': 4096, 'ScanSpan': 0}",19856,compile_release_270,20553728,"374304 5018 2964 1733 0 26079 0
",38199592,rss-repeat,A,rss-repeat-memory-block3-6-A,TestSharingMemory,,,
167268,1557136,2187264,1690,3325952,67811,36,"{'Supported': True, 'Active': 0, 'Cached': 0, 'Registered': 0, 'PeakRegistered': 0, 'Capacity': 4096, 'ScanSpan': 0}",19984,retained_0,20590592,"374304 5027 2964 1733 0 26079 0
",43236880,rss-repeat,A,rss-repeat-memory-block3-6-A,TestSharingMemory,,,
0,1552848,2170880,1663,5292032,68052,0,"{'Supported': True, 'Active': 0, 'Cached': 0, 'Registered': 0, 'PeakRegistered': 0, 'Capacity': 4096, 'ScanSpan': 0}",19984,released_0,18624512,"374304 4547 2964 1733 0 26079 0
",43251368,rss-repeat,A,rss-repeat-memory-block3-6-A,TestSharingMemory,,,
167268,1557152,2146304,1691,4005888,75315,36,"{'Supported': True, 'Active': 0, 'Cached': 0, 'Registered': 0, 'PeakRegistered': 0, 'Capacity': 4096, 'ScanSpan': 0}",19984,retained_1,19775488,"374304 4828 2964 1733 0 26079 0
",48287152,rss-repeat,A,rss-repeat-memory-block3-6-A,TestSharingMemory,,,
0,1552848,2129920,1663,4661248,75555,0,"{'Supported': True, 'Active': 0, 'Cached': 0, 'Registered': 0, 'PeakRegistered': 0, 'Capacity': 4096, 'ScanSpan': 0}",19984,released_1,19255296,"374304 4701 2964 1733 0 26079 0
",48301624,rss-repeat,A,rss-repeat-memory-block3-6-A,TestSharingMemory,,,
167268,1557152,2146304,1691,4161536,82818,36,"{'Supported': True, 'Active': 0, 'Cached': 0, 'Registered': 0, 'PeakRegistered': 0, 'Capacity': 4096, 'ScanSpan': 0}",19984,retained_2,19603456,"374304 4786 2964 1733 0 26079 0
",53337408,rss-repeat,A,rss-repeat-memory-block3-6-A,TestSharingMemory,,,
0,1552848,2129920,1663,4685824,83058,0,"{'Supported': True, 'Active': 0, 'Cached': 0, 'Registered': 0, 'PeakRegistered': 0, 'Capacity': 4096, 'ScanSpan': 0}",19984,released_2,19271680,"374304 4705 2964 1733 0 26079 0
",53351880,rss-repeat,A,rss-repeat-memory-block3-6-A,TestSharingMemory,,,
0,206664,712704,788,5734400,83146,0,"{'Supported': True, 'Active': 0, 'Cached': 0, 'Registered': 0, 'PeakRegistered': 0, 'Capacity': 4096, 'ScanSpan': 0}",19984,runtime_released,18345984,"374304 4479 2994 1733 0 26079 0
",53359016,rss-repeat,A,rss-repeat-memory-block3-6-A,TestSharingMemory,,,
0,363384,892928,1894,5595136,88922,0,,19984,initial,18616320,,53756256,rss-repeat,A,rss-repeat-memory-block3-6-A,TestSharingMappedMemory,1032,0,0
0,361328,884736,1884,3391488,95225,0,,20444,compile_release_270,20799488,,73002432,rss-repeat,A,rss-repeat-memory-block3-6-A,TestSharingMappedMemory,1032,0,0
167268,441392,1007616,2008,4308992,96162,36,,20532,retained_0,20193280,,75581744,rss-repeat,A,rss-repeat-memory-block3-6-A,TestSharingMappedMemory,1032,606208,278528
0,365984,901120,1902,4308992,96251,0,,20532,released_0,19914752,,75588144,rss-repeat,A,rss-repeat-memory-block3-6-A,TestSharingMappedMemory,1032,0,0
167268,441392,1007616,2008,4595712,97169,36,,20532,retained_1,19914752,,78160640,rss-repeat,A,rss-repeat-memory-block3-6-A,TestSharingMappedMemory,1032,606208,278528
0,365984,901120,1902,4595712,97258,0,,20532,released_1,19636224,,78167040,rss-repeat,A,rss-repeat-memory-block3-6-A,TestSharingMappedMemory,1032,0,0
167268,441392,1007616,2008,4481024,98176,36,,20532,retained_2,19931136,,80739536,rss-repeat,A,rss-repeat-memory-block3-6-A,TestSharingMappedMemory,1032,606208,278528
0,365984,901120,1902,4481024,98265,0,,20532,released_2,19652608,,80745936,rss-repeat,A,rss-repeat-memory-block3-6-A,TestSharingMappedMemory,1032,0,0
0,218856,704512,733,2785280,5481,0,"{'Supported': True, 'Active': 0, 'Cached': 0, 'Registered': 0, 'PeakRegistered': 0, 'Capacity': 4096, 'ScanSpan': 0}",13780,initial,14336000,"376155 3500 2251 1739 0 26893 0
",434320,rss-repeat,G,rss-repeat-memory-block1-2-G,TestSharingMemory,,,
0,1217688,1875968,1442,3833856,60300,0,"{'Supported': True, 'Active': 0, 'Cached': 0, 'Registered': 0, 'PeakRegistered': 0, 'Capacity': 4096, 'ScanSpan': 0}",21472,compile_release_270,21417984,"392749 5229 2971 1739 0 28160 0
",28205120,rss-repeat,G,rss-repeat-memory-block1-2-G,TestSharingMemory,,,
163296,1557384,2228224,1693,3833856,67537,36,"{'Supported': True, 'Active': 0, 'Cached': 0, 'Registered': 0, 'PeakRegistered': 0, 'Capacity': 4096, 'ScanSpan': 0}",21472,retained_0,21446656,"392749 5236 2971 1739 0 28160 0
",31909024,rss-repeat,G,rss-repeat-memory-block1-2-G,TestSharingMemory,,,
0,1553080,2211840,1665,4096000,67777,0,"{'Supported': True, 'Active': 0, 'Cached': 0, 'Registered': 0, 'PeakRegistered': 0, 'Capacity': 4096, 'ScanSpan': 0}",21472,released_0,21184512,"392749 5172 2971 1739 0 28160 0
",31923496,rss-repeat,G,rss-repeat-memory-block1-2-G,TestSharingMemory,,,
163296,1557400,2236416,1694,3907584,75006,36,"{'Supported': True, 'Active': 0, 'Cached': 0, 'Registered': 0, 'PeakRegistered': 0, 'Capacity': 4096, 'ScanSpan': 0}",21472,retained_1,21336064,"392749 5209 2971 1739 0 28160 0
",35625896,rss-repeat,G,rss-repeat-memory-block1-2-G,TestSharingMemory,,,
0,1553096,2220032,1666,4104192,75246,0,"{'Supported': True, 'Active': 0, 'Cached': 0, 'Registered': 0, 'PeakRegistered': 0, 'Capacity': 4096, 'ScanSpan': 0}",21472,released_1,21139456,"392749 5161 2971 1739 0 28160 0
",35640368,rss-repeat,G,rss-repeat-memory-block1-2-G,TestSharingMemory,,,
163296,1557384,2236416,1693,3866624,82475,36,"{'Supported': True, 'Active': 0, 'Cached': 0, 'Registered': 0, 'PeakRegistered': 0, 'Capacity': 4096, 'ScanSpan': 0}",21472,retained_2,21336064,"392749 5209 2971 1739 0 28160 0
",39342768,rss-repeat,G,rss-repeat-memory-block1-2-G,TestSharingMemory,,,
0,1553080,2220032,1665,4063232,82715,0,"{'Supported': True, 'Active': 0, 'Cached': 0, 'Registered': 0, 'PeakRegistered': 0, 'Capacity': 4096, 'ScanSpan': 0}",21472,released_2,21184512,"392749 5172 2971 1739 0 28160 0
",39357240,rss-repeat,G,rss-repeat-memory-block1-2-G,TestSharingMemory,,,
0,212096,712704,795,5636096,82803,0,"{'Supported': True, 'Active': 0, 'Cached': 0, 'Registered': 0, 'PeakRegistered': 0, 'Capacity': 4096, 'ScanSpan': 0}",21472,runtime_released,19742720,"392749 4820 3001 1739 0 28160 0
",39364376,rss-repeat,G,rss-repeat-memory-block1-2-G,TestSharingMemory,,,
0,368816,892928,1901,5488640,88579,0,,21472,initial,19906560,,39761616,rss-repeat,G,rss-repeat-memory-block1-2-G,TestSharingMappedMemory,1032,0,0
0,366760,884736,1891,3465216,94642,0,,21708,compile_release_270,22245376,,49046320,rss-repeat,G,rss-repeat-memory-block1-2-G,TestSharingMappedMemory,1032,0,0
163296,446808,999424,2014,5562368,95547,36,,21964,retained_0,20430848,,50297424,rss-repeat,G,rss-repeat-memory-block1-2-G,TestSharingMappedMemory,1032,606208,278528
0,371416,901120,1909,5693440,95636,0,,21964,released_0,20021248,,50303824,rss-repeat,G,rss-repeat-memory-block1-2-G,TestSharingMappedMemory,1032,0,0
163296,446808,999424,2014,5840896,96522,36,,21964,retained_1,20156416,,51548112,rss-repeat,G,rss-repeat-memory-block1-2-G,TestSharingMappedMemory,1032,606208,278528
0,371416,901120,1909,5840896,96611,0,,21964,released_1,19877888,,51554512,rss-repeat,G,rss-repeat-memory-block1-2-G,TestSharingMappedMemory,1032,0,0
163296,446808,999424,2014,5636096,97497,36,,21964,retained_2,20357120,,52798800,rss-repeat,G,rss-repeat-memory-block1-2-G,TestSharingMappedMemory,1032,606208,278528
0,371416,901120,1909,5767168,97586,0,,21964,released_2,19951616,,52805200,rss-repeat,G,rss-repeat-memory-block1-2-G,TestSharingMappedMemory,1032,0,0
0,219016,704512,734,6979584,5482,0,"{'Supported': True, 'Active': 0, 'Cached': 0, 'Registered': 0, 'PeakRegistered': 0, 'Capacity': 4096, 'ScanSpan': 0}",15892,initial,16470016,"376155 4021 2260 1739 0 27917 0
",434480,rss-repeat,G,rss-repeat-memory-block1-5-G,TestSharingMemory,,,
0,1388584,2072576,1491,3244032,60300,0,"{'Supported': True, 'Active': 0, 'Cached': 0, 'Registered': 0, 'PeakRegistered': 0, 'Capacity': 4096, 'ScanSpan': 0}",22196,compile_release_270,22753280,"392749 5555 2980 1739 0 28160 0
",28205136,rss-repeat,G,rss-repeat-memory-block1-5-G,TestSharingMemory,,,
163296,1557384,2211840,1693,3637248,67537,36,"{'Supported': True, 'Active': 0, 'Cached': 0, 'Registered': 0, 'PeakRegistered': 0, 'Capacity': 4096, 'ScanSpan': 0}",22196,retained_0,22405120,"392749 5470 2980 1739 0 28160 0
",31909040,rss-repeat,G,rss-repeat-memory-block1-5-G,TestSharingMemory,,,
0,1553080,2195456,1665,4030464,67777,0,"{'Supported': True, 'Active': 0, 'Cached': 0, 'Registered': 0, 'PeakRegistered': 0, 'Capacity': 4096, 'ScanSpan': 0}",22196,released_0,22011904,"392749 5374 2980 1739 0 28160 0
",31923512,rss-repeat,G,rss-repeat-memory-block1-5-G,TestSharingMemory,,,
163296,1557384,2236416,1693,4022272,75008,36,"{'Supported': True, 'Active': 0, 'Cached': 0, 'Registered': 0, 'PeakRegistered': 0, 'Capacity': 4096, 'ScanSpan': 0}",22196,retained_1,22036480,"392749 5380 2980 1739 0 28160 0
",35626048,rss-repeat,G,rss-repeat-memory-block1-5-G,TestSharingMemory,,,
0,1553080,2220032,1665,5529600,75248,0,"{'Supported': True, 'Active': 0, 'Cached': 0, 'Registered': 0, 'PeakRegistered': 0, 'Capacity': 4096, 'ScanSpan': 0}",22196,released_1,20529152,"392749 5012 2980 1739 0 28160 0
",35640520,rss-repeat,G,rss-repeat-memory-block1-5-G,TestSharingMemory,,,
163296,1557384,2236416,1693,3923968,82477,36,"{'Supported': True, 'Active': 0, 'Cached': 0, 'Registered': 0, 'PeakRegistered': 0, 'Capacity': 4096, 'ScanSpan': 0}",22196,retained_2,22032384,"392749 5379 2980 1739 0 28160 0
",39342920,rss-repeat,G,rss-repeat-memory-block1-5-G,TestSharingMemory,,,
0,1553080,2220032,1665,4120576,82717,0,"{'Supported': True, 'Active': 0, 'Cached': 0, 'Registered': 0, 'PeakRegistered': 0, 'Capacity': 4096, 'ScanSpan': 0}",22196,released_2,21839872,"392749 5332 2980 1739 0 28160 0
",39357392,rss-repeat,G,rss-repeat-memory-block1-5-G,TestSharingMemory,,,
0,212096,712704,795,5627904,82805,0,"{'Supported': True, 'Active': 0, 'Cached': 0, 'Registered': 0, 'PeakRegistered': 0, 'Capacity': 4096, 'ScanSpan': 0}",22196,runtime_released,20475904,"392749 4999 3010 1739 0 28160 0
",39364528,rss-repeat,G,rss-repeat-memory-block1-5-G,TestSharingMemory,,,
0,368816,892928,1901,5488640,88581,0,,22196,initial,20664320,,39761768,rss-repeat,G,rss-repeat-memory-block1-5-G,TestSharingMappedMemory,1032,0,0
0,366744,884736,1890,3489792,94644,0,,22236,compile_release_270,22913024,,49046456,rss-repeat,G,rss-repeat-memory-block1-5-G,TestSharingMappedMemory,1032,0,0
163296,446808,999424,2014,5693440,95549,36,,22492,retained_0,20987904,,50297560,rss-repeat,G,rss-repeat-memory-block1-5-G,TestSharingMappedMemory,1032,606208,278528
0,371416,901120,1909,5693440,95638,0,,22492,released_0,20709376,,50303960,rss-repeat,G,rss-repeat-memory-block1-5-G,TestSharingMappedMemory,1032,0,0
163296,446808,999424,2014,5767168,96524,36,,22492,retained_1,20918272,,51548248,rss-repeat,G,rss-repeat-memory-block1-5-G,TestSharingMappedMemory,1032,606208,278528
0,371416,901120,1909,5767168,96613,0,,22492,released_1,20639744,,51554648,rss-repeat,G,rss-repeat-memory-block1-5-G,TestSharingMappedMemory,1032,0,0
163296,446808,999424,2014,5767168,97499,36,,22492,retained_2,20922368,,52798936,rss-repeat,G,rss-repeat-memory-block1-5-G,TestSharingMappedMemory,1032,606208,278528
0,371416,901120,1909,5767168,97588,0,,22492,released_2,20643840,,52805336,rss-repeat,G,rss-repeat-memory-block1-5-G,TestSharingMappedMemory,1032,0,0
0,219016,704512,734,2785280,5482,0,"{'Supported': True, 'Active': 0, 'Cached': 0, 'Registered': 0, 'PeakRegistered': 0, 'Capacity': 4096, 'ScanSpan': 0}",13860,initial,14417920,"376155 3520 2272 1739 0 26893 0
",434480,rss-repeat,G,rss-repeat-memory-block2-2-G,TestSharingMemory,,,
0,1388888,2064384,1492,3801088,60302,0,"{'Supported': True, 'Active': 0, 'Cached': 0, 'Registered': 0, 'PeakRegistered': 0, 'Capacity': 4096, 'ScanSpan': 0}",22280,compile_release_270,22167552,"392749 5412 3008 1739 0 28160 0
",28205440,rss-repeat,G,rss-repeat-memory-block2-2-G,TestSharingMemory,,,
163296,1557704,2236416,1695,4063232,67541,36,"{'Supported': True, 'Active': 0, 'Cached': 0, 'Registered': 0, 'PeakRegistered': 0, 'Capacity': 4096, 'ScanSpan': 0}",22280,retained_0,21925888,"392749 5353 3008 1739 0 28160 0
",31909480,rss-repeat,G,rss-repeat-memory-block2-2-G,TestSharingMemory,,,
0,1553400,2220032,1667,5505024,67781,0,"{'Supported': True, 'Active': 0, 'Cached': 0, 'Registered': 0, 'PeakRegistered': 0, 'Capacity': 4096, 'ScanSpan': 0}",22280,released_0,20484096,"392749 5001 3008 1739 0 28160 0
",31923952,rss-repeat,G,rss-repeat-memory-block2-2-G,TestSharingMemory,,,
163296,1557720,2203648,1696,4046848,75012,36,"{'Supported': True, 'Active': 0, 'Cached': 0, 'Registered': 0, 'PeakRegistered': 0, 'Capacity': 4096, 'ScanSpan': 0}",22280,retained_1,21651456,"392749 5286 3008 1739 0 28160 0
",35626488,rss-repeat,G,rss-repeat-memory-block2-2-G,TestSharingMemory,,,
0,1553416,2187264,1668,5406720,75252,0,"{'Supported': True, 'Active': 0, 'Cached': 0, 'Registered': 0, 'PeakRegistered': 0, 'Capacity': 4096, 'ScanSpan': 0}",22280,released_1,20361216,"392749 4971 3008 1739 0 28160 0
",35640960,rss-repeat,G,rss-repeat-memory-block2-2-G,TestSharingMemory,,,
163296,1557720,2236416,1696,4046848,82483,36,"{'Supported': True, 'Active': 0, 'Cached': 0, 'Registered': 0, 'PeakRegistered': 0, 'Capacity': 4096, 'ScanSpan': 0}",22280,retained_2,21794816,"392749 5321 3008 1739 0 28160 0
",39343496,rss-repeat,G,rss-repeat-memory-block2-2-G,TestSharingMemory,,,
0,1553416,2220032,1668,5554176,82723,0,"{'Supported': True, 'Active': 0, 'Cached': 0, 'Registered': 0, 'PeakRegistered': 0, 'Capacity': 4096, 'ScanSpan': 0}",22280,released_2,20373504,"392749 4974 3008 1739 0 28160 0
",39357968,rss-repeat,G,rss-repeat-memory-block2-2-G,TestSharingMemory,,,
0,212416,712704,797,5619712,82811,0,"{'Supported': True, 'Active': 0, 'Cached': 0, 'Registered': 0, 'PeakRegistered': 0, 'Capacity': 4096, 'ScanSpan': 0}",22280,runtime_released,20430848,"392749 4988 3038 1739 0 28160 0
",39365104,rss-repeat,G,rss-repeat-memory-block2-2-G,TestSharingMemory,,,
0,369136,892928,1903,5447680,88587,0,,22280,initial,20615168,,39762344,rss-repeat,G,rss-repeat-memory-block2-2-G,TestSharingMappedMemory,1032,0,0
0,367080,884736,1893,3522560,94650,0,,22368,compile_release_270,22847488,,49047032,rss-repeat,G,rss-repeat-memory-block2-2-G,TestSharingMappedMemory,1032,0,0
163296,447128,999424,2016,5652480,95555,36,,22496,retained_0,21004288,,50298136,rss-repeat,G,rss-repeat-memory-block2-2-G,TestSharingMappedMemory,1032,606208,278528
0,371736,901120,1911,5652480,95644,0,,22496,released_0,20725760,,50304536,rss-repeat,G,rss-repeat-memory-block2-2-G,TestSharingMappedMemory,1032,0,0
163296,447128,999424,2016,5668864,96530,36,,22496,retained_1,20987904,,51548824,rss-repeat,G,rss-repeat-memory-block2-2-G,TestSharingMappedMemory,1032,606208,278528
0,371736,901120,1911,5668864,96619,0,,22496,released_1,20709376,,51555224,rss-repeat,G,rss-repeat-memory-block2-2-G,TestSharingMappedMemory,1032,0,0
163296,447128,999424,2016,5668864,97505,36,,22496,retained_2,20987904,,52799512,rss-repeat,G,rss-repeat-memory-block2-2-G,TestSharingMappedMemory,1032,606208,278528
0,371736,901120,1911,5668864,97594,0,,22496,released_2,20709376,,52805912,rss-repeat,G,rss-repeat-memory-block2-2-G,TestSharingMappedMemory,1032,0,0
0,213920,704512,730,2818048,5478,0,"{'Supported': True, 'Active': 0, 'Cached': 0, 'Registered': 0, 'PeakRegistered': 0, 'Capacity': 4096, 'ScanSpan': 0}",15916,initial,16429056,"357722 4011 2260 1739 0 24812 0
",429384,rss-repeat,G,rss-repeat-memory-block2-5-G,TestSharingMemory,,,
0,1383472,2064384,1486,3891200,60296,0,"{'Supported': True, 'Active': 0, 'Cached': 0, 'Registered': 0, 'PeakRegistered': 0, 'Capacity': 4096, 'ScanSpan': 0}",22424,compile_release_270,22482944,"374316 5489 2980 1739 0 26079 0
",28200024,rss-repeat,G,rss-repeat-memory-block2-5-G,TestSharingMemory,,,
163296,1552288,2211840,1689,3891200,67533,36,"{'Supported': True, 'Active': 0, 'Cached': 0, 'Registered': 0, 'PeakRegistered': 0, 'Capacity': 4096, 'ScanSpan': 0}",22424,retained_0,22573056,"374316 5511 2996 1739 0 26079 0
",31903928,rss-repeat,G,rss-repeat-memory-block2-5-G,TestSharingMemory,,,
0,1547984,2195456,1661,4087808,67773,0,"{'Supported': True, 'Active': 0, 'Cached': 0, 'Registered': 0, 'PeakRegistered': 0, 'Capacity': 4096, 'ScanSpan': 0}",22424,released_0,22376448,"374316 5463 2996 1739 0 26079 0
",31918400,rss-repeat,G,rss-repeat-memory-block2-5-G,TestSharingMemory,,,
163296,1552304,2228224,1690,3612672,75002,36,"{'Supported': True, 'Active': 0, 'Cached': 0, 'Registered': 0, 'PeakRegistered': 0, 'Capacity': 4096, 'ScanSpan': 0}",22424,retained_1,22736896,"374316 5551 2996 1739 0 26079 0
",35620800,rss-repeat,G,rss-repeat-memory-block2-5-G,TestSharingMemory,,,
0,1548000,2211840,1662,4136960,75242,0,"{'Supported': True, 'Active': 0, 'Cached': 0, 'Registered': 0, 'PeakRegistered': 0, 'Capacity': 4096, 'ScanSpan': 0}",22424,released_1,22343680,"374316 5455 2996 1739 0 26079 0
",35635272,rss-repeat,G,rss-repeat-memory-block2-5-G,TestSharingMemory,,,
163296,1552288,2220032,1689,3923968,82471,36,"{'Supported': True, 'Active': 0, 'Cached': 0, 'Registered': 0, 'PeakRegistered': 0, 'Capacity': 4096, 'ScanSpan': 0}",22424,retained_2,22511616,"374316 5496 2996 1739 0 26079 0
",39337672,rss-repeat,G,rss-repeat-memory-block2-5-G,TestSharingMemory,,,
0,1547984,2203648,1661,4120576,82711,0,"{'Supported': True, 'Active': 0, 'Cached': 0, 'Registered': 0, 'PeakRegistered': 0, 'Capacity': 4096, 'ScanSpan': 0}",22424,released_2,22327296,"374316 5451 2996 1739 0 26079 0
",39352144,rss-repeat,G,rss-repeat-memory-block2-5-G,TestSharingMemory,,,
0,207000,704512,791,5693440,82799,0,"{'Supported': True, 'Active': 0, 'Cached': 0, 'Registered': 0, 'PeakRegistered': 0, 'Capacity': 4096, 'ScanSpan': 0}",22424,runtime_released,20877312,"374316 5097 3026 1739 0 26079 0
",39359280,rss-repeat,G,rss-repeat-memory-block2-5-G,TestSharingMemory,,,
0,363720,884736,1897,5488640,88575,0,,22424,initial,21102592,,39756520,rss-repeat,G,rss-repeat-memory-block2-5-G,TestSharingMappedMemory,1032,0,0
0,361648,876544,1886,3522560,94638,0,,22620,compile_release_270,23306240,,49041208,rss-repeat,G,rss-repeat-memory-block2-5-G,TestSharingMappedMemory,1032,0,0
163296,441712,991232,2010,5718016,95543,36,,22876,retained_0,21393408,,50292312,rss-repeat,G,rss-repeat-memory-block2-5-G,TestSharingMappedMemory,1032,606208,278528
0,366320,892928,1905,5718016,95632,0,,22876,released_0,21114880,,50298712,rss-repeat,G,rss-repeat-memory-block2-5-G,TestSharingMappedMemory,1032,0,0
163296,441712,991232,2010,5718016,96518,36,,22876,retained_1,21397504,,51543000,rss-repeat,G,rss-repeat-memory-block2-5-G,TestSharingMappedMemory,1032,606208,278528
0,366320,892928,1905,5718016,96607,0,,22876,released_1,21118976,,51549400,rss-repeat,G,rss-repeat-memory-block2-5-G,TestSharingMappedMemory,1032,0,0
163296,441712,991232,2010,5718016,97493,36,,22876,retained_2,21401600,,52793688,rss-repeat,G,rss-repeat-memory-block2-5-G,TestSharingMappedMemory,1032,606208,278528
0,366320,892928,1905,5718016,97582,0,,22876,released_2,21123072,,52800088,rss-repeat,G,rss-repeat-memory-block2-5-G,TestSharingMappedMemory,1032,0,0
0,219176,704512,735,2785280,5483,0,"{'Supported': True, 'Active': 0, 'Cached': 0, 'Registered': 0, 'PeakRegistered': 0, 'Capacity': 4096, 'ScanSpan': 0}",13772,initial,14249984,"376155 3479 2231 1739 0 26893 0
",434640,rss-repeat,G,rss-repeat-memory-block3-2-G,TestSharingMemory,,,
0,1389048,2088960,1493,3792896,60303,0,"{'Supported': True, 'Active': 0, 'Cached': 0, 'Registered': 0, 'PeakRegistered': 0, 'Capacity': 4096, 'ScanSpan': 0}",22072,compile_release_270,22118400,"392749 5400 2951 1739 0 28160 0
",28205600,rss-repeat,G,rss-repeat-memory-block3-2-G,TestSharingMemory,,,
163296,1557864,2220032,1696,3686400,67540,36,"{'Supported': True, 'Active': 0, 'Cached': 0, 'Registered': 0, 'PeakRegistered': 0, 'Capacity': 4096, 'ScanSpan': 0}",22072,retained_0,22228992,"392749 5427 2951 1739 0 28160 0
",31909504,rss-repeat,G,rss-repeat-memory-block3-2-G,TestSharingMemory,,,
0,1553560,2203648,1668,4276224,67780,0,"{'Supported': True, 'Active': 0, 'Cached': 0, 'Registered': 0, 'PeakRegistered': 0, 'Capacity': 4096, 'ScanSpan': 0}",22072,released_0,21655552,"392749 5287 2951 1739 0 28160 0
",31923976,rss-repeat,G,rss-repeat-memory-block3-2-G,TestSharingMemory,,,
163296,1557864,2211840,1696,3710976,75009,36,"{'Supported': True, 'Active': 0, 'Cached': 0, 'Registered': 0, 'PeakRegistered': 0, 'Capacity': 4096, 'ScanSpan': 0}",22072,retained_1,22089728,"392749 5393 2951 1739 0 28160 0
",35626376,rss-repeat,G,rss-repeat-memory-block3-2-G,TestSharingMemory,,,
0,1553560,2195456,1668,4104192,75249,0,"{'Supported': True, 'Active': 0, 'Cached': 0, 'Registered': 0, 'PeakRegistered': 0, 'Capacity': 4096, 'ScanSpan': 0}",22072,released_1,21807104,"392749 5324 2951 1739 0 28160 0
",35640848,rss-repeat,G,rss-repeat-memory-block3-2-G,TestSharingMemory,,,
163296,1557864,2244608,1696,3833856,82478,36,"{'Supported': True, 'Active': 0, 'Cached': 0, 'Registered': 0, 'PeakRegistered': 0, 'Capacity': 4096, 'ScanSpan': 0}",22072,retained_2,22011904,"392749 5374 2951 1739 0 28160 0
",39343248,rss-repeat,G,rss-repeat-memory-block3-2-G,TestSharingMemory,,,
0,1553560,2228224,1668,4096000,82718,0,"{'Supported': True, 'Active': 0, 'Cached': 0, 'Registered': 0, 'PeakRegistered': 0, 'Capacity': 4096, 'ScanSpan': 0}",22072,released_2,21839872,"392749 5332 2951 1739 0 28160 0
",39357720,rss-repeat,G,rss-repeat-memory-block3-2-G,TestSharingMemory,,,
0,212576,712704,798,5603328,82806,0,"{'Supported': True, 'Active': 0, 'Cached': 0, 'Registered': 0, 'PeakRegistered': 0, 'Capacity': 4096, 'ScanSpan': 0}",22072,runtime_released,20463616,"392749 4996 2981 1739 0 28160 0
",39364856,rss-repeat,G,rss-repeat-memory-block3-2-G,TestSharingMemory,,,
0,369296,892928,1904,5406720,88582,0,,22072,initial,20684800,,39762096,rss-repeat,G,rss-repeat-memory-block3-2-G,TestSharingMappedMemory,1032,0,0
0,367224,884736,1893,3530752,94645,0,,22544,compile_release_270,22786048,,49046784,rss-repeat,G,rss-repeat-memory-block3-2-G,TestSharingMappedMemory,1032,0,0
163296,447288,999424,2017,5791744,95550,36,,22544,retained_0,20807680,,50297888,rss-repeat,G,rss-repeat-memory-block3-2-G,TestSharingMappedMemory,1032,606208,278528
0,371896,901120,1912,5791744,95639,0,,22544,released_0,20529152,,50304288,rss-repeat,G,rss-repeat-memory-block3-2-G,TestSharingMappedMemory,1032,0,0
163296,447288,999424,2017,5799936,96525,36,,22544,retained_1,20807680,,51548576,rss-repeat,G,rss-repeat-memory-block3-2-G,TestSharingMappedMemory,1032,606208,278528
0,371896,901120,1912,5799936,96614,0,,22544,released_1,20529152,,51554976,rss-repeat,G,rss-repeat-memory-block3-2-G,TestSharingMappedMemory,1032,0,0
163296,447288,999424,2017,5799936,97500,36,,22544,retained_2,20811776,,52799264,rss-repeat,G,rss-repeat-memory-block3-2-G,TestSharingMappedMemory,1032,606208,278528
0,371896,901120,1912,5799936,97589,0,,22544,released_2,20533248,,52805664,rss-repeat,G,rss-repeat-memory-block3-2-G,TestSharingMappedMemory,1032,0,0
0,218856,704512,733,6979584,5481,0,"{'Supported': True, 'Active': 0, 'Cached': 0, 'Registered': 0, 'PeakRegistered': 0, 'Capacity': 4096, 'ScanSpan': 0}",15852,initial,16433152,"376155 4012 2251 1739 0 27917 0
",434320,rss-repeat,G,rss-repeat-memory-block3-5-G,TestSharingMemory,,,
0,1388408,2072576,1489,3276800,60298,0,"{'Supported': True, 'Active': 0, 'Cached': 0, 'Registered': 0, 'PeakRegistered': 0, 'Capacity': 4096, 'ScanSpan': 0}",22092,compile_release_270,22749184,"392749 5554 2971 1739 0 28160 0
",28204960,rss-repeat,G,rss-repeat-memory-block3-5-G,TestSharingMemory,,,
163296,1557224,2211840,1692,3670016,67536,36,"{'Supported': True, 'Active': 0, 'Cached': 0, 'Registered': 0, 'PeakRegistered': 0, 'Capacity': 4096, 'ScanSpan': 0}",22092,retained_0,22388736,"392749 5466 2971 1739 0 28160 0
",31908880,rss-repeat,G,rss-repeat-memory-block3-5-G,TestSharingMemory,,,
0,1552920,2195456,1664,4063232,67776,0,"{'Supported': True, 'Active': 0, 'Cached': 0, 'Registered': 0, 'PeakRegistered': 0, 'Capacity': 4096, 'ScanSpan': 0}",22092,released_0,21995520,"392749 5370 2971 1739 0 28160 0
",31923352,rss-repeat,G,rss-repeat-memory-block3-5-G,TestSharingMemory,,,
163296,1557240,2228224,1693,3792896,75005,36,"{'Supported': True, 'Active': 0, 'Cached': 0, 'Registered': 0, 'PeakRegistered': 0, 'Capacity': 4096, 'ScanSpan': 0}",22092,retained_1,22228992,"392749 5427 2971 1739 0 28160 0
",35625752,rss-repeat,G,rss-repeat-memory-block3-5-G,TestSharingMemory,,,
0,1552936,2211840,1665,4120576,75245,0,"{'Supported': True, 'Active': 0, 'Cached': 0, 'Registered': 0, 'PeakRegistered': 0, 'Capacity': 4096, 'ScanSpan': 0}",22092,released_1,21962752,"392749 5362 2971 1739 0 28160 0
",35640224,rss-repeat,G,rss-repeat-memory-block3-5-G,TestSharingMemory,,,
163296,1557240,2236416,1693,3792896,82474,36,"{'Supported': True, 'Active': 0, 'Cached': 0, 'Registered': 0, 'PeakRegistered': 0, 'Capacity': 4096, 'ScanSpan': 0}",22092,retained_2,22274048,"392749 5438 2987 1739 0 28160 0
",39342624,rss-repeat,G,rss-repeat-memory-block3-5-G,TestSharingMemory,,,
0,1552936,2220032,1665,4055040,82714,0,"{'Supported': True, 'Active': 0, 'Cached': 0, 'Registered': 0, 'PeakRegistered': 0, 'Capacity': 4096, 'ScanSpan': 0}",22092,released_2,22110208,"392749 5398 2987 1739 0 28160 0
",39357096,rss-repeat,G,rss-repeat-memory-block3-5-G,TestSharingMemory,,,
0,211936,712704,794,5627904,82802,0,"{'Supported': True, 'Active': 0, 'Cached': 0, 'Registered': 0, 'PeakRegistered': 0, 'Capacity': 4096, 'ScanSpan': 0}",22092,runtime_released,20660224,"392749 5044 3017 1739 0 28160 0
",39364232,rss-repeat,G,rss-repeat-memory-block3-5-G,TestSharingMemory,,,
0,368656,892928,1900,5472256,88578,0,,22092,initial,20873216,,39761472,rss-repeat,G,rss-repeat-memory-block3-5-G,TestSharingMappedMemory,1032,0,0
0,366600,884736,1890,3276800,94641,0,,22672,compile_release_270,23236608,,49046176,rss-repeat,G,rss-repeat-memory-block3-5-G,TestSharingMappedMemory,1032,0,0
163296,446648,999424,2013,5849088,95546,36,,22928,retained_0,20946944,,50297280,rss-repeat,G,rss-repeat-memory-block3-5-G,TestSharingMappedMemory,1032,606208,278528
0,371256,901120,1908,5840896,95635,0,,22928,released_0,20676608,,50303680,rss-repeat,G,rss-repeat-memory-block3-5-G,TestSharingMappedMemory,1032,0,0
163296,446648,999424,2013,5840896,96521,36,,22928,retained_1,20918272,,51547968,rss-repeat,G,rss-repeat-memory-block3-5-G,TestSharingMappedMemory,1032,606208,278528
0,371256,901120,1908,5840896,96610,0,,22928,released_1,20639744,,51554368,rss-repeat,G,rss-repeat-memory-block3-5-G,TestSharingMappedMemory,1032,0,0
163296,446648,999424,2013,5857280,97496,36,,22928,retained_2,20942848,,52798656,rss-repeat,G,rss-repeat-memory-block3-5-G,TestSharingMappedMemory,1032,606208,278528
0,371256,901120,1908,5849088,97585,0,,22928,released_2,20672512,,52805056,rss-repeat,G,rss-repeat-memory-block3-5-G,TestSharingMappedMemory,1032,0,0
0,219016,704512,734,2785280,5484,0,"{'Supported': True, 'Active': 0, 'Cached': 0, 'Registered': 0, 'PeakRegistered': 0, 'Capacity': 4096, 'ScanSpan': 0}",13772,initial,14045184,"376147 3429 2181 1735 0 26893 0
",434512,rss-repeat,H,rss-repeat-memory-block1-3-H,TestSharingMemory,,,
0,1202472,1892352,1375,3244032,60123,0,"{'Supported': True, 'Active': 0, 'Cached': 0, 'Registered': 0, 'PeakRegistered': 0, 'Capacity': 4096, 'ScanSpan': 0}",22040,compile_release_270,22646784,"392741 5529 2959 1735 0 28160 0
",28157792,rss-repeat,H,rss-repeat-memory-block1-3-H,TestSharingMemory,,,
134972,1557544,2252800,1694,3833856,67336,36,"{'Supported': True, 'Active': 0, 'Cached': 0, 'Registered': 0, 'PeakRegistered': 0, 'Capacity': 4096, 'ScanSpan': 0}",22040,retained_0,22073344,"392741 5389 2959 1735 0 28160 0
",31855360,rss-repeat,H,rss-repeat-memory-block1-3-H,TestSharingMemory,,,
0,1553240,2236416,1666,4096000,67576,0,"{'Supported': True, 'Active': 0, 'Cached': 0, 'Registered': 0, 'PeakRegistered': 0, 'Capacity': 4096, 'ScanSpan': 0}",22040,released_0,21811200,"392741 5325 2959 1735 0 28160 0
",31869832,rss-repeat,H,rss-repeat-memory-block1-3-H,TestSharingMemory,,,
134972,1557544,2244608,1694,3891200,74781,36,"{'Supported': True, 'Active': 0, 'Cached': 0, 'Registered': 0, 'PeakRegistered': 0, 'Capacity': 4096, 'ScanSpan': 0}",22040,retained_1,22089728,"392741 5393 2975 1735 0 28160 0
",35565896,rss-repeat,H,rss-repeat-memory-block1-3-H,TestSharingMemory,,,
0,1553240,2228224,1666,4087808,75021,0,"{'Supported': True, 'Active': 0, 'Cached': 0, 'Registered': 0, 'PeakRegistered': 0, 'Capacity': 4096, 'ScanSpan': 0}",22040,released_1,21893120,"392741 5345 2975 1735 0 28160 0
",35580368,rss-repeat,H,rss-repeat-memory-block1-3-H,TestSharingMemory,,,
134972,1557544,2244608,1694,3915776,82226,36,"{'Supported': True, 'Active': 0, 'Cached': 0, 'Registered': 0, 'PeakRegistered': 0, 'Capacity': 4096, 'ScanSpan': 0}",22040,retained_2,22102016,"392741 5396 2975 1735 0 28160 0
",39276432,rss-repeat,H,rss-repeat-memory-block1-3-H,TestSharingMemory,,,
0,1553240,2228224,1666,4112384,82466,0,"{'Supported': True, 'Active': 0, 'Cached': 0, 'Registered': 0, 'PeakRegistered': 0, 'Capacity': 4096, 'ScanSpan': 0}",22040,released_2,21909504,"392741 5349 2975 1735 0 28160 0
",39290904,rss-repeat,H,rss-repeat-memory-block1-3-H,TestSharingMemory,,,
0,212256,712704,796,5619712,82554,0,"{'Supported': True, 'Active': 0, 'Cached': 0, 'Registered': 0, 'PeakRegistered': 0, 'Capacity': 4096, 'ScanSpan': 0}",22040,runtime_released,20463616,"392741 4996 2990 1735 0 28160 0
",39298040,rss-repeat,H,rss-repeat-memory-block1-3-H,TestSharingMemory,,,
0,368976,892928,1902,5406720,88330,0,,22040,initial,20664320,,39695280,rss-repeat,H,rss-repeat-memory-block1-3-H,TestSharingMappedMemory,1032,0,0
0,366904,884736,1891,3538944,94213,0,,22160,compile_release_270,22818816,,48932448,rss-repeat,H,rss-repeat-memory-block1-3-H,TestSharingMappedMemory,1032,0,0
134972,446968,999424,2015,5775360,95094,36,,22416,retained_0,20848640,,50177216,rss-repeat,H,rss-repeat-memory-block1-3-H,TestSharingMappedMemory,1032,606208,262144
0,371576,901120,1910,5775360,95183,0,,22416,released_0,20590592,,50183616,rss-repeat,H,rss-repeat-memory-block1-3-H,TestSharingMappedMemory,1032,0,0
134972,446968,999424,2015,5775360,96045,36,,22416,retained_1,20856832,,51421568,rss-repeat,H,rss-repeat-memory-block1-3-H,TestSharingMappedMemory,1032,606208,262144
0,371576,901120,1910,5775360,96134,0,,22416,released_1,20594688,,51427968,rss-repeat,H,rss-repeat-memory-block1-3-H,TestSharingMappedMemory,1032,0,0
134972,446968,999424,2015,5775360,96996,36,,22416,retained_2,20873216,,52665920,rss-repeat,H,rss-repeat-memory-block1-3-H,TestSharingMappedMemory,1032,606208,262144
0,371576,901120,1910,5775360,97085,0,,22416,released_2,20611072,,52672320,rss-repeat,H,rss-repeat-memory-block1-3-H,TestSharingMappedMemory,1032,0,0
0,213440,704512,727,7012352,5477,0,"{'Supported': True, 'Active': 0, 'Cached': 0, 'Registered': 0, 'PeakRegistered': 0, 'Capacity': 4096, 'ScanSpan': 0}",15776,initial,16207872,"374098 3957 2204 1735 0 25869 0
",428936,rss-repeat,H,rss-repeat-memory-block1-4-H,TestSharingMemory,,,
0,927904,1622016,1244,3817472,60114,0,"{'Supported': True, 'Active': 0, 'Cached': 0, 'Registered': 0, 'PeakRegistered': 0, 'Capacity': 4096, 'ScanSpan': 0}",22164,compile_release_270,22163456,"374308 5411 2998 1735 0 26079 0
",28151896,rss-repeat,H,rss-repeat-memory-block1-4-H,TestSharingMemory,,,
134972,1551648,2301952,1685,3104768,67327,36,"{'Supported': True, 'Active': 0, 'Cached': 0, 'Registered': 0, 'PeakRegistered': 0, 'Capacity': 4096, 'ScanSpan': 0}",22164,retained_0,22802432,"374308 5567 2998 1735 0 26079 0
",31849464,rss-repeat,H,rss-repeat-memory-block1-4-H,TestSharingMemory,,,
0,1547344,2285568,1657,4210688,67567,0,"{'Supported': True, 'Active': 0, 'Cached': 0, 'Registered': 0, 'PeakRegistered': 0, 'Capacity': 4096, 'ScanSpan': 0}",22164,released_0,21696512,"374308 5297 2998 1735 0 26079 0
",31863936,rss-repeat,H,rss-repeat-memory-block1-4-H,TestSharingMemory,,,
134972,1551664,2244608,1686,4071424,74774,36,"{'Supported': True, 'Active': 0, 'Cached': 0, 'Registered': 0, 'PeakRegistered': 0, 'Capacity': 4096, 'ScanSpan': 0}",22164,retained_1,21909504,"374308 5349 2998 1735 0 26079 0
",35560136,rss-repeat,H,rss-repeat-memory-block1-4-H,TestSharingMemory,,,
0,1547360,2228224,1658,5578752,75014,0,"{'Supported': True, 'Active': 0, 'Cached': 0, 'Registered': 0, 'PeakRegistered': 0, 'Capacity': 4096, 'ScanSpan': 0}",22164,released_1,20402176,"374308 4981 2998 1735 0 26079 0
",35574608,rss-repeat,H,rss-repeat-memory-block1-4-H,TestSharingMemory,,,
134972,1551648,2244608,1685,4120576,82221,36,"{'Supported': True, 'Active': 0, 'Cached': 0, 'Registered': 0, 'PeakRegistered': 0, 'Capacity': 4096, 'ScanSpan': 0}",22164,retained_2,21692416,"374308 5296 2998 1735 0 26079 0
",39270808,rss-repeat,H,rss-repeat-memory-block1-4-H,TestSharingMemory,,,
0,1547344,2228224,1657,5562368,82461,0,"{'Supported': True, 'Active': 0, 'Cached': 0, 'Registered': 0, 'PeakRegistered': 0, 'Capacity': 4096, 'ScanSpan': 0}",22164,released_2,20353024,"374308 4969 2998 1735 0 26079 0
",39285280,rss-repeat,H,rss-repeat-memory-block1-4-H,TestSharingMemory,,,
0,206360,712704,787,5627904,82549,0,"{'Supported': True, 'Active': 0, 'Cached': 0, 'Registered': 0, 'PeakRegistered': 0, 'Capacity': 4096, 'ScanSpan': 0}",22164,runtime_released,20348928,"374308 4968 3013 1735 0 26079 0
",39292416,rss-repeat,H,rss-repeat-memory-block1-4-H,TestSharingMemory,,,
0,363080,892928,1893,5627904,88325,0,,22164,initial,20414464,,39689656,rss-repeat,H,rss-repeat-memory-block1-4-H,TestSharingMappedMemory,1032,0,0
0,361008,884736,1882,3473408,94208,0,,22240,compile_release_270,22900736,,48926824,rss-repeat,H,rss-repeat-memory-block1-4-H,TestSharingMappedMemory,1032,0,0
134972,441072,999424,2006,5701632,95089,36,,22496,retained_0,20942848,,50171592,rss-repeat,H,rss-repeat-memory-block1-4-H,TestSharingMappedMemory,1032,606208,262144
0,365680,901120,1901,5701632,95178,0,,22496,released_0,20684800,,50177992,rss-repeat,H,rss-repeat-memory-block1-4-H,TestSharingMappedMemory,1032,0,0
134972,441072,999424,2006,5701632,96040,36,,22496,retained_1,20963328,,51415944,rss-repeat,H,rss-repeat-memory-block1-4-H,TestSharingMappedMemory,1032,606208,262144
0,365680,901120,1901,5701632,96129,0,,22496,released_1,20701184,,51422344,rss-repeat,H,rss-repeat-memory-block1-4-H,TestSharingMappedMemory,1032,0,0
134972,441072,999424,2006,5701632,96991,36,,22496,retained_2,20963328,,52660296,rss-repeat,H,rss-repeat-memory-block1-4-H,TestSharingMappedMemory,1032,606208,262144
0,365680,901120,1901,5701632,97080,0,,22496,released_2,20701184,,52666696,rss-repeat,H,rss-repeat-memory-block1-4-H,TestSharingMappedMemory,1032,0,0
0,219176,704512,735,6979584,5485,0,"{'Supported': True, 'Active': 0, 'Cached': 0, 'Registered': 0, 'PeakRegistered': 0, 'Capacity': 4096, 'ScanSpan': 0}",15692,initial,16175104,"376147 3949 2188 1735 0 27917 0
",434672,rss-repeat,H,rss-repeat-memory-block2-3-H,TestSharingMemory,,,
0,1175688,1900544,1303,7823360,60123,0,"{'Supported': True, 'Active': 0, 'Cached': 0, 'Registered': 0, 'PeakRegistered': 0, 'Capacity': 4096, 'ScanSpan': 0}",24084,compile_release_270,24576000,"392741 6000 2966 1735 0 29184 0
",28157792,rss-repeat,H,rss-repeat-memory-block2-3-H,TestSharingMemory,,,
134972,1557544,2220032,1694,8019968,67336,36,"{'Supported': True, 'Active': 0, 'Cached': 0, 'Registered': 0, 'PeakRegistered': 0, 'Capacity': 4096, 'ScanSpan': 0}",24084,retained_0,24465408,"392741 5973 2982 1735 0 29184 0
",31855360,rss-repeat,H,rss-repeat-memory-block2-3-H,TestSharingMemory,,,
0,1553240,2203648,1666,8282112,67576,0,"{'Supported': True, 'Active': 0, 'Cached': 0, 'Registered': 0, 'PeakRegistered': 0, 'Capacity': 4096, 'ScanSpan': 0}",24084,released_0,24203264,"392741 5909 2982 1735 0 29184 0
",31869832,rss-repeat,H,rss-repeat-memory-block2-3-H,TestSharingMemory,,,
134972,1557544,2252800,1694,8052736,74781,36,"{'Supported': True, 'Active': 0, 'Cached': 0, 'Registered': 0, 'PeakRegistered': 0, 'Capacity': 4096, 'ScanSpan': 0}",24084,retained_1,24424448,"392741 5963 2982 1735 0 29184 0
",35565896,rss-repeat,H,rss-repeat-memory-block2-3-H,TestSharingMemory,,,
0,1553240,2236416,1666,8249344,75021,0,"{'Supported': True, 'Active': 0, 'Cached': 0, 'Registered': 0, 'PeakRegistered': 0, 'Capacity': 4096, 'ScanSpan': 0}",24084,released_1,24264704,"392741 5924 2982 1735 0 29184 0
",35580368,rss-repeat,H,rss-repeat-memory-block2-3-H,TestSharingMemory,,,
134972,1557544,2244608,1694,8052736,82226,36,"{'Supported': True, 'Active': 0, 'Cached': 0, 'Registered': 0, 'PeakRegistered': 0, 'Capacity': 4096, 'ScanSpan': 0}",24084,retained_2,24420352,"392741 5962 2982 1735 0 29184 0
",39276432,rss-repeat,H,rss-repeat-memory-block2-3-H,TestSharingMemory,,,
0,1553240,2228224,1666,8314880,82466,0,"{'Supported': True, 'Active': 0, 'Cached': 0, 'Registered': 0, 'PeakRegistered': 0, 'Capacity': 4096, 'ScanSpan': 0}",24084,released_2,24199168,"392741 5908 2982 1735 0 29184 0
",39290904,rss-repeat,H,rss-repeat-memory-block2-3-H,TestSharingMemory,,,
0,212256,712704,796,9822208,82554,0,"{'Supported': True, 'Active': 0, 'Cached': 0, 'Registered': 0, 'PeakRegistered': 0, 'Capacity': 4096, 'ScanSpan': 0}",24084,runtime_released,22753280,"392741 5555 2997 1735 0 29184 0
",39298040,rss-repeat,H,rss-repeat-memory-block2-3-H,TestSharingMemory,,,
0,368976,892928,1902,9576448,88330,0,,24084,initial,22974464,,39695280,rss-repeat,H,rss-repeat-memory-block2-3-H,TestSharingMappedMemory,1032,0,0
0,366904,884736,1891,7757824,94213,0,,24332,compile_release_270,25088000,,48932448,rss-repeat,H,rss-repeat-memory-block2-3-H,TestSharingMappedMemory,1032,0,0
134972,446968,999424,2015,9641984,95094,36,,24588,retained_0,23470080,,50177216,rss-repeat,H,rss-repeat-memory-block2-3-H,TestSharingMappedMemory,1032,606208,262144
0,371576,901120,1910,9904128,95183,0,,24588,released_0,22949888,,50183616,rss-repeat,H,rss-repeat-memory-block2-3-H,TestSharingMappedMemory,1032,0,0
134972,446968,999424,2015,9945088,96045,36,,24588,retained_1,23171072,,51421568,rss-repeat,H,rss-repeat-memory-block2-3-H,TestSharingMappedMemory,1032,606208,262144
0,371576,901120,1910,9945088,96134,0,,24588,released_1,22908928,,51427968,rss-repeat,H,rss-repeat-memory-block2-3-H,TestSharingMappedMemory,1032,0,0
134972,446968,999424,2015,10043392,96996,36,,24588,retained_2,23072768,,52665920,rss-repeat,H,rss-repeat-memory-block2-3-H,TestSharingMappedMemory,1032,606208,262144
0,371576,901120,1910,10043392,97085,0,,24588,released_2,22810624,,52672320,rss-repeat,H,rss-repeat-memory-block2-3-H,TestSharingMappedMemory,1032,0,0
0,213600,704512,728,2818048,5478,0,"{'Supported': True, 'Active': 0, 'Cached': 0, 'Registered': 0, 'PeakRegistered': 0, 'Capacity': 4096, 'ScanSpan': 0}",15760,initial,16203776,"357714 3956 2206 1735 0 24812 0
",429096,rss-repeat,H,rss-repeat-memory-block2-4-H,TestSharingMemory,,,
0,1049488,1744896,1273,3948544,60118,0,"{'Supported': True, 'Active': 0, 'Cached': 0, 'Registered': 0, 'PeakRegistered': 0, 'Capacity': 4096, 'ScanSpan': 0}",24188,compile_release_270,23834624,"390710 5819 3000 1735 0 26097 0
",28152536,rss-repeat,H,rss-repeat-memory-block2-4-H,TestSharingMemory,,,
134972,1552320,2269184,1691,3661824,67331,36,"{'Supported': True, 'Active': 0, 'Cached': 0, 'Registered': 0, 'PeakRegistered': 0, 'Capacity': 4096, 'ScanSpan': 0}",24188,retained_0,24100864,"390710 5884 3000 1735 0 26097 0
",31850104,rss-repeat,H,rss-repeat-memory-block2-4-H,TestSharingMemory,,,
0,1548016,2252800,1663,4251648,67571,0,"{'Supported': True, 'Active': 0, 'Cached': 0, 'Registered': 0, 'PeakRegistered': 0, 'Capacity': 4096, 'ScanSpan': 0}",24188,released_0,23515136,"390710 5741 3000 1735 0 26097 0
",31864576,rss-repeat,H,rss-repeat-memory-block2-4-H,TestSharingMemory,,,
134972,1552288,2244608,1689,4046848,74778,36,"{'Supported': True, 'Active': 0, 'Cached': 0, 'Registered': 0, 'PeakRegistered': 0, 'Capacity': 4096, 'ScanSpan': 0}",24188,retained_1,23728128,"390710 5793 3000 1735 0 26097 0
",35560776,rss-repeat,H,rss-repeat-memory-block2-4-H,TestSharingMemory,,,
0,1547984,2228224,1661,5554176,75018,0,"{'Supported': True, 'Active': 0, 'Cached': 0, 'Registered': 0, 'PeakRegistered': 0, 'Capacity': 4096, 'ScanSpan': 0}",24188,released_1,22237184,"390710 5429 3000 1735 0 26097 0
",35575248,rss-repeat,H,rss-repeat-memory-block2-4-H,TestSharingMemory,,,
134972,1552288,2236416,1689,4112384,82225,36,"{'Supported': True, 'Active': 0, 'Cached': 0, 'Registered': 0, 'PeakRegistered': 0, 'Capacity': 4096, 'ScanSpan': 0}",24188,retained_2,23531520,"390710 5745 3000 1735 0 26097 0
",39271448,rss-repeat,H,rss-repeat-memory-block2-4-H,TestSharingMemory,,,
0,1547984,2220032,1661,5554176,82465,0,"{'Supported': True, 'Active': 0, 'Cached': 0, 'Registered': 0, 'PeakRegistered': 0, 'Capacity': 4096, 'ScanSpan': 0}",24188,released_2,22192128,"390710 5418 3000 1735 0 26097 0
",39285920,rss-repeat,H,rss-repeat-memory-block2-4-H,TestSharingMemory,,,
0,207000,712704,791,5685248,82553,0,"{'Supported': True, 'Active': 0, 'Cached': 0, 'Registered': 0, 'PeakRegistered': 0, 'Capacity': 4096, 'ScanSpan': 0}",24188,runtime_released,22122496,"390710 5401 3015 1735 0 26097 0
",39293056,rss-repeat,H,rss-repeat-memory-block2-4-H,TestSharingMemory,,,
0,363720,892928,1897,5496832,88329,0,,24188,initial,22310912,,39690296,rss-repeat,H,rss-repeat-memory-block2-4-H,TestSharingMappedMemory,1032,0,0
0,361648,884736,1886,3481600,94212,0,,24188,compile_release_270,24698880,,48927464,rss-repeat,H,rss-repeat-memory-block2-4-H,TestSharingMappedMemory,1032,0,0
134972,441712,999424,2010,5873664,95093,36,,24348,retained_0,22581248,,50172232,rss-repeat,H,rss-repeat-memory-block2-4-H,TestSharingMappedMemory,1032,606208,262144
0,366320,901120,1905,5873664,95182,0,,24348,released_0,22323200,,50178632,rss-repeat,H,rss-repeat-memory-block2-4-H,TestSharingMappedMemory,1032,0,0
134972,441712,999424,2010,5881856,96044,36,,24348,retained_1,22593536,,51416584,rss-repeat,H,rss-repeat-memory-block2-4-H,TestSharingMappedMemory,1032,606208,262144
0,366320,901120,1905,5881856,96133,0,,24348,released_1,22331392,,51422984,rss-repeat,H,rss-repeat-memory-block2-4-H,TestSharingMappedMemory,1032,0,0
134972,441712,999424,2010,5881856,96995,36,,24348,retained_2,22597632,,52660936,rss-repeat,H,rss-repeat-memory-block2-4-H,TestSharingMappedMemory,1032,606208,262144
0,366320,901120,1905,5881856,97084,0,,24348,released_2,22335488,,52667336,rss-repeat,H,rss-repeat-memory-block2-4-H,TestSharingMappedMemory,1032,0,0
0,219176,704512,735,2785280,5485,0,"{'Supported': True, 'Active': 0, 'Cached': 0, 'Registered': 0, 'PeakRegistered': 0, 'Capacity': 4096, 'ScanSpan': 0}",15768,initial,16248832,"376147 3967 2208 1735 0 26893 0
",434672,rss-repeat,H,rss-repeat-memory-block3-3-H,TestSharingMemory,,,
0,1054904,1753088,1279,3899392,60124,0,"{'Supported': True, 'Active': 0, 'Cached': 0, 'Registered': 0, 'PeakRegistered': 0, 'Capacity': 4096, 'ScanSpan': 0}",24328,compile_release_270,23961600,"392741 5850 3002 1735 0 28160 0
",28157952,rss-repeat,H,rss-repeat-memory-block3-3-H,TestSharingMemory,,,
134972,1557736,2269184,1697,3670016,67337,36,"{'Supported': True, 'Active': 0, 'Cached': 0, 'Registered': 0, 'PeakRegistered': 0, 'Capacity': 4096, 'ScanSpan': 0}",24328,retained_0,24158208,"392741 5898 3002 1735 0 28160 0
",31855520,rss-repeat,H,rss-repeat-memory-block3-3-H,TestSharingMemory,,,
0,1553432,2252800,1669,4194304,67577,0,"{'Supported': True, 'Active': 0, 'Cached': 0, 'Registered': 0, 'PeakRegistered': 0, 'Capacity': 4096, 'ScanSpan': 0}",24328,released_0,23638016,"392741 5771 3002 1735 0 28160 0
",31869992,rss-repeat,H,rss-repeat-memory-block3-3-H,TestSharingMemory,,,
134972,1557704,2244608,1695,4055040,74784,36,"{'Supported': True, 'Active': 0, 'Cached': 0, 'Registered': 0, 'PeakRegistered': 0, 'Capacity': 4096, 'ScanSpan': 0}",24328,retained_1,23826432,"392741 5817 3002 1735 0 28160 0
",35566192,rss-repeat,H,rss-repeat-memory-block3-3-H,TestSharingMemory,,,
0,1553400,2228224,1667,5496832,75024,0,"{'Supported': True, 'Active': 0, 'Cached': 0, 'Registered': 0, 'PeakRegistered': 0, 'Capacity': 4096, 'ScanSpan': 0}",24328,released_1,22401024,"392741 5469 3002 1735 0 28160 0
",35580664,rss-repeat,H,rss-repeat-memory-block3-3-H,TestSharingMemory,,,
134972,1557704,2236416,1695,4055040,82231,36,"{'Supported': True, 'Active': 0, 'Cached': 0, 'Registered': 0, 'PeakRegistered': 0, 'Capacity': 4096, 'ScanSpan': 0}",24328,retained_2,23695360,"392741 5785 3002 1735 0 28160 0
",39276864,rss-repeat,H,rss-repeat-memory-block3-3-H,TestSharingMemory,,,
0,1553400,2220032,1667,5562368,82471,0,"{'Supported': True, 'Active': 0, 'Cached': 0, 'Registered': 0, 'PeakRegistered': 0, 'Capacity': 4096, 'ScanSpan': 0}",24328,released_2,22237184,"392741 5429 3002 1735 0 28160 0
",39291336,rss-repeat,H,rss-repeat-memory-block3-3-H,TestSharingMemory,,,
0,212416,712704,797,5562368,82559,0,"{'Supported': True, 'Active': 0, 'Cached': 0, 'Registered': 0, 'PeakRegistered': 0, 'Capacity': 4096, 'ScanSpan': 0}",24328,runtime_released,22298624,"392741 5444 3017 1735 0 28160 0
",39298472,rss-repeat,H,rss-repeat-memory-block3-3-H,TestSharingMemory,,,
0,369136,892928,1903,5595136,88335,0,,24328,initial,22327296,,39695712,rss-repeat,H,rss-repeat-memory-block3-3-H,TestSharingMappedMemory,1032,0,0
0,367064,884736,1892,3375104,94218,0,,24328,compile_release_270,24854528,,48932880,rss-repeat,H,rss-repeat-memory-block3-3-H,TestSharingMappedMemory,1032,0,0
134972,447128,999424,2016,5464064,95099,36,,24464,retained_0,23052288,,50177648,rss-repeat,H,rss-repeat-memory-block3-3-H,TestSharingMappedMemory,1032,606208,262144
0,371736,901120,1911,5586944,95188,0,,24464,released_0,22671360,,50184048,rss-repeat,H,rss-repeat-memory-block3-3-H,TestSharingMappedMemory,1032,0,0
134972,447128,999424,2016,5636096,96050,36,,24464,retained_1,22892544,,51422000,rss-repeat,H,rss-repeat-memory-block3-3-H,TestSharingMappedMemory,1032,606208,262144
0,371736,901120,1911,5767168,96139,0,,24464,released_1,22499328,,51428400,rss-repeat,H,rss-repeat-memory-block3-3-H,TestSharingMappedMemory,1032,0,0
134972,447128,999424,2016,5644288,97001,36,,24464,retained_2,22884352,,52666352,rss-repeat,H,rss-repeat-memory-block3-3-H,TestSharingMappedMemory,1032,606208,262144
0,371736,901120,1911,5603328,97090,0,,24464,released_2,22663168,,52672752,rss-repeat,H,rss-repeat-memory-block3-3-H,TestSharingMappedMemory,1032,0,0
0,219016,704512,734,2785280,5484,0,"{'Supported': True, 'Active': 0, 'Cached': 0, 'Registered': 0, 'PeakRegistered': 0, 'Capacity': 4096, 'ScanSpan': 0}",13752,initial,14184448,"376147 3463 2216 1735 0 26893 0
",434512,rss-repeat,H,rss-repeat-memory-block3-4-H,TestSharingMemory,,,
0,1189544,1916928,1349,3424256,60121,0,"{'Supported': True, 'Active': 0, 'Cached': 0, 'Registered': 0, 'PeakRegistered': 0, 'Capacity': 4096, 'ScanSpan': 0}",22232,compile_release_270,22827008,"392741 5573 3010 1735 0 28160 0
",28157472,rss-repeat,H,rss-repeat-memory-block3-4-H,TestSharingMemory,,,
134972,1557224,2220032,1692,3817472,67334,36,"{'Supported': True, 'Active': 0, 'Cached': 0, 'Registered': 0, 'PeakRegistered': 0, 'Capacity': 4096, 'ScanSpan': 0}",22232,retained_0,22470656,"392741 5486 3010 1735 0 28160 0
",31855040,rss-repeat,H,rss-repeat-memory-block3-4-H,TestSharingMemory,,,
0,1552920,2203648,1664,4079616,67574,0,"{'Supported': True, 'Active': 0, 'Cached': 0, 'Registered': 0, 'PeakRegistered': 0, 'Capacity': 4096, 'ScanSpan': 0}",22232,released_0,22208512,"392741 5422 3010 1735 0 28160 0
",31869512,rss-repeat,H,rss-repeat-memory-block3-4-H,TestSharingMemory,,,
134972,1557224,2252800,1692,3883008,74779,36,"{'Supported': True, 'Active': 0, 'Cached': 0, 'Registered': 0, 'PeakRegistered': 0, 'Capacity': 4096, 'ScanSpan': 0}",22232,retained_1,22429696,"392741 5476 3010 1735 0 28160 0
",35565576,rss-repeat,H,rss-repeat-memory-block3-4-H,TestSharingMemory,,,
0,1552920,2236416,1664,4079616,75019,0,"{'Supported': True, 'Active': 0, 'Cached': 0, 'Registered': 0, 'PeakRegistered': 0, 'Capacity': 4096, 'ScanSpan': 0}",22232,released_1,22249472,"392741 5432 3010 1735 0 28160 0
",35580048,rss-repeat,H,rss-repeat-memory-block3-4-H,TestSharingMemory,,,
134972,1557224,2244608,1692,3817472,82224,36,"{'Supported': True, 'Active': 0, 'Cached': 0, 'Registered': 0, 'PeakRegistered': 0, 'Capacity': 4096, 'ScanSpan': 0}",22232,retained_2,22417408,"392741 5473 3010 1735 0 28160 0
",39276112,rss-repeat,H,rss-repeat-memory-block3-4-H,TestSharingMemory,,,
0,1552920,2228224,1664,4079616,82464,0,"{'Supported': True, 'Active': 0, 'Cached': 0, 'Registered': 0, 'PeakRegistered': 0, 'Capacity': 4096, 'ScanSpan': 0}",22232,released_2,22208512,"392741 5422 3010 1735 0 28160 0
",39290584,rss-repeat,H,rss-repeat-memory-block3-4-H,TestSharingMemory,,,
0,211936,712704,794,5586944,82552,0,"{'Supported': True, 'Active': 0, 'Cached': 0, 'Registered': 0, 'PeakRegistered': 0, 'Capacity': 4096, 'ScanSpan': 0}",22232,runtime_released,20762624,"392741 5069 3025 1735 0 28160 0
",39297720,rss-repeat,H,rss-repeat-memory-block3-4-H,TestSharingMemory,,,
0,368656,892928,1900,5447680,88328,0,,22232,initial,20951040,,39694960,rss-repeat,H,rss-repeat-memory-block3-4-H,TestSharingMappedMemory,1032,0,0
0,366584,884736,1889,3645440,94211,0,,22388,compile_release_270,23019520,,48932128,rss-repeat,H,rss-repeat-memory-block3-4-H,TestSharingMappedMemory,1032,0,0
134972,446648,999424,2013,5840896,95092,36,,22644,retained_0,21090304,,50176896,rss-repeat,H,rss-repeat-memory-block3-4-H,TestSharingMappedMemory,1032,606208,262144
0,371256,901120,1908,5840896,95181,0,,22644,released_0,20832256,,50183296,rss-repeat,H,rss-repeat-memory-block3-4-H,TestSharingMappedMemory,1032,0,0
134972,446648,999424,2013,5840896,96043,36,,22644,retained_1,21102592,,51421248,rss-repeat,H,rss-repeat-memory-block3-4-H,TestSharingMappedMemory,1032,606208,262144
0,371256,901120,1908,5808128,96132,0,,22644,released_1,20873216,,51427648,rss-repeat,H,rss-repeat-memory-block3-4-H,TestSharingMappedMemory,1032,0,0
134972,446648,999424,2013,5840896,96994,36,,22644,retained_2,21078016,,52665600,rss-repeat,H,rss-repeat-memory-block3-4-H,TestSharingMappedMemory,1032,606208,262144
0,371256,901120,1908,5840896,97083,0,,22644,released_2,20815872,,52672000,rss-repeat,H,rss-repeat-memory-block3-4-H,TestSharingMappedMemory,1032,0,0
0,218680,704512,731,6979584,5479,0,"{'Supported': True, 'Active': 0, 'Cached': 0, 'Registered': 0, 'PeakRegistered': 0, 'Capacity': 4096, 'ScanSpan': 0}",13520,initial,10821632,"376143 2642 2192 1733 0 27917 0
",434144,nothp,A,nothp-memory-block1-1-A,TestSharingMemory,,,
0,1057160,1720320,1278,3399680,60547,0,"{'Supported': True, 'Active': 0, 'Cached': 0, 'Registered': 0, 'PeakRegistered': 0, 'Capacity': 4096, 'ScanSpan': 0}",18740,compile_release_270,18993152,"392737 4637 2956 1733 0 28160 0
",38205024,nothp,A,nothp-memory-block1-1-A,TestSharingMemory,,,
167268,1562568,2269184,1697,3399680,67818,36,"{'Supported': True, 'Active': 0, 'Cached': 0, 'Registered': 0, 'PeakRegistered': 0, 'Capacity': 4096, 'ScanSpan': 0}",18740,retained_0,19025920,"392737 4645 2956 1733 0 28160 0
",43242328,nothp,A,nothp-memory-block1-1-A,TestSharingMemory,,,
0,1558264,2252800,1669,5169152,68058,0,"{'Supported': True, 'Active': 0, 'Cached': 0, 'Registered': 0, 'PeakRegistered': 0, 'Capacity': 4096, 'ScanSpan': 0}",18740,released_0,17256448,"392737 4213 2956 1733 0 28160 0
",43256800,nothp,A,nothp-memory-block1-1-A,TestSharingMemory,,,
167268,1562568,2162688,1697,3883008,75321,36,"{'Supported': True, 'Active': 0, 'Cached': 0, 'Registered': 0, 'PeakRegistered': 0, 'Capacity': 4096, 'ScanSpan': 0}",18740,retained_1,18468864,"392737 4509 2972 1733 0 28160 0
",48292584,nothp,A,nothp-memory-block1-1-A,TestSharingMemory,,,
0,1558264,2146304,1669,4603904,75561,0,"{'Supported': True, 'Active': 0, 'Cached': 0, 'Registered': 0, 'PeakRegistered': 0, 'Capacity': 4096, 'ScanSpan': 0}",18740,released_1,17850368,"392737 4358 2972 1733 0 28160 0
",48307056,nothp,A,nothp-memory-block1-1-A,TestSharingMemory,,,
167268,1562568,2179072,1697,4022272,82824,36,"{'Supported': True, 'Active': 0, 'Cached': 0, 'Registered': 0, 'PeakRegistered': 0, 'Capacity': 4096, 'ScanSpan': 0}",18740,retained_2,18370560,"392737 4485 2972 1733 0 28160 0
",53342840,nothp,A,nothp-memory-block1-1-A,TestSharingMemory,,,
0,1558264,2162688,1669,4284416,83064,0,"{'Supported': True, 'Active': 0, 'Cached': 0, 'Registered': 0, 'PeakRegistered': 0, 'Capacity': 4096, 'ScanSpan': 0}",18740,released_2,18194432,"392737 4442 2972 1733 0 28160 0
",53357312,nothp,A,nothp-memory-block1-1-A,TestSharingMemory,,,
0,212080,712704,794,5660672,83152,0,"{'Supported': True, 'Active': 0, 'Cached': 0, 'Registered': 0, 'PeakRegistered': 0, 'Capacity': 4096, 'ScanSpan': 0}",18740,runtime_released,17006592,"392737 4152 3002 1733 0 28160 0
",53364448,nothp,A,nothp-memory-block1-1-A,TestSharingMemory,,,
0,368800,892928,1900,5529600,88928,0,,18740,initial,17305600,,53761688,nothp,A,nothp-memory-block1-1-A,TestSharingMappedMemory,1032,0,0
0,366744,884736,1890,3211264,95231,0,,19328,compile_release_270,19812352,,73007848,nothp,A,nothp-memory-block1-1-A,TestSharingMappedMemory,1032,0,0
167268,445400,991232,2005,4259840,96170,36,,19584,retained_0,19169280,,75587296,nothp,A,nothp-memory-block1-1-A,TestSharingMappedMemory,1032,606208,278528
0,371384,901120,1907,6684672,96268,0,,19584,released_0,16465920,,75595240,nothp,A,nothp-memory-block1-1-A,TestSharingMappedMemory,1032,0,0
167268,446792,1007616,2013,4513792,97186,36,,19584,retained_1,18055168,,78167736,nothp,A,nothp-memory-block1-1-A,TestSharingMappedMemory,1032,606208,278528
0,371384,901120,1907,4505600,97275,0,,19584,released_1,17784832,,78174136,nothp,A,nothp-memory-block1-1-A,TestSharingMappedMemory,1032,0,0
167268,446792,1007616,2013,4448256,98193,36,,19584,retained_2,18984960,,80746632,nothp,A,nothp-memory-block1-1-A,TestSharingMappedMemory,1032,606208,278528
0,371384,901120,1907,4448256,98282,0,,19584,released_2,18706432,,80753032,nothp,A,nothp-memory-block1-1-A,TestSharingMappedMemory,1032,0,0
0,213264,704512,725,2818048,5473,0,"{'Supported': True, 'Active': 0, 'Cached': 0, 'Registered': 0, 'PeakRegistered': 0, 'Capacity': 4096, 'ScanSpan': 0}",13332,initial,10801152,"374094 2637 2198 1733 0 24845 0
",428728,nothp,A,nothp-memory-block1-6-A,TestSharingMemory,,,
0,1051440,1720320,1271,3416064,60539,0,"{'Supported': True, 'Active': 0, 'Cached': 0, 'Registered': 0, 'PeakRegistered': 0, 'Capacity': 4096, 'ScanSpan': 0}",18380,compile_release_270,18989056,"374304 4636 2962 1733 0 26079 0
",38199304,nothp,A,nothp-memory-block1-6-A,TestSharingMemory,,,
167268,1556832,2252800,1689,3416064,67810,36,"{'Supported': True, 'Active': 0, 'Cached': 0, 'Registered': 0, 'PeakRegistered': 0, 'Capacity': 4096, 'ScanSpan': 0}",18380,retained_0,19030016,"374304 4646 2962 1733 0 26079 0
",43236592,nothp,A,nothp-memory-block1-6-A,TestSharingMemory,,,
0,1552528,2236416,1661,5251072,68050,0,"{'Supported': True, 'Active': 0, 'Cached': 0, 'Registered': 0, 'PeakRegistered': 0, 'Capacity': 4096, 'ScanSpan': 0}",18380,released_0,17203200,"374304 4200 2962 1733 0 26079 0
",43251064,nothp,A,nothp-memory-block1-6-A,TestSharingMemory,,,
167268,1556832,2162688,1689,3907584,75313,36,"{'Supported': True, 'Active': 0, 'Cached': 0, 'Registered': 0, 'PeakRegistered': 0, 'Capacity': 4096, 'ScanSpan': 0}",18380,retained_1,18333696,"374304 4476 2962 1733 0 26079 0
",48286848,nothp,A,nothp-memory-block1-6-A,TestSharingMemory,,,
0,1552528,2146304,1661,4628480,75553,0,"{'Supported': True, 'Active': 0, 'Cached': 0, 'Registered': 0, 'PeakRegistered': 0, 'Capacity': 4096, 'ScanSpan': 0}",18380,released_1,17743872,"374304 4332 2962 1733 0 26079 0
",48301320,nothp,A,nothp-memory-block1-6-A,TestSharingMemory,,,
167268,1556832,2170880,1689,4079616,82816,36,"{'Supported': True, 'Active': 0, 'Cached': 0, 'Registered': 0, 'PeakRegistered': 0, 'Capacity': 4096, 'ScanSpan': 0}",18380,retained_2,18276352,"374304 4462 2962 1733 0 26079 0
",53337104,nothp,A,nothp-memory-block1-6-A,TestSharingMemory,,,
0,1552528,2154496,1661,4341760,83056,0,"{'Supported': True, 'Active': 0, 'Cached': 0, 'Registered': 0, 'PeakRegistered': 0, 'Capacity': 4096, 'ScanSpan': 0}",18380,released_2,18018304,"374304 4399 2962 1733 0 26079 0
",53351576,nothp,A,nothp-memory-block1-6-A,TestSharingMemory,,,
0,206344,712704,786,5718016,83144,0,"{'Supported': True, 'Active': 0, 'Cached': 0, 'Registered': 0, 'PeakRegistered': 0, 'Capacity': 4096, 'ScanSpan': 0}",18380,runtime_released,16900096,"374304 4126 2992 1733 0 26079 0
",53358712,nothp,A,nothp-memory-block1-6-A,TestSharingMemory,,,
0,363064,892928,1892,5570560,88920,0,,18380,initial,17223680,,53755952,nothp,A,nothp-memory-block1-6-A,TestSharingMappedMemory,1032,0,0
0,361008,884736,1882,3178496,95223,0,,19352,compile_release_270,19836928,,73002112,nothp,A,nothp-memory-block1-6-A,TestSharingMappedMemory,1032,0,0
167268,441072,1007616,2006,4292608,96160,36,,19608,retained_0,19025920,,75581424,nothp,A,nothp-memory-block1-6-A,TestSharingMappedMemory,1032,606208,278528
0,365664,901120,1900,4292608,96249,0,,19608,released_0,18747392,,75587824,nothp,A,nothp-memory-block1-6-A,TestSharingMappedMemory,1032,0,0
167268,441072,1007616,2006,4308992,97167,36,,19608,retained_1,19009536,,78160320,nothp,A,nothp-memory-block1-6-A,TestSharingMappedMemory,1032,606208,278528
0,365664,901120,1900,4308992,97256,0,,19608,released_1,18731008,,78166720,nothp,A,nothp-memory-block1-6-A,TestSharingMappedMemory,1032,0,0
167268,441072,1007616,2006,4587520,98174,36,,19608,retained_2,18739200,,80739216,nothp,A,nothp-memory-block1-6-A,TestSharingMappedMemory,1032,606208,278528
0,365664,901120,1900,4587520,98263,0,,19608,released_2,18460672,,80745616,nothp,A,nothp-memory-block1-6-A,TestSharingMappedMemory,1032,0,0
0,213904,704512,729,2818048,5477,0,"{'Supported': True, 'Active': 0, 'Cached': 0, 'Registered': 0, 'PeakRegistered': 0, 'Capacity': 4096, 'ScanSpan': 0}",13576,initial,10792960,"357710 2635 2198 1733 0 24812 0
",429368,nothp,A,nothp-memory-block2-1-A,TestSharingMemory,,,
0,1052224,1728512,1275,3481600,60544,0,"{'Supported': True, 'Active': 0, 'Cached': 0, 'Registered': 0, 'PeakRegistered': 0, 'Capacity': 4096, 'ScanSpan': 0}",18632,compile_release_270,18952192,"374304 4627 2962 1733 0 26079 0
",38200120,nothp,A,nothp-memory-block2-1-A,TestSharingMemory,,,
167268,1557632,2252800,1694,3481600,67815,36,"{'Supported': True, 'Active': 0, 'Cached': 0, 'Registered': 0, 'PeakRegistered': 0, 'Capacity': 4096, 'ScanSpan': 0}",18632,retained_0,18972672,"374304 4632 2962 1733 0 26079 0
",43237408,nothp,A,nothp-memory-block2-1-A,TestSharingMemory,,,
0,1553328,2236416,1666,5251072,68055,0,"{'Supported': True, 'Active': 0, 'Cached': 0, 'Registered': 0, 'PeakRegistered': 0, 'Capacity': 4096, 'ScanSpan': 0}",18632,released_0,17203200,"374304 4200 2962 1733 0 26079 0
",43251880,nothp,A,nothp-memory-block2-1-A,TestSharingMemory,,,
167268,1557616,2154496,1693,3661824,75318,36,"{'Supported': True, 'Active': 0, 'Cached': 0, 'Registered': 0, 'PeakRegistered': 0, 'Capacity': 4096, 'ScanSpan': 0}",18632,retained_1,18587648,"374304 4538 2962 1733 0 26079 0
",48287664,nothp,A,nothp-memory-block2-1-A,TestSharingMemory,,,
0,1553312,2138112,1665,4644864,75558,0,"{'Supported': True, 'Active': 0, 'Cached': 0, 'Registered': 0, 'PeakRegistered': 0, 'Capacity': 4096, 'ScanSpan': 0}",18632,released_1,17719296,"374304 4326 2962 1733 0 26079 0
",48302136,nothp,A,nothp-memory-block2-1-A,TestSharingMemory,,,
167268,1557632,2179072,1694,4071424,82821,36,"{'Supported': True, 'Active': 0, 'Cached': 0, 'Registered': 0, 'PeakRegistered': 0, 'Capacity': 4096, 'ScanSpan': 0}",18632,retained_2,18305024,"374304 4469 2962 1733 0 26079 0
",53337920,nothp,A,nothp-memory-block2-1-A,TestSharingMemory,,,
0,1553328,2162688,1666,4333568,83061,0,"{'Supported': True, 'Active': 0, 'Cached': 0, 'Registered': 0, 'PeakRegistered': 0, 'Capacity': 4096, 'ScanSpan': 0}",18632,released_2,18145280,"374304 4430 2962 1733 0 26079 0
",53352392,nothp,A,nothp-memory-block2-1-A,TestSharingMemory,,,
0,207144,712704,791,5709824,83149,0,"{'Supported': True, 'Active': 0, 'Cached': 0, 'Registered': 0, 'PeakRegistered': 0, 'Capacity': 4096, 'ScanSpan': 0}",18632,runtime_released,16916480,"374304 4130 2992 1733 0 26079 0
",53359528,nothp,A,nothp-memory-block2-1-A,TestSharingMemory,,,
0,363864,892928,1897,5513216,88925,0,,18632,initial,17235968,,53756768,nothp,A,nothp-memory-block2-1-A,TestSharingMappedMemory,1032,0,0
0,361808,884736,1887,3194880,95228,0,,19496,compile_release_270,19718144,,73002928,nothp,A,nothp-memory-block2-1-A,TestSharingMappedMemory,1032,0,0
167268,440464,991232,2002,4374528,96167,36,,19496,retained_0,18841600,,75582376,nothp,A,nothp-memory-block2-1-A,TestSharingMappedMemory,1032,606208,278528
0,366448,901120,1904,6668288,96265,0,,19496,released_0,16269312,,75590320,nothp,A,nothp-memory-block2-1-A,TestSharingMappedMemory,1032,0,0
167268,441856,1007616,2010,4595712,97183,36,,19496,retained_1,18292736,,78162816,nothp,A,nothp-memory-block2-1-A,TestSharingMappedMemory,1032,606208,278528
0,366448,901120,1904,4587520,97272,0,,19496,released_1,18022400,,78169216,nothp,A,nothp-memory-block2-1-A,TestSharingMappedMemory,1032,0,0
167268,441856,1007616,2010,4407296,98190,36,,19496,retained_2,18825216,,80741712,nothp,A,nothp-memory-block2-1-A,TestSharingMappedMemory,1032,606208,278528
0,366448,901120,1904,4390912,98279,0,,19496,released_2,18563072,,80748112,nothp,A,nothp-memory-block2-1-A,TestSharingMappedMemory,1032,0,0
0,213424,704512,726,7012352,5474,0,"{'Supported': True, 'Active': 0, 'Cached': 0, 'Registered': 0, 'PeakRegistered': 0, 'Capacity': 4096, 'ScanSpan': 0}",13504,initial,10788864,"357710 2634 2196 1733 0 25836 0
",428888,nothp,A,nothp-memory-block2-6-A,TestSharingMemory,,,
0,1172832,1908736,1297,7610368,60541,0,"{'Supported': True, 'Active': 0, 'Cached': 0, 'Registered': 0, 'PeakRegistered': 0, 'Capacity': 4096, 'ScanSpan': 0}",18432,compile_release_270,18948096,"390706 4626 2960 1733 0 27121 0
",38199752,nothp,A,nothp-memory-block2-6-A,TestSharingMemory,,,
167268,1557296,2187264,1691,7610368,67812,36,"{'Supported': True, 'Active': 0, 'Cached': 0, 'Registered': 0, 'PeakRegistered': 0, 'Capacity': 4096, 'ScanSpan': 0}",18432,retained_0,18989056,"390706 4636 2960 1733 0 27121 0
",43237040,nothp,A,nothp-memory-block2-6-A,TestSharingMemory,,,
0,1553008,2170880,1664,9445376,68053,0,"{'Supported': True, 'Active': 0, 'Cached': 0, 'Registered': 0, 'PeakRegistered': 0, 'Capacity': 4096, 'ScanSpan': 0}",18432,released_0,17154048,"390706 4188 2960 1733 0 27121 0
",43251528,nothp,A,nothp-memory-block2-6-A,TestSharingMemory,,,
167268,1557312,2170880,1692,8208384,75316,36,"{'Supported': True, 'Active': 0, 'Cached': 0, 'Registered': 0, 'PeakRegistered': 0, 'Capacity': 4096, 'ScanSpan': 0}",18432,retained_1,18288640,"390706 4465 2960 1733 0 27121 0
",48287312,nothp,A,nothp-memory-block2-6-A,TestSharingMemory,,,
0,1553008,2154496,1664,8536064,75556,0,"{'Supported': True, 'Active': 0, 'Cached': 0, 'Registered': 0, 'PeakRegistered': 0, 'Capacity': 4096, 'ScanSpan': 0}",18432,released_1,17960960,"390706 4385 2960 1733 0 27121 0
",48301784,nothp,A,nothp-memory-block2-6-A,TestSharingMemory,,,
167268,1557312,2170880,1692,8380416,82819,36,"{'Supported': True, 'Active': 0, 'Cached': 0, 'Registered': 0, 'PeakRegistered': 0, 'Capacity': 4096, 'ScanSpan': 0}",18432,retained_2,18120704,"390706 4424 2960 1733 0 27121 0
",53337568,nothp,A,nothp-memory-block2-6-A,TestSharingMemory,,,
0,1553008,2154496,1664,8511488,83059,0,"{'Supported': True, 'Active': 0, 'Cached': 0, 'Registered': 0, 'PeakRegistered': 0, 'Capacity': 4096, 'ScanSpan': 0}",18432,released_2,18079744,"390706 4414 2960 1733 0 27121 0
",53352040,nothp,A,nothp-memory-block2-6-A,TestSharingMemory,,,
0,206824,712704,789,9887744,83147,0,"{'Supported': True, 'Active': 0, 'Cached': 0, 'Registered': 0, 'PeakRegistered': 0, 'Capacity': 4096, 'ScanSpan': 0}",18432,runtime_released,16871424,"390706 4119 2990 1733 0 27121 0
",53359176,nothp,A,nothp-memory-block2-6-A,TestSharingMemory,,,
0,363544,892928,1895,9887744,88923,0,,18432,initial,17051648,,53756416,nothp,A,nothp-memory-block2-6-A,TestSharingMappedMemory,1032,0,0
0,361488,884736,1885,7659520,95226,0,,18940,compile_release_270,19427328,,73002608,nothp,A,nothp-memory-block2-6-A,TestSharingMappedMemory,1032,0,0
167268,441552,1007616,2009,8249344,96163,36,,19196,retained_0,19140608,,75581920,nothp,A,nothp-memory-block2-6-A,TestSharingMappedMemory,1032,606208,278528
0,366144,901120,1903,8511488,96252,0,,19196,released_0,18604032,,75588320,nothp,A,nothp-memory-block2-6-A,TestSharingMappedMemory,1032,0,0
167268,441552,1007616,2009,8691712,97170,36,,19196,retained_1,18710528,,78160816,nothp,A,nothp-memory-block2-6-A,TestSharingMappedMemory,1032,606208,278528
0,366144,901120,1903,8691712,97259,0,,19196,released_1,18432000,,78167216,nothp,A,nothp-memory-block2-6-A,TestSharingMappedMemory,1032,0,0
167268,441552,1007616,2009,8691712,98177,36,,19196,retained_2,18714624,,80739712,nothp,A,nothp-memory-block2-6-A,TestSharingMappedMemory,1032,606208,278528
0,366144,901120,1903,8691712,98266,0,,19196,released_2,18436096,,80746112,nothp,A,nothp-memory-block2-6-A,TestSharingMappedMemory,1032,0,0
0,214064,704512,730,2818048,5478,0,"{'Supported': True, 'Active': 0, 'Cached': 0, 'Registered': 0, 'PeakRegistered': 0, 'Capacity': 4096, 'ScanSpan': 0}",13644,initial,10772480,"374094 2630 2191 1733 0 24845 0
",429528,nothp,A,nothp-memory-block3-1-A,TestSharingMemory,,,
0,1052560,1753088,1278,3645440,60546,0,"{'Supported': True, 'Active': 0, 'Cached': 0, 'Registered': 0, 'PeakRegistered': 0, 'Capacity': 4096, 'ScanSpan': 0}",18608,compile_release_270,18743296,"374304 4576 2955 1733 0 26079 0
",38200408,nothp,A,nothp-memory-block3-1-A,TestSharingMemory,,,
167268,1557968,2260992,1697,3473408,67817,36,"{'Supported': True, 'Active': 0, 'Cached': 0, 'Registered': 0, 'PeakRegistered': 0, 'Capacity': 4096, 'ScanSpan': 0}",18608,retained_0,18841600,"374304 4600 2955 1733 0 26079 0
",43237696,nothp,A,nothp-memory-block3-1-A,TestSharingMemory,,,
0,1553664,2244608,1669,5177344,68057,0,"{'Supported': True, 'Active': 0, 'Cached': 0, 'Registered': 0, 'PeakRegistered': 0, 'Capacity': 4096, 'ScanSpan': 0}",18608,released_0,17260544,"374304 4214 2955 1733 0 26079 0
",43252168,nothp,A,nothp-memory-block3-1-A,TestSharingMemory,,,
167268,1557952,2162688,1696,3915776,75320,36,"{'Supported': True, 'Active': 0, 'Cached': 0, 'Registered': 0, 'PeakRegistered': 0, 'Capacity': 4096, 'ScanSpan': 0}",18608,retained_1,18288640,"374304 4465 2955 1733 0 26079 0
",48287952,nothp,A,nothp-memory-block3-1-A,TestSharingMemory,,,
0,1553648,2146304,1668,4636672,75560,0,"{'Supported': True, 'Active': 0, 'Cached': 0, 'Registered': 0, 'PeakRegistered': 0, 'Capacity': 4096, 'ScanSpan': 0}",18608,released_1,17707008,"374304 4323 2955 1733 0 26079 0
",48302424,nothp,A,nothp-memory-block3-1-A,TestSharingMemory,,,
167268,1557952,2179072,1696,4063232,82823,36,"{'Supported': True, 'Active': 0, 'Cached': 0, 'Registered': 0, 'PeakRegistered': 0, 'Capacity': 4096, 'ScanSpan': 0}",18608,retained_2,18292736,"374304 4466 2955 1733 0 26079 0
",53338208,nothp,A,nothp-memory-block3-1-A,TestSharingMemory,,,
0,1553648,2162688,1668,4325376,83063,0,"{'Supported': True, 'Active': 0, 'Cached': 0, 'Registered': 0, 'PeakRegistered': 0, 'Capacity': 4096, 'ScanSpan': 0}",18608,released_2,18071552,"374304 4412 2955 1733 0 26079 0
",53352680,nothp,A,nothp-memory-block3-1-A,TestSharingMemory,,,
0,207464,712704,793,5701632,83151,0,"{'Supported': True, 'Active': 0, 'Cached': 0, 'Registered': 0, 'PeakRegistered': 0, 'Capacity': 4096, 'ScanSpan': 0}",18608,runtime_released,16900096,"374304 4126 2985 1733 0 26079 0
",53359816,nothp,A,nothp-memory-block3-1-A,TestSharingMemory,,,
0,364184,892928,1899,5554176,88927,0,,18608,initial,17215488,,53757056,nothp,A,nothp-memory-block3-1-A,TestSharingMappedMemory,1032,0,0
0,362128,884736,1889,3407872,95230,0,,19032,compile_release_270,19652608,,73003216,nothp,A,nothp-memory-block3-1-A,TestSharingMappedMemory,1032,0,0
167268,442192,1007616,2013,4325376,96167,36,,19288,retained_0,19030016,,75582528,nothp,A,nothp-memory-block3-1-A,TestSharingMappedMemory,1032,606208,278528
0,366784,901120,1907,4325376,96256,0,,19288,released_0,18751488,,75588928,nothp,A,nothp-memory-block3-1-A,TestSharingMappedMemory,1032,0,0
167268,442192,1007616,2013,4521984,97174,36,,19288,retained_1,18845696,,78161424,nothp,A,nothp-memory-block3-1-A,TestSharingMappedMemory,1032,606208,278528
0,366784,901120,1907,4521984,97263,0,,19288,released_1,18567168,,78167824,nothp,A,nothp-memory-block3-1-A,TestSharingMappedMemory,1032,0,0
167268,442192,1007616,2013,4521984,98181,36,,19288,retained_2,18849792,,80740320,nothp,A,nothp-memory-block3-1-A,TestSharingMappedMemory,1032,606208,278528
0,366784,901120,1907,4521984,98270,0,,19288,released_2,18571264,,80746720,nothp,A,nothp-memory-block3-1-A,TestSharingMappedMemory,1032,0,0
0,213584,704512,727,2818048,5475,0,"{'Supported': True, 'Active': 0, 'Cached': 0, 'Registered': 0, 'PeakRegistered': 0, 'Capacity': 4096, 'ScanSpan': 0}",13748,initial,10805248,"374094 2638 2198 1733 0 24845 0
",429048,nothp,A,nothp-memory-block3-6-A,TestSharingMemory,,,
0,1172832,1908736,1297,3293184,60541,0,"{'Supported': True, 'Active': 0, 'Cached': 0, 'Registered': 0, 'PeakRegistered': 0, 'Capacity': 4096, 'ScanSpan': 0}",18508,compile_release_270,19103744,"374304 4664 2962 1733 0 26079 0
",38199752,nothp,A,nothp-memory-block3-6-A,TestSharingMemory,,,
167268,1557296,2187264,1691,3293184,67812,36,"{'Supported': True, 'Active': 0, 'Cached': 0, 'Registered': 0, 'PeakRegistered': 0, 'Capacity': 4096, 'ScanSpan': 0}",18508,retained_0,19148800,"374304 4675 2962 1733 0 26079 0
",43237040,nothp,A,nothp-memory-block3-6-A,TestSharingMemory,,,
0,1553008,2170880,1664,5259264,68053,0,"{'Supported': True, 'Active': 0, 'Cached': 0, 'Registered': 0, 'PeakRegistered': 0, 'Capacity': 4096, 'ScanSpan': 0}",18508,released_0,17190912,"374304 4197 2962 1733 0 26079 0
",43251528,nothp,A,nothp-memory-block3-6-A,TestSharingMemory,,,
167268,1557312,2170880,1692,3964928,75316,36,"{'Supported': True, 'Active': 0, 'Cached': 0, 'Registered': 0, 'PeakRegistered': 0, 'Capacity': 4096, 'ScanSpan': 0}",18508,retained_1,18305024,"374304 4469 2962 1733 0 26079 0
",48287312,nothp,A,nothp-memory-block3-6-A,TestSharingMemory,,,
0,1553008,2154496,1664,4292608,75556,0,"{'Supported': True, 'Active': 0, 'Cached': 0, 'Registered': 0, 'PeakRegistered': 0, 'Capacity': 4096, 'ScanSpan': 0}",18508,released_1,18010112,"374304 4397 2962 1733 0 26079 0
",48301784,nothp,A,nothp-memory-block3-6-A,TestSharingMemory,,,
167268,1557312,2170880,1692,4128768,82819,36,"{'Supported': True, 'Active': 0, 'Cached': 0, 'Registered': 0, 'PeakRegistered': 0, 'Capacity': 4096, 'ScanSpan': 0}",18508,retained_2,18210816,"374304 4446 2962 1733 0 26079 0
",53337568,nothp,A,nothp-memory-block3-6-A,TestSharingMemory,,,
0,1553008,2154496,1664,4325376,83059,0,"{'Supported': True, 'Active': 0, 'Cached': 0, 'Registered': 0, 'PeakRegistered': 0, 'Capacity': 4096, 'ScanSpan': 0}",18508,released_2,18137088,"374304 4428 2962 1733 0 26079 0
",53352040,nothp,A,nothp-memory-block3-6-A,TestSharingMemory,,,
0,206824,712704,789,5701632,83147,0,"{'Supported': True, 'Active': 0, 'Cached': 0, 'Registered': 0, 'PeakRegistered': 0, 'Capacity': 4096, 'ScanSpan': 0}",18508,runtime_released,16896000,"374304 4125 2992 1733 0 26079 0
",53359176,nothp,A,nothp-memory-block3-6-A,TestSharingMemory,,,
0,363544,892928,1895,5652480,88923,0,,18508,initial,17129472,,53756416,nothp,A,nothp-memory-block3-6-A,TestSharingMappedMemory,1032,0,0
0,361488,884736,1885,3211264,95226,0,,19220,compile_release_270,19853312,,73002608,nothp,A,nothp-memory-block3-6-A,TestSharingMappedMemory,1032,0,0
167268,441552,1007616,2009,4325376,96163,36,,19604,retained_0,19025920,,75581920,nothp,A,nothp-memory-block3-6-A,TestSharingMappedMemory,1032,606208,278528
0,366144,901120,1903,4325376,96252,0,,19604,released_0,18751488,,75588320,nothp,A,nothp-memory-block3-6-A,TestSharingMappedMemory,1032,0,0
167268,441552,1007616,2009,4579328,97170,36,,19604,retained_1,18784256,,78160816,nothp,A,nothp-memory-block3-6-A,TestSharingMappedMemory,1032,606208,278528
0,366144,901120,1903,4579328,97259,0,,19604,released_1,18505728,,78167216,nothp,A,nothp-memory-block3-6-A,TestSharingMappedMemory,1032,0,0
167268,441552,1007616,2009,4579328,98177,36,,19604,retained_2,18792448,,80739712,nothp,A,nothp-memory-block3-6-A,TestSharingMappedMemory,1032,606208,278528
0,366144,901120,1903,4579328,98266,0,,19604,released_2,18513920,,80746112,nothp,A,nothp-memory-block3-6-A,TestSharingMappedMemory,1032,0,0
0,213440,704512,727,7012352,5475,0,"{'Supported': True, 'Active': 0, 'Cached': 0, 'Registered': 0, 'PeakRegistered': 0, 'Capacity': 4096, 'ScanSpan': 0}",13644,initial,10932224,"357722 2669 2231 1739 0 25836 0
",428904,nothp,G,nothp-memory-block1-2-G,TestSharingMemory,,,
0,1382992,2072576,1483,3407872,60292,0,"{'Supported': True, 'Active': 0, 'Cached': 0, 'Registered': 0, 'PeakRegistered': 0, 'Capacity': 4096, 'ScanSpan': 0}",18340,compile_release_270,18993152,"374316 4637 2951 1739 0 26079 0
",28199544,nothp,G,nothp-memory-block1-2-G,TestSharingMemory,,,
163296,1551808,2211840,1686,4063232,67532,36,"{'Supported': True, 'Active': 0, 'Cached': 0, 'Registered': 0, 'PeakRegistered': 0, 'Capacity': 4096, 'ScanSpan': 0}",18340,retained_0,18391040,"374316 4490 2951 1739 0 26079 0
",31903600,nothp,G,nothp-memory-block1-2-G,TestSharingMemory,,,
0,1547504,2195456,1658,5570560,67772,0,"{'Supported': True, 'Active': 0, 'Cached': 0, 'Registered': 0, 'PeakRegistered': 0, 'Capacity': 4096, 'ScanSpan': 0}",18340,released_0,16883712,"374316 4122 2951 1739 0 26079 0
",31918072,nothp,G,nothp-memory-block1-2-G,TestSharingMemory,,,
163296,1551808,2244608,1686,4096000,75003,36,"{'Supported': True, 'Active': 0, 'Cached': 0, 'Registered': 0, 'PeakRegistered': 0, 'Capacity': 4096, 'ScanSpan': 0}",18340,retained_1,18186240,"374316 4440 2951 1739 0 26079 0
",35620608,nothp,G,nothp-memory-block1-2-G,TestSharingMemory,,,
0,1547504,2228224,1658,5537792,75243,0,"{'Supported': True, 'Active': 0, 'Cached': 0, 'Registered': 0, 'PeakRegistered': 0, 'Capacity': 4096, 'ScanSpan': 0}",18340,released_1,16814080,"374316 4105 2951 1739 0 26079 0
",35635080,nothp,G,nothp-memory-block1-2-G,TestSharingMemory,,,
163296,1551824,2236416,1687,4079616,82474,36,"{'Supported': True, 'Active': 0, 'Cached': 0, 'Registered': 0, 'PeakRegistered': 0, 'Capacity': 4096, 'ScanSpan': 0}",18340,retained_2,18173952,"374316 4437 2951 1739 0 26079 0
",39337616,nothp,G,nothp-memory-block1-2-G,TestSharingMemory,,,
0,1547520,2220032,1659,5586944,82714,0,"{'Supported': True, 'Active': 0, 'Cached': 0, 'Registered': 0, 'PeakRegistered': 0, 'Capacity': 4096, 'ScanSpan': 0}",18340,released_2,16756736,"374316 4091 2951 1739 0 26079 0
",39352088,nothp,G,nothp-memory-block1-2-G,TestSharingMemory,,,
0,206520,712704,788,5652480,82802,0,"{'Supported': True, 'Active': 0, 'Cached': 0, 'Registered': 0, 'PeakRegistered': 0, 'Capacity': 4096, 'ScanSpan': 0}",18340,runtime_released,16814080,"374316 4105 2981 1739 0 26079 0
",39359224,nothp,G,nothp-memory-block1-2-G,TestSharingMemory,,,
0,363240,892928,1894,5505024,88578,0,,18340,initial,17035264,,39756464,nothp,G,nothp-memory-block1-2-G,TestSharingMappedMemory,1032,0,0
0,361184,884736,1884,3473408,94641,0,,18852,compile_release_270,19415040,,49041152,nothp,G,nothp-memory-block1-2-G,TestSharingMappedMemory,1032,0,0
163296,441232,999424,2007,5881856,95546,36,,19108,retained_0,17293312,,50292256,nothp,G,nothp-memory-block1-2-G,TestSharingMappedMemory,1032,606208,278528
0,365840,901120,1902,5881856,95635,0,,19108,released_0,17014784,,50298656,nothp,G,nothp-memory-block1-2-G,TestSharingMappedMemory,1032,0,0
163296,441232,999424,2007,5890048,96521,36,,19108,retained_1,17305600,,51542944,nothp,G,nothp-memory-block1-2-G,TestSharingMappedMemory,1032,606208,278528
0,365840,901120,1902,5890048,96610,0,,19108,released_1,17027072,,51549344,nothp,G,nothp-memory-block1-2-G,TestSharingMappedMemory,1032,0,0
163296,441232,999424,2007,5890048,97496,36,,19108,retained_2,17309696,,52793632,nothp,G,nothp-memory-block1-2-G,TestSharingMappedMemory,1032,606208,278528
0,365840,901120,1902,5890048,97585,0,,19108,released_2,17031168,,52800032,nothp,G,nothp-memory-block1-2-G,TestSharingMappedMemory,1032,0,0
0,213440,704512,727,2818048,5475,0,"{'Supported': True, 'Active': 0, 'Cached': 0, 'Registered': 0, 'PeakRegistered': 0, 'Capacity': 4096, 'ScanSpan': 0}",13536,initial,11104256,"374106 2711 2272 1739 0 24845 0
",428904,nothp,G,nothp-memory-block1-5-G,TestSharingMemory,,,
0,1383008,2064384,1484,3153920,60293,0,"{'Supported': True, 'Active': 0, 'Cached': 0, 'Registered': 0, 'PeakRegistered': 0, 'Capacity': 4096, 'ScanSpan': 0}",18760,compile_release_270,19271680,"374316 4705 2992 1739 0 26079 0
",28199560,nothp,G,nothp-memory-block1-5-G,TestSharingMemory,,,
163296,1551808,2211840,1686,4071424,67532,36,"{'Supported': True, 'Active': 0, 'Cached': 0, 'Registered': 0, 'PeakRegistered': 0, 'Capacity': 4096, 'ScanSpan': 0}",18944,retained_0,18653184,"374316 4554 3023 1739 0 26079 0
",31903600,nothp,G,nothp-memory-block1-5-G,TestSharingMemory,,,
0,1547504,2195456,1658,5578752,67772,0,"{'Supported': True, 'Active': 0, 'Cached': 0, 'Registered': 0, 'PeakRegistered': 0, 'Capacity': 4096, 'ScanSpan': 0}",18944,released_0,17145856,"374316 4186 3023 1739 0 26079 0
",31918072,nothp,G,nothp-memory-block1-5-G,TestSharingMemory,,,
163296,1551808,2244608,1686,4071424,75003,36,"{'Supported': True, 'Active': 0, 'Cached': 0, 'Registered': 0, 'PeakRegistered': 0, 'Capacity': 4096, 'ScanSpan': 0}",18944,retained_1,18493440,"374316 4515 3023 1739 0 26079 0
",35620608,nothp,G,nothp-memory-block1-5-G,TestSharingMemory,,,
0,1547504,2228224,1658,5578752,75243,0,"{'Supported': True, 'Active': 0, 'Cached': 0, 'Registered': 0, 'PeakRegistered': 0, 'Capacity': 4096, 'ScanSpan': 0}",18944,released_1,17047552,"374316 4162 3023 1739 0 26079 0
",35635080,nothp,G,nothp-memory-block1-5-G,TestSharingMemory,,,
163296,1551824,2236416,1687,3915776,82472,36,"{'Supported': True, 'Active': 0, 'Cached': 0, 'Registered': 0, 'PeakRegistered': 0, 'Capacity': 4096, 'ScanSpan': 0}",18944,retained_2,18632704,"374316 4549 3023 1739 0 26079 0
",39337480,nothp,G,nothp-memory-block1-5-G,TestSharingMemory,,,
0,1547520,2220032,1659,4112384,82712,0,"{'Supported': True, 'Active': 0, 'Cached': 0, 'Registered': 0, 'PeakRegistered': 0, 'Capacity': 4096, 'ScanSpan': 0}",18944,released_2,18440192,"374316 4502 3023 1739 0 26079 0
",39351952,nothp,G,nothp-memory-block1-5-G,TestSharingMemory,,,
0,206520,712704,788,5685248,82800,0,"{'Supported': True, 'Active': 0, 'Cached': 0, 'Registered': 0, 'PeakRegistered': 0, 'Capacity': 4096, 'ScanSpan': 0}",18944,runtime_released,17072128,"374316 4168 3053 1739 0 26079 0
",39359088,nothp,G,nothp-memory-block1-5-G,TestSharingMemory,,,
0,363240,892928,1894,5447680,88576,0,,18944,initial,17301504,,39756328,nothp,G,nothp-memory-block1-5-G,TestSharingMappedMemory,1032,0,0
0,361168,884736,1883,3506176,94639,0,,19104,compile_release_270,19611648,,49041016,nothp,G,nothp-memory-block1-5-G,TestSharingMappedMemory,1032,0,0
163296,441232,999424,2007,5627904,95544,36,,19360,retained_0,17780736,,50292120,nothp,G,nothp-memory-block1-5-G,TestSharingMappedMemory,1032,606208,278528
0,365840,901120,1902,5758976,95633,0,,19360,released_0,17371136,,50298520,nothp,G,nothp-memory-block1-5-G,TestSharingMappedMemory,1032,0,0
163296,441232,999424,2007,5898240,96519,36,,19360,retained_1,17514496,,51542808,nothp,G,nothp-memory-block1-5-G,TestSharingMappedMemory,1032,606208,278528
0,365840,901120,1902,5857280,96608,0,,19360,released_1,17276928,,51549208,nothp,G,nothp-memory-block1-5-G,TestSharingMappedMemory,1032,0,0
163296,441232,999424,2007,5890048,97494,36,,19360,retained_2,17502208,,52793496,nothp,G,nothp-memory-block1-5-G,TestSharingMappedMemory,1032,606208,278528
0,365840,901120,1902,5890048,97583,0,,19360,released_2,17223680,,52799896,nothp,G,nothp-memory-block1-5-G,TestSharingMappedMemory,1032,0,0
0,219016,704512,734,2785280,5482,0,"{'Supported': True, 'Active': 0, 'Cached': 0, 'Registered': 0, 'PeakRegistered': 0, 'Capacity': 4096, 'ScanSpan': 0}",13748,initial,11005952,"376155 2687 2238 1739 0 26893 0
",434480,nothp,G,nothp-memory-block2-2-G,TestSharingMemory,,,
0,1388888,2072576,1492,3825664,60302,0,"{'Supported': True, 'Active': 0, 'Cached': 0, 'Registered': 0, 'PeakRegistered': 0, 'Capacity': 4096, 'ScanSpan': 0}",18684,compile_release_270,18632704,"392749 4549 2974 1739 0 28160 0
",28205440,nothp,G,nothp-memory-block2-2-G,TestSharingMemory,,,
163296,1557704,2236416,1695,3825664,67539,36,"{'Supported': True, 'Active': 0, 'Cached': 0, 'Registered': 0, 'PeakRegistered': 0, 'Capacity': 4096, 'ScanSpan': 0}",18684,retained_0,18706432,"392749 4567 2990 1739 0 28160 0
",31909344,nothp,G,nothp-memory-block2-2-G,TestSharingMemory,,,
0,1553400,2220032,1667,4022272,67779,0,"{'Supported': True, 'Active': 0, 'Cached': 0, 'Registered': 0, 'PeakRegistered': 0, 'Capacity': 4096, 'ScanSpan': 0}",18684,released_0,18509824,"392749 4519 2990 1739 0 28160 0
",31923816,nothp,G,nothp-memory-block2-2-G,TestSharingMemory,,,
163296,1557704,2211840,1695,3555328,75008,36,"{'Supported': True, 'Active': 0, 'Cached': 0, 'Registered': 0, 'PeakRegistered': 0, 'Capacity': 4096, 'ScanSpan': 0}",18684,retained_1,18882560,"392749 4610 2990 1739 0 28160 0
",35626216,nothp,G,nothp-memory-block2-2-G,TestSharingMemory,,,
0,1553400,2195456,1667,4079616,75248,0,"{'Supported': True, 'Active': 0, 'Cached': 0, 'Registered': 0, 'PeakRegistered': 0, 'Capacity': 4096, 'ScanSpan': 0}",18684,released_1,18489344,"392749 4514 2990 1739 0 28160 0
",35640688,nothp,G,nothp-memory-block2-2-G,TestSharingMemory,,,
163296,1557704,2236416,1695,4079616,82479,36,"{'Supported': True, 'Active': 0, 'Cached': 0, 'Registered': 0, 'PeakRegistered': 0, 'Capacity': 4096, 'ScanSpan': 0}",18684,retained_2,18505728,"392749 4518 2990 1739 0 28160 0
",39343224,nothp,G,nothp-memory-block2-2-G,TestSharingMemory,,,
0,1553400,2220032,1667,5521408,82719,0,"{'Supported': True, 'Active': 0, 'Cached': 0, 'Registered': 0, 'PeakRegistered': 0, 'Capacity': 4096, 'ScanSpan': 0}",18684,released_2,17063936,"392749 4166 2990 1739 0 28160 0
",39357696,nothp,G,nothp-memory-block2-2-G,TestSharingMemory,,,
0,212416,712704,797,5652480,82807,0,"{'Supported': True, 'Active': 0, 'Cached': 0, 'Registered': 0, 'PeakRegistered': 0, 'Capacity': 4096, 'ScanSpan': 0}",18684,runtime_released,17055744,"392749 4164 3020 1739 0 28160 0
",39364832,nothp,G,nothp-memory-block2-2-G,TestSharingMemory,,,
0,369136,892928,1903,5496832,88583,0,,18684,initial,17256448,,39762072,nothp,G,nothp-memory-block2-2-G,TestSharingMappedMemory,1032,0,0
0,367080,884736,1893,3497984,94646,0,,18960,compile_release_270,19505152,,49046776,nothp,G,nothp-memory-block2-2-G,TestSharingMappedMemory,1032,0,0
163296,447128,999424,2016,5644288,95551,36,,19216,retained_0,17641472,,50297880,nothp,G,nothp-memory-block2-2-G,TestSharingMappedMemory,1032,606208,278528
0,371736,901120,1911,5644288,95640,0,,19216,released_0,17362944,,50304280,nothp,G,nothp-memory-block2-2-G,TestSharingMappedMemory,1032,0,0
163296,447128,999424,2016,5644288,96526,36,,19216,retained_1,17649664,,51548568,nothp,G,nothp-memory-block2-2-G,TestSharingMappedMemory,1032,606208,278528
0,371736,901120,1911,5644288,96615,0,,19216,released_1,17371136,,51554968,nothp,G,nothp-memory-block2-2-G,TestSharingMappedMemory,1032,0,0
163296,447128,999424,2016,5644288,97501,36,,19216,retained_2,17649664,,52799256,nothp,G,nothp-memory-block2-2-G,TestSharingMappedMemory,1032,606208,278528
0,371736,901120,1911,5644288,97590,0,,19216,released_2,17371136,,52805656,nothp,G,nothp-memory-block2-2-G,TestSharingMappedMemory,1032,0,0
0,213120,704512,725,2818048,5473,0,"{'Supported': True, 'Active': 0, 'Cached': 0, 'Registered': 0, 'PeakRegistered': 0, 'Capacity': 4096, 'ScanSpan': 0}",13680,initial,11014144,"357722 2689 2252 1739 0 24812 0
",428584,nothp,G,nothp-memory-block2-5-G,TestSharingMemory,,,
0,1382992,2080768,1483,3899392,60293,0,"{'Supported': True, 'Active': 0, 'Cached': 0, 'Registered': 0, 'PeakRegistered': 0, 'Capacity': 4096, 'ScanSpan': 0}",18612,compile_release_270,18620416,"374314 4546 2988 1739 0 26077 0
",28199544,nothp,G,nothp-memory-block2-5-G,TestSharingMemory,,,
163296,1551808,2203648,1686,3743744,67530,36,"{'Supported': True, 'Active': 0, 'Cached': 0, 'Registered': 0, 'PeakRegistered': 0, 'Capacity': 4096, 'ScanSpan': 0}",18612,retained_0,18767872,"374316 4582 2988 1739 0 26079 0
",31903448,nothp,G,nothp-memory-block2-5-G,TestSharingMemory,,,
0,1547504,2187264,1658,4333568,67770,0,"{'Supported': True, 'Active': 0, 'Cached': 0, 'Registered': 0, 'PeakRegistered': 0, 'Capacity': 4096, 'ScanSpan': 0}",18612,released_0,18219008,"374316 4448 2988 1739 0 26079 0
",31917920,nothp,G,nothp-memory-block2-5-G,TestSharingMemory,,,
163296,1551808,2236416,1686,3760128,74999,36,"{'Supported': True, 'Active': 0, 'Cached': 0, 'Registered': 0, 'PeakRegistered': 0, 'Capacity': 4096, 'ScanSpan': 0}",18612,retained_1,18649088,"374316 4553 2988 1739 0 26079 0
",35620320,nothp,G,nothp-memory-block2-5-G,TestSharingMemory,,,
0,1547504,2220032,1658,4087808,75239,0,"{'Supported': True, 'Active': 0, 'Cached': 0, 'Registered': 0, 'PeakRegistered': 0, 'Capacity': 4096, 'ScanSpan': 0}",18612,released_1,18448384,"374316 4504 2988 1739 0 26079 0
",35634792,nothp,G,nothp-memory-block2-5-G,TestSharingMemory,,,
163296,1551808,2236416,1686,3956736,82468,36,"{'Supported': True, 'Active': 0, 'Cached': 0, 'Registered': 0, 'PeakRegistered': 0, 'Capacity': 4096, 'ScanSpan': 0}",18612,retained_2,18591744,"374316 4539 2988 1739 0 26079 0
",39337192,nothp,G,nothp-memory-block2-5-G,TestSharingMemory,,,
0,1547504,2220032,1658,4087808,82708,0,"{'Supported': True, 'Active': 0, 'Cached': 0, 'Registered': 0, 'PeakRegistered': 0, 'Capacity': 4096, 'ScanSpan': 0}",18612,released_2,18460672,"374316 4507 2988 1739 0 26079 0
",39351664,nothp,G,nothp-memory-block2-5-G,TestSharingMemory,,,
0,206520,712704,788,5660672,82796,0,"{'Supported': True, 'Active': 0, 'Cached': 0, 'Registered': 0, 'PeakRegistered': 0, 'Capacity': 4096, 'ScanSpan': 0}",18612,runtime_released,17055744,"374316 4164 3018 1739 0 26079 0
",39358800,nothp,G,nothp-memory-block2-5-G,TestSharingMemory,,,
0,363240,892928,1894,5513216,88572,0,,18612,initial,17231872,,39756040,nothp,G,nothp-memory-block2-5-G,TestSharingMappedMemory,1032,0,0
0,361184,884736,1884,3244032,94635,0,,19276,compile_release_270,19841024,,49040744,nothp,G,nothp-memory-block2-5-G,TestSharingMappedMemory,1032,0,0
163296,441232,999424,2007,5832704,95540,36,,19660,retained_0,17543168,,50291848,nothp,G,nothp-memory-block2-5-G,TestSharingMappedMemory,1032,606208,278528
0,365840,901120,1902,5832704,95629,0,,19660,released_0,17264640,,50298248,nothp,G,nothp-memory-block2-5-G,TestSharingMappedMemory,1032,0,0
163296,441232,999424,2007,5840896,96515,36,,19660,retained_1,17539072,,51542536,nothp,G,nothp-memory-block2-5-G,TestSharingMappedMemory,1032,606208,278528
0,365840,901120,1902,5840896,96604,0,,19660,released_1,17260544,,51548936,nothp,G,nothp-memory-block2-5-G,TestSharingMappedMemory,1032,0,0
163296,441232,999424,2007,5840896,97490,36,,19660,retained_2,17539072,,52793224,nothp,G,nothp-memory-block2-5-G,TestSharingMappedMemory,1032,606208,278528
0,365840,901120,1902,5840896,97579,0,,19660,released_2,17260544,,52799624,nothp,G,nothp-memory-block2-5-G,TestSharingMappedMemory,1032,0,0
0,213440,704512,727,2818048,5475,0,"{'Supported': True, 'Active': 0, 'Cached': 0, 'Registered': 0, 'PeakRegistered': 0, 'Capacity': 4096, 'ScanSpan': 0}",13616,initial,11046912,"374106 2697 2258 1739 0 24845 0
",428904,nothp,G,nothp-memory-block3-2-G,TestSharingMemory,,,
0,1383472,2064384,1486,3907584,60296,0,"{'Supported': True, 'Active': 0, 'Cached': 0, 'Registered': 0, 'PeakRegistered': 0, 'Capacity': 4096, 'ScanSpan': 0}",18636,compile_release_270,18554880,"374316 4530 2978 1739 0 26079 0
",28200024,nothp,G,nothp-memory-block3-2-G,TestSharingMemory,,,
163296,1552288,2228224,1689,3907584,67533,36,"{'Supported': True, 'Active': 0, 'Cached': 0, 'Registered': 0, 'PeakRegistered': 0, 'Capacity': 4096, 'ScanSpan': 0}",18636,retained_0,18612224,"374316 4544 2978 1739 0 26079 0
",31903928,nothp,G,nothp-memory-block3-2-G,TestSharingMemory,,,
0,1547984,2211840,1661,4104192,67773,0,"{'Supported': True, 'Active': 0, 'Cached': 0, 'Registered': 0, 'PeakRegistered': 0, 'Capacity': 4096, 'ScanSpan': 0}",18636,released_0,18415616,"374316 4496 2978 1739 0 26079 0
",31918400,nothp,G,nothp-memory-block3-2-G,TestSharingMemory,,,
163296,1552288,2211840,1689,3637248,75002,36,"{'Supported': True, 'Active': 0, 'Cached': 0, 'Registered': 0, 'PeakRegistered': 0, 'Capacity': 4096, 'ScanSpan': 0}",18636,retained_1,18763776,"374316 4581 2978 1739 0 26079 0
",35620800,nothp,G,nothp-memory-block3-2-G,TestSharingMemory,,,
0,1547984,2195456,1661,4096000,75242,0,"{'Supported': True, 'Active': 0, 'Cached': 0, 'Registered': 0, 'PeakRegistered': 0, 'Capacity': 4096, 'ScanSpan': 0}",18636,released_1,18436096,"374316 4501 2978 1739 0 26079 0
",35635272,nothp,G,nothp-memory-block3-2-G,TestSharingMemory,,,
163296,1552288,2236416,1689,4096000,82473,36,"{'Supported': True, 'Active': 0, 'Cached': 0, 'Registered': 0, 'PeakRegistered': 0, 'Capacity': 4096, 'ScanSpan': 0}",18636,retained_2,18444288,"374316 4503 2978 1739 0 26079 0
",39337808,nothp,G,nothp-memory-block3-2-G,TestSharingMemory,,,
0,1547984,2220032,1661,5537792,82713,0,"{'Supported': True, 'Active': 0, 'Cached': 0, 'Registered': 0, 'PeakRegistered': 0, 'Capacity': 4096, 'ScanSpan': 0}",18636,released_2,17002496,"374316 4151 2978 1739 0 26079 0
",39352280,nothp,G,nothp-memory-block3-2-G,TestSharingMemory,,,
0,207000,712704,791,5668864,82801,0,"{'Supported': True, 'Active': 0, 'Cached': 0, 'Registered': 0, 'PeakRegistered': 0, 'Capacity': 4096, 'ScanSpan': 0}",18636,runtime_released,16994304,"374316 4149 3008 1739 0 26079 0
",39359416,nothp,G,nothp-memory-block3-2-G,TestSharingMemory,,,
0,363720,892928,1897,5521408,88577,0,,18636,initial,17149952,,39756656,nothp,G,nothp-memory-block3-2-G,TestSharingMappedMemory,1032,0,0
0,361648,884736,1886,3457024,94640,0,,18964,compile_release_270,19521536,,49041344,nothp,G,nothp-memory-block3-2-G,TestSharingMappedMemory,1032,0,0
163296,441712,999424,2010,5718016,95545,36,,19220,retained_0,17551360,,50292448,nothp,G,nothp-memory-block3-2-G,TestSharingMappedMemory,1032,606208,278528
0,366320,901120,1905,5718016,95634,0,,19220,released_0,17272832,,50298848,nothp,G,nothp-memory-block3-2-G,TestSharingMappedMemory,1032,0,0
163296,441712,999424,2010,5726208,96520,36,,19220,retained_1,17547264,,51543136,nothp,G,nothp-memory-block3-2-G,TestSharingMappedMemory,1032,606208,278528
0,366320,901120,1905,5726208,96609,0,,19220,released_1,17268736,,51549536,nothp,G,nothp-memory-block3-2-G,TestSharingMappedMemory,1032,0,0
163296,441712,999424,2010,5726208,97495,36,,19220,retained_2,17555456,,52793824,nothp,G,nothp-memory-block3-2-G,TestSharingMappedMemory,1032,606208,278528
0,366320,901120,1905,5726208,97584,0,,19220,released_2,17276928,,52800224,nothp,G,nothp-memory-block3-2-G,TestSharingMappedMemory,1032,0,0
0,218856,704512,733,2785280,5481,0,"{'Supported': True, 'Active': 0, 'Cached': 0, 'Registered': 0, 'PeakRegistered': 0, 'Capacity': 4096, 'ScanSpan': 0}",13784,initial,11112448,"376155 2713 2264 1739 0 26893 0
",434320,nothp,G,nothp-memory-block3-5-G,TestSharingMemory,,,
0,1388568,2072576,1490,3842048,60300,0,"{'Supported': True, 'Active': 0, 'Cached': 0, 'Registered': 0, 'PeakRegistered': 0, 'Capacity': 4096, 'ScanSpan': 0}",18528,compile_release_270,18632704,"409151 4549 2984 1739 0 28178 0
",28205120,nothp,G,nothp-memory-block3-5-G,TestSharingMemory,,,
163296,1557384,2228224,1693,3842048,67537,36,"{'Supported': True, 'Active': 0, 'Cached': 0, 'Registered': 0, 'PeakRegistered': 0, 'Capacity': 4096, 'ScanSpan': 0}",18528,retained_0,18726912,"409151 4572 3000 1739 0 28178 0
",31909024,nothp,G,nothp-memory-block3-5-G,TestSharingMemory,,,
0,1553080,2211840,1665,4104192,67777,0,"{'Supported': True, 'Active': 0, 'Cached': 0, 'Registered': 0, 'PeakRegistered': 0, 'Capacity': 4096, 'ScanSpan': 0}",18528,released_0,18464768,"409151 4508 3000 1739 0 28178 0
",31923496,nothp,G,nothp-memory-block3-5-G,TestSharingMemory,,,
163296,1557384,2220032,1693,3760128,75006,36,"{'Supported': True, 'Active': 0, 'Cached': 0, 'Registered': 0, 'PeakRegistered': 0, 'Capacity': 4096, 'ScanSpan': 0}",18528,retained_1,18722816,"409151 4571 3000 1739 0 28178 0
",35625896,nothp,G,nothp-memory-block3-5-G,TestSharingMemory,,,
0,1553080,2203648,1665,4087808,75246,0,"{'Supported': True, 'Active': 0, 'Cached': 0, 'Registered': 0, 'PeakRegistered': 0, 'Capacity': 4096, 'ScanSpan': 0}",18528,released_1,18505728,"409151 4518 3000 1739 0 28178 0
",35640368,nothp,G,nothp-memory-block3-5-G,TestSharingMemory,,,
163296,1557384,2236416,1693,4022272,82477,36,"{'Supported': True, 'Active': 0, 'Cached': 0, 'Registered': 0, 'PeakRegistered': 0, 'Capacity': 4096, 'ScanSpan': 0}",18528,retained_2,18599936,"409151 4541 3000 1739 0 28178 0
",39342904,nothp,G,nothp-memory-block3-5-G,TestSharingMemory,,,
0,1553080,2220032,1665,5660672,82717,0,"{'Supported': True, 'Active': 0, 'Cached': 0, 'Registered': 0, 'PeakRegistered': 0, 'Capacity': 4096, 'ScanSpan': 0}",18528,released_2,16961536,"409151 4141 3000 1739 0 28178 0
",39357376,nothp,G,nothp-memory-block3-5-G,TestSharingMemory,,,
0,212096,712704,795,5660672,82805,0,"{'Supported': True, 'Active': 0, 'Cached': 0, 'Registered': 0, 'PeakRegistered': 0, 'Capacity': 4096, 'ScanSpan': 0}",18528,runtime_released,17084416,"409151 4171 3030 1739 0 28178 0
",39364512,nothp,G,nothp-memory-block3-5-G,TestSharingMemory,,,
0,368816,892928,1901,5447680,88581,0,,18528,initial,17326080,,39761752,nothp,G,nothp-memory-block3-5-G,TestSharingMappedMemory,1032,0,0
0,366760,884736,1891,3465216,94644,0,,18988,compile_release_270,19509248,,49046456,nothp,G,nothp-memory-block3-5-G,TestSharingMappedMemory,1032,0,0
163296,446808,999424,2014,5824512,95549,36,,19244,retained_0,17444864,,50297560,nothp,G,nothp-memory-block3-5-G,TestSharingMappedMemory,1032,606208,278528
0,371416,901120,1909,5824512,95638,0,,19244,released_0,17170432,,50303960,nothp,G,nothp-memory-block3-5-G,TestSharingMappedMemory,1032,0,0
163296,446808,999424,2014,5857280,96524,36,,19244,retained_1,17416192,,51548248,nothp,G,nothp-memory-block3-5-G,TestSharingMappedMemory,1032,606208,278528
0,371416,901120,1909,5857280,96613,0,,19244,released_1,17137664,,51554648,nothp,G,nothp-memory-block3-5-G,TestSharingMappedMemory,1032,0,0
163296,446808,999424,2014,5857280,97499,36,,19244,retained_2,17416192,,52798936,nothp,G,nothp-memory-block3-5-G,TestSharingMappedMemory,1032,606208,278528
0,371416,901120,1909,5857280,97588,0,,19244,released_2,17137664,,52805336,nothp,G,nothp-memory-block3-5-G,TestSharingMappedMemory,1032,0,0
0,213120,704512,725,2818048,5475,0,"{'Supported': True, 'Active': 0, 'Cached': 0, 'Registered': 0, 'PeakRegistered': 0, 'Capacity': 4096, 'ScanSpan': 0}",13856,initial,10813440,"374098 2640 2202 1735 0 24845 0
",428616,nothp,H,nothp-memory-block1-3-H,TestSharingMemory,,,
0,1382672,2072576,1481,3268608,60112,0,"{'Supported': True, 'Active': 0, 'Cached': 0, 'Registered': 0, 'PeakRegistered': 0, 'Capacity': 4096, 'ScanSpan': 0}",18704,compile_release_270,19234816,"374308 4696 2996 1735 0 26079 0
",28151736,nothp,H,nothp-memory-block1-3-H,TestSharingMemory,,,
134972,1551488,2211840,1684,3727360,67326,36,"{'Supported': True, 'Active': 0, 'Cached': 0, 'Registered': 0, 'PeakRegistered': 0, 'Capacity': 4096, 'ScanSpan': 0}",18704,retained_0,18870272,"374308 4607 2996 1735 0 26079 0
",31849320,nothp,H,nothp-memory-block1-3-H,TestSharingMemory,,,
0,1547184,2195456,1656,4120576,67566,0,"{'Supported': True, 'Active': 0, 'Cached': 0, 'Registered': 0, 'PeakRegistered': 0, 'Capacity': 4096, 'ScanSpan': 0}",18704,released_0,18477056,"374308 4511 2996 1735 0 26079 0
",31863792,nothp,H,nothp-memory-block1-3-H,TestSharingMemory,,,
134972,1551488,2260992,1684,3751936,74771,36,"{'Supported': True, 'Active': 0, 'Cached': 0, 'Registered': 0, 'PeakRegistered': 0, 'Capacity': 4096, 'ScanSpan': 0}",18704,retained_1,18776064,"374308 4584 2996 1735 0 26079 0
",35559856,nothp,H,nothp-memory-block1-3-H,TestSharingMemory,,,
0,1547184,2244608,1656,4079616,75011,0,"{'Supported': True, 'Active': 0, 'Cached': 0, 'Registered': 0, 'PeakRegistered': 0, 'Capacity': 4096, 'ScanSpan': 0}",18704,released_1,18550784,"374308 4529 2996 1735 0 26079 0
",35574328,nothp,H,nothp-memory-block1-3-H,TestSharingMemory,,,
134972,1551488,2244608,1684,3784704,82216,36,"{'Supported': True, 'Active': 0, 'Cached': 0, 'Registered': 0, 'PeakRegistered': 0, 'Capacity': 4096, 'ScanSpan': 0}",18704,retained_2,18731008,"374308 4573 2996 1735 0 26079 0
",39270392,nothp,H,nothp-memory-block1-3-H,TestSharingMemory,,,
0,1547184,2228224,1656,4112384,82456,0,"{'Supported': True, 'Active': 0, 'Cached': 0, 'Registered': 0, 'PeakRegistered': 0, 'Capacity': 4096, 'ScanSpan': 0}",18704,released_2,18522112,"374308 4522 2996 1735 0 26079 0
",39284864,nothp,H,nothp-memory-block1-3-H,TestSharingMemory,,,
0,206200,712704,786,5619712,82544,0,"{'Supported': True, 'Active': 0, 'Cached': 0, 'Registered': 0, 'PeakRegistered': 0, 'Capacity': 4096, 'ScanSpan': 0}",18704,runtime_released,17076224,"374308 4169 3011 1735 0 26079 0
",39292000,nothp,H,nothp-memory-block1-3-H,TestSharingMemory,,,
0,362920,892928,1892,5488640,88320,0,,18704,initial,17289216,,39689240,nothp,H,nothp-memory-block1-3-H,TestSharingMappedMemory,1032,0,0
0,360848,884736,1881,3530752,94203,0,,18980,compile_release_270,19529728,,48926424,nothp,H,nothp-memory-block1-3-H,TestSharingMappedMemory,1032,0,0
134972,440912,999424,2005,5865472,95084,36,,19236,retained_0,17469440,,50171192,nothp,H,nothp-memory-block1-3-H,TestSharingMappedMemory,1032,606208,262144
0,365520,901120,1900,5865472,95173,0,,19236,released_0,17211392,,50177592,nothp,H,nothp-memory-block1-3-H,TestSharingMappedMemory,1032,0,0
134972,440912,999424,2005,5865472,96035,36,,19236,retained_1,17485824,,51415544,nothp,H,nothp-memory-block1-3-H,TestSharingMappedMemory,1032,606208,262144
0,365520,901120,1900,5865472,96124,0,,19236,released_1,17223680,,51421944,nothp,H,nothp-memory-block1-3-H,TestSharingMappedMemory,1032,0,0
134972,440912,999424,2005,5865472,96986,36,,19236,retained_2,17485824,,52659896,nothp,H,nothp-memory-block1-3-H,TestSharingMappedMemory,1032,606208,262144
0,365520,901120,1900,5865472,97075,0,,19236,released_2,17223680,,52666296,nothp,H,nothp-memory-block1-3-H,TestSharingMappedMemory,1032,0,0
0,213440,704512,727,7012352,5477,0,"{'Supported': True, 'Active': 0, 'Cached': 0, 'Registered': 0, 'PeakRegistered': 0, 'Capacity': 4096, 'ScanSpan': 0}",13592,initial,10809344,"357714 2639 2201 1735 0 25836 0
",428936,nothp,H,nothp-memory-block1-4-H,TestSharingMemory,,,
0,1383152,2088960,1484,8085504,60116,0,"{'Supported': True, 'Active': 0, 'Cached': 0, 'Registered': 0, 'PeakRegistered': 0, 'Capacity': 4096, 'ScanSpan': 0}",18640,compile_release_270,18665472,"374308 4557 2995 1735 0 27103 0
",28152216,nothp,H,nothp-memory-block1-4-H,TestSharingMemory,,,
134972,1551968,2203648,1687,8085504,67329,36,"{'Supported': True, 'Active': 0, 'Cached': 0, 'Registered': 0, 'PeakRegistered': 0, 'Capacity': 4096, 'ScanSpan': 0}",18640,retained_0,18698240,"374308 4565 2995 1735 0 27103 0
",31849784,nothp,H,nothp-memory-block1-4-H,TestSharingMemory,,,
0,1547664,2187264,1659,8347648,67569,0,"{'Supported': True, 'Active': 0, 'Cached': 0, 'Registered': 0, 'PeakRegistered': 0, 'Capacity': 4096, 'ScanSpan': 0}",18640,released_0,18436096,"374308 4501 2995 1735 0 27103 0
",31864256,nothp,H,nothp-memory-block1-4-H,TestSharingMemory,,,
134972,1551968,2228224,1687,7847936,74774,36,"{'Supported': True, 'Active': 0, 'Cached': 0, 'Registered': 0, 'PeakRegistered': 0, 'Capacity': 4096, 'ScanSpan': 0}",18640,retained_1,18829312,"374308 4597 2995 1735 0 27103 0
",35560320,nothp,H,nothp-memory-block1-4-H,TestSharingMemory,,,
0,1547664,2211840,1659,8372224,75014,0,"{'Supported': True, 'Active': 0, 'Cached': 0, 'Registered': 0, 'PeakRegistered': 0, 'Capacity': 4096, 'ScanSpan': 0}",18640,released_1,18427904,"374308 4499 2995 1735 0 27103 0
",35574792,nothp,H,nothp-memory-block1-4-H,TestSharingMemory,,,
134972,1551968,2244608,1687,7880704,82219,36,"{'Supported': True, 'Active': 0, 'Cached': 0, 'Registered': 0, 'PeakRegistered': 0, 'Capacity': 4096, 'ScanSpan': 0}",18640,retained_2,18812928,"374308 4593 2995 1735 0 27103 0
",39270856,nothp,H,nothp-memory-block1-4-H,TestSharingMemory,,,
0,1547664,2228224,1659,8339456,82459,0,"{'Supported': True, 'Active': 0, 'Cached': 0, 'Registered': 0, 'PeakRegistered': 0, 'Capacity': 4096, 'ScanSpan': 0}",18640,released_2,18472960,"374308 4510 2995 1735 0 27103 0
",39285328,nothp,H,nothp-memory-block1-4-H,TestSharingMemory,,,
0,206680,712704,789,9846784,82547,0,"{'Supported': True, 'Active': 0, 'Cached': 0, 'Registered': 0, 'PeakRegistered': 0, 'Capacity': 4096, 'ScanSpan': 0}",18640,runtime_released,17027072,"374308 4157 3010 1735 0 27103 0
",39292464,nothp,H,nothp-memory-block1-4-H,TestSharingMemory,,,
0,363400,892928,1895,9789440,88323,0,,18640,initial,17166336,,39689704,nothp,H,nothp-memory-block1-4-H,TestSharingMappedMemory,1032,0,0
0,361328,884736,1884,7782400,94206,0,,19124,compile_release_270,19480576,,48926872,nothp,H,nothp-memory-block1-4-H,TestSharingMappedMemory,1032,0,0
134972,441392,999424,2008,9928704,95087,36,,19252,retained_0,17604608,,50171640,nothp,H,nothp-memory-block1-4-H,TestSharingMappedMemory,1032,606208,262144
0,366000,901120,1903,9928704,95176,0,,19252,released_0,17346560,,50178040,nothp,H,nothp-memory-block1-4-H,TestSharingMappedMemory,1032,0,0
134972,441392,999424,2008,9961472,96038,36,,19252,retained_1,17584128,,51415992,nothp,H,nothp-memory-block1-4-H,TestSharingMappedMemory,1032,606208,262144
0,366000,901120,1903,9961472,96127,0,,19252,released_1,17321984,,51422392,nothp,H,nothp-memory-block1-4-H,TestSharingMappedMemory,1032,0,0
134972,441392,999424,2008,9961472,96989,36,,19252,retained_2,17588224,,52660344,nothp,H,nothp-memory-block1-4-H,TestSharingMappedMemory,1032,606208,262144
0,366000,901120,1903,9961472,97078,0,,19252,released_2,17326080,,52666744,nothp,H,nothp-memory-block1-4-H,TestSharingMappedMemory,1032,0,0
0,213440,704512,727,7012352,5477,0,"{'Supported': True, 'Active': 0, 'Cached': 0, 'Registered': 0, 'PeakRegistered': 0, 'Capacity': 4096, 'ScanSpan': 0}",13644,initial,10817536,"374098 2641 2202 1735 0 25869 0
",428936,nothp,H,nothp-memory-block2-3-H,TestSharingMemory,,,
0,1383152,2088960,1484,8036352,60116,0,"{'Supported': True, 'Active': 0, 'Cached': 0, 'Registered': 0, 'PeakRegistered': 0, 'Capacity': 4096, 'ScanSpan': 0}",18784,compile_release_270,18632704,"374308 4549 2980 1735 0 27103 0
",28152216,nothp,H,nothp-memory-block2-3-H,TestSharingMemory,,,
134972,1551968,2203648,1687,8028160,67329,36,"{'Supported': True, 'Active': 0, 'Cached': 0, 'Registered': 0, 'PeakRegistered': 0, 'Capacity': 4096, 'ScanSpan': 0}",18784,retained_0,18669568,"374308 4558 2980 1735 0 27103 0
",31849784,nothp,H,nothp-memory-block2-3-H,TestSharingMemory,,,
0,1547664,2187264,1659,8355840,67569,0,"{'Supported': True, 'Active': 0, 'Cached': 0, 'Registered': 0, 'PeakRegistered': 0, 'Capacity': 4096, 'ScanSpan': 0}",18784,released_0,18341888,"374308 4478 2980 1735 0 27103 0
",31864256,nothp,H,nothp-memory-block2-3-H,TestSharingMemory,,,
134972,1551968,2228224,1687,8077312,74774,36,"{'Supported': True, 'Active': 0, 'Cached': 0, 'Registered': 0, 'PeakRegistered': 0, 'Capacity': 4096, 'ScanSpan': 0}",18784,retained_1,18595840,"374308 4540 2980 1735 0 27103 0
",35560320,nothp,H,nothp-memory-block2-3-H,TestSharingMemory,,,
0,1547664,2211840,1659,8339456,75014,0,"{'Supported': True, 'Active': 0, 'Cached': 0, 'Registered': 0, 'PeakRegistered': 0, 'Capacity': 4096, 'ScanSpan': 0}",18784,released_1,18386944,"374308 4489 2980 1735 0 27103 0
",35574792,nothp,H,nothp-memory-block2-3-H,TestSharingMemory,,,
134972,1551968,2244608,1687,8069120,82219,36,"{'Supported': True, 'Active': 0, 'Cached': 0, 'Registered': 0, 'PeakRegistered': 0, 'Capacity': 4096, 'ScanSpan': 0}",18784,retained_2,18583552,"374308 4537 2980 1735 0 27103 0
",39270856,nothp,H,nothp-memory-block2-3-H,TestSharingMemory,,,
0,1547664,2228224,1659,8331264,82459,0,"{'Supported': True, 'Active': 0, 'Cached': 0, 'Registered': 0, 'PeakRegistered': 0, 'Capacity': 4096, 'ScanSpan': 0}",18784,released_2,18358272,"374308 4482 2980 1735 0 27103 0
",39285328,nothp,H,nothp-memory-block2-3-H,TestSharingMemory,,,
0,206680,712704,789,9838592,82547,0,"{'Supported': True, 'Active': 0, 'Cached': 0, 'Registered': 0, 'PeakRegistered': 0, 'Capacity': 4096, 'ScanSpan': 0}",18784,runtime_released,16912384,"374308 4129 2995 1735 0 27103 0
",39292464,nothp,H,nothp-memory-block2-3-H,TestSharingMemory,,,
0,363400,892928,1895,9699328,88323,0,,18784,initial,17055744,,39689704,nothp,H,nothp-memory-block2-3-H,TestSharingMappedMemory,1032,0,0
0,361328,884736,1884,7708672,94206,0,,18948,compile_release_270,19451904,,48926872,nothp,H,nothp-memory-block2-3-H,TestSharingMappedMemory,1032,0,0
134972,441392,999424,2008,9674752,95087,36,,19076,retained_0,17747968,,50171640,nothp,H,nothp-memory-block2-3-H,TestSharingMappedMemory,1032,606208,262144
0,366000,901120,1903,9936896,95176,0,,19076,released_0,17227776,,50178040,nothp,H,nothp-memory-block2-3-H,TestSharingMappedMemory,1032,0,0
134972,441392,999424,2008,9994240,96038,36,,19076,retained_1,17453056,,51415992,nothp,H,nothp-memory-block2-3-H,TestSharingMappedMemory,1032,606208,262144
0,366000,901120,1903,9994240,96127,0,,19076,released_1,17190912,,51422392,nothp,H,nothp-memory-block2-3-H,TestSharingMappedMemory,1032,0,0
134972,441392,999424,2008,9773056,96989,36,,19076,retained_2,17670144,,52660344,nothp,H,nothp-memory-block2-3-H,TestSharingMappedMemory,1032,606208,262144
0,366000,901120,1903,9969664,97078,0,,19076,released_2,17211392,,52666744,nothp,H,nothp-memory-block2-3-H,TestSharingMappedMemory,1032,0,0
0,213600,704512,728,2818048,5478,0,"{'Supported': True, 'Active': 0, 'Cached': 0, 'Registered': 0, 'PeakRegistered': 0, 'Capacity': 4096, 'ScanSpan': 0}",13384,initial,10760192,"374098 2627 2188 1735 0 24845 0
",429096,nothp,H,nothp-memory-block2-4-H,TestSharingMemory,,,
0,919120,1638400,1224,3784704,60117,0,"{'Supported': True, 'Active': 0, 'Cached': 0, 'Registered': 0, 'PeakRegistered': 0, 'Capacity': 4096, 'ScanSpan': 0}",18712,compile_release_270,18718720,"374308 4570 2982 1735 0 26079 0
",28152376,nothp,H,nothp-memory-block2-4-H,TestSharingMemory,,,
134972,1552128,2252800,1688,3268608,67330,36,"{'Supported': True, 'Active': 0, 'Cached': 0, 'Registered': 0, 'PeakRegistered': 0, 'Capacity': 4096, 'ScanSpan': 0}",18712,retained_0,19214336,"374308 4691 2982 1735 0 26079 0
",31849944,nothp,H,nothp-memory-block2-4-H,TestSharingMemory,,,
0,1547824,2236416,1660,4308992,67570,0,"{'Supported': True, 'Active': 0, 'Cached': 0, 'Registered': 0, 'PeakRegistered': 0, 'Capacity': 4096, 'ScanSpan': 0}",18712,released_0,18214912,"374308 4447 2982 1735 0 26079 0
",31864416,nothp,H,nothp-memory-block2-4-H,TestSharingMemory,,,
134972,1552128,2244608,1688,4071424,74777,36,"{'Supported': True, 'Active': 0, 'Cached': 0, 'Registered': 0, 'PeakRegistered': 0, 'Capacity': 4096, 'ScanSpan': 0}",18712,retained_1,18395136,"374308 4491 2982 1735 0 26079 0
",35560616,nothp,H,nothp-memory-block2-4-H,TestSharingMemory,,,
0,1547824,2228224,1660,5578752,75017,0,"{'Supported': True, 'Active': 0, 'Cached': 0, 'Registered': 0, 'PeakRegistered': 0, 'Capacity': 4096, 'ScanSpan': 0}",18712,released_1,16924672,"374308 4132 2982 1735 0 26079 0
",35575088,nothp,H,nothp-memory-block2-4-H,TestSharingMemory,,,
134972,1552128,2220032,1688,4096000,82224,36,"{'Supported': True, 'Active': 0, 'Cached': 0, 'Registered': 0, 'PeakRegistered': 0, 'Capacity': 4096, 'ScanSpan': 0}",18712,retained_2,18300928,"374308 4468 2982 1735 0 26079 0
",39271288,nothp,H,nothp-memory-block2-4-H,TestSharingMemory,,,
0,1547824,2203648,1660,5603328,82464,0,"{'Supported': True, 'Active': 0, 'Cached': 0, 'Registered': 0, 'PeakRegistered': 0, 'Capacity': 4096, 'ScanSpan': 0}",18712,released_2,16850944,"374308 4114 2982 1735 0 26079 0
",39285760,nothp,H,nothp-memory-block2-4-H,TestSharingMemory,,,
0,206840,712704,790,5668864,82552,0,"{'Supported': True, 'Active': 0, 'Cached': 0, 'Registered': 0, 'PeakRegistered': 0, 'Capacity': 4096, 'ScanSpan': 0}",18712,runtime_released,16846848,"374308 4113 2997 1735 0 26079 0
",39292896,nothp,H,nothp-memory-block2-4-H,TestSharingMemory,,,
0,363560,892928,1896,5521408,88328,0,,18712,initial,17055744,,39690136,nothp,H,nothp-memory-block2-4-H,TestSharingMappedMemory,1032,0,0
0,361504,884736,1886,3260416,94211,0,,19244,compile_release_270,19722240,,48927304,nothp,H,nothp-memory-block2-4-H,TestSharingMappedMemory,1032,0,0
134972,441552,999424,2009,5816320,95092,36,,19500,retained_0,17440768,,50172072,nothp,H,nothp-memory-block2-4-H,TestSharingMappedMemory,1032,606208,262144
0,366160,901120,1904,5816320,95181,0,,19500,released_0,17182720,,50178472,nothp,H,nothp-memory-block2-4-H,TestSharingMappedMemory,1032,0,0
134972,441552,999424,2009,5857280,96043,36,,19500,retained_1,17408000,,51416424,nothp,H,nothp-memory-block2-4-H,TestSharingMappedMemory,1032,606208,262144
0,366160,901120,1904,5857280,96132,0,,19500,released_1,17145856,,51422824,nothp,H,nothp-memory-block2-4-H,TestSharingMappedMemory,1032,0,0
134972,441552,999424,2009,5857280,96994,36,,19500,retained_2,17412096,,52660776,nothp,H,nothp-memory-block2-4-H,TestSharingMappedMemory,1032,606208,262144
0,366160,901120,1904,5857280,97083,0,,19500,released_2,17149952,,52667176,nothp,H,nothp-memory-block2-4-H,TestSharingMappedMemory,1032,0,0
0,213440,704512,727,2818048,5477,0,"{'Supported': True, 'Active': 0, 'Cached': 0, 'Registered': 0, 'PeakRegistered': 0, 'Capacity': 4096, 'ScanSpan': 0}",13600,initial,10887168,"357714 2658 2222 1735 0 24812 0
",428936,nothp,H,nothp-memory-block3-3-H,TestSharingMemory,,,
0,1383168,2097152,1485,3284992,60116,0,"{'Supported': True, 'Active': 0, 'Cached': 0, 'Registered': 0, 'PeakRegistered': 0, 'Capacity': 4096, 'ScanSpan': 0}",18912,compile_release_270,19337216,"374308 4721 3016 1735 0 26079 0
",28152232,nothp,H,nothp-memory-block3-3-H,TestSharingMemory,,,
134972,1551968,2220032,1687,3678208,67329,36,"{'Supported': True, 'Active': 0, 'Cached': 0, 'Registered': 0, 'PeakRegistered': 0, 'Capacity': 4096, 'ScanSpan': 0}",18912,retained_0,19025920,"374308 4645 3016 1735 0 26079 0
",31849800,nothp,H,nothp-memory-block3-3-H,TestSharingMemory,,,
0,1547664,2203648,1659,4136960,67569,0,"{'Supported': True, 'Active': 0, 'Cached': 0, 'Registered': 0, 'PeakRegistered': 0, 'Capacity': 4096, 'ScanSpan': 0}",18912,released_0,18567168,"374308 4533 3016 1735 0 26079 0
",31864272,nothp,H,nothp-memory-block3-3-H,TestSharingMemory,,,
134972,1551968,2260992,1687,3915776,74774,36,"{'Supported': True, 'Active': 0, 'Cached': 0, 'Registered': 0, 'PeakRegistered': 0, 'Capacity': 4096, 'ScanSpan': 0}",18912,retained_1,18739200,"374308 4575 3016 1735 0 26079 0
",35560336,nothp,H,nothp-memory-block3-3-H,TestSharingMemory,,,
0,1547664,2244608,1659,4112384,75014,0,"{'Supported': True, 'Active': 0, 'Cached': 0, 'Registered': 0, 'PeakRegistered': 0, 'Capacity': 4096, 'ScanSpan': 0}",18912,released_1,18542592,"374308 4527 3016 1735 0 26079 0
",35574808,nothp,H,nothp-memory-block3-3-H,TestSharingMemory,,,
134972,1551968,2244608,1687,3915776,82219,36,"{'Supported': True, 'Active': 0, 'Cached': 0, 'Registered': 0, 'PeakRegistered': 0, 'Capacity': 4096, 'ScanSpan': 0}",18912,retained_2,18759680,"374308 4580 3016 1735 0 26079 0
",39270872,nothp,H,nothp-memory-block3-3-H,TestSharingMemory,,,
0,1547664,2228224,1659,4112384,82459,0,"{'Supported': True, 'Active': 0, 'Cached': 0, 'Registered': 0, 'PeakRegistered': 0, 'Capacity': 4096, 'ScanSpan': 0}",18912,released_2,18608128,"374308 4543 3016 1735 0 26079 0
",39285344,nothp,H,nothp-memory-block3-3-H,TestSharingMemory,,,
0,206680,712704,789,5619712,82547,0,"{'Supported': True, 'Active': 0, 'Cached': 0, 'Registered': 0, 'PeakRegistered': 0, 'Capacity': 4096, 'ScanSpan': 0}",18912,runtime_released,17162240,"374308 4190 3031 1735 0 26079 0
",39292480,nothp,H,nothp-memory-block3-3-H,TestSharingMemory,,,
0,363400,892928,1895,5464064,88323,0,,18912,initial,17362944,,39689720,nothp,H,nothp-memory-block3-3-H,TestSharingMappedMemory,1032,0,0
0,361328,884736,1884,3416064,94206,0,,19384,compile_release_270,19660800,,48926888,nothp,H,nothp-memory-block3-3-H,TestSharingMappedMemory,1032,0,0
134972,441392,999424,2008,5750784,95087,36,,19456,retained_0,17596416,,50171656,nothp,H,nothp-memory-block3-3-H,TestSharingMappedMemory,1032,606208,262144
0,366000,901120,1903,5750784,95176,0,,19456,released_0,17338368,,50178056,nothp,H,nothp-memory-block3-3-H,TestSharingMappedMemory,1032,0,0
134972,441392,999424,2008,5750784,96038,36,,19456,retained_1,17604608,,51416008,nothp,H,nothp-memory-block3-3-H,TestSharingMappedMemory,1032,606208,262144
0,366000,901120,1903,5750784,96127,0,,19456,released_1,17342464,,51422408,nothp,H,nothp-memory-block3-3-H,TestSharingMappedMemory,1032,0,0
134972,441392,999424,2008,5750784,96989,36,,19456,retained_2,17612800,,52660360,nothp,H,nothp-memory-block3-3-H,TestSharingMappedMemory,1032,606208,262144
0,366000,901120,1903,5750784,97078,0,,19456,released_2,17350656,,52666760,nothp,H,nothp-memory-block3-3-H,TestSharingMappedMemory,1032,0,0
0,218856,704512,733,2785280,5483,0,"{'Supported': True, 'Active': 0, 'Cached': 0, 'Registered': 0, 'PeakRegistered': 0, 'Capacity': 4096, 'ScanSpan': 0}",13552,initial,10792960,"376147 2635 2188 1735 0 26893 0
",434352,nothp,H,nothp-memory-block3-4-H,TestSharingMemory,,,
0,1388408,2097152,1489,3276800,60120,0,"{'Supported': True, 'Active': 0, 'Cached': 0, 'Registered': 0, 'PeakRegistered': 0, 'Capacity': 4096, 'ScanSpan': 0}",18604,compile_release_270,19189760,"392741 4685 2982 1735 0 28160 0
",28157472,nothp,H,nothp-memory-block3-4-H,TestSharingMemory,,,
134972,1557224,2220032,1692,3670016,67334,36,"{'Supported': True, 'Active': 0, 'Cached': 0, 'Registered': 0, 'PeakRegistered': 0, 'Capacity': 4096, 'ScanSpan': 0}",18604,retained_0,18870272,"392741 4607 2982 1735 0 28160 0
",31855056,nothp,H,nothp-memory-block3-4-H,TestSharingMemory,,,
0,1552920,2203648,1664,4128768,67574,0,"{'Supported': True, 'Active': 0, 'Cached': 0, 'Registered': 0, 'PeakRegistered': 0, 'Capacity': 4096, 'ScanSpan': 0}",18604,released_0,18411520,"392741 4495 2982 1735 0 28160 0
",31869528,nothp,H,nothp-memory-block3-4-H,TestSharingMemory,,,
134972,1557224,2260992,1692,3760128,74779,36,"{'Supported': True, 'Active': 0, 'Cached': 0, 'Registered': 0, 'PeakRegistered': 0, 'Capacity': 4096, 'ScanSpan': 0}",18604,retained_1,18690048,"392741 4563 2982 1735 0 28160 0
",35565592,nothp,H,nothp-memory-block3-4-H,TestSharingMemory,,,
0,1552920,2244608,1664,4087808,75019,0,"{'Supported': True, 'Active': 0, 'Cached': 0, 'Registered': 0, 'PeakRegistered': 0, 'Capacity': 4096, 'ScanSpan': 0}",18604,released_1,18464768,"392741 4508 2982 1735 0 28160 0
",35580064,nothp,H,nothp-memory-block3-4-H,TestSharingMemory,,,
134972,1557224,2244608,1692,3792896,82224,36,"{'Supported': True, 'Active': 0, 'Cached': 0, 'Registered': 0, 'PeakRegistered': 0, 'Capacity': 4096, 'ScanSpan': 0}",18604,retained_2,18710528,"392741 4568 2982 1735 0 28160 0
",39276128,nothp,H,nothp-memory-block3-4-H,TestSharingMemory,,,
0,1552920,2228224,1664,4120576,82464,0,"{'Supported': True, 'Active': 0, 'Cached': 0, 'Registered': 0, 'PeakRegistered': 0, 'Capacity': 4096, 'ScanSpan': 0}",18604,released_2,18452480,"392741 4505 2982 1735 0 28160 0
",39290600,nothp,H,nothp-memory-block3-4-H,TestSharingMemory,,,
0,211936,712704,794,5627904,82552,0,"{'Supported': True, 'Active': 0, 'Cached': 0, 'Registered': 0, 'PeakRegistered': 0, 'Capacity': 4096, 'ScanSpan': 0}",18604,runtime_released,17006592,"392741 4152 2997 1735 0 28160 0
",39297736,nothp,H,nothp-memory-block3-4-H,TestSharingMemory,,,
0,368656,892928,1900,5414912,88328,0,,18604,initial,17264640,,39694976,nothp,H,nothp-memory-block3-4-H,TestSharingMappedMemory,1032,0,0
0,366584,884736,1889,3407872,94211,0,,19168,compile_release_270,19570688,,48932144,nothp,H,nothp-memory-block3-4-H,TestSharingMappedMemory,1032,0,0
134972,446648,999424,2013,5791744,95092,36,,19296,retained_0,17453056,,50176912,nothp,H,nothp-memory-block3-4-H,TestSharingMappedMemory,1032,606208,262144
0,371256,901120,1908,5791744,95181,0,,19296,released_0,17195008,,50183312,nothp,H,nothp-memory-block3-4-H,TestSharingMappedMemory,1032,0,0
134972,446648,999424,2013,5857280,96043,36,,19296,retained_1,17395712,,51421264,nothp,H,nothp-memory-block3-4-H,TestSharingMappedMemory,1032,606208,262144
0,371256,901120,1908,5816320,96132,0,,19296,released_1,17174528,,51427664,nothp,H,nothp-memory-block3-4-H,TestSharingMappedMemory,1032,0,0
134972,446648,999424,2013,5849088,96994,36,,19296,retained_2,17367040,,52665616,nothp,H,nothp-memory-block3-4-H,TestSharingMappedMemory,1032,606208,262144
0,371256,901120,1908,5849088,97083,0,,19296,released_2,17104896,,52672016,nothp,H,nothp-memory-block3-4-H,TestSharingMappedMemory,1032,0,0
